symbol,base,tier,rank_mcap,price,vol_24h_usd,change_24h_pct,rsi_14,macd_hist,ma_50,ma_200,vol_30d_ann,drawdown_90d,dist_to_high_90d,vol_ratio_vs_med90,corr_btc_90d,support_90d,resistance_90d,patterns,bull_signals,bear_signals,bias,age_days,n_red_flags,audit_score,team_score,github_commits_30d,github_contrib_90d,score_solidity,score_momentum,score_risk,score_antiscam,score_signal,score,suspect,stablecoin,categories,catalyst_score,catalyst_flags,trending_rank,vol_spike_ratio,bull_prob_7d,market_cap,fdv,circulating_supply,total_supply,max_supply,circ_ratio_pct,tvl,tvl_fmt,tvl_change_7d
INJUSDT,INJ,Etabli,94,5.989,17558133.20958,9.528,57.7483465379058,-0.047208474880135604,5.0218,4.194779999999997,1.369530896770335,0.2931330472103005,0.14134477825464956,1.3386671523307028,0.3950965585383823,2.875944444444444,6.013,uptrend,1,0,haussier,365,0,0,30,,,45.0,91.0,62.5,78.5,50,68.48,False,False,,0,,,,67,598210056,598210056,100000000.0,100000000.0,,100.0,12368533,$12M,-7.32
NEARUSDT,NEAR,Etabli,32,2.431,80743316.0102,-2.409,58.768696887322804,-0.003862997529597678,1.9119,1.5240250000000004,1.6441499603872543,0.3400780972665957,0.1366702165424211,1.0714806872386826,0.27847097080031835,1.225083333333333,2.4605000000000006,uptrend,1,0,haussier,365,0,0,30,,,45.0,91.0,46.0,78.5,50,67.21,False,False,,0,,,,65,3149377187,3149377216,1298363036.0,1298363048.0,,100.0,,,
BABYUSDT,BABY,Mid,381,0.01757,106745494.33632,-4.146,55.802672261325846,0.00042150563254987367,0.0163912,0.01577110000000001,1.8085153020265519,0.35101010101010105,0.11313131313131325,75.95581358377878,0.13419138949556003,0.013020555555555554,0.019050277777777777,,0,0,neutre,365,0,0,30,,,31.0,100.0,46.0,78.5,50,66.49,False,False,,3,⚡ Volume ×76.0 vs médiane,,75.96,76,65203289,190305485,3710873989.98,10830737002.0,,34.3,3414553123,$3.4B,6.12
RIFUSDT,RIF,Mid,263,0.1075,6243233.5217,8.916,61.91766291421822,0.003986350942081527,0.06886,0.04453150000000001,2.9313701121995273,0.4174757281553398,0.12266450040617385,3.129663958611103,0.14330842384873674,0.034875,0.085725,macd_bullish_cross|uptrend,2,0,haussier,365,0,0,30,,,31.0,100.0,46.0,78.5,50,66.49,False,False,,2,⚡ Volume ×3.1 vs médiane,,3.13,74,106625804,106625804,1000000000.0,1000000000.0,,100.0,,,
ALLOUSDT,ALLO,Mid,285,0.3949,20100737.36533,5.279,64.2503049845144,0.0018489450315171685,0.181206,0.12726500000000004,4.137681516173962,0.3757798165137615,0.09755540324423112,2.5585565234942926,-0.010582769363208809,0.08829166666666666,0.333225,uptrend,1,0,haussier,218,0,0,30,,,27.0,100.0,50.5,78.5,50,65.85,False,False,,0,,,,72,92900425,311149219,235045681.5919433,787232998.9829806,1000000000.0,29.9,,,
XLMUSDT,XLM,Etabli,16,0.2251,102190156.4354,12.157,61.40472850040713,-0.0005219230229725428,0.17810800000000002,0.18656799999999996,1.54124163531633,0.2962677953058869,0.13351288957291269,2.208995229024133,0.33700918787726003,0.14957777777777778,0.21505,,0,0,neutre,365,0,0,30,,,45.0,84.0,52.0,78.5,50,65.56,False,False,,0,🔥 Trending #13 sur CoinGecko,13,,68,7581036991,11220501290,33783285243.65281,50001786839.91258,,67.6,,,
HOMEUSDT,HOME,Mid,253,0.028,7406185.8911,3.55,46.279291155299276,-0.0020405164828988785,0.025025400000000003,0.02408955000000001,2.880482522199501,0.5183963901423116,0.5149253731343284,2.373732085688225,-0.059190434758468295,0.014857777777777775,0.03846972222222222,golden_cross,1,0,haussier,365,0,0,30,,,31.0,100.0,28.0,78.5,50,65.1,False,False,,0,,,,68,113634479,279435075,4066578947.38,10000000000.0,10000000000.0,40.7,,,
JTOUSDT,JTO,Mid,122,0.8346,37631714.14117,29.98,73.34664934174057,0.018334313619341555,0.5071460000000001,0.3799465000000001,1.8944276835004086,0.3094314155559305,0.0,3.3241897704215257,0.2724690277852412,0.28098888888888884,0.6097583333333332,breakout_30d|macd_bullish_cross,2,0,haussier,365,0,0,30,,,31.0,91.0,50.5,78.5,50,64.12,False,False,,7,🔥 Trending #3 sur CoinGecko|⚡ Volume ×3.3 vs médiane,3,3.32,76,401591184,830261334,483692505.1,1000000000.0,,48.4,731826760,$732M,12.98
TAOUSDT,TAO,Etabli,40,264.0,42368694.19895,-5.308,57.444863077161514,8.109153506762521,263.26599999999996,248.29100000000003,1.1368370719267937,0.4417867435158502,0.23861671469740636,0.5364059663381342,0.5148860164197626,222.17222222222225,325.5722222222223,macd_bullish_cross|downtrend,1,1,mixte,365,0,0,30,,,45.0,82.0,62.5,78.5,16.6,60.68,False,False,,0,,,,57,2532364512,5540995533,9597491.0,21000000.0,21000000.0,45.7,,,
ONDOUSDT,ONDO,Etabli,48,0.3845,15713060.2219,0.892,54.335870974965644,0.0011944168582451683,0.363904,0.3327039999999999,1.186035385003824,0.28116006198804516,0.14722160726145672,0.6257018357267813,0.3541910589227503,0.25181388888888884,0.41785,macd_bullish_cross|downtrend,1,1,mixte,365,0,0,30,,,45.0,82.0,62.5,78.5,16.6,60.68,False,False,,0,,,,57,1868052066,3836363151,4869330647.0,10000000000.0,10000000000.0,48.7,2616224097,$2.6B,-1.29
NIGHTUSDT,NIGHT,Etabli,95,0.03419,18305897.94038,3.669,51.91233060905983,4.5689654876350484e-05,0.0331494,,1.0745242762423026,0.4174643485055675,0.33170541121312763,2.4232637304974216,0.30410862114379517,0.030818611111111102,0.04616638888888889,macd_bullish_cross,1,0,haussier,98,0,0,30,,,37.7,72.0,58.0,78.5,50,60.62,False,False,,0,,,,65,566509628,818685138,16607399400.63495,24000000000.0,24000000000.0,69.2,,,
DEXEUSDT,DEXE,Etabli,76,18.665,2364462.39728,-1.613,53.23128815060841,-0.3546233493617119,15.30454,7.577629999999999,1.3160020345092593,0.3166955825437075,0.1372367507521407,0.2815378287313608,0.07281120208595064,7.295222222222222,19.49352777777777,uptrend,1,0,haussier,365,0,0,30,,,45.0,73.0,56.5,68.0,50,60.24,False,False,,0,,,,61,870885401,1797720926,46750552.58384035,96504599.33609451,,48.4,,,
ZECUSDT,ZEC,Etabli,15,513.54,222957516.76683,-3.833,52.90454187812631,4.948324316434864,512.5292,375.3756499999999,1.9216318437757656,0.46200671081153305,0.23701636131484397,0.9006002157789398,0.45104993772224145,231.46166666666664,611.8483333333332,macd_bullish_cross|downtrend,1,1,mixte,365,0,0,30,,,45.0,82.0,52.0,78.5,16.6,59.87,False,False,,0,,,,55,8608894961,8608894961,16770650.1655448,16770650.1655448,21000000.0,100.0,,,
SYNUSDT,SYN,Speculative,,0.0499,5493852.49044,14.45,60.24942251428693,0.0015637258121100166,0.047566000000000004,0.052598999999999965,1.7380130264954865,0.5267558528428093,0.16722408026755856,7.943824885298925,0.332898469088829,0.03891111111111112,0.05738055555555556,macd_bullish_cross,1,0,haussier,365,0,0,30,,,17.0,84.0,43.0,78.5,50,58.01,False,False,,3,⚡ Volume ×7.9 vs médiane,,7.94,71,,,,,,,11543348,$12M,-4.95
WLDUSDT,WLD,Etabli,42,0.6533,305863121.3294,5.184,69.35635081761671,0.010900541946339173,0.344622,0.40491999999999995,2.322856884625075,0.29232164449818615,0.0,5.051882554769061,0.24626840740738706,0.24217500000000008,0.48610000000000003,rsi_bearish_divergence|double_bottom_90d,1,1,mixte,365,0,0,30,,,45.0,75.0,50.5,78.5,16.3,57.61,False,False,,3,🔥 Trending #15 sur CoinGecko|⚡ Volume ×5.0 vs médiane,15,5.05,58,2221184486,6524481679,3404384586.413802,10000000000.0,10000000000.0,34.0,,,
EIGENUSDT,EIGEN,Mid,201,0.2192,5519682.95254,1.717,57.846696471947325,0.003434063654284921,0.19965000000000008,0.26273300000000005,1.31860113198771,0.35440000000000005,0.12519999999999998,0.7847860689613262,0.5803004895503058,0.15931111111111107,0.22686388888888886,macd_bullish_cross,1,0,haussier,365,0,0,30,,,31.0,66.0,62.5,78.5,50,57.52,False,False,,0,,,,60,162062287,400115455,741228566.6979554,1830018638.917401,,40.5,5000314414,$5.0B,6.91
HBARUSDT,HBAR,Etabli,29,0.08343,15691256.23071,1.558,48.108041226940976,0.00019986825321095325,0.08805699999999998,0.09994554999999997,0.5880716106006781,0.2169136175788732,0.1585525652655983,0.8205720076386411,0.6803443943231154,0.08153138888888888,0.09536472222222224,macd_bullish_cross|support_bounce,2,0,haussier,365,0,0,30,,,45.0,46.0,95.5,78.5,50,57.47,False,False,,0,,,,59,3625058720,4169296763,43473263317.34907,50000000000.0,50000000000.0,86.9,,,
ICPUSDT,ICP,Etabli,58,2.431,13586559.71263,-5.113,46.17393832050027,0.00042043468686699115,2.6585399999999995,2.78161,1.0290450549159984,0.38856669428334717,0.32863849765258213,1.0371462288422246,0.3469097141732582,2.258749999999999,3.083444444444444,macd_bullish_cross,1,0,haussier,365,0,0,30,,,45.0,55.0,58.0,78.5,50,57.29,False,False,,0,,,,56,1351430995,1351430995,554138001.1384625,554138001.1384625,,100.0,,,
PORTALUSDT,PORTAL,Speculative,,0.01766,7778179.50787,42.996,55.98941449876174,-0.0004828720486369552,0.012494999999999996,0.014890199999999994,4.591067807117874,0.633281972265023,0.45454545454545453,10.889888255603564,0.1175355496003488,0.008226388888888887,0.018541944444444444,uptrend,1,0,haussier,365,0,0,30,,,17.0,84.0,32.5,78.5,50,57.2,False,False,,3,⚡ Volume ×10.9 vs médiane,,10.89,69,,,,,,,,,
KAITOUSDT,KAITO,Mid,244,0.4887,825448.50058,1.685,57.30528834185636,0.005203690227412722,0.47025400000000006,0.45122599999999996,0.9177862262797193,0.21361058601134222,0.07523629489603025,0.32134983200088424,0.3000635187842447,0.38513611111111107,0.5077055555555557,macd_bullish_cross|double_bottom_90d,2,0,haussier,365,0,0,30,,,31.0,73.0,89.5,57.5,50,56.99,False,False,,0,,,,66,117800446,488011055,241388889.0,1000000000.0,1000000000.0,24.1,,,
ATOMUSDT,ATOM,Etabli,66,1.993,2450350.79576,-0.648,54.65724533814282,0.024811551123002915,1.9538000000000002,2.0151349999999995,0.784977174876256,0.2660054102795312,0.10054102795311085,0.4154443769366101,0.5340103957891391,1.685361111111111,2.094388888888889,,0,0,neutre,365,0,0,30,,,45.0,57.0,73.0,68.0,50,56.69,False,False,,0,,,,59,1022265920,1022265920,514355948.320211,514355948.320211,,100.0,,,
GPSUSDT,GPS,Speculative,522,0.00927,5613386.569972,4.746,66.55476549708277,0.00023925185290766846,0.0075006000000000005,0.007713300000000003,1.2151114890554262,0.3026455026455026,0.020105820105820203,3.569048784602826,0.21772388086949923,0.006852777777777777,0.009041111111111111,bullish_engulfing_4h,1,0,haussier,365,0,0,30,,,17.0,75.0,61.0,78.5,50,56.68,False,False,,2,⚡ Volume ×3.6 vs médiane,,3.57,66,40832446,92609481,4409100001.78,10000000000.0,10000000000.0,44.1,27936215,$28M,-9.36
BNBUSDT,BNB,Etabli,4,614.34,121814667.62803,-1.026,46.93610885432603,1.201590283217202,637.5246,713.1052500000002,0.6002631741064589,0.20385674931129474,0.14514288894454191,0.7548426298622413,0.7522101436024622,592.2352777777779,671.9930555555555,macd_bullish_cross|doji_4h,1,0,haussier,365,0,0,30,,,45.0,46.0,77.0,78.5,50,56.04,False,False,,0,,,,56,82742614419,82742614419,134783625.59,134783625.59,200000000.0,100.0,142806164396,$142.8B,2.67
ASTERUSDT,ASTER,Etabli,49,0.665,15027892.00826,4.232,52.29797908980659,0.0016270028437981067,0.6678000000000002,0.7020850000000003,0.6199556880341838,0.17181208053691274,0.11006711409395968,0.8606376306963796,0.481882890714526,0.6317222222222221,0.7084722222222222,macd_bullish_cross,1,0,haussier,254,0,0,30,,,42.0,46.0,85.0,78.5,50,55.91,False,False,,0,,,,57,1775664372,5188003338,2677260279.249776,7822218820.515041,8000000000.0,34.2,123538221,$124M,1.45
EPICUSDT,EPIC,Speculative,812,0.622,3357843.9719,24.152,61.5565523960214,0.0005413755187132357,0.37400000000000005,0.4112650000000005,2.7904735147235935,0.47282608695652173,0.1147308781869688,2.1623178488073562,0.09944540598866655,0.23488888888888898,0.5251666666666668,uptrend|doji_4h,1,0,haussier,365,0,0,30,,,17.0,84.0,46.0,68.0,50,55.88,False,False,,0,,,,67,20895859,20895859,33600000.0,33600000.0,33600000.0,100.0,,,
SENTUSDT,SENT,Mid,237,0.01708,2962188.45064,11.488,59.91913332628269,0.00034207956292523894,0.015847600000000007,,1.0820691675964993,0.3924418604651162,0.16908914728682173,2.94376462991112,0.36355656082294746,0.014295833333333334,0.019499444444444444,,0,0,neutre,146,0,0,30,,,25.0,72.0,62.5,68.0,50,55.5,False,False,,0,,,,66,123681783,587143264,7237882055.0,34359738368.0,34359738368.0,21.1,,,
UNIUSDT,UNI,Etabli,47,3.012,37055806.93215,11.804,56.716063899199696,0.06108638855605919,3.167539999999999,4.057585,0.722781429875751,0.40010015022533807,0.24636955433149735,3.0811217245859654,0.7097929322639409,2.660888888888889,3.6928888888888887,macd_bullish_cross|downtrend,1,1,mixte,365,0,0,30,,,45.0,64.0,65.0,78.5,16.6,55.45,False,False,,5,🔥 Trending #5 sur CoinGecko|⚡ Volume ×3.1 vs médiane,5,3.08,63,1870409149,2688680227,622047561.5538775,894182420.0329479,1000000000.0,69.6,1496290413,$1.5B,3.53
AWEUSDT,AWE,Mid,267,0.05469,576738.5754,0.478,54.151253994363856,0.00013191339002494376,0.054294600000000005,0.0561868,0.5314290529914227,0.2022819885900571,0.10855745721271393,0.7550611419912902,0.33920040665846385,0.04868083333333333,0.057913055555555565,double_bottom_90d|uptrend,2,0,haussier,365,0,0,30,,,31.0,66.0,95.5,57.5,50,55.34,False,False,,0,,,,65,105976724,105976724,1942420283.0270672,1942420283.0270672,2000000000.0,100.0,,,
XPLUSDT,XPL,Mid,156,0.0972,20093779.57436,4.854,59.721696876130416,0.00295512055824122,0.08812400000000002,0.11562650000000006,1.570488719551684,0.5656493967352733,0.3101490418736693,1.6995779670073274,0.48516282418181894,0.07644999999999996,0.12787777777777776,macd_bullish_cross|downtrend,1,1,mixte,265,0,0,30,,,28.3,84.0,38.5,78.5,16.6,55.33,False,False,,0,,,,53,242710380,966545761,2511111111.1111,10000000000.0,,25.1,,,
IOUSDT,IO,Mid,382,0.1862,3972068.492699,-1.638,60.439633251330754,0.001716244229475047,0.15295599999999998,0.13832800000000003,1.3225729075740549,0.29012023000522735,0.02561421850496596,0.8666960406966318,0.3517765156512972,0.10127222222222222,0.18062222222222224,rsi_bearish_divergence|macd_bullish_cross|uptrend|doji_4h,2,1,haussier,365,0,0,30,,,31.0,82.0,67.0,68.0,16.3,55.2,False,False,,0,,,,57,65039822,148858703,349537102.231732,799996650.0475986,800000000.0,43.7,,,
AAVEUSDT,AAVE,Etabli,64,75.52,15714318.37325,2.095,52.42505157038358,1.6594612259942103,83.4736,121.57649999999998,0.754095031359686,0.47202494370344705,0.3454876147583579,0.6593965319709414,0.7197064826247538,69.27694444444445,107.53305555555556,macd_bullish_cross,1,0,haussier,365,0,0,30,,,45.0,46.0,60.5,78.5,50,54.77,False,False,,0,,,,53,1145076027,1206938261,15179911.874935383,16000000.0,16000000.0,94.9,12634313270,$12.6B,7.0
ETHUSDT,ETH,Etabli,2,1804.88,823154110.346585,2.305,45.99224830995718,24.602096392993914,2048.5928,2396.73765,0.6303163063282735,0.351099627945432,0.25410913600661433,0.5683335404410792,0.9033461448873348,1749.786111111111,2363.3494444444445,macd_bullish_cross,1,0,haussier,365,0,0,30,,,45.0,46.0,59.0,78.5,50,54.66,False,False,,0,,,,53,217902552549,217902552549,120684109.4660875,120684109.4660875,,100.0,,,
ENAUSDT,ENA,Etabli,82,0.0869,24888411.670117,-0.23,46.41465752285031,0.0005529003329891348,0.100732,0.141685,1.191945895606572,0.4553706505295008,0.3426626323751891,0.7819321043794705,0.37049623840026147,0.08183611111111111,0.12119444444444448,macd_bullish_cross,1,0,haussier,365,0,0,30,,,45.0,46.0,58.0,78.5,50,54.58,False,False,,0,,,,53,806281520,1301328614,9293750000.0,15000000000.0,15000000000.0,62.0,4490412571,$4.5B,0.07
FIDAUSDT,FIDA,Speculative,751,0.02447,5650844.596603,3.73,51.36972654014922,3.636539065525357e-05,0.0230104,0.025045700000000008,2.4570328219945825,0.5453205600589537,0.3994104642593958,1.0767759192090907,0.2300948278964174,0.014388888888888889,0.03089083333333333,macd_bullish_cross,1,0,haussier,365,0,0,30,,,17.0,75.0,32.5,78.5,50,54.49,False,False,,0,,,,58,24244010,24244010,990910742.08982,990910742.08982,1000000000.0,100.0,,,
WLFIUSDT,WLFI,Etabli,45,0.0599,9355510.90828,-1.155,49.71651219363128,0.0006365533895683951,0.06178,0.1078309999999999,0.6192520515157827,0.47596153846153844,0.4230769230769231,0.9138580744994677,0.20914713664896292,0.05681388888888889,0.09939999999999999,double_bottom_90d|doji_4h,1,0,haussier,289,0,0,30,,,42.9,46.0,62.5,78.5,50,54.42,False,False,,0,,,,54,1902633034,5988013244,31774028481.0,100000000000.0,100000000000.0,31.8,,,
BCHUSDT,BCH,Etabli,25,218.5,19579737.5556,-4.627,31.905605083467663,5.325470393585498,345.2939999999999,479.9289999999998,0.9938015613969134,0.5958021612635079,0.5461346633416458,2.6066769123950637,0.6435529394118354,233.41666666666677,468.625,macd_bullish_cross|doji_4h,1,0,haussier,365,0,0,30,,,45.0,46.0,55.0,78.5,50,54.35,False,False,,0,,,,54,4373041243,4373041243,20048909.27165078,20048909.27165078,21000000.0,100.0,,,
FETUSDT,FET,Mid,108,0.2114,16300310.35285,-4.646,48.981070112713034,-0.0008023699906879811,0.21591000000000005,0.21472249999999993,1.279621102745893,0.3420487106017192,0.2421203438395415,0.5033996505545578,0.541787042993614,0.19349166666666665,0.2555444444444444,golden_cross|hammer_4h,2,0,haussier,365,0,0,30,,,31.0,54.0,62.5,78.5,50,53.91,False,False,,0,,,,56,477303742,573552058,2258881093.9307284,2714384546.672,2714384546.672,83.2,,,
JSTUSDT,JST,Etabli,85,0.08031,2974868.67862,3.452,46.41411710763862,-0.00038038597595360917,0.0865622,0.0589046,0.9904258652325814,0.2377463626044783,0.1713961407491487,0.4952369663160464,-0.04012216348524551,0.06014,0.0934077777777778,uptrend,1,0,haussier,365,0,0,30,,,45.0,45.0,79.0,68.0,50,53.54,False,False,,0,,,,56,685178955,685178955,8543764567.312736,8543764567.312736,9900000000.0,100.0,3110687925,$3.1B,0.22
MEMEUSDT,MEME,Speculative,514,0.000668,2571048.464359,6.709,59.75899305624811,1.0509901689148867e-05,0.0005627600000000001,0.0007502999999999995,1.4852253419563544,0.24882629107981222,0.0,1.7595360350064493,0.45751661893951207,0.0004956944444444445,0.0006319166666666665,rsi_bearish_divergence|uptrend,1,1,mixte,365,0,0,30,,,17.0,84.0,79.0,68.0,16.3,53.3,False,False,,0,,,,60,42213884,45858370,63516387916.66666,69000000000.0,69000000000.0,92.1,,,
ATMUSDT,ATM,Speculative,,1.142,1522038.62907,-0.087,64.85231980377837,0.026204104264277283,1.0308400000000002,1.0494749999999997,0.8022695260111642,0.28393005828476275,0.04912572855953386,1.5044140552177863,0.4799512866562379,0.9553888888888891,1.1773611111111115,double_top_90d|doji_4h,0,1,baissier,365,0,0,30,,,17.0,84.0,77.5,68.0,16.7,53.23,False,False,,0,,,,60,,,,,,,,,
LTCUSDT,LTC,Etabli,30,45.48,18818426.49121,-0.699,42.11992971446957,0.4742965610688614,51.731000000000016,61.20284999999997,0.4716560598381132,0.31507529372828064,0.24689723647195105,0.5195465970534652,0.7537814729236646,45.33194444444444,57.45666666666667,macd_bullish_cross,1,0,haussier,365,0,0,30,,,45.0,37.0,75.5,78.5,50,53.22,False,False,,0,,,,50,3513019865,3513147996,77282783.23347135,77285601.98347135,84000000.0,100.0,,,
QNTUSDT,QNT,Etabli,65,72.52,1220418.59528,4.091,53.99499788946697,0.418050572081357,72.0446,73.33159999999998,0.6003885484802624,0.18838789376158122,0.10500308832612723,0.4971349285670477,0.3467763871998671,67.36694444444444,78.97472222222221,macd_bullish_cross|downtrend,1,1,mixte,365,0,0,30,,,45.0,57.0,85.0,68.0,16.6,52.53,False,False,,0,,,,53,1053491359,1058439814,14544176.164081175,14612493.0,14612493.0,99.5,,,
SOLUSDT,SOL,Etabli,7,74.68,212712955.91306,2.808,51.104573195773874,1.2235348694922097,81.05660000000002,99.06700000000002,0.64721885488625,0.361199548115436,0.23261784944027938,0.3742352153008693,0.8686897802380229,70.02861111111112,91.55472222222221,macd_bullish_cross,1,0,haussier,365,0,0,30,,,45.0,37.0,65.0,78.5,50,52.41,False,False,,0,🔥 Trending #12 sur CoinGecko,12,,52,43354058744,46979299539,580058780.2463875,628562952.9632323,,92.3,,,
MOVEUSDT,MOVE,Mid,467,0.0126,2021814.34178,5.0,41.245851744377056,8.307802684393495e-05,0.015739999999999997,0.024836,0.9839647099660231,0.4545454545454545,0.3971291866028708,3.298518866628702,0.5021496444352547,0.013047222222222224,0.020488888888888886,doji_4h,0,0,neutre,365,0,0,30,,,31.0,55.0,68.5,68.0,50,52.31,False,False,,2,⚡ Volume ×3.3 vs médiane,,3.3,61,50149467,125308402,4002083333.0,10000000000.0,10000000000.0,40.0,,,
HUMAUSDT,HUMA,Speculative,508,0.02487,720600.05201,4.277,54.88344796772205,-1.759331631630751e-06,0.023368199999999995,0.0216234,0.900090594946279,0.3833253473885961,0.12715138742535997,0.1646838399533131,0.4058718298740957,0.014585277777777779,0.026036388888888894,uptrend,1,0,haussier,365,0,0,30,,,17.0,73.0,73.0,57.5,50,52.29,False,False,,0,,,,64,43010384,248136832,1733333333.0,10000000000.0,10000000000.0,17.3,,,
XAUTUSDT,XAUT,Etabli,39,4323.51,39537153.182843,0.115,46.666019940627066,9.14631180763206,4491.841799999998,,0.27897094482893614,0.16002816292960934,0.10198469731081405,0.5569018508321968,,4294.996969696969,4767.770909090908,macd_bullish_cross|downtrend|doji_4h,1,1,mixte,83,0,0,30,,,37.3,54.0,85.5,78.5,16.6,52.13,False,False,,0,,,,52,2648051917,3058222389,612823.659532,707747.089,,86.6,3083074002,$3.1B,0.11
ADAUSDT,ADA,Etabli,17,0.1792,36809884.68628,-3.292,38.02303444564906,0.0023077254287727743,0.22906599999999994,0.2933104999999999,0.8218118498726696,0.445113314447592,0.3654390934844192,0.5507690074099832,0.7696905953619152,0.18542777777777783,0.26969444444444446,macd_bullish_cross,1,0,haussier,365,0,0,30,,,45.0,37.0,60.5,78.5,50,52.06,False,False,,0,,,,48,6660868847,8056199529,37206017184.44904,45000000000.0,45000000000.0,82.7,,,
ORCAUSDT,ORCA,Mid,357,1.188,3184138.67998,4.577,49.51442733481643,0.022030391288576742,1.40904,1.1165199999999997,0.999080966003936,0.5502325581395349,0.44697674418604644,2.6147676016010073,0.32149951376610886,0.8595277777777778,1.7775833333333333,macd_bullish_cross|downtrend,1,1,mixte,365,0,0,30,,,31.0,72.0,59.5,68.0,16.6,51.65,False,False,,0,,,,57,72143286,88993789,60798783.770914,74999552.108053,100000000.0,81.1,248207641,$248M,9.63
KITEUSDT,KITE,Mid,114,0.1924,1003066.78174,-2.136,50.02311039080082,-0.00013102001641387008,0.188906,0.16095450000000003,0.9603751645563329,0.49323786793953855,0.2354813046937152,0.0633684582079406,0.2963402595204224,0.13512500000000002,0.22444444444444445,downtrend|doji_4h,0,1,baissier,226,0,0,30,,,27.2,73.0,67.0,68.0,16.6,51.6,False,False,,0,,,,55,447861774,1920319003,2332225913.0,10000000000.0,10000000000.0,23.3,1112697,$1M,11.35
PYTHUSDT,PYTH,Mid,135,0.0399,2716321.07246,-1.966,53.35920561003413,0.0010669067762772671,0.043306000000000004,0.05122250000000001,1.1785539455681393,0.479933110367893,0.3311036789297659,1.1714665272300981,0.5645051012733439,0.03526111111111111,0.05300555555555555,doji_4h,0,0,neutre,365,0,0,30,,,31.0,55.0,58.0,68.0,50,51.5,False,False,,0,,,,56,314032940,398772903,7874981918.977062,10000000000.0,10000000000.0,78.7,,,
BNSOLUSDT,BNSOL,Speculative,,83.4,2448025.6917,3.09,51.559325835969005,1.3827681820210742,90.16400000000002,108.88250000000009,0.655704270122659,0.36162361623616235,0.22970479704797053,4.063524391265165,0.8676176732248833,77.925,101.45277777777777,macd_bullish_cross|support_bounce,2,0,haussier,365,0,0,30,,,17.0,64.0,65.0,68.0,50,51.32,False,False,,2,⚡ Volume ×4.1 vs médiane,,4.06,67,,,,,,,,,
TRXUSDT,TRX,Etabli,8,0.3176,34275433.20888,-1.028,34.674744690258436,-0.0009593043882284236,0.341962,0.3078210000000001,0.3033572338089783,0.16027689030883913,0.154419595314164,0.35462955221752335,0.2868137801307264,0.3116861111111111,0.35937222222222226,,0,0,neutre,365,0,0,30,,,45.0,27.0,89.5,78.5,50,51.28,False,False,,0,,,,49,30092554651,30092560561,94831486709.94127,94831505331.77887,,100.0,,,
ZAMAUSDT,ZAMA,Mid,351,0.03307,3976260.93468,7.092,55.20831041650555,-5.5522342331868597e-05,0.030370599999999998,,0.8468623889804786,0.23911747167561118,0.11966950959488276,0.6484435213124853,0.22218789793515398,0.02254611111111111,0.03446833333333334,uptrend,1,0,haussier,135,0,0,30,,,24.7,54.0,79.0,68.0,50,51.27,False,False,,0,,,,59,72690336,363451681,2200000000.0,11000000000.0,,20.0,18394531,$18M,-0.28
OPENUSDT,OPEN,Mid,443,0.2485,2883917.03023,2.39,62.29425081935258,0.006004154280392458,0.20675200000000005,0.18269449999999984,1.2659651815518487,0.42691751085383495,0.10202604920405202,0.39307636747005836,0.22766444117698129,0.1605777777777778,0.24626388888888892,downtrend,0,1,baissier,282,0,0,30,,,28.7,73.0,56.5,68.0,16.6,51.16,False,False,,0,,,,53,53394388,247769781,215500000.0,1000000000.0,1000000000.0,21.6,,,
CRVUSDT,CRV,Mid,125,0.2417,4056689.51388,1.045,58.891387507577065,0.005528770248401658,0.23082800000000006,0.28225049999999996,0.9416093381461837,0.3525230987917555,0.1400142146410803,0.7862361883088271,0.6144596138505394,0.2016361111111111,0.2553555555555556,downtrend|hammer_4h,1,1,mixte,365,0,0,30,,,31.0,66.0,73.0,68.0,16.6,50.88,False,False,,0,,,,53,368302906,577349885,1525077745.0,2390704628.356215,3030303031.0,63.8,1464288274,$1.5B,2.0
XRPUSDT,XRP,Etabli,5,1.2402,225308207.81259,0.649,51.24713117590006,0.015042774689493846,1.3170340000000003,1.5688124999999997,0.5279017745144625,0.26380285483436583,0.16489361702127667,0.5449986913291905,0.8508571272707459,1.1822444444444444,1.4553138888888884,macd_bullish_cross|downtrend,1,1,mixte,365,0,0,30,,,45.0,46.0,75.5,78.5,16.6,50.84,False,False,,0,,,,48,76909709598,123922387262,62053900985.0,99985653167.0,100000000000.0,62.1,,,
ZROUSDT,ZRO,Mid,137,1.2,16561570.32458,6.952,57.36834803666773,0.037089717142999315,1.2417000000000005,1.5922300000000005,1.1818933294172949,0.6418502202643173,0.47180616740088105,2.3241314952677583,0.4738278025012498,0.9977500000000001,2.0611111111111113,macd_bullish_cross|downtrend,1,1,mixte,365,0,0,30,,,31.0,64.0,49.0,78.5,16.6,50.79,False,False,,0,,,,53,301140165,1193430001,252331652.6536562,1000000000.0,1000000000.0,25.2,7525042841,$7.5B,0.27
DOGEUSDT,DOGE,Etabli,11,0.08821,81845399.54765,-1.738,41.047791900031264,0.0006025755132465132,0.10048320000000001,0.1089489999999999,0.5436141216545768,0.2943010566429932,0.23557942144465607,0.45536767822150515,0.7615493631856142,0.08679583333333335,0.11079638888888892,macd_bullish_cross,1,0,haussier,365,0,0,30,,,45.0,28.0,75.5,78.5,50,50.51,False,False,,0,,,,47,13634776599,15019717240,154683736383.7052,170395603126.579,,90.8,,,
HMSTRUSDT,HMSTR,Speculative,,0.0001735,5564788.797861,9.81,49.037579848775046,-2.2079615041742914e-06,0.00016965399999999999,0.0001831169999999999,2.1315098231810303,0.3811306626731561,0.3523025084238113,8.375497424374084,0.18536746573408047,0.00013596666666666665,0.00020040555555555554,macd_bearish_cross|downtrend,0,2,baissier,365,0,0,30,,,17.0,84.0,41.5,78.5,0,50.28,False,False,,3,⚡ Volume ×8.4 vs médiane,,8.38,58,,,,,,,,,
ENSOUSDT,ENSO,Speculative,,0.669,3346415.48858,6.359,47.30739462724106,0.016238787879662236,0.7885000000000001,0.9591850000000002,0.7804678886509749,0.5146804835924006,0.4214162348877374,2.542947934511404,0.5272098243291183,0.6362777777777777,1.0907499999999999,macd_bullish_cross,1,0,haussier,246,0,0,30,,,13.7,64.0,59.5,68.0,50,50.1,False,False,,0,,,,63,,,,,,,,,
MORPHOUSDT,MORPHO,Etabli,61,1.965,1838665.35096,-1.897,51.960598180528585,0.013078169981995829,1.98152,1.5991750000000016,0.8220149848211468,0.2645879732739421,0.1233853006681515,0.5164274950988095,0.6213301184031557,1.5616944444444445,2.1697222222222226,macd_bullish_cross|downtrend,1,1,mixte,257,0,0,30,,,42.0,54.0,73.0,68.0,16.6,49.98,False,False,,0,,,,50,1267854617,1960908765,646564817.1663812,1000000000.0,1000000000.0,64.7,7105761881,$7.1B,9.2
IOTAUSDT,IOTA,Mid,170,0.0497,1466048.4397,0.811,46.81503602940438,0.0003582019774029726,0.05497,0.070861,0.7782998780740542,0.3211009174311926,0.23853211009174316,0.5157288665018843,0.571235224546178,0.04843333333333335,0.06274166666666667,macd_bullish_cross,1,0,haussier,365,0,0,30,,,31.0,46.0,73.0,68.0,50,49.95,False,False,,0,,,,55,222591790,243435801,4491494695.0,4912088670.0,,91.4,,,
PAXGUSDT,PAXG,Etabli,44,4333.92,14809109.984815,0.09,46.85987656563567,8.968897316389686,4498.104200000001,4671.1228,0.282619212382297,0.1605431889041962,0.10158585471457734,0.40517975265476963,0.425711126899567,4305.296944444445,4775.579166666666,macd_bullish_cross|downtrend,1,1,mixte,365,0,0,30,,,45.0,37.0,95.5,78.5,16.6,49.67,False,False,,0,,,,48,1979229048,1979229048,456894.511,456894.511,,100.0,1979513579,$2.0B,-0.73
CUSDT,C,Speculative,966,0.0956,1112226.89013,1.271,53.22101074508326,-0.0006760885812921334,0.086482,0.07461399999999993,1.3314670079334727,0.2379310344827586,0.10664172123479883,0.40295044870536784,-0.11468468383099933,0.06264166666666666,0.09876388888888889,macd_bearish_cross|uptrend,1,1,mixte,334,0,0,30,,,16.2,73.0,68.5,68.0,20.3,49.57,False,False,,0,,,,56,15287098,95544365,160000000.0,1000000000.0,,16.0,,,
RENDERUSDT,RENDER,Etabli,73,1.787,5934400.48252,-3.405,48.41832230593175,0.004097839658515116,1.8739000000000008,1.7278699999999998,1.0526580316898184,0.33828022697512,0.21999127018769096,0.4117113858596942,0.5536200559233327,1.6411111111111112,2.1013333333333333,macd_bullish_cross|downtrend,1,1,mixte,365,0,0,30,,,45.0,45.0,62.5,78.5,16.6,49.54,False,False,,0,,,,45,925740544,952081302,518743261.0140742,533503434.2940742,644245094.0,97.2,,,
PEPEUSDT,PEPE,Etabli,62,2.97e-06,22832386.65767131,-0.669,41.589838891321065,3.855276881984464e-08,3.544000000000002e-06,4.046450000000003e-06,0.6044299661751854,0.3900226757369615,0.3242630385487529,0.32656793974462134,0.7789743181414999,2.928611111111111e-06,4.128888888888888e-06,macd_bullish_cross,1,0,haussier,365,0,0,30,,,45.0,28.0,60.5,78.5,50,49.35,False,False,,0,,,,45,1247168573,1247168573,420690000000000.0,420690000000000.0,420690000000000.0,100.0,,,
XVSUSDT,XVS,Mid,497,2.67,179413.5197,3.488,58.22444486462165,0.028894412399706602,2.62,3.4099499999999994,0.5052979758553939,0.26129032258064516,0.1387096774193549,0.2845948778396759,0.5308798392091457,2.46,2.869166666666666,macd_bullish_cross|doji_4h,1,0,haussier,365,0,0,30,,,31.0,57.0,83.5,47.0,50,49.35,False,False,,0,,,,60,44649853,78928699,16826765.149778966,29745107.921051685,30000000.0,56.6,1080802815,$1.1B,5.37
STGUSDT,STG,Speculative,621,0.2305,7477667.13882,-3.718,46.438252469673124,-0.012661708225179251,0.24448600000000004,0.18350400000000003,4.182009496203673,0.6838440111420612,0.6423707830393067,5.514872625092604,0.0956226314476482,0.17234166666666667,0.33843055555555557,macd_bearish_cross|uptrend,1,1,mixte,365,0,0,30,,,17.0,72.0,28.0,78.5,20.3,48.72,False,False,,3,⚡ Volume ×5.5 vs médiane,,5.51,57,32219334,32219334,139410291.89681157,139410291.89681157,1000000000.0,100.0,73350530,$73M,-1.92
ZKCUSDT,ZKC,Speculative,973,0.052,1999137.11468,-4.587,41.38606124867303,0.0008948195209501691,0.065722,0.08971700000000002,0.9203064834943576,0.42996345919610235,0.364190012180268,3.3273745590181676,0.6733151293188342,0.05396666666666667,0.07972222222222221,macd_bullish_cross,1,0,haussier,275,0,0,30,,,14.5,55.0,68.5,68.0,50,48.28,False,False,,2,⚡ Volume ×3.3 vs médiane,,3.33,61,15080005,54636894,290641046.0,1053031727.623853,,27.6,,,
LINKUSDT,LINK,Etabli,21,8.345,18766067.3242,0.421,47.604840842477884,0.08663822766650914,9.117240000000002,10.267709999999992,0.5902342018189876,0.3128731343283583,0.22108208955223888,0.3105571899276855,0.8361507503180994,8.009611111111111,10.078527777777776,macd_bullish_cross|support_bounce|downtrend,2,1,haussier,365,0,0,30,,,45.0,37.0,75.5,78.5,16.6,48.13,False,False,,0,,,,45,6054366775,8326732253,727099970.4255477,1000000000.0,1000000000.0,72.7,,,
MANTAUSDT,MANTA,Speculative,537,0.08292,595808.220799,0.582,54.650602621737015,3.580996823190799e-05,0.07649400000000002,0.07421585000000003,0.9870349458939164,0.16025932666060044,0.057324840764331246,0.2878880890486507,0.26570478468555797,0.06205361111111112,0.08309083333333332,golden_cross|double_top_90d,1,1,mixte,365,0,0,30,,,17.0,73.0,83.5,57.5,16.7,48.02,False,False,,0,,,,57,39198704,82646325,474294582.1114375,1000000000.0,1000000000.0,47.4,22304668,$22M,4.58
POLUSDT,POL,Etabli,80,0.07903,2430793.42025,1.295,42.80674974289821,4.5693250301326836e-05,0.0897982,0.10370155000000007,0.6292858535900934,0.30861244019138756,0.24344497607655494,0.3457773616068733,0.6032362321314323,0.07907999999999998,0.09899916666666664,macd_bullish_cross,1,0,haussier,365,0,0,30,,,45.0,28.0,73.0,68.0,50,47.96,False,False,,0,,,,47,841846711,841846711,10661916398.69249,10661916398.69249,,100.0,2259793086,$2.3B,2.73
POLYXUSDT,POLYX,Mid,436,0.0429,904960.90768,3.125,45.93929603799192,0.00040738083439796364,0.048426,0.050414,0.6787525424883681,0.3532513181019332,0.2495606326889279,1.8896597654124128,0.529908918490995,0.040591666666666665,0.055816666666666674,macd_bullish_cross|downtrend,1,1,mixte,365,0,0,30,,,31.0,64.0,73.0,57.5,16.6,47.92,False,False,,0,,,,53,54945192,54945192,1287171425.335388,1287171425.335388,,100.0,,,
WALUSDT,WAL,Mid,305,0.0356,1259022.06563,-5.82,26.31055197690702,0.0006680885088236038,0.060282000000000016,0.09240899999999998,0.939675862230447,0.6391752577319588,0.5922107674684994,1.5962446951771623,0.6497449104808583,0.04037777777777778,0.08349166666666667,macd_bullish_cross|doji_4h,1,0,haussier,250,0,0,30,,,27.8,46.0,55.0,68.0,50,47.79,False,False,,0,,,,56,85152199,177169724,2403125000.0,5000000000.0,5000000000.0,48.1,3409748,$3M,1.69
ARKMUSDT,ARKM,Mid,294,0.1393,1063642.0558,1.457,55.84269455660239,0.0010849464691742169,0.129702,0.1438225000000001,1.2905231615315744,0.2830188679245283,0.09499024072869226,0.2708961967900179,0.46855975762621616,0.09722222222222227,0.14602222222222222,macd_bullish_cross|downtrend,1,1,mixte,365,0,0,30,,,31.0,57.0,67.0,68.0,16.6,47.71,False,False,,0,,,,50,89065157,138982684,640836360.0,1000000000.0,1000000000.0,64.1,,,
ARBUSDT,ARB,Etabli,100,0.0868,4368664.23381,-1.587,37.85559706963136,0.001245845339970561,0.10897000000000003,0.13662649999999993,0.670316052555639,0.4614850798056905,0.3983344899375434,0.3249183364921504,0.6749632855796528,0.08490000000000003,0.133975,macd_bullish_cross|doji_4h,1,0,haussier,365,0,0,30,,,45.0,28.0,68.5,68.0,50,47.61,False,False,,0,,,,46,543637641,869010795,6255821492.0,10000000000.0,10000000000.0,62.6,2877322555,$2.9B,3.5
PARTIUSDT,PARTI,Speculative,,0.0583,1099400.16868,1.215,55.149524555005506,0.0005839980165754345,0.052725999999999995,0.08019599999999999,1.3759920234408447,0.6183953033268103,0.4246575342465754,0.29183017729096955,-0.01852508597989931,0.04113333333333331,0.08928055555555553,uptrend,1,0,haussier,365,0,0,30,,,17.0,57.0,43.0,68.0,50,47.52,False,False,,0,,,,54,,,,,,,,,
币安人生USDT,币安人生,Etabli,88,0.6813,7591076.25959,-3.045,58.08303059903823,-0.012221462598864752,0.5045379999999999,,1.5504639670503222,0.31631589914565533,0.16768441621885685,0.0960871555064691,0.10397776376068615,0.04937222222222221,0.6817750000000001,macd_bearish_cross|uptrend,1,1,mixte,161,0,0,30,,,39.4,45.0,46.0,78.5,20.3,47.46,False,False,,0,,,,44,679441114,679441114,1000000000.0,1000000000.0,1000000000.0,100.0,,,
TONUSDT,TON,Speculative,753,1.695,17270914.77833,-4.989,46.21688563373621,0.000963163627089772,1.8637799999999993,1.5519150000000017,1.0910234765287938,0.4406779661016949,0.37546057479734707,0.3474092152741803,0.3701367456580603,1.2359444444444447,2.230916666666667,macd_bullish_cross|doji_4h,1,0,haussier,365,0,0,30,,,17.0,45.0,58.0,78.5,50,47.42,False,False,,0,,,,53,24059890,40383226,62283431.40939838,104539374.7569786,,59.6,,,
ESPUSDT,ESP,Speculative,539,0.07552,1356312.09604,-2.768,61.0769452724971,0.0012588161451780556,0.06839980000000001,,0.9348311379564107,0.4194553311225002,0.23866948045422579,0.7505950533987678,0.4675159748187997,0.06339055555555555,0.08961499999999999,,0,0,neutre,125,0,0,30,,,10.4,54.0,73.0,68.0,50,47.32,False,False,,0,,,,58,39186706,270253142,520550000.0,3590000000.0,,14.5,,,
SUSHIUSDT,SUSHI,Mid,463,0.1847,967768.20924,0.874,47.650238147646284,0.0012636825106860684,0.20604400000000006,0.24096850000000006,1.040605922514397,0.3423244744149147,0.2653708845696152,1.7625429444291396,0.48015905780699325,0.17852777777777773,0.23496111111111107,macd_bullish_cross|support_bounce|downtrend,2,1,haussier,365,0,0,30,,,31.0,64.0,62.5,57.5,16.6,47.12,False,False,,0,,,,51,50389165,53804122,273012266.12632084,291514753.9009228,,93.7,34106507,$34M,5.28
VELODROMEUSDT,VELODROME,Speculative,,0.01715,602642.584941,10.219,63.41513098359285,0.00038683457212717654,0.015964400000000004,0.017913200000000004,1.007257900478806,0.35437144335230214,0.11433005690636318,1.2112587154679557,0.6352798686785808,0.013473333333333334,0.01783611111111111,macd_bullish_cross|downtrend,1,1,mixte,365,0,0,30,,,17.0,75.0,62.5,57.5,16.6,47.0,False,False,,0,,,,54,,,,,,,,,
CHIPUSDT,CHIP,Mid,338,0.03744,12473660.58101,-5.977,47.56419205315295,0.001457119330710993,0.04804899999999999,,1.2491701147648286,0.7302375044310528,0.6666962070187876,0.11517323295462113,,0.03158863636363637,0.08078045454545456,,0,0,neutre,57,0,0,30,,,22.6,45.0,34.5,78.5,50,46.97,False,False,,0,,,,49,74944222,374721111,2000000000.0,10000000000.0,10000000000.0,20.0,196558064,$197M,-3.71
CVXUSDT,CVX,Mid,231,1.405,652812.828044,2.331,47.864459075145845,0.023485037146733556,1.59722,1.8107199999999992,0.8665584287757774,0.3895705521472393,0.278118609406953,0.8253860652299633,0.7583665335392809,1.3547500000000001,1.8771666666666667,macd_bullish_cross,1,0,haussier,365,0,0,30,,,31.0,46.0,65.0,57.5,50,46.97,False,False,,0,,,,54,127140676,140666523,90360893.86537892,99973927.61713006,100000000.0,90.4,539562429,$540M,7.86
PHAUSDT,PHA,Speculative,662,0.0349,1745773.983,-4.645,49.25294126523482,0.0001264746455815612,0.035466000000000004,0.03535500000000002,1.5947409458883934,0.42372881355932207,0.3427495291902072,0.8924738091860316,0.3753919740142605,0.031075000000000002,0.042986111111111114,macd_bullish_cross|golden_cross|uptrend,3,0,haussier,365,0,0,30,,,17.0,54.0,47.5,68.0,50,46.96,False,False,,0,,,,54,29312672,34892169,840093134.9414432,1000000000.0,1000000000.0,84.0,,,
PENDLEUSDT,PENDLE,Mid,158,1.409,3875055.8379,0.931,49.48394366004912,0.026104699943501827,1.6173999999999995,1.6034599999999994,0.9868514406001866,0.4529356943150047,0.3434296365330848,0.5762226794069831,0.5982613033692619,1.0758055555555557,1.9700555555555554,macd_bullish_cross|golden_cross|downtrend,2,1,haussier,365,0,0,30,,,31.0,54.0,68.5,68.0,16.6,46.92,False,False,,0,,,,49,241122807,397034138,170974438.1674523,281527448.4585314,,60.7,1184439515,$1.2B,2.43
MEGAUSDT,MEGA,Mid,380,0.05796,11392934.309946,-13.814,40.69710310417182,0.004181733790820161,,,1.4588974799951882,0.7445378151260504,0.6519207683073229,0.5016406510025285,,0.047174210526315784,0.14627947368421054,,0,0,neutre,48,0,0,30,,,22.3,45.0,34.5,78.5,50,46.91,False,False,,0,,,,46,65333546,578279014,1129792788.0,10000000000.0,10000000000.0,11.3,,,
PNUTUSDT,PNUT,Mid,493,0.0456,1432219.54526,-0.437,44.659191613641646,0.0005806638791028907,0.053397999999999994,0.058917500000000025,0.8377099216250303,0.43758765778401126,0.36044880785413747,0.5480615525364115,0.4801744175709947,0.03979444444444443,0.06391944444444445,macd_bullish_cross,1,0,haussier,365,0,0,30,,,31.0,37.0,68.5,68.0,50,46.89,False,False,,0,,,,49,45570249,45570249,999841962.023751,999841962.023751,1000000000.0,100.0,,,
STRKUSDT,STRK,Mid,162,0.0367,1046746.188672,-2.394,50.303569133084395,0.000486054796630555,0.039938,0.05585850000000001,0.849592296794955,0.43493761140819964,0.3440285204991087,0.15769862296838005,0.4902087141131667,0.03282500000000001,0.04678611111111111,macd_bullish_cross|doji_4h,1,0,haussier,365,0,0,30,,,31.0,37.0,68.5,68.0,50,46.89,False,False,,0,,,,52,239181676,366933448,6518393918.348971,10000000000.0,10000000000.0,65.2,190299006,$190M,4.73
ADXUSDT,ADX,Speculative,,0.0632,4234831.6883,-13.661,52.960781929556084,0.0012550863555996364,0.066834,0.08096549999999994,0.924340617712539,0.35217903415783275,0.25677267373380447,2.301166776895665,0.40431625467712135,0.05774444444444444,0.07994166666666667,downtrend,0,1,baissier,365,0,0,30,,,17.0,64.0,73.0,68.0,16.6,46.85,False,False,,0,,,,57,,,,,,,,,
FLOKIUSDT,FLOKI,Mid,149,2.646e-05,2535543.56855354,0.57,47.94645381700701,3.8683526278738833e-07,2.96996e-05,3.4872400000000015e-05,0.6087823750101737,0.3760042849491162,0.2908409212640599,0.2842666981429664,0.7285624249186872,2.518972222222222e-05,3.454888888888888e-05,macd_bullish_cross|support_bounce,2,0,haussier,365,0,0,30,,,31.0,37.0,65.0,68.0,50,46.62,False,False,,0,,,,52,255594236,264816304,9651756011851.0,10000000000000.0,10000000000000.0,96.5,10215658,$10M,3.3
PUMPUSDT,PUMP,Etabli,99,0.001575,6984708.830024,-2.597,47.11590338984713,9.611393099664419e-06,0.00175234,0.0020635149999999984,1.0634636198492755,0.37437300501595994,0.2818057455540356,0.4242437371786704,0.6317064993333907,0.001543444444444444,0.0020049444444444446,macd_bullish_cross|downtrend|hammer_4h,2,1,haussier,279,0,0,30,,,42.6,37.0,62.5,78.5,16.6,46.55,False,False,,0,,,,43,546630195,1349214768,347669074114.6451,858130877785.8677,1000000000000.0,40.5,222882954,$223M,12.38
BANANAS31USDT,BANANAS31,Mid,272,0.010219,3047862.464459,0.859,50.06662005576746,1.384324849188867e-05,0.010979059999999995,0.007442945000000001,2.008876296147046,0.5451325111519287,0.32550511676725274,0.39316879924922765,0.16427940774751093,0.008977972222222222,0.013803583333333334,macd_bullish_cross,1,0,haussier,365,0,0,30,,,31.0,45.0,32.5,68.0,50,46.53,False,False,,0,,,,49,102100206,102100206,10000000000.0,10000000000.0,10000000000.0,100.0,,,
AVAUSDT,AVA,Speculative,985,0.199,1179635.96883,1.067,45.36559313218088,0.002889289543017405,0.23374599999999998,0.24917199999999998,0.7661051077476814,0.3937931034482758,0.3127586206896551,2.681973111057141,0.5677426146338077,0.1865666666666667,0.2757027777777778,macd_bullish_cross|support_bounce|downtrend,2,1,haussier,365,0,0,30,,,17.0,64.0,68.5,68.0,16.6,46.51,False,False,,0,,,,56,14550335,14550335,73278967.0,73278967.0,100000000.0,100.0,,,
OPNUSDT,OPN,Speculative,,0.0746,3689439.40496,-6.164,35.99609790131147,-0.006303782550984918,0.15840600000000005,,3.267234151284903,0.746975458002074,0.7404078810922917,2.1222364285596824,-0.001319237581193281,0.11175277777777778,0.23880000000000004,uptrend,1,0,haussier,104,0,0,30,,,9.8,63.0,28.0,68.0,50,46.42,False,False,,0,,,,54,,,,,,,5455192,$5M,-14.9
TIAUSDT,TIA,Mid,130,0.3791,6631872.429632,4.378,54.33374074960795,0.005697990273542921,0.38631399999999994,0.40586049999999996,1.0501866103764141,0.36317567567567577,0.20038006756756765,0.903543226250299,0.5658318350454494,0.29459444444444444,0.44571666666666665,macd_bullish_cross|double_bottom_90d|downtrend,2,1,haussier,365,0,0,30,,,31.0,46.0,62.5,78.5,16.6,46.41,False,False,,0,,,,46,352355298,443128248,930809078.752398,1170601942.595785,,79.5,,,
METUSDT,MET,Mid,396,0.119,1146832.42003,1.971,48.73041795427569,0.0024379788103395875,0.13891599999999993,0.19462749999999984,0.8983750804655887,0.47348484848484845,0.35768398268398266,1.0733245239929894,0.44871777057002404,0.111725,0.17421944444444443,macd_bullish_cross|downtrend,1,1,mixte,216,0,0,30,,,26.9,55.0,68.5,68.0,16.6,46.23,False,False,,0,,,,49,62954025,118605082,529584234.071043,997734157.770254,1000000000.0,53.1,190207494,$190M,8.3
ALTUSDT,ALT,Speculative,511,0.00669,1727367.55234,0.15,50.93880868921455,9.044948848143503e-05,0.0071202,0.008935050000000002,1.0158306466653029,0.3176895306859206,0.19374247894103483,0.7107921711513366,0.3528337469337173,0.006090277777777778,0.008230277777777777,macd_bullish_cross,1,0,haussier,365,0,0,30,,,17.0,46.0,62.5,68.0,50,45.71,False,False,,0,,,,54,42775733,66795408,6403993052.0,10000000000.0,10000000000.0,64.0,,,
LAYERUSDT,LAYER,Speculative,974,0.0715,1947495.619309,5.302,45.4493628258991,0.0005212075900605647,0.08446,0.112549,1.1375358949498662,0.49193548387096775,0.4241935483870967,2.664489916410246,0.5487245794085085,0.06946944444444442,0.10105277777777777,macd_bullish_cross|downtrend,1,1,mixte,365,0,0,30,,,17.0,64.0,58.0,68.0,16.6,45.7,False,False,,0,,,,54,14983320,71349144,210000000.0,1000000000.0,1000000000.0,21.0,10924564,$11M,11.48
WBETHUSDT,WBETH,Speculative,,1977.93,2846385.077115,2.152,46.416966988253826,27.111959489861107,2246.3452,2614.3775499999997,0.6282849145461818,0.34930710266963716,0.25046256088811697,0.9117519686468128,0.9030544878855111,1920.372222222222,2588.4638888888894,macd_bullish_cross,1,0,haussier,365,0,0,30,,,17.0,46.0,59.0,68.0,50,45.44,False,False,,0,,,,53,,,,,,,,,
SHIBUSDT,SHIB,Etabli,35,5e-06,7656304.47843718,-1.381,43.48937331673172,6.141609444707478e-08,5.6404e-06,6.562950000000001e-06,0.503443234635075,0.3101361573373676,0.2420574886535552,0.40575135476300195,0.7529237833643349,4.954722222222222e-06,6.388055555555555e-06,macd_bullish_cross|downtrend,1,1,mixte,365,0,0,30,,,45.0,28.0,75.5,78.5,16.6,45.42,False,False,,0,,,,39,2945901656,2947184794,589243191232741.2,589499846110164.0,,100.0,,,
ENJUSDT,ENJ,Mid,373,0.0337,1566619.629626,6.376,46.22476297537778,0.0006540431326037578,0.041707200000000014,0.0322509,0.8263287446703648,0.6859688195991092,0.6230512249443207,0.8421103527620454,0.08683510400939613,0.020866388888888882,0.0646361111111111,macd_bullish_cross|downtrend,1,1,mixte,365,0,0,30,,,31.0,54.0,49.0,68.0,16.6,45.42,False,False,,0,,,,46,66571564,67353392,1974856434.223376,1998049473.700923,,98.8,,,
1INCHUSDT,1INCH,Mid,259,0.0777,560521.90669,2.237,46.792459522746086,0.0010360351222666719,0.08757599999999999,0.11275299999999994,0.5600587087086151,0.3435700575815739,0.253358925143954,1.1214391647000646,0.8542106861067361,0.07523888888888888,0.09892222222222223,macd_bullish_cross|downtrend,1,1,mixte,365,0,0,30,,,31.0,55.0,75.5,57.5,16.6,45.41,False,False,,0,,,,51,109031912,116356643,1405573965.7275033,1499999999.997,1500000000.0,93.7,2585542,$3M,6.4
TRUMPUSDT,TRUMP,Mid,111,1.926,14152720.787529,-4.512,48.08695614874582,0.04899388113822721,2.1055200000000003,3.592580000000002,1.0863710851945192,0.5288145715138848,0.4246043595103016,0.7913395583884204,0.4514795947001285,1.8229444444444445,3.1540000000000004,macd_bullish_cross|downtrend|doji_4h,1,1,mixte,365,0,0,30,,,31.0,46.0,49.0,78.5,16.6,45.37,False,False,,0,,,,44,456523506,1922900200,237414040.342428,1000000000.0,1000000000.0,23.7,,,
ALGOUSDT,ALGO,Etabli,78,0.096,3459517.7536,0.313,44.089659675397556,6.575737364294433e-05,0.11004200000000001,0.10897799999999996,0.7625052535208168,0.35254491017964074,0.28143712574850294,0.37460517294075824,0.467315938262328,0.08640833333333335,0.12518055555555557,macd_bullish_cross|double_top_90d,1,1,mixte,365,0,0,30,,,45.0,36.0,73.0,68.0,16.7,45.29,False,False,,0,,,,41,854829298,854845202,8925513644.29528,8925679708.01207,10000000000.0,100.0,,,
GNSUSDT,GNS,Speculative,,0.604,102110.18422,-0.165,64.72820756455744,0.01604437441201724,0.5275,0.8396550000000005,0.8140141340048358,0.42839195979899497,0.23869346733668348,0.24593988396949265,0.42171409147574895,0.4723611111111113,0.7587777777777778,,0,0,neutre,365,0,0,30,,,17.0,57.0,73.0,47.0,50,45.12,False,False,,0,,,,59,,,,,,,13428458,$13M,-0.26
SUIUSDT,SUI,Etabli,31,0.796,35307717.47964,-1.813,42.588759729143256,0.010919717987634955,0.9477579999999998,1.1433730000000009,0.7214153097554719,0.4721951219512195,0.4025515947467167,0.4684050587348599,0.6798998228297548,0.7770055555555557,1.1195666666666666,macd_bullish_cross|downtrend,1,1,mixte,365,0,0,30,,,45.0,28.0,68.5,78.5,16.6,44.88,False,False,,0,,,,38,3202820359,7949029239,4029196852.454399,10000000000.0,10000000000.0,40.3,,,
DOTUSDT,DOT,Etabli,50,1.022,7968255.39388,0.196,42.29374799810381,0.00927020151994884,1.1819999999999997,1.5231149999999998,0.6057619432190513,0.39776462853385924,0.3280736357659434,0.4258717423382256,0.5931725445869068,1.0181666666666667,1.400611111111111,macd_bullish_cross|downtrend|doji_4h,1,1,mixte,365,0,0,30,,,45.0,28.0,68.5,78.5,16.6,44.88,False,False,,0,,,,38,1723939172,1723939172,1688940818.837741,1688940818.837741,2100000000.0,100.0,2431375,$2M,5.61
FILUSDT,FIL,Etabli,90,0.799,6200777.94711,-1.963,43.08838472047131,0.004355136413341558,0.9392800000000001,1.0793650000000004,0.945391846844279,0.432012432012432,0.3791763791763791,0.30095239776418076,0.5478095194343127,0.7806388888888889,1.0738333333333334,macd_bullish_cross|downtrend,1,1,mixte,365,0,0,30,,,45.0,28.0,68.5,78.5,16.6,44.88,False,False,,0,,,,38,630662817,1562482813,790183794.0,1957699999.0,,40.4,,,
KAIAUSDT,KAIA,Mid,167,0.0387,946083.61142,-1.276,38.64011763098595,0.0001427828689557916,0.04538800000000002,0.05484000000000004,0.6319224867585159,0.3475836431226766,0.28066914498141265,0.5775396160242944,0.6009894610564955,0.03954166666666666,0.05177222222222222,macd_bullish_cross|doji_4h,1,0,haussier,365,0,0,30,,,31.0,37.0,73.0,57.5,50,44.88,False,False,,0,,,,50,226377940,226377948,5856641747.106198,5856641936.044253,,100.0,,,
EDENUSDT,EDEN,Speculative,,0.0467,2949751.65007,0.647,47.593748763910995,-4.565917789716052e-05,0.05175600000000001,0.048763499999999994,2.968834035436701,0.6852003270645953,0.6206050695012265,0.9109688844799746,0.22901109975814155,0.030088888888888887,0.07606944444444444,,0,0,neutre,260,0,0,30,,,14.1,54.0,28.0,68.0,50,44.76,False,False,,0,,,,51,,,,,,,,,
BTCUSDT,BTC,Etabli,1,66498.0,1191278088.7841165,0.441,44.45151501107789,668.9460619771558,73507.09879999999,77435.61839999999,0.42420797748109446,0.25940191998376844,0.19123484507433222,0.4282236768247687,1.0000000000000002,63946.25555555556,80054.21583333332,macd_bullish_cross|bear_flag|doji_4h,1,1,mixte,365,0,0,30,,,45.0,28.0,69.5,78.5,14.1,44.57,False,False,,0,🔥 Trending #10 sur CoinGecko,10,,38,1332144601215,1332144601215,20043515.0,20043515.0,21000000.0,100.0,,,
JASMYUSDT,JASMY,Mid,152,0.00501,1229424.883676,-6.004,47.13485420602669,6.863296970953679e-05,0.005578799999999999,0.006058,0.697612242616618,0.3908355795148249,0.32210242587601084,0.9499105425627062,0.5683673519770243,0.004880555555555555,0.006307222222222223,macd_bullish_cross|downtrend,1,1,mixte,365,0,0,30,,,31.0,46.0,68.5,68.0,16.6,44.52,False,False,,0,,,,47,247198202,249972902,49444999677.59027,50000000000.0,50000000000.0,98.9,,,
RSRUSDT,RSR,Mid,291,0.001451,1220576.1188948,0.904,45.10610534301129,1.7359277867360002e-05,0.0016824000000000003,0.0019824849999999995,0.635548399390416,0.39402298850574713,0.33149425287356316,0.9470465241837402,0.5750433437690295,0.0013946944444444445,0.0019613333333333336,macd_bullish_cross|downtrend,1,1,mixte,365,0,0,30,,,31.0,46.0,68.5,68.0,16.6,44.52,False,False,,0,,,,47,90759633,145091970,62553174091.0,100000000000.0,100000000000.0,62.6,43231130,$43M,-17.02
RUNEUSDT,RUNE,Mid,214,0.416,1098530.8293,1.711,52.65424013307342,0.008427692009227473,0.4590400000000001,0.48738000000000015,0.908526769547703,0.48966613672496023,0.33704292527821944,0.6257922283616181,0.5703640326307333,0.37127777777777776,0.5556666666666668,downtrend,0,1,baissier,365,0,0,30,,,31.0,46.0,68.5,68.0,16.6,44.52,False,False,,0,,,,47,140817844,147408138,338372616.0,354208499.0,354208499.0,95.5,54253703,$54M,9.73
STRAXUSDT,STRAX,Speculative,768,0.01056,4763481.13127,12.102,48.593453008803266,4.414385374437203e-05,0.012007999999999994,0.015966400000000013,2.493298240455209,0.48164281269446174,0.3453640323584319,28.736160951963953,0.22529931012103688,0.010094722222222222,0.014448611111111112,downtrend,0,1,baissier,365,0,0,30,,,17.0,64.0,41.5,68.0,16.6,44.43,False,False,,3,⚡ Volume ×28.7 vs médiane,,28.74,56,22922439,22922592,2176096702.85113,2176111285.044907,,100.0,,,
NEXOUSDT,NEXO,Etabli,81,0.821,573460.91687,-0.364,50.79770742749179,0.007925146867853956,0.85482,0.8906249999999999,0.4117976852925523,0.2047413793103449,0.11422413793103457,0.36367183154685473,0.8227891539524349,0.7944444444444444,0.9189444444444445,downtrend,0,1,baissier,365,0,0,30,,,45.0,37.0,87.5,57.5,16.6,44.34,False,False,,0,,,,47,819597703,819597703,1000000000.0,1000000000.0,1000000000.0,100.0,315833400,$316M,2.28
UMAUSDT,UMA,Speculative,527,0.445,1048411.0437,7.488,58.957515945647856,0.006960197169852456,0.4469400000000002,0.543365,0.6148846199427974,0.3260473588342441,0.18943533697632065,2.729743869622164,0.6777089911260797,0.38825,0.5033055555555556,macd_bullish_cross|double_top_90d|downtrend,1,2,baissier,365,0,0,30,,,17.0,64.0,73.0,68.0,0,44.32,False,False,,0,,,,53,40269349,57264428,90653957.01144688,128913108.0887235,,70.3,,,
ZKUSDT,ZK,Mid,252,0.01176,1992017.361265,-2.082,41.876826003907006,0.00021895532975110994,0.014703599999999999,0.021777899999999996,0.8708863813150307,0.4810510358767054,0.40424456796361796,0.42141277124496945,0.6440183458479481,0.011710555555555554,0.018721111111111112,macd_bullish_cross,1,0,haussier,365,0,0,30,,,31.0,28.0,68.5,68.0,50,44.18,False,False,,0,,,,46,113963899,246638861,9703425807.0,21000000000.0,21000000000.0,46.2,,,
AXSUSDT,AXS,Mid,187,1.006,1583696.95759,0.1,43.07711354984335,0.009637066734520278,1.1847200000000002,1.2370049999999997,0.6829278392269835,0.43029150823827633,0.36248415716096327,0.3795575994312091,0.3432101719376011,0.9860555555555557,1.4144166666666664,macd_bullish_cross,1,0,haussier,365,0,0,30,,,31.0,28.0,68.5,68.0,50,44.18,False,False,,0,,,,46,174107479,271125338,173384825.001344,270000000.0,270000000.0,64.2,,,
HIVEUSDT,HIVE,Speculative,678,0.0517,1235735.1604,0.78,43.565686187309836,9.703049993156718e-05,0.05899799999999999,0.0742005,0.9378362030526556,0.35743519781718963,0.2933151432469305,4.92598240277305,0.4702298449431944,0.05259722222222221,0.0683361111111111,macd_bullish_cross|downtrend,1,1,mixte,365,0,0,30,,,17.0,55.0,73.0,68.0,16.6,44.14,False,False,,2,⚡ Volume ×4.9 vs médiane,,4.93,54,28364972,57666490,550140465.0,1118445313.0,,49.2,,,
FORMUSDT,FORM,Mid,296,0.2323,626094.53512,-1.107,45.52309400209024,-0.0023354494927128634,0.2539200000000001,0.27718699999999985,1.1775916878801527,0.28576051779935274,0.2469255663430421,0.36753009562460026,0.4241029207710143,0.21358333333333332,0.2892444444444444,,0,0,neutre,365,0,0,30,,,31.0,37.0,62.5,57.5,50,44.07,False,False,,0,,,,51,88511237,132651204,381867255.14,572301922.1,580000000.0,66.7,,,
KMNOUSDT,KMNO,Mid,288,0.01874,1392150.59815,3.88,55.571104554166595,0.0005114349890783048,0.019574199999999996,0.03229120000000002,1.0115976118006762,0.46168656141701964,0.2791682710820177,0.73241116153011,0.6042042831535382,0.015970833333333337,0.023066666666666666,macd_bullish_cross|support_bounce|downtrend,2,1,haussier,365,0,0,30,,,31.0,46.0,62.5,68.0,16.6,44.05,False,False,,0,,,,46,90898605,187260332,4854109867.0,9999957954.416803,10000000000.0,48.5,1118697491,$1.1B,-16.2
BOMEUSDT,BOME,Speculative,622,0.000467,1325370.096021,0.647,48.312273941409636,6.938346344580833e-06,0.0005254000000000001,0.0005211999999999999,0.8434012380585924,0.3761609907120743,0.2786377708978328,0.665153507353294,0.4732892226999573,0.00038141666666666673,0.0006284722222222223,macd_bullish_cross|downtrend,1,1,mixte,365,0,0,30,,,17.0,54.0,73.0,68.0,16.6,43.84,False,False,,0,,,,50,32217734,32217734,68999659569.0,68999659569.0,68999659569.0,100.0,,,
ETHFIUSDT,ETHFI,Mid,136,0.344,2365133.6051,0.292,49.9308574099804,0.006241759924070153,0.37958000000000003,0.5371549999999998,0.9271183270611683,0.5085616438356164,0.4109589041095891,0.5252434382684092,0.619120752730411,0.32272222222222235,0.5166666666666666,macd_bullish_cross|downtrend,1,1,mixte,365,0,0,30,,,31.0,46.0,59.5,68.0,16.6,43.82,False,False,,0,,,,45,301942973,342355691,880665741.0,998535999.0,1000000000.0,88.2,2994461087,$3.0B,7.17
WCTUSDT,WCT,Speculative,,0.04808,2021695.066681,-0.825,41.6250016504245,0.000560341019907176,0.058112600000000014,0.06589164999999998,0.7156671909117447,0.3912863070539419,0.3349930843706778,2.5859275612209562,0.537795177272359,0.04808805555555555,0.0682725,macd_bullish_cross|downtrend,1,1,mixte,365,0,0,30,,,17.0,55.0,68.5,68.0,16.6,43.8,False,False,,0,,,,50,,,,,,,,,
DUSKUSDT,DUSK,Mid,428,0.0955,558760.1726,-3.046,38.975741241707624,0.0009132629428777201,0.12335599999999998,0.10122149999999991,0.7923908173537848,0.4787430683918669,0.40973505853357983,0.12646821322511226,0.24268848704433724,0.09117222222222225,0.15428333333333336,macd_bullish_cross,1,0,haussier,365,0,0,30,,,31.0,36.0,62.5,57.5,50,43.77,False,False,,0,,,,48,56438207,56438207,588504224.0169964,588504224.0169964,1000000000.0,100.0,,,
DASHUSDT,DASH,Mid,106,38.02,8026223.90895,-4.472,49.58120360159671,0.46050565901651375,41.23420000000001,41.30750000000001,1.27252994900425,0.3955495875695377,0.27066948014578934,0.35826181322963147,0.5408486783350301,31.310555555555556,48.073611111111106,macd_bullish_cross|double_bottom_90d|downtrend,2,1,haussier,365,0,0,30,,,31.0,37.0,62.5,78.5,16.6,43.7,False,False,,0,,,,43,483436890,483495224,12732147.51827303,12733683.8637065,18920000.0,100.0,,,
SUNUSDT,SUN,Mid,134,0.01697,547137.3987,-0.644,32.0612605051725,-1.3044081652155556e-05,0.0188476,0.01858954999999999,0.3229779127773812,0.1861366941347552,0.17741153659718858,0.25726634579639146,0.31838507498106744,0.017060000000000002,0.020182500000000003,doji_4h,0,0,neutre,365,0,0,30,,,31.0,27.0,95.5,57.5,50,43.6,False,False,,0,,,,50,326176917,337532572,19231207016.78254,19900730000.0,19900730000.0,96.6,208746826,$209M,103.53
CATIUSDT,CATI,Speculative,696,0.0598,400858.08576,-0.499,60.59661024371491,0.0015313730243922997,0.055316000000000004,0.05234049999999999,1.17199945489106,0.4117647058823529,0.1582633053221289,0.31348471439058,0.22052118141793584,0.043972222222222225,0.06385833333333334,downtrend,0,1,baissier,365,0,0,30,,,17.0,73.0,56.5,47.0,16.6,43.58,False,False,,0,,,,53,27093304,59709991,453748245.57,1000000000.0,1000000000.0,45.4,,,
LUNCUSDT,LUNC,Mid,124,7.124e-05,3225092.01846519,-1.846,46.97963145426106,2.822872983275232e-07,8.013299999999999e-05,5.040820000000003e-05,1.0472818564574051,0.4822096563723358,0.3809482383645063,0.19972888565731803,0.38797752640829847,3.68861111111111e-05,9.281972222222223e-05,macd_bullish_cross|downtrend,1,1,mixte,365,0,0,30,,,31.0,45.0,58.0,68.0,16.6,43.41,False,False,,0,,,,45,392356874,459062822,5517744929198.395,6455835806963.522,,85.5,,,
QUICKUSDT,QUICK,Speculative,,0.00712,373767.54631,3.488,39.45754317161131,1.403393798706464e-05,0.009056799999999999,0.010336550000000005,1.230127193831151,0.41141396933560476,0.3943781942078365,2.627521781423725,0.4698172786942776,0.007802499999999998,0.011492222222222225,macd_bullish_cross,1,0,haussier,365,0,0,30,,,17.0,55.0,58.0,47.0,50,43.36,False,False,,0,,,,57,,,,,,,323530160,$324M,-13.66
VIRTUALUSDT,VIRTUAL,Mid,119,0.6367,6086023.8477,-3.222,46.863375739282276,0.007229937054701513,0.7205840000000002,0.7357699999999994,1.0041057402705895,0.41858720120055737,0.31718297781112653,0.48224369309960113,0.6135614152480459,0.602925,0.8284833333333332,macd_bullish_cross|downtrend|doji_4h,1,1,mixte,365,0,0,30,,,31.0,37.0,58.0,78.5,16.6,43.35,False,False,,0,,,,42,417563592,635505335,657057570.8827373,1000000000.0,1000000000.0,65.7,,,
SPKUSDT,SPK,Mid,433,0.020046,2045981.725265,-2.047,35.3598797950374,0.00037963988195817335,0.028025960000000003,0.024218094999999988,0.7084641878707015,0.6412507701786814,0.6141404805914974,0.8457422478055847,0.3249857244305008,0.019651666666666665,0.03926633333333334,downtrend,0,1,baissier,365,0,0,30,,,31.0,45.0,55.0,68.0,16.6,43.17,False,False,,0,,,,41,55941906,199829090,2799487611.667631,10000000000.0,10000000000.0,28.0,3456655592,$3.5B,3.24
HOLOUSDT,HOLO,Mid,481,0.0668,1026726.4648,-3.048,49.161747183045065,0.0007029867353840619,0.06995799999999999,0.0664985,1.056215307759344,0.3699421965317919,0.23468208092485549,0.44531841883618783,0.43855629341030944,0.05358333333333334,0.0776861111111111,macd_bullish_cross|downtrend,1,1,mixte,279,0,0,30,,,28.6,45.0,62.5,68.0,16.6,43.17,False,False,,0,,,,45,48487608,136724257,726298493.999999,2048000000.0,2048000000.0,35.5,,,
TSTUSDT,TST,Speculative,,0.01183,4784779.874167,-10.852,37.613559002952286,-0.0003857206362976658,0.0170934,0.013633000000000006,1.7673592449707807,0.569071373752878,0.5491174213353799,2.6024859895133714,0.22974423761833648,0.008344722222222222,0.021259999999999994,downtrend,0,1,baissier,365,0,0,30,,,17.0,63.0,28.0,68.0,16.6,43.09,False,False,,0,,,,46,,,,,,,,,
ETCUSDT,ETC,Etabli,63,7.39,2784076.4552,-0.27,41.957926192387866,0.06398836912789879,8.375,9.732450000000004,0.4935086564816433,0.31963927855711427,0.25951903807615234,0.41770587453724944,0.7482199938189895,7.311388888888889,9.320277777777779,macd_bullish_cross|downtrend,1,1,mixte,365,0,0,30,,,45.0,28.0,75.5,68.0,16.6,43.06,False,False,,0,,,,39,1156195715,1156195715,156559601.6228963,156559601.6228963,210700000.0,100.0,,,
FFUSDT,FF,Mid,176,0.07286,1581642.45247,0.33,36.1509067358589,-0.0026824090146281947,0.08156880000000002,0.08389884999999998,0.9993782524776852,0.4353809697411593,0.33817126269956466,0.359779088774575,0.12913801791211799,0.06499944444444444,0.10109861111111113,uptrend,1,0,haussier,261,0,0,30,,,28.2,28.0,62.5,68.0,50,43.02,False,False,,0,,,,45,209312214,728042483,2875000000.0,10000000000.0,10000000000.0,28.7,1298055722,$1.3B,0.19
AVNTUSDT,AVNT,Speculative,569,0.1132,1597568.00807,-0.876,42.098209817838764,0.00099541488778967,0.13688200000000003,0.204951,0.9834567981218894,0.43777777777777777,0.3705555555555555,0.8532552911541436,0.5679619404837897,0.11331111111111108,0.16048888888888888,macd_bullish_cross,1,0,haussier,275,0,0,30,,,14.5,37.0,68.5,68.0,50,42.86,False,False,,0,,,,49,36599410,112918392,324122659.2507809,1000000000.0,1000000000.0,32.4,34349347,$34M,-7.28
TKOUSDT,TKO,Speculative,,0.0537,257028.80618,0.0,55.91492861509292,0.0008266945357686269,0.05544399999999999,0.06665449999999995,0.5305638866983345,0.30678466076696165,0.20501474926253682,0.5002069770765926,0.6218108963183238,0.049272222222222224,0.06514444444444445,,0,0,neutre,365,0,0,30,,,17.0,46.0,83.5,47.0,50,42.61,False,False,,0,,,,57,,,,,,,,,
ASRUSDT,ASR,Speculative,,1.164,569895.1066,0.431,62.457645377144374,0.03361675273007031,1.1208,1.3329050000000005,0.979703503637212,0.3970479704797048,0.1343173431734317,0.644908221001316,0.38788381071713557,0.9739722222222221,1.3273888888888894,double_top_90d|downtrend,0,2,baissier,365,0,0,30,,,17.0,66.0,73.0,57.5,0,42.57,False,False,,0,,,,49,,,,,,,,,
NMRUSDT,NMR,Mid,406,8.65,179106.1421,0.581,53.69379498720598,0.06388382975078108,8.758199999999999,8.857550000000002,0.6253837043948999,0.26269531250000006,0.15234375000000006,0.12783470516331485,0.434644226524963,7.022499999999998,9.423888888888888,,0,0,neutre,365,0,0,30,,,31.0,37.0,73.0,47.0,50,42.52,False,False,,0,,,,53,60726165,91758727,7037921.189934428,10634471.78140593,11000000.0,66.2,,,
CHZUSDT,CHZ,Mid,148,0.02451,9339693.97842,-3.504,32.82207926326761,9.445331481687264e-05,0.037142999999999995,0.039554500000000006,1.1914928514013972,0.5121272365805168,0.5121272365805168,1.2435203107279795,0.3152495671025667,0.028182777777777772,0.04769333333333334,rsi_bullish_divergence|macd_bullish_cross|downtrend,2,1,haussier,365,0,0,30,,,31.0,37.0,44.5,78.5,16.6,42.31,False,False,,0,,,,37,255014508,255014508,10417164862.0,10417164862.0,,100.0,,,
BIOUSDT,BIO,Mid,372,0.03129,2513043.289182,-5.838,47.83358198559535,0.0005464695297662399,0.037850800000000004,0.03425419999999999,1.2614017865456528,0.5712396694214875,0.4821487603305786,0.2617471116885397,0.1663827499896605,0.01721111111111111,0.049316666666666675,downtrend,0,1,baissier,365,0,0,30,,,31.0,45.0,43.0,68.0,16.6,42.25,False,False,,0,,,,42,67030345,103747194,2145029070.25,3320000000.0,3320000000.0,64.6,4221939,$4M,2.38
SFPUSDT,SFP,Mid,227,0.2561,159078.8391,1.748,49.70697449169491,0.003194932569753124,0.28337,0.3015884999999999,0.7774685046800254,0.41596417281348785,0.31849315068493156,0.4518705952279867,0.5273361202699802,0.24749166666666664,0.3309527777777778,macd_bullish_cross,1,0,haussier,365,0,0,30,,,31.0,37.0,68.5,47.0,50,42.18,False,False,,0,,,,52,128143789,128143789,500000000.0,500000000.0,500000000.0,100.0,,,
IDUSDT,ID,Speculative,,0.0282,2223905.0462,1.439,47.18190751633006,7.743614018409194e-06,0.030854000000000006,0.047459000000000015,1.9185052422272715,0.41277641277641275,0.3095823095823096,1.359750041377977,0.5090350973053527,0.0273861111111111,0.0390638888888889,downtrend,0,1,baissier,365,0,0,30,,,17.0,55.0,47.5,68.0,16.6,42.18,False,False,,0,,,,46,,,,,,,,,
APTUSDT,APT,Etabli,96,0.681,5318856.90199,-1.873,33.03628932223839,0.002850496180585055,0.9020999999999999,1.18716,0.8020510388133697,0.4614050303555941,0.40936686903729397,0.2839924484095488,0.6584371570497503,0.7130833333333333,1.0653055555555557,macd_bullish_cross|downtrend,1,1,mixte,365,0,0,30,,,45.0,19.0,68.5,78.5,16.6,42.17,False,False,,0,,,,36,565429480,818518114,831906860.4237802,1204271900.215897,2100000000.0,69.1,,,
SEIUSDT,SEI,Mid,127,0.05409,3496151.869647,-3.082,46.20062881754708,0.0004023170940111883,0.060268800000000004,0.08080759999999992,0.9889265459319002,0.3882894736842106,0.28828947368421054,0.2864801946013148,0.62070654253784,0.050453333333333315,0.06822861111111111,macd_bullish_cross|downtrend,1,1,mixte,365,0,0,30,,,31.0,37.0,73.0,68.0,16.6,42.15,False,False,,0,,,,45,363755504,540230947,6733333333.0,10000000000.0,,67.3,,,
WIFUSDT,WIF,Mid,193,0.1701,2105552.610303,0.236,48.07144188042732,0.0016851041569511567,0.18818400000000005,0.24578100000000005,0.8531505774992526,0.36379310344827587,0.26637931034482765,0.2118813824671994,0.6244730510688434,0.16180277777777777,0.21738888888888894,macd_bullish_cross|support_bounce|downtrend,2,1,haussier,365,0,0,30,,,31.0,37.0,73.0,68.0,16.6,42.15,False,False,,0,,,,45,169597395,169597395,998926392.0,998926392.0,998926392.0,100.0,,,
ROSEUSDT,ROSE,Mid,422,0.00733,2452500.42164,9.24,44.455099292347235,0.00011018355019961604,0.009137,0.011723199999999994,0.8450333841932272,0.49543568464730287,0.3900414937759336,1.2262390207202551,0.6000300427956935,0.007196666666666666,0.011656111111111108,macd_bullish_cross|double_top_90d|downtrend,1,2,baissier,365,0,0,30,,,31.0,46.0,68.5,68.0,0,41.99,False,False,,0,,,,40,57048930,73255518,7787663083.0,10000000000.0,10000000000.0,77.9,,,
CFGUSDT,CFG,Mid,309,0.2207,1815616.16203,0.136,45.75614238225807,0.0008721253974157319,0.25064600000000004,,1.3156018759175723,0.3882807469414037,0.28911783644558914,0.3127707941679757,0.3884418239813418,0.15062500000000004,0.299125,macd_bullish_cross|downtrend,1,1,mixte,93,0,0,30,,,23.5,45.0,62.5,68.0,16.6,41.93,False,False,,0,,,,45,83766713,149746998,380384016.0,680000000.0,,55.9,1635624595,$1.6B,0.06
ACHUSDT,ACH,Speculative,,0.00545,726377.90424,-3.369,38.17375901292457,5.463753274837765e-05,0.006748200000000002,0.007635499999999997,0.541213348183248,0.42954545454545456,0.38068181818181823,0.568304285539975,0.3386768265871725,0.00548611111111111,0.008048333333333333,macd_bullish_cross,1,0,haussier,365,0,0,30,,,17.0,37.0,79.0,57.5,50,41.91,False,False,,0,,,,51,,,,,,,,,
ORDIUSDT,ORDI,Mid,342,3.551,3087434.89402,-1.743,50.29789718687081,0.07525006766782402,4.092480000000001,3.6325449999999995,1.222335772192289,0.6552007513500823,0.5825311105893403,0.414941994135002,0.26313057184552596,2.3026388888888887,5.558861111111111,downtrend,0,1,baissier,365,0,0,30,,,31.0,45.0,38.5,68.0,16.6,41.9,False,False,,0,,,,42,74542657,74542657,21000000.0,21000000.0,,100.0,,,
CFXUSDT,CFX,Mid,153,0.04712,828390.1951,-0.296,42.698377898574016,0.0005231845272688439,0.055977200000000005,0.06078610000000001,0.6267645543033517,0.4350886339937435,0.38594890510948904,0.25947284860030134,0.5244365541004441,0.046608333333333335,0.06663805555555556,macd_bullish_cross,1,0,haussier,365,0,0,30,,,31.0,28.0,68.5,57.5,50,41.82,False,False,,0,,,,46,245365396,245505630,5213885114.89,5216865015.26,,99.9,,,
LDOUSDT,LDO,Mid,163,0.2778,3748189.864401,0.144,41.23322791807907,0.0028605187816405503,0.3357679999999999,0.41212950000000004,0.6437716903309245,0.42892266428252124,0.3795261510952168,0.6180085835485225,0.639122613879356,0.27131388888888885,0.405813888888889,macd_bullish_cross|downtrend|doji_4h,1,1,mixte,365,0,0,30,,,31.0,37.0,68.5,68.0,16.6,41.81,False,False,,0,,,,41,233648049,277216949,842834643.4560835,1000000000.0,1000000000.0,84.3,16150951929,$16.2B,8.01
OPUSDT,OP,Mid,164,0.1085,2631886.084097,-1.987,47.331826839353525,0.001609309837504463,0.12406999999999999,0.18576049999999986,0.9008594941020761,0.470314318975553,0.3672875436554133,0.3185334135025992,0.5251967725163109,0.10086666666666669,0.14428055555555555,macd_bullish_cross|downtrend,1,1,mixte,365,0,0,30,,,31.0,37.0,68.5,68.0,16.6,41.81,False,False,,0,,,,44,233305604,465519523,2152519691.0,4294967296.0,4294967296.0,50.1,657906957,$658M,11.49
GALAUSDT,GALA,Mid,225,0.00274,2373939.0363,-1.083,42.86422876189124,2.881222340428259e-05,0.003185399999999999,0.004441749999999999,0.6852257735554242,0.40144230769230765,0.34134615384615385,0.5015519642735397,0.6081783058596136,0.0026783333333333338,0.0037111111111111116,macd_bullish_cross|downtrend|doji_4h,1,1,mixte,365,0,0,30,,,31.0,37.0,68.5,68.0,16.6,41.81,False,False,,0,,,,41,133366132,133366132,48626373398.95795,48626373483.29461,50000000000.0,100.0,,,
SKYUSDT,SKY,Etabli,57,0.0579,1476497.11408,1.33,38.36314705296017,0.0002853964502518534,0.06925120000000001,0.06783134999999996,0.6007903148799711,0.3873491282968261,0.35270451497541355,0.37806362655536396,0.5463283961179709,0.059929722222222225,0.08320611111111112,macd_bullish_cross|bear_flag|downtrend|doji_4h,1,2,baissier,273,0,0,30,,,42.5,36.0,68.5,68.0,0,41.79,False,False,,0,,,,37,1347528091,1357670198,23287393663.80065,23462665147.36596,23462665147.3,99.3,5883408918,$5.9B,1.35
PENGUUSDT,PENGU,Mid,113,0.007237,9631588.34039,1.217,47.36642002979217,0.00011085468199264147,0.008519919999999999,0.008533750000000001,0.8704874568631602,0.4329952915610286,0.34425932633103945,0.40083514120277625,0.6933586184838488,0.006350416666666668,0.01020036111111111,macd_bullish_cross|death_cross|downtrend,1,2,baissier,365,0,0,30,,,31.0,37.0,68.5,78.5,0,41.63,False,False,,0,🔥 Trending #8 sur CoinGecko,8,,40,454059282,574107974,62860396090.0,79480050380.41455,88888888888.0,79.1,,,
AVAXUSDT,AVAX,Etabli,34,6.948,17235757.24454,0.652,34.88930863411069,0.02565391970594688,8.63228,10.294869999999998,0.6645424800718589,0.3760508308895406,0.3206256109481916,0.40302397487000136,0.809225239627764,7.247444444444445,9.817833333333335,macd_bullish_cross|downtrend|doji_4h,1,1,mixte,365,0,0,30,,,45.0,19.0,60.5,78.5,16.6,41.56,False,False,,0,,,,34,2996856705,3216666613,431771961.1772119,463441061.1772119,720000000.0,93.2,115632611,$116M,-1.04
ENSUSDT,ENS,Mid,171,5.4,1220639.8068,2.467,50.84125717337399,0.09387213392060079,5.932599999999999,7.316350000000003,0.686432801015792,0.38565629228687415,0.26792963464140723,0.33820396638435307,0.7816750410836646,5.017222222222222,6.742499999999998,macd_bullish_cross|downtrend,1,1,mixte,365,0,0,30,,,31.0,37.0,65.0,68.0,16.6,41.54,False,False,,0,,,,43,217463826,538161606,40408647.500078425,100000000.0,100000000.0,40.4,,,
ALCXUSDT,ALCX,Speculative,,3.81,181871.158206,5.833,46.340190684935436,0.07015726571233505,4.5444,5.931099999999999,0.9229185719021569,0.42003514938488584,0.32864674868189814,0.625530412423266,0.6049346327091313,3.6694444444444434,5.573611111111112,macd_bullish_cross,1,0,haussier,365,0,0,30,,,17.0,46.0,68.5,47.0,50,41.46,False,False,,0,,,,55,,,,,,,31609946,$32M,6.33
MMTUSDT,MMT,Speculative,688,0.1345,568753.81965,2.907,61.38330370202403,0.00306697093768906,0.126916,0.157076,0.8424795194148874,0.32516556291390725,0.10927152317880787,0.4270004179088304,0.4994292516666019,0.10713333333333332,0.14449444444444445,macd_bullish_cross|downtrend,1,1,mixte,225,0,0,30,,,13.2,57.0,73.0,57.5,16.6,41.45,False,False,,0,,,,51,27420794,134352813,204095424.0,1000000000.0,1000000000.0,20.4,5724814,$6M,2.3
IOTXUSDT,IOTX,Speculative,615,0.00344,964510.9557,-1.433,35.443561143557545,1.294518903328522e-05,0.004242600000000001,0.0057750499999999995,0.6464406298479354,0.40036231884057966,0.3786231884057971,2.2017008279623433,0.5416273323417593,0.003594444444444445,0.0051805555555555554,macd_bullish_cross|downtrend|doji_4h,1,1,mixte,365,0,0,30,,,17.0,55.0,68.5,57.5,16.6,41.44,False,False,,0,,,,50,32404610,32404610,9441368550.0,9441368555.0,10000000000.0,100.0,,,
NXPCUSDT,NXPC,Mid,281,0.3361,549348.39476,-4.815,43.74981014129802,-0.006281935622725831,0.34830400000000006,0.33932850000000014,1.06353299721961,0.2813872832369942,0.22219653179190757,0.510793873350983,0.3232224653412285,0.2793833333333333,0.39142222222222217,downtrend,0,1,baissier,365,0,0,30,,,31.0,45.0,62.5,57.5,16.6,41.39,False,False,,0,,,,42,95631473,333736329,284987037.3429133,994552574.1697733,1000000000.0,28.7,,,
ARUSDT,AR,Mid,221,2.073,2143607.96763,-2.032,49.818492266767144,0.004541413412998088,2.1608799999999997,2.5240199999999997,1.2425328433284348,0.34891304347826085,0.24891304347826082,0.3073380087994119,0.42552507096537406,1.6816666666666669,2.4195833333333336,macd_bullish_cross|downtrend,1,1,mixte,365,0,0,30,,,31.0,37.0,62.5,68.0,16.6,41.34,False,False,,0,,,,43,135731418,135731418,65652466.0,65652466.0,66000000.0,100.0,,,
BANKUSDT,BANK,Speculative,898,0.0408,600575.1311,0.493,54.16538370458526,0.0005581721663406162,0.036858,0.03995650000000001,2.098561726024002,0.5678571428571428,0.2714285714285714,0.6041699532950997,0.17110724165937227,0.031030555555555544,0.04413611111111112,downtrend,0,1,baissier,216,0,0,30,,,12.9,66.0,37.0,57.5,16.6,41.32,False,False,,0,,,,48,17356447,17356447,425250000.0,425250000.0,2100000000.0,100.0,,,
LINEAUSDT,LINEA,Mid,321,0.002616,909153.948516,-1.395,41.97821390088817,3.148126856153155e-05,0.00322572,0.004451495,0.7960642424334436,0.4664662349676225,0.39407955596669747,0.33903987894118187,0.5871878015391103,0.002613916666666667,0.003830166666666667,macd_bullish_cross,1,0,haussier,280,0,0,30,,,28.7,28.0,68.5,57.5,50,41.25,False,False,,0,,,,46,79904396,187887555,30624246245.373516,72009990000.0,72009990000.0,42.5,,,
RADUSDT,RAD,Speculative,,0.232,451621.0316,2.655,45.682371302787395,0.001995873055160951,0.25834,0.2582799999999999,0.739228754059552,0.3791044776119404,0.3074626865671642,0.4793376552862027,0.3188730063578874,0.21361111111111108,0.3066388888888889,macd_bullish_cross|golden_cross,2,0,haussier,365,0,0,30,,,17.0,45.0,68.5,47.0,50,41.16,False,False,,0,,,,54,,,,,,,,,
2ZUSDT,2Z,Mid,154,0.0708,527046.86574,-3.529,37.31676475143026,3.52118792250021e-05,0.08772599999999998,0.09527260000000007,0.9474723733205686,0.4021257750221435,0.3734278122232064,0.37612856939857,0.5909111006888,0.0706175,0.10266111111111112,macd_bullish_cross|doji_4h,1,0,haussier,258,0,0,30,,,28.1,28.0,68.5,57.5,50,41.11,False,False,,0,,,,46,244983915,705933980,3469785167.3,9998367667.3,10000000000.0,34.7,389758490,$390M,12.89
NEWTUSDT,NEWT,Speculative,,0.0541,572598.11885,-1.277,35.574499374766475,0.0002551867304003211,0.069454,0.0810025,0.7211416541616612,0.4079718640093786,0.36576787807737393,0.6174825423530699,0.5625768181233312,0.05676111111111112,0.08259722222222224,macd_bullish_cross,1,0,haussier,358,0,0,30,,,16.8,37.0,68.5,57.5,50,41.06,False,False,,0,,,,49,,,,,,,,,
VICUSDT,VIC,Speculative,,0.039,1673441.271256,15.044,44.097635381707015,-0.0003871235318548766,0.04864000000000002,0.06317149999999999,2.1412064641816806,0.5152394775036285,0.4412191582002903,2.5036399099802735,0.13812474803600683,0.03836666666666668,0.06325277777777777,double_top_90d|support_bounce,1,1,mixte,365,0,0,30,,,17.0,55.0,32.5,68.0,16.7,41.03,False,False,,0,,,,45,,,,,,,,,
WUSDT,W,Mid,409,0.00996,702781.48674,-3.301,42.39262972759694,9.218519510187926e-05,0.012196200000000004,0.02170554999999999,1.021481454952705,0.4976608187134503,0.416374269005848,0.2197163097777674,0.4381407609690844,0.010178055555555553,0.015991666666666668,macd_bullish_cross,1,0,haussier,365,0,0,30,,,31.0,28.0,58.0,57.5,50,41.02,False,False,,0,,,,45,59954802,99513952,6024763462.0,10000000000.0,10000000000.0,60.2,2189234380,$2.2B,17.48
PLUMEUSDT,PLUME,Mid,386,0.01124,1789817.23981,-4.014,45.80537795540155,-2.222796845016326e-05,0.012459400000000004,0.0134519,1.0504564268200074,0.3549007046764894,0.279308135810378,0.3652400291217571,0.47638354488055956,0.009749166666666666,0.014464999999999999,downtrend,0,1,baissier,303,0,0,30,,,29.3,37.0,62.5,68.0,16.6,40.93,False,False,,0,,,,43,64609896,112215200,5757677709.0,10000000000.0,10000000000.0,57.6,,,
BONKUSDT,BONK,Mid,118,4.8e-06,8251497.35335838,-1.437,43.42603566511682,7.87753124190783e-08,5.7784000000000004e-06,7.024100000000001e-06,0.7290479313782003,0.4533678756476684,0.378238341968912,0.42045965994687035,0.7646646204264756,4.699722222222221e-06,6.8369444444444445e-06,macd_bullish_cross|downtrend|doji_4h,1,1,mixte,365,0,0,30,,,31.0,28.0,60.5,78.5,16.6,40.84,False,False,,0,,,,37,421212988,421212988,87994720606766.61,87994720606936.95,87995282867000.55,100.0,,,
ACXUSDT,ACX,Speculative,660,0.04183,529372.529849,-2.312,48.09253325735275,0.00018232688180278575,0.04261500000000001,0.04460824999999999,0.4363458448120674,0.15783898305084743,0.11694915254237283,0.8044553802536769,0.3449223123232736,0.04085555555555558,0.045219444444444444,downtrend,0,1,baissier,365,0,0,30,,,17.0,46.0,95.5,57.5,16.6,40.81,False,False,,0,,,,51,29427622,41761588,704657633.0,1000000000.0,1000000000.0,70.5,22088019,$22M,1.3
OSMOUSDT,OSMO,Speculative,576,0.0466,524847.438387,-1.062,48.602083879993046,0.0002153736060448567,0.04929800000000001,0.04551599999999999,1.678149554227411,0.5825688073394495,0.463302752293578,0.32362948529271013,0.23445254767063461,0.030394444444444432,0.06725833333333335,macd_bullish_cross,1,0,haussier,365,0,0,30,,,17.0,45.0,32.5,57.5,50,40.74,False,False,,0,,,,49,36143799,45439414,777488140.801773,977445829.42523,1000000000.0,79.5,16121398,$16M,8.55
MITOUSDT,MITO,Speculative,,0.02001,1101336.602984,-2.343,33.24952440282449,0.0003549484149724825,0.039779999999999996,0.04997690000000002,1.2663581178844014,0.7753729518219614,0.7555637075079482,1.2652573051295926,0.3227088819868365,0.02436333333333333,0.057903333333333334,macd_bullish_cross,1,0,haussier,292,0,0,30,,,15.0,37.0,38.5,68.0,50,40.66,False,False,,0,,,,44,,,,,,,,,
1000CHEEMSUSDT,1000CHEEMS,Speculative,,0.000565,702572.66283,-5.36,47.5721218467889,4.844729135520563e-06,0.0006088599999999998,0.0006868549999999997,1.0783746621181982,0.34065934065934067,0.22390109890109897,0.33368645370438066,0.5393375055967746,0.00042844444444444456,0.0006715555555555556,macd_bullish_cross,1,0,haussier,365,0,0,30,,,17.0,37.0,62.5,57.5,50,40.64,False,False,,0,,,,51,,,,,,,,,
TFUELUSDT,TFUEL,Mid,395,0.00856,234742.707,0.352,36.375169749103044,5.116542398872633e-05,0.010366800000000002,0.014306950000000002,0.5112133038232061,0.36619718309859156,0.3270735524256651,1.080370245375776,0.6708789003360788,0.00889611111111111,0.012255,macd_bullish_cross|downtrend,1,1,mixte,365,0,0,30,,,31.0,46.0,79.0,47.0,16.6,40.61,False,False,,0,,,,45,62980589,62987275,7366514123.0,7367296212.0,,100.0,,,
MIRAUSDT,MIRA,Speculative,942,0.054,2364154.72851,-5.097,30.514589864174653,-0.00015189662087571228,0.07463199999999998,0.09936899999999996,0.8750350847784466,0.43564356435643564,0.4059405940594059,4.340957551032852,0.6410999657415212,0.06147777777777777,0.08884999999999998,downtrend,0,1,baissier,264,0,0,30,,,14.2,46.0,68.5,68.0,16.6,40.41,False,False,,2,⚡ Volume ×4.3 vs médiane,,4.34,51,15981482,53934992,296310083.0,1000000000.0,1000000000.0,29.6,,,
NOTUSDT,NOT,Speculative,506,0.000432,995362.071842,-7.692,47.95444159910947,7.160775834460479e-06,0.0004717000000000001,0.00046449000000000013,1.0470463752775554,0.46320346320346323,0.3751803751803752,0.7857042404957182,0.36861927416748363,0.0003526944444444444,0.0005645277777777779,macd_bullish_cross|golden_cross|downtrend,2,1,haussier,365,0,0,30,,,17.0,54.0,58.0,57.5,16.6,40.33,False,False,,0,,,,47,43038527,44347180,99429447866.9074,102452755868.5205,102456956842.91,97.0,,,
XECUSDT,XEC,Mid,251,5.72e-06,162635.43329984,1.418,38.4204123613608,4.2376019153513443e-08,6.820400000000002e-06,8.41865e-06,0.5432986842060342,0.39049826187717274,0.33603707995365006,0.3975358747604151,0.6945130610567309,5.794166666666668e-06,7.749444444444445e-06,macd_bullish_cross|doji_4h,1,0,haussier,365,0,0,30,,,31.0,28.0,79.0,47.0,50,40.28,False,False,,0,,,,48,114154156,114155331,20042579672580.0,20042785922580.0,21000000000000.0,100.0,,,
COWUSDT,COW,Mid,284,0.1615,406572.67863,1.572,57.55691884493662,0.003615797353164487,0.16584600000000002,0.19797099999999979,0.6304694910294842,0.42720970537261693,0.2959272097053726,0.5367127195479128,0.5793932745329127,0.14600277777777781,0.2195111111111111,macd_bullish_cross|downtrend,1,1,mixte,365,0,0,30,,,31.0,46.0,73.0,47.0,16.6,40.15,False,False,,0,,,,47,93533877,161718106,578376033.9757078,1000000000.0,1000000000.0,57.8,,,
0GUSDT,0G,Mid,385,0.304,1593865.38416,-3.797,29.01160198230788,0.004011478096471788,0.44858,0.6576099999999997,0.8207455679324254,0.558252427184466,0.5064724919093851,1.1652869996426187,0.4005363977187808,0.3327500000000001,0.5970277777777778,macd_bullish_cross|downtrend,1,1,mixte,268,0,0,30,,,28.3,37.0,55.0,68.0,16.6,40.11,False,False,,0,,,,45,64709905,303517773,213199722.0,1000000000.0,,21.3,,,
NOMUSDT,NOM,Speculative,,0.0017,1867722.25529,-3.955,39.73991174116347,6.533119506131255e-06,0.0022159999999999997,0.005124550000000002,1.3095178858185044,0.8067632850241546,0.7946859903381642,0.5059318884740697,0.22388707870922786,0.0017886111111111108,0.005461111111111111,macd_bullish_cross,1,0,haussier,259,0,0,30,,,14.1,37.0,32.5,68.0,50,39.98,False,False,,0,,,,43,,,,,,,,,
BERAUSDT,BERA,Mid,352,0.263,1547792.974432,-1.128,38.44764271001179,0.0031083874278694038,0.34196000000000004,0.53195,1.0628659997258816,0.5745454545454546,0.5218181818181818,0.5958882412993037,0.6267419438865202,0.27569444444444446,0.4822499999999999,macd_bullish_cross|downtrend,1,1,mixte,365,0,0,30,,,31.0,37.0,44.5,68.0,16.6,39.96,False,False,,0,,,,37,72821741,142694204,276850962.0294626,542489472.9014543,,51.0,,,
SPELLUSDT,SPELL,Speculative,779,0.0001293,994532.417124,-2.194,39.524323590155554,1.1779346570892671e-06,0.00015311999999999997,0.00019534149999999993,0.5402699567285534,0.34527687296416937,0.2980456026058632,1.3829092773267624,0.5976997279313968,0.00013228333333333331,0.00017799166666666662,macd_bullish_cross|downtrend,1,1,mixte,365,0,0,30,,,17.0,46.0,83.5,57.5,16.6,39.88,False,False,,0,,,,46,22210578,25383090,171510541047.0,196008739620.0,210000000000.0,87.5,6271342,$6M,4.3
LPTUSDT,LPT,Mid,289,1.831,454875.25835,-1.347,41.88243880939767,0.006988187865454548,2.0629999999999997,2.530174999999999,0.6480858107954347,0.28685092127303174,0.23241206030150752,0.31459976657692984,0.6280963152168249,1.8456944444444443,2.3268055555555556,macd_bullish_cross,1,0,haussier,365,0,0,30,,,31.0,28.0,73.0,47.0,50,39.81,False,False,,0,,,,47,90867746,90867746,49688954.55,49688954.55,,100.0,,,
BATUSDT,BAT,Mid,219,0.0915,392587.2515,-2.556,44.4770698917865,-0.00026066892062058186,0.100588,0.14059650000000004,0.9130038178699904,0.3046744574290484,0.23372287145242068,0.3805051685050737,0.5388888612912429,0.09050000000000002,0.1123111111111111,support_bounce,1,0,haussier,365,0,0,30,,,31.0,28.0,73.0,47.0,50,39.81,False,False,,0,,,,47,136846256,137237414,1495724656.9526057,1500000000.0,1500000000.0,99.7,,,
SUPERUSDT,SUPER,Mid,391,0.099,371340.8718,-1.786,43.96582688570936,0.0009577723486713366,0.11346799999999999,0.15056550000000002,0.781397424029263,0.34183673469387743,0.27623906705539353,0.33041839675260287,0.49607000532111784,0.09624166666666666,0.1337361111111111,macd_bullish_cross,1,0,haussier,365,0,0,30,,,31.0,28.0,73.0,47.0,50,39.81,False,False,,0,,,,47,63538680,99253668,640164549.0,1000000000.0,1000000000.0,64.0,,,
TWTUSDT,TWT,Mid,189,0.4148,756729.4028,2.369,48.84384885047322,0.0034236161451349015,0.4421939999999998,0.6082980000000004,0.899832225246912,0.33874396135265694,0.19903381642512075,0.13575038167035516,0.3992664599131791,0.38100277777777775,0.4994138888888889,macd_bullish_cross|downtrend,1,1,mixte,365,0,0,30,,,31.0,37.0,73.0,57.5,16.6,39.79,False,False,,0,,,,45,172609792,414280171,416649900.0,1000000000.0,,41.7,,,
HOTUSDT,HOT,Mid,418,0.000324,134583.037102,0.621,39.86557046868335,3.2263604815955178e-06,0.00038343999999999987,0.0004322049999999997,0.5051896145652174,0.3526881720430108,0.30107526881720437,0.1886388696585874,0.7419534123801312,0.00032694444444444443,0.00045411111111111124,macd_bullish_cross|doji_4h,1,0,haussier,365,0,0,30,,,31.0,28.0,71.0,47.0,50,39.66,False,False,,0,,,,47,57485473,57485473,177619433541.1413,177619433541.1413,,100.0,,,
RAYUSDT,RAY,Mid,191,0.637,1452167.3256,1.111,46.862507198919005,0.00770059259094881,0.72276,0.7841049999999993,0.7378296363982033,0.3644646924829157,0.2744874715261959,0.4725189172962231,0.693648507763067,0.5776944444444444,0.8228333333333331,macd_bullish_cross|double_top_90d|support_bounce|downtrend,2,2,mixte,365,0,0,30,,,31.0,37.0,73.0,68.0,0,39.62,False,False,,0,,,,41,171358274,353409384,269103895.762089,555000000.0,555000000.0,48.5,870129982,$870M,7.41
ROBOUSDT,ROBO,Speculative,507,0.0193,1251976.21815,-2.771,46.45264239122336,-4.407681785782411e-05,0.020262600000000002,,0.9514458032153512,0.371517027863777,0.2527089783281733,0.25112258800588827,0.23298754491345347,0.017776111111111114,0.02430805555555556,macd_bearish_cross,0,1,baissier,105,0,0,30,,,9.9,45.0,67.0,68.0,20.3,39.49,False,False,,0,,,,47,43021437,192834771,2231000000.0,10000000000.0,10000000000.0,22.3,,,
AXLUSDT,AXL,Mid,435,0.0463,326120.877827,-1.279,43.96187234275977,0.0007464177861935418,0.058308000000000006,0.06616500000000004,0.9475932231105215,0.4981773997569866,0.4349939246658566,0.17826423230696015,0.3160427029425029,0.04344444444444443,0.07274444444444444,macd_bullish_cross,1,0,haussier,365,0,0,30,,,31.0,28.0,68.5,47.0,50,39.47,False,False,,0,,,,46,55077223,57710044,1187490026.295491,1244254842.293961,,95.4,145918528,$146M,-0.54
CKBUSDT,CKB,Mid,430,0.00115,266913.749298,-2.625,41.650834729138865,1.8235310128064848e-05,0.0013686800000000002,0.0018165500000000012,0.6473843277191628,0.4053899082568808,0.3388761467889909,0.4491079901792273,0.6391769837143725,0.001141,0.00161675,macd_bullish_cross,1,0,haussier,365,0,0,30,,,31.0,28.0,68.5,47.0,50,39.47,False,False,,0,,,,46,56143277,57078028,48962782644.1233,49777982776.57359,,98.4,,,
COMPUSDT,COMP,Mid,188,17.93,688666.36838,-1.321,45.725421442555756,0.24140865896061792,20.407600000000002,21.983099999999986,0.8103129956480002,0.3888677087304613,0.3160503240564239,0.47285832235977676,0.4189360569129808,16.854166666666664,24.454444444444444,downtrend,0,1,baissier,365,0,0,30,,,31.0,37.0,68.5,57.5,16.6,39.45,False,False,,0,,,,44,173297108,179244637,9668189.278360886,10000000.0,10000000.0,96.7,1106796062,$1.1B,7.05
FLOWUSDT,FLOW,Mid,469,0.02992,642262.0253098,1.803,47.21891750295618,0.0005405518051015497,0.03478020000000001,0.06748794999999999,0.6629177536966006,0.41085972850678737,0.31990950226244347,0.37333842705898646,0.4954744117791732,0.02807666666666667,0.04164583333333334,downtrend,0,1,baissier,365,0,0,30,,,31.0,37.0,68.5,57.5,16.6,39.45,False,False,,0,,,,44,49941392,49941392,1668166978.022744,1668166978.022744,,100.0,,,
KAVAUSDT,KAVA,Mid,456,0.04746,594297.571105,1.065,42.871655683578844,0.0005108320802438833,0.05595959999999998,0.06630835000000007,0.6649701078498474,0.3790523690773067,0.30306586474988995,0.7354024323566438,0.5385072883499972,0.04646083333333334,0.06451055555555557,macd_bullish_cross|downtrend,1,1,mixte,365,0,0,30,,,31.0,37.0,68.5,57.5,16.6,39.45,False,False,,0,,,,41,51309759,51309759,1082847010.0,1082847010.0,,100.0,,,
AIGENSYNUSDT,AIGENSYN,Speculative,,0.02564,1955625.02034,-7.47,40.14394928716778,0.0008290430687681889,,,1.4387042995121355,0.43976959679439015,0.3581267217630854,0.23977274249556846,,0.023679999999999996,0.039760000000000004,,0,0,neutre,34,0,0,30,,,7.9,36.0,48.0,68.0,50,39.36,False,False,,0,,,,45,,,,,,,,,
APEUSDT,APE,Mid,226,0.1297,932986.787823,-3.64,47.44187250236668,0.00038532383182598995,0.14376400000000003,0.14930000000000007,0.8393497942479015,0.3541436464088397,0.28287292817679555,0.20311111488598996,0.19830194536558127,0.08608888888888885,0.16868055555555556,macd_bullish_cross|downtrend,1,1,mixte,365,0,0,30,,,31.0,37.0,67.0,57.5,16.6,39.33,False,False,,0,,,,44,129356418,129356418,1000000000.0,1000000000.0,1000000000.0,100.0,,,
GRTUSDT,GRT,Mid,173,0.02007,1092684.79083,-4.882,35.808441526530146,7.924662212112485e-06,0.02442740000000001,0.030022949999999982,0.6720050770094956,0.3522295195298998,0.30591081921880403,0.5495473890566807,0.6764414811069247,0.020929166666666665,0.02765611111111111,macd_bullish_cross|double_top_90d|downtrend,1,2,baissier,365,0,0,30,,,31.0,37.0,68.5,68.0,0,39.28,False,False,,0,,,,37,216595922,216603847,10799867657.47347,10800262816.04821,10800262823.318213,100.0,,,
HEIUSDT,HEI,Speculative,,0.0732,3676750.76485,-2.4,44.34690625893911,-0.0016083726170717278,0.08236000000000003,0.099727,2.7690970634669334,0.38552915766738666,0.35569285083848196,3.9790038645837598,0.13543177847176685,0.06856388888888888,0.1031638888888889,macd_bearish_cross|downtrend,0,2,baissier,365,0,0,30,,,17.0,55.0,41.5,68.0,0,39.19,False,False,,2,⚡ Volume ×4.0 vs médiane,,3.98,45,,,,,,,,,
STXUSDT,STX,Mid,128,0.1937,840485.73348,-2.172,42.2361140227388,0.0014651486615554817,0.227018,0.25902850000000016,0.7460512229402202,0.3529845246868091,0.28666175386882825,0.5570118098907014,0.7142022632646864,0.19261666666666663,0.26211388888888887,macd_bullish_cross|downtrend|doji_4h,1,1,mixte,365,0,0,30,,,31.0,37.0,65.0,57.5,16.6,39.18,False,False,,0,,,,40,356713799,356713799,1849166639.53647,1849166639.53647,,100.0,,,
NFPUSDT,NFP,Speculative,,0.00796,454430.36248,4.599,41.94862843351962,5.435730811219515e-05,0.011096799999999997,0.017549549999999997,1.481283546036808,0.5816618911174785,0.540974212034384,1.1108498648793743,0.2805762645561811,0.008509166666666667,0.016299444444444446,macd_bullish_cross,1,0,haussier,365,0,0,30,,,17.0,46.0,38.5,47.0,50,39.15,False,False,,0,,,,47,,,,,,,,,
VETUSDT,VET,Mid,112,0.005282,1227235.3347737,0.782,42.52894725361416,8.213735914794736e-05,0.006368340000000001,0.008381604999999999,0.6965095880416735,0.41009542943244603,0.3348819688598695,0.3563661906892158,0.6895642494774246,0.0052105000000000025,0.007592250000000001,macd_bullish_cross|downtrend|doji_4h,1,1,mixte,365,0,0,30,,,31.0,28.0,68.5,68.0,16.6,39.1,False,False,,0,,,,38,454785833,454785833,85985041177.0,85985041177.0,86712634466.0,100.0,,,
SUSDT,S,Mid,235,0.03316,1187649.547735,-0.926,41.11412686649939,0.00045934554993856116,0.0416938,0.055498099999999974,0.8790439136232119,0.46518814760952554,0.39756407925831666,0.301203493462592,0.5787474511061251,0.033190000000000004,0.04953333333333333,macd_bullish_cross|downtrend,1,1,mixte,365,0,0,30,,,31.0,28.0,68.5,68.0,16.6,39.1,False,False,,0,,,,38,125227038,128559625,3784775845.0,3885497663.0,,97.4,,,
BEAMXUSDT,BEAMX,Speculative,,0.001579,557538.300523,5.76,48.570680167730906,1.6103579119989842e-05,0.00175676,0.0022810549999999997,0.7228868249488213,0.3554413825315274,0.2643624474544606,0.7548233369612644,0.6722199488820664,0.0014978333333333332,0.0020465000000000006,macd_bullish_cross|downtrend,1,1,mixte,365,0,0,30,,,17.0,46.0,73.0,57.5,16.6,39.07,False,False,,0,,,,47,,,,,,,,,
CAKEUSDT,CAKE,Mid,110,1.421,1765832.34402,1.355,55.94396303990965,0.019995175135461306,1.42474,1.6073700000000009,0.7093196457848487,0.2860650705954573,0.12707182320441993,0.2918971110956516,0.709946658492081,1.2994444444444442,1.5711666666666668,double_top_90d|downtrend,0,2,baissier,365,0,0,30,,,31.0,37.0,65.0,68.0,0,39.01,False,False,,0,,,,40,459739111,477298493,324090772.4486051,336469170.4500047,400000000.0,96.3,1799767025,$1.8B,-0.12
LSKUSDT,LSK,Speculative,783,0.095,67367.5128,0.0,38.22519405699151,0.0005585388018940866,0.11542,0.14925,0.5996336480921778,0.3776223776223776,0.3356643356643356,0.5622729944312018,0.707436917743702,0.09833333333333336,0.13461111111111115,macd_bullish_cross|doji_4h,1,0,haussier,365,0,0,30,,,17.0,37.0,71.0,47.0,50,38.94,False,False,,0,,,,49,22051743,37843313,233084697.0,400000000.0,400000000.0,58.3,,,
DGBUSDT,DGB,Mid,474,0.00271,125610.297629,-3.559,40.15793261075996,2.707212135605097e-05,0.0033552000000000005,0.004590949999999998,0.759433317962142,0.5081967213114754,0.44467213114754095,0.43846110644248204,0.5859247641700999,0.002727777777777778,0.004632777777777779,macd_bullish_cross|doji_4h,1,0,haussier,365,0,0,30,,,31.0,28.0,59.5,47.0,50,38.77,False,False,,0,,,,45,49796118,49807537,18331894307.52252,18336098250.03519,21000000000.0,100.0,,,
USTCUSDT,USTC,Speculative,601,0.00609,535054.66098,-1.456,48.371444072966305,2.0862091517016937e-05,0.006493399999999999,0.006003849999999998,0.69036991254891,0.3034825870646766,0.24253731343283585,0.3850757477767872,0.41580252073028967,0.004535833333333333,0.007286388888888888,macd_bullish_cross|downtrend|doji_4h,1,1,mixte,365,0,0,30,,,17.0,45.0,73.0,57.5,16.6,38.77,False,False,,0,,,,47,33926098,36986810,5576383014.719936,6079467771.535098,,91.7,,,
PEOPLEUSDT,PEOPLE,Speculative,658,0.00583,469580.679592,0.865,46.00012612336074,9.1233726083618e-05,0.0068011999999999986,0.007819399999999999,0.6137877966266914,0.406392694063927,0.3333333333333334,0.33410172353581896,0.5650448083215602,0.005598055555555556,0.008266944444444443,macd_bullish_cross|doji_4h,1,0,haussier,365,0,0,30,,,17.0,37.0,68.5,47.0,50,38.75,False,False,,0,,,,52,29449564,29449564,5066374892.014003,5066374892.014003,,100.0,,,
CELOUSDT,CELO,Speculative,544,0.06417,388877.598151,-0.202,40.938216252013866,0.0008588054181765574,0.07877279999999999,0.097074,0.6630456528208571,0.43221411192214104,0.3732360097323601,0.8227856303729196,0.5888892508863531,0.06441305555555557,0.09403749999999997,macd_bullish_cross,1,0,haussier,365,0,0,30,,,17.0,37.0,68.5,47.0,50,38.75,False,False,,0,,,,49,38586918,64075405,602211072.0,1000000000.0,1000000000.0,60.2,,,
CTKUSDT,CTK,Speculative,820,0.129,261527.12534,-1.901,35.77057811621982,0.0014332047748315396,0.16190599999999994,0.20387900000000006,0.718483326319712,0.4003006012024048,0.35220440881763526,0.6307220920330623,0.5555248087825011,0.13276666666666662,0.19056388888888892,macd_bullish_cross,1,0,haussier,365,0,0,30,,,17.0,37.0,68.5,47.0,50,38.75,False,False,,0,,,,49,20650401,20674044,160206203.0,160389626.0,,99.9,,,
PUNDIXUSDT,PUNDIX,Speculative,699,0.1042,237276.5189,-0.667,35.79915887111875,0.00042993097465748517,0.134286,0.17488300000000007,0.8962805988822075,0.43830570902394106,0.3609576427255985,0.689802373218654,0.522211140092691,0.11154166666666665,0.15790555555555552,macd_bullish_cross,1,0,haussier,365,0,0,30,,,17.0,37.0,68.5,47.0,50,38.75,False,False,,0,,,,49,26848509,26848509,258386541.0999244,258386541.0999244,,100.0,,,
ARDRUSDT,ARDR,Speculative,655,0.02996,80754.94037,-1.48,34.517715220907036,0.00012424793530147003,0.03767840000000001,0.0476261,0.7951612490725041,0.3841783216783217,0.34506118881118886,1.4683967147072776,0.41035441974033493,0.03189083333333334,0.046123611111111115,macd_bullish_cross,1,0,haussier,365,0,0,30,,,17.0,37.0,68.5,47.0,50,38.75,False,False,,0,,,,49,29718044,29718044,998466231.0,998466231.0,,100.0,,,
ERAUSDT,ERA,Speculative,886,0.1027,394682.48104,-2.469,40.322570303374604,0.0008207643522308971,0.12494000000000001,0.15979100000000007,0.9625403998509751,0.37869822485207105,0.3241288625904011,0.6653691453970589,0.5558231192825542,0.10552222222222218,0.14791944444444446,macd_bullish_cross,1,0,haussier,335,0,0,30,,,16.2,37.0,68.5,47.0,50,38.55,False,False,,0,,,,49,17914258,102513638,174750000.0,1000000000.0,1000000000.0,17.5,,,
MANTRAUSDT,MANTRA,Speculative,512,0.00808,1344559.38085,1.126,47.57321157247881,0.0001610850050201237,0.009120600000000001,,0.8437569992962561,0.5110477548111191,0.42480399144689945,0.9800673866144818,0.5548754345108463,0.007706388888888888,0.0123225,double_top_90d|downtrend,0,2,baissier,105,0,0,30,,,9.9,54.0,59.5,68.0,0,38.53,False,False,,0,,,,44,42500180,58214627,5287518120.193748,7242578563.658588,10000000000.0,73.0,,,
XAIUSDT,XAI,Speculative,917,0.00819,531340.717279,-1.799,40.572670212631316,6.016242950078769e-05,0.010025200000000001,0.012081350000000006,0.7293023399514601,0.4210931485758276,0.3687451886066204,0.317432782267373,0.5453859915474217,0.008236388888888887,0.01171138888888889,macd_bullish_cross,1,0,haussier,365,0,0,30,,,17.0,28.0,68.5,57.5,50,38.39,False,False,,0,,,,46,16965439,18060080,2073365869.1090348,2207143247.409657,2500000000.0,93.9,,,
ZENUSDT,ZEN,Mid,301,4.772,3672605.61249,-2.193,43.98276826028352,0.05270521740922002,5.83668,6.890330000000001,1.1496151570923716,0.45068565400843874,0.3706487341772152,0.44290411144442743,0.6527094474100549,4.645500000000002,6.89063888888889,macd_bullish_cross|downtrend|doji_4h,1,1,mixte,365,0,0,30,,,31.0,28.0,58.0,68.0,16.6,38.29,False,False,,0,,,,37,86235445,100044807,18101332.87278685,21000000.0,21000000.0,86.2,,,
GNOUSDT,GNO,Mid,141,106.46,236812.4289,-2.393,49.17839998700383,1.8555338746540508,116.40999999999998,124.44969999999992,0.5628692663607657,0.3634190918037396,0.2510895543371291,0.44680619693009066,0.6707389924289164,102.30555555555559,135.485,macd_bullish_cross|downtrend,1,1,mixte,365,0,0,30,,,31.0,37.0,83.5,47.0,16.6,38.25,False,False,,0,,,,46,280531166,318835053,2639589.0,3000000.0,3000000.0,88.0,,,
DYDXUSDT,DYDX,Mid,270,0.12288,1712199.5070278,-1.79,40.27759554769556,-0.0029375375787446716,0.15148019999999998,0.14266705,1.1821142701190617,0.4069522291355993,0.3682316038463517,0.3630040977369208,0.3342441477015736,0.09002638888888886,0.17431083333333333,downtrend|bearish_engulfing_4h,0,2,baissier,365,0,0,30,,,31.0,36.0,58.0,68.0,0,38.17,False,False,,0,,,,35,103657839,117689381,844084129.0970293,958342751.0,1000000000.0,88.1,97206043,$97M,2.07
LUMIAUSDT,LUMIA,Speculative,,0.0912,293891.304819,-2.772,46.56062826240408,0.0011651903475718827,0.11054799999999997,0.09731700000000001,1.5034717089853566,0.5886712546320805,0.517204870301747,0.19973671941582943,0.29711197679709583,0.07041388888888886,0.1472361111111111,,0,0,neutre,365,0,0,30,,,17.0,45.0,28.0,47.0,50,38.04,False,False,,0,,,,48,,,,,,,,,
ZBTUSDT,ZBT,Speculative,665,0.1196,1620045.53422,6.311,45.709791304082856,0.0008395192941500623,0.147652,0.10922450000000004,1.3068339974702319,0.5263882514915099,0.45250114731528224,0.3100261899448985,0.14846654902981196,0.078375,0.18884166666666669,macd_bullish_cross|downtrend,1,1,mixte,243,0,0,30,,,13.7,45.0,43.0,68.0,16.6,38.0,False,False,,0,,,,42,29190546,119148885,244992188.30119348,1000000000.0,1000000000.0,24.5,56553621,$57M,-1.55
BICOUSDT,BICO,Speculative,997,0.0197,223087.387351,-0.505,43.127494953642675,0.000157230890302329,0.02359399999999999,0.03035999999999999,1.0614931729433956,0.40728476821192056,0.3443708609271523,0.5322589908850452,0.5256772187407891,0.01929722222222222,0.027666666666666662,macd_bullish_cross|doji_4h,1,0,haussier,365,0,0,30,,,17.0,37.0,58.0,47.0,50,37.94,False,False,,0,,,,47,14157194,19716177,718049656.9789356,1000000000.0,1000000000.0,71.8,,,
ATUSDT,AT,Speculative,645,0.1319,526471.29908,-6.454,50.236762814195195,0.002308198640569006,0.14155199999999998,0.14833099999999996,1.926453444643607,0.43656908063687727,0.3210066769388803,0.4061705175133946,0.06921986690376937,0.1186388888888889,0.17198055555555555,uptrend|doji_4h,1,0,haussier,202,0,0,30,,,12.5,37.0,41.5,57.5,50,37.93,False,False,,0,,,,48,30358277,131992508,230000000.0,1000000000.0,1000000000.0,23.0,,,
BARDUSDT,BARD,Mid,441,0.1676,490939.00274,-2.558,38.339396390239834,0.004504841912500581,0.221922,0.5915075000000001,0.7179214460637211,0.7457569585879158,0.7150373387644263,0.22096923603818655,0.6505169813264761,0.1671138888888889,0.4321055555555556,,0,0,neutre,272,0,0,30,,,28.5,28.0,55.0,47.0,50,37.8,False,False,,0,,,,44,53889572,167099450,322500000.0,1000000000.0,1000000000.0,32.2,597590796,$598M,5.04
CETUSUSDT,CETUS,Speculative,877,0.01942,184679.100337,-1.82,40.83445784758893,0.00027644548309408833,0.025118199999999997,0.022811399999999996,0.7406933530227693,0.5315508021390375,0.47566844919786105,0.2027025299697246,0.4443394885843909,0.018338611111111115,0.031165277777777778,macd_bullish_cross,1,0,haussier,365,0,0,30,,,17.0,36.0,59.5,47.0,50,37.75,False,False,,0,,,,47,18454530,19470376,947826087.0,1000000000.0,1000000000.0,94.8,26053919,$26M,-0.32
BBUSDT,BB,Speculative,,0.0231,751493.22695,-1.282,44.91348639259983,0.0002935581348129561,0.028065999999999994,0.039168000000000015,1.1554141511379796,0.4587912087912088,0.3653846153846154,0.4630206133854821,0.5081665286598325,0.021841666666666672,0.033430555555555554,macd_bullish_cross|support_bounce|doji_4h,2,0,haussier,365,0,0,30,,,17.0,28.0,58.0,57.5,50,37.59,False,False,,0,,,,45,,,,,,,,,
IMXUSDT,IMX,Mid,233,0.1493,487595.816089,-0.797,48.98576129463987,0.0018183686570854164,0.16335600000000003,0.1924515,0.7683254498143721,0.37728395061728404,0.2597530864197531,0.21262842294154247,0.6851184311739245,0.13620555555555552,0.18447222222222223,macd_bullish_cross|downtrend,1,1,mixte,365,0,0,30,,,31.0,37.0,73.0,47.0,16.6,37.44,False,False,,0,,,,45,125345801,297576372,842444578.3296283,2000000000.0,2000000000.0,42.1,26702142,$27M,5.34
GMXUSDT,GMX,Mid,404,5.91,83394.54314,-0.672,46.88829529953317,0.05004387017516576,6.595400000000003,7.007449999999999,0.7435628022958473,0.28964613368283093,0.2228047182175623,0.18362223100744832,0.5932852005046481,5.670555555555556,7.349722222222222,macd_bullish_cross|support_bounce|downtrend|bullish_engulfing_4h,3,1,haussier,365,0,0,30,,,31.0,37.0,73.0,47.0,16.6,37.44,False,False,,0,,,,45,61536231,61536231,10415630.9624151,10415630.9624151,13250000.0,100.0,165975370,$166M,2.99
REZUSDT,REZ,Speculative,675,0.00333,239961.7927904,-3.338,35.599681500140946,4.562411847135021e-05,0.004560379999999999,0.004242345,0.6337245202163037,0.5542691751085383,0.5163531114327062,0.12548594892343753,0.3622756273156065,0.0032415277777777768,0.005838611111111112,macd_bullish_cross,1,0,haussier,365,0,0,30,,,17.0,36.0,55.0,47.0,50,37.41,False,False,,0,,,,47,28693972,32666920,8620974689.040634,9814629224.12962,10000000000.0,87.8,103311936,$103M,-16.93
AUSDT,A,Mid,240,0.0735,636312.70583,-0.676,50.35904069747985,0.0014346908740004946,0.08040399999999998,0.10549199999999996,0.8006867988051478,0.3765182186234818,0.2560728744939272,0.322847547163125,0.6423516146519308,0.06874166666666669,0.09297500000000002,double_top_90d|downtrend|doji_4h,0,2,baissier,365,0,0,30,,,31.0,37.0,73.0,57.5,0,37.27,False,False,,0,,,,41,120943057,154101204,1648140398.8647,2100000000.0,2100000000.0,78.5,,,
BMTUSDT,BMT,Speculative,,0.01333,136306.737615,-1.259,41.317615659211334,7.25298220617442e-05,0.0152528,0.01841495,0.5824103749042104,0.3200654307524536,0.2704471101417666,0.24653604907795185,0.5967587442881149,0.013207777777777778,0.01752111111111111,macd_bullish_cross,1,0,haussier,365,0,0,30,,,17.0,28.0,83.5,47.0,50,37.19,False,False,,0,,,,49,,,,,,,,,
ASTRUSDT,ASTR,Mid,454,0.005979,373898.7660279,-0.45,39.46033026662143,6.127933564670056e-05,0.007551800000000002,0.008741975,0.8284733202096979,0.4372122226873169,0.3710757639179573,0.7266949079656531,0.6798807778014504,0.006180472222222223,0.008869777777777779,macd_bullish_cross|downtrend,1,1,mixte,365,0,0,30,,,31.0,37.0,68.5,47.0,16.6,37.09,False,False,,0,,,,41,52184282,52188932,8711397427.0,8712173644.0,10000000000.0,100.0,18237201,$18M,9.08
ZKPUSDT,ZKP,Speculative,,0.056,670711.91742,-3.114,39.61315705013378,0.000725913192841543,0.07167,,0.7964492420202097,0.4854854854854855,0.44044044044044045,0.9580111095113498,0.45732333751747706,0.05813055555555556,0.08688888888888886,macd_bullish_cross|downtrend,1,1,mixte,161,0,0,30,,,11.4,45.0,68.5,57.5,16.6,37.06,False,False,,0,,,,43,,,,,,,,,
TNSRUSDT,TNSR,Speculative,,0.0304,1412285.06807,-0.328,39.91788281121406,0.00019678701414179746,0.036962,0.054900499999999984,0.7743864119793963,0.46317829457364346,0.4108527131782946,0.36700556526372236,0.37196425533500627,0.031327777777777774,0.04413333333333333,macd_bullish_cross|evening_star_4h,1,1,mixte,365,0,0,30,,,17.0,28.0,68.5,68.0,24.4,36.85,False,False,,0,,,,40,,,,,,,,,
ACMUSDT,ACM,Speculative,,0.312,698241.4884,2.632,35.441273781398166,0.0016513295979018391,0.37915999999999994,0.45244000000000006,0.5383789666325492,0.34978540772532196,0.33047210300429186,0.9345970925267038,0.6050283385506234,0.3256666666666667,0.4465833333333334,macd_bullish_cross|downtrend|doji_4h,1,1,mixte,365,0,0,30,,,17.0,37.0,79.0,57.5,16.6,36.83,False,False,,0,,,,43,,,,,,,,,
PROVEUSDT,PROVE,Speculative,531,0.2051,628605.23491,-0.243,47.271007061981386,0.003458159795519748,0.23416399999999998,0.30611600000000005,1.6641152184561536,0.4730053989202159,0.385122975404919,0.5280046965269138,0.43960444851357067,0.19613333333333335,0.2831638888888888,macd_bullish_cross|downtrend,1,1,mixte,316,0,0,30,,,15.7,46.0,47.5,57.5,16.6,36.78,False,False,,0,,,,43,39877371,204499337,195000000.0,1000000000.0,1000000000.0,19.5,,,
LAUSDT,LA,Speculative,981,0.0761,424870.67781,-1.933,35.178387628470915,0.0017177121781252382,0.11277399999999999,0.2186774999999999,1.0538719637851053,0.7271634615384616,0.6951121794871795,0.6639604173340009,0.5122597886003428,0.08283333333333333,0.19848333333333337,macd_bullish_cross,1,0,haussier,343,0,0,30,,,16.4,37.0,44.5,47.0,50,36.75,False,False,,0,,,,45,14698023,76155560,193000000.0,1000000000.0,,19.3,,,
XTZUSDT,XTZ,Mid,143,0.2442,560640.34766,0.909,32.30969518328446,0.0012365264746598131,0.32416200000000006,0.41067149999999997,0.7543817075443933,0.43512775986107666,0.392706524435624,0.6961280899822149,0.6905381245973269,0.2610944444444445,0.3902555555555556,macd_bullish_cross|downtrend|doji_4h,1,1,mixte,365,0,0,30,,,31.0,28.0,68.5,57.5,16.6,36.74,False,False,,0,,,,38,265550864,270428608,1087987776.551036,1107972366.938029,,98.2,,,
GIGGLEUSDT,GIGGLE,Speculative,666,29.26,2677255.12122,-0.205,48.56451964500262,0.2141763026489405,31.899599999999985,42.66425000000004,1.016386255622034,0.48581203461461053,0.4119541155162004,0.31175222950304815,0.41566824236584915,23.795833333333334,39.127777777777766,macd_bullish_cross|support_bounce|downtrend|doji_4h,2,1,haussier,235,0,0,30,,,13.4,37.0,58.0,68.0,16.6,36.69,False,False,,0,,,,42,29179836,29179836,1000000.0,1000000.0,1000000.0,100.0,,,
DOGSUSDT,DOGS,Speculative,763,4.5e-05,849738.3258069,-2.597,48.25336290568862,4.5633786756287585e-07,5.0277999999999995e-05,3.901450000000001e-05,1.053294195749124,0.547646383467279,0.4833524684270953,0.31526052108896757,0.22229922320680587,2.6927777777777775e-05,6.450833333333333e-05,macd_bullish_cross|downtrend|doji_4h,1,1,mixte,365,0,0,30,,,17.0,45.0,43.0,57.5,16.6,36.46,False,False,,0,,,,42,23241912,24737401,516750000000.0,550000000000.0,550000000000.0,94.0,,,
LUNAUSDT,LUNA,Speculative,553,0.0536,440093.093779,-0.186,43.281987760255916,0.00040964433784858225,0.06204599999999999,0.07393050000000001,0.6095721296853606,0.3382157123834887,0.2849533954727031,0.19883857046955652,0.5159239499340152,0.052308333333333346,0.07072222222222221,macd_bullish_cross,1,0,haussier,365,0,0,30,,,17.0,28.0,73.0,47.0,50,36.38,False,False,,0,,,,47,38063976,63622224,709984438.91686,1186707049.0,,59.8,,,
MTLUSDT,MTL,Speculative,764,0.258,91147.5107,-1.149,43.7043222590795,0.001851914137957619,0.2882200000000001,0.31477999999999984,0.6280583743100749,0.2857142857142858,0.23214285714285718,0.4812990296205515,0.6712014274780098,0.2541111111111111,0.31933333333333325,macd_bullish_cross,1,0,haussier,365,0,0,30,,,17.0,28.0,73.0,47.0,50,36.38,False,False,,0,,,,47,23235527,23235527,90635915.0,90635915.0,,100.0,,,
SANDUSDT,SAND,Mid,212,0.05413,612933.79333,-0.697,35.91502624553924,0.00043855216762384366,0.06772159999999998,0.09325340000000004,0.6796519269983268,0.40773809523809523,0.3552380952380953,0.2155625191913422,0.7465424374872799,0.056324722222222214,0.0823027777777778,macd_bullish_cross|downtrend,1,1,mixte,365,0,0,30,,,31.0,28.0,60.5,57.5,16.6,36.12,False,False,,0,,,,37,144016879,161981173,2667289212.2233224,3000000000.0,3000000000.0,88.9,,,
FTTUSDT,FTT,Speculative,,0.2684,451625.097679,-1.251,45.78175716609475,0.0017663229453089343,0.30406599999999995,0.373539,1.232133155442421,0.3855356171832518,0.26237085372485053,1.0839048379048846,0.3969098283999916,0.2639722222222222,0.35329722222222215,double_top_90d|downtrend,0,2,baissier,365,0,0,30,,,17.0,55.0,62.5,47.0,0,36.09,False,False,,0,,,,44,,,,,,,,,
XVGUSDT,XVG,Mid,495,0.002736,629082.789488,-3.219,44.96042599181421,3.550108969511525e-05,0.0031661399999999983,0.00492839,0.7908489790340053,0.5246618933969769,0.45465393794749404,0.41069424276735944,0.4494630102005233,0.002691583333333333,0.004844944444444446,macd_bullish_cross|downtrend,1,1,mixte,365,0,0,30,,,31.0,28.0,59.5,57.5,16.6,36.05,False,False,,0,,,,37,45169233,45259585,16521951234.84134,16555000000.0,,99.8,,,
ILVUSDT,ILV,Speculative,671,3.5,314646.4457,0.287,41.6097563225168,0.04358877395200805,4.2322,4.72215,0.6639518865581366,0.38653846153846155,0.32500000000000007,0.39446399457119014,0.5556688952451836,3.371111111111111,5.049444444444446,macd_bullish_cross|support_bounce,2,0,haussier,365,0,0,30,,,17.0,28.0,68.5,47.0,50,36.04,False,False,,0,,,,46,28877713,33448339,8285643.477922993,9597055.23494165,,86.3,,,
STORJUSDT,STORJ,Speculative,,0.0794,254571.2284,-0.376,38.406729999123186,0.0005345214291820125,0.098246,0.10937600000000003,0.7652602582900909,0.4368858654572941,0.399848828420257,0.37066563363589117,0.4009085484495653,0.08091666666666668,0.11714166666666664,macd_bullish_cross,1,0,haussier,365,0,0,30,,,17.0,28.0,68.5,47.0,50,36.04,False,False,,0,,,,46,,,,,,,,,
GUSDT,G,Speculative,833,0.0028,251906.06389,-2.098,36.949849464885006,1.8325509774804128e-05,0.003399199999999999,0.00398935,0.6042433583078345,0.3645083932853717,0.3261390887290168,0.44115627310542016,0.6589581424701824,0.002919444444444445,0.004070277777777778,macd_bullish_cross,1,0,haussier,365,0,0,30,,,17.0,28.0,68.5,47.0,50,36.04,False,False,,0,,,,46,20165098,33456547,7232700000.0,12000000000.0,12000000000.0,60.3,17301214,$17M,4.76
AEVOUSDT,AEVO,Speculative,875,0.02014,238946.2481798,-1.468,39.48547932722471,0.0001747781035590641,0.024939199999999988,0.029814800000000013,0.7168604585356493,0.4175159235668789,0.3585987261146496,0.18657586578598495,0.4886021492606764,0.020262222222222223,0.029597222222222226,macd_bullish_cross|support_bounce,2,0,haussier,365,0,0,30,,,17.0,28.0,68.5,47.0,50,36.04,False,False,,0,,,,46,18445946,20112331,917146109.3203855,1000000000.0,1000000000.0,91.7,15944490,$16M,1.02
SOPHUSDT,SOPH,Speculative,854,0.00551,224176.61915,-1.431,33.68115885641866,5.2181684675093416e-05,0.0075382,0.010113849999999995,0.7804000402786723,0.46951219512195125,0.43902439024390244,0.5308302259583173,0.6462402785036659,0.006039166666666667,0.009398888888888889,macd_bullish_cross|doji_4h,1,0,haussier,365,0,0,30,,,17.0,28.0,68.5,47.0,50,36.04,False,False,,0,,,,46,18956225,54902124,3452730697.0,10000000000.0,10000000000.0,34.5,,,
1000CATUSDT,1000CAT,Speculative,,0.00156,215480.783945,-1.887,44.392712712517564,8.253631162680934e-06,0.0018294,0.00215395,0.845858349897777,0.35964912280701755,0.3070175438596491,0.23206444014371339,0.5914072051676865,0.0015208333333333337,0.0021105555555555556,macd_bullish_cross,1,0,haussier,365,0,0,30,,,17.0,28.0,68.5,47.0,50,36.04,False,False,,0,,,,46,,,,,,,,,
VTHOUSDT,VTHO,Speculative,518,0.000414,183643.710402,-0.241,39.55626185066905,3.6966346759390555e-06,0.0005079,0.0006497350000000001,0.867871118613306,0.3891547049441786,0.3381180223285486,0.31184443480632157,0.61304128288297,0.00042230555555555554,0.00060775,macd_bullish_cross,1,0,haussier,365,0,0,30,,,17.0,28.0,68.5,47.0,50,36.04,False,False,,0,,,,46,41720376,41723310,100783869832.0,100790958943.0,,100.0,,,
SLPUSDT,SLP,Speculative,856,0.000523,144414.389368,-0.381,39.60925228280332,3.237548735118999e-06,0.00063816,0.000697605,0.6695949958999184,0.39776951672862454,0.3482032218091698,0.18532023381243937,0.5945548226626417,0.0005286666666666667,0.0007512777777777779,macd_bullish_cross,1,0,haussier,365,0,0,30,,,17.0,28.0,68.5,47.0,50,36.04,False,False,,0,,,,46,18947123,18947123,36306354431.0,36306354431.0,,100.0,5791651,$6M,2.76
BANDUSDT,BAND,Speculative,638,0.172,124554.419,-0.578,40.32279365638096,0.0004994183420879931,0.20404,0.2556299999999999,0.6918464992483547,0.35317460317460314,0.31349206349206354,0.2841825415619117,0.5945943499315712,0.17727777777777773,0.23711111111111116,macd_bullish_cross|doji_4h,1,0,haussier,365,0,0,30,,,17.0,28.0,68.5,47.0,50,36.04,False,False,,0,,,,46,30677185,30702515,177630896.827592,177777568.732213,,99.9,,,
VANRYUSDT,VANRY,Speculative,,0.003643,103205.144879,-0.952,35.31181839712379,3.957274797316163e-05,0.00472648,0.006293054999999996,0.6149859001703017,0.47273581949232213,0.4271388279536195,0.1486023585170397,0.5833687192385327,0.0037831388888888893,0.005929722222222222,macd_bullish_cross,1,0,haussier,365,0,0,30,,,17.0,28.0,68.5,47.0,50,36.04,False,False,,0,,,,46,,,,,,,,,
BELUSDT,BEL,Speculative,,0.087,60763.41981,-1.584,42.44763372384226,0.0005717267262424887,0.10148199999999999,0.11217800000000004,0.7044725577295391,0.3629160063391443,0.3090332805071316,0.06600198500512607,0.5462491133060016,0.08660000000000002,0.1187194444444444,macd_bullish_cross,1,0,haussier,365,0,0,30,,,17.0,28.0,68.5,47.0,50,36.04,False,False,,0,,,,46,,,,,,,,,
BROCCOLI714USDT,BROCCOLI714,Speculative,,0.01339,676578.84274,-1.544,49.43467656030531,0.0002277821123821168,0.015069400000000002,0.015355049999999999,0.9606808140366814,0.4892723880597015,0.3740671641791045,0.4515875971726474,0.45584654094865573,0.011829444444444445,0.01846111111111111,downtrend,0,1,baissier,365,0,0,30,,,17.0,37.0,68.5,57.5,16.6,36.02,False,False,,0,,,,44,,,,,,,,,
TRBUSDT,TRB,Speculative,525,14.57,672248.31996,3.041,46.358229874324444,0.18191150909071796,17.0552,17.63880000000001,0.6807709990867754,0.4539249146757679,0.3767064846416383,0.38456525670747843,0.4206099624039949,13.726666666666668,20.353611111111107,macd_bullish_cross|support_bounce|downtrend,2,1,haussier,365,0,0,30,,,17.0,37.0,68.5,57.5,16.6,36.02,False,False,,0,,,,44,40676499,41750648,2793097.622380037,2866855.286291851,,97.4,,,
OGUSDT,OG,Speculative,,2.68,541074.3842,-3.319,45.10739225126104,0.017408445327159322,2.9824600000000006,4.7952949999999985,0.8022754173151934,0.4030379746835443,0.32101265822784814,0.3197119353241018,0.4081459828597825,2.5407500000000005,3.3767777777777783,downtrend,0,1,baissier,365,0,0,30,,,17.0,37.0,68.5,57.5,16.6,36.02,False,False,,0,,,,44,,,,,,,,,
WBTCUSDT,WBTC,Speculative,,66453.48,2936442.9673014,0.473,44.73819398243155,674.2663246227885,73335.7412,77266.23339999998,0.4280598894899052,0.25876944840793126,0.18915668120207313,0.6812810284484153,0.9996099932895263,63923.257222222215,79842.35444444444,macd_bullish_cross|bear_flag|downtrend,1,2,baissier,365,0,0,30,,,17.0,37.0,69.5,68.0,0,35.92,False,False,,0,,,,37,,,,,,,7581726259,$7.6B,6.1
SAHARAUSDT,SAHARA,Mid,466,0.01478,4143171.28319,0.887,27.082553912698557,-0.0017088229234030676,0.029835799999999996,0.02587885000000001,2.3834786762143576,0.6638655462184874,0.6638655462184874,0.49538432601697174,0.2142528215197983,0.018910833333333335,0.03800944444444445,downtrend|doji_4h,0,1,baissier,356,0,0,30,,,30.8,27.0,28.0,68.0,16.6,35.62,False,False,,0,,,,38,50163162,147236479,3406979167.0,10000000000.0,10000000000.0,34.1,,,
GUNUSDT,GUN,Speculative,995,0.00603,768793.12005,-3.981,29.300575328911222,0.0002385964573677023,0.0108676,0.017805400000000006,1.2681902862129713,0.7737730061349694,0.7695552147239263,0.5664725875038603,0.14478241567971012,0.006538611111111111,0.020387222222222216,,0,0,neutre,365,0,0,30,,,17.0,28.0,32.5,57.5,50,35.62,False,False,,0,,,,47,14230942,60094311,2368101341.0,10000000000.0,10000000000.0,23.7,,,
CTSIUSDT,CTSI,Speculative,770,0.02468,198754.30067,0.57,44.67488138432899,0.0003089952254314366,0.02908480000000001,0.030455599999999985,0.7275622844301257,0.4751120547298891,0.41283321538098605,0.14674605768966692,0.15872327688489382,0.02267611111111111,0.03807833333333334,macd_bullish_cross,1,0,haussier,365,0,0,30,,,17.0,28.0,62.5,47.0,50,35.57,False,False,,0,,,,45,22849881,24661771,926530431.7900137,1000000000.0,1000000000.0,92.7,,,
MANAUSDT,MANA,Mid,223,0.0701,329268.4105,0.863,38.82400331493444,0.0005098664269787313,0.08362999999999998,0.10626800000000003,0.5488905573881844,0.36227544910179643,0.2984031936127744,0.3829424697149536,0.6988332277938993,0.0710861111111111,0.09598333333333335,macd_bullish_cross|double_top_90d,1,1,mixte,365,0,0,30,,,31.0,28.0,83.5,47.0,16.7,35.54,False,False,,0,,,,41,135116597,153135935,1935110313.5807714,2193179327.320146,,88.2,,,
ZRXUSDT,ZRX,Mid,330,0.0896,205021.1561,-0.444,41.03085634544368,0.0006318828756451036,0.10374000000000003,0.11546249999999998,0.5894124511205148,0.3528481012658229,0.2895569620253165,0.37342028244179337,0.6868911854346275,0.09010555555555558,0.11780833333333335,macd_bullish_cross|downtrend|doji_4h,1,1,mixte,365,0,0,30,,,31.0,28.0,83.5,47.0,16.6,35.54,False,False,,0,,,,41,75904146,89467767,848396562.906836,1000000000.0,1000000000.0,84.8,,,
XNOUSDT,XNO,Mid,453,0.385,50877.99997,2.667,43.736862525028165,-0.00010194724898974009,0.4280799999999999,0.5609449999999998,0.58167635609042,0.3308411214953272,0.28037383177570097,0.3401402947285191,0.5255542770342733,0.3866388888888888,0.5044166666666667,downtrend,0,1,baissier,365,0,0,30,,,31.0,28.0,83.5,47.0,16.6,35.54,False,False,,0,,,,41,52024116,52024116,133248297.0,133248297.0,133248297.0,100.0,,,
RPLUSDT,RPL,Speculative,623,1.42,42385.5495,-1.389,42.72615243609185,0.02045027476000942,1.6908000000000007,1.8916499999999998,0.6272905242279418,0.38571428571428573,0.31428571428571433,0.1266525172003566,0.7128547389271401,1.4180555555555556,1.9911111111111108,macd_bullish_cross,1,0,haussier,365,0,0,30,,,17.0,28.0,60.5,47.0,50,35.42,False,False,,0,,,,45,32141990,32141990,22535094.65392216,22535094.65392216,,100.0,962272104,$962M,7.11
GLMRUSDT,GLMR,Speculative,,0.0097,251760.3377,-1.02,34.27276162919682,0.00018739093876607871,0.013414000000000004,0.01680150000000002,0.6053833437819743,0.5445026178010471,0.4921465968586387,0.5559620351838125,0.44572069460792874,0.009599999999999996,0.017849999999999998,macd_bullish_cross|doji_4h,1,0,haussier,365,0,0,30,,,17.0,28.0,59.5,47.0,50,35.34,False,False,,0,,,,45,,,,,,,,,
PORTOUSDT,PORTO,Speculative,,0.557,506881.23162,-1.59,31.9191122889996,0.0057750156880067155,0.7195599999999999,0.9681649999999997,0.6300900203199082,0.509009009009009,0.4963963963963964,1.2666507490175773,0.5877127220603175,0.5872777777777777,1.019638888888889,macd_bullish_cross|downtrend,1,1,mixte,365,0,0,30,,,17.0,37.0,59.5,57.5,16.6,35.33,False,False,,0,,,,40,,,,,,,,,
FOGOUSDT,FOGO,Mid,461,0.01325,197370.25101,0.076,47.21181243032483,0.00034896870972975745,0.0160722,,1.7633895950737164,0.5053956834532374,0.40197841726618705,0.12535187247518934,0.2448525532096175,0.012491944444444443,0.02092055555555556,downtrend,0,1,baissier,153,0,0,30,,,25.2,45.0,32.5,47.0,16.6,35.3,False,False,,0,,,,41,50868445,132649606,3840256271.134199,10014233423.92093,,38.3,,,
NILUSDT,NIL,Speculative,843,0.0424,1820995.190836,-2.752,44.10100255796755,-0.0004320636050211945,0.052435,0.054930000000000014,2.0418247513967684,0.6246753246753246,0.5415584415584416,0.5298440872578009,0.195454832341852,0.03337499999999999,0.06978666666666666,downtrend,0,1,baissier,365,0,0,30,,,17.0,37.0,28.0,68.0,16.6,35.26,False,False,,0,,,,35,19722540,42151795,467893249.996,1000000000.0,,46.8,,,
DODOUSDT,DODO,Speculative,940,0.01615,294442.380233,2.345,47.68350846902843,6.319905397426332e-05,0.017974800000000003,0.0173438,1.4734341121861374,0.3785166240409208,0.3094629156010231,0.465965786720823,0.3609624157463734,0.014446111111111113,0.020803055555555554,macd_bullish_cross|support_bounce|downtrend,2,1,haussier,365,0,0,30,,,17.0,45.0,58.0,47.0,16.6,35.26,False,False,,0,,,,45,16123596,16123596,1000000000.0,1000000000.0,1000000000.0,100.0,11334406,$11M,2.09
BNTUSDT,BNT,Speculative,636,0.2836,74037.40392,0.247,45.470413618450586,0.0015057630584038133,0.313344,0.3404045,0.5361144842678282,0.24942528735632183,0.17471264367816083,0.16871237531182534,0.8692919755645009,0.27284166666666665,0.3447722222222222,macd_bullish_cross|downtrend,1,1,mixte,365,0,0,30,,,17.0,37.0,87.5,47.0,16.6,35.12,False,False,,0,,,,47,30738594,30738594,107869331.9437224,107869331.9437224,110542364.6372305,100.0,17497931,$17M,4.92
KERNELUSDT,KERNEL,Speculative,982,0.0511,531422.27632,-2.481,42.49745264300274,0.0002925746848690368,0.05944799999999997,0.07258,0.8498292252778977,0.6150627615062761,0.5707112970711297,1.0,0.4218907412189282,0.05223333333333334,0.10144444444444445,macd_bullish_cross|downtrend,1,1,mixte,365,0,0,30,,,17.0,37.0,55.0,57.5,16.6,34.98,False,False,,0,,,,39,14690647,51043216,287808020.0,1000000000.0,1000000000.0,28.8,,,
AIXBTUSDT,AIXBT,Speculative,765,0.0234,658693.962358,-4.801,42.74434290451542,0.00027368353599580486,0.028896800000000004,0.0286327,1.0787496826666683,0.42674094707520893,0.34818941504178275,0.2887996779788405,0.4645806888676413,0.022094722222222224,0.034038888888888896,macd_bullish_cross|downtrend|doji_4h,1,1,mixte,365,0,0,30,,,17.0,36.0,58.0,57.5,16.6,34.91,False,False,,0,,,,39,23211474,23336126,994658423.1010208,1000000000.0,1000000000.0,99.5,,,
NEIROUSDT,NEIRO,Speculative,654,7.082e-05,1712144.88395011,-2.02,44.28202931102436,7.896679366207515e-07,8.505819999999998e-05,9.123735000000005e-05,1.019938664148121,0.46221878756654644,0.39120728147003264,0.3486000656595912,0.4689228581986465,5.665972222222222e-05,0.00010238472222222221,macd_bullish_cross|downtrend,1,1,mixte,365,0,0,30,,,17.0,28.0,58.0,68.0,16.6,34.86,False,False,,0,,,,37,29731292,29731292,420690000000.0,420690000000.0,420690000000.0,100.0,,,
PONDUSDT,POND,Speculative,988,0.00176,232768.67069,3.529,49.965008495037026,-7.905967050771756e-07,0.0018183999999999997,0.0027602499999999997,2.6054874713386176,0.45200000000000007,0.3,0.7461282917450892,0.09822733758555935,0.00151,0.002515,macd_bearish_cross|doji_4h,0,1,baissier,365,0,0,30,,,17.0,46.0,41.5,47.0,20.3,34.85,False,False,,0,,,,43,14413156,17571889,8202394162.0,10000000000.0,10000000000.0,82.0,,,
SNXUSDT,SNX,Mid,297,0.257,353301.6588,1.984,44.01793763928464,0.0021708801759763863,0.29816000000000004,0.3534550000000001,0.645555351353654,0.360655737704918,0.2950819672131147,0.15294271529508058,0.6423235864840838,0.25225000000000003,0.3379166666666667,macd_bullish_cross|downtrend,1,1,mixte,365,0,0,30,,,31.0,28.0,73.0,47.0,16.6,34.73,False,False,,0,,,,39,88367791,88476452,344516234.4572882,344939867.5556631,344939867.0,99.9,34043735,$34M,6.3
QTUMUSDT,QTUM,Mid,322,0.754,75788.0189,0.0,43.50185506841024,0.007041943829664457,0.8583200000000002,1.0485600000000002,0.6227121775841452,0.3448275862068965,0.27586206896551724,0.12812320580595157,0.6365858792297475,0.746527777777778,0.980888888888889,macd_bullish_cross|downtrend,1,1,mixte,365,0,0,30,,,31.0,28.0,73.0,47.0,16.6,34.73,False,False,,0,,,,39,79737045,81072421,106046420.75,107822406.0,,98.4,,,
GLMUSDT,GLM,Mid,247,0.1154,56584.50502,0.0,42.775034018924146,0.0003932672009504404,0.13165000000000002,0.17067149999999995,0.6392467487259839,0.32054616384915474,0.2483745123537061,0.14515991994184,0.5868413064810415,0.11522777777777776,0.14416944444444446,macd_bullish_cross|downtrend,1,1,mixte,365,0,0,30,,,31.0,28.0,73.0,47.0,16.6,34.73,False,False,,0,,,,39,114861037,114861037,1000000000.0,1000000000.0,,100.0,,,
NEOUSDT,NEO,Mid,203,2.288,407655.0931,0.087,38.64081828840065,0.01895456840830176,2.6958800000000003,3.0803700000000003,0.5296604150202567,0.35675182481751816,0.3032238442822384,0.40163815972713174,0.7139104549409819,2.2959166666666673,3.0492777777777773,macd_bullish_cross|downtrend,1,1,mixte,365,0,0,30,,,31.0,28.0,71.0,47.0,16.6,34.57,False,False,,0,,,,39,161067298,228367075,70530000.0,100000000.0,,70.5,,,
HAEDALUSDT,HAEDAL,Speculative,,0.01974,536955.100275,-0.604,37.44678657052276,-7.618109288640455e-05,0.028069600000000007,0.03346945,1.2349636419803716,0.5204373860973704,0.4847695912522781,0.7752457865798018,0.37051436536217025,0.02213638888888889,0.03547194444444444,downtrend,0,1,baissier,365,0,0,30,,,17.0,37.0,49.0,57.5,16.6,34.52,False,False,,0,,,,38,,,,,,,30242484,$30M,4.82
DYMUSDT,DYM,Speculative,,0.0176,513963.05625,0.0,46.184028456679755,0.0002450483453369592,0.020828,0.041795,1.2631454179967112,0.5508982035928144,0.46706586826347307,0.13908932561066706,0.34894704255905595,0.016561111111111117,0.029627777777777777,macd_bullish_cross|downtrend,1,1,mixte,365,0,0,30,,,17.0,37.0,49.0,57.5,16.6,34.52,False,False,,0,,,,41,,,,,,,,,
EULUSDT,EUL,Speculative,737,1.038,785746.58914,-3.262,47.65929574391989,0.017675082504086934,1.2247799999999998,1.6830549999999973,1.1257797900874063,0.4894387447193724,0.371756185878093,0.2780665146533651,0.5613678715526754,0.8263611111111111,1.5021666666666667,macd_bullish_cross|downtrend,1,1,mixte,247,0,0,30,,,13.8,37.0,58.0,57.5,16.6,34.42,False,False,,0,,,,42,25012819,28158287,24146317.188470602,27182818.28459,27182818.0,88.8,272443205,$272M,2.14
YBUSDT,YB,Speculative,849,0.0899,840320.76069,-5.269,44.338391500480014,0.000756718256743687,0.10803200000000004,0.21337300000000006,1.410614430401105,0.4248366013071895,0.34567901234567894,0.622850041029704,0.3375755852450704,0.09152222222222221,0.13310833333333333,macd_bullish_cross|downtrend,1,1,mixte,245,0,0,30,,,13.7,37.0,58.0,57.5,16.6,34.4,False,False,,0,,,,39,19342690,66247308,215576083.565986,738332421.1631632,1000000000.0,29.2,127864206,$128M,10.68
THETAUSDT,THETA,Mid,199,0.163,473646.73026,-3.664,42.43037429759895,0.0018149269937393561,0.19249,0.2256675,0.6991871391391351,0.3951417004048583,0.3388663967611336,0.15328495258235905,0.5998648989639078,0.15100555555555553,0.2277777777777778,macd_bullish_cross|downtrend,1,1,mixte,365,0,0,30,,,31.0,28.0,68.5,47.0,16.6,34.38,False,False,,0,,,,38,162588841,162588841,1000000000.0,1000000000.0,1000000000.0,100.0,,,
TURBOUSDT,TURBO,Mid,392,0.000919,391181.096991,-1.606,43.19978285957622,1.1181724233494357e-05,0.0010960200000000003,0.001318125,0.7477173945495561,0.3983859134262656,0.3257520176082172,0.16327266891530096,0.5232098529338454,0.0008977500000000002,0.0013006666666666668,macd_bullish_cross|downtrend,1,1,mixte,365,0,0,30,,,31.0,28.0,68.5,47.0,16.6,34.38,False,False,,0,,,,38,63288512,63288512,69000000000.0,69000000000.0,69000000000.0,100.0,,,
KSMUSDT,KSM,Mid,365,3.78,331853.00673,-0.787,38.296508996908805,0.03433498930440415,4.637400000000001,5.500899999999998,0.6195907271922717,0.4223706176961603,0.36560934891485813,0.37992334803637756,0.5941829933879527,3.781111111111111,5.471111111111111,macd_bullish_cross|downtrend,1,1,mixte,365,0,0,30,,,31.0,28.0,68.5,47.0,16.6,34.38,False,False,,0,,,,38,69473084,69473084,18369537.74272729,18369537.74272729,,100.0,,,
EGLDUSDT,EGLD,Mid,287,3.03,262093.0337,-0.98,38.57639771991098,0.033745561569577975,3.756999999999999,4.836599999999999,0.6293982326258605,0.41493775933609967,0.3672199170124482,0.220525881507522,0.6936427871780557,3.0916666666666672,4.4558333333333335,macd_bullish_cross|downtrend,1,1,mixte,365,0,0,30,,,31.0,28.0,68.5,47.0,16.6,34.38,False,False,,0,,,,38,91254851,91254851,30153753.0,30153753.0,,100.0,,,
BREVUSDT,BREV,Speculative,810,0.0835,543917.00956,-4.243,37.8867587731783,0.0009128803455324755,0.10673600000000004,,0.8137393284291489,0.43362831858407086,0.38200589970501475,0.48021529489384773,0.541642059960198,0.08779999999999998,0.13275833333333337,macd_bullish_cross|downtrend,1,1,mixte,162,0,0,30,,,11.4,36.0,68.5,57.5,16.6,34.35,False,False,,0,,,,41,20896734,83586936,250000000.0,1000000000.0,1000000000.0,25.0,,,
BARUSDT,BAR,Speculative,,0.288,307320.6678,0.0,25.827669658083266,0.0025097467715316894,0.37666,0.49633999999999995,0.4608221732323153,0.4911032028469752,0.48398576512455527,0.45928215146544393,0.4829762764171474,0.3094166666666666,0.5530833333333334,macd_bullish_cross,1,0,haussier,365,0,0,30,,,17.0,19.0,79.0,47.0,50,34.14,False,False,,0,,,,51,,,,,,,,,
WAXPUSDT,WAXP,Speculative,801,0.00459,132267.7528,-2.96,27.205318663003453,7.564327387645149e-06,0.0060034,0.0070366,0.575536878203955,0.46489104116222757,0.4430992736077482,0.34864865916539955,0.5327546443108387,0.005024444444444445,0.00716388888888889,macd_bullish_cross,1,0,haussier,365,0,0,30,,,17.0,19.0,79.0,47.0,50,34.14,False,False,,0,,,,51,21199959,21199959,4624275548.83111,4624275548.83111,,100.0,,,
MBLUSDT,MBL,Speculative,990,0.00074,672926.267524,-2.116,38.169099499733235,6.114148687569746e-06,0.0008721800000000001,0.00102235,0.588059345117792,0.4001759014951627,0.3491644678979771,0.4577388021587051,0.5079816118192444,0.000756888888888889,0.0010014722222222222,macd_bullish_cross|downtrend,1,1,mixte,365,0,0,30,,,17.0,28.0,79.0,57.5,16.6,34.12,False,False,,0,,,,40,14389362,22189954,19453887214.0,30000000000.0,30000000000.0,64.8,,,
YFIUSDT,YFI,Mid,358,2009.0,454320.1562,1.773,43.03540463525379,27.726559707312305,2379.38,2864.72,0.7250489542608828,0.37389770723104054,0.291005291005291,0.46424555425579594,0.7296023690996132,1995.638888888889,2781.972222222222,macd_bullish_cross|downtrend,1,1,mixte,365,0,0,30,,,31.0,28.0,65.0,47.0,16.6,34.11,False,False,,0,,,,38,71929379,73636546,35815.94701468851,36666.0,36666.0,97.7,152085749,$152M,-0.76
ZILUSDT,ZIL,Mid,388,0.00329,237639.39649,-1.201,43.07545118592757,3.2512875148370875e-05,0.0037889999999999985,0.004360200000000002,0.6001535723726666,0.3265765765765766,0.25450450450450457,0.42185543140733783,0.7552677435564327,0.0032816666666666662,0.004266666666666666,macd_bullish_cross|downtrend,1,1,mixte,365,0,0,30,,,31.0,28.0,65.0,47.0,16.6,34.11,False,False,,0,,,,38,64213911,67413542,19513551525.0,20485866805.61114,21000000000.0,95.3,,,
MOVRUSDT,MOVR,Speculative,896,1.426,1079381.706789,-0.834,42.63052635840844,0.03595838630710457,1.9706799999999998,1.939730000000001,0.9925339521611947,0.5925291295407814,0.5106237148732009,0.303866917801666,0.29281725899525196,1.117083333333333,2.680305555555555,macd_bullish_cross|downtrend|evening_star_4h,1,2,baissier,365,0,0,30,,,17.0,36.0,49.0,68.0,0,34.04,False,False,,0,,,,34,17363510,17871685,12189002.0,12545736.0,,97.2,,,
ICXUSDT,ICX,Speculative,619,0.0295,191133.2522,1.027,36.2051467229271,-7.352234091456819e-05,0.035390000000000005,0.04366100000000001,0.7049211400497191,0.321256038647343,0.2850241545893719,0.7801370854088714,0.6422120467140217,0.030725000000000002,0.03983055555555556,double_top_90d,0,1,baissier,365,0,0,30,,,17.0,37.0,73.0,47.0,16.7,34.02,False,False,,0,,,,42,32260659,32603985,1097116382.07914,1108792174.218095,,98.9,,,
METISUSDT,METIS,Speculative,759,3.13,417927.50498,1.623,56.60656445345525,0.07783113682362963,3.2800000000000016,4.044700000000001,0.8327810960492512,0.44393592677345534,0.2814645308924485,0.30739830669106144,0.5759558380099785,2.663333333333333,3.9099999999999997,macd_bullish_cross|downtrend,1,1,mixte,365,0,0,30,,,17.0,37.0,73.0,47.0,16.6,34.01,False,False,,0,,,,45,23529097,31403808,7492434.342,10000000.0,10000000.0,74.9,27779700,$28M,13.92
OGNUSDT,OGN,Speculative,,0.01831,286852.41392,-0.597,41.71356967364246,0.0001445890662824358,0.021380999999999997,0.025105200000000005,0.6557908067272418,0.33067411248504186,0.26844834463502193,0.933615097458473,0.6843967068327532,0.018363888888888888,0.024600555555555553,macd_bullish_cross|downtrend,1,1,mixte,365,0,0,30,,,17.0,37.0,73.0,47.0,16.6,34.01,False,False,,0,,,,42,,,,,,,,,
SSVUSDT,SSV,Speculative,590,2.38,273644.776188,-2.219,52.16827495162862,0.04490873150501004,2.5544000000000002,3.0768649999999993,0.9402988103927327,0.38463930348258707,0.25497512437810954,0.35090780099061447,0.5350665907939306,2.119194444444444,2.9554444444444448,macd_bullish_cross|downtrend,1,1,mixte,365,0,0,30,,,17.0,37.0,73.0,47.0,16.6,34.01,False,False,,0,,,,45,35002918,35002918,14699173.1,14699173.1,,100.0,13214350299,$13.2B,7.19
PSGUSDT,PSG,Speculative,,0.552,496359.33374,-0.541,28.604224711512657,-0.0020213587628018226,0.8370400000000001,0.8114999999999998,1.0230506968325828,0.5414175918018788,0.5269000853970964,0.4971117020896263,0.31219702829407286,0.6196111111111111,1.089972222222222,,0,0,neutre,365,0,0,30,,,17.0,27.0,44.5,47.0,50,33.89,False,False,,0,,,,48,,,,,,,,,
HYPERUSDT,HYPER,Speculative,728,0.075,673487.1899,0.536,41.29989481480247,0.001289934501416741,0.097394,0.10688149999999991,1.03828429170365,0.5997490589711417,0.5269761606022585,0.5280934709984026,0.2844232199160122,0.07402499999999998,0.12366388888888886,macd_bullish_cross|downtrend,1,1,mixte,365,0,0,30,,,17.0,37.0,38.5,57.5,16.6,33.71,False,False,,0,,,,36,25371681,60570601,338174017.0,807333335.0000001,1000000000.0,41.9,99083487,$99M,6.16
RESOLVUSDT,RESOLV,Speculative,,0.0181,626893.91218,-1.093,35.93583977938175,0.00036761171799947964,0.025722000000000002,0.05681800000000001,1.015773100990402,0.7269736842105263,0.7023026315789473,0.6173707615097651,0.21572008900389764,0.01871111111111111,0.04726111111111111,macd_bullish_cross|downtrend|doji_4h,1,1,mixte,365,0,0,30,,,17.0,37.0,38.5,57.5,16.6,33.71,False,False,,0,,,,36,,,,,,,14004897,$14M,-16.66
HEMIUSDT,HEMI,Speculative,,0.00558,1449506.712045,-8.674,40.61757280961409,5.3349601976600356e-05,0.007108000000000002,0.01038565,1.1717452181139192,0.501010101010101,0.43838383838383843,0.8006002794409661,0.3449653111429363,0.005722222222222222,0.008873888888888886,macd_bullish_cross|double_top_90d|downtrend,1,2,baissier,267,0,0,30,,,14.3,37.0,49.0,68.0,0,33.69,False,False,,0,,,,34,,,,,,,31644458,$32M,7.73
LAZIOUSDT,LAZIO,Speculative,,0.468,484121.36569,-2.092,38.34380711648758,0.004334181855586268,0.5516000000000001,0.7926399999999996,0.6200393750530234,0.3748251748251748,0.3440559440559441,0.8283703239604294,0.5052584257508179,0.4766666666666668,0.7024722222222223,downtrend,0,1,baissier,365,0,0,30,,,17.0,37.0,68.5,47.0,16.6,33.66,False,False,,0,,,,41,,,,,,,,,
RLCUSDT,RLC,Speculative,724,0.3538,190661.58757,-1.64,38.27204329528963,0.0012259760433519992,0.42322199999999993,0.5007704999999999,0.6632725633514844,0.3562256809338521,0.3081712062256809,0.5166222964136574,0.5914544907847037,0.35978333333333334,0.4818638888888889,macd_bullish_cross|downtrend|bullish_engulfing_4h,2,1,haussier,365,0,0,30,,,17.0,37.0,68.5,47.0,16.6,33.66,False,False,,0,,,,41,25635547,30812498,72382548.06525737,86999784.9868455,86999784.9868455,83.2,,,
LQTYUSDT,LQTY,Speculative,823,0.209,170492.7535,0.481,37.99839635655053,0.0011325214844886099,0.26598000000000005,0.3191950000000002,0.8856671595054993,0.44314868804664725,0.39067055393586014,0.5221707419286691,0.5994693136901347,0.2164722222222222,0.32341666666666663,macd_bullish_cross|downtrend|doji_4h,1,1,mixte,365,0,0,30,,,17.0,37.0,68.5,47.0,16.6,33.66,False,False,,0,,,,41,20596393,20862312,98725359.22892459,100000000.0,100000000.0,98.7,134072429,$134M,7.1
TUTUSDT,TUT,Speculative,,0.01074,445030.26075,-2.541,53.08444791266319,0.0001390161467289856,0.011221199999999995,0.012011500000000003,0.7875851135852818,0.32461103253182466,0.23196605374823195,0.37242531260094314,0.25983628074910115,0.008785000000000001,0.013002222222222222,downtrend,0,1,baissier,365,0,0,30,,,17.0,37.0,67.0,47.0,16.6,33.55,False,False,,0,,,,44,,,,,,,,,
KATUSDT,KAT,Speculative,,0.00581,1276969.64433,-0.684,38.25717004372989,9.217489590008013e-05,0.0080452,,1.047691126242165,0.7947474747474748,0.7652525252525253,0.21116563882900174,0.12355576152488079,0.006210277777777778,0.013264444444444445,downtrend|doji_4h,0,1,baissier,91,0,0,30,,,9.5,36.0,32.5,68.0,16.6,33.46,False,False,,0,,,,35,,,,,,,,,
EDUUSDT,EDU,Speculative,761,0.0302,1117506.9025,-1.307,33.55370692789559,0.0001073756287879252,0.042738,0.09734850000000005,1.0265783144655742,0.6816524908869988,0.6330498177399756,0.5407229265871344,0.2962813742642998,0.03345833333333333,0.06811944444444445,macd_bullish_cross|downtrend,1,1,mixte,365,0,0,30,,,17.0,28.0,38.5,68.0,16.6,33.36,False,False,,0,,,,34,23427743,30244251,774618056.0,1000000000.0,1000000000.0,77.5,,,
DCRUSDT,DCR,Mid,169,12.78,202875.47418,1.671,36.15728987940817,0.16358103203013763,16.306800000000006,20.42365000000002,0.6715980968585512,0.5476009139375476,0.5118050266565118,0.3358546043144204,0.5991420419705448,13.287222222222221,22.962222222222223,macd_bullish_cross|downtrend|bullish_engulfing_4h,2,1,haussier,365,0,0,30,,,31.0,28.0,55.0,47.0,16.6,33.34,False,False,,0,,,,36,223028304,223036449,17468463.61492315,17469101.52617559,21000000.0,100.0,,,
LISTAUSDT,LISTA,Speculative,828,0.0529,197076.27482,-1.306,34.314837998464725,0.0006140803435957399,0.07291,0.10785299999999999,0.913359831655615,0.4773445732349842,0.43940990516332984,0.21823825248703105,0.48433146060568694,0.05618888888888888,0.09268055555555556,macd_bullish_cross,1,0,haussier,365,0,0,30,,,17.0,19.0,68.5,47.0,50,33.33,False,False,,0,,,,44,20427394,42189163,385212691.23281306,795588564.255041,1000000000.0,48.4,660049719,$660M,5.53
BLURUSDT,BLUR,Mid,452,0.01868,204227.934837,-0.849,42.55296192125463,0.000301772273149667,0.022557799999999992,0.024959300000000007,0.7610006421298772,0.513142523364486,0.45239485981308414,0.23335107920446355,0.2781991500446187,0.017504166666666664,0.030059166666666668,macd_bullish_cross|downtrend,1,1,mixte,365,0,0,30,,,31.0,28.0,53.5,47.0,16.6,33.23,False,False,,0,,,,36,52765731,56087639,2822318759.703196,3000000000.0,3000000000.0,94.1,14294214,$14M,7.04
AMPUSDT,AMP,Mid,489,0.000543,921616.028967,1.306,25.54288299668616,5.5098479592446275e-06,0.0007581600000000003,0.0013749149999999993,0.6821934655599652,0.6065065840433772,0.5793958171959721,0.38678620837815675,0.5443306018638786,0.0005940277777777776,0.0011413333333333334,macd_bullish_cross|downtrend|doji_4h,1,1,mixte,365,0,0,30,,,31.0,19.0,55.0,57.5,16.6,32.99,False,False,,0,,,,39,47113318,54137897,86781193103.18022,99720238122.2857,100000000000.0,87.0,,,
RVNUSDT,RVN,Mid,355,0.00446,242722.535246,-1.109,39.48642118284356,4.757801836385351e-05,0.005306799999999998,0.0061783,0.573728968418843,0.36406250000000007,0.3015625,0.46377762626034214,0.6864180830294438,0.0045125,0.006137500000000001,macd_bullish_cross|double_top_90d|downtrend,1,2,baissier,365,0,0,30,,,31.0,28.0,79.0,47.0,0,32.66,False,False,,0,,,,36,72206716,72213012,16299115155.55053,16300536405.55053,21000000000.0,100.0,,,
MEUSDT,ME,Speculative,575,0.064,632268.771883,-3.03,33.380075387241334,0.0010431654107277404,0.09049600000000002,0.15009150000000007,0.8812622124729643,0.5299425758818703,0.47415914684167343,0.5743015087512283,0.644076120259848,0.06813055555555558,0.11548055555555556,macd_bullish_cross|downtrend,1,1,mixte,365,0,0,30,,,17.0,28.0,59.5,57.5,16.6,32.62,False,False,,0,,,,37,36222734,63970076,566239809.64883,999990886.787475,1000000000.0,56.6,,,
REQUSDT,REQ,Speculative,503,0.0584,85815.1156,-0.68,45.77697427060331,0.0004732087943449051,0.06573000000000001,0.08067250000000004,1.2630478681420154,0.46740220661985954,0.41123370110330987,0.3822542119077674,0.28664047281867555,0.05850833333333332,0.08284722222222221,macd_bullish_cross|downtrend,1,1,mixte,365,0,0,30,,,17.0,37.0,52.0,47.0,16.6,32.39,False,False,,0,,,,41,43111682,57889354,744291192.2591633,999416740.9347086,1000000000.0,74.5,,,
THEUSDT,THE,Speculative,,0.0695,532816.67258,-1.836,36.333971957820495,0.0006613141704423994,0.089016,0.16916100000000006,0.817384533245936,0.5913430935709739,0.558879694462126,0.32138781188353327,0.4449303781979489,0.0728,0.12665833333333332,macd_bullish_cross|downtrend,1,1,mixte,365,0,0,30,,,17.0,28.0,55.0,57.5,16.6,32.27,False,False,,0,,,,36,,,,,,,1439181,$1M,4.04
GTCUSDT,GTC,Speculative,,0.083,137635.6968,1.22,46.682229170085,0.0009630519262473387,0.09504,0.10603000000000008,0.7733205449980285,0.5898876404494382,0.5337078651685393,0.24681458331159542,0.19842456564184216,0.07499999999999997,0.12036111111111111,macd_bullish_cross|downtrend|doji_4h,1,1,mixte,365,0,0,30,,,17.0,37.0,49.0,47.0,16.6,32.16,False,False,,0,,,,41,,,,,,,,,
ANKRUSDT,ANKR,Speculative,530,0.00401,162044.632223,-1.956,42.50535571978972,3.1931707255918154e-05,0.004560600000000001,0.005402850000000002,0.5899810184106623,0.3260869565217391,0.27173913043478254,0.17260763553929576,0.41376547132850294,0.004045000000000001,0.005411944444444445,macd_bullish_cross|downtrend,1,1,mixte,365,0,0,30,,,17.0,28.0,83.5,47.0,16.6,32.11,False,False,,0,,,,41,40110528,40110528,10000000000.0,10000000000.0,10000000000.0,100.0,18867178,$19M,7.77
KNCUSDT,KNC,Speculative,802,0.1246,132778.91476,-0.796,41.814868413346225,0.0006536582182369369,0.13968999999999998,0.17136600000000005,0.5192402292576763,0.29940476190476195,0.25833333333333336,0.1390052204227295,0.32739325144826925,0.12316944444444451,0.15821111111111114,macd_bullish_cross|double_top_90d|doji_4h,1,1,mixte,365,0,0,30,,,17.0,28.0,83.5,47.0,16.7,32.11,False,False,,0,,,,41,21176580,29989301,170152851.23024455,240962655.9416953,252301550.0,70.6,1005431,$1M,2.58
ARPAUSDT,ARPA,Speculative,,0.00874,88229.173653,0.115,40.53786221105881,4.913679037391516e-05,0.010099399999999994,0.01099895,0.535199985040655,0.3385118560915781,0.28291087489779226,0.08737528392370394,0.5555604206858278,0.00855611111111111,0.011429166666666666,macd_bullish_cross|double_top_90d|support_bounce,2,1,haussier,365,0,0,30,,,17.0,28.0,83.5,47.0,16.7,32.11,False,False,,0,,,,41,,,,,,,,,
CGPTUSDT,CGPT,Speculative,834,0.02153,437437.867722,-4.903,44.12657872799487,0.00023354673296738736,0.0263084,0.02621905,1.0377954480038463,0.5469005847953217,0.4949707602339181,0.20536822273907607,0.31472441036249593,0.018967777777777785,0.03189000000000001,macd_bullish_cross|downtrend,1,1,mixte,365,0,0,30,,,17.0,36.0,49.0,47.0,16.6,31.86,False,False,,0,,,,38,20214702,21621867,932831148.0,997766421.0,1000000000.0,93.5,,,
AUDIOUSDT,AUDIO,Speculative,778,0.01558,307506.366564,-1.517,36.923758880887554,9.491422720841612e-05,0.0185566,0.022937399999999997,0.480381560887421,0.42018131651556956,0.38312968072526604,0.3213502904957256,0.33354637224947165,0.015681944444444443,0.022336111111111116,macd_bullish_cross|downtrend,1,1,mixte,365,0,0,30,,,17.0,28.0,79.0,47.0,16.6,31.76,False,False,,0,,,,40,22272754,22272754,1429072077.0,1429072077.931691,,100.0,,,
CVCUSDT,CVC,Speculative,859,0.02359,126128.38049,-0.338,37.77352468030995,0.00015950751651877472,0.028467200000000005,0.03486355000000001,0.5847130907543951,0.3534432018834609,0.3037080635668041,0.3608159228084156,0.6668302393025379,0.02427388888888889,0.032947500000000005,macd_bullish_cross|downtrend,1,1,mixte,365,0,0,30,,,17.0,28.0,79.0,47.0,16.6,31.76,False,False,,0,,,,40,18862602,23519453,802000010.0,1000000000.0,,80.2,,,
AUCTIONUSDT,AUCTION,Speculative,677,3.85,344332.3491,-1.028,36.61127091032173,0.016992616250008558,4.496600000000002,4.923499999999997,0.48949866162420497,0.30871212121212127,0.2670454545454546,0.2579100060192548,0.6754599152088154,3.9511111111111115,4.988055555555555,macd_bullish_cross|bear_flag,1,1,mixte,365,0,0,30,,,17.0,28.0,83.5,47.0,14.1,31.72,False,False,,0,,,,40,28580040,29429793,7420409.148028981,7641035.648362741,10000000.0,97.1,,,
GASUSDT,GAS,Mid,332,1.161,195260.0484,-0.343,34.467264942530775,0.01081281641886625,1.4633600000000002,1.7169549999999993,0.6319276678382684,0.4100877192982456,0.36074561403508776,0.2997630682868525,0.5562117755973799,1.2109722222222223,1.7639166666666664,macd_bullish_cross|downtrend|morning_star_4h,2,1,haussier,365,0,0,30,,,31.0,19.0,68.5,47.0,16.6,31.67,False,False,,0,,,,36,75484041,75484041,65093580.54427269,65093580.54427269,,100.0,,,
API3USDT,API3,Speculative,541,0.2741,399897.821013,-0.146,44.719476954483945,0.0035484014776390287,0.32344,0.353507,0.6502405072215975,0.37764584408879714,0.2903975219411462,0.2426669160740144,0.4220580805573669,0.2585416666666667,0.3888722222222223,macd_bullish_cross|support_bounce|downtrend,2,1,haussier,365,0,0,30,,,17.0,28.0,73.0,47.0,16.6,31.3,False,False,,0,,,,39,39048645,47001603,142794939.4039844,171877693.7539821,,83.1,16172469,$16M,0.44
CELRUSDT,CELR,Speculative,,0.002246,247762.6615588,-0.883,43.78402347508471,1.1477421627533707e-05,0.00257656,0.003006255000000003,0.7928180674449717,0.3332269390360676,0.28120012767315666,0.30587080611088296,0.5878952346461859,0.0022236944444444444,0.0029394444444444446,macd_bullish_cross|support_bounce|downtrend,2,1,haussier,365,0,0,30,,,17.0,28.0,73.0,47.0,16.6,31.3,False,False,,0,,,,39,,,,,,,15244531,$15M,-5.38
QKCUSDT,QKC,Speculative,871,0.002538,60300.413865,-1.322,40.847545072232855,1.9350681515581852e-05,0.002877759999999999,0.003418479999999998,0.4782067278637393,0.2836266030420519,0.24127646883388018,0.33072924407290233,0.7315606896005169,0.0025605,0.003247416666666667,macd_bullish_cross|bear_flag,1,1,mixte,365,0,0,30,,,17.0,28.0,75.5,47.0,14.1,31.1,False,False,,0,,,,39,18422765,25430160,7244454911.0,10000000000.0,,72.4,,,
SAGAUSDT,SAGA,Speculative,,0.01339,955364.92997,-0.594,39.37592032294171,9.592742138468235e-05,0.018641999999999995,0.03676800000000001,1.2536129763838935,0.7284034373586613,0.6976481230212573,0.25527624381701075,0.22780100487269364,0.014313333333333329,0.03170916666666666,macd_bullish_cross|downtrend,1,1,mixte,365,0,0,30,,,17.0,28.0,38.5,57.5,16.6,31.0,False,False,,0,,,,34,,,,,,,,,
IOSTUSDT,IOST,Speculative,684,0.000828,87506.821657,-1.546,36.65929289486529,3.1663176151977226e-06,0.0010114599999999996,0.0012977250000000002,0.6534350619757857,0.3793103448275863,0.3344025661587811,0.2954210488479246,0.6819793591310334,0.0008695277777777776,0.0011603055555555555,macd_bullish_cross|double_top_90d,1,1,mixte,365,0,0,30,,,17.0,28.0,68.5,47.0,16.7,30.96,False,False,,0,,,,38,28081119,28081119,33999051873.0,33999051873.0,90000000000.0,100.0,,,
VANAUSDT,VANA,Speculative,571,1.183,479427.71791,0.339,42.458971298900735,0.010852281973987438,1.4046800000000004,1.7745450000000007,0.639181261977905,0.3884726224783862,0.31757925072046117,0.3010765363628329,0.607203945592733,1.146277777777778,1.6138055555555557,macd_bullish_cross|downtrend,1,1,mixte,365,0,0,30,,,17.0,28.0,68.5,47.0,16.6,30.95,False,False,,0,,,,38,36449914,142012650,30800000.0,120000000.0,120000000.0,25.7,,,
MAGICUSDT,MAGIC,Speculative,937,0.0482,457368.64946,-1.23,37.68607121982003,0.00041664386549234225,0.059264000000000004,0.073701,0.6221086065808084,0.388283378746594,0.340599455040872,0.3071543789724575,0.6826995620438822,0.04930277777777777,0.06966666666666665,macd_bullish_cross|downtrend,1,1,mixte,365,0,0,30,,,17.0,28.0,68.5,47.0,16.6,30.95,False,False,,0,,,,38,16203656,16766319,336018972.3417761,347687042.9717532,347714007.0,96.6,,,
ALICEUSDT,ALICE,Speculative,,0.1082,440082.658198,-2.347,43.7607741295204,0.0011221082171854755,0.12769599999999998,0.14344150000000006,0.8025599498199539,0.4,0.3402439024390244,0.15388811428276727,0.364856693285842,0.10412222222222221,0.1592583333333334,macd_bullish_cross|downtrend,1,1,mixte,365,0,0,30,,,17.0,28.0,68.5,47.0,16.6,30.95,False,False,,0,,,,38,,,,,,,,,
SCRUSDT,SCR,Speculative,,0.03394,428235.939733,-0.934,36.808271770258045,0.00016012629535320632,0.04282260000000001,0.05568965000000004,0.7341462640002966,0.4020295202952029,0.37177121771217714,0.2573032451424125,0.5403325882306518,0.035430555555555555,0.05080555555555556,macd_bullish_cross|downtrend,1,1,mixte,365,0,0,30,,,17.0,28.0,68.5,47.0,16.6,30.95,False,False,,0,,,,38,,,,,,,,,
MUBARAKUSDT,MUBARAK,Speculative,,0.01103,368692.757423,-0.987,43.970646055658285,0.0001472705507987853,0.013282000000000006,0.015081300000000002,0.9395114382955981,0.42019733023795697,0.35867672663958206,0.17923276982135988,0.5110414194215165,0.010674722222222223,0.015890833333333333,macd_bullish_cross|downtrend,1,1,mixte,365,0,0,30,,,17.0,28.0,68.5,47.0,16.6,30.95,False,False,,0,,,,38,,,,,,,,,
CHRUSDT,CHR,Speculative,939,0.01659,362165.82512,-3.547,40.30833702003717,0.0001511755623858843,0.0215286,0.028160650000000006,0.9154984096631295,0.47150799166087565,0.42355802640722723,0.2392719093246202,0.4774811721945081,0.01480277777777778,0.026222777777777786,macd_bullish_cross|downtrend,1,1,mixte,365,0,0,30,,,17.0,28.0,68.5,47.0,16.6,30.95,False,False,,0,,,,38,16146736,16146736,974831915.3782,974831915.3782,978064789.0,100.0,,,
MASKUSDT,MASK,Speculative,550,0.383,347816.313,0.525,43.91603019056332,0.004632172258950268,0.44964000000000004,0.5092900000000001,0.6298452603817374,0.39361702127659565,0.3173758865248226,0.34403441092095094,0.6157691637101631,0.37494444444444447,0.5323333333333333,macd_bullish_cross|downtrend,1,1,mixte,365,0,0,30,,,17.0,28.0,68.5,47.0,16.6,30.95,False,False,,0,,,,38,38214187,38214187,100000000.0,100000000.0,100000000.0,100.0,,,
ACTUSDT,ACT,Speculative,,0.0105,325265.003365,-1.685,41.328682229114946,0.00016447105402232775,0.012864600000000002,0.017613149999999994,0.7329335547218261,0.43905325443786974,0.37810650887573954,0.20730173454198528,0.5526965874235789,0.010402777777777778,0.01588611111111111,macd_bullish_cross|downtrend,1,1,mixte,365,0,0,30,,,17.0,28.0,68.5,47.0,16.6,30.95,False,False,,0,,,,38,,,,,,,,,
USUALUSDT,USUAL,Speculative,868,0.01035,307965.057986,-1.24,39.193100897126406,0.00012377243139197408,0.013177399999999997,0.017742549999999992,0.8886896972792183,0.4699421965317919,0.39768786127167627,0.296055415973724,0.64107172700339,0.010549444444444443,0.01580472222222222,macd_bullish_cross|downtrend,1,1,mixte,365,0,0,30,,,17.0,28.0,68.5,47.0,16.6,30.95,False,False,,0,,,,38,18514438,19039851,1790016387.4638243,1840814470.683418,3000000000.0,97.2,95085115,$95M,0.03
ACEUSDT,ACE,Speculative,,0.0872,300030.92496,-0.796,35.42645963049145,0.00011615506485850371,0.11254199999999999,0.17214050000000003,0.8340681073882046,0.4388888888888889,0.3930555555555555,0.34148425195119503,0.5424008192821864,0.09340833333333334,0.1388888888888889,macd_bullish_cross|downtrend,1,1,mixte,365,0,0,30,,,17.0,28.0,68.5,47.0,16.6,30.95,False,False,,0,,,,38,,,,,,,,,
ONEUSDT,ONE,Speculative,771,0.00153,177662.7116,-2.548,36.557036120700246,1.4943827149538271e-05,0.0019792,0.002729149999999999,0.7418838977071331,0.44230769230769235,0.4076923076923077,0.3086502968759548,0.5375734309279747,0.0015986111111111108,0.0024330555555555555,macd_bullish_cross|downtrend,1,1,mixte,365,0,0,30,,,17.0,28.0,68.5,47.0,16.6,30.95,False,False,,0,,,,38,22755906,22755909,14870211425.762915,14870212769.762915,,100.0,,,
FLUXUSDT,FLUX,Speculative,786,0.0536,176264.799221,-3.249,39.364741973971036,0.00025184112201723924,0.066768,0.07740400000000001,0.9235408236578597,0.4186046511627906,0.3744186046511627,0.1635413031413568,0.45420937210274226,0.04946666666666667,0.07857222222222222,macd_bullish_cross|downtrend,1,1,mixte,365,0,0,30,,,17.0,28.0,68.5,47.0,16.6,30.95,False,False,,0,,,,38,22007368,22024946,411698754.4991484,412027586.4991484,440000000.0,99.9,,,
ALPINEUSDT,ALPINE,Speculative,,0.353,175530.03492,-2.755,40.75358109253022,0.002273106810242967,0.41418000000000005,0.470265,0.6124898973240331,0.3597678916827853,0.3133462282398453,0.24884660026463654,0.6122377807808324,0.3602777777777777,0.4780833333333333,macd_bullish_cross|downtrend|morning_star_4h,2,1,haussier,365,0,0,30,,,17.0,28.0,68.5,47.0,16.6,30.95,False,False,,0,,,,38,,,,,,,,,
MAVUSDT,MAV,Speculative,,0.011,147444.88569,-1.345,39.75631081817013,0.0001047282923521361,0.013517600000000003,0.018628749999999996,0.6925239704937627,0.4076470588235294,0.3505882352941177,0.21543860313111474,0.5332346951175958,0.01117138888888889,0.016402222222222228,macd_bullish_cross|downtrend,1,1,mixte,365,0,0,30,,,17.0,28.0,68.5,47.0,16.6,30.95,False,False,,0,,,,38,,,,,,,1114860,$1M,3.92
PIVXUSDT,PIVX,Speculative,,0.052,145397.0731,-1.887,39.78245064801082,0.0004764279616825103,0.063566,0.10040550000000004,0.7498916817693448,0.47608926673751334,0.44314558979808716,0.25660270611351177,0.531724771818838,0.05375000000000001,0.0892222222222222,macd_bullish_cross|downtrend,1,1,mixte,365,0,0,30,,,17.0,28.0,68.5,47.0,16.6,30.95,False,False,,0,,,,38,,,,,,,,,
RAREUSDT,RARE,Speculative,,0.0136,131053.29576,0.0,44.12579171160119,0.00010357984009771266,0.015688000000000004,0.018703499999999987,0.6881327754850136,0.49372384937238495,0.4309623430962344,0.09174234584599676,0.44892851053409,0.013297222222222222,0.018511111111111117,macd_bullish_cross|downtrend,1,1,mixte,365,0,0,30,,,17.0,28.0,68.5,47.0,16.6,30.95,False,False,,0,,,,38,,,,,,,,,
ARKUSDT,ARK,Speculative,746,0.1241,66147.1483,-0.799,36.549877867093855,0.0009842609385329708,0.15553600000000004,0.20227499999999982,0.7080105541895306,0.39059196617336156,0.339323467230444,0.26917228683930294,0.6480170580014427,0.12973888888888888,0.18085277777777778,macd_bullish_cross|downtrend|morning_star_4h,2,1,haussier,365,0,0,30,,,17.0,28.0,68.5,47.0,16.6,30.95,False,False,,0,,,,38,24461256,24461256,197220558.0,197220558.0,,100.0,,,
BTTCUSDT,BTTC,Speculative,,2.7e-07,426421.8073426,0.0,40.89093395534193,2.8057303820427515e-10,3.078000000000002e-07,3.491499999999994e-07,0.6020998430363801,0.2571428571428571,0.2285714285714285,0.33263466070726244,0.5197933641514376,2.7777777777777787e-07,3.352777777777779e-07,macd_bullish_cross|bear_flag|doji_4h,1,1,mixte,365,0,0,30,,,17.0,28.0,73.0,47.0,14.1,30.91,False,False,,0,,,,38,,,,,,,,,
AIUSDT,AI,Speculative,606,0.0218,223435.40608,-2.679,40.29993945256457,-0.00014122563385551336,0.024763999999999998,0.028018499999999974,0.7153178195073934,0.3096774193548387,0.2935483870967742,0.1479241464951238,0.29365835219187186,0.018349999999999998,0.029488888888888884,downtrend|doji_4h,0,1,baissier,365,0,0,30,,,17.0,28.0,67.0,47.0,16.6,30.84,False,False,,0,,,,38,33403641,256030302,1304675313.0,10000000000.0,10000000000.0,13.0,,,
PIXELUSDT,PIXEL,Speculative,,0.00573,804742.285141,-0.174,42.1065767909423,6.110338305984785e-05,0.006981799999999999,0.007676250000000001,0.8612792555590271,0.46638655462184875,0.3970588235294118,0.3141054532542141,0.41034328981686885,0.0057241666666666665,0.009001666666666666,macd_bullish_cross|double_top_90d|downtrend,1,2,baissier,365,0,0,30,,,17.0,28.0,68.5,57.5,0,30.78,False,False,,0,,,,34,,,,,,,,,
CYBERUSDT,CYBER,Speculative,747,0.363,639248.42383,-0.548,36.16202536365027,0.0025978697438844914,0.4675799999999999,0.594365,0.7273440964479447,0.4278350515463917,0.37628865979381443,0.36491285908928645,0.6949321754558017,0.3810555555555555,0.5641111111111111,macd_bullish_cross|double_top_90d|downtrend|doji_4h,1,2,baissier,365,0,0,30,,,17.0,28.0,68.5,57.5,0,30.78,False,False,,0,,,,34,24454952,36367323,67244300.43333334,100000000.0,100000000.0,67.2,,,
PYRUSDT,PYR,Speculative,,0.189,636538.751665,2.162,33.16594200583249,0.000823228617228576,0.244,0.34631000000000023,0.6587107388820683,0.4080267558528428,0.36789297658862874,0.5230818054590913,0.6082596649990887,0.20144444444444445,0.29713888888888895,macd_bullish_cross|double_top_90d|downtrend|doji_4h,1,2,baissier,365,0,0,30,,,17.0,28.0,68.5,57.5,0,30.78,False,False,,0,,,,34,,,,,,,,,
1MBABYDOGEUSDT,1MBABYDOGE,Speculative,,0.0003461,338301.7885285,-0.944,43.822580962753044,2.3642454566841492e-06,0.000396064,0.0004800089999999997,0.7255199101492479,0.32435254803675856,0.27255639097744355,0.23814316699286717,0.7490807861764782,0.0003457111111111111,0.00044896944444444437,macd_bullish_cross|downtrend,1,1,mixte,365,0,0,30,,,17.0,28.0,65.0,47.0,16.6,30.68,False,False,,0,,,,38,,,,,,,,,
TREEUSDT,TREE,Speculative,894,0.0474,273850.07125,-0.211,36.68533756782257,0.0004918287784796312,0.060692,0.07885750000000001,0.7685641667087468,0.44458930899608873,0.3807040417209909,0.24639856640452598,0.5276513141312157,0.048763888888888884,0.07386666666666669,macd_bullish_cross|double_top_90d,1,1,mixte,323,0,0,30,,,15.8,28.0,68.5,47.0,16.7,30.68,False,False,,0,,,,38,17627108,19761773,101361867.09737062,113636916.14590381,200000000.0,89.2,68897918,$69M,1.39
RONINUSDT,RONIN,Speculative,,0.0627,575942.567298,0.0,38.206172303692014,0.0004997995848341624,0.086952,0.11065650000000007,1.7333066800622114,0.5518575851393188,0.5131578947368421,0.3795258289657544,0.34427496723152956,0.06714444444444445,0.108475,macd_bullish_cross|downtrend,1,1,mixte,365,0,0,30,,,17.0,28.0,34.0,57.5,16.6,30.65,False,False,,0,,,,33,,,,,,,,,
STOUSDT,STO,Speculative,,0.0512,696732.2699,-0.967,37.81212096112569,0.0006412675920987824,0.06986200000000001,0.08822500000000001,1.3712473228641422,0.8879714349475563,0.8857397902253961,0.1401162292310847,0.06562571041366747,0.05450555555555556,0.20718333333333336,downtrend,0,1,baissier,365,0,0,30,,,17.0,28.0,32.5,57.5,16.6,30.54,False,False,,0,,,,33,,,,,,,,,
PROMUSDT,PROM,Speculative,818,1.137,368056.61882,3.552,48.21706901339542,0.040257803191307104,1.4271000000000003,3.093990000000001,1.6061030943628705,0.5875776397515527,0.5287784679089027,0.45749208539206476,0.14198856796434808,0.9885833333333337,2.2298055555555556,downtrend,0,1,baissier,365,0,0,30,,,17.0,37.0,28.0,47.0,16.6,30.54,False,False,,0,,,,38,20731970,21867968,18250000.0,19250000.0,19250000.0,94.8,,,
SOLVUSDT,SOLV,Speculative,,0.00344,211239.48871,-1.149,42.52641850747298,2.323139065640834e-05,0.004053999999999999,0.007397850000000009,0.6083078107355877,0.42397137745974955,0.38103756708407877,0.11822268805854998,0.058205370693730975,0.003236111111111112,0.005059444444444445,macd_bullish_cross|downtrend,1,1,mixte,365,0,0,30,,,17.0,28.0,62.5,47.0,16.6,30.49,False,False,,0,,,,37,,,,,,,429540250,$430M,7.32
DOLOUSDT,DOLO,Speculative,,0.02472,121333.377597,-1.788,41.945263700611825,0.00031698243864928134,0.030073799999999994,0.03702724999999999,0.923007914996074,0.42485022141182605,0.3524355300859599,0.11983111269366421,0.49025986891936957,0.025160000000000002,0.03649972222222221,macd_bullish_cross|downtrend,1,1,mixte,294,0,0,30,,,15.1,28.0,68.5,47.0,16.6,30.47,False,False,,0,,,,38,,,,,,,120963850,$121M,-6.43
ONTUSDT,ONT,Mid,473,0.05008,412692.15795,-0.179,44.846958139031614,0.0008591217166095638,0.05763159999999999,0.05961029999999998,0.6178038124156142,0.5938981837702424,0.5518475440637022,0.19612930157314853,0.21982595344012984,0.045685,0.09134250000000002,death_cross|downtrend,0,2,baissier,365,0,0,30,,,31.0,28.0,49.0,47.0,0,30.35,False,False,,0,,,,31,49854855,49854855,1000000000.0,1000000000.0,,100.0,,,
TUSDT,T,Speculative,502,0.00387,210328.374009,-0.769,31.071848015772616,4.367628268835182e-05,0.005116800000000002,0.0071934500000000005,0.6413146018757884,0.4676470588235294,0.42941176470588227,0.5418216234198803,0.7410948361363064,0.004085277777777777,0.0065077777777777755,macd_bullish_cross|downtrend,1,1,mixte,365,0,0,30,,,17.0,28.0,60.5,47.0,16.6,30.34,False,False,,0,,,,37,43169707,43169707,11155000000.0,11155000000.0,,100.0,342692149,$343M,6.27
BIGTIMEUSDT,BIGTIME,Speculative,900,0.00911,193806.04174,-2.358,37.15079566785616,0.00010426610208948291,0.011818,0.015803499999999998,0.7766607627952788,0.4622823984526112,0.41005802707930367,0.41984379204531735,0.7173267610233649,0.009484722222222224,0.014332222222222218,macd_bullish_cross|downtrend,1,1,mixte,365,0,0,30,,,17.0,28.0,60.5,47.0,16.6,30.34,False,False,,0,,,,37,17409660,45616940,1908245059.7925065,5000000000.0,5000000000.0,38.2,,,
WOOUSDT,WOO,Speculative,704,0.01395,159273.147842,-0.072,42.90718717483607,0.0001389070806042214,0.016814399999999997,0.020365100000000008,0.7500840103975698,0.39082125603864737,0.321256038647343,0.1435587012185253,0.7281474666503072,0.014066666666666665,0.019883333333333343,macd_bullish_cross|downtrend,1,1,mixte,365,0,0,30,,,17.0,28.0,60.5,47.0,16.6,30.34,False,False,,0,,,,37,26341825,26341825,1888782088.294737,1888782088.294737,3000000000.0,100.0,5313316,$5M,3.25
1000SATSUSDT,1000SATS,Speculative,,1.004e-05,478141.24923504,-0.692,40.829494602123305,1.4835176349289585e-07,1.2553599999999998e-05,1.3511249999999985e-05,0.82309985066223,0.5037837837837837,0.45729729729729723,0.3145142276395485,0.4532652650771866,9.781111111111113e-06,1.6011111111111112e-05,macd_bullish_cross|downtrend|doji_4h,1,1,mixte,365,0,0,30,,,17.0,28.0,59.5,47.0,16.6,30.26,False,False,,0,,,,37,,,,,,,,,
YGGUSDT,YGG,Speculative,819,0.02693,282405.467104,1.469,38.96278288136824,0.0002941521137371488,0.036149999999999995,0.04786424999999998,0.9067482071015536,0.5003097253768326,0.4391905843485443,0.2618779645637828,0.6265976163470858,0.027901666666666665,0.0446075,macd_bullish_cross|downtrend,1,1,mixte,365,0,0,30,,,17.0,28.0,59.5,47.0,16.6,30.26,False,False,,0,,,,37,20812531,27005443,770679100.4517902,1000000000.0,1000000000.0,77.1,,,
JOEUSDT,JOE,Speculative,980,0.0322,100340.590036,-1.829,39.286619924264464,0.00037925883504342627,0.04072799999999999,0.04815749999999999,0.8167796496937836,0.5103448275862069,0.4448275862068966,0.32590665277639025,0.5457764745982334,0.03243333333333334,0.05123611111111111,macd_bullish_cross|downtrend|doji_4h,1,1,mixte,365,0,0,30,,,17.0,28.0,59.5,47.0,16.6,30.26,False,False,,0,,,,37,14759859,16132796,457181657.224341,499707918.0306486,500000000.0,91.5,11075570,$11M,1.57
GMTUSDT,GMT,Speculative,707,0.00843,357964.331615,-0.472,40.44083819570186,6.618352130152228e-05,0.0103516,0.012725899999999991,1.1650215227849043,0.4219219219219219,0.3656156156156157,0.24085579262041265,0.47747781105192444,0.00859611111111111,0.012335833333333336,macd_bullish_cross|downtrend,1,1,mixte,365,0,0,30,,,17.0,28.0,58.0,47.0,16.6,30.14,False,False,,0,,,,37,26168138,42673139,3111400155.0,5073850155.102167,6000000000.0,61.3,,,
TURTLEUSDT,TURTLE,Speculative,,0.0377,236252.37215,0.533,42.319032400996804,0.000342805599361555,0.045156,0.04957350000000002,0.690076080601652,0.4103448275862069,0.34827586206896555,0.3297554926442027,0.41518268563771554,0.03742222222222222,0.05362777777777776,macd_bullish_cross|downtrend,1,1,mixte,238,0,0,30,,,13.5,28.0,68.5,47.0,16.6,30.1,False,False,,0,,,,38,,,,,,,,,
MBOXUSDT,MBOX,Speculative,,0.0038,236013.37202,-11.628,19.782343121221245,-0.0004302945203599384,0.010344000000000004,0.020034000000000007,1.6764974246269975,0.7978142076502732,0.7978142076502732,0.5331642258946393,0.2747584702466189,0.007533333333333333,0.016033333333333333,uptrend,1,0,haussier,365,0,0,30,,,17.0,19.0,22.0,47.0,50,29.75,False,False,,0,,,,42,,,,,,,,,
SXTUSDT,SXT,Speculative,807,0.00807,729505.33395,-2.3,29.541601598664613,5.5677730029121426e-05,0.0119612,0.01998735000000001,0.8334594346813595,0.5656509695290859,0.554016620498615,0.8494388891747593,0.4484816890332243,0.009250277777777776,0.01753583333333333,macd_bullish_cross|downtrend|bearish_engulfing_4h,1,2,baissier,365,0,0,30,,,17.0,28.0,55.0,57.5,0,29.74,False,False,,0,,,,38,21004672,40412039,2598813644.2665,5000000000.0,5000000000.0,52.0,,,
TOWNSUSDT,TOWNS,Speculative,,0.00233,501089.26518,-3.32,38.98037512623495,1.644729134767705e-05,0.0030576,0.004440200000000002,1.0359387152103285,0.44072164948453607,0.39948453608247425,0.40188192236770415,0.4966440316259174,0.002468055555555556,0.003843611111111111,macd_bullish_cross|double_top_90d|downtrend|doji_4h,1,2,baissier,316,0,0,30,,,15.7,28.0,58.0,57.5,0,29.64,False,False,,0,,,,33,,,,,,,,,
STEEMUSDT,STEEM,Speculative,734,0.04581,195516.270615,0.527,40.562361935878286,0.0002820234226842567,0.05281060000000002,0.06009159999999997,0.5971621657138811,0.31124241456403695,0.2684445863941233,0.4954216118923298,0.6015629903629749,0.046376944444444436,0.061854722222222214,macd_bullish_cross|bear_flag|downtrend,1,2,baissier,365,0,0,30,,,17.0,28.0,83.5,47.0,0,29.58,False,False,,0,,,,37,25170136,25170293,550159239.035,550162663.465,,100.0,,,
QIUSDT,QI,Speculative,,0.00139,82812.05652,-0.714,42.28216296812309,8.881265503946613e-06,0.0015902000000000002,0.00223165,0.5659906159802438,0.32307692307692304,0.28717948717948716,0.287583691760908,0.5687470513363914,0.0013652777777777778,0.0019383333333333331,macd_bullish_cross|bear_flag|downtrend,1,2,baissier,365,0,0,30,,,17.0,28.0,83.5,47.0,0,29.58,False,False,,0,,,,37,,,,,,,183658139,$184M,3.36
WINUSDT,WIN,Speculative,890,1.801e-05,80931.04639921,-0.662,44.92343600637144,9.568493422713429e-08,1.9475799999999994e-05,2.3627249999999996e-05,0.5181342977556084,0.2589167767503303,0.2060766182298548,0.21537019116907521,0.6004000353439131,1.7884444444444443e-05,2.1554444444444447e-05,macd_bullish_cross|bear_flag|downtrend|bullish_engulfing_4h,2,2,mixte,365,0,0,30,,,17.0,28.0,83.5,47.0,0,29.58,False,False,,0,,,,37,17794155,17794155,993701854154.286,993701859243.3864,,100.0,,,
IQUSDT,IQ,Speculative,784,0.000836,55083.838836,0.481,35.38498383226202,2.467503377104514e-06,0.00101348,0.0012720900000000005,0.509565188331972,0.35037720033528924,0.2950544844928752,0.23602733020313124,0.6410839455181737,0.0008756944444444448,0.001163527777777778,macd_bullish_cross|double_top_90d|downtrend,1,2,baissier,365,0,0,30,,,17.0,28.0,83.5,47.0,0,29.58,False,False,,0,,,,37,22044713,22044713,26331959476.929,26331959476.929,60000000000.0,100.0,,,
FUSDT,F,Speculative,904,0.00404,218321.71946,-0.247,38.15194326041214,3.7069695806730735e-05,0.0050224000000000015,0.005936449999999998,0.7287903913705307,0.3990147783251231,0.3316912972085386,0.4115806079038569,0.7206004560527078,0.004155555555555557,0.005899166666666667,macd_bullish_cross|downtrend,1,1,mixte,235,0,0,30,,,13.4,28.0,60.5,47.0,16.6,29.46,False,False,,0,,,,37,17309876,40373724,4287411353.0,10000000000.0,10000000000.0,42.9,4826186,$5M,0.9
INITUSDT,INIT,Speculative,,0.0595,498343.9723,-1.327,40.52261317633137,0.0010964777702977954,0.07868600000000002,0.08497800000000004,1.0431934930367068,0.5140781108083561,0.4604904632152589,0.4310610908771965,0.39268866880584874,0.059861111111111115,0.09972222222222221,macd_bullish_cross|downtrend|doji_4h,1,1,mixte,365,0,0,30,,,17.0,28.0,49.0,47.0,16.6,29.45,False,False,,0,,,,35,,,,,,,,,
REDUSDT,RED,Speculative,529,0.096,478143.67597,-1.639,36.55606044865852,0.000513730797576481,0.123632,0.17231449999999984,0.7425984432462291,0.543597409068261,0.5201793721973094,0.24225322053366924,0.27293536681728564,0.0977722222222222,0.16367777777777778,macd_bullish_cross|downtrend,1,1,mixte,365,0,0,30,,,17.0,28.0,49.0,47.0,16.6,29.45,False,False,,0,,,,35,40182031,95935301,418845102.0,1000000000.0,1000000000.0,41.9,,,
ONGUSDT,ONG,Speculative,758,0.04967,148131.47382,-0.858,36.42582211884445,0.00046014680826343517,0.06303299999999998,0.07327975000000003,0.6787085400286569,0.5532659409020217,0.5134136858475894,0.19643389152965776,0.28091444621785333,0.05118388888888888,0.08898999999999999,macd_bullish_cross|downtrend,1,1,mixte,365,0,0,30,,,17.0,28.0,49.0,47.0,16.6,29.45,False,False,,0,,,,35,23424190,39659073,472511097.0,800000000.0,1000000000.0,59.1,,,
SOMIUSDT,SOMI,Speculative,889,0.1114,533701.43335,-2.962,32.88336402928809,0.0009111154885481122,0.15599800000000003,0.19735150000000004,0.8761014392098275,0.5,0.445382323733863,0.4153449129022132,0.6336055266511267,0.12165000000000001,0.19131666666666666,macd_bullish_cross|downtrend|doji_4h,1,1,mixte,288,0,0,30,,,14.9,19.0,59.5,57.5,16.6,29.39,False,False,,0,,,,34,17833370,111319415,160200000.0,1000000000.0,1000000000.0,16.0,,,
JUVUSDT,JUV,Speculative,,0.355,432941.92351,-1.389,37.47103413496174,0.004339440246288094,0.42734,0.5770449999999999,0.5696006872062953,0.4046762589928058,0.36151079136690656,0.4385567519718575,0.5814280652918351,0.36388888888888893,0.5385833333333334,macd_bullish_cross|double_top_90d|downtrend|doji_4h,1,2,baissier,365,0,0,30,,,17.0,28.0,79.0,47.0,0,29.23,False,False,,0,,,,36,,,,,,,,,
CITYUSDT,CITY,Speculative,,0.402,416871.30833,-0.248,35.04904281863337,0.005711060732808443,0.49913999999999986,0.5858899999999996,0.5680710575406361,0.4973474801061008,0.46816976127320953,0.46283321929577664,0.3016878270136822,0.41022222222222227,0.6931111111111111,downtrend|evening_star_4h,0,2,baissier,365,0,0,30,,,17.0,28.0,79.0,47.0,0,29.23,False,False,,0,,,,36,,,,,,,,,
BANANAUSDT,BANANA,Speculative,,3.049,300016.713644,-0.522,39.457412063189444,0.018916025102369005,3.659839999999999,4.936659999999998,0.5981390918638744,0.398093220338983,0.3491525423728813,0.25422259181158796,0.6313400362103048,3.055472222222222,4.216222222222223,macd_bullish_cross|double_top_90d|downtrend,1,2,baissier,365,0,0,30,,,17.0,28.0,79.0,47.0,0,29.23,False,False,,0,,,,36,,,,,,,,,
SAPIENUSDT,SAPIEN,Speculative,814,0.0834,299126.76673,-2.684,43.539012498250536,0.0008051057986621065,0.09908199999999992,0.10290500000000004,1.0697874881044889,0.459795321637427,0.38888888888888895,0.18384999284213344,0.4371515225901641,0.06818333333333332,0.11953333333333334,macd_bullish_cross|downtrend,1,1,mixte,223,0,0,30,,,13.1,28.0,58.0,47.0,16.6,29.19,False,False,,0,,,,37,20847732,83390930,250000000.0,1000000000.0,1000000000.0,25.0,,,
MINAUSDT,MINA,Mid,429,0.0437,348877.20775,-2.673,33.92096859640344,0.00024562468462139674,0.05533800000000001,0.06711350000000002,0.6446339197774208,0.4130434782608696,0.3652173913043479,0.25392437558649616,0.6502174837141491,0.045802777777777776,0.06475555555555555,macd_bullish_cross|double_top_90d|downtrend,1,2,baissier,365,0,0,30,,,31.0,19.0,68.5,47.0,0,29.14,False,False,,0,,,,32,56237963,56237963,1290351929.840039,1290351929.840039,,100.0,,,
POWRUSDT,POWR,Speculative,701,0.0503,63357.3225,-0.789,36.365592601691034,0.0002230698534549983,0.060020000000000025,0.070742,0.5750339032415749,0.31805157593123207,0.27793696275071633,0.22072593843647478,0.7019186539526149,0.0520611111111111,0.06783333333333333,macd_bullish_cross|double_top_90d|bear_flag,1,2,baissier,365,0,0,30,,,17.0,28.0,75.5,47.0,0,28.96,False,False,,0,,,,35,26593201,50173612,529761884.726046,999506122.99937,1000000000.0,53.0,,,
SCUSDT,SC,Speculative,570,0.000733,86962.779164,-0.946,35.523043079000715,4.3477183434259255e-06,0.0008752799999999997,0.001173955,0.629990475578823,0.3448275862068965,0.2969348659003832,0.3401076977795901,0.6847875807766289,0.0007595,0.0010172222222222223,macd_bullish_cross|bear_flag|downtrend,1,2,baissier,365,0,0,30,,,17.0,28.0,73.0,47.0,0,28.77,False,False,,0,,,,35,36470886,36470886,49751295000.0225,49751295000.0225,,100.0,,,
SHELLUSDT,SHELL,Speculative,,0.0263,481281.33274,-4.015,37.43929077520807,0.0001605621207063897,0.03266600000000001,0.03730749999999998,0.7031592165150027,0.3960880195599022,0.3569682151589242,0.3681914186881338,0.45442223688883226,0.026466666666666673,0.03898055555555555,macd_bullish_cross|double_top_90d|downtrend,1,2,baissier,365,0,0,30,,,17.0,28.0,68.5,47.0,0,28.42,False,False,,0,,,,34,,,,,,,,,
HFTUSDT,HFT,Speculative,,0.0106,419449.94367,0.0,43.28154893896799,0.0001339286106336148,0.012789999999999994,0.01915850000000001,0.9401123087968846,0.4540229885057471,0.39655172413793094,0.3563019878056588,0.33650022532920065,0.010419444444444441,0.015872222222222225,macd_bullish_cross|double_top_90d|downtrend|doji_4h,1,2,baissier,365,0,0,30,,,17.0,28.0,68.5,47.0,0,28.42,False,False,,0,,,,34,,,,,,,,,
COTIUSDT,COTI,Speculative,656,0.01032,193074.176,-1.901,40.65955939519934,8.851623194571553e-05,0.012493,0.015714200000000008,0.7917232082669945,0.3776908023483366,0.32550554468362686,0.22466219455545408,0.588450791100573,0.010510277777777775,0.014929166666666664,macd_bullish_cross|double_top_90d|downtrend,1,2,baissier,365,0,0,30,,,17.0,28.0,68.5,47.0,0,28.42,False,False,,0,,,,34,29703301,29703628,2881963559.030977,2881995234.896041,4910000000.0,100.0,,,
SKLUSDT,SKL,Speculative,702,0.00436,334058.41344,-3.111,31.249292914058557,3.2073002158071115e-05,0.005916199999999999,0.007815250000000006,0.6710125581402127,0.46382428940568476,0.43669250645994834,0.24349880744088256,0.6443167849569369,0.004718611111111109,0.007406666666666666,macd_bullish_cross|downtrend|doji_4h,1,1,mixte,365,0,0,30,,,17.0,19.0,68.5,47.0,16.6,28.24,False,False,,0,,,,36,26557565,27217455,6094019337.0,6245440895.395961,7000000000.0,97.6,,,
AGLDUSDT,AGLD,Speculative,971,0.1732,152062.20113,-2.806,30.92321639925109,-0.0007784008447175479,0.22842,0.25336000000000014,0.6912350149943584,0.39640287769784177,0.37374100719424463,0.1998392922651466,0.541517314154059,0.19308055555555556,0.2727777777777778,downtrend,0,1,baissier,365,0,0,30,,,17.0,19.0,68.5,47.0,16.6,28.24,False,False,,0,,,,36,15142546,16077806,87430001.0,92830001.0,96000000.0,94.2,,,
ANIMEUSDT,ANIME,Speculative,918,0.00305,134268.922891,-1.294,30.7296716988658,2.8768543155583044e-05,0.004100799999999999,0.005391799999999997,0.6141518096719547,0.45873320537428025,0.41074856046065267,0.18082726504941843,0.6322280600471044,0.003248055555555555,0.005059722222222223,macd_bullish_cross|downtrend,1,1,mixte,365,0,0,30,,,17.0,19.0,68.5,47.0,16.6,28.24,False,False,,0,,,,36,16873383,30465044,5538604656.0,10000000000.0,10000000000.0,55.4,,,
SCRTUSDT,SCRT,Speculative,809,0.061,113555.35955,-2.087,33.76822261328989,0.0006269224652223808,0.08405200000000003,0.09867300000000007,0.7928988041451976,0.4978165938864629,0.4655021834061136,0.21690039869570418,0.5694512244140979,0.06420833333333333,0.11159166666666669,macd_bullish_cross|downtrend,1,1,mixte,365,0,0,30,,,17.0,19.0,68.5,47.0,16.6,28.24,False,False,,0,,,,36,20906790,21824805,343075126.862039,358139512.13985,,95.8,,,
SANTOSUSDT,SANTOS,Speculative,,0.654,350230.66182,-1.654,33.44172717876906,0.01411698346302162,0.9273600000000002,1.4475699999999998,0.8756587400578253,0.5677276091783864,0.5144337527757217,0.40987632245131195,0.3267638300691499,0.6822500000000001,1.270388888888889,macd_bullish_cross|downtrend|morning_star_4h,2,1,haussier,365,0,0,30,,,17.0,19.0,55.0,47.0,16.6,27.2,False,False,,0,,,,33,,,,,,,,,
TLMUSDT,TLM,Speculative,,0.001021,295612.439849,-2.109,30.585786161438193,9.132165159306445e-06,0.0015562999999999998,0.0018625799999999995,0.9397482087656545,0.5413461538461538,0.5076923076923077,0.3208382746620128,0.5815757976597955,0.001150777777777778,0.001980833333333333,macd_bullish_cross|downtrend,1,1,mixte,365,0,0,30,,,17.0,19.0,55.0,47.0,16.6,27.2,False,False,,0,,,,33,,,,,,,,,
DUSDT,D,Speculative,,0.00527,444967.57638,0.381,30.83582841244234,-7.041959395559646e-05,0.010967400000000002,0.010947300000000009,2.2082783827198935,0.7702573879885606,0.7464251668255482,0.20300975628008347,0.1701672602988064,0.005501666666666667,0.01563166666666667,downtrend,0,1,baissier,365,0,0,30,,,17.0,27.0,22.0,47.0,16.6,27.07,False,False,,0,,,,31,,,,,,,,,
COOKIEUSDT,COOKIE,Speculative,,0.0093,306264.24778,-5.102,30.688772408478442,0.00014520060168960228,0.014322000000000007,0.02480199999999999,1.187132345359049,0.5572139303482587,0.5323383084577115,0.41386224576471226,0.4793376856285646,0.010241666666666668,0.0188111111111111,macd_bullish_cross|downtrend,1,1,mixte,365,0,0,30,,,17.0,19.0,44.5,47.0,16.6,26.39,False,False,,0,,,,32,,,,,,,,,
SIGNUSDT,SIGN,Speculative,830,0.00883,221756.09668,-1.12,28.347760991917767,0.00021946852637895584,0.012705599999999992,0.029279000000000003,0.6768059919117302,0.8533827945592651,0.8433139021374316,0.18384884577689536,0.21395305340178422,0.009479722222222221,0.040100000000000004,downtrend,0,1,baissier,365,0,0,30,,,17.0,19.0,43.0,47.0,16.6,26.28,False,False,,0,,,,38,20290422,88091557,2303333333.0,10000000000.0,10000000000.0,23.0,,,
DIAUSDT,DIA,Speculative,965,0.1285,106405.95913,0.156,31.925794322528404,0.001030765906962711,0.169556,0.2167955,0.6651797985062051,0.4375578168362627,0.40333024976873266,0.29348074021283915,0.5967531812392634,0.13581666666666672,0.20570833333333333,macd_bullish_cross|bear_flag|downtrend,1,2,baissier,365,0,0,30,,,17.0,19.0,68.5,47.0,0,25.71,False,False,,0,,,,32,15349445,21652201,119676104.0,168817248.0,200000000.0,70.9,,,
C98USDT,C98,Speculative,986,0.0144,269674.85228,-2.041,32.7679780049488,2.0536135113722546e-05,0.018907999999999998,0.023465000000000007,0.8199688075341963,0.5407166123778503,0.527687296416938,0.4299103650507037,0.4943722406650819,0.01569444444444445,0.02685833333333333,macd_bullish_cross|double_top_90d|downtrend,1,2,baissier,365,0,0,30,,,17.0,19.0,55.0,47.0,0,24.67,False,False,,0,,,,30,14433046,14433063,999998884.0,1000000000.0,1000000000.0,100.0,,,
COSUSDT,COS,Speculative,,0.000482,189389.6166594,-1.431,17.57355303891471,-2.524944545228045e-05,0.00103442,0.0012074599999999998,1.4374634785524265,0.7066090179122916,0.7066090179122916,0.36296873601619245,0.19709026398498414,0.0007708333333333333,0.0015831388888888891,rsi_bullish_divergence|downtrend,1,1,mixte,365,0,0,30,,,17.0,10.0,38.5,47.0,16.6,23.22,False,False,,0,,,,34,,,,,,,,,
HIGHUSDT,HIGH,Speculative,,0.042,245124.795807,-8.696,16.943319744792092,-0.001177359543633412,0.15204000000000004,0.17440499999999992,1.5432287703927097,0.8662420382165605,0.8662420382165605,0.2955321534956082,0.16019323728050386,0.0793611111111111,0.2605555555555556,downtrend|doji_4h,0,1,baissier,365,0,0,30,,,17.0,10.0,22.0,47.0,16.6,21.95,False,False,,0,,,,32,,,,,,,,,
BFUSDUSDT,BFUSD,Etabli,59,0.9995,4286862.0744,0.0,52.37112085835478,5.083721943465725e-06,0.9994840000000003,0.999457500000002,0.00462638220310538,0.000900090009000912,0.000300030003000267,1.7617496922430316,0.20593900356190284,0.9991777777777777,0.9997500000000004,support_bounce|resistance_test|doji_4h,1,1,mixte,308,0,0,30,,,43.4,100.0,94.0,68.0,29.7,67.78,False,True,,0,,,,70,1318688901,1318688901,1320000000.0,1320000000.0,,100.0,,,
USDCUSDT,USDC,Etabli,6,1.00048,1994907580.69037,0.01,50.15023852539331,-3.245155414261281e-05,1.0004212,1.0002695500000005,0.00445741197722735,0.0011992804317409343,0.0006392776162935621,0.4770888937562144,-0.05756210562184358,0.9995538888888889,1.0021163888888889,support_bounce,1,0,haussier,365,0,0,30,,,45.0,73.0,94.0,78.5,50,65.48,False,True,,0,,,,67,75034002290,75037554647,75050601365.65125,75054154508.54643,,100.0,,,
USDEUSDT,USDE,Etabli,22,1.0,2481579.238,0.0,50.278514881675804,3.889308560849929e-07,0.9999319999999996,0.9996845000000009,0.005198141598356899,0.0010993403957624214,0.0005996402158704117,0.804298492030608,0.046788321361668696,0.9992055555555562,1.0004638888888884,resistance_test|doji_4h,0,1,baissier,281,0,0,30,,,42.7,82.0,94.0,68.0,29.7,62.18,False,True,,0,,,,65,4490156509,4490156509,4492846697.614389,4492846697.614389,,100.0,25125908,$25M,-5.36
USD1USDT,USD1,Etabli,23,1.00081,271780506.67381,-0.007,62.499812885835055,0.00012637632113881924,0.9999798000000001,0.9999069499999993,0.005645948221059633,0.0015993602558975759,3.996642820035171e-05,0.9886801708000497,-0.03915525740914806,0.9990627777777775,1.000529444444444,support_bounce|resistance_test|downtrend,1,2,baissier,365,0,0,30,,,45.0,82.0,94.0,78.5,0,60.58,False,True,,0,,,,58,4484165555,4484165555,4483773609.282119,4483773609.282119,,100.0,,,
XUSDUSDT,XUSD,Mid,498,1.0008,2560704.597,0.01,52.916093039991416,-9.209757740009501e-06,1.0005479999999998,1.0003765000000007,0.0046077458260986,0.00149880095923256,0.0005991611743560574,0.41485918710409575,-0.008942113995262338,0.9995888888888886,1.0032333333333332,doji_4h,0,0,neutre,365,0,0,30,,,31.0,73.0,94.0,68.0,50,59.69,False,True,,0,,,,67,44620557,44620557,44615140.561,44615140.561,,100.0,,,
FDUSDUSDT,FDUSD,Mid,131,0.999,24037463.9866,0.08,57.00283713184226,7.22969754703282e-05,0.9986740000000001,0.9991310000000003,0.007037512069468656,0.0023004600920183724,0.0008001600320064242,0.3697073351453486,0.4500425267432086,0.9979944444444444,0.9998083333333339,macd_bullish_cross|support_bounce|resistance_test|doji_4h,2,1,haussier,365,0,0,30,,,31.0,57.0,100.0,78.5,29.7,54.61,False,True,,0,,,,58,351933224,351933224,352517619.684276,352517619.684276,,100.0,,,
RLUSDUSDT,RLUSD,Etabli,51,1.0007,18987151.6798,0.01,50.538038973260974,-4.026350372975736e-05,1.0006159999999997,,0.004712198428551582,0.00129805292061915,0.0007988017973041777,0.49522371635729256,0.04943566504924258,0.9996777777777778,1.001269444444445,support_bounce|resistance_test|doji_4h,1,1,mixte,146,0,0,30,,,39.0,45.0,94.0,78.5,29.7,52.49,False,True,,0,,,,54,1644610076,1644610076,1644982732.43621,1644982732.43621,,100.0,,,
USDPUSDT,USDP,Speculative,624,1.0004,23800.8152,0.02,51.86272919706649,-1.127118300989828e-05,1.000272,1.000142,0.004822394006171127,0.0011986814504046446,0.0006992308460694685,0.06648843187660669,-0.041119550328512465,0.9994694444444444,1.0008472222222222,support_bounce|resistance_test|uptrend|doji_4h,2,1,haussier,365,0,0,30,,,17.0,73.0,94.0,47.0,29.7,48.46,False,True,,0,,,,62,31933192,31933192,31954027.03052443,31954027.03052443,,100.0,,,
UUSDT,U,Etabli,67,1.0004,13867493.061,-0.01,48.259344551043625,-4.146564877122103e-05,1.000466,,0.004662403225364683,0.001199160587588556,0.0006991610067919945,0.3539741308574394,0.033381806005578246,0.9996194444444446,1.0010611111111116,resistance_test|downtrend|doji_4h,0,2,baissier,155,0,0,30,,,39.2,45.0,94.0,78.5,0,48.03,False,True,,0,,,,47,1009906636,1009906636,1010308683.01,1010308683.01,,100.0,,,
USDSUSDT,USDS,Etabli,12,1.0005,478609.6401,0.0,51.20612812115456,-2.6997971191894625e-05,1.0003380000000002,,0.004286686585305711,0.001198561725928975,0.0006991610067919945,0.4065895277909529,,0.9976851851851855,1.0017333333333336,doji_4h,0,0,neutre,69,0,0,30,,,36.9,45.0,90.0,47.0,50,47.68,False,True,,0,,,,58,10258463362,10258463362,10261787527.34938,10261787527.34938,,100.0,,,
EURIUSDT,EURI,Mid,417,1.1599,1300800.88453,-0.129,49.42133707555211,0.0007620202967851247,1.1648500000000004,1.168659,0.046987536635605814,0.025749618837879216,0.01770286295104196,0.4347146795744993,0.4467700085059649,1.1509694444444447,1.1766972222222225,macd_bullish_cross|downtrend,1,1,mixte,365,0,0,30,,,31.0,37.0,100.0,68.0,16.6,44.23,False,True,,0,,,,49,57511073,57511073,49618527.99990108,49618527.99990108,,100.0,,,
EURUSDT,EUR,Speculative,,1.1603,24380939.31812,-0.103,49.89968199328468,0.0007750998472476692,1.1650200000000004,1.1688129999999992,0.047837281912997014,0.025249957634299127,0.01694628029147604,0.4694303858212419,0.43275024130523193,1.1514277777777777,1.176711111111111,macd_bullish_cross|downtrend,1,1,mixte,365,0,0,30,,,17.0,37.0,100.0,78.5,16.6,43.16,False,True,,0,,,,49,,,,,,,,,
KGSTUSDT,KGST,Speculative,,0.01144,103726.1684,-0.087,57.93459610468779,6.578381675489334e-06,0.011414599999999999,,0.027957265955600965,0.009606986899563382,0.0008733624454148116,0.598422354792608,0.15838684160723812,0.011361944444444438,0.011458055555555562,macd_bullish_cross|resistance_test|doji_4h,1,1,mixte,175,0,0,30,,,11.8,54.0,94.0,47.0,29.7,41.46,False,True,,0,,,,56,,,,,,,,,
TUSDUSDT,TUSD,Mid,104,0.999,46236.4878,-0.01,29.742230770376025,-0.00011650685088972286,0.99964,0.9990364999999993,0.0024033944139305766,0.003394907638542256,0.0024962556165751947,0.1812272109641534,-0.09592867498823361,0.9984027777777776,1.0003944444444444,resistance_test|doji_4h,0,1,baissier,365,0,0,30,,,31.0,27.0,94.0,47.0,29.7,38.04,False,True,,0,,,,51,493869737,493869737,494515083.0,494515083.0,,100.0,,,
FRAXUSDT,FRAX,Mid,159,0.2853,660290.23867,-3.157,26.273805353462237,0.001003245351563098,0.3997899999999999,,0.6135515259496181,0.4606322403298645,0.4394266640486943,0.7391675177733019,0.38488916661397754,0.3149249999999999,0.4949416666666665,macd_bullish_cross|downtrend,1,1,mixte,153,0,0,30,,,25.2,36.0,68.5,57.5,16.6,37.72,False,True,,0,,,,47,240081088,240081088,241847684.0102676,241847684.0102676,,100.0,57190315,$57M,-9.88
AEURUSDT,AEUR,Speculative,,1.1446,3392.25278,-0.122,43.293775979293,9.561686151662472e-05,1.1530680000000004,1.1583465000000002,0.051144157902569536,0.026911940044285345,0.025208652699710316,0.2894331755032053,0.36124908616666795,1.1416777777777778,1.1712638888888884,downtrend|doji_4h,0,1,baissier,365,0,0,30,,,17.0,28.0,100.0,47.0,16.6,33.38,False,True,,0,,,,43,,,,,,,,,
