symbol,base,tier,rank_mcap,price,vol_24h_usd,change_24h_pct,rsi_14,macd_hist,ma_50,ma_200,vol_30d_ann,drawdown_90d,dist_to_high_90d,vol_ratio_vs_med90,corr_btc_90d,support_90d,resistance_90d,patterns,bull_signals,bear_signals,bias,age_days,n_red_flags,audit_score,team_score,github_commits_30d,github_contrib_90d,score_solidity,score_momentum,score_risk,score_antiscam,score_signal,score,suspect,stablecoin,categories,catalyst_score,catalyst_flags,trending_rank,vol_spike_ratio,bull_prob_7d,market_cap,fdv,circulating_supply,total_supply,max_supply,circ_ratio_pct,tvl,tvl_fmt,tvl_change_7d
JSTUSDT,JST,Etabli,83,0.08956,1902754.771572,-1.409,60.98851118324229,-0.0001261210722367104,0.07698400000000002,0.051438250000000026,0.5879358640591057,0.17961042246395148,0.022071678321678407,0.30120035148238133,-0.25171451657461513,0.045363888888888884,0.08715916666666666,resistance_test|uptrend,1,1,mixte,365,0,0,30,,,45.0,73.0,94.0,68.0,54.6,70.98,False,False,,0,,,,68,764826651,764826651,8543764567.312736,8543764567.312736,9900000000.0,100.0,3583944843,$3.6B,-1.44
QNTUSDT,QNT,Etabli,62,78.9,4218262.12948,-4.974,64.14036212124013,1.0431567676582576,73.13740000000001,74.78204999999998,0.40356860082653234,0.15588161524956098,0.02507720815318099,0.97798376398704,0.39080163195442424,63.31499999999999,77.8422222222222,double_top_90d,0,1,baissier,365,0,0,30,,,45.0,66.0,100.0,68.0,34.4,70.68,False,False,,0,,,,62,1147723790,1153114873,14544176.164081175,14612493.0,14612493.0,99.5,,,
POLYXUSDT,POLYX,Mid,398,0.0562,2156347.28789,0.717,61.96332190153758,0.00041619820104314307,0.05030800000000002,0.054305000000000006,0.5478217988269416,0.18215613382899634,0.010638297872340361,2.140856467711209,0.37354540442117307,0.04071388888888889,0.05498333333333333,downtrend,0,1,baissier,365,0,0,30,,,31.0,84.0,100.0,68.0,32.7,69.83,False,False,,0,,,,71,69759288,69759288,1276749944.934855,1276749944.934855,,100.0,,,
CHZUSDT,CHZ,Mid,103,0.04864,15808079.96449,10.32,62.61410951959639,0.0003750841894284533,0.042698799999999995,0.039228550000000015,0.8335682421515066,0.21194984017703458,0.033598409542743485,1.041303947429103,0.40455953401529526,0.03432916666666666,0.047164444444444446,macd_bullish_cross,1,0,haussier,365,0,0,30,,,31.0,91.0,89.5,78.5,59.0,69.66,False,False,,0,,,,74,503671972,503671972,10364526478.0,10364526478.0,,100.0,,,
KAIAUSDT,KAIA,Mid,153,0.0506,4298377.70375,10.722,61.61385630397003,0.00020152953561391454,0.047521999999999995,0.06171950000000005,0.5208065887157765,0.2156521739130435,0.11652173913043486,5.070334370851214,0.6237640619473359,0.04584166666666666,0.05609999999999999,,0,0,neutre,365,0,0,30,,,31.0,84.0,95.5,68.0,50,69.19,False,False,,3,⚡ Volume ×5.1 vs médiane,,5.07,79,297633422,297633432,5856641747.106198,5856641936.044253,,100.0,,,
BNBUSDT,BNB,Etabli,4,653.73,62992353.46359,-1.213,54.22280317706954,0.9769529672727604,627.119,759.5213500000002,0.2570813935918148,0.14151623486486892,0.0382221829898045,0.25976673206889034,0.8679348093897441,597.2672222222222,665.3533333333334,double_bottom_90d|uptrend,2,0,haussier,365,0,0,30,,,45.0,57.0,92.0,78.5,66.9,68.78,False,False,,0,,,,66,88058333077,88058333077,134785348.55,134785348.55,200000000.0,100.0,155975465040,$156.0B,-1.8
ATOMUSDT,ATOM,Etabli,67,2.091,6672968.66879,7.506,61.82319489765326,0.006237461845493189,1.8586000000000007,2.1347750000000003,0.47082459464517235,0.30195080576759975,0.11407972858354543,1.1265705940506408,0.5316673327702877,1.70175,2.152638888888889,resistance_test|uptrend,1,1,mixte,365,0,0,30,,,45.0,75.0,83.5,78.5,54.6,68.29,False,False,,0,,,,67,1063215674,1063215674,509034453.723291,509034453.723291,,100.0,,,
TRXUSDT,TRX,Etabli,8,0.3545,33628694.17536,0.767,75.11328406668223,0.00026589874498661285,0.33067799999999997,0.29976600000000014,0.15401590293246098,0.034755677907777005,0.001970720720720816,0.20477375498912004,0.1666606062569574,0.2831361111111111,0.34581666666666666,,0,0,neutre,365,0,0,30,,,45.0,55.0,94.0,78.5,50,68.13,False,False,,0,,,,51,33603795308,33604274706,94800056309.32709,94801408742.83,,100.0,,,
XRPUSDT,XRP,Etabli,5,1.4142,84664960.45494,-0.085,49.14481745255444,-0.0013421025363470722,1.392872,1.7201564999999999,0.3521149893941861,0.14756966947504863,0.08360337005832794,0.19375388268866883,0.871851631290883,1.3220722222222219,1.4793861111111113,macd_bearish_cross|uptrend,1,1,mixte,365,0,0,30,,,45.0,57.0,92.0,78.5,40.3,67.18,False,False,,0,,,,59,87464792772,141442028399,61829045420.0,99985666473.0,100000000000.0,61.8,,,
DOGEUSDT,DOGE,Etabli,10,0.11021,65948214.68853,0.073,55.6970610487971,-0.000467117242933926,0.10040519999999999,0.11933704999999993,0.43695933574426443,0.12548524844720507,0.04564351290490211,0.18868070364725695,0.7885649049233785,0.0899638888888889,0.11068138888888891,macd_bearish_cross|uptrend|doji_4h,1,1,mixte,365,0,0,30,,,45.0,57.0,92.0,78.5,40.3,67.18,False,False,,0,,,,59,17013123154,17013611704,154268956383.7052,154273386383.7052,,100.0,,,
LINKUSDT,LINK,Etabli,19,9.75,23400989.7588,-0.612,49.32240156135326,-0.049409529541149966,9.374800000000002,11.145899999999994,0.4332905887884877,0.15120967741935484,0.09048507462686572,0.19511305787585445,0.8749466473965481,8.493611111111111,10.076944444444443,macd_bearish_cross|uptrend,1,1,mixte,365,0,0,30,,,45.0,57.0,92.0,78.5,40.3,67.18,False,False,,0,,,,59,7091178726,9752687409,727099970.4255477,1000000000.0,1000000000.0,72.7,,,
LTCUSDT,LTC,Etabli,26,56.23,8762981.4938,0.107,48.0862375446479,-0.17024920581561198,55.5408,67.91794999999998,0.3195421621714863,0.10919931856899495,0.06933642230680122,0.171292544864503,0.8075289696071795,52.607777777777784,57.84888888888889,macd_bearish_cross|uptrend,1,1,mixte,365,0,0,30,,,45.0,57.0,92.0,78.5,40.3,67.18,False,False,,0,,,,59,4339208622,4339528065,77172076.98347135,77177758.23347135,84000000.0,100.0,,,
NXPCUSDT,NXPC,Mid,300,0.3453,678623.86482,1.949,59.986816665682895,0.0013980857673603127,0.30173999999999995,0.34351149999999997,0.5792556623151173,0.1141924959216965,0.04584606835232013,0.5240539419470877,0.4681867567550089,0.2681833333333332,0.3296222222222222,uptrend,1,0,haussier,365,0,0,30,,,31.0,66.0,100.0,57.5,59.0,67.15,False,False,,0,,,,68,97226356,344759150,280476159.1697733,994552574.1697733,1000000000.0,28.2,,,
BTCUSDT,BTC,Etabli,1,78089.8,815770404.3809232,-0.447,48.69046134446982,-524.6598368502055,75436.70519999997,81623.00430000002,0.2910697905933484,0.11849875281549622,0.050118799314974476,0.1328956947029454,1.0,66007.76555555555,80043.32833333332,uptrend,1,0,haussier,365,0,0,30,,,45.0,57.0,86.0,78.5,59.0,66.07,False,False,,2,🔥 Trending #6 sur CoinGecko,6,,66,1563609720208,1563609720208,20030493.0,20030493.0,21000000.0,100.0,,,
NMRUSDT,NMR,Mid,390,10.45,6755137.041,12.851,73.18211794943747,0.0934881927692281,8.5762,9.276,0.5291734107681257,0.2535545023696682,0.0,3.287232076174913,0.42212414694629735,6.990555555555554,9.341111111111111,macd_bullish_cross,1,0,haussier,365,0,0,30,,,31.0,75.0,88.0,78.5,59.0,66.07,False,False,,2,⚡ Volume ×3.3 vs médiane,,3.29,73,71245686,107648862,7038910.898120408,10635461.48959191,11000000.0,66.2,,,
ETCUSDT,ETC,Etabli,58,9.08,3095456.2196,1.339,51.03479057095256,-0.04368997728838661,8.673,10.7839,0.4580368784462685,0.1387978142076503,0.09018036072144292,0.2062270972075318,0.7673420455270759,8.066944444444445,9.342222222222222,macd_bearish_cross,0,1,baissier,365,0,0,30,,,45.0,57.0,92.0,68.0,31.3,65.8,False,False,,0,,,,57,1419968031,1419968031,156559601.6228963,156559601.6228963,210700000.0,100.0,,,
NEARUSDT,NEAR,Etabli,44,1.534,11673308.7881,2.403,58.33138965725321,0.002893255739532148,1.3744199999999995,1.52369,0.6781988192261037,0.2201342281879195,0.04599129894344317,0.1993671127392911,0.5970324651707514,1.0859444444444444,1.5153611111111112,resistance_test|downtrend,0,2,baissier,365,0,0,30,,,45.0,57.0,89.5,78.5,28.3,65.53,False,False,,0,,,,56,1985401919,1985401916,1295709763.0,1295709761.0,,100.0,,,
SOLUSDT,SOL,Etabli,7,86.83,138715036.79196,-0.777,46.150834120776054,-0.48738086494007327,85.86840000000001,110.31250000000001,0.40031062239832965,0.17941787941787946,0.10865769744274414,0.1977919502215474,0.8749886284058878,80.3052777777778,93.06166666666665,macd_bearish_cross|uptrend,1,1,mixte,365,0,0,30,,,45.0,57.0,87.5,78.5,40.3,65.51,False,False,,1,🔥 Trending #7 sur CoinGecko,7,,60,50143005006,54333984627,578162548.8449843,626485689.0184329,,92.3,,,
ADAUSDT,ADA,Etabli,14,0.2556,14948083.5374,0.118,46.718962003936205,-0.0013763958387656306,0.2532960000000001,0.33820049999999974,0.41488274861955865,0.20531807472231564,0.13934702120498146,0.14959153112982385,0.8076980014919849,0.2424333333333334,0.2843361111111112,macd_bearish_cross|uptrend,1,1,mixte,365,0,0,30,,,45.0,57.0,87.5,78.5,40.3,65.51,False,False,,0,,,,59,9453643303,11499373350,36994533150.30761,45000000000.0,45000000000.0,82.2,,,
HBARUSDT,HBAR,Etabli,30,0.09139,5327000.76534,0.572,49.2659788805226,-8.887311688961816e-05,0.0898658,0.11150055000000006,0.34879934258335615,0.17113341779553654,0.10954098041126595,0.20314683278475362,0.7986169520689856,0.0868872222222222,0.10039111111111113,macd_bearish_cross|uptrend,1,1,mixte,365,0,0,30,,,45.0,57.0,87.5,78.5,40.3,65.51,False,False,,0,,,,59,3962367109,4567729114,43373490526.29409,50000000000.0,50000000000.0,86.7,,,
CVCUSDT,CVC,Speculative,783,0.03176,2557480.55191,1.958,50.301759912159945,-6.860168339519303e-05,0.03089680000000001,0.038785,0.5239307202287932,0.14450354609929084,0.06650971159505606,2.45482526944627,0.6250650662270619,0.029318611111111108,0.03407083333333334,macd_bearish_cross|double_top_90d|uptrend|bearish_engulfing_4h,1,3,baissier,365,0,0,30,,,17.0,84.0,100.0,68.0,24.7,65.18,False,False,,0,,,,69,25503122,31799404,802000010.0,1000000000.0,,80.2,,,
STORJUSDT,STORJ,Speculative,975,0.1225,6080075.9869,1.829,61.32319948155815,0.0013360043355252838,0.102072,0.12009949999999997,0.9900238898173799,0.17428571428571427,0.0718065003779289,3.1255155695870234,0.3843238072275854,0.0902972222222222,0.11445555555555559,uptrend,1,0,haussier,365,0,0,30,,,17.0,84.0,89.5,78.5,59.0,64.17,False,False,,2,⚡ Volume ×3.1 vs médiane,,3.13,79,16904899,49966688,143787438.7,424999998.0,,33.8,,,
FILUSDT,FIL,Etabli,84,0.972,4440374.63193,0.0,45.74604377519735,-0.017490439577749026,0.9485399999999999,1.2344049999999998,0.8939481316529144,0.24576271186440676,0.24320124320124317,0.15113709387430713,0.5953506876582861,0.8410277777777779,1.0787222222222221,macd_bearish_cross|uptrend,1,1,mixte,365,0,0,30,,,45.0,57.0,85.0,68.0,40.3,63.73,False,False,,0,,,,58,760328153,1904819554,781475772.0,1957799835.0,,39.9,,,
RENDERUSDT,RENDER,Etabli,75,1.837,3787183.64095,1.492,46.99713029283576,-0.011508995614340246,1.85806,1.7559149999999997,0.4884376402457158,0.18283764017552423,0.10477582846003902,0.20440290308885078,0.6493494581665472,1.3846944444444444,1.9939166666666663,macd_bearish_cross|double_top_90d|downtrend,0,3,baissier,365,0,0,30,,,45.0,45.0,95.5,68.0,0,62.95,False,False,,0,,,,47,952285030,979381077,518743261.0140742,533503434.2940742,644245094.0,97.2,,,
DOTUSDT,DOT,Etabli,41,1.279,3897762.95493,0.947,47.31895577732393,-0.0025936684483725773,1.27048,1.7644349999999995,0.4550997626158708,0.29825616355983164,0.23150932050511125,0.140205320755198,0.5465480848377846,1.211111111111111,1.5632777777777778,macd_bearish_cross,0,1,baissier,365,0,0,30,,,45.0,57.0,83.5,68.0,31.3,62.63,False,False,,0,,,,56,2151906671,2151906671,1684220652.554898,1684220652.554898,2100000000.0,100.0,3037070,$3M,-4.63
PENGUUSDT,PENGU,Etabli,98,0.008461,4020247.135244,-0.482,41.0700821852277,-0.0003311873636783863,0.008264939999999998,0.009445760000000001,0.9174239833206393,0.23515030785947125,0.23270554147048164,0.09575218818259963,0.6961860297030757,0.006358250000000002,0.010149583333333333,,0,0,neutre,365,0,0,30,,,45.0,48.0,85.0,68.0,50,62.61,False,False,,5,🔥 Trending #3 sur CoinGecko,3,,62,532294539,674208695,62860396090.0,79619501108.82524,88888888888.0,79.0,,,
BABYUSDT,BABY,Mid,422,0.01911,1870312.0876,-0.261,63.35558699329239,2.174818236417371e-05,0.015833400000000004,0.01716640000000001,0.9827146133127996,0.2266009852216749,0.03434343434343434,0.5981979585080677,0.2991919768029828,0.011939722222222221,0.018431666666666666,macd_bullish_cross|uptrend,2,0,haussier,365,0,0,30,,,31.0,66.0,83.5,68.0,68.0,62.38,False,False,,0,,,,67,63515683,200716081,3412129793.98,10782680490.0,,31.6,4030187164,$4.0B,-1.86
ONDOUSDT,ONDO,Etabli,50,0.3545,9432073.00373,1.78,54.47540444457102,-0.004307674043929101,0.29366600000000004,0.3640575000000002,1.1612444707903478,0.23776843037414214,0.21452291343812263,0.6669975646950352,0.5576986516203003,0.24795277777777772,0.35874999999999996,macd_bearish_cross|uptrend,1,1,mixte,365,0,0,30,,,45.0,66.0,74.5,78.5,40.3,62.37,False,False,,0,🔥 Trending #8 sur CoinGecko,8,,59,1729910163,3552665220,4869330647.0,10000000000.0,10000000000.0,48.7,2684695572,$2.7B,-2.49
ASTERUSDT,ASTER,Etabli,51,0.666,4197352.60287,-0.15,46.79444560611203,-0.0017974825082183133,0.6705199999999999,0.7699999999999992,0.3519251518727145,0.14417989417989416,0.119047619047619,0.07952964864372203,0.4976771761759019,0.6507499999999999,0.7254444444444443,macd_bearish_cross|doji_4h,0,1,baissier,224,0,0,30,,,41.1,37.0,95.5,68.0,31.3,62.15,False,False,,0,,,,52,1716931938,5205667478,2579922243.4698935,7822218820.515041,8000000000.0,33.0,160623040,$161M,-0.81
ARBUSDT,ARB,Etabli,85,0.121,3053143.69372,0.917,44.113693545600334,-0.002094178480587973,0.11851399999999998,0.15995400000000004,0.6792017510952273,0.21631205673758858,0.16030534351145045,0.17661355579723328,0.6129668998218454,0.09211111111111109,0.133975,macd_bearish_cross|uptrend,1,1,mixte,365,0,0,30,,,45.0,48.0,85.0,68.0,40.3,62.02,False,False,,0,,,,53,743638131,1209026455,6150718438.0,10000000000.0,10000000000.0,61.5,3298829359,$3.3B,-7.06
PSGUSDT,PSG,Speculative,981,1.077,2149928.61984,-2.091,64.43839186302625,0.016722030072267954,0.8705799999999999,0.8395749999999998,1.1859457618125815,0.20515574650913002,0.08198121263877035,1.6284346948932993,0.3074255938822894,0.697611111111111,1.0162499999999999,,0,0,neutre,365,0,0,30,,,17.0,100.0,79.0,68.0,50,61.92,False,False,,0,,,,73,16808629,21660625,15434626.0,19890000.0,19890000.0,77.6,,,
ASTRUSDT,ASTR,Mid,386,0.008361,189675.2828798,-1.182,45.961412497685345,-9.812358048875112e-05,0.008127220000000001,0.009870284999999996,0.5527958503691794,0.1677844452288504,0.1249476768522395,0.10674124995641035,0.5657567792741378,0.007173500000000001,0.008879888888888889,macd_bearish_cross|uptrend|bearish_engulfing_4h,1,2,baissier,365,0,0,30,,,31.0,57.0,95.5,47.0,40.3,61.8,False,False,,0,,,,60,72501972,72508354,8690938098.0,8691703123.0,10000000000.0,100.0,23843689,$24M,-5.44
PAXGUSDT,PAXG,Etabli,42,4532.06,13579481.253275,-0.087,38.53641771148427,-12.584542721999322,4675.2946,4619.683250000001,0.2042656349908567,0.18851456373184697,0.16635672175776461,0.035123671848855155,0.2563317164259199,4496.844166666667,5220.4877777777765,macd_bearish_cross,0,1,baissier,365,0,0,30,,,45.0,36.0,89.5,78.5,31.3,61.72,False,False,,0,,,,48,2130450535,2130450535,470301.37,470301.37,,100.0,2130369958,$2.1B,-4.22
SHIBUSDT,SHIB,Etabli,33,5.82e-06,9527505.87708938,-2.838,37.7899268624571,-7.108266089129727e-08,6.114200000000001e-06,7.143199999999999e-06,0.3930897284423631,0.18740399385560677,0.11951588502269289,0.5914397923910567,0.7616629660062161,5.580277777777777e-06,6.453333333333334e-06,macd_bearish_cross|uptrend,1,1,mixte,365,0,0,30,,,45.0,37.0,87.5,78.5,40.3,61.71,False,False,,0,,,,50,3425072859,3426564492,589243295379838.5,589499913337987.8,,100.0,,,
SUIUSDT,SUI,Etabli,27,1.0698,38874384.43062,0.131,51.82844568854723,-0.002547454384442205,0.972638,1.2873489999999999,0.9482005315996468,0.21110490031675044,0.1969981238273921,0.49813977352968775,0.7400553223354188,0.8687805555555552,1.1013972222222224,macd_bearish_cross|double_bottom_90d,1,1,mixte,365,0,0,30,,,45.0,57.0,77.0,78.5,39.1,61.52,False,False,,0,,,,57,4279230580,10683604522,4005418369.566699,10000000000.0,10000000000.0,40.1,,,
ARPAUSDT,ARPA,Speculative,,0.01219,538355.739846,7.876,66.56556439572321,0.00012064566169855273,0.009982799999999998,0.01199675,0.5655873956049857,0.22674933569530556,0.012264922322158553,0.6318399383698496,0.4370288856526639,0.009119166666666668,0.011148888888888889,uptrend,1,0,haussier,365,0,0,30,,,17.0,57.0,100.0,57.5,59.0,61.27,False,False,,0,,,,62,,,,,,,,,
SUNUSDT,SUN,Mid,129,0.0196,416655.42487,0.823,54.0465236390303,-9.384573440200872e-05,0.018644400000000002,0.019114049999999983,0.29663409506219157,0.12709416522241473,0.0499272903538536,0.08560779568924615,0.29191139450439135,0.015981944444444448,0.019768888888888884,macd_bearish_cross|bull_flag|uptrend,2,1,haussier,365,0,0,30,,,31.0,57.0,94.0,47.0,40.3,61.24,False,False,,0,,,,60,376799923,390063747,19224020655.98254,19900730000.0,19900730000.0,96.6,110919865,$111M,-0.3
SYNUSDT,SYN,Speculative,,0.0532,203886.02606,7.475,49.50501210690655,-0.0007614659932379368,0.05200000000000001,0.056396500000000016,0.5899881437574891,0.21616871704745164,0.09698996655518394,0.9752237272066185,0.38039648408013577,0.045611111111111116,0.05723055555555555,macd_bearish_cross|uptrend,1,1,mixte,365,0,0,30,,,17.0,66.0,100.0,47.0,40.3,61.02,False,False,,0,,,,63,,,,,,,18444945,$18M,-5.31
SKYUSDT,SKY,Etabli,53,0.07024,666111.79937,1.138,31.624635783179187,-0.0012667773728147706,0.0778992,0.06595119999999999,0.4669527468765215,0.2155789003129191,0.2150201162270899,0.13386394934681423,0.5985261950764633,0.06649555555555556,0.0835252777777778,doji_4h,0,0,neutre,243,0,0,30,,,41.7,27.0,95.5,57.5,50,60.69,False,False,,0,,,,50,1628912252,1646468441,23212484234.665817,23462665147.36596,23462665147.3,98.9,5873204807,$5.9B,-0.2
NEOUSDT,NEO,Mid,181,2.936,424708.31403,0.273,48.20619984870881,-0.013941095809179238,2.87316,3.4206050000000032,0.4792696787108026,0.1360714285714285,0.10705596107055958,0.2797400647673443,0.6803628631303879,2.5455555555555547,3.057583333333333,macd_bearish_cross|downtrend,0,2,baissier,365,0,0,30,,,31.0,57.0,95.5,47.0,14.0,60.22,False,False,,0,,,,54,206897681,293347059,70530000.0,100000000.0,,70.5,,,
DASHUSDT,DASH,Etabli,99,41.89,5585000.88127,0.867,48.41024769733198,-0.8817820409407613,38.731,46.883949999999984,0.9858254940633528,0.27508650519031136,0.19758296566276623,0.25613602040251104,0.5922939288481378,31.0175,46.269166666666656,macd_bearish_cross|uptrend,1,1,mixte,365,0,0,30,,,45.0,57.0,73.0,78.5,40.3,60.11,False,False,,0,,,,56,531999757,532061429,12697133.14397024,12698605.07379241,18920000.0,100.0,,,
ZECUSDT,ZEC,Etabli,16,516.06,71905983.85094,4.457,57.86025308371438,-8.316256496354818,383.7344000000001,376.41729999999984,1.152179566104884,0.33446926243336256,0.15826387642923564,0.2698278164753139,0.5790381475628333,212.17972222222218,508.4744444444444,macd_bearish_cross|golden_cross|uptrend,2,1,haussier,365,0,0,30,,,45.0,73.0,62.5,78.5,52.8,59.99,False,False,,0,,,,63,8629458916,8629458916,16688225.1655448,16688225.1655448,21000000.0,100.0,,,
NEXOUSDT,NEXO,Etabli,77,0.875,676657.5924,2.22,41.588114848936776,-0.004570135681424432,0.8935,0.9218500000000001,0.28187355854386753,0.08695652173913052,0.05603448275862074,0.176470508400557,0.857664573523675,0.844111111111111,0.9241388888888886,macd_bearish_cross|uptrend,1,1,mixte,365,0,0,30,,,45.0,28.0,92.0,57.5,40.3,59.99,False,False,,0,,,,48,874508962,874508962,1000000000.0,1000000000.0,1000000000.0,100.0,364190765,$364M,-3.95
LUNAUSDT,LUNA,Speculative,501,0.0675,2972710.936609,5.799,50.796462171493246,-0.0008520687534386787,0.062188,0.07755850000000004,0.8566486681290921,0.21605839416058403,0.1025299600532623,1.4576241186219177,0.3911737881229646,0.05501944444444447,0.07126666666666667,uptrend,1,0,haussier,365,0,0,30,,,17.0,75.0,85.0,68.0,59.0,59.94,False,False,,0,,,,68,49778505,83202532,709984438.91686,1186707049.0,,59.8,,,
DODOUSDT,DODO,Speculative,936,0.01884,3484140.575737,-1.516,49.94184862388453,-0.0002696872050571732,0.017666799999999996,0.018796849999999993,0.8926072453819389,0.1909090909090909,0.09971374045801518,0.6958828495412279,0.3986539366206136,0.01403277777777778,0.020351111111111115,uptrend,1,0,haussier,365,0,0,30,,,17.0,66.0,89.5,68.0,59.0,59.91,False,False,,0,,,,66,18531733,18531733,1000000000.0,1000000000.0,1000000000.0,100.0,12080150,$12M,-2.52
UNIUSDT,UNI,Etabli,40,3.502,6697863.40245,-1.185,50.04553358990926,-0.011471019748721556,3.3541199999999987,4.59376,0.5149911860289245,0.27399566995429403,0.15660331970170802,0.17843586332809533,0.7506920806604064,3.1460555555555545,3.9878611111111115,macd_bearish_cross|double_top_90d,0,2,baissier,365,0,0,30,,,45.0,57.0,75.5,78.5,15.7,59.56,False,False,,0,,,,51,2228307253,3138054735,635941562.7428479,895576420.0329479,1000000000.0,71.0,2085337686,$2.1B,17.9
TONUSDT,TON,Etabli,21,1.918,17363587.74994,0.157,51.5581990453214,-0.051707934387116294,1.5663600000000002,1.561345000000001,1.435273213110655,0.2969786293294031,0.2932940309506264,0.6056014004936373,0.28612220360748186,1.2278888888888888,2.0356944444444443,macd_bearish_cross|golden_cross|uptrend,2,1,haussier,365,0,0,30,,,45.0,82.0,56.5,78.5,52.8,59.46,False,False,,0,,,,64,5161472095,9940490678,2690233792.136179,5181127290.734886,,51.9,,,
XAUTUSDT,XAUT,Etabli,37,4532.49,6079152.109339,-0.072,39.92463710090634,-16.43191052720494,4669.865400000001,,0.19937427145729472,0.06174244627028099,0.05864161633616078,0.0278291033736142,,4496.509523809525,4789.742857142856,macd_bearish_cross|doji_4h,0,1,baissier,53,0,0,30,,,36.5,36.0,90.0,78.5,31.3,59.36,False,False,,0,,,,48,2683774365,3206045678,592453.659532,707747.089,,83.7,3231882486,$3.2B,-3.79
ETHUSDT,ETH,Etabli,2,2185.92,373323609.20502,-0.361,39.62275272900258,-20.080836253445092,2258.3187999999996,2602.9333,0.33032478705094576,0.15653833240542792,0.09635386523356756,0.12494314824742361,0.9316919822492394,1939.9905555555551,2367.8763888888884,downtrend,0,1,baissier,365,0,0,30,,,45.0,28.0,86.0,78.5,32.7,58.98,False,False,,0,🔥 Trending #11 sur CoinGecko,11,,45,263789936086,263789936086,120685788.7944472,120685788.7944472,,100.0,,,
XVSUSDT,XVS,Speculative,515,2.82,407009.7193,2.174,55.96855369285422,0.012104841591213646,2.6889999999999996,3.6803000000000012,0.5196869029874183,0.23312883435582818,0.13803680981595084,0.6107126647134961,0.48033123976113645,2.5822222222222226,3.140555555555556,downtrend,0,1,baissier,365,0,0,30,,,17.0,66.0,95.5,47.0,32.7,58.89,False,False,,0,,,,61,47791704,84496342,16824034.79013866,29745107.921051685,30000000.0,56.6,1189379194,$1.2B,-0.63
FLOKIUSDT,FLOKI,Mid,150,3.178e-05,2031271.3111539,0.126,44.41790141837631,-5.056921969738629e-07,3.12254e-05,3.929870000000003e-05,0.5812589211735043,0.1823783117683302,0.14916979110873047,0.16896898921324252,0.7409020369870774,2.721305555555555e-05,3.456305555555555e-05,macd_bearish_cross|uptrend,1,1,mixte,365,0,0,30,,,31.0,48.0,87.5,68.0,40.3,58.79,False,False,,0,,,,53,306732144,317785141,9652186474269.0,10000000000000.0,10000000000000.0,96.5,11462085,$11M,-6.18
BTTCUSDT,BTTC,Speculative,,3.3e-07,182990.46144713,3.125,51.90342894200731,-1.5205846967596481e-10,3.2260000000000015e-07,3.7105e-07,0.5298258864340473,0.1388888888888889,0.08333333333333327,0.10991643583685795,0.37700897950173395,3.1472222222222244e-07,3.513888888888889e-07,macd_bearish_cross,0,1,baissier,365,0,0,30,,,17.0,57.0,100.0,47.0,31.3,58.77,False,False,,0,,,,59,,,,,,,,,
SUSDT,S,Mid,203,0.04543,877038.68572,0.243,45.63939178445893,-0.0006422737224629803,0.044824600000000006,0.06915105000000002,0.7697106840955575,0.20793096363262786,0.17433193964733687,0.11199446733059515,0.6504332095269835,0.03952527777777776,0.05006583333333334,macd_bearish_cross|uptrend|bearish_engulfing_4h,1,2,baissier,365,0,0,30,,,31.0,57.0,85.0,57.5,40.3,58.73,False,False,,0,,,,58,171820117,176392656,3784775845.0,3885497663.0,,97.4,,,
ARKMUSDT,ARKM,Mid,380,0.1206,789756.70014,0.416,46.24545743573853,-0.002093494356585345,0.11602400000000002,0.168231,0.9267950434391535,0.24193548387096772,0.16435506241331485,0.11195924278605454,0.5581125767561868,0.09672222222222228,0.13521111111111114,macd_bearish_cross|uptrend,1,1,mixte,365,0,0,30,,,31.0,57.0,85.0,57.5,40.3,58.73,False,False,,0,,,,58,74059136,118920774,622760291.0,1000000000.0,1000000000.0,62.3,,,
GRTUSDT,GRT,Mid,162,0.02538,932799.63313,-1.36,45.63125567515938,-0.00016121185641932063,0.025124399999999998,0.0351776,0.5403313801206374,0.16660733357066573,0.12270998963014175,0.3111168005716413,0.7034993800382763,0.023804444444444448,0.02809083333333333,macd_bearish_cross|double_top_90d|uptrend,1,2,baissier,365,0,0,30,,,31.0,57.0,87.5,57.5,24.7,58.72,False,False,,0,,,,55,274154241,274164272,10799867657.47347,10800262816.04821,10800262823.318213,100.0,,,
INJUSDT,INJ,Mid,106,4.887,7992989.58228,4.939,69.4666786455649,0.0573670613853125,3.5398600000000005,4.363679999999999,0.7235876802509124,0.27361735908970625,0.0554156171284634,0.8613054347571167,0.5945370052999046,2.846166666666667,4.320944444444446,double_bottom_90d,1,0,haussier,365,0,0,30,,,31.0,57.0,77.5,78.5,57.9,58.67,False,False,,0,,,,58,487623803,487623803,100000000.0,100000000.0,,100.0,15815636,$16M,-0.4
2ZUSDT,2Z,Mid,144,0.0914,628318.73885,2.547,48.62950614144642,-0.0008357053643686801,0.08660260000000002,0.10580910000000004,0.7322060366730161,0.20711592836946277,0.1265290519877676,0.2060408101247446,0.5597065226720455,0.07107166666666667,0.09655861111111112,macd_bearish_cross|uptrend|morning_star_4h,2,1,haussier,228,0,0,30,,,27.2,57.0,85.0,57.5,57.8,58.66,False,False,,0,,,,63,316673141,912500114,3469844133.8,9998426633.8,10000000000.0,34.7,616698452,$617M,-21.55
AVAXUSDT,AVAX,Etabli,29,9.3,9505141.3111,-0.428,44.917257140769685,-0.047681573873869565,9.340800000000002,11.468150000000001,0.3913291489345039,0.18017159199237373,0.11344137273593893,0.17625708970667348,0.8481153953713099,8.712777777777779,9.973055555555558,macd_bearish_cross|double_top_90d,0,2,baissier,365,0,0,30,,,45.0,28.0,87.5,78.5,15.7,58.52,False,False,,0,,,,41,4015556327,4310084611,431771961.1772119,463441061.1772119,720000000.0,93.2,135240657,$135M,-2.57
KAITOUSDT,KAITO,Mid,282,0.4461,1434761.02751,2.599,46.4695376771631,-0.008273993443725241,0.4428140000000001,0.5040085000000005,0.7352449047546711,0.17697664891437942,0.15028355387523631,0.4724768134739425,0.29803135116114937,0.3217305555555556,0.4903583333333333,uptrend,1,0,haussier,365,0,0,30,,,31.0,57.0,79.0,68.0,59.0,58.46,False,False,,0,,,,62,105721779,437972849,241388889.0,1000000000.0,1000000000.0,24.1,,,
TWTUSDT,TWT,Mid,180,0.5001,1643548.7967,4.188,65.41353520374696,0.003538199635768735,0.43169599999999997,0.7188385000000005,0.44858013408460634,0.3634446397188048,0.11985940246045683,0.1231273263540871,0.3249080765988648,0.39589166666666675,0.5270833333333332,uptrend,1,0,haussier,365,0,0,30,,,31.0,48.0,83.5,68.0,59.0,58.42,False,False,,0,,,,57,208401549,500183845,416649900.0,1000000000.0,,41.7,,,
STXUSDT,STX,Mid,114,0.2394,1003889.73362,-0.664,45.67499258108035,-0.0019831175484988075,0.232686,0.2815235,0.6430710491486612,0.21335807050092773,0.1186440677966101,0.6279651370654288,0.7338615511794309,0.21691666666666662,0.2719666666666667,macd_bearish_cross|uptrend,1,1,mixte,365,0,0,30,,,31.0,66.0,77.0,68.0,40.3,58.3,False,False,,0,,,,60,440931984,440931984,1845348584.94614,1845348584.94614,,100.0,,,
VETUSDT,VET,Etabli,92,0.006833,1204994.1434344,-0.263,39.67736892227692,-9.560465351555449e-05,0.007194420000000002,0.009777519999999996,0.4846076536984311,0.19433497536945818,0.15923645320197052,0.1764718144207589,0.7246386533791875,0.006786416666666666,0.007809194444444443,macd_bearish_cross|double_top_90d|uptrend,1,2,baissier,365,0,0,30,,,45.0,28.0,87.5,68.0,24.7,58.22,False,False,,0,,,,43,586904341,586904341,85985041177.0,85985041177.0,86712634466.0,100.0,,,
ALGOUSDT,ALGO,Etabli,72,0.11,1198744.0424,-0.99,43.18279121708358,-0.0019960299185612317,0.11216000000000002,0.11731550000000004,0.6675080058903834,0.17664670658682632,0.17664670658682632,0.09058024621404505,0.4920879256090576,0.08356944444444443,0.12303055555555556,macd_bearish_cross|uptrend,1,1,mixte,365,0,0,30,,,45.0,28.0,85.0,68.0,40.3,58.22,False,False,,0,,,,47,980035549,980074766,8912900667.592154,8913257324.31232,10000000000.0,100.0,,,
JASMYUSDT,JASMY,Mid,154,0.00593,873898.174621,0.338,46.30815376553077,-7.385281334720579e-05,0.005750999999999999,0.00658155,0.7472700298677374,0.2048517520215634,0.20080862533692723,0.12446324556887982,0.5351175127467395,0.005256666666666667,0.006393333333333333,macd_bearish_cross,0,1,baissier,365,0,0,30,,,31.0,57.0,85.0,57.5,31.3,58.19,False,False,,0,,,,56,293478042,296772215,49444999677.59027,50000000000.0,50000000000.0,98.9,,,
RSRUSDT,RSR,Mid,267,0.00184,422783.1279861,0.656,48.32104784859958,-2.794787035257142e-05,0.00172262,0.0023712800000000003,0.8024270424731247,0.22240348015225658,0.15448275862068964,0.144576434206102,0.5354310029493277,0.0014418611111111114,0.0019663333333333334,macd_bearish_cross|uptrend,1,1,mixte,365,0,0,30,,,31.0,57.0,85.0,47.0,40.3,57.89,False,False,,0,,,,58,113479285,181412513,62553174091.0,100000000000.0,100000000000.0,62.6,82515060,$83M,-3.61
XECUSDT,XEC,Mid,223,7.5e-06,333343.08119823,-0.925,49.69219625927094,-2.8715723542222958e-08,7.202999999999999e-06,9.466499999999995e-06,0.6020719736781288,0.19362745098039216,0.1297798377752028,0.4105471131735982,0.6870758746085777,6.723611111111111e-06,8.043888888888885e-06,macd_bearish_cross|uptrend,1,1,mixte,365,0,0,30,,,31.0,57.0,85.0,47.0,40.3,57.89,False,False,,0,,,,58,150367705,150368620,20029285922580.0,20029407797580.0,21000000000000.0,100.0,,,
KSMUSDT,KSM,Mid,313,5.16,312587.33011,2.381,50.354518804806496,-0.06572919645587172,4.752,6.3568,0.6273641192283824,0.23925233644859803,0.13856427378964942,0.25192747197449505,0.5946079113387766,4.168333333333334,5.508611111111112,macd_bearish_cross|uptrend,1,1,mixte,365,0,0,30,,,31.0,57.0,85.0,47.0,40.3,57.89,False,False,,0,,,,58,92193061,92193061,18218517.31832101,18218517.31832101,,100.0,,,
XLMUSDT,XLM,Etabli,22,0.1516,4968425.9368,-0.197,38.716295765543826,-0.0011443590008233047,0.16287999999999997,0.1982579999999999,0.430184987191723,0.15354550530429925,0.15354550530429925,0.20195090260303916,0.7682195617101657,0.1517361111111111,0.1749166666666667,macd_bearish_cross|double_top_90d,0,2,baissier,365,0,0,30,,,45.0,28.0,87.5,68.0,15.7,57.68,False,False,,0,,,,41,5075043835,7577171368,33490236371.81276,50001786863.25703,,67.0,23448783,$23M,0.69
POLUSDT,POL,Etabli,71,0.0922,2512101.98444,3.363,43.23210608379591,-0.001175368487539104,0.092706,0.11477950000000003,0.42182223755575876,0.2830850131463628,0.19193689745836975,0.2239971876851347,0.5252748242451497,0.08740833333333332,0.1076611111111111,macd_bearish_cross|uptrend,1,1,mixte,365,0,0,30,,,45.0,28.0,83.5,68.0,40.3,57.67,False,False,,0,,,,46,980982106,980982106,10644576957.30374,10644576957.30374,,100.0,2420034073,$2.4B,-0.57
TLMUSDT,TLM,Speculative,,0.001838,236043.876329,-1.606,45.078540488237984,-2.1249824368461677e-05,0.0017929600000000001,0.0020857949999999997,0.5252651099690829,0.13730853391684897,0.11730769230769225,0.13346258728079877,0.49726243539467035,0.0015899722222222222,0.0020018888888888886,macd_bearish_cross|uptrend,1,1,mixte,365,0,0,30,,,17.0,57.0,95.5,47.0,40.3,57.63,False,False,,0,,,,60,,,,,,,,,
COMPUSDT,COMP,Mid,178,21.93,568829.03027,1.905,44.811306046381105,-0.2936148013504157,21.6264,24.050150000000002,0.6790229512727675,0.1757529546321006,0.16355318337781163,0.19947490088093234,0.4568110640277194,16.966944444444444,24.42611111111111,,0,0,neutre,365,0,0,30,,,31.0,48.0,85.0,57.5,50,57.6,False,False,,0,,,,55,212047435,219324869,9668189.278360886,10000000.0,10000000.0,96.7,1247168380,$1.2B,-3.44
ENAUSDT,ENA,Etabli,73,0.1071,4890585.786128,-0.557,44.883771555827,-0.0019151820461448133,0.10465399999999997,0.17318500000000003,0.8199263101564653,0.3385892116182573,0.18910741301059006,0.0973667989507742,0.6916819231616579,0.0882111111111111,0.12323333333333336,macd_bearish_cross|uptrend,1,1,mixte,365,0,0,30,,,45.0,48.0,73.0,68.0,40.3,57.56,False,False,,0,,,,51,967339879,1607488807,9026562500.0,15000000000.0,15000000000.0,60.2,4348363101,$4.3B,9.68
APTUSDT,APT,Etabli,81,0.953,4207860.20317,-0.626,43.042579450373196,-0.016432531267590013,0.9521799999999999,1.4852400000000006,0.6353325299526625,0.27174887892376676,0.17259323503902868,0.22794049804978803,0.6270118358376155,0.8457499999999999,1.0705833333333334,macd_bearish_cross|uptrend,1,1,mixte,365,0,0,30,,,45.0,48.0,73.0,68.0,40.3,57.56,False,False,,0,,,,51,780536247,1146143806,819118336.479862,1202797961.722755,2100000000.0,68.1,,,
QTUMUSDT,QTUM,Mid,301,0.915,159389.4722,0.882,46.04018122099421,-0.004535557444017492,0.9182799999999999,1.1882299999999997,0.5227193854694884,0.17012448132780075,0.12452107279693486,0.1632586764005778,0.679334586515635,0.8482777777777778,0.9956666666666667,macd_bearish_cross,0,1,baissier,365,0,0,30,,,31.0,37.0,95.5,47.0,31.3,57.46,False,False,,0,,,,52,96543551,98179371,106025918.5,107822406.0,,98.3,,,
LAYERUSDT,LAYER,Speculative,909,0.0959,21084359.571457,4.923,52.265642443227364,-0.00040854620810293514,0.08687599999999998,0.13524999999999987,1.0717872047813197,0.242741935483871,0.2274193548387097,19.287465261163966,0.5683651812503432,0.07847777777777779,0.10257222222222222,macd_bearish_cross|uptrend,1,1,mixte,365,0,0,30,,,17.0,84.0,74.5,78.5,40.3,57.46,False,False,,3,⚡ Volume ×19.3 vs médiane,,19.29,73,19675048,93690705,210000000.0,1000000000.0,1000000000.0,21.0,13674806,$14M,-15.5
IOTAUSDT,IOTA,Mid,168,0.0564,1056118.2432,0.894,44.23068650418531,-0.00033625907473787723,0.057896,0.08234749999999998,0.5738997332345701,0.24894514767932482,0.20815752461322073,0.28647622632029934,0.6318412470175034,0.05494166666666669,0.06820277777777778,macd_bearish_cross,0,1,baissier,365,0,0,30,,,31.0,28.0,95.5,68.0,31.3,57.43,False,False,,0,,,,46,250238767,275273532,4443744579.0,4888312388.0,,90.9,,,
DGBUSDT,DGB,Mid,404,0.00369,173227.432874,1.653,37.82148697154257,3.947625072168228e-06,0.004137999999999999,0.0053226999999999944,0.4044748705616459,0.2479508196721311,0.24180327868852453,0.18058981088217682,0.6393355232076028,0.003722777777777778,0.0047,support_bounce,1,0,haussier,365,0,0,30,,,31.0,28.0,95.5,47.0,54.2,57.12,False,False,,0,,,,52,66985618,66995180,18287512948.03394,18290123625.19973,21000000000.0,100.0,,,
ILVUSDT,ILV,Speculative,591,4.65,266434.23688,1.528,46.49291495537363,-0.0642932903523745,4.4788,5.475850000000004,0.5703226151863161,0.18795180722891572,0.10576923076923073,0.2069308202109882,0.48666032594735026,3.497222222222222,5.050833333333334,macd_bearish_cross,0,1,baissier,365,0,0,30,,,17.0,57.0,95.5,47.0,31.3,57.09,False,False,,0,,,,58,38145543,44183353,8285594.426011028,9597067.355720136,,86.3,,,
HOLOUSDT,HOLO,Speculative,512,0.0765,2931658.2041,5.082,58.400297081806634,-0.00020244294981416194,0.06322,0.07174300000000003,0.807733787832151,0.21633888048411506,0.1202312138728323,1.1597710138684962,0.43750926736810897,0.05334722222222223,0.07434166666666665,macd_bearish_cross|resistance_test,0,2,baissier,249,0,0,30,,,13.8,75.0,85.0,68.0,26.9,57.07,False,False,,0,,,,61,48068114,153650509,640697508.3643444,2048000000.0,2048000000.0,31.3,,,
TURBOUSDT,TURBO,Mid,344,0.001177,620174.66715,0.427,44.836335473909465,-1.961486185336549e-05,0.00114674,0.0014482649999999991,0.6557481072662551,0.19452054794520554,0.13719735876742487,0.2868626883617726,0.48382070524191234,0.0009419166666666667,0.0013071666666666668,macd_bearish_cross|uptrend,1,1,mixte,365,0,0,30,,,31.0,48.0,85.0,57.5,40.3,57.02,False,False,,0,,,,53,79785345,79785345,69000000000.0,69000000000.0,69000000000.0,100.0,,,
BCHUSDT,BCH,Etabli,17,414.6,9046933.6303,-1.473,34.41415378622301,-4.109706238930567,445.448,515.2444999999998,0.34856857691452303,0.27334851936218685,0.27334851936218685,0.08085570520514211,0.6335127370071246,431.8972222222222,512.6361111111112,double_top_90d|uptrend,1,1,mixte,365,0,0,30,,,45.0,19.0,83.5,78.5,43.5,56.99,False,False,,0,,,,44,8304442481,8304547397,20035612.39665078,20035865.52165078,21000000.0,100.0,,,
WBTCUSDT,WBTC,Speculative,,77878.4,3103368.7168756,-0.39,48.70085078359854,-521.3024937405426,75253.59500000002,81459.31989999996,0.2871659015488796,0.11750558206030245,0.0493717297166157,0.2057464796477562,0.9996323966096795,65878.50694444445,79824.24777777778,uptrend,1,0,haussier,365,0,0,30,,,17.0,57.0,86.0,68.0,59.0,56.9,False,False,,0,,,,63,,,,,,,8932533889,$8.9B,-4.23
GLMUSDT,GLM,Mid,239,0.1358,345517.62464,-0.367,45.225615876501344,-0.0011327880495664976,0.13456399999999996,0.183723,0.4835486992558441,0.3230088495575221,0.24889380530973446,0.46472896176866885,0.5407789908225163,0.1251111111111111,0.15778333333333333,macd_bearish_cross,0,1,baissier,365,0,0,30,,,31.0,57.0,83.5,47.0,31.3,56.79,False,False,,0,,,,56,135677573,135677573,1000000000.0,1000000000.0,,100.0,,,
RAYUSDT,RAY,Mid,190,0.718,805257.8886,-0.278,42.204198720155674,-0.01898236034147789,0.71144,0.8826649999999995,0.691909991479599,0.1822323462414579,0.1810933940774488,0.18957815039460732,0.6680394989313332,0.5767777777777776,0.8181944444444442,double_top_90d,0,1,baissier,365,0,0,30,,,31.0,48.0,85.0,57.5,34.4,56.67,False,False,,0,,,,51,193322176,398909236,268967970.467351,555000000.0,555000000.0,48.5,1018495251,$1.0B,-7.1
EDENUSDT,EDEN,Speculative,,0.0419,1673197.55395,18.362,59.379538713459105,-0.00016272123854096866,0.035308,0.05470849999999995,0.8024056146700203,0.3725961538461538,0.025882352941176558,1.8092777947722436,0.3671984197596027,0.02993888888888889,0.04125555555555554,macd_bearish_cross|uptrend,1,1,mixte,230,0,0,30,,,13.3,84.0,77.5,68.0,40.3,56.64,False,False,,0,,,,65,,,,,,,,,
CRVUSDT,CRV,Mid,132,0.2385,1846577.88658,-2.454,46.687781791328256,-0.0018640793601900421,0.23185199999999997,0.315484,0.6799388435465258,0.18730407523510967,0.15209665955934606,0.15927336916585028,0.7081948804135365,0.21244166666666667,0.26150277777777775,macd_bearish_cross|uptrend|bearish_engulfing_4h,1,2,baissier,365,0,0,30,,,31.0,57.0,77.0,68.0,40.3,56.59,False,False,,0,,,,57,361208379,568026001,1514314886.0,2381368424.488172,3030303031.0,63.6,1690097300,$1.7B,-0.16
DEXEUSDT,DEXE,Etabli,91,13.044,506801.66514,0.679,58.49694585328249,0.04986544321748276,11.117120000000002,5.80598,1.1593511245586776,0.3166955825437075,0.13038836247164023,0.08703041126462034,0.023080307241282245,3.0455277777777776,13.548916666666667,macd_bullish_cross,1,0,haussier,365,0,0,30,,,45.0,73.0,56.5,57.5,59.0,56.44,False,False,,0,,,,63,608777038,1256665020,46750552.58384035,96504599.33609451,,48.4,,,
TUSDT,T,Mid,423,0.0057,289967.22566,-0.35,38.06779463060063,-4.6417787121985415e-05,0.006122799999999997,0.008320199999999995,0.42643775863594874,0.22950819672131148,0.22267759562841535,0.5179682195299393,0.6993628546201448,0.005915555555555555,0.006977777777777779,macd_bearish_cross|downtrend,0,2,baissier,365,0,0,30,,,31.0,37.0,95.5,47.0,14.0,56.42,False,False,,0,,,,45,63234330,63234330,11155000000.0,11155000000.0,,100.0,405146483,$405M,-5.16
GMXUSDT,GMX,Mid,399,6.74,95692.31252,-1.028,42.661799704675026,-0.10823314127717013,6.703799999999998,7.441200000000002,0.6455846336673703,0.23733333333333337,0.11533420707732633,0.06714779691679962,0.6606972399270525,6.009722222222222,7.39361111111111,double_top_90d|uptrend,1,1,mixte,365,0,0,30,,,31.0,48.0,85.0,47.0,43.5,56.37,False,False,,0,,,,53,69689961,69689961,10398917.91410912,10398917.91410912,13250000.0,100.0,204271128,$204M,-5.53
HOTUSDT,HOT,Mid,389,0.000408,171734.379545,0.246,40.77660069270185,-4.705480330375033e-06,0.00042122,0.0004688550000000002,0.4655223789739859,0.21383647798742136,0.1467505241090146,0.1570505459355978,0.4382683665784182,0.0003822222222222223,0.0004619444444444444,macd_bearish_cross|uptrend,1,1,mixte,365,0,0,30,,,31.0,28.0,95.5,47.0,40.3,56.29,False,False,,0,,,,48,71630951,71630951,177619433541.1413,177619433541.1413,,100.0,,,
CFXUSDT,CFX,Mid,137,0.06378,3566335.45177,-0.546,50.24959973390449,-0.00011573228025963224,0.05932120000000001,0.06688084999999998,0.8212343329463738,0.2570999248685199,0.16684045881126164,0.6245009511511472,0.5893156438895121,0.04871611111111112,0.0671102777777778,macd_bearish_cross,0,1,baissier,365,0,0,30,,,31.0,66.0,73.0,68.0,31.3,56.27,False,False,,0,,,,57,331328538,332573624,5189835932.13,5209338612.02,,99.6,,,
BNTUSDT,BNT,Speculative,617,0.3352,153380.47448,-0.03,56.5110870351708,-0.00018056919218061018,0.31164800000000004,0.3693184999999998,0.3517851200474357,0.16369778869778875,0.036781609195402236,0.35045286995840974,0.8985524098549511,0.2766888888888889,0.3388194444444445,macd_bearish_cross|double_bottom_90d,1,1,mixte,365,0,0,30,,,17.0,57.0,92.0,47.0,39.1,56.26,False,False,,0,,,,59,35767823,35767823,108043987.3521688,108043987.3521688,110542364.6372305,100.0,20655660,$21M,-3.19
LINEAUSDT,LINEA,Mid,324,0.003522,882083.85846,0.744,44.73489928148342,-6.083751728692158e-05,0.00348828,0.005735169999999997,0.7873579124041478,0.24804177545691902,0.18316373728029597,0.20686132366098442,0.6063506205420994,0.002999166666666666,0.0038534166666666664,macd_bearish_cross|uptrend,1,1,mixte,250,0,0,30,,,27.8,48.0,85.0,57.5,40.3,56.08,False,False,,0,,,,53,86664368,250496984,24913275028.373516,72009990000.0,72009990000.0,34.6,,,
ENSUSDT,ENS,Mid,165,6.5,828032.5748,0.464,50.112736211064444,-0.04064497150553864,6.142000000000001,8.427149999999994,0.6617541201271754,0.18343195266272194,0.11772665764546687,0.1862040932399139,0.7946986469684428,5.632777777777778,6.891666666666667,macd_bearish_cross|uptrend,1,1,mixte,365,0,0,30,,,31.0,57.0,77.0,57.5,40.3,55.75,False,False,,0,,,,57,262588765,649833095,40408647.500078425,100000000.0,100000000.0,40.4,,,
GASUSDT,GAS,Mid,287,1.582,219744.2146,0.063,38.68937409624934,-0.012143902689260057,1.6762999999999997,1.86707,0.37193536644870956,0.13432017543859653,0.1337719298245614,0.1069821856918452,0.527891070410357,1.5238611111111107,1.7747777777777776,macd_bearish_cross,0,1,baissier,365,0,0,30,,,31.0,28.0,95.5,47.0,31.3,55.75,False,False,,0,,,,46,102117797,102117797,65093580.54427269,65093580.54427269,,100.0,,,
VTHOUSDT,VTHO,Mid,480,0.000536,184710.292805,0.0,35.25823377016329,-7.624634669646544e-06,0.00057002,0.0007409000000000001,0.41548387516988133,0.1634920634920635,0.1492063492063492,0.2853282935888698,0.6783360881230157,0.0005423333333333333,0.0006272500000000002,macd_bearish_cross|doji_4h,0,1,baissier,365,0,0,30,,,31.0,28.0,95.5,47.0,31.3,55.75,False,False,,0,,,,46,53109299,53146641,99998692118.0,100069003433.0,,99.9,,,
BOMEUSDT,BOME,Speculative,579,0.000587,756915.538417,2.622,53.708807908614055,-6.596717735527603e-06,0.0005017200000000001,0.0005726150000000001,0.9701706189947872,0.23590814196242169,0.09133126934984524,0.28623834628658834,0.5163068901616825,0.0003739166666666667,0.0006137222222222223,macd_bearish_cross,0,1,baissier,365,0,0,30,,,17.0,57.0,89.5,57.5,31.3,55.7,False,False,,0,,,,57,39011887,39011887,68999659569.0,68999659569.0,68999659569.0,100.0,,,
PNUTUSDT,PNUT,Mid,443,0.06,1423650.77961,-0.99,53.456179306647975,-0.0005110017060091778,0.05255,0.06713000000000002,0.8972249876133651,0.27068723702664804,0.15708274894810662,0.16053725884340844,0.5062186325235684,0.04026666666666669,0.06365555555555555,,0,0,neutre,365,0,0,30,,,31.0,57.0,73.0,68.0,50,55.68,False,False,,0,,,,59,59206846,59206846,999842182.0437,999842182.0437,1000000000.0,100.0,,,
ARUSDT,AR,Mid,237,2.16,1392304.4871,1.408,49.134072115883605,-0.04091078033419726,2.0018,2.8875499999999987,1.041470870289966,0.24630541871921174,0.21376811594202896,0.14416961604792822,0.48086097403755224,1.6094444444444438,2.325555555555556,macd_bearish_cross|uptrend|doji_4h,1,1,mixte,365,0,0,30,,,31.0,57.0,74.5,68.0,40.3,55.66,False,False,,0,,,,57,142192511,142192511,65652466.0,65652466.0,66000000.0,100.0,,,
ICPUSDT,ICP,Etabli,57,2.618,9836403.20395,2.707,45.29524353740681,-0.06625328503621458,2.5765999999999996,3.1681049999999997,1.136018588160695,0.2847279756973212,0.2753383043358188,0.3226049345061234,0.43284513242694245,2.217555555555555,3.0004722222222227,macd_bearish_cross,0,1,baissier,365,0,0,30,,,45.0,57.0,62.5,78.5,31.3,55.65,False,False,,0,,,,53,1450701972,1450701972,552832579.3147144,552832579.3147144,,100.0,,,
PEPEUSDT,PEPE,Etabli,54,3.77e-06,16352523.32242652,-0.265,42.06620929132346,-6.278481050402551e-08,3.7985999999999987e-06,4.3638500000000014e-06,0.46145325617305794,0.27334851936218685,0.14285714285714293,0.16901731522090724,0.7187832143537748,3.291944444444444e-06,4.246944444444446e-06,macd_bearish_cross|uptrend,1,1,mixte,365,0,0,30,,,45.0,28.0,75.5,78.5,40.3,55.53,False,False,,0,,,,45,1587182217,1587182217,420690000000000.0,420690000000000.0,420690000000000.0,100.0,,,
BONKUSDT,BONK,Etabli,97,6.25e-06,2338380.62685429,-0.794,43.24109569701604,-9.913770360126833e-08,6.258800000000001e-06,7.950550000000001e-06,0.6085354366235853,0.1917098445595855,0.19041450777202076,0.13653324523724786,0.7951532219894366,5.666388888888889e-06,6.917777777777778e-06,macd_bearish_cross|uptrend,1,1,mixte,365,0,0,30,,,45.0,28.0,77.0,68.0,40.3,55.24,False,False,,0,,,,45,550348403,550348403,87994734361564.33,87994734361564.33,87995282867000.55,100.0,,,
CAKEUSDT,CAKE,Mid,108,1.475,1351616.72172,-0.068,44.558090733507925,-0.008890997926805934,1.4965800000000002,1.7595299999999992,0.37560316677782196,0.1224489795918367,0.09330877839165126,0.15741341177591708,0.7767820764041201,1.2877500000000002,1.5711666666666668,macd_bearish_cross|double_top_90d,0,2,baissier,365,0,0,30,,,31.0,28.0,92.0,68.0,15.7,55.19,False,False,,0,,,,42,480899940,499236412,326201252.7327143,338639141.4500047,400000000.0,96.3,1773039872,$1.8B,-0.44
SEIUSDT,SEI,Mid,117,0.06311,2959888.545083,1.774,49.38398494162005,-0.0004991236699527276,0.05908119999999999,0.09619779999999999,0.7371257237509834,0.32705248990578734,0.1707894736842104,0.2610386446230701,0.6621010827884486,0.053682499999999994,0.0716188888888889,macd_bearish_cross|uptrend,1,1,mixte,365,0,0,30,,,31.0,57.0,73.0,68.0,40.3,55.1,False,False,,0,,,,56,424779011,630859918,6733333333.0,10000000000.0,,67.3,,,
POWRUSDT,POWR,Speculative,655,0.0645,82169.8449,1.256,47.201420749236945,-0.0002645486531842409,0.06498599999999999,0.07704800000000003,0.4533670109949734,0.15925394548063126,0.0744985673352435,0.2266392149320301,0.6912220594035361,0.06072222222222223,0.06854166666666667,macd_bearish_cross,0,1,baissier,365,0,0,30,,,17.0,37.0,100.0,47.0,31.3,54.97,False,False,,0,,,,53,33598621,63390795,529761884.726046,999506122.99937,1000000000.0,53.0,,,
AIXBTUSDT,AIXBT,Speculative,663,0.0336,2491955.85534,1.511,56.904753876400356,-0.00036164316210492023,0.02828,0.03326700000000002,0.9640147339443171,0.272108843537415,0.06128133704735377,0.5818990531693167,0.4646100775533263,0.020622222222222222,0.03381111111111112,,0,0,neutre,365,0,0,30,,,17.0,66.0,77.5,68.0,50,54.9,False,False,,0,,,,62,33174293,33352447,994658423.1010208,1000000000.0,1000000000.0,99.5,,,
VIRTUALUSDT,VIRTUAL,Mid,109,0.7262,3322166.75577,0.235,43.104277711640975,-0.018102188363722575,0.7217420000000001,0.8164629999999998,0.7299178081579715,0.22639082431128735,0.22092400042877045,0.15813617181340003,0.7468819373209721,0.6265055555555556,0.8270805555555556,macd_bearish_cross|uptrend,1,1,mixte,365,0,0,30,,,31.0,48.0,77.0,68.0,40.3,54.88,False,False,,0,,,,51,477481048,726775043,656986027.2170838,1000000000.0,1000000000.0,65.7,,,
MINAUSDT,MINA,Mid,365,0.059,327097.64997,-1.173,41.57221192807993,-0.0008287227876384532,0.05988400000000001,0.07905150000000001,0.506249400003753,0.19418960244648323,0.14492753623188417,0.1073958270703704,0.6627834518412102,0.054213888888888895,0.06549999999999999,macd_bearish_cross|double_top_90d,0,2,baissier,365,0,0,30,,,31.0,28.0,95.5,47.0,15.7,54.81,False,False,,0,,,,42,75574724,75575824,1286340245.840039,1286358955.840039,,100.0,,,
BNSOLUSDT,BNSOL,Speculative,,96.6,446339.9653,-0.719,46.54382590117058,-0.5426233288888407,95.17799999999997,120.68500000000006,0.40570583276228706,0.17813383600376995,0.10977859778597791,0.28582121295114754,0.8742650635234045,88.57500000000002,102.91388888888888,macd_bearish_cross|uptrend,1,1,mixte,365,0,0,30,,,17.0,57.0,87.5,47.0,40.3,54.65,False,False,,0,,,,59,,,,,,,,,
TIAUSDT,TIA,Mid,131,0.3984,3124584.554154,-1.896,50.25873088682281,-0.0031049552614639403,0.35791599999999996,0.4721380000000001,0.8791933956890542,0.25722468107263735,0.1433799784714748,0.30547281443455154,0.6196682062038927,0.2948888888888889,0.42130277777777775,macd_bearish_cross,0,1,baissier,365,0,0,30,,,31.0,57.0,73.0,68.0,31.3,54.56,False,False,,0,,,,54,365422856,464962673,918259753.217912,1168390272.081835,,78.6,,,
GALAUSDT,GALA,Mid,210,0.00345,2201350.41683,2.374,47.878474066877,-4.7534896160370476e-05,0.0032810000000000005,0.005340849999999998,0.8214829630294067,0.3135802469135802,0.17067307692307687,0.31909617191997947,0.5904646557741754,0.0029211111111111113,0.003913888888888889,macd_bearish_cross,0,1,baissier,365,0,0,30,,,31.0,57.0,73.0,68.0,31.3,54.56,False,False,,0,,,,54,165105844,165105845,47810580690.53833,47810580896.70375,50000000000.0,100.0,,,
EIGENUSDT,EIGEN,Mid,235,0.1947,1538742.231202,1.777,49.60777422230369,-0.0016244082038810361,0.18055,0.34033250000000026,0.8972828706058504,0.34061135371179047,0.14978165938864627,0.256180396480437,0.6110814273317756,0.16059444444444437,0.2154805555555555,macd_bearish_cross,0,1,baissier,365,0,0,30,,,31.0,57.0,73.0,68.0,31.3,54.56,False,False,,0,,,,54,144283385,354385791,741228566.6979554,1820589883.821052,,40.7,7124896787,$7.1B,-5.35
OPUSDT,OP,Mid,157,0.1332,1354729.993646,0.301,47.01907509966891,-0.002292397706896347,0.12568400000000002,0.22445499999999996,0.8527537841279539,0.4542536115569824,0.2873194221508828,0.11434939928220639,0.48075422545148855,0.1084888888888889,0.1516027777777778,macd_bearish_cross,0,1,baissier,365,0,0,30,,,31.0,57.0,73.0,68.0,31.3,54.56,False,False,,0,,,,54,286436003,571968486,2150875957.0,4294967296.0,4294967296.0,50.1,542763922,$543M,-2.11
IMXUSDT,IMX,Mid,225,0.1773,1082689.07151,-0.281,50.8882051333073,-0.0008250029842878752,0.16326600000000002,0.228638,0.7563796513857612,0.27922077922077915,0.12098765432098775,0.2780092747100056,0.6809545451474143,0.1408722222222222,0.18612777777777775,macd_bearish_cross,0,1,baissier,365,0,0,30,,,31.0,57.0,73.0,68.0,31.3,54.56,False,False,,0,,,,54,149678034,355342149,842444578.3296283,2000000000.0,2000000000.0,42.1,29554892,$30M,-4.78
TAOUSDT,TAO,Etabli,39,270.2,18341975.23307,-1.315,43.920157964946725,-3.874289411093258,281.0,265.169,0.6907990238807253,0.3103746397694524,0.22161383285302588,0.2670198581672135,0.4662636803118616,179.1444444444445,325.5722222222223,macd_bearish_cross|downtrend,0,2,baissier,365,0,0,30,,,45.0,36.0,73.0,78.5,14.0,54.54,False,False,,0,,,,41,2592180789,5671877845,9597491.0,21000000.0,21000000.0,45.7,,,
MORPHOUSDT,MORPHO,Etabli,63,1.785,784752.79877,0.847,38.45857165627126,-0.04881119338284494,1.8551800000000005,1.57479,0.643697664357603,0.2590725806451613,0.2053452115812918,0.12263060903439343,0.43744898478134353,1.5065,2.0848888888888886,uptrend|doji_4h,1,0,haussier,227,0,0,30,,,41.2,36.0,73.0,57.5,59.0,54.43,False,False,,0,,,,52,1128429624,1783340490,632761735.6753148,1000000000.0,1000000000.0,63.3,7460327693,$7.5B,-1.65
SLPUSDT,SLP,Speculative,802,0.000672,88640.781153,-0.739,40.96776124317498,-1.4471250107118383e-05,0.0006678599999999997,0.0007641900000000003,0.5995719780808638,0.23708206686930092,0.16852540272614616,0.1129173015413335,0.6158298268728774,0.0005477222222222222,0.0007512777777777779,macd_bearish_cross|downtrend,0,2,baissier,365,0,0,30,,,17.0,48.0,95.5,47.0,14.0,54.34,False,False,,0,,,,48,24238670,24238670,36332891212.0,36332891212.0,,100.0,8335391,$8M,5.43
KAVAUSDT,KAVA,Mid,419,0.06028,607345.991433,2.291,46.69862233159422,-0.0008440137447415013,0.05830379999999999,0.07806945000000004,0.6254538124991412,0.26102189781021906,0.12262773722627743,0.22644556022641127,0.5447389948025695,0.050121944444444455,0.06618555555555557,macd_bearish_cross|uptrend,1,1,mixte,365,0,0,30,,,31.0,57.0,73.0,57.5,40.3,54.26,False,False,,0,,,,56,64000389,64000389,1082847035.0,1082847035.0,,100.0,,,
DUSKUSDT,DUSK,Mid,342,0.1547,2406691.2855,5.742,59.263373560491324,0.0008677461393033752,0.13312800000000002,0.0929195,1.0690988597401734,0.2532347504621072,0.047443006777572475,0.4030934579319383,0.222266660726225,0.0834972222222222,0.15155833333333335,,0,0,neutre,365,0,0,30,,,31.0,73.0,61.0,68.0,50,54.25,False,False,,0,,,,62,80238055,80238055,584107281.7668695,584107281.7668695,1000000000.0,100.0,,,
LPTUSDT,LPT,Mid,286,2.092,530062.29018,1.504,42.30349899975539,-0.02236943432766135,2.1386399999999997,2.9390799999999975,0.4459750468541866,0.19126566922765867,0.15406389001213094,0.24733873514520782,0.7233049446252081,2.0382499999999997,2.4171944444444446,macd_bearish_cross|uptrend,1,1,mixte,365,0,0,30,,,31.0,28.0,87.5,57.5,40.3,54.15,False,False,,0,,,,47,103074891,103074891,49688954.55,49688954.55,,100.0,,,
CGPTUSDT,CGPT,Speculative,674,0.0377,7151542.557043,13.554,63.23379209906193,0.0005735350982087957,0.0249364,0.02933225,1.377815560663073,0.2768000000000001,0.12140350877192982,4.756534471585807,0.31884872340756004,0.018877222222222226,0.03144833333333334,uptrend,1,0,haussier,365,0,0,30,,,17.0,84.0,62.5,78.5,59.0,54.12,False,False,,2,⚡ Volume ×4.8 vs médiane,,4.76,74,32543609,35065775,926000377.0,997766421.0,1000000000.0,92.8,,,
MANTAUSDT,MANTA,Speculative,637,0.07426,464740.214803,-2.712,52.9868717417632,0.00032671498400984504,0.06747760000000003,0.07906289999999999,0.8044250202677179,0.242929292929293,0.15400363967242944,0.2300681468789613,0.5373006717854368,0.06139138888888889,0.07646055555555556,resistance_test,0,1,baissier,365,0,0,30,,,17.0,57.0,85.0,47.0,45.6,54.04,False,False,,0,,,,60,35057353,74857368,468322006.7545367,1000000000.0,1000000000.0,46.8,26283980,$26M,-6.53
FFUSDT,FF,Mid,187,0.08408,6242148.848836,-5.867,61.91870208827352,0.002728750558472028,0.07266019999999995,0.08979435000000002,0.8534733615985186,0.4353809697411593,0.2351440029165148,0.8770609926991335,0.11435566297873116,0.06501333333333333,0.08643138888888888,downtrend,0,1,baissier,231,0,0,30,,,27.3,66.0,67.0,78.5,32.7,53.87,False,False,,0,,,,56,196220423,838548816,2340000000.0,10000000000.0,10000000000.0,23.4,1618267358,$1.6B,-0.07
AUCTIONUSDT,AUCTION,Speculative,630,4.78,322838.0528,0.0,44.039642801808604,-0.031281652962320626,4.792199999999999,5.2129999999999965,0.3298459708113945,0.15547024952015348,0.09659090909090921,0.2287336188812451,0.6583670528740128,4.565555555555555,5.114999999999998,macd_bearish_cross|uptrend,1,1,mixte,365,0,0,30,,,17.0,28.0,100.0,47.0,40.3,53.8,False,False,,0,,,,49,35255567,36401913,7400406.985366665,7641033.485700425,10000000.0,96.9,,,
WIFUSDT,WIF,Mid,186,0.198,686899.9589,-0.503,46.25850243184615,-0.0021290619548965366,0.19585999999999998,0.2832100000000001,0.666461851113532,0.28695652173913044,0.14224137931034483,0.044990562431368945,0.6830391664918511,0.17080555555555557,0.22619444444444448,macd_bearish_cross,0,1,baissier,365,0,0,30,,,31.0,57.0,73.0,57.5,31.3,53.72,False,False,,0,,,,54,198019460,198019460,998926392.0,998926392.0,998926392.0,100.0,,,
AAVEUSDT,AAVE,Etabli,60,90.89,8214870.37366,1.712,42.4995044874255,-0.3418853165912298,95.85679999999998,138.98059999999998,0.7400578677249693,0.2903072912552334,0.28185480685678177,0.2805522136451,0.6584954975758041,91.0316666666667,120.69,macd_bearish_cross|double_top_90d|uptrend,1,2,baissier,365,0,0,30,,,45.0,28.0,73.0,78.5,24.7,53.66,False,False,,0,,,,41,1379587153,1454118748,15179911.874935383,16000000.0,16000000.0,94.9,14258144832,$14.3B,-4.35
XNOUSDT,XNO,Mid,455,0.431,327601.32547,3.606,42.33348744464441,-0.003443608033075047,0.46422,0.6421049999999997,0.7446875032942164,0.23411978221415616,0.21778584392014527,0.7680452845882967,0.5314287311588193,0.4302777777777778,0.5453888888888888,macd_bearish_cross,0,1,baissier,365,0,0,30,,,31.0,37.0,85.0,47.0,31.3,53.55,False,False,,0,,,,47,57427734,57427734,133248297.0,133248297.0,133248297.0,100.0,,,
LDOUSDT,LDO,Mid,152,0.356,2342653.371931,1.396,43.23565823664624,-0.00597276185966428,0.3649720000000001,0.4783994999999998,0.9776507300412897,0.20876173446580248,0.2033974072418418,0.2786321567159211,0.6412067698305061,0.2894833333333333,0.405813888888889,macd_bearish_cross,0,1,baissier,365,0,0,30,,,31.0,28.0,85.0,68.0,31.3,53.52,False,False,,0,,,,45,302344004,356095998,849051956.2816839,1000000000.0,1000000000.0,84.9,19320032860,$19.3B,-5.79
LUNCUSDT,LUNC,Mid,112,8.194e-05,21153153.8580916,8.876,52.413659524513776,-3.0689061934950733e-06,6.044939999999998e-05,4.415350000000001e-05,1.9045622373532747,0.3224010439321444,0.2880382775119617,1.6040187969435178,0.2975810400287099,3.564555555555556e-05,8.938277777777778e-05,macd_bearish_cross,0,1,baissier,365,0,0,30,,,31.0,100.0,46.0,78.5,31.3,53.51,False,False,,0,,,,63,451889891,526956685,5539327128388.898,6459506003847.098,,85.8,,,
ORCAUSDT,ORCA,Mid,311,1.48,6568920.36658,-2.052,49.97885581951433,-0.055599162366514104,1.23326,1.12935,1.646764703630747,0.3806306306306307,0.3120930232558139,2.902970268011182,0.143588750759056,0.8491111111111111,1.7766111111111107,uptrend|doji_4h,1,0,haussier,365,0,0,30,,,31.0,100.0,41.5,78.5,59.0,53.5,False,False,,0,,,,73,92586866,114212373,60798789.016129,74999557.353268,100000000.0,81.1,251982816,$252M,-4.16
GNOUSDT,GNO,Mid,141,122.23,83499.64447,-0.359,43.094003726108745,-1.3469695612939292,124.4206,127.23989999999989,0.6686410953524022,0.19395987037164722,0.1570709508377577,0.31842316211075516,0.6964765575428957,117.64861111111112,138.71,uptrend,1,0,haussier,365,0,0,30,,,31.0,28.0,85.0,47.0,59.0,53.5,False,False,,0,,,,51,322384723,366403319,2639589.0,3000000.0,3000000.0,88.0,,,
SNXUSDT,SNX,Mid,273,0.316,287230.0797,1.608,46.30743549488846,-0.004438722958946902,0.30767999999999995,0.4251799999999998,0.6063768079209569,0.36279069767441857,0.2651162790697674,0.161469785402944,0.5536661700347493,0.2819722222222223,0.36488888888888893,macd_bearish_cross|uptrend,1,1,mixte,365,0,0,30,,,31.0,57.0,73.0,47.0,40.3,53.42,False,False,,0,,,,56,108620552,108754117,344516234.4572882,344939867.5556631,344939867.0,99.9,42080726,$42M,-11.72
SANDUSDT,SAND,Mid,188,0.0731,1437016.426,0.55,42.72806922437951,-0.00048123345967052193,0.07724199999999999,0.11110349999999995,0.5883766991768093,0.2033333333333333,0.18666666666666662,0.2823026310850631,0.7677794715252445,0.07328333333333335,0.08666388888888889,macd_bearish_cross|downtrend,0,2,baissier,365,0,0,30,,,31.0,28.0,87.5,68.0,14.0,53.41,False,False,,0,,,,41,195136060,219476830,2667289212.2233224,3000000000.0,3000000000.0,88.9,,,
YFIUSDT,YFI,Mid,317,2530.0,433058.95842,0.158,38.20872139401726,-28.820108604094056,2637.02,3214.61,0.40900958862215886,0.16672492135616918,0.1163928696260049,0.3028512066853317,0.7468417372889133,2457.0555555555557,2822.722222222222,macd_bearish_cross|uptrend,1,1,mixte,365,0,0,30,,,31.0,28.0,87.5,47.0,40.3,53.31,False,False,,0,,,,47,89628667,92012809,35715.948082478506,36666.0,36666.0,97.4,177223217,$177M,-1.57
XTZUSDT,XTZ,Mid,126,0.3532,409528.09687,-2.188,40.01031568343089,-0.003670719353847581,0.36507799999999996,0.4504264999999998,0.4420189815326768,0.15529645249317783,0.12478293227486978,0.37049059810431245,0.7474350367316734,0.3478805555555555,0.39913055555555554,macd_bearish_cross|uptrend,1,1,mixte,365,0,0,30,,,31.0,28.0,87.5,47.0,40.3,53.31,False,False,,0,,,,47,383166402,390222702,1084970037.333965,1104950584.042095,,98.2,,,
RADUSDT,RAD,Speculative,,0.305,1661435.6294,-0.974,62.80543979854833,0.004561684315502964,0.24504,0.279125,1.1895938766239924,0.15322580645161293,0.08955223880597023,0.6957236496982353,0.2969579582320233,0.21736111111111117,0.2833333333333334,,0,0,neutre,365,0,0,30,,,17.0,66.0,73.0,68.0,50,53.22,False,False,,0,,,,61,,,,,,,,,
SFPUSDT,SFP,Mid,234,0.289,70986.2362,0.278,38.959254134247935,-0.005133895092553184,0.309074,0.3137355,0.7365796335514221,0.24341412012644886,0.23761854583772393,0.051252732892719824,0.5002271180472231,0.26211388888888887,0.3309527777777778,,0,0,neutre,365,0,0,30,,,31.0,28.0,85.0,47.0,50,52.96,False,False,,0,,,,49,144454164,144454164,500000000.0,500000000.0,500000000.0,100.0,,,
MTLUSDT,MTL,Speculative,754,0.299,55663.5673,0.0,42.7545262158202,-0.003394858415175006,0.29824,0.33896999999999994,0.3460854720701382,0.11011904761904771,0.11011904761904771,0.14045506706136024,0.7143234085025181,0.2659444444444445,0.3160277777777777,macd_bearish_cross|uptrend|doji_4h,1,1,mixte,365,0,0,30,,,17.0,48.0,87.5,47.0,40.3,52.94,False,False,,0,,,,53,26891600,26891600,90635915.0,90635915.0,,100.0,,,
NEWTUSDT,NEWT,Speculative,,0.0747,336512.34882,2.049,46.48921969414849,-0.0008549226217281947,0.07426200000000001,0.08988099999999996,0.7756050857098101,0.17183462532299731,0.12075029308323568,0.2360754297506099,0.40515823376878424,0.06492500000000001,0.08257777777777778,macd_bearish_cross,0,1,baissier,328,0,0,30,,,16.0,57.0,85.0,47.0,31.3,52.88,False,False,,0,,,,56,,,,,,,,,
1INCHUSDT,1INCH,Mid,244,0.0935,341289.36336,-0.638,42.652488002798066,-0.0007805310015110165,0.09464400000000003,0.12872399999999995,0.3775185367822292,0.17495219885277244,0.10707456978967497,0.17341910753735199,0.899308247303082,0.08844166666666663,0.10063611111111109,macd_bearish_cross,0,1,baissier,365,0,0,30,,,31.0,28.0,87.5,47.0,31.3,52.77,False,False,,0,,,,45,131242403,140059228,1405573965.7275033,1499999999.997,1500000000.0,93.7,3057268,$3M,-5.48
RVNUSDT,RVN,Mid,316,0.00563,189916.390705,1.077,38.71381989733321,-7.18099859222497e-05,0.0058942000000000005,0.006844049999999999,0.3957119932453618,0.1544585987261147,0.12187500000000004,0.163755616036689,0.717632470518564,0.005439166666666665,0.006257500000000001,macd_bearish_cross,0,1,baissier,365,0,0,30,,,31.0,28.0,87.5,47.0,31.3,52.77,False,False,,0,,,,45,90799521,90799961,16246173616.05053,16246252366.05053,21000000000.0,100.0,,,
FORMUSDT,FORM,Mid,305,0.2539,541449.1516,1.927,45.39884041312601,-0.004871214204331589,0.25331200000000004,0.3057559999999999,0.887591840627127,0.38904193449647995,0.21824303642485454,0.20865961639758926,0.4186722132269599,0.20133055555555554,0.30244999999999994,macd_bearish_cross|downtrend,0,2,baissier,365,0,0,30,,,31.0,57.0,73.0,57.5,14.0,52.68,False,False,,0,,,,50,95052488,142454533,381867255.14,572301922.1,580000000.0,66.7,,,
CTKUSDT,CTK,Speculative,718,0.1871,227864.72166,1.245,51.86264506567762,-0.00043065247842148744,0.178612,0.22300699999999987,0.4193216961833668,0.370668815471394,0.24617244157937154,0.18661402241400732,0.4215025426657497,0.160425,0.21193055555555554,macd_bearish_cross|bearish_engulfing_4h,0,2,baissier,365,0,0,30,,,17.0,57.0,83.5,47.0,31.3,52.62,False,False,,0,,,,56,29263840,29537446,157764712.0,159239755.0,,99.1,,,
AVAUSDT,AVA,Speculative,953,0.2413,115322.39469,-1.711,39.14533618040168,-0.006641411601565814,0.23839399999999997,0.26842000000000005,0.726197265853567,0.16620689655172413,0.16620689655172413,0.1417732067507553,0.5433162539477695,0.19091111111111114,0.2757027777777778,,0,0,neutre,365,0,0,30,,,17.0,48.0,85.0,47.0,50,52.59,False,False,,0,,,,55,17640287,17640287,73278967.0,73278967.0,100000000.0,100.0,,,
FETUSDT,FET,Mid,113,0.196,4159644.95479,-0.407,38.87049587847795,-0.0027029359013529884,0.22124400000000008,0.224253,0.6243752257829099,0.24865280985373353,0.24518860662047723,0.11074948750923207,0.6630391603447252,0.15226111111111104,0.24653333333333327,macd_bearish_cross|downtrend,0,2,baissier,365,0,0,30,,,31.0,28.0,85.0,68.0,14.0,52.48,False,False,,0,,,,40,442830779,532132175,2258861764.865063,2714384546.672,2714384546.672,83.2,,,
RIFUSDT,RIF,Mid,381,0.0724,339051.5892,0.277,65.4582501055749,0.0007546359922464014,0.048184000000000005,0.039642500000000004,1.1916109339248304,0.16040100250626557,0.12257281553398056,0.13433099739667742,0.18421168107373215,0.03243055555555555,0.0631111111111111,evening_star_4h,0,1,baissier,365,0,0,30,,,31.0,64.0,68.5,47.0,30.4,52.48,False,False,,0,,,,52,74005552,74005552,1000000000.0,1000000000.0,,100.0,,,
MANAUSDT,MANA,Mid,201,0.0895,203164.3109,0.788,43.58901395561532,-0.0006393765565611727,0.09084400000000001,0.12492,0.456533683092158,0.20870425321463892,0.11374876360039561,0.16826712885311473,0.7368070582051103,0.08455277777777778,0.0995833333333333,macd_bearish_cross|double_top_90d|uptrend,1,2,baissier,365,0,0,30,,,31.0,28.0,87.5,47.0,24.7,52.37,False,False,,0,,,,43,173154771,196244416,1935135134.4807715,2193179327.320146,,88.2,,,
ZILUSDT,ZIL,Mid,362,0.00398,115678.950168,1.531,42.93545659373072,-4.206782173169481e-05,0.0040386,0.00485765,0.4636498302675165,0.16628701594533024,0.10360360360360367,0.11744273859278455,0.7548290143412407,0.0038227777777777774,0.0043863888888888885,macd_bearish_cross|double_top_90d|uptrend,1,2,baissier,365,0,0,30,,,31.0,28.0,87.5,47.0,24.7,52.37,False,False,,0,,,,43,76860745,80562701,19513551525.0,20453490150.13869,21000000000.0,95.4,,,
1000CHEEMSUSDT,1000CHEEMS,Speculative,,0.000616,962732.043889,-5.231,52.69600021038483,-6.7609578368121675e-06,0.00054682,0.000780355,0.6320768011613983,0.25698324022346375,0.061068702290076333,0.24472195430291113,0.6847955848267606,0.0004210833333333334,0.0006366944444444445,,0,0,neutre,365,0,0,30,,,17.0,57.0,77.5,57.5,50,52.35,False,False,,0,,,,60,,,,,,,,,
SUSHIUSDT,SUSHI,Mid,450,0.2142,391242.93963,0.563,44.29256125213383,-0.0033766879527819885,0.21290599999999998,0.2805945000000001,0.6778655669044172,0.16763263486402138,0.15033716779055928,0.3749081208462793,0.7264304086222804,0.19004722222222217,0.2345472222222222,macd_bearish_cross|double_top_90d|uptrend,1,2,baissier,365,0,0,30,,,31.0,48.0,77.0,47.0,24.7,52.26,False,False,,0,,,,48,57897731,61821555,273012266.12632084,291514753.9009228,,93.7,39802901,$40M,-5.11
QKCUSDT,QKC,Speculative,859,0.003011,346709.703892,-0.561,39.62037945093647,-2.744362246138856e-05,0.0031018600000000006,0.0037174000000000013,0.34437770809996243,0.1544032444959444,0.1297798377752028,0.5749418371584794,0.6854865822293842,0.002966805555555556,0.003366527777777778,macd_bearish_cross|downtrend,0,2,baissier,365,0,0,30,,,17.0,37.0,95.5,47.0,14.0,52.25,False,False,,0,,,,45,21617088,29874800,7235893787.0,10000000000.0,,72.4,,,
AUSDT,A,Mid,238,0.0846,602036.14335,-0.821,43.045584199177455,-0.0014020954675084416,0.08521600000000001,0.13141999999999993,0.6440158951754679,0.15023474178403748,0.14372469635627536,0.2284296712097385,0.6085802899157863,0.07519444444444445,0.09297500000000002,macd_bearish_cross|double_top_90d|uptrend,1,2,baissier,355,0,0,30,,,30.7,28.0,85.0,57.5,24.7,52.2,False,False,,0,,,,43,138908470,177669632,1641855072.4992,2100000000.0,2100000000.0,78.2,,,
RUNEUSDT,RUNE,Mid,214,0.457,5927815.6622,2.928,38.91894615876915,-0.01828873737696218,0.46948,0.5370300000000001,0.968057801041738,0.3052464228934817,0.2750397456279809,0.8575591331753539,0.6867330272514565,0.3891666666666667,0.5556666666666668,macd_bearish_cross|uptrend,1,1,mixte,365,0,0,30,,,31.0,37.0,73.0,78.5,40.3,52.14,False,False,,0,,,,47,159823347,164074673,350768954.0,360099464.0,360099464.0,97.4,71216638,$71M,-13.86
EGLDUSDT,EGLD,Mid,255,4.0,341057.9909,-0.99,40.289831463911014,-0.06007730139226042,4.1118,5.625699999999999,0.5985903279533366,0.21489361702127663,0.17219917012448133,0.11759239071210222,0.7222073751159922,3.780277777777777,4.6211111111111105,macd_bearish_cross|uptrend|evening_star_4h,1,2,baissier,365,0,0,30,,,31.0,28.0,87.5,47.0,20.7,52.13,False,False,,0,,,,42,119628976,119628976,29947474.0,29947474.0,,100.0,,,
WAXPUSDT,WAXP,Speculative,714,0.00648,220995.13096,0.621,40.359402124382974,-6.641287074264518e-05,0.006677,0.007839549999999999,0.4011252110020063,0.24697336561743344,0.21549636803874095,0.13120635261246816,0.5133100250127052,0.006207222222222223,0.007190277777777778,macd_bearish_cross|uptrend,1,1,mixte,365,0,0,30,,,17.0,28.0,95.5,47.0,40.3,52.12,False,False,,0,,,,48,29634436,29634436,4605747293.83735,4605747293.83735,,100.0,,,
RLCUSDT,RLC,Speculative,689,0.434,69132.722,0.0,42.11905184210952,-0.00710455673780158,0.44478,0.5593999999999998,0.596717068415414,0.18961625282167047,0.15564202334630353,0.1102624718905231,0.6051578823285161,0.38122222222222224,0.48208333333333336,macd_bearish_cross|uptrend,1,1,mixte,365,0,0,30,,,17.0,28.0,95.5,47.0,40.3,52.12,False,False,,0,,,,48,31206298,37508230,72382548.06525737,86999784.9868455,86999784.9868455,83.2,,,
USTCUSDT,USTC,Speculative,608,0.00656,1277658.48559,3.633,49.60254018638323,-0.00016549647010658447,0.005784600000000001,0.006088900000000001,1.2380490931665606,0.20273631840796025,0.18656716417910452,0.474152463648454,0.37312167098264765,0.0045275,0.007157222222222222,,0,0,neutre,365,0,0,30,,,17.0,57.0,74.5,68.0,50,52.07,False,False,,0,,,,59,36660706,39966686,5577398616.856986,6080355845.443099,,91.7,,,
SOPHUSDT,SOPH,Speculative,769,0.00824,366372.06693,1.98,39.99440037530124,-0.00011291120205096571,0.008700200000000002,0.012149849999999995,0.5509854376003734,0.17599186164801633,0.16260162601626008,0.4204603835081809,0.6003734462644709,0.008209166666666667,0.009733333333333333,macd_bearish_cross|uptrend,1,1,mixte,355,0,0,30,,,16.7,28.0,95.5,47.0,40.3,52.04,False,False,,0,,,,48,26050720,80719686,3227306968.0,10000000000.0,10000000000.0,32.3,,,
THETAUSDT,THETA,Mid,185,0.202,600970.8078,-2.415,43.93832920203861,-0.003665429586824037,0.19666,0.26249,0.7427765124199307,0.3091787439613527,0.1821862348178137,0.17411083196493174,0.6407135580471642,0.15566666666666665,0.2277777777777778,macd_bearish_cross,0,1,baissier,365,0,0,30,,,31.0,48.0,73.0,57.5,31.3,52.01,False,False,,0,,,,49,201416981,201416981,1000000000.0,1000000000.0,1000000000.0,100.0,,,
SCRUSDT,SCR,Speculative,,0.04603,458791.93526,0.218,44.863128010513286,-0.0007474228075780875,0.0457496,0.07023769999999999,0.8291446309827986,0.20423108218063465,0.15092250922509226,0.4730739351387201,0.527044736660817,0.040396388888888884,0.05106611111111111,macd_bearish_cross|uptrend,1,1,mixte,365,0,0,30,,,17.0,48.0,85.0,47.0,40.3,52.01,False,False,,0,,,,53,,,,,,,,,
EPICUSDT,EPIC,Speculative,,0.297,315071.5932,1.365,43.46514228646208,-0.008599787989928298,0.2962,0.45090000000000025,0.9333432640679032,0.21666666666666667,0.19293478260869568,0.30817145669003404,0.4527774713482224,0.24841666666666676,0.3404722222222223,macd_bearish_cross|uptrend,1,1,mixte,365,0,0,30,,,17.0,48.0,85.0,47.0,40.3,52.01,False,False,,0,,,,53,,,,,,,,,
BMTUSDT,BMT,Speculative,,0.01606,296894.211933,0.375,44.04161593393295,-0.00018639740070423106,0.0158016,0.021180650000000006,0.637631599046295,0.19437939110070265,0.12540894220283533,0.1225594839379621,0.5699271458082408,0.01427166666666667,0.017730277777777775,macd_bearish_cross|uptrend,1,1,mixte,365,0,0,30,,,17.0,48.0,85.0,47.0,40.3,52.01,False,False,,0,,,,53,,,,,,,,,
CKBUSDT,CKB,Mid,388,0.001474,241724.69042,-0.941,42.16834306200988,-1.759940861923436e-05,0.0015165799999999996,0.00207652,0.6437204160352128,0.1794714197910264,0.1536697247706422,0.169301096484905,0.6510592101741031,0.0014063888888888887,0.001654916666666667,macd_bearish_cross,0,1,baissier,365,0,0,30,,,31.0,28.0,85.0,47.0,31.3,51.84,False,False,,0,,,,45,71613832,72789665,48778615914.94375,49579515957.78083,,98.4,,,
AMPUSDT,AMP,Mid,382,0.000852,1074892.929795,-1.16,36.61152885510126,-6.432439778157476e-07,0.0009088400000000002,0.00163381,0.3969176638375777,0.45583494519664736,0.4506769825918762,0.32541116274891346,0.5008612976615683,0.0008657500000000001,0.0014809444444444447,macd_bearish_cross|uptrend,1,1,mixte,365,0,0,30,,,31.0,28.0,79.0,68.0,40.3,51.82,False,False,,0,,,,46,73856844,84868989,86781022996.56946,99720178909.70996,100000000000.0,87.0,1500906,$2M,-6.05
CVXUSDT,CVX,Mid,217,1.726,492556.214541,0.466,43.908806990680425,-0.008226225457628506,1.7762999999999998,1.8797599999999985,0.5516171369826012,0.2914681680381118,0.25335643135556524,0.302038799918004,0.6694493917795938,1.6793055555555556,2.111555555555556,macd_bearish_cross|uptrend|doji_4h,1,1,mixte,365,0,0,30,,,31.0,28.0,83.5,47.0,40.3,51.82,False,False,,0,,,,46,155708987,172264526,90360893.86537892,99968388.52866785,100000000.0,90.4,598422232,$598M,-4.8
TFUELUSDT,TFUEL,Mid,341,0.01101,247028.62248,-1.784,38.84170917383472,-8.028357251597853e-05,0.011520400000000002,0.01619009999999999,0.42553382376970605,0.2707070707070708,0.25858585858585853,0.3141660931195691,0.679710446035736,0.011095277777777773,0.014213333333333336,macd_bearish_cross|uptrend|doji_4h,1,1,mixte,365,0,0,30,,,31.0,28.0,83.5,47.0,40.3,51.82,False,False,,0,,,,46,80322905,80322905,7332910639.0,7332910640.0,,100.0,,,
LSKUSDT,LSK,Speculative,744,0.122,110046.0247,0.826,39.707071037467806,-0.0015879747797983698,0.12824000000000002,0.16499,0.4773731592838294,0.2185430463576159,0.1920529801324503,0.4193923751957334,0.651547378819998,0.12147222222222223,0.14036111111111108,macd_bearish_cross|double_top_90d|morning_star_4h,1,2,baissier,365,0,0,30,,,17.0,28.0,95.5,47.0,33.8,51.73,False,False,,0,,,,47,27939272,47946986,233084697.0,400000000.0,400000000.0,58.3,,,
STEEMUSDT,STEEM,Speculative,694,0.05687,1052314.912878,0.141,44.191761195016824,-0.00018723074459021504,0.05837399999999998,0.06455334999999997,0.43688702620919684,0.30176544766708696,0.2823455233291298,2.314969812393795,0.22533102767267443,0.05341055555555555,0.06610916666666666,macd_bearish_cross|doji_4h,0,1,baissier,365,0,0,30,,,17.0,55.0,77.5,68.0,31.3,51.69,False,False,,0,,,,55,30903655,30911740,547540766.926,547684010.788,,100.0,,,
OSMOUSDT,OSMO,Mid,452,0.0763,8194162.216585,3.668,64.02679687157354,0.0034290912543400408,0.03782400000000001,0.052297499999999976,2.990578422866905,0.2901376146788991,0.12155963302752291,6.150412529750788,0.1747546230216161,0.030394444444444432,0.05237500000000001,,0,0,neutre,365,0,0,30,,,31.0,84.0,46.0,78.5,50,51.6,False,False,,3,⚡ Volume ×6.2 vs médiane,,6.15,71,57721667,73039555,773835172.765263,979191694.566172,1000000000.0,79.0,18459358,$18M,18.21
CYBERUSDT,CYBER,Speculative,659,0.505,407621.13468,0.598,37.96482930219051,-0.00771887597513854,0.5275999999999997,0.664425,0.4672542416546491,0.23174603174603178,0.1984126984126984,0.21330780580109113,0.5350590542219064,0.49308333333333326,0.5925833333333332,macd_bearish_cross,0,1,baissier,365,0,0,30,,,17.0,28.0,95.5,47.0,31.3,51.58,False,False,,0,,,,46,33504035,50205959,66733183.763333336,100000000.0,100000000.0,66.7,,,
ANIMEUSDT,ANIME,Speculative,801,0.00448,231039.062883,1.129,39.24613877233569,-5.4976913035763704e-05,0.0047168,0.005921300000000003,0.5056938254081175,0.21847246891651856,0.20426287744227353,0.24558865142117625,0.4922401944160546,0.0044869444444444444,0.005293611111111112,macd_bearish_cross,0,1,baissier,365,0,0,30,,,17.0,28.0,95.5,47.0,31.3,51.58,False,False,,0,,,,46,24595190,44406834,5538604656.0,10000000000.0,10000000000.0,55.4,,,
IQUSDT,IQ,Speculative,743,0.001087,214361.247373,-4.229,44.71162530900194,-5.632165816241283e-06,0.00108964,0.001434905,0.3070311456788659,0.1856,0.13039999999999996,0.31559579408993643,0.66959409217709,0.0010488888888888885,0.0012150277777777782,macd_bearish_cross|doji_4h,0,1,baissier,365,0,0,30,,,17.0,28.0,95.5,47.0,31.3,51.58,False,False,,0,,,,46,28024377,28024377,25973959486.92899,25973959486.92899,60000000000.0,100.0,,,
SPELLUSDT,SPELL,Speculative,750,0.0001617,184027.4511499,0.0,41.426697290936104,-1.6632367634599822e-06,0.000166346,0.000217781,0.5605227092036033,0.190843621399177,0.1656378600823045,0.16444760385388663,0.5742158782718138,0.0001596638888888889,0.00018799444444444447,macd_bearish_cross,0,1,baissier,365,0,0,30,,,17.0,28.0,95.5,47.0,31.3,51.58,False,False,,0,,,,46,27341706,31247137,171510541047.0,196008739620.0,210000000000.0,87.5,7227935,$7M,-4.76
NEIROUSDT,NEIRO,Speculative,602,8.938e-05,1404521.00777381,-0.335,47.82064007589962,-1.9192823493163285e-06,8.112e-05,0.00010171029999999995,0.9330279938125858,0.2893561103810776,0.23304138760089302,0.15193011597026349,0.4603704500662404,5.6711944444444444e-05,0.0001011136111111111,,0,0,neutre,365,0,0,30,,,17.0,57.0,73.0,68.0,50,51.51,False,False,,0,,,,59,37035312,37035312,420690000000.0,420690000000.0,420690000000.0,100.0,,,
1000CATUSDT,1000CAT,Speculative,,0.00188,152083.11232,0.0,42.54549239441717,-4.178512003866153e-05,0.0018640000000000002,0.0025056500000000008,0.6322507241583755,0.1842105263157895,0.17543859649122806,0.12667147347681806,0.623048650239251,0.0015802777777777775,0.002102777777777778,macd_bearish_cross,0,1,baissier,365,0,0,30,,,17.0,48.0,85.0,47.0,31.3,51.47,False,False,,0,,,,51,,,,,,,,,
VANAUSDT,VANA,Speculative,533,1.469,315588.0601,0.479,44.58431413497949,-0.024945700618159858,1.4230000000000005,2.0047199999999994,0.5831552685372764,0.3070636310566258,0.15273775216138336,0.32553719980145385,0.5614606914560306,1.2552222222222218,1.6484166666666669,macd_bearish_cross|uptrend,1,1,mixte,365,0,0,30,,,17.0,48.0,83.5,47.0,40.3,51.45,False,False,,0,,,,52,44548576,173565881,30800000.0,120000000.0,120000000.0,25.7,,,
WLDUSDT,WLD,Etabli,78,0.2431,5081952.43141,1.039,41.927630105114744,-0.0007036810993656549,0.26492200000000005,0.4518465,0.6090974815055603,0.4426190476190476,0.4207142857142857,0.13558855834277708,0.6362336691209799,0.2449777777777778,0.39750277777777776,macd_bearish_cross|downtrend,0,2,baissier,365,0,0,30,,,45.0,28.0,68.5,78.5,14.0,51.34,False,False,,0,,,,38,821809757,2430882786,3380704993.69755,10000000000.0,10000000000.0,33.8,,,
ETHFIUSDT,ETHFI,Mid,136,0.39,2856041.1932,-1.015,35.649350090600024,-0.004145554686634124,0.44208,0.6165849999999996,0.5816049453331839,0.34017094017094013,0.33333333333333326,0.3746433195777907,0.5955076800032643,0.4173888888888889,0.5665,macd_bearish_cross|doji_4h,0,1,baissier,365,0,0,30,,,31.0,28.0,79.0,68.0,31.3,51.28,False,False,,0,,,,44,343008563,388917591,880665741.0,998535999.0,1000000000.0,88.2,4749215096,$4.7B,-6.27
CELOUSDT,CELO,Mid,500,0.08349,318527.960996,-0.773,40.67688008523623,-0.0015838457721658854,0.0868992,0.11749630000000012,0.6752871464905037,0.18705596107055963,0.18705596107055963,0.09221471059744721,0.5588934542699765,0.07413333333333331,0.09403749999999997,macd_bearish_cross|uptrend|bearish_engulfing_4h|evening_star_4h,1,3,baissier,365,0,0,30,,,31.0,28.0,85.0,47.0,20.7,51.2,False,False,,0,,,,42,49962600,83179749,600658220.0,1000000000.0,1000000000.0,60.1,,,
PENDLEUSDT,PENDLE,Mid,142,1.88,4179495.0216,-1.468,56.79769663719411,-0.024426857286070858,1.4330400000000003,1.7708649999999995,1.10837506611246,0.26415094339622636,0.12301957129543338,0.3786109147386695,0.6373998003447746,1.0748055555555558,1.8737499999999996,macd_bearish_cross|uptrend|bearish_engulfing_4h,1,2,baissier,365,0,0,30,,,31.0,57.0,62.5,68.0,40.3,51.19,False,False,,0,,,,55,320430357,529362078,170412548.6360194,281527448.4585314,,60.5,1525663617,$1.5B,-4.85
STRKUSDT,STRK,Mid,164,0.043,1898905.731041,1.896,49.00932205809123,-0.0007262261401436193,0.039085999999999996,0.07315350000000008,1.245720236667184,0.33540372670807467,0.23529411764705876,0.1859560173576754,0.4960102691217232,0.033519444444444435,0.04806944444444445,macd_bearish_cross|uptrend,1,1,mixte,365,0,0,30,,,31.0,57.0,62.5,68.0,40.3,51.19,False,False,,0,,,,55,269746578,428860094,6289850275.348971,10000000000.0,10000000000.0,62.9,223067663,$223M,-14.32
PUNDIXUSDT,PUNDIX,Speculative,609,0.1424,192843.71726,-1.18,38.05862885408201,-0.0016733358750920298,0.149064,0.19782250000000004,0.46961372399644863,0.18872403560830872,0.15608308605341256,0.33051453770396483,0.6852907598037122,0.14240833333333336,0.16374444444444444,macd_bearish_cross|double_top_90d|uptrend|bearish_engulfing_4h,1,3,baissier,365,0,0,30,,,17.0,28.0,95.5,47.0,24.7,51.19,False,False,,0,,,,45,36604542,36604542,258386541.0999244,258386541.0999244,,100.0,,,
HIVEUSDT,HIVE,Speculative,676,0.0597,414295.9157,-0.334,42.867723895207725,-0.0007640597748142038,0.061364,0.08285400000000001,0.9277371497821053,0.2194444444444444,0.18690313778990456,1.1004159166333924,0.5098802272316518,0.05807222222222222,0.06965277777777779,macd_bearish_cross,0,1,baissier,365,0,0,30,,,17.0,46.0,85.0,47.0,31.3,51.09,False,False,,0,,,,50,32264318,,544189097.206,,,,,,
SPKUSDT,SPK,Mid,335,0.030703,18719402.830017,-3.273,42.565521144116566,-0.0011669473229415739,0.029590060000000005,0.025824504999999987,1.8880651811240547,0.408926370918053,0.408926370918053,4.364526481695184,0.2908081941798288,0.019692361111111112,0.03926633333333334,doji_4h,0,0,neutre,335,0,0,30,,,30.2,91.0,41.5,78.5,50,51.01,False,False,,2,⚡ Volume ×4.4 vs médiane,,4.36,68,82954946,306193468,2709233030.516005,10000000000.0,10000000000.0,27.1,3234501320,$3.2B,-2.22
SAHARAUSDT,SAHARA,Mid,254,0.03788,4039140.06005,7.278,63.362637810073686,0.0005439332542757072,0.02587560000000001,0.033213299999999994,1.4460503120276782,0.3002001334222816,0.13922325687031561,0.5727671181872824,0.11755300413990424,0.017561666666666666,0.03415305555555556,,0,0,neutre,326,0,0,30,,,29.9,66.0,56.5,68.0,50,50.93,False,False,,0,,,,59,120460037,367887113,3274375000.0,10000000000.0,10000000000.0,32.7,,,
OGUSDT,OG,Speculative,,3.257,1248386.0794,1.086,51.908298933286744,-0.021632934555952,2.9894800000000004,6.414355000000004,0.9595401793948853,0.26098496018873496,0.17468354430379757,0.2851747384453244,0.37401441578828926,2.5811111111111114,3.416777777777779,macd_bearish_cross|uptrend,1,1,mixte,365,0,0,30,,,17.0,57.0,73.0,68.0,40.3,50.93,False,False,,0,,,,56,,,,,,,,,
ACMUSDT,ACM,Speculative,,0.407,353911.9676,-1.928,40.2328261126523,-0.004482958732574496,0.4228200000000001,0.48609000000000013,0.47718629114090877,0.15744680851063822,0.13191489361702127,0.22664719399661226,0.5698420022707732,0.4036666666666667,0.4605277777777778,macd_bearish_cross|double_top_90d|support_bounce,1,2,baissier,365,0,0,30,,,17.0,28.0,95.5,47.0,19.9,50.9,False,False,,0,,,,43,,,,,,,,,
LQTYUSDT,LQTY,Speculative,756,0.273,414332.5287,-2.847,34.807154342123795,-0.0069533485122472705,0.29602000000000006,0.35812999999999995,0.6719478768548431,0.20699708454810495,0.20699708454810495,1.5834039329750393,0.47233973136584917,0.2673611111111112,0.32547222222222216,breakdown_30d|macd_bearish_cross|uptrend,1,2,baissier,365,0,0,30,,,17.0,46.0,85.0,47.0,27.8,50.88,False,False,,0,,,,49,26688816,27044529,98684716.59649502,100000000.0,100000000.0,98.7,165165852,$165M,-6.06
ERAUSDT,ERA,Speculative,844,0.1289,188697.22925,0.155,38.80584308186354,-0.0019303137552883214,0.13488999999999998,0.18100050000000006,0.577859152376141,0.24295554164057617,0.19348778960551039,0.24164746324896427,0.5395095860011133,0.12423055555555555,0.1533638888888889,macd_bearish_cross|double_top_90d|uptrend,1,2,baissier,305,0,0,30,,,15.4,28.0,95.5,47.0,24.7,50.7,False,False,,0,,,,45,22407215,128224405,174750000.0,1000000000.0,1000000000.0,17.5,,,
HOMEUSDT,HOME,Mid,424,0.01715,780829.19872,2.144,56.781467187063626,0.0004160049216567389,0.017083799999999996,0.022715299999999994,0.8513227610265199,0.5545605306799336,0.4295190713101161,0.8454969360184806,0.4070300161277923,0.014857777777777775,0.02869166666666667,downtrend|bullish_engulfing_4h,1,1,mixte,340,0,0,30,,,30.3,66.0,59.5,57.5,39.3,50.68,False,False,,0,,,,57,63013622,164311921,3835000000.01,10000000000.0,10000000000.0,38.4,,,
WALUSDT,WAL,Mid,205,0.0723,355590.62245,-0.687,43.00105991733051,-0.0007941713178116283,0.073818,0.1140375,0.6102242298721533,0.21728971962616814,0.1695303550973655,0.34104248778187424,0.6295032029888921,0.06933888888888891,0.08628611111111112,macd_bearish_cross,0,1,baissier,220,0,0,30,,,27.0,28.0,85.0,47.0,31.3,50.65,False,False,,0,,,,45,169782124,361302622,2349583333.0,5000000000.0,5000000000.0,47.0,3581856,$4M,-1.08
IOUSDT,IO,Speculative,532,0.1345,705244.908917,0.749,49.98040836048039,-0.002259817702238834,0.12034800000000002,0.15458200000000016,1.050351342777444,0.23199999999999998,0.19412822049131206,0.09398150716022531,0.510850691932627,0.10033333333333334,0.14453611111111112,macd_bearish_cross|uptrend,1,1,mixte,365,0,0,30,,,17.0,57.0,74.5,57.5,40.3,50.65,False,False,,0,,,,57,44643244,107082209,333523714.3514058,799996881.2972136,800000000.0,41.7,,,
HEIUSDT,HEI,Speculative,,0.0793,199752.78708,-1.122,37.09504706956149,-0.0011390322764623525,0.08450799999999999,0.12076549999999994,0.5251037899736578,0.1876430205949658,0.1468682505399568,0.19734440600860328,0.4899859784044526,0.0751111111111111,0.09200277777777781,macd_bearish_cross|double_top_90d,0,2,baissier,365,0,0,30,,,17.0,28.0,95.5,47.0,15.7,50.65,False,False,,0,,,,42,,,,,,,,,
AWEUSDT,AWE,Mid,281,0.05447,260971.90294,-2.191,47.65215271738605,-0.0003305687611434205,0.0533236,0.057192749999999994,0.5482710480521147,0.5285771785067418,0.452304286576776,0.15946300314262823,0.14860312950000296,0.0487988888888889,0.06423888888888889,bearish_engulfing_4h,0,1,baissier,362,0,0,30,,,30.9,57.0,64.0,47.0,50,50.62,False,False,,0,,,,57,105754997,105754997,1942420283.0270672,1942420283.0270672,2000000000.0,100.0,,,
MEUSDT,ME,Mid,470,0.1015,611516.613324,-2.964,39.98180731566494,-0.0011849525299948405,0.10649400000000002,0.1979725,0.607198250899583,0.29416058394160594,0.25693430656934313,1.0452158209538598,0.6756530463779314,0.10024444444444443,0.12608333333333338,macd_bearish_cross|downtrend,0,2,baissier,365,0,0,30,,,31.0,46.0,73.0,57.5,14.0,50.59,False,False,,0,,,,44,54301576,103217541,526083909.6991,999991004.341521,1000000000.0,52.6,,,
ASRUSDT,ASR,Speculative,,1.199,284656.1766,0.672,38.756007256616705,-0.010691271630179145,1.2676199999999995,1.3950550000000013,0.43798186180811577,0.17790132036136205,0.16678248783877692,0.2052185514816148,0.4689914518730783,1.2151944444444438,1.402111111111111,macd_bearish_cross|downtrend,0,2,baissier,365,0,0,30,,,17.0,28.0,95.5,47.0,14.0,50.54,False,False,,0,,,,42,,,,,,,,,
ADXUSDT,ADX,Speculative,,0.0707,207843.0663,-1.257,38.75380160521372,-0.0008828913210027963,0.075582,0.09070949999999998,0.5639681381789732,0.19923857868020295,0.16725559481743232,0.06344606030445397,0.5443006898605174,0.06799166666666667,0.08000555555555558,macd_bearish_cross|downtrend|doji_4h,0,2,baissier,365,0,0,30,,,17.0,28.0,95.5,47.0,14.0,50.54,False,False,,0,,,,42,,,,,,,,,
ICXUSDT,ICX,Speculative,570,0.0365,151704.07067,1.671,42.82354623099038,-0.00034504390059215945,0.037392,0.049884999999999985,0.46934048063127864,0.1885856079404467,0.11835748792270535,0.2834010437307336,0.6286028780234215,0.03432222222222222,0.04064166666666667,macd_bearish_cross|downtrend,0,2,baissier,365,0,0,30,,,17.0,28.0,95.5,47.0,14.0,50.54,False,False,,0,,,,42,39600439,40023557,1097070410.36573,1108792274.218095,,98.9,,,
API3USDT,API3,Speculative,513,0.3409,480665.505861,-0.088,45.088450897057214,-0.006796243184664385,0.3271220000000001,0.3994320000000001,1.1098480226972374,0.1765629908890984,0.12003097573567383,0.1977894476130241,0.3410030655432487,0.2701166666666667,0.3888722222222223,,0,0,neutre,365,0,0,30,,,17.0,57.0,74.5,47.0,50,50.39,False,False,,0,,,,59,48088024,57083583,142261284.3754473,168873312.2305105,,84.2,14546318,$15M,15.01
DYDXUSDT,DYDX,Mid,260,0.14065,751688.5652732,-1.76,45.416595260639674,-0.004568732861107278,0.132652,0.1632745,1.2189216610059541,0.2768550419087777,0.27649508921684585,0.12636029811258429,0.4064719244311242,0.08504166666666667,0.16376000000000002,uptrend|evening_star_4h,1,1,mixte,365,0,0,30,,,31.0,57.0,62.5,57.5,39.4,50.29,False,False,,0,,,,55,117796748,134452741,839623345.8570293,958342751.0,1000000000.0,87.6,99103072,$99M,-0.65
1MBABYDOGEUSDT,1MBABYDOGE,Speculative,,0.0004157,606050.0632409,-1.047,44.074859582570724,-4.742313100617784e-06,0.00041685599999999995,0.000545293,0.548332878473508,0.1669984516699845,0.13220551378446108,0.35334421444673225,0.7721667712586878,0.00037416666666666674,0.0004520083333333332,macd_bearish_cross|uptrend,1,1,mixte,365,0,0,30,,,17.0,28.0,87.5,57.5,40.3,49.98,False,False,,0,,,,47,,,,,,,,,
COWUSDT,COW,Mid,304,0.1717,184153.50452,-0.406,36.08119393439447,-0.0007708232082273905,0.19491199999999995,0.20468649999999974,0.5197286250613482,0.31004016064257023,0.31004016064257023,0.19298680355547612,0.5788781563950265,0.18138611111111103,0.2396166666666667,rsi_bullish_divergence|macd_bearish_cross,1,1,mixte,365,0,0,30,,,31.0,28.0,79.0,47.0,35.4,49.85,False,False,,0,,,,45,95222572,171647563,554756327.4952723,1000000000.0,1000000000.0,55.5,,,
PYTHUSDT,PYTH,Mid,166,0.0449,1059277.97613,-0.443,39.355907267055635,-0.0013441677616752219,0.04698,0.059156000000000014,0.8879385627015147,0.34507042253521136,0.2508361204013378,0.31102153324240284,0.5887502047631378,0.039686111111111116,0.054977777777777764,rsi_bullish_divergence|macd_bearish_cross|uptrend,2,1,haussier,365,0,0,30,,,31.0,28.0,73.0,68.0,44.5,49.84,False,False,,0,,,,46,257764121,448286828,5749982050.035689,10000000000.0,10000000000.0,57.5,,,
PUMPUSDT,PUMP,Etabli,89,0.001739,2824199.348718,-0.229,40.86106141688196,-3.285273660114353e-05,0.0018352400000000008,0.0023494049999999993,0.738982211396314,0.25873808443032237,0.2101679527916478,0.18846203018413915,0.71280926400022,0.0016899166666666664,0.002125222222222222,macd_bearish_cross|uptrend,1,1,mixte,249,0,0,30,,,41.8,28.0,65.0,68.0,40.3,49.83,False,False,,0,,,,43,618959950,1507188334,355714158927.3359,866175962598.5585,1000000000000.0,41.1,240522197,$241M,-4.1
WBETHUSDT,WBETH,Speculative,,2396.22,1680585.625528,-0.31,39.97863989482636,-21.87147560559989,2472.8556,2833.1890999999987,0.33033227956815525,0.15677387478164784,0.09474757391534194,0.33082040450838024,0.9321802366499023,2116.8022222222226,2592.958611111111,downtrend|doji_4h,0,1,baissier,365,0,0,30,,,17.0,28.0,86.0,68.0,32.7,49.81,False,False,,0,,,,45,,,,,,,,,
AXLUSDT,AXL,Mid,397,0.0605,984814.488999,-2.104,43.74044612392145,-0.002208591554531643,0.058261999999999994,0.08101850000000002,1.2034677124072346,0.2934426229508197,0.26609963547995136,0.29909309312735977,0.3340330232886672,0.045675,0.07290555555555556,uptrend,1,0,haussier,365,0,0,30,,,31.0,48.0,62.5,57.5,59.0,49.76,False,False,,0,,,,54,70007421,74205943,1170722685.043103,1240933877.967652,,94.3,144523034,$145M,1.69
TRUMPUSDT,TRUMP,Mid,102,2.186,4954157.000473,1.11,30.066193748060684,-0.00442375775577411,2.663759999999999,4.373685,0.587287913915439,0.4624505928853755,0.4604743083003952,0.15165847987723569,0.41025493188054024,2.3499444444444446,3.6481388888888895,macd_bearish_cross,0,1,baissier,365,0,0,30,,,31.0,19.0,79.0,68.0,31.3,49.57,False,False,,0,,,,41,518210215,2182727755,237414040.342428,1000000000.0,1000000000.0,23.7,,,
AEVOUSDT,AEVO,Speculative,789,0.0279,533447.182414,1.825,49.6129672939069,-0.00034585500048098716,0.026035999999999997,0.03457199999999999,0.7525409707793366,0.25177304964539005,0.10828025477706997,0.3157699706009945,0.39200727325294976,0.02247500000000001,0.029750000000000006,macd_bearish_cross,0,1,baissier,365,0,0,30,,,17.0,57.0,73.0,57.5,31.3,49.55,False,False,,0,,,,54,25187904,27465095,917087813.5598075,1000000000.0,1000000000.0,91.7,16256327,$16M,-12.65
ZRXUSDT,ZRX,Mid,314,0.1085,298413.0556,0.092,42.97929544492291,-0.0013616597470973175,0.10999400000000001,0.12836000000000009,0.6002958194316843,0.14715189873417725,0.141613924050633,0.2554223598664903,0.7428410599630862,0.10018611111111114,0.11828611111111109,macd_bearish_cross|uptrend,1,1,mixte,365,0,0,30,,,31.0,28.0,77.0,47.0,40.3,49.4,False,False,,0,,,,45,91766827,108165015,848396562.906836,1000000000.0,1000000000.0,84.8,,,
ANKRUSDT,ANKR,Speculative,518,0.00477,356530.33333,-0.209,40.68523886882641,-3.268924287840439e-05,0.005082,0.006098599999999998,0.48058741536807736,0.1485507246376811,0.13768115942028974,0.127142303161801,0.26994642875761965,0.0042588888888888884,0.005454444444444446,macd_bearish_cross,0,1,baissier,365,0,0,30,,,17.0,28.0,89.5,47.0,31.3,49.35,False,False,,0,,,,45,47189111,47189111,10000000000.0,10000000000.0,10000000000.0,100.0,22871296,$23M,-6.5
PEOPLEUSDT,PEOPLE,Speculative,615,0.00713,495138.135653,-0.558,39.77986838915524,-0.0001633733031625965,0.007434600000000002,0.008534049999999996,0.6252155973283114,0.2072538860103628,0.18493150684931514,0.3862696429204627,0.6323772294029392,0.006310277777777776,0.008284999999999995,uptrend|doji_4h,1,0,haussier,365,0,0,30,,,17.0,28.0,85.0,47.0,59.0,49.33,False,False,,0,,,,51,35929941,35929941,5066374892.014003,5066374892.014003,,100.0,,,
MBLUSDT,MBL,Speculative,939,0.000937,658566.567243,-1.368,46.046988716151844,-3.922773218160742e-06,0.0009525599999999998,0.00109172,0.7289309304040977,0.17941952506596304,0.17941952506596304,0.22412749060667883,0.467297771141347,0.0009000000000000002,0.0010175277777777778,macd_bearish_cross|double_top_90d,0,2,baissier,365,0,0,30,,,17.0,37.0,85.0,57.5,15.7,49.29,False,False,,0,,,,46,18283871,28303371,19379887214.0,30000000000.0,30000000000.0,64.6,,,
METISUSDT,METIS,Speculative,776,3.52,196026.3714,0.0,46.40801163835484,-0.051470690703230126,3.4017999999999997,4.88725,1.0217273220137506,0.24316939890710385,0.19221967963386735,0.10372631574084842,0.5870340755287126,2.886666666666667,3.9224999999999994,macd_bearish_cross,0,1,baissier,365,0,0,30,,,17.0,57.0,74.5,47.0,31.3,49.27,False,False,,0,,,,55,25640206,34844649,7358434.342,10000000.0,10000000.0,73.6,32247801,$32M,-9.78
FUSDT,F,Speculative,872,0.00528,199079.13599,0.0,37.90156848887612,-7.30257684651062e-05,0.005476999999999999,0.0068954499999999965,0.4330665272465831,0.24731182795698928,0.18894009216589863,0.18887190150809122,0.6281909232942064,0.005086944444444444,0.006110555555555555,macd_bearish_cross|downtrend,0,2,baissier,205,0,0,30,,,12.6,28.0,95.5,47.0,14.0,49.24,False,False,,0,,,,42,21293164,52056111,4090425537.0,10000000000.0,10000000000.0,40.9,2840609,$3M,-39.38
IOSTUSDT,IOST,Speculative,623,0.001088,182912.251896,-0.183,44.67961780432459,-5.710301938665478e-06,0.00109944,0.0014550950000000002,0.46430973783662655,0.2028301886792453,0.14622641509433962,0.3794010462566792,0.738058968799604,0.0010522777777777778,0.0012224166666666668,macd_bearish_cross|uptrend,1,1,mixte,365,0,0,30,,,17.0,28.0,87.5,47.0,40.3,49.14,False,False,,0,,,,47,35520258,35520258,32913539824.0,32913539824.0,90000000000.0,100.0,,,
ARKUSDT,ARK,Speculative,670,0.1676,116223.367,-0.119,41.015121394426544,-0.0018307551630180722,0.17244200000000004,0.22466699999999995,0.4640030793171964,0.1914022517911975,0.14176049129989768,0.18486440437313645,0.713976969334594,0.16377222222222224,0.18829999999999997,macd_bearish_cross|uptrend,1,1,mixte,365,0,0,30,,,17.0,28.0,87.5,47.0,40.3,49.14,False,False,,0,,,,47,32537491,32537491,196564300.0,196564300.0,,100.0,,,
CETUSUSDT,CETUS,Speculative,781,0.0275,322108.867224,1.439,46.745633138804976,-0.0007607083765743281,0.0253396,0.025085100000000003,1.4381636054538007,0.323373676248109,0.26256684491978616,0.2546824281920285,0.43231177089593104,0.016075277777777775,0.03113611111111111,macd_bearish_cross|golden_cross|uptrend,2,1,haussier,365,0,0,30,,,17.0,73.0,62.5,47.0,52.8,49.13,False,False,,0,,,,63,25530360,26935701,947826087.0,1000000000.0,1000000000.0,94.8,32989625,$33M,
AIUSDT,AI,Speculative,526,0.0322,7132093.21631,7.333,70.63757592474737,0.0008944219717574775,0.021655999999999998,0.032921,1.977844668684104,0.2809917355371901,0.0,2.4495054722298453,0.33487753196072895,0.01826666666666667,0.026605555555555552,rsi_bearish_divergence|double_bottom_90d|doji_4h,1,1,mixte,365,0,0,30,,,17.0,75.0,56.5,78.5,37.0,48.85,False,False,,0,🔥 Trending #9 sur CoinGecko,9,,59,46125994,353543859,1304675313.0,10000000000.0,10000000000.0,13.0,,,
TKOUSDT,TKO,Speculative,,0.0555,150553.93982,-0.538,37.351096371353385,-0.0012035011827564147,0.05955200000000002,0.07575699999999996,0.6401135590372565,0.1914893617021277,0.17994100294985255,0.2700747321982483,0.6088258306403171,0.051436111111111106,0.06515833333333335,,0,0,neutre,365,0,0,30,,,17.0,28.0,85.0,47.0,50,48.79,False,False,,0,,,,49,,,,,,,,,
ZKUSDT,ZK,Mid,221,0.01574,880277.978861,-1.502,40.30408639601401,-0.00030192171079576233,0.016562799999999992,0.02719485000000001,0.8145083026478199,0.3196534427724579,0.2822617419060648,0.1552760862765973,0.5619331112024144,0.015275555555555554,0.02027555555555556,macd_bearish_cross|uptrend,1,1,mixte,365,0,0,30,,,31.0,28.0,73.0,57.5,40.3,48.75,False,False,,0,,,,45,152686005,330440628,9703425807.0,21000000000.0,21000000000.0,46.2,,,
BANANAUSDT,BANANA,Speculative,,3.86,305046.43366,2.116,45.80355305682449,-0.057504001866517496,3.769799999999999,5.835249999999998,0.6675407871600322,0.3221052631578947,0.1873684210526316,0.1988026781463744,0.5453314705664175,3.340277777777778,4.657500000000001,macd_bearish_cross|doji_4h,0,1,baissier,365,0,0,30,,,17.0,57.0,73.0,47.0,31.3,48.71,False,False,,0,,,,54,,,,,,,,,
ACHUSDT,ACH,Speculative,624,0.00725,263658.56593,-0.549,45.893507840182224,-0.00016418358778726123,0.006856599999999998,0.008366650000000002,0.9771852216314318,0.2706766917293233,0.17613636363636365,0.10711357468301205,0.38411572726564336,0.005993333333333334,0.0081275,macd_bearish_cross,0,1,baissier,365,0,0,30,,,17.0,57.0,73.0,47.0,31.3,48.71,False,False,,0,,,,54,35537312,110315213,4943691067.145604,15346246087.99998,15346246087.99998,32.2,,,
FLUXUSDT,FLUX,Speculative,719,0.0717,149512.000354,-0.967,49.420328812290194,-0.0010727608919918787,0.06572800000000002,0.08844249999999994,0.9221716627394082,0.327007299270073,0.16162790697674415,0.09044011481980625,0.3892290857130806,0.05082500000000001,0.0771138888888889,macd_bearish_cross|doji_4h,0,1,baissier,365,0,0,30,,,17.0,57.0,73.0,47.0,31.3,48.71,False,False,,0,,,,54,29228929,29245993,409341938.4991484,409580918.4991484,440000000.0,99.9,,,
UMAUSDT,UMA,Speculative,552,0.468,114797.328,1.08,47.359639736453516,-0.0050985102322597155,0.4515600000000001,0.6214799999999999,0.6141773358800283,0.2711864406779661,0.1475409836065574,0.058664677740084374,0.43912169401117274,0.40083333333333354,0.5142222222222222,macd_bearish_cross,0,1,baissier,365,0,0,30,,,17.0,57.0,73.0,47.0,31.3,48.71,False,False,,0,,,,54,41869719,59627994,90347777.28932588,128667134.3341025,,70.2,,,
STRAXUSDT,STRAX,Speculative,748,0.01276,208948.76012,-2.372,41.0535901371073,-7.173113358831323e-05,0.013190000000000002,0.018316549999999997,0.3561941466675578,0.21,0.20249999999999999,0.21148791806288383,0.808256179958171,0.01277972222222222,0.015328611111111112,macd_bearish_cross|doji_4h,0,1,baissier,365,0,0,30,,,17.0,28.0,87.5,47.0,31.3,48.6,False,False,,0,,,,45,27592639,27593564,2165552421.317408,2165625010.982074,,100.0,,,
ZAMAUSDT,ZAMA,Mid,445,0.02669,1838194.3156,1.06,45.95411840993312,-0.00034567349309403734,0.0267958,,1.0540713458034214,0.23911747167561118,0.20453190220632086,0.08772562558431977,0.05168077613946208,0.020023611111111107,0.0302775,downtrend,0,1,baissier,105,0,0,30,,,23.9,45.0,68.5,68.0,32.7,48.57,False,False,,0,,,,50,58674766,293373828,2200000000.0,11000000000.0,,20.0,32300625,$32M,16.21
PYRUSDT,PYR,Speculative,,0.269,718252.010781,2.281,42.48995626653082,-0.002022785774041258,0.27128,0.4102450000000004,0.4648280957080435,0.25000000000000006,0.20238095238095238,0.17686922717807438,0.5915428089715715,0.25825,0.328138888888889,macd_bearish_cross|uptrend|doji_4h,1,1,mixte,365,0,0,30,,,17.0,28.0,83.5,57.5,40.3,48.49,False,False,,0,,,,46,,,,,,,,,
MEMEUSDT,MEME,Speculative,658,0.000533,539844.531166,-0.929,38.59476039089394,-9.71577045361196e-06,0.0005570000000000001,0.0008847349999999998,0.529964864784253,0.3137254901960785,0.253501400560224,0.21320418077141232,0.4999107613380228,0.0005109444444444445,0.0006666388888888889,macd_bearish_cross|uptrend,1,1,mixte,365,0,0,30,,,17.0,28.0,83.5,57.5,40.3,48.49,False,False,,0,,,,46,33517325,36542250,63288258966.66666,69000000000.0,69000000000.0,91.7,,,
KNCUSDT,KNC,Speculative,817,0.1424,134196.64243,2.079,45.2011697593152,-0.001914670235143434,0.142964,0.19441349999999982,0.845041312794124,0.20894607843137264,0.1541666666666667,0.18297118752063332,0.4098989403205922,0.1292944444444445,0.15892500000000004,macd_bearish_cross|double_top_90d|doji_4h,0,2,baissier,365,0,0,30,,,17.0,37.0,85.0,47.0,15.7,48.45,False,False,,0,,,,46,23804976,33710007,170152851.23024455,240951888.4064145,252301550.0,70.6,1074066,$1M,-1.33
SHELLUSDT,SHELL,Speculative,,0.0355,309839.77076,1.14,46.91368609987247,-0.0006553829117803848,0.033634000000000004,0.046618000000000014,0.8471579855422292,0.25626740947075205,0.1295843520782396,0.29675495706058214,0.4069586815253082,0.02777222222222222,0.039175,macd_bearish_cross|double_top_90d|uptrend,1,2,baissier,365,0,0,30,,,17.0,57.0,73.0,47.0,24.7,48.32,False,False,,0,,,,53,,,,,,,,,
ATUSDT,AT,Speculative,595,0.1642,412202.50402,1.546,50.04119259545526,-0.0008907295388787856,0.16166600000000006,,0.7619452911224127,0.2304199772985244,0.15767847971237803,0.19197199505932902,0.20583153897662873,0.14017777777777776,0.1725611111111111,doji_4h,0,0,neutre,172,0,0,30,,,11.7,45.0,79.0,47.0,50,48.22,False,False,,0,,,,56,37858516,164602243,230000000.0,1000000000.0,1000000000.0,23.0,,,
ROSEUSDT,ROSE,Mid,368,0.01008,848929.706665,0.599,43.140125300930364,-7.398446923230687e-05,0.010543799999999999,0.013222949999999994,0.7093988138024646,0.3007407407407407,0.2533333333333333,0.177409457520793,0.5025598310972637,0.009897222222222224,0.01289638888888889,macd_bearish_cross,0,1,baissier,365,0,0,30,,,31.0,28.0,73.0,57.5,31.3,48.21,False,False,,0,,,,43,75412399,99354819,7590210446.0,10000000000.0,10000000000.0,75.9,,,
GMTUSDT,GMT,Speculative,643,0.01104,419832.282784,-1.429,43.50006582510593,-0.00010313832689194918,0.011145199999999997,0.014552850000000004,0.7437161929318151,0.23548387096774187,0.17267267267267267,0.2572870840343434,0.6548457605582112,0.010071666666666666,0.012428055555555557,macd_bearish_cross|uptrend,1,1,mixte,365,0,0,30,,,17.0,28.0,85.0,47.0,40.3,48.21,False,False,,0,,,,47,34611545,56442048,3111400155.0,5073850155.102167,6000000000.0,61.3,,,
CELRUSDT,CELR,Speculative,,0.002651,376909.4025373,1.727,41.96644860579733,-4.716431390894399e-05,0.002659959999999999,0.0034133200000000014,0.6881663209750618,0.19065876612059957,0.15384615384615377,0.32299892014431264,0.5871755432282825,0.0023729166666666673,0.0029484444444444445,macd_bearish_cross|uptrend,1,1,mixte,365,0,0,30,,,17.0,28.0,85.0,47.0,40.3,48.21,False,False,,0,,,,47,,,,,,,18419477,$18M,-16.61
BELUSDT,BEL,Speculative,,0.1071,233219.9727,-0.465,44.343400473885076,-0.0012778776440862207,0.10764400000000006,0.12489,0.7506834159861351,0.23278116826503925,0.15293185419968314,0.19186366872720537,0.4797135720394723,0.09254444444444447,0.11933055555555555,macd_bearish_cross|uptrend,1,1,mixte,365,0,0,30,,,17.0,28.0,85.0,47.0,40.3,48.21,False,False,,0,,,,47,,,,,,,,,
RONINUSDT,RONIN,Speculative,,0.0932,231285.740464,-0.956,42.23224375434466,-0.001570850051892472,0.095162,0.13773900000000014,0.6951224756834833,0.21448730009407338,0.1798245614035088,0.22210471152437883,0.6078609632812467,0.08576666666666664,0.10861111111111112,macd_bearish_cross|uptrend|doji_4h,1,1,mixte,365,0,0,30,,,17.0,28.0,85.0,47.0,40.3,48.21,False,False,,0,,,,47,,,,,,,,,
ALPINEUSDT,ALPINE,Speculative,,0.427,208630.28376,-0.466,39.77460320858808,-0.007587107267289081,0.44154000000000004,0.51274,0.6159682585519611,0.17794970986460354,0.1740812379110252,0.0701012428875481,0.5992890622048939,0.39936111111111106,0.4810277777777778,macd_bearish_cross|uptrend,1,1,mixte,365,0,0,30,,,17.0,28.0,85.0,47.0,40.3,48.21,False,False,,0,,,,47,,,,,,,,,
MAVUSDT,MAV,Speculative,,0.01431,170476.91216,0.351,39.382455935777024,-0.00023191157222312707,0.015066199999999997,0.021415000000000003,0.6002050583386417,0.24801466096518018,0.15882352941176475,0.09076431088913367,0.45831140939038206,0.013166666666666667,0.01665305555555556,macd_bearish_cross|uptrend,1,1,mixte,365,0,0,30,,,17.0,28.0,85.0,47.0,40.3,48.21,False,False,,0,,,,47,,,,,,,1227754,$1M,-8.3
DIAUSDT,DIA,Speculative,862,0.1841,156530.46056,0.932,42.3563381069017,-0.002847882849536356,0.188798,0.2580744999999999,0.7276526119126022,0.18953603158933854,0.14616096207215548,0.38332001030739493,0.576283932212138,0.1723666666666667,0.20770277777777776,macd_bearish_cross|uptrend|doji_4h,1,1,mixte,365,0,0,30,,,17.0,28.0,85.0,47.0,40.3,48.21,False,False,,0,,,,47,21573092,30431389,119676104.0,168817248.0,200000000.0,70.9,,,
ONEUSDT,ONE,Speculative,686,0.00214,133944.098287,0.469,40.20109410741238,-3.881960651170804e-05,0.0022524000000000003,0.003222449999999999,0.6692176132630938,0.2205323193916349,0.19011406844106465,0.18664045355489536,0.6156804678488004,0.00210611111111111,0.002550277777777777,macd_bearish_cross|uptrend,1,1,mixte,365,0,0,30,,,17.0,28.0,85.0,47.0,40.3,48.21,False,False,,0,,,,47,31341928,31341931,14870211425.762915,14870212769.762915,,100.0,,,
VELODROMEUSDT,VELODROME,Speculative,,0.01553,55762.157855,-2.388,41.31568203140045,-0.00034307469833300374,0.016044799999999998,0.020881599999999993,0.7133339411598331,0.22280092592592599,0.19555095706156236,0.0890123100889053,0.6773006690428813,0.013879722222222222,0.017833611111111113,macd_bearish_cross|uptrend|doji_4h,1,1,mixte,365,0,0,30,,,17.0,28.0,85.0,47.0,40.3,48.21,False,False,,0,,,,47,,,,,,,,,
HAEDALUSDT,HAEDAL,Speculative,,0.0308,140702.766089,-0.741,43.546049757218306,-0.000526856331644123,0.031238599999999995,0.04009364999999999,0.9605306006999601,0.21682847896440133,0.1968237438167144,0.1127864219759279,0.357326764873088,0.025655555555555543,0.03555138888888889,macd_bearish_cross|uptrend,1,1,mixte,362,0,0,30,,,16.9,28.0,85.0,47.0,40.3,48.19,False,False,,0,,,,47,,,,,,,40232532,$40M,-14.28
COOKIEUSDT,COOKIE,Speculative,,0.017,743832.56553,1.796,44.734751347838596,-0.0002208050416166439,0.016948,0.03269899999999999,0.6126703294917838,0.33035714285714285,0.24553571428571436,1.0047073216702864,0.5521699145870641,0.015752777777777786,0.020188888888888885,macd_bearish_cross|uptrend,1,1,mixte,365,0,0,30,,,17.0,46.0,73.0,57.5,40.3,48.0,False,False,,0,,,,50,,,,,,,,,
ACTUSDT,ACT,Speculative,,0.0135,457942.19644,-2.174,39.263434927759036,-0.00032375365609889253,0.013959999999999997,0.01891149999999999,0.706237958642249,0.23178807947019875,0.20118343195266267,0.2347731597200275,0.5199362222788194,0.012025,0.015975,rsi_bullish_divergence|macd_bearish_cross,1,1,mixte,365,0,0,30,,,17.0,28.0,85.0,47.0,35.4,47.92,False,False,,0,,,,46,,,,,,,,,
BATUSDT,BAT,Mid,230,0.099,304174.1716,0.815,43.391341957631276,-0.001145923221623963,0.10142,0.155491,0.6983438370336024,0.28772478498827214,0.22673964034401883,0.1967748397993283,0.5850647295846516,0.09440833333333332,0.11709722222222221,macd_bearish_cross|uptrend,1,1,mixte,365,0,0,30,,,31.0,28.0,73.0,47.0,40.3,47.91,False,False,,0,,,,45,147816297,148238812,1495724656.9526057,1500000000.0,1500000000.0,99.7,,,
REZUSDT,REZ,Speculative,530,0.00531,814643.502301,1.724,50.222387034125646,-0.00014984195667858266,0.004453,0.0047692499999999974,1.058083979417348,0.24312590448625182,0.23154848046309706,0.3000305958011158,0.20066835281984435,0.0029397222222222207,0.00580388888888889,macd_bearish_cross,0,1,baissier,365,0,0,30,,,17.0,57.0,68.5,57.5,31.3,47.88,False,False,,0,,,,54,45496545,52155888,8561482557.352736,9814629224.12962,10000000000.0,87.2,188667656,$189M,-6.61
XAIUSDT,XAI,Speculative,860,0.01057,524720.007521,-2.491,43.803228706366006,-0.00016987996097262543,0.010395600000000003,0.013948899999999995,0.8443825554546236,0.2631578947368421,0.18552732871439562,0.2502263714174811,0.5262728894461681,0.009074722222222222,0.012020833333333335,macd_bearish_cross,0,1,baissier,365,0,0,30,,,17.0,48.0,73.0,57.5,31.3,47.84,False,False,,0,,,,49,21610744,23111798,2047708905.7682498,2189940093.418872,2500000000.0,93.5,,,
ZENUSDT,ZEN,Mid,280,5.943,2103691.71506,-0.386,39.73832060557184,-0.15376811311787672,6.083940000000001,8.295364999999999,0.7393881247546226,0.2574823943661972,0.21716772151898728,0.22171213864511163,0.7016432537664832,5.208250000000001,6.889750000000001,uptrend,1,0,haussier,365,0,0,30,,,31.0,28.0,65.0,68.0,59.0,47.73,False,False,,0,,,,48,106026967,123526206,18025052.15891282,21000000.0,21000000.0,85.8,,,
WCTUSDT,WCT,Speculative,,0.0611,486902.38673,0.825,44.27748724824453,-0.001077066998385376,0.061197999999999995,0.07690450000000004,0.8300959210248647,0.20152671755725196,0.15491009681881052,0.14737907650665671,0.49597734455962145,0.05526111111111112,0.06814999999999999,macd_bearish_cross,0,1,baissier,365,0,0,30,,,17.0,28.0,85.0,47.0,31.3,47.67,False,False,,0,,,,45,,,,,,,,,
MASKUSDT,MASK,Speculative,523,0.467,371730.1245,0.0,39.8598919891868,-0.008859645018992062,0.4801,0.5611499999999999,0.640919202830081,0.1855670103092783,0.17198581560283677,0.17949474356937437,0.6920293040167853,0.4144722222222222,0.5323333333333333,macd_bearish_cross,0,1,baissier,365,0,0,30,,,17.0,28.0,85.0,47.0,31.3,47.67,False,False,,0,,,,45,46417693,46417693,100000000.0,100000000.0,100000000.0,100.0,,,
LISTAUSDT,LISTA,Speculative,717,0.0811,364554.05666,1.757,41.26458499648074,-0.001032636877884294,0.08602400000000002,0.1325024999999999,0.7719224817110645,0.23709167544783977,0.14541622760800835,0.21358366609100599,0.4461443885322087,0.0790916666666667,0.09495833333333331,macd_bearish_cross|bearish_engulfing_4h,0,2,baissier,365,0,0,30,,,17.0,28.0,85.0,47.0,31.3,47.67,False,False,,0,,,,45,29371615,64053953,364813090.1576641,795588564.255041,1000000000.0,45.9,606775275,$607M,-3.06
SKLUSDT,SKL,Speculative,590,0.00634,238349.83044,-0.157,38.11354307849032,-0.00011069017641801823,0.006790400000000001,0.009399150000000005,0.6110061263820358,0.182170542635659,0.18087855297157623,0.11005357075670738,0.5434898630528291,0.006123611111111113,0.007453888888888888,macd_bearish_cross,0,1,baissier,365,0,0,30,,,17.0,28.0,85.0,47.0,31.3,47.67,False,False,,0,,,,45,38305137,38996009,6094019337.0,6203931114.491759,7000000000.0,98.2,,,
IOTXUSDT,IOTX,Speculative,549,0.00452,206300.92814,1.345,41.45086330957601,-5.3453226902143536e-05,0.0046952,0.0067179000000000015,0.6092744807881977,0.2218309859154929,0.20598591549295775,0.2293372055158702,0.38412474680188613,0.004433055555555556,0.005493055555555555,macd_bearish_cross,0,1,baissier,365,0,0,30,,,17.0,28.0,85.0,47.0,31.3,47.67,False,False,,0,,,,45,41949500,41949500,9441368550.0,9441368555.0,10000000000.0,100.0,,,
COTIUSDT,COTI,Speculative,604,0.01317,178353.55903,-0.679,39.205413783398484,-0.00019740945129220722,0.014010599999999998,0.019000750000000007,0.6469845161773414,0.1532941943900848,0.14220482713633395,0.19784671521494915,0.6191797134394919,0.011696944444444447,0.01495472222222222,macd_bearish_cross|bearish_engulfing_4h,0,2,baissier,365,0,0,30,,,17.0,28.0,85.0,47.0,31.3,47.67,False,False,,0,,,,45,36889867,36890245,2826654563.036678,2826683570.368314,4910000000.0,100.0,,,
BANDUSDT,BAND,Speculative,610,0.21,95104.1613,-0.474,40.7445587350855,-0.003341727186480482,0.21922000000000008,0.2928350000000001,0.6263037964176232,0.20325203252032517,0.1666666666666667,0.1558421415599483,0.6484795842871074,0.20197222222222228,0.2445,macd_bearish_cross,0,1,baissier,365,0,0,30,,,17.0,28.0,85.0,47.0,31.3,47.67,False,False,,0,,,,45,36590866,36758926,175540988.1000239,176347239.968837,,99.5,,,
WINUSDT,WIN,Speculative,917,1.979e-05,121568.25706123,0.051,42.309592835329894,-2.1474422441181233e-07,2.0111400000000002e-05,2.60166e-05,0.46875706624971186,0.267238021036229,0.22867160109076742,0.16819124422635215,0.40805352485259677,1.9120277777777773e-05,2.3148611111111103e-05,macd_bearish_cross|uptrend,1,1,mixte,365,0,0,30,,,17.0,28.0,83.5,47.0,40.3,47.65,False,False,,0,,,,46,19360884,19360884,993701854154.286,993701859243.3864,,100.0,,,
FTTUSDT,FTT,Speculative,,0.3433,439838.886543,-2.527,56.042303128362654,0.0007884367683654685,0.308048,0.437205,1.0800690690020749,0.2826780021253985,0.08793836344314564,0.3450465435907611,0.43357070653052365,0.27889722222222224,0.35871388888888883,doji_4h,0,0,neutre,365,0,0,30,,,17.0,57.0,67.0,47.0,50,47.6,False,False,,0,,,,58,,,,,,,,,
BERAUSDT,BERA,Mid,302,0.372,1626224.881776,2.198,41.23131792318903,0.00010690455014982555,0.3997,0.6935850000000001,0.6417733597191703,0.4665676077265974,0.4487369985141159,0.27405862151631,0.5179041039422659,0.37516666666666665,0.6317777777777779,downtrend|doji_4h,0,1,baissier,365,0,0,30,,,31.0,28.0,68.5,68.0,32.7,47.46,False,False,,0,,,,42,95622661,197748417,261159967.931006,540080873.5177221,,48.4,,,
SUPERUSDT,SUPER,Mid,364,0.1192,351858.4017,0.0,43.87115205386244,-0.0014238896957249568,0.12018200000000004,0.1760555000000001,0.8142193656359148,0.2636015325670498,0.13119533527696786,0.1840896206412624,0.5179997428522096,0.10529722222222222,0.13382222222222223,macd_bearish_cross,0,1,baissier,365,0,0,30,,,31.0,28.0,73.0,47.0,31.3,47.37,False,False,,0,,,,43,75582215,118066856,640164549.0,1000000000.0,1000000000.0,64.0,,,
BBUSDT,BB,Speculative,,0.0304,816025.66758,-1.935,48.336425771482624,-0.00041324781926537087,0.027965999999999994,0.04813250000000003,1.0517675319452378,0.26923076923076916,0.1675824175824176,0.19071942352724064,0.4915338731494736,0.023427777777777787,0.03344166666666667,uptrend,1,0,haussier,365,0,0,30,,,17.0,57.0,62.5,57.5,59.0,47.31,False,False,,0,,,,59,,,,,,,,,
JTOUSDT,JTO,Mid,179,0.4484,1235778.83033,0.134,52.903610631757864,-0.007971328750251305,0.362182,0.39795899999999995,1.532674337984667,0.2572971148979248,0.2443057195883246,0.2805888131957431,0.3180052881200164,0.2639388888888889,0.46765,macd_bearish_cross|uptrend,1,1,mixte,365,0,0,30,,,31.0,57.0,52.0,68.0,40.3,47.28,False,False,,0,,,,53,211165279,447982340,471369650.5,1000000000.0,,47.1,855958779,$856M,-7.47
RPLUSDT,RPL,Speculative,565,1.8,65358.7467,0.0,39.81343356791062,-0.02529203971469962,1.8567999999999998,2.107550000000001,0.5488526375943895,0.35537190082644626,0.256198347107438,0.10644827927261866,0.6512529042425499,1.6944444444444444,2.2102777777777773,macd_bearish_cross|doji_4h,0,1,baissier,365,0,0,30,,,17.0,28.0,83.5,47.0,31.3,47.11,False,False,,0,,,,44,39968160,39968160,22450907.78720867,22450907.78720867,,100.0,1085886110,$1.1B,-6.55
1000SATSUSDT,1000SATS,Speculative,,1.362e-05,447718.78751351,1.718,43.02262687694516,-3.0761016751648375e-07,1.3499599999999999e-05,1.487754999999998e-05,0.932249860323955,0.2718918918918919,0.26540540540540536,0.11977563485114032,0.43567970787438115,1.0516111111111111e-05,1.601277777777778e-05,downtrend,0,1,baissier,365,0,0,30,,,17.0,48.0,73.0,47.0,32.7,47.09,False,False,,0,,,,49,,,,,,,,,
BARUSDT,BAR,Speculative,,0.417,976573.31704,-4.795,35.87286277022517,-0.0010676419261120649,0.48394,0.5397100000000004,0.5277167230666597,0.2787456445993031,0.2770034843205575,0.22363839141275754,0.41027010251230267,0.43319444444444444,0.5621388888888887,macd_bearish_cross|double_top_90d,0,2,baissier,365,0,0,30,,,17.0,28.0,83.5,57.5,15.7,47.02,False,False,,0,,,,41,,,,,,,,,
PROVEUSDT,PROVE,Speculative,521,0.241,255713.40439,0.125,41.20774880091779,-0.0033483037761636893,0.242456,0.355657,0.5334508959952967,0.3358093469514082,0.2541008975549366,0.08755855071099053,0.46523134749587747,0.22402500000000003,0.30204166666666665,macd_bearish_cross|uptrend,1,1,mixte,286,0,0,30,,,14.8,28.0,83.5,47.0,40.3,47.01,False,False,,0,,,,46,46618986,239071723,195000000.0,1000000000.0,1000000000.0,19.5,,,
QIUSDT,QI,Speculative,,0.00168,136271.3264,0.599,44.46819167928606,-2.7995708464997157e-05,0.0016347999999999998,0.0026501500000000004,0.9064799780558245,0.35849056603773577,0.21226415094339618,0.2915947849434605,0.5867745951330378,0.0014186111111111114,0.0020488888888888887,macd_bearish_cross,0,1,baissier,365,0,0,30,,,17.0,48.0,73.0,47.0,31.3,47.0,False,False,,0,,,,49,,,,,,,251662549,$252M,-7.92
MIRAUSDT,MIRA,Speculative,847,0.0801,520621.59806,4.569,43.63022439654391,-0.000773107137928942,0.082272,0.11889000000000005,0.5652614263886647,0.31514581373471307,0.2464722483537159,0.4708496349608687,0.44569053933414116,0.07644722222222225,0.09578333333333336,macd_bearish_cross,0,1,baissier,234,0,0,30,,,13.4,28.0,83.5,57.5,31.3,46.88,False,False,,0,,,,44,22369190,79171616,282540524.0,1000000000.0,1000000000.0,28.3,,,
BEAMXUSDT,BEAMX,Speculative,,0.001789,196035.334759,0.562,36.548836319987394,-3.177090301558667e-05,0.0019061399999999997,0.00263364,0.49103309113018395,0.33889120466861195,0.2534389328887036,0.11602076375082081,0.645292092648451,0.001724638888888889,0.0021731388888888894,macd_bearish_cross|double_top_90d|uptrend,1,2,baissier,365,0,0,30,,,17.0,28.0,83.5,47.0,24.7,46.72,False,False,,0,,,,43,,,,,,,,,
ARDRUSDT,ARDR,Speculative,558,0.04055,60976.76065,-2.266,38.29267810739729,-0.0002174987183151142,0.0428204,0.05163339999999998,0.2966985682469551,0.15484140233722865,0.15150250417362263,0.32366417604029635,0.7322354262382059,0.041478888888888905,0.04771222222222222,macd_bearish_cross|downtrend|evening_star_4h,0,3,baissier,365,0,0,30,,,17.0,28.0,87.5,47.0,0,46.72,False,False,,0,,,,37,40633525,40633525,998466231.0,998466231.0,,100.0,,,
TREEUSDT,TREE,Speculative,947,0.0632,439698.73145,-0.629,40.14905640293853,-0.0011598136547921467,0.06622199999999999,0.09307800000000002,0.836992876404607,0.24429530201342275,0.1773142112125163,0.20890310019143918,0.4174880919694201,0.05908888888888887,0.0758638888888889,macd_bearish_cross|double_top_90d|uptrend,1,2,baissier,293,0,0,30,,,15.0,28.0,85.0,47.0,24.7,46.69,False,False,,0,,,,43,17874092,20100310,101361867.09737062,113986486.6263946,200000000.0,88.9,88661779,$89M,-14.2
XPLUSDT,XPL,Mid,175,0.0867,2518275.55055,0.814,36.985262441312976,-0.0009411894425180624,0.10683400000000003,0.141252,0.8195752270786465,0.3846699787083038,0.3846699787083038,0.11993554191485291,0.5482190057511603,0.08827222222222222,0.13016388888888886,rsi_bullish_divergence|macd_bearish_cross,1,1,mixte,235,0,0,30,,,27.4,28.0,68.5,68.0,35.4,46.56,False,False,,0,,,,43,217292657,874424917,2505729166.6667,10083506944.4444,,24.8,,,
ACXUSDT,ACX,Speculative,713,0.0426,123303.04416,0.0,44.034731728260766,-0.00035154721909648413,0.043579999999999994,0.048085,0.43990135461439456,0.31239669421487604,0.29752066115702475,0.07129129647762178,0.1471469574777863,0.033677777777777765,0.047508333333333354,uptrend,1,0,haussier,365,0,0,30,,,17.0,28.0,77.5,47.0,59.0,46.54,False,False,,0,,,,50,29772325,42250767,704657633.0,1000000000.0,1000000000.0,70.5,27385018,$27M,-0.22
WUSDT,W,Mid,372,0.013,841295.8224,0.775,43.680487549178274,-0.00017551568479408673,0.013489999999999997,0.02837350000000001,0.9181924552280629,0.4195121951219512,0.3658536585365854,0.1541277326139776,0.524478937294745,0.012447222222222224,0.01943055555555555,macd_bearish_cross|doji_4h,0,1,baissier,365,0,0,30,,,31.0,28.0,68.5,57.5,31.3,46.53,False,False,,0,,,,42,74960339,127473979,5880442372.0,10000000000.0,10000000000.0,58.8,2365223492,$2.4B,16.36
MOVEUSDT,MOVE,Mid,411,0.0174,353282.33239,1.163,43.3084541461468,-0.0001425127600834093,0.01818,0.031183500000000013,0.6450264247754477,0.3474903474903475,0.3281853281853282,0.2568434954003765,0.6719721296499445,0.017266666666666677,0.02338611111111111,macd_bearish_cross|uptrend|doji_4h,1,1,mixte,365,0,0,30,,,31.0,28.0,68.5,47.0,40.3,46.23,False,False,,0,,,,44,65757452,171354923,3837500000.0,10000000000.0,10000000000.0,38.4,,,
KMNOUSDT,KMNO,Mid,312,0.02004,291704.58935,-1.086,42.220759555556604,-0.0004210571095266977,0.020540999999999997,0.0383372,0.8661365532304786,0.43977310643977313,0.3309976643309977,0.13264708628168873,0.6316821419082442,0.01793444444444444,0.02604277777777778,macd_bearish_cross|uptrend,1,1,mixte,365,0,0,30,,,31.0,28.0,68.5,47.0,40.3,46.23,False,False,,0,,,,44,92276739,199708672,4620548202.25,9999958318.859304,10000000000.0,46.2,1642144943,$1.6B,9.55
NOTUSDT,NOT,Speculative,505,0.000506,734072.097635,-0.394,50.90560513059106,-1.0880629926317113e-05,0.0004323000000000001,0.0004999050000000001,1.2923494514543648,0.27705627705627706,0.2712842712842713,0.3120685324473956,0.43846804516983934,0.00034836111111111114,0.0005468611111111112,macd_bearish_cross|uptrend,1,1,mixte,365,0,0,30,,,17.0,57.0,62.5,57.5,40.3,46.18,False,False,,0,,,,55,49465002,50969062,99429447866.9074,102452755868.5205,102456956842.91,97.0,,,
APEUSDT,APE,Mid,227,0.1487,1344986.520513,5.461,52.298613183390984,-0.004031330162463339,0.12372999999999999,0.18125149999999998,2.261434963983111,0.3464877663772692,0.17513812154696137,0.22787690601836752,0.26176785394087243,0.08608888888888885,0.16805277777777775,uptrend,1,0,haussier,365,0,0,30,,,31.0,57.0,46.0,68.0,59.0,46.17,False,False,,0,,,,57,149146966,149146966,1000000000.0,1000000000.0,1000000000.0,100.0,,,
MUBARAKUSDT,MUBARAK,Speculative,,0.01404,641671.340607,-0.987,43.9786686394736,-0.00030664418934048514,0.013702799999999998,0.01603184999999999,0.9994689877359868,0.4693579766536965,0.3195525291828793,0.12929821395156846,0.41899189535742754,0.011478333333333333,0.016809722222222222,macd_bearish_cross,0,1,baissier,365,0,0,30,,,17.0,48.0,68.5,57.5,31.3,46.17,False,False,,0,,,,48,,,,,,,,,
ZROUSDT,ZRO,Mid,140,1.296,1144887.78736,0.0,33.63967771828021,-0.0031317071970672072,1.6656599999999997,1.6434600000000006,0.7578146252049465,0.44574146130566367,0.4392563769995677,0.07945697073084901,0.5729200679110361,1.3999166666666667,2.1340555555555563,macd_bearish_cross|downtrend,0,2,baissier,365,0,0,30,,,31.0,27.0,68.5,68.0,14.0,46.15,False,False,,0,,,,37,327188394,1296660134,252331652.6536562,1000000000.0,1000000000.0,25.2,,,
0GUSDT,0G,Mid,277,0.5,714259.95737,0.402,33.131280261735014,-0.006114258829907392,0.5490000000000002,0.7858050000000002,0.5098161751892154,0.3183139534883721,0.2732558139534883,0.14245695629188695,0.27988731849330667,0.498861111111111,0.6563888888888889,macd_bearish_cross|downtrend,0,2,baissier,238,0,0,30,,,27.5,19.0,77.5,57.5,14.0,46.1,False,False,,0,,,,36,106447977,499287597,213199722.0,1000000000.0,,21.3,,,
JUVUSDT,JUV,Speculative,,0.476,428392.91178,0.0,41.87934207864424,-0.0019292693922059847,0.5033599999999999,0.6293649999999997,0.5320908901232748,0.2555205047318612,0.249211356466877,0.21773885478244356,0.5674835031858386,0.48202777777777783,0.6205,macd_bearish_cross|downtrend,0,2,baissier,365,0,0,30,,,17.0,28.0,83.5,47.0,14.0,46.08,False,False,,0,,,,40,,,,,,,,,
WLFIUSDT,WLFI,Etabli,45,0.0614,5853902.32315,-2.848,36.48043073435417,0.0002696356450033891,0.07780000000000001,0.12003899999999992,0.9685972279910368,0.5499587118084227,0.49298100743187445,0.20441495313127442,0.29832286817211434,0.06460833333333332,0.11271666666666667,downtrend,0,1,baissier,259,0,0,30,,,42.1,28.0,53.5,78.5,32.7,46.02,False,False,,0,,,,40,1950824485,6139913385,31772833953.0,100000000000.0,100000000000.0,31.8,,,
TRBUSDT,TRB,Speculative,514,17.39,1048160.67892,-1.081,40.732756576733735,-0.4372122683712769,17.8254,18.920650000000002,0.6835096623723369,0.2615187713310581,0.2585324232081912,0.2875570230154315,0.41192145613729564,14.335833333333333,20.353611111111107,,0,0,neutre,365,0,0,30,,,17.0,28.0,73.0,68.0,50,46.0,False,False,,0,,,,47,47978704,49177756,2788106.3289967044,2857784.822950185,,97.6,,,
C98USDT,C98,Speculative,905,0.02,225512.46229,0.0,39.66321515337853,-0.00015410013689515678,0.021931999999999997,0.025597999999999992,0.5615421114468714,0.38585209003215437,0.35691318327974275,0.143436629878408,0.3635717238966709,0.02021111111111112,0.029497222222222216,macd_bearish_cross|uptrend,1,1,mixte,365,0,0,30,,,17.0,28.0,79.0,47.0,40.3,45.98,False,False,,0,,,,46,19828262,19828284,999998884.0,1000000000.0,1000000000.0,100.0,,,
QUICKUSDT,QUICK,Speculative,,0.00978,88825.69729,0.411,40.72923897293394,-0.00011828360927942255,0.010406799999999999,0.011490400000000005,0.7271103670492193,0.23813559322033898,0.17372881355932202,0.2589466616359382,0.6000720888465877,0.009124999999999998,0.01158305555555556,macd_bearish_cross|double_top_90d|downtrend,0,3,baissier,365,0,0,30,,,17.0,28.0,85.0,47.0,0,45.79,False,False,,0,,,,37,,,,,,,423381070,$423M,-8.32
VICUSDT,VIC,Speculative,,0.061,2577538.361083,5.172,59.2331372336512,0.0013413777156376038,0.051222,0.07449050000000004,1.699808458038297,0.3316582914572865,0.11175616835994202,1.8655677713848045,0.2276127811189048,0.042866666666666664,0.060936111111111115,downtrend,0,1,baissier,365,0,0,30,,,17.0,84.0,46.0,68.0,32.7,45.55,False,False,,0,,,,58,,,,,,,,,
GUSDT,G,Speculative,784,0.00357,190810.56083,-0.557,41.49436551212574,-3.596538838302182e-05,0.003754999999999999,0.0044069500000000015,0.5302426467034606,0.40940766550522656,0.37804878048780494,0.2136026598575444,0.46147050222695235,0.0033500000000000005,0.004255277777777778,macd_bearish_cross,0,1,baissier,365,0,0,30,,,17.0,28.0,79.0,47.0,31.3,45.44,False,False,,0,,,,44,25421176,42177073,7232700000.0,12000000000.0,12000000000.0,60.3,21780533,$22M,-10.04
AXSUSDT,AXS,Mid,184,1.168,933455.00956,-0.171,37.95631274699858,-0.035418188896441334,1.2331600000000003,1.26708,1.3769392963565799,0.26045627376425856,0.26045627376425856,0.0916700012815342,0.36373467883336524,1.0881944444444445,1.4314999999999998,,0,0,neutre,365,0,0,30,,,31.0,28.0,62.5,57.5,50,45.42,False,False,,0,,,,45,202225370,314911353,173384825.001344,270000000.0,270000000.0,64.2,,,
OGNUSDT,OGN,Speculative,,0.02214,89483.67998,0.226,37.20331948875426,-0.00032234932921941593,0.022752400000000002,0.028151650000000007,0.39332294356487235,0.3149741824440619,0.23855421686746983,0.05949906847304515,0.2741153045579454,0.019713888888888895,0.02584805555555555,macd_bearish_cross|uptrend,1,1,mixte,365,0,0,30,,,17.0,28.0,77.5,47.0,40.3,45.42,False,False,,0,,,,45,,,,,,,,,
ALCXUSDT,ALCX,Speculative,,5.08,59667.767955,-0.587,40.77185397242415,-0.05636193305681169,5.255199999999998,6.832299999999996,0.4164330515239855,0.3333333333333333,0.2763532763532763,0.09739416668219338,0.2122616369569068,4.564444444444444,5.827777777777779,macd_bearish_cross|uptrend|doji_4h,1,1,mixte,365,0,0,30,,,17.0,28.0,77.5,47.0,40.3,45.42,False,False,,0,,,,45,,,,,,,35132631,$35M,-4.85
FLOWUSDT,FLOW,Mid,437,0.03671,412350.4607125,2.657,42.37617918018999,-0.0008369105285059729,0.036587800000000004,0.10103999999999988,0.8058103941295419,0.5625958883092973,0.4370972691009512,0.17509196312080821,0.2702419520624645,0.03025666666666667,0.04721972222222221,bearish_engulfing_4h,0,1,baissier,365,0,0,30,,,31.0,48.0,53.5,47.0,50,45.03,False,False,,0,,,,50,60003133,60003133,1661932437.677632,1661932437.677632,,100.0,,,
NIGHTUSDT,NIGHT,Etabli,100,0.03203,753084.90699,1.041,41.33316199556564,0.0002921811821090781,0.036912600000000004,,0.6468037978469336,0.4234546504910456,0.3841709994222992,0.001929780864715056,,0.03181148148148149,0.050302592592592586,downtrend|evening_star_4h,0,2,baissier,68,0,0,30,,,36.9,36.0,58.5,57.5,13.1,44.98,False,False,,0,,,,38,531143072,767575551,16607399400.63495,24000000000.0,24000000000.0,69.2,,,
ZBTUSDT,ZBT,Speculative,574,0.1613,4814104.18289,0.249,51.30933977689811,-0.005121243764789441,0.13809200000000005,0.11175899999999998,1.7671944100153194,0.3295089490592015,0.2597521798990363,0.5750975628466872,0.1326879184607367,0.06998611111111108,0.1885972222222222,,0,0,neutre,213,0,0,30,,,12.8,82.0,46.0,68.0,50,44.97,False,False,,0,,,,62,39873876,162755704,244992188.30119348,1000000000.0,1000000000.0,24.5,58316982,$58M,0.2
ATMUSDT,ATM,Speculative,,1.036,186586.9923,-0.48,41.67140365649986,-0.006664163286517765,1.0812999999999997,1.0465250000000001,0.5138219367431042,0.35413929040735875,0.3193166885676741,0.2388639431237478,0.20174782582117656,1.007083333333333,1.4000555555555556,double_top_90d,0,1,baissier,365,0,0,30,,,17.0,36.0,73.0,47.0,34.4,44.91,False,False,,0,,,,46,,,,,,,,,
SOMIUSDT,SOMI,Speculative,763,0.1663,832639.74472,-0.18,38.44157753370381,-0.003710398419296574,0.173586,0.226205,0.6858057958712733,0.3148063781321184,0.24328018223234626,0.9695930801377134,0.48190761733929743,0.15775000000000003,0.20923055555555553,macd_bearish_cross,0,1,baissier,258,0,0,30,,,14.1,37.0,73.0,57.5,31.3,44.88,False,False,,0,,,,45,26442101,165056813,160200000.0,1000000000.0,1000000000.0,16.0,,,
HUMAUSDT,HUMA,Speculative,559,0.02327,1112737.36146,-3.122,54.49320027507325,1.8336702969249524e-05,0.019753800000000002,0.021669550000000006,1.1553564598907202,0.3833253473885961,0.18405338953284153,0.20381556595122508,0.17726582227695256,0.012633611111111113,0.02407722222222222,macd_bullish_cross|downtrend,1,1,mixte,357,0,0,30,,,16.8,57.0,56.5,68.0,41.7,44.81,False,False,,0,,,,54,40572786,234073768,1733333333.0,10000000000.0,10000000000.0,17.3,,,
ENJUSDT,ENJ,Mid,334,0.04213,515695.95423,-1.034,36.85423659872116,-0.0015550604267870528,0.04586959999999998,0.0326371,0.5995710302493086,0.5314031180400891,0.5314031180400891,0.10711027493428235,0.025929062662134884,0.018533888888888888,0.0646361111111111,downtrend,0,1,baissier,365,0,0,30,,,31.0,36.0,59.5,57.5,32.7,44.79,False,False,,0,,,,43,82896002,83970566,1964564900.004173,1990031157.901006,,98.7,,,
KITEUSDT,KITE,Mid,107,0.2142,4430446.71322,2.537,73.76051436715518,0.005905840089035108,0.155304,,0.7771256165200959,0.5760399334442595,0.2871880199667221,0.10082827176639984,0.13774038024145205,0.13512500000000002,0.2698944444444445,doji_4h,0,0,neutre,196,0,0,30,,,26.4,36.0,58.0,68.0,50,44.73,False,False,,0,,,,47,486981234,2142219239,2273255814.0,10000000000.0,10000000000.0,22.7,1242922,$1M,-6.38
DOGSUSDT,DOGS,Speculative,741,5.56e-05,2011897.2399195,1.275,53.50340411264969,-1.7164430078878778e-06,3.9716e-05,3.9154000000000005e-05,2.3953873845082074,0.37657864523536166,0.36165327210103326,0.892341420774644,0.257826988673283,2.6102777777777772e-05,5.8561111111111106e-05,macd_bearish_cross|golden_cross|uptrend,2,1,haussier,365,0,0,30,,,17.0,82.0,41.5,68.0,52.8,44.7,False,False,,0,,,,62,28040638,29844898,516750000000.0,550000000000.0,550000000000.0,94.0,,,
TURTLEUSDT,TURTLE,Speculative,,0.0464,400298.81169,0.651,41.22627926793074,-0.0011908319310648637,0.04728400000000001,0.057775,0.9776671469011701,0.20517241379310344,0.2000000000000001,0.21020904413589678,0.2663649441425871,0.039786111111111105,0.053699999999999984,macd_bearish_cross|uptrend|doji_4h,1,1,mixte,208,0,0,30,,,12.7,28.0,79.0,47.0,40.3,44.7,False,False,,0,,,,46,,,,,,,1321150,$1M,-9.63
WOOUSDT,WOO,Speculative,672,0.0174,122201.86304,0.578,39.13113884471034,-0.000346993724506198,0.018434000000000002,0.022791499999999975,0.6067447652310711,0.21890547263681598,0.15458937198067624,0.1568182274489858,0.7777198254727722,0.016222222222222228,0.019977777777777782,macd_bearish_cross,0,1,baissier,365,0,0,30,,,17.0,28.0,77.0,47.0,31.3,44.69,False,False,,0,,,,43,32511483,32511483,1888782088.294737,1888782088.294737,3000000000.0,100.0,6006586,$6M,-2.24
ALTUSDT,ALT,Speculative,553,0.00681,630989.32288,1.339,35.20920706695864,-0.0001776293741759277,0.0072358,0.010272150000000004,0.6021247964885935,0.3070776255707763,0.223744292237443,0.12137421248009372,0.5875337926459007,0.006420833333333332,0.008245,macd_bearish_cross|uptrend,1,1,mixte,365,0,0,30,,,17.0,28.0,73.0,57.5,40.3,44.58,False,False,,0,,,,45,41788175,67802786,6163194441.0,10000000000.0,10000000000.0,61.6,,,
CITYUSDT,CITY,Speculative,,0.568,1243397.2849,-1.217,39.05114457623105,-0.007497767656056765,0.6048399999999998,0.6164249999999997,0.6221061433680733,0.30097087378640774,0.24933687002652527,0.30656269020289806,0.2522670343565007,0.5139444444444444,0.7094444444444445,support_bounce|uptrend,2,0,haussier,365,0,0,30,,,17.0,28.0,67.0,68.0,63.2,44.56,False,False,,0,,,,49,,,,,,,,,
BIOUSDT,BIO,Mid,326,0.0399,1738230.69695,-1.481,47.68301019684494,-0.0021394479615252206,0.032681999999999996,0.04008999999999998,2.29913602982304,0.496875,0.34049586776859503,0.06103586180479384,0.17688789985388073,0.01721111111111111,0.04930555555555557,uptrend,1,0,haussier,365,0,0,30,,,31.0,57.0,41.5,68.0,59.0,44.49,False,False,,0,,,,56,86212430,133436544,2145029070.25,3320000000.0,3320000000.0,64.6,5557416,$6M,-24.28
OPENUSDT,OPEN,Speculative,641,0.18,4095818.37093,6.257,42.91202476507763,-0.006350184420299014,0.20311200000000007,0.1933435,1.3917911644495526,0.42691751085383495,0.3505788712011577,1.9684231693825984,0.2992315479806351,0.14639166666666664,0.24037222222222226,uptrend,1,0,haussier,252,0,0,30,,,13.9,63.0,52.0,68.0,59.0,44.45,False,False,,0,,,,56,34688610,160968030,215500000.0,1000000000.0,1000000000.0,21.6,,,
GLMRUSDT,GLMR,Speculative,988,0.0151,171186.78476,-0.658,43.59282462219519,-0.0004037171961093583,0.014278000000000002,0.019930500000000007,1.2579515672113233,0.2714285714285714,0.20942408376963342,0.08700086455006058,0.39482139726234255,0.010622222222222224,0.017849999999999998,doji_4h,0,0,neutre,365,0,0,30,,,17.0,48.0,62.5,47.0,50,44.21,False,False,,0,,,,51,16286127,18281460,1097156101.0,1231576773.0,,89.1,,,
PLUMEUSDT,PLUME,Mid,421,0.01176,585040.65481,0.858,43.63092856171756,-0.00030460898318011815,0.011777200000000002,0.01762110000000001,1.0836296937887004,0.3177083333333334,0.24727738629083923,0.14425247297198363,0.3888105970351536,0.009330277777777778,0.01398,macd_bearish_cross|uptrend,1,1,mixte,273,0,0,30,,,28.5,28.0,62.5,57.5,40.3,44.09,False,False,,0,,,,43,63797745,115042893,5545561594.0,10000000000.0,10000000000.0,55.5,,,
SAPIENUSDT,SAPIEN,Speculative,699,0.1259,1686831.01101,4.136,67.12234287822457,0.001711841894681241,0.08974599999999999,,1.1371358216176082,0.33052631578947367,0.07748538011695905,0.3203442461992118,0.41315286516028477,0.06828055555555554,0.11296111111111114,,0,0,neutre,193,0,0,30,,,12.3,36.0,67.0,68.0,50,43.89,False,False,,0,,,,49,30753943,123015773,250000000.0,1000000000.0,1000000000.0,25.0,,,
MMTUSDT,MMT,Speculative,796,0.1215,494614.4842,-1.22,38.599966656395644,-0.002612254366903477,0.12944399999999998,,0.6367320004569904,0.27228749136143743,0.190728476821192,0.4184552383860703,0.3994388232287218,0.11051388888888888,0.145975,macd_bearish_cross|uptrend,1,1,mixte,195,0,0,30,,,12.3,36.0,73.0,47.0,40.3,43.88,False,False,,0,,,,47,24818114,121600542,204095424.0,1000000000.0,1000000000.0,20.4,7505853,$8M,0.74
EULUSDT,EUL,Speculative,698,1.277,646842.89113,1.997,44.90538316366309,-0.033450626385998605,1.2478800000000003,2.337134999999998,1.3653250806159523,0.37670068027210885,0.2281231140615571,0.2423964643796652,0.503045304394493,0.8337777777777777,1.500361111111111,doji_4h,0,0,neutre,217,0,0,30,,,12.9,48.0,62.5,57.5,50,43.85,False,False,,0,,,,51,30772414,34642175,24146317.188470602,27182818.28459,27182818.0,88.8,324859051,$325M,-20.04
USUALUSDT,USUAL,Speculative,797,0.01399,315894.449895,-0.356,42.03096457574594,-0.00028819964513827895,0.014024400000000001,0.020486099999999997,0.6343629968079432,0.254364089775561,0.19132947976878606,0.21671284781003497,0.5352012293188498,0.012270277777777778,0.01627666666666667,macd_bearish_cross|uptrend,1,1,mixte,365,0,0,30,,,17.0,28.0,73.0,47.0,40.3,43.74,False,False,,0,,,,45,24747848,25198029,1784989521.2307224,1817459803.679431,3000000000.0,98.2,99266826,$99M,-1.07
HMSTRUSDT,HMSTR,Speculative,,0.0001547,261897.1877579,0.455,42.77669846551717,-3.9585367289072525e-06,0.00015621,0.00020352600000000002,0.9101304456057415,0.2812353766963032,0.2779597566682264,0.34153994498782614,0.4329506683283487,0.0001376,0.0001849583333333333,macd_bearish_cross|uptrend,1,1,mixte,365,0,0,30,,,17.0,28.0,73.0,47.0,40.3,43.74,False,False,,0,,,,45,,,,,,,,,
YGGUSDT,YGG,Speculative,740,0.03787,190257.674465,-0.499,37.8901999406751,-0.0010112922476876187,0.040214599999999996,0.05870230000000002,0.7297171201776208,0.2968684759916492,0.21845963245921948,0.08900006538799841,0.4850727092285342,0.03563611111111111,0.04565750000000001,macd_bearish_cross|uptrend,1,1,mixte,365,0,0,30,,,17.0,28.0,73.0,47.0,40.3,43.74,False,False,,0,,,,45,28050491,37730202,743449268.6544169,1000000000.0,1000000000.0,74.3,,,
JOEUSDT,JOE,Speculative,973,0.0424,121683.430001,-1.395,38.5737739184649,-0.0008942542772589484,0.045594,0.05649000000000002,0.6633401601452936,0.2741379310344828,0.26896551724137935,0.10374171037944518,0.5454642402436273,0.03573055555555556,0.05123611111111111,macd_bearish_cross|uptrend|doji_4h,1,1,mixte,365,0,0,30,,,17.0,28.0,73.0,47.0,40.3,43.74,False,False,,0,,,,45,16988377,21035105,403574247.6492458,499707918.0306486,500000000.0,80.8,17397669,$17M,-16.05
LAZIOUSDT,LAZIO,Speculative,,0.586,154283.32773,0.861,34.1671120984242,-0.0047397275266809966,0.6583999999999999,0.8591349999999999,0.4588121655201675,0.3325688073394496,0.3279816513761468,0.18960099743276937,0.6280491941861063,0.6182222222222221,0.7951944444444445,macd_bearish_cross,0,1,baissier,365,0,0,30,,,17.0,19.0,79.0,47.0,31.3,43.73,False,False,,0,,,,41,,,,,,,,,
MOVRUSDT,MOVR,Speculative,768,2.328,1226532.740354,2.827,50.456492790969136,-0.06333632525605293,1.9230400000000003,2.2027600000000005,2.4010322051431428,0.4318026045236464,0.20287868403015766,0.5480317556595101,0.2563677632063064,1.1171111111111107,2.679861111111111,uptrend|doji_4h,1,0,haussier,365,0,0,30,,,17.0,66.0,46.0,68.0,59.0,43.71,False,False,,0,,,,59,26075071,28466884,11445050.0,12494881.0,,91.6,,,
GPSUSDT,GPS,Speculative,647,0.00768,1725123.186572,6.077,46.85676319477237,4.3427749272794514e-05,0.008090599999999998,0.007570000000000001,1.1762797111082393,0.4952100221075903,0.4347826086956522,0.5959267998056084,0.11529582636229177,0.007415833333333333,0.011224722222222221,macd_bullish_cross,1,0,haussier,365,0,0,30,,,17.0,54.0,52.0,68.0,59.0,43.66,False,False,,0,,,,57,34503369,78254902,4409100001.78,10000000000.0,10000000000.0,44.1,33040031,$33M,-6.17
ORDIUSDT,ORDI,Mid,319,4.324,3078571.57023,2.537,46.03449093377083,-0.17211820193164398,4.06418,3.7666949999999972,1.869491879372938,0.5063395163183846,0.4927212960788918,0.32862414896095093,0.27065466163512075,2.2753055555555552,5.558861111111111,,0,0,neutre,365,0,0,30,,,31.0,73.0,32.5,68.0,50,43.64,False,False,,0,,,,57,89191057,89191057,21000000.0,21000000.0,,100.0,,,
TUTUSDT,TUT,Speculative,,0.01135,440689.39519,-1.732,44.31875944941398,-0.0002851514680339987,0.010996399999999996,0.01305795,1.143814617358411,0.30504201680672277,0.19872701555869873,0.19355676248050557,0.44465440093338726,0.008808333333333333,0.013024999999999998,macd_bearish_cross|uptrend,1,1,mixte,365,0,0,30,,,17.0,48.0,62.5,47.0,40.3,43.63,False,False,,0,,,,49,,,,,,,,,
AUDIOUSDT,AUDIO,Speculative,742,0.01988,363141.213229,-1.242,45.897079857110946,-0.00014466824849396204,0.019392599999999992,0.025802250000000006,1.140861264232522,0.2512539899680803,0.21718565234528975,0.16508736343166908,0.2767675479773114,0.01696777777777778,0.023003055555555558,macd_bearish_cross|morning_star_4h,1,1,mixte,365,0,0,30,,,17.0,57.0,56.5,47.0,48.8,43.62,False,False,,0,,,,56,28032107,28032107,1421182185.0,1421182185.163147,,100.0,,,
CUSDT,C,Speculative,,0.0763,696861.4782,0.793,45.88290194765609,-0.001183153517801088,0.07795199999999998,0.07491500000000001,0.9881437284719884,0.3746736292428199,0.1556291390728477,0.2054976032078238,-0.03217375510352543,0.049161111111111114,0.0888611111111111,macd_bearish_cross|double_top_90d,0,2,baissier,304,0,0,30,,,15.3,45.0,67.0,57.5,15.7,43.61,False,False,,0,,,,46,,,,,,,,,
DCRUSDT,DCR,Mid,151,17.47,272008.34614,2.584,33.46273315827503,-0.15953267991336684,19.908999999999995,22.471700000000006,0.4930311272526035,0.5040887850467289,0.4924065420560748,0.247796716075173,0.4023137052622631,18.732777777777773,29.835833333333344,macd_bearish_cross|downtrend,0,2,baissier,365,0,0,30,,,31.0,19.0,70.0,47.0,14.0,43.5,False,False,,0,,,,35,302904033,302942302,17419554.77428449,17421755.56513357,21000000.0,100.0,,,
GIGGLEUSDT,GIGGLE,Speculative,669,33.41,3034928.46813,3.341,48.33118982544304,-0.5253656296577265,32.413799999999995,57.79709999999999,1.3737326910270569,0.4041054538136446,0.3248138458442343,0.3419785657765885,0.4767408791276309,23.672222222222224,39.1261111111111,macd_bearish_cross,0,1,baissier,205,0,0,30,,,12.6,57.0,58.0,68.0,31.3,43.5,False,False,,0,,,,52,32669636,32669636,1000000.0,1000000.0,1000000.0,100.0,,,
BREVUSDT,BREV,Speculative,731,0.1177,440143.90551,3.609,44.86137002575804,-0.0011922128500121672,0.121612,,0.8201656523178089,0.335811648079306,0.27075588599752165,0.34270469595724584,0.45079192345250496,0.11208333333333334,0.14550833333333335,macd_bearish_cross|uptrend,1,1,mixte,132,0,0,30,,,10.6,36.0,73.0,47.0,40.3,43.36,False,False,,0,,,,47,28642419,114569674,250000000.0,1000000000.0,1000000000.0,25.0,,,
ONTUSDT,ONT,Mid,454,0.05807,433408.69779,0.519,32.63014410444663,-0.0007957318550011368,0.0759086,0.06375519999999997,0.6762861240918199,0.4827771316095553,0.4801825176702156,0.13976668753035557,0.23476768557524288,0.040818333333333345,0.09134250000000002,downtrend,0,1,baissier,365,0,0,30,,,31.0,27.0,62.5,47.0,32.7,43.35,False,False,,0,,,,41,57518120,57518120,1000000000.0,1000000000.0,,100.0,,,
BANANAS31USDT,BANANAS31,Mid,297,0.010015,2625564.667675,-12.951,41.25946185704632,-0.0002590752399916021,0.010953080000000002,0.0063108700000000005,1.11751541721491,0.4064549986880084,0.3445945945945946,0.23335105327870215,0.011070564936096585,0.004838083333333334,0.013711055555555556,macd_bearish_cross|uptrend,1,1,mixte,365,0,0,30,,,31.0,36.0,52.0,68.0,40.3,43.29,False,False,,0,,,,44,99748489,99748489,10000000000.0,10000000000.0,10000000000.0,100.0,,,
MAGICUSDT,MAGIC,Speculative,882,0.0637,277869.91041,0.473,44.02719528603484,-0.000755448423864013,0.06411200000000002,0.08345500000000004,0.6243985055631585,0.27473958333333326,0.17057291666666652,0.11864908956553001,0.5865990848405246,0.057816666666666655,0.07147222222222221,macd_bearish_cross,0,1,baissier,365,0,0,30,,,17.0,28.0,73.0,47.0,31.3,43.2,False,False,,0,,,,43,20697211,21936852,328039411.052679,347687042.9717532,347714007.0,94.3,,,
BIGTIMEUSDT,BIGTIME,Speculative,815,0.01265,146929.81258,0.079,39.74129802496647,-0.0002352217453882003,0.013251800000000005,0.018301000000000008,0.6126386882945204,0.25446428571428564,0.19260204081632654,0.1086971497163828,0.6917607322591685,0.012221666666666665,0.015105277777777775,macd_bearish_cross|doji_4h,0,1,baissier,365,0,0,30,,,17.0,28.0,73.0,47.0,31.3,43.2,False,False,,0,,,,43,23908796,62646031,1908245059.7925065,5000000000.0,5000000000.0,38.2,,,
AGLDUSDT,AGLD,Speculative,885,0.236,146205.6071,-0.422,36.3067440261692,-0.003404169327256256,0.25582,0.27095500000000006,0.5393159585412812,0.44587628865979384,0.3917525773195877,0.0910916175078605,0.24228845544024977,0.22499999999999998,0.29269444444444453,macd_bearish_cross,0,1,baissier,365,0,0,30,,,17.0,28.0,73.0,47.0,31.3,43.2,False,False,,0,,,,43,20578400,21849398,87430001.0,92830001.0,96000000.0,94.2,,,
TOWNSUSDT,TOWNS,Speculative,,0.00313,445691.21502,1.294,38.70656864484031,-7.04970477819407e-05,0.003365400000000001,0.0054249499999999996,0.7870085969670813,0.286046511627907,0.2744186046511628,0.22600132345503274,0.3333062158832266,0.003130833333333333,0.004106944444444445,macd_bearish_cross|uptrend,1,1,mixte,286,0,0,30,,,14.8,28.0,73.0,47.0,40.3,43.1,False,False,,0,,,,45,,,,,,,,,
SCUSDT,SC,Speculative,525,0.00094,77657.237021,-0.106,44.86751375105106,-3.4491634843490344e-06,0.0009549000000000001,0.0013230800000000003,0.38138877195004567,0.26245847176079734,0.21843853820598005,0.21945748053816508,0.7205164454177169,0.0009193888888888888,0.0011265555555555556,macd_bearish_cross|downtrend|doji_4h,0,2,baissier,365,0,0,30,,,17.0,28.0,75.5,47.0,14.0,43.1,False,False,,0,,,,39,46166129,46166129,49751295000.0225,49751295000.0225,,100.0,,,
CHRUSDT,CHR,Speculative,871,0.02204,342705.99992,1.101,42.861973098665345,-0.0008433885503211216,0.0213972,0.03537879999999999,1.2277493456032236,0.4624505928853755,0.2334954829742877,0.07833648682315161,0.37304895733503557,0.01493888888888889,0.02639611111111112,macd_bearish_cross,0,1,baissier,365,0,0,30,,,17.0,48.0,62.5,47.0,31.3,43.09,False,False,,0,,,,47,21312929,21312929,974831915.3782,974831915.3782,978064789.0,100.0,,,
FOGOUSDT,FOGO,Mid,410,0.01738,296818.34942,-0.515,36.9854040684309,-0.00036291083831332054,0.018742399999999992,,0.6999907972768729,0.4517092598738799,0.423166279455692,0.12740616397801338,0.19842442427426651,0.017119999999999996,0.026283055555555563,macd_bearish_cross,0,1,baissier,123,0,0,30,,,24.4,36.0,62.5,47.0,31.3,43.0,False,False,,0,,,,43,65998168,172564719,3823617017.073156,9997571404.265337,,38.2,,,
KERNELUSDT,KERNEL,Speculative,949,0.0649,520431.04904,4.006,46.611565335096195,0.0009347221867963156,0.076184,0.07936999999999998,0.8514266478129061,0.4920502092050209,0.4527196652719665,0.27391694453196574,0.2739014263977784,0.062775,0.10456944444444445,,0,0,neutre,365,0,0,30,,,17.0,37.0,62.5,57.5,50,42.96,False,False,,0,,,,51,17852391,62353794,286308020.0,1000000000.0,1000000000.0,28.6,,,
SENTUSDT,SENT,Mid,270,0.01558,360501.65497,2.097,39.79265767995922,-0.00018330710361195724,0.016960799999999995,,0.90137800893172,0.38791032826261007,0.37710168134507605,0.06758530587342311,0.21385158326821724,0.01581166666666667,0.023632222222222228,macd_bearish_cross,0,1,baissier,116,0,0,30,,,24.2,36.0,62.5,47.0,31.3,42.95,False,False,,0,,,,43,110599560,525039219,7237882055.0,34359738368.0,34359738368.0,21.1,,,
ZKCUSDT,ZKC,Speculative,901,0.0696,254162.36957,-0.287,37.88597729322646,-0.00112056728322608,0.07358399999999998,0.10736050000000001,0.6634568575755972,0.32653061224489793,0.289795918367347,0.21219000157017964,0.6302664616375988,0.06923055555555557,0.08908888888888888,macd_bearish_cross|uptrend,1,1,mixte,245,0,0,30,,,13.7,28.0,73.0,47.0,40.3,42.76,False,False,,0,,,,45,19935314,71826691,290641046.0,1047176088.031135,,27.8,,,
CFGUSDT,CFG,Mid,219,0.266,1551151.40365,4.478,54.25488616035258,-0.002877102204765971,0.22309799999999996,,1.0925011269439493,0.2913978494623656,0.13915017839766458,0.06630705753597713,,0.14049599999999998,0.292996,macd_bearish_cross|uptrend,1,1,mixte,63,0,0,30,,,22.7,45.0,52.5,68.0,40.3,42.72,False,False,,0,🔥 Trending #14 sur CoinGecko,14,,50,153298980,180615433,577156141.0,680000000.0,,84.9,1570622965,$1.6B,-3.41
RAREUSDT,RARE,Speculative,,0.0161,1018408.47329,-2.424,41.59376953390567,-0.00022973584864223034,0.016465999999999998,0.020977999999999993,1.401330541090223,0.3263598326359833,0.3263598326359833,1.1442396321772206,0.37459250618232537,0.014430555555555554,0.01938888888888889,macd_bearish_cross,0,1,baissier,365,0,0,30,,,17.0,46.0,58.0,68.0,31.3,42.71,False,False,,0,,,,46,,,,,,,,,
SCRTUSDT,SCRT,Speculative,721,0.0859,199591.66334,-0.923,34.83122254506556,-0.003305572697707961,0.09754800000000001,0.11478649999999994,0.8956743754463282,0.2576419213973799,0.24978165938864627,0.2072981854982828,0.6175678779565065,0.07460833333333333,0.11159166666666669,,0,0,neutre,365,0,0,30,,,17.0,19.0,73.0,47.0,50,42.61,False,False,,0,,,,44,28909474,29915606,343447883.484467,355400844.562368,,96.6,,,
PARTIUSDT,PARTI,Speculative,,0.06,2434516.63035,2.916,57.330665433591484,0.0016550460483142277,0.05608200000000001,0.08361149999999999,1.2485600949210538,0.6457765667574932,0.45504087193460496,0.6704961027777173,0.10707787997097261,0.04119722222222221,0.10155,uptrend,1,0,haussier,365,0,0,30,,,17.0,66.0,43.0,68.0,59.0,42.59,False,False,,0,,,,59,,,,,,,,,
SSVUSDT,SSV,Speculative,593,2.603,103663.626689,-0.459,42.98157243586393,-0.057196471223137896,2.6054999999999997,3.3440449999999977,0.9703634466273854,0.37798760696370604,0.23192682207140738,0.07658917046137087,0.6274650983010925,2.210027777777778,3.1021111111111104,macd_bearish_cross|uptrend|evening_star_4h,1,2,baissier,365,0,0,30,,,17.0,28.0,73.0,47.0,20.7,42.56,False,False,,0,,,,40,38020592,38020592,14699173.1,14699173.1,,100.0,16078223003,$16.1B,-6.28
SXTUSDT,SXT,Speculative,678,0.01241,907812.05057,0.242,30.835632056802623,-0.000183529293573783,0.0158098,0.024923449999999993,0.7400152269342073,0.4666666666666667,0.4632034632034632,0.627449164826958,0.33092998895054865,0.014121666666666668,0.02116527777777778,double_top_90d,0,1,baissier,365,0,0,30,,,17.0,28.0,68.5,57.5,34.4,42.55,False,False,,0,,,,43,32077471,61715605,2598813644.2665,5000000000.0,5000000000.0,52.0,,,
STGUSDT,STG,Speculative,824,0.1995,200815.5527,-0.746,39.52733625996512,-0.005434249188868418,0.22522799999999993,0.16465199999999997,0.9574549966739925,0.2760781422779211,0.26317729450792476,0.15509551309608535,0.26506206694483264,0.1471222222222222,0.2531055555555556,macd_bearish_cross|doji_4h,0,1,baissier,365,0,0,30,,,17.0,36.0,67.0,47.0,31.3,42.49,False,False,,0,,,,44,23409066,23409066,117806795.77633679,117806795.77633679,1000000000.0,100.0,101500630,$102M,14.51
XVGUSDT,XVG,Mid,476,0.003326,223984.993739,3.004,42.48739762694967,1.7810973950193655e-06,0.0038972800000000012,0.005575085000000005,0.7892243747355463,0.503725299643667,0.45578231292517,0.18812941383578866,0.43694238476612807,0.003333916666666667,0.005830361111111111,downtrend,0,1,baissier,365,0,0,30,,,31.0,28.0,59.5,47.0,32.7,42.43,False,False,,0,,,,41,53657844,53765176,16521951235.74134,16555000000.0,,99.8,,,
COSUSDT,COS,Speculative,,0.001268,608809.0070448,-1.169,52.41482900082709,1.576315352029432e-05,0.0012309800000000004,0.0013256350000000008,0.9559277454688575,0.5142610198789974,0.45159896283491796,0.48891783327389177,-0.002871879446254601,0.0009874722222222223,0.0017052222222222223,downtrend,0,1,baissier,365,0,0,30,,,17.0,57.0,53.5,57.5,32.7,42.38,False,False,,0,,,,52,,,,,,,,,
BANKUSDT,BANK,Speculative,998,0.0383,158888.50633,1.592,51.74074122966139,8.275987751574189e-05,0.036402,,0.9846132885578117,0.49464285714285716,0.31607142857142856,0.18164205867278788,0.04112756182160065,0.03213055555555555,0.04375000000000001,,0,0,neutre,186,0,0,30,,,12.1,45.0,62.5,47.0,50,42.18,False,False,,0,,,,54,15895287,15895287,425250000.0,425250000.0,2100000000.0,100.0,,,
ONGUSDT,ONG,Speculative,702,0.06635,110618.16367,1.67,36.86154210495064,-0.0006517594137872885,0.07716220000000003,0.08015130000000001,0.5047089563281728,0.35701788491446346,0.35478227060653195,0.16539411882554594,0.24674649235047966,0.05923027777777777,0.08898999999999999,macd_bearish_cross|downtrend|doji_4h,0,2,baissier,365,0,0,30,,,17.0,28.0,73.0,47.0,14.0,42.17,False,False,,0,,,,38,30671967,52271544,469425076.0,800000000.0,1000000000.0,58.7,,,
PIVXUSDT,PIVX,Speculative,,0.067,69718.5496,0.45,39.695222802726946,-0.0005671052498340699,0.07786799999999999,0.12886250000000005,0.7954936972274497,0.31216931216931215,0.2888888888888889,0.08348384829161345,0.5454351613237716,0.06967777777777778,0.09278888888888887,macd_bearish_cross|downtrend,0,2,baissier,365,0,0,30,,,17.0,28.0,73.0,47.0,14.0,42.17,False,False,,0,,,,38,,,,,,,,,
CTSIUSDT,CTSI,Speculative,751,0.0303,75375.38412,1.712,40.578637905515244,-0.0005220280309683758,0.0327848,0.033239950000000025,0.6979325733909617,0.30408115121490914,0.2852087756546355,0.019046724646432554,0.10037406987753737,0.022987222222222232,0.03807833333333334,,0,0,neutre,365,0,0,30,,,17.0,28.0,67.0,47.0,50,42.09,False,False,,0,,,,46,27190381,29764778,913508631.7900137,1000000000.0,1000000000.0,91.4,,,
PHAUSDT,PHA,Speculative,770,0.0317,297461.1779,1.603,42.02854788196566,-0.00042459490923715327,0.03519799999999999,0.037794,0.961477301417645,0.3822314049586777,0.3450413223140496,0.1855187164667583,0.39698479535118864,0.025277777777777777,0.041841666666666666,macd_bearish_cross|uptrend,1,1,mixte,365,0,0,30,,,17.0,28.0,68.5,47.0,40.3,42.07,False,False,,0,,,,44,26040737,31051622,838627261.7211756,1000000000.0,1000000000.0,83.9,,,
REQUSDT,REQ,Mid,494,0.0683,70998.1236,0.0,44.651021759652956,-0.00047556849491476737,0.070828,0.08932150000000005,1.4821317104360412,0.31995987963891676,0.31394182547642924,0.11478293413173653,0.3054616498597026,0.06284444444444443,0.0817833333333333,downtrend|doji_4h,0,1,baissier,365,0,0,30,,,31.0,28.0,58.0,47.0,32.7,41.87,False,False,,0,,,,41,50777529,68182874,744291192.2591633,999416740.9347086,1000000000.0,74.5,,,
METUSDT,MET,Mid,360,0.1479,244220.88944,0.0,41.560343908967894,-0.0035196038583445717,0.15218800000000002,,1.0383808840885973,0.4354982206405693,0.33941281138790036,0.13692176751609184,0.47215843374655797,0.13316666666666666,0.19769722222222222,macd_bearish_cross,0,1,baissier,186,0,0,30,,,26.1,36.0,58.0,47.0,31.3,41.84,False,False,,0,,,,43,77104930,147333649,522149737.845781,997734209.309591,1000000000.0,52.3,214410794,$214M,-7.05
ALLOUSDT,ALLO,Speculative,899,0.0858,1021518.04324,3.249,32.116465733446816,-0.002468123284522869,0.10722799999999999,,0.9551758277754823,0.37833827893175076,0.365727002967359,0.3442790619043911,0.3155763296720276,0.09418055555555556,0.12950555555555554,double_top_90d,0,1,baissier,188,0,0,30,,,12.2,27.0,68.5,68.0,34.4,41.76,False,False,,0,,,,42,19990912,68383147,230045739.6031377,786920145.6437238,1000000000.0,29.2,,,
GNSUSDT,GNS,Speculative,,0.522,127338.59989,-1.323,35.68142945063444,8.354326868711265e-05,0.6510000000000001,0.9813150000000003,0.9888410020383881,0.4350282485875706,0.4101694915254237,0.43632844619909994,0.5191881515610456,0.5539444444444444,0.8355833333333336,downtrend|doji_4h,0,1,baissier,365,0,0,30,,,17.0,28.0,68.5,47.0,32.7,41.61,False,False,,0,,,,42,,,,,,,14443966,$14M,2.38
ACEUSDT,ACE,Speculative,,0.116,424340.4191,0.87,40.356342544780375,-0.0019550765070143602,0.12188,0.19512499999999985,0.7621468168581526,0.35882352941176476,0.31764705882352945,0.2144074040283047,0.44990272723723174,0.1144444444444445,0.1621111111111111,macd_bearish_cross,0,1,baissier,365,0,0,30,,,17.0,28.0,68.5,47.0,31.3,41.53,False,False,,0,,,,42,,,,,,,,,
VANRYUSDT,VANRY,Speculative,,0.005222,163577.628912,0.134,43.828238672933686,-5.426427449456501e-05,0.00535968,0.007510524999999995,0.7244581673635907,0.37719409016289945,0.34032074756913755,0.11927441487227497,0.4127754198305234,0.004910972222222221,0.006219638888888889,macd_bearish_cross|bearish_engulfing_4h,0,2,baissier,365,0,0,30,,,17.0,28.0,68.5,47.0,31.3,41.53,False,False,,0,,,,42,,,,,,,,,
TNSRUSDT,TNSR,Speculative,,0.0384,472989.86332,1.053,41.278387126848976,-0.000535244338517732,0.04007200000000001,0.06164,0.7009211148556842,0.3339517625231911,0.28942486085343233,0.22076510468493396,0.28593376823441125,0.0373611111111111,0.05011388888888889,macd_bearish_cross|uptrend,1,1,mixte,365,0,0,30,,,17.0,28.0,67.0,47.0,40.3,41.51,False,False,,0,,,,44,,,,,,,,,
FIDAUSDT,FIDA,Speculative,994,0.01645,273721.412131,1.169,42.401152887110484,-0.0002675380698481134,0.01698000000000001,0.028771899999999982,0.6844094332219438,0.3921568627450981,0.19215686274509802,0.08451543710492941,0.27177215693495427,0.014111944444444444,0.01954666666666666,macd_bearish_cross|uptrend,1,1,mixte,365,0,0,30,,,17.0,28.0,67.0,47.0,40.3,41.51,False,False,,0,,,,44,16040702,16040702,990910780.060691,990910780.060691,1000000000.0,100.0,,,
INITUSDT,INIT,Speculative,984,0.0862,232321.55449,0.701,42.82015302956797,-0.0021162007614929793,0.088802,0.09315950000000005,0.9688134782239676,0.33597883597883593,0.24074074074074078,0.04570341930691462,0.20966201734571038,0.07737222222222222,0.10431944444444441,macd_bearish_cross|uptrend,1,1,mixte,365,0,0,30,,,17.0,28.0,67.0,47.0,40.3,41.51,False,False,,0,,,,44,16530803,84517670,195589902.758667,1000000000.0,1000000000.0,19.6,,,
DOLOUSDT,DOLO,Speculative,,0.03129,117907.803608,0.805,41.84502604701807,-0.0003817676488459069,0.03342919999999999,0.04172889999999998,0.8946310529374181,0.27600387034349305,0.24310595065312054,0.05632059299431091,0.4108993647772681,0.030913611111111114,0.038680833333333324,macd_bearish_cross|downtrend,0,2,baissier,264,0,0,30,,,14.2,28.0,73.0,47.0,14.0,41.34,False,False,,0,,,,38,,,,,,,169971422,$170M,-10.11
BLURUSDT,BLUR,Mid,413,0.02358,256852.448618,0.298,40.60190516759469,-0.0005731512792034159,0.024957199999999995,0.02837625000000001,1.2398732565826598,0.31542056074766356,0.30811915887850466,0.11181446117378673,0.24642207714573638,0.018236111111111106,0.030059166666666668,uptrend,1,0,haussier,365,0,0,30,,,31.0,28.0,52.0,47.0,59.0,41.21,False,False,,0,,,,46,65320186,69980312,2800224110.017123,3000000000.0,3000000000.0,93.3,17190337,$17M,-7.15
CATIUSDT,CATI,Speculative,851,0.0528,232489.39091,-1.859,41.69207541056617,-0.0016954945015619097,0.053446,0.05423000000000001,0.8593862173589161,0.26050420168067234,0.26050420168067234,0.23948415223817762,0.21018480640203696,0.03884444444444445,0.062483333333333335,macd_bearish_cross,0,1,baissier,365,0,0,30,,,17.0,28.0,67.0,47.0,31.3,40.97,False,False,,0,,,,42,22074892,52712305,418780624.57,1000000000.0,1000000000.0,41.9,,,
HFTUSDT,HFT,Speculative,,0.0141,190082.03371,0.0,41.88876061522223,-0.00023345805410125703,0.014505999999999996,0.02367299999999999,0.6688627568470745,0.35555555555555557,0.22222222222222215,0.09824572469107377,0.29355595814936836,0.012916666666666667,0.01661944444444444,macd_bearish_cross,0,1,baissier,365,0,0,30,,,17.0,28.0,67.0,47.0,31.3,40.97,False,False,,0,,,,42,,,,,,,,,
PONDUSDT,POND,Speculative,,0.0015,152430.98843,-3.226,15.992053121967189,-6.267152374467622e-05,0.00219,0.003285899999999998,0.7505359468851274,0.42748091603053434,0.42748091603053434,0.5467157215274924,0.5583764126342021,0.0019513888888888888,0.002513333333333333,,0,0,neutre,365,0,0,30,,,17.0,19.0,68.5,47.0,50,40.94,False,False,,0,,,,50,,,,,,,,,
NILUSDT,NIL,Speculative,854,0.04981,1104031.44568,2.871,49.99701667590092,-0.00133897279610826,0.0425148,0.07197820000000006,2.9624255993859436,0.4782467532467532,0.4601731601731601,0.6625540801386816,0.1690665134221614,0.03346722222222222,0.06012777777777778,macd_bearish_cross|uptrend,1,1,mixte,365,0,0,30,,,17.0,66.0,41.5,68.0,40.3,40.91,False,False,,0,,,,54,21949989,48949907,448417374.996,1000000000.0,,44.8,,,
MLNUSDT,MLN,Speculative,,2.56,1332136.53952,1.587,40.95620896565561,-0.04563536638180209,3.0912000000000006,4.219649999999999,1.714684783543912,0.4326424870466321,0.33419689119170987,2.419237585854661,0.4086207721780545,2.8947222222222226,3.783333333333333,macd_bearish_cross,0,1,baissier,365,0,0,30,,,17.0,55.0,47.5,68.0,31.3,40.51,False,False,,0,,,,51,,,,,,,86818096,$87M,-4.46
IDUSDT,ID,Speculative,,0.0303,212189.7898,0.331,40.56736963738385,-0.00028980240425221723,0.032254,0.05666350000000002,0.6583714183800616,0.4117647058823529,0.4078431372549019,0.12092178954874906,0.6808938965698265,0.030577777777777784,0.04577777777777777,macd_bearish_cross|downtrend,0,2,baissier,365,0,0,30,,,17.0,28.0,68.5,47.0,14.0,40.49,False,False,,0,,,,38,,,,,,,,,
HEMIUSDT,HEMI,Speculative,,0.00766,549586.7776,-1.161,45.90903609517039,-8.875729365293483e-05,0.007746600000000001,0.013806450000000003,1.1498785978950625,0.4644230769230769,0.2625,0.2715209662344562,0.3412976784223915,0.006540555555555558,0.00966222222222222,macd_bearish_cross|double_top_90d|uptrend,1,2,baissier,237,0,0,30,,,13.5,37.0,62.5,57.5,24.7,40.4,False,False,,0,,,,45,,,,,,,38531601,$39M,-6.17
MBOXUSDT,MBOX,Speculative,,0.0113,946648.11209,0.893,39.54356155955431,-5.5460501878231154e-05,0.012537999999999995,0.024860000000000007,0.8284823891011649,0.45893719806763283,0.45893719806763283,0.19767569850517452,0.13635486348322454,0.011663888888888889,0.020063888888888888,rsi_bullish_divergence|macd_bearish_cross,1,1,mixte,365,0,0,30,,,17.0,28.0,62.5,57.5,35.4,40.38,False,False,,0,,,,42,,,,,,,,,
YBUSDT,YB,Speculative,888,0.1078,1173300.73035,1.89,39.822832503976905,-0.0016580773381128398,0.117862,0.27106000000000013,0.9145883552937005,0.47357180993059267,0.4249866524292578,0.18924428073444916,0.2696853186115838,0.108525,0.1702,macd_bearish_cross|uptrend,1,1,mixte,215,0,0,30,,,12.9,28.0,62.5,68.0,40.3,40.29,False,False,,0,,,,43,20493476,77983361,192834787.5194134,733789841.3382462,1000000000.0,26.3,156010447,$156M,-4.26
SOLVUSDT,SOLV,Speculative,,0.00422,513952.92582,1.442,46.33962985627416,-5.5841610368490054e-05,0.004279599999999999,0.009413500000000005,1.4585599933357554,0.3792486583184258,0.24686940966010734,0.15901554015402208,0.05055029426889942,0.003373333333333334,0.0051308333333333345,macd_bearish_cross|uptrend,1,1,mixte,365,0,0,30,,,17.0,37.0,56.5,57.5,40.3,40.15,False,False,,0,,,,48,,,,,,,502526562,$503M,-3.59
BICOUSDT,BICO,Speculative,971,0.0243,155442.802205,1.674,44.966191033076726,-0.00032795325916477766,0.024502000000000003,0.036015000000000005,1.0191221600072007,0.25746268656716415,0.19,0.21138845373877074,0.5431702960081385,0.020122222222222222,0.027213888888888885,macd_bearish_cross|uptrend,1,1,mixte,365,0,0,30,,,17.0,28.0,62.5,47.0,40.3,39.83,False,False,,0,,,,43,17046843,23740479,718049656.9789356,1000000000.0,1000000000.0,71.8,,,
BARDUSDT,BARD,Mid,352,0.2504,243039.54415,-0.989,29.882456507741622,0.0020104758897560096,0.30222,0.6739750000000002,0.5728076655329836,0.8523075111843655,0.8523075111843655,0.055028509998194315,0.39438055605788813,0.2739388888888889,1.1432694444444447,downtrend,0,1,baissier,242,0,0,30,,,27.6,19.0,59.5,47.0,32.7,39.71,False,False,,0,,,,44,78238012,250612251,312187500.0,1000000000.0,1000000000.0,31.2,775695380,$776M,-3.65
币安人生USDT,币安人生,Mid,121,0.4154,7064084.14895,3.514,57.92445252050033,-0.005264676061294327,0.2896879999999999,,1.8401381070088954,0.5766045548654245,0.13377787038966446,0.10677922837145773,0.08347260194988426,0.048666666666666664,0.4230027777777777,uptrend,1,0,haussier,131,0,0,30,,,24.6,45.0,37.0,78.5,59.0,39.47,False,False,,0,,,,52,415186464,415186464,1000000000.0,1000000000.0,1000000000.0,100.0,,,
REDUSDT,RED,Speculative,502,0.1303,345802.22555,-1.063,41.38592079723551,-0.0019156092189972797,0.13804000000000002,0.19927699999999995,0.6648758587408813,0.43750000000000006,0.35276532137518685,0.13275419165957003,0.24716661340592114,0.11219166666666669,0.17627777777777776,macd_bearish_cross,0,1,baissier,365,0,0,30,,,17.0,28.0,62.5,47.0,31.3,39.29,False,False,,0,,,,41,49754105,128328060,387710257.0,1000000000.0,1000000000.0,38.8,,,
BROCCOLI714USDT,BROCCOLI714,Speculative,,0.01437,475173.84416,-1.033,38.64704497277979,-0.0005930941245826311,0.015358200000000002,0.015874700000000005,1.4107112532591395,0.33069029850746273,0.33069029850746273,0.07968943992173842,0.4237484900622038,0.012060555555555554,0.01846111111111111,uptrend,1,0,haussier,365,0,0,30,,,17.0,28.0,58.0,47.0,59.0,39.28,False,False,,0,,,,47,,,,,,,,,
DYMUSDT,DYM,Speculative,,0.0225,1997656.94708,0.897,50.338910609431714,0.00012636048132212935,0.020638,0.05282200000000003,1.5106818333529541,0.634989200863931,0.5161987041036717,0.677076973803136,0.3270864651963199,0.017947222222222222,0.04016944444444445,uptrend,1,0,haussier,365,0,0,30,,,17.0,66.0,34.0,68.0,59.0,39.24,False,False,,0,,,,57,,,,,,,,,
SANTOSUSDT,SANTOS,Speculative,965,1.078,520429.11354,2.569,41.17278013515112,-0.01573289190276747,1.1524999999999999,1.5666549999999992,0.7557183019070183,0.49846782431052095,0.44943820224719094,0.33020477888692445,0.28850119846811884,1.0251388888888888,1.5926944444444444,macd_bearish_cross|double_top_90d,0,2,baissier,365,0,0,30,,,17.0,28.0,62.5,57.5,15.7,39.2,False,False,,0,,,,37,17228864,32113738,16094854.291549,30000000.0,,53.6,,,
SAGAUSDT,SAGA,Speculative,,0.02273,7942290.455315,0.398,49.53885547839976,0.00048262290940220343,0.0234054,0.04779535000000002,2.8064305623634933,0.5109195402298851,0.48575305291723203,6.213021488092609,0.19737446219147697,0.017729166666666664,0.034995555555555544,uptrend,1,0,haussier,365,0,0,30,,,17.0,64.0,32.5,78.5,59.0,39.14,False,False,,3,⚡ Volume ×6.2 vs médiane,,6.21,65,,,,,,,,,
ZKPUSDT,ZKP,Speculative,,0.0717,357622.93446,0.844,39.23177653087919,-0.0020754637009187367,0.07672999999999999,,1.2405171558928998,0.2976694915254237,0.28328328328328334,0.15062506690118657,0.3139006554722856,0.06915277777777779,0.09257222222222222,downtrend,0,1,baissier,131,0,0,30,,,10.6,36.0,62.5,47.0,32.7,38.99,False,False,,0,,,,44,,,,,,,,,
HYPERUSDT,HYPER,Speculative,625,0.1115,681439.82472,5.787,50.75219998281456,-0.0013823462854458805,0.10305999999999998,0.11744049999999998,2.0623754484284036,0.3393977415307402,0.30426599749058963,0.44457979645134327,0.2121606748067209,0.08516944444444444,0.12235833333333335,doji_4h,0,0,neutre,365,0,0,30,,,17.0,57.0,41.5,57.5,50,38.94,False,False,,0,,,,54,35518398,84794175,338174017.0,807333335.0000001,1000000000.0,41.9,133790572,$134M,-0.64
PORTOUSDT,PORTO,Speculative,,0.776,145116.89786,-0.129,31.287341919811254,-0.004719848567985727,0.9194000000000001,1.023765,0.6582047880884976,0.36393713813068657,0.358974358974359,0.24668231863037443,0.5786923010738139,0.8277777777777777,1.1278055555555557,macd_bearish_cross|downtrend,0,2,baissier,365,0,0,30,,,17.0,19.0,68.5,47.0,14.0,38.78,False,False,,0,,,,35,,,,,,,,,
GTCUSDT,GTC,Speculative,,0.102,409915.5639,4.082,49.12144542414255,-0.0010134883010184557,0.09400000000000003,0.11807500000000004,2.5148414919885553,0.42696629213483145,0.42696629213483145,0.5527737432150316,0.15738670624951806,0.07680555555555559,0.11919444444444445,macd_bearish_cross,0,1,baissier,365,0,0,30,,,17.0,66.0,41.5,47.0,31.3,38.69,False,False,,0,,,,52,,,,,,,,,
TSTUSDT,TST,Speculative,978,0.01803,979015.861019,-3.686,52.079576639807605,-0.0005532584572806132,0.0132836,0.013671800000000007,2.8440428593081655,0.3077513430544896,0.3077513430544896,0.26675485311584735,0.266310248983622,0.008344722222222222,0.02001444444444444,macd_bearish_cross|uptrend,1,1,mixte,365,0,0,30,,,17.0,57.0,41.5,57.5,40.3,38.36,False,False,,0,,,,51,16825246,16825246,942230397.1986927,942230397.1986927,1000000000.0,100.0,,,
MITOUSDT,MITO,Speculative,,0.04591,994681.06578,-1.923,44.30507625625026,-0.002442239074815008,0.044821799999999995,0.058897049999999986,1.7246831722169478,0.4454634384935192,0.4397163120567376,0.891781530362996,0.23085410494295594,0.03579527777777778,0.05788194444444445,macd_bearish_cross|uptrend|doji_4h,1,1,mixte,262,0,0,30,,,14.2,57.0,41.5,57.5,40.3,37.52,False,False,,0,,,,48,,,,,,,,,
AVNTUSDT,AVNT,Speculative,531,0.1406,888203.65047,2.032,43.007844602322066,-0.0021649855926908156,0.14360200000000006,0.2596560000000001,1.138424848468261,0.4068040249161476,0.3263057019645424,0.14959158884548052,0.5423189014799067,0.1306111111111111,0.18397777777777774,macd_bearish_cross|bearish_engulfing_4h,0,2,baissier,245,0,0,30,,,13.7,28.0,58.0,57.5,31.3,37.48,False,False,,0,,,,40,44741956,139662578,320357512.6538477,1000000000.0,1000000000.0,32.0,46356641,$46M,-1.91
PIXELUSDT,PIXEL,Speculative,,0.0073,748417.294778,-0.137,39.87573106793569,-0.00013809942002082157,0.007752399999999998,0.008778949999999999,0.6852653461903918,0.5665976535541752,0.49620427881297446,0.12059065928224519,0.21295866592072032,0.005065277777777778,0.010520277777777778,macd_bearish_cross|uptrend,1,1,mixte,365,0,0,30,,,17.0,28.0,53.5,57.5,40.3,37.32,False,False,,0,,,,42,,,,,,,,,
ALICEUSDT,ALICE,Speculative,,0.1313,307327.788088,0.536,41.87389017617888,-0.002840848073836962,0.13330799999999998,0.16466099999999997,1.2818931966411562,0.31523178807947017,0.19878048780487814,0.10709749370413668,0.10870241896806444,0.1054666666666667,0.16125833333333334,downtrend,0,1,baissier,365,0,0,30,,,17.0,28.0,56.5,47.0,32.7,37.14,False,False,,0,,,,40,,,,,,,,,
PROMUSDT,PROM,Speculative,671,1.741,493797.13402,0.23,42.87627155870434,-0.061830781615857644,1.6952600000000004,4.368349999999999,1.7604047194260648,0.31789023521026377,0.2766045548654244,0.2116287303808351,0.17451236740444942,1.003638888888889,2.2298055555555556,downtrend,0,1,baissier,365,0,0,30,,,17.0,48.0,46.0,47.0,32.7,37.03,False,False,,0,,,,45,32535073,34317816,18250000.0,19250000.0,19250000.0,94.8,,,
FARMUSDT,FARM,Speculative,,8.38,873160.39331,-6.264,24.338752389440103,-0.4172016935170616,11.5284,15.648600000000005,1.177981278678299,0.3946800862688713,0.3946800862688713,0.7078108857487663,0.4195859531245283,10.730555555555554,13.637500000000003,macd_bearish_cross,0,1,baissier,365,0,0,30,,,17.0,19.0,58.0,57.5,31.3,36.74,False,False,,0,,,,43,,,,,,,12387250,$12M,-1.18
THEUSDT,THE,Speculative,,0.0957,360819.9344,0.0,39.93739375793211,-0.0003419549031478306,0.10312800000000003,0.18303900000000004,0.7901091316015064,0.6676086188625927,0.6616036736135641,0.1275597890901778,0.31381668302605,0.09799444444444444,0.279288888888889,macd_bearish_cross|bearish_engulfing_4h,0,2,baissier,365,0,0,30,,,17.0,28.0,55.0,47.0,31.3,36.5,False,False,,0,,,,40,,,,,,,1936962,$2M,-8.26
PORTALUSDT,PORTAL,Speculative,,0.00914,212434.148079,2.697,37.24638921021734,-0.00025154287022364553,0.0102638,0.0160032,1.4304671681697971,0.45615227736233854,0.37729435757987767,0.20417669919839457,0.23094582606701688,0.008723055555555559,0.014191666666666665,,0,0,neutre,365,0,0,30,,,17.0,28.0,52.0,47.0,50,36.5,False,False,,0,,,,44,,,,,,,,,
HIGHUSDT,HIGH,Speculative,,0.187,547870.857311,-3.109,44.76104447161204,-0.005309421519096592,0.18602,0.19689999999999983,3.215242196660784,0.4140127388535032,0.40445859872611467,0.3471805494675053,0.1408565824598141,0.12255555555555556,0.2605555555555556,downtrend,0,1,baissier,365,0,0,30,,,17.0,48.0,41.5,57.5,32.7,36.2,False,False,,0,,,,44,,,,,,,,,
DUSDT,D,Speculative,,0.01371,1508077.55151,4.497,53.80967994586961,-0.00013367599102497084,0.011818600000000004,0.012318650000000009,1.9113559702148235,0.602001906577693,0.34652049571020016,0.20268997383112838,0.05882308304917132,0.006078333333333333,0.01551694444444445,macd_bearish_cross|uptrend,1,1,mixte,365,0,0,30,,,17.0,57.0,32.5,68.0,40.3,35.85,False,False,,0,,,,50,,,,,,,,,
PHBUSDT,PHB,Speculative,,0.086,7194337.8118,10.256,39.0745180903346,-0.0038992232809127807,0.10400000000000002,0.20772500000000002,2.3345462722355816,0.5636363636363637,0.48484848484848486,2.7504180651989287,0.11133531615297602,0.0897222222222222,0.1600833333333334,macd_bearish_cross,0,1,baissier,365,0,0,30,,,17.0,55.0,32.5,78.5,31.3,35.77,False,False,,0,,,,48,,,,,,,,,
ESPUSDT,ESP,Speculative,622,0.06837,560963.27799,-0.509,42.81294498550368,8.18157803766157e-05,0.0737186,,0.7916572818194272,0.6274085179632406,0.6202454328391359,0.1398048038536032,-0.01507160101859931,0.06740805555555555,0.12661166666666668,,0,0,neutre,95,0,0,30,,,9.6,36.0,49.0,57.5,50,35.55,False,False,,0,,,,46,35549145,245166518,520550000.0,3590000000.0,,14.5,,,
MANTRAUSDT,MANTRA,Speculative,508,0.00974,822974.78502,-0.103,37.43412147334561,-4.539290919561886e-05,0.010588600000000002,,0.579948701108103,0.5973377703826955,0.5948419301164725,0.11010928245021062,,0.010060000000000001,0.017494999999999997,macd_bearish_cross|evening_star_4h,0,2,baissier,75,0,0,30,,,9.1,36.0,55.5,57.5,11.6,35.5,False,False,,0,,,,37,48981415,69639268,5048857350.182074,7178206862.40771,10000000000.0,70.3,,,
LUMIAUSDT,LUMIA,Speculative,,0.1012,553070.500908,-4.528,39.47226417932595,-0.0053771835914773235,0.11000800000000002,0.10459950000000007,1.6135084436255174,0.46320804658549497,0.46320804658549497,0.17797992807704316,0.23941223918681123,0.06046944444444444,0.14721666666666666,uptrend,1,0,haussier,365,0,0,30,,,17.0,36.0,41.5,57.5,59.0,35.5,False,False,,0,,,,47,,,,,,,,,
STOUSDT,STO,Speculative,983,0.0731,1317583.50793,0.412,35.48597594018797,-0.0003060752836748469,0.116006,0.10230099999999995,0.7797875944302618,0.8368667708100871,0.8368667708100871,0.06493222033873375,0.045827340107484724,0.05814444444444443,0.20718333333333336,macd_bearish_cross,0,1,baissier,365,0,0,30,,,17.0,36.0,43.0,68.0,31.3,35.23,False,False,,0,,,,40,16667581,73968555,225333333.0,1000000000.0,1000000000.0,22.5,,,
ENSOUSDT,ENSO,Speculative,963,0.842,976386.34657,0.718,39.7374718263234,-0.010857113592846971,0.9128200000000001,1.005725,0.943003260400418,0.7071161048689139,0.6850187265917603,0.15956311299436748,0.07510308019124189,0.8401944444444444,1.6691111111111114,macd_bearish_cross,0,1,baissier,216,0,0,30,,,12.9,28.0,49.0,57.5,31.3,33.89,False,False,,0,,,,39,17293380,83989220,20590000.0,100000000.0,127339703.0,20.6,,,
SYSUSDT,SYS,Speculative,,0.00588,3160938.80899,-3.13,29.54535916989971,-0.00038924816509985634,0.0096648,0.01586360000000001,1.7574000001803398,0.5762962962962963,0.5644444444444444,2.90711188762073,0.33985060555373603,0.008431388888888886,0.012370000000000003,macd_bearish_cross,0,1,baissier,365,0,0,30,,,17.0,46.0,34.0,68.0,31.3,33.78,False,False,,0,,,,52,,,,,,,,,
RESOLVUSDT,RESOLV,Speculative,,0.0308,494852.73554,0.654,43.1575560138249,0.00030922911124362353,0.034184,0.069604,0.83818761770154,0.7685881370091896,0.7426900584795322,0.11761235306323413,0.04593782517687068,0.02992222222222222,0.08199166666666666,,0,0,neutre,341,0,0,30,,,16.3,28.0,43.0,47.0,50,32.96,False,False,,0,,,,42,,,,,,,34037888,$34M,-41.01
NFPUSDT,NFP,Speculative,,0.01142,301757.26957,-0.696,37.66862283564335,-0.0002832685626074558,0.014069,0.021388050000000006,1.7655584686997488,0.34742857142857153,0.34742857142857153,0.344079406973457,0.3748026375690794,0.01278722222222222,0.017140555555555558,double_top_90d|downtrend,0,2,baissier,365,0,0,30,,,17.0,28.0,47.5,47.0,17.2,32.86,False,False,,0,,,,35,,,,,,,,,
LAUSDT,LA,Speculative,820,0.1225,360818.41451,-2.468,27.382233547666516,-0.0011474424473205784,0.15842199999999998,0.26598949999999993,0.6972204161847791,0.5084134615384615,0.5084134615384615,0.33891807323826884,0.32662002458909584,0.1406916666666667,0.24607500000000002,macd_bearish_cross|double_top_90d|downtrend|doji_4h,0,3,baissier,313,0,0,30,,,15.6,19.0,55.0,47.0,0,32.49,False,False,,0,,,,36,23571873,122134055,193000000.0,1000000000.0,,19.3,,,
SIGNUSDT,SIGN,Speculative,684,0.01385,514627.60607,-1.773,24.154730863872203,0.00032568012930615266,0.0223516,0.033450000000000014,0.5803087509489387,0.7562268150503445,0.7562268150503445,0.13153163281265415,0.01508006645041777,0.015581666666666669,0.04933138888888889,downtrend|evening_star_4h,0,2,baissier,365,0,0,30,,,17.0,10.0,53.5,57.5,13.1,32.27,False,False,,0,,,,36,31725121,137735692,2303333333.0,10000000000.0,10000000000.0,23.0,,,
ROBOUSDT,ROBO,Speculative,536,0.02094,1488178.23588,9.691,49.64715582226368,-2.881884036678268e-05,0.020124999999999997,,1.4625630183003544,0.631578947368421,0.5267695099818512,0.08267555070850516,,0.017876999999999997,0.04030766666666666,macd_bearish_cross|doji_4h,0,1,baissier,75,0,0,30,,,9.1,45.0,34.5,68.0,31.3,31.41,False,False,,0,,,,45,44326268,198683405,2231000000.0,10000000000.0,10000000000.0,22.3,,,
ATAUSDT,ATA,Speculative,,0.0058,1873935.0696,-1.695,23.045541839030093,-0.0005681303544363327,0.009411999999999998,0.015023500000000006,1.5323921580043611,0.5503875968992248,0.5503875968992248,6.684290771253356,0.31156486970165076,0.008113888888888886,0.012125000000000002,macd_bearish_cross|double_top_90d,0,2,baissier,365,0,0,30,,,17.0,37.0,34.0,68.0,15.7,31.13,False,False,,3,⚡ Volume ×6.7 vs médiane,,6.68,50,,,,,,,,,
NOMUSDT,NOM,Speculative,,0.00229,581814.5482,0.881,38.83205955698999,1.7586328924794673e-05,0.0035220000000000013,0.006904,1.0564165110452703,0.7234299516908211,0.7234299516908211,0.15488225383907545,0.19661597944668685,0.0023425,0.00612611111111111,downtrend|evening_star_4h,0,2,baissier,229,0,0,30,,,13.3,28.0,38.5,57.5,13.1,28.99,False,False,,0,,,,33,,,,,,,,,
OPNUSDT,OPN,Speculative,816,0.1685,535330.7927,3.248,43.19893417296825,-0.0019261777638946397,0.18043199999999998,,1.4459481842408801,0.5834013605442177,0.5412244897959183,0.022557137514377146,,0.15982068965517243,0.3256724137931035,macd_bearish_cross,0,1,baissier,74,0,0,30,,,9.0,36.0,34.5,57.5,31.3,28.85,False,False,,0,,,,39,23844522,167878878,142034080.26,1000000000.0,1000000000.0,14.2,7854418,$8M,-1.54
EDUUSDT,EDU,Speculative,657,0.0453,819558.0965,0.667,42.05412779815244,-0.0002260932023894121,0.04928200000000002,0.11621600000000006,2.4171320862688273,0.6731517509727626,0.6474708171206225,0.21536928081161247,0.25000459010447557,0.04475555555555557,0.11474444444444444,macd_bearish_cross|uptrend|doji_4h,1,1,mixte,365,0,0,30,,,17.0,28.0,28.0,57.5,40.3,27.82,False,False,,0,,,,38,33614865,44382366,757392361.0,1000000000.0,,75.7,,,
KATUSDT,KAT,Speculative,897,0.00862,1531242.28457,2.741,42.86910694808421,-0.0001632591324290919,0.0100394,,3.1822467193588957,0.6513131313131314,0.6513131313131314,0.04266295375132637,,0.008192499999999998,0.014699583333333335,,0,0,neutre,61,0,0,30,,,8.7,36.0,24.0,68.0,50,26.8,False,False,,0,,,,42,20099765,85823078,2342000000.0,10000000000.0,10000000000.0,23.4,,,
GUNUSDT,GUN,Speculative,759,0.0136,564715.53256,-1.235,41.24657196474544,-8.650800926552553e-05,0.015749,0.018611900000000004,1.9611519639943755,0.5676105631562203,0.5676105631562203,0.08788989739107994,0.09352098583054066,0.014304444444444446,0.027848611111111105,rsi_bullish_divergence|macd_bearish_cross|downtrend,1,2,baissier,365,0,0,30,,,17.0,28.0,28.0,57.5,18.2,26.5,False,False,,0,,,,32,26556091,135343477,1962125704.0,10000000000.0,10000000000.0,19.6,,,
USD1USDT,USD1,Etabli,23,1.0003,78775102.6357,-0.02,61.14864169508765,6.717415621180784e-05,0.9997540000000004,0.9998144999999997,0.0035515743926533313,0.0015993602558975759,9.996001599359155e-05,0.1860228592363752,-0.07349409287154482,0.9984361111111109,1.0002527777777777,macd_bullish_cross|support_bounce|resistance_test,2,1,haussier,361,0,0,30,,,44.9,57.0,94.0,78.5,58.7,69.0,False,True,,0,,,,64,4513883788,4513883788,4514456374.426303,4514456374.426303,,100.0,,,
USDCUSDT,USDC,Etabli,6,1.00022,578828879.99453,-0.004,58.01627345137767,2.331289006300397e-05,0.9999054,1.0002088500000001,0.0021946294713394315,0.0011992804317409343,0.00037977213671779427,0.14861765846890826,-0.14698455232599644,0.9995199999999996,1.0004224999999995,resistance_test,0,1,baissier,365,0,0,30,,,45.0,57.0,94.0,78.5,45.6,68.24,False,True,,0,,,,61,76970182311,76968688221,76981636724.50462,76980142412.60979,,100.0,,,
XUSDUSDT,XUSD,Mid,475,1.0004,6184364.8288,0.02,56.055418486443386,2.3408149999005503e-05,0.9999460000000007,1.0002965000000008,0.0047433391456316535,0.00149880095923256,0.00039968025579531974,0.6291723673653882,0.005407733924495028,0.999577777777778,1.0026805555555556,doji_4h,0,0,neutre,365,0,0,30,,,31.0,66.0,94.0,78.5,50,66.05,False,True,,0,,,,65,53899060,53899060,53913176.001,53913176.001,,100.0,,,
USDEUSDT,USDE,Etabli,25,1.0006,601006.2411,0.02,66.29548557075768,0.00011486464809872633,0.9996320000000002,0.9995704999999995,0.004458339908012181,0.0010997800439911916,0.0,0.01884841441770537,0.08787022768687211,0.999130555555555,1.0001999999999995,rsi_bearish_divergence|support_bounce|resistance_test|doji_4h,1,2,baissier,251,0,0,30,,,41.9,64.0,94.0,57.5,28.9,65.96,False,True,,0,,,,56,4348907403,4348907403,4348663709.497661,4348663709.497661,,100.0,33158108,$33M,-3.65
FDUSDUSDT,FDUSD,Mid,124,0.9982,57355451.4891,0.0,38.39651686018787,-9.411684819448584e-05,0.9990519999999996,0.9989650000000004,0.005204365817910331,0.0025981812731087598,0.002498251224143047,1.200624939127617,0.40545603843169714,0.9985111111111108,1.005958333333333,rsi_bullish_divergence|macd_bearish_cross|doji_4h,1,1,mixte,365,0,0,30,,,31.0,54.0,100.0,78.5,35.4,65.13,False,True,,0,,,,56,393576192,393576192,394464715.500216,394464715.500216,,100.0,,,
TUSDUSDT,TUSD,Mid,105,0.9998,38529.0509,-0.01,54.005060115551444,4.283435743806076e-05,0.9992819999999996,0.9985524999999998,0.012831203474340412,0.003394907638542256,0.001697453819271128,0.05093352947696152,0.15071074194462702,0.9982000000000002,1.0010166666666667,resistance_test|doji_4h,0,1,baissier,365,0,0,30,,,31.0,73.0,94.0,47.0,45.6,64.6,False,True,,0,,,,66,494198390,494198390,494515083.0,494515083.0,,100.0,,,
UUSDT,U,Etabli,68,1.0001,13870479.6477,-0.01,56.21256440205399,1.5120925764615484e-05,0.9999340000000001,,0.002971729058085156,0.001199160587588556,0.000499650244828565,0.2948389414864847,-0.11152288627055472,0.9995361111111111,1.0004638888888886,rsi_bearish_divergence|resistance_test|doji_4h,0,2,baissier,125,0,0,30,,,38.4,45.0,94.0,78.5,24.7,62.76,False,True,,0,,,,52,1027388146,1027388146,1027858682.01,1027858682.01,,100.0,,,
RLUSDUSDT,RLUSD,Etabli,55,1.0002,7733590.0256,-0.03,51.29789759911578,1.4299964367969683e-06,1.0000540000000004,,0.003136269056065107,0.0009994003597840195,0.0003997601439136078,0.04441733625725401,-0.09898813047258852,0.9995916666666671,1.0005722222222218,resistance_test|evening_star_4h,0,2,baissier,116,0,0,30,,,38.2,45.0,94.0,78.5,25.9,62.75,False,True,,0,,,,53,1545452803,1545452803,1545684707.097322,1545684707.097322,,100.0,,,
BFUSDUSDT,BFUSD,Etabli,61,0.9994,717307.7092,-0.01,47.67950292011695,-4.916538743774288e-06,0.9994440000000001,0.9995205000000018,0.0025339593596861165,0.0008001600320064242,0.0004000800160032676,0.15382335812495831,-0.1757792747877544,0.9990444444444441,0.9996055555555556,rsi_bullish_divergence|resistance_test,1,1,mixte,278,0,0,30,,,42.6,37.0,94.0,57.5,49.7,62.3,False,True,,0,,,,56,1318674120,1318674120,1320000000.0,1320000000.0,,100.0,,,
EURIUSDT,EURI,Mid,442,1.1617,394274.14072,0.009,36.978693021605245,-0.001842718808783852,1.1685299999999998,1.1679474999999997,0.04673953536505945,0.037796338479709736,0.0199105711634186,0.04971180454827278,0.4119830193894479,1.1486361111111114,1.1800805555555558,macd_bearish_cross|golden_cross|resistance_test|downtrend,1,3,baissier,365,0,0,30,,,31.0,36.0,100.0,47.0,23.6,58.48,False,True,,0,,,,47,59184141,59184141,50968703.99990108,50968703.99990108,,100.0,,,
USDPUSDT,USDP,Speculative,560,1.0001,55103.9069,-0.03,53.188242021542365,3.4034529439836176e-05,0.9999239999999997,1.0000709999999995,0.0034429906466342517,0.0014991005396761403,0.0004997001798920098,0.29715570072603203,0.10585240384273709,0.9994333333333336,1.0004749999999993,resistance_test|uptrend|doji_4h,1,1,mixte,365,0,0,30,,,17.0,57.0,94.0,47.0,54.6,57.93,False,True,,0,,,,63,40542197,40542197,40569459.93027243,40569459.93027243,,100.0,,,
EURUSDT,EUR,Speculative,,1.162,11091310.06952,0.009,37.21068455729382,-0.0018273536994589327,1.168612,1.1681714999999995,0.046678775326060046,0.037802717070289385,0.019492025989368087,0.06604082158057217,0.3974394924375858,1.1489222222222222,1.180152777777778,macd_bearish_cross|golden_cross|resistance_test|doji_4h,1,2,baissier,365,0,0,30,,,17.0,36.0,100.0,78.5,39.4,57.78,False,True,,0,,,,51,,,,,,,,,
USDSUSDT,USDS,Etabli,12,1.0001,84876.0094,0.0,63.566379897921564,-5.583527744973079e-07,,,0.002134053365541279,0.00029999999999996696,0.0,0.03241773091128349,,0.9962133333333332,1.0008199999999998,rsi_bearish_divergence|macd_bearish_cross|doji_4h,0,2,baissier,39,0,0,30,,,36.1,45.0,90.0,47.0,10.4,57.19,False,True,,0,,,,48,11192522393,11192522393,11195999181.3336,11195999181.3336,,100.0,,,
KGSTUSDT,KGST,Speculative,,0.01144,29577.89955,0.175,55.36464492746793,2.0733961175026045e-06,0.011410199999999999,,0.038231202857201836,0.009606986899563382,0.0017467248908297746,0.10197113456324168,0.17746505123366116,0.01134972222222222,0.011457777777777782,macd_bullish_cross|support_bounce|resistance_test,2,1,haussier,145,0,0,30,,,11.0,45.0,94.0,47.0,58.7,54.1,False,True,,0,,,,61,,,,,,,,,
AEURUSDT,AEUR,Speculative,,1.1472,6261.67988,-0.252,34.49836610656229,-0.002250933303671798,1.1587739999999997,1.1614115000000003,0.06840875323884493,0.03717219723330208,0.026393957396248755,0.1243482490938864,0.4356962692327119,1.140536111111111,1.1747027777777777,doji_4h,0,0,neutre,365,0,0,30,,,17.0,19.0,100.0,47.0,50,52.67,False,True,,0,,,,49,,,,,,,,,
FRAXUSDT,FRAX,Mid,163,0.4295,97830.30306,-0.163,37.350902316203275,-0.00647670334506173,0.45015600000000006,,0.6181879436877022,0.4500630340383807,0.39837512256618574,0.0849461346550699,0.25283911374659707,0.4120138888888889,0.6537527777777776,macd_bearish_cross,0,1,baissier,123,0,0,30,,,24.4,36.0,62.5,47.0,31.3,43.0,False,True,,0,,,,43,273965788,273965788,275847684.0102677,275847684.0102677,,100.0,68067968,$68M,-7.56
