symbol,base,tier,rank_mcap,price,vol_24h_usd,change_24h_pct,rsi_14,macd_hist,ma_50,ma_200,vol_30d_ann,drawdown_90d,dist_to_high_90d,vol_ratio_vs_med90,corr_btc_90d,support_90d,resistance_90d,patterns,bull_signals,bear_signals,bias,age_days,n_red_flags,audit_score,team_score,github_commits_30d,github_contrib_90d,score_solidity,score_momentum,score_risk,score_antiscam,score_signal,score,score_quality,alpha_vs_btc,vs_btc_label,suspect,stablecoin,categories,catalyst_score,catalyst_flags,trending_rank,vol_spike_ratio,bull_prob_7d,exit_risk,exit_label,exit_reasons,market_cap,fdv,circulating_supply,total_supply,max_supply,circ_ratio_pct,tvl,tvl_fmt,tvl_change_7d
BANKUSDT,BANK,Mid,232,0.2813,96082568.54637,-26.554,64.23015769542249,0.01715973859310651,0.090124,0.051674000000000025,3.5702513444776787,0.4358974358974359,0.25388464577297865,7.638720577584744,0.1759829942888328,0.03267777777777778,0.18175277777777774,,0,0,neutre,258,0,0,30,,,28.1,100.0,46.0,78.5,50,76,50.51,29,🟢 Surperforme BTC,False,False,,3,⚡ Volume ×7.6 vs médiane,,7.64,76,0,,,115680794,115680794,425250000.0,425250000.0,2100000000.0,100.0,,,
VANAUSDT,VANA,Speculative,532,1.195,12967443.76591,2.487,51.31433619326231,-0.0011015665878841112,1.1535399999999998,1.4534050000000005,0.598797691022652,0.39481268011527376,0.3100864553314121,6.350437837814426,0.4221378062498971,1.080833333333333,1.5954722222222224,macd_bearish_cross|uptrend,1,1,mixte,365,0,0,30,,,17.0,84.0,79.0,78.5,30.6,72,43.5,25,🟢 Surperforme BTC,False,False,,3,⚡ Volume ×6.3 vs médiane,,6.35,72,3,,MACD cross baissier,36992496,144126608,30800000.0,120000000.0,120000000.0,25.7,,,
DIAUSDT,DIA,Speculative,959,0.1219,6326704.01201,-39.353,58.65294959595413,0.0038490215570606166,0.111426,0.17619800000000005,1.096181803903383,0.5416281221091582,0.43293246993524515,11.27957199008443,0.5712697740236158,0.10146388888888888,0.20091111111111112,,0,0,neutre,365,0,0,30,,,17.0,84.0,49.0,78.5,50,72,42.86,25,🟢 Surperforme BTC,False,False,,3,⚡ Volume ×11.3 vs médiane,,11.28,72,0,,,14345451,20235950,119676104.0,168817248.0,200000000.0,70.9,,,
VANRYUSDT,VANRY,Speculative,,0.004991,4675943.638739,26.772,52.0920242870889,-0.00014161957002018595,0.004352580000000002,0.005419950000000003,2.402218523967616,0.5363522406769038,0.33003079394831975,12.684735502510835,0.25303149325862445,0.0031535000000000005,0.006388666666666667,,0,0,neutre,365,0,0,30,,,17.0,84.0,32.5,68.0,50,69,39.5,22,🟢 Surperforme BTC,False,False,,3,⚡ Volume ×12.7 vs médiane,,12.68,69,1,,,,,,,,,,,
QIUSDT,QI,Speculative,,0.00118,1225314.761727,-2.56,49.3912454908391,1.4991711083173312e-05,0.0012121999999999999,0.0017619500000000004,1.4767644336111365,0.461025641025641,0.39641025641025635,6.632831240519757,0.4204975905440017,0.0011134166666666662,0.0018724999999999996,,0,0,neutre,365,0,0,30,,,17.0,64.0,58.0,68.0,50,67,38.63,20,🟢 Surperforme BTC,False,False,,3,⚡ Volume ×6.6 vs médiane,,6.63,67,0,,,,,,,,,144994977,$145M,-4.73
KAITOUSDT,KAITO,Mid,130,1.1798,15386011.68054,1.488,70.08612336041658,0.02769774202784664,0.6689039999999998,0.48001999999999995,1.396067739230925,0.21361058601134222,0.08480757293606453,1.9396243205634418,0.24502656064247372,0.43695555555555565,0.9237249999999998,uptrend,1,0,haussier,365,0,0,30,,,31.0,91.0,73.0,78.5,50,66,52.61,19,🟢 Surperforme BTC,False,False,,0,,,,66,0,,,281541895,1166341567,241388889.0,1000000000.0,1000000000.0,24.1,,,
EULUSDT,EUL,Speculative,544,1.492,9929694.71223,-19.395,57.07270517477572,0.0841795802599609,1.0687000000000004,1.2110150000000006,2.5611414074852785,0.45629820051413883,0.35019624945486266,6.537277182760755,0.35465127639036037,0.9206666666666666,1.5566388888888891,downtrend,0,1,baissier,289,0,0,30,,,14.9,84.0,47.5,78.5,26.9,66,40.28,19,🟢 Surperforme BTC,False,False,,3,⚡ Volume ×6.5 vs médiane,,6.54,66,0,,,40770869,40770869,27182818.28459,27182818.28459,27182818.0,100.0,334609523,$335M,7.98
ESPUSDT,ESP,Mid,448,0.07213,8005885.35221,-19.273,49.217163188133846,0.0009321055243689817,0.0691398,,1.8743927932830753,0.3443666454487588,0.3443666454487588,4.141525624901158,0.29839731599479163,0.06116333333333333,0.07832055555555555,,0,0,neutre,167,0,0,30,,,25.6,72.0,41.5,78.5,50,65,45.55,18,🟢 Surperforme BTC,False,False,,2,⚡ Volume ×4.1 vs médiane,,4.14,65,0,,,46409077,259677322,644341641.424393,3601379682.0,,17.9,,,
APEUSDT,APE,Mid,188,0.1545,3245039.781697,0.325,57.61961936438964,-9.929118234634445e-05,0.141778,0.13343650000000004,0.7675449037887938,0.3483835005574136,0.1360089186176143,0.5448291579247406,0.1953769523027478,0.12591666666666662,0.1643583333333333,uptrend,1,0,haussier,365,0,0,30,,,31.0,82.0,67.0,68.0,50,65,48.8,18,🟢 Surperforme BTC,False,False,,0,,,,65,3,,Volume ×0.5 (épuisement),155571940,155571940,1000000000.0,1000000000.0,1000000000.0,100.0,,,
GPSUSDT,GPS,Mid,482,0.00932,268571.485108,1.194,51.1883810224194,-4.40416668633908e-05,0.0090754,0.008499999999999997,0.9788145203011918,0.23638470451911936,0.13996316758747704,0.13100248096571257,0.18789413378774336,0.006895277777777776,0.009860833333333336,,0,0,neutre,365,0,0,30,,,31.0,73.0,79.0,47.0,50,65,43.68,18,🟢 Surperforme BTC,False,False,,0,,,,65,3,,Volume ×0.1 (épuisement),93227673,93227673,10000000000.0,10000000000.0,10000000000.0,100.0,26044573,$26M,-1.71
LAUSDT,LA,Speculative,,0.0664,23867802.1589,-9.166,53.97766045352824,0.0021874350435166384,0.064406,0.16211000000000012,1.2838668027591582,0.6800766283524904,0.5759897828863346,8.261759987173146,0.40911500827662284,0.05637777777777778,0.14202777777777778,downtrend|doji_4h,0,1,baissier,365,0,0,30,,,17.0,84.0,44.5,78.5,26.9,65,41.21,18,🟢 Surperforme BTC,False,False,,3,⚡ Volume ×8.3 vs médiane,,8.26,65,0,,,,,,,,,,,
DODOUSDT,DODO,Speculative,815,0.01894,3249177.495434,8.477,49.67250128477356,-0.0003238124250008821,0.017993000000000002,0.017064549999999998,1.9112078094145317,0.3785166240409208,0.2721324095458045,1.3159274482097714,0.1502146108735617,0.015395277777777779,0.022460833333333333,uptrend,1,0,haussier,365,0,0,30,,,17.0,91.0,46.0,68.0,50,65,41.15,18,🟢 Surperforme BTC,False,False,,0,,,,65,1,,,18950655,18950655,1000000000.0,1000000000.0,1000000000.0,100.0,11973526,$12M,-1.6
TLMUSDT,TLM,Speculative,,0.001755,2446012.576825,5.342,49.89011144662484,-3.3643128345807014e-05,0.0015227799999999994,0.0017186750000000009,3.372900458387971,0.5956730769230769,0.4778146694838515,2.007853592123492,0.3505069320592166,0.0009452500000000001,0.0024163055555555552,,0,0,neutre,365,0,0,30,,,17.0,84.0,38.5,68.0,50,65,39.86,18,🟢 Surperforme BTC,False,False,,0,,,,65,1,,,,,,,,,,,
SHIBUSDT,SHIB,Etabli,33,4.66e-06,11982016.28039538,-6.8,54.646724633683704,9.362934229726388e-08,4.4798e-06,5.804099999999997e-06,0.7775249167380983,0.3782148260211801,0.2965204236006051,1.4690637169468577,0.6025735601066879,4.167777777777778e-06,6.308333333333334e-06,doji_4h,0,0,neutre,365,0,0,30,,,45.0,75.0,73.0,78.5,50,64,58.16,17,🟢 Surperforme BTC,False,False,,0,,,,64,0,,,2734429844,4640521739,589240106744103.8,589496824793608.9,,100.0,,,
MORPHOUSDT,MORPHO,Etabli,57,1.969,1054297.92133,0.974,49.21675113930477,-0.011326496252500779,1.9507199999999998,1.7513199999999998,0.753137981308243,0.2668151447661471,0.12527765437583288,0.2683914975229479,0.426777229887547,1.733555555555555,2.2036666666666673,,0,0,neutre,299,0,0,30,,,43.2,73.0,73.0,68.0,50,64,54.58,17,🟢 Surperforme BTC,False,False,,0,,,,64,3,,Volume ×0.3 (épuisement),1292934394,1972790034,655383680.6956228,1000000000.0,1000000000.0,65.5,7490577238,$7.5B,-0.7
ACHUSDT,ACH,Speculative,,0.00406,4861580.98532,-2.169,35.18809515087685,8.379885995971965e-06,0.004625599999999998,0.006769649999999997,0.42992114196358916,0.5375000000000001,0.5375000000000001,7.409049620265177,0.43368772960913404,0.004243055555555557,0.008006666666666665,rsi_bullish_divergence,1,0,haussier,365,0,0,30,,,17.0,55.0,65.5,68.0,56.6,64,38.39,17,🟢 Surperforme BTC,False,False,,3,⚡ Volume ×7.4 vs médiane,,7.41,64,0,,,,,,,,,,,
TUTUSDT,TUT,Speculative,,0.01332,791633.34865,-16.75,50.77114765918053,1.1505622148944971e-05,0.011654000000000003,0.011445199999999996,1.0658123868928233,0.32461103253182466,0.18198642813078345,0.8431253975438083,0.2129731159322216,0.0097625,0.01425833333333333,golden_cross,1,0,haussier,365,0,0,30,,,17.0,82.0,56.5,57.5,52.2,64,38.45,17,🟢 Surperforme BTC,False,False,,0,,,,64,0,,,,,,,,,,,
TRXUSDT,TRX,Etabli,8,0.326,35822016.36242,-1.718,47.1602850865267,-1.632693027397937e-05,0.32493800000000006,0.316619,0.17710978666326674,0.16054313099041526,0.1320553780617678,0.33366384233065327,0.5345669362727853,0.31880833333333336,0.35937222222222226,macd_bearish_cross,0,1,baissier,365,0,0,30,,,45.0,73.0,95.5,78.5,30.6,63,58.11,16,🟢 Surperforme BTC,False,False,,0,,,,63,5,⚠️ Surveiller,Volume ×0.3 (épuisement)|MACD cross baissier,30901136686,30901142773,94885059856.90329,94885062960.49878,,100.0,,,
ONDOUSDT,ONDO,Etabli,41,0.3901,13325298.34584,-5.818,57.88317602654557,0.0032278164151975097,0.34703,0.3146315,0.8621433301171262,0.3172459597077706,0.13681647110914316,0.22972465022800065,0.2973819710349858,0.3016805555555555,0.4228638888888889,uptrend,1,0,haussier,365,0,0,30,,,45.0,73.0,67.0,78.5,50,63,57.56,16,🟢 Surperforme BTC,False,False,,0,,,,63,2,,Volume ×0.2 (épuisement),1896138072,3894042548,4869330647.0,10000000000.0,10000000000.0,48.7,2541086553,$2.5B,-0.66
JSTUSDT,JST,Etabli,73,0.10321,2360647.158582,-1.263,63.2551675026106,-0.0001284258740926218,0.09101539999999997,0.0701435,0.3364365830677804,0.2377463626044783,0.016295025728988024,0.22987854251357037,0.0842916868186599,0.07834055555555555,0.10116694444444445,resistance_test,0,1,baissier,365,0,0,30,,,45.0,73.0,94.0,68.0,32.7,63,55.77,16,🟢 Surperforme BTC,False,False,,0,,,,63,5,⚠️ Surveiller,Volume ×0.2 (épuisement)|Près du plus haut 90j (résistance),845002694,845002694,8188743036.341737,8188743036.341737,9900000000.0,100.0,3273865643,$3.3B,-0.95
DGBUSDT,DGB,Mid,335,0.00377,3163396.759615,3.288,58.85957271268926,7.385537771871257e-05,0.0027796000000000006,0.003915049999999996,1.594658780315347,0.40155440414507776,0.13084112149532703,4.537161787287844,0.1921622705283144,0.002412777777777778,0.003933333333333332,double_top_90d|uptrend,1,1,mixte,365,0,0,30,,,31.0,84.0,46.0,68.0,23.6,63,46.19,16,🟢 Surperforme BTC,False,False,,2,⚡ Volume ×4.5 vs médiane,,4.54,63,2,,Double sommet,67961070,67962133,18400754016.521637,18401070438.49145,21000000000.0,100.0,,,
RUNEUSDT,RUNE,Mid,191,0.442,1766464.6397,2.315,60.23595149741475,0.0007013922804764219,0.40998000000000007,0.44674500000000067,0.3953402277201596,0.48966613672496023,0.2957074721780604,0.5116097308226786,0.4475367436488749,0.36986111111111103,0.5491944444444444,,0,0,neutre,365,0,0,30,,,31.0,66.0,83.5,68.0,50,63,47.87,16,🟢 Surperforme BTC,False,False,,0,,,,63,2,,Volume ×0.5 (épuisement),149854071,156901802,338187980.0,354093096.0,354093096.0,95.5,54620069,$55M,-2.87
REZUSDT,REZ,Speculative,734,0.002683,7011104.9814155,3.232,51.666620311156,5.653015567121331e-05,0.002862060000000001,0.003715635000000001,0.464437455042187,0.6623733719247468,0.6121562952243126,6.853499095996582,0.44713219582292274,0.0024972777777777775,0.005838611111111112,support_bounce|squeeze_breakout|downtrend,2,1,haussier,365,0,0,30,,,17.0,64.0,65.5,78.5,29.4,63,40.22,16,🟢 Surperforme BTC,False,False,,3,⚡ Volume ×6.8 vs médiane,,6.85,63,0,,,23231708,26367673,8647354122.293533,9814629224.12962,10000000000.0,88.1,90712966,$91M,-5.62
SAPIENUSDT,SAPIEN,Speculative,790,0.0795,1992240.55117,-2.334,51.46592864244039,0.0007098790043929248,0.078208,0.08982550000000006,0.7189319527072832,0.4795321637426901,0.41812865497076024,1.2471367086073268,0.3692442520303621,0.07341666666666667,0.1183916666666667,uptrend,1,0,haussier,265,0,0,30,,,14.3,75.0,68.5,68.0,50,63,39.11,16,🟢 Surperforme BTC,False,False,,0,,,,63,0,,,79547299,79547299,1000000000.0,1000000000.0,1000000000.0,100.0,,,
GTCUSDT,GTC,Speculative,,0.07343,670464.085345,4.885,58.1770341413758,0.0008920309670931493,0.0721652,0.09201630000000005,0.6978440590999626,0.6292134831460674,0.5863483146067415,1.5537060148301125,0.2709000469854123,0.06715888888888889,0.11338888888888891,squeeze_breakout,1,0,haussier,365,0,0,30,,,17.0,84.0,49.0,57.5,50,63,38.11,16,🟢 Surperforme BTC,False,False,,0,,,,63,0,,,,,,,,,,,
ENSUSDT,ENS,Mid,173,4.29,1491168.2625,-5.714,45.08012540462408,0.01278600602970013,4.484599999999999,6.054849999999996,0.5522374723761923,0.4492557510148849,0.42083897158322053,1.9509666231770593,0.6693039003072607,4.133611111111112,6.719444444444443,uptrend,1,0,haussier,365,0,0,30,,,31.0,64.0,79.0,68.0,50,62,47.36,15,🟢 Surperforme BTC,False,False,,0,,,,62,0,,,175989750,428944054,41028602.15143092,100000000.0,100000000.0,41.0,,,
1INCHUSDT,1INCH,Mid,233,0.0833,762369.82514,-5.233,61.145588416420445,0.0008255638389985231,0.07382000000000002,0.093785,0.5661993883046638,0.36948176583493286,0.2053742802303263,0.5182533275371578,0.7471248553803568,0.06881388888888891,0.09762777777777779,double_bottom_90d,1,0,haussier,365,0,0,30,,,31.0,66.0,75.5,57.5,50,62,45.01,15,🟢 Surperforme BTC,False,False,,0,,,,62,2,,Volume ×0.5 (épuisement),116391751,124210914,1405573965.7275033,1499999999.997,1500000000.0,93.7,2585378,$3M,-2.99
SSVUSDT,SSV,Speculative,589,2.205,584464.559357,-2.992,60.05017987207753,0.030339003437710288,2.12592,2.722010000000002,0.3732861927930414,0.3855721393034826,0.31374378109452744,0.5504254021900145,0.4905977799281775,1.9841666666666664,2.8784722222222228,uptrend,1,0,haussier,365,0,0,30,,,17.0,66.0,79.0,57.5,50,62,37.75,15,🟢 Surperforme BTC,False,False,,0,,,,62,2,,Volume ×0.6 (épuisement),32395937,32395937,14699173.1,14699173.1,,100.0,9296884723,$9.3B,-1.42
PUMPUSDT,PUMP,Etabli,76,0.002052,25124330.956314,0.146,64.11056578116788,2.749290183599309e-05,0.0015827400000000002,0.0018933249999999984,1.1345068677111045,0.4523483812129503,0.0629274965800274,0.7273265604812889,0.4590048026769584,0.0013758055555555557,0.0020127500000000006,uptrend,1,0,haussier,321,0,0,30,,,43.8,66.0,67.0,78.5,50,61,56.08,14,🟢 Surperforme BTC,False,False,,0,,,,61,0,,,812814621,1729226563,397577904435.4882,845829116808.1104,1000000000000.0,47.0,234564087,$235M,-4.29
DEXEUSDT,DEXE,Mid,194,3.201,60926423.39399,18.512,29.575478862922893,-3.3196450495697056,22.094939999999998,11.620345,8.037455719073282,0.9651687270297361,0.9331356498496493,49.850387362404085,-0.01718440278838928,8.104333333333335,33.84152777777778,,0,0,neutre,365,0,0,30,,,31.0,54.0,22.0,78.5,50,61,45.11,14,🟢 Surperforme BTC,False,False,,3,⚡ Volume ×49.9 vs médiane,,49.85,61,1,,,305906681,305906681,96504599.33609451,96504599.33609451,,100.0,,,
XECUSDT,XEC,Mid,215,6.49e-06,1546217.4603504,0.776,49.246187218030755,-1.1557098337860418e-07,5.8902e-06,7.3035e-06,1.689635530756821,0.4287369640787949,0.25429553264604804,5.278999200716282,0.1667872842083117,5.1175e-06,8.13027777777778e-06,macd_bearish_cross|uptrend|evening_star_4h,1,2,baissier,365,0,0,30,,,31.0,84.0,46.0,68.0,10.1,61,45.38,14,🟢 Surperforme BTC,False,False,,3,⚡ Volume ×5.3 vs médiane,,5.28,61,5,⚠️ Surveiller,Étoile du soir 4h|MACD cross baissier,130044986,130045614,20061817172580.0,20061920297580.0,21000000000000.0,100.0,,,
SKLUSDT,SKL,Speculative,729,0.00385,1079508.28736,0.26,46.14025525733899,-2.036909040145887e-05,0.0039726,0.00626815,1.1798389840733423,0.5368139223560909,0.48460508701472554,2.417224193429042,0.4764854216407873,0.003588333333333333,0.00698,uptrend,1,0,haussier,365,0,0,30,,,17.0,64.0,49.0,68.0,50,61,38.09,14,🟢 Surperforme BTC,False,False,,0,,,,61,1,,,23304992,24301929,6094019337.0,6354708164.569789,7000000000.0,95.9,,,
UNIUSDT,UNI,Etabli,38,3.736,12250674.93589,-4.303,58.675116604983536,-0.010080737250673183,3.22102,3.5566349999999987,0.6559411438095876,0.40010015022533807,0.06609914872308469,0.3249576114608358,0.5330118612419916,2.614416666666666,3.7830277777777774,uptrend,1,0,haussier,365,0,0,30,,,45.0,57.0,77.5,78.5,50,60,56.27,13,🟢 Surperforme BTC,False,False,,0,,,,60,3,,Volume ×0.3 (épuisement),2337824550,3336869310,625111561.5538775,892246420.0329479,1000000000.0,70.1,1427352106,$1.4B,-6.06
METUSDT,MET,Mid,270,0.1705,1083780.02236,-0.176,55.83527908255796,0.001449462330147127,0.14944599999999997,0.17032799999999998,1.2079011123200463,0.4645019262520639,0.11377870563674315,0.6549090401509345,0.40786920538847116,0.10964166666666667,0.17963055555555557,,0,0,neutre,258,0,0,30,,,28.1,66.0,62.5,68.0,50,60,45.04,13,🟢 Surperforme BTC,False,False,,0,,,,60,0,,,91559846,169876264,537758240.236704,997733887.104971,1000000000.0,53.9,174704190,$175M,-2.28
KAVAUSDT,KAVA,Mid,427,0.04516,287628.156023,-0.572,48.4501138802448,8.879432129547646e-05,0.04506419999999999,0.05651730000000006,0.27673813862682595,0.3875605104884846,0.337391814581194,0.19672973057276794,0.4897919204047978,0.042855833333333336,0.0639852777777778,,0,0,neutre,365,0,0,30,,,31.0,57.0,79.0,47.0,50,60,41.76,13,🟢 Surperforme BTC,False,False,,0,,,,60,2,,Volume ×0.2 (épuisement),48852585,48852585,1082847006.0,1082847006.0,,100.0,,,
GMXUSDT,GMX,Mid,329,6.59,176288.44756,-3.655,55.50315121174705,0.029588082873017896,5.9534,6.5116999999999985,0.5401459681301262,0.30668414154652685,0.1389252948885976,0.31420647993539197,0.557719097617802,5.44138888888889,7.298888888888887,double_bottom_90d|uptrend,2,0,haussier,365,0,0,30,,,31.0,57.0,83.5,47.0,50,60,42.03,13,🟢 Surperforme BTC,False,False,,0,,,,60,2,,Volume ×0.3 (épuisement),68699552,68699552,10449753.63109009,10449753.63109009,13250000.0,100.0,175439342,$175M,-1.76
NILUSDT,NIL,Speculative,830,0.037,9174728.86614,-14.864,51.48886782121347,0.0005122110790757655,0.03657300000000002,0.0474716,0.8342421358386173,0.641991341991342,0.5987012987012986,1.0753441678265412,0.21991323861232348,0.03387333333333334,0.06978666666666666,double_bottom_90d,1,0,haussier,365,0,0,30,,,17.0,75.0,49.0,78.5,50,60,41.78,13,🟢 Surperforme BTC,False,False,,0,,,,60,0,,,18594073,36685915,506844999.996,1000000000.0,,50.7,,,
ENSOUSDT,ENSO,Speculative,881,0.831,2440611.90096,5.86,69.95263246838088,0.008668981561827566,0.67704,0.9553050000000003,0.5440089386197058,0.44685039370078733,0.18208661417322838,1.368315040262272,0.4131092775459548,0.5898888888888888,0.9386111111111108,uptrend,1,0,haussier,288,0,0,30,,,14.9,66.0,83.5,68.0,50,60,39.27,13,🟢 Surperforme BTC,False,False,,0,,,,60,0,,,16940138,82273619,20590000.0,100000000.0,127339703.0,20.6,,,
BROCCOLI714USDT,BROCCOLI714,Speculative,,0.01262,676412.82606,-2.699,52.04190172637312,4.154086043858848e-05,0.012473400000000006,0.014558599999999994,0.5771031987149392,0.4134975897161221,0.32244242099625064,0.2441371181158072,0.5076667030319955,0.011560555555555558,0.017550555555555555,macd_bullish_cross|doji_4h,1,0,haussier,365,0,0,30,,,17.0,57.0,79.0,57.5,50,60,36.67,13,🟢 Surperforme BTC,False,False,,0,,,,60,2,,Volume ×0.2 (épuisement),,,,,,,,,
BEAMXUSDT,BEAMX,Speculative,,0.001514,282125.493749,-6.37,48.84782701968624,-2.461964059456803e-06,0.0014878000000000003,0.0019531399999999995,0.7714338794994314,0.3956095282578235,0.2877160205511443,0.3559639879902858,0.46877643868019175,0.0013703333333333332,0.0019879166666666673,bullish_engulfing_4h,1,0,haussier,365,0,0,30,,,17.0,57.0,73.0,47.0,53.2,60,34.12,13,🟢 Surperforme BTC,False,False,,0,,,,60,3,,Volume ×0.4 (épuisement),,,,,,,,,
BTTCUSDT,BTTC,Speculative,,2.6e-07,248960.77655385,-3.704,48.04775507857354,-1.6221474418037066e-10,2.6860000000000017e-07,3.2044999999999956e-07,0.4346454485067595,0.2571428571428571,0.2285714285714285,0.6296868363589835,0.4592830780715444,2.5916666666666653e-07,3.3055555555555566e-07,rsi_bullish_divergence|macd_bearish_cross,1,1,mixte,365,0,0,30,,,17.0,66.0,83.5,47.0,37.2,60,34.88,13,🟢 Surperforme BTC,False,False,,0,,,,60,3,,MACD cross baissier,,,,,,,,,
LTCUSDT,LTC,Etabli,27,46.44,10810544.13612,-1.359,53.717905564482855,0.028658923574181427,44.5058,53.714899999999986,0.36646109032214175,0.32285288763859005,0.23117656792983615,0.19950231751354686,0.7363244295187582,42.183611111111105,56.90777777777779,doji_4h,0,0,neutre,365,0,0,30,,,45.0,57.0,75.5,78.5,50,59,56.15,12,🟢 Surperforme BTC,False,False,,0,,,,59,2,,Volume ×0.2 (épuisement),3589134003,3589138638,77433066.48600882,77433235.23642947,84000000.0,100.0,,,
PLUMEUSDT,PLUME,Mid,324,0.01136,1308543.63387,-8.461,55.24451810024925,0.00011573875882238356,0.010588,0.011777949999999995,0.6886195013849966,0.39397821909032676,0.27033952594490707,0.26479301502699193,0.4457847722156984,0.009821944444444444,0.014255555555555558,uptrend,1,0,haussier,345,0,0,30,,,30.5,57.0,73.0,68.0,50,59,45.86,12,🟢 Surperforme BTC,False,False,,0,,,,59,2,,Volume ×0.3 (épuisement),70455492,113970428,6181909938.0,10000000000.0,10000000000.0,61.8,,,
EWYBUSDT,EWYB,Speculative,,152.48,5178004.34443,-9.631,34.66619040127085,0.7165125389210019,,,0.7239552966004855,0.28139897106716383,0.28139897106716383,5.230808809548223,,160.42857142857142,201.6992857142857,breakdown_30d|rsi_bullish_divergence|doji_4h,1,1,mixte,36,0,0,30,,,8.0,54.0,63.0,78.5,36.4,59,34.48,12,🟢 Surperforme BTC,False,False,,3,⚡ Volume ×5.2 vs médiane,,5.23,59,0,,,,,,,,,,,
UMAUSDT,UMA,Speculative,591,0.358,3022736.8502,0.0,40.76526332040207,0.0004027553271458567,0.38514,0.46421999999999974,0.33278976223385587,0.35519125683060115,0.3460837887067396,16.091050102374812,0.6086046364473247,0.3634722222222221,0.4906388888888889,bearish_engulfing_4h,0,1,baissier,365,0,0,30,,,17.0,55.0,79.0,68.0,27.9,59,37.48,12,🟢 Surperforme BTC,False,False,,3,⚡ Volume ×16.1 vs médiane,,16.09,59,2,,Engloutissement baissier 4h,32316647,46159844,90462559.84628412,129213206.241313,,70.0,,,
BNTUSDT,BNT,Speculative,630,0.2764,223872.30211,-3.323,51.326900938573154,0.0004700907914558679,0.27036600000000005,0.3069725,0.4155973056478287,0.2936781609195402,0.2057471264367816,0.20399401784276644,0.754787692682982,0.25859722222222226,0.34058611111111115,uptrend,1,0,haussier,365,0,0,30,,,17.0,57.0,75.5,47.0,50,59,34.08,12,🟢 Surperforme BTC,False,False,,0,,,,59,2,,Volume ×0.2 (épuisement),29707197,29707197,107476502.71248,107476502.71248,110542364.6372305,100.0,17266391,$17M,-1.61
ORDIUSDT,ORDI,Mid,310,3.505,2736145.80159,-6.508,48.87998915529327,-0.006626514213452894,3.4261999999999997,3.4735549999999993,0.9816753712321288,0.47805224808956814,0.3772880753509863,0.3100388268477031,0.3530144221936229,3.0956388888888893,4.962611111111112,uptrend,1,0,haussier,365,0,0,30,,,31.0,57.0,68.5,68.0,50,58,45.89,11,🟢 Surperforme BTC,False,False,,0,,,,58,3,,Volume ×0.3 (épuisement),73585987,73585987,21000000.0,21000000.0,,100.0,,,
CVXUSDT,CVX,Mid,219,1.362,792716.935839,-2.014,58.926700428263416,0.017345013313537053,1.2395399999999999,1.6826549999999996,0.7570214147576385,0.4575664621676892,0.30316973415132925,0.4875280211627263,0.6854220803292466,1.1389444444444445,1.8088055555555553,uptrend,1,0,haussier,365,0,0,30,,,31.0,57.0,68.5,57.5,50,58,43.51,11,🟢 Surperforme BTC,False,False,,0,,,,58,2,,Volume ×0.5 (épuisement),136312704,136317669,99978084.11704777,99981731.7914235,100000000.0,100.0,603765697,$604M,20.64
XVSUSDT,XVS,Mid,436,2.74,231866.7439,-3.86,50.09855472298306,-0.007194955764497246,2.6436,3.0242,0.4889211489347487,0.20486111111111108,0.07432432432432425,0.41316831781288915,0.5123041554822668,2.4244444444444446,2.8483333333333327,macd_bearish_cross,0,1,baissier,365,0,0,30,,,31.0,57.0,100.0,47.0,30.6,58,41.86,11,🟢 Surperforme BTC,False,False,,0,,,,58,5,⚠️ Surveiller,Volume ×0.4 (épuisement)|MACD cross baissier,46105993,81343803,16859646.187071256,29745107.918202892,30000000.0,56.7,1024448923,$1.0B,-2.74
HFTUSDT,HFT,Speculative,,0.009884,1055669.0334219,-1.554,59.096314453248354,0.00014381236652870943,0.009345979999999999,0.014718994999999992,1.172715904179792,0.5517241379310345,0.4308620689655172,0.7059932755833531,0.44458758026871087,0.008614805555555558,0.015266666666666666,,0,0,neutre,365,0,0,30,,,17.0,66.0,49.0,68.0,50,58,38.33,11,🟢 Surperforme BTC,False,False,,0,,,,58,0,,,,,,,,,,,
TURTLEUSDT,TURTLE,Speculative,,0.0385,208453.78892,-3.99,60.46851628574802,0.000572336258966012,0.03530400000000001,0.04369900000000002,0.68806383991569,0.4234875444839858,0.31494661921708184,0.31479452372550754,0.5851164225908597,0.033405555555555556,0.05206666666666665,,0,0,neutre,280,0,0,30,,,14.7,57.0,68.5,47.0,50,58,32.42,11,🟢 Surperforme BTC,False,False,,0,,,,58,2,,Volume ×0.3 (épuisement),,,,,,,,,
PEPEUSDT,PEPE,Etabli,59,2.82e-06,19263523.37399689,-4.73,51.424722070696326,6.165086476367429e-09,2.7208000000000003e-06,3.6247000000000044e-06,0.7131694625992112,0.47165532879818595,0.36281179138321995,0.252627805941348,0.713005700031841,2.501388888888889e-06,4.087777777777777e-06,,0,0,neutre,365,0,0,30,,,45.0,57.0,60.5,78.5,50,57,55.25,10,🟢 Surperforme BTC,False,False,,0,,,,57,2,,Volume ×0.3 (épuisement),1182737632,1182737632,420690000000000.0,420690000000000.0,420690000000000.0,100.0,,,
ENAUSDT,ENA,Etabli,77,0.0835,13768573.89207,-7.222,49.80339277607641,0.00026013434175778806,0.08233799999999998,0.109423,0.7464502621221867,0.4599092284417549,0.3676248108925871,0.19970794805057035,0.2708887844837705,0.07613333333333333,0.11731388888888891,double_bottom_90d,1,0,haussier,365,0,0,30,,,45.0,57.0,62.5,78.5,50,57,55.37,10,🟢 Surperforme BTC,False,False,,0,,,,57,2,,Volume ×0.2 (épuisement),801612588,1257637007,9560937500.0,15000000000.0,15000000000.0,63.7,3928421038,$3.9B,-2.38
CRVUSDT,CRV,Mid,118,0.2095,2452626.35793,-0.143,50.18330039369757,-0.0005367221720012013,0.2118940000000001,0.243928,0.5690559955302026,0.3525230987917555,0.25230987917555076,0.5340144524702809,0.5524581006688107,0.1927611111111111,0.2552027777777778,uptrend|doji_4h,1,0,haussier,365,0,0,30,,,31.0,46.0,83.5,68.0,50,57,45.47,10,🟢 Surperforme BTC,False,False,,0,,,,57,3,,Volume ×0.5 (épuisement),324785027,506417897,1541801177.0,2404048183.10094,3030303031.0,64.1,1286451598,$1.3B,-0.94
CAKEUSDT,CAKE,Mid,105,1.371,1735201.54749,-2.141,45.2083157553284,-0.004521464377884008,1.3761400000000004,1.4649199999999996,0.35653179255895784,0.2807668521954236,0.15151515151515144,0.5265811206331953,0.6443094537346666,1.285527777777778,1.5279166666666668,,0,0,neutre,365,0,0,30,,,31.0,46.0,83.5,68.0,50,57,45.47,10,🟢 Surperforme BTC,False,False,,0,,,,57,3,,Volume ×0.5 (épuisement),442076014,458971587,322363055.28701663,334683354.5376609,400000000.0,96.3,1700697143,$1.7B,0.77
XNOUSDT,XNO,Mid,406,0.388,170707.67184,2.375,54.85048152575124,0.0037789380641974728,0.35097999999999985,0.4777100000000001,1.7902075263593622,0.37448559670781895,0.1893004115226337,0.5695077563083154,0.22146753056825244,0.3164166666666666,0.4697222222222223,,0,0,neutre,365,0,0,30,,,31.0,66.0,46.0,47.0,50,57,40.86,10,🟢 Surperforme BTC,False,False,,0,,,,57,2,,Volume ×0.6 (épuisement),52016000,52016000,133248297.0,133248297.0,133248297.0,100.0,,,
EDUUSDT,EDU,Speculative,716,0.0303,823948.6689,-10.882,47.310946309377684,0.00017956354653907982,0.030001999999999994,0.07204699999999996,0.7433525659599292,0.5270758122743682,0.45487364620938625,0.2306355990643262,0.4138981939531834,0.028236111111111115,0.050077777777777784,,0,0,neutre,365,0,0,30,,,17.0,57.0,59.5,57.5,50,57,35.5,10,🟢 Surperforme BTC,False,False,,0,,,,57,2,,Volume ×0.2 (épuisement),23951627,30247921,791843750.0,1000000000.0,1000000000.0,79.2,,,
HUMAUSDT,HUMA,Speculative,529,0.02135,260019.26212,-1.203,46.2557410520385,-1.5595494524052922e-05,0.022650999999999994,0.020406999999999998,0.7609958797926784,0.22283609576427255,0.2044198895027624,0.19617442636775712,0.3119085490005507,0.021082777777777773,0.02581194444444445,,0,0,neutre,365,0,0,30,,,17.0,45.0,85.0,47.0,50,57,33.21,10,🟢 Surperforme BTC,False,False,,0,,,,57,3,,Volume ×0.2 (épuisement),37377757,215640903,1733333333.0,10000000000.0,10000000000.0,17.3,,,
PAXGUSDT,PAXG,Etabli,44,4034.39,14785791.793017,-1.292,45.09750989339132,7.949211892748881,4106.907400000001,4613.839049999998,0.1980457426517497,0.16215881049768577,0.15198775858517494,0.25731471896280916,0.543586803421698,4014.965277777777,4645.116944444445,,0,0,neutre,365,0,0,30,,,45.0,37.0,95.5,78.5,50,56,54.95,9,🟢 Surperforme BTC,False,False,,0,,,,56,2,,Volume ×0.3 (épuisement),1791234066,1791234066,444808.071411,444808.071411,,100.0,1796903858,$1.8B,-1.64
NXPCUSDT,NXPC,Mid,297,0.2693,634985.2666,4.908,52.56172249612207,0.0042756746108617155,0.2839839999999999,0.30859699999999995,0.4175565709923389,0.43976878612716763,0.3789595375722543,0.7897069999282929,0.3041812479212104,0.2533416666666666,0.39142222222222217,morning_star_4h,1,0,haussier,365,0,0,30,,,31.0,46.0,79.0,57.5,50,56,42.82,9,🟢 Surperforme BTC,False,False,,0,,,,56,0,,,78152127,265644192,292595890.5175758,994552574.1697733,1000000000.0,29.4,,,
MSTRBUSDT,MSTRB,Speculative,,95.39,1464416.29033,0.803,47.154397920057626,-0.27794290655271936,,,0.8924431040408621,0.21082267608322203,0.11589496149206639,0.2685427168370801,,85.78071428571427,105.5942857142857,doji_4h,0,0,neutre,36,0,0,30,,,8.0,45.0,75.0,68.0,50,56,32.56,9,🟢 Surperforme BTC,False,False,,0,,,,56,3,,Volume ×0.3 (épuisement),,,,,,,,,
ONEUSDT,ONE,Speculative,837,0.00125,673749.612979,-0.794,48.82120091869818,1.7511581491610863e-05,0.0012926000000000005,0.0021826,1.0744158112871094,0.573076923076923,0.5230769230769231,1.843967503873412,0.5170197564357096,0.0011666666666666672,0.00235611111111111,,0,0,neutre,365,0,0,30,,,17.0,64.0,44.5,57.5,50,56,35.44,9,🟢 Surperforme BTC,False,False,,0,,,,56,0,,,18458763,18458764,14870211425.762915,14870212769.762915,,100.0,,,
ETHUSDT,ETH,Etabli,2,1884.66,613506091.648993,-3.879,54.66625493511458,-1.4047000906273581,1758.8476,2129.126350000002,0.4545982076177327,0.3388184390642989,0.20517275552762865,0.36727045106226525,0.8805646297494267,1613.9461111111111,2299.918055555556,macd_bearish_cross|double_bottom_90d|uptrend,2,1,haussier,365,0,0,30,,,45.0,57.0,75.5,78.5,30.6,55,54.99,8,🟢 Surperforme BTC,False,False,,0,🔥 Trending #9 sur CoinGecko,9,,55,5,⚠️ Surveiller,Volume ×0.4 (épuisement)|MACD cross baissier,227046988874,227046988874,120682600.3094177,120682600.3094177,,100.0,,,
BNBUSDT,BNB,Etabli,4,566.62,45918965.53302,-0.987,45.19035542736408,0.2932608146165885,577.1748000000002,649.75775,0.239724427972808,0.2396137685393884,0.21152294292790155,0.24897728634437355,0.7271407687536375,558.8380555555555,671.6133333333333,,0,0,neutre,365,0,0,30,,,45.0,37.0,87.5,78.5,50,55,54.47,8,🟢 Surperforme BTC,False,False,,0,,,,55,2,,Volume ×0.2 (épuisement),75419513362,75419512615,133165591.8,133165589.68,200000000.0,100.0,136579130712,$136.6B,-1.85
LINKUSDT,LINK,Etabli,18,8.32,13880578.76633,-5.347,51.26024689925299,-0.006503966496014535,7.988140000000003,9.196089999999998,0.4758236152204317,0.3282649253731344,0.2237873134328359,0.183023808888836,0.8408388756837659,7.448277777777777,10.062249999999999,macd_bearish_cross|double_bottom_90d|doji_4h,1,1,mixte,365,0,0,30,,,45.0,57.0,75.5,78.5,30.6,55,54.99,8,🟢 Surperforme BTC,False,False,,0,,,,55,5,⚠️ Surveiller,Volume ×0.2 (épuisement)|MACD cross baissier,6222430202,8317645299,748099970.424884,1000000000.0,1000000000.0,74.8,,,
PYTHUSDT,PYTH,Mid,117,0.04252,2219274.225529,-4.77,44.8955237489791,-0.0009280466082837605,0.040974000000000003,0.04647650000000004,0.7584271412326827,0.479933110367893,0.2877926421404682,0.357403515177761,0.49573808015880216,0.033441666666666654,0.0527575,rsi_bullish_divergence|uptrend,2,0,haussier,365,0,0,30,,,31.0,48.0,73.0,68.0,56.6,55,45.47,8,🟢 Surperforme BTC,False,False,,0,,,,55,3,,Volume ×0.4 (épuisement),334393395,424627521,7874981677.253654,10000000000.0,10000000000.0,78.7,,,
COTIUSDT,COTI,Speculative,585,0.01097,21019040.14778,48.243,76.25039666923266,0.0004201370341061909,0.0086556,0.012579299999999993,1.4420638519876905,0.5277234181343771,0.28571428571428575,39.050318730503186,0.23663067097509277,0.0076102777777777774,0.01442111111111111,downtrend,0,1,baissier,365,0,0,30,,,17.0,66.0,47.5,78.5,26.9,55,39.23,8,🟢 Surperforme BTC,False,False,,10,🔥 Trending #1 sur CoinGecko|⚡ Volume ×39.0 vs médiane,1,39.05,55,2,,RSI 76 (surachat),32828670,32829044,2956209003.799736,2956242654.018203,4910000000.0,100.0,,,
IOSTUSDT,IOST,Speculative,737,0.000668,645507.891433,4.212,41.95957735345192,3.903255064031914e-06,0.0007210799999999999,0.0010725900000000004,0.3037939900816973,0.4867682437850842,0.4667201283079391,2.7577099709575643,0.6546603775804354,0.0006666111111111113,0.0011261666666666664,downtrend,0,1,baissier,365,0,0,30,,,17.0,55.0,79.0,57.5,26.9,55,35.04,8,🟢 Surperforme BTC,False,False,,0,,,,55,0,,,23124600,23124600,34761723387.0,34761723387.0,90000000000.0,100.0,,,
WBETHUSDT,WBETH,Speculative,,2076.66,510459.931681,-3.901,54.672628967056035,-1.8790331627173487,1934.6678,2329.113949999999,0.44669211369104006,0.3363130428084499,0.20106684126403357,0.2171365312027259,0.8752476054423425,1773.3702777777778,2519.3169444444447,macd_bearish_cross|double_bottom_90d|uptrend,2,1,haussier,365,0,0,30,,,17.0,57.0,75.5,57.5,30.6,55,35.3,8,🟢 Surperforme BTC,False,False,,0,,,,55,5,⚠️ Surveiller,Volume ×0.2 (épuisement)|MACD cross baissier,,,,,,,,,
VELODROMEUSDT,VELODROME,Speculative,,0.01834,444426.6059,2.401,45.14219090454452,-0.00023726090379484787,0.019104999999999997,0.017072800000000006,0.8666191777539507,0.35437144335230214,0.26029055690072644,0.4938731468129507,0.5069642259995031,0.0140475,0.022230833333333342,uptrend,1,0,haussier,365,0,0,30,,,17.0,45.0,73.0,47.0,50,55,32.49,8,🟢 Surperforme BTC,False,False,,0,,,,55,3,,Volume ×0.5 (épuisement),,,,,,,,,
ALPINEUSDT,ALPINE,Speculative,,0.311,204462.8278,-0.639,46.528540270804406,0.0007351099502128419,0.32188,0.4157549999999998,0.6170109117209971,0.4255319148936171,0.40232108317214704,0.5213777823599396,0.6233996453043521,0.3058611111111111,0.4655555555555556,uptrend|doji_4h,1,0,haussier,365,0,0,30,,,17.0,46.0,68.5,47.0,50,55,32.34,8,🟢 Surperforme BTC,False,False,,0,,,,55,2,,Volume ×0.5 (épuisement),,,,,,,,,
WINUSDT,WIN,Speculative,703,2.509e-05,153975.99984066,1.785,70.48319293630567,2.2450986990004603e-07,2.0809800000000002e-05,2.1420099999999988e-05,0.5120163529323724,0.2589167767503303,0.003976143141153178,0.2164201502874871,0.556943950286136,1.7916666666666664e-05,2.3103333333333326e-05,uptrend,1,0,haussier,365,0,0,30,,,17.0,48.0,88.0,47.0,50,55,33.75,8,🟢 Surperforme BTC,False,False,,0,,,,55,4,⚠️ Surveiller,Volume ×0.2 (épuisement)|Près du plus haut 90j (résistance),24850769,24850769,993701854154.286,993701859243.3864,,100.0,,,
AVAXUSDT,AVAX,Etabli,31,6.443,11983441.73188,-2.453,45.81837313926775,0.008904837630515375,6.5689199999999985,8.901499999999997,0.5249131461051776,0.42365591397849467,0.37018572825024443,0.2010696533665147,0.6505801479270197,6.248138888888887,9.660138888888891,macd_bullish_cross|uptrend,2,0,haussier,365,0,0,30,,,45.0,37.0,79.0,78.5,50,54,53.96,7,≈ Neutre vs BTC,False,False,,0,,,,54,2,,Volume ×0.2 (épuisement),2780466014,2984404352,431771961.1772119,463441061.1772119,720000000.0,93.2,119116883,$119M,-1.65
ETHFIUSDT,ETHFI,Mid,107,0.4105,3161662.51105,-5.109,49.28724557018111,-0.005891797866329672,0.3808920000000001,0.4591779999999999,0.9667027039764609,0.38012958963282945,0.11144708423326141,0.4260487901098581,0.45028914885596205,0.31208333333333327,0.452475,macd_bearish_cross|uptrend,1,1,mixte,365,0,0,30,,,31.0,57.0,73.0,68.0,30.6,54,44.99,7,≈ Neutre vs BTC,False,False,,0,,,,54,5,⚠️ Surveiller,Volume ×0.4 (épuisement)|MACD cross baissier,399445172,409731377,973468000.0,998535999.0,1000000000.0,97.5,3267807671,$3.3B,3.97
LDOUSDT,LDO,Mid,119,0.3864,3138366.190883,-3.569,66.00555629397479,8.638741088650564e-05,0.302762,0.35308849999999964,0.7436801842892182,0.42011119168479577,0.06381435823060197,0.2692286218052128,0.5236207553597646,0.25279166666666664,0.39538611111111105,uptrend|doji_4h,1,0,haussier,365,0,0,30,,,31.0,48.0,77.5,68.0,50,54,45.35,7,≈ Neutre vs BTC,False,False,,0,,,,54,2,,Volume ×0.3 (épuisement),323670097,386997460,836362327.7060835,1000000000.0,1000000000.0,83.6,17592980299,$17.6B,-1.21
BOMEUSDT,BOME,Speculative,514,0.0005578,3054293.793306,6.532,74.85389431759717,1.657425534188908e-05,0.0004314259999999999,0.0004735515000000003,0.8643544267123224,0.38869969040247676,0.1371517027863777,1.81360217215602,0.5153804635719975,0.0003998361111111111,0.0006098944444444445,rsi_bearish_divergence|double_bottom_90d,1,1,mixte,365,0,0,30,,,17.0,75.0,73.0,68.0,21.9,54,39.16,7,≈ Neutre vs BTC,False,False,,0,,,,54,4,⚠️ Surveiller,RSI 75 (surachat)|Divergence RSI baissière,38234725,38234725,68999659569.0,68999659569.0,68999659569.0,100.0,,,
WBTCUSDT,WBTC,Speculative,,63522.8,1826766.6538621,-2.594,46.79962092657047,-104.28925740836627,63286.84600000001,71756.09219999998,0.3133880237993024,0.28535481735715956,0.2249679165033407,0.220127429363546,0.9994483850075332,60587.6886111111,79698.3561111111,macd_bearish_cross,0,1,baissier,365,0,0,30,,,17.0,57.0,69.5,68.0,30.6,54,37.31,7,≈ Neutre vs BTC,False,False,,0,,,,54,5,⚠️ Surveiller,Volume ×0.2 (épuisement)|MACD cross baissier,,,,,,,7239918755,$7.2B,-3.66
MITOUSDT,MITO,Speculative,,0.02307,485874.684747,-2.576,49.867608758672425,0.0002448858975150011,0.0229034,0.039253200000000044,0.806917368040625,0.7753729518219614,0.7166788945952556,0.17873831095814652,0.22359194448245925,0.020561944444444445,0.05768611111111112,morning_star_4h,1,0,haussier,334,0,0,30,,,16.2,57.0,43.0,47.0,50,54,31.68,7,≈ Neutre vs BTC,False,False,,0,,,,54,2,,Volume ×0.2 (épuisement),,,,,,,1157111,$1M,-1.59
LQTYUSDT,LQTY,Speculative,820,0.1903,454999.3301,-1.143,57.682236819649546,0.004812019854627116,0.18419399999999997,0.2695135000000001,0.6909731342672092,0.5422740524781341,0.4440233236151604,0.9837746288841662,0.5566276062107903,0.16828333333333328,0.3140555555555556,downtrend,0,1,baissier,365,0,0,30,,,17.0,66.0,59.5,47.0,26.9,54,32.82,7,≈ Neutre vs BTC,False,False,,0,,,,54,0,,,18869917,19107858,98754752.0263968,100000000.0,100000000.0,98.8,138254885,$138M,-2.87
QUICKUSDT,QUICK,Speculative,,0.0076,57096.81558,-4.403,46.37681535456402,-1.7728480906863963e-05,0.0075966,0.009525850000000004,0.3565171192625199,0.401213171577123,0.34055459272097055,0.1490257036024832,0.2265180168071217,0.007106111111111111,0.010723055555555557,macd_bearish_cross,0,1,baissier,365,0,0,30,,,17.0,57.0,73.0,47.0,30.6,54,32.77,7,≈ Neutre vs BTC,False,False,,0,,,,54,5,⚠️ Surveiller,Volume ×0.1 (épuisement)|MACD cross baissier,,,,,,,235888856,$236M,-5.43
AAVEUSDT,AAVE,Etabli,51,97.11,14092075.84924,-4.06,56.44613584682459,0.01584241276136833,85.5328,103.80660000000003,0.7074002293826653,0.40323054331864905,0.049437102300538535,0.28588991173995837,0.5701717538106049,67.49194444444446,98.54805555555554,macd_bullish_cross|double_top_90d|uptrend|doji_4h,2,1,haussier,365,0,0,30,,,45.0,57.0,77.5,78.5,23.6,53,54.69,6,≈ Neutre vs BTC,False,False,,0,🔥 Trending #13 sur CoinGecko,13,,53,6,⚠️ Surveiller,Volume ×0.3 (épuisement)|Près du plus haut 90j (résistance)|Double sommet,1495780087,1552254092,15417889.06538509,16000000.0,16000000.0,96.4,13750884318,$13.8B,-2.16
XAUTUSDT,XAUT,Etabli,37,4031.66,12814256.965751,-1.25,44.75525563954686,7.128365451708699,4103.2462000000005,,0.1933699523458316,0.16088334711065386,0.15197541537044157,0.32616165528078506,0.5503375886758585,4014.808333333335,4642.921388888888,,0,0,neutre,125,0,0,30,,,38.4,36.0,95.5,78.5,50,53,51.33,6,≈ Neutre vs BTC,False,False,,0,,,,53,2,,Volume ×0.3 (épuisement),2465945899,2847909026,612823.6595320001,707747.089,,86.6,2880855066,$2.9B,-0.83
PENGUUSDT,PENGU,Mid,111,0.005961,7727532.702633,-7.524,43.550407775090825,1.2073152000762825e-05,0.006363800000000003,0.007635715,0.615761929544462,0.4747374139804419,0.459978268743209,0.29362730549683064,0.7164239493829557,0.005953611111111113,0.010070833333333331,,0,0,neutre,365,0,0,30,,,31.0,28.0,60.5,78.5,50,53,44.3,6,≈ Neutre vs BTC,False,False,,5,🔥 Trending #3 sur CoinGecko,3,,53,2,,Volume ×0.3 (épuisement),374380390,473192536,62860396090.0,79451464457.7963,88888888888.0,79.1,,,
PENDLEUSDT,PENDLE,Mid,139,1.469,1898103.4998,-5.591,46.48320474288301,-0.015190607693207979,1.4318,1.458995000000001,0.6857696706037143,0.4529356943150047,0.315004659832246,0.142140979143547,0.5515472581762777,1.2471388888888888,1.9700555555555554,macd_bearish_cross|uptrend,1,1,mixte,365,0,0,30,,,31.0,57.0,68.5,68.0,30.6,53,44.72,6,≈ Neutre vs BTC,False,False,,0,,,,53,5,⚠️ Surveiller,Volume ×0.1 (épuisement)|MACD cross baissier,252977492,414874509,171666627.97053415,281527448.4585314,,61.0,1201113530,$1.2B,4.72
FFUSDT,FF,Mid,168,0.06287,1412745.038339,2.228,49.696692177275786,0.0005778413361114095,0.06591940000000002,0.07597104999999997,0.5761909299800618,0.4708817126269957,0.4296081277213352,0.49777738352106576,0.018036524868011522,0.05982138888888891,0.09800861111111113,,0,0,neutre,303,0,0,30,,,29.3,37.0,73.0,68.0,50,53,42.85,6,≈ Neutre vs BTC,False,False,,0,,,,53,2,,Volume ×0.5 (épuisement),186442490,627752492,2970000000.0,10000000000.0,10000000000.0,29.7,1254886333,$1.3B,-0.04
HOTUSDT,HOT,Mid,372,0.000332,193999.168214,-1.775,47.99006375364267,-2.595372133950589e-06,0.00032686,0.00039487,0.7465922289371361,0.3632385120350109,0.2691466083150985,0.3559126891051322,0.517721503656784,0.0002997222222222222,0.0004358888888888889,downtrend,0,1,baissier,365,0,0,30,,,31.0,57.0,73.0,47.0,26.9,53,40.02,6,≈ Neutre vs BTC,False,False,,0,,,,53,3,,Volume ×0.4 (épuisement),59104457,59104457,177619433541.1413,177619433541.1413,,100.0,,,
EPICUSDT,EPIC,Speculative,744,0.68,2099994.8565,2.379,64.53819426628209,0.02725664023013815,0.4940520000000001,0.37846799999999986,2.9991220190118373,0.5659340659340659,0.06428571428571422,0.21974530066445797,0.07380362851303456,0.26141666666666663,0.6569305555555555,downtrend,0,1,baissier,365,0,0,30,,,17.0,73.0,41.5,68.0,26.9,53,37.33,6,≈ Neutre vs BTC,False,False,,0,,,,53,2,,Volume ×0.2 (épuisement),22528061,22528061,33600000.0,33600000.0,33600000.0,100.0,,,
PROMUSDT,PROM,Speculative,553,1.954,1645540.64756,-7.481,66.16120530765342,0.050136561006878744,1.28552,1.6028250000000002,1.5225288836949225,0.5308525671219972,0.08384361752237407,1.0944824411560294,0.09279205139074918,1.0208888888888887,2.070500000000001,,0,0,neutre,365,0,0,30,,,17.0,66.0,41.5,68.0,50,53,37.88,6,≈ Neutre vs BTC,False,False,,0,,,,53,0,,,35284897,37218317,18250000.0,19250000.0,19250000.0,94.8,,,
PYRUSDT,PYR,Speculative,,0.072,823983.394722,-14.286,29.55541720225672,-0.002252700426504585,0.1464,0.26921500000000004,1.9845509084542103,0.75,0.75,1.5325589368193713,0.3120952452159371,0.10769444444444447,0.2814722222222223,rsi_bullish_divergence,1,0,haussier,365,0,0,30,,,17.0,46.0,28.0,57.5,56.6,53,32.69,6,≈ Neutre vs BTC,False,False,,0,,,,53,1,,,,,,,,,,,
IOTXUSDT,IOTX,Speculative,778,0.00216,741277.93632,-4.425,31.72853356446541,1.4698340156835263e-05,0.0027637999999999994,0.004678049999999999,0.6424212614366086,0.5955473098330241,0.5955473098330241,3.668458909726777,0.5524545236563462,0.002380555555555555,0.004822222222222223,rsi_bullish_divergence|downtrend,1,1,mixte,365,0,0,30,,,17.0,46.0,55.0,57.5,33.5,53,32.92,6,≈ Neutre vs BTC,False,False,,2,⚡ Volume ×3.7 vs médiane,,3.67,53,0,,,20653914,20653914,9441368550.0,9441368555.0,10000000000.0,100.0,,,
LISTAUSDT,LISTA,Speculative,797,0.047,370188.86219,0.858,46.37328601458655,0.00021881818404177853,0.04925600000000001,0.08265549999999998,0.7403272883579944,0.5353003161222339,0.5047418335089567,0.8818342642415999,0.5595855680027731,0.046444444444444455,0.08729722222222223,uptrend,1,0,haussier,365,0,0,30,,,17.0,46.0,55.0,47.0,50,53,31.53,6,≈ Neutre vs BTC,False,False,,0,,,,53,0,,,19459470,37191138,416274749.28264445,795588564.255041,1000000000.0,52.3,605829774,$606M,-1.94
WOOUSDT,WOO,Speculative,741,0.01215,176757.353904,-5.004,47.10095998465581,4.47409263423097e-05,0.012252,0.01727130000000001,0.6819582075528856,0.4859903381642512,0.4120772946859903,0.9733323847462232,0.7417668540538664,0.01131611111111111,0.019325000000000002,uptrend,1,0,haussier,365,0,0,30,,,17.0,46.0,60.5,47.0,50,53,31.86,6,≈ Neutre vs BTC,False,False,,0,,,,53,0,,,22990186,22990186,1888782088.2947378,1888782088.294737,3000000000.0,100.0,3388352,$3M,-21.87
BTCUSDT,BTC,Etabli,1,63530.52,946397611.2742832,-2.609,46.73402919698035,-105.54089106236239,63336.38380000002,71901.33295000003,0.31571992996299053,0.2868913747427779,0.22721729831880702,0.34070029473039015,1.0,60669.603611111124,79897.70833333333,macd_bearish_cross|double_top_90d,0,2,baissier,365,0,0,30,,,45.0,57.0,69.5,78.5,4.2,52,53.05,5,≈ Neutre vs BTC,False,False,,3,🔥 Trending #5 sur CoinGecko,5,,52,7,🔴 Sortie,Volume ×0.3 (épuisement)|Double sommet|MACD cross baissier,1273342283397,1273342283397,20062328.0,20062328.0,21000000.0,100.0,,,
SOLUSDT,SOL,Etabli,7,73.46,132329507.70763,-3.798,43.01045639461951,-0.4405801033482335,74.3238,87.45985000000002,0.45456482833870543,0.361199548115436,0.24566088117489987,0.2970413079527343,0.8317923576434607,67.06722222222221,89.78916666666663,rsi_bullish_divergence,1,0,haussier,365,0,0,30,,,45.0,28.0,75.5,78.5,56.6,52,53.07,5,≈ Neutre vs BTC,False,False,,2,🔥 Trending #6 sur CoinGecko,6,,52,3,,Volume ×0.3 (épuisement),42768202117,46290929977,583093959.7749311,631122184.5930248,,92.4,,,
SUIUSDT,SUI,Etabli,32,0.6831,19512447.53914,-4.528,37.21771529730303,-0.00633446544041162,0.732634,0.9692485000000004,0.49517710337008247,0.4889305816135084,0.4872045028142589,0.22451312354468486,0.6587661049690577,0.6912749999999999,1.1187361111111112,macd_bearish_cross,0,1,baissier,365,0,0,30,,,45.0,28.0,79.0,78.5,30.6,52,51.72,5,≈ Neutre vs BTC,False,False,,6,🔥 Trending #2 sur CoinGecko,2,,52,5,⚠️ Surveiller,Volume ×0.2 (épuisement)|MACD cross baissier,2767716586,6829931904,4052334085.342099,10000000000.0,10000000000.0,40.5,,,
SPCXBUSDT,SPCXB,Mid,288,111.04,10741446.86377,-3.25,27.178527079053694,-0.30447317619187686,,,0.6502541942084309,0.4608057539971813,0.4608057539971813,0.1388019952806673,,115.41444444444447,187.58944444444444,rsi_bullish_divergence|doji_4h,1,0,haussier,47,0,0,30,,,22.3,27.0,58.5,78.5,56.6,52,39.81,5,≈ Neutre vs BTC,False,False,,0,,,,52,3,,Volume ×0.1 (épuisement),82865410,82873280,747934.96706106,748006.00218211,,100.0,,,
ZROUSDT,ZRO,Mid,124,0.875,4633426.98181,-3.422,52.05084318552249,0.012242418380824509,0.8825,1.489155,0.7438995467658386,0.496757457846952,0.43255512321660183,0.3932152908499864,0.3110032821592136,0.8026388888888888,1.4394166666666666,macd_bullish_cross,1,0,haussier,365,0,0,30,,,31.0,37.0,68.5,68.0,50,52,43.49,5,≈ Neutre vs BTC,False,False,,0,,,,52,2,,Volume ×0.4 (épuisement),308568603,873356820,353313325.89,1000000000.0,1000000000.0,35.3,6687743604,$6.7B,-1.97
TUSDT,T,Mid,500,0.0035,991307.783703,-2.507,42.688140342706326,-6.246671324773654e-05,0.003727800000000001,0.005917600000000002,1.4597965009186709,0.49537037037037035,0.4552469135802469,1.6050463107730513,0.2889820595680003,0.0034183333333333323,0.006064166666666666,uptrend,1,0,haussier,365,0,0,30,,,31.0,55.0,52.0,57.5,50,52,42.28,5,≈ Neutre vs BTC,False,False,,0,,,,52,1,,,39318430,39318430,11155000000.0,11155000000.0,,100.0,313491569,$313M,-5.83
SUNUSDT,SUN,Mid,116,0.01779,836608.97075,-2.253,43.34266279873829,-9.64699187883011e-05,0.017602999999999994,0.0180799,0.32794381596736216,0.21425109064469222,0.13766359670382933,0.22028137696782626,0.381931252001276,0.016788611111111112,0.020182500000000003,macd_bearish_cross|morning_star_4h,1,1,mixte,365,0,0,30,,,31.0,48.0,95.5,57.5,30.6,52,42.89,5,≈ Neutre vs BTC,False,False,,0,,,,52,5,⚠️ Surveiller,Volume ×0.2 (épuisement)|MACD cross baissier,341449752,353503016,19222181989.37517,19900730000.0,19900730000.0,96.6,213058865,$213M,-0.33
GLMUSDT,GLM,Mid,263,0.0975,333640.44587,-2.207,42.08412871157667,0.00040107062145283636,0.10231800000000003,0.14485899999999993,0.4855461230392586,0.40182054616384916,0.365409622886866,0.634535056239029,0.49208214249783483,0.09717222222222222,0.1438611111111111,rsi_bullish_divergence,1,0,haussier,365,0,0,30,,,31.0,37.0,79.0,47.0,56.6,52,39.76,5,≈ Neutre vs BTC,False,False,,0,,,,52,0,,,97467828,97467828,1000000000.0,1000000000.0,,100.0,,,
AWEUSDT,AWE,Mid,247,0.05431,218613.6876,-4.936,40.752509292375485,-0.0006174409694212698,0.05746320000000002,0.0564568,0.5742423145574689,0.24041297935103248,0.2002949852507375,0.171217768588474,0.1460856021273252,0.0512188888888889,0.06288638888888887,,0,0,neutre,365,0,0,30,,,31.0,36.0,89.5,47.0,50,52,39.87,5,≈ Neutre vs BTC,False,False,,0,,,,52,3,,Volume ×0.2 (épuisement),105258521,108378729,1942420283.0270672,1942420283.0270672,2000000000.0,100.0,,,
MMTUSDT,MMT,Speculative,518,0.1858,1479897.73532,8.719,57.9284432092807,-9.590463166456783e-05,0.16083399999999998,0.14512049999999999,1.3208296506519779,0.32516556291390725,0.08443789887088853,0.9439251671783728,0.2479043146282116,0.11423055555555554,0.18619444444444444,rsi_bearish_divergence|macd_bearish_cross|double_top_90d,0,3,baissier,267,0,0,30,,,14.3,82.0,61.0,68.0,0,52,36.53,5,≈ Neutre vs BTC,False,False,,0,,,,52,5,⚠️ Surveiller,Divergence RSI baissière|Double sommet,38068646,186523761,204095424.0,1000000000.0,1000000000.0,20.4,4542747,$5M,-9.57
GIGGLEUSDT,GIGGLE,Speculative,682,26.09,1386571.36751,-2.577,48.56005453369592,0.011047720072103667,26.530199999999994,32.14715,0.7823958820495865,0.39039190897597975,0.33957016434892534,0.1698206200432966,0.4565157691621233,24.95972222222222,35.713611111111106,,0,0,neutre,277,0,0,30,,,14.6,37.0,68.5,68.0,50,52,34.73,5,≈ Neutre vs BTC,False,False,,0,,,,52,2,,Volume ×0.2 (épuisement),26148082,26148082,1000000.0,1000000.0,1000000.0,100.0,,,
MUBARAKUSDT,MUBARAK,Speculative,,0.011,535504.175563,0.273,46.4957938732142,-0.0001460163247034615,0.011142000000000003,0.01387730000000001,0.7348395098491072,0.4335461404526988,0.36215902495647123,0.3177499067051395,0.31754056399057307,0.010050277777777778,0.01564916666666667,,0,0,neutre,365,0,0,30,,,17.0,37.0,68.5,57.5,50,52,33.64,5,≈ Neutre vs BTC,False,False,,0,,,,52,3,,Volume ×0.3 (épuisement),,,,,,,,,
GUSDT,G,Speculative,738,0.00318,263765.98982,-3.343,45.564396515051925,-2.5882377154743092e-05,0.0031836,0.003659349999999999,0.8132888642041961,0.37170263788968827,0.23741007194244604,0.24009719297854243,0.2511017024515653,0.002715277777777777,0.003926388888888888,doji_4h,0,0,neutre,365,0,0,30,,,17.0,37.0,67.0,47.0,50,52,31.17,5,≈ Neutre vs BTC,False,False,,0,,,,52,3,,Volume ×0.2 (épuisement),22985924,38136669,7232700000.0,12000000000.0,12000000000.0,60.3,19534413,$20M,-3.65
ASTERUSDT,ASTER,Etabli,46,0.624,2812239.76797,-0.478,47.35436775446743,0.0006165878925636793,0.6315999999999999,0.6618400000000007,0.1944933757005679,0.17315436241610738,0.16241610738255033,0.1373301138403242,0.4192274964378614,0.6127500000000002,0.7095555555555555,downtrend|doji_4h,0,1,baissier,296,0,0,30,,,43.1,37.0,95.5,68.0,26.9,51,50.18,4,≈ Neutre vs BTC,False,False,,0,,,,51,2,,Volume ×0.1 (épuisement),1675012087,4869702872,2687744734.379753,7813984360.606729,8000000000.0,34.4,111862727,$112M,0.59
AXSUSDT,AXS,Mid,198,0.842,1070072.60732,-4.535,26.147500516163063,-0.008731938173719162,0.97588,1.2428049999999993,0.4062657109428522,0.41649341649341654,0.41649341649341654,0.2949543284359311,0.4902899803040153,0.9064722222222223,1.3561111111111108,,0,0,neutre,365,0,0,30,,,31.0,19.0,79.0,68.0,50,51,41.96,4,≈ Neutre vs BTC,False,False,,0,,,,51,3,,Volume ×0.3 (épuisement),146496775,227045528,174212325.00134403,270000000.0,270000000.0,64.5,,,
JASMYUSDT,JASMY,Mid,156,0.00427,732157.508255,-5.322,42.216411842393114,-1.1653340005397397e-05,0.004567000000000001,0.0055887499999999965,0.54074324358313,0.4258760107816712,0.4231805929919138,0.5399302034859721,0.5547258081006943,0.004334444444444445,0.006242222222222223,uptrend|doji_4h,1,0,haussier,365,0,0,30,,,31.0,37.0,79.0,57.5,50,51,41.74,4,≈ Neutre vs BTC,False,False,,0,,,,51,3,,Volume ×0.5 (épuisement),211907584,214286161,49444999677.59027,50000000000.0,50000000000.0,98.9,,,
FORMUSDT,FORM,Mid,299,0.1995,715965.04327,2.255,50.00041868247903,0.002019377768202338,0.21328999999999992,0.24856200000000012,0.4997820410501838,0.4106796116504854,0.3501618122977346,0.5399418672898791,0.33253434079580213,0.1940722222222222,0.28412222222222216,downtrend,0,1,baissier,365,0,0,30,,,31.0,46.0,79.0,57.5,26.9,51,41.43,4,≈ Neutre vs BTC,False,False,,0,,,,51,2,,Volume ×0.5 (épuisement),77103938,115555160,381867255.14,572301922.1,580000000.0,66.7,,,
API3USDT,API3,Speculative,638,0.2041,4012722.706056,-6.505,31.643299627930446,6.783205456312343e-05,0.234552,0.3030275000000002,0.43085782483069823,0.47263810015487867,0.47263810015487867,1.1415730997110405,0.674724641264014,0.21687499999999998,0.3740416666666667,doji_4h,0,0,neutre,365,0,0,30,,,17.0,37.0,79.0,68.0,50,51,36.65,4,≈ Neutre vs BTC,False,False,,0,,,,51,0,,,29411663,36129082,143932176.55244064,176805280.489229,,81.4,18728245,$19M,-6.05
0GUSDT,0G,Speculative,533,0.173,2718645.92583,-0.575,37.792849292307814,0.003491651043867467,0.22082000000000007,0.4985549999999999,0.8108536870150426,0.7010489510489509,0.6975524475524475,2.6571017144563673,0.5449623284511662,0.1799166666666666,0.5435277777777777,downtrend|doji_4h,0,1,baissier,310,0,0,30,,,15.5,55.0,55.0,68.0,26.9,51,35.18,4,≈ Neutre vs BTC,False,False,,0,,,,51,0,,,36943063,173279133,213199722.0,1000000000.0,,21.3,,,
ERAUSDT,ERA,Speculative,,0.0689,1684122.41749,-4.438,40.329692343716104,-0.00013648040449943744,0.08531000000000001,0.13219150000000007,1.6345715237977105,0.5877712031558185,0.5430637738330046,3.881763811289128,0.4585996404925066,0.07514444444444446,0.1437611111111111,macd_bearish_cross,0,1,baissier,365,0,0,30,,,17.0,55.0,34.0,68.0,30.6,51,34.94,4,≈ Neutre vs BTC,False,False,,2,⚡ Volume ×3.9 vs médiane,,3.88,51,3,,MACD cross baissier,,,,,,,,,
XVGUSDT,XVG,Speculative,570,0.002053,641405.602427,-9.36,40.027459598772836,1.530102041744724e-05,0.0022803000000000003,0.004186619999999997,0.5185446405312539,0.4727793696275071,0.4641833810888253,0.5863004856860538,0.6167259596973069,0.0020991388888888887,0.0036315555555555554,,0,0,neutre,365,0,0,30,,,17.0,37.0,79.0,57.5,50,51,34.27,4,≈ Neutre vs BTC,False,False,,0,,,,51,2,,Volume ×0.6 (épuisement),33992769,34060765,16521951234.841335,16555000000.0,,99.8,,,
LUNAUSDT,LUNA,Speculative,646,0.0406,443334.825119,-5.581,27.049682127295483,-0.0003989146578889729,0.048420000000000005,0.06077949999999996,0.5013869902384962,0.459387483355526,0.459387483355526,0.37343598153147073,0.5249754049831111,0.04498333333333332,0.070275,,0,0,neutre,365,0,0,30,,,17.0,19.0,79.0,47.0,50,51,29.73,4,≈ Neutre vs BTC,False,False,,0,,,,51,3,,Volume ×0.4 (épuisement),28817222,48166690,709984438.91686,1186707049.0,,59.8,,,
RPLUSDT,RPL,Speculative,545,1.59,262139.9548,-6.471,43.7373773716971,-0.03156518831838732,1.5917999999999992,1.7853999999999988,1.9306354001407058,0.4,0.2760180995475113,0.6711431214410172,0.2915768352028076,1.3213888888888885,2.0272222222222225,doji_4h,0,0,neutre,365,0,0,30,,,17.0,57.0,46.0,47.0,50,51,32.31,4,≈ Neutre vs BTC,False,False,,0,,,,51,1,,,35985589,35985589,22619597.20624596,22619597.20624596,,100.0,994666595,$995M,-2.87
HIVEUSDT,HIVE,Speculative,713,0.0437,237973.3902,-5.616,29.970947031902313,-0.0003371469782496334,0.049104,0.06358050000000003,0.431701525969635,0.40245566166439295,0.40245566166439295,0.3382188320449383,0.4355569791208596,0.046913888888888915,0.06739166666666667,,0,0,neutre,365,0,0,30,,,17.0,19.0,79.0,47.0,50,51,29.73,4,≈ Neutre vs BTC,False,False,,0,,,,51,3,,Volume ×0.3 (épuisement),24036714,48867066,550140465.0,1118445313.0,,49.2,,,
ACXUSDT,ACX,Speculative,651,0.04043,159134.703327,-3.208,41.82958750753636,-0.00014651325765061316,0.041741,0.04209764999999997,0.27776606863165654,0.18326271186440674,0.14067796610169492,0.24802226675131814,0.35784052308933856,0.03987083333333333,0.044401388888888886,,0,0,neutre,365,0,0,30,,,17.0,28.0,95.5,47.0,50,51,31.8,4,≈ Neutre vs BTC,False,False,,0,,,,51,3,,Volume ×0.2 (épuisement),28485932,40425209,704657633.0,1000000000.0,1000000000.0,70.5,18940446,$19M,-3.92
PEOPLEUSDT,PEOPLE,Speculative,560,0.0069,3559042.295343,5.023,75.68808774809145,0.00017469463984051489,0.0054688,0.006902200000000002,0.6882374519558947,0.4272517321016166,0.2032332563510392,1.938257480190474,0.5377308054105581,0.005105833333333334,0.008018888888888888,macd_bullish_cross|double_bottom_90d|doji_4h,2,0,haussier,365,0,0,30,,,17.0,66.0,73.0,68.0,50,50,39.77,3,≈ Neutre vs BTC,False,False,,0,,,,50,2,,RSI 76 (surachat),34662164,34662164,5066474892.014004,5066474892.014004,,100.0,,,
STORJUSDT,STORJ,Speculative,1249,0.0563,2386563.3023,-6.633,21.951525198486962,-0.00141122954503863,0.07443999999999999,0.09664950000000004,0.8469652358455242,0.5714285714285714,0.5714285714285714,4.497698622884632,0.3550246717135391,0.07100555555555554,0.11687222222222221,breakdown_30d|macd_bearish_cross,0,2,baissier,365,0,0,30,,,17.0,37.0,55.0,68.0,10.4,50,32.83,3,≈ Neutre vs BTC,False,False,,2,⚡ Volume ×4.5 vs médiane,,4.5,50,3,,MACD cross baissier,23771670,23771670,424999998.0,424999998.0,,100.0,,,
ACEUSDT,ACE,Speculative,,0.0758,1468923.74773,-5.013,47.189705957904046,-4.3939135191183335e-05,0.07928799999999998,0.13419750000000003,2.1668815406893693,0.5556338028169013,0.4647887323943662,1.6184517296340784,0.22499463507784812,0.07156666666666667,0.13184722222222225,macd_bearish_cross,0,1,baissier,365,0,0,30,,,17.0,64.0,32.5,68.0,30.6,50,35.93,3,≈ Neutre vs BTC,False,False,,0,,,,50,3,,MACD cross baissier,,,,,,,,,
TSLABUSDT,TSLAB,Speculative,,306.07,1250180.71316,-3.655,24.129162162152213,-7.9580882286042645,,,0.6410977754538251,0.27815381712695453,0.27815381712695453,0.22575422626987365,,336.19842105263166,415.1473684210526,rsi_bullish_divergence,1,0,haussier,48,0,0,30,,,8.3,18.0,63.0,68.0,56.6,50,29.17,3,≈ Neutre vs BTC,False,False,,0,,,,50,3,,Volume ×0.2 (épuisement),,,,,,,,,
TOWNSUSDT,TOWNS,Speculative,,0.002,1104131.85641,-7.407,47.182129075094686,-2.7369259308317235e-06,0.0020874,0.003456050000000001,1.2475725771970556,0.520618556701031,0.48195876288659795,1.012281318513464,0.3644297941261445,0.001920555555555555,0.0036180555555555558,macd_bearish_cross|uptrend,1,1,mixte,358,0,0,30,,,16.8,55.0,49.0,68.0,30.6,50,35.74,3,≈ Neutre vs BTC,False,False,,0,,,,50,3,,MACD cross baissier,,,,,,,,,
NVDABUSDT,NVDAB,Speculative,,194.7,1052289.70668,-6.945,39.745965830286025,-0.9559707009566791,,,0.42974880239573876,0.08836989856098132,0.08246887966804983,0.7553804533359082,,193.68842105263158,212.15210526315792,macd_bearish_cross,0,1,baissier,48,0,0,30,,,8.3,45.0,90.0,68.0,30.6,50,32.47,3,≈ Neutre vs BTC,False,False,,0,,,,50,3,,MACD cross baissier,,,,,,,,,
REQUSDT,REQ,Speculative,527,0.0502,383883.7747,-2.335,44.65808880787277,-2.251223736705497e-05,0.054199999999999984,0.06968900000000003,1.1085760511408775,0.42061611374407587,0.4063981042654029,1.0979587190658844,0.333924683784736,0.0515722222222222,0.0745722222222222,,0,0,neutre,365,0,0,30,,,17.0,46.0,58.0,47.0,50,50,31.71,3,≈ Neutre vs BTC,False,False,,0,,,,50,1,,,50136749,50136749,999416740.9347086,999416740.9347086,1000000000.0,100.0,,,
MBLUSDT,MBL,Speculative,,0.000685,365069.273577,-1.297,44.01505200975231,2.7645258377166593e-07,0.0006978799999999999,0.0009059550000000004,0.28563575059626106,0.4300791556728232,0.39753737906772213,0.18728074521795982,0.5483549733925285,0.0006730833333333333,0.000977527777777778,rsi_bullish_divergence|doji_4h,1,0,haussier,365,0,0,30,,,17.0,28.0,79.0,47.0,56.6,50,31.21,3,≈ Neutre vs BTC,False,False,,0,,,,50,2,,Volume ×0.2 (épuisement),,,,,,,,,
TKOUSDT,TKO,Speculative,,0.0439,115070.88392,-4.148,40.98309280225982,9.054490089243901e-05,0.04773999999999999,0.05787400000000008,0.4878127569741159,0.3373493975903615,0.3373493975903615,0.2903208697119019,0.6496137495634252,0.044738888888888904,0.06165277777777778,rsi_bullish_divergence,1,0,haussier,365,0,0,30,,,17.0,28.0,79.0,47.0,56.6,50,31.21,3,≈ Neutre vs BTC,False,False,,0,,,,50,2,,Volume ×0.3 (épuisement),,,,,,,,,
ZECUSDT,ZEC,Etabli,15,470.16,46506080.3503,-6.099,44.13564246184362,-9.268344148564275,472.00260000000003,383.5313,0.9067391179272801,0.46200671081153305,0.30210529441458556,0.17455297145078993,0.49202576233292916,388.2330555555556,613.0483333333332,uptrend,1,0,haussier,365,0,0,30,,,45.0,36.0,68.5,78.5,50,49,53.21,2,≈ Neutre vs BTC,False,False,,0,,,,49,3,,Volume ×0.2 (épuisement),7878532344,7882225838,16784704.8530448,16792623.6030448,21000000.0,100.0,,,
POLUSDT,POL,Etabli,78,0.07333,2674822.227377,-5.854,36.39144105711226,-0.0008606723234307473,0.07672679999999998,0.09519459999999999,0.40873284913204666,0.3442105263157895,0.2982775119617224,0.3483681097578544,0.5387059881124988,0.07225472222222223,0.09793249999999998,,0,0,neutre,365,0,0,30,,,45.0,28.0,83.5,68.0,50,49,50.78,2,≈ Neutre vs BTC,False,False,,0,,,,49,3,,Volume ×0.3 (épuisement),783489396,783489396,10686239046.3549,10686239046.3549,,100.0,2637541486,$2.6B,-6.04
EIGENUSDT,EIGEN,Mid,196,0.1986,1653862.341088,-6.717,40.108999035810356,-0.0044387723592019986,0.22289199999999998,0.21846150000000006,0.9557131478748303,0.35440000000000005,0.30350877192982445,0.15452230276048692,0.36209643344797454,0.1782472222222222,0.25263055555555547,golden_cross,1,0,haussier,365,0,0,30,,,31.0,36.0,68.5,68.0,52.2,49,43.5,2,≈ Neutre vs BTC,False,False,,0,,,,49,3,,Volume ×0.2 (épuisement),147112740,362405326,741228566.6979554,1825981755.341574,,40.6,5048549184,$5.0B,-3.3
CFGUSDT,CFG,Mid,327,0.1805,945562.87909,-2.38,48.1103383417839,0.001986526062996267,0.19745,,0.746337411276847,0.4690920798454604,0.41339343206696716,0.20456380320126566,0.47802243191047605,0.17756111111111111,0.2982138888888889,downtrend,0,1,baissier,135,0,0,30,,,24.7,45.0,68.5,57.5,26.9,49,37.32,2,≈ Neutre vs BTC,False,False,,0,,,,49,2,,Volume ×0.2 (épuisement),69374819,124019084,380384016.0,680000000.0,,55.9,1629167686,$1.6B,0.11
MANAUSDT,MANA,Mid,214,0.0671,429395.2806,-1.757,45.6747070587562,-0.00029740418678032057,0.06863199999999998,0.09170850000000003,0.6488725051753581,0.37924151696606784,0.3273453093812375,0.9093994452875379,0.4777675537233835,0.06455833333333333,0.09354166666666665,downtrend,0,1,baissier,365,0,0,30,,,31.0,46.0,68.5,47.0,26.9,49,38.43,2,≈ Neutre vs BTC,False,False,,0,,,,49,1,,,131736714,147529119,1958408203.2557716,2193179327.320146,,89.3,,,
EGLDUSDT,EGLD,Mid,284,2.78,414029.5285,-1.767,40.14117693634613,-0.04831095505386728,2.8776000000000015,4.018299999999999,0.7185225343306197,0.4792531120331951,0.4253112033195021,0.883062724662716,0.6100140335525173,2.642777777777779,4.335555555555555,,0,0,neutre,365,0,0,30,,,31.0,37.0,68.5,47.0,50,49,38.73,2,≈ Neutre vs BTC,False,False,,0,,,,49,1,,,84198229,84198229,30445357.0,30445357.0,,100.0,,,
YFIUSDT,YFI,Mid,314,2033.0,339106.14339,-3.968,47.98317524131619,-15.310196394318837,1962.0,2532.195,1.606491733057663,0.42786596119929454,0.2832451499118166,0.20396378076608765,0.3831058381751847,1729.9166666666667,2712.8611111111113,double_top_90d,0,1,baissier,365,0,0,30,,,31.0,57.0,52.0,47.0,23.6,49,38.56,2,≈ Neutre vs BTC,False,False,,0,,,,49,5,⚠️ Surveiller,Volume ×0.2 (épuisement)|Double sommet,72706881,74432501,35815.94701468851,36666.0,36666.0,97.7,180113278,$180M,21.96
GNOUSDT,GNO,Mid,131,106.35,150706.47549,-2.726,44.72099426526511,-0.7392126235161616,107.09019999999998,120.38255000000001,0.39594808138095805,0.3634190918037396,0.250597497539716,0.3185102070621258,0.5696841578469534,99.32277777777779,135.02444444444447,,0,0,neutre,365,0,0,30,,,31.0,28.0,83.5,47.0,50,49,38.55,2,≈ Neutre vs BTC,False,False,,0,,,,49,3,,Volume ×0.3 (épuisement),281180848,319573443,2639589.0,3000000.0,3000000.0,88.0,,,
ZKCUSDT,ZKC,Speculative,,0.0395,775785.04305,-1.25,37.64617230639752,-4.977683721719582e-05,0.045388000000000005,0.07334649999999995,0.578125826579734,0.5298416565164433,0.5152253349573691,1.6702420941849065,0.6399141251831746,0.04195833333333332,0.07667777777777778,macd_bearish_cross,0,1,baissier,317,0,0,30,,,15.7,55.0,65.5,57.5,30.6,49,33.75,2,≈ Neutre vs BTC,False,False,,0,,,,49,3,,MACD cross baissier,,,,,,,,,
PHAUSDT,PHA,Speculative,871,0.0206,749362.8801,-7.207,29.603519994422044,0.00012074889194787358,0.028395999999999998,0.03288700000000002,0.6947311528793023,0.6139359698681733,0.6139359698681733,0.29248709833660563,0.3706140168203078,0.02291666666666666,0.04151666666666666,rsi_bullish_divergence,1,0,haussier,365,0,0,30,,,17.0,19.0,55.0,57.5,56.6,49,31.07,2,≈ Neutre vs BTC,False,False,,0,,,,49,2,,Volume ×0.3 (épuisement),17290183,20571398,840496260.4928192,1000000000.0,1000000000.0,84.0,,,
BNSOLUSDT,BNSOL,Speculative,,82.5,494937.9123,-3.734,43.722643354819915,-0.496577674594564,83.16199999999998,96.72899999999996,0.45287809608764895,0.36162361623616235,0.23800738007380082,0.2667873554817307,0.8314266526761532,74.83333333333331,99.76944444444445,rsi_bullish_divergence,1,0,haussier,365,0,0,30,,,17.0,28.0,75.5,47.0,56.6,49,31.0,2,≈ Neutre vs BTC,False,False,,0,,,,49,3,,Volume ×0.3 (épuisement),,,,,,,,,
BANANAUSDT,BANANA,Speculative,927,3.86,449656.411533,2.469,65.96175907741744,0.023034036327142793,3.145199999999999,4.0423,0.7895785165840797,0.45338983050847453,0.1830508474576271,0.5800702950829796,0.5592279001119884,2.7703611111111104,4.159583333333334,rsi_bearish_divergence|uptrend,1,1,mixte,365,0,0,30,,,17.0,57.0,73.0,47.0,21.9,49,32.25,2,≈ Neutre vs BTC,False,False,,0,,,,49,4,⚠️ Surveiller,Volume ×0.6 (épuisement)|Divergence RSI baissière,15468179,32361556,4016415.7328564273,8402893.465936832,10000000.0,47.8,,,
GMTUSDT,GMT,Speculative,775,0.00663,387719.363838,-6.091,29.643728865211642,-2.8117731544694425e-05,0.007652999999999998,0.010951399999999995,0.43971466003220777,0.5022522522522523,0.5022522522522523,0.37170138019185905,0.47674717863056126,0.007181111111111112,0.011944444444444445,,0,0,neutre,365,0,0,30,,,17.0,19.0,65.5,47.0,50,49,28.92,2,≈ Neutre vs BTC,False,False,,0,,,,49,3,,Volume ×0.4 (épuisement),20623893,33631979,3111400155.0,5073850155.102167,6000000000.0,61.3,,,
PUNDIXUSDT,PUNDIX,Speculative,791,0.0774,187781.08658,-2.764,37.89913977304911,0.00011180826241137184,0.087176,0.14276950000000002,0.5447856406026168,0.5334561080417434,0.52731737262124,0.5736520042279931,0.46117155255636794,0.07971944444444447,0.15455000000000002,,0,0,neutre,365,0,0,30,,,17.0,37.0,65.5,47.0,50,49,31.08,2,≈ Neutre vs BTC,False,False,,0,,,,49,2,,Volume ×0.6 (épuisement),19870121,19870121,258386541.0999244,258386541.0999244,,100.0,,,
NEARUSDT,NEAR,Etabli,39,1.683,21474083.3019,-8.533,35.34086850276091,-0.022941677327505433,1.9735800000000006,1.586155,0.650436920899131,0.402555910543131,0.402555910543131,0.17372549336562923,0.2831935957958289,1.4502222222222223,2.4715833333333337,,0,0,neutre,365,0,0,30,,,45.0,36.0,62.5,78.5,50,48,52.85,1,≈ Neutre vs BTC,False,False,,0,,,,48,3,,Volume ×0.2 (épuisement),2189912461,2189912474,1302036789.0,1302036790.0,,100.0,,,
FILUSDT,FIL,Etabli,92,0.6953,8599042.350106,-5.901,37.9057038228232,-0.0047620049597591856,0.762304,0.9433210000000004,0.5491572612507827,0.46029526029526024,0.45998445998445997,0.4019620864562143,0.5027477263881369,0.7193333333333328,1.0707777777777778,,0,0,neutre,365,0,0,30,,,45.0,28.0,79.0,78.5,50,48,52.88,1,≈ Neutre vs BTC,False,False,,0,,,,48,3,,Volume ×0.4 (épuisement),562214542,1361494089,808221128.0,1957238836.0,,41.3,,,
币安人生USDT,币安人生,Etabli,87,0.6454,4046567.40688,2.217,46.81480413909641,-0.004454611306765461,0.6885939999999999,0.3459534999999999,0.9975300643572319,0.2697850512945774,0.21067415730337077,0.22794208252204112,0.07329603751541694,0.38508888888888887,0.7538222222222224,double_top_90d,0,1,baissier,203,0,0,30,,,40.6,45.0,67.0,68.0,23.6,48,47.87,1,≈ Neutre vs BTC,False,False,,0,,,,48,5,⚠️ Surveiller,Volume ×0.2 (épuisement)|Double sommet,646651717,646651717,1000000000.0,1000000000.0,1000000000.0,100.0,,,
APTUSDT,APT,Etabli,100,0.585,3596558.04004,-6.699,40.49293050577158,0.0006231555637126358,0.6233,0.9472599999999991,0.465703339084512,0.5039028620988726,0.4926279271465742,0.33889144578946134,0.6925575945978084,0.5899722222222221,1.0450555555555558,rsi_bullish_divergence|doji_4h,1,0,haussier,365,0,0,30,,,45.0,28.0,70.0,68.0,56.6,48,50.37,1,≈ Neutre vs BTC,False,False,,0,,,,48,2,,Volume ×0.3 (épuisement),494973761,706405285,845262567.5716329,1206322346.524196,2100000000.0,70.1,,,
ETCUSDT,ETC,Etabli,64,6.73,1606449.4501,-3.857,43.26268251792696,-0.0024010674533417875,7.069,8.53935,0.4135855544330887,0.34268537074148303,0.3256513026052104,0.25311640420281273,0.6793941150101874,6.780555555555557,9.309444444444445,doji_4h,0,0,neutre,365,0,0,30,,,45.0,28.0,79.0,68.0,50,48,50.51,1,≈ Neutre vs BTC,False,False,,0,,,,48,3,,Volume ×0.3 (épuisement),1059725271,1059728085,157660754.1261296,157661172.7373296,210700000.0,100.0,,,
CRCLBUSDT,CRCLB,Mid,404,63.34,4676893.0724,-1.416,44.78295735086703,0.5935196859471339,,,0.9625137447656954,0.2800190976366675,0.2436142277393173,0.2741957912013988,,61.15315789473684,82.28421052631577,,0,0,neutre,48,0,0,30,,,22.3,36.0,63.0,68.0,50,48,38.4,1,≈ Neutre vs BTC,False,False,,0,,,,48,2,,Volume ×0.3 (épuisement),52558847,52562008,831467.08604711,831517.08604711,,100.0,,,
WIFUSDT,WIF,Mid,193,0.1489,1150538.468581,-2.807,43.430400447683546,0.00017937238588780404,0.15909800000000002,0.20368200000000017,0.5913915537246051,0.3810344827586207,0.3586206896551725,0.22614405266358434,0.5199239061115477,0.14811944444444441,0.21322222222222226,macd_bullish_cross,1,0,haussier,365,0,0,30,,,31.0,28.0,79.0,68.0,50,48,43.04,1,≈ Neutre vs BTC,False,False,,0,,,,48,2,,Volume ×0.2 (épuisement),148609038,148609038,998926392.0,998926392.0,998926392.0,100.0,,,
ARUSDT,AR,Mid,229,1.793,937345.37889,-4.22,38.13227306955905,-0.009921283349308668,1.9453399999999994,2.1378049999999997,0.5187836702733718,0.35036231884057967,0.35036231884057967,0.17592414616780447,0.36565705676384685,1.8416666666666666,2.4159722222222224,,0,0,neutre,365,0,0,30,,,31.0,28.0,79.0,57.5,50,48,40.66,1,≈ Neutre vs BTC,False,False,,0,,,,48,3,,Volume ×0.2 (épuisement),118147844,118147844,65652466.0,65652466.0,66000000.0,100.0,,,
PNUTUSDT,PNUT,Mid,489,0.0407,821748.16228,-4.907,43.84712487867447,6.44549944128957e-05,0.04276800000000001,0.05094649999999998,0.505099452849954,0.3854489164086688,0.3684210526315789,0.23979740376031078,0.5941926408895682,0.04042500000000001,0.06120277777777778,macd_bullish_cross,1,0,haussier,365,0,0,30,,,31.0,28.0,79.0,57.5,50,48,40.66,1,≈ Neutre vs BTC,False,False,,0,,,,48,2,,Volume ×0.2 (épuisement),40754971,40754971,999841734.69729,999841733.829414,1000000000.0,100.0,,,
BATUSDT,BAT,Mid,251,0.0692,495733.8192,-7.733,26.17081463458561,-0.0006571849974848832,0.08398600000000002,0.108875,0.5061123985183387,0.4223706176961603,0.4223706176961603,0.6596337172815387,0.5185718269677374,0.07758055555555554,0.11093055555555553,downtrend,0,1,baissier,365,0,0,30,,,31.0,28.0,79.0,47.0,26.9,48,36.9,1,≈ Neutre vs BTC,False,False,,0,,,,48,1,,,103402144,103697707,1495724656.9526057,1500000000.0,1500000000.0,99.7,,,
TWTUSDT,TWT,Mid,199,0.3515,367785.6128,0.659,51.20382759007934,0.0024548382306351212,0.35945400000000016,0.4880095000000001,0.40150880785012627,0.36077294685990335,0.32135265700483084,0.4546340527289181,0.4831633312123316,0.3377666666666667,0.4828111111111112,downtrend,0,1,baissier,365,0,0,30,,,31.0,37.0,79.0,47.0,26.9,48,37.98,1,≈ Neutre vs BTC,False,False,,0,,,,48,2,,Volume ×0.5 (épuisement),146294138,351120061,416649900.0,1000000000.0,,41.7,,,
TURBOUSDT,TURBO,Mid,393,0.000777,352769.013732,-3.956,39.337386634347,-2.178868193050958e-06,0.0008497600000000001,0.00108642,0.5522598403680694,0.4292002934702861,0.4284666177549524,0.25038846992897335,0.6014353061588543,0.0008019166666666665,0.0012768333333333336,,0,0,neutre,365,0,0,30,,,31.0,28.0,79.0,47.0,50,48,38.28,1,≈ Neutre vs BTC,False,False,,0,,,,48,3,,Volume ×0.3 (épuisement),53650897,53650897,69000000000.0,69000000000.0,69000000000.0,100.0,,,
SUPERUSDT,SUPER,Mid,405,0.0817,307351.6832,-4.556,36.977391120949896,4.213408575478358e-05,0.08879799999999997,0.11951349999999998,0.35857898311980796,0.39526276831976315,0.39526276831976315,0.2318285141570722,0.6299390949543074,0.08405277777777778,0.1274111111111111,,0,0,neutre,365,0,0,30,,,31.0,28.0,79.0,47.0,50,48,38.28,1,≈ Neutre vs BTC,False,False,,0,,,,48,2,,Volume ×0.2 (épuisement),52286047,81675949,640164549.0,1000000000.0,1000000000.0,64.0,,,
ORCAUSDT,ORCA,Mid,326,1.152,301703.94627,-3.275,43.555412016660554,-0.002479999663793424,1.1798799999999998,1.119765,0.40536328827105716,0.5502325581395349,0.4641860465116279,0.1710228848898502,0.253752763507954,1.079361111111111,1.7223333333333333,,0,0,neutre,365,0,0,30,,,31.0,36.0,64.0,47.0,50,48,38.34,1,≈ Neutre vs BTC,False,False,,0,,,,48,3,,Volume ×0.2 (épuisement),70057767,86421156,60798781.817817,74999550.154956,100000000.0,81.1,229836589,$230M,-3.23
ASTRUSDT,ASTR,Mid,457,0.004937,178762.2711175,-3.931,37.59485692041877,9.680655662575762e-06,0.0052743600000000005,0.007461270000000003,0.3586726228702601,0.4936165759732105,0.48325659271661786,0.3204017484449791,0.6039372136296741,0.005003777777777777,0.008766805555555555,,0,0,neutre,365,0,0,30,,,31.0,28.0,79.0,47.0,50,48,38.28,1,≈ Neutre vs BTC,False,False,,0,,,,48,2,,Volume ×0.3 (épuisement),43102877,43106709,8732614332.0,8733392387.0,10000000000.0,100.0,15197558,$15M,-6.04
KMNOUSDT,KMNO,Mid,267,0.01809,150939.45186,0.333,46.70531560350722,-2.7499437746081573e-05,0.018556000000000007,0.024125800000000003,0.5329538368617551,0.46168656141701964,0.30227185213708124,0.07880573136815565,0.3796650331032507,0.016175833333333334,0.02260972222222222,downtrend,0,1,baissier,365,0,0,30,,,31.0,37.0,79.0,47.0,26.9,48,37.98,1,≈ Neutre vs BTC,False,False,,0,,,,48,3,,Volume ×0.1 (épuisement),93500462,181095889,5163014004.25,9999957180.82343,10000000000.0,51.6,1031062423,$1.0B,-2.79
ZRXUSDT,ZRX,Mid,338,0.0794,113896.0439,-4.796,36.62825225593047,-0.0005771135673193846,0.08505199999999999,0.10419549999999994,0.5248706440381409,0.3971518987341772,0.3710443037974684,0.30059186706560953,0.5678322218614678,0.08060277777777779,0.11515555555555552,,0,0,neutre,365,0,0,30,,,31.0,28.0,79.0,47.0,50,48,38.28,1,≈ Neutre vs BTC,False,False,,0,,,,48,3,,Volume ×0.3 (épuisement),67511849,79575816,848396562.906836,1000000000.0,1000000000.0,84.8,,,
1000CHEEMSUSDT,1000CHEEMS,Speculative,,0.000477,551189.462544,2.141,51.14063968909644,2.6506763634721622e-06,0.0004952999999999997,0.0005666350000000002,0.4234649440755772,0.3873626373626374,0.3434065934065934,0.44507530075693347,0.46490067381479727,0.0004600833333333333,0.0006701666666666666,downtrend,0,1,baissier,365,0,0,30,,,17.0,37.0,79.0,57.5,26.9,48,32.88,1,≈ Neutre vs BTC,False,False,,0,,,,48,2,,Volume ×0.4 (épuisement),,,,,,,,,
1MBABYDOGEUSDT,1MBABYDOGE,Speculative,,0.0002949,383663.7567023,-2.962,42.26318501696441,1.8168238979174187e-07,0.00031083600000000004,0.00040610749999999974,0.49394929203826593,0.40267335004177107,0.3847117794486215,0.2791999971005551,0.6986711762547483,0.00029338333333333335,0.00044207222222222213,uptrend,1,0,haussier,365,0,0,30,,,17.0,28.0,79.0,47.0,50,48,30.81,1,≈ Neutre vs BTC,False,False,,0,,,,48,2,,Volume ×0.3 (épuisement),,,,,,,,,
USTCUSDT,USTC,Speculative,654,0.00505,319026.6628,-4.175,36.61201303507087,-2.7132727037717678e-05,0.005633000000000002,0.00565195,0.4382072154243346,0.3756218905472637,0.3706467661691542,0.17175421726487494,0.3670871185669376,0.005309999999999999,0.007298055555555554,uptrend,1,0,haussier,365,0,0,30,,,17.0,28.0,79.0,47.0,50,48,30.81,1,≈ Neutre vs BTC,False,False,,0,,,,48,3,,Volume ×0.2 (épuisement),28152627,30693282,5575620843.429112,6078796875.905461,,91.7,,,
KERNELUSDT,KERNEL,Speculative,,0.0324,285635.87771,-4.425,29.08349266161312,9.078019800611188e-05,0.041194000000000015,0.06541349999999999,0.4956927651499699,0.5212298682284041,0.5212298682284041,0.945904308571401,0.4813365862578278,0.03588333333333332,0.06561111111111112,rsi_bullish_divergence|downtrend,1,1,mixte,365,0,0,30,,,17.0,28.0,65.5,47.0,33.5,48,29.01,1,≈ Neutre vs BTC,False,False,,0,,,,48,0,,,,,,,,,896349011,$896M,-7.15
AEVOUSDT,AEVO,Speculative,882,0.01843,200584.3668151,-3.96,44.96762105385534,2.15709948879627e-06,0.018848199999999992,0.025201649999999992,0.5185763297186989,0.4579617834394904,0.4111464968152866,0.2785645633369124,0.5739331319779908,0.017945833333333328,0.029088888888888893,uptrend,1,0,haussier,365,0,0,30,,,17.0,28.0,79.0,47.0,50,48,30.81,1,≈ Neutre vs BTC,False,False,,0,,,,48,2,,Volume ×0.3 (épuisement),16945260,18475371,917181040.8468407,1000000000.0,1000000000.0,91.7,14795046,$15M,-0.22
BANDUSDT,BAND,Speculative,672,0.1507,133567.33164,-4.681,37.40818088848176,-0.0015285731248883244,0.160826,0.21457149999999994,0.5676395555481555,0.4484126984126984,0.401984126984127,0.1531253151753589,0.509466714807611,0.15065277777777777,0.22886111111111113,,0,0,neutre,365,0,0,30,,,17.0,28.0,79.0,47.0,50,48,30.81,1,≈ Neutre vs BTC,False,False,,0,,,,48,3,,Volume ×0.2 (épuisement),27053087,27054468,179797107.907296,179806941.0262439,,100.0,,,
METISUSDT,METIS,Speculative,805,2.56,120421.85715,-4.833,38.54476461123704,-0.014969214527716823,2.8188000000000004,3.3977500000000007,0.5623033838015625,0.4073170731707316,0.3756097560975609,0.20136942951572248,0.5996406483282565,2.5800000000000005,3.750555555555555,uptrend,1,0,haussier,365,0,0,30,,,17.0,28.0,79.0,47.0,50,48,30.81,1,≈ Neutre vs BTC,False,False,,0,,,,48,3,,Volume ×0.2 (épuisement),19292722,25586360,7540236.842,10000000.0,10000000.0,75.4,23970824,$24M,-5.54
KNCUSDT,KNC,Speculative,850,0.1057,103661.02266,-3.382,37.2812625221469,4.020336004688027e-07,0.11286400000000006,0.14296500000000004,0.3583445935703715,0.37023809523809526,0.37023809523809526,0.2420341214960416,0.4515824815855334,0.10765555555555556,0.15480555555555553,,0,0,neutre,365,0,0,30,,,17.0,28.0,79.0,47.0,50,48,30.81,1,≈ Neutre vs BTC,False,False,,0,,,,48,2,,Volume ×0.2 (épuisement),25466254,25467426,240988632.9634256,240999725.2784716,252301550.0,100.0,,,
DOGEUSDT,DOGE,Etabli,11,0.07016,33173585.45878,-3.214,39.534491385535944,0.00021014627242705057,0.076826,0.09607570000000008,0.4143406365624515,0.4006582366187424,0.3922570587216352,0.30520088181619076,0.784107577573614,0.07149499999999999,0.11064111111111113,,0,0,neutre,365,0,0,30,,,45.0,28.0,71.0,78.5,50,47,52.4,0,≈ Neutre vs BTC,False,False,,0,,,,47,2,,Volume ×0.3 (épuisement),10900103273,10900106783,155255226383.70523,170967493126.5791,,90.8,,,
ZAMAUSDT,ZAMA,Mid,210,0.0622,24934121.11986,6.69,90.2899185118761,0.0024957724941364135,0.03645580000000001,,0.942559256083819,0.23614072494669502,0.0,1.6171918309337763,0.30361213157909406,0.027414166666666667,0.04389805555555556,uptrend,1,0,haussier,177,0,0,30,,,25.8,45.0,89.5,78.5,50,47,45.34,0,≈ Neutre vs BTC,False,False,,0,🔥 Trending #11 sur CoinGecko,11,,47,6,⚠️ Surveiller,RSI 90 (surachat extrême)|Près du plus haut 90j (résistance),134339713,671698567,2200000000.0,11000000000.0,,20.0,49672803,$50M,17.09
REUSDT,RE,Mid,316,0.4594,6358173.24183,-8.395,47.016218711954735,0.01087833109768449,,,1.8649629399284233,0.6263933121019108,0.544187898089172,0.048866079790431456,,0.39073125,0.8489249999999999,,0,0,neutre,41,0,0,30,,,22.1,45.0,24.0,78.5,50,47,39.42,0,≈ Neutre vs BTC,False,False,,0,,,,47,2,,Volume ×0.0 (épuisement),72538012,454498823,159600000.0,1000000000.0,1000000000.0,16.0,257688661,$258M,0.49
TIAUSDT,TIA,Mid,122,0.3312,1751738.079784,-5.398,37.97419585496478,-0.0055382088880107086,0.3711340000000001,0.37275500000000006,0.7471567314035564,0.36317567567567577,0.2994087837837838,0.12382638042410343,0.4920148583376072,0.32797499999999996,0.44625277777777783,,0,0,neutre,365,0,0,30,,,31.0,28.0,73.0,68.0,50,47,42.68,0,≈ Neutre vs BTC,False,False,,0,,,,47,3,,Volume ×0.1 (épuisement),314830221,389629069,948378134.500678,1173698281.315315,,80.8,,,
STRKUSDT,STRK,Mid,165,0.02878,1522254.3611685,-7.904,44.208503384164224,0.00018673110438974672,0.031120399999999996,0.04208909999999998,0.562001228277376,0.5044563279857398,0.48680926916221035,0.28917498125371577,0.45673799418902544,0.028779444444444444,0.04618055555555556,,0,0,neutre,365,0,0,30,,,31.0,28.0,70.0,68.0,50,47,42.5,0,≈ Neutre vs BTC,False,False,,0,,,,47,2,,Volume ×0.3 (épuisement),194486008,288258201,6746937561.348971,10000000000.0,10000000000.0,67.5,165599852,$166M,-2.61
RSRUSDT,RSR,Mid,305,0.001202,894662.1201709,-4.452,44.52363465747308,2.034374871265397e-06,0.00125406,0.0016391250000000002,0.6069948022770141,0.5089655172413793,0.44643678160919537,0.3247341624616964,0.6430315543022602,0.0011726111111111108,0.001935638888888889,rsi_bullish_divergence|uptrend,2,0,haussier,365,0,0,30,,,31.0,28.0,59.5,57.5,56.6,47,39.89,0,≈ Neutre vs BTC,False,False,,0,,,,47,2,,Volume ×0.3 (épuisement),75268496,120327221,62553174091.0,100000000000.0,100000000000.0,62.6,39074960,$39M,-2.57
GENIUSUSDT,GENIUS,Mid,228,0.3501,506773.97799,-4.916,45.02466725045289,0.0067934672888890525,0.3830739999999999,,0.5846651506010889,0.5616721854304636,0.516280353200883,0.0327759388576595,,0.33290370370370376,0.5976333333333331,downtrend,0,1,baissier,68,0,0,30,,,22.9,45.0,55.5,57.5,26.9,47,35.56,0,≈ Neutre vs BTC,False,False,,0,,,,47,2,,Volume ×0.0 (épuisement),117809886,335107859,335377059.0,953973324.2879035,1000000000.0,35.2,,,
ALTUSDT,ALT,Mid,496,0.00578,210218.14814,-4.463,36.10757011202763,-6.583541459610958e-05,0.006257600000000001,0.007619950000000003,0.5079837320360598,0.32129963898916963,0.3020457280385078,0.07955318282891892,0.25805928547297946,0.005769722222222221,0.008092777777777777,uptrend|morning_star_4h,2,0,haussier,365,0,0,30,,,31.0,28.0,73.0,47.0,50,47,37.92,0,≈ Neutre vs BTC,False,False,,0,,,,47,3,,Volume ×0.1 (épuisement),39930401,57991253,6885590274.0,10000000000.0,10000000000.0,68.9,,,
ONTUSDT,ONT,Mid,498,0.03965,116556.65951,-3.387,32.247340431295385,-0.0002772345096909638,0.044600200000000007,0.05536719999999997,0.41082084858319645,0.4477237922873452,0.4477237922873452,0.14007015455804014,0.5169255813640302,0.04202083333333334,0.06665416666666665,rsi_bullish_divergence,1,0,haussier,365,0,0,30,,,31.0,19.0,79.0,47.0,56.6,47,37.6,0,≈ Neutre vs BTC,False,False,,0,,,,47,3,,Volume ×0.1 (épuisement),39674456,39674456,1000000000.0,1000000000.0,,100.0,,,
MANTRAUSDT,MANTRA,Speculative,593,0.00588,881185.25678,-5.466,36.82609331607637,-2.036454164570009e-05,0.006878,,0.6235727077028396,0.48333333333333334,0.48333333333333334,0.6057548113960705,0.5049892349135894,0.0063275000000000015,0.010584166666666667,macd_bearish_cross,0,1,baissier,147,0,0,30,,,11.0,45.0,68.5,57.5,30.6,47,30.25,0,≈ Neutre vs BTC,False,False,,0,,,,47,3,,MACD cross baissier,32333754,43476354,5493602947.407344,7386837063.39628,10000000000.0,74.4,,,
MIRAUSDT,MIRA,Speculative,,0.0387,819767.18614,-8.076,39.12999199933094,4.9219292980261665e-05,0.04589199999999999,0.07889150000000002,1.1016158889519803,0.5661434977578476,0.5661434977578476,0.8345787528971814,0.5462011820546433,0.041202777777777776,0.08459722222222221,rsi_bullish_divergence,1,0,haussier,306,0,0,30,,,15.4,37.0,44.5,57.5,56.6,47,31.73,0,≈ Neutre vs BTC,False,False,,0,,,,47,0,,,,,,,,,,,
NOMUSDT,NOM,Speculative,,0.00149,538985.29394,-3.247,45.35981434908133,3.030557259086894e-06,0.0015906000000000002,0.0036694499999999986,1.8932259673467642,0.5145985401459854,0.45620437956204374,0.2731829016615976,0.379005531853838,0.001448888888888888,0.002604166666666666,,0,0,neutre,301,0,0,30,,,15.2,37.0,38.5,57.5,50,47,30.9,0,≈ Neutre vs BTC,False,False,,0,,,,47,2,,Volume ×0.3 (épuisement),,,,,,,,,
PORTOUSDT,PORTO,Speculative,,0.456,313116.0693,-3.797,48.97836072238444,0.0029829738955292886,0.47516,0.8373300000000004,1.9167354079157801,0.5698447893569845,0.4900221729490022,0.47959921004252,0.5044194571588014,0.42755555555555547,0.8374999999999999,uptrend,1,0,haussier,365,0,0,30,,,17.0,37.0,38.5,47.0,50,47,29.46,0,≈ Neutre vs BTC,False,False,,0,,,,47,2,,Volume ×0.5 (épuisement),,,,,,,,,
1000CATUSDT,1000CAT,Speculative,,0.00129,169465.367908,-3.731,45.632401981523856,8.973437303904003e-06,0.001364,0.0018035000000000006,0.7481481372675011,0.45175438596491224,0.4342105263157895,0.22614425818589448,0.5803805732947777,0.001274166666666667,0.0020894444444444446,downtrend|doji_4h,0,1,baissier,365,0,0,30,,,17.0,37.0,68.5,47.0,26.9,47,29.88,0,≈ Neutre vs BTC,False,False,,0,,,,47,2,,Volume ×0.2 (épuisement),,,,,,,,,
ASRUSDT,ASR,Speculative,,0.835,137585.7926,-3.802,38.24466720005254,0.0013523767077401778,0.9116599999999997,1.2160600000000004,0.340729733032835,0.39256505576208184,0.38066914498141263,0.11592005430901299,0.25061475091084806,0.8438055555555556,1.268833333333334,,0,0,neutre,365,0,0,30,,,17.0,28.0,73.0,47.0,50,47,30.45,0,≈ Neutre vs BTC,False,False,,0,,,,47,2,,Volume ×0.1 (épuisement),,,,,,,,,
SCUSDT,SC,Speculative,681,0.00052,112729.725417,-6.137,19.0519513547343,-3.3159565862185734e-06,0.0006426199999999999,0.0009771349999999999,0.3424799703335375,0.4995206136145734,0.4995206136145734,0.6194323762717117,0.654083229611139,0.0005840555555555553,0.00096675,macd_bearish_cross,0,1,baissier,365,0,0,30,,,17.0,19.0,79.0,47.0,30.6,47,28.57,0,≈ Neutre vs BTC,False,False,,0,,,,47,3,,MACD cross baissier,26004954,26004954,49751295000.0225,49751295000.0225,,100.0,,,
RLCUSDT,RLC,Speculative,824,0.2577,112448.24589,-5.013,29.941822981760666,-0.0011594335853065962,0.30388000000000004,0.4186964999999999,0.54845910651582,0.4961089494163424,0.4961089494163424,0.2152330747708464,0.6098379559519342,0.2801666666666667,0.47664722222222217,macd_bearish_cross,0,1,baissier,365,0,0,30,,,17.0,19.0,79.0,47.0,30.6,47,28.57,0,≈ Neutre vs BTC,False,False,,0,,,,47,5,⚠️ Surveiller,Volume ×0.2 (épuisement)|MACD cross baissier,22486945,22486945,86999784.9868455,86999784.9868455,86999784.9868455,100.0,,,
LSKUSDT,LSK,Speculative,863,0.075,81213.54027,-5.66,29.672241385792304,-0.0009505685183475434,0.08716000000000002,0.12408999999999995,0.4738492057840632,0.4755244755244755,0.4755244755244755,0.2259514813688427,0.6429207929190042,0.08258055555555555,0.13111111111111115,macd_bearish_cross,0,1,baissier,365,0,0,30,,,17.0,19.0,79.0,47.0,30.6,47,28.57,0,≈ Neutre vs BTC,False,False,,0,,,,47,5,⚠️ Surveiller,Volume ×0.2 (épuisement)|MACD cross baissier,17454177,29953364,233084697.0,400000000.0,400000000.0,58.3,,,
IQUSDT,IQ,Speculative,836,0.000691,37776.890474,-1.144,27.467804025962977,-1.7088170993671658e-06,0.0007618399999999998,0.0010804100000000004,0.27530333569403825,0.41490262489415747,0.41490262489415747,0.24347247601437041,0.651740249927914,0.0007239166666666668,0.0011236666666666667,macd_bearish_cross|morning_star_4h,1,1,mixte,365,0,0,30,,,17.0,19.0,79.0,47.0,30.6,47,28.57,0,≈ Neutre vs BTC,False,False,,0,,,,47,5,⚠️ Surveiller,Volume ×0.2 (épuisement)|MACD cross baissier,18421653,18421653,26701892799.928997,26701892799.92899,60000000000.0,100.0,,,
ARBUSDT,ARB,Etabli,99,0.0776,3405561.55516,-4.785,36.76209148122387,-0.001439755846317449,0.08324399999999998,0.11153649999999997,0.7178680296269346,0.49132546842470504,0.4614850798056905,0.18790395812934965,0.5941856759954086,0.07608888888888889,0.1291472222222222,uptrend,1,0,haussier,365,0,0,30,,,45.0,28.0,68.5,68.0,50,46,49.88,-1,≈ Neutre vs BTC,False,False,,0,,,,46,3,,Volume ×0.2 (épuisement),513403769,776231316,6614056381.0,10000000000.0,10000000000.0,66.1,2831409296,$2.8B,-3.04
ATOMUSDT,ATOM,Etabli,85,1.303,2769228.89837,-5.785,22.751978719014744,-0.012437417903905096,1.6272400000000002,1.8892199999999995,0.37306143400105657,0.41433724075743916,0.4116321009918846,0.7430385878515738,0.5396997004806322,1.4645833333333336,2.0923611111111113,downtrend,0,1,baissier,365,0,0,30,,,45.0,19.0,79.0,68.0,26.9,46,48.04,-1,≈ Neutre vs BTC,False,False,,0,,,,46,1,,,681426279,681431875,521859262.0493,521866886.516284,,100.0,,,
LUNCUSDT,LUNC,Mid,132,5.051e-05,1701407.84804086,-5.146,26.71860276925385,-4.3256037369957894e-07,6.240659999999999e-05,5.428170000000002e-05,0.4127399808542631,0.5607655502392345,0.5607655502392345,0.1666021591849876,0.37488101825503717,5.633750000000002e-05,9.281972222222223e-05,downtrend,0,1,baissier,365,0,0,30,,,31.0,27.0,65.5,68.0,26.9,46,40.72,-1,≈ Neutre vs BTC,False,False,,0,,,,46,3,,Volume ×0.2 (épuisement),279058363,326014176,5524284157700.821,6453828746524.928,,85.6,,,
LINEAUSDT,LINEA,Mid,378,0.002347,947867.741876,-3.733,42.27846497629806,-1.4801958803738474e-06,0.002437440000000001,0.0034135049999999977,0.4265476565460549,0.47363552266419984,0.45536540240518036,0.581282632074775,0.5412385885146884,0.002323222222222222,0.0037758888888888894,macd_bearish_cross|uptrend,1,1,mixte,322,0,0,30,,,29.8,37.0,79.0,57.5,30.6,46,39.95,-1,≈ Neutre vs BTC,False,False,,0,,,,46,5,⚠️ Surveiller,Volume ×0.6 (épuisement)|MACD cross baissier,57120902,169130756,24179536833.471703,71593816498.0,72009990000.0,33.8,,,
STXUSDT,STX,Mid,141,0.1347,907787.08511,-4.873,29.05441312098364,-0.0028276693341664173,0.169934,0.23347550000000006,0.7016833937023252,0.5047899778924098,0.5040530582166544,0.8028565512559852,0.643052346391838,0.15720833333333337,0.2604722222222222,macd_bearish_cross|bullish_engulfing_4h|morning_star_4h,2,1,haussier,365,0,0,30,,,31.0,28.0,55.0,57.5,33.8,46,38.25,-1,≈ Neutre vs BTC,False,False,,0,,,,46,3,,MACD cross baissier,249440442,249441892,1854385620.108209,1854385620.108209,,100.0,,,
IMXUSDT,IMX,Mid,261,0.1169,548607.762632,-7.443,36.117474495494875,-0.0008057435972578463,0.132476,0.16441649999999997,0.655294089247488,0.43654320987654327,0.42271604938271606,0.46810210938635144,0.6502940083441665,0.12247222222222222,0.18253055555555553,,0,0,neutre,365,0,0,30,,,31.0,28.0,68.5,57.5,50,46,40.03,-1,≈ Neutre vs BTC,False,False,,0,,,,46,3,,Volume ×0.5 (épuisement),233809423,233809423,2000000000.0,2000000000.0,2000000000.0,100.0,22560941,$23M,-3.59
THETAUSDT,THETA,Mid,216,0.1297,409802.62321,-4.21,37.55782090850832,-0.0006212005330078242,0.14372400000000005,0.19036250000000002,0.6040661465691822,0.4846153846153846,0.4744939271255061,0.3565939173278682,0.5434194846943339,0.13293888888888888,0.21972222222222224,,0,0,neutre,365,0,0,30,,,31.0,28.0,68.5,47.0,50,46,37.65,-1,≈ Neutre vs BTC,False,False,,0,,,,46,3,,Volume ×0.4 (épuisement),129547020,129547020,1000000000.0,1000000000.0,1000000000.0,100.0,,,
AUSDT,A,Mid,256,0.062,334785.49573,-3.125,36.619574558554675,-0.0009707772113338041,0.06823800000000002,0.08351150000000006,0.636829100453008,0.3917004048582996,0.3724696356275304,0.19473523608660248,0.5442421443803179,0.06163333333333333,0.09109444444444445,uptrend,1,0,haussier,365,0,0,30,,,31.0,28.0,68.5,47.0,50,46,37.65,-1,≈ Neutre vs BTC,False,False,,0,,,,46,3,,Volume ×0.2 (épuisement),102430651,129824826,1656881616.3585,2100000000.0,2100000000.0,78.9,,,
INTCBUSDT,INTCB,Speculative,,88.74,1067237.65821,-6.491,34.29374902687623,0.8868899173314162,,,0.9650159528814399,0.36736887360275144,0.36736887360275144,0.3636721686150793,,92.105,133.5757142857143,rsi_bullish_divergence,1,0,haussier,36,0,0,30,,,8.0,27.0,58.5,68.0,56.6,46,29.8,-1,≈ Neutre vs BTC,False,False,,0,,,,46,2,,Volume ×0.4 (épuisement),,,,,,,,,
TRBUSDT,TRB,Speculative,513,13.75,796509.31894,-6.015,36.66526508866742,-0.16490822991973794,14.489000000000003,16.369899999999998,0.8520412102207735,0.4015895278167368,0.3590462833099579,0.2707614087318007,0.5304879002251993,13.18805555555555,19.782500000000002,uptrend,1,0,haussier,365,0,0,30,,,17.0,28.0,68.5,57.5,50,46,32.56,-1,≈ Neutre vs BTC,False,False,,0,,,,46,3,,Volume ×0.3 (épuisement),38357365,39423793,2799726.3868483845,2877565.595301865,,97.3,,,
BICOUSDT,BICO,Speculative,,0.01228,545751.6963172,-6.97,37.10914317229654,0.00022160213634982856,0.018433199999999993,0.02431929999999999,0.8241758083178294,0.8033492822966507,0.8031897926634768,0.8396890443368327,0.3099945176376591,0.013556666666666665,0.031105555555555553,,0,0,neutre,365,0,0,30,,,17.0,37.0,49.0,57.5,50,46,32.47,-1,≈ Neutre vs BTC,False,False,,0,,,,46,0,,,,,,,,,,,
SOLVUSDT,SOLV,Speculative,,0.00239,483775.75593,-5.534,30.084596292086886,3.393632898642565e-06,0.0028918000000000004,0.00482875,0.5515030071216868,0.5442307692307692,0.5403846153846154,0.89371176267755,0.3571224619520845,0.002584999999999999,0.004623888888888888,,0,0,neutre,365,0,0,30,,,17.0,28.0,65.5,47.0,50,46,30.0,-1,≈ Neutre vs BTC,False,False,,0,,,,46,0,,,,,,,,,410024073,$410M,-3.84
DOGSUSDT,DOGS,Speculative,851,3.475e-05,425547.44021914,-5.494,39.06645504522098,-4.744126829454168e-08,3.936400000000001e-05,3.7709e-05,0.7650554024580403,0.6002296211251436,0.5993111366245695,0.12606948809878873,0.28036157977132015,3.507361111111111e-05,6.450833333333333e-05,morning_star_4h,1,0,haussier,365,0,0,30,,,17.0,36.0,49.0,47.0,50,46,29.97,-1,≈ Neutre vs BTC,False,False,,0,,,,46,3,,Volume ×0.1 (épuisement),17981511,19138521,516750000000.0,550000000000.0,550000000000.0,94.0,,,
SHELLUSDT,SHELL,Speculative,,0.019,409333.57009,-5.941,36.51696614667093,4.5296932958501695e-05,0.022361999999999996,0.03120899999999999,0.793463437296415,0.5354523227383863,0.5354523227383863,0.46853682068684793,0.5566112499256547,0.02023333333333334,0.038683333333333327,rsi_bullish_divergence,1,0,haussier,365,0,0,30,,,17.0,28.0,55.0,47.0,56.6,46,29.77,-1,≈ Neutre vs BTC,False,False,,0,,,,46,2,,Volume ×0.5 (épuisement),,,,,,,,,
CHRUSDT,CHR,Speculative,,0.012,310885.53859,-7.121,26.20260319840969,-0.00025332503153705903,0.014868399999999999,0.02152620000000002,0.7176487335493897,0.5854760250173732,0.5854760250173732,0.5166390032583374,0.5540553066803273,0.013814722222222223,0.025972777777777782,macd_bearish_cross,0,1,baissier,365,0,0,30,,,17.0,28.0,55.0,47.0,30.6,46,28.21,-1,≈ Neutre vs BTC,False,False,,0,,,,46,5,⚠️ Surveiller,Volume ×0.5 (épuisement)|MACD cross baissier,,,,,,,,,
FIDAUSDT,FIDA,Speculative,848,0.01818,282912.419829,-4.916,28.60658770370101,-0.00024649174446036233,0.021726199999999998,0.020843349999999997,0.48915449352938817,0.552689756816507,0.552689756816507,0.09797251906481905,0.35171169463560104,0.01761138888888889,0.030930833333333334,downtrend,0,1,baissier,365,0,0,30,,,17.0,27.0,65.5,47.0,26.9,46,28.5,-1,≈ Neutre vs BTC,False,False,,0,,,,46,3,,Volume ×0.1 (épuisement),18049129,18049129,990910712.444573,990910712.444573,1000000000.0,100.0,,,
LAZIOUSDT,LAZIO,Speculative,,0.344,230897.7738,-5.234,37.362173410366445,0.0004913288315487058,0.40013999999999994,0.6548099999999999,0.742584398767552,0.4941176470588236,0.4941176470588236,0.3632900508401371,0.5365460722567743,0.3635555555555555,0.6338055555555555,,0,0,neutre,365,0,0,30,,,17.0,28.0,68.5,47.0,50,46,30.18,-1,≈ Neutre vs BTC,False,False,,0,,,,46,2,,Volume ×0.4 (épuisement),,,,,,,,,
ATUSDT,AT,Speculative,609,0.1339,215486.93134,-2.191,43.69768256681475,-0.0015317933891262634,0.143604,0.15044999999999992,0.6746784815111477,0.43656908063687727,0.29738058551617874,0.33555901985349534,0.03318771813174918,0.1186388888888889,0.1681638888888889,,0,0,neutre,244,0,0,30,,,13.7,28.0,67.0,47.0,50,46,28.32,-1,≈ Neutre vs BTC,False,False,,0,,,,46,3,,Volume ×0.3 (épuisement),31333604,136233060,230000000.0,1000000000.0,1000000000.0,23.0,,,
PIVXUSDT,PIVX,Speculative,,0.0343,202142.1167,-2.279,39.899028524354826,0.00023326509807253433,0.040780000000000004,0.07891649999999995,0.9454159800711223,0.5803237858032378,0.5728518057285181,0.5728384589789542,0.29988610491331386,0.035252777777777765,0.07399166666666666,,0,0,neutre,365,0,0,30,,,17.0,37.0,49.0,47.0,50,46,30.09,-1,≈ Neutre vs BTC,False,False,,0,,,,46,2,,Volume ×0.6 (épuisement),,,,,,,,,
CUSDT,C,Speculative,,0.0553,184301.31222,-6.745,29.990346570928466,-0.0001248244262422966,0.07540599999999999,0.07191749999999995,0.6843804224754864,0.4826941066417212,0.48175865294667913,0.09826074681203929,0.14933672827195166,0.06265000000000001,0.09888888888888886,macd_bearish_cross,0,1,baissier,365,0,0,30,,,17.0,27.0,62.5,47.0,30.6,46,28.54,-1,≈ Neutre vs BTC,False,False,,0,,,,46,5,⚠️ Surveiller,Volume ×0.1 (épuisement)|MACD cross baissier,,,,,,,,,
FOGOUSDT,FOGO,Speculative,601,0.00828,152892.13799,-6.122,35.5022673251636,1.7782647835949206e-05,0.010371400000000001,,0.7302012866740794,0.6294964028776978,0.6272482014388489,0.20821693916002476,0.22119604979776525,0.008880555555555556,0.019990833333333333,doji_4h,0,0,neutre,195,0,0,30,,,12.3,36.0,49.0,47.0,50,46,27.49,-1,≈ Neutre vs BTC,False,False,,0,,,,46,2,,Volume ×0.2 (épuisement),32020395,83193266,3863241975.4537787,10037241976.26047,,38.5,,,
XLMUSDT,XLM,Etabli,20,0.1719,14000559.4867,-5.341,37.74491685175218,-0.0012862819871142482,0.19169799999999998,0.1784365,0.5606262621584847,0.3382070026933437,0.3382070026933437,0.23123768188311242,0.24761366307473465,0.15119166666666667,0.22663055555555556,macd_bearish_cross,0,1,baissier,365,0,0,30,,,45.0,36.0,73.0,78.5,30.6,45,52.32,-2,≈ Neutre vs BTC,False,False,,0,,,,45,5,⚠️ Surveiller,Volume ×0.2 (épuisement)|MACD cross baissier,5881326996,8596763625,34207856770.0187,50001786839.91247,,68.4,,,
BCHUSDT,BCH,Etabli,23,213.5,6566666.314,-1.02,43.12984795933419,-1.0272043668793582,215.34399999999994,401.903,0.5183362034636054,0.5911531028559157,0.5413356237921408,0.2048005391171023,0.7077531616563499,196.36666666666667,444.947222222222,,0,0,neutre,365,0,0,30,,,45.0,28.0,57.5,78.5,50,45,51.59,-2,≈ Neutre vs BTC,False,False,,0,,,,45,3,,Volume ×0.2 (épuisement),4291954705,4291955374,20067324.89665078,20067334.27165078,21000000.0,100.0,,,
QNTUSDT,QNT,Etabli,70,61.75,630098.56312,-1.263,36.05003767218901,-0.1603745529430447,66.58920000000002,70.33669999999996,0.31556211513026833,0.2407659048795553,0.23705991352686848,0.23766539150626592,0.33967962877870456,63.53638888888889,77.13333333333333,bearish_engulfing_4h,0,1,baissier,365,0,0,30,,,45.0,28.0,95.5,57.5,27.9,45,47.79,-2,≈ Neutre vs BTC,False,False,,0,,,,45,5,⚠️ Surveiller,Volume ×0.2 (épuisement)|Engloutissement baissier 4h,898194189,902413182,14544176.164081175,14612493.0,14612493.0,99.5,,,
NEXOUSDT,NEXO,Etabli,82,0.713,520276.09093,-3.388,34.74287518835007,-0.0026943348710652673,0.7629800000000002,0.8509249999999996,0.3476459596992658,0.23135135135135143,0.23135135135135143,0.5521358316486877,0.7774771918492341,0.7251666666666665,0.9065000000000002,macd_bearish_cross,0,1,baissier,365,0,0,30,,,45.0,28.0,87.5,57.5,30.6,45,47.48,-2,≈ Neutre vs BTC,False,False,,0,,,,45,5,⚠️ Surveiller,Volume ×0.6 (épuisement)|MACD cross baissier,709321323,709321323,1000000000.0,1000000000.0,1000000000.0,100.0,283680569,$284M,-6.2
TRUMPUSDT,TRUMP,Mid,113,1.483,8265360.002482,-6.139,35.788961619398606,0.0015017004844672319,1.7031600000000002,2.813479999999999,0.481378129137663,0.40369923602734215,0.40369923602734215,0.5942625014983602,0.395845866160338,1.5587777777777783,2.3755555555555556,downtrend,0,1,baissier,365,0,0,30,,,31.0,37.0,79.0,78.5,26.9,45,45.11,-2,≈ Neutre vs BTC,False,False,,0,,,,45,2,,Volume ×0.6 (épuisement),367786231,1481508669,248251149.93147004,1000000000.0,1000000000.0,24.8,,,
XPLUSDT,XPL,Mid,152,0.08073,6278102.631311,-4.676,43.01799362710959,-0.00046383089602052355,0.09066980000000002,0.10083045000000004,1.1552808983201945,0.4446460980036298,0.2825199645075421,0.28380224575083207,0.3839290176299107,0.0753375,0.10652611111111114,,0,0,neutre,307,0,0,30,,,29.4,28.0,62.5,78.5,50,45,43.58,-2,≈ Neutre vs BTC,False,False,,0,,,,45,3,,Volume ×0.3 (épuisement),217085517,807342833,2688888888.8889,10000000000.0,,26.9,,,
MUBUSDT,MUB,Mid,359,857.88,4957098.58244,-9.94,41.5143754301777,3.3538289188834938,,,1.0164472433098555,0.3219892521199014,0.30392435833855014,0.20450978176756374,,868.5584210526316,1170.0673684210528,doji_4h,0,0,neutre,48,0,0,30,,,22.3,36.0,48.0,68.0,50,45,37.5,-2,≈ Neutre vs BTC,False,False,,0,,,,45,2,,Volume ×0.2 (épuisement),62297687,62319826,72848.36796166,72874.25623927,,100.0,,,
GRTUSDT,GRT,Mid,180,0.01507,645428.09917,-5.399,26.48430345130876,-7.210445821985195e-05,0.0180252,0.025129549999999994,0.437769275534938,0.4783961285862427,0.4783961285862427,0.36363924532068087,0.6066956503421527,0.01662027777777778,0.027539166666666663,double_top_90d|doji_4h,0,1,baissier,365,0,0,30,,,31.0,19.0,79.0,57.5,23.6,45,37.99,-2,≈ Neutre vs BTC,False,False,,0,,,,45,5,⚠️ Surveiller,Volume ×0.4 (épuisement)|Double sommet,162989169,162995133,10799867657.473475,10800262816.04821,10800262823.318213,100.0,,,
RAYUSDT,RAY,Mid,179,0.605,495269.17383,-4.889,38.427213408161876,-0.01020597993868339,0.6465720000000001,0.7035529999999998,0.6790526029307217,0.3644646924829157,0.3097949886104784,0.23196655720915335,0.7175427953177884,0.5839083333333336,0.8171944444444442,,0,0,neutre,365,0,0,30,,,31.0,28.0,60.5,47.0,50,45,37.17,-2,≈ Neutre vs BTC,False,False,,0,,,,45,3,,Volume ×0.2 (épuisement),163126887,336170635,269313892.480486,555000000.0,555000000.0,48.5,812306536,$812M,-5.7
CKBUSDT,CKB,Mid,468,0.000852,239821.99095,-3.292,35.80435355676407,5.22212958776169e-07,0.0009641400000000002,0.0014784199999999998,0.48861700468993247,0.5166284403669725,0.5120412844036698,0.3290295502276324,0.7324639178677849,0.0008875555555555556,0.0015718055555555555,,0,0,neutre,365,0,0,30,,,31.0,28.0,57.5,47.0,50,45,36.99,-2,≈ Neutre vs BTC,False,False,,0,,,,45,2,,Volume ×0.3 (épuisement),41865135,42575596,49216910345.116264,50052275465.60633,,98.3,,,
FLOWUSDT,FLOW,Mid,491,0.02402,212492.4661763,-4.758,31.403074803378757,-9.327666364994575e-05,0.027248199999999997,0.03893274999999998,0.4312341503732442,0.46018099547511315,0.45565610859728506,0.19047504715360092,0.4813318881520876,0.025502222222222225,0.04077694444444444,,0,0,neutre,365,0,0,30,,,31.0,19.0,79.0,47.0,50,45,37.2,-2,≈ Neutre vs BTC,False,False,,0,,,,45,3,,Volume ×0.2 (épuisement),40383098,40383098,1677570436.3430521,1677570436.343052,,100.0,3868237,$4M,-3.78
AIGENSYNUSDT,AIGENSYN,Speculative,,0.02318,1514859.50727,-3.817,43.01545147493614,-5.4277326854535336e-05,0.0257942,,1.459627903298497,0.45805159028299525,0.41873278236914596,0.12241199097315367,,0.022637666666666667,0.03672600000000001,,0,0,neutre,76,0,0,30,,,9.1,36.0,48.0,68.0,50,45,30.44,-2,≈ Neutre vs BTC,False,False,,0,,,,45,3,,Volume ×0.1 (épuisement),,,,,,,,,
OPGUSDT,OPG,Speculative,821,0.0989,1229575.46781,-3.229,36.71224382784713,0.0007818692052243992,0.1331,,0.6740321067612346,0.6833114323258871,0.673784494086728,0.07760848045602296,,0.10477777777777776,0.21255925925925928,,0,0,neutre,68,0,0,30,,,8.9,36.0,45.0,68.0,50,45,30.14,-2,≈ Neutre vs BTC,False,False,,0,,,,45,2,,Volume ×0.1 (épuisement),18857498,99249991,190000000.0,1000000000.0,1000000000.0,19.0,,,
TSTUSDT,TST,Speculative,,0.01083,587736.590465,-10.57,44.27824562447083,7.585492471074653e-05,0.011616799999999998,0.012522499999999994,0.5757350637603448,0.6178050652340752,0.5844205679201843,0.29628243785670516,0.14713850371093964,0.01037138888888889,0.021252222222222217,doji_4h,0,0,neutre,365,0,0,30,,,17.0,28.0,59.5,57.5,50,45,32.02,-2,≈ Neutre vs BTC,False,False,,0,,,,45,2,,Volume ×0.3 (épuisement),,,,,,,,,
AGLDUSDT,AGLD,Speculative,,0.1461,562128.01501,-0.137,42.90326545546038,8.043782233131767e-05,0.16251800000000005,0.2289369999999999,1.4365408126031671,0.5514492753623189,0.46956521739130436,0.849501256446705,0.24668038079949345,0.14706944444444447,0.25978611111111116,,0,0,neutre,365,0,0,30,,,17.0,37.0,43.0,57.5,50,45,32.11,-2,≈ Neutre vs BTC,False,False,,0,,,,45,0,,,,,,,,,,,
MEMEUSDT,MEME,Speculative,584,0.000509,446040.161107,-3.598,38.33484613713562,-2.142734879845276e-06,0.0005597600000000001,0.0006363850000000002,0.4479816839838384,0.24882629107981222,0.21020092735703252,0.2502007114378005,0.37013147709520755,0.0004997777777777777,0.0006351388888888886,downtrend,0,1,baissier,365,0,0,30,,,17.0,28.0,95.5,47.0,26.9,45,30.42,-2,≈ Neutre vs BTC,False,False,,0,,,,45,3,,Volume ×0.3 (épuisement),32743540,35203144,64179048200.0,69000000000.0,69000000000.0,93.0,,,
ZKPUSDT,ZKP,Speculative,,0.0446,420457.69456,-1.978,42.47190913588535,0.00026279054790759836,0.04975799999999999,0.07661099999999998,1.303822464867308,0.5199556541019956,0.5066518847006652,0.5322479212458164,0.45384076929209205,0.044766666666666684,0.08381666666666665,,0,0,neutre,203,0,0,30,,,12.6,37.0,44.5,47.0,50,45,27.45,-2,≈ Neutre vs BTC,False,False,,0,,,,45,2,,Volume ×0.5 (épuisement),,,,,,,,,
AMDBUSDT,AMDB,Speculative,,478.66,376597.92082,-11.099,40.06380708836908,-1.5140739595121069,,,0.7919582725362799,0.17481829325138543,0.17481829325138543,0.3319095181274946,,490.4942857142857,565.9778571428571,macd_bearish_cross,0,1,baissier,36,0,0,30,,,8.0,36.0,75.0,47.0,30.6,45,25.56,-2,≈ Neutre vs BTC,False,False,,0,,,,45,5,⚠️ Surveiller,Volume ×0.3 (épuisement)|MACD cross baissier,,,,,,,,,
AMPUSDT,AMP,Speculative,537,0.00041,311053.67443,-3.073,25.789455118862094,2.73936277708607e-06,0.00046591999999999993,0.0010506550000000002,0.270731693696233,0.5624332977588047,0.5624332977588047,0.4782852722940715,0.6705938491583144,0.00042694444444444453,0.0008978333333333334,rsi_bullish_divergence|downtrend,1,1,mixte,365,0,0,30,,,17.0,19.0,65.5,47.0,33.5,45,27.93,-2,≈ Neutre vs BTC,False,False,,0,,,,45,2,,Volume ×0.5 (épuisement),36628181,40683036,89781193103.18022,99720253743.71327,100000000000.0,90.0,,,
1000SATSUSDT,1000SATS,Speculative,,9.19e-06,308862.27109832,-3.77,41.68781673174931,-7.50929504676084e-09,9.542e-06,1.2080999999999993e-05,0.4451197684236103,0.4400749063670411,0.4269662921348314,0.24471099537285448,0.5344676997873923,9.109444444444444e-06,1.4894166666666665e-05,rsi_bullish_divergence|macd_bearish_cross,1,1,mixte,365,0,0,30,,,17.0,28.0,79.0,47.0,37.2,45,30.05,-2,≈ Neutre vs BTC,False,False,,0,,,,45,5,⚠️ Surveiller,Volume ×0.2 (épuisement)|MACD cross baissier,,,,,,,,,
PSGUSDT,PSG,Speculative,,0.493,269003.45458,-4.457,29.13942977667668,-0.00021974959314537482,0.5344000000000001,0.7432749999999999,0.29664926974254163,0.578138343296328,0.578138343296328,0.17622485267133506,0.3088230521264554,0.5192777777777776,1.089972222222222,macd_bearish_cross,0,1,baissier,365,0,0,30,,,17.0,19.0,65.5,47.0,30.6,45,27.76,-2,≈ Neutre vs BTC,False,False,,0,,,,45,5,⚠️ Surveiller,Volume ×0.2 (épuisement)|MACD cross baissier,,,,,,,,,
PROVEUSDT,PROVE,Speculative,567,0.175,220818.87931,-6.367,31.37322645675694,-0.0016710224939440483,0.19635800000000003,0.2596560000000001,0.49683390421309476,0.4748050389922015,0.4748050389922015,0.20546910230439713,0.36127437055484213,0.184725,0.27139166666666664,,0,0,neutre,358,0,0,30,,,16.8,19.0,79.0,47.0,50,45,29.63,-2,≈ Neutre vs BTC,False,False,,0,,,,45,3,,Volume ×0.2 (épuisement),34128558,175018244,195000000.0,1000000000.0,1000000000.0,19.5,,,
ILVUSDT,ILV,Speculative,735,2.8,197607.04738,-4.11,37.05118773301452,-0.007385385921660298,3.1058,4.0313,0.5117977900106545,0.46153846153846156,0.46153846153846156,0.6171617110887954,0.6858343754684545,2.901944444444444,4.880555555555557,downtrend,0,1,baissier,365,0,0,30,,,17.0,37.0,79.0,47.0,26.9,45,30.51,-2,≈ Neutre vs BTC,False,False,,0,,,,45,1,,,23152855,26817183,8285674.495508598,9597021.654260539,,86.3,,,
ARPAUSDT,ARPA,Speculative,1268,0.00808,156390.562986,-2.061,40.859747100722466,-3.408243358886981e-05,0.0084786,0.010011050000000004,1.0634639165539657,0.3704006541291905,0.33932951757972196,0.26500430141573417,0.40131811410413676,0.0079925,0.011468055555555554,,0,0,neutre,365,0,0,30,,,17.0,28.0,58.0,47.0,50,45,29.55,-2,≈ Neutre vs BTC,False,False,,0,,,,45,3,,Volume ×0.3 (épuisement),16156634,16156634,1999999999.987738,1999999999.987738,2000000000.0,100.0,,,
SOPHUSDT,SOPH,Speculative,936,0.00413,135717.5739,-5.708,28.02159522571992,-1.1314779287142473e-05,0.004936000000000001,0.008149249999999999,0.44937303426965164,0.5802845528455285,0.5802845528455285,0.32232142645114437,0.6924240983295863,0.004530277777777777,0.008906944444444445,macd_bearish_cross,0,1,baissier,365,0,0,30,,,17.0,19.0,65.5,47.0,30.6,45,27.76,-2,≈ Neutre vs BTC,False,False,,0,,,,45,5,⚠️ Surveiller,Volume ×0.3 (épuisement)|MACD cross baissier,15192041,41303435,3678154426.0,10000000000.0,10000000000.0,36.8,,,
XRPUSDT,XRP,Etabli,6,1.0578,72096480.79046,-4.427,40.07888145440763,-0.002588281458184182,1.111166,1.379344,0.39117999452491015,0.2996902774037167,0.2870993805548075,0.2558617087188493,0.8691618475248735,1.062652777777778,1.4242305555555557,macd_bearish_cross|uptrend|bullish_engulfing_4h,2,1,haussier,365,0,0,30,,,45.0,28.0,75.5,78.5,33.8,44,51.7,-3,≈ Neutre vs BTC,False,False,,0,,,,44,5,⚠️ Surveiller,Volume ×0.3 (épuisement)|MACD cross baissier,66174654720,105807911741,62533271955.0,99985635707.0,100000000000.0,62.5,,,
TAOUSDT,TAO,Etabli,43,187.7,13444501.81162,-4.866,38.140726073067675,0.039856835602853025,212.85399999999998,237.70250000000019,0.48482616138692114,0.415029622700343,0.41471780480199566,0.35168188508529286,0.6793112550194833,194.07777777777778,299.93611111111096,downtrend,0,1,baissier,365,0,0,30,,,45.0,28.0,79.0,78.5,26.9,44,51.5,-3,≈ Neutre vs BTC,False,False,,1,🔥 Trending #7 sur CoinGecko,7,,44,2,,Volume ×0.4 (épuisement),1801987096,3942877261,9597491.0,21000000.0,21000000.0,45.7,,,
ICPUSDT,ICP,Etabli,61,2.092,3561377.87688,-3.816,40.85723894498094,-0.0031734043400027598,2.2268399999999997,2.5604349999999982,0.43776091074317913,0.4214305440486053,0.4214305440486053,0.22684512841775825,0.29917090764018966,2.12575,3.0833055555555555,rsi_bullish_divergence|macd_bearish_cross,1,1,mixte,365,0,0,30,,,45.0,28.0,73.0,68.0,37.2,44,49.38,-3,≈ Neutre vs BTC,False,False,,0,,,,44,5,⚠️ Surveiller,Volume ×0.2 (épuisement)|MACD cross baissier,1162882750,1162882750,555225985.1430428,555225985.1430428,,100.0,,,
SNDKBUSDT,SNDKB,Mid,346,1219.21,50583654.027322,-18.924,34.88348589653779,-9.766919549539722,,,1.565111595923817,0.4743011916725251,0.4743011916725251,2.2634850710209533,,1378.0063157894738,2227.5257894736847,breakdown_30d|macd_bearish_cross,0,2,baissier,48,0,0,30,,,22.3,54.0,37.5,78.5,10.4,44,39.03,-3,≈ Neutre vs BTC,False,False,,0,,,,44,3,,MACD cross baissier,62913028,65563762,51906.85286778999,54093.86056492,,96.0,,,
INJUSDT,INJ,Mid,103,4.638,5841645.66889,-6.227,39.63945572583135,-0.046624415353831085,4.959960000000001,4.146805,0.6106280538353702,0.3899856938483548,0.33690987124463523,0.23847940584755029,0.36260872559738283,4.053833333333333,6.026416666666665,macd_bearish_cross|uptrend,1,1,mixte,365,0,0,30,,,31.0,36.0,68.5,78.5,30.6,44,44.58,-3,≈ Neutre vs BTC,False,False,,0,,,,44,5,⚠️ Surveiller,Volume ×0.2 (épuisement)|MACD cross baissier,463089990,463089990,100000000.0,100000000.0,,100.0,8940969,$9M,-12.78
OPUSDT,OP,Mid,162,0.0874,2557664.636836,-7.219,34.22507956059734,-0.000730181678470841,0.10028999999999996,0.1441995,0.6187571730132811,0.4924330616996508,0.49126891734575084,0.32356727353729187,0.43293387743815964,0.09319722222222225,0.14362777777777777,uptrend|doji_4h,1,0,haussier,365,0,0,30,,,31.0,19.0,68.5,68.0,50,44,41.33,-3,≈ Neutre vs BTC,False,False,,0,,,,44,3,,Volume ×0.3 (épuisement),199920079,375535735,2286467356.0,4294967296.0,4294967296.0,53.2,568141973,$568M,-5.83
HOLOUSDT,HOLO,Mid,435,0.0636,2158016.74555,-10.296,43.750739770890824,-0.00017163564550592568,0.06749599999999999,0.06519349999999997,0.8788519808709663,0.3699421965317919,0.2647398843930635,0.4109142698552382,0.323857058484783,0.06128888888888887,0.07787777777777778,downtrend|doji_4h,0,1,baissier,321,0,0,30,,,29.8,36.0,73.0,68.0,26.9,44,41.61,-3,≈ Neutre vs BTC,False,False,,0,,,,44,3,,Volume ×0.4 (épuisement),130177042,130177042,2048000000.0,2048000000.0,2048000000.0,100.0,,,
KAIAUSDT,KAIA,Mid,189,0.0258,1123244.15214,-10.727,16.489254138453973,-0.0005667110360830134,0.03454599999999999,0.04785299999999999,0.5733075497536301,0.5204460966542751,0.5204460966542751,0.820187169343974,0.580255783321036,0.031933333333333334,0.05056388888888888,downtrend,0,1,baissier,365,0,0,30,,,31.0,19.0,65.5,68.0,26.9,44,39.76,-3,≈ Neutre vs BTC,False,False,,0,,,,44,1,,,161089691,150882591,6252839583.074543,5856641936.044253,,106.8,,,
ZKUSDT,ZK,Mid,281,0.00855,1070813.66259,-7.866,29.46361747037426,-5.962935088811539e-05,0.010399600000000002,0.017265950000000002,0.5561635755099684,0.5679636179888832,0.5679636179888832,0.43901534033654316,0.6153949918183348,0.00947388888888889,0.01762916666666666,downtrend,0,1,baissier,365,0,0,30,,,31.0,19.0,65.5,68.0,26.9,44,39.76,-3,≈ Neutre vs BTC,False,False,,0,,,,44,3,,Volume ×0.4 (épuisement),86481509,179812343,10100039093.0,21000000000.0,21000000000.0,48.1,,,
SENTUSDT,SENT,Mid,280,0.01197,1039072.30284,-6.993,37.63409562392244,-0.00017639103792992572,0.014224399999999996,,1.1594046852239217,0.40906775343861446,0.391237901171676,0.5335817188424713,0.27008656452866214,0.012748888888888888,0.01759611111111111,macd_bearish_cross,0,1,baissier,188,0,0,30,,,26.2,45.0,52.0,68.0,30.6,44,39.71,-3,≈ Neutre vs BTC,False,False,,0,,,,44,5,⚠️ Surveiller,Volume ×0.5 (épuisement)|MACD cross baissier,86625608,411229861,7237882055.0,34359738368.0,34359738368.0,21.1,,,
IOUSDT,IO,Mid,412,0.1389,637550.466036,-6.085,37.77520906214643,-0.0009378221500455138,0.1668,0.13740950000000002,0.7373674578257311,0.2907036466358501,0.28556753980482796,0.14660124930530324,0.34115811096990517,0.13034166666666672,0.19075277777777777,downtrend,0,1,baissier,365,0,0,30,,,31.0,36.0,73.0,57.5,26.9,44,39.87,-3,≈ Neutre vs BTC,False,False,,0,,,,44,3,,Volume ×0.1 (épuisement),50857851,111141849,365523456.380176,798794127.3930684,800000000.0,45.8,,,
PARTIUSDT,PARTI,Speculative,,0.0256,2259425.18182,-11.419,25.59942101716794,0.00023180848448910076,0.04416399999999999,0.06662799999999999,0.9997375831341025,0.5996884735202491,0.5996884735202491,0.5083565852604354,-0.10429030421582997,0.029705555555555565,0.06136666666666665,downtrend,0,1,baissier,365,0,0,30,,,17.0,28.0,49.0,68.0,26.9,44,32.38,-3,≈ Neutre vs BTC,False,False,,0,,,,44,2,,Volume ×0.5 (épuisement),,,,,,,,,
SXTUSDT,SXT,Speculative,872,0.00665,1198672.793981,-4.728,42.368787554650304,-8.04434175993103e-05,0.007492999999999999,0.0158081,1.6121272201158825,0.6169573060733613,0.5995189416716777,0.5054438428329758,0.3324136211519184,0.006773888888888889,0.014619166666666664,uptrend,1,0,haussier,365,0,0,30,,,17.0,37.0,34.0,68.0,50,44,33.95,-3,≈ Neutre vs BTC,False,False,,0,,,,44,3,,Volume ×0.5 (épuisement),33209258,33209258,5000000000.0,5000000000.0,5000000000.0,100.0,,,
HEIUSDT,HEI,Speculative,,0.0861,774665.73091,-6.616,38.87263179719454,-0.0021177555128963914,0.107446,0.09461800000000002,1.3298161879520654,0.5279159756771697,0.5245992260917635,0.13830223093540206,-0.05633895020921349,0.06976944444444447,0.14113611111111113,,0,0,neutre,365,0,0,30,,,17.0,36.0,38.5,57.5,50,44,31.72,-3,≈ Neutre vs BTC,False,False,,0,,,,44,3,,Volume ×0.1 (épuisement),,,,,,,,,
MAVUSDT,MAV,Speculative,,0.0085,754427.22294,-4.063,37.04063157558899,9.934095191416344e-06,0.0096494,0.014639799999999996,0.8428904056078949,0.4976470588235294,0.4976470588235294,0.9759579874566555,0.4508019377214038,0.008942222222222223,0.015722222222222224,downtrend,0,1,baissier,365,0,0,30,,,17.0,37.0,68.5,57.5,26.9,44,32.25,-3,≈ Neutre vs BTC,False,False,,0,,,,44,0,,,,,,,,,1209153,$1M,12.9
IDUSDT,ID,Speculative,,0.0284,570374.621,-2.405,34.9573333483975,-0.0006354902307780574,0.033294,0.04012100000000002,0.7324494831008092,0.4039900249376558,0.3189448441247002,0.18009753923551108,0.3294478346887994,0.02707222222222222,0.039925,,0,0,neutre,365,0,0,30,,,17.0,19.0,68.5,57.5,50,44,31.48,-3,≈ Neutre vs BTC,False,False,,0,,,,44,3,,Volume ×0.2 (épuisement),,,,,,,,,
WCTUSDT,WCT,Speculative,,0.03711,529675.953395,-6.829,26.843678479534702,-0.0003973422841631498,0.04383220000000001,0.05770434999999999,0.41395452095665997,0.48630705394190876,0.48630705394190876,0.5421829905303538,0.48092655485805785,0.041035277777777775,0.06693805555555556,macd_bearish_cross|downtrend,0,2,baissier,365,0,0,30,,,17.0,28.0,79.0,57.5,7.5,44,30.64,-3,≈ Neutre vs BTC,False,False,,0,,,,44,5,⚠️ Surveiller,Volume ×0.5 (épuisement)|MACD cross baissier,,,,,,,,,
TREEUSDT,TREE,Speculative,907,0.0376,486652.80385,-2.083,41.445706997787525,0.00011108074760194514,0.04241999999999999,0.06364500000000001,0.7218524446504357,0.5436766623207301,0.5071707953063885,0.3635847184540169,0.5510274790625395,0.039147222222222215,0.07034444444444445,macd_bullish_cross,1,0,haussier,365,0,0,30,,,17.0,28.0,55.0,47.0,50,44,29.37,-3,≈ Neutre vs BTC,False,False,,0,,,,44,2,,Volume ×0.4 (épuisement),17910298,17885130,113463915.6567406,113304478.15086254,200000000.0,100.1,54023364,$54M,-5.95
YGGUSDT,YGG,Speculative,967,0.01777,475244.474945,-2.683,31.57697863320685,-4.33833783076475e-05,0.02246779999999999,0.03774135,0.6261687058574747,0.6363824075985959,0.6306008672310551,0.6668419489198821,0.6540960482722419,0.019786388888888888,0.04356944444444445,,0,0,neutre,365,0,0,30,,,17.0,28.0,55.0,47.0,50,44,29.37,-3,≈ Neutre vs BTC,False,False,,0,,,,44,1,,,17852231,17852231,1000000000.0,1000000000.0,1000000000.0,100.0,,,
MOVRUSDT,MOVR,Speculative,944,1.191,421783.82979,-4.491,39.89554987548684,-0.011858100574382992,1.2837000000000003,1.6346099999999995,0.7522010691148827,0.615795090715048,0.575595873354678,0.2815891174415274,0.4426683024724193,1.1757499999999999,2.515527777777778,uptrend|doji_4h,1,0,haussier,365,0,0,30,,,17.0,28.0,55.0,47.0,50,44,29.37,-3,≈ Neutre vs BTC,False,False,,0,,,,44,3,,Volume ×0.3 (épuisement),14857642,14993886,12478011.0,12592434.0,,99.1,,,
AUCTIONUSDT,AUCTION,Speculative,763,2.901,366452.6571,-6.419,22.55689329205589,-0.027448953057027145,3.41084,4.5122100000000005,0.38419639925090676,0.45056818181818187,0.45056818181818187,0.33100896727680684,0.5955393277588873,3.18825,4.918888888888888,macd_bearish_cross|doji_4h,0,1,baissier,365,0,0,30,,,17.0,10.0,79.0,47.0,30.6,44,27.49,-3,≈ Neutre vs BTC,False,False,,0,,,,44,5,⚠️ Surveiller,Volume ×0.3 (épuisement)|MACD cross baissier,21501725,22141023,7420409.148028981,7641035.648362741,10000000.0,97.1,,,
SANTOSUSDT,SANTOS,Speculative,,0.477,350419.33646,-5.357,36.61112907575269,0.0009400777084980182,0.55916,1.1889850000000002,0.7757925135606858,0.6270523846755277,0.6254886630179828,0.19650316646120655,0.5178334292187899,0.5100555555555555,1.1529722222222218,,0,0,neutre,365,0,0,30,,,17.0,28.0,55.0,47.0,50,44,29.37,-3,≈ Neutre vs BTC,False,False,,0,,,,44,2,,Volume ×0.2 (épuisement),,,,,,,,,
SCRUSDT,SCR,Speculative,,0.01997,318599.09389,-2.87,26.152963737536638,-9.506388027638981e-05,0.0277028,0.04419344999999996,0.6277830713416446,0.631180811808118,0.631180811808118,0.49975504621392963,0.574415746115617,0.023393055555555556,0.04979833333333334,rsi_bullish_divergence|downtrend,1,1,mixte,365,0,0,30,,,17.0,19.0,55.0,47.0,33.5,44,27.3,-3,≈ Neutre vs BTC,False,False,,0,,,,44,3,,Volume ×0.5 (épuisement),,,,,,,,,
BELUSDT,BEL,Speculative,,0.0962,253359.82773,-3.219,42.28509450819024,-0.0006729297920683554,0.10975000000000001,0.10779450000000003,1.1327700000929684,0.5179856115107914,0.5041109969167523,0.22463149217203496,0.24925563511597718,0.08694166666666665,0.14178888888888888,golden_cross|morning_star_4h,2,0,haussier,365,0,0,30,,,17.0,36.0,38.5,47.0,52.2,44,29.48,-3,≈ Neutre vs BTC,False,False,,0,,,,44,3,,Volume ×0.2 (épuisement),,,,,,,,,
VICUSDT,VIC,Speculative,,0.0346,238220.532217,-6.486,35.579700493691064,-0.00030432904119782574,0.037762000000000004,0.05113750000000003,0.7354786595017212,0.5152394775036285,0.497822931785196,0.1117627942434499,0.11349069404837858,0.035283333333333326,0.06054722222222223,doji_4h,0,0,neutre,365,0,0,30,,,17.0,28.0,53.5,47.0,50,44,29.28,-3,≈ Neutre vs BTC,False,False,,0,,,,44,3,,Volume ×0.1 (épuisement),,,,,,,,,
ICXUSDT,ICX,Speculative,724,0.0216,125249.22286,-5.677,29.497978318059438,-4.216178991520419e-06,0.025365999999999996,0.036301500000000014,0.41938175480449114,0.47826086956521735,0.47826086956521735,0.7912757563971211,0.66140530049065,0.023216666666666663,0.03901944444444446,macd_bearish_cross|downtrend,0,2,baissier,365,0,0,30,,,17.0,28.0,79.0,47.0,7.5,44,28.26,-3,≈ Neutre vs BTC,False,False,,0,,,,44,3,,MACD cross baissier,23626705,23875869,1097221008.689362,1108792174.218095,,99.0,,,
AVAUSDT,AVA,Speculative,,0.154,106985.7517,-3.75,39.26498064619062,0.0007398001734427485,0.17302000000000003,0.2222139999999999,0.5735146842921132,0.47172413793103446,0.47172413793103446,0.40867767384701587,0.6206310897293731,0.15895,0.27366111111111113,rsi_bullish_divergence|downtrend,1,1,mixte,365,0,0,30,,,17.0,28.0,79.0,47.0,33.5,44,29.82,-3,≈ Neutre vs BTC,False,False,,0,,,,44,2,,Volume ×0.4 (épuisement),,,,,,,,,
GNSUSDT,GNS,Speculative,,0.489,74683.06805,-8.255,26.481273841678515,-0.012859159686816037,0.5761000000000001,0.6940949999999998,0.6077249112654134,0.2890625,0.23556942277691112,0.13776650048178893,0.4080443614018289,0.4720277777777778,0.624,double_top_90d,0,1,baissier,365,0,0,30,,,17.0,19.0,73.0,47.0,23.6,44,27.79,-3,≈ Neutre vs BTC,False,False,,0,,,,44,5,⚠️ Surveiller,Volume ×0.1 (épuisement)|Double sommet,,,,,,,11232969,$11M,-5.11
DOTUSDT,DOT,Etabli,56,0.763,7848722.84712,-5.919,32.94610710301593,-0.0031456810364289857,0.8763399999999999,1.281355,0.5078818442437167,0.4511930585683297,0.4483007953723789,0.654282978685865,0.6669536033659116,0.813111111111111,1.3210555555555556,macd_bearish_cross,0,1,baissier,365,0,0,30,,,45.0,28.0,79.0,78.5,30.6,43,51.72,-4,≈ Neutre vs BTC,False,False,,0,,,,43,3,,MACD cross baissier,1295137392,1295140219,1695352074.348657,1695358327.23116,2100000000.0,100.0,1800403,$2M,-11.82
RENDERUSDT,RENDER,Etabli,80,1.413,2608803.11022,-4.72,35.204917354113675,-0.002598944482544427,1.5733,1.721875,0.4093964262187851,0.3836752509821039,0.38280226975120035,0.27715015445253477,0.51877446871305,1.4760555555555557,2.0756111111111113,macd_bearish_cross|doji_4h,0,1,baissier,365,0,0,30,,,45.0,28.0,79.0,68.0,30.6,43,49.34,-4,≈ Neutre vs BTC,False,False,,0,,,,43,5,⚠️ Surveiller,Volume ×0.3 (épuisement)|MACD cross baissier,734447400,755343996,518772101.28269154,533532274.5626915,644245094.0,97.2,,,
WLFIUSDT,WLFI,Etabli,45,0.0547,2289149.65002,0.0,36.803430158880325,-0.0002163845200860168,0.057952,0.08869749999999994,0.25626940719978764,0.2735723771580346,0.2709163346613547,0.15323405298778778,0.07996866176881297,0.055188888888888885,0.06707222222222221,macd_bearish_cross|doji_4h,0,1,baissier,331,0,0,30,,,44.1,28.0,77.5,68.0,30.6,43,48.76,-4,≈ Neutre vs BTC,False,False,,0,,,,43,5,⚠️ Surveiller,Volume ×0.2 (épuisement)|MACD cross baissier,1739594961,5474766930,31774776593.0,100000000000.0,100000000000.0,31.8,,,
DASHUSDT,DASH,Mid,108,31.16,4709833.05398,-4.826,37.361393803344306,-0.22829671766663528,34.472600000000014,39.333250000000014,0.48991226009789296,0.40187991559562636,0.40187991559562636,0.3446691715038811,0.5580261466854488,32.389444444444436,47.734444444444435,macd_bearish_cross,0,1,baissier,365,0,0,30,,,31.0,28.0,79.0,68.0,30.6,43,41.87,-4,≈ Neutre vs BTC,False,False,,0,,,,43,5,⚠️ Surveiller,Volume ×0.3 (épuisement)|MACD cross baissier,398650057,398654096,12784907.8627723,12785053.3330372,18920000.0,100.0,,,
BONKUSDT,BONK,Mid,138,2.95e-06,2104072.14350864,-4.531,35.96044423321297,1.5139908349016378e-08,3.988e-06,5.9248500000000005e-06,1.1574895843599797,0.6424870466321244,0.6191709844559586,0.30329080400440006,0.5577127096427036,3.2736111111111117e-06,6.758055555555557e-06,macd_bullish_cross,1,0,haussier,365,0,0,30,,,31.0,28.0,44.5,68.0,50,43,40.97,-4,≈ Neutre vs BTC,False,False,,0,,,,43,2,,Volume ×0.3 (épuisement),259086342,259086342,87994600764337.36,87994600764502.12,87995282867000.55,100.0,10151030,$10M,-6.99
ZENUSDT,ZEN,Mid,321,3.874,1232118.30604,-5.719,36.69413540558337,-0.010918747898705047,4.236939999999999,5.911990000000002,0.4364248058765289,0.4895833333333333,0.4895833333333333,0.39372625805363654,0.6399998077070729,4.019972222222222,6.8627777777777785,macd_bearish_cross|uptrend,1,1,mixte,365,0,0,30,,,31.0,28.0,79.0,68.0,30.6,43,41.87,-4,≈ Neutre vs BTC,False,False,,0,,,,43,5,⚠️ Surveiller,Volume ×0.4 (épuisement)|MACD cross baissier,70700279,81336390,18253894.30053491,21000000.0,21000000.0,86.9,,,
QTUMUSDT,QTUM,Mid,333,0.642,714773.0193,-5.17,32.562699799071524,-0.0042639412832882785,0.6999000000000001,0.9025599999999996,0.3960750234516906,0.38601532567049807,0.38601532567049807,0.6499861071195269,0.6288210732951153,0.6698888888888889,0.9586111111111113,macd_bearish_cross|uptrend|doji_4h,1,1,mixte,365,0,0,30,,,31.0,28.0,79.0,57.5,30.6,43,39.5,-4,≈ Neutre vs BTC,False,False,,0,,,,43,3,,MACD cross baissier,67995301,69115603,106074700.75,107822406.0,,98.4,,,
WUSDT,W,Mid,388,0.00878,666272.175895,-3.939,39.905214697921814,-2.1729570046851853e-05,0.009658799999999999,0.015861899999999998,0.5083313123925435,0.4793939393939394,0.4648484848484849,0.19299080298884,0.438218994804206,0.009001944444444444,0.014194444444444445,downtrend|bullish_engulfing_4h,1,1,mixte,365,0,0,30,,,31.0,28.0,79.0,57.5,30.1,43,39.46,-4,≈ Neutre vs BTC,False,False,,0,,,,43,3,,Volume ×0.2 (épuisement),55066355,88291582,6236874858.0,10000000000.0,10000000000.0,62.4,1529154965,$1.5B,-35.96
CFXUSDT,CFX,Mid,148,0.04254,551718.18885,-4.275,41.358782288178254,-0.0001908711210850334,0.045016200000000006,0.054707000000000006,0.49888356129309425,0.4511209593326381,0.44421272158498437,0.30036152273232297,0.5638335842225345,0.04266194444444445,0.06505416666666669,macd_bearish_cross|uptrend,1,1,mixte,365,0,0,30,,,31.0,28.0,79.0,57.5,30.6,43,39.5,-4,≈ Neutre vs BTC,False,False,,0,,,,43,5,⚠️ Surveiller,Volume ×0.3 (épuisement)|MACD cross baissier,222119587,222121511,5227163053.6,5227217346.14,,100.0,,,
COMPUSDT,COMP,Mid,184,16.55,345051.91767,-4.002,43.644134276571734,-0.032790531184194414,17.059400000000004,19.59855000000001,0.43802781541283903,0.3628355704697987,0.3049496644295302,0.28618903717364685,0.5243144940090173,16.07111111111111,23.503611111111113,macd_bearish_cross,0,1,baissier,365,0,0,30,,,31.0,28.0,79.0,47.0,30.6,43,37.12,-4,≈ Neutre vs BTC,False,False,,0,,,,43,5,⚠️ Surveiller,Volume ×0.3 (épuisement)|MACD cross baissier,165559079,165559079,10000000.0,10000000.0,10000000.0,100.0,1127261801,$1.1B,-4.37
SUSHIUSDT,SUSHI,Mid,461,0.1558,233468.06529,-6.031,41.22126011474889,-0.000696104050099209,0.16524799999999998,0.20812,0.494190318946559,0.41570805236017455,0.3808012693375645,0.1306946567405816,0.4312214602949271,0.15421111111111113,0.23133055555555554,macd_bearish_cross,0,1,baissier,365,0,0,30,,,31.0,28.0,79.0,47.0,30.6,43,37.12,-4,≈ Neutre vs BTC,False,False,,0,,,,43,5,⚠️ Surveiller,Volume ×0.1 (épuisement)|MACD cross baissier,45495851,45495851,291514753.9009228,291514753.9009228,,100.0,32831960,$33M,-3.61
BLURUSDT,BLUR,Mid,475,0.01454,221714.506194,-4.781,40.439415458692935,-0.0001383473187985218,0.016285599999999997,0.021649650000000006,1.4675445471279605,0.5005359056806002,0.4798142193640586,0.35667943803351604,0.4478972955905647,0.014745000000000001,0.026558333333333337,,0,0,neutre,365,0,0,30,,,31.0,28.0,49.0,47.0,50,43,36.48,-4,≈ Neutre vs BTC,False,False,,0,,,,43,3,,Volume ×0.4 (épuisement),41475748,43615838,2852799567.3515983,3000000000.0,3000000000.0,95.1,13556508,$14M,-7.15
SFPUSDT,SFP,Mid,252,0.2061,132805.5911,-5.023,36.66496841963613,-0.0004265480763954747,0.22511600000000015,0.27930049999999984,0.4828433022958842,0.3851210038840753,0.3851210038840753,0.3416296622347656,0.5018683565028685,0.21265277777777772,0.3190055555555555,macd_bearish_cross,0,1,baissier,365,0,0,30,,,31.0,28.0,79.0,47.0,30.6,43,37.12,-4,≈ Neutre vs BTC,False,False,,0,,,,43,5,⚠️ Surveiller,Volume ×0.3 (épuisement)|MACD cross baissier,102810550,102810550,500000000.0,500000000.0,500000000.0,100.0,,,
POLYXUSDT,POLYX,Mid,455,0.0338,125515.95076,-5.322,35.58798910938239,-0.00015022269263492184,0.037046,0.046010999999999996,0.48294654866674797,0.40597539543058003,0.40597539543058003,0.1697815485950854,0.6921551317789162,0.03519166666666667,0.05521944444444444,macd_bearish_cross|uptrend|doji_4h,1,1,mixte,365,0,0,30,,,31.0,28.0,79.0,47.0,30.6,43,37.12,-4,≈ Neutre vs BTC,False,False,,0,,,,43,5,⚠️ Surveiller,Volume ×0.2 (épuisement)|MACD cross baissier,43804598,43804598,1301922895.041984,1301922895.041984,,100.0,,,
ZBTUSDT,ZBT,Speculative,656,0.1145,1501312.6513,-1.293,52.21315142206104,0.0021010561951579926,0.11512799999999998,0.10964499999999988,1.7799301414638076,0.5591133004926109,0.43497536945812815,0.2887195551388132,-0.060975025118829414,0.10001666666666667,0.1795361111111111,macd_bullish_cross|downtrend|doji_4h,1,1,mixte,285,0,0,30,,,14.8,45.0,32.5,68.0,26.9,43,32.26,-4,≈ Neutre vs BTC,False,False,,0,,,,43,2,,Volume ×0.3 (épuisement),114083931,114083931,1000000000.0,1000000000.0,1000000000.0,100.0,54082867,$54M,-1.19
SAGAUSDT,SAGA,Speculative,,0.01257,723126.967069,-2.483,46.098125813496345,5.7963164777363426e-05,0.0131764,0.025966050000000008,0.7890042579067946,0.7284034373586613,0.7146087743102669,0.19400637242930283,0.18855593649880542,0.012386944444444443,0.024332222222222224,downtrend,0,1,baissier,365,0,0,30,,,17.0,37.0,49.0,57.5,26.9,43,31.08,-4,≈ Neutre vs BTC,False,False,,0,,,,43,2,,Volume ×0.2 (épuisement),,,,,,,,,
OPENUSDT,OPEN,Speculative,566,0.1585,608733.97915,-3.295,47.61916664704895,0.0019563514727388535,0.17673600000000003,0.178318,0.577143423708562,0.4612807148175726,0.40804169769173493,0.1308048235828887,0.13604143910955405,0.15060555555555555,0.23882777777777775,death_cross|downtrend|bullish_engulfing_4h,1,2,baissier,324,0,0,30,,,15.9,37.0,73.0,57.5,9.6,43,30.89,-4,≈ Neutre vs BTC,False,False,,0,,,,43,2,,Volume ×0.1 (épuisement),34179215,158604246,215500000.0,1000000000.0,1000000000.0,21.6,,,
ACTUSDT,ACT,Speculative,,0.00872,424533.728119,-5.114,47.75551287065026,5.84979925531424e-05,0.0092234,0.013581649999999995,1.2051128825479147,0.5209876543209877,0.4598765432098765,0.29164818801378195,0.3584698810657188,0.008323333333333334,0.015425833333333333,double_top_90d,0,1,baissier,365,0,0,30,,,17.0,37.0,49.0,47.0,23.6,43,28.51,-4,≈ Neutre vs BTC,False,False,,0,,,,43,4,⚠️ Surveiller,Volume ×0.3 (épuisement)|Double sommet,,,,,,,,,
OGUSDT,OG,Speculative,,2.423,403106.724,-5.573,37.24893326624449,-0.013668098388627144,2.6042,3.040525,0.5450941078755127,0.4030379746835443,0.3850632911392406,0.4007658745566837,0.48236400455258716,2.474027777777778,3.3076666666666674,macd_bearish_cross,0,1,baissier,365,0,0,30,,,17.0,28.0,79.0,47.0,30.6,43,29.65,-4,≈ Neutre vs BTC,False,False,,0,,,,43,5,⚠️ Surveiller,Volume ×0.4 (épuisement)|MACD cross baissier,,,,,,,,,
THEUSDT,THE,Speculative,,0.0516,397805.89143,-6.011,42.33989377366791,0.00014195191655559788,0.05887999999999998,0.1418855000000001,1.4746756066083753,0.5996621621621622,0.5633445945945946,0.2462524761103919,0.39610898414716283,0.05271111111111112,0.10371666666666665,,0,0,neutre,365,0,0,30,,,17.0,28.0,44.5,47.0,50,43,28.74,-4,≈ Neutre vs BTC,False,False,,0,,,,43,2,,Volume ×0.2 (épuisement),,,,,,,1249655,$1M,-2.17
RADUSDT,RAD,Speculative,1116,0.206,368657.4,-2.83,35.52097310295855,-0.0001962474128999101,0.21589999999999995,0.24246500000000018,0.20724568006410496,0.38507462686567173,0.38507462686567173,0.49937836255493556,0.30278748880184636,0.2088611111111112,0.3050555555555556,macd_bearish_cross,0,1,baissier,365,0,0,30,,,17.0,28.0,79.0,47.0,30.6,43,29.65,-4,≈ Neutre vs BTC,False,False,,0,,,,43,5,⚠️ Surveiller,Volume ×0.5 (épuisement)|MACD cross baissier,20632799,20632799,99998580.0,99998580.0,100000000.0,100.0,,,
SOMIUSDT,SOMI,Speculative,,0.0886,315269.07941,-8.566,29.59679176371482,-0.0006100097215114685,0.10336799999999999,0.16487500000000005,0.7180963581116384,0.5600794438927508,0.5600794438927508,0.3805355657556144,0.5800252605342392,0.0970638888888889,0.18691388888888885,macd_bearish_cross,0,1,baissier,330,0,0,30,,,16.0,19.0,55.0,47.0,30.6,43,26.62,-4,≈ Neutre vs BTC,False,False,,0,,,,43,5,⚠️ Surveiller,Volume ×0.4 (épuisement)|MACD cross baissier,,,,,,,,,
CITYUSDT,CITY,Speculative,,0.365,268561.75733,-4.948,35.14431201055115,-0.0018472090143594197,0.39139999999999986,0.5317750000000001,0.35672469964099524,0.4358578052550232,0.4358578052550232,0.35306231579246766,0.30644717139852207,0.37697222222222226,0.6141666666666669,macd_bearish_cross|doji_4h,0,1,baissier,365,0,0,30,,,17.0,28.0,79.0,47.0,30.6,43,29.65,-4,≈ Neutre vs BTC,False,False,,0,,,,43,5,⚠️ Surveiller,Volume ×0.4 (épuisement)|MACD cross baissier,,,,,,,,,
SCRTUSDT,SCRT,Speculative,,0.0352,264564.34207,-7.612,28.899568484599442,5.3498252660318796e-05,0.04854,0.0841825,1.1551059661070717,0.691292875989446,0.691292875989446,0.9608554219525094,0.4808193272115919,0.03981944444444444,0.10372222222222223,downtrend|doji_4h,0,1,baissier,365,0,0,30,,,17.0,28.0,44.5,47.0,26.9,43,27.36,-4,≈ Neutre vs BTC,False,False,,0,,,,43,0,,,,,,,,,,,
SLPUSDT,SLP,Speculative,829,0.000513,257963.898898,-6.216,43.794234406048204,-3.2097770323520174e-06,0.0005135999999999999,0.0006314200000000002,1.0165803646701554,0.4399008674101611,0.3643122676579926,0.8857811188281107,0.48093575549119394,0.0004747500000000001,0.0007359722222222223,macd_bearish_cross|doji_4h,0,1,baissier,365,0,0,30,,,17.0,37.0,58.0,47.0,30.6,43,29.47,-4,≈ Neutre vs BTC,False,False,,0,,,,43,3,,MACD cross baissier,18589477,18589432,36258514879.0,36258425603.0,,100.0,2846488,$3M,-11.73
BREVUSDT,BREV,Speculative,873,0.0686,249416.44622,-8.411,39.20719856038171,-0.00013445015810627388,0.07699600000000001,0.128792,1.0873276019943623,0.49150036954915005,0.49150036954915005,0.5088677990971426,0.4573506641319816,0.07209444444444445,0.12412777777777781,macd_bearish_cross|bullish_engulfing_4h,1,1,mixte,204,0,0,30,,,12.6,37.0,58.0,47.0,33.8,43,27.3,-4,≈ Neutre vs BTC,False,False,,0,,,,43,5,⚠️ Surveiller,Volume ×0.5 (épuisement)|MACD cross baissier,17177468,68709872,250000000.0,1000000000.0,1000000000.0,25.0,,,
BARUSDT,BAR,Speculative,,0.267,248762.00117,-3.957,38.26547143324085,-0.0007503670612608484,0.27891999999999995,0.433905,0.4228418717379302,0.4580777096114519,0.4539877300613496,0.2259566455979745,0.46821543053135667,0.2683888888888888,0.4425277777777778,macd_bearish_cross|uptrend|doji_4h,1,1,mixte,365,0,0,30,,,17.0,28.0,79.0,47.0,30.6,43,29.65,-4,≈ Neutre vs BTC,False,False,,0,,,,43,5,⚠️ Surveiller,Volume ×0.2 (épuisement)|MACD cross baissier,,,,,,,,,
NOTUSDT,NOT,Speculative,576,0.000339,243355.426997,-5.833,34.25955556346402,-1.5560183580298417e-06,0.00039148000000000004,0.0004262549999999999,0.5357564802872017,0.5108225108225108,0.5108225108225108,0.17726769448900187,0.32111475714741416,0.0003606111111111111,0.0005594722222222224,uptrend|doji_4h,1,0,haussier,365,0,0,30,,,17.0,19.0,65.5,47.0,50,43,28.92,-4,≈ Neutre vs BTC,False,False,,0,,,,43,3,,Volume ×0.2 (épuisement),33682259,34706418,99429405866.9074,102452755868.5205,102456956842.91,97.0,,,
ANKRUSDT,ANKR,Speculative,579,0.00333,239292.508688,-4.857,36.714711352869024,-1.3287409518631716e-05,0.0036262,0.004673299999999999,0.5537096552251348,0.3837638376383764,0.3837638376383764,0.16806679349094888,0.6467652157290821,0.00345,0.0050252777777777796,macd_bearish_cross,0,1,baissier,365,0,0,30,,,17.0,28.0,79.0,47.0,30.6,43,29.65,-4,≈ Neutre vs BTC,False,False,,0,,,,43,5,⚠️ Surveiller,Volume ×0.2 (épuisement)|MACD cross baissier,33365046,33365046,10000000000.0,10000000000.0,10000000000.0,100.0,19961214,$20M,-3.27
MAGICUSDT,MAGIC,Speculative,,0.0402,230974.72757,-5.412,38.739455047147366,-7.927107201056646e-06,0.043704,0.061615999999999976,0.5097193643008409,0.44959128065395104,0.44959128065395104,0.17729239063280694,0.6102381580178832,0.04150833333333333,0.06760833333333333,macd_bearish_cross|doji_4h,0,1,baissier,365,0,0,30,,,17.0,28.0,79.0,47.0,30.6,43,29.65,-4,≈ Neutre vs BTC,False,False,,0,,,,43,5,⚠️ Surveiller,Volume ×0.2 (épuisement)|MACD cross baissier,,,,,,,,,
JUVUSDT,JUV,Speculative,,0.309,202898.97106,-3.738,38.31550606669039,-0.000999771429894034,0.3293800000000001,0.4960099999999995,0.39431623812718736,0.4188679245283019,0.4169811320754717,0.16380850019412807,0.6046076134951627,0.31488888888888894,0.4922777777777778,macd_bearish_cross|doji_4h,0,1,baissier,365,0,0,30,,,17.0,28.0,79.0,47.0,30.6,43,29.65,-4,≈ Neutre vs BTC,False,False,,0,,,,43,5,⚠️ Surveiller,Volume ×0.2 (épuisement)|MACD cross baissier,,,,,,,,,
RAREUSDT,RARE,Speculative,,0.01188,200832.503163,-5.339,40.233000931806224,-3.4471359475363744e-05,0.012613,0.016578249999999996,0.41448196839720625,0.354054054054054,0.35189189189189185,0.2549655847547824,0.5876189966664639,0.01209111111111111,0.01762777777777778,macd_bearish_cross|uptrend|morning_star_4h,2,1,haussier,365,0,0,30,,,17.0,28.0,79.0,47.0,30.6,43,29.65,-4,≈ Neutre vs BTC,False,False,,0,,,,43,5,⚠️ Surveiller,Volume ×0.3 (épuisement)|MACD cross baissier,,,,,,,,,
BMTUSDT,BMT,Speculative,,0.01132,165945.922061,-4.553,39.71716530168459,-1.0728991450266445e-05,0.012254000000000001,0.015722450000000002,0.6098133478474808,0.38386041439476554,0.38222464558342417,0.24875465182439713,0.5704748638338795,0.011632777777777773,0.01707444444444444,rsi_bullish_divergence|macd_bearish_cross|uptrend,2,1,haussier,365,0,0,30,,,17.0,28.0,68.5,47.0,37.2,43,29.42,-4,≈ Neutre vs BTC,False,False,,0,,,,43,5,⚠️ Surveiller,Volume ×0.2 (épuisement)|MACD cross baissier,,,,,,,,,
ONGUSDT,ONG,Speculative,782,0.04261,152238.40943,-5.897,35.88623639773523,-0.00033460036328199216,0.04677200000000001,0.06469395,0.47940938312777925,0.4313073547014231,0.4313073547014231,0.3855078833869558,0.4531553441126968,0.044747222222222244,0.07235638888888889,macd_bearish_cross,0,1,baissier,365,0,0,30,,,17.0,28.0,79.0,47.0,30.6,43,29.65,-4,≈ Neutre vs BTC,False,False,,0,,,,43,5,⚠️ Surveiller,Volume ×0.4 (épuisement)|MACD cross baissier,20302841,34156320,475527590.0,800000000.0,1000000000.0,59.4,,,
CTKUSDT,CTK,Speculative,933,0.0945,84220.49371,-6.988,33.19769499331487,9.642117507888386e-05,0.11024199999999999,0.17078749999999993,0.5649130915720163,0.5265531062124248,0.5265531062124248,0.14810448866347523,0.6133363505614969,0.10156388888888888,0.18895,,0,0,neutre,365,0,0,30,,,17.0,19.0,65.5,47.0,50,43,28.92,-4,≈ Neutre vs BTC,False,False,,0,,,,43,2,,Volume ×0.1 (épuisement),15299105,15299811,161986346.0,161994508.0,,100.0,,,
CTSIUSDT,CTSI,Speculative,788,0.02145,82181.87024,-4.836,36.92599516819217,-0.00010484962380388372,0.022990800000000006,0.027786899999999982,0.44053997280801205,0.39355385920271413,0.39355385920271413,0.07389708276055716,0.6802498319058216,0.02194111111111111,0.03324277777777779,macd_bearish_cross,0,1,baissier,365,0,0,30,,,17.0,28.0,79.0,47.0,30.6,43,29.65,-4,≈ Neutre vs BTC,False,False,,0,,,,43,5,⚠️ Surveiller,Volume ×0.1 (épuisement)|MACD cross baissier,21546798,21546798,1000000000.0,1000000000.0,1000000000.0,100.0,,,
QKCUSDT,QKC,Speculative,,0.001927,74148.52551,-2.282,40.68123517968478,1.0960547673642077e-05,0.00208344,0.0029690949999999997,0.3487422977269901,0.4464658514762899,0.42588726513569936,0.4719571380245372,0.5679137136237338,0.0019210000000000006,0.003183611111111111,evening_star_4h,0,1,baissier,365,0,0,30,,,17.0,28.0,79.0,47.0,29.5,43,29.58,-4,≈ Neutre vs BTC,False,False,,0,,,,43,4,⚠️ Surveiller,Volume ×0.5 (épuisement)|Étoile du soir 4h,,,,,,,,,
HBARUSDT,HBAR,Etabli,30,0.06795,4968079.05551,-1.976,42.54946416648636,0.0004194776765185681,0.07309760000000001,0.08924615,0.46937343526356107,0.3357524443100494,0.3146860195544805,0.452681225358829,0.5802085874464765,0.06797083333333334,0.0941025,downtrend,0,1,baissier,365,0,0,30,,,45.0,28.0,79.0,68.0,26.9,42,49.12,-5,≈ Neutre vs BTC,False,False,,0,,,,42,2,,Volume ×0.5 (épuisement),2977507200,3399671914,43791096251.84879,50000000000.0,50000000000.0,87.6,,,
ALGOUSDT,ALGO,Etabli,81,0.0801,2015664.1742,-3.957,37.62713500494934,3.2864080903203695e-05,0.087196,0.1007855,0.39622414682367607,0.40119760479041916,0.40044910179640714,0.414374563698113,0.48070229922129937,0.08274166666666664,0.12351944444444446,double_top_90d,0,1,baissier,365,0,0,30,,,45.0,28.0,79.0,68.0,23.6,42,48.92,-5,≈ Neutre vs BTC,False,False,,0,🔥 Trending #15 sur CoinGecko,15,,42,4,⚠️ Surveiller,Volume ×0.4 (épuisement)|Double sommet,718093384,718093384,8969018347.04063,8969018347.04063,10000000000.0,100.0,,,
SKYUSDT,SKY,Etabli,55,0.05572,711002.65592,-3.23,41.810111114092635,-0.0006935290820665845,0.057313800000000005,0.06745894999999999,0.7217215356512008,0.39892643650115894,0.3192631450530682,0.24226100531052017,0.47069097093272816,0.05346083333333333,0.07775472222222223,macd_bearish_cross,0,1,baissier,315,0,0,30,,,43.6,28.0,68.5,57.5,30.6,42,45.61,-5,≈ Neutre vs BTC,False,False,,0,,,,42,5,⚠️ Surveiller,Volume ×0.2 (épuisement)|MACD cross baissier,1302457712,1307258812,23376495055.687836,23462665147.36596,23462665147.3,99.6,5730238672,$5.7B,-6.06
VIRTUALUSDT,VIRTUAL,Mid,112,0.5668,3184527.02887,-6.034,44.04486755037625,-0.005306972439174259,0.5840660000000002,0.686147,0.8168526810994043,0.4378818737270876,0.3928609711651838,0.286464903833016,0.5676115153830945,0.535888888888889,0.8269472222222222,macd_bearish_cross|uptrend|doji_4h,1,1,mixte,365,0,0,30,,,31.0,28.0,68.5,68.0,30.6,42,41.24,-5,≈ Neutre vs BTC,False,False,,0,,,,42,5,⚠️ Surveiller,Volume ×0.3 (épuisement)|MACD cross baissier,372572382,566637668,657514320.8473985,1000000000.0,1000000000.0,65.8,,,
SEIUSDT,SEI,Mid,128,0.04325,3126248.913509,-4.314,35.162906852561306,-0.0002035087543398855,0.049677799999999994,0.06542025,0.49112218888495374,0.4463157894736842,0.43,0.32188783019549,0.5228638658878729,0.04575305555555556,0.06803444444444444,downtrend,0,1,baissier,365,0,0,30,,,31.0,28.0,79.0,68.0,26.9,42,41.65,-5,≈ Neutre vs BTC,False,False,,0,,,,42,3,,Volume ×0.3 (épuisement),290161834,430933416,6733333333.0,10000000000.0,,67.3,,,
FLOKIUSDT,FLOKI,Mid,161,2.078e-05,1612600.9914681,-5.46,40.14528444431413,4.8777900413004315e-08,2.30916e-05,3.0036350000000006e-05,0.5942074846567813,0.44483128012854845,0.44376004284949117,0.2902972393033055,0.6092333031697604,2.1349722222222214e-05,3.401666666666666e-05,downtrend,0,1,baissier,365,0,0,30,,,31.0,28.0,79.0,68.0,26.9,42,41.65,-5,≈ Neutre vs BTC,False,False,,0,,,,42,2,,Volume ×0.3 (épuisement),200574891,415853130,9646429299562.291,9646429299562.291,20000000000000.0,100.0,9232837,$9M,-2.59
SNXUSDT,SNX,Mid,224,0.213,912222.2329,-3.182,42.90956535235754,-0.0010276042314826955,0.22998000000000005,0.30317499999999964,0.8072778052159377,0.45355191256830596,0.4180327868852459,0.4327340172427904,0.5064957485109927,0.21397222222222223,0.3354166666666667,macd_bearish_cross|morning_star_4h,1,1,mixte,365,0,0,30,,,31.0,28.0,68.5,57.5,30.6,42,38.87,-5,≈ Neutre vs BTC,False,False,,0,,,,42,5,⚠️ Surveiller,Volume ×0.4 (épuisement)|MACD cross baissier,124293737,124384368,580980590.4572881,581404223.5556631,,99.9,,,
XTZUSDT,XTZ,Mid,147,0.206,554239.66758,-6.576,35.32062044890928,-0.0014781755688460527,0.22873600000000002,0.35485300000000003,0.7500449165762383,0.49438482655353133,0.4863988020963314,0.3235230127525829,0.6164531523488546,0.21481388888888886,0.3758277777777779,macd_bearish_cross|uptrend,1,1,mixte,365,0,0,30,,,31.0,28.0,68.5,57.5,30.6,42,38.87,-5,≈ Neutre vs BTC,False,False,,0,,,,42,5,⚠️ Surveiller,Volume ×0.3 (épuisement)|MACD cross baissier,224548079,228657287,1091833157.104477,1111814110.932593,,98.2,,,
BABYUSDT,BABY,Mid,432,0.01164,514343.45946,-8.562,36.083004775310734,-5.165850148266724e-05,0.013627399999999994,0.014745350000000004,0.512338157394268,0.4146464646464647,0.4075757575757576,0.1909445539595802,0.13011816810387972,0.01248388888888889,0.019050277777777777,macd_bearish_cross,0,1,baissier,365,0,0,30,,,31.0,28.0,73.0,57.5,30.6,42,39.14,-5,≈ Neutre vs BTC,False,False,,0,,,,42,5,⚠️ Surveiller,Volume ×0.2 (épuisement)|MACD cross baissier,47163452,127609987,4027407342.98,10896949039.0,,37.0,3249647804,$3.2B,-3.77
VETUSDT,VET,Mid,109,0.004522,498574.1817903,-3.52,40.207151752867404,-1.5446496660402354e-05,0.00477872,0.00692813,0.4561893613067661,0.45052737317930697,0.43068809643395284,0.20735458348328167,0.7424355727021167,0.004539916666666668,0.007401638888888889,macd_bearish_cross,0,1,baissier,365,0,0,30,,,31.0,28.0,71.0,47.0,30.6,42,36.64,-5,≈ Neutre vs BTC,False,False,,0,,,,42,5,⚠️ Surveiller,Volume ×0.2 (épuisement)|MACD cross baissier,388886963,388886963,85985041177.0,85985041177.0,86712634466.0,100.0,,,
NEOUSDT,NEO,Mid,211,1.897,384241.21544,-3.264,39.18958031619708,-0.0013208001785527772,2.0320799999999997,2.6846950000000005,0.386403876465675,0.4276155717761557,0.4215328467153285,0.3909916603811079,0.7167852053889002,1.9189444444444446,3.0200555555555555,macd_bearish_cross|uptrend,1,1,mixte,365,0,0,30,,,31.0,28.0,71.0,47.0,30.6,42,36.64,-5,≈ Neutre vs BTC,False,False,,0,,,,42,5,⚠️ Surveiller,Volume ×0.4 (épuisement)|MACD cross baissier,134099390,190130993,70530000.0,100000000.0,,70.5,,,
MINAUSDT,MINA,Mid,384,0.0427,310270.79711,-3.175,44.394600371478404,-0.00023970733129927615,0.04336599999999999,0.058004000000000014,0.7802501516597607,0.4521739130434783,0.37826086956521743,0.36600425457309865,0.6214978383862321,0.040055555555555566,0.06325833333333335,macd_bearish_cross,0,1,baissier,365,0,0,30,,,31.0,28.0,68.5,47.0,30.6,42,36.49,-5,≈ Neutre vs BTC,False,False,,0,,,,42,5,⚠️ Surveiller,Volume ×0.4 (épuisement)|MACD cross baissier,55509059,55509059,1293631019.840039,1293631019.840039,,100.0,,,
ZILUSDT,ZIL,Mid,439,0.002347,278481.7009222,-0.424,29.940535310509105,-2.874713429959052e-05,0.0029290999999999987,0.0038997750000000003,0.5350181026521539,0.47680180180180187,0.4646396396396396,0.8012814194932313,0.5791950824254464,0.0026660277777777767,0.004206666666666667,double_top_90d|downtrend,0,2,baissier,365,0,0,30,,,31.0,28.0,79.0,47.0,0.5,42,35.31,-5,≈ Neutre vs BTC,False,False,,0,,,,42,3,,Double sommet,46261703,48669116,19513551525.0,20529034205.83589,21000000000.0,95.1,,,
NMRUSDT,NMR,Mid,369,8.53,264194.1068,-3.941,33.54572748858698,-0.17121003947983016,9.213199999999999,8.678450000000002,0.5510759997265846,0.26269531250000006,0.1798076923076924,0.25874885316133706,0.3007016071852926,8.177777777777775,10.072222222222223,double_top_90d,0,1,baissier,365,0,0,30,,,31.0,27.0,83.5,47.0,23.6,42,36.85,-5,≈ Neutre vs BTC,False,False,,0,,,,42,5,⚠️ Surveiller,Volume ×0.3 (épuisement)|Double sommet,60009766,90702851,7031817.050721407,10628367.64219291,11000000.0,66.2,,,
GASUSDT,GAS,Mid,361,0.949,218664.9189,-5.76,32.98884477328424,-0.005457509333364929,1.06348,1.5100550000000001,0.5310655301565079,0.46448703494926724,0.46448703494926724,0.585199801858394,0.7119574416202122,1.012833333333333,1.6612777777777774,macd_bearish_cross,0,1,baissier,365,0,0,30,,,31.0,28.0,71.0,47.0,30.6,42,36.64,-5,≈ Neutre vs BTC,False,False,,0,,,,42,5,⚠️ Surveiller,Volume ×0.6 (épuisement)|MACD cross baissier,61863322,61863322,65093580.54427269,65093580.54427269,,100.0,,,
REDUSDT,RED,Mid,458,0.0925,172029.2761,-5.225,37.155197058698505,-0.0011206670088342173,0.09998399999999999,0.14300849999999996,0.5957290686188356,0.4206092028515878,0.39792611795204147,0.1477043420324632,0.5799481130615872,0.09219999999999999,0.14320000000000002,downtrend,0,1,baissier,365,0,0,30,,,31.0,28.0,79.0,47.0,26.9,42,36.9,-5,≈ Neutre vs BTC,False,False,,0,,,,42,3,,Volume ×0.1 (épuisement),42907623,92786504,462433886.0,1000000000.0,1000000000.0,46.2,,,
DCRUSDT,DCR,Mid,164,11.16,149968.3029,-3.209,38.7346752324457,-0.15217167481130323,11.835600000000001,18.978950000000005,0.6081357292074187,0.4717999019127023,0.4502206964198136,0.1877091473313537,0.5917177326149679,11.068333333333333,19.117222222222225,macd_bearish_cross|uptrend,1,1,mixte,365,0,0,30,,,31.0,28.0,68.5,47.0,30.6,42,36.49,-5,≈ Neutre vs BTC,False,False,,0,,,,42,5,⚠️ Surveiller,Volume ×0.2 (épuisement)|MACD cross baissier,196111524,196116356,17530855.14814315,17531311.50057438,21000000.0,100.0,,,
COWUSDT,COW,Mid,309,0.1281,110466.72153,-5.601,35.20010328678828,-0.00040310988000874905,0.14415000000000003,0.18445249999999994,0.488942752144645,0.3432529502308876,0.3432529502308876,0.23109549051457376,0.5660389956658173,0.13344166666666663,0.18462222222222222,downtrend,0,1,baissier,365,0,0,30,,,31.0,28.0,79.0,47.0,26.9,42,36.9,-5,≈ Neutre vs BTC,False,False,,0,,,,42,3,,Volume ×0.2 (épuisement),73912691,128083985,577064267.6185019,1000000000.0,1000000000.0,57.7,,,
TFUELUSDT,TFUEL,Mid,386,0.00742,87555.2184,-5.236,38.456310261741365,-2.1042653974190996e-05,0.007959199999999998,0.011872049999999997,0.4715487515705675,0.4080645161290322,0.39999999999999997,0.259426039516117,0.7123464196764523,0.007641666666666667,0.011569444444444443,macd_bearish_cross|doji_4h,0,1,baissier,365,0,0,30,,,31.0,28.0,71.0,47.0,30.6,42,36.64,-5,≈ Neutre vs BTC,False,False,,0,,,,42,5,⚠️ Surveiller,Volume ×0.3 (épuisement)|MACD cross baissier,55068690,55072387,7413069569.0,7413584427.0,,100.0,,,
SYNUSDT,SYN,Speculative,590,0.14309,2812387.562168,1.655,38.47577700274932,-0.011067986707689027,0.24000799999999997,0.09939500000000001,2.687151325463948,0.7479950319375444,0.7419268985095813,0.3223214458394119,0.05065586163155431,0.039011111111111114,0.41908694444444444,,0,0,neutre,365,0,0,30,,,17.0,36.0,28.0,68.0,50,42,33.47,-5,≈ Neutre vs BTC,False,False,,0,,,,42,3,,Volume ×0.3 (épuisement),32518213,37109974,219066529.0,250000000.0,250000000.0,87.6,11612036,$12M,-0.76
HOMEUSDT,HOME,Speculative,709,0.00575,2332738.44952,-0.519,30.412175263616973,0.00010480915508699357,0.0172818,0.022588899999999995,2.5639974047714014,0.9035057271780631,0.900208261020479,1.0889899476828375,-0.12562194457712592,0.008945,0.03885166666666667,macd_bullish_cross|bullish_engulfing_4h,2,0,haussier,365,0,0,30,,,17.0,37.0,22.0,68.0,53.2,42,33.42,-5,≈ Neutre vs BTC,False,False,,0,,,,42,0,,,24561715,57611138,4263362268.52,10000000000.0,10000000000.0,42.6,,,
HEMIUSDT,HEMI,Speculative,,0.00453,752736.814613,-3.205,46.27021871471038,-1.453022678043113e-06,0.004996200000000001,0.008063900000000006,2.072339932665191,0.5426105717367854,0.5091693635382956,0.30941522406684097,0.3305977678889067,0.004412222222222222,0.00825472222222222,macd_bearish_cross,0,1,baissier,309,0,0,30,,,15.5,37.0,34.0,57.5,30.6,42,29.59,-5,≈ Neutre vs BTC,False,False,,0,,,,42,5,⚠️ Surveiller,Volume ×0.3 (épuisement)|MACD cross baissier,,,,,,,33162188,$33M,-2.84
HMSTRUSDT,HMSTR,Speculative,,0.0001722,626708.2511374,-1.431,43.97796919108994,-2.1045091752050996e-06,0.00019600199999999997,0.00017744249999999997,2.536465361844769,0.5621181262729125,0.5621181262729125,0.18142510962920566,0.19052720514152263,0.00014759722222222225,0.00024859166666666674,,0,0,neutre,365,0,0,30,,,17.0,36.0,28.0,57.5,50,42,31.09,-5,≈ Neutre vs BTC,False,False,,0,,,,42,3,,Volume ×0.2 (épuisement),,,,,,,,,
ALICEUSDT,ALICE,Speculative,,0.1185,520527.331903,-0.671,47.52435513139927,-0.0003694155775996695,0.11972399999999998,0.12803750000000008,0.9391589934278332,0.36186770428015563,0.28285887341005445,0.25027222901869506,0.386769197348397,0.10543611111111112,0.1515694444444444,macd_bearish_cross|shooting_star_4h,0,2,baissier,365,0,0,30,,,17.0,37.0,73.0,57.5,4.3,42,31.17,-5,≈ Neutre vs BTC,False,False,,0,,,,42,7,🔴 Sortie,Volume ×0.3 (épuisement)|Étoile filante 4h|MACD cross baissier,,,,,,,,,
KATUSDT,KAT,Speculative,,0.00443,515073.43214,-6.54,36.81665738947316,-4.270721987710568e-06,0.0051952000000000005,,0.7454556457826405,0.5838800374882849,0.5838800374882849,0.21753461634377194,0.359277044504015,0.004714166666666668,0.009696944444444446,macd_bearish_cross|uptrend,1,1,mixte,133,0,0,30,,,10.6,36.0,55.0,57.5,30.6,42,28.15,-5,≈ Neutre vs BTC,False,False,,0,,,,42,5,⚠️ Surveiller,Volume ×0.2 (épuisement)|MACD cross baissier,,,,,,,,,
STRAXUSDT,STRAX,Speculative,800,0.00894,315072.747,-1.325,37.56368877772034,-4.786554675400827e-05,0.0098284,0.013436050000000001,0.4393429360093633,0.48164281269446174,0.4455507156191662,0.36566353955629577,0.19117078867110127,0.009007499999999998,0.013884444444444442,macd_bearish_cross|doji_4h,0,1,baissier,365,0,0,30,,,17.0,28.0,73.0,47.0,30.6,42,29.29,-5,≈ Neutre vs BTC,False,False,,0,,,,42,5,⚠️ Surveiller,Volume ×0.4 (épuisement)|MACD cross baissier,19525107,19525107,2190325641.294247,2190325641.294247,,100.0,,,
C98USDT,C98,Speculative,,0.01182,270098.025184,-6.856,36.64688595225603,-7.626890546092965e-05,0.013296799999999998,0.021013200000000003,0.5951609481192508,0.5008583690987125,0.4914163090128756,0.38049298034217816,0.6103691732741756,0.01246972222222222,0.021661111111111107,macd_bearish_cross|uptrend,1,1,mixte,365,0,0,30,,,17.0,28.0,70.0,47.0,30.6,42,29.11,-5,≈ Neutre vs BTC,False,False,,0,,,,42,5,⚠️ Surveiller,Volume ×0.4 (épuisement)|MACD cross baissier,,,,,,,,,
DUSKUSDT,DUSK,Speculative,541,0.0616,228718.7021,-4.05,31.641018914394223,-0.0002012881348466642,0.07798000000000001,0.10737849999999996,0.6412422683931698,0.6133162612035851,0.6062740076824584,0.28151125126980814,0.4190142016586835,0.06882222222222223,0.14595833333333333,,0,0,neutre,365,0,0,30,,,17.0,19.0,55.0,47.0,50,42,28.29,-5,≈ Neutre vs BTC,False,False,,0,,,,42,3,,Volume ×0.3 (épuisement),30767567,30767567,500000000.0,595675520.585997,1000000000.0,83.9,,,
SANDUSDT,SAND,Mid,240,0.04241,630366.00391,-5.651,31.59669169271072,-0.00026379668600784705,0.0492896,0.07684760000000003,0.45762727764739586,0.4888221153846154,0.4888221153846154,0.2661547962512853,0.6905740474618294,0.04615527777777778,0.07684861111111112,macd_bearish_cross,0,1,baissier,365,0,0,30,,,31.0,19.0,79.0,57.5,30.6,41,38.42,-6,≈ Neutre vs BTC,False,False,,0,,,,41,5,⚠️ Surveiller,Volume ×0.3 (épuisement)|MACD cross baissier,127345601,127345601,3000000000.0,3000000000.0,3000000000.0,100.0,,,
RVNUSDT,RVN,Mid,379,0.00348,207946.536402,-5.177,31.489458825276046,-1.3885772334278515e-05,0.0039398,0.0054208999999999985,0.5553062469310454,0.45625000000000004,0.45625000000000004,0.4650149038456193,0.6671343967189605,0.003703055555555556,0.006005833333333335,macd_bearish_cross,0,1,baissier,365,0,0,30,,,31.0,19.0,79.0,47.0,30.6,41,36.04,-6,≈ Neutre vs BTC,False,False,,0,,,,41,5,⚠️ Surveiller,Volume ×0.5 (épuisement)|MACD cross baissier,57021332,57029834,16372920441.212675,16375392941.21267,21000000000.0,100.0,,,
OPNUSDT,OPN,Speculative,,0.0519,3178922.61794,-12.479,35.653826209117426,-3.935763182559733e-05,0.067956,,1.1601917258964052,0.8003846153846154,0.8003846153846154,0.6951994213737,0.0359369072492743,0.05978611111111111,0.20185833333333336,macd_bearish_cross,0,1,baissier,146,0,0,30,,,11.0,45.0,32.5,68.0,30.6,41,30.45,-6,≈ Neutre vs BTC,False,False,,0,,,,41,3,,MACD cross baissier,,,,,,,3915014,$4M,-5.43
NEIROUSDT,NEIRO,Speculative,696,5.984e-05,1067329.02398846,-2.952,44.73922398017169,2.414580559069234e-07,6.36742e-05,7.819915e-05,0.6475506380458584,0.4443155452436195,0.4223704563031709,0.21450679738564393,0.5797148103710182,5.954444444444444e-05,9.862333333333333e-05,downtrend,0,1,baissier,365,0,0,30,,,17.0,28.0,68.5,68.0,26.9,41,33.55,-6,≈ Neutre vs BTC,False,False,,0,,,,41,2,,Volume ×0.2 (épuisement),25121540,25121540,420690000000.0,420690000000.0,420690000000.0,100.0,,,
EDENUSDT,EDEN,Speculative,912,0.04025,983090.801382,-8.105,40.966414770888555,-4.225122071060245e-05,0.0439078,0.043490949999999994,0.6832331836314509,0.6852003270645953,0.671954210956664,0.21460265181340935,0.17859749403466332,0.03790861111111112,0.07663944444444444,macd_bearish_cross,0,1,baissier,302,0,0,30,,,15.3,36.0,49.0,57.5,30.6,41,30.26,-6,≈ Neutre vs BTC,False,False,,0,,,,41,5,⚠️ Surveiller,Volume ×0.2 (épuisement)|MACD cross baissier,40120539,40120539,1000000000.0,1000000000.0,1000000000.0,100.0,,,
GUNUSDT,GUN,Speculative,,0.00317,428188.76005,-7.849,24.043833894721374,2.9086781013422933e-05,0.004587000000000001,0.01580749999999999,0.677741712401139,0.8017456359102244,0.8017456359102244,0.5156812530672313,0.4725905055031251,0.003715,0.014837500000000003,downtrend|doji_4h,0,1,baissier,365,0,0,30,,,17.0,19.0,49.0,47.0,26.9,41,26.55,-6,≈ Neutre vs BTC,False,False,,0,,,,41,2,,Volume ×0.5 (épuisement),,,,,,,,,
STEEMUSDT,STEEM,Speculative,779,0.03679,206971.899783,-6.719,33.142791027613825,-0.00012009917750478868,0.041254000000000006,0.05390864999999999,0.4105173284260799,0.3976551050317537,0.3976551050317537,0.2841850338917563,0.6618972755299083,0.039135277777777776,0.05924611111111111,macd_bearish_cross,0,1,baissier,365,0,0,30,,,17.0,19.0,79.0,47.0,30.6,41,28.57,-6,≈ Neutre vs BTC,False,False,,0,,,,41,5,⚠️ Surveiller,Volume ×0.3 (épuisement)|MACD cross baissier,20443402,20443987,553868413.451,553885548.737,,100.0,,,
ACMUSDT,ACM,Speculative,,0.27,183074.5823,-3.571,32.36523819061807,-0.00043925213500846036,0.29330000000000006,0.3988750000000001,0.35041437951041876,0.4206008583690987,0.4206008583690987,0.27140212853592505,0.6369050326342574,0.280638888888889,0.43136111111111103,macd_bearish_cross|doji_4h,0,1,baissier,365,0,0,30,,,17.0,19.0,79.0,47.0,30.6,41,28.57,-6,≈ Neutre vs BTC,False,False,,0,,,,41,5,⚠️ Surveiller,Volume ×0.3 (épuisement)|MACD cross baissier,,,,,,,,,
VTHOUSDT,VTHO,Speculative,564,0.000337,146370.499975,-5.337,32.607128634786065,-1.4074693125509824e-06,0.00037396000000000006,0.0005431150000000003,0.38305469715909035,0.4593301435406698,0.4593301435406698,0.3231839774510465,0.6263381894806734,0.0003568611111111111,0.0005890555555555557,macd_bearish_cross,0,1,baissier,365,0,0,30,,,17.0,19.0,79.0,47.0,30.6,41,28.57,-6,≈ Neutre vs BTC,False,False,,0,,,,41,5,⚠️ Surveiller,Volume ×0.3 (épuisement)|MACD cross baissier,34353336,34354943,101802097741.0,101807272320.0,,100.0,,,
CETUSUSDT,CETUS,Speculative,893,0.01722,144179.04862,-5.228,38.95587821605856,-0.00012002356165312272,0.0181982,0.021116349999999996,0.5433240971012897,0.5556149732620321,0.5387700534759359,0.20330301376554974,0.5954994545294224,0.017281666666666664,0.03032694444444444,macd_bearish_cross|uptrend,1,1,mixte,365,0,0,30,,,17.0,28.0,65.5,47.0,30.6,41,28.84,-6,≈ Neutre vs BTC,False,False,,0,,,,41,5,⚠️ Surveiller,Volume ×0.2 (épuisement)|MACD cross baissier,16501791,17251872,956521739.0,1000000000.0,1000000000.0,95.7,24733471,$25M,
WAXPUSDT,WAXP,Speculative,874,0.00368,138290.48072,-5.882,34.717691141344446,-3.946689660023133e-06,0.0041428,0.00614635,0.47467147172470525,0.49382716049382713,0.49382716049382713,0.44953417798972645,0.6030652265140417,0.003898333333333333,0.006810833333333334,macd_bearish_cross,0,1,baissier,365,0,0,30,,,17.0,19.0,79.0,47.0,30.6,41,28.57,-6,≈ Neutre vs BTC,False,False,,0,,,,41,5,⚠️ Surveiller,Volume ×0.4 (épuisement)|MACD cross baissier,17140176,17140176,4650374397.00379,4650374397.00379,,100.0,,,
MTLUSDT,MTL,Speculative,818,0.205,95484.1346,-5.963,31.534231221048998,-0.0009001279760488378,0.23172000000000004,0.2825799999999997,0.4140282902426561,0.38988095238095244,0.38988095238095244,0.31911899428746837,0.6869263242254576,0.2196944444444445,0.31816666666666654,macd_bearish_cross|doji_4h,0,1,baissier,365,0,0,30,,,17.0,19.0,79.0,47.0,30.6,41,28.57,-6,≈ Neutre vs BTC,False,False,,0,,,,41,5,⚠️ Surveiller,Volume ×0.3 (épuisement)|MACD cross baissier,18864890,18864890,92068885.0,92068885.0,,100.0,,,
CVCUSDT,CVC,Speculative,952,0.01834,65069.76551,-6.333,31.243427509879666,-2.1541721731967514e-05,0.0208368,0.02978445000000001,0.39559584275313125,0.4587992937021778,0.4587992937021778,0.252021214302961,0.6711960111813694,0.01960083333333333,0.03207,macd_bearish_cross,0,1,baissier,365,0,0,30,,,17.0,19.0,79.0,47.0,30.6,41,28.57,-6,≈ Neutre vs BTC,False,False,,0,,,,41,5,⚠️ Surveiller,Volume ×0.3 (épuisement)|MACD cross baissier,18313345,18313345,1000000000.0,1000000000.0,,100.0,,,
ADAUSDT,ADA,Etabli,19,0.1575,21204745.16984,-4.661,41.67589225126909,-0.0008388002442017027,0.164428,0.24491300000000002,0.720388457664028,0.4907932011331444,0.4419263456090652,0.47448268253447906,0.7539954112312177,0.15159444444444448,0.26362777777777774,macd_bearish_cross,0,1,baissier,365,0,0,30,,,45.0,28.0,60.5,78.5,30.6,40,50.61,-7,≈ Neutre vs BTC,False,False,,0,,,,40,5,⚠️ Surveiller,Volume ×0.5 (épuisement)|MACD cross baissier,5889932161,7105771670,37300234171.22217,45000000000.0,45000000000.0,82.9,,,
ALLOUSDT,ALLO,Mid,287,0.3438,8102704.44138,7.203,43.28182570244337,-0.01702671343630468,0.38663,0.18197100000000002,2.5413210767489947,0.4822938085446653,0.3332688961917649,0.3364004762701432,-0.08211941471164422,0.08841111111111111,0.46900555555555556,macd_bearish_cross|uptrend,1,1,mixte,260,0,0,30,,,28.1,36.0,41.5,78.5,30.6,40,41.43,-7,≈ Neutre vs BTC,False,False,,0,,,,40,5,⚠️ Surveiller,Volume ×0.3 (épuisement)|MACD cross baissier,83032855,272306153,240184290.12936118,787684352.0683727,1000000000.0,30.5,,,
2ZUSDT,2Z,Mid,160,0.05835,173436.1613,-4.595,30.08814739283808,-0.0006911371590824305,0.0676798,0.08430315000000004,0.5218242447716941,0.4846767050487157,0.4846767050487157,0.16159382298269864,0.47974443213879037,0.06297055555555556,0.10235111111111111,downtrend,0,1,baissier,300,0,0,30,,,29.2,19.0,79.0,47.0,26.9,40,34.87,-7,≈ Neutre vs BTC,False,False,,0,,,,40,3,,Volume ×0.2 (épuisement),201614098,580975816,3469654972.8,9998237472.8,10000000000.0,34.7,110414841,$110M,-6.78
TNSRUSDT,TNSR,Speculative,1122,0.0303,585607.41,-5.016,42.31406503221365,-9.22071828651182e-05,0.03287399999999999,0.04230349999999999,0.6325548944075391,0.4004329004329004,0.3441558441558441,0.3801349676673853,0.20649845926781238,0.029427777777777782,0.04302499999999999,downtrend,0,1,baissier,365,0,0,30,,,17.0,28.0,62.5,57.5,26.9,40,30.81,-7,≈ Neutre vs BTC,False,False,,0,,,,40,3,,Volume ×0.4 (épuisement),30322935,30322935,1000000000.0,1000000000.0,1000000000.0,100.0,,,
HYPERUSDT,HYPER,Speculative,773,0.0617,414633.99773,-3.744,35.294830502067896,-0.00022574697285497602,0.07239000000000001,0.09463400000000005,0.5612739120154229,0.5064516129032258,0.5016129032258064,0.2893117531724649,0.4655215141242048,0.06543333333333336,0.11721388888888885,downtrend|doji_4h,0,1,baissier,365,0,0,30,,,17.0,28.0,65.5,47.0,26.9,40,28.62,-7,≈ Neutre vs BTC,False,False,,0,,,,40,3,,Volume ×0.3 (épuisement),20900944,49897472,338174017.0,807333335.0000001,1000000000.0,41.9,85015817,$85M,-1.0
OGNUSDT,OGN,Speculative,,0.01571,403691.06046,-5.815,41.92066643345113,-0.00012770247452793305,0.016711599999999997,0.021725399999999995,1.0334046212711727,0.4204228161148783,0.37136019146390103,0.4251887191277174,0.44060308525392433,0.015589444444444446,0.024021111111111104,macd_bearish_cross|uptrend|doji_4h,1,1,mixte,365,0,0,30,,,17.0,28.0,58.0,47.0,30.6,40,28.39,-7,≈ Neutre vs BTC,False,False,,0,,,,40,5,⚠️ Surveiller,Volume ×0.4 (épuisement)|MACD cross baissier,,,,,,,32412341,$32M,-5.16
USUALUSDT,USUAL,Speculative,957,0.00809,379331.512492,-8.381,38.42484874182279,-1.5186910708019183e-05,0.009226400000000001,0.014235349999999996,0.6760793197024284,0.5306358381502889,0.5306358381502889,0.3984555825474368,0.6580027055697006,0.008556388888888888,0.015595000000000001,macd_bearish_cross,0,1,baissier,365,0,0,30,,,17.0,28.0,55.0,47.0,30.6,40,28.21,-7,≈ Neutre vs BTC,False,False,,0,,,,40,5,⚠️ Surveiller,Volume ×0.4 (épuisement)|MACD cross baissier,15057834,15198143,1858355554.371447,1875671755.824842,3000000000.0,99.1,94698368,$95M,-0.19
MEUSDT,ME,Speculative,540,0.06041,252698.2976991,-6.832,41.617717044337674,-8.291417434803683e-05,0.06262039999999999,0.11063860000000002,0.7377278876310008,0.5369975389663658,0.5037735849056604,0.21186175500634763,0.5720592310700712,0.05914055555555554,0.11070277777777779,macd_bearish_cross|uptrend,1,1,mixte,365,0,0,30,,,17.0,28.0,55.0,47.0,30.6,40,28.21,-7,≈ Neutre vs BTC,False,False,,0,,,,40,5,⚠️ Surveiller,Volume ×0.2 (épuisement)|MACD cross baissier,36685228,60420801,607156597.3929279,999990732.226013,1000000000.0,60.7,,,
CGPTUSDT,CGPT,Speculative,879,0.01822,202314.774361,-2.723,43.18807840410958,-2.53100963680165e-05,0.0193644,0.02324865,0.5049990966458114,0.5852631578947369,0.5738011695906433,0.22899750161544036,0.29150207666730327,0.018280277777777777,0.031867500000000014,macd_bearish_cross|doji_4h,0,1,baissier,365,0,0,30,,,17.0,28.0,59.5,47.0,30.6,40,28.48,-7,≈ Neutre vs BTC,False,False,,0,,,,40,5,⚠️ Surveiller,Volume ×0.2 (épuisement)|MACD cross baissier,17004124,18184531,932998703.0,997766421.0,1000000000.0,93.5,,,
DOLOUSDT,DOLO,Speculative,,0.02165,164856.715368,-2.125,43.83638143939758,6.45076250621714e-05,0.02319300000000001,0.033069049999999975,0.5299287984164993,0.4417817139880177,0.4381349309716072,0.5169632663386268,0.4805646081897471,0.02181722222222222,0.03435861111111111,downtrend|evening_star_4h,0,2,baissier,336,0,0,30,,,16.2,37.0,79.0,47.0,6.4,40,28.85,-7,≈ Neutre vs BTC,False,False,,0,,,,40,4,⚠️ Surveiller,Volume ×0.5 (épuisement)|Étoile du soir 4h,,,,,,,247303415,$247M,1.2
BIGTIMEUSDT,BIGTIME,Speculative,1067,0.00601,164817.03516,-6.966,25.699860859578692,-7.932271566584099e-07,0.007521600000000001,0.012811699999999995,0.4533780541886115,0.6137975499677628,0.6137975499677628,0.5387640715357279,0.7127520585836192,0.00667638888888889,0.013934166666666668,macd_bearish_cross|downtrend|doji_4h,0,2,baissier,365,0,0,30,,,17.0,28.0,57.5,47.0,7.5,40,26.97,-7,≈ Neutre vs BTC,False,False,,0,,,,40,5,⚠️ Surveiller,Volume ×0.5 (épuisement)|MACD cross baissier,29918001,29918001,5000000000.0,5000000000.0,5000000000.0,100.0,,,
MASKUSDT,MASK,Speculative,550,0.357,140982.064,-4.29,32.78835679135206,-0.003618116868159167,0.3880599999999999,0.4604050000000003,0.4991655895744385,0.3713235294117647,0.34375000000000006,0.11537411811584712,0.5543871456630586,0.3613333333333333,0.5118611111111112,evening_star_4h,0,1,baissier,365,0,0,30,,,17.0,19.0,79.0,47.0,29.5,40,28.5,-7,≈ Neutre vs BTC,False,False,,0,,,,40,5,⚠️ Surveiller,Volume ×0.1 (épuisement)|Étoile du soir 4h,35717996,35717996,100000000.0,100000000.0,100000000.0,100.0,,,
RIFUSDT,RIF,Mid,295,0.0798,13568893.6509,11.142,42.319022154458736,-0.006221970088305391,0.10036800000000003,0.058762999999999996,3.2086207771949353,0.5158407798537774,0.42580645161290326,1.6984046925276197,0.0037332866308515855,0.05361111111111111,0.13254444444444438,double_top_90d|downtrend|evening_star_4h,0,3,baissier,365,0,0,30,,,31.0,63.0,32.5,78.5,0,39,43.82,-8,🔴 Sous-performe BTC,False,False,,0,,,,39,5,⚠️ Surveiller,Double sommet|Étoile du soir 4h,78627826,78627826,1000000000.0,1000000000.0,,100.0,,,
KITEUSDT,KITE,Mid,144,0.0982,3569656.12598,-5.939,33.650163542757056,-0.00030374475835766475,0.136454,0.16846199999999997,0.9136620858240545,0.5925155925155925,0.5925155925155925,0.7692026441183961,0.2813606598463441,0.10893611111111114,0.21547777777777777,macd_bearish_cross|morning_star_4h,1,1,mixte,268,0,0,30,,,28.3,28.0,49.0,68.0,30.6,39,38.66,-8,🔴 Sous-performe BTC,False,False,,0,,,,39,3,,MACD cross baissier,234537036,980835678,2391196012.0,10000000000.0,10000000000.0,23.9,,,
CHZUSDT,CHZ,Mid,207,0.01308,2134802.92978,-6.771,20.072937043275886,2.5390402004516182e-05,0.018830799999999995,0.03572935,0.6226338362838185,0.7307533964594483,0.7307533964594483,0.19758269489248736,0.30283106092870754,0.015372500000000002,0.04482555555555554,downtrend,0,1,baissier,365,0,0,30,,,31.0,10.0,55.0,68.0,26.9,39,38.05,-8,🔴 Sous-performe BTC,False,False,,0,,,,39,2,,Volume ×0.2 (épuisement),138585193,138585193,10573646820.0,10573646820.0,,100.0,,,
GALAUSDT,GALA,Mid,271,0.00185,1563364.909611,-5.804,28.35011605750124,-8.2480290009197e-08,0.0022865599999999995,0.0034765899999999973,0.565989885035624,0.5552884615384615,0.5552884615384615,0.30239671997097983,0.597745095496121,0.0020170277777777777,0.0036602777777777784,macd_bearish_cross|downtrend|doji_4h,0,2,baissier,365,0,0,30,,,31.0,19.0,65.5,68.0,7.5,39,38.6,-8,🔴 Sous-performe BTC,False,False,,0,,,,39,5,⚠️ Surveiller,Volume ×0.3 (épuisement)|MACD cross baissier,90673885,90673886,49060686765.64218,49060686765.64218,50000000000.0,100.0,,,
LPTUSDT,LPT,Mid,339,1.353,1205012.59361,-6.561,33.65337013105578,-0.0027188397470728903,1.59644,2.1522699999999997,0.572381661246214,0.4329983249581239,0.4329983249581239,0.7831502472934446,0.6213090821418263,1.465194444444444,2.269055555555556,rsi_bullish_divergence|double_top_90d|downtrend,1,2,baissier,365,0,0,30,,,31.0,28.0,79.0,68.0,11.8,39,40.75,-8,🔴 Sous-performe BTC,False,False,,0,,,,39,3,,Double sommet,67372941,67372941,49688954.55,49688954.55,,100.0,,,
DYDXUSDT,DYDX,Mid,262,0.11566,913388.2875043,-7.612,40.417333921686456,-0.0001101390273913292,0.12977080000000002,0.1299451,1.1944667441918706,0.4069522291355993,0.4046382475446085,0.16852652566468276,0.07427794146215744,0.11883750000000003,0.17626527777777776,macd_bearish_cross,0,1,baissier,365,0,0,30,,,31.0,28.0,52.0,57.5,30.6,39,37.88,-8,🔴 Sous-performe BTC,False,False,,0,,,,39,5,⚠️ Surveiller,Volume ×0.2 (épuisement)|MACD cross baissier,98231475,110933940,848607938.8070294,958342751.0,1000000000.0,88.5,80425907,$80M,-3.8
IOTAUSDT,IOTA,Mid,200,0.0318,552468.0767,-8.357,28.454915115567886,-0.00015862907803213498,0.039442,0.05870749999999998,0.5828031266170633,0.5137614678899082,0.5137614678899082,0.28501912012430286,0.6286013866337432,0.03518611111111111,0.06131944444444445,macd_bearish_cross|downtrend,0,2,baissier,365,0,0,30,,,31.0,19.0,65.5,57.5,7.5,39,36.22,-8,🔴 Sous-performe BTC,False,False,,0,,,,39,5,⚠️ Surveiller,Volume ×0.3 (épuisement)|MACD cross baissier,145089178,157288564,4560819210.0,4944301951.0,,92.2,,,
ENJUSDT,ENJ,Mid,413,0.0254,332762.764195,-5.856,32.9330101629739,-0.00012010762678337807,0.029577599999999996,0.0321259,0.5062645882556849,0.553240331979516,0.5490022956030373,0.11083868116552804,0.4085512620108866,0.027404166666666674,0.05062861111111111,macd_bearish_cross,0,1,baissier,365,0,0,30,,,31.0,19.0,65.5,47.0,30.6,39,35.23,-8,🔴 Sous-performe BTC,False,False,,0,,,,39,5,⚠️ Surveiller,Volume ×0.1 (épuisement)|MACD cross baissier,50784110,51374755,1986228555.504566,2009329416.197633,,98.9,,,
SAHARAUSDT,SAHARA,Speculative,648,0.00802,1018675.21078,-4.751,20.265434324601898,0.00020356091241426674,0.011423799999999994,0.021640349999999992,0.4779132218277338,0.8176243470361116,0.8176243470361116,0.21999061801937006,0.19204709375492704,0.00916277777777778,0.03800944444444445,downtrend,0,1,baissier,365,0,0,30,,,17.0,10.0,53.5,68.0,26.9,39,30.49,-8,🔴 Sous-performe BTC,False,False,,0,,,,39,2,,Volume ×0.2 (épuisement),28660064,80156333,3575520834.0,10000000000.0,10000000000.0,35.8,,,
NEWTUSDT,NEWT,Speculative,,0.0417,734046.39517,-2.797,30.892477081891414,-3.0043937394400163e-05,0.048492000000000014,0.06893550000000002,0.50136011905994,0.5123094958968347,0.5123094958968347,0.43017713780966016,0.6419646300368989,0.044925000000000014,0.07965833333333333,macd_bearish_cross,0,1,baissier,365,0,0,30,,,17.0,19.0,65.5,57.5,30.6,39,30.14,-8,🔴 Sous-performe BTC,False,False,,0,,,,39,5,⚠️ Surveiller,Volume ×0.4 (épuisement)|MACD cross baissier,,,,,,,,,
RESOLVUSDT,RESOLV,Speculative,,0.01648,711805.943621,-12.804,34.87713808426528,-0.0003645720428889852,0.019632800000000002,0.04498569999999999,1.1251009028500836,0.5882352941176472,0.5408963585434174,0.2924347457710384,0.2920556757243495,0.016958611111111105,0.032069444444444435,,0,0,neutre,365,0,0,30,,,17.0,19.0,38.5,57.5,50,39,29.68,-8,🔴 Sous-performe BTC,False,False,,0,,,,39,3,,Volume ×0.3 (épuisement),,,,,,,6425559,$6M,-35.06
ATMUSDT,ATM,Speculative,958,1.644,522953.79634,-7.014,34.58994287511402,-0.14327196936354303,1.9857000000000002,1.3108950000000001,1.3753254707670968,0.42797494780793327,0.42797494780793327,0.2395470677304304,0.09849968210135483,0.9623888888888891,2.658805555555555,rsi_bullish_divergence|downtrend,1,1,mixte,365,0,0,30,,,17.0,27.0,52.0,57.5,33.5,39,30.46,-8,🔴 Sous-performe BTC,False,False,,0,,,,39,3,,Volume ×0.2 (épuisement),14489100,16419718,8824208.0,10000000.0,10000000.0,88.2,,,
BBUSDT,BB,Speculative,,0.01632,495881.568869,-6.476,29.90712956728383,-4.9246734410296434e-05,0.019645,0.029021249999999995,0.47256414450474854,0.5508241758241759,0.5508241758241759,0.32084880162065804,0.5611687277216204,0.01792305555555555,0.03320833333333333,macd_bearish_cross|downtrend,0,2,baissier,365,0,0,30,,,17.0,19.0,65.5,47.0,7.5,39,26.37,-8,🔴 Sous-performe BTC,False,False,,0,,,,39,5,⚠️ Surveiller,Volume ×0.3 (épuisement)|MACD cross baissier,,,,,,,,,
PIXELUSDT,PIXEL,Speculative,,0.00427,405010.837571,-5.111,38.30702308503308,5.6989236911282495e-06,0.0049446,0.006760450000000001,0.6893729760662876,0.532293986636971,0.5233853006681515,0.31095009522537886,0.5435271882820233,0.004526388888888889,0.008169166666666667,downtrend,0,1,baissier,365,0,0,30,,,17.0,28.0,55.0,47.0,26.9,39,27.99,-8,🔴 Sous-performe BTC,False,False,,0,,,,39,2,,Volume ×0.3 (épuisement),,,,,,,,,
CELRUSDT,CELR,Speculative,1203,0.001558,294749.1802361,-4.884,27.487042962722924,-5.586007888390242e-07,0.0018877599999999996,0.0025556750000000007,0.47173548666088777,0.5065432492818385,0.5011171401212895,0.3793737220190426,0.5176066400059119,0.0016938888888888889,0.0028858333333333336,macd_bearish_cross|downtrend,0,2,baissier,365,0,0,30,,,17.0,19.0,65.5,47.0,7.5,39,26.37,-8,🔴 Sous-performe BTC,False,False,,0,,,,39,5,⚠️ Surveiller,Volume ×0.4 (épuisement)|MACD cross baissier,15647893,15647893,10000000000.0,10000000000.0,10000000000.0,100.0,13380251,$13M,-1.82
STGUSDT,STG,Speculative,849,0.1278,235821.2119,-4.054,36.296987632174535,0.001540748694761819,0.19652600000000006,0.19268899999999992,0.806462985506248,0.8045496750232127,0.8017641597028784,0.13752805737698162,0.12617644087326937,0.13981944444444444,0.33258611111111114,downtrend,0,1,baissier,365,0,0,30,,,17.0,36.0,43.0,47.0,26.9,39,28.23,-8,🔴 Sous-performe BTC,False,False,,0,,,,39,2,,Volume ×0.1 (épuisement),18026999,18026999,140908220.9829663,140908220.9829663,1000000000.0,100.0,67480345,$67M,-4.33
INITUSDT,INIT,Speculative,,0.049,230926.39085,-9.091,32.171405002018204,-0.0002207010373824268,0.05576800000000002,0.0770975,0.5394407829196517,0.5540417801998184,0.5540417801998184,0.39453733737251084,0.4927483310615876,0.05254444444444444,0.0966472222222222,macd_bearish_cross|uptrend,1,1,mixte,365,0,0,30,,,17.0,19.0,65.5,47.0,30.6,39,27.76,-8,🔴 Sous-performe BTC,False,False,,0,,,,39,5,⚠️ Surveiller,Volume ×0.4 (épuisement)|MACD cross baissier,,,,,,,,,
AUDIOUSDT,AUDIO,Speculative,847,0.01251,195818.022292,-4.939,30.6629429797583,-2.5358248426100556e-05,0.013849200000000004,0.019240900000000002,0.32813172150842634,0.41451990632318503,0.41451990632318503,0.1709413664770781,0.746287777543963,0.013149722222222219,0.020824166666666664,macd_bearish_cross|doji_4h,0,1,baissier,365,0,0,30,,,17.0,19.0,71.0,47.0,30.6,39,28.09,-8,🔴 Sous-performe BTC,False,False,,0,,,,39,5,⚠️ Surveiller,Volume ×0.2 (épuisement)|MACD cross baissier,18025694,18025694,1442065616.0,1442065616.936059,,100.0,,,
POWRUSDT,POWR,Speculative,770,0.04,149441.4009,-7.193,32.817161081755316,-0.00014359554551384877,0.045028,0.06195200000000001,0.6586521329262118,0.4238505747126437,0.4238505747126437,0.43057764822911604,0.49257769117281125,0.0422111111111111,0.06658611111111112,macd_bearish_cross,0,1,baissier,365,0,0,30,,,17.0,19.0,68.5,47.0,30.6,39,27.94,-8,🔴 Sous-performe BTC,False,False,,0,,,,39,5,⚠️ Surveiller,Volume ×0.4 (épuisement)|MACD cross baissier,39996923,39996923,999506122.99937,999506122.99937,1000000000.0,100.0,,,
HAEDALUSDT,HAEDAL,Speculative,,0.01483,143896.928547,-5.118,38.02906838867619,1.8596307269267386e-06,0.016860800000000006,0.027361349999999982,0.6825634473787472,0.6152043738609737,0.6139026295235616,0.18914133428286276,0.4766350709158325,0.015569722222222217,0.033328055555555555,downtrend,0,1,baissier,365,0,0,30,,,17.0,28.0,55.0,47.0,26.9,39,27.99,-8,🔴 Sous-performe BTC,False,False,,0,,,,39,2,,Volume ×0.2 (épuisement),,,,,,,24926662,$25M,-11.73
WLDUSDT,WLD,Etabli,58,0.3193,14790213.60735,-8.194,34.09704400543073,-0.0033307118023245506,0.4494540000000002,0.3790595,0.9835958432226745,0.5267367797363354,0.5267367797363354,0.2773441028190386,0.18141127330167794,0.24647222222222226,0.5784305555555554,macd_bearish_cross,0,1,baissier,365,0,0,30,,,45.0,27.0,49.0,78.5,30.6,38,49.8,-9,🔴 Sous-performe BTC,False,False,,0,,,,38,5,⚠️ Surveiller,Volume ×0.3 (épuisement)|MACD cross baissier,1200269257,3195168152,3756513584.2143297,10000000000.0,10000000000.0,37.6,,,
FETUSDT,FET,Mid,120,0.141,15251308.19704,-10.134,30.91133080429732,-0.00015125853308456914,0.173332,0.2006325,0.5424863902579992,0.49426934097421205,0.49426934097421205,0.908237377385597,0.4812528438779977,0.1558,0.24364166666666667,macd_bearish_cross|downtrend,0,2,baissier,365,0,0,30,,,31.0,28.0,79.0,78.5,7.5,38,42.86,-9,🔴 Sous-performe BTC,False,False,,0,,,,38,3,,MACD cross baissier,317944716,385217183,2240357549.218335,2714384546.672,2714384546.672,82.5,,,
CHIPUSDT,CHIP,Mid,411,0.02547,1626858.10266,-11.006,31.536053454045273,-0.00033939638031100627,0.0317346,,0.7895226444389007,0.6489097433066519,0.6489097433066519,0.14436215258418925,0.2904962464114676,0.02907527777777778,0.06115083333333334,macd_bearish_cross,0,1,baissier,99,0,0,30,,,23.7,27.0,49.0,68.0,30.6,38,36.06,-9,🔴 Sous-performe BTC,False,False,,0,,,,38,5,⚠️ Surveiller,Volume ×0.1 (épuisement)|MACD cross baissier,50876907,254384536,2000000000.0,10000000000.0,10000000000.0,20.0,157572922,$158M,-0.31
ARKMUSDT,ARKM,Mid,334,0.1002,548375.79551,-5.915,35.60289953763758,-0.00032570904692150616,0.11617999999999996,0.12455150000000005,0.5672497059133356,0.346779440468445,0.346779440468445,0.29909634431942056,0.49440135076817043,0.10708333333333334,0.14536111111111114,macd_bearish_cross|downtrend,0,2,baissier,365,0,0,30,,,31.0,28.0,79.0,57.5,7.5,38,38.11,-9,🔴 Sous-performe BTC,False,False,,0,,,,38,5,⚠️ Surveiller,Volume ×0.3 (épuisement)|MACD cross baissier,67945962,100365017,676988499.0,1000000000.0,1000000000.0,67.7,,,
ROSEUSDT,ROSE,Mid,487,0.00515,521443.953826,-4.63,34.32508300221215,5.435871391538385e-06,0.005948400000000003,0.010440750000000004,0.4903930201836234,0.5719063545150501,0.5685618729096991,0.27706592488094833,0.6287750629982181,0.005456111111111109,0.010766111111111112,downtrend,0,1,baissier,365,0,0,30,,,31.0,19.0,65.5,57.5,26.9,38,37.38,-9,🔴 Sous-performe BTC,False,False,,0,,,,38,2,,Volume ×0.3 (épuisement),40881370,51566807,7927845795.0,10000000000.0,10000000000.0,79.3,,,
GLMRUSDT,GLMR,Speculative,,0.007751,478844.6604832,-6.772,34.0061182876933,-8.18574135557962e-05,0.008908839999999996,0.013218709999999998,1.0419887999572421,0.5568571428571429,0.5568571428571429,0.9763907454476247,0.47420090588773955,0.008394944444444444,0.016725000000000004,macd_bearish_cross|morning_star_4h,1,1,mixte,365,0,0,30,,,17.0,28.0,44.5,47.0,30.6,38,27.58,-9,🔴 Sous-performe BTC,False,False,,0,,,,38,3,,MACD cross baissier,,,,,,,,,
LAYERUSDT,LAYER,Speculative,,0.0622,246706.189307,-5.615,39.251519949114346,-2.310966448003035e-05,0.066304,0.08771549999999996,0.43906325586047096,0.49919354838709673,0.49919354838709673,0.14151130960248712,0.5157483775790812,0.06334722222222226,0.10093888888888888,macd_bearish_cross|downtrend,0,2,baissier,365,0,0,30,,,17.0,28.0,79.0,47.0,7.5,38,28.26,-9,🔴 Sous-performe BTC,False,False,,0,,,,38,5,⚠️ Surveiller,Volume ×0.1 (épuisement)|MACD cross baissier,,,,,,,9876067,$10M,-11.6
JOEUSDT,JOE,Speculative,,0.025,208814.581796,-9.42,35.13160472777089,-2.5844446627751837e-05,0.02895199999999999,0.0401715,0.584032067637332,0.5209923664122137,0.5209923664122137,0.8626619685541665,0.6543778984226905,0.02718055555555555,0.04794444444444444,macd_bearish_cross|downtrend|doji_4h,0,2,baissier,365,0,0,30,,,17.0,37.0,65.5,47.0,7.5,38,28.53,-9,🔴 Sous-performe BTC,False,False,,0,,,,38,3,,MACD cross baissier,,,,,,,8884189,$9M,-3.51
SUSDT,S,Mid,291,0.02157,735017.013039,-7.306,30.369247698173567,-0.00016006717517475953,0.0259974,0.04246404999999998,0.6656487267572343,0.6353390292674059,0.6075259043810217,0.20524068577645005,0.46985502535325263,0.02286777777777778,0.04890472222222222,macd_bearish_cross|doji_4h,0,1,baissier,365,0,0,30,,,31.0,19.0,55.0,57.5,30.6,37,36.98,-10,🔴 Sous-performe BTC,False,False,,0,,,,37,5,⚠️ Surveiller,Volume ×0.2 (épuisement)|MACD cross baissier,83723070,83723070,3885497663.0,3885497663.0,,100.0,,,
MOVEUSDT,MOVE,Speculative,554,0.0084,954207.92238,-7.692,22.196062501519364,-0.00017461225938924705,0.011281999999999999,0.018983000000000003,0.7136986459542987,0.5980861244019139,0.5980861244019139,0.6963604990151787,0.4786580206891397,0.010341666666666667,0.018816666666666666,macd_bearish_cross|downtrend,0,2,baissier,365,0,0,30,,,17.0,19.0,55.0,57.5,7.5,37,28.12,-10,🔴 Sous-performe BTC,False,False,,0,,,,37,3,,MACD cross baissier,35229809,84551542,4166666667.0,10000000000.0,10000000000.0,41.7,,,
COOKIEUSDT,COOKIE,Speculative,,0.0084,950657.6416,-9.677,43.86274041751698,2.9498968670373712e-05,0.008944,0.01686150000000001,1.0370637220200578,0.6069651741293532,0.5771144278606964,0.4018207453237909,0.39691630427169355,0.00830833333333333,0.01843888888888888,macd_bullish_cross|downtrend,1,1,mixte,365,0,0,30,,,17.0,28.0,44.5,57.5,26.9,37,29.73,-10,🔴 Sous-performe BTC,False,False,,0,,,,37,2,,Volume ×0.4 (épuisement),,,,,,,,,
ROBOUSDT,ROBO,Speculative,705,0.01107,289878.92289,-5.06,33.7618189280024,0.00012358274735740178,0.015573600000000003,,0.9703337051395495,0.5577476366625566,0.5441841348129881,0.11136505755622406,0.11473708700980935,0.012034999999999999,0.02206611111111111,downtrend|doji_4h,0,1,baissier,147,0,0,30,,,11.0,27.0,49.0,47.0,26.9,37,24.32,-10,🔴 Sous-performe BTC,False,False,,0,,,,37,2,,Volume ×0.1 (épuisement),24709700,110756165,2231000000.0,10000000000.0,10000000000.0,22.3,,,
FTTUSDT,FTT,Speculative,,0.2035,161158.062397,-2.116,33.95293808888226,0.0011689494258489697,0.233538,0.30725,0.36358526268856556,0.44725394235997823,0.44725394235997823,0.17862509917067057,0.35402078036846296,0.20894722222222226,0.3520472222222221,rsi_bullish_divergence|downtrend|evening_star_4h,1,2,baissier,365,0,0,30,,,17.0,19.0,79.0,47.0,13.2,37,27.52,-10,🔴 Sous-performe BTC,False,False,,0,,,,37,4,⚠️ Surveiller,Volume ×0.2 (épuisement)|Étoile du soir 4h,,,,,,,,,
SPKUSDT,SPK,Mid,430,0.015902,1234860.223871,-5.955,35.15090342206412,-2.6197933861510413e-05,0.017803000000000003,0.022973109999999998,0.46264533321622187,0.5843039958213633,0.5843039958213633,0.46628459148528295,0.38310014079820276,0.016790249999999996,0.03566791666666667,macd_bearish_cross|downtrend,0,2,baissier,365,0,0,30,,,31.0,28.0,65.5,68.0,7.5,36,39.68,-11,🔴 Sous-performe BTC,False,False,,0,,,,36,5,⚠️ Surveiller,Volume ×0.5 (épuisement)|MACD cross baissier,47572809,159173895,2988731885.803544,10000000000.0,10000000000.0,29.9,3639583466,$3.6B,-1.49
BERAUSDT,BERA,Mid,420,0.1657,927945.432708,-6.595,30.72134333487898,0.00016332549010087023,0.20961599999999997,0.4256939999999998,0.6732731140406029,0.6002409638554217,0.6002409638554217,0.37220735107270375,0.6383035412386011,0.18476388888888887,0.3945277777777778,downtrend,0,1,baissier,365,0,0,30,,,31.0,19.0,55.0,57.5,26.9,36,36.75,-11,🔴 Sous-performe BTC,False,False,,0,,,,36,2,,Volume ×0.4 (épuisement),49852058,91635107,301089472.3751221,553446416.8195666,,54.4,,,
KSMUSDT,KSM,Mid,385,2.97,155949.37546,-4.808,36.309654741035864,-0.011012389503910064,3.315,4.57555,0.584525011408231,0.5041736227045075,0.5041736227045075,0.2246452158941325,0.5685685951356532,3.0883333333333347,5.405833333333333,macd_bearish_cross|downtrend,0,2,baissier,365,0,0,30,,,31.0,28.0,65.5,47.0,7.5,36,34.92,-11,🔴 Sous-performe BTC,False,False,,0,,,,36,5,⚠️ Surveiller,Volume ×0.2 (épuisement)|MACD cross baissier,55265244,55265319,18581242.13245284,18581267.22799991,,100.0,,,
AIXBTUSDT,AIXBT,Speculative,886,0.01693,527475.192289,-7.537,35.173306589704424,-2.3446260672082978e-05,0.020021399999999998,0.025073299999999996,0.5938972021649614,0.5272980501392758,0.5272980501392758,0.19393475270051982,0.4872077906097366,0.0181825,0.03391388888888889,macd_bearish_cross|downtrend,0,2,baissier,365,0,0,30,,,17.0,28.0,65.5,57.5,7.5,36,29.83,-11,🔴 Sous-performe BTC,False,False,,0,,,,36,5,⚠️ Surveiller,Volume ×0.2 (épuisement)|MACD cross baissier,16966207,16966207,1000000000.0,1000000000.0,1000000000.0,100.0,,,
PORTALUSDT,PORTAL,Speculative,,0.0095,457818.23629,-6.312,33.82334494415291,-4.1986364085512973e-05,0.012525999999999997,0.01297475,0.6077206468839184,0.7081664098613252,0.7069337442218799,0.1467945318930215,0.14769293061196415,0.008591666666666668,0.019019722222222223,macd_bearish_cross,0,1,baissier,365,0,0,30,,,17.0,19.0,49.0,47.0,30.6,36,26.77,-11,🔴 Sous-performe BTC,False,False,,0,,,,36,5,⚠️ Surveiller,Volume ×0.1 (épuisement)|MACD cross baissier,,,,,,,,,
DYMUSDT,DYM,Speculative,,0.01371,325558.970383,-6.671,36.468997069793645,-6.024921777643497e-05,0.015860799999999998,0.029193699999999972,0.568978593884266,0.5681528662420382,0.5614649681528663,0.1123709418505144,0.34878380238097073,0.014659444444444444,0.025825000000000008,macd_bearish_cross|downtrend,0,2,baissier,365,0,0,30,,,17.0,28.0,65.5,47.0,7.5,36,27.45,-11,🔴 Sous-performe BTC,False,False,,0,,,,36,5,⚠️ Surveiller,Volume ×0.1 (épuisement)|MACD cross baissier,,,,,,,,,
SPELLUSDT,SPELL,Speculative,,7.93e-05,202950.2663459,-3.41,32.001449876293364,5.151559354153753e-07,0.000100056,0.00016141749999999992,0.9332584927001454,0.5700325732899023,0.5689467969598263,0.32075828233642334,0.410858919577118,8.487777777777779e-05,0.00017174722222222216,downtrend,0,1,baissier,365,0,0,30,,,17.0,19.0,55.0,47.0,26.9,36,26.91,-11,🔴 Sous-performe BTC,False,False,,0,,,,36,2,,Volume ×0.3 (épuisement),,,,,,,4116845,$4M,-0.03
CELOUSDT,CELO,Speculative,502,0.06448,477548.519364,-2.08,43.247461698554105,-0.0007940854793459048,0.06577519999999999,0.08195465000000002,0.8094801294930652,0.43221411192214104,0.37060827250608264,0.48329054516222353,0.44779380577532346,0.06016666666666667,0.09258166666666665,macd_bearish_cross|double_top_90d|uptrend,1,2,baissier,365,0,0,30,,,17.0,28.0,68.5,47.0,4.2,35,27.43,-12,🔴 Sous-performe BTC,False,False,,0,,,,35,7,🔴 Sortie,Volume ×0.5 (épuisement)|Double sommet|MACD cross baissier,38944479,64502826,603763925.0,1000000000.0,1000000000.0,60.4,,,
AVNTUSDT,AVNT,Speculative,659,0.0836,409299.82141,-7.93,35.47578632332775,-0.0001602683196054622,0.09797599999999998,0.157045,0.6515103655196648,0.4936402180496669,0.4936402180496669,0.252158700080286,0.5074670395869041,0.09012777777777777,0.15564166666666665,macd_bearish_cross|double_top_90d|uptrend,1,2,baissier,317,0,0,30,,,15.7,28.0,68.5,47.0,4.2,35,26.73,-12,🔴 Sous-performe BTC,False,False,,0,,,,35,7,🔴 Sortie,Volume ×0.3 (épuisement)|Double sommet|MACD cross baissier,27789028,83472527,332912263.33730876,1000000000.0,1000000000.0,33.3,21443657,$21M,-4.73
MANTAUSDT,MANTA,Speculative,650,0.05963,335908.688957,-0.418,40.23377933873126,0.000260288215650811,0.06978659999999999,0.07093560000000002,0.9225085880826802,0.3620336669699727,0.3210873521383075,0.21781792531593686,0.10246845533583022,0.05968972222222221,0.08689694444444443,death_cross|downtrend,0,2,baissier,365,0,0,30,,,17.0,28.0,62.5,47.0,6.4,35,27.21,-12,🔴 Sous-performe BTC,False,False,,0,,,,35,2,,Volume ×0.2 (épuisement),28476254,59631099,477540319.63757765,1000000000.0,1000000000.0,47.8,22590329,$23M,-4.0
OSMOUSDT,OSMO,Speculative,764,0.0271,222077.330977,-6.873,24.86343402959173,-0.0003228152175504639,0.037535999999999986,0.040356500000000003,0.553442221346544,0.6880733944954128,0.6880733944954128,0.13794374187901143,0.24262817213309118,0.031144444444444433,0.06729444444444446,macd_bearish_cross|downtrend|morning_star_4h,1,2,baissier,365,0,0,30,,,17.0,10.0,59.5,47.0,7.5,35,24.93,-12,🔴 Sous-performe BTC,False,False,,0,,,,35,5,⚠️ Surveiller,Volume ×0.1 (épuisement)|MACD cross baissier,21438867,26727970,782602296.052887,975675195.0622799,1000000000.0,80.2,12124819,$12M,-8.13
ARKUSDT,ARK,Speculative,810,0.0967,65737.9964,-5.75,31.06759422825128,-0.00019732952315896753,0.10970600000000001,0.1670995000000001,0.3719043751297211,0.4904862579281184,0.4904862579281184,0.4369227577818183,0.6269233152435008,0.10310277777777775,0.17789166666666667,macd_bearish_cross|downtrend,0,2,baissier,365,0,0,30,,,17.0,19.0,79.0,47.0,7.5,35,27.18,-12,🔴 Sous-performe BTC,False,False,,0,,,,35,5,⚠️ Surveiller,Volume ×0.4 (épuisement)|MACD cross baissier,19107642,19107695,198119372.0,198120228.0,,100.0,,,
JTOUSDT,JTO,Mid,129,0.5614,2430188.59524,-10.761,39.89297431363843,-0.003028222563683576,0.6582539999999999,0.4335805000000002,1.0027645957529363,0.332360097323601,0.31605839416058384,0.12615430335755398,0.1190111626478709,0.42551388888888897,0.768313888888889,macd_bearish_cross|double_top_90d|downtrend,0,3,baissier,365,0,0,30,,,31.0,36.0,52.0,68.0,0,34,39.38,-13,🔴 Sous-performe BTC,False,False,,0,,,,34,7,🔴 Sortie,Volume ×0.1 (épuisement)|Double sommet|MACD cross baissier,284680008,565461535,503447167.8,1000000000.0,,50.3,728685364,$729M,-7.6
NIGHTUSDT,NIGHT,Mid,121,0.01911,1573337.09445,-1.799,31.11942798084536,-0.0006273244351657171,0.029391800000000003,,1.8005035277642787,0.5330441439142639,0.5126307731564175,0.4384047975137658,0.19356167527328708,0.02466861111111111,0.03617638888888889,downtrend,0,1,baissier,140,0,0,30,,,24.8,27.0,28.0,68.0,26.9,34,35.18,-13,🔴 Sous-performe BTC,False,False,,0,,,,34,3,,Volume ×0.4 (épuisement),317121134,458284108,16607399400.634954,24000000000.0,24000000000.0,69.2,,,
BARDUSDT,BARD,Speculative,524,0.1099,1324437.00012,-10.94,31.471601580325583,-0.0001301364269166638,0.137226,0.45083900000000016,0.7081881716704314,0.6238469422617015,0.6238469422617015,0.8647120105681975,0.5955334853455931,0.12402222222222223,0.2748305555555556,macd_bearish_cross|downtrend,0,2,baissier,314,0,0,30,,,15.6,28.0,55.0,68.0,7.5,34,30.83,-13,🔴 Sous-performe BTC,False,False,,0,,,,34,3,,MACD cross baissier,37670521,109786582,343125000.0,1000000000.0,1000000000.0,34.3,585748039,$586M,-3.21
YBUSDT,YB,Speculative,903,0.0666,332047.1555,-6.065,39.36488400696194,-0.000803704243962285,0.07682799999999998,0.1363475,1.0345460181413975,0.49351639969488936,0.49351639969488936,0.4794269752704191,0.3834416760675801,0.07001388888888889,0.1239555555555556,macd_bearish_cross|double_top_90d|uptrend,1,2,baissier,287,0,0,30,,,14.9,28.0,58.0,47.0,4.2,34,25.66,-13,🔴 Sous-performe BTC,False,False,,0,,,,34,7,🔴 Sortie,Volume ×0.5 (épuisement)|Double sommet|MACD cross baissier,16103004,49436098,242398409.22444057,744161262.8395792,1000000000.0,32.6,130949642,$131M,-3.77
ADXUSDT,ADX,Speculative,,0.0543,295565.5309,-2.513,42.54826544551445,-0.0004087860347280973,0.057532,0.07115699999999998,0.713990034651197,0.36486486486486486,0.3316953316953317,0.26608559679898497,0.5075635465504236,0.05412499999999998,0.07713611111111111,double_top_90d|downtrend,0,2,baissier,365,0,0,30,,,17.0,28.0,68.5,47.0,0.5,34,27.21,-13,🔴 Sous-performe BTC,False,False,,0,,,,34,5,⚠️ Surveiller,Volume ×0.3 (épuisement)|Double sommet,,,,,,,,,
WALUSDT,WAL,Mid,348,0.0265,249123.31429,-7.666,30.17878387179178,-6.220385616141199e-05,0.03194999999999999,0.06964000000000001,0.5838162231752386,0.697594501718213,0.697594501718213,0.3120551640624021,0.6183084508998172,0.02945555555555555,0.07758611111111109,macd_bearish_cross|downtrend|doji_4h,0,2,baissier,292,0,0,30,,,29.0,19.0,65.5,47.0,7.5,33,32.78,-14,🔴 Sous-performe BTC,False,False,,0,,,,33,5,⚠️ Surveiller,Volume ×0.3 (épuisement)|MACD cross baissier,65052240,132399404,2456666667.0,5000000000.0,5000000000.0,49.1,3365445,$3M,-1.05
AXLUSDT,AXL,Mid,438,0.0379,239735.065693,-6.65,34.88562325112365,-0.0001298012947838046,0.042422000000000015,0.05474949999999998,0.4679935955694803,0.5382746051032807,0.5382746051032807,0.25667864297977666,0.5236035729415383,0.04006388888888887,0.07123055555555555,macd_bearish_cross|downtrend,0,2,baissier,365,0,0,30,,,31.0,19.0,65.5,47.0,7.5,33,33.84,-14,🔴 Sous-performe BTC,False,False,,0,,,,33,5,⚠️ Surveiller,Volume ×0.3 (épuisement)|MACD cross baissier,46008731,47449877,1211082744.213416,1249019066.307884,,97.0,130057904,$130M,-3.22
BANANAS31USDT,BANANAS31,Mid,332,0.006815,232396.83533,-3.017,37.49814640395021,3.2281581668768325e-05,0.0083632,0.008381899999999996,0.8908956570112847,0.5236220472440946,0.5209505061867267,0.09308724946352263,0.18907214469887407,0.007138666666666668,0.012658666666666669,death_cross|downtrend,0,2,baissier,365,0,0,30,,,31.0,28.0,49.0,47.0,6.4,33,33.87,-14,🔴 Sous-performe BTC,False,False,,0,,,,33,2,,Volume ×0.1 (épuisement),68002491,68002491,10000000000.0,10000000000.0,10000000000.0,100.0,,,
LUMIAUSDT,LUMIA,Speculative,1164,0.0672,1627283.658206,1.357,35.81272180309108,-0.0003181042480865405,0.101056,0.09444599999999996,1.9346048377517617,0.6141778036025567,0.6072051133062174,0.9495793531843484,0.25503737023922807,0.0726138888888889,0.14153333333333332,double_top_90d|downtrend|doji_4h,0,2,baissier,365,0,0,30,,,17.0,45.0,28.0,68.0,0.5,33,31.57,-14,🔴 Sous-performe BTC,False,False,,0,,,,33,3,,Double sommet,16159252,16159252,238888888.0,238888888.0,238888888.0,100.0,,,
AIUSDT,AI,Speculative,629,0.0183,768768.26797,-2.139,34.35070637096622,-0.0001300427165507337,0.020432000000000002,0.023620000000000006,0.8895238039712836,0.42258064516129035,0.4096774193548387,0.14806519300570076,0.17808964761208096,0.019152777777777782,0.029358333333333334,macd_bearish_cross|evening_star_4h,0,2,baissier,365,0,0,30,,,17.0,19.0,62.5,57.5,10.1,33,28.73,-14,🔴 Sous-performe BTC,False,False,,0,,,,33,7,🔴 Sortie,Volume ×0.1 (épuisement)|Étoile du soir 4h|MACD cross baissier,30066307,230450491,1304675313.0,10000000000.0,10000000000.0,13.0,,,
XAIUSDT,XAI,Speculative,,0.00642,324601.285705,-6.14,34.449045902936135,-8.179617921947935e-06,0.007289199999999998,0.0100704,0.48701275453976983,0.5065434949961509,0.5065434949961509,0.30003541185149757,0.6083181422234356,0.006826666666666667,0.011496944444444442,macd_bearish_cross|downtrend,0,2,baissier,365,0,0,30,,,17.0,19.0,65.5,47.0,7.5,33,26.37,-14,🔴 Sous-performe BTC,False,False,,0,,,,33,5,⚠️ Surveiller,Volume ×0.3 (épuisement)|MACD cross baissier,,,,,,,,,
CYBERUSDT,CYBER,Speculative,777,0.305,274471.90557,-5.864,32.71590131128687,-0.001895500283444037,0.34668,0.5033649999999996,0.5158768440838747,0.4742268041237113,0.4742268041237113,0.30568100505793405,0.6570243586745241,0.3285555555555557,0.5475555555555555,double_top_90d|downtrend|doji_4h,0,2,baissier,365,0,0,30,,,17.0,19.0,79.0,47.0,0.5,33,26.76,-14,🔴 Sous-performe BTC,False,False,,0,,,,33,5,⚠️ Surveiller,Volume ×0.3 (épuisement)|Double sommet,20555900,30568985,67244300.43333334,100000000.0,100000000.0,67.2,,,
FLUXUSDT,FLUX,Speculative,900,0.0389,167607.888958,-4.423,33.49311614868057,-8.023505226763218e-05,0.045877999999999995,0.06394000000000001,0.5157827890024071,0.5488372093023255,0.5465116279069767,0.4352805125802911,0.6432879205231244,0.04201111111111112,0.07765833333333334,macd_bearish_cross|downtrend,0,2,baissier,365,0,0,30,,,17.0,19.0,65.5,47.0,7.5,33,26.37,-14,🔴 Sous-performe BTC,False,False,,0,,,,33,5,⚠️ Surveiller,Volume ×0.4 (épuisement)|MACD cross baissier,16197274,16197879,415385206.4991484,415402174.4991484,440000000.0,100.0,,,
ANIMEUSDT,ANIME,Speculative,,0.00248,162489.933512,-6.415,34.45238702058481,-7.906710416428255e-06,0.0027682000000000006,0.004483349999999999,0.5613562197301829,0.5193798449612402,0.5193798449612402,0.3324012544443301,0.6798552089272446,0.002622222222222222,0.0048155555555555556,macd_bearish_cross|downtrend,0,2,baissier,365,0,0,30,,,17.0,19.0,65.5,47.0,7.5,33,26.37,-14,🔴 Sous-performe BTC,False,False,,0,,,,33,5,⚠️ Surveiller,Volume ×0.3 (épuisement)|MACD cross baissier,,,,,,,,,
STOUSDT,STO,Speculative,,0.0386,505786.53937,-3.98,34.15014899986642,-4.0655932763947796e-05,0.04587600000000001,0.07565850000000005,0.5316255647147716,0.5846153846153846,0.5758241758241758,0.23099359709312384,0.27033663806823605,0.041669444444444446,0.08578055555555557,macd_bearish_cross|downtrend,0,2,baissier,365,0,0,30,,,17.0,19.0,59.5,57.5,7.5,32,28.39,-15,🔴 Sous-performe BTC,False,False,,0,,,,32,5,⚠️ Surveiller,Volume ×0.2 (épuisement)|MACD cross baissier,,,,,,,16537491,$17M,-4.43
CATIUSDT,CATI,Speculative,898,0.03603,452604.643187,-7.686,30.635651938830236,0.00025204147150826965,0.04959660000000001,0.04962364999999998,0.9032376339838335,0.5060224089635854,0.49873949579831933,0.3701733372540102,0.32822297321595173,0.03847527777777778,0.06489527777777777,death_cross|downtrend,0,2,baissier,365,0,0,30,,,17.0,19.0,59.5,47.0,6.4,32,25.95,-15,🔴 Sous-performe BTC,False,False,,0,,,,32,2,,Volume ×0.4 (épuisement),35846825,35846825,1000000000.0,1000000000.0,1000000000.0,100.0,,,
SIGNUSDT,SIGN,Speculative,813,0.00772,302467.93741,-4.574,30.798101873019576,-4.656108132267158e-05,0.008629600000000001,0.02329844999999999,0.45094689830481854,0.5335753176043557,0.5335753176043557,0.33959220832149567,0.6394678626930822,0.008233333333333334,0.015808333333333334,macd_bearish_cross|double_top_90d,0,2,baissier,365,0,0,30,,,17.0,19.0,65.5,47.0,4.2,32,26.17,-15,🔴 Sous-performe BTC,False,False,,0,,,,32,7,🔴 Sortie,Volume ×0.3 (épuisement)|Double sommet|MACD cross baissier,19039270,77082063,2469999999.0,10000000000.0,10000000000.0,24.7,,,
MEGAUSDT,MEGA,Mid,449,0.03923,2374829.560287,-7.781,31.63846331137924,-0.00013019486670346435,0.048913799999999986,,0.7203973928887919,0.7645258103241296,0.7645258103241296,0.4261934198950974,,0.04331611111111111,0.12719444444444447,macd_bearish_cross|downtrend,0,2,baissier,90,0,0,30,,,23.5,27.0,39.0,68.0,7.5,31,33.95,-16,🔴 Sous-performe BTC,False,False,,0,,,,31,5,⚠️ Surveiller,Volume ×0.4 (épuisement)|MACD cross baissier,44686675,395529833,1129792788.0,10000000000.0,10000000000.0,11.3,,,
RONINUSDT,RONIN,Speculative,,0.0491,218740.527396,-4.845,33.64751893311414,-0.00016123563253397618,0.05719199999999998,0.09054349999999997,0.6334389742474638,0.6191950464396285,0.6191950464396285,0.15128646509936955,0.36280679563609536,0.05340000000000001,0.10611666666666665,macd_bearish_cross|downtrend,0,2,baissier,365,0,0,30,,,17.0,19.0,55.0,47.0,7.5,31,25.74,-16,🔴 Sous-performe BTC,False,False,,0,,,,31,5,⚠️ Surveiller,Volume ×0.2 (épuisement)|MACD cross baissier,,,,,,,,,
BIOUSDT,BIO,Mid,408,0.02381,1479513.786628,-9.433,32.35576491009073,-0.00011984904733164728,0.029077199999999997,0.03033315,0.5854126806280563,0.6054545454545454,0.6054545454545454,0.2978946190952603,0.1363541638635084,0.0262225,0.04902777777777779,macd_bearish_cross|double_top_90d|downtrend,0,3,baissier,365,0,0,30,,,31.0,19.0,59.5,68.0,0,30,37.79,-17,🔴 Sous-performe BTC,False,False,,0,,,,30,7,🔴 Sortie,Volume ×0.3 (épuisement)|Double sommet|MACD cross baissier,51264844,79345909,2145029070.25,3320000000.0,3320000000.0,64.6,3278436,$3M,-9.04
FUSDT,F,Speculative,,0.00296,150797.56904,-6.032,33.49624092291991,-7.17223916126896e-06,0.003488000000000001,0.005099000000000003,0.6398812127099259,0.5106732348111659,0.5106732348111659,0.32809674960129975,0.7055089254502627,0.0032136111111111102,0.005729722222222222,macd_bearish_cross|downtrend|doji_4h,0,2,baissier,277,0,0,30,,,14.6,19.0,47.0,47.0,7.5,30,23.98,-17,🔴 Sous-performe BTC,False,False,,0,,,,30,5,⚠️ Surveiller,Volume ×0.3 (épuisement)|MACD cross baissier,,,,,,,3269073,$3M,-2.36
FDUSDUSDT,FDUSD,Mid,115,0.9986,121570208.6285,0.01,52.23073902660454,5.022754170124101e-05,0.9983479999999999,0.9990355000000006,0.007470895481942232,0.0020010005002501267,0.0010005002501250633,2.4900333558025736,0.4731670434646761,0.9976416666666673,0.9996083333333332,resistance_test|doji_4h,0,1,baissier,365,0,0,30,,,31.0,84.0,100.0,78.5,32.7,71,52.36,24,🟢 Surperforme BTC,False,True,,0,,,,71,2,,Près du plus haut 90j (résistance),346278365,346278365,347156619.2397399,347156619.2397399,,100.0,,,
USDEUSDT,USDE,Etabli,26,1.0009,415220.0716,0.0,62.47866868851329,1.991632462974483e-05,1.0000780000000005,0.9998190000000001,0.0050581893332431495,0.0011992804317409343,0.0,0.08620712052898052,-0.10212941578150316,0.9981083333333337,1.0026000000000002,support_bounce|doji_4h,1,0,haussier,323,0,0,30,,,43.8,73.0,94.0,47.0,52.5,68,51.59,21,🟢 Surperforme BTC,False,True,,0,,,,68,4,⚠️ Surveiller,Volume ×0.1 (épuisement)|Près du plus haut 90j (résistance),3927108587,3927108587,3929020594.753478,3929020594.753478,,100.0,15211497,$15M,-21.82
XUSDUSDT,XUSD,Mid,444,1.0013,7542656.0813,0.03,58.591743709087716,3.790486258386944e-05,1.0008979999999998,1.0005079999999997,0.005626584236661518,0.001198322348711893,0.000199700449325989,0.2916530585273046,-0.06446034940024406,1.0000944444444444,1.0040416666666663,support_bounce,1,0,haussier,365,0,0,30,,,31.0,73.0,94.0,78.5,52.5,68,51.87,21,🟢 Surperforme BTC,False,True,,0,,,,68,4,⚠️ Surveiller,Volume ×0.3 (épuisement)|Près du plus haut 90j (résistance),45206811,45206811,45182309.341,45182309.341,,100.0,,,
USDCUSDT,USDC,Etabli,5,1.00094,2158421218.12801,0.009,57.91222662099002,4.4497768491295005e-05,1.000724,1.0003985000000002,0.0037849834710887635,0.0011187358285137893,0.000339561965065073,0.37654580845797625,-0.25385643364096416,1.0000158333333333,1.0024624999999998,support_bounce|bearish_engulfing_4h,1,1,mixte,365,0,0,30,,,45.0,73.0,94.0,78.5,30.4,62,58.01,15,🟢 Surperforme BTC,False,True,,0,,,,62,6,⚠️ Surveiller,Volume ×0.4 (épuisement)|Près du plus haut 90j (résistance)|Engloutissement baissier 4h,72364984518,72387272980,72389557098.69896,72381079727.29845,,100.0,,,
BFUSDUSDT,BFUSD,Etabli,54,0.9994,141550.8659,-0.01,53.52994287047079,4.8702896429507985e-05,0.999342,0.9994230000000011,0.003620730693898608,0.000900090009000912,0.000500050005000556,0.10363814850331436,0.14531097420111122,0.9990472222222218,0.999841666666667,resistance_test|doji_4h,0,1,baissier,350,0,0,30,,,44.6,57.0,94.0,47.0,32.7,58,48.88,11,🟢 Surperforme BTC,False,True,,0,,,,58,4,⚠️ Surveiller,Volume ×0.1 (épuisement)|Près du plus haut 90j (résistance),1318045866,1318045866,1320000000.0,1320000000.0,,100.0,,,
KGSTUSDT,KGST,Speculative,,0.011445,797389.838398,0.009,53.16446154932398,-3.5712805332587173e-08,0.011440359999999997,0.011411289999999989,0.027174299389169782,0.006113537117903984,0.0004366812227074058,0.15345235694773118,0.13054814726163638,0.011380111111111115,0.01145391666666667,macd_bearish_cross|resistance_test,0,2,baissier,217,0,0,30,,,12.9,73.0,94.0,57.5,13.3,58,35.13,11,🟢 Surperforme BTC,False,True,,0,,,,58,7,🔴 Sortie,Volume ×0.2 (épuisement)|Près du plus haut 90j (résistance)|MACD cross baissier,,,,,,,,,
UUSDT,U,Etabli,63,1.0008,19690406.3567,0.01,54.267342021581115,3.256351673276662e-05,1.000732,,0.0038425634418708106,0.0010984621529859205,0.0005991611743560574,0.43428650004338226,-0.18013861163190742,1.000025,1.001294444444445,macd_bullish_cross|support_bounce|resistance_test,2,1,haussier,197,0,0,30,,,40.4,45.0,94.0,78.5,35.2,55,52.48,8,🟢 Surperforme BTC,False,True,,0,,,,55,4,⚠️ Surveiller,Volume ×0.4 (épuisement)|Près du plus haut 90j (résistance),1078266314,1078266314,1078509107.8,1079509107.8,,99.9,,,
USDSUSDT,USDS,Etabli,12,1.0011,482108.849,0.03,58.29090946017507,4.829730607944582e-05,1.0007279999999996,,0.004251814759470677,0.001198561725928975,0.00029961050634194446,0.11493577136484713,-0.22099154248244876,0.9999222222222226,1.0014916666666671,macd_bullish_cross|resistance_test|doji_4h,1,1,mixte,111,0,0,30,,,38.0,45.0,94.0,47.0,32.7,54,43.94,7,≈ Neutre vs BTC,False,True,,0,,,,54,4,⚠️ Surveiller,Volume ×0.1 (épuisement)|Près du plus haut 90j (résistance),9964042942,9962579887,9963570172.732632,9961925042.855116,,100.0,,,
USDPUSDT,USDP,Speculative,602,1.0004,20020.3084,0.0,48.49378118493414,8.34474910191641e-06,1.0005020000000002,1.0002840000000008,0.004767848691580541,0.0011986814504046446,0.0008988315190253898,0.04790399031835143,-0.008917543693542591,0.9997527777777778,1.0011972222222225,macd_bullish_cross|resistance_test,1,1,mixte,365,0,0,30,,,17.0,45.0,94.0,47.0,32.7,54,32.72,7,≈ Neutre vs BTC,False,True,,0,,,,54,4,⚠️ Surveiller,Volume ×0.0 (épuisement)|Près du plus haut 90j (résistance),31942637,31942637,31954025.96069443,31954025.96069443,,100.0,,,
FRAXUSDT,FRAX,Mid,149,0.2551,123739.06105,-5.588,45.40042367371211,0.00042534190366849537,0.25905599999999995,,0.6791552163766273,0.542788749251945,0.4897267105525632,0.2636090788714556,0.6018291241424493,0.23997499999999997,0.4728583333333332,bull_flag|uptrend,2,0,haussier,195,0,0,30,,,26.3,45.0,59.5,47.0,50,53,36.67,6,≈ Neutre vs BTC,False,True,,0,,,,53,2,,Volume ×0.3 (épuisement),220178822,220178822,221820045.8726003,221820045.8726003,,100.0,42289426,$42M,-2.49
EURUSDT,EUR,Speculative,,1.1376,20963075.65534,-0.254,39.361174599086624,-0.00025092627479445244,1.1448559999999999,1.1628569999999991,0.03654425398216782,0.034798845696825606,0.03445934476319808,0.28505778449249647,0.40705647729799355,1.1392250000000002,1.172908333333333,rsi_bullish_divergence|doji_4h,1,0,haussier,365,0,0,30,,,17.0,28.0,100.0,78.5,56.6,53,39.6,6,≈ Neutre vs BTC,False,True,,0,,,,53,5,⚠️ Surveiller,Volume ×0.3 (épuisement)|Près du plus haut 90j (résistance),,,,,,,,,
AEURUSDT,AEUR,Speculative,,1.1399,1397.09794,0.009,51.26463294913564,-0.0002906114600560157,1.1364399999999997,1.1539464999999995,0.17776168287714478,0.04395886889460165,0.02322193658954595,0.06815356118850067,0.10637394799274978,1.1228583333333335,1.1625194444444444,macd_bearish_cross|support_bounce|downtrend|doji_4h,1,2,baissier,365,0,0,30,,,17.0,57.0,94.0,47.0,10.0,53,32.79,6,≈ Neutre vs BTC,False,True,,0,,,,53,7,🔴 Sortie,Volume ×0.1 (épuisement)|Près du plus haut 90j (résistance)|MACD cross baissier,,,,,,,,,
EURIUSDT,EURI,Speculative,511,1.1373,337274.87655,-0.228,43.5218197034258,-0.0003376652805994302,1.143052,1.1623490000000003,0.08879187004808671,0.07301129128109335,0.034807708634009615,0.24784781963319202,0.17645403497058362,1.133763888888889,1.1727472222222224,rsi_bullish_divergence|doji_4h,1,0,haussier,365,0,0,30,,,17.0,28.0,94.0,47.0,56.6,52,32.11,5,≈ Neutre vs BTC,False,True,,0,,,,52,5,⚠️ Surveiller,Volume ×0.2 (épuisement)|Près du plus haut 90j (résistance),38458752,38458752,33854051.48990108,33854051.48990108,,100.0,,,
USD1USDT,USD1,Etabli,24,0.99986,124433940.1853,0.01,49.50210728962885,2.180365278722157e-05,1.0001190000000002,0.999951049999999,0.003769433785463192,0.0016281927060961426,0.0012586029507246235,0.3424324597142741,-0.21276361783642683,0.9992672222222221,1.000843888888889,support_bounce|resistance_test|downtrend,1,2,baissier,365,0,0,30,,,45.0,45.0,94.0,78.5,12.1,49,53.55,2,≈ Neutre vs BTC,False,True,,0,,,,49,4,⚠️ Surveiller,Volume ×0.3 (épuisement)|Près du plus haut 90j (résistance),4094792939,4094792939,4099369492.979798,4099369492.979798,,100.0,,,
RLUSDUSDT,RLUSD,Etabli,48,1.0011,25968202.0333,0.01,56.220959758020456,4.5292714337889567e-05,1.000924,,0.005020942466110831,0.00129805292061915,0.0002995506739889835,0.3855968023309687,-0.24653358343968537,1.0000833333333334,1.0016027777777778,rsi_bearish_divergence|macd_bullish_cross|support_bounce|resistance_test,2,2,mixte,188,0,0,30,,,40.2,45.0,94.0,78.5,7.1,48,50.67,1,≈ Neutre vs BTC,False,True,,0,,,,48,6,⚠️ Surveiller,Volume ×0.4 (épuisement)|Près du plus haut 90j (résistance)|Divergence RSI baissière,1585931216,1586387520,1585640914.750468,1586097134.750468,,100.0,,,
TUSDUSDT,TUSD,Mid,101,0.9967,89447.2259,0.01,33.428806139827785,-7.175715188199633e-05,0.9986239999999994,0.9992204999999994,0.005831368163923972,0.0034999999999999476,0.0032999999999999696,0.4026981215315671,-0.12003914531867704,0.997402777777778,1.0000638888888889,resistance_test|downtrend,0,2,baissier,365,0,0,30,,,31.0,19.0,94.0,47.0,9.6,38,35.68,-9,🔴 Sous-performe BTC,False,True,,0,,,,38,5,⚠️ Surveiller,Volume ×0.4 (épuisement)|Près du plus haut 90j (résistance),492452109,492452109,494515083.0,494515083.0,,100.0,,,
