symbol,base,tier,rank_mcap,price,vol_24h_usd,change_24h_pct,rsi_14,macd_hist,ma_50,ma_200,vol_30d_ann,drawdown_90d,dist_to_high_90d,vol_ratio_vs_med90,corr_btc_90d,support_90d,resistance_90d,patterns,bull_signals,bear_signals,bias,age_days,n_red_flags,audit_score,team_score,github_commits_30d,github_contrib_90d,score_solidity,score_momentum,score_risk,score_antiscam,score_signal,score,suspect,stablecoin,categories,catalyst_score,catalyst_flags,trending_rank,vol_spike_ratio,bull_prob_7d,market_cap,fdv,circulating_supply,total_supply,max_supply,circ_ratio_pct,tvl,tvl_fmt,tvl_change_7d
PAXGUSDT,PAXG,Etabli,40,4726.8,39114760.675933,0.719,54.709020460614326,6.755124218155672,4646.414800000001,4591.538699999999,0.22924003685488137,0.18851456373184697,0.1306054502478639,0.5752374237181604,0.26242887237609613,4505.915277777777,5221.053055555554,macd_bullish_cross|support_bounce,2,0,haussier,365,0,0,30,,,45.0,82.0,89.5,78.5,60.8,74.32,False,False,,0,,,,72,2264010425,2264010425,479162.743,479162.743,,100.0,,,
JSTUSDT,JST,Etabli,85,0.08527,6287825.833977,0.804,61.15165351529471,-0.0005983036403716113,0.0713226,0.04870320000000004,0.9453419779004479,0.17961042246395148,0.040749887741356176,1.0432177736426322,-0.19914532590262832,0.042297499999999995,0.0831472222222222,macd_bearish_cross|uptrend,1,1,mixte,365,0,0,30,,,45.0,91.0,83.5,78.5,30.8,74.09,False,False,,0,,,,66,728315323,728315323,8543764567.312736,8543764567.312736,9900000000.0,100.0,,,
RENDERUSDT,RENDER,Etabli,68,1.996,9364093.51058,1.733,65.42837760204398,0.02405229944724145,1.8147599999999997,1.78344,0.527236447164082,0.18283764017552423,0.024865919063871356,0.5090514400127037,0.6477160109960877,1.3426111111111116,1.9619444444444447,macd_bullish_cross,1,0,haussier,365,0,0,30,,,45.0,73.0,100.0,78.5,59.5,73.81,False,False,,0,,,,67,1037831248,1067361403,518743261.0140742,533503434.2940742,644245094.0,97.2,,,
FILUSDT,FIL,Etabli,78,1.102,41438651.22643,-0.452,73.7151285314093,0.017316439854196904,0.9066000000000001,1.2587700000000002,0.7363997463238681,0.24576271186440676,0.010762331838565032,1.7730202993125543,0.6483199655686982,0.8405000000000001,1.0179722222222218,macd_bullish_cross|resistance_test,1,1,mixte,365,0,0,30,,,45.0,75.0,89.5,78.5,56.0,71.46,False,False,,0,,,,65,860906344,2167501491,777629662.0,1957836021.0,,39.7,,,
ICPUSDT,ICP,Etabli,54,3.004,38723895.65354,4.742,68.9176425809442,0.06895788929307264,2.4367,3.1699300000000004,0.9280550194045848,0.20699603317706464,0.061250000000000054,1.713601068901329,0.4952595782337809,2.214833333333333,2.699777777777778,macd_bullish_cross|resistance_test,1,1,mixte,365,0,0,30,,,45.0,75.0,89.5,78.5,56.0,71.46,False,False,,0,,,,65,1659821755,1659821755,552076936.3860946,552076936.3860946,,100.0,,,
SKYUSDT,SKY,Etabli,47,0.07986,1373387.98868,0.0,49.55869297975855,-0.0007159760758242645,0.0773428,0.06513005,0.4906085933516408,0.14271665642286427,0.10683951721054982,0.20470492736272383,0.6092410220048989,0.06517194444444444,0.08325500000000001,uptrend,1,0,haussier,233,0,0,30,,,41.4,73.0,95.5,68.0,59.1,70.93,False,False,,0,,,,69,1855177686,1875119530,23213140357.941845,23462665147.36596,23462665147.3,98.9,,,
SUIUSDT,SUI,Etabli,28,0.9898,57970597.12264,-2.213,61.79888057837408,0.006301407841647404,0.9275519999999999,1.355738,0.4919687574184315,0.21110490031675044,0.07723122787404497,0.5688120660104514,0.8379001624999336,0.8682361111111109,1.0122027777777776,macd_bullish_cross|double_bottom_90d,2,0,haussier,365,0,0,30,,,45.0,66.0,92.0,78.5,67.7,69.59,False,False,,0,,,,69,3971227410,9914638232,4005418369.566699,10000000000.0,10000000000.0,40.1,,,
ALGOUSDT,ALGO,Etabli,64,0.1294,7146773.2382,5.375,69.38297575081768,0.0012088382989509385,0.10526599999999998,0.12050500000000004,0.7257254765569335,0.18555667001003012,0.0,1.216108947367235,0.5078367649347014,0.08356944444444443,0.11805833333333335,macd_bullish_cross|double_bottom_90d|uptrend,3,0,haussier,365,0,0,30,,,45.0,66.0,89.5,78.5,76.8,69.48,False,False,,0,,,,68,1152065359,1152110328,8908079417.71083,8908427131.552256,10000000000.0,100.0,,,
HEIUSDT,HEI,Speculative,,0.0917,485230.90421,5.281,64.98322878300777,0.0007344359291091975,0.08305799999999999,0.12850549999999994,0.5244946395622703,0.21978021978021983,0.0,1.5146000352521882,0.4780258058187928,0.07512499999999998,0.09091111111111114,macd_bullish_cross,1,0,haussier,365,0,0,30,,,17.0,84.0,100.0,47.0,59.5,69.18,False,False,,0,,,,73,,,,,,,,,
NEARUSDT,NEAR,Etabli,45,1.471,54978816.0551,4.4,63.86232934446887,0.007976539822868795,1.3155799999999997,1.5586799999999994,0.6617001417509266,0.2201342281879195,0.012080536912751688,0.8151544464840156,0.6358061809808883,1.0179999999999998,1.4275277777777775,macd_bullish_cross,1,0,haussier,365,0,0,30,,,45.0,66.0,89.5,78.5,59.5,68.39,False,False,,0,,,,66,1911283508,1911283604,1294834944.0,1294835009.0,,100.0,,,
SHIBUSDT,SHIB,Etabli,31,6.36e-06,8766319.1255578,-1.7,58.83621952165287,1.5031076109983676e-08,6.044200000000001e-06,7.338500000000001e-06,0.39368921729634077,0.24751066856330006,0.09672830725462296,0.49131121421148227,0.682365531224176,5.58e-06,6.463333333333334e-06,uptrend,1,0,haussier,365,0,0,30,,,45.0,57.0,100.0,78.5,59.1,67.94,False,False,,0,,,,65,3749795259,3751428142,589243354902117.4,589499946336191.2,,100.0,,,
BNTUSDT,BNT,Speculative,640,0.3269,345776.71001,-1.536,61.884445835820934,0.0005979762222680816,0.3021139999999999,0.3823274999999999,0.43508543773801406,0.16369778869778875,0.0012217470983506764,1.7129813824636986,0.8838204565019032,0.2757861111111111,0.3268194444444445,macd_bullish_cross|double_bottom_90d,2,0,haussier,365,0,0,30,,,17.0,84.0,92.0,47.0,67.7,67.52,False,False,,0,,,,74,35365826,35365826,108041063.6902966,108041063.6902966,110542364.6372305,100.0,,,
ZILUSDT,ZIL,Mid,339,0.00431,2333168.045367,-2.928,60.76870157008364,3.024101328081022e-05,0.003992199999999999,0.005042249999999999,0.4637630758348296,0.20779220779220778,0.06709956709956719,0.9439532103987942,0.6876692637925305,0.0038088888888888894,0.004495555555555556,macd_bullish_cross,1,0,haussier,365,0,0,30,,,31.0,66.0,100.0,68.0,59.5,67.34,False,False,,0,,,,68,84301676,88316324,19513551525.0,20442833711.99463,21000000000.0,95.5,,,
ASRUSDT,ASR,Speculative,,1.296,1170502.0029,2.857,54.59610517940237,0.0017529399912514796,1.2653999999999999,1.4062800000000004,0.41182733185819814,0.19387075283144567,0.1379080612924716,1.3519460032172639,0.329531881667585,1.2233611111111111,1.4334722222222223,macd_bullish_cross|uptrend,2,0,haussier,365,0,0,30,,,17.0,75.0,95.5,68.0,68.7,66.92,False,False,,0,,,,72,,,,,,,,,
SOLUSDT,SOL,Etabli,7,89.26,288166194.25502,0.62,61.448463760544726,0.46763612552914907,85.06560000000002,115.32605000000001,0.44471749812885014,0.17941787941787946,0.07193347193347195,0.3695890142050912,0.8792127416297821,79.88944444444445,91.25166666666667,macd_bullish_cross|double_bottom_90d|uptrend,3,0,haussier,365,0,0,30,,,45.0,57.0,92.0,78.5,76.8,66.87,False,False,,0,,,,68,51600201010,55959199968,577082570.6277729,625832425.7578632,,92.2,,,
BNBUSDT,BNB,Etabli,4,648.99,145487088.46324,0.8,62.986710670809224,2.265095312820799,621.096,781.7772,0.2930410580820682,0.14151623486486892,0.04516632093098534,0.4852736078116429,0.8598961625944839,595.6975,657.4108333333334,macd_bullish_cross|double_bottom_90d|uptrend,3,0,haussier,365,0,0,30,,,45.0,57.0,92.0,78.5,76.8,66.87,False,False,,0,,,,68,87524492957,87524492957,134785812.7099999,134785812.7099999,200000000.0,100.0,,,
XRPUSDT,XRP,Etabli,5,1.4123,135134111.23189,-1.876,53.26419930725878,0.0004596033569404293,1.384746,1.7743624999999992,0.33488399089703286,0.14756966947504863,0.0845106934543097,0.32231332604607255,0.852064370369584,1.3219638888888887,1.4835583333333333,macd_bullish_cross|double_bottom_90d|uptrend,3,0,haussier,365,0,0,30,,,45.0,57.0,92.0,78.5,76.8,66.87,False,False,,0,,,,68,87329562794,141298353053,61796225236.0,99985670046.0,100000000000.0,61.8,,,
PUNDIXUSDT,PUNDIX,Speculative,560,0.1616,738942.01128,1.38,65.69729016957714,0.0011968490148133392,0.14807799999999996,0.20746200000000012,0.4566320795165163,0.22549575070821531,0.08725212464589234,3.034551594512229,0.6642640023197209,0.14269444444444446,0.16834444444444446,macd_bullish_cross,1,0,haussier,365,0,0,30,,,17.0,75.0,100.0,57.5,59.5,66.73,False,False,,0,,,,72,41638626,41638626,258386541.0999244,258386541.0999244,,100.0,,,
LTCUSDT,LTC,Etabli,26,56.78,16556792.96375,-1.235,59.577804407575364,0.09000388954944297,54.998200000000026,69.82959999999999,0.26414632742221145,0.10919931856899495,0.03168654173764905,0.2505932727971253,0.8128035132360425,52.396666666666675,57.00277777777777,macd_bullish_cross|uptrend,2,0,haussier,365,0,0,30,,,45.0,57.0,92.0,78.5,68.7,66.36,False,False,,0,,,,66,4385876291,4386197548,77135320.73347135,77140970.73347135,84000000.0,100.0,,,
NEOUSDT,NEO,Mid,182,2.967,1106406.64853,0.645,60.07619010412173,0.00973835529502384,2.78824,3.5236300000000025,0.49888230466013883,0.18027787190782785,0.01947194719471938,0.5681251838631785,0.6849207427597319,2.542388888888888,2.942138888888888,macd_bullish_cross|downtrend,1,1,mixte,365,0,0,30,,,31.0,66.0,100.0,68.0,42.5,66.27,False,False,,0,,,,64,209578059,297147396,70530000.0,100000000.0,,70.5,,,
MORPHOUSDT,MORPHO,Etabli,60,2.139,2915902.07237,-6.143,62.99622143609081,0.018244882190655606,1.7904799999999994,1.573315,0.7699619141813083,0.2590725806451613,0.04721603563474401,0.37290597949534443,0.42413962052014476,1.3111666666666668,2.0383333333333327,uptrend,1,0,haussier,217,0,0,30,,,40.9,73.0,77.5,68.0,59.1,65.93,False,False,,0,,,,66,1350616824,2139220174,631359427.3045491,1000000000.0,1000000000.0,63.1,,,
STXUSDT,STX,Mid,112,0.2569,6357745.44299,4.092,68.25734535294175,0.003733776066439605,0.22820199999999993,0.29068400000000005,0.6770660662046316,0.23493323709852046,0.07109346806207144,3.4965243911188586,0.7334450082533261,0.21691666666666662,0.27303611111111115,,0,0,neutre,365,0,0,30,,,31.0,75.0,81.5,78.5,50,65.84,False,False,,2,⚡ Volume ×3.5 vs médiane,,3.5,70,475020460,475020460,1844026802.57368,1844026802.57368,,100.0,,,
AVAXUSDT,AVAX,Etabli,27,9.58,26429329.7991,-1.135,57.56400900799319,0.03598410709873184,9.240599999999999,11.96674999999999,0.4699043218131759,0.18017159199237373,0.08674928503336513,0.37305549697605284,0.8267550108317072,8.673333333333334,9.843888888888891,macd_bullish_cross,1,0,haussier,365,0,0,30,,,45.0,57.0,92.0,78.5,59.5,65.78,False,False,,0,,,,64,4141428248,4445188837,431771961.1772119,463441061.1772119,720000000.0,93.2,,,
BIGTIMEUSDT,BIGTIME,Speculative,757,0.01454,2045206.13439,2.539,63.42309044013253,7.129317592219957e-05,0.013007600000000001,0.019258900000000002,0.5892033095427754,0.28762949421084705,0.11334552102376602,4.133568232448323,0.6514198439364574,0.012238888888888888,0.015401388888888888,doji_4h,0,0,neutre,365,0,0,30,,,17.0,84.0,83.5,68.0,50,65.77,False,False,,2,⚡ Volume ×4.1 vs médiane,,4.13,76,27766524,72754085,1908245059.7925065,5000000000.0,5000000000.0,38.2,,,
VTHOUSDT,VTHO,Mid,449,0.000603,388325.78724,0.166,63.335065000799894,2.6866722591306492e-06,0.0005688399999999999,0.0007727000000000001,0.3517171460393821,0.17398119122257052,0.05485893416927897,0.680985362684296,0.5887069750161227,0.0005441666666666666,0.0006347222222222223,macd_bullish_cross|doji_4h,1,0,haussier,365,0,0,30,,,31.0,66.0,100.0,47.0,59.5,65.66,False,False,,0,,,,68,60288634,60294407,99827742879.0,99837301939.0,,100.0,,,
TRXUSDT,TRX,Etabli,8,0.3451,32290968.84511,0.524,75.19621159702825,0.001655849904459987,0.3223539999999999,0.2975220000000002,0.15438060559611924,0.034755677907777005,0.0031764366156511402,0.2623879678008679,0.15631836942081065,0.27970000000000006,0.3321722222222222,macd_bullish_cross,1,0,haussier,365,0,0,30,,,45.0,55.0,94.0,78.5,59.5,65.59,False,False,,0,,,,53,32712095548,32712099815,94793447282.7204,94793459648.4075,,100.0,,,
STORJUSDT,STORJ,Speculative,,0.1127,6462401.8743,-14.101,67.72862991465347,0.0014255345604118556,0.09835200000000001,0.12321199999999996,0.6116884951875833,0.21181818181818182,0.02168256721595839,4.697590326469694,0.513249480740013,0.0902972222222222,0.10753611111111112,macd_bullish_cross,1,0,haussier,365,0,0,30,,,17.0,75.0,89.5,78.5,59.5,65.55,False,False,,2,⚡ Volume ×4.7 vs médiane,,4.7,73,,,,,,,,,
KSMUSDT,KSM,Mid,289,5.74,7844457.48474,13.663,76.47219604191181,0.059922338713294526,4.5165999999999995,6.604849999999998,0.7020827872714462,0.23925233644859803,0.0,10.578426493977593,0.5807628193059186,4.156944444444445,5.103888888888891,macd_bullish_cross,1,0,haussier,365,0,0,30,,,31.0,66.0,89.5,78.5,59.5,65.33,False,False,,3,⚡ Volume ×10.6 vs médiane,,10.58,64,104255447,104255447,18171215.73216359,18171215.73216359,,100.0,,,
1000CATUSDT,1000CAT,Speculative,,0.00226,1882333.394015,7.619,72.43490114651524,3.0889501429232915e-05,0.0017746000000000005,0.0026747000000000003,0.900839807417104,0.24019607843137264,0.0,2.8048509010327214,0.6109180927575275,0.0015802777777777775,0.001999166666666667,breakout_30d|macd_bullish_cross|double_bottom_90d,3,0,haussier,365,0,0,30,,,17.0,75.0,89.5,68.0,69.0,65.31,False,False,,0,,,,72,,,,,,,,,
JTOUSDT,JTO,Mid,186,0.4259,17962783.74025,7.686,73.47342721348622,0.006031187158923982,0.32122600000000007,0.4271549999999998,0.8077240378934057,0.23935212957408514,0.0,1.4376263797659108,0.45027791604366374,0.25584166666666674,0.3705361111111111,uptrend|doji_4h,1,0,haussier,365,0,0,30,,,31.0,66.0,89.5,78.5,59.1,65.3,False,False,,0,,,,63,199298614,426342351,467461450.9,1000000000.0,,46.7,,,
LUNCUSDT,LUNC,Mid,105,9.65e-05,44375373.97158232,-11.264,66.37227106164173,3.488039367047099e-06,5.0496799999999994e-05,4.200530000000003e-05,1.744375567413652,0.20720123702231064,0.16215745976511525,4.979224232214231,0.29060601027230687,3.453805555555556e-05,7.02361111111111e-05,,0,0,neutre,365,0,0,30,,,31.0,91.0,58.0,78.5,50,65.29,False,False,,2,🔥 Trending #12 sur CoinGecko|⚡ Volume ×5.0 vs médiane,12,4.98,71,532710833,622109802,5531779269914.583,6460116624305.659,,85.6,,,
ASTERUSDT,ASTER,Etabli,52,0.671,16241706.22388,-2.329,50.95211960093181,0.0019340945107420167,0.6679599999999998,0.7901649999999992,0.31942301001162915,0.14417989417989416,0.11243386243386239,0.3991761611472829,0.31556444848506043,0.6377222222222223,0.7310277777777777,,0,0,neutre,214,0,0,30,,,40.9,57.0,95.5,78.5,50,65.23,False,False,,0,,,,62,1734162441,5257909659,2579922243.4698935,7822218820.515041,8000000000.0,33.0,,,
ETCUSDT,ETC,Etabli,58,9.26,7524277.4049,-1.174,65.7414192666314,0.0973486723131374,8.446599999999997,11.1101,0.46569773582380086,0.1387978142076503,0.014893617021276655,0.8057967417872068,0.763288621260148,8.051388888888887,9.029722222222222,macd_bullish_cross|double_bottom_90d|downtrend,2,1,haussier,365,0,0,30,,,45.0,57.0,92.0,78.5,50.7,65.23,False,False,,0,,,,59,1452268730,1452268730,156559601.6228963,156559601.6228963,210700000.0,100.0,,,
DOGEUSDT,DOGE,Etabli,10,0.11128,140712293.47458,-4.185,68.69667395908783,0.0010538714930370175,0.09676459999999999,0.12361565000000002,0.4185197380811339,0.19713616714697413,0.031086729362591464,0.5668581740796882,0.715479809857749,0.08982861111111112,0.10691027777777778,,0,0,neutre,365,0,0,30,,,45.0,57.0,92.0,78.5,50,65.18,False,False,,0,,,,59,17190013107,17190231699,154133886383.7052,154135846383.7052,,100.0,,,
ARBUSDT,ARB,Etabli,82,0.127,10893318.96961,2.337,59.32329280159297,-0.0009322779866666533,0.11094000000000001,0.16921450000000007,0.7058691067429238,0.2663900414937759,0.030464584920030492,0.6235979667949376,0.6295956686664148,0.09211111111111109,0.12784166666666666,uptrend,1,0,haussier,365,0,0,30,,,45.0,66.0,77.5,78.5,59.1,65.1,False,False,,0,,,,64,784124509,1274850275,6150718438.0,10000000000.0,10000000000.0,61.5,,,
ANKRUSDT,ANKR,Mid,494,0.00507,2297452.962939,0.198,52.89948592622344,8.434327414880595e-06,0.0050868000000000016,0.006357999999999998,0.4612364639990971,0.1485507246376811,0.08152173913043477,2.9316204963084402,0.250189091874302,0.004251666666666665,0.005433333333333334,macd_bullish_cross|doji_4h,1,0,haussier,365,0,0,30,,,31.0,64.0,94.0,68.0,59.5,64.98,False,False,,0,,,,71,50873115,50873115,10000000000.0,10000000000.0,10000000000.0,100.0,,,
SCRUSDT,SCR,Speculative,,0.05028,1082756.9855,1.33,62.26858791195311,0.0005327958218205762,0.0442486,0.0757005,0.8029950352724378,0.2672785165761378,0.05806330773553097,1.5003635844717598,0.49714942719883465,0.040396388888888884,0.050341388888888894,macd_bullish_cross,1,0,haussier,365,0,0,30,,,17.0,84.0,77.5,68.0,59.5,64.73,False,False,,0,,,,70,,,,,,,,,
LUNAUSDT,LUNA,Speculative,501,0.0701,3231619.948604,-5.014,57.41242607170957,0.0006034942873195111,0.060336,0.07906450000000001,0.8794048583622209,0.21605839416058403,0.06524633821571241,1.025546866931505,0.38041091280669814,0.05501944444444447,0.07001666666666667,uptrend,1,0,haussier,365,0,0,30,,,17.0,75.0,89.5,68.0,59.1,64.69,False,False,,0,,,,69,49777311,83200536,709984438.91686,1186707049.0,,59.8,,,
GRTUSDT,GRT,Mid,161,0.02639,1367066.23647,-0.64,62.82872585449062,0.0002175194271865042,0.024642399999999995,0.03701805,0.4775020903534007,0.19359283499827765,0.08990699276610407,0.5925002966416435,0.7111354254230093,0.023804444444444448,0.027957222222222227,macd_bullish_cross|double_top_90d|uptrend,2,1,haussier,365,0,0,30,,,31.0,66.0,92.0,68.0,50.6,64.61,False,False,,0,,,,65,285609154,285619604,10799867657.47347,10800262816.04821,10800262823.318213,100.0,,,
VANAUSDT,VANA,Speculative,503,1.609,53961091.85646,1.835,66.95699798546003,0.010722722217052026,1.36846,2.0594249999999987,0.5888851552581342,0.3070636310566258,0.060128429655575,71.32824493699574,0.5001781160522285,1.2552222222222218,1.6795277777777775,,0,0,neutre,365,0,0,30,,,17.0,75.0,88.0,78.5,50,64.54,False,False,,3,⚡ Volume ×71.3 vs médiane,,71.33,72,49687972,193589500,30800000.0,120000000.0,120000000.0,25.7,,,
ADAUSDT,ADA,Etabli,14,0.2665,37133843.71455,-1.406,63.35728511174994,0.002368236757520852,0.25139200000000006,0.3573714999999996,0.4903385780533219,0.20531807472231564,0.10299562436889924,0.3357920982490724,0.7803930330714323,0.2424333333333334,0.2852805555555556,uptrend,1,0,haussier,365,0,0,30,,,45.0,57.0,87.5,78.5,59.1,64.53,False,False,,0,,,,63,9874894486,12016060479,36981359457.95703,45000000000.0,45000000000.0,82.2,,,
BABYUSDT,BABY,Mid,403,0.01793,1567574.92324,1.586,58.96711321214114,0.00012415857756495905,0.014881600000000005,0.017850900000000003,0.9860386632586604,0.2266009852216749,0.09747474747474752,0.7596388686185565,0.3136924230989256,0.011939722222222221,0.017331666666666665,uptrend,1,0,haussier,365,0,0,30,,,31.0,66.0,89.5,68.0,59.1,64.46,False,False,,0,,,,66,69217423,192382340,3873963916.98,10767263600.0,,36.0,,,
MINAUSDT,MINA,Mid,346,0.065,862261.90622,1.089,64.4125727449348,0.00034128992917154834,0.05843400000000001,0.0810805,0.46565822950261615,0.2384393063583815,0.060693641618497045,0.3674638186568461,0.6041822408238823,0.054213888888888895,0.06605000000000003,macd_bullish_cross|double_bottom_90d|uptrend,3,0,haussier,365,0,0,30,,,31.0,57.0,100.0,57.5,76.8,64.31,False,False,,0,,,,70,83601437,83601437,1285389478.840039,1285389478.840039,,100.0,,,
ACMUSDT,ACM,Speculative,,0.442,1495341.0312,2.552,58.82231179688682,0.00034449626443072527,0.41914,0.4976700000000001,0.39205397613467086,0.16101694915254228,0.06355932203389825,0.9833965236185139,0.49467543873832975,0.4043888888888889,0.4669444444444445,macd_bullish_cross,1,0,haussier,365,0,0,30,,,17.0,66.0,100.0,68.0,59.5,64.28,False,False,,0,,,,68,,,,,,,,,
CYBERUSDT,CYBER,Speculative,623,0.576,1055180.25616,2.491,64.012504889291,0.0032129266996612704,0.5231000000000001,0.6903099999999999,0.5101608981339113,0.23174603174603178,0.08571428571428578,0.9560962677108121,0.46428618351627254,0.49377777777777787,0.5983055555555556,macd_bullish_cross,1,0,haussier,365,0,0,30,,,17.0,66.0,100.0,68.0,59.5,64.28,False,False,,0,,,,68,36150983,57699647,62653733.76,100000000.0,100000000.0,62.7,,,
SEIUSDT,SEI,Mid,117,0.06131,6513089.28685,-0.648,57.354238762303744,0.0002229826882512779,0.057448799999999994,0.10261369999999999,0.5577392953125914,0.36061381074168797,0.21560102301790288,0.6656406026049482,0.6743779079297443,0.053682499999999994,0.07387500000000001,macd_bullish_cross|uptrend,2,0,haussier,365,0,0,30,,,31.0,66.0,83.5,78.5,68.7,64.27,False,False,,0,,,,68,413567381,614208982,6733333333.0,10000000000.0,,67.3,,,
POWRUSDT,POWR,Speculative,639,0.0668,259046.6598,-1.183,57.54789030144538,0.00027530449858178597,0.06419000000000001,0.07958350000000003,0.49482824163736355,0.16997167138810196,0.053824362606232266,1.1872494132632283,0.6781065508766031,0.06072222222222223,0.06875555555555554,rsi_bearish_divergence|macd_bullish_cross|double_bottom_90d|downtrend,2,2,mixte,365,0,0,30,,,17.0,75.0,100.0,47.0,31.9,64.15,False,False,,0,,,,64,35402015,66793273,529761884.726046,999506122.99937,1000000000.0,53.0,,,
MASKUSDT,MASK,Mid,486,0.517,899077.4107,0.78,57.23629522350278,-0.0026297426680498594,0.46562000000000014,0.5786099999999998,0.6863068642246328,0.1938775510204081,0.08156028368794314,0.5109234772233655,0.6772142871616491,0.41436111111111107,0.51975,double_bottom_90d|uptrend|doji_4h,2,0,haussier,365,0,0,30,,,31.0,66.0,89.5,57.5,67.3,64.14,False,False,,0,,,,68,51822703,51822703,100000000.0,100000000.0,100000000.0,100.0,,,
RONINUSDT,RONIN,Speculative,,0.0992,699346.752708,-2.745,55.67066912852377,3.973221762006932e-05,0.09221000000000004,0.1509850000000001,0.5887993065755808,0.219626168224299,0.0719626168224299,0.8838584700411379,0.5621153103482331,0.08576666666666664,0.10680555555555554,macd_bullish_cross|uptrend,2,0,haussier,365,0,0,30,,,17.0,66.0,100.0,57.5,68.7,64.01,False,False,,0,,,,70,,,,,,,,,
LPTUSDT,LPT,Mid,276,2.24,1628167.93148,-0.665,59.97663462476168,0.013209439402673336,2.1257799999999993,3.0786199999999972,0.573868426568024,0.20382165605095542,0.10628980891719741,0.9230221508656853,0.7011356696605083,2.041166666666667,2.4661388888888895,uptrend,1,0,haussier,365,0,0,30,,,31.0,66.0,87.5,68.0,59.1,63.92,False,False,,0,,,,66,111510465,111510465,49688954.55,49688954.55,,100.0,,,
PSGUSDT,PSG,Speculative,,0.966,13301131.87008,25.455,72.7602241458098,0.014307896817065832,0.82208,0.8486399999999997,0.7851706295026725,0.20515574650913002,0.0,10.116326608785124,0.2923430343930526,0.6825555555555557,0.9049444444444446,macd_bullish_cross|resistance_test|downtrend|bullish_engulfing_4h|morning_star_4h,3,2,haussier,365,0,0,30,,,17.0,75.0,83.5,78.5,59.1,63.89,False,False,,3,⚡ Volume ×10.1 vs médiane,,10.12,74,,,,,,,,,
DIAUSDT,DIA,Speculative,788,0.215,834103.51672,1.559,67.5352490786183,0.0019029137556302528,0.18426399999999993,0.2727159999999996,0.7303706948306764,0.2341417910447761,0.0,1.8037884256689938,0.459561417777586,0.17237222222222226,0.20560555555555557,macd_bullish_cross,1,0,haussier,365,0,0,30,,,17.0,75.0,89.5,57.5,59.5,63.87,False,False,,0,,,,66,26039612,36731942,119676104.0,168817248.0,200000000.0,70.9,,,
CHZUSDT,CHZ,Mid,114,0.0433,8429716.95241,1.787,51.705339922633975,-0.0005684616950376921,0.040841,0.0385795,1.0287072242654791,0.25378346915017463,0.13896620278330013,0.6316395277023609,0.42760617549379004,0.03432916666666666,0.045985277777777785,uptrend,1,0,haussier,365,0,0,30,,,31.0,82.0,62.5,78.5,59.1,63.8,False,False,,0,,,,67,447874199,447874199,10345415978.0,10345415978.0,,100.0,,,
NXPCUSDT,NXPC,Mid,334,0.3198,944844.83033,5.197,66.73218020337526,0.0014251726803318023,0.2914999999999999,0.34435749999999987,0.3746444126352734,0.1435231435231436,0.0,0.9751242159197077,0.46604604680551376,0.2653916666666667,0.3078027777777777,macd_bullish_cross|uptrend,2,0,haussier,358,0,0,30,,,30.8,57.0,100.0,57.5,68.7,63.75,False,False,,0,,,,65,86047127,317995991,269117831.1697733,994552574.1697733,1000000000.0,27.1,,,
BANANAUSDT,BANANA,Speculative,981,4.28,1943253.87766,3.133,69.48402106626213,0.03398081089456345,3.6332,6.26425,0.5624944735082348,0.3388090349075975,0.11704312114989739,2.7406289171207625,0.5901433276476531,3.340277777777778,4.743055555555556,macd_bullish_cross|uptrend,2,0,haussier,365,0,0,30,,,17.0,75.0,83.5,68.0,68.7,63.65,False,False,,0,,,,71,17274334,36140281,4016415.732856428,8402893.465936832,10000000.0,47.8,,,
ETHUSDT,ETH,Etabli,2,2329.34,1084919717.621618,-2.515,54.01275735609836,-3.191101666356655,2222.999,2687.183900000001,0.45572114221221066,0.15653833240542792,0.036821000413394034,0.3830117566234235,0.9136882732165182,1928.5700000000002,2362.088611111111,,0,0,neutre,365,0,0,30,,,45.0,57.0,86.0,78.5,50,63.55,False,False,,0,,,,61,281490697542,281490697542,120687104.0636836,120687104.0636836,,100.0,,,
HIVEUSDT,HIVE,Speculative,630,0.0659,1941943.9596,-2.515,57.586754721743134,0.0008241781466113324,0.060753999999999996,0.08645349999999997,0.8987344185782048,0.26822916666666663,0.13671874999999994,3.1541552852049155,0.4497972096227153,0.05810555555555555,0.0728611111111111,macd_bullish_cross,1,0,haussier,365,0,0,30,,,17.0,84.0,73.0,68.0,59.5,63.51,False,False,,0,,,,73,35792577,,541880096.3,,,,,,
HBARUSDT,HBAR,Etabli,30,0.0909,10067358.06236,-1.324,54.727468776902604,0.0002439142975991832,0.08951079999999997,0.11572015000000004,0.3678737135839656,0.18134565405717581,0.12426605063047445,0.3559015226167707,0.7674347896484321,0.08680249999999998,0.10111694444444445,macd_bullish_cross|double_top_90d,1,1,mixte,365,0,0,30,,,45.0,57.0,87.5,78.5,41.5,63.42,False,False,,0,,,,59,3947443653,4550562286,43373141655.17406,50000000000.0,50000000000.0,86.7,,,
APTUSDT,APT,Etabli,80,1.018,19065339.76685,-3.598,60.02411743753658,0.0033642694345188164,0.94086,1.599030000000001,0.6794686323003571,0.27174887892376676,0.08609865470852025,0.6068533145834946,0.6370457124648672,0.8457499999999999,1.047138888888889,double_top_90d,0,1,baissier,365,0,0,30,,,45.0,66.0,77.5,78.5,32.0,63.39,False,False,,0,,,,58,824003817,1227152601,807317511.2971904,1202302420.40479,2100000000.0,67.1,,,
GLMUSDT,GLM,Mid,238,0.1429,772084.4517,-0.557,60.27026809382517,0.0003475449443001411,0.13185200000000002,0.1855015,0.49916129509154344,0.38800000000000007,0.2865000000000001,1.3634631924516272,0.5149429807033991,0.1251111111111111,0.1820166666666667,rsi_bearish_divergence,0,1,baissier,365,0,0,30,,,31.0,75.0,83.5,57.5,29.2,63.39,False,False,,0,,,,61,142660002,142660002,1000000000.0,1000000000.0,,100.0,,,
NOTUSDT,NOT,Mid,417,0.000658,16648120.102913,18.773,83.26062279694781,2.3439944632190175e-05,0.00039368,0.0005123600000000001,1.2378066961943004,0.21527777777777773,0.0,16.815166979753737,0.49652841597005826,0.00034836111111111114,0.00045625000000000006,macd_bullish_cross|double_bottom_90d|resistance_test|uptrend|doji_4h,3,1,haussier,365,0,0,30,,,31.0,66.0,79.0,78.5,73.4,63.34,False,False,,3,⚡ Volume ×16.8 vs médiane,,16.82,66,65329574,67316022,99429447866.9074,102452755868.5205,102456956842.91,97.0,,,
EURIUSDT,EURI,Mid,450,1.1765,1823785.20182,0.0,58.72965943539671,-6.546150036979784e-05,1.16564,1.1675349999999998,0.05497309633080871,0.04216007390610567,0.011673805324598994,0.3052468047738173,0.3842743533631335,1.1486361111111114,1.184075,support_bounce|resistance_test,1,1,mixte,365,0,0,30,,,31.0,57.0,100.0,68.0,47.8,63.31,False,False,,0,,,,63,59992672,59992672,50968733.99990108,50968733.99990108,,100.0,,,
ASTRUSDT,ASTR,Mid,376,0.008827,458824.4601844,-2.701,64.96199208798639,5.894220978709265e-05,0.00790208,0.010303079999999994,0.5270112778017907,0.1677844452288504,0.007192627556754307,0.2962593376181113,0.5534240824047492,0.007162833333333334,0.008487527777777778,macd_bullish_cross|double_bottom_90d|resistance_test|uptrend,3,1,haussier,365,0,0,30,,,31.0,57.0,100.0,47.0,73.4,63.25,False,False,,0,,,,69,76910774,76917609,8686660259.0,8687432203.0,,100.0,,,
SANDUSDT,SAND,Mid,183,0.0776,4427043.4464,0.129,52.40481421424095,0.00022672034138559484,0.077346,0.11776949999999996,0.6253533866605252,0.22065217391304345,0.15434782608695657,1.1384734948669415,0.7450352284527567,0.07363888888888889,0.08836388888888888,macd_bullish_cross|double_top_90d,1,1,mixte,365,0,0,30,,,31.0,75.0,77.0,68.0,41.5,63.24,False,False,,0,,,,63,207839175,233764498,2667289212.2233224,3000000000.0,3000000000.0,88.9,,,
ALPINEUSDT,ALPINE,Speculative,,0.481,1055531.86777,2.123,63.245171476966185,0.0009756046385694557,0.42848000000000014,0.530575,0.531028764578185,0.15250544662309368,0.004149377593360999,0.6834669798956496,0.5247697557895572,0.3989722222222222,0.47177777777777785,macd_bullish_cross|double_top_90d|doji_4h,1,1,mixte,365,0,0,30,,,17.0,66.0,100.0,68.0,41.5,63.14,False,False,,0,,,,64,,,,,,,,,
ARUSDT,AR,Mid,209,2.49,18676895.9223,-1.581,68.64370329536658,0.05624168636897757,1.8798,2.9657499999999994,1.0766637250377804,0.27142857142857146,0.04942965779467677,2.155164197072331,0.48897069129607706,1.6094444444444438,2.153055555555555,macd_bullish_cross|uptrend,2,0,haussier,365,0,0,30,,,31.0,75.0,67.0,78.5,68.7,63.07,False,False,,0,,,,69,164175720,164175720,65652466.0,65652466.0,66000000.0,100.0,,,
OPUSDT,OP,Mid,152,0.1448,16260779.298709,7.259,71.1955272393964,0.0020610270998819326,0.118264,0.23903699999999997,0.8141883186207912,0.4827586206896552,0.2647058823529412,2.582284028504366,0.5205333162105468,0.1084888888888889,0.17198055555555558,macd_bullish_cross|downtrend|doji_4h,1,1,mixte,365,0,0,30,,,31.0,75.0,73.0,78.5,42.5,63.05,False,False,,0,,,,63,312560944,624135962,2150875957.0,4294967296.0,4294967296.0,50.1,,,
ACXUSDT,ACX,Speculative,672,0.0464,463820.13458,3.571,62.61475683387049,0.00011860757850552328,0.043309999999999994,0.049636500000000014,0.39025767745708884,0.31239669421487604,0.23471074380165285,1.5065432380444468,0.16468081493204118,0.033641666666666646,0.04708611111111112,macd_bullish_cross,1,0,haussier,365,0,0,30,,,17.0,84.0,77.5,47.0,59.5,63.05,False,False,,0,,,,70,32607293,46273951,704657633.0,1000000000.0,1000000000.0,70.5,,,
IOUSDT,IO,Mid,492,0.1526,35716522.871403,-14.986,76.2631170072596,0.0027642747721170983,0.11230199999999999,0.16417050000000016,1.0159630023700854,0.23199999999999998,0.0,5.478878838863297,0.5155861213279438,0.09952777777777778,0.1286777777777778,macd_bullish_cross|uptrend,2,0,haussier,365,0,0,30,,,31.0,66.0,79.0,78.5,68.7,63.04,False,False,,3,⚡ Volume ×5.5 vs médiane,,5.48,64,50783956,122943634,330452296.5273317,799996882.7849586,800000000.0,41.3,,,
FETUSDT,FET,Mid,108,0.2268,18277714.70224,1.34,58.69386779990161,0.0028687270996671666,0.22363600000000006,0.2262870000000001,0.6277338045281254,0.24711316397228633,0.125866050808314,0.727279062807288,0.6455193745789757,0.15113333333333331,0.24556388888888886,macd_bullish_cross|downtrend,1,1,mixte,365,0,0,30,,,31.0,66.0,85.0,78.5,42.5,63.03,False,False,,0,,,,62,514169813,617864421,2258836316.9243417,2714384546.672,2714384546.672,83.2,,,
VIRTUALUSDT,VIRTUAL,Etabli,95,0.9238,23025150.75733,10.821,78.20652316766714,0.021256964148354263,0.6953400000000001,0.8323464999999999,0.7926908893591877,0.21388438007241842,0.0,1.3887350976294368,0.7060087300868731,0.5964305555555556,0.7756027777777778,breakout_30d|uptrend,2,0,haussier,365,0,0,30,,,45.0,57.0,81.5,78.5,60.4,62.98,False,False,,3,🔥 Trending #5 sur CoinGecko,5,,56,607423159,925345646,656428396.6958218,1000000000.0,1000000000.0,65.6,,,
RVNUSDT,RVN,Mid,307,0.00611,391372.38918,-0.65,59.99956878069919,1.4177208874934483e-05,0.005802999999999999,0.0070348999999999984,0.4023051235185003,0.17160686427457103,0.04680187207488298,0.4197173918726265,0.6675020140933213,0.005438888888888888,0.006242222222222223,macd_bullish_cross|uptrend,2,0,haussier,365,0,0,30,,,31.0,57.0,100.0,47.0,68.7,62.95,False,False,,0,,,,68,99213889,99232347,16225888966.35048,16228907716.35053,21000000000.0,100.0,,,
BONKUSDT,BONK,Etabli,96,6.84e-06,9812901.75061581,-2.146,67.73116252028325,5.3921826367808733e-08,6.051e-06,8.3356e-06,0.6287870750840523,0.22670375521557715,0.04867872044506259,0.652478656949689,0.7345756247255246,5.6641666666666665e-06,6.644166666666668e-06,macd_bullish_cross,1,0,haussier,365,0,0,30,,,45.0,57.0,81.5,78.5,59.5,62.92,False,False,,0,,,,59,603396790,603396790,87994736217030.36,87994736230332.14,87995282867000.55,100.0,,,
ACEUSDT,ACE,Speculative,,0.13,2668532.7044,0.0,58.945159203924156,0.0013013831876712769,0.12196000000000001,0.2036349999999999,0.7536454956983623,0.41397849462365593,0.29569892473118276,3.5665203238881227,0.42029275802304167,0.1147777777777778,0.17444444444444446,,0,0,neutre,365,0,0,30,,,17.0,84.0,73.0,68.0,50,62.91,False,False,,2,⚡ Volume ×3.6 vs médiane,,3.57,74,,,,,,,,,
BCHUSDT,BCH,Etabli,17,460.0,7060088.0496,-2.335,55.143161283924805,1.7334217634881468,452.13600000000014,519.1534999999997,0.34752121769557326,0.26178377431224814,0.19362186788154906,0.21694254048528053,0.6174084389932635,436.0888888888889,543.0055555555556,doji_4h,0,0,neutre,365,0,0,30,,,45.0,57.0,83.5,78.5,50,62.87,False,False,,0,,,,60,9217881984,9217881984,20031124.89665078,20031124.89665078,21000000.0,100.0,,,
ZRXUSDT,ZRX,Mid,310,0.1148,336283.1787,-1.544,57.08319104611013,-3.067086491370663e-05,0.10702600000000004,0.1322985,0.5837768032248833,0.16206896551724145,0.018787361229718136,0.42484841175296456,0.6892008966542557,0.10006666666666669,0.11498611111111108,double_bottom_90d|uptrend|doji_4h,2,0,haussier,365,0,0,30,,,31.0,57.0,100.0,47.0,67.3,62.87,False,False,,0,,,,67,97719887,115181852,848396562.906836,1000000000.0,1000000000.0,84.8,,,
IOTAUSDT,IOTA,Mid,164,0.0588,2121153.7825,-2.0,55.76922352987342,0.0004122515248174909,0.05749400000000003,0.08656299999999999,0.49309857702881515,0.25936199722607484,0.18446601941747573,0.5027534644743707,0.6215223046402364,0.054994444444444464,0.06980555555555554,macd_bullish_cross,1,0,haussier,365,0,0,30,,,31.0,66.0,83.5,68.0,59.5,62.85,False,False,,0,,,,65,260370033,287264466,4423704336.0,4880642557.0,,90.6,,,
LINKUSDT,LINK,Etabli,19,10.01,38180247.7595,-0.497,66.69222790699024,0.07215917778555994,9.113400000000002,11.531750000000004,0.4849514193656527,0.15120967741935484,0.0,0.43596969985297873,0.8720103553230271,8.435000000000002,9.618333333333334,macd_bullish_cross|double_bottom_90d|resistance_test,2,1,haussier,365,0,0,30,,,45.0,48.0,92.0,78.5,64.2,62.79,False,False,,0,,,,60,7273959115,10004070156,727099970.4523476,1000000000.0,1000000000.0,72.7,,,
FARMUSDT,FARM,Speculative,,11.96,521720.48883,-1.726,53.41840887782319,0.03893067636173623,11.793399999999998,16.233400000000007,0.43898559563290546,0.196980589503954,0.1394680086268871,0.6350281691117332,0.5406784635969729,11.325833333333332,13.658333333333337,macd_bullish_cross|double_bottom_90d,2,0,haussier,365,0,0,30,,,17.0,66.0,95.5,57.5,67.7,62.73,False,False,,0,,,,69,,,,,,,,,
NEXOUSDT,NEXO,Etabli,76,0.896,625605.85298,-1.104,48.69142817859771,-0.0011074521374294212,0.8919800000000006,0.9338049999999997,0.31034021968662867,0.08695652173913052,0.03448275862068968,0.28438789729234454,0.7551571708292105,0.8216388888888889,0.9227499999999998,bearish_engulfing_4h,0,1,baissier,365,0,0,30,,,45.0,57.0,92.0,57.5,37.5,62.71,False,False,,0,,,,59,895449091,895449091,1000000000.0,1000000000.0,1000000000.0,100.0,,,
POLUSDT,POL,Etabli,67,0.0997,3703927.50873,0.0,64.85051430584723,0.0007604249790296468,0.09221200000000002,0.11970900000000004,0.5081544495878776,0.2830850131463628,0.12620508326029795,0.23668866165075453,0.477944637595165,0.08737222222222223,0.10845833333333332,uptrend,1,0,haussier,365,0,0,30,,,45.0,57.0,83.5,68.0,59.1,62.6,False,False,,0,,,,63,1061764305,1061764305,10638803438.95782,10638803438.95782,,100.0,,,
ATOMUSDT,ATOM,Etabli,74,1.93,2958946.27239,-1.026,57.6340608925327,-0.0060858618219855574,1.8074400000000004,2.192645000000001,0.36255637179177735,0.30195080576759975,0.18150975402883807,0.4675956642271073,0.5473679096539883,1.70175,2.163777777777778,uptrend,1,0,haussier,365,0,0,30,,,45.0,57.0,83.5,68.0,59.1,62.6,False,False,,0,,,,63,979197704,979197704,507290235.316585,507290235.316585,,100.0,,,
FLOKIUSDT,FLOKI,Mid,140,3.458e-05,5875554.21504434,1.586,65.49019407380715,8.233930828349442e-08,3.0071999999999993e-05,4.1242400000000003e-05,0.7090729577892522,0.24495021337126602,0.014509246088193463,0.9687075968851107,0.6875378862351429,2.721305555555555e-05,3.321027777777777e-05,macd_bullish_cross|double_bottom_90d,2,0,haussier,365,0,0,30,,,31.0,57.0,89.5,78.5,67.7,62.55,False,False,,0,,,,63,334966808,347030872,9652363383621.0,10000000000000.0,10000000000000.0,96.5,,,
CVXUSDT,CVX,Mid,216,1.769,548683.944879,-5.35,49.72867825226425,0.00644939160349055,1.7635400000000003,1.903234999999999,0.5346610220086908,0.2914681680381118,0.23300129926375063,0.5330658671955628,0.6198820889540836,1.681027777777778,2.112972222222222,macd_bullish_cross|double_bottom_90d,2,0,haussier,365,0,0,30,,,31.0,66.0,83.5,57.5,67.7,62.53,False,False,,0,,,,67,160100325,177119598,90360893.86537892,99966600.26067589,100000000.0,90.4,,,
TKOUSDT,TKO,Speculative,,0.0642,419916.16014,0.943,57.156017472016835,2.6109789422708914e-05,0.05789200000000001,0.07920249999999994,0.6646782947113681,0.2329192546583851,0.05309734513274345,1.1228458791457916,0.5889547850832558,0.051436111111111106,0.06473055555555557,macd_bullish_cross|double_bottom_90d|downtrend,2,1,haussier,365,0,0,30,,,17.0,75.0,89.5,47.0,50.7,62.48,False,False,,0,,,,67,,,,,,,,,
CAKEUSDT,CAKE,Mid,109,1.55,4081949.69263,0.78,58.003929726323136,0.003087702558106944,1.4696999999999993,1.8186199999999995,0.44464221177992247,0.13260869565217379,0.04788213627992638,0.4095205578912906,0.7610439684437333,1.2754166666666669,1.5556944444444443,macd_bullish_cross|uptrend,2,0,haussier,365,0,0,30,,,31.0,57.0,92.0,68.0,68.7,62.45,False,False,,0,,,,66,507130332,526463271,326790779.8122075,339248773.4500047,400000000.0,96.3,,,
BNSOLUSDT,BNSOL,Speculative,,99.2,969344.509,0.711,61.768953251835704,0.5196921060054167,94.15799999999999,125.94600000000005,0.4495895539340757,0.17813383600376995,0.06503298774740802,0.644383482669637,0.8788791084706533,88.05833333333335,100.5611111111111,macd_bullish_cross|double_bottom_90d|uptrend,3,0,haussier,365,0,0,30,,,17.0,66.0,92.0,57.5,76.8,62.35,False,False,,0,,,,71,,,,,,,,,
ATMUSDT,ATM,Speculative,,1.095,1053613.09562,5.695,49.20642763016632,-0.004960716805192693,1.07714,1.0533750000000004,0.547945693220977,0.35413929040735875,0.28055190538764785,0.6904110217663825,0.02994096792050718,0.9800277777777779,1.4391944444444442,downtrend,0,1,baissier,365,0,0,30,,,17.0,82.0,77.5,68.0,33.0,62.33,False,False,,0,,,,63,,,,,,,,,
ONDOUSDT,ONDO,Etabli,53,0.3428,20719764.38388,6.692,83.01274667828795,0.008212984975594532,0.26651800000000003,0.38102750000000024,0.6292533717234519,0.17629076086956522,0.0,1.3667746594763936,0.7117438019439161,0.2462861111111111,0.29081666666666667,,0,0,neutre,365,0,0,30,,,45.0,57.0,81.5,78.5,50,62.32,False,False,,0,,,,49,1677130754,3444273712,4869330647.0,10000000000.0,10000000000.0,48.7,,,
REZUSDT,REZ,Mid,496,0.00589,2831944.67626,7.678,78.49522706353677,0.00014018746760491042,0.003909200000000001,0.0049761999999999975,0.9192806451045282,0.2254196642685852,0.0,1.5091314443386374,0.21649903028207568,0.0028944444444444443,0.004655000000000001,,0,0,neutre,365,0,0,30,,,31.0,66.0,83.5,68.0,50,62.25,False,False,,0,,,,52,50186973,57820817,8518844173.45107,9814629224.12962,10000000000.0,86.8,,,
CTKUSDT,CTK,Speculative,719,0.1876,605928.98973,2.514,62.06957152471222,0.00017088720204337096,0.17225600000000008,0.23019999999999988,0.4048896619650117,0.370668815471394,0.2449637389202256,1.0230399028576562,0.4316338303296292,0.160425,0.21996111111111108,macd_bullish_cross,1,0,haussier,365,0,0,30,,,17.0,75.0,83.5,57.5,59.5,62.24,False,False,,0,,,,68,29574814,29781984,157764712.0,158869846.0,,99.3,,,
AUSDT,A,Mid,230,0.0917,1418462.01055,1.55,59.105633990435976,-0.00012940010572424837,0.08242199999999998,0.1412734999999999,0.5864058552910113,0.19286510590858413,0.025477707006369418,0.37665994481590026,0.5735828580431209,0.07519444444444445,0.0899388888888889,macd_bearish_cross|uptrend,1,1,mixte,345,0,0,30,,,30.5,57.0,100.0,68.0,30.8,62.12,False,False,,0,,,,58,149996227,192095265,1639770130.1214,2100000000.0,2100000000.0,78.1,,,
JASMYUSDT,JASMY,Mid,158,0.00587,868274.533037,0.171,58.196119457549756,2.34949547257312e-06,0.005525800000000001,0.006771450000000001,0.4432664468577392,0.16532905296950248,0.057784911717495994,0.35288628192037685,0.5580637810650939,0.005251388888888889,0.006051666666666666,macd_bullish_cross|double_top_90d,1,1,mixte,365,0,0,30,,,31.0,57.0,100.0,57.5,41.5,62.08,False,False,,0,,,,61,290303099,293561635,49444999677.59027,50000000000.0,50000000000.0,98.9,,,
RLCUSDT,RLC,Speculative,652,0.478,364761.6997,-1.24,59.45108939503058,0.0020985425105277625,0.43174,0.5790349999999997,0.5660974844185012,0.2195652173913044,0.020491803278688544,0.613354638405706,0.5947022229768627,0.38122222222222224,0.46830555555555553,macd_bullish_cross|double_top_90d|uptrend,2,1,haussier,365,0,0,30,,,17.0,66.0,100.0,47.0,50.6,62.04,False,False,,0,,,,66,34577263,41559941,72382548.06525737,86999784.9868455,86999784.9868455,83.2,,,
PENGUUSDT,PENGU,Etabli,90,0.010445,23791475.100802,-7.254,66.60781926100125,8.282294560962682e-05,0.0077375,0.010029925,1.0057839275326999,0.22163852407754847,0.05278884462151396,0.5993060922957435,0.648394111370277,0.006266277777777778,0.009528694444444444,double_bottom_90d|resistance_test,1,1,mixte,365,0,0,30,,,45.0,57.0,79.0,78.5,54.7,61.94,False,False,,0,🔥 Trending #10 sur CoinGecko,10,,58,659026187,834769752,62860396090.0,79623478196.3201,88888888888.0,78.9,,,
ENAUSDT,ENA,Etabli,66,0.1203,33415269.780534,5.712,65.42501819916578,0.0010207590861489113,0.09991200000000001,0.19047749999999997,0.9618010119596692,0.37976653696498064,0.06381322957198443,0.6343820232295077,0.6600464915213193,0.0882111111111111,0.12163888888888891,macd_bullish_cross,1,0,haussier,365,0,0,30,,,45.0,57.0,77.5,78.5,59.5,61.83,False,False,,0,,,,59,1086714540,1805861101,9026562500.0,15000000000.0,15000000000.0,60.2,,,
PYTHUSDT,PYTH,Mid,153,0.0525,2184700.06954,-0.568,63.8262212273413,0.0002950559005174794,0.044492000000000004,0.062224,0.8277701747521806,0.3619210977701544,0.0977701543739279,0.5587075111060796,0.5762732530478383,0.039675,0.053719444444444445,macd_bullish_cross|uptrend,2,0,haussier,365,0,0,30,,,31.0,66.0,77.5,68.0,68.7,61.79,False,False,,0,,,,67,302535462,526150268,5749982095.912558,10000000000.0,10000000000.0,57.5,,,
ERAUSDT,ERA,Speculative,810,0.1447,592811.86043,3.431,58.82363924848189,-0.0003728314403133855,0.13279800000000003,0.19089300000000006,0.561959761382497,0.27256317689530685,0.13176895306859193,1.1328099768115545,0.48659600366029987,0.12429444444444446,0.1577694444444445,uptrend,1,0,haussier,295,0,0,30,,,15.1,75.0,83.5,57.5,59.1,61.79,False,False,,0,,,,68,25289566,144718549,174750000.0,1000000000.0,1000000000.0,17.5,,,
TONUSDT,TON,Etabli,20,2.618,248680893.16995,17.136,92.69825841096754,0.13371325524353717,1.3746199999999995,1.5593100000000015,1.2845759691676273,0.1987991994663109,0.0,7.999964669588556,0.2780789982874023,1.2278888888888888,1.5801111111111108,breakout_30d|macd_bullish_cross|double_bottom_90d|uptrend,4,0,haussier,365,0,0,30,,,45.0,57.0,73.0,78.5,78.1,61.78,False,False,,10,🔥 Trending #1 sur CoinGecko|⚡ Volume ×8.0 vs médiane,1,8.0,69,7129922012,13768648257,2680026109.013655,5175419415.950529,,51.8,,,
UNIUSDT,UNI,Etabli,44,3.466,18995963.30816,-0.288,61.171888668852205,0.03280269763192912,3.3191,4.724480000000001,0.5106587651578186,0.27399566995429403,0.16574452730334377,0.8082515799572486,0.7422506645437305,3.1433611111111106,3.9861944444444455,double_top_90d|downtrend,0,2,baissier,365,0,0,30,,,45.0,66.0,75.5,78.5,15.0,61.77,False,False,,0,,,,53,2200459701,3111541405,633561603.6037512,895882420.0329479,1000000000.0,70.7,,,
HOTUSDT,HOT,Mid,371,0.000438,282568.885876,0.229,55.235910888115214,-6.975210205369843e-07,0.0004222999999999999,0.00048025500000000034,0.4787466137856994,0.21383647798742136,0.08385744234800838,0.2633368403902521,0.4332404901622136,0.00037727777777777776,0.00045791666666666664,,0,0,neutre,365,0,0,30,,,31.0,57.0,100.0,47.0,50,61.77,False,False,,0,,,,63,77625581,77625581,177619433541.1413,177619433541.1413,,100.0,,,
TAOUSDT,TAO,Etabli,36,305.9,67765790.30337,3.449,65.24629686891916,6.918199352239437,281.57399999999996,270.40299999999996,0.9514677456539672,0.3103746397694524,0.11786743515850137,0.30096534385116536,0.463548745905525,168.00833333333333,321.70833333333337,downtrend,0,1,baissier,365,0,0,30,,,45.0,64.0,73.0,78.5,33.0,61.5,False,False,,0,,,,54,2941456357,6436117887,9597491.0,21000000.0,21000000.0,45.7,,,
KMNOUSDT,KMNO,Mid,308,0.02181,1263713.07262,4.006,56.57912455055089,0.00010380275838257452,0.0199294,0.040278150000000006,0.8744214808827269,0.4871716554673183,0.33262064752596204,1.0933368849188445,0.6504082772891656,0.01793444444444444,0.02892694444444445,,0,0,neutre,365,0,0,30,,,31.0,75.0,68.5,68.0,50,61.46,False,False,,0,,,,63,99295165,218460411,4545205729.75,9999958335.398085,10000000000.0,45.5,,,
CELOUSDT,CELO,Mid,465,0.09383,526588.113363,-0.488,60.528069871718955,0.00026740290103508283,0.08441519999999997,0.12532230000000008,0.6471465229872091,0.19397993311036787,0.008443271767809976,0.43891389422339355,0.5667381996243819,0.07413333333333331,0.09046749999999998,macd_bullish_cross|double_bottom_90d|uptrend,3,0,haussier,365,0,0,30,,,31.0,57.0,89.5,57.5,76.8,61.45,False,False,,0,,,,68,56454094,93987049,600658220.0,1000000000.0,1000000000.0,60.1,,,
GALAUSDT,GALA,Mid,199,0.00376,7626620.01455,2.732,67.53911007470919,4.589674707521637e-05,0.0031542000000000002,0.0057028500000000015,0.803115024122504,0.359447004608295,0.13133640552995396,1.0102962364580568,0.5925802457080123,0.0029211111111111113,0.004025277777777779,macd_bullish_cross|uptrend,2,0,haussier,365,0,0,30,,,31.0,66.0,73.0,78.5,68.7,61.41,False,False,,0,,,,63,179291497,179291498,47645482912.95294,47645482934.95294,50000000000.0,100.0,,,
BANANAS31USDT,BANANAS31,Mid,275,0.011326,2155873.356157,-3.039,58.46760619675247,0.0002672851616002761,0.010922099999999999,0.005842615000000001,0.8341476993544437,0.4064549986880084,0.2534111781684597,0.12177836753764953,0.0031594253256218736,0.004443083333333334,0.013185249999999997,double_bottom_90d|uptrend|doji_4h,2,0,haussier,365,0,0,30,,,31.0,73.0,67.0,68.0,67.3,61.41,False,False,,0,,,,67,113666548,113666548,10000000000.0,10000000000.0,10000000000.0,100.0,,,
WAXPUSDT,WAXP,Speculative,685,0.00688,234805.79323,-0.578,56.64677796712112,1.388265256718507e-05,0.0066922000000000014,0.00815755,0.3802952244753794,0.24697336561743344,0.16585956416464886,0.5306213876867107,0.48387188149909094,0.006207222222222223,0.00727527777777778,macd_bullish_cross,1,0,haussier,365,0,0,30,,,17.0,66.0,95.5,47.0,59.5,61.37,False,False,,0,,,,67,31719859,31719859,4599604094.26675,4599604094.26675,,100.0,,,
ARKUSDT,ARK,Speculative,646,0.1786,167595.1224,-3.145,56.01930714468574,0.0004296903511721885,0.17053599999999997,0.23203349999999986,0.4384165081845014,0.22926829268292678,0.12829268292682922,0.6076241169310042,0.6573422219335364,0.16403055555555557,0.19421944444444442,uptrend,1,0,haussier,365,0,0,30,,,17.0,66.0,95.5,47.0,59.1,61.35,False,False,,0,,,,67,35089168,35089168,196354906.0,196354906.0,,100.0,,,
WCTUSDT,WCT,Speculative,,0.0689,1215347.03475,1.622,62.50862678210515,0.00039653559729163125,0.060079999999999995,0.08190850000000006,0.9137438714800451,0.22172619047619044,0.002898550724637764,0.9284314251252747,0.46388527375127236,0.05519444444444446,0.06646388888888889,double_bottom_90d,1,0,haussier,365,0,0,30,,,17.0,66.0,89.5,68.0,58.2,61.34,False,False,,0,,,,66,,,,,,,,,
POLYXUSDT,POLYX,Mid,421,0.0509,409486.02389,-0.973,56.5464911192728,6.861477689053426e-05,0.04854,0.055899500000000026,0.47207138107477814,0.18215613382899634,0.057301293900184944,0.42689051433358016,0.3929163884267931,0.04069166666666667,0.052683333333333325,macd_bullish_cross|downtrend|doji_4h,1,1,mixte,365,0,0,30,,,31.0,57.0,100.0,47.0,42.5,61.3,False,False,,0,,,,61,65059961,65059961,1273385286.214755,1273385286.214755,,100.0,,,
QTUMUSDT,QTUM,Mid,309,0.924,326007.8542,0.217,56.48802323874424,0.0037917772471241593,0.8966600000000003,1.2387549999999998,0.4236121755662577,0.2195121951219511,0.09853658536585354,0.49661863779606896,0.6668952297761137,0.8481666666666666,0.9778055555555556,macd_bullish_cross|downtrend,1,1,mixte,365,0,0,30,,,31.0,57.0,100.0,47.0,42.5,61.3,False,False,,0,,,,61,97977798,99644094,106019348.25,107822406.0,,98.3,,,
GASUSDT,GAS,Mid,281,1.666,233148.2216,-1.245,51.68433507525257,0.0011160443143682502,1.6538199999999998,1.9127749999999997,0.43841277349719215,0.13930635838150282,0.08662280701754393,0.31205202353477673,0.5154952256453974,1.5218611111111107,1.7680555555555555,macd_bullish_cross|downtrend|doji_4h,1,1,mixte,365,0,0,30,,,31.0,57.0,100.0,47.0,42.5,61.3,False,False,,0,,,,61,108398730,108398730,65093580.54427269,65093580.54427269,,100.0,,,
CITYUSDT,CITY,Speculative,,0.614,3303036.39326,4.068,47.778250271234306,-0.009845344027515317,0.59102,0.6237799999999996,0.6877116574155834,0.30097087378640774,0.1816976127320955,1.8222519424303647,0.187177736526757,0.5131666666666668,0.7073888888888891,,0,0,neutre,365,0,0,30,,,17.0,84.0,67.0,68.0,50,61.28,False,False,,0,,,,66,,,,,,,,,
SOPHUSDT,SOPH,Speculative,741,0.0089,413882.66412,-0.336,53.634466674281825,-6.3929537492817565e-09,0.008693200000000002,0.013090649999999997,0.4869273205140036,0.2158760890609875,0.13746369796708627,0.793051640933925,0.4981921359879506,0.00825,0.010068055555555558,uptrend|doji_4h,1,0,haussier,345,0,0,30,,,16.5,66.0,95.5,47.0,59.1,61.23,False,False,,0,,,,67,28737746,89045592,3227306968.0,10000000000.0,10000000000.0,32.3,,,
BTCUSDT,BTC,Etabli,1,80993.38,1369482248.2252283,-0.918,66.66995816506304,191.9667660101302,73267.20039999997,83176.0838,0.3309087022752246,0.11849875281549622,0.005549866103126309,0.2529906260096178,1.0,65841.85861111112,78347.26416666668,macd_bullish_cross|resistance_test|uptrend,2,1,haussier,365,0,0,30,,,45.0,48.0,86.0,78.5,65.2,61.21,False,False,,0,,,,59,1623267521510,1623267521510,20025843.0,20025843.0,21000000.0,100.0,,,
CKBUSDT,CKB,Mid,375,0.00158,395525.993654,-0.315,57.52078296617473,5.035404606171277e-06,0.0014799599999999998,0.0021611300000000003,0.5978059469004041,0.2401821286283438,0.10187820147979516,0.4314337110728924,0.6298389376029482,0.0014065,0.0016770277777777777,macd_bullish_cross,1,0,haussier,365,0,0,30,,,31.0,57.0,95.5,47.0,59.5,61.15,False,False,,0,,,,65,76939787,78198135,48719077765.41514,49515876827.55297,,98.4,,,
EURUSDT,EUR,Speculative,,1.1767,19814401.49554,0.008,58.79678097816553,-7.846558913380793e-05,1.165712,1.1677649999999995,0.0528717111084644,0.04224760624895012,0.011674785822274502,0.3673146946603088,0.37690673370897326,1.1489222222222222,1.1842583333333334,support_bounce|resistance_test,1,1,mixte,365,0,0,30,,,17.0,57.0,100.0,78.5,47.8,61.09,False,False,,0,,,,63,,,,,,,,,
PUMPUSDT,PUMP,Etabli,83,0.002049,14471158.447898,5.673,64.00115889139079,2.2437755780134964e-05,0.0018052399999999998,0.0024645099999999988,0.7960984083029976,0.3006423982869379,0.12248394004282648,0.8234223910854023,0.7056836386087212,0.001691944444444444,0.0021470555555555557,macd_bullish_cross,1,0,haussier,239,0,0,30,,,41.5,66.0,65.0,78.5,59.5,60.96,False,False,,0,,,,62,735909924,1783101232,358725195863.85223,869186999535.0748,1000000000000.0,41.3,,,
ACHUSDT,ACH,Speculative,583,0.00817,1388630.92361,1.491,64.6211016581679,0.00011471072179563657,0.006572199999999999,0.008612150000000002,0.8941962242225551,0.2770186335403727,0.010975609756097748,1.043130259813116,0.3776077779186328,0.005993333333333334,0.00788027777777778,,0,0,neutre,365,0,0,30,,,17.0,75.0,77.5,68.0,50,60.84,False,False,,0,,,,65,40083702,124428155,4943691067.145604,15346246087.99998,,32.2,,,
WIFUSDT,WIF,Mid,180,0.214,12429164.66207,-6.957,64.48065651824714,0.003752525414754898,0.18828000000000003,0.29915499999999995,0.7769952190491652,0.3568627450980392,0.15686274509803924,0.5927259576052188,0.6354028476557194,0.17080555555555557,0.2288055555555556,macd_bullish_cross,1,0,haussier,365,0,0,30,,,31.0,66.0,73.0,78.5,59.5,60.83,False,False,,0,,,,64,215423130,215423130,998926392.0,998926392.0,998926392.0,100.0,,,
CRVUSDT,CRV,Mid,129,0.2452,3183559.93494,-1.209,60.31032509960071,0.0017406554151605646,0.22456800000000002,0.32955000000000007,0.5129013163040956,0.220007521624671,0.0767205716434751,0.25827802848150494,0.7172701892044631,0.21244166666666667,0.2562527777777778,double_top_90d|uptrend,1,1,mixte,365,0,0,30,,,31.0,57.0,92.0,68.0,41.1,60.72,False,False,,0,,,,60,371050829,584243838,1510399067.0,2378222280.37681,3030303031.0,63.5,,,
PEPEUSDT,PEPE,Etabli,51,4.18e-06,50003710.95523608,-1.647,66.9791675768843,2.066487927985511e-08,3.6568000000000003e-06,4.5113e-06,0.5848815514656106,0.339544513457557,0.13457556935817816,0.45689903101374096,0.5987022540118677,3.291944444444444e-06,4.246111111111112e-06,double_bottom_90d|uptrend,2,0,haussier,365,0,0,30,,,45.0,48.0,83.5,78.5,67.3,60.67,False,False,,0,,,,59,1759358523,1759358523,420690000000000.0,420690000000000.0,420690000000000.0,100.0,,,
SUSDT,S,Mid,192,0.04961,3904376.79538,0.222,65.3474841293324,0.00039659235466109636,0.04340439999999999,0.07494935000000003,0.7494074150453365,0.23527077960722081,0.014084507042253567,0.8729512156684784,0.5620148815518977,0.039428333333333315,0.048428333333333344,macd_bullish_cross|double_top_90d|uptrend,2,1,haussier,365,0,0,30,,,31.0,57.0,89.5,68.0,50.6,60.63,False,False,,0,,,,59,188335032,193347071,3784775845.0,3885497663.0,,97.4,,,
DOTUSDT,DOT,Etabli,41,1.317,8245223.74505,-0.679,58.66079506842918,0.013189545458860023,1.28262,1.8508999999999989,0.6148989451505973,0.29825616355983164,0.20805772699939873,0.34350571973293215,0.5386935948610015,1.2107777777777775,1.5632777777777778,macd_bullish_cross,1,0,haussier,365,0,0,30,,,45.0,57.0,73.0,78.5,59.5,60.61,False,False,,0,,,,61,2219895054,2219895054,1682698493.112152,1682698493.112152,2100000000.0,100.0,,,
YFIUSDT,YFI,Mid,311,2737.0,466067.89876,-1.048,55.078494530195826,-2.129561126201807,2618.44,3318.765,0.42502944721304775,0.22697795071335927,0.11284046692607004,0.3189711363551739,0.6815158357385094,2459.1944444444443,2934.722222222222,,0,0,neutre,365,0,0,30,,,31.0,57.0,95.5,47.0,50,60.55,False,False,,0,,,,62,97620658,100217388,35715.948082478506,36666.0,36666.0,97.4,,,
KAVAUSDT,KAVA,Mid,410,0.06292,734664.963359,-2.146,59.040076814126145,0.0002370306245718908,0.05625579999999999,0.08195540000000003,0.5895181778843056,0.26102189781021906,0.07897810218978119,0.3157182863790754,0.5525583177457902,0.050102500000000015,0.064365,macd_bullish_cross|uptrend,2,0,haussier,365,0,0,30,,,31.0,57.0,88.0,57.5,68.7,60.52,False,False,,0,,,,66,68302924,68302924,1082847035.0,1082847035.0,,100.0,,,
1INCHUSDT,1INCH,Mid,242,0.0979,672113.21828,-0.911,57.890328861465875,0.0002864954922560055,0.09339799999999998,0.13256099999999998,0.36187097480146224,0.17495219885277244,0.06405353728489481,0.4748832135207032,0.8853405759268927,0.08844166666666663,0.09973333333333333,macd_bullish_cross|double_bottom_90d|downtrend,2,1,haussier,365,0,0,30,,,31.0,57.0,92.0,57.5,50.7,60.48,False,False,,0,,,,62,137666278,146914657,1405573965.7275033,1499999999.997,1500000000.0,93.7,,,
VETUSDT,VET,Etabli,88,0.007694,1558497.9212249,-0.543,64.05537423887037,5.8007649839232124e-05,0.007113280000000002,0.010270789999999995,0.4624683372203188,0.25995475113122174,0.1277149321266969,0.41303308856989845,0.7104751905515548,0.006804222222222222,0.00801713888888889,macd_bullish_cross,1,0,haussier,365,0,0,30,,,45.0,57.0,75.5,68.0,59.5,60.45,False,False,,0,,,,61,662878330,662878330,85985041177.0,85985041177.0,86712634466.0,100.0,,,
WALUSDT,WAL,Mid,197,0.0766,975267.95594,-3.283,58.21671057035899,0.0005669072097249924,0.07315599999999998,0.12196099999999993,0.7741259321502739,0.24464487034949264,0.13416009019165737,0.784868692818275,0.6211335043605645,0.06935000000000002,0.0859638888888889,macd_bullish_cross|downtrend,1,1,mixte,210,0,0,30,,,26.8,66.0,85.0,57.5,42.5,60.42,False,False,,0,,,,62,180482029,384072416,2349583333.0,5000000000.0,5000000000.0,47.0,,,
ZKUSDT,ZK,Mid,196,0.01884,10957639.204194,3.744,65.17133587486231,0.0003551052671641489,0.01662,0.027972100000000003,0.8134544398715545,0.3546712802768167,0.18252595155709347,1.221087573992925,0.5281505658554614,0.01529722222222222,0.021636944444444448,,0,0,neutre,365,0,0,30,,,31.0,66.0,73.0,78.5,50,60.23,False,False,,0,,,,58,183672431,397500958,9703425807.0,21000000000.0,21000000000.0,46.2,,,
SUNUSDT,SUN,Mid,125,0.02007,1005652.03737,2.346,70.97807349519717,0.00013579651631394671,0.018185400000000004,0.019256149999999986,0.3072151379648987,0.1516002245929253,0.0,0.4261937655464,0.23747540611417237,0.015970277777777778,0.018970277777777773,macd_bullish_cross|uptrend|bullish_engulfing_4h,3,0,haussier,365,0,0,30,,,31.0,48.0,94.0,68.0,76.2,60.18,False,False,,0,,,,63,385986375,399648272,19220427475.58254,19900730000.0,19900730000.0,96.6,,,
ADXUSDT,ADX,Speculative,,0.0788,762445.5561,0.127,59.37382708824162,0.00039276843038641573,0.073856,0.09206600000000002,0.49320539718812956,0.21712158808933002,0.0694935217903416,0.28939740712363504,0.5031318889193074,0.06804166666666668,0.08001388888888888,macd_bullish_cross,1,0,haussier,365,0,0,30,,,17.0,57.0,100.0,57.5,59.5,60.15,False,False,,0,,,,65,,,,,,,,,
HOLOUSDT,HOLO,Speculative,525,0.0716,1389286.65664,0.421,68.01734411539087,0.0008364056808646432,0.059052,0.07515600000000006,0.9192629312335088,0.21633888048411506,0.0,1.2022837870426002,0.46118055127445295,0.05334722222222223,0.06721111111111114,,0,0,neutre,239,0,0,30,,,13.5,66.0,89.5,68.0,50,60.06,False,False,,0,,,,61,45998008,147033379,640697508.3643444,2048000000.0,2048000000.0,31.3,,,
LSKUSDT,LSK,Speculative,691,0.135,234285.2586,-1.46,59.81920592579539,0.0007410758110463178,0.12746,0.16917,0.4846634377895447,0.2185430463576159,0.10596026490066217,0.6590710626489202,0.6142558515499001,0.12205555555555561,0.1430833333333333,rsi_bearish_divergence|macd_bullish_cross,1,1,mixte,365,0,0,30,,,17.0,66.0,95.5,47.0,38.7,60.06,False,False,,0,,,,62,31244847,53619731,233084697.4625544,400000000.0,400000000.0,58.3,,,
BIOUSDT,BIO,Mid,304,0.0466,15307722.55258,-8.806,60.04728068194538,0.0009127840916361299,0.026945999999999998,0.04221499999999998,2.7611646245839987,0.496875,0.228099173553719,1.6360593672069283,0.1830430674879242,0.01721111111111111,0.041586111111111115,uptrend|doji_4h,1,0,haussier,365,0,0,30,,,31.0,84.0,46.0,78.5,59.1,60.04,False,False,,0,,,,65,100858204,156104755,2145029070.25,3320000000.0,3320000000.0,64.6,,,
USTCUSDT,USTC,Speculative,582,0.00725,2916419.02389,-6.932,61.49584000184651,0.0001138915525127907,0.005327000000000002,0.006140800000000005,1.1995452248611909,0.18609022556390986,0.10199004975124383,1.4046647837203978,0.34110609134401904,0.004508055555555557,0.006424166666666666,,0,0,neutre,365,0,0,30,,,17.0,75.0,74.5,68.0,50,60.03,False,False,,0,,,,64,40276095,43907565,5577775408.436098,6080692229.793755,,91.7,,,
WBETHUSDT,WBETH,Speculative,,2554.12,2211290.056891,-2.46,54.34338669265588,-3.540722218129197,2433.0062000000003,2922.3701499999997,0.4491526316085976,0.15677387478164784,0.0355171241928786,0.9328242101574818,0.9132853042935564,2103.4302777777775,2586.516111111111,,0,0,neutre,365,0,0,30,,,17.0,66.0,86.0,68.0,50,59.87,False,False,,0,,,,64,,,,,,,,,
SUSHIUSDT,SUSHI,Mid,431,0.2309,1099093.56766,-1.113,61.756347789404025,0.0009211939136706607,0.20528999999999997,0.29561150000000014,0.6424285989920715,0.16763263486402138,0.0,0.7494693195691152,0.7240118502468961,0.18993055555555552,0.2251777777777778,rsi_bearish_divergence|macd_bullish_cross|double_top_90d,1,2,baissier,365,0,0,30,,,31.0,66.0,81.5,68.0,20.7,59.86,False,False,,0,,,,56,63146305,67425833,273012266.12632084,291514753.9009228,,93.7,,,
BELUSDT,BEL,Speculative,,0.1143,461077.11931,1.24,59.08090466379815,0.0002896592271615624,0.10349399999999997,0.13087399999999996,0.7898712919463549,0.23278116826503925,0.09033280507131543,0.605477543873502,0.4768547334213225,0.09254444444444447,0.11504444444444445,macd_bullish_cross|doji_4h,1,0,haussier,365,0,0,30,,,17.0,66.0,89.5,47.0,59.5,59.74,False,False,,0,,,,66,,,,,,,,,
BATUSDT,BAT,Mid,212,0.1076,698613.9727,-0.738,57.0784418376975,0.0006881286345004539,0.09999200000000004,0.158815,0.6899253625958822,0.3321114369501466,0.21187683284457476,0.5820407631955757,0.5290531922460505,0.09440833333333332,0.1262527777777778,macd_bullish_cross|uptrend,2,0,haussier,365,0,0,30,,,31.0,66.0,73.0,57.5,68.7,59.73,False,False,,0,,,,66,161388113,161849421,1495724656.9526057,1500000000.0,1500000000.0,99.7,,,
COMPUSDT,COMP,Mid,176,23.39,640579.36332,-3.187,55.0695213986087,-0.1704653006161595,20.865000000000006,24.776200000000014,0.8322182748033425,0.20916905444126085,0.10827296988181472,0.14033128268407316,0.4376077730342888,16.65138888888889,24.310277777777777,double_bottom_90d|uptrend,2,0,haussier,365,0,0,30,,,31.0,57.0,85.0,57.5,67.3,59.62,False,False,,0,,,,65,226236780,234001190,9668189.278360886,10000000.0,10000000.0,96.7,,,
DASHUSDT,DASH,Etabli,89,51.85,48639213.28732,-3.785,77.85561567790829,1.769405746400113,36.1074,46.86030000000001,1.3711878987507249,0.27508650519031136,0.0,1.2742383257518524,0.6113769231379701,31.0175,42.16888888888889,macd_bullish_cross|uptrend,2,0,haussier,365,0,0,30,,,45.0,57.0,67.0,78.5,68.7,59.55,False,False,,0,,,,51,661506460,661511633,12690081.88259476,12690181.12583704,18920000.0,100.0,,,
XTZUSDT,XTZ,Mid,118,0.3798,418184.20399,-0.861,57.1472828391135,0.0009493586447429036,0.36549199999999993,0.46131399999999995,0.44523288852503123,0.1954158790170132,0.10042533081285453,0.27636676412469086,0.7314367239690981,0.3482361111111112,0.4071583333333333,macd_bullish_cross|uptrend,2,0,haussier,365,0,0,30,,,31.0,57.0,87.5,47.0,68.7,59.55,False,False,,0,,,,66,412234876,419833485,1083980188.125773,1103960886.643967,,98.2,,,
XECUSDT,XEC,Mid,234,7.41e-06,211778.23900343,-1.463,60.542835190009356,3.1606797767221133e-08,7.006e-06,9.807299999999992e-06,0.3839335913852752,0.23754345307068372,0.1413673232908459,0.23475614002634473,0.7146274452510504,6.723611111111111e-06,8.106388888888892e-06,macd_bullish_cross|uptrend,2,0,haussier,365,0,0,30,,,31.0,57.0,87.5,47.0,68.7,59.55,False,False,,0,,,,66,148837558,148838185,20024723422580.0,20024807797580.0,21000000000000.0,100.0,,,
VANRYUSDT,VANRY,Speculative,,0.005725,537362.645661,2.25,61.23858574968293,3.971297761957209e-05,0.005348339999999998,0.008033975,0.5917001411634065,0.37719409016289945,0.2755398408890012,0.7894141455773924,0.42152357537298146,0.004910972222222221,0.006410916666666667,macd_bullish_cross|uptrend,2,0,haussier,365,0,0,30,,,17.0,66.0,83.5,57.5,68.7,59.52,False,False,,0,,,,68,,,,,,,,,
GNOUSDT,GNO,Mid,137,132.79,291107.14547,-1.418,57.71558205512098,1.0251110364397786,123.98179999999998,127.36814999999996,0.6782982034367965,0.19395987037164722,0.08281045300972206,0.4351466480320506,0.6700191371688039,117.39055555555557,137.75833333333335,uptrend|doji_4h,1,0,haussier,365,0,0,30,,,31.0,57.0,89.5,47.0,59.1,59.49,False,False,,0,,,,64,350786286,398682847,2639589.0,3000000.0,3000000.0,88.0,,,
STGUSDT,STG,Speculative,747,0.2437,1589678.14625,0.619,59.666385992421446,0.004345215655646207,0.21957000000000002,0.1608645,0.946508547740303,0.2895457033388068,0.10283818650939912,0.8652314935680885,0.19547398565287777,0.1416472222222222,0.24754444444444448,downtrend,0,1,baissier,365,0,0,30,,,17.0,82.0,67.0,68.0,33.0,59.47,False,False,,0,,,,61,28393563,28393563,116597042.72693047,116597042.72693047,1000000000.0,100.0,,,
AUCTIONUSDT,AUCTION,Speculative,612,4.95,612238.7232,-0.202,61.74504122755253,0.012800374679921123,4.735999999999999,5.346499999999996,0.3366660790923582,0.18968692449355423,0.08655616942909757,0.34022016626461254,0.6393694221183233,4.565555555555555,5.1694444444444425,macd_bullish_cross|shooting_star_4h,1,1,mixte,365,0,0,30,,,17.0,57.0,100.0,57.5,47.0,59.36,False,False,,0,,,,62,36707760,37901325,7400402.318293814,7641028.818627574,10000000.0,96.9,,,
KNCUSDT,KNC,Speculative,800,0.1507,532221.79288,0.4,53.9659067803808,0.0005852341485540402,0.141242,0.20212949999999996,0.857859078358237,0.20894607843137264,0.10297619047619053,0.7682475248786849,0.3830485791515397,0.1292944444444445,0.1580555555555556,uptrend,1,0,haussier,365,0,0,30,,,17.0,66.0,85.0,57.5,59.1,59.33,False,False,,0,,,,66,25625234,36287658,170152851.23024455,240951888.4064145,252301550.0,70.6,,,
MTLUSDT,MTL,Speculative,723,0.326,201161.4727,0.0,72.02980187271652,0.0022379949377672667,0.28887999999999997,0.3480950000000002,0.36425695359542,0.12751677852348986,0.0,0.7341222476806214,0.673495908726551,0.2652777777777777,0.3052777777777777,macd_bullish_cross,1,0,haussier,365,0,0,30,,,17.0,57.0,100.0,47.0,59.5,59.31,False,False,,0,,,,62,29456715,29456715,90635915.0,90635915.0,,100.0,,,
ARPAUSDT,ARPA,Speculative,,0.01051,457594.875806,0.095,65.38701208821672,4.159008923076141e-05,0.009618399999999997,0.012399899999999995,0.3877935473864355,0.22674933569530556,0.06820194862710362,0.5866492562915908,0.4810681895707967,0.009119166666666668,0.010679444444444448,uptrend,1,0,haussier,365,0,0,30,,,17.0,57.0,100.0,47.0,59.1,59.28,False,False,,0,,,,62,,,,,,,,,
ANIMEUSDT,ANIME,Speculative,772,0.00487,426148.373387,-2.209,54.65395992678267,1.2779403433797216e-05,0.0047334000000000005,0.00615705,0.5172790459306904,0.2504258943781942,0.17035775127768313,0.5607856002449192,0.4414185944711283,0.00450388888888889,0.00557888888888889,macd_bullish_cross|double_bottom_90d|uptrend,3,0,haussier,365,0,0,30,,,17.0,66.0,83.5,47.0,76.8,59.2,False,False,,0,,,,70,27025788,48795300,5538604656.0,10000000000.0,10000000000.0,55.4,,,
PENDLEUSDT,PENDLE,Mid,150,1.868,11566025.249,0.161,72.7881255926421,0.05739059997112084,1.2784399999999998,1.8318850000000009,1.209476953455471,0.26415094339622636,0.048247841543930914,1.2247970507871677,0.6494674163125836,1.0688611111111108,1.522611111111111,uptrend|doji_4h,1,0,haussier,365,0,0,30,,,31.0,66.0,67.0,78.5,59.1,59.17,False,False,,0,,,,60,317541927,526799253,169697978.6373992,281527448.4585314,,60.3,,,
CVCUSDT,CVC,Speculative,808,0.03164,195983.12387,-1.617,55.545791290946696,4.3977329215649726e-05,0.030671,0.04021545000000001,0.4365800789962285,0.18702611625947774,0.11148553777028927,0.42270638019137224,0.6223811762691448,0.029318611111111108,0.0346761111111111,macd_bullish_cross|double_bottom_90d|uptrend,3,0,haussier,365,0,0,30,,,17.0,57.0,95.5,47.0,76.8,59.17,False,False,,0,,,,69,25398791,31669315,802000010.0,1000000000.0,,80.2,,,
ENSUSDT,ENS,Mid,166,6.61,1125044.9618,0.456,67.87793185269649,0.05265239989101446,5.961600000000001,8.859099999999994,0.5435419493130296,0.19883889695210452,0.036284470246734396,0.3106668773742328,0.7931212836187321,5.604722222222221,6.669444444444444,macd_bullish_cross|uptrend,2,0,haussier,365,0,0,30,,,31.0,48.0,92.0,68.0,68.7,59.16,False,False,,0,,,,61,255343764,663036258,38511282.09007842,100000000.0,100000000.0,38.5,,,
EGLDUSDT,EGLD,Mid,251,4.34,602350.5378,-0.686,58.825152853394336,0.004250635474001535,4.0200000000000005,5.890700000000001,0.6390493672325678,0.2998102466793168,0.17647058823529407,0.6311511954109339,0.6058682511718214,3.780277777777777,4.740833333333334,macd_bullish_cross|doji_4h,1,0,haussier,365,0,0,30,,,31.0,66.0,73.0,57.5,59.5,59.15,False,False,,0,,,,64,129490564,129490564,29878943.0,29878943.0,,100.0,,,
BOMEUSDT,BOME,Speculative,564,0.000598,2889731.665734,0.504,66.19823548155702,3.921742491584778e-06,0.0004605399999999999,0.0005958500000000002,1.392382444009559,0.23590814196242169,0.0,1.1099250743615965,0.48500392770115464,0.0003730555555555556,0.0005681944444444445,macd_bullish_cross|uptrend,2,0,haussier,365,0,0,30,,,17.0,66.0,79.0,68.0,68.7,59.14,False,False,,0,,,,64,41426833,41426833,68999659569.0,68999659569.0,68999659569.0,100.0,,,
TSTUSDT,TST,Speculative,979,0.01834,6303794.88799,-3.727,60.847424508528235,0.000871740548277995,0.010778199999999998,0.013604000000000005,3.056949907022381,0.3350210970464135,0.29623944742901004,2.8006513694943487,0.3186603470998914,0.008344722222222222,0.014567777777777782,macd_bullish_cross|resistance_test|uptrend,2,1,haussier,365,0,0,30,,,17.0,84.0,52.0,78.5,65.2,58.99,False,False,,0,,,,71,17289977,17289977,942230397.1986927,942230397.1986927,1000000000.0,100.0,,,
IOTXUSDT,IOTX,Speculative,523,0.00488,512594.12879,1.035,57.608432501014946,2.466426260104416e-05,0.0047332,0.007048099999999998,0.5214310568660051,0.2754098360655738,0.2016393442622951,0.9298813464109004,0.3465666119087239,0.0044475,0.005698333333333334,macd_bullish_cross,1,0,haussier,365,0,0,30,,,17.0,66.0,83.5,57.5,59.5,58.95,False,False,,0,,,,65,46032562,46032562,9441368550.0,9441368555.0,10000000000.0,100.0,,,
NILUSDT,NIL,Speculative,812,0.05595,7121751.260589,30.359,74.05841689083661,0.0011081759090112824,0.038479,0.08428975000000001,1.2199925308460482,0.4774624373956594,0.06327212020033392,7.164211715083175,0.3366770454786556,0.03346722222222222,0.056578333333333335,breakout_30d,1,0,haussier,365,0,0,30,,,17.0,75.0,67.0,78.5,51.2,58.9,False,False,,3,⚡ Volume ×7.2 vs médiane,,7.16,69,25321826,56469324,448417374.996,1000000000.0,,44.8,,,
VICUSDT,VIC,Speculative,,0.0491,520783.118414,1.867,47.055476637940274,-0.0008942616239173229,0.04871599999999999,0.07916500000000005,0.9960397576333045,0.3316582914572865,0.17922948073701844,1.4008641565783044,0.3158115682698255,0.042866666666666664,0.058949999999999995,,0,0,neutre,365,0,0,30,,,17.0,75.0,73.0,57.5,50,58.78,False,False,,0,,,,64,,,,,,,,,
ONEUSDT,ONE,Speculative,629,0.00242,511210.356335,-0.412,59.10847759513586,1.3508404286339446e-05,0.0022292,0.0034295,0.6227016079686103,0.24074074074074073,0.10740740740740752,0.8037228162167427,0.6037052643291291,0.0021119444444444445,0.0025861111111111106,doji_4h,0,0,neutre,365,0,0,30,,,17.0,66.0,85.0,57.5,50,58.75,False,False,,0,,,,63,35871545,35871548,14870211425.762915,14870212769.762915,,100.0,,,
BLURUSDT,BLUR,Mid,388,0.02615,1005949.364913,-7.76,48.89501346816363,-0.0005809788835803276,0.023536799999999997,0.029655450000000017,1.4463104293477411,0.24127126230975826,0.23685747663551399,1.0,0.21591595145670162,0.018231666666666663,0.029848888888888894,uptrend,1,0,haussier,365,0,0,30,,,31.0,66.0,68.5,68.0,59.1,58.74,False,False,,0,,,,63,73212683,78634687,2793144581.47831,3000000000.0,3000000000.0,93.1,,,
RADUSDT,RAD,Speculative,,0.245,393246.6991,-0.407,59.065593980089,-0.0008703004681457323,0.23094,0.289945,0.3044101764209915,0.15662650602409642,0.01992031872509962,0.2699902587766324,0.5300338385825881,0.21736111111111117,0.2576666666666666,,0,0,neutre,365,0,0,30,,,17.0,57.0,100.0,47.0,50,58.71,False,False,,0,,,,63,,,,,,,,,
MANAUSDT,MANA,Mid,198,0.0929,517458.3985,-0.748,54.40117607106375,-6.995204287816334e-05,0.08897000000000002,0.13206700000000005,0.5317447101383482,0.25994449583718776,0.1396854764107308,0.40304078893922024,0.696901056393549,0.08456944444444445,0.10155833333333333,uptrend,1,0,haussier,365,0,0,30,,,31.0,57.0,83.5,57.5,59.1,58.7,False,False,,0,,,,63,179949585,203943997,1935147467.9807715,2193179327.320146,,88.2,,,
WINUSDT,WIN,Speculative,886,2.118e-05,302225.64579581,0.618,62.60173609056603,1.2959468073888287e-07,1.9937400000000003e-05,2.6956800000000006e-05,0.3831485858274921,0.267238021036229,0.17608102843786524,0.6055822472683695,0.4062756806845285,1.912305555555555e-05,2.326583333333333e-05,macd_bullish_cross|uptrend,2,0,haussier,365,0,0,30,,,17.0,66.0,83.5,47.0,68.7,58.68,False,False,,0,,,,68,20980981,20980981,993701854154.286,993701859243.3864,,100.0,,,
LAYERUSDT,LAYER,Speculative,948,0.0878,391846.212643,-1.015,56.860813092368964,0.0002440915273415818,0.08297199999999999,0.1443949999999999,0.5795462009341232,0.236734693877551,0.10408163265306122,0.22105801548995044,0.6161295855434918,0.07830277777777778,0.09349444444444445,macd_bullish_cross|uptrend,2,0,haussier,365,0,0,30,,,17.0,57.0,95.5,47.0,68.7,58.66,False,False,,0,,,,67,18465305,87930023,210000000.0,1000000000.0,1000000000.0,21.0,,,
DUSKUSDT,DUSK,Mid,343,0.1444,1036476.7509,-1.635,57.05943190763657,0.0005393839157656999,0.12572,0.088292,1.10171555562349,0.391808346213292,0.11275415896487992,0.10596828688176087,0.20997969217034998,0.08331111111111109,0.1490027777777778,macd_bullish_cross|uptrend|doji_4h,2,0,haussier,365,0,0,30,,,31.0,73.0,56.5,68.0,68.7,58.64,False,False,,0,,,,65,84029858,84029858,582436044.9898529,582436044.9898529,1000000000.0,100.0,,,
ARKMUSDT,ARKM,Mid,351,0.1322,3566178.92772,0.303,62.43303500305031,0.0011157027446547095,0.10981400000000002,0.17954850000000003,0.9921176902612912,0.25984251968503935,0.019230769230769166,0.4902527539474415,0.5452703355854684,0.09672222222222228,0.1286527777777778,macd_bullish_cross|uptrend,2,0,haussier,365,0,0,30,,,31.0,57.0,77.5,68.0,68.7,58.5,False,False,,0,,,,64,82685812,132773097,622760291.0,1000000000.0,1000000000.0,62.3,,,
TURBOUSDT,TURBO,Mid,326,0.001306,1461002.440265,-1.285,67.5191321454094,1.2952448407820153e-05,0.00110094,0.0015056499999999999,0.8688688303833552,0.27704918032786885,0.0,0.5107147349985551,0.4705058012292687,0.0009415277777777778,0.0012424444444444447,macd_bullish_cross|uptrend,2,0,haussier,365,0,0,30,,,31.0,57.0,77.5,68.0,68.7,58.5,False,False,,0,,,,61,90370272,90370272,69000000000.0,69000000000.0,69000000000.0,100.0,,,
RSRUSDT,RSR,Mid,254,0.00203,1140252.8917743,-0.539,67.17082554815735,2.5167346343015937e-05,0.0016527000000000002,0.0025496449999999997,0.8656913495129333,0.22240348015225658,0.0,0.3678628940572596,0.5625134780223578,0.0014410833333333335,0.0018548888888888894,macd_bullish_cross|uptrend,2,0,haussier,365,0,0,30,,,31.0,48.0,89.5,68.0,68.7,58.48,False,False,,0,,,,60,127292331,203494599,62553174091.0,100000000000.0,100000000000.0,62.6,,,
SANTOSUSDT,SANTOS,Speculative,929,1.2,2321186.30413,5.914,51.71357412792359,-0.008336312561257284,1.1350000000000002,1.57817,0.8232222654081207,0.5070281124497992,0.3995983935742972,1.652549254700362,0.24680457286817736,1.0286388888888889,1.891861111111111,support_bounce|morning_star_4h,2,0,haussier,365,0,0,30,,,17.0,84.0,53.5,68.0,63.8,58.47,False,False,,0,,,,67,19215977,35817617,16094854.291549,30000000.0,,53.6,,,
RAYUSDT,RAY,Mid,179,0.804,2442054.9591,-2.899,65.44123185443131,0.002829493637706182,0.6703399999999999,0.9327200000000001,0.6485416655518197,0.18102189781021896,0.032412965186074325,0.4290841267323535,0.6650960007973445,0.5724999999999999,0.7655555555555555,double_bottom_90d|uptrend,2,0,haussier,365,0,0,30,,,31.0,48.0,89.5,68.0,67.3,58.4,False,False,,0,,,,60,216710449,447169597,268967970.467351,555000000.0,555000000.0,48.5,,,
REDUSDT,RED,Mid,472,0.1456,1745876.02897,-0.206,57.23674258419171,0.001267015162812051,0.133506,0.20941049999999994,0.8818961163041389,0.4895522388059702,0.2746268656716418,0.8455530322111242,0.22717136741977542,0.11219166666666669,0.18962777777777776,macd_bullish_cross|doji_4h,1,0,haussier,365,0,0,30,,,31.0,66.0,67.0,68.0,59.5,58.36,False,False,,0,,,,63,55024198,145824372,377331975.0,1000000000.0,1000000000.0,37.7,,,
PYRUSDT,PYR,Speculative,,0.281,832327.039495,0.717,55.41383911156668,0.0006522057839885523,0.27204,0.4295400000000006,0.4940593179185706,0.3488372093023256,0.27131782945736443,0.5088967111159014,0.47237800711585515,0.2587222222222223,0.3458333333333334,,0,0,neutre,365,0,0,30,,,17.0,66.0,83.5,57.5,50,58.35,False,False,,0,,,,63,,,,,,,,,
XAUTUSDT,XAUT,Etabli,37,4721.23,15967589.550819,0.682,57.58908956921434,-2.2422588586394454,,,0.21846585151352796,0.06174244627028099,0.01965589718453787,0.11173002642863664,,4490.315294117646,4797.572352941176,,0,0,neutre,43,0,0,30,,,36.2,45.0,90.0,78.5,50,58.32,False,False,,0,,,,58,2795987952,3340406067,592398.736688,707747.089,,83.7,,,
XNOUSDT,XNO,Mid,433,0.474,169630.16386,2.155,50.88685281980555,-0.000711240834227001,0.46722000000000025,0.6536649999999996,0.7236031221349268,0.28716216216216217,0.19932432432432431,0.539367487893928,0.4969179886261302,0.4341111111111111,0.5656666666666665,uptrend,1,0,haussier,365,0,0,30,,,31.0,66.0,73.0,47.0,59.1,58.29,False,False,,0,,,,64,63016360,63016360,133248297.0,133248297.0,133248297.0,100.0,,,
SFPUSDT,SFP,Mid,215,0.3217,128792.7006,-1.137,51.954650421357854,-0.002298102036638175,0.30502,0.31717600000000007,0.6994310160007868,0.17228661749209698,0.15463645943097992,0.16859799851980564,0.4675328909733796,0.2580527777777777,0.3273499999999999,uptrend,1,0,haussier,365,0,0,30,,,31.0,57.0,85.0,47.0,59.1,58.27,False,False,,0,,,,63,160533988,160533988,500000000.0,500000000.0,500000000.0,100.0,,,
ORCAUSDT,ORCA,Mid,316,1.552,11197675.77356,-1.209,55.34093050775795,-0.010548281934171871,1.1028999999999998,1.1248700000000005,1.6007291599352704,0.3806306306306307,0.2790697674418604,8.934361802818344,0.16622706014566646,0.7985833333333334,1.6183055555555552,macd_bearish_cross|uptrend,1,1,mixte,365,0,0,30,,,31.0,84.0,46.0,78.5,30.8,58.25,False,False,,3,⚡ Volume ×8.9 vs médiane,,8.93,66,94389720,116436319,60798789.840904,74999558.178043,100000000.0,81.1,,,
ICXUSDT,ICX,Speculative,556,0.0385,64033.26882,-1.282,55.76481318277183,5.9559529939045246e-05,0.036708000000000005,0.05242099999999997,0.5034119993803936,0.2251184834123223,0.09004739336492902,0.21036212029337265,0.6079953562137794,0.03432222222222222,0.041255555555555545,macd_bullish_cross|downtrend,1,1,mixte,365,0,0,30,,,17.0,57.0,100.0,47.0,42.5,58.24,False,False,,0,,,,61,42216026,42696038,1096326613.068664,1108792274.218095,,98.9,,,
PROVEUSDT,PROVE,Mid,488,0.2638,613924.90913,0.495,61.92512115218602,0.0017750531134340655,0.24286799999999992,0.38395700000000005,0.5202530035894424,0.3788712011577423,0.2356005788712011,0.3157059189496492,0.4426176148983253,0.22402500000000003,0.3249861111111111,uptrend,1,0,haussier,276,0,0,30,,,28.6,57.0,83.5,57.5,59.1,58.16,False,False,,0,,,,63,51433804,263763098,195000000.0,1000000000.0,1000000000.0,19.5,,,
BBUSDT,BB,Speculative,,0.0328,2119832.5025,-2.381,63.34668686578484,0.00041473485500629313,0.026281999999999996,0.05263250000000002,0.970315753435904,0.3294117647058824,0.03529411764705881,0.7855918729394509,0.4941700112724095,0.023427777777777787,0.032919444444444446,uptrend,1,0,haussier,365,0,0,30,,,17.0,66.0,77.5,68.0,59.1,58.13,False,False,,0,,,,64,,,,,,,,,
IQUSDT,IQ,Speculative,729,0.001125,133389.756924,-0.354,58.33673899557316,5.019752590275853e-06,0.0010869399999999998,0.0014962099999999998,0.24775387282839395,0.2126836813611756,0.13302397525135348,0.4788803754815324,0.6553675904364556,0.0010492222222222218,0.001241916666666667,macd_bullish_cross|doji_4h,1,0,haussier,365,0,0,30,,,17.0,57.0,95.5,47.0,59.5,58.08,False,False,,0,,,,65,29215616,29215616,25973959486.92899,25973959486.92899,60000000000.0,100.0,,,
QUICKUSDT,QUICK,Speculative,,0.0109,263513.84686,5.825,55.55165552617136,-4.121033243381646e-05,0.010284800000000004,0.011902950000000006,0.7648130072004676,0.23813559322033898,0.07627118644067794,0.6957271765178729,0.5595876516438649,0.008966388888888888,0.01151888888888889,double_top_90d|doji_4h,0,1,baissier,365,0,0,30,,,17.0,66.0,89.5,47.0,32.0,58.01,False,False,,0,,,,60,,,,,,,,,
STEEMUSDT,STEEM,Speculative,684,0.05817,1578605.167448,-1.474,50.099242455674606,0.00022979516495289637,0.05857659999999999,0.06614164999999997,0.450247172416212,0.30176544766708696,0.2668348045397226,2.173631136266523,0.2198984391754353,0.05133083333333334,0.06607166666666667,macd_bullish_cross|uptrend,2,0,haussier,365,0,0,30,,,17.0,64.0,77.5,68.0,68.7,58.0,False,False,,0,,,,70,31776385,31776707,546830612.671,546836144.604,,100.0,,,
TIAUSDT,TIA,Mid,136,0.3826,6455038.079888,0.183,60.426139444442896,0.0010949679994323967,0.33417600000000003,0.5011064999999999,1.0686983212423966,0.25722468107263735,0.10656119125174501,0.9183252192971837,0.6372946071848433,0.2945861111111111,0.38080555555555556,macd_bullish_cross,1,0,haussier,365,0,0,30,,,31.0,66.0,62.5,78.5,59.5,57.97,False,False,,0,,,,62,351427380,448917773,914076644.706416,1167653048.577185,,78.3,,,
1MBABYDOGEUSDT,1MBABYDOGE,Speculative,,0.0004453,984247.5053828,-1.286,63.91311029387166,2.5117945497931657e-06,0.00040820400000000006,0.0005736210000000002,0.5990520408517139,0.1669984516699845,0.014377350143773492,0.48370219628683336,0.7522705869579231,0.0003722138888888889,0.0004395055555555555,macd_bullish_cross,1,0,haussier,365,0,0,30,,,17.0,57.0,92.0,57.5,59.5,57.97,False,False,,0,,,,64,,,,,,,,,
WUSDT,W,Mid,354,0.0141,3025015.9785,-0.704,56.1886841320441,0.0002230547511600499,0.013818000000000002,0.03127100000000002,0.8479963652362242,0.44392523364485975,0.3411214953271028,0.843563109720551,0.5281186386731961,0.012472222222222225,0.020116666666666668,uptrend|shooting_star_4h,1,1,mixte,365,0,0,30,,,31.0,66.0,68.5,68.0,46.6,57.96,False,False,,0,,,,60,82483012,141831454,5815565560.0,10000000000.0,10000000000.0,58.2,,,
STRKUSDT,STRK,Mid,170,0.0421,7474433.952474,-3.661,61.61128488520877,0.00014148145323336766,0.03650200000000001,0.07676600000000007,1.0010877944695467,0.3766990291262136,0.17864077669902914,0.9193457887566694,0.616007754329499,0.033519444444444435,0.047783333333333324,uptrend,1,0,haussier,365,0,0,30,,,31.0,66.0,62.5,78.5,59.1,57.95,False,False,,0,,,,62,250204367,424349045,5896192543.348971,10000000000.0,10000000000.0,59.0,,,
USUALUSDT,USUAL,Speculative,754,0.01563,941814.55077,-3.04,63.510152860677984,0.00013865559393016916,0.013510799999999996,0.021283150000000015,0.7126228491166855,0.25962732919254655,0.028571428571428484,0.5461675744387605,0.47017935120946713,0.012270277777777778,0.01579083333333333,macd_bullish_cross|uptrend,2,0,haussier,365,0,0,30,,,17.0,66.0,77.5,57.5,68.7,57.89,False,False,,0,,,,67,27900538,28361820,1781664976.8800797,1811121398.683785,3000000000.0,98.4,,,
QKCUSDT,QKC,Speculative,843,0.003214,561782.341917,-0.341,59.18610141199889,1.42914183779876e-05,0.0030772999999999994,0.0038252300000000015,0.3234708548967467,0.25687372708757633,0.18024439918533602,0.9344422365424467,0.47368504585549437,0.0029735833333333337,0.003449916666666666,macd_bullish_cross|downtrend,1,1,mixte,365,0,0,30,,,17.0,66.0,83.5,57.5,42.5,57.88,False,False,,0,,,,61,23273005,32175465,7233152891.0,10000000000.0,,72.3,,,
INJUSDT,INJ,Mid,124,3.865,4014292.87357,-0.566,65.70144297194874,0.02239584092285779,3.2023400000000004,4.55519,0.6646411620990992,0.27361735908970625,0.008457201435161434,0.5752017038238074,0.6652859784424223,2.8459722222222226,3.6756111111111105,double_bottom_90d,1,0,haussier,365,0,0,30,,,31.0,57.0,77.5,68.0,58.2,57.84,False,False,,0,,,,58,387303417,387303417,100000000.0,100000000.0,,100.0,,,
GMXUSDT,GMX,Mid,380,7.28,145555.04893,-2.544,58.68631570757879,0.0019351741255854982,6.5486,7.598950000000006,0.6845236071765106,0.23733333333333337,0.0293333333333333,0.0883778164188038,0.6541462808963682,5.969444444444445,7.253333333333334,double_top_90d,0,1,baissier,365,0,0,30,,,31.0,57.0,89.5,47.0,32.0,57.78,False,False,,0,,,,57,75618002,75618002,10397336.03046462,10397336.03046462,13250000.0,100.0,,,
LDOUSDT,LDO,Mid,142,0.3887,4487943.270639,0.699,54.86932083624504,-0.0024385352703970246,0.3465619999999999,0.5048954999999999,1.2034687483422988,0.2292870905587668,0.1303084488153778,0.39123207558900114,0.6305019925773546,0.2894833333333333,0.39479166666666676,double_bottom_90d|uptrend,2,0,haussier,365,0,0,30,,,31.0,57.0,74.5,68.0,67.3,57.6,False,False,,0,,,,63,330490465,389246456,849051956.2816839,1000000000.0,1000000000.0,84.9,,,
2ZUSDT,2Z,Mid,146,0.09328,1068425.82754,-2.6,62.222194064043386,0.0008019399873286522,0.08162380000000001,0.11266794999999999,0.7416537294794596,0.30718550545604284,0.03850113238624673,0.49662621072403385,0.49705459239975114,0.07100000000000001,0.09021,macd_bullish_cross|double_bottom_90d,2,0,haussier,218,0,0,30,,,27.0,57.0,77.5,68.0,67.7,57.56,False,False,,0,,,,64,324000473,933604932,3469895583.9,9998478083.9,10000000000.0,34.7,,,
EIGENUSDT,EIGEN,Mid,236,0.2002,5638716.213867,-0.596,64.10231538036193,0.001990880327636366,0.17633,0.3845075000000005,0.9012909392621098,0.34061135371179047,0.12314410480349346,0.4653695108659352,0.6090283950655532,0.16059444444444437,0.2124361111111111,macd_bullish_cross,1,0,haussier,365,0,0,30,,,31.0,57.0,73.0,78.5,59.5,57.54,False,False,,0,,,,61,148580590,365630672,738871596.8337438,1818232913.956841,,40.6,,,
DEXEUSDT,DEXE,Mid,103,11.685,2598603.43791,7.965,53.13121978038226,-0.3285864674843807,9.988959999999999,5.505159999999998,1.4133858830354085,0.3166955825437075,0.2218070198852262,0.2547255398278667,0.024099610902717804,2.33925,12.981750000000002,,0,0,neutre,365,0,0,30,,,31.0,73.0,56.5,68.0,50,57.46,False,False,,0,,,,61,545425217,1125881841,46750946.82541338,96504599.33609451,,48.4,,,
AEURUSDT,AEUR,Speculative,,1.1643,7487.3737,-0.308,52.90685213158137,-0.0005109929996573047,1.1564359999999996,1.1616555000000004,0.06385675622342932,0.04887659289067741,0.023893360160965955,0.05939707289270666,0.3916313875497826,1.1405444444444441,1.1843611111111108,resistance_test|downtrend,0,2,baissier,365,0,0,30,,,17.0,57.0,100.0,47.0,29.5,57.42,False,False,,0,,,,58,,,,,,,,,
SNXUSDT,SNX,Mid,270,0.332,978452.6753,-0.599,61.89869270701304,0.0023424298491961076,0.29901999999999995,0.47168499999999985,0.5772837086114974,0.36279069767441857,0.22558139534883714,0.3812156509915332,0.5687314179280754,0.28011111111111114,0.3570555555555556,rsi_bearish_divergence|uptrend,1,1,mixte,365,0,0,30,,,31.0,57.0,83.5,57.5,38.3,57.38,False,False,,0,,,,58,114702923,114843967,344516234.4572882,344939867.5556631,344939867.0,99.9,,,
NMRUSDT,NMR,Mid,430,8.97,427007.7762,-0.774,58.66454288943272,-0.04476441914943732,8.1,9.442749999999997,0.43503922741397144,0.2865232163080408,0.029189189189189144,0.12213823555527405,0.4476086177380277,6.990555555555554,9.091666666666667,double_top_90d,0,1,baissier,365,0,0,30,,,31.0,57.0,88.0,47.0,32.0,57.37,False,False,,0,,,,57,63197956,95488505,7039045.478211678,10635596.06968318,11000000.0,66.2,,,
FTTUSDT,FTT,Speculative,,0.3131,1199651.771539,-6.342,53.280396750822256,0.0039856665069675345,0.29729000000000005,0.46203500000000014,1.059250492190811,0.2896606156274664,0.17521704814522493,1.1245340716644414,0.3608409918082651,0.27889722222222224,0.3569861111111112,macd_bullish_cross,1,0,haussier,365,0,0,30,,,17.0,75.0,62.5,68.0,59.5,57.36,False,False,,0,,,,65,,,,,,,,,
THETAUSDT,THETA,Mid,181,0.211,1386998.9348,-3.653,56.773548028912934,-0.0012342938024844808,0.18391999999999997,0.27849500000000005,0.8590866373764356,0.3529411764705883,0.0701754385964913,0.39827836695155494,0.6260496092751324,0.15566666666666665,0.21919444444444441,,0,0,neutre,365,0,0,30,,,31.0,57.0,77.5,68.0,50,57.33,False,False,,0,,,,60,211733238,211733238,1000000000.0,1000000000.0,1000000000.0,100.0,,,
ROSEUSDT,ROSE,Mid,357,0.01067,1397505.854673,-2.557,53.27154696608766,7.284675134467585e-05,0.010608399999999997,0.01350939999999999,0.7617112288044806,0.3485162180814354,0.2629399585921325,0.4071296302701316,0.5171540978935393,0.009929166666666668,0.013303888888888893,macd_bullish_cross|double_bottom_90d|support_bounce,3,0,haussier,365,0,0,30,,,31.0,57.0,73.0,68.0,69.0,57.3,False,False,,0,,,,63,80998090,106725283,7589400361.0,10000000000.0,10000000000.0,75.9,,,
SKLUSDT,SKL,Speculative,544,0.00715,637439.29437,-0.97,56.63739472861221,6.131896322470983e-06,0.006639800000000001,0.009989850000000007,0.7792335448855685,0.20694444444444446,0.07622739018087858,0.37877222256926807,0.5327720820435448,0.006113333333333335,0.0074444444444444445,macd_bullish_cross,1,0,haussier,365,0,0,30,,,17.0,57.0,89.5,57.5,59.5,57.29,False,False,,0,,,,64,43595976,44092541,6094019337.0,6163431114.491759,7000000000.0,98.9,,,
MEUSDT,ME,Mid,459,0.1112,475923.690537,0.542,57.57832842861011,0.0003985936831259852,0.10521599999999999,0.21485200000000002,0.5700147662782311,0.4660408614025401,0.3854224185532855,0.4450613053787342,0.35069789269427926,0.10034722222222221,0.14317777777777774,macd_bullish_cross|uptrend,2,0,haussier,365,0,0,30,,,31.0,57.0,79.0,47.0,68.7,57.23,False,False,,0,,,,64,57296431,111447622,514106245.238038,999991051.288903,1000000000.0,51.4,,,
XAIUSDT,XAI,Speculative,845,0.01142,847291.225806,-0.868,62.2780116299818,5.583881462739625e-05,0.010041,0.014671199999999994,0.7364561978015136,0.2631578947368421,0.048454469507101,0.7853057821195965,0.4966506987814228,0.009074722222222222,0.011555555555555555,double_bottom_90d,1,0,haussier,365,0,0,30,,,17.0,66.0,77.5,57.5,58.2,57.23,False,False,,0,,,,64,23094241,24814405,2023037436.2458239,2173722433.246446,2500000000.0,93.1,,,
ZBTUSDT,ZBT,Speculative,545,0.1769,3249551.84179,-6.204,58.17530767092615,-0.001342122754113842,0.11962400000000001,0.11683799999999994,1.7505563716823598,0.1854061496099129,0.1854061496099129,0.6101520113761735,0.16134778274030126,0.06841388888888889,0.17331666666666667,macd_bearish_cross|golden_cross|double_bottom_90d|uptrend,3,1,haussier,203,0,0,30,,,12.6,82.0,58.0,68.0,51.3,57.2,False,False,,0,,,,64,43359574,176983498,244992188.30119348,1000000000.0,1000000000.0,24.5,,,
PORTALUSDT,PORTAL,Speculative,,0.01065,3062031.683856,8.784,47.44446934656033,-0.0001708536769240936,0.0103136,0.016791050000000002,1.408409878753776,0.4781474233529028,0.30397912589693404,5.761198269665963,0.21502862883845544,0.0087575,0.015114166666666666,,0,0,neutre,365,0,0,30,,,17.0,84.0,52.0,68.0,50,57.19,False,False,,3,⚡ Volume ×5.8 vs médiane,,5.76,72,,,,,,,,,
QNTUSDT,QNT,Etabli,71,70.16,794318.75094,-0.043,47.47846304710237,0.0022910682979377928,72.78020000000001,75.08504999999998,0.392396314854332,0.173976803092921,0.12039127163280655,0.16504815460525477,0.4100651612579833,63.20222222222222,76.81444444444443,macd_bullish_cross|double_top_90d|uptrend,2,1,haussier,365,0,0,30,,,45.0,37.0,95.5,57.5,50.6,57.18,False,False,,0,,,,57,1020454885,1025248161,14544176.164081175,14612493.0,14612493.0,99.5,,,
LINEAUSDT,LINEA,Mid,317,0.00377,2311703.109913,1.29,60.811163830905954,1.4850983120072759e-05,0.003330279999999999,0.006303269999999996,0.7808133874842326,0.2690355329949238,0.04010152284263952,0.3779916317880211,0.5303494706093681,0.0029902777777777775,0.003742888888888889,uptrend,1,0,haussier,240,0,0,30,,,27.6,57.0,77.5,68.0,59.1,57.15,False,False,,0,,,,62,94156637,272152837,24913275023.373516,72009990000.0,72009990000.0,34.6,,,
AAVEUSDT,AAVE,Etabli,59,93.26,18506969.78681,-2.243,45.381044035768994,0.16998223098252452,98.13880000000005,145.56250000000003,0.9364187722442651,0.2996024011850004,0.2730958135183598,0.706127832944405,0.6194415429726673,91.56166666666667,122.58,macd_bullish_cross|double_bottom_90d,2,0,haussier,365,0,0,30,,,45.0,46.0,73.0,78.5,67.7,57.1,False,False,,0,,,,60,1417321860,1493914849,15179680.269202406,16000000.0,16000000.0,94.9,,,
ZENUSDT,ZEN,Mid,249,7.235,9523759.84268,-6.452,66.2766465324299,0.13792820046661042,5.8662399999999995,8.565925000000002,0.9180932783236941,0.2574823943661972,0.045886075949367076,0.6216043239676375,0.7009183184671511,5.208250000000001,6.668027777777778,double_bottom_90d|uptrend,2,0,haussier,365,0,0,30,,,31.0,57.0,69.5,78.5,67.3,57.08,False,False,,0,,,,59,130510418,152050532,18025052.15891282,21000000.0,21000000.0,85.8,,,
SUPERUSDT,SUPER,Mid,356,0.1281,893442.4996,-0.466,56.91700560819194,-6.62557274532169e-05,0.11710000000000001,0.18922500000000014,0.7971481083375842,0.284970238095238,0.06632653061224489,0.3965583656115132,0.4733931482864644,0.10529722222222222,0.13364444444444445,uptrend,1,0,haussier,365,0,0,30,,,31.0,57.0,77.5,57.5,59.1,57.06,False,False,,0,,,,62,82023938,128129460,640164549.0,1000000000.0,1000000000.0,64.0,,,
TWTUSDT,TWT,Mid,195,0.4439,567000.7363,-0.247,57.18147047995844,0.002723763724015125,0.4293799999999999,0.7568785,0.4826113029527831,0.3634446397188048,0.22038664323374335,0.2579944878213555,0.29929827041751,0.39589166666666675,0.5337694444444443,uptrend,1,0,haussier,365,0,0,30,,,31.0,57.0,77.5,57.5,59.1,57.06,False,False,,0,,,,62,184989801,443993389,416649900.0,1000000000.0,,41.7,,,
SHELLUSDT,SHELL,Speculative,,0.0381,970338.88626,-1.804,62.99756207843013,0.00022302239965161282,0.031757999999999995,0.04964750000000001,0.8586048596514483,0.25626740947075205,0.02056555269922867,0.6624108935546628,0.3801520945958627,0.02777222222222222,0.03705833333333333,double_bottom_90d|uptrend|shooting_star_4h,2,1,haussier,365,0,0,30,,,17.0,66.0,77.5,57.5,54.8,57.02,False,False,,0,,,,63,,,,,,,,,
CELRUSDT,CELR,Speculative,,0.002907,478163.2241095,0.103,62.392401995481436,6.933548271409619e-06,0.00259786,0.0035520000000000013,0.6332359064083236,0.19065876612059957,0.0027387880862718914,0.43418998875132353,0.5453899603418704,0.002370166666666667,0.0028480277777777775,double_bottom_90d|uptrend,2,0,haussier,365,0,0,30,,,17.0,57.0,89.5,47.0,67.3,56.94,False,False,,0,,,,66,,,,,,,,,
CFXUSDT,CFX,Mid,141,0.06404,2286675.33681,1.089,60.170837928781225,0.00031090416762373464,0.05803620000000001,0.0690681,0.9247815681445181,0.2570999248685199,0.052095631641086264,0.45768384749493013,0.589995462866362,0.04758416666666666,0.06403527777777779,macd_bullish_cross|downtrend,1,1,mixte,365,0,0,30,,,31.0,57.0,77.5,68.0,42.5,56.86,False,False,,0,,,,58,333213015,334304067,5189835932.13,5206829211.1,,99.7,,,
XLMUSDT,XLM,Etabli,22,0.1612,7805084.2272,-2.125,47.00351023555523,-0.0006815754581858778,0.164344,0.20619299999999985,0.46131860990020485,0.15332581736189405,0.09938581797878286,0.33672362735459266,0.7585904767655243,0.15193055555555554,0.17548888888888892,double_top_90d,0,1,baissier,365,0,0,30,,,45.0,37.0,92.0,78.5,32.0,56.73,False,False,,0,,,,51,5397509400,8069130571,33446616367.67793,50001786868.73495,,66.9,,,
TLMUSDT,TLM,Speculative,,0.001964,268115.260334,0.718,65.11256146946536,5.691927427262114e-06,0.0017366800000000002,0.0021583400000000003,0.5148178366030329,0.13878222709818977,0.0,0.37497134366791673,0.478330165542111,0.0015892777777777778,0.001939472222222222,macd_bullish_cross|double_bottom_90d,2,0,haussier,365,0,0,30,,,17.0,48.0,100.0,47.0,67.7,56.53,False,False,,0,,,,62,,,,,,,,,
HMSTRUSDT,HMSTR,Speculative,,0.0002069,12341721.0380108,7.76,78.58809653929703,4.745144518837144e-06,0.000150756,0.00021574950000000009,1.0842208914700682,0.30016051364365964,0.0,22.58762544239534,0.4594286765380975,0.0001376,0.00018377499999999998,macd_bullish_cross|resistance_test|uptrend,2,1,haussier,365,0,0,30,,,17.0,66.0,67.0,78.5,65.2,56.49,False,False,,3,⚡ Volume ×22.6 vs médiane,,22.59,62,,,,,,,,,
PEOPLEUSDT,PEOPLE,Speculative,551,0.00841,884283.71805,-1.752,63.251460065145686,5.0926950862630624e-05,0.007181799999999997,0.008754749999999999,0.9062059281275581,0.2072538860103628,0.0365296803652969,0.4309936854983,0.5975372644992608,0.00627722222222222,0.008054999999999998,rsi_bearish_divergence|macd_bullish_cross|double_bottom_90d|doji_4h,2,1,haussier,365,0,0,30,,,17.0,57.0,89.5,57.5,46.9,56.49,False,False,,0,,,,61,42699727,42699727,5066444892.014003,5066444892.014003,,100.0,,,
BMTUSDT,BMT,Speculative,,0.01686,255832.964696,0.958,61.3657935776366,8.12493688187714e-05,0.015414999999999996,0.0223669,0.6357740699207235,0.22478873239436614,0.051267605633802685,0.4540304745848179,0.566308419978218,0.01427166666666667,0.01736055555555556,macd_bullish_cross,1,0,haussier,365,0,0,30,,,17.0,57.0,89.5,47.0,59.5,56.45,False,False,,0,,,,64,,,,,,,,,
COTIUSDT,COTI,Speculative,586,0.01426,352182.15322,-1.587,53.27881310161789,-2.756836485524983e-05,0.013644600000000002,0.0199622,0.6681838110923611,0.14082503556187762,0.07110241356816704,0.21387011532650876,0.5985830870599541,0.011593055555555558,0.014600555555555554,uptrend,1,0,haussier,365,0,0,30,,,17.0,57.0,89.5,47.0,59.1,56.42,False,False,,0,,,,64,40034595,40034997,2808228461.889229,2808256658.0128,4910000000.0,100.0,,,
DODOUSDT,DODO,Speculative,928,0.01926,177970.454899,-0.926,57.637590391829846,-0.00013666194175568586,0.0167208,0.019433349999999995,0.8085345589493065,0.1909090909090909,0.07673860911270987,0.23148076615266594,0.35290300905332295,0.013968611111111112,0.019428055555555553,uptrend,1,0,haussier,365,0,0,30,,,17.0,57.0,89.5,47.0,59.1,56.42,False,False,,0,,,,64,19255932,19255932,1000000000.0,1000000000.0,1000000000.0,100.0,,,
ILVUSDT,ILV,Speculative,592,4.77,332081.0965,-1.242,58.90093472946029,-0.031977512997403784,4.205000000000001,5.792000000000002,0.7780304356420684,0.18795180722891572,0.04399999999999995,0.36725306672540337,0.48644835147309645,3.497222222222222,4.846111111111112,double_bottom_90d|doji_4h,1,0,haussier,365,0,0,30,,,17.0,57.0,89.5,47.0,58.2,56.37,False,False,,0,,,,63,39525992,45782486,8285573.926236246,9597081.691314137,,86.3,,,
HAEDALUSDT,HAEDAL,Speculative,,0.03368,455761.811373,1.599,57.22635234753219,-8.857452094626671e-05,0.030322599999999995,0.04295615,0.8971652223731834,0.21682847896440133,0.09660925726587719,0.29523712414305525,0.3292988319137593,0.02553333333333333,0.033908611111111105,uptrend,1,0,haussier,352,0,0,30,,,16.6,57.0,89.5,47.0,59.1,56.35,False,False,,0,,,,64,,,,,,,,,
SPELLUSDT,SPELL,Speculative,720,0.0001724,233703.5032552,-0.748,56.36575358079097,4.4694980449804515e-07,0.00016564000000000002,0.0002263305000000001,0.5284870370806387,0.20675743822491172,0.1311144730206758,0.2483628436509509,0.5595328943383043,0.0001599972222222222,0.00019279444444444445,double_top_90d,0,1,baissier,365,0,0,30,,,17.0,57.0,95.5,47.0,32.0,56.35,False,False,,0,,,,58,29547997,33768569,171510541047.0,196008739620.0,210000000000.0,87.5,,,
RIFUSDT,RIF,Mid,477,0.0536,1395544.9873,1.708,65.01076402350633,0.0001903919633099078,0.041283999999999994,0.03840300000000001,0.9874243612033069,0.34004474272930646,0.02376599634369279,0.17586156786792145,0.23644403634412392,0.03213333333333335,0.04915833333333333,evening_star_4h,0,1,baissier,365,0,0,30,,,31.0,64.0,71.5,68.0,19.6,56.34,False,False,,0,,,,50,53253586,53253586,1000000000.0,1000000000.0,,100.0,,,
IMXUSDT,IMX,Mid,235,0.1762,459716.218816,0.342,60.42824407364253,-3.0607724956527305e-05,0.156702,0.24553049999999993,0.7436817107357379,0.27922077922077915,0.04329004329004318,0.2346651246351573,0.6457726961502124,0.1407861111111111,0.17781388888888888,uptrend|doji_4h,1,0,haussier,365,0,0,30,,,31.0,57.0,77.5,47.0,59.1,56.22,False,False,,0,,,,62,148761751,353166854,842444578.3296283,2000000000.0,2000000000.0,42.1,,,
PLUMEUSDT,PLUME,Mid,401,0.01257,1840540.57292,1.045,56.324995131837504,-5.147197968478689e-05,0.011156000000000001,0.020517149999999987,0.9037790500272798,0.3177083333333334,0.0902527075812274,0.4639311338342729,0.39361946509491835,0.009330277777777778,0.01313361111111111,double_top_90d|uptrend,1,1,mixte,263,0,0,30,,,28.2,57.0,77.5,68.0,41.1,56.16,False,False,,0,,,,57,69863420,125980785,5545561594.0,10000000000.0,10000000000.0,55.5,,,
NEWTUSDT,NEWT,Speculative,994,0.078,454616.51677,0.386,55.89035422820954,-0.00024025618861924294,0.07261399999999998,0.09347499999999995,0.7672934072893347,0.17183462532299731,0.060168471720818184,0.37995725257379315,0.36815978458310733,0.06489166666666665,0.08026944444444445,double_bottom_90d,1,0,haussier,318,0,0,30,,,15.7,57.0,89.5,47.0,58.2,56.08,False,False,,0,,,,63,16789029,78088507,215000000.0,1000000000.0,1000000000.0,21.5,,,
COOKIEUSDT,COOKIE,Speculative,,0.0183,886997.1243,0.0,66.13354151177664,0.0002424001242682117,0.016613999999999997,0.0362415,0.6439548924772781,0.33035714285714285,0.17857142857142858,1.1691787863294736,0.517632459310089,0.015752777777777786,0.020436111111111117,uptrend|doji_4h,1,0,haussier,365,0,0,30,,,17.0,66.0,73.0,57.5,59.1,56.06,False,False,,0,,,,61,,,,,,,,,
KAITOUSDT,KAITO,Mid,264,0.503,1264046.02698,1.289,67.38487015436326,0.0069791952348363315,0.42303000000000013,0.5345475000000005,0.7906778072816059,0.17697664891437942,0.006306661411115453,0.4745012738640625,0.28650833518223,0.30867500000000003,0.46709444444444437,resistance_test|uptrend,1,1,mixte,365,0,0,30,,,31.0,48.0,83.5,68.0,55.7,56.03,False,False,,0,,,,56,121633723,503891141,241388889.0,1000000000.0,1000000000.0,24.1,,,
OSMOUSDT,OSMO,Speculative,813,0.0327,237228.220244,-0.305,56.24145764642594,9.248229874832457e-05,0.03154,0.05509500000000001,0.4617409325330162,0.25063938618925835,0.16368286445012795,0.7357460724249647,0.7404472461722571,0.030394444444444432,0.03741111111111112,macd_bullish_cross|doji_4h,1,0,haussier,365,0,0,30,,,17.0,66.0,75.5,47.0,59.5,55.93,False,False,,0,,,,64,25234953,32021471,772623516.753093,980407662.809552,1000000000.0,78.8,,,
IOSTUSDT,IOST,Speculative,616,0.001117,153598.60093,-0.887,56.77174319314361,4.12519202319588e-06,0.00108874,0.0015164800000000006,0.35345553992716566,0.22831050228310512,0.15144596651445963,0.25186407864370386,0.7282618696877632,0.0010527222222222223,0.0012510833333333334,macd_bullish_cross|doji_4h,1,0,haussier,365,0,0,30,,,17.0,57.0,87.5,47.0,59.5,55.9,False,False,,0,,,,63,36662190,36662190,32830498608.0,32830498608.0,90000000000.0,100.0,,,
KGSTUSDT,KGST,Speculative,,0.01139,199723.12984,-0.088,46.27163155216619,-1.5437702227212855e-06,0.0114124,,0.04811108691042635,0.009615384615384678,0.005240174672489021,1.177816480400629,0.12838909845754543,0.011346666666666663,0.011457222222222225,macd_bearish_cross|resistance_test,0,2,baissier,135,0,0,30,,,10.7,63.0,94.0,47.0,18.2,55.88,False,False,,0,,,,56,,,,,,,,,
TUTUSDT,TUT,Speculative,,0.01302,1300707.91249,4.831,61.74767885811694,0.00018838834966336976,0.010236400000000001,0.013577150000000007,1.349138516968923,0.32324058919803605,0.06335493160547148,0.8393542912517319,0.42703983111593746,0.008808333333333333,0.012228055555555556,macd_bullish_cross|uptrend,2,0,haussier,365,0,0,30,,,17.0,66.0,67.0,68.0,68.7,55.87,False,False,,0,,,,65,,,,,,,,,
VELODROMEUSDT,VELODROME,Speculative,,0.01773,109800.536965,-0.728,61.611961651564144,2.2111032110859225e-05,0.015487999999999997,0.0216647,0.7594627990016191,0.22280092592592599,0.003937007874015783,0.1498362852464171,0.6299809520514523,0.0137175,0.017357777777777778,,0,0,neutre,365,0,0,30,,,17.0,57.0,89.5,47.0,50,55.85,False,False,,0,,,,61,,,,,,,,,
BANDUSDT,BAND,Speculative,572,0.232,290696.8916,-0.855,59.08955473265463,0.000775870851299184,0.21612000000000006,0.3081100000000002,0.6175914110703213,0.24031007751937983,0.1007751937984496,0.3263487405598854,0.6299826436181757,0.2020277777777778,0.2492222222222222,macd_bullish_cross|double_bottom_90d|doji_4h,2,0,haussier,365,0,0,30,,,17.0,57.0,85.0,47.0,67.7,55.74,False,False,,0,,,,65,40795550,40877690,175540988.1000239,175894431.8534619,,99.8,,,
API3USDT,API3,Mid,482,0.369,792869.963652,-2.252,58.057637514023824,-0.0002751526270760307,0.309598,0.41569000000000017,1.091902511783371,0.2549744172825469,0.04543107898812598,0.5617513792709572,0.3047904380896645,0.2701166666666667,0.3812055555555556,macd_bearish_cross|uptrend,1,1,mixte,365,0,0,30,,,31.0,66.0,67.0,57.5,30.8,55.71,False,False,,0,,,,56,52933416,62181945,143154426.2782652,168166373.6779725,,85.1,,,
AIUSDT,AI,Speculative,543,0.0231,1548215.9118,-2.119,55.32610784094282,0.0002287413837056113,0.02032,0.03543800000000001,1.8112548093605862,0.289795918367347,0.09055118110236221,1.0786737162572357,0.3320820601657693,0.01826666666666667,0.024691666666666664,double_bottom_90d,1,0,haussier,365,0,0,30,,,17.0,75.0,56.5,68.0,58.2,55.64,False,False,,0,,,,64,44116072,338138318,1304675313.0,10000000000.0,10000000000.0,13.0,,,
ENJUSDT,ENJ,Mid,298,0.05135,4089235.167095,2.209,50.064002138726295,-0.002297319073717466,0.04095619999999999,0.03252300000000002,2.5378883460553325,0.4540089086859689,0.42750556792873057,0.8328352511606795,0.013748746376015954,0.018533888888888888,0.0646361111111111,downtrend,0,1,baissier,365,0,0,30,,,31.0,82.0,41.5,68.0,33.0,55.6,False,False,,0,,,,57,100544575,101848403,1961923995.652752,1987365548.269481,,98.7,,,
RUNEUSDT,RUNE,Mid,190,0.55,3309371.33,-1.786,77.51987442821952,0.004422154900643252,0.43982,0.5523600000000002,0.5366584112415685,0.1742919389978214,0.0018115942028985523,0.49706374497390216,0.8216013492855325,0.38769444444444445,0.504527777777778,double_bottom_90d|resistance_test|uptrend,2,1,haussier,365,0,0,30,,,31.0,39.0,92.0,68.0,63.9,55.57,False,False,,0,,,,49,193114404,198393575,350547944.0,360130877.0,360130877.0,97.3,,,
DYDXUSDT,DYDX,Mid,243,0.16142,3193208.838803,3.8,66.25317001295795,-0.0015766725558774425,0.1177946,0.17186464999999998,1.1771848239102645,0.294792586054722,0.014950980392157018,0.7096016628736349,0.498836518492662,0.08504166666666667,0.15331805555555555,double_bottom_90d|uptrend,2,0,haussier,365,0,0,30,,,31.0,57.0,67.0,68.0,67.3,55.56,False,False,,0,,,,59,135287206,154473518,839312234.8070294,958342751.0,1000000000.0,87.6,,,
0GUSDT,0G,Mid,266,0.554,1222696.09632,-0.18,50.265119490555996,-0.0011266379436305402,0.5426400000000001,0.8451550000000004,0.5933030845136181,0.3183139534883721,0.194767441860465,0.2535358492403482,0.11190298095848823,0.5008055555555555,0.6703333333333333,support_bounce|downtrend,1,1,mixte,228,0,0,30,,,27.2,57.0,77.5,68.0,34.3,55.51,False,False,,0,,,,56,118290647,554834903,213199722.0,1000000000.0,,21.3,,,
FIDAUSDT,FIDA,Speculative,958,0.01837,1458480.33869,1.717,63.290230714180126,0.00013254436670716315,0.016182800000000004,0.030830149999999973,0.6468339110434258,0.4285714285714286,0.15207373271889404,0.8193147522837421,0.246176042461428,0.014111944444444444,0.02060138888888889,macd_bullish_cross,1,0,haussier,365,0,0,30,,,17.0,66.0,67.0,68.0,59.5,55.29,False,False,,0,,,,63,18185985,18352797,990910813.705268,1000000000.0,1000000000.0,99.1,,,
ATAUSDT,ATA,Speculative,,0.0107,126363.551,0.0,59.72558323513633,6.899059774247718e-05,0.009677999999999997,0.016061000000000002,0.7649617227457578,0.38805970149253727,0.19402985074626863,0.6661756586144989,0.41894553636739973,0.008819444444444442,0.012647222222222223,macd_bullish_cross,1,0,haussier,365,0,0,30,,,17.0,66.0,73.0,47.0,59.5,55.25,False,False,,0,,,,64,,,,,,,,,
MEMEUSDT,MEME,Speculative,596,0.000615,1508172.275929,-0.966,63.46600260593999,4.6504063484060084e-06,0.0005507800000000001,0.0009380049999999998,0.8225402001298209,0.3701799485861183,0.20565552699228803,0.8639511504354463,0.47371584766271474,0.0005113888888888889,0.0007064722222222225,double_top_90d,0,1,baissier,365,0,0,30,,,17.0,66.0,73.0,68.0,32.0,55.19,False,False,,0,,,,57,39007496,42527907,63288258966.66666,69000000000.0,69000000000.0,91.7,,,
TRBUSDT,TRB,Mid,469,19.94,1948264.22224,-2.494,57.814390921940465,-0.009725999391510198,17.1138,19.2462,1.5617017531784976,0.23506825938566558,0.1454778156996587,0.5853964594020299,0.4048813087468814,14.19861111111111,19.754722222222224,macd_bearish_cross,0,1,baissier,365,0,0,30,,,31.0,66.0,64.0,68.0,21.7,55.16,False,False,,0,,,,53,55730639,57124127,2786697.52133837,2856376.015291851,,97.6,,,
PNUTUSDT,PNUT,Mid,445,0.0613,5131168.07728,-0.487,62.252718878865146,0.00034852939599781287,0.048734,0.07089950000000003,1.6597326735583806,0.3132969034608379,0.1388499298737728,0.7873825566011041,0.4788398592777754,0.04026666666666669,0.06050277777777778,macd_bullish_cross,1,0,haussier,365,0,0,30,,,31.0,66.0,52.0,78.5,59.5,55.11,False,False,,0,,,,60,61462107,61462107,999842204.202276,999842204.202276,1000000000.0,100.0,,,
TURTLEUSDT,TURTLE,Speculative,,0.0536,1224861.71176,-3.074,59.94099477633169,0.00039775324161961736,0.04506600000000001,,0.9753574693302759,0.1862068965517242,0.0775862068965518,0.7197266749952974,0.19042909052207066,0.03963333333333333,0.050916666666666666,macd_bullish_cross|uptrend,2,0,haussier,198,0,0,30,,,12.4,54.0,83.5,68.0,68.7,54.97,False,False,,0,,,,64,,,,,,,,,
HIGHUSDT,HIGH,Speculative,,0.191,2563597.585403,2.139,48.16560763810028,-0.00682661557378356,0.16951999999999995,0.20182999999999982,3.2704637525744173,0.4140127388535032,0.3885350318471337,2.436249961852935,0.1635113961346644,0.12255555555555556,0.25494444444444453,uptrend,1,0,haussier,365,0,0,30,,,17.0,84.0,41.5,68.0,59.1,54.91,False,False,,0,,,,68,,,,,,,,,
CATIUSDT,CATI,Speculative,700,0.074,3322708.5335,16.17,85.35400274691676,0.002460060966466981,0.049929999999999995,0.05512999999999999,0.8751281252132846,0.21441124780316348,0.0,5.908850406925298,0.1796694504271752,0.03876944444444446,0.05612222222222221,breakout_30d|downtrend,1,1,mixte,365,0,0,30,,,17.0,57.0,83.5,68.0,34.3,54.9,False,False,,3,⚡ Volume ×5.9 vs médiane,,5.91,54,30803912,73556201,418780624.57,1000000000.0,1000000000.0,41.9,,,
BTTCUSDT,BTTC,Speculative,,3.2e-07,515124.72667126,0.0,48.347400253111324,2.572981936101475e-10,3.222000000000002e-07,3.796000000000001e-07,0.4103499467998809,0.1388888888888889,0.11111111111111108,0.6123429882832969,0.3544471795821869,3.1472222222222244e-07,3.544444444444444e-07,macd_bullish_cross|doji_4h,1,0,haussier,365,0,0,30,,,17.0,46.0,95.5,57.5,59.5,54.9,False,False,,0,,,,61,,,,,,,,,
SCUSDT,SC,Speculative,511,0.000973,220602.424891,0.309,55.257072812487756,4.81843245531855e-06,0.0009593800000000002,0.0013755199999999999,0.3533148378285813,0.2873194221508828,0.21990369181380415,0.5919580884539971,0.7253735913567803,0.0009204999999999999,0.0011876944444444446,macd_bullish_cross|downtrend,1,1,mixte,365,0,0,30,,,17.0,66.0,75.5,47.0,42.5,54.86,False,False,,0,,,,60,48131562,48131562,49751295000.0225,49751295000.0225,,100.0,,,
WOOUSDT,WOO,Speculative,607,0.0199,230190.45267,-1.97,59.07250187835505,2.4540980413754012e-05,0.01808,0.02389999999999998,0.6345547148640092,0.21890547263681598,0.014851485148514762,0.27152740738392234,0.7530254679221464,0.01613333333333334,0.019608333333333335,macd_bullish_cross|uptrend,2,0,haussier,365,0,0,30,,,17.0,57.0,81.5,47.0,68.7,54.85,False,False,,0,,,,65,37499030,37499030,1888782088.294737,1888782088.294737,3000000000.0,100.0,,,
STRAXUSDT,STRAX,Speculative,735,0.01341,133207.16085,-0.96,54.62910722956321,3.761818127971393e-05,0.013239600000000002,0.019235999999999996,0.32703707428198725,0.24717093508040497,0.20131030375223344,0.208024439336099,0.7735165803944368,0.01281361111111111,0.016046666666666664,macd_bullish_cross|downtrend,1,1,mixte,365,0,0,30,,,17.0,57.0,87.5,47.0,42.5,54.83,False,False,,0,,,,59,28987605,28987605,2162277185.856815,2162277185.856815,,100.0,,,
BEAMXUSDT,BEAMX,Speculative,,0.002017,468533.547052,0.749,58.54120615250754,-2.7200146887512472e-08,0.0018712800000000001,0.002791440000000002,0.45333181353566854,0.3855094924447888,0.21774506005424255,0.4999246186759478,0.5798375384606996,0.001728527777777778,0.00235325,uptrend,1,0,haussier,365,0,0,30,,,17.0,57.0,83.5,47.0,59.1,54.79,False,False,,0,,,,63,,,,,,,,,
LAZIOUSDT,LAZIO,Speculative,,0.642,1049614.03267,2.556,48.0582706307298,0.0018584561281246824,0.66538,0.8706599999999998,0.4206937547759136,0.33881578947368424,0.2949561403508772,1.1138783606183347,0.5360570617495326,0.6313333333333335,0.8615277777777777,macd_bullish_cross|support_bounce|downtrend,2,1,haussier,365,0,0,30,,,17.0,55.0,83.5,68.0,43.8,54.77,False,False,,0,,,,58,,,,,,,,,
MBLUSDT,MBL,Speculative,956,0.000942,1132731.511581,-0.317,51.316201862459245,5.501123859353314e-07,0.0009441799999999999,0.0011169650000000001,0.2538794479077271,0.14750957854406135,0.09578544061302686,0.5892201163794338,0.6934253053136911,0.0009000555555555557,0.0010088333333333336,macd_bullish_cross|double_top_90d|downtrend,1,2,baissier,365,0,0,30,,,17.0,46.0,100.0,68.0,24.5,54.76,False,False,,0,,,,54,18271282,28283883,19379887214.0,30000000000.0,30000000000.0,64.6,,,
SYNUSDT,SYN,Speculative,,0.0555,115078.00109,-0.893,61.498200682468635,9.185081515373063e-05,0.050339999999999996,0.057504500000000014,0.5077588625951084,0.26499999999999996,0.07499999999999996,0.10007658475627892,0.3997042080617287,0.04558055555555556,0.05635555555555557,rsi_bearish_divergence|macd_bullish_cross,1,1,mixte,365,0,0,30,,,17.0,57.0,88.0,47.0,38.7,54.73,False,False,,0,,,,58,,,,,,,,,
JOEUSDT,JOE,Speculative,924,0.0481,147719.181193,-1.636,55.90696017681376,-0.00011607939576723718,0.04406599999999998,0.0599175,0.7057296894262731,0.24137931034482768,0.17068965517241388,0.21114646124044695,0.5213575338236769,0.03563611111111112,0.050352777777777774,,0,0,neutre,365,0,0,30,,,17.0,57.0,85.0,47.0,50,54.62,False,False,,0,,,,61,19394499,24014379,403574248.5492458,499707918.9306487,500000000.0,80.8,,,
DUSDT,D,Speculative,,0.01675,22713953.85433,49.021,64.21305721665767,0.00016392285798004762,0.010172200000000003,0.01275950000000001,2.3607549971147606,0.602001906577693,0.19733079122974254,7.232368469879121,0.08497189360251349,0.006078333333333333,0.014462777777777778,uptrend,1,0,haussier,365,0,0,30,,,17.0,84.0,37.0,78.5,59.1,54.52,False,False,,3,⚡ Volume ×7.2 vs médiane,,7.23,72,,,,,,,,,
SCRTUSDT,SCRT,Speculative,604,0.1114,646870.58635,-4.378,59.01450462520867,-6.598407797332988e-05,0.09338999999999999,0.11766249999999996,0.9519267832019461,0.28913260219341974,0.02707423580786031,0.31590421597633134,0.6227546818918437,0.07460833333333333,0.10969166666666666,double_bottom_90d|uptrend|doji_4h,2,0,haussier,365,0,0,30,,,17.0,57.0,77.5,57.5,67.3,54.51,False,False,,0,,,,64,37820919,39499959,339423218.378663,354491733.486721,,95.7,,,
SPKUSDT,SPK,Mid,318,0.034945,1136247.033645,-2.917,54.630307784900836,-0.0007215730590507895,0.026893659999999996,0.026018294999999997,1.7930520262965024,0.32746072088724587,0.32746072088724587,0.2044162869052684,0.2995475843511071,0.019688583333333332,0.03759369444444446,golden_cross|uptrend,2,0,haussier,325,0,0,30,,,29.9,73.0,41.5,68.0,71.6,54.5,False,False,,0,,,,64,93671814,349554523,2679748316.3184977,10000000000.0,10000000000.0,26.8,,,
ONTUSDT,ONT,Mid,432,0.06283,2747708.82735,-0.191,36.51417473529376,-0.0013163684361330917,0.0733864,0.06520989999999999,0.8701376542165175,0.43714771405565,0.43714771405565,1.9407892767327508,0.22366448338875367,0.040804444444444456,0.09134250000000002,downtrend,0,1,baissier,365,0,0,30,,,31.0,63.0,62.5,68.0,33.0,54.37,False,False,,0,,,,52,63069261,63069261,1000000000.0,1000000000.0,,100.0,,,
WBTCUSDT,WBTC,Speculative,,80792.88,3507820.8361065,-0.887,66.92179601313603,195.2741182402433,73102.0154,83023.37419999996,0.3309703979707328,0.11750558206030245,0.005071187358972027,0.18685695979921513,0.9996601261165617,65716.81083333334,78140.71055555555,macd_bullish_cross|resistance_test|uptrend,2,1,haussier,365,0,0,30,,,17.0,48.0,86.0,68.0,65.2,54.24,False,False,,0,,,,59,,,,,,,,,
ACTUSDT,ACT,Speculative,,0.0159,1184700.53224,-1.242,61.20073628729476,0.00014821207607163445,0.013582000000000004,0.019262499999999995,1.247558603180891,0.2839506172839506,0.059171597633135946,0.5522119897843887,0.5004508654180522,0.012025,0.01571388888888889,macd_bullish_cross|downtrend,1,1,mixte,365,0,0,30,,,17.0,66.0,67.0,68.0,42.5,54.22,False,False,,0,,,,59,,,,,,,,,
MIRAUSDT,MIRA,Speculative,833,0.0846,529935.9038,-0.471,53.97660244475932,-0.00015171392025350194,0.081262,0.1303175,0.5944301945530618,0.31514581373471307,0.2013170272812794,0.32589584570255326,0.4217692431187572,0.07665000000000004,0.09722222222222224,,0,0,neutre,224,0,0,30,,,13.1,57.0,83.5,57.5,50,54.21,False,False,,0,,,,60,23970940,84840714,282540524.0,1000000000.0,1000000000.0,28.3,,,
SAHARAUSDT,SAHARA,Mid,341,0.02571,3388256.94529,0.982,61.81891761486126,0.0004022299036822336,0.023596,0.035167199999999996,0.6314269280047246,0.3002001334222816,0.14142761841227489,0.3893320130237617,0.17022463844277047,0.015335555555555554,0.027811388888888892,,0,0,neutre,316,0,0,30,,,29.7,57.0,67.0,68.0,50,54.17,False,False,,0,,,,58,84270977,257365076,3274375000.0,10000000000.0,10000000000.0,32.7,,,
JUVUSDT,JUV,Speculative,,0.5,2120153.62021,2.669,46.777844953244525,-0.0002827765193022004,0.5102400000000002,0.6480399999999997,0.4417958391122588,0.28376327769347504,0.244309559939302,1.2020953248543313,0.4425417349830587,0.4882222222222221,0.6349444444444445,support_bounce|downtrend,1,1,mixte,365,0,0,30,,,17.0,55.0,83.5,68.0,34.3,54.17,False,False,,0,,,,56,,,,,,,,,
KAIAUSDT,KAIA,Mid,162,0.0469,847922.10549,-1.055,48.09423793057966,7.51389500104299e-05,0.04790000000000001,0.06471900000000005,0.4344969614659505,0.25577557755775576,0.22442244224422445,0.5286809684027356,0.6543674136505445,0.0459611111111111,0.057172222222222215,macd_bullish_cross|double_bottom_90d|downtrend,2,1,haussier,365,0,0,30,,,31.0,46.0,83.5,57.5,50.7,54.14,False,False,,0,,,,57,275526335,275526344,5856641747.106198,5856641936.044253,,100.0,,,
UMAUSDT,UMA,Speculative,541,0.484,348092.6881,0.207,61.84473209117037,0.0005158256624343931,0.43492000000000014,0.6542550000000001,0.5605710136165496,0.28990825688073396,0.11376146788990835,0.25584621905550736,0.43214878650615407,0.40083333333333354,0.5179722222222222,rsi_bearish_divergence|macd_bullish_cross|uptrend,2,1,haussier,365,0,0,30,,,17.0,57.0,83.5,47.0,47.8,54.08,False,False,,0,,,,60,44027251,62140176,91119202.50892171,128605878.396671,,70.9,,,
YGGUSDT,YGG,Speculative,667,0.04443,834132.39037,-1.486,61.301476009930234,0.00021717882247393526,0.039138599999999996,0.06342235000000002,0.6423280500891778,0.2968684759916492,0.07557411273486427,0.33153194157383853,0.44974368765151806,0.03564027777777778,0.04454638888888889,uptrend,1,0,haussier,365,0,0,30,,,17.0,57.0,77.5,57.5,59.1,54.0,False,False,,0,,,,62,32951798,44332435,743288689.0312867,1000000000.0,1000000000.0,74.3,,,
CGPTUSDT,CGPT,Speculative,783,0.02858,750044.427166,3.289,66.28606764028294,9.190239227238346e-05,0.022234599999999997,0.030451949999999995,0.7341941238681491,0.2768000000000001,0.019849418206707756,0.5766727016774641,0.42272063793275566,0.018870833333333337,0.026717777777777778,uptrend,1,0,haussier,365,0,0,30,,,17.0,57.0,77.5,57.5,59.1,54.0,False,False,,0,,,,59,26374741,28597088,920227627.0,997766421.0,1000000000.0,92.2,,,
EPICUSDT,EPIC,Speculative,,0.352,535208.6005,-1.676,64.07255338853417,0.004471096975575958,0.28274,0.4796550000000002,0.8977237479167515,0.27244582043343657,0.014005602240896371,0.29129458770850036,0.43814468439173027,0.24841666666666676,0.3276944444444444,uptrend,1,0,haussier,365,0,0,30,,,17.0,57.0,77.5,57.5,59.1,54.0,False,False,,0,,,,62,,,,,,,,,
1000CHEEMSUSDT,1000CHEEMS,Speculative,,0.000636,751480.389191,-0.935,62.921330367755594,1.2670402999076437e-07,0.00051174,0.00081941,0.9905436411039914,0.273224043715847,0.001572327044025025,0.29796373869473247,0.6205933295368108,0.0004210833333333334,0.0006115555555555554,double_bottom_90d,1,0,haussier,365,0,0,30,,,17.0,57.0,77.5,57.5,58.2,53.94,False,False,,0,,,,61,,,,,,,,,
AXSUSDT,AXS,Mid,173,1.373,2445816.34242,0.365,56.788407692138506,-0.0015246107341160275,1.1979600000000001,1.279845,1.3642801342159847,0.3163913595933926,0.12801013941698364,0.3213757697175704,0.30936303162126044,1.0881944444444445,1.4628055555555557,uptrend,1,0,haussier,365,0,0,30,,,31.0,57.0,62.5,68.0,59.1,53.82,False,False,,0,,,,59,237924169,371494183,172922022.5331174,270000000.0,270000000.0,64.0,,,
METISUSDT,METIS,Speculative,751,3.81,902435.30198,-0.262,60.47332413622901,0.010381602849803662,3.2443999999999993,5.193299999999999,1.4325615585049307,0.2691292875989446,0.12585812356979412,0.6720363242315258,0.5814403008420179,2.886666666666667,3.8458333333333323,macd_bullish_cross|uptrend,2,0,haussier,365,0,0,30,,,17.0,66.0,62.5,57.5,68.7,53.8,False,False,,0,,,,64,28140848,38242983,7358434.342,10000000.0,10000000.0,73.6,,,
MOVRUSDT,MOVR,Speculative,786,2.301,3817211.359982,6.676,55.65824901141656,-0.0456445405678404,1.6307399999999999,2.258415,3.4135120593709947,0.4318026045236464,0.21076079506511317,2.0130319237235645,0.2593445337101346,1.1154166666666663,2.4570277777777774,macd_bearish_cross,0,1,baissier,365,0,0,30,,,17.0,84.0,46.0,68.0,21.7,53.77,False,False,,0,,,,60,26203341,28623455,11423487.0,12478549.0,,91.5,,,
RPLUSDT,RPL,Speculative,542,1.96,144775.8483,-1.508,59.56050646580426,0.005300197506818809,1.8063999999999993,2.178250000000001,0.5114639919498524,0.42647058823529416,0.2794117647058824,0.15061021477113504,0.38862291857434955,1.6175000000000002,2.2272222222222218,macd_bullish_cross|downtrend|doji_4h,1,1,mixte,365,0,0,30,,,17.0,57.0,83.5,47.0,42.5,53.74,False,False,,0,,,,59,43880289,43880289,22367035.42676356,22367035.42676356,,100.0,,,
AVAUSDT,AVA,Speculative,898,0.2789,259029.97099,-3.294,67.77041679704584,0.0012990963451542208,0.22523400000000002,0.274049,0.6874612974094084,0.20258620689655177,0.03758620689655161,0.19853498451414567,0.5196924738666489,0.19091111111111114,0.26208611111111113,double_bottom_90d|uptrend,2,0,haussier,365,0,0,30,,,17.0,48.0,89.5,47.0,67.3,53.65,False,False,,0,,,,60,20464873,20464873,73278967.0,73278967.0,100000000.0,100.0,,,
GUSDT,G,Speculative,765,0.00377,340986.72534,-0.265,53.39498152974765,9.672389345364778e-06,0.0037433999999999996,0.004578050000000002,0.4876529259081807,0.40940766550522656,0.34320557491289205,0.30330439878531046,0.4298727325130828,0.0033502777777777784,0.004318611111111111,macd_bullish_cross,1,0,haussier,365,0,0,30,,,17.0,57.0,79.0,47.0,59.5,53.59,False,False,,0,,,,62,27318068,45324265,7232700000.0,12000000000.0,12000000000.0,60.3,,,
AXLUSDT,AXL,Mid,350,0.071,1637485.192394,-5.71,57.69195649514532,0.0010788413360403428,0.05457,0.08710400000000003,1.8624594604004883,0.32232704402515727,0.13730255164034028,0.9126771094719098,0.3130665181006993,0.045675,0.06930833333333335,uptrend|bearish_engulfing_4h,1,1,mixte,365,0,0,30,,,31.0,66.0,52.0,68.0,46.6,53.46,False,False,,0,,,,57,82970190,88288881,1165151200.858865,1239841629.500513,,94.0,,,
FORMUSDT,FORM,Mid,290,0.2716,2746711.23567,0.967,52.844411166052296,0.0015054668892017717,0.2492000000000001,0.32770349999999987,1.037342116421974,0.38904193449647995,0.16590143862871126,0.40734546422884277,0.40909889399980437,0.19937222222222223,0.29808888888888885,,0,0,neutre,365,0,0,30,,,31.0,57.0,62.5,68.0,50,53.24,False,False,,0,,,,57,104047414,155935170,381867255.14,572301922.1,580000000.0,66.7,,,
CUSDT,C,Speculative,,0.0843,1673276.34378,7.389,58.23602945471248,-2.3700034936368665e-05,0.07362,0.07661750000000003,1.036405817315092,0.3746736292428199,0.05263157894736853,0.7643196377164769,-0.04601039975957069,0.04909166666666667,0.08629999999999996,uptrend,1,0,haussier,294,0,0,30,,,15.1,66.0,61.0,68.0,59.1,53.21,False,False,,0,,,,62,,,,,,,,,
OPENUSDT,OPEN,Speculative,517,0.2179,4019954.7021,-3.069,48.81768747534417,-0.006441490804229091,0.19807,0.2027745000000002,1.2040992672363542,0.2836468885672937,0.21345875542691742,1.248979638745024,0.2724729382500311,0.14639166666666664,0.23930833333333335,macd_bearish_cross|uptrend,1,1,mixte,242,0,0,30,,,13.6,75.0,56.5,68.0,30.8,53.18,False,False,,0,,,,57,46863088,217462127,215500000.0,1000000000.0,1000000000.0,21.6,,,
ALCXUSDT,ALCX,Speculative,,5.54,207019.310207,1.28,59.20913977635366,0.028560001608487706,5.137199999999999,6.9517,0.44578019144242437,0.3333333333333333,0.21082621082621078,0.17724381603340186,0.20164663728952273,4.550833333333332,5.841944444444444,macd_bullish_cross,1,0,haussier,365,0,0,30,,,17.0,57.0,77.5,47.0,59.5,53.18,False,False,,0,,,,62,,,,,,,,,
WLDUSDT,WLD,Etabli,77,0.2587,15888684.20326,-0.154,48.83700449156762,0.0021790397469345444,0.2737520000000001,0.48318499999999986,0.8655966613002495,0.4521413526796162,0.39386847648022466,0.6849096892808161,0.6259571160226153,0.24763333333333332,0.4059638888888889,macd_bullish_cross|double_top_90d|downtrend,1,2,baissier,365,0,0,30,,,45.0,46.0,68.5,78.5,24.5,53.15,False,False,,0,,,,49,864480400,2597131744,3328596641.964936,10000000000.0,10000000000.0,33.3,,,
HYPERUSDT,HYPER,Speculative,619,0.1075,2006279.23834,1.129,48.99534692352827,-0.002061827116679637,0.09897600000000001,0.12162949999999995,2.0342507845309954,0.33877038895859474,0.3243412797992471,2.066393956498472,0.1773159936615635,0.08516944444444444,0.12007222222222223,macd_bearish_cross|uptrend|doji_4h,1,1,mixte,365,0,0,30,,,17.0,84.0,41.5,68.0,30.8,53.12,False,False,,0,,,,61,36417971,86941753,338174017.0,807333335.0000001,1000000000.0,41.9,,,
INITUSDT,INIT,Speculative,905,0.1024,3232068.73562,9.989,66.30675078158525,0.0007952822498735815,0.08518199999999998,0.09659300000000005,0.8144044530013846,0.40848389630793397,0.1932443047918303,0.845908237031992,0.05803335728857131,0.07271944444444443,0.10339444444444443,macd_bullish_cross|double_bottom_90d|uptrend|doji_4h,3,0,haussier,365,0,0,30,,,17.0,57.0,67.0,68.0,76.8,53.09,False,False,,0,,,,61,20025244,102511336,195346629.1021199,1000000000.0,1000000000.0,19.5,,,
TUSDT,T,Mid,411,0.0061,220261.535137,-1.613,49.542742438749904,1.1667570971715514e-05,0.006186600000000001,0.008653299999999996,0.42219218672313563,0.24218750000000006,0.20572916666666663,0.3231657824368492,0.6156429884817012,0.005975555555555556,0.007210555555555555,macd_bullish_cross|support_bounce|downtrend,2,1,haussier,365,0,0,30,,,31.0,37.0,95.5,47.0,43.8,52.84,False,False,,0,,,,55,68230333,68230333,11155000000.0,11155000000.0,,100.0,,,
ALTUSDT,ALT,Speculative,504,0.00802,673913.23994,-1.353,61.35983694109788,1.456149706299844e-05,0.0070846,0.010853000000000007,0.6607380623425444,0.3322332233223323,0.11551155115511556,0.32769915367573077,0.5452136773418423,0.006430555555555554,0.008493055555555558,macd_bullish_cross|doji_4h,1,0,haussier,365,0,0,30,,,17.0,57.0,73.0,57.5,59.5,52.8,False,False,,0,,,,61,49491406,80301549,6163194441.0,10000000000.0,10000000000.0,61.6,,,
OGNUSDT,OGN,Speculative,,0.02442,159427.01219,-0.933,62.51867245440434,6.412869788738942e-05,0.022494,0.02934064999999997,0.4082659541382346,0.3211600429645542,0.1611015490533563,0.0806572574342501,0.24396287428584384,0.01970583333333334,0.025855555555555552,,0,0,neutre,365,0,0,30,,,17.0,57.0,77.5,47.0,50,52.58,False,False,,0,,,,60,,,,,,,,,
ORDIUSDT,ORDI,Mid,279,5.174,15682532.13024,0.681,56.77011570250153,-0.004700002554724025,3.57132,3.7865449999999994,3.9345993058847433,0.5063395163183846,0.3911716365343978,1.3607047484049328,0.25637009729722954,2.2753055555555552,5.329277777777778,,0,0,neutre,365,0,0,30,,,31.0,75.0,32.5,78.5,50,52.5,False,False,,0,,,,58,109070985,109070985,21000000.0,21000000.0,,100.0,,,
SAPIENUSDT,SAPIEN,Speculative,756,0.1122,2214863.61119,11.864,70.82267902088941,0.0010769517848316307,0.08043000000000002,,1.3177096012916125,0.33052631578947367,0.0,1.603291378587444,0.42095976682696873,0.06828055555555554,0.10001944444444445,,0,0,neutre,183,0,0,30,,,12.0,63.0,67.0,68.0,50,52.5,False,False,,0,,,,57,27874254,111497016,250000000.0,1000000000.0,1000000000.0,25.0,,,
GMTUSDT,GMT,Speculative,638,0.01138,687977.887865,-0.698,54.36124317467879,-3.7733713070939575e-05,0.010793399999999998,0.015310800000000005,0.6557610925764007,0.28072837632776937,0.13505311077389986,0.43312669486430716,0.6174355610418452,0.010071666666666666,0.01246027777777778,doji_4h,0,0,neutre,365,0,0,30,,,17.0,57.0,73.0,57.5,50,52.2,False,False,,0,,,,59,35480725,57859443,3111400155.0,5073850155.102167,6000000000.0,61.3,,,
LQTYUSDT,LQTY,Speculative,666,0.335,417180.9222,3.077,65.77645374347873,0.001499557294070461,0.2895800000000001,0.36914500000000006,0.6446753487553404,0.26923076923076916,0.0796703296703296,0.6235442404805374,0.3732376091092917,0.266638888888889,0.3288888888888888,rsi_bearish_divergence|macd_bullish_cross|double_bottom_90d|resistance_test,2,2,mixte,365,0,0,30,,,17.0,57.0,77.5,47.0,43.4,52.17,False,False,,0,,,,55,33005269,33445847,98682714.52495599,100000000.0,100000000.0,98.7,,,
ETHFIUSDT,ETHFI,Mid,132,0.432,3486896.5978,-2.262,47.264211051117805,0.001992042990307117,0.4610199999999999,0.6447999999999995,0.6994078974994048,0.29914529914529914,0.2598290598290598,0.5380165864397678,0.577994207845575,0.42294444444444435,0.5665,macd_bullish_cross|double_bottom_90d|downtrend,2,1,haussier,365,0,0,30,,,31.0,46.0,73.0,68.0,50.7,52.12,False,False,,0,,,,56,362330800,432793559,835965183.0,998535999.0,1000000000.0,83.7,,,
SOMIUSDT,SOMI,Speculative,705,0.1908,666353.41892,0.052,60.28119841776298,0.001170190918584774,0.16986399999999996,0.2416044999999999,0.6745305871800832,0.3148063781321184,0.13120728929384962,0.21510360274748072,0.40329020991921505,0.15773333333333336,0.21045555555555553,uptrend|doji_4h,1,0,haussier,248,0,0,30,,,13.8,57.0,73.0,57.5,59.1,52.07,False,False,,0,,,,61,30546745,190678810,160200000.0,1000000000.0,1000000000.0,16.0,,,
NEIROUSDT,NEIRO,Speculative,574,9.677e-05,5534855.08316021,-1.436,61.671266611635865,-4.466595645094884e-08,7.40174e-05,0.00010648074999999998,1.9827796726204634,0.3509361497839654,0.16778292976129147,0.612256559315487,0.4402097451972233,5.6711944444444444e-05,9.65861111111111e-05,uptrend,1,0,haussier,365,0,0,30,,,17.0,66.0,52.0,78.5,59.1,52.02,False,False,,0,,,,60,40820115,40820115,420690000000.0,420690000000.0,420690000000.0,100.0,,,
MAGICUSDT,MAGIC,Speculative,864,0.0679,403590.29948,-1.164,58.3326740260649,0.00010275668193619487,0.062356000000000016,0.08710150000000005,0.6725072490672597,0.27473958333333326,0.11458333333333319,0.11209363972395849,0.4705909931959787,0.057816666666666655,0.07210833333333334,macd_bullish_cross,1,0,haussier,365,0,0,30,,,17.0,57.0,73.0,47.0,59.5,51.96,False,False,,0,,,,61,22302577,23639032,328030218.7026791,347687042.9717532,347714007.0,94.3,,,
LISTAUSDT,LISTA,Speculative,676,0.0892,386461.96833,-0.889,54.93964762626759,0.00028914063083828885,0.08517999999999999,0.14264549999999995,0.9562720991594533,0.2810327706057596,0.11717974180734847,0.44867137598063267,0.4042931387690886,0.07925833333333336,0.09678611111111111,macd_bullish_cross,1,0,haussier,365,0,0,30,,,17.0,57.0,73.0,47.0,59.5,51.96,False,False,,0,,,,61,32377158,70791261,363871142.20173115,795588564.255041,1000000000.0,45.7,,,
AGLDUSDT,AGLD,Speculative,856,0.258,288893.8081,-0.769,50.30629650092846,-0.0012685718871584093,0.25188000000000005,0.2784,0.5756225676787262,0.44587628865979384,0.33505154639175255,0.33734527738025816,0.21181100205141085,0.21966666666666662,0.29111111111111115,double_bottom_90d,1,0,haussier,365,0,0,30,,,17.0,57.0,73.0,47.0,58.2,51.87,False,False,,0,,,,61,22536335,23928263,87430001.0,92830001.0,96000000.0,94.2,,,
ALICEUSDT,ALICE,Speculative,,0.1412,2514075.642248,-8.192,50.407215124120064,-0.0022619452696289845,0.127156,0.1736830000000001,1.2847832691328311,0.31523178807947017,0.13902439024390253,1.0,0.11347504626109399,0.10539166666666669,0.15966111111111114,,0,0,neutre,365,0,0,30,,,17.0,66.0,56.5,68.0,50,51.83,False,False,,0,,,,59,,,,,,,,,
ZECUSDT,ZEC,Etabli,16,561.63,189736062.6391,-1.368,85.30198388660386,20.694163891639917,317.5588,363.0433999999999,1.081276833743582,0.39030044510385753,0.0,0.555255882665258,0.5829594570096656,212.08055555555552,398.46916666666664,,0,0,neutre,365,0,0,30,,,45.0,39.0,67.0,78.5,50,51.79,False,False,,0,🔥 Trending #9 sur CoinGecko,9,,41,9406620249,9406620249,16688225.1655448,16688225.1655448,21000000.0,100.0,,,
BROCCOLI714USDT,BROCCOLI714,Speculative,,0.01809,1601428.06625,-4.739,57.08445592662317,2.2462904573086577e-05,0.014590800000000001,0.016232450000000013,1.9710682130329495,0.23778501628664497,0.15438432835820898,0.30325696286702364,0.3890068676740472,0.012054444444444444,0.01785833333333333,double_bottom_90d|uptrend,2,0,haussier,365,0,0,30,,,17.0,57.0,64.0,68.0,67.3,51.68,False,False,,0,,,,62,,,,,,,,,
TREEUSDT,TREE,Speculative,945,0.0695,479347.98777,-1.138,53.23153057443621,-0.00023328707377602998,0.06501599999999998,0.09854699999999998,0.824843922639154,0.2688311688311688,0.09610389610389615,0.24352268663542356,0.3794243890446065,0.05913055555555555,0.07626111111111111,double_top_90d|uptrend,1,1,mixte,283,0,0,30,,,14.8,57.0,77.5,47.0,41.1,51.53,False,False,,0,,,,57,18525572,20871722,101361867.09737062,114198722.17892644,200000000.0,88.8,,,
EDENUSDT,EDEN,Speculative,,0.0376,224030.7232,-2.338,57.265814000489094,5.793351719754502e-05,0.033452,0.060708999999999985,0.7083603611998766,0.3725961538461538,0.0985576923076923,0.13965998991746162,0.34336108063698834,0.029816666666666658,0.03962222222222222,uptrend|shooting_star_4h,1,1,mixte,220,0,0,30,,,13.0,57.0,77.5,47.0,46.6,51.5,False,False,,0,,,,59,,,,,,,,,
AVNTUSDT,AVNT,Speculative,509,0.1526,1265492.05501,1.06,54.51467025188034,-9.904745681083515e-05,0.14124400000000006,0.2866330000000001,1.2184493317417837,0.4129919393077288,0.27358937885253676,0.6108209414805441,0.5228119434117846,0.13068333333333332,0.19662499999999994,macd_bearish_cross|uptrend,1,1,mixte,235,0,0,30,,,13.4,66.0,62.5,68.0,30.8,51.48,False,False,,0,,,,55,49172436,153576861,320181282.96929127,1000000000.0,1000000000.0,32.0,,,
MANTAUSDT,MANTA,Speculative,689,0.067,451267.899449,-3.722,52.0006868876056,0.00010717467191763831,0.06492380000000002,0.0808753,0.6210585211443066,0.27144592952612395,0.18493317132442283,0.3566396918481951,0.36643878416587866,0.06139138888888889,0.07598472222222223,,0,0,neutre,365,0,0,30,,,17.0,57.0,73.0,47.0,50,51.36,False,False,,0,,,,59,31366248,67226441,466576064.3598367,1000000000.0,1000000000.0,46.7,,,
MAVUSDT,MAV,Speculative,,0.01566,367725.90367,-0.255,53.550965371180496,-6.741535309026843e-05,0.014638799999999999,0.022531099999999995,0.728430845350815,0.3176274944567628,0.13359201773835913,0.39481094782804016,0.43311766336454877,0.013166666666666667,0.016903055555555557,,0,0,neutre,365,0,0,30,,,17.0,57.0,73.0,47.0,50,51.36,False,False,,0,,,,59,,,,,,,,,
MUBARAKUSDT,MUBARAK,Speculative,,0.01582,1415725.504242,-4.699,59.73679680571235,0.00024089482682778307,0.0130848,0.016432949999999988,1.1896129074402937,0.4693579766536965,0.2276264591439689,0.3952005771735222,0.3955975132107415,0.011478333333333333,0.01709944444444445,macd_bullish_cross|uptrend,2,0,haussier,365,0,0,30,,,17.0,57.0,62.5,68.0,68.7,51.35,False,False,,0,,,,62,,,,,,,,,
ARDRUSDT,ARDR,Speculative,546,0.04308,83131.74441,-0.208,52.96047101026451,0.0001467800064230446,0.043250599999999986,0.05289419999999996,0.31223154071467707,0.16245706203273386,0.12770256617498482,0.47639012045657275,0.6713645883016752,0.04168472222222222,0.04874416666666667,macd_bullish_cross|double_bottom_90d,2,0,haussier,365,0,0,30,,,17.0,37.0,95.5,47.0,67.7,51.28,False,False,,0,,,,61,43137194,43137194,998466231.0,998466231.0,,100.0,,,
ZKCUSDT,ZKC,Speculative,868,0.0763,474754.74546,-1.675,53.39976484678042,0.00023174381418410378,0.07312799999999998,0.11576549999999998,0.6344605504928656,0.3503937007874015,0.24999999999999994,0.3578246974144226,0.5761196082899742,0.06950833333333334,0.09456666666666667,uptrend,1,0,haussier,235,0,0,30,,,13.4,57.0,73.0,47.0,59.1,51.15,False,False,,0,,,,61,22161205,79698270,290641046.0,1045231453.065103,,27.8,,,
WLFIUSDT,WLFI,Etabli,42,0.0695,12614009.38519,3.886,45.268290958521575,0.0009021393634899809,0.08387600000000002,0.12353699999999998,0.9572482029723,0.5499587118084227,0.4236168455821635,0.8654315260550673,0.3347959890129337,0.06912777777777777,0.11384722222222221,macd_bullish_cross|downtrend,1,1,mixte,249,0,0,30,,,41.8,46.0,59.5,78.5,42.5,51.14,False,False,,0,,,,52,2216813800,6977580148,31770524349.0,100000000000.0,100000000000.0,31.8,,,
OGUSDT,OG,Speculative,,3.135,2337212.2015,2.854,57.54657880101837,-7.286466048557483e-05,2.8383799999999995,7.019615000000004,0.8545621695980975,0.5068870523415978,0.38390397481306576,0.5709624266120505,0.23431580756756137,2.5811111111111114,3.8856388888888893,doji_4h,0,0,neutre,365,0,0,30,,,17.0,66.0,53.5,68.0,50,51.02,False,False,,0,,,,58,,,,,,,,,
CTSIUSDT,CTSI,Speculative,699,0.03384,502379.05699,-0.089,52.91226024141733,-0.00016728500180433206,0.030992399999999996,0.034241650000000005,1.2990250408310497,0.30408115121490914,0.20193441849492802,0.5239986592592819,0.09221668166096894,0.022987222222222232,0.03796777777777779,,0,0,neutre,365,0,0,30,,,17.0,66.0,56.5,57.5,50,50.99,False,False,,0,,,,59,30916284,33877543,912589331.7900137,1000000000.0,1000000000.0,91.3,,,
SLPUSDT,SLP,Speculative,768,0.000748,353659.342371,-0.532,69.24051980765023,2.672313272419413e-06,0.0006421599999999998,0.0007863799999999998,0.4944490866036813,0.2756132756132757,0.0,0.24432422644369303,0.6288545766142151,0.0005477222222222222,0.0007168055555555556,rsi_bearish_divergence|doji_4h,0,1,baissier,365,0,0,30,,,17.0,48.0,88.0,47.0,29.2,50.84,False,False,,0,,,,50,27213345,27213345,36344843674.0,36344843674.0,,100.0,,,
APEUSDT,APE,Mid,218,0.1583,3415027.816522,-2.585,59.883028202725114,-0.00036946122034894543,0.11091200000000002,0.19499549999999985,2.2788713982172,0.38575667655786355,0.12375690607734809,0.5856338539364674,0.2572742767636539,0.08608888888888885,0.15965000000000001,macd_bearish_cross|uptrend|doji_4h,1,1,mixte,365,0,0,30,,,31.0,66.0,46.0,68.0,30.8,50.83,False,False,,0,,,,53,158619540,158619540,1000000000.0,1000000000.0,1000000000.0,100.0,,,
TOWNSUSDT,TOWNS,Speculative,,0.00364,496961.75269,-2.413,58.30182935087076,5.0807853288739515e-05,0.0034121999999999998,0.005820999999999996,0.7548898449860976,0.3237885462555066,0.19823788546255502,0.2841147856163723,0.3361889658696804,0.003149444444444444,0.004281111111111112,,0,0,neutre,276,0,0,30,,,14.6,57.0,73.0,47.0,50,50.82,False,False,,0,,,,59,,,,,,,,,
1000SATSUSDT,1000SATS,Speculative,,1.555e-05,1693163.52796207,1.105,60.41698041960944,2.3656406969492763e-08,1.2732399999999999e-05,1.5332849999999987e-05,1.591500112445138,0.2718918918918919,0.15729729729729716,0.6958255292818668,0.42304706687105054,1.0515555555555556e-05,1.558444444444445e-05,macd_bullish_cross|double_bottom_90d|downtrend,2,1,haussier,365,0,0,30,,,17.0,66.0,52.0,68.0,50.7,50.65,False,False,,0,,,,58,,,,,,,,,
TFUELUSDT,TFUEL,Mid,342,0.01147,333993.41507,-1.46,47.78985364888528,6.5529421139642625e-06,0.011611799999999997,0.016913649999999985,0.4054380893560419,0.33189389265885255,0.29117828500925347,0.3325250995148958,0.6149131817331667,0.011143611111111108,0.014865277777777778,macd_bullish_cross,1,0,haussier,365,0,0,30,,,31.0,37.0,83.5,47.0,59.5,50.57,False,False,,0,,,,57,84128407,84128407,7321813527.0,7321813527.0,,100.0,,,
HFTUSDT,HFT,Speculative,,0.0156,427979.39858,-0.637,59.457116716228676,5.473974567272744e-05,0.014043999999999994,0.025377999999999998,0.7174318546864651,0.38947368421052636,0.17894736842105266,0.3701695634819116,0.26055596284720556,0.012916666666666667,0.017858333333333337,macd_bullish_cross,1,0,haussier,365,0,0,30,,,17.0,57.0,67.0,47.0,59.5,50.32,False,False,,0,,,,60,,,,,,,,,
MMTUSDT,MMT,Speculative,738,0.1414,573754.99812,1.289,62.782797671902486,0.00032146237165350637,0.12472999999999997,,0.5641508003787655,0.27228749136143743,0.02004146510020723,0.2260448414751343,0.3669209629794708,0.11051388888888888,0.14359999999999998,macd_bullish_cross|double_top_90d,1,1,mixte,185,0,0,30,,,12.1,45.0,88.0,57.5,41.5,50.28,False,False,,0,,,,56,28885937,141531528,204095424.0,1000000000.0,1000000000.0,20.4,,,
BARUSDT,BAR,Speculative,,0.448,1850587.70246,3.464,41.571928137346035,0.0022192508434177236,0.5039400000000002,0.5561950000000003,0.4728401329504517,0.259581881533101,0.2177700348432055,1.2019320813283452,0.374303961241568,0.44680555555555557,0.5614722222222222,macd_bullish_cross|double_top_90d|downtrend,1,2,baissier,365,0,0,30,,,17.0,46.0,83.5,68.0,24.5,50.27,False,False,,0,,,,48,,,,,,,,,
FLUXUSDT,FLUX,Speculative,692,0.0763,1417357.18563,3.248,66.49311822752085,0.00045386457964991835,0.059684,0.09059599999999994,0.9114511022380095,0.4082156611039794,0.02053915275994853,0.46608138606364646,0.3844428662297005,0.05082500000000001,0.07363333333333333,rsi_bearish_divergence|macd_bullish_cross,1,1,mixte,365,0,0,30,,,17.0,48.0,77.5,68.0,38.7,50.26,False,False,,0,,,,51,31172441,31191943,408544946.4991484,408800530.4991484,440000000.0,99.9,,,
GTCUSDT,GTC,Speculative,,0.092,233165.5347,2.222,49.243065663696065,-0.0013909735151634104,0.08734,0.12257500000000007,1.212690107577354,0.3211009174311927,0.20689655172413798,0.8260181540270286,0.22157496962866946,0.07680555555555559,0.1093055555555556,,0,0,neutre,365,0,0,30,,,17.0,66.0,56.5,47.0,50,50.15,False,False,,0,,,,59,,,,,,,,,
AWEUSDT,AWE,Mid,282,0.05587,236058.57011,-1.115,53.52993691864321,-7.994716891582981e-05,0.0523198,0.05815100000000001,0.5261413617909205,0.5285771785067418,0.4375125779834977,0.35795338114939834,0.13194260525338022,0.0487988888888889,0.07950944444444442,macd_bearish_cross,0,1,baissier,352,0,0,30,,,30.6,57.0,64.0,47.0,21.7,50.11,False,False,,0,,,,51,108411451,108411451,1942420283.0270672,1942420283.0270672,2000000000.0,100.0,,,
QIUSDT,QI,Speculative,,0.00184,163812.27115,1.657,59.56358640261227,1.2005749641613505e-05,0.0015745999999999996,0.0028292,0.8890014469521134,0.408695652173913,0.2043478260869565,0.33611729886310754,0.5636359782716646,0.0014186111111111114,0.0021852777777777773,rsi_bearish_divergence|doji_4h,0,1,baissier,365,0,0,30,,,17.0,57.0,73.0,47.0,29.2,50.04,False,False,,0,,,,54,,,,,,,,,
PORTOUSDT,PORTO,Speculative,,0.841,1035290.49758,1.448,35.88972050775767,-0.004741565028738459,0.9559600000000004,1.0324000000000002,0.6236835394437994,0.33002481389578164,0.30521091811414397,1.6792892356284885,0.4792967901607797,0.8756944444444446,1.1284166666666668,downtrend,0,1,baissier,365,0,0,30,,,17.0,55.0,68.5,68.0,33.0,50.01,False,False,,0,,,,50,,,,,,,,,
XPLUSDT,XPL,Mid,167,0.101,12809372.36059,2.956,49.44198608946268,0.0004792449427490292,0.106094,0.15493949999999995,1.0288256660408786,0.3711852377572747,0.2824698367636622,0.5505279885664572,0.5242357774366025,0.08604722222222222,0.13016388888888886,macd_bullish_cross,1,0,haussier,225,0,0,30,,,27.2,46.0,62.5,78.5,59.5,49.82,False,False,,0,,,,56,254175149,1022846729,2505729166.6667,10083506944.4444,,24.8,,,
REQUSDT,REQ,Mid,480,0.071,132065.9203,0.567,48.41427829654382,-0.000664027681839492,0.07003400000000001,0.09200850000000002,1.463495636034091,0.3059177532597793,0.2868605817452357,0.4043656802392332,0.299397500912828,0.06284444444444443,0.08362777777777777,bear_flag|uptrend,1,1,mixte,365,0,0,30,,,31.0,57.0,56.5,47.0,46.6,49.72,False,False,,0,,,,55,53074034,71266566,744291192.2591633,999416740.9347086,1000000000.0,74.5,,,
FUSDT,F,Speculative,839,0.00576,433827.48469,0.0,59.508919731280415,1.1913303257848547e-05,0.005407799999999998,,0.40005664808230007,0.25418569254185697,0.1232876712328767,0.4309789224595343,0.5167207708211609,0.005091944444444444,0.0063927777777777785,macd_bullish_cross|doji_4h,1,0,haussier,195,0,0,30,,,12.3,45.0,83.5,47.0,59.5,49.41,False,False,,0,,,,59,23549794,57572969,4090425537.0,10000000000.0,10000000000.0,40.9,,,
MOVEUSDT,MOVE,Mid,414,0.0181,689746.66555,-2.162,49.57730944066539,6.101542371987861e-05,0.018308,0.0339675,0.5938052683905719,0.37174721189591087,0.32713754646840143,0.4926368268461155,0.5397233596451108,0.017333333333333343,0.024711111111111114,macd_bullish_cross|bear_flag,1,1,mixte,365,0,0,30,,,31.0,37.0,79.0,57.5,47.0,49.39,False,False,,0,,,,53,66603118,181335772,3672916667.0,10000000000.0,10000000000.0,36.7,,,
MITOUSDT,MITO,Speculative,944,0.05424,335695.516797,2.456,80.38065719197877,0.001128572992336957,0.03995459999999999,0.06146619999999995,0.5985437022643997,0.2512497283199305,0.0,0.3657167413659135,0.407806755261168,0.03579527777777778,0.04767388888888888,double_bottom_90d|uptrend,2,0,haussier,252,0,0,30,,,13.9,39.0,88.0,47.0,67.3,49.27,False,False,,0,,,,49,18640468,54248733,343611114.0,1000000000.0,1000000000.0,34.4,,,
BICOUSDT,BICO,Speculative,939,0.0261,389395.763469,2.353,54.49634609770501,-0.00020016384893796284,0.023849999999999996,0.03793250000000001,1.1226769552162195,0.308550185873606,0.12999999999999992,0.35014782120616555,0.5198763989953727,0.020122222222222222,0.026774999999999997,uptrend,1,0,haussier,365,0,0,30,,,17.0,57.0,62.5,47.0,59.1,49.07,False,False,,0,,,,59,18756904,26122016,718049656.9789356,1000000000.0,1000000000.0,71.8,,,
AIXBTUSDT,AIXBT,Speculative,653,0.0346,3549686.20509,2.367,65.93164382659177,0.0005159021898776595,0.026474,0.035142,1.2955572807031377,0.272108843537415,0.0,0.6468587409477142,0.4505745664977563,0.019786111111111115,0.03130555555555556,rsi_bearish_divergence|downtrend,0,2,baissier,365,0,0,30,,,17.0,57.0,67.0,68.0,12.2,49.02,False,False,,0,,,,46,34477554,34662708,994658423.1010208,1000000000.0,1000000000.0,99.5,,,
PROMUSDT,PROM,Speculative,597,2.116,1536841.47961,5.536,59.93749091945368,-0.04851231991512178,1.52966,4.759474999999999,1.7865541954986002,0.34986413043478265,0.12173913043478263,0.5545179197543593,0.1612277501916737,1.003638888888889,2.199638888888889,,0,0,neutre,365,0,0,30,,,17.0,66.0,46.0,68.0,50,48.98,False,False,,0,,,,57,38682693,40802292,18250000.0,19250000.0,19250000.0,94.8,,,
XVSUSDT,XVS,Speculative,537,2.67,538422.9066,-0.373,50.75548468347453,0.010814540544232878,2.6841999999999997,3.782900000000002,0.707907337111493,0.2711370262390671,0.22448979591836735,0.8298523678318651,0.4340513172443226,2.5780555555555558,3.1958333333333337,macd_bullish_cross,1,0,haussier,365,0,0,30,,,17.0,46.0,73.0,57.5,59.5,48.77,False,False,,0,,,,58,44853268,79307312,16822727.614427455,29745107.9212044,30000000.0,56.6,,,
FLOWUSDT,FLOW,Mid,416,0.04004,543177.2410226,-0.989,53.87577419596078,-0.00022660666959157302,0.034960200000000004,0.11271814999999993,0.8428169933466083,0.5625958883092973,0.3857011353175821,0.17086575424349978,0.2847634114544105,0.03025666666666667,0.049110555555555546,macd_bearish_cross|uptrend,1,1,mixte,365,0,0,30,,,31.0,57.0,53.5,57.5,30.8,48.74,False,False,,0,,,,51,66477548,66477548,1660378057.954041,1660378057.954041,,100.0,,,
PIVXUSDT,PIVX,Speculative,,0.0763,436618.2307,-5.1,51.11201792183827,0.0011185056534348935,0.08073000000000001,0.13524700000000006,0.8304535097761302,0.3421052631578947,0.22773279352226714,0.6736880294715499,0.552325652522065,0.07173333333333332,0.09557777777777776,macd_bullish_cross|morning_star_4h,2,0,haussier,365,0,0,30,,,17.0,46.0,73.0,47.0,72.0,48.72,False,False,,0,,,,61,,,,,,,,,
CHRUSDT,CHR,Speculative,805,0.02613,791838.21924,-4.705,62.55079146314588,0.00021954683665549113,0.019219799999999995,0.037780949999999994,1.2311752801404172,0.5211267605633804,0.07922535211267612,0.284250068844374,0.37738663694353985,0.01493888888888889,0.02692694444444444,uptrend,1,0,haussier,365,0,0,30,,,17.0,57.0,58.0,57.5,59.1,48.69,False,False,,0,,,,59,25494741,25494741,974831915.3782,974831915.3782,978064789.0,100.0,,,
DCRUSDT,DCR,Mid,135,20.32,1027671.50139,-1.503,51.48941058146072,0.24284890049938146,20.823,22.373800000000003,0.6142504384575821,0.4693341121495327,0.4071261682242991,0.3897413994024844,0.4009872391655298,19.35,29.85750000000001,macd_bullish_cross|double_bottom_90d,2,0,haussier,365,0,0,30,,,31.0,37.0,68.5,68.0,67.7,48.68,False,False,,0,,,,56,353689156,353704582,17405334.33845729,17406093.45435867,21000000.0,100.0,,,
MBOXUSDT,MBOX,Speculative,,0.0122,906349.07274,0.826,45.424158338235166,1.7483460378582474e-05,0.013356000000000003,0.026691500000000007,0.9959805724556531,0.4838709677419355,0.4423963133640553,1.3122046442409152,0.15217151812378724,0.01186111111111111,0.020913888888888885,support_bounce,1,0,haussier,365,0,0,30,,,17.0,55.0,62.5,57.5,51.2,48.68,False,False,,0,,,,57,,,,,,,,,
AEVOUSDT,AEVO,Speculative,761,0.03,480701.057394,0.0,67.07231021160322,0.00024318648125847833,0.024974000000000007,0.036327000000000005,0.7386723685409551,0.30363036303630364,0.009900990099009955,0.292740549969226,0.40541838848239875,0.02247500000000001,0.028719444444444447,rsi_bearish_divergence|uptrend,1,1,mixte,365,0,0,30,,,17.0,48.0,77.5,47.0,38.3,48.55,False,False,,0,,,,51,27477747,29962801,917062051.5235553,1000000000.0,1000000000.0,91.7,,,
DOGSUSDT,DOGS,Speculative,530,8.85e-05,58961616.8080545,58.602,89.42627957141413,4.960731224342589e-06,3.2200000000000003e-05,3.88985e-05,2.433753046853532,0.29378531073446323,0.0,40.53714011398524,0.2827445348571405,2.6094444444444438e-05,3.9855555555555556e-05,breakout_30d|macd_bullish_cross,2,0,haussier,365,0,0,30,,,17.0,57.0,50.5,78.5,60.8,48.43,False,False,,8,🔥 Trending #3 sur CoinGecko|⚡ Volume ×40.5 vs médiane,3,40.54,61,45571872,48504169,516750000000.0,550000000000.0,550000000000.0,94.0,,,
PIXELUSDT,PIXEL,Speculative,,0.00835,2509432.925765,1.458,57.369611268216985,3.4530737735042865e-05,0.0078694,0.009237500000000003,1.0883847954189398,0.5665976535541752,0.4202898550724638,0.8543540001883813,0.1961869990549772,0.005047222222222223,0.010475555555555556,,0,0,neutre,365,0,0,30,,,17.0,66.0,43.0,68.0,50,48.16,False,False,,0,,,,57,,,,,,,,,
YBUSDT,YB,Speculative,858,0.1211,490915.95033,1.936,51.19831164792702,0.000128802254262445,0.11703199999999998,0.2906915000000001,0.9920322064033312,0.47553191489361707,0.35691489361702133,0.4058754131535611,0.17047061158579876,0.10935833333333334,0.1779,macd_bullish_cross,1,0,haussier,205,0,0,30,,,12.6,57.0,62.5,47.0,59.5,48.14,False,False,,0,,,,59,22457554,88614766,185602474.4068282,732364702.7686493,1000000000.0,25.3,,,
ZROUSDT,ZRO,Mid,127,1.484,7062218.4747,1.021,42.223509501335116,0.01280874607772546,1.7978999999999996,1.6572000000000002,0.7733602661176909,0.4085603112840467,0.3566796368352789,0.27153722932512486,0.442891812164353,1.4497777777777776,2.159305555555555,macd_bullish_cross|double_bottom_90d|downtrend,2,1,haussier,365,0,0,30,,,31.0,36.0,68.5,78.5,50.7,48.08,False,False,,0,,,,49,375269210,1487206246,252331652.6536562,1000000000.0,1000000000.0,25.2,,,
METUSDT,MET,Mid,322,0.1673,718605.22719,-1.414,57.56169845660522,0.0005497266428969626,0.14788600000000002,,1.069159262412358,0.44705882352941173,0.2697167755991286,0.21706242219284483,0.46240122694166813,0.13316666666666666,0.21545,macd_bullish_cross|uptrend|doji_4h,2,0,haussier,176,0,0,30,,,25.8,45.0,62.5,57.5,68.7,48.06,False,False,,0,,,,58,91544817,167263915,546067547.227878,997734213.895133,1000000000.0,54.7,,,
FOGOUSDT,FOGO,Mid,381,0.0197,1602394.91142,-1.055,55.97370740613568,0.0001973859139470831,0.018514799999999994,,0.6323953636856183,0.4517092598738799,0.34550282110852965,0.31780819603618987,0.21506803477112124,0.017190555555555556,0.026386666666666676,macd_bullish_cross,1,0,haussier,113,0,0,30,,,24.1,45.0,62.5,68.0,59.5,47.94,False,False,,0,,,,56,75172462,196723137,3818282215.62647,9992282219.836813,,38.2,,,
DGBUSDT,DGB,Mid,402,0.00382,230551.433796,-1.546,39.20172187237109,-1.222704132633213e-05,0.004190199999999999,0.005450299999999998,0.46727694807391423,0.2479508196721311,0.21721311475409832,0.4475842603752139,0.6179241271639527,0.003800555555555556,0.004700555555555556,double_top_90d|support_bounce|downtrend,1,2,baissier,365,0,0,30,,,31.0,28.0,95.5,47.0,16.2,47.82,False,False,,0,,,,43,69874698,69884975,18272510853.72244,18275198124.51843,21000000000.0,100.0,,,
HUMAUSDT,HUMA,Speculative,664,0.01928,1676410.12871,-12.403,45.002971252311205,-0.0005120440123328766,0.018463200000000006,0.021842750000000008,1.3118332877632373,0.3833253473885961,0.32174218475588334,0.48631838843452607,0.15449433418883138,0.012438611111111114,0.022993611111111107,uptrend,1,0,haussier,347,0,0,30,,,16.5,57.0,52.0,68.0,59.1,47.79,False,False,,0,,,,58,33488852,193204913,1733333333.0,10000000000.0,10000000000.0,17.3,,,
PONDUSDT,POND,Speculative,968,0.00215,192828.80155,-1.376,42.05995812513234,-2.8887280636115325e-05,0.0022734,0.0034877999999999992,0.7024114994178315,0.24264705882352938,0.20588235294117652,0.7121181582538606,0.5529153176811482,0.002133888888888889,0.0026236111111111117,support_bounce,1,0,haussier,365,0,0,30,,,17.0,37.0,85.0,47.0,51.2,47.39,False,False,,0,,,,52,17658454,21528414,8202394162.0,10000000000.0,10000000000.0,82.0,,,
SSVUSDT,SSV,Speculative,555,2.875,443337.330624,-1.977,57.13223284216602,-0.004242153131175153,2.5052000000000003,3.4718349999999982,1.068147480926507,0.3949483352468427,0.17479908151549942,0.3041185146366239,0.609966579874679,2.210027777777778,3.1910555555555558,macd_bearish_cross|uptrend,1,1,mixte,365,0,0,30,,,17.0,57.0,62.5,47.0,30.8,47.29,False,False,,0,,,,52,42197538,42197538,14699173.1,14699173.1,,100.0,,,
CETUSUSDT,CETUS,Speculative,798,0.02752,397791.019252,-4.676,55.962578216283326,-0.0002673758515333072,0.0234986,0.025944449999999997,1.1886695449142834,0.323373676248109,0.10215404699738906,0.40003675507840836,0.44371915411048135,0.015719999999999998,0.028673055555555556,macd_bearish_cross|uptrend,1,1,mixte,365,0,0,30,,,17.0,57.0,62.5,47.0,30.8,47.29,False,False,,0,,,,52,25722823,27506777,935144927.0,1000000000.0,1000000000.0,93.5,,,
BANKUSDT,BANK,Speculative,,0.036,371317.59348,6.509,53.53753238149217,0.00017217703710032707,0.03626000000000001,,0.8205963050054415,0.49464285714285716,0.35535714285714287,0.5921047524782669,0.0816747639844756,0.031088888888888874,0.04354722222222224,macd_bullish_cross|doji_4h,1,0,haussier,176,0,0,30,,,11.8,54.0,62.5,47.0,59.5,46.86,False,False,,0,,,,58,,,,,,,,,
GIGGLEUSDT,GIGGLE,Speculative,620,36.23,10046783.95709,-1.682,54.430749415712214,0.04625965417404898,30.413000000000007,,2.2205785558601296,0.4041054538136446,0.26786073656671355,0.7058574303985982,0.4725823547084032,23.672222222222224,38.14000000000001,macd_bullish_cross,1,0,haussier,195,0,0,30,,,12.3,54.0,52.0,78.5,59.5,46.64,False,False,,0,,,,57,36249533,36249533,1000000.0,1000000.0,1000000.0,100.0,,,
SXTUSDT,SXT,Speculative,635,0.0137,3281987.544434,-9.75,29.25337245366731,-0.0003248634639773286,0.0163966,0.027049649999999995,0.6511025372204854,0.4256302521008404,0.4256302521008404,4.181254587341793,0.310904933930969,0.015463888888888885,0.022811111111111112,breakdown_30d|double_top_90d|uptrend,1,2,baissier,365,0,0,30,,,17.0,46.0,68.5,68.0,28.6,46.44,False,False,,2,⚡ Volume ×4.2 vs médiane,,4.18,60,35565158,68425757,2598813644.2665,5000000000.0,5000000000.0,52.0,,,
RAREUSDT,RARE,Speculative,,0.0175,403064.95985,-1.13,54.710843683895376,-4.613632973150979e-05,0.015935999999999995,0.021885500000000002,2.0300624037090076,0.32682926829268294,0.2635983263598326,0.478619113060059,0.3594625489622292,0.014430555555555554,0.020166666666666673,uptrend|doji_4h,1,0,haussier,365,0,0,30,,,17.0,57.0,52.0,47.0,59.1,46.21,False,False,,0,,,,58,,,,,,,,,
LUMIAUSDT,LUMIA,Speculative,,0.1151,1523161.642651,-10.982,45.29895647493945,-0.006241866832624739,0.10136600000000001,0.10592000000000004,1.6843620801760117,0.39227104287983067,0.39227104287983067,0.7428294658699407,0.22207455690638372,0.06025277777777779,0.14510555555555552,macd_bearish_cross,0,1,baissier,365,0,0,30,,,17.0,66.0,41.5,68.0,21.7,45.96,False,False,,0,,,,50,,,,,,,,,
IDUSDT,ID,Speculative,,0.0326,829335.5097,-1.511,51.875276087293976,0.0003538161891508331,0.033324,0.06054850000000002,0.6352506958646941,0.45683453237410065,0.4136690647482015,0.9372736465685831,0.6167958530170006,0.03075277777777779,0.050472222222222224,downtrend,0,1,baissier,365,0,0,30,,,17.0,46.0,68.5,57.5,33.0,45.88,False,False,,0,,,,51,,,,,,,,,
TNSRUSDT,TNSR,Speculative,,0.041,1010934.20342,-0.726,53.375628679821695,0.00020696426912775837,0.03976600000000001,0.062674,1.5566915274320263,0.3634751773049645,0.2712765957446809,0.4000539864801025,0.18425440841431354,0.03744999999999999,0.053158333333333335,,0,0,neutre,365,0,0,30,,,17.0,57.0,46.0,68.0,50,45.68,False,False,,0,,,,54,,,,,,,,,
EULUSDT,EUL,Speculative,659,1.398,836252.97215,0.648,54.45552591622598,-0.01668737296747229,1.1300000000000001,2.66947,1.7226424633613835,0.37670068027210885,0.15389257694628855,0.17265858843420526,0.5159886188497363,0.8172222222222224,1.452138888888889,,0,0,neutre,207,0,0,30,,,12.7,57.0,52.0,57.5,50,45.53,False,False,,0,,,,55,33930201,38197066,24146317.188470602,27182818.28459,27182818.0,88.8,,,
GLMRUSDT,GLMR,Speculative,949,0.0168,534088.65811,-1.754,57.413526947271556,-0.00018585739963984356,0.013244000000000002,0.021096999999999998,1.793324666703544,0.3061224489795918,0.12041884816753927,0.2537701805997706,0.38823386649410263,0.010622222222222224,0.017572222222222225,macd_bearish_cross|bull_flag,1,1,mixte,365,0,0,30,,,17.0,57.0,52.0,57.5,34.2,45.48,False,False,,0,,,,52,18451148,20719456,1095364592.0,1230024198.0,,89.1,,,
AMPUSDT,AMP,Mid,372,0.000889,341442.913991,-0.67,43.58090553861416,8.252792389164607e-06,0.0009706000000000001,0.00171471,0.4499278515374374,0.48567946374162096,0.4576477757464961,0.30196668019552214,0.5194482975559706,0.0008732500000000002,0.0015618333333333337,,0,0,neutre,365,0,0,30,,,31.0,28.0,79.0,47.0,50,45.45,False,False,,0,,,,48,77299473,88824919,86781022996.56946,99720178909.70996,100000000000.0,87.0,,,
KITEUSDT,KITE,Mid,134,0.1567,2946756.26945,1.621,54.18355066060456,0.002401513806701324,0.15887,,0.9092296886963189,0.5760399334442595,0.4782029950083195,0.12426182594297216,0.16489325116224468,0.13507222222222223,0.2699972222222223,doji_4h,0,0,neutre,186,0,0,30,,,26.1,45.0,53.5,68.0,50,45.33,False,False,,0,,,,52,357480858,1572550064,2273255814.0,10000000000.0,10000000000.0,22.7,,,
ALLOUSDT,ALLO,Speculative,806,0.1108,1242697.27369,-3.4,47.33163911641395,-0.000726357749287731,0.111404,,0.9832153559530139,0.29582712369597625,0.1765578635014837,0.2984417581012421,0.24903833973601824,0.08476666666666667,0.12950555555555554,macd_bearish_cross|uptrend|bullish_engulfing_4h,2,1,haussier,178,0,0,30,,,11.9,45.0,67.0,68.0,38.3,45.15,False,False,,0,,,,51,25484646,87201165,229950679.8039067,786825416.5091197,1000000000.0,29.2,,,
XVGUSDT,XVG,Mid,442,0.003735,1122929.716793,-3.238,49.4136363253798,0.00010163795849352664,0.004145000000000002,0.005688025000000003,1.0757952805611644,0.5314984709480123,0.42920489296636083,0.5593805769244133,0.38518206466411314,0.0034218055555555555,0.006074805555555557,macd_bullish_cross|downtrend,1,1,mixte,365,0,0,30,,,31.0,46.0,49.0,68.0,42.5,45.07,False,False,,0,,,,50,61688445,61811840,16521951235.74134,16555000000.0,,99.8,,,
COWUSDT,COW,Mid,301,0.18,410523.69346,0.223,39.57866018518568,-1.8489777218282794e-05,0.20032,0.20694299999999988,0.5922447127358971,0.2927710843373494,0.2767068273092369,0.2721898062206421,0.4799620934295788,0.1798555555555555,0.2413472222222222,macd_bearish_cross,0,1,baissier,365,0,0,30,,,31.0,28.0,83.5,47.0,21.7,44.89,False,False,,0,,,,42,100384920,180158182,557204334.2252302,1000000000.0,1000000000.0,55.7,,,
AUDIOUSDT,AUDIO,Speculative,733,0.0205,915986.825474,-1.442,52.89123153934993,-0.00011517090584165949,0.019057199999999996,0.026809250000000007,1.7610415399681252,0.2512539899680803,0.19195900670082772,0.49057871310517953,0.27079017801765265,0.01696777777777778,0.023198888888888894,doji_4h,0,0,neutre,365,0,0,30,,,17.0,57.0,46.0,57.5,50,44.84,False,False,,0,,,,54,29056978,29056978,1417793218.0,1417793218.006706,,100.0,,,
TRUMPUSDT,TRUMP,Mid,102,2.356,10408951.506151,-2.805,33.694720216948994,-0.006339528614724865,2.83138,4.576424999999999,0.5992134236728642,0.4288537549407115,0.4177371541501976,0.4355878518528895,0.4142721512791456,2.520027777777778,3.6708055555555563,,0,0,neutre,365,0,0,30,,,31.0,19.0,79.0,78.5,50,44.68,False,False,,0,,,,45,548345766,2358488511,232498807.465716,1000000000.0,1000000000.0,23.2,,,
ZAMAUSDT,ZAMA,Mid,440,0.02816,2603272.48878,-6.878,52.581698304635005,-7.685587292711928e-05,0.0258182,,1.4013143651381066,0.39045698924731187,0.15980918306499703,0.20724838934828493,0.12159035183575598,0.019534166666666672,0.030094444444444448,downtrend,0,1,baissier,95,0,0,30,,,23.6,45.0,56.5,68.0,33.0,44.53,False,False,,0,,,,48,62026853,310134265,2200000000.0,11000000000.0,,20.0,,,
SENTUSDT,SENT,Mid,259,0.01729,493888.33967,2.429,49.51742818323284,-4.805024275169939e-05,0.0174724,,0.92734331608413,0.4712722298221614,0.4076607387140903,0.14600007248065575,0.20965399609250174,0.016031944444444446,0.025686944444444446,macd_bearish_cross|uptrend,1,1,mixte,106,0,0,30,,,23.9,45.0,62.5,47.0,30.8,44.41,False,False,,0,,,,49,125312320,594883767,7237882055.0,34359738368.0,34359738368.0,21.1,,,
GPSUSDT,GPS,Speculative,641,0.00801,1307320.929611,-2.555,48.983587155673945,9.012514635089617e-06,0.008077399999999998,0.007607749999999999,1.1375743120539077,0.5336963921034718,0.45405037440435675,0.6504370624842587,0.10839020418925832,0.0075091666666666675,0.012390555555555556,macd_bullish_cross,1,0,haussier,365,0,0,30,,,17.0,54.0,43.0,68.0,59.5,44.37,False,False,,0,,,,55,35341144,80155007,4409100001.78,10000000000.0,10000000000.0,44.1,,,
MLNUSDT,MLN,Speculative,,3.12,126231.86026,-0.319,50.736771373579664,0.014986094690310585,3.173399999999999,4.4848,0.6972774913930163,0.2849740932642487,0.19170984455958545,0.3366343679564039,0.5316991482059001,3.0086111111111107,3.804444444444444,,0,0,neutre,365,0,0,30,,,17.0,37.0,73.0,47.0,50,44.04,False,False,,0,,,,53,,,,,,,,,
NFPUSDT,NFP,Speculative,,0.01321,945064.40762,1.381,44.34983406448793,-0.00030795403268080325,0.014511200000000004,0.022831599999999997,1.7350574848359983,0.32540540540540536,0.2859459459459459,2.6525073791825613,0.36026624461369966,0.013177777777777776,0.017807777777777777,macd_bearish_cross,0,1,baissier,365,0,0,30,,,17.0,55.0,52.0,57.5,21.7,43.96,False,False,,0,,,,49,,,,,,,,,
DOLOUSDT,DOLO,Speculative,,0.03257,442757.883221,-2.075,49.10004996184926,-3.543703044638042e-05,0.03288799999999999,0.04413434999999999,0.8512377216557867,0.27600387034349305,0.21141751330430586,0.360460397469136,0.33968381277205384,0.031036944444444443,0.038766388888888885,double_bottom_90d,1,0,haussier,254,0,0,30,,,14.0,37.0,73.0,47.0,58.2,43.89,False,False,,0,,,,55,,,,,,,,,
COSUSDT,COS,Speculative,,0.001179,499083.4509415,1.901,47.773834413133926,6.2368868254253566e-06,0.0012870600000000002,0.0013672,0.34824647201564934,0.5142610198789974,0.49222126188418325,0.696561459205961,0.026653031244530945,0.0009842777777777777,0.0016786944444444445,downtrend,0,1,baissier,365,0,0,30,,,17.0,46.0,64.0,47.0,33.0,43.81,False,False,,0,,,,50,,,,,,,,,
SOLVUSDT,SOLV,Speculative,,0.00436,814878.4199,-1.134,51.67667822007338,4.3617433829709786e-06,0.004030399999999999,0.010078150000000001,1.5626606374052,0.4679715302491103,0.2224199288256228,0.37341566932779563,0.0762610362280548,0.003373333333333334,0.005268333333333334,downtrend,0,1,baissier,365,0,0,30,,,17.0,57.0,46.0,57.5,33.0,43.77,False,False,,0,,,,50,,,,,,,,,
ATUSDT,AT,Speculative,605,0.1646,465935.64132,-0.484,48.89177081533259,-0.0009837430017545657,0.15746000000000002,,1.0088586468256129,0.2304199772985244,0.15613764766307142,0.3231334970780668,0.22126253273542987,0.14017777777777776,0.17236388888888887,macd_bearish_cross|double_bottom_90d|doji_4h,1,1,mixte,162,0,0,30,,,11.4,45.0,68.5,47.0,29.9,43.25,False,False,,0,,,,50,37791152,164309355,230000000.0,1000000000.0,1000000000.0,23.0,,,
BREVUSDT,BREV,Speculative,688,0.1261,450456.74214,2.687,54.19549263502851,-0.0001024548674405793,0.120882,,0.8435158896834383,0.41324575807334424,0.3070607553366175,0.30850341975544937,0.285083548194086,0.11247777777777775,0.15318611111111113,uptrend,1,0,haussier,122,0,0,30,,,10.3,45.0,62.5,47.0,59.1,43.23,False,False,,0,,,,56,31673096,126692385,250000000.0,1000000000.0,1000000000.0,25.0,,,
CFGUSDT,CFG,Mid,210,0.2823,11837239.73242,17.137,70.1171149941472,0.003968815090576547,0.19465599999999994,,1.339871400554406,0.2913978494623656,0.0,0.41291638365686406,,0.13766666666666663,0.26275238095238096,macd_bullish_cross|shooting_star_4h,1,1,mixte,53,0,0,30,,,22.5,36.0,57.0,78.5,47.0,42.85,False,False,,0,🔥 Trending #13 sur CoinGecko,13,,46,163540329,192681696,577156141.0,680000000.0,,84.9,,,
PHBUSDT,PHB,Speculative,,0.112,462934.9753,-0.885,50.81601815855394,-0.00014535029812182614,0.10556000000000001,0.22915,1.6520276937967184,0.49710982658959535,0.35838150289017334,0.3125369032101069,0.13379914322029343,0.09402777777777777,0.16719444444444448,doji_4h,0,0,neutre,365,0,0,30,,,17.0,57.0,41.5,47.0,50,42.78,False,False,,0,,,,54,,,,,,,,,
HEMIUSDT,HEMI,Speculative,,0.00779,795338.531597,-2.503,50.48971129551329,-4.862281601165634e-05,0.007402200000000002,0.016234050000000003,1.1883548662298495,0.5533279871692061,0.37449879711307144,0.29266570084810967,0.28014020377549315,0.006540555555555558,0.010696944444444446,double_top_90d|uptrend|doji_4h,1,1,mixte,227,0,0,30,,,13.2,57.0,43.0,57.5,41.1,42.64,False,False,,0,,,,52,,,,,,,,,
PHAUSDT,PHA,Speculative,727,0.0348,739324.0594,-1.695,54.01280723885173,0.0004035484308892006,0.035364,0.039037,1.0449477420144513,0.3822314049586777,0.2789256198347107,0.24407624702350744,0.39429315915038976,0.024391666666666666,0.04172222222222222,macd_bullish_cross|doji_4h,1,0,haussier,365,0,0,30,,,17.0,37.0,62.5,57.5,59.5,42.62,False,False,,0,,,,53,29270917,34925845,838087581.8088076,1000000000.0,1000000000.0,83.8,,,
NIGHTUSDT,NIGHT,Mid,107,0.03151,1798496.42872,-4.515,36.346579600928905,9.015096713868315e-05,0.03946400000000001,,0.6852089296565435,0.4234546504910456,0.3934142114384748,0.008290616435729049,,0.0325595652173913,0.05082434782608697,macd_bullish_cross|bearish_engulfing_4h,1,1,mixte,58,0,0,30,,,22.6,36.0,58.5,68.0,47.0,42.44,False,False,,0,,,,46,523270855,756199102,16607399400.63495,24000000000.0,24000000000.0,69.2,,,
THEUSDT,THE,Speculative,,0.1049,689711.31151,0.962,48.298393345305136,0.001944404672096273,0.10838200000000002,0.19066350000000004,0.6141986721803024,0.6676086188625927,0.6283998587071706,0.5015095601924078,0.27078264734094304,0.09864166666666666,0.2845083333333333,uptrend|doji_4h,1,0,haussier,365,0,0,30,,,17.0,46.0,49.0,57.5,59.1,42.21,False,False,,0,,,,54,,,,,,,,,
GUNUSDT,GUN,Speculative,715,0.0162,3399288.51937,8.652,51.42218020891185,0.00012097125398915826,0.016877399999999994,0.018819700000000005,1.9333146503588303,0.5548838689150493,0.4842507158765511,1.4140795004043103,0.04539930786737975,0.014650555555555552,0.029146944444444448,macd_bullish_cross,1,0,haussier,365,0,0,30,,,17.0,55.0,32.5,68.0,59.5,41.88,False,False,,0,,,,54,29825183,161561035,1846062852.0,10000000000.0,10000000000.0,18.5,,,
ZKPUSDT,ZKP,Speculative,975,0.0867,745883.14697,0.697,55.75403308053977,0.00022536725950497846,0.07560800000000001,,1.2081035837390572,0.4640258690379952,0.2999191592562652,0.2433765430930444,0.20025014691618986,0.06920555555555556,0.09837777777777776,,0,0,neutre,121,0,0,30,,,10.3,45.0,56.5,57.5,50,41.85,False,False,,0,,,,53,17454016,86548841,201666667.0,1000000000.0,1000000000.0,20.2,,,
币安人生USDT,币安人生,Mid,131,0.3624,8654838.34449,-3.205,55.885502306867146,-0.012293473050178486,0.218766,,2.898786986890223,0.6386925795053005,0.24380079183163159,0.12085319202303511,0.0887809434697167,0.048666666666666664,0.40036666666666654,,0,0,neutre,121,0,0,30,,,24.3,45.0,37.0,78.5,50,41.29,False,False,,0,,,,49,363740268,363740268,1000000000.0,1000000000.0,1000000000.0,100.0,,,
BERAUSDT,BERA,Mid,302,0.386,2210092.321043,-0.258,46.35817470527927,0.004139580852113998,0.42133999999999994,0.7683999999999996,0.6053451427198818,0.6135629709364909,0.5834230355220668,0.4606446177257622,0.165194516048785,0.37969444444444445,0.694138888888889,support_bounce|downtrend,1,1,mixte,365,0,0,30,,,31.0,37.0,49.0,68.0,34.3,41.26,False,False,,0,,,,45,100336861,208132151,259621936.8829679,538542583.0060378,,48.2,,,
C98USDT,C98,Speculative,869,0.0221,388483.18618,0.913,53.23183874224759,0.000267929152133002,0.023191999999999994,0.026379500000000014,0.7085779351877936,0.4104938271604938,0.31790123456790115,0.48416431102523055,0.23138689261584397,0.020408333333333334,0.03059444444444444,support_bounce,1,0,haussier,365,0,0,30,,,17.0,37.0,62.5,47.0,51.2,41.26,False,False,,0,,,,51,22105864,22105889,999998884.0,1000000000.0,1000000000.0,100.0,,,
ONGUSDT,ONG,Speculative,679,0.06856,493982.63954,-2.308,38.78800244487087,-0.0009099079583602438,0.07502560000000003,0.08239935,0.9457649404796094,0.3337869362363919,0.3337869362363919,0.9351230425055929,0.23470118811300628,0.05923027777777777,0.08898999999999999,,0,0,neutre,365,0,0,30,,,17.0,37.0,62.5,47.0,50,41.18,False,False,,0,,,,48,32353952,55138004,469425076.0,800000000.0,1000000000.0,58.7,,,
MANTRAUSDT,MANTRA,Mid,491,0.01021,1039863.49067,-1.827,41.017430144142565,9.866571752592491e-05,0.0110154,,0.5187455040276003,0.591098169717138,0.5752911813643926,0.19539434665554042,,0.010118076923076924,0.017935,downtrend,0,1,baissier,65,0,0,30,,,22.8,36.0,55.5,68.0,33.0,40.79,False,False,,0,,,,43,51007206,73157637,4993325245.618008,7161730777.640677,10000000000.0,69.7,,,
PARTIUSDT,PARTI,Speculative,,0.0514,3403146.84308,-0.58,52.995789708162825,0.0027244898104713186,0.06237,0.0846915,2.2945057667513433,0.6457765667574932,0.5340599455040872,1.1652325713570981,0.14951988273626676,0.04119722222222221,0.10602222222222221,,0,0,neutre,365,0,0,30,,,17.0,55.0,28.0,68.0,50,40.05,False,False,,0,,,,51,,,,,,,,,
EDUUSDT,EDU,Speculative,636,0.0469,1410796.1838,0.0,45.26429816091185,0.0006225595418681202,0.05371400000000001,0.12293950000000001,2.3839705426388718,0.7052631578947367,0.6701754385964912,1.1547117852408875,0.25434356151246446,0.044997222222222216,0.13039722222222222,,0,0,neutre,365,0,0,30,,,17.0,55.0,28.0,68.0,50,40.05,False,False,,0,,,,51,35565602,46957962,757392361.0,1000000000.0,,75.7,,,
SYSUSDT,SYS,Speculative,,0.00923,134921.22324,-1.599,42.6171236442665,2.5782776545418156e-06,0.010278399999999997,0.0169433,1.1203073853112961,0.40456431535269716,0.3651452282157676,0.7062644566134526,0.4133296497250094,0.009354722222222223,0.013256388888888894,macd_bullish_cross|double_bottom_90d|downtrend,2,1,haussier,365,0,0,30,,,17.0,37.0,58.0,47.0,50.7,40.0,False,False,,0,,,,48,,,,,,,,,
DYMUSDT,DYM,Speculative,,0.0202,1289952.4412,-1.942,51.89941864066902,0.0005355246985030513,0.021700000000000004,0.05690650000000001,1.0759523669424436,0.6852886405959032,0.6238361266294228,0.8511459917546763,0.2918826098138796,0.017947222222222222,0.04487499999999999,doji_4h,0,0,neutre,365,0,0,30,,,17.0,46.0,38.5,68.0,50,39.62,False,False,,0,,,,50,,,,,,,,,
FFUSDT,FF,Mid,228,0.06436,2719683.290863,0.751,41.25750176038902,-0.0002607863638392875,0.07150079999999999,0.09384205,1.7958778582481887,0.4353809697411593,0.4129602624863289,0.7062763067690109,0.19683419003943567,0.06591416666666666,0.0855888888888889,,0,0,neutre,221,0,0,30,,,27.1,37.0,41.5,68.0,50,39.35,False,False,,0,,,,45,150988024,645247967,2340000000.0,10000000000.0,10000000000.0,23.4,,,
HOMEUSDT,HOME,Mid,495,0.01362,1295329.56052,-0.22,27.095059827002743,-2.9303228406030472e-05,0.0180068,0.023098450000000013,0.7593149356881083,0.5545605306799336,0.547927031509121,0.7728889402247537,0.4630831552342239,0.01516,0.029158333333333335,downtrend,0,1,baissier,330,0,0,30,,,30.0,28.0,55.0,68.0,33.0,39.31,False,False,,0,,,,46,50469605,136271341,3703611111.35,10000000000.0,10000000000.0,37.0,,,
ESPUSDT,ESP,Speculative,609,0.07099,553926.8949,0.695,47.443436163945194,0.0007516376205987992,0.07732539999999999,,0.8625899330457384,0.6274085179632406,0.6053639846743295,0.06340275560195929,,0.06397411764705883,0.1278829411764706,uptrend,1,0,haussier,85,0,0,30,,,9.3,45.0,45.0,57.5,59.1,39.08,False,False,,0,,,,53,37008900,255233793,520550000.0,3590000000.0,,14.5,,,
GNSUSDT,GNS,Speculative,,0.557,161104.82409,0.723,34.4594668357409,-0.004338944986564994,0.69098,1.0244650000000002,0.8492675915104748,0.44629014396456257,0.3831672203765227,0.8216835468223791,0.5015064797076803,0.6141111111111113,0.8653055555555557,downtrend,0,1,baissier,365,0,0,30,,,17.0,28.0,68.5,47.0,33.0,38.45,False,False,,0,,,,42,,,,,,,,,
SAGAUSDT,SAGA,Speculative,,0.01876,902446.311338,0.428,39.257116660741225,0.0005260774200522688,0.024333199999999996,0.05211380000000006,1.034460366961928,0.5245810055865922,0.47513966480446923,0.8177052587635445,0.4008213001697426,0.017814999999999994,0.034513888888888886,,0,0,neutre,365,0,0,30,,,17.0,37.0,49.0,57.5,50,38.35,False,False,,0,,,,46,,,,,,,,,
ENSOUSDT,ENSO,Speculative,937,0.914,1163722.81164,-3.28,48.02421401724236,0.008509936536777504,0.9553199999999997,1.046825,0.9762849248461919,0.7071161048689139,0.6573033707865168,0.3045766059471857,0.07607714876479583,0.850611111111111,1.689861111111111,,0,0,neutre,206,0,0,30,,,12.6,37.0,49.0,68.0,50,38.23,False,False,,0,,,,49,18811805,91363794,20590000.0,100000000.0,127339703.0,20.6,,,
STOUSDT,STO,Speculative,925,0.0862,2130449.72388,-0.92,42.756394198878624,0.00094092074711437,0.11852,0.106828,0.8200621180138392,0.8116491854496765,0.807632224949788,0.4354137187209613,0.030566743002883423,0.05539999999999999,0.20718333333333336,,0,0,neutre,365,0,0,30,,,17.0,36.0,43.0,68.0,50,37.19,False,False,,0,,,,45,19428477,86221051,225333333.0,1000000000.0,1000000000.0,22.5,,,
NOMUSDT,NOM,Speculative,,0.00266,2540053.54077,7.258,44.2804403856038,3.842074504337411e-05,0.0035039999999999997,0.007848600000000002,1.9706303920487425,0.7082683307332293,0.6799516908212561,1.3299851948420647,0.17938720641094016,0.002413611111111111,0.0066480555555555555,,0,0,neutre,219,0,0,30,,,13.0,46.0,28.0,68.0,50,35.88,False,False,,0,,,,45,,,,,,,,,
KERNELUSDT,KERNEL,Speculative,954,0.064,412221.95152,-0.312,39.55544120385998,0.0006462557570919396,0.08150400000000003,0.08453000000000001,1.1373634979432865,0.4920502092050209,0.46527196652719666,0.19476666708761772,0.2040707595594694,0.06135555555555556,0.10456944444444445,macd_bullish_cross,1,0,haussier,365,0,0,30,,,17.0,28.0,52.0,47.0,59.5,35.63,False,False,,0,,,,46,18293646,63894982,286308020.0,1000000000.0,1000000000.0,28.6,,,
RESOLVUSDT,RESOLV,Speculative,,0.0321,958975.92377,2.885,46.28095597212078,0.0010163632142917095,0.03745999999999999,0.07085149999999998,0.8659524155094679,0.7685881370091896,0.7318295739348372,0.37682783828098143,-0.025483116794545624,0.030183333333333322,0.08426666666666666,downtrend,0,1,baissier,331,0,0,30,,,16.1,37.0,43.0,57.5,33.0,35.44,False,False,,0,,,,44,,,,,,,,,
OPNUSDT,OPN,Speculative,784,0.1856,887920.15219,-0.322,50.63155236433496,0.0030926602475802867,0.18990600000000002,,1.6785175570312787,0.5834013605442177,0.4965986394557823,0.03220129138127177,,0.15904,0.33270800000000006,uptrend,1,0,haussier,64,0,0,30,,,8.8,45.0,28.5,57.5,59.1,34.46,False,False,,0,,,,50,26279126,185019863,142034080.26,1000000000.0,1000000000.0,14.2,,,
BARDUSDT,BARD,Mid,338,0.2709,987396.15315,-3.112,32.65350471251132,0.006576643905416069,0.34282,0.6928435000000002,0.6635152726180442,0.8402990346126679,0.8402990346126679,0.276462188053494,0.39056794347502805,0.2866472222222222,1.1432694444444447,rsi_bullish_divergence,1,0,haussier,232,0,0,30,,,27.4,19.0,49.0,57.5,51.2,34.11,False,False,,0,,,,41,84616338,271043324,312187500.0,1000000000.0,1000000000.0,31.2,,,
ROBOUSDT,ROBO,Speculative,510,0.02159,1804687.34129,6.617,53.279254555336664,0.0003191320560148942,0.020687,,1.5006132275533286,0.631578947368421,0.507940108892922,0.08469851124318376,,0.017700384615384614,0.041559615384615375,uptrend,1,0,haussier,65,0,0,30,,,8.8,45.0,24.0,68.0,59.1,34.08,False,False,,0,,,,50,48408709,216982111,2231000000.0,10000000000.0,10000000000.0,22.3,,,
KATUSDT,KAT,Speculative,877,0.00918,2465194.79803,-4.375,45.52741188049449,-0.00034753881219077665,0.010417000000000001,,3.2125327265042496,0.6286868686868687,0.6286868686868687,0.14113196654237709,,0.008142,0.015339999999999998,,0,0,neutre,51,0,0,30,,,8.4,45.0,24.0,68.0,50,33.42,False,False,,0,,,,47,21520309,91888595,2342000000.0,10000000000.0,10000000000.0,23.4,,,
LAUSDT,LA,Speculative,770,0.1407,274612.31954,-1.263,34.26173630978538,-0.0006437230374360045,0.17192000000000007,0.28033199999999986,0.7200736735015639,0.5398526456798393,0.5284661754855994,0.2629148267365512,0.10456879905742443,0.15086666666666668,0.2565166666666666,double_top_90d,0,1,baissier,303,0,0,30,,,15.3,19.0,49.0,47.0,32.0,29.42,False,False,,0,,,,36,27160122,140726019,193000000.0,1000000000.0,,19.3,,,
SIGNUSDT,SIGN,Speculative,708,0.01576,828797.37787,-1.807,25.973022246320568,0.0006315024966020771,0.027980399999999996,0.03469900000000001,1.4691025791719656,0.7260201377848436,0.7217806041335453,0.3123837141938653,0.013738465194882957,0.016532222222222222,0.04933138888888889,downtrend|doji_4h,0,1,baissier,365,0,0,30,,,17.0,19.0,38.5,57.5,33.0,27.83,False,False,,0,,,,41,30391957,157471281,1930000000.0,10000000000.0,10000000000.0,19.3,,,
XUSDUSDT,XUSD,Mid,425,1.0001,10748502.4883,-0.02,55.283537352870376,4.580139159559672e-05,0.9999600000000001,1.000276500000001,0.004196802684832831,0.0016983016983016224,0.0008991008991008002,1.4648294575546987,0.014367285895490267,0.999577777777778,1.001125,support_bounce|resistance_test|doji_4h,1,1,mixte,365,0,0,30,,,31.0,75.0,94.0,78.5,47.8,69.1,False,True,,0,,,,67,63907903,63907903,63913176.001,63913176.001,,100.0,,,
TUSDUSDT,TUSD,Mid,110,0.999,908670.3425,0.04,49.105590953518,-0.0001307672495514653,0.9991039999999997,0.9983974999999999,0.012525750076526572,0.003394907638542256,0.0024962556165751947,3.7830856015067913,0.1443648936755482,0.9981944444444449,1.0009694444444444,support_bounce|resistance_test|doji_4h,1,1,mixte,365,0,0,30,,,31.0,72.0,94.0,57.5,47.8,66.33,False,True,,2,⚡ Volume ×3.8 vs médiane,,3.78,73,493863595,493863595,494515083.0,494515083.0,,100.0,,,
BFUSDUSDT,BFUSD,Etabli,62,0.9995,2234826.9309,0.0,52.63290800535329,7.1673535499472e-06,0.9993900000000002,0.9995340000000019,0.0018783219576377107,0.001199880011998779,0.000599940005999334,0.17099462973605142,-0.2706379686039787,0.9990444444444441,0.999744444444445,macd_bullish_cross|resistance_test|doji_4h,1,1,mixte,268,0,0,30,,,42.3,57.0,94.0,68.0,56.0,64.69,False,True,,0,,,,64,1318939668,1318939668,1320000000.0,1320000000.0,,100.0,,,
USDCUSDT,USDC,Etabli,6,0.99997,2140123721.51273,-0.002,54.10178457186845,2.8430552690791707e-05,0.9999412000000001,1.0001893000000002,0.0024995502995293338,0.0012990906365543799,0.0007294893574496826,0.3177004260152243,-0.13608709130364527,0.9995199999999996,1.000566666666666,resistance_test|downtrend,0,2,baissier,365,0,0,30,,,45.0,57.0,94.0,78.5,29.5,64.44,False,True,,0,,,,57,78250560496,78251854005,78288015257.17366,78289309385.33514,,100.0,,,
USDEUSDT,USDE,Etabli,29,0.9996,5174556.6523,0.03,51.752884507963905,3.0022768361124744e-05,0.9995740000000002,0.999529,0.004396710149081595,0.0010997800439911916,0.000699860027994324,0.7983167991896535,0.10716311715482166,0.9989611111111105,1.0000472222222223,support_bounce|resistance_test|doji_4h,1,1,mixte,241,0,0,30,,,41.6,54.0,94.0,78.5,47.8,63.75,False,True,,0,,,,61,3963999988,3963999988,3966781064.665665,3966781064.665665,,100.0,,,
FDUSDUSDT,FDUSD,Mid,120,0.9991,42885156.9816,-0.02,51.42075089891779,9.000928270479684e-05,0.999208,0.9989135000000005,0.004060667418132481,0.0025981812731087598,0.001598880783451519,0.8158733318582728,0.38613114903270684,0.9986888888888886,1.006008333333333,,0,0,neutre,365,0,0,30,,,31.0,54.0,100.0,78.5,50,63.2,False,True,,0,,,,62,404466508,404466508,404742557.482183,404742557.482183,,100.0,,,
UUSDT,U,Etabli,70,1.0,12257003.8143,0.0,52.30979156866879,1.683013747079672e-05,0.999992,,0.0028153213451341526,0.001199160587588556,0.0006995103427599909,0.26870732344066,-0.12765591224657302,0.9995361111111111,1.0008222222222214,support_bounce|resistance_test|doji_4h,1,1,mixte,115,0,0,30,,,38.2,45.0,94.0,78.5,47.8,59.7,False,True,,0,,,,58,1027683500,1027683500,1027858682.01,1027858682.01,,100.0,,,
RLUSDUSDT,RLUSD,Etabli,55,1.0002,30422560.9003,0.0,55.266743699954034,3.0865142195495027e-05,1.0000580000000001,,0.0026989498678226505,0.0009994003597840195,0.0003997601439136078,0.1950741789661163,-0.06918374236929956,0.9995916666666671,1.000655555555555,support_bounce|resistance_test,1,1,mixte,106,0,0,30,,,37.9,45.0,94.0,78.5,47.8,59.64,False,True,,0,,,,58,1562583778,1562583778,1562641320.407379,1562641320.407379,,100.0,,,
USDPUSDT,USDP,Speculative,577,0.9999,33119.8538,0.03,54.05136422392692,2.4914074792982567e-05,0.9999059999999994,1.000053999999999,0.004220341768727768,0.001598880783451519,0.0006995103427599909,0.23549957149556133,0.11142914389254437,0.9994333333333336,1.0005388888888882,support_bounce|resistance_test,1,1,mixte,365,0,0,30,,,17.0,57.0,94.0,47.0,47.8,56.93,False,True,,0,,,,62,40552308,40552308,40569459.93027243,40569459.93027243,,100.0,,,
USD1USDT,USD1,Etabli,24,0.9997,134766282.5661,-0.01,46.789133196925874,-2.8444252275262367e-05,0.9997579999999999,0.9998284999999996,0.0052281169672422885,0.002197802197802067,0.0012987012987011558,0.29510221309224,-0.05428889152377999,0.9984527777777775,1.0003833333333327,macd_bearish_cross|resistance_test|uptrend|doji_4h,1,2,baissier,351,0,0,30,,,44.6,37.0,94.0,78.5,27.3,56.9,False,True,,0,,,,51,4510035184,4510035184,4512703396.007073,4512703396.007073,,100.0,,,
FRAXUSDT,FRAX,Mid,163,0.4823,154917.21424,-0.186,54.99654207927979,0.0019156973232774266,0.44792999999999994,,0.7315742770303677,0.48116823047442847,0.36447733580018504,0.08521941094069868,0.2617882005581274,0.41281111111111113,0.6867722222222222,uptrend,1,0,haussier,113,0,0,30,,,24.1,45.0,62.5,47.0,59.1,46.24,False,True,,0,,,,56,274031568,274031568,275935184.0102677,275935184.0102677,,100.0,,,
