symbol,base,tier,rank_mcap,price,vol_24h_usd,change_24h_pct,rsi_14,macd_hist,ma_50,ma_200,vol_30d_ann,drawdown_90d,dist_to_high_90d,vol_ratio_vs_med90,corr_btc_90d,support_90d,resistance_90d,patterns,bull_signals,bear_signals,bias,age_days,n_red_flags,audit_score,team_score,github_commits_30d,github_contrib_90d,score_solidity,score_momentum,score_risk,score_antiscam,score_signal,score,suspect,stablecoin,categories,catalyst_score,catalyst_flags,trending_rank,vol_spike_ratio,bull_prob_7d,exit_risk,exit_label,exit_reasons,market_cap,fdv,circulating_supply,total_supply,max_supply,circ_ratio_pct,tvl,tvl_fmt,tvl_change_7d
ZECUSDT,ZEC,Etabli,14,525.46,79066511.67721,4.905,62.80427093519989,11.865365161721005,474.8836,381.10869999999994,0.9308237172740849,0.46200671081153305,0.22023933248210933,0.18954449969364223,0.42873278972105144,335.39861111111105,611.8483333333332,,0,0,neutre,365,0,0,30,,,45.0,73.0,73.0,78.5,50,64.81,False,False,,0,,,,64,2,,Volume ×0.2 (épuisement),8823682058,8824500687,16791065.7905448,16792623.6030448,21000000.0,100.0,,,
TRXUSDT,TRX,Etabli,8,0.3301,16133961.97865,0.243,54.32696900904627,0.0012741825526286625,0.3305960000000001,0.31357850000000004,0.18593186513569052,0.16054313099041526,0.12113951011714587,0.10668394807451821,0.46749051371468076,0.31861944444444446,0.35937222222222226,,0,0,neutre,365,0,0,30,,,45.0,45.0,95.5,78.5,50,62.8,False,False,,0,,,,59,2,,Volume ×0.1 (épuisement),31302636986,31303664529,94861477669.2655,94864591600.58159,,100.0,,,
DEXEUSDT,DEXE,Etabli,42,42.058,16627340.53589,16.077,83.46296037784293,1.6578118458325326,21.262180000000004,10.205425000000002,2.024793053401841,0.35214070816940524,0.0,0.9837452957648957,0.15352786071149446,11.248638888888886,26.742694444444446,,0,0,neutre,365,0,0,30,,,45.0,64.0,50.5,78.5,50,62.38,False,False,,0,🔥 Trending #10 sur CoinGecko,10,,46,6,⚠️ Surveiller,RSI 83 (surachat extrême)|Près du plus haut 90j (résistance),1987581845,4102877435,46750309.420346804,96504599.33609451,,48.4,,,
BCHUSDT,BCH,Etabli,22,244.9,5286746.2913,-0.285,59.813056643707704,5.717283202082303,235.278,433.86799999999994,0.5701902970448611,0.5911531028559157,0.47433970367189177,0.2283735992010916,0.7223125491272446,196.375,456.2972222222222,,0,0,neutre,365,0,0,30,,,45.0,57.0,62.0,78.5,50,62.23,False,False,,0,,,,57,2,,Volume ×0.2 (épuisement),4906999835,4907002128,20060318.64665078,20060328.02165078,21000000.0,100.0,,,
ARBUSDT,ARB,Etabli,93,0.0963,16121089.07288,5.941,69.54173454880599,0.002844721048067653,0.086514,0.12083799999999996,0.6549384761201227,0.49132546842470504,0.3317140874392783,1.1970051441374692,0.6040976341949813,0.07640277777777778,0.133975,evening_star_4h,0,1,baissier,365,0,0,30,,,45.0,66.0,68.5,78.5,23.2,62.09,False,False,,0,,,,51,2,,Étoile du soir 4h,610643565,959702687,6362841042.0,10000000000.0,10000000000.0,63.6,2802662975,$2.8B,0.95
AAVEUSDT,AAVE,Etabli,52,98.45,23654247.24074,2.063,66.25919060278929,0.7844978464702357,79.7584,108.99459999999998,0.8463759999524852,0.47202494370344705,0.14715052832149658,0.2776425191477095,0.5309585733890434,67.49194444444446,101.36722222222221,uptrend,1,0,haussier,365,0,0,30,,,45.0,48.0,73.0,78.5,50,61.81,False,False,,1,🔥 Trending #7 sur CoinGecko,7,,55,2,,Volume ×0.3 (épuisement),1489762441,1570246208,15179911.874935383,16000000.0,16000000.0,94.9,13147709567,$13.1B,2.75
SOLUSDT,SOL,Etabli,7,76.7,114617710.0661,-1.855,50.94544996828246,-0.11953262916948004,74.43620000000001,91.79135000000008,0.5279679195399098,0.361199548115436,0.21218034302146463,0.2135007937223997,0.8022287794436086,67.06722222222221,90.49027777777775,macd_bearish_cross|bull_flag|uptrend,2,1,haussier,365,0,0,30,,,45.0,57.0,75.5,78.5,26.3,61.62,False,False,,0,🔥 Trending #12 sur CoinGecko,12,,53,5,⚠️ Surveiller,Volume ×0.2 (épuisement)|MACD cross baissier,44622775883,48297860546,582155978.462985,630101729.6154355,,92.4,,,
ETHUSDT,ETH,Etabli,2,1805.22,335151334.735564,0.22,58.14716570787132,20.646843130771558,1762.9378,2222.910600000001,0.43560339587590324,0.3518644067796611,0.2537329474989665,0.1806828774068934,0.8802098554235536,1613.9461111111111,2360.5180555555553,rsi_bearish_divergence|double_bottom_90d,1,1,mixte,365,0,0,30,,,45.0,57.0,75.5,78.5,16.2,61.01,False,False,,0,,,,51,4,⚠️ Surveiller,Volume ×0.2 (épuisement)|Divergence RSI baissière,217524881720,217524881720,120683028.1852343,120683028.1852343,,100.0,,,
UNIUSDT,UNI,Etabli,39,3.66,20935372.25201,3.712,75.15078564772834,0.06655284667037822,2.9760400000000016,3.7327049999999984,0.8252189276773411,0.40010015022533807,0.08362543815723587,0.37519656580761707,0.5255466488918514,2.614416666666666,3.670472222222222,,0,0,neutre,365,0,0,30,,,45.0,39.0,77.5,78.5,50,61.0,False,False,,0,,,,43,4,⚠️ Surveiller,RSI 75 (surachat)|Volume ×0.4 (épuisement),2273616734,3270007562,620971561.5538775,893106420.0329479,1000000000.0,69.5,1474756335,$1.5B,1.37
LINKUSDT,LINK,Etabli,20,8.021,7778947.9206,0.212,54.09373653551745,0.07178075746453491,8.060080000000001,9.55501,0.396143212693098,0.3282649253731344,0.25186567164179113,0.13492075443618856,0.8059281791785553,7.448277777777777,10.078527777777776,double_bottom_90d,1,0,haussier,365,0,0,30,,,45.0,37.0,75.5,78.5,50,60.64,False,False,,0,,,,53,2,,Volume ×0.1 (épuisement),5996497760,8015636942,748099970.424884,1000000000.0,1000000000.0,74.8,,,
AVAXUSDT,AVAX,Etabli,34,6.395,12251540.45231,-4.751,41.12262951966186,0.022978244103443457,7.1188400000000005,9.445385000000002,0.6095907832644768,0.42365591397849467,0.3747800586510264,0.5811887935217154,0.6679911841137622,6.310472222222223,9.759305555555557,,0,0,neutre,365,0,0,30,,,45.0,37.0,68.5,78.5,50,60.22,False,False,,0,,,,49,2,,Volume ×0.6 (épuisement),2761757539,2964323670,431771961.1772119,463441061.1772119,720000000.0,93.2,133959661,$134M,0.41
ENAUSDT,ENA,Etabli,80,0.0817,11587986.519484,-0.487,50.62147299309829,0.0009508954573542137,0.08518400000000001,0.12072300000000004,0.8214481924573308,0.4599092284417549,0.3819969742813919,0.21465709365361293,0.23840344700878288,0.07645555555555554,0.12119444444444448,double_bottom_90d|support_bounce,2,0,haussier,365,0,0,30,,,45.0,37.0,62.5,78.5,50,59.86,False,False,,0,,,,51,2,,Volume ×0.2 (épuisement),778578961,1221499922,9560937500.0,15000000000.0,15000000000.0,63.7,3936977797,$3.9B,-11.3
ADAUSDT,ADA,Etabli,18,0.1644,18487367.87547,-1.968,45.78208474167076,0.0014902459684330927,0.17914200000000008,0.2619125,0.7349429782059274,0.4907932011331444,0.4178470254957507,0.31556467831629004,0.7196124573606917,0.15268055555555554,0.2651972222222222,,0,0,neutre,365,0,0,30,,,45.0,37.0,60.5,78.5,50,59.74,False,False,,0,,,,51,2,,Volume ×0.3 (épuisement),6122687340,7392594463,37269855891.6933,45000000000.0,45000000000.0,82.8,,,
BNBUSDT,BNB,Etabli,4,573.68,38301895.35194,-0.909,47.11577717408974,2.9458412063789723,599.5624,673.98755,0.2996232399904819,0.2396137685393884,0.20181150346439597,0.2530773106647633,0.7342988219295769,562.2408333333333,671.738611111111,downtrend,0,1,baissier,365,0,0,30,,,45.0,37.0,87.5,78.5,21.9,59.68,False,False,,0,,,,48,2,,Volume ×0.3 (épuisement),77246187884,77246187884,134782084.92,134782084.92,200000000.0,100.0,136744643974,$136.7B,0.27
SKYUSDT,SKY,Etabli,54,0.06165,2048943.5842,1.348,59.649853453929246,0.000995985967432591,0.05873619999999998,0.06758019999999999,0.7241336472847927,0.44937416182387124,0.3100134108180599,1.0880186351595238,0.47557022651235326,0.05352305555555556,0.08292527777777778,,0,0,neutre,299,0,0,30,,,43.2,75.0,68.5,68.0,50,59.65,False,False,,0,,,,63,0,,,1438642528,1447027211,23326712620.88422,23462665147.36596,23462665147.3,99.4,5988516083,$6.0B,2.54
MORPHOUSDT,MORPHO,Etabli,59,1.995,3210169.75145,-3.67,51.00274391647739,0.015519138786807489,1.9485600000000003,1.6859300000000004,0.7855224994247652,0.2668151447661471,0.11505997334517988,0.48588807446633864,0.4546638861373813,1.7244444444444436,2.199277777777778,double_bottom_90d|uptrend,2,0,haussier,283,0,0,30,,,42.8,73.0,73.0,68.0,50,59.54,False,False,,0,,,,64,2,,Volume ×0.5 (épuisement),1303086009,1992750148,653913392.3797917,1000000000.0,1000000000.0,65.4,7157663567,$7.2B,2.47
JSTUSDT,JST,Etabli,73,0.10183,4703176.805985,-0.02,76.1153539745699,0.001393206619313525,0.08712299999999999,0.06532515000000001,0.400584537450706,0.2377463626044783,0.006342082154356501,0.29595778074062273,0.04354655884707045,0.0738425,0.09576916666666668,uptrend,1,0,haussier,365,0,0,30,,,45.0,55.0,94.0,68.0,50,59.37,False,False,,0,,,,51,6,⚠️ Surveiller,RSI 76 (surachat)|Volume ×0.3 (épuisement)|Près du plus haut 90j (résistance),868200071,868200071,8543764567.312736,8543764567.312736,9900000000.0,100.0,3279299652,$3.3B,6.82
TAOUSDT,TAO,Etabli,41,209.7,9746323.0703,-1.457,44.01403223578979,1.0499919503849569,227.4739999999999,241.77500000000003,0.8930108291917794,0.39600873090115374,0.34580604926722786,0.22169776050332904,0.6496623318334219,204.22222222222223,299.93611111111096,,0,0,neutre,365,0,0,30,,,45.0,28.0,68.5,78.5,50,59.14,False,False,,0,,,,46,2,,Volume ×0.2 (épuisement),2012867547,4404298840,9597491.0,21000000.0,21000000.0,45.7,,,
WLDUSDT,WLD,Etabli,53,0.4081,25082519.33991,4.081,44.97829498208688,-0.0040633941625565495,0.45867800000000003,0.3930160000000001,1.217023059882925,0.4645237742556659,0.395200711005777,0.2328052251834525,0.11876512435436799,0.24407222222222222,0.5784305555555554,,0,0,neutre,365,0,0,30,,,45.0,36.0,52.0,78.5,50,59.11,False,False,,0,,,,46,3,,Volume ×0.2 (épuisement),1442949460,4088305559,3529456003.470898,10000000000.0,10000000000.0,35.3,,,
LTCUSDT,LTC,Etabli,27,44.6,8121003.49741,-1.021,51.352176674367485,0.3052172740778759,45.288800000000016,56.43744999999999,0.3775565642579903,0.32285288763859005,0.26179050140658616,0.17331907699609345,0.7170371758403435,42.20305555555555,57.375,downtrend,0,1,baissier,365,0,0,30,,,45.0,37.0,75.5,78.5,21.9,58.96,False,False,,0,,,,46,2,,Volume ×0.2 (épuisement),3447421449,3447554556,77375735.08521602,77378722.59276587,84000000.0,100.0,,,
SYNUSDT,SYN,Mid,339,0.32276,5587886.197542,5.761,51.6039895601575,-0.02561453628966201,0.19183820000000001,0.08837305,3.6670541846229168,0.5267558528428093,0.4250532292405962,0.9819385518187141,0.0034953993707280934,0.039011111111111114,0.4175675,,0,0,neutre,365,0,0,30,,,31.0,82.0,32.5,78.5,50,58.87,False,False,,0,,,,60,1,,,71117422,81159617,219066529.0,250000000.0,250000000.0,87.6,11641356,$12M,0.89
BTCUSDT,BTC,Etabli,1,63984.71,867605414.5470734,-0.428,52.86170690045351,553.9914930655855,64946.09799999999,73911.45905000003,0.30378012971657226,0.2868913747427779,0.22169254934340776,0.4359334028840452,0.9999999999999999,60697.68166666668,80054.21583333332,downtrend,0,1,baissier,365,0,0,30,,,45.0,37.0,69.5,78.5,21.9,58.6,False,False,,0,,,,45,2,,Volume ×0.4 (épuisement),1281684082795,1281686255663,20055181.0,20055215.0,21000000.0,100.0,,,
PEPEUSDT,PEPE,Etabli,62,2.72e-06,12972435.49709327,-2.158,50.45984478374365,4.4559291640799144e-08,2.8493999999999998e-06,3.825800000000006e-06,0.7008370384227506,0.47165532879818595,0.38548752834467126,0.22100394374680063,0.6880185934687816,2.5052777777777784e-06,4.128888888888888e-06,downtrend|doji_4h,0,1,baissier,365,0,0,30,,,45.0,37.0,68.5,78.5,21.9,58.54,False,False,,0,,,,45,2,,Volume ×0.2 (épuisement),1141552660,1141552660,420690000000000.0,420690000000000.0,420690000000000.0,100.0,,,
HBARUSDT,HBAR,Etabli,31,0.06785,8762361.64444,-2.724,35.30827824311196,-8.765439285696392e-05,0.07921979999999999,0.09321264999999997,0.45909039601958945,0.3159963713335349,0.3159963713335349,0.41349674362275374,0.5965701870191426,0.07161138888888888,0.09453,rsi_bullish_divergence|macd_bearish_cross,1,1,mixte,365,0,0,30,,,45.0,28.0,79.0,78.5,29.5,58.54,False,False,,0,,,,43,5,⚠️ Surveiller,Volume ×0.4 (épuisement)|MACD cross baissier,2964616994,3385046112,43789905598.00665,50000000000.0,50000000000.0,87.6,,,
XLMUSDT,XLM,Etabli,17,0.1862,9173915.9801,-1.845,45.744681913172826,-0.0008658252239842202,0.19826,0.18158999999999992,0.7577225388950627,0.33435936898807245,0.2835706040784918,0.3026887775175777,0.24078568710073353,0.15082222222222222,0.22663055555555556,macd_bearish_cross|downtrend,0,2,baissier,365,0,0,30,,,45.0,45.0,67.0,78.5,0,58.09,False,False,,0,,,,42,5,⚠️ Surveiller,Volume ×0.3 (épuisement)|MACD cross baissier,6350700467,9299890798,34145172016.41626,50001786839.91257,,68.3,,,
XRPUSDT,XRP,Etabli,6,1.0938,47495744.40718,-1.317,44.262443197395264,0.0054048725050285205,1.1605,1.4515125000000004,0.41107201334993965,0.2996902774037167,0.26360086183678977,0.21536692658552967,0.8398214414666156,1.0731166666666665,1.4490249999999998,downtrend,0,1,baissier,365,0,0,30,,,45.0,28.0,75.5,78.5,21.9,57.88,False,False,,0,🔥 Trending #11 sur CoinGecko,11,,41,2,,Volume ×0.2 (épuisement),68300014665,109322921128,62466503703.0,99985639695.0,100000000000.0,62.5,,,
SUIUSDT,SUI,Etabli,30,0.7403,14629824.27474,-0.804,49.465691886865784,0.006773797144497579,0.7751720000000002,1.0385790000000006,0.49541393584789684,0.48863039399624764,0.44435272045028146,0.19686063608216398,0.6250701381521943,0.6967194444444444,1.1195666666666666,double_bottom_90d|downtrend|shooting_star_4h,1,2,baissier,365,0,0,30,,,45.0,37.0,79.0,78.5,0,57.85,False,False,,0,,,,42,4,⚠️ Surveiller,Volume ×0.2 (épuisement)|Étoile filante 4h,3001416945,7406637464,4052334085.342099,10000000000.0,10000000000.0,40.5,,,
DOGEUSDT,DOGE,Etabli,11,0.07303,23228014.88598,-1.617,35.41583786062053,0.0004371653037125987,0.08408620000000001,0.1010627,0.3709024078162653,0.3757145331716611,0.3674865754373809,0.19104619581907983,0.7309938456240771,0.07407027777777778,0.11079638888888892,downtrend,0,1,baissier,365,0,0,30,,,45.0,28.0,71.0,78.5,21.9,57.61,False,False,,0,,,,40,2,,Volume ×0.2 (épuisement),11316947112,11317037626,155035986383.7052,155037226383.7052,,100.0,,,
POLUSDT,POL,Etabli,74,0.07935,2569015.535448,-1.048,58.573354631656365,0.0011992512387835705,0.07933899999999999,0.09812355000000002,0.4041494495768191,0.3442105263157895,0.24066985645933006,0.24788435303320697,0.544272187111312,0.07241472222222226,0.09827166666666666,downtrend,0,1,baissier,365,0,0,30,,,45.0,57.0,83.5,68.0,21.9,57.3,False,False,,0,,,,54,2,,Volume ×0.2 (épuisement),846916361,846916361,10676966609.8076,10676966609.8076,,100.0,2896892828,$2.9B,3.36
HOTUSDT,HOT,Mid,356,0.00036,2625844.640152,4.046,60.55614729339676,5.301811814459315e-06,0.00032963999999999986,0.0004083049999999999,0.9397651707895327,0.3632385120350109,0.20131291028446394,2.156134907757138,0.5298856888642903,0.00029977777777777777,0.0004476944444444445,bullish_engulfing_4h,1,0,haussier,365,0,0,30,,,31.0,84.0,73.0,68.0,50,57.0,False,False,,0,,,,71,0,,,65712248,65712248,177619433541.1413,177619433541.1413,,100.0,,,
KAITOUSDT,KAITO,Mid,191,0.6715,2843788.37206,5.383,63.51249743393207,0.004391477104159214,0.5125579999999998,0.44684349999999995,1.1025809188009146,0.21361058601134222,0.0043071439180157635,0.5211648912784366,0.2298341713976645,0.4174083333333332,0.6128666666666667,uptrend,1,0,haussier,365,0,0,30,,,31.0,82.0,73.0,68.0,50,56.76,False,False,,0,,,,66,4,⚠️ Surveiller,Volume ×0.5 (épuisement)|Près du plus haut 90j (résistance),161614420,669518887,241388889.0,1000000000.0,1000000000.0,24.1,,,
NEARUSDT,NEAR,Etabli,38,1.885,12422427.8823,-0.265,44.92080221727908,-0.0006492590891253452,2.1266599999999998,1.5657300000000003,0.7283046304363205,0.3674121405750799,0.33049343272985454,0.12378290521462948,0.2669450806466763,1.3382499999999997,2.4715833333333337,macd_bearish_cross|downtrend,0,2,baissier,365,0,0,30,,,45.0,36.0,62.5,78.5,0,56.74,False,False,,0,,,,36,5,⚠️ Surveiller,Volume ×0.1 (épuisement)|MACD cross baissier,2445994270,2445994287,1300632694.0,1300632703.0,,100.0,,,
TUSDT,T,Mid,386,0.00535,11533964.49647,55.072,79.67700402254722,0.00020593989690743746,0.003949999999999999,0.0063324,1.325534695420164,0.5067873303167421,0.19457013574660625,15.288867081541719,0.39965607224714556,0.0034297222222222216,0.006320000000000001,breakout_30d|downtrend,1,1,mixte,365,0,0,30,,,31.0,66.0,53.5,78.5,21.9,56.52,False,False,,3,⚡ Volume ×15.3 vs médiane,,15.29,49,2,,RSI 80 (surachat),59535384,59535384,11155000000.0,11155000000.0,,100.0,329012169,$329M,1.87
FILUSDT,FIL,Etabli,92,0.785,3398806.49845,-1.134,50.71853342545331,0.0061965789214960265,0.8129799999999997,0.997195,0.4314737031777245,0.4428904428904429,0.3885003885003884,0.30105552742741565,0.45953828161365157,0.7356666666666665,1.0738333333333334,bullish_engulfing_4h,1,0,haussier,365,0,0,30,,,45.0,37.0,79.0,68.0,50,56.31,False,False,,0,,,,54,2,,Volume ×0.3 (épuisement),627226439,1539661691,797447652.0,1957506133.0,,40.7,,,
ICPUSDT,ICP,Etabli,60,2.254,4222012.68312,-1.184,48.36007421802764,0.021900503300173096,2.3869,2.635459999999999,0.5396610560464049,0.42004971002485497,0.3777961888980944,0.24651946168142988,0.2850188578465134,2.1697777777777776,3.083444444444444,,0,0,neutre,365,0,0,30,,,45.0,37.0,73.0,68.0,50,55.95,False,False,,0,,,,53,2,,Volume ×0.2 (épuisement),1246793339,1246793339,554406765.1350749,554406765.1350749,,100.0,,,
ONDOUSDT,ONDO,Etabli,49,0.3271,4225012.25758,-0.728,47.611864508781245,0.001646325836928397,0.34887800000000013,0.3171845,0.4346134123458161,0.3172459597077706,0.27606818684967893,0.11035642147309097,0.3061375257367433,0.2614555555555555,0.4179,downtrend|bullish_engulfing_4h,1,1,mixte,365,0,0,30,,,45.0,45.0,83.5,68.0,21.9,55.86,False,False,,0,,,,50,2,,Volume ×0.1 (épuisement),1590963698,3267314983,4869330647.0,10000000000.0,10000000000.0,48.7,2562272013,$2.6B,-0.11
1MBABYDOGEUSDT,1MBABYDOGE,Speculative,,0.000317,5730986.7761825,2.889,51.98889373179483,4.50104246256765e-06,0.00033367200000000014,0.0004347629999999998,0.5056619681226981,0.40267335004177107,0.3366750208855471,2.0983647831585963,0.6689251288713725,0.00029693611111111107,0.0004487777777777777,squeeze_breakout,1,0,haussier,365,0,0,30,,,17.0,64.0,79.0,78.5,61.6,55.6,False,False,,0,,,,69,0,,,,,,,,,,,
ETCUSDT,ETC,Etabli,63,6.86,1288072.838,-3.38,39.509494054495924,0.007011712107979434,7.3838,8.975750000000003,0.36343164039799136,0.31963927855711427,0.312625250501002,0.35215487849769095,0.667003588761776,6.899166666666667,9.313611111111111,rsi_bullish_divergence|doji_4h,1,0,haussier,365,0,0,30,,,45.0,28.0,79.0,68.0,53.2,55.43,False,False,,0,,,,49,2,,Volume ×0.4 (épuisement),1073722898,1073722898,156559601.6228963,156559601.6228963,210700000.0,100.0,,,
VANRYUSDT,VANRY,Speculative,971,0.006718,8265879.315287,13.461,64.47740915563323,0.0002690049404447555,0.004144099999999999,0.005671920000000001,2.215831364839092,0.5363522406769038,0.10054893560048199,13.55646326200391,0.31425716959885547,0.0031535000000000005,0.006370805555555556,,0,0,neutre,365,0,0,30,,,17.0,84.0,43.0,78.5,50,55.14,False,False,,3,⚡ Volume ×13.6 vs médiane,,13.56,71,0,,,14320480,15834598,2150220599.0,2377565576.0,2400000000.0,90.4,,,
ANKRUSDT,ANKR,Speculative,552,0.00369,6715070.352245,2.5,49.62796591096175,4.6941067965158576e-05,0.0038902000000000003,0.004933699999999999,0.5268639888956579,0.3837638376383764,0.3191881918819188,6.440504237391922,0.6619684780210693,0.0035155555555555548,0.0052072222222222225,,0,0,neutre,365,0,0,30,,,17.0,64.0,79.0,78.5,50,54.9,False,False,,3,⚡ Volume ×6.4 vs médiane,,6.44,70,0,,,36786149,36786149,10000000000.0,10000000000.0,10000000000.0,100.0,19436048,$19M,0.43
HOLOUSDT,HOLO,Mid,424,0.0722,1921849.99086,-1.769,55.60894826537804,0.0004875799826804082,0.06771200000000001,0.06582049999999996,0.8912257197262531,0.3699421965317919,0.16647398843930633,0.35453977818230675,0.29938319222239723,0.059263888888888866,0.07784166666666666,uptrend,1,0,haussier,305,0,0,30,,,29.4,73.0,67.0,68.0,50,54.78,False,False,,0,,,,63,2,,Volume ×0.4 (épuisement),52498923,148035270,726298493.999999,2048000000.0,2048000000.0,35.5,,,
SHIBUSDT,SHIB,Etabli,36,4.3e-06,1636951.76827397,-1.826,38.23792659486387,3.099366216504459e-08,4.7484e-06,6.092049999999994e-06,0.3523709137590919,0.36913767019667176,0.3494704992435703,0.17678618382822767,0.7307157838113243,4.2822222222222206e-06,6.384722222222222e-06,doji_4h,0,0,neutre,365,0,0,30,,,45.0,28.0,71.0,68.0,50,54.75,False,False,,0,,,,47,2,,Volume ×0.2 (épuisement),2535664568,2536769149,589242956826746.4,589499641536179.5,,100.0,,,
PAXGUSDT,PAXG,Etabli,43,4099.64,2078611.492577,-0.347,44.401606033344656,11.826432988946571,4240.1994,4646.310149999999,0.20638068765612938,0.17041049916615747,0.15069452357029653,0.04041167695699189,0.4948563882508248,4067.5588888888888,4750.519999999999,downtrend,0,1,baissier,365,0,0,30,,,45.0,28.0,95.5,68.0,21.9,54.54,False,False,,0,,,,44,2,,Volume ×0.0 (épuisement),1838847560,1838847560,448893.380458,448893.380458,,100.0,1839141095,$1.8B,-2.27
CAKEUSDT,CAKE,Mid,109,1.418,1479950.94183,-0.351,55.53813982339222,0.005181533990492294,1.3599000000000003,1.5077099999999992,0.4071017906096457,0.2860650705954573,0.13014119091467155,0.20495658390627805,0.6293244425551283,1.285527777777778,1.5683333333333336,uptrend,1,0,haussier,365,0,0,30,,,31.0,57.0,83.5,68.0,50,54.39,False,False,,0,,,,60,2,,Volume ×0.2 (épuisement),457571556,475032497,323208251.9858992,335541886.5388313,400000000.0,96.3,1666748501,$1.7B,-0.38
ASTERUSDT,ASTER,Etabli,47,0.621,2370218.05215,-1.272,44.565579158076496,-0.00025568575836372974,0.6474800000000002,0.6699950000000012,0.5653212356789061,0.17315436241610738,0.1651006711409396,0.1408684869261132,0.42398533160316737,0.6159166666666667,0.7118055555555556,rsi_bullish_divergence|macd_bearish_cross,1,1,mixte,280,0,0,30,,,42.7,28.0,95.5,68.0,29.5,54.23,False,False,,0,,,,46,5,⚠️ Surveiller,Volume ×0.1 (épuisement)|MACD cross baissier,1664498569,4856053949,2680197404.779776,7819281694.985042,8000000000.0,34.3,112925876,$113M,0.18
XPLUSDT,XPL,Mid,147,0.09097,5740259.751247,-0.612,46.9758624919322,-0.0016220393817559468,0.09026640000000001,0.1077356,1.5312172285515924,0.5656493967352733,0.3539389638041164,0.27575756715954697,0.3598623559135175,0.07632777777777776,0.1160413888888889,macd_bearish_cross|uptrend,1,1,mixte,291,0,0,30,,,29.0,57.0,38.5,78.5,26.3,54.14,False,False,,0,,,,48,5,⚠️ Surveiller,Volume ×0.3 (épuisement)|MACD cross baissier,237112331,911970505,2600000000.0,10000000000.0,,26.0,,,
RUNEUSDT,RUNE,Mid,216,0.405,1129415.682,0.998,51.79427068629889,0.0011937796760901295,0.3992000000000001,0.45803500000000064,0.47154101602031256,0.48966613672496023,0.356120826709062,0.18272268048344212,0.48156128920801783,0.36986111111111103,0.5556666666666668,,0,0,neutre,365,0,0,30,,,31.0,57.0,79.0,68.0,50,54.12,False,False,,0,,,,60,2,,Volume ×0.2 (épuisement),136891073,143317113,338270111.0,354149430.0,354149430.0,95.5,52460143,$52M,-0.74
WLFIUSDT,WLFI,Etabli,44,0.0578,2391436.88117,-0.858,46.442727291919326,8.777126199825355e-05,0.058655999999999986,0.09667899999999996,0.37960148235385394,0.33698296836982966,0.2968369829683698,0.21304739780652296,0.12437582771665613,0.056013888888888856,0.07750277777777777,downtrend,0,1,baissier,315,0,0,30,,,43.6,37.0,77.5,68.0,21.9,54.09,False,False,,0,,,,47,2,,Volume ×0.2 (épuisement),1836893119,5781037424,31774454728.0,100000000000.0,100000000000.0,31.8,,,
VIRTUALUSDT,VIRTUAL,Mid,115,0.6018,6431265.81324,-2.779,54.99264201705372,0.010246258227541865,0.6110239999999999,0.7050824999999997,0.7452307496015159,0.4378818737270876,0.354700396612713,0.45545701629532587,0.5489095038416845,0.5375111111111112,0.8284222222222222,downtrend,0,1,baissier,365,0,0,30,,,31.0,37.0,68.5,78.5,21.9,53.94,False,False,,0,,,,45,2,,Volume ×0.5 (épuisement),394882641,600603736,657476164.240174,1000000000.0,1000000000.0,65.7,,,
ATOMUSDT,ATOM,Etabli,75,1.562,1222826.06314,-1.823,38.24867051331887,0.010562187879271712,1.7760600000000002,1.9487649999999999,0.406172712859388,0.3178539224526601,0.29666366095581603,0.30270771782231887,0.5178278024870956,1.568388888888889,2.094583333333334,downtrend,0,1,baissier,365,0,0,30,,,45.0,28.0,83.5,68.0,21.9,53.82,False,False,,0,,,,42,2,,Volume ×0.3 (épuisement),810438124,810438124,518975334.350529,518975334.350529,,100.0,,,
SXTUSDT,SXT,Speculative,735,0.00902,23845350.457432,22.222,61.08860199242119,0.0003582079823901666,0.008566600000000002,0.017269050000000008,1.3030066843679058,0.6470914127423822,0.4986149584487534,9.027923054345841,0.30052130315845227,0.007013888888888891,0.017136111111111112,downtrend,0,1,baissier,365,0,0,30,,,17.0,84.0,49.0,78.5,21.9,53.82,False,False,,3,⚡ Volume ×9.0 vs médiane,,9.03,65,0,,,24315661,46782232,2598813644.2665,5000000000.0,5000000000.0,52.0,,,
TREEUSDT,TREE,Speculative,889,0.0446,11140461.80398,3.721,51.49446546792602,0.0007026964958977101,0.047804,0.06927550000000002,0.4949089373986563,0.47196870925684486,0.41720990873533254,9.665572677498094,0.5211832692493024,0.04183333333333333,0.07317222222222224,squeeze_breakout|downtrend|doji_4h,1,1,mixte,349,0,0,30,,,16.6,64.0,79.0,78.5,33.5,53.77,False,False,,3,⚡ Volume ×9.7 vs médiane,,9.67,66,0,,,17136016,19176011,101361867.09737062,113428716.40365808,200000000.0,89.4,57970230,$58M,0.13
TIAUSDT,TIA,Mid,116,0.4099,3375056.619581,1.636,57.615334771822006,0.002932337292813049,0.37721200000000005,0.3845820000000002,0.8340447398464299,0.36317567567567577,0.1349239864864865,0.2692035228343555,0.46417035436059095,0.3261888888888888,0.4472944444444445,,0,0,neutre,365,0,0,30,,,31.0,57.0,73.0,68.0,50,53.76,False,False,,0,,,,59,2,,Volume ×0.3 (épuisement),384270394,478465893,941685160.882286,1172518723.707875,,80.3,,,
ETHFIUSDT,ETHFI,Mid,114,0.433,2359821.7801,6.127,63.589084802722205,0.005594396043537675,0.35614000000000007,0.4836849999999999,0.9897352903344353,0.44054580896686163,0.15594541910331386,0.361155066000196,0.45351885284148913,0.31208333333333327,0.46330555555555564,,0,0,neutre,365,0,0,30,,,31.0,57.0,73.0,68.0,50,53.76,False,False,,0,,,,59,2,,Volume ×0.4 (épuisement),400754103,431509533,927366299.0,998535999.0,1000000000.0,92.9,2976355248,$3.0B,1.85
PENDLEUSDT,PENDLE,Mid,140,1.529,1436193.6444,-1.672,59.9570618781518,0.01767163263537986,1.39838,1.4984599999999997,0.6391937355715374,0.4529356943150047,0.28844361602982294,0.10828992778605273,0.5379658851607997,1.20825,1.9700555555555554,uptrend,1,0,haussier,365,0,0,30,,,31.0,57.0,73.0,68.0,50,53.76,False,False,,0,,,,59,2,,Volume ×0.1 (épuisement),261542096,430237103,171141164.7278281,281527448.4585314,,60.8,1031353619,$1.0B,4.12
SNXUSDT,SNX,Mid,211,0.24,1442390.9633,2.564,53.33993225896446,0.003110285568823104,0.24797999999999995,0.32176999999999967,1.1299732154243654,0.45355191256830596,0.34153005464480873,1.780538577921746,0.49313280373159096,0.2192777777777778,0.33699999999999997,,0,0,neutre,365,0,0,30,,,31.0,64.0,58.0,68.0,50,53.7,False,False,,0,,,,58,0,,,139214879,139316391,580980590.4572881,581404223.5556631,,99.9,1293679,$1M,-5.79
DOTUSDT,DOT,Etabli,55,0.849,3988223.59033,-3.523,40.94810358920899,0.008975386435104829,0.9722,1.3744199999999993,0.4799740562151863,0.4143167028199566,0.38611713665943603,0.2924534227628291,0.614238141818947,0.8453888888888889,1.3337777777777777,downtrend,0,1,baissier,365,0,0,30,,,45.0,28.0,79.0,68.0,21.9,53.55,False,False,,0,,,,41,2,,Volume ×0.3 (épuisement),1436733733,1436733733,1692902471.276278,1692902471.276278,2100000000.0,100.0,2012586,$2M,-2.16
LDOUSDT,LDO,Mid,142,0.3098,2799490.075829,0.584,62.043878339981575,0.006793021937295746,0.28289999999999993,0.37215050000000005,0.6363683637286697,0.46379079123826555,0.30777827447474304,0.2100934766283877,0.5188255621909053,0.25279166666666664,0.405813888888889,,0,0,neutre,365,0,0,30,,,31.0,57.0,68.5,68.0,50,53.49,False,False,,0,,,,58,2,,Volume ×0.2 (épuisement),257721714,308146009,836362327.7060835,1000000000.0,1000000000.0,83.6,16492336452,$16.5B,2.08
XAUTUSDT,XAUT,Etabli,37,4096.01,3402666.904374,-0.318,44.433143562367796,11.608494919569068,4232.233400000001,,0.20148152014266418,0.16880519394206245,0.14929468061243986,0.10168811796873224,0.5037421500636375,4063.741944444446,4746.624722222221,downtrend,0,1,baissier,109,0,0,30,,,38.0,36.0,95.5,68.0,21.9,53.2,False,False,,0,,,,46,2,,Volume ×0.1 (épuisement),2508146811,2896646656,612823.659532,707747.089,,86.6,2919569536,$2.9B,-1.62
币安人生USDT,币安人生,Etabli,87,0.706,2391567.1623,4.222,52.32487758609377,-0.007046562205469519,0.66314,,0.8032527010348507,0.31631589914565533,0.1380068392769907,0.08474043118516573,0.015608333769498446,0.3479000000000001,0.7462833333333335,double_top_90d,0,1,baissier,187,0,0,30,,,40.1,45.0,67.0,68.0,19.7,53.13,False,False,,0,,,,47,5,⚠️ Surveiller,Volume ×0.1 (épuisement)|Double sommet,706113201,706113201,1000000000.0,1000000000.0,1000000000.0,100.0,,,
EIGENUSDT,EIGEN,Mid,184,0.234,2113363.438687,-0.043,52.86124684509673,0.00012062917220639902,0.21746400000000002,0.23247999999999994,1.2383889456226564,0.35440000000000005,0.1785964912280701,0.23718265416149847,0.422672573987798,0.17214722222222226,0.24984999999999996,macd_bullish_cross|uptrend,2,0,haussier,365,0,0,30,,,31.0,57.0,62.5,68.0,50,53.13,False,False,,0,,,,57,2,,Volume ×0.2 (épuisement),172568058,424014482,741228566.6979554,1821261998.093281,,40.7,4871963711,$4.9B,1.48
APTUSDT,APT,Etabli,100,0.624,2994651.10923,-1.109,43.423092143535776,0.009219071261114875,0.70074,1.0429599999999997,0.4505011738847558,0.5039028620988726,0.45967042497831745,0.18108234206248072,0.632443894795386,0.6024722222222223,1.049611111111111,downtrend,0,1,baissier,365,0,0,30,,,45.0,28.0,70.0,68.0,21.9,53.01,False,False,,0,,,,40,2,,Volume ×0.2 (épuisement),519072597,751067752,833150487.0690594,1205520127.246673,2100000000.0,69.1,,,
HMSTRUSDT,HMSTR,Speculative,,0.0002039,8124340.3997855,-13.894,48.75370562292893,-6.722523219091748e-06,0.000190244,0.0001811215,2.740780897706332,0.5104378818737271,0.4809063136456212,0.8840758056154593,0.19101255711687593,0.00014583333333333332,0.00024699444444444446,macd_bearish_cross|uptrend,1,1,mixte,365,0,0,30,,,17.0,82.0,32.5,78.5,26.3,52.85,False,False,,0,,,,54,3,,MACD cross baissier,,,,,,,,,
PUMPUSDT,PUMP,Etabli,96,0.001396,3057673.537842,-2.718,43.65583933529033,-5.5369428025399085e-06,0.0015367600000000003,0.001916579999999998,0.9683207933261966,0.4523483812129503,0.36388508891928867,0.22231395231299275,0.5292253809507119,0.0013778611111111112,0.001990694444444445,macd_bearish_cross,0,1,baissier,305,0,0,30,,,43.4,28.0,68.5,68.0,26.3,52.64,False,False,,0,,,,41,5,⚠️ Surveiller,Volume ×0.2 (épuisement)|MACD cross baissier,560607068,1185847820,401923155218.0386,850184958889.2612,1000000000000.0,47.3,234132761,$234M,-6.93
INJUSDT,INJ,Mid,106,4.941,2851646.85575,-2.813,51.59228568143567,0.0543502836369323,5.2251,4.134004999999997,0.7739287115131003,0.3899856938483548,0.2937052932761087,0.13029784904648273,0.3437557066549833,3.3838611111111105,6.02486111111111,,0,0,neutre,365,0,0,30,,,31.0,45.0,73.0,68.0,50,52.32,False,False,,0,,,,55,2,,Volume ×0.1 (épuisement),493035478,493035478,100000000.0,100000000.0,,100.0,10498839,$10M,-0.08
RENDERUSDT,RENDER,Etabli,77,1.549,1731949.79374,-2.21,42.660920175822,0.006830390262473361,1.73054,1.7388949999999994,0.5216049478595209,0.34439109559144476,0.3238760366652117,0.13117861830167776,0.5118818958874184,1.5405000000000004,2.0763611111111113,death_cross|downtrend,0,2,baissier,365,0,0,30,,,45.0,28.0,79.0,68.0,0,52.23,False,False,,0,,,,36,2,,Volume ×0.1 (épuisement),802706087,825544788,518772101.2826915,533532274.5626915,644245094.0,97.2,,,
ALGOUSDT,ALGO,Etabli,82,0.084,1122163.2058,-2.326,40.236635455356975,0.00026153498343417254,0.09533200000000004,0.10417700000000003,0.5606191610819452,0.37874251497005984,0.3705089820359282,0.12589893031046717,0.47070551463479,0.08562777777777777,0.12394166666666669,double_top_90d|downtrend,0,2,baissier,365,0,0,30,,,45.0,28.0,79.0,68.0,0,52.23,False,False,,0,,,,36,4,⚠️ Surveiller,Volume ×0.1 (épuisement)|Double sommet,752235382,752236000,8962576454.24905,8962583810.353601,10000000000.0,100.0,,,
THETAUSDT,THETA,Mid,201,0.1503,2767170.94044,0.267,53.10114673001685,0.002783438042165384,0.15610800000000005,0.20222199999999999,0.6327537957355434,0.4846153846153846,0.3951417004048583,0.8282279052132168,0.5431487283516626,0.1360583333333333,0.2277777777777778,,0,0,neutre,365,0,0,30,,,31.0,46.0,68.5,68.0,50,52.17,False,False,,0,,,,55,0,,,149055822,149055822,1000000000.0,1000000000.0,1000000000.0,100.0,,,
TURBOUSDT,TURBO,Mid,389,0.00085,1942454.581205,0.0,45.46784281805017,4.113897769517445e-06,0.0009101000000000002,0.0011709050000000003,0.6319280421171724,0.4159941305942773,0.376375641966251,0.5155782001854367,0.5132242969510387,0.0008283611111111112,0.001298138888888889,,0,0,neutre,365,0,0,30,,,31.0,46.0,68.5,68.0,50,52.17,False,False,,0,,,,55,2,,Volume ×0.5 (épuisement),58501587,58501587,69000000000.0,69000000000.0,69000000000.0,100.0,,,
RIFUSDT,RIF,Mid,222,0.1314,1592707.6774,-0.905,60.77915642393059,0.0027914078366035565,0.08803800000000002,0.05296549999999999,2.9995009525324963,0.5158407798537774,0.05878136200716855,0.21268234616304257,0.09805707242385024,0.04444722222222222,0.11796666666666665,downtrend,0,1,baissier,365,0,0,30,,,31.0,73.0,41.5,68.0,21.9,52.11,False,False,,0,,,,52,2,,Volume ×0.2 (épuisement),131628811,131628811,1000000000.0,1000000000.0,,100.0,,,
OPUSDT,OP,Mid,154,0.1018,1966906.199899,-2.677,46.5471157716703,0.0003749269438732606,0.106712,0.1601955,0.5848741156768712,0.470314318975553,0.4074505238649593,0.32591044651395146,0.4060008099453975,0.09683611111111111,0.14428055555555555,,0,0,neutre,365,0,0,30,,,31.0,37.0,79.0,68.0,50,51.72,False,False,,0,,,,54,2,,Volume ×0.3 (épuisement),219820964,437198510,2159485520.0,4294967296.0,4294967296.0,50.3,602469658,$602M,2.08
ORDIUSDT,ORDI,Mid,338,3.391,1396579.23015,-3.335,49.15982094991907,0.006850796542636244,3.3944799999999993,3.5398650000000016,1.063240205560975,0.6552007513500823,0.6011974641934726,0.1341921682277127,0.2283097854934364,3.0300555555555553,5.558861111111111,uptrend,1,0,haussier,365,0,0,30,,,31.0,57.0,38.5,68.0,50,51.69,False,False,,0,,,,53,2,,Volume ×0.1 (épuisement),71327695,71327695,21000000.0,21000000.0,,100.0,,,
PYRUSDT,PYR,Speculative,,0.158,6210930.411492,-8.671,47.32645147529793,0.0035367134258333464,0.18606,0.29939,1.6683520704201693,0.5582191780821918,0.45890410958904104,1.0346832342607881,0.42555205809966107,0.1541944444444444,0.2907222222222223,macd_bullish_cross,1,0,haussier,365,0,0,30,,,17.0,55.0,38.5,78.5,50,51.39,False,False,,0,,,,53,0,,,,,,,,,,,
VETUSDT,VET,Mid,111,0.004923,1053258.2393838,1.213,52.475831424820875,7.102558855214027e-05,0.0050944599999999994,0.007466445000000003,0.4922217521365445,0.45052737317930697,0.3813410346559518,0.18318784097343163,0.713443344954174,0.004578527777777778,0.0075348333333333335,,0,0,neutre,365,0,0,30,,,31.0,37.0,71.0,68.0,50,51.24,False,False,,0,,,,52,2,,Volume ×0.2 (épuisement),422846895,422846895,85985041177.0,85985041177.0,86712634466.0,100.0,,,
ZAMAUSDT,ZAMA,Mid,327,0.03387,1559799.25543,-2.728,53.954416601749756,9.205089044761548e-05,0.0328206,,0.6751039227674287,0.23911747167561118,0.09888059701492533,0.13352081284916645,0.18206338365540983,0.026714444444444447,0.0356563888888889,double_bottom_90d|uptrend,2,0,haussier,161,0,0,30,,,25.4,45.0,83.5,68.0,50,51.12,False,False,,0,,,,57,2,,Volume ×0.1 (épuisement),74319327,371596637,2200000000.0,11000000000.0,,20.0,51498981,$51M,49.56
EGLDUSDT,EGLD,Mid,281,3.06,819889.706,8.511,59.38230747735785,0.0641849868842081,2.991800000000002,4.262,0.6189240197963015,0.4792531120331951,0.3672199170124482,1.233445008606546,0.6325022949406032,2.646944444444445,4.453333333333333,,0,0,neutre,365,0,0,30,,,31.0,75.0,68.5,57.5,50,51.12,False,False,,0,,,,63,0,,,92480924,92480924,30333944.0,30333944.0,,100.0,,,
PARTIUSDT,PARTI,Speculative,,0.0326,8547584.61788,-13.067,28.818124856923617,-0.0014904747138146015,0.050968,0.07262900000000001,1.3442276879360922,0.49221183800623053,0.49221183800623053,1.7012590504786025,-0.05874383192769266,0.04016388888888888,0.06136666666666665,,0,0,neutre,365,0,0,30,,,17.0,46.0,52.0,78.5,50,51.12,False,False,,0,,,,55,1,,,,,,,,,,,
DASHUSDT,DASH,Mid,110,34.4,3013458.59348,-1.121,47.12084864732516,0.15212171502333627,36.30099999999999,40.02435000000002,0.6440892170627468,0.3955495875695377,0.33953577594475354,0.142021372269007,0.5161013674327346,33.07555555555555,47.734444444444435,,0,0,neutre,365,0,0,30,,,31.0,37.0,68.5,68.0,50,51.09,False,False,,0,,,,52,2,,Volume ×0.1 (épuisement),439415783,439420514,12763979.69519052,12764117.1089106,18920000.0,100.0,,,
IMXUSDT,IMX,Mid,245,0.1337,1024096.270215,-0.963,48.102505963691776,0.0014281797459211082,0.14099399999999998,0.17476799999999984,0.6423882822026434,0.43654320987654327,0.3392592592592593,0.2540736991390731,0.6430712556069621,0.12656666666666666,0.18493333333333328,,0,0,neutre,365,0,0,30,,,31.0,37.0,68.5,68.0,50,51.09,False,False,,0,,,,52,2,,Volume ×0.3 (épuisement),112655677,267449467,842444578.3296283,2000000000.0,2000000000.0,42.1,23522151,$24M,-1.53
AWEUSDT,AWE,Mid,237,0.0607,697019.29883,-9.807,55.09457160656454,0.0005516400871273253,0.05584819999999998,0.05631050000000001,0.9339578868737605,0.24041297935103248,0.1056047197640118,0.7066302072214125,0.13635880195136932,0.05057527777777779,0.06199055555555555,macd_bullish_cross|doji_4h,1,0,haussier,365,0,0,30,,,31.0,66.0,79.0,57.5,50,50.67,False,False,,0,,,,62,0,,,117706735,117706735,1942420283.0270672,1942420283.0270672,2000000000.0,100.0,,,
PYTHUSDT,PYTH,Mid,119,0.04756,1765021.180123,-1.082,67.96452024396254,0.0011058851690498553,0.038180399999999996,0.047827600000000005,0.7957727497769665,0.479933110367893,0.20418060200668894,0.2534797139072403,0.5518199245250907,0.033441666666666654,0.052989444444444436,rsi_bearish_divergence|uptrend|bullish_engulfing_4h,2,1,haussier,365,0,0,30,,,31.0,48.0,73.0,68.0,16.2,50.65,False,False,,0,🔥 Trending #9 sur CoinGecko,9,,45,4,⚠️ Surveiller,Volume ×0.3 (épuisement)|Divergence RSI baissière,374094365,475041566,7874981728.899262,10000000000.0,10000000000.0,78.7,,,
SEIUSDT,SEI,Mid,127,0.04921,1719293.21929,-1.541,44.299737116045435,0.00021073874943424733,0.05421660000000002,0.07124799999999996,0.5889006228606359,0.3882894736842106,0.35236842105263155,0.14153481621901456,0.5401817826645615,0.048213888888888876,0.06814222222222222,uptrend,1,0,haussier,365,0,0,30,,,31.0,28.0,79.0,68.0,50,50.64,False,False,,0,,,,48,2,,Volume ×0.1 (épuisement),331467273,492278128,6733333333.0,10000000000.0,,67.3,,,
MMTUSDT,MMT,Speculative,539,0.186,3671612.15382,0.432,59.390275276456414,0.0016809019241800349,0.14381799999999997,0.15025000000000002,1.619818657612424,0.32516556291390725,0.08836524300441821,1.9318881888587598,0.33061269186502196,0.11419722222222221,0.17686666666666667,macd_bullish_cross|uptrend,2,0,haussier,251,0,0,30,,,13.9,84.0,56.5,68.0,50,50.39,False,False,,0,,,,64,0,,,37964053,186011289,204095424.0,1000000000.0,1000000000.0,20.4,4785134,$5M,-3.87
CRVUSDT,CRV,Mid,130,0.2052,1565409.59645,-0.726,48.469380221653594,0.0010188012772312694,0.21021399999999993,0.2591035000000001,0.5782226490000518,0.3525230987917555,0.26901208244491825,0.198523367584089,0.5779910770717237,0.1930583333333333,0.25550555555555554,downtrend,0,1,baissier,365,0,0,30,,,31.0,37.0,83.5,68.0,21.9,50.31,False,False,,0,,,,48,2,,Volume ×0.2 (épuisement),315993745,493607616,1535747787.0,2398961421.650488,3030303031.0,64.0,1265502676,$1.3B,-0.25
BANKUSDT,BANK,Speculative,912,0.0403,2962670.49871,10.714,57.90032197976211,0.00038436498964793586,0.036989999999999995,0.03935400000000002,0.7307403475405763,0.4358974358974359,0.15010570824524316,1.0979545057138052,0.3385096784334788,0.03233055555555556,0.04231944444444445,macd_bullish_cross,1,0,haussier,242,0,0,30,,,13.6,75.0,73.0,68.0,50,50.22,False,False,,0,,,,64,0,,,16607234,16607234,425250000.0,425250000.0,2100000000.0,100.0,,,
SENTUSDT,SENT,Mid,274,0.01341,1349677.46378,-5.696,45.651267434094095,5.753956468660483e-05,0.014664799999999999,,1.5762112741798875,0.3924418604651162,0.35029069767441856,0.7020745667065493,0.3059924347862388,0.013094722222222221,0.01842583333333333,uptrend,1,0,haussier,172,0,0,30,,,25.7,54.0,47.5,68.0,50,50.14,False,False,,0,,,,54,0,,,97107867,460991336,7237882055.0,34359738368.0,34359738368.0,21.1,,,
ALLOUSDT,ALLO,Mid,294,0.3355,4039516.03365,-14.653,47.99420691116022,-0.0016296866754826403,0.3169519999999999,0.15689350000000005,1.9371928182498706,0.4822938085446653,0.22892392049348861,0.29837230277713866,0.03053857187507075,0.08830277777777777,0.4263638888888889,macd_bearish_cross|downtrend,0,2,baissier,244,0,0,30,,,27.7,73.0,46.0,68.0,0,49.97,False,False,,0,,,,47,5,⚠️ Surveiller,Volume ×0.3 (épuisement)|MACD cross baissier,82730815,271454316,240007805.9623277,787507710.4406533,1000000000.0,30.5,,,
ALTUSDT,ALT,Mid,489,0.00651,963181.88551,-0.153,54.4726047957633,6.928237681945783e-05,0.0063901999999999995,0.008120700000000003,0.6061659775283375,0.32129963898916963,0.21901323706377854,0.8181398405976151,0.2734726154307111,0.005811666666666666,0.008218333333333334,double_bottom_90d,1,0,haussier,365,0,0,30,,,31.0,66.0,67.0,57.5,50,49.95,False,False,,0,,,,61,0,,,42934700,64614064,6644791663.0,10000000000.0,10000000000.0,66.4,,,
BIOUSDT,BIO,Mid,375,0.02891,1404019.30974,1.261,45.67039821405146,2.155519061933426e-05,0.030551400000000003,0.03194135000000001,0.8127195486562455,0.5712396694214875,0.5216528925619834,0.13710485550482324,0.06409646407629516,0.026860833333333334,0.049316666666666675,doji_4h,0,0,neutre,365,0,0,30,,,31.0,37.0,49.0,68.0,50,49.92,False,False,,0,,,,49,2,,Volume ×0.1 (épuisement),61985937,95939637,2145029070.25,3320000000.0,3320000000.0,64.6,3984528,$4M,-2.96
LUNCUSDT,LUNC,Mid,126,6.069e-05,1038451.42353053,-0.148,41.53681078032082,3.1152934236655756e-07,6.883960000000001e-05,5.315055000000002e-05,0.49096500725651154,0.4822966507177034,0.4720313179643323,0.05434883945145203,0.3645113835688692,4.9525277777777774e-05,9.281972222222223e-05,downtrend,0,1,baissier,365,0,0,30,,,31.0,36.0,79.0,68.0,21.9,49.92,False,False,,0,,,,44,2,,Volume ×0.1 (épuisement),335257618,391381147,5528792260861.582,6454335222623.121,,85.7,,,
SKLUSDT,SKL,Speculative,665,0.00469,3739024.41225,-8.932,64.93927839954699,0.00020000048674710856,0.0044122,0.006786650000000002,0.9697057878166604,0.5529715762273902,0.3940568475452197,2.645148040424527,0.6262080875646698,0.0036149999999999993,0.007362777777777778,downtrend,0,1,baissier,365,0,0,30,,,17.0,84.0,59.5,68.0,21.9,49.91,False,False,,0,,,,62,0,,,28293801,29316422,6094019337.0,6314274983.883265,7000000000.0,96.5,,,
TUTUSDT,TUT,Speculative,,0.01206,2165710.62204,3.519,59.82425063015271,0.00019443803776889268,0.010444199999999999,0.011596549999999992,0.8457261225822377,0.32461103253182466,0.15063649222065065,0.587534155004727,0.20799446941690858,0.009750833333333335,0.013088333333333334,macd_bullish_cross,1,0,haussier,365,0,0,30,,,17.0,66.0,67.0,68.0,50,49.89,False,False,,0,,,,61,2,,Volume ×0.6 (épuisement),,,,,,,,,
WUSDT,W,Mid,385,0.00981,1042911.965927,-2.096,46.6937490619836,2.2246391726909743e-05,0.010355999999999999,0.018004999999999997,0.97935093114882,0.4793939393939394,0.40787878787878795,0.1669626056612977,0.4284559851712313,0.009296388888888889,0.0144,downtrend,0,1,baissier,365,0,0,30,,,31.0,37.0,68.5,68.0,21.9,49.41,False,False,,0,,,,45,2,,Volume ×0.2 (épuisement),60135131,97570368,6163257566.0,10000000000.0,10000000000.0,61.6,2493798387,$2.5B,16.49
TRUMPUSDT,TRUMP,Mid,120,1.576,4621240.510828,-1.99,37.150409341302584,-0.004795102794053777,1.8078399999999997,3.0988849999999997,0.5624503862787607,0.4871377401497884,0.4871377401497884,0.28433851195308385,0.3889928800700589,1.6218055555555557,2.7791944444444443,macd_bearish_cross,0,1,baissier,365,0,0,30,,,31.0,28.0,79.0,68.0,26.3,49.22,False,False,,0,,,,42,5,⚠️ Surveiller,Volume ×0.3 (épuisement)|MACD cross baissier,373821478,1574555058,237414040.342428,1000000000.0,1000000000.0,23.7,,,
PENGUUSDT,PENGU,Mid,118,0.006054,2603111.214095,-2.15,40.24446237933226,6.707289942779721e-06,0.006822619999999998,0.007997025000000001,0.5765571255844598,0.4689424121695038,0.45173850054328146,0.11767075682646636,0.626490860852823,0.006145166666666668,0.01020036111111111,downtrend,0,1,baissier,365,0,0,30,,,31.0,28.0,79.0,68.0,21.9,48.96,False,False,,0,🔥 Trending #14 sur CoinGecko,14,,41,2,,Volume ×0.1 (épuisement),380083281,480638973,62860396090.0,79490884695.87695,88888888888.0,79.1,,,
TRBUSDT,TRB,Mid,498,15.12,768018.17649,-3.077,50.43662163791115,0.03127331246021636,14.7746,16.881450000000008,0.8483715723060435,0.4539249146757679,0.3545221843003413,0.4167326091353422,0.3503817508226923,13.189722222222217,20.353611111111107,double_bottom_90d|uptrend,2,0,haussier,365,0,0,30,,,31.0,57.0,68.5,57.5,50,48.96,False,False,,0,,,,58,2,,Volume ×0.4 (épuisement),42278709,43455104,2797478.8375067175,2875318.045960198,,97.3,,,
TLMUSDT,TLM,Speculative,,0.00188,3144056.841286,-2.439,52.2386592970031,-1.980297119593365e-05,0.00139456,0.0017734200000000006,3.0614314884643656,0.5956730769230769,0.4337458496830667,2.713806054058717,0.40662047684865577,0.0009452500000000001,0.0023854999999999996,macd_bearish_cross,0,1,baissier,365,0,0,30,,,17.0,84.0,38.5,68.0,26.3,48.92,False,False,,0,,,,60,3,,MACD cross baissier,,,,,,,,,
APEUSDT,APE,Mid,197,0.1564,824327.308727,-0.824,57.8602154964767,0.0014989342640182165,0.13794199999999998,0.138626,0.8439798255559726,0.3541436464088397,0.13812154696132595,0.11591629405526113,0.0779945299135772,0.10934166666666666,0.17048055555555555,,0,0,neutre,365,0,0,30,,,31.0,57.0,67.0,57.5,50,48.87,False,False,,0,,,,58,2,,Volume ×0.1 (épuisement),155883533,155883533,1000000000.0,1000000000.0,1000000000.0,100.0,,,
ZILUSDT,ZIL,Mid,392,0.00298,753463.013303,-1.65,42.962120259867845,1.8759791760962458e-05,0.0032253999999999994,0.004088750000000001,0.3913199041099002,0.3558558558558559,0.3265765765765766,1.6685269909167688,0.7101119384134266,0.002949722222222223,0.004251666666666667,,0,0,neutre,365,0,0,30,,,31.0,55.0,71.0,57.5,50,48.87,False,False,,0,,,,55,0,,,58145345,61127128,19513551525.0,20514236543.89121,21000000000.0,95.1,,,
ATMUSDT,ATM,Speculative,751,2.722,3383221.66732,-6.106,70.40842513665396,0.017420025077193202,1.5589200000000003,1.20258,1.6241330421668279,0.28393005828476275,0.03991522430236665,0.31368178530482893,0.153955629836164,0.9623888888888891,2.345694444444445,macd_bullish_cross|uptrend,2,0,haussier,365,0,0,30,,,17.0,64.0,50.5,68.0,50,48.66,False,False,,0,,,,54,4,⚠️ Surveiller,Volume ×0.3 (épuisement)|Près du plus haut 90j (résistance),23503638,26925281,8729208.0,10000000.0,10000000.0,87.3,,,
BONKUSDT,BONK,Mid,124,4e-06,2466778.76685273,-2.439,40.32542870538543,-2.0854225919646466e-08,4.6512000000000005e-06,6.425349999999999e-06,0.8350321766756881,0.48704663212435234,0.4831606217616581,0.18351999265620644,0.6648113419475915,4.126111111111112e-06,6.835833333333334e-06,macd_bearish_cross|doji_4h,0,1,baissier,365,0,0,30,,,31.0,28.0,68.5,68.0,26.3,48.59,False,False,,0,,,,41,5,⚠️ Surveiller,Volume ×0.2 (épuisement)|MACD cross baissier,351454343,351454343,87994604499441.1,87994604499441.1,87995282867000.55,100.0,,,
GALAUSDT,GALA,Mid,262,0.002106,1452457.620755,-2.319,35.75723222362234,-1.877149326458841e-06,0.0025859800000000003,0.0038488949999999976,0.6097683334927594,0.49903846153846154,0.49350961538461535,0.268790455446993,0.5479524237621448,0.002240777777777777,0.0037086111111111117,macd_bearish_cross,0,1,baissier,365,0,0,30,,,31.0,28.0,68.5,68.0,26.3,48.59,False,False,,0,,,,41,5,⚠️ Surveiller,Volume ×0.3 (épuisement)|MACD cross baissier,102593982,102593982,48740454162.29681,48740454198.29681,50000000000.0,100.0,,,
OPNUSDT,OPN,Speculative,,0.065,37934971.38392,-5.933,42.91735608856038,0.0030174749869911754,0.09933600000000004,,1.1966436319521103,0.7746153846153847,0.75,6.55436613846406,0.013357981890929807,0.06339444444444445,0.21002222222222222,downtrend,0,1,baissier,130,0,0,30,,,10.6,63.0,32.5,78.5,21.9,48.2,False,False,,3,⚡ Volume ×6.5 vs médiane,,6.55,53,0,,,,,,,,,4582882,$5M,-1.26
ZROUSDT,ZRO,Mid,131,0.887,1591427.59766,-5.538,46.07140720318911,0.012409363557374431,0.97598,1.5290799999999998,1.004315010225649,0.6104417670682731,0.552710843373494,0.20110363252575444,0.37901534151114247,0.8429722222222221,1.6779166666666667,downtrend,0,1,baissier,365,0,0,30,,,31.0,37.0,44.5,68.0,21.9,47.97,False,False,,0,,,,41,2,,Volume ×0.2 (épuisement),314748930,890849304,353313325.89,1000000000.0,1000000000.0,35.3,7056487159,$7.1B,-4.1
JTOUSDT,JTO,Mid,133,0.5948,2164518.47928,-4.954,41.14932941615071,-0.02511435447385537,0.6401720000000001,0.41976349999999996,1.5682656119896055,0.3094314155559305,0.2767639902676398,0.20080619646183842,0.1476564053533638,0.3373722222222222,0.768313888888889,double_top_90d|uptrend,1,1,mixte,365,0,0,30,,,31.0,36.0,46.0,68.0,19.7,47.8,False,False,,0,,,,38,5,⚠️ Surveiller,Volume ×0.2 (épuisement)|Double sommet,292457122,592620195,493498405.7,1000000000.0,,49.3,764525638,$765M,-5.31
C98USDT,C98,Speculative,1001,0.01377,1111518.693185,-0.217,51.331299330271875,0.00023207368349336028,0.014903599999999993,0.02187440000000001,0.5374421517352678,0.4802575107296138,0.41030042918454934,1.2251923830271827,0.6018686026030483,0.012772222222222225,0.022291666666666668,downtrend,0,1,baissier,365,0,0,30,,,17.0,55.0,79.0,68.0,21.9,47.6,False,False,,0,,,,52,0,,,13752572,13752587,999998884.0,1000000000.0,1000000000.0,100.0,,,
STEEMUSDT,STEEM,Speculative,775,0.04081,1093187.504595,-0.049,43.245437066818326,0.00030893672527818267,0.04453360000000002,0.05637209999999997,0.40936786905967676,0.3727405959941378,0.3359387721869403,5.18319807244439,0.6426570814711772,0.04042583333333334,0.06025305555555555,downtrend|doji_4h,0,1,baissier,365,0,0,30,,,17.0,55.0,79.0,68.0,21.9,47.6,False,False,,3,⚡ Volume ×5.2 vs médiane,,5.18,58,0,,,22492484,22503602,552279517.458,552552521.725,,100.0,,,
AGLDUSDT,AGLD,Speculative,973,0.1643,1382173.06488,0.859,48.64281383024277,0.0005429788171338792,0.18195599999999995,0.238874,2.5881031276909288,0.5546762589928058,0.4129496402877698,4.1889529527215235,0.2535144504704847,0.1522916666666667,0.27298055555555556,support_bounce|uptrend|doji_4h,2,0,haussier,365,0,0,30,,,17.0,64.0,32.5,68.0,50,47.58,False,False,,2,⚡ Volume ×4.2 vs médiane,,4.19,61,0,,,14330264,15215355,87430001.0,92830001.0,96000000.0,94.2,,,
NMRUSDT,NMR,Mid,348,9.64,180915.2452,-2.92,55.03217352817424,0.017529604330743687,8.836599999999999,8.701450000000001,0.5800710235063474,0.26269531250000006,0.07307692307692305,0.16944139010774664,0.35156623804318027,8.141666666666666,9.851111111111114,uptrend,1,0,haussier,365,0,0,30,,,31.0,73.0,88.0,47.0,50,47.51,False,False,,0,,,,66,2,,Volume ×0.2 (épuisement),67693984,102300085,7035315.337199338,10631865.92867084,11000000.0,66.2,,,
PNUTUSDT,PNUT,Mid,490,0.0429,530822.22511,-0.924,46.0416434656294,0.0001418554194822293,0.045224000000000014,0.054023999999999975,0.5584813221075493,0.44319775596072936,0.39831697054698456,0.1329902070752222,0.3847403063375025,0.04126944444444443,0.06391944444444445,,0,0,neutre,365,0,0,30,,,31.0,37.0,79.0,57.5,50,47.19,False,False,,0,,,,54,2,,Volume ×0.1 (épuisement),42823632,42823632,999841746.025402,999841746.025402,1000000000.0,100.0,,,
QNTUSDT,QNT,Etabli,69,65.6,370906.27577,-2.93,43.33425639834293,0.057080285965271704,69.19940000000001,71.21625,0.4460971176241953,0.20148239654107475,0.18949969116738732,0.13821302742219854,0.3399621557289739,65.41555555555554,77.73055555555554,,0,0,neutre,365,0,0,30,,,45.0,28.0,95.5,47.0,50,47.15,False,False,,0,,,,51,2,,Volume ×0.1 (épuisement),953576915,958056052,14544176.164081175,14612493.0,14612493.0,99.5,,,
JUVUSDT,JUV,Speculative,,0.326,1317793.35247,0.617,47.40578914261557,0.003175982689307808,0.34854000000000007,0.5290849999999996,0.4238758678647135,0.42804428044280446,0.3966789667896679,0.3519529253770367,0.5795203388875759,0.3190555555555556,0.5235277777777779,morning_star_4h,1,0,haussier,365,0,0,30,,,17.0,37.0,79.0,68.0,50,47.13,False,False,,0,,,,54,2,,Volume ×0.4 (épuisement),,,,,,,,,
FETUSDT,FET,Mid,121,0.1603,3606369.27336,-0.743,37.29502330329362,-0.0005737276136158678,0.19888000000000003,0.20741549999999992,0.6724059517907198,0.43159025787965616,0.4255014326647565,0.143884673273175,0.45381370620930234,0.16992222222222222,0.24626944444444446,macd_bearish_cross|downtrend,0,2,baissier,365,0,0,30,,,31.0,28.0,68.5,68.0,0,47.01,False,False,,0,🔥 Trending #13 sur CoinGecko,13,,34,5,⚠️ Surveiller,Volume ×0.1 (épuisement)|MACD cross baissier,360098001,434915272,2247436483.218724,2714384546.672,2714384546.672,82.8,,,
DYDXUSDT,DYDX,Mid,247,0.13297,947129.4567992,3.68,47.40343680248616,-0.0010390831975178607,0.14252359999999997,0.13497769999999998,1.3318561402296631,0.4069522291355993,0.31871239779914645,0.21890226351939976,0.08402254566445619,0.11811249999999997,0.17732916666666665,uptrend,1,0,haussier,365,0,0,30,,,31.0,45.0,52.0,57.5,50,46.53,False,False,,0,,,,52,3,,Volume ×0.2 (épuisement),112123479,126622341,848607938.8070294,958342751.0,1000000000.0,88.5,90163254,$90M,1.39
CHZUSDT,CHZ,Mid,177,0.01725,1823754.20377,-0.748,31.275491743886803,0.00042022771687531954,0.024232800000000002,0.037820050000000015,0.6136986179549831,0.6642147117296222,0.6568588469184891,0.1545283558419584,0.3063669531792811,0.01774861111111111,0.047678888888888896,downtrend,0,1,baissier,365,0,0,30,,,31.0,19.0,55.0,68.0,21.9,46.44,False,False,,0,,,,35,2,,Volume ×0.2 (épuisement),180257817,180257817,10458287975.0,10458287975.0,,100.0,,,
CHIPUSDT,CHIP,Mid,358,0.03282,1218091.18419,1.016,48.64380030585548,0.0005505054278001603,0.034589600000000005,,0.8777740133597374,0.7423785891527827,0.7093229351293868,0.0210403578793906,,0.029676666666666667,0.07473303030303032,downtrend,0,1,baissier,83,0,0,30,,,23.3,45.0,45.0,68.0,21.9,46.42,False,False,,0,,,,44,2,,Volume ×0.0 (épuisement),65428036,327140178,2000000000.0,10000000000.0,10000000000.0,20.0,195674625,$196M,-1.31
EPICUSDT,EPIC,Speculative,,0.375,3858720.7124,1.351,46.49628724764985,-0.012602443758897313,0.4386999999999999,0.39480000000000004,3.3558577180319626,0.5659340659340659,0.4835164835164835,0.9192137155259333,0.06160006915606273,0.2526666666666666,0.599638888888889,uptrend,1,0,haussier,365,0,0,30,,,17.0,54.0,32.5,68.0,50,46.38,False,False,,0,,,,51,1,,,,,,,,,,,
SPELLUSDT,SPELL,Speculative,941,8.98e-05,1566598.9705195,0.56,36.60499559916096,1.1432482256359645e-06,0.00011876800000000001,0.0001754689999999999,0.9752434249726877,0.5173724212812161,0.511943539630836,3.9671884664915935,0.40502238456039164,9.485833333333333e-05,0.00017634722222222222,downtrend,0,1,baissier,365,0,0,30,,,17.0,55.0,55.0,68.0,21.9,46.16,False,False,,2,⚡ Volume ×4.0 vs médiane,,3.97,53,0,,,15373655,17569595,171510541047.0,196008739620.0,210000000000.0,87.5,3946223,$4M,-13.84
AXLUSDT,AXL,Mid,434,0.0425,980127.656883,1.19,46.45718517697711,0.000327832017508647,0.045627999999999995,0.05742000000000002,0.6558582513990656,0.5127582017010935,0.48359659781287967,1.3188593457976765,0.2903647302753152,0.04102777777777778,0.07274444444444444,downtrend,0,1,baissier,365,0,0,30,,,31.0,55.0,53.5,57.5,21.9,46.13,False,False,,0,,,,48,0,,,50820965,52728050,1202035641.122738,1247142693.109726,,96.4,134446654,$134M,-0.19
IOTAUSDT,IOTA,Mid,183,0.0383,970734.3204,-5.198,42.298856044375064,0.0006270347372960548,0.045418000000000014,0.06337799999999999,0.5897643950456949,0.4648318042813455,0.41437308868501527,0.46298677711889663,0.6018462025517282,0.037747222222222224,0.061705555555555555,,0,0,neutre,365,0,0,30,,,31.0,28.0,79.0,57.5,50,46.11,False,False,,0,,,,48,2,,Volume ×0.5 (épuisement),173275846,188396903,4536177038.0,4932030190.0,,92.0,,,
CFXUSDT,CFX,Mid,150,0.04373,802657.4282,1.227,44.4306042573002,0.00020455110012013514,0.04681880000000002,0.057147450000000016,0.509465170450265,0.4511209593326381,0.430526590198123,0.20095366157286895,0.46598241360218373,0.04297666666666668,0.06617666666666668,,0,0,neutre,365,0,0,30,,,31.0,28.0,79.0,57.5,50,46.11,False,False,,0,,,,48,2,,Volume ×0.2 (épuisement),227571234,227975255,5213885114.89,5223141637.82,,99.8,,,
STRKUSDT,STRK,Mid,165,0.0305,779525.40671,-1.929,43.27863135330631,0.00024343019566290406,0.033560000000000006,0.046495500000000016,0.5085349955326638,0.4937611408199643,0.4563279857397504,0.16187895953929413,0.4777043862550714,0.030108333333333334,0.04678611111111111,,0,0,neutre,365,0,0,30,,,31.0,28.0,79.0,57.5,50,46.11,False,False,,0,,,,48,2,,Volume ×0.2 (épuisement),200857820,305083298,6583704227.348971,10000000000.0,10000000000.0,65.8,169565528,$170M,0.14
UMAUSDT,UMA,Speculative,580,0.381,1818595.7809,0.263,43.447830569434,0.0004932328634281117,0.4031799999999999,0.4945399999999999,0.5073406999143162,0.3260473588342441,0.307832422586521,0.42317351539673975,0.6359005349606881,0.37705555555555553,0.5033055555555556,,0,0,neutre,365,0,0,30,,,17.0,28.0,79.0,68.0,50,46.05,False,False,,0,,,,48,2,,Volume ×0.4 (épuisement),34833943,49055485,91684458.14287896,129116178.6260756,,71.0,,,
SUNUSDT,SUN,Mid,122,0.01851,440003.66085,0.217,64.10450495202502,0.00020220017704912965,0.017660600000000002,0.0181851,0.32868080426430246,0.21425109064469222,0.10276296655356279,0.22908041031185228,0.4115499518178922,0.016788611111111112,0.020182500000000003,,0,0,neutre,365,0,0,30,,,31.0,57.0,95.5,47.0,50,46.04,False,False,,0,,,,62,2,,Volume ×0.2 (épuisement),355663684,368045902,19231207016.78254,19900730000.0,19900730000.0,96.6,214448725,$214M,1.35
USUALUSDT,USUAL,Speculative,907,0.00934,1230741.527389,4.474,47.32861554262991,9.626841505514427e-05,0.010279799999999999,0.015675249999999995,0.5695291853059228,0.5080924855491329,0.461271676300578,0.8279511006112533,0.6556961831820688,0.008969722222222221,0.015803888888888888,downtrend,0,1,baissier,365,0,0,30,,,17.0,46.0,70.0,68.0,21.9,45.98,False,False,,0,,,,48,0,,,16662827,17315574,1790016387.4638243,1860138228.59474,3000000000.0,96.2,94770104,$95M,-0.22
CHRUSDT,CHR,Speculative,944,0.0155,1685128.20781,2.243,51.3371815001324,0.00017433298637272864,0.016516799999999998,0.023817300000000007,0.7043933089280333,0.5121612230715775,0.45830437804030577,0.38678320803799937,0.5519255293765712,0.0145325,0.026222777777777786,,0,0,neutre,365,0,0,30,,,17.0,37.0,59.5,68.0,50,45.96,False,False,,0,,,,51,2,,Volume ×0.4 (épuisement),15244121,15244121,974831915.3782,974831915.3782,978064789.0,100.0,,,
GPSUSDT,GPS,Mid,467,0.01029,211280.457946,-1.437,62.42347693934225,3.3727628037568725e-05,0.008414199999999998,0.008196450000000001,1.0157360040694488,0.3026455026455026,0.05064456721915287,0.12279719178361247,0.16029959669698415,0.006861666666666666,0.009782777777777777,macd_bullish_cross|uptrend,2,0,haussier,365,0,0,30,,,31.0,73.0,61.0,47.0,50,45.89,False,False,,0,,,,62,2,,Volume ×0.1 (épuisement),45402708,102975002,4409100001.78,10000000000.0,10000000000.0,44.1,26177319,$26M,-0.38
IOUSDT,IO,Mid,383,0.1652,535657.608985,-2.422,45.94079833082842,-0.0012190064167594233,0.17130599999999999,0.13839650000000006,0.7087394761819104,0.29012023000522735,0.1499743194658449,0.12885786842129074,0.2804319651903969,0.1163,0.19075277777777777,downtrend,0,1,baissier,365,0,0,30,,,31.0,45.0,67.0,57.5,21.9,45.74,False,False,,0,,,,47,3,,Volume ×0.1 (épuisement),60472660,132154631,365523456.380176,798800940.9526446,800000000.0,45.8,,,
BEAMXUSDT,BEAMX,Speculative,,0.001676,592602.568189,4.229,64.83229149447556,3.166412967170244e-05,0.00151592,0.0020650350000000002,0.6382164330950182,0.3956095282578235,0.21485287248949095,0.588471842121876,0.5514327237860529,0.0013703333333333332,0.002043416666666667,support_bounce,1,0,haussier,365,0,0,30,,,17.0,66.0,73.0,57.5,50,45.71,False,False,,0,,,,61,2,,Volume ×0.6 (épuisement),,,,,,,,,
EDUUSDT,EDU,Speculative,732,0.0307,1212989.834,0.0,48.06101229870979,0.00030314517026554743,0.033246000000000005,0.0819715,0.7169995263645728,0.6406035665294925,0.578875171467764,0.17781361801297868,0.30768446955648543,0.028325000000000003,0.05299444444444445,uptrend,1,0,haussier,365,0,0,30,,,17.0,37.0,55.0,68.0,50,45.69,False,False,,0,,,,50,2,,Volume ×0.2 (épuisement),24356958,30759804,791843750.0,1000000000.0,1000000000.0,79.2,,,
STXUSDT,STX,Mid,128,0.1746,551620.36213,0.692,48.18418688751761,0.0021109937728991997,0.18926400000000002,0.24486249999999998,0.4731110184364333,0.4060427413411937,0.35740604274134113,0.3968508771496321,0.6761028317494289,0.16759444444444443,0.26121944444444445,downtrend,0,1,baissier,365,0,0,30,,,31.0,37.0,79.0,57.5,21.9,45.5,False,False,,0,,,,47,2,,Volume ×0.4 (épuisement),322193529,322193529,1852453583.41739,1852453583.41739,,100.0,,,
OGUSDT,OG,Speculative,,2.636,1009440.3552,0.038,50.84518484728744,0.023251376361756972,2.6606,3.50896,0.5865749675720748,0.4030379746835443,0.3326582278481013,0.31101334749269643,0.4013095015621503,2.4929722222222224,3.3767777777777783,downtrend,0,1,baissier,365,0,0,30,,,17.0,37.0,79.0,68.0,21.9,45.44,False,False,,0,,,,47,2,,Volume ×0.3 (épuisement),,,,,,,,,
GNOUSDT,GNO,Mid,134,109.03,58308.31839,-0.028,56.07653723963078,0.4706517134573349,105.90819999999998,122.10674999999993,0.3519065711787434,0.3634190918037396,0.23182904540981297,0.24510540950151138,0.5997430958882297,99.32277777777779,133.87083333333337,,0,0,neutre,365,0,0,30,,,31.0,57.0,83.5,47.0,50,45.32,False,False,,0,,,,60,2,,Volume ×0.2 (épuisement),285943590,324986492,2639589.0,3000000.0,3000000.0,88.0,,,
XVSUSDT,XVS,Mid,482,2.64,43039.8944,-1.859,54.01514405359112,0.015491935650507369,2.5633999999999997,3.1603,0.46140561286128334,0.26129032258064516,0.1516129032258065,0.05587063770983289,0.5189551427224848,2.423611111111111,2.8305555555555544,,0,0,neutre,365,0,0,30,,,31.0,57.0,83.5,47.0,50,45.32,False,False,,0,,,,60,2,,Volume ×0.1 (épuisement),44175805,77946020,16858001.264106315,29745107.918202892,30000000.0,56.7,1035769269,$1.0B,0.35
ARUSDT,AR,Mid,224,1.978,804994.07221,-1.248,48.903236411674776,0.0037509805970070507,2.0354999999999994,2.285324999999999,0.6256136201471215,0.34891304347826085,0.28333333333333327,0.05745809531101869,0.30426865314814144,1.8520833333333333,2.4195833333333336,double_bottom_90d|downtrend,1,1,mixte,365,0,0,30,,,31.0,37.0,73.0,57.5,21.9,45.14,False,False,,0,,,,46,2,,Volume ×0.1 (épuisement),129812016,129812016,65652466.0,65652466.0,66000000.0,100.0,,,
GIGGLEUSDT,GIGGLE,Speculative,690,27.08,1810229.60281,4.718,51.06298342847103,0.18999766711429844,27.6696,35.52955,0.8173179575447833,0.5147917085932783,0.45642986516401685,0.36255970003706284,0.3199397890578097,25.1575,38.88805555555555,double_bottom_90d|support_bounce|uptrend,3,0,haussier,261,0,0,30,,,14.2,37.0,59.5,68.0,50,45.02,False,False,,0,,,,51,2,,Volume ×0.4 (épuisement),27020338,27020338,1000000.0,1000000.0,1000000.0,100.0,,,
NEXOUSDT,NEXO,Etabli,83,0.743,192625.22845,-1.328,42.2351026894933,0.0018175975235930116,0.78402,0.8656549999999996,0.33439348576503125,0.22952586206896558,0.19935344827586213,0.1462608442544484,0.787298104536943,0.7368055555555556,0.9165277777777779,downtrend,0,1,baissier,365,0,0,30,,,45.0,28.0,87.5,47.0,21.9,44.99,False,False,,0,,,,43,2,,Volume ×0.1 (épuisement),741272149,741272149,1000000000.0,1000000000.0,1000000000.0,100.0,291721765,$292M,-2.85
SPKUSDT,SPK,Mid,417,0.017167,563154.858528,-1.186,39.27427038737909,0.00014798853814304493,0.01959798,0.02344969999999999,0.5491345386375426,0.6757355206407887,0.669631854590265,0.13727140666386964,0.29494123022475655,0.01723958333333333,0.03926633333333334,doji_4h,0,0,neutre,365,0,0,30,,,31.0,28.0,59.5,57.5,50,44.94,False,False,,0,,,,45,2,,Volume ×0.1 (épuisement),53020033,171541654,3090796404.053254,10000000000.0,10000000000.0,30.9,3314297505,$3.3B,-9.26
DODOUSDT,DODO,Speculative,909,0.01658,1321524.076969,3.045,47.61407470729562,-0.00023209929072607387,0.0167976,0.0169252,0.854545371025549,0.3785166240409208,0.2932651321398125,0.45291566525366284,0.23161456506259875,0.015376666666666669,0.020916944444444443,death_cross|support_bounce|uptrend|doji_4h,2,1,haussier,365,0,0,30,,,17.0,37.0,67.0,68.0,25.2,44.92,False,False,,0,,,,46,3,,Volume ×0.5 (épuisement),16617092,16617092,1000000000.0,1000000000.0,1000000000.0,100.0,11429593,$11M,-2.11
WBTCUSDT,WBTC,Speculative,,63958.6,3031104.1292963,-0.444,52.96368002348918,552.10734948593,64860.000400000026,73756.42344999996,0.30080438876815957,0.28535481735715956,0.21954618388224711,0.19945639987562108,0.9994443117873825,60616.208333333336,79842.35444444444,downtrend,0,1,baissier,365,0,0,30,,,17.0,37.0,69.5,68.0,21.9,44.87,False,False,,0,,,,45,2,,Volume ×0.2 (épuisement),,,,,,,7276926856,$7.3B,1.66
REDUSDT,RED,Mid,431,0.1156,386727.57251,3.863,63.80111937436247,0.002637317658044638,0.104494,0.15359649999999994,0.9023728394319658,0.4334600760456274,0.2674271229404309,0.31927010122881416,0.5135040402904575,0.09263888888888891,0.14936944444444444,,0,0,neutre,365,0,0,30,,,31.0,57.0,73.0,47.0,50,44.69,False,False,,0,,,,59,2,,Volume ×0.3 (épuisement),51423704,115344102,445828635.0,1000000000.0,1000000000.0,44.6,,,
AUSDT,A,Mid,232,0.0746,306333.5497,-2.356,57.79698964703819,0.001275976897347676,0.06977799999999998,0.09154449999999997,0.6562460745054235,0.3917004048582996,0.24190283400809723,0.33587249162021043,0.5861005762744629,0.0623722222222222,0.09282500000000002,uptrend,1,0,haussier,365,0,0,30,,,31.0,57.0,73.0,47.0,50,44.69,False,False,,0,,,,59,2,,Volume ×0.3 (épuisement),123041631,156263324,1653538517.7955,2100000000.0,2100000000.0,78.7,,,
HEIUSDT,HEI,Speculative,,0.1051,953257.71772,-1.776,47.2964941293882,-0.004357908304706163,0.10106000000000001,0.09654199999999999,3.0221436403313287,0.43007186290768384,0.41569928137092316,0.21547384546577897,-0.04492469590946377,0.06972222222222224,0.140125,uptrend,1,0,haussier,365,0,0,30,,,17.0,73.0,41.5,57.5,50,44.66,False,False,,0,,,,59,3,,Volume ×0.2 (épuisement),,,,,,,,,
MEGAUSDT,MEGA,Mid,425,0.04627,1752082.767436,-3.544,38.885213923494014,0.00048634739214589284,0.053725999999999996,,1.371740510490573,0.7445378151260504,0.7217887154861945,0.05242516124244657,,0.04554103448275862,0.13475206896551725,downtrend,0,1,baissier,74,0,0,30,,,23.0,36.0,34.5,68.0,21.9,44.63,False,False,,0,,,,37,2,,Volume ×0.1 (épuisement),52288788,462817502,1129792788.0,10000000000.0,10000000000.0,11.3,,,
PLUMEUSDT,PLUME,Mid,380,0.01024,938515.85449,-2.569,47.196991979299035,7.481423902035329e-05,0.011166399999999998,0.012332599999999992,0.6772766311176366,0.39397821909032676,0.34401024983984624,0.23832493872901286,0.4457157009411079,0.00990666666666667,0.014464999999999999,downtrend,0,1,baissier,329,0,0,30,,,30.0,37.0,68.5,57.5,21.9,44.55,False,False,,0,,,,45,2,,Volume ×0.2 (épuisement),61068431,102295711,5969793823.0,10000000000.0,10000000000.0,59.7,,,
YFIUSDT,YFI,Mid,314,2150.0,433406.87841,0.327,55.09419799736146,44.48113227857982,1988.96,2643.78,1.6377504228035273,0.42786596119929454,0.23774250440917108,0.7702288160033155,0.4228245652031356,1729.9166666666667,2781.6111111111113,,0,0,neutre,365,0,0,30,,,31.0,66.0,52.0,47.0,50,44.51,False,False,,0,,,,58,0,,,77007497,78835187,35815.94701468851,36666.0,36666.0,97.7,146651776,$147M,1.72
ZKUSDT,ZK,Mid,259,0.01049,823201.422619,-2.87,43.73471215238241,0.0001092549187754137,0.01152,0.019046200000000003,0.5135343637829884,0.49772612430520463,0.46993431025770593,0.19244417412876189,0.6010927619050215,0.010205277777777778,0.01795194444444444,double_bottom_90d|downtrend,1,1,mixte,365,0,0,30,,,31.0,28.0,79.0,57.5,21.9,44.42,False,False,,0,,,,41,2,,Volume ×0.2 (épuisement),104566883,219946982,9983790276.0,21000000000.0,21000000000.0,47.5,,,
ZENUSDT,ZEN,Mid,322,4.157,760573.21965,-0.717,42.3728444172359,0.03462504409501302,4.6494800000000005,6.310710000000004,0.489747421613149,0.47020042194092826,0.45213607594936706,0.12253792171403137,0.6136966664879958,4.091194444444444,6.878250000000001,support_bounce|downtrend,1,1,mixte,365,0,0,30,,,31.0,28.0,79.0,57.5,21.9,44.42,False,False,,0,,,,41,2,,Volume ×0.1 (épuisement),75473077,87191567,18177613.58666088,21000000.0,21000000.0,86.6,,,
FLOKIUSDT,FLOKI,Mid,153,2.281e-05,544513.59048654,-1.85,44.12241151036818,1.7214467676392427e-07,2.4832000000000002e-05,3.2101350000000014e-05,0.5977256121700236,0.42474558114622385,0.3899303695768613,0.10241679698427883,0.5967848463788232,2.2393333333333335e-05,3.454888888888888e-05,downtrend,0,1,baissier,365,0,0,30,,,31.0,28.0,79.0,57.5,21.9,44.42,False,False,,0,,,,41,2,,Volume ×0.1 (épuisement),219737211,219737211,9647493711993.488,9647493711993.488,20000000000000.0,100.0,9342487,$9M,-2.33
KAIAUSDT,KAIA,Mid,162,0.0348,512567.86078,0.288,40.966777784985965,0.0002356799034151718,0.038771999999999994,0.05016800000000001,0.43009484917647317,0.3736059479553903,0.35315985130111527,0.40420522950109966,0.6292946725355748,0.03464444444444446,0.0509111111111111,downtrend,0,1,baissier,365,0,0,30,,,31.0,28.0,79.0,57.5,21.9,44.42,False,False,,0,,,,41,2,,Volume ×0.4 (épuisement),203752381,203752387,5856641747.106198,5856641936.044253,,100.0,,,
ESPUSDT,ESP,Speculative,514,0.06492,1208442.74914,-9.983,47.66298387897247,-0.00010401276843109064,0.0660494,,0.7646033099988884,0.26144208642290967,0.16926617233444136,0.36308575987897923,0.33353827364644906,0.0611975,0.07639472222222222,macd_bearish_cross,0,1,baissier,151,0,0,30,,,11.1,45.0,73.0,68.0,26.3,44.38,False,False,,0,,,,49,5,⚠️ Surveiller,Volume ×0.4 (épuisement)|MACD cross baissier,40259887,233660025,620521794.0,3601379682.0,,17.2,,,
BROCCOLI714USDT,BROCCOLI714,Speculative,,0.0128,697986.68099,0.867,52.55488064235717,0.00011450148826554054,0.012691199999999996,0.015243649999999992,0.6603794548236034,0.4892723880597015,0.4025186567164179,0.14007456464654136,0.3606858307295289,0.01161027777777778,0.018349999999999998,,0,0,neutre,365,0,0,30,,,17.0,57.0,68.5,57.5,50,44.36,False,False,,0,,,,58,2,,Volume ×0.1 (épuisement),,,,,,,,,
BANANAS31USDT,BANANAS31,Mid,316,0.007702,665102.339657,-2.924,41.067131047585036,-2.826178321290682e-05,0.0095302,0.008122479999999998,1.5495869324978369,0.5125140607424072,0.4582395950506187,0.07331864114194957,0.18443718447493132,0.008134999999999998,0.012660833333333336,doji_4h,0,0,neutre,365,0,0,30,,,31.0,36.0,32.5,57.5,50,44.28,False,False,,0,,,,43,3,,Volume ×0.1 (épuisement),76986815,76986815,10000000000.0,10000000000.0,10000000000.0,100.0,,,
IDUSDT,ID,Speculative,911,0.0387,680140.6271,3.2,56.651191966318024,5.722721347314538e-05,0.03284399999999999,0.042934500000000035,1.3682395603395645,0.4039900249376558,0.07673860911270987,0.2103742862021593,0.38934354260082926,0.02714722222222222,0.03991388888888889,doji_4h,0,0,neutre,365,0,0,30,,,17.0,57.0,67.0,57.5,50,44.27,False,False,,0,,,,58,2,,Volume ×0.2 (épuisement),16560484,76804826,430506132.0,1996617244.0,2000000000.0,21.6,,,
RVNUSDT,RVN,Mid,372,0.00385,532825.177749,-1.535,43.78046782082125,3.63826281535724e-05,0.004306000000000001,0.00571195,0.5812320799141676,0.425,0.4,0.6957059042294809,0.6633570316860882,0.003833611111111112,0.006132500000000001,double_top_90d|downtrend,0,2,baissier,365,0,0,30,,,31.0,37.0,79.0,57.5,0,44.19,False,False,,0,,,,39,2,,Double sommet,62688053,62691867,16345750993.11267,16346745493.11267,21000000000.0,100.0,,,
MUBARAKUSDT,MUBARAK,Speculative,,0.013,515703.576108,1.325,67.56774411002755,0.000299999455394929,0.011264600000000003,0.014399050000000009,0.5673785103942642,0.4335461404526988,0.24608241439349968,0.16311747258622192,0.4120227905573902,0.010085,0.01588138888888889,double_bottom_90d,1,0,haussier,365,0,0,30,,,17.0,48.0,83.5,57.5,50,44.18,False,False,,0,,,,55,2,,Volume ×0.2 (épuisement),,,,,,,,,
PORTALUSDT,PORTAL,Speculative,,0.01179,1934387.94942,-0.422,44.367406843854035,-9.072907750926876e-05,0.0140346,0.01386965,1.6555302783930996,0.6489984591679506,0.6366718027734977,0.21340152514299057,0.13094376474084804,0.0084325,0.01932944444444444,golden_cross|support_bounce,2,0,haussier,365,0,0,30,,,17.0,36.0,28.0,68.0,53.3,44.14,False,False,,0,,,,43,3,,Volume ×0.2 (épuisement),,,,,,,,,
BLURUSDT,BLUR,Mid,443,0.0173,620527.875003,-3.621,50.45424907391198,0.0003510092060630953,0.0177114,0.022825300000000017,1.5209234843432904,0.5917056074766355,0.4947429906542056,0.8667316104245146,0.3245228970970632,0.01502555555555555,0.030059166666666668,shooting_star_4h,0,1,baissier,365,0,0,30,,,31.0,46.0,38.5,57.5,20.4,44.06,False,False,,0,,,,43,2,,Étoile filante 4h,49098280,51843571,2841139936.501141,3000000000.0,3000000000.0,94.7,13556004,$14M,0.96
WIFUSDT,WIF,Mid,199,0.1505,867814.191515,-1.182,39.014397478392326,-0.0019900878254846327,0.16790799999999997,0.21883200000000008,0.6780938689094579,0.3806034482758621,0.3521551724137932,0.17074709386069997,0.5036447139862247,0.1530416666666667,0.2169444444444445,macd_bearish_cross,0,1,baissier,365,0,0,30,,,31.0,28.0,68.5,57.5,26.3,44.05,False,False,,0,,,,41,5,⚠️ Surveiller,Volume ×0.2 (épuisement)|MACD cross baissier,150312140,150312140,998926392.0,998926392.0,998926392.0,100.0,,,
TSTUSDT,TST,Speculative,,0.01075,1089666.210483,5.392,43.92925646397829,0.00016910961946167095,0.013297199999999999,0.013024100000000004,1.280664113048852,0.6178050652340752,0.5874904067536455,0.7296258588854146,0.17917445310609648,0.010223333333333333,0.021259999999999994,downtrend,0,1,baissier,365,0,0,30,,,17.0,45.0,38.5,68.0,21.9,43.97,False,False,,0,,,,40,0,,,,,,,,,,,
NEIROUSDT,NEIRO,Speculative,704,6.197e-05,1108552.47903561,-3.202,43.398832677809864,1.982556524662128e-07,6.907900000000001e-05,8.334500000000004e-05,0.6334292977220742,0.48377125193199383,0.4682294349991414,0.16344074911462708,0.3681991517960093,6.168444444444444e-05,0.00010238472222222221,downtrend,0,1,baissier,365,0,0,30,,,17.0,28.0,68.5,68.0,21.9,43.73,False,False,,0,,,,40,2,,Volume ×0.2 (épuisement),26045759,26045759,420690000000.0,420690000000.0,420690000000.0,100.0,,,
NIGHTUSDT,NIGHT,Mid,103,0.03066,553115.92766,-2.17,43.41380989633037,-0.00017753137739644662,0.032872000000000005,,0.6353119936569109,0.2390916050012759,0.21689206430211797,0.099312704261858,0.2699296883459846,0.030207222222222233,0.037542500000000006,macd_bearish_cross|doji_4h,0,1,baissier,124,0,0,30,,,24.4,36.0,79.0,57.5,26.3,43.48,False,False,,0,,,,45,5,⚠️ Surveiller,Volume ×0.1 (épuisement)|MACD cross baissier,508737591,735196517,16607399400.63495,24000000000.0,24000000000.0,69.2,,,
SUSDT,S,Mid,269,0.02591,761592.611914,-1.967,45.54403326141763,0.000597108410381988,0.030425400000000005,0.04716859999999998,1.0245188269227332,0.6353390292674059,0.5302672241410653,0.2525986005955389,0.48959745785975856,0.024124999999999997,0.04948972222222223,downtrend,0,1,baissier,365,0,0,30,,,31.0,37.0,44.5,57.5,21.9,43.43,False,False,,0,,,,41,2,,Volume ×0.3 (épuisement),97814273,100417342,3784775845.0,3885497663.0,,97.4,,,
CFGUSDT,CFG,Mid,343,0.1852,523542.23604,-4.487,38.00241847240179,-0.0003377455019837206,0.22147799999999995,,0.594452667642763,0.4127495170637475,0.4030907920154539,0.1022127250375196,0.33742467099339124,0.19157777777777776,0.299125,macd_bearish_cross,0,1,baissier,119,0,0,30,,,24.3,36.0,79.0,57.5,26.3,43.43,False,False,,0,,,,45,5,⚠️ Surveiller,Volume ×0.1 (épuisement)|MACD cross baissier,70437642,125919057,380384016.0,680000000.0,,55.9,1639208278,$1.6B,0.11
RESOLVUSDT,RESOLV,Speculative,,0.0199,1107191.93951,-0.995,46.71111345455932,-0.0001132569905616897,0.020333999999999998,0.049447,1.716440151082393,0.5882352941176472,0.4397759103641457,0.4768635815322373,0.3059544258161456,0.017191666666666664,0.0339361111111111,macd_bearish_cross,0,1,baissier,365,0,0,30,,,17.0,37.0,38.5,68.0,26.3,43.28,False,False,,0,,,,42,5,⚠️ Surveiller,Volume ×0.5 (épuisement)|MACD cross baissier,,,,,,,8548402,$9M,-4.93
KMNOUSDT,KMNO,Mid,276,0.01918,208942.29264,1.214,49.4119673443191,-0.0001321987543797802,0.018344199999999995,0.027216449999999993,0.8439363642380765,0.46168656141701964,0.2637658837119753,0.17478957471440318,0.4227069242880377,0.016278055555555556,0.02294972222222222,macd_bearish_cross,0,1,baissier,365,0,0,30,,,31.0,57.0,73.0,47.0,26.3,43.27,False,False,,0,,,,53,5,⚠️ Surveiller,Volume ×0.2 (épuisement)|MACD cross baissier,96339121,191054752,5042466048.25,9999957291.7085,10000000000.0,50.4,1007451711,$1.0B,-4.58
BERAUSDT,BERA,Mid,393,0.194,850837.479307,-3.483,35.52436420659984,0.0020196752417349986,0.2529799999999999,0.4618999999999997,0.6683047181838327,0.5640449438202247,0.5640449438202247,0.3411335743695452,0.6418370195892771,0.2053611111111111,0.40986111111111106,rsi_bullish_divergence|downtrend|doji_4h,1,1,mixte,365,0,0,30,,,31.0,28.0,55.0,57.5,25.2,43.18,False,False,,0,,,,38,2,,Volume ×0.3 (épuisement),58020684,107109422,298272465.3211592,550627623.1746969,,54.2,,,
KATUSDT,KAT,Speculative,,0.00521,1919363.0201,-5.616,47.13115488053095,0.00011513955193204157,0.005829200000000001,,0.8180558084830292,0.8145454545454546,0.7898989898989899,0.6202502126142653,0.14680728404678794,0.0049322222222222215,0.012073333333333332,downtrend,0,1,baissier,117,0,0,30,,,10.2,54.0,43.0,68.0,21.9,43.09,False,False,,0,,,,46,0,,,,,,,,,,,
GMXUSDT,GMX,Mid,377,5.9,49278.76271,-1.667,52.183262384656075,0.04387809395357216,5.8782000000000005,6.6563000000000025,0.6237995314552419,0.30668414154652685,0.22542595019659237,0.12193793666924926,0.6356495832932119,5.447222222222222,7.349722222222222,double_bottom_90d|downtrend|doji_4h,1,1,mixte,365,0,0,30,,,31.0,57.0,73.0,47.0,21.9,43.01,False,False,,0,,,,52,2,,Volume ×0.1 (épuisement),61500063,61500375,10435338.20214452,10435391.07019181,13250000.0,100.0,174799408,$175M,-1.15
HOMEUSDT,HOME,Mid,396,0.01469,564692.04093,-5.531,35.649761028100286,0.00018804345345647218,0.026061199999999996,0.0236337,1.137430543000189,0.7480041652204096,0.7448802499132247,0.16721800585509244,-0.13951917744307923,0.014649166666666665,0.03885166666666667,macd_bullish_cross|downtrend,1,1,mixte,365,0,0,30,,,31.0,36.0,38.5,57.5,21.9,42.95,False,False,,0,,,,37,2,,Volume ×0.2 (épuisement),56999687,146724518,3884809942.01,10000000000.0,10000000000.0,38.8,,,
METUSDT,MET,Mid,297,0.1542,271757.0476,-0.452,48.853223527351695,-0.00360321026304004,0.13883600000000001,0.1791634999999998,1.3676308112473339,0.47348484848484845,0.19780793319415443,0.14135563928266429,0.4299628966794083,0.10964166666666667,0.18201666666666666,,0,0,neutre,242,0,0,30,,,27.6,57.0,62.5,47.0,50,42.95,False,False,,0,,,,57,3,,Volume ×0.1 (épuisement),82632265,153688213,536443431.090169,997734146.450692,1000000000.0,53.8,180118591,$180M,-13.34
RAYUSDT,RAY,Mid,175,0.682,288534.80892,-2.404,52.59457256974404,0.0010706294874047763,0.6510879999999999,0.733817,0.6495612052973222,0.3644646924829157,0.22619589977220955,0.16014236940235888,0.683831249908086,0.584763888888889,0.8228333333333331,double_top_90d,0,1,baissier,365,0,0,30,,,31.0,57.0,73.0,47.0,19.7,42.87,False,False,,0,,,,52,4,⚠️ Surveiller,Volume ×0.2 (épuisement)|Double sommet,182957362,377037127,269313892.480486,555000000.0,555000000.0,48.5,862036542,$862M,-7.07
CELOUSDT,CELO,Mid,492,0.0707,391389.187694,0.042,56.895854420660996,0.0008314148161179479,0.06631600000000003,0.08613354999999999,0.9898792547622901,0.43221411192214104,0.3096836982968369,0.2977706605426878,0.5051263676429247,0.060177777777777774,0.09430694444444442,downtrend,0,1,baissier,365,0,0,30,,,31.0,57.0,68.5,47.0,21.9,42.74,False,False,,0,,,,51,2,,Volume ×0.3 (épuisement),42752309,70809644,603763925.0,1000000000.0,1000000000.0,60.4,,,
COMPUSDT,COMP,Mid,188,16.99,243444.4414,-0.118,49.614083532498924,0.154454215711416,17.3054,20.333050000000004,0.44390953856079385,0.4208921082729699,0.3526496378192909,0.10474203290061974,0.45726143264832186,16.134166666666673,24.449444444444442,support_bounce,1,0,haussier,365,0,0,30,,,31.0,37.0,79.0,47.0,50,42.65,False,False,,0,,,,54,2,,Volume ×0.1 (épuisement),164120149,169752726,9668189.278360886,10000000.0,10000000.0,96.7,1153965994,$1.2B,2.67
ONTUSDT,ONT,Mid,471,0.04521,147897.99594,-0.834,46.94610671329039,0.00047523261251377616,0.047272999999999996,0.05709304999999998,0.4065224176587296,0.47857760217310785,0.44128904803062113,0.14344641965264962,0.4397080841278533,0.04365638888888887,0.0772652777777778,,0,0,neutre,365,0,0,30,,,31.0,37.0,79.0,47.0,50,42.65,False,False,,0,,,,54,2,,Volume ×0.1 (épuisement),45081206,45081206,1000000000.0,1000000000.0,,100.0,,,
POLYXUSDT,POLYX,Mid,455,0.0368,107055.61892,-0.541,45.04240480162571,0.0003508737621837376,0.040548,0.047701000000000014,0.5402013493725917,0.398945518453427,0.3532513181019332,0.11570890936213944,0.6708706158808658,0.036055555555555556,0.05546944444444444,,0,0,neutre,365,0,0,30,,,31.0,37.0,79.0,47.0,50,42.65,False,False,,0,,,,54,2,,Volume ×0.1 (épuisement),47500546,47500546,1296284294.507813,1296284294.507813,,100.0,,,
GLMUSDT,GLM,Mid,264,0.1009,91679.57762,0.498,45.31296183484653,0.0008580246478828678,0.11142600000000001,0.15554899999999994,0.5964622217679857,0.40182054616384916,0.34395318595578667,0.0989736391019745,0.4930230152571847,0.099175,0.14416944444444446,support_bounce,1,0,haussier,365,0,0,30,,,31.0,37.0,79.0,47.0,50,42.65,False,False,,0,,,,54,2,,Volume ×0.1 (épuisement),100904577,100904577,1000000000.0,1000000000.0,,100.0,,,
ZRXUSDT,ZRX,Mid,328,0.0873,68571.8493,-1.02,50.85155944971416,0.0009261985859517452,0.08914000000000001,0.10867499999999991,0.5199166598498595,0.3971518987341772,0.3085443037974684,0.1205093699268853,0.5698877875996924,0.08113888888888887,0.11741666666666666,,0,0,neutre,365,0,0,30,,,31.0,37.0,79.0,47.0,50,42.65,False,False,,0,,,,54,2,,Volume ×0.1 (épuisement),74072916,87309306,848396562.906836,1000000000.0,1000000000.0,84.8,,,
STORJUSDT,STORJ,Speculative,,0.0755,934898.8876,-0.396,47.281071825489,0.0006797006199822406,0.08070000000000001,0.10173150000000003,0.511529588792157,0.46258503401360546,0.4293272864701436,0.3946106536015845,0.3552917983864297,0.07319444444444442,0.11704444444444444,,0,0,neutre,365,0,0,30,,,17.0,37.0,79.0,57.5,50,42.59,False,False,,0,,,,54,2,,Volume ×0.4 (épuisement),,,,,,,,,
NXPCUSDT,NXPC,Mid,320,0.2615,155389.63043,-1.544,36.52713521372397,0.002311662760396037,0.325956,0.3188810000000001,0.46682994944317713,0.40462427745664736,0.39537572254335257,0.11086161029647157,0.32560820717650396,0.2672916666666667,0.39142222222222217,doji_4h,0,0,neutre,365,0,0,30,,,31.0,36.0,79.0,47.0,50,42.53,False,False,,0,,,,50,2,,Volume ×0.1 (épuisement),76393306,259932220,292296040.3429133,994552574.1697733,1000000000.0,29.4,,,
OGNUSDT,OGN,Speculative,,0.01678,608481.77968,-0.297,48.79025968391848,0.00020560050190159023,0.017762600000000003,0.022856000000000008,1.013111194626173,0.4204228161148783,0.33147187873952927,1.0,0.44867969309545697,0.015714166666666668,0.024425,,0,0,neutre,365,0,0,30,,,17.0,46.0,58.0,57.5,50,42.41,False,False,,0,,,,53,0,,,,,,,,,,,
STRAXUSDT,STRAX,Speculative,805,0.00968,541189.5406,1.574,45.4888017046243,-5.451624101643072e-06,0.0104162,0.01439535,0.8462449462027609,0.48164281269446174,0.40012445550715625,1.0857246523695898,0.18393424000216285,0.009153888888888888,0.014128333333333333,macd_bearish_cross,0,1,baissier,365,0,0,30,,,17.0,55.0,62.5,57.5,26.3,42.34,False,False,,0,,,,51,3,,MACD cross baissier,21039844,21039844,2185023096.990955,2185023096.990955,,100.0,,,
MITOUSDT,MITO,Speculative,,0.02156,1057275.912527,0.607,41.09184633613962,5.918250008135552e-05,0.0254682,0.042887749999999995,1.5633109983030031,0.7753729518219614,0.7367326974810467,0.33512992295997,0.21478264207129488,0.02110833333333333,0.057903333333333334,,0,0,neutre,318,0,0,30,,,15.7,28.0,22.0,68.0,50,42.2,False,False,,0,,,,39,2,,Volume ×0.3 (épuisement),,,,,,,,,
DGBUSDT,DGB,Mid,456,0.00254,49944.784528,-0.781,48.1838031536504,3.091802489585243e-05,0.0027149999999999987,0.004131749999999998,0.5455748695663725,0.5074626865671642,0.45842217484008524,0.1471398289210926,0.518466009052671,0.002415277777777778,0.004299444444444444,doji_4h,0,0,neutre,365,0,0,30,,,31.0,37.0,70.0,47.0,50,42.11,False,False,,0,,,,52,2,,Volume ×0.1 (épuisement),46660357,46674736,18371597516.28052,18377258852.76465,21000000000.0,100.0,,,
AXSUSDT,AXS,Mid,181,1.0,478001.27457,-1.478,47.285660139279116,0.0008141008997721404,1.0301199999999997,1.2406399999999995,0.9180467497998214,0.43029150823827633,0.3669201520912548,0.11588289537646736,0.33579231837087403,0.946388888888889,1.4144166666666664,,0,0,neutre,365,0,0,30,,,31.0,37.0,68.5,47.0,50,42.02,False,False,,0,,,,52,2,,Volume ×0.1 (épuisement),173459519,269334184,173888325.001344,270000000.0,270000000.0,64.4,,,
XTZUSDT,XTZ,Mid,144,0.2298,256892.80302,-2.254,45.10813919787547,0.002667393346443012,0.252484,0.37904349999999987,0.7266470837182977,0.49438482655353133,0.4267531819316197,0.2377423502554208,0.5986235400027848,0.21968888888888885,0.38248888888888893,,0,0,neutre,365,0,0,30,,,31.0,37.0,68.5,47.0,50,42.02,False,False,,0,,,,52,2,,Volume ×0.2 (épuisement),250334984,254923333,1090346554.886566,1110331336.629267,,98.2,,,
WAXPUSDT,WAXP,Speculative,844,0.0041,852578.7787,1.737,42.03936104879284,4.038357619801864e-05,0.0046922000000000005,0.006484550000000001,0.591788627260575,0.48148148148148145,0.4375857338820301,1.378474179584905,0.5977023298357601,0.004068888888888889,0.00695111111111111,downtrend|doji_4h,0,1,baissier,365,0,0,30,,,17.0,46.0,79.0,57.5,21.9,41.99,False,False,,0,,,,47,0,,,19014284,19014284,4640413713.664659,4640413713.664659,,100.0,,,
ENSOUSDT,ENSO,Speculative,952,0.727,742432.34817,3.561,61.17357982436169,0.011188174909882694,0.6548599999999999,0.9517050000000005,0.7640113477439988,0.44685039370078733,0.2854330708661418,0.39082367187643413,0.5142517252903875,0.5898888888888888,0.9692777777777776,rsi_bearish_divergence|doji_4h,0,1,baissier,272,0,0,30,,,14.5,57.0,73.0,57.5,16.2,41.77,False,False,,0,,,,51,4,⚠️ Surveiller,Volume ×0.4 (épuisement)|Divergence RSI baissière,15060601,73145221,20590000.0,100000000.0,127339703.0,20.6,,,
BICOUSDT,BICO,Speculative,,0.01421,824851.3208241,-0.211,41.22126749445805,-0.0002289590075871496,0.021343,0.026819249999999982,3.5965619664624944,0.7799043062200958,0.773524720893142,1.701654643099545,0.34941683931212836,0.015894166666666668,0.03181666666666666,,0,0,neutre,365,0,0,30,,,17.0,55.0,28.0,57.5,50,41.69,False,False,,0,,,,48,1,,,,,,,,,,,
KAVAUSDT,KAVA,Mid,448,0.04434,442355.474562,-0.36,44.150912596583005,0.00030740986811095185,0.0472708,0.05940265000000001,0.41610650230689195,0.3875605104884846,0.3497139504180724,0.3900082399141899,0.5605306455281961,0.04293361111111111,0.06446500000000001,,0,0,neutre,365,0,0,30,,,31.0,28.0,79.0,47.0,50,41.57,False,False,,0,,,,48,2,,Volume ×0.4 (épuisement),47930142,47930142,1082847009.0,1082847009.0,,100.0,,,
ENSUSDT,ENS,Mid,186,4.15,349479.1648,-1.19,37.47677699543426,0.0369977243038766,4.848599999999998,6.51005,0.5425053368532416,0.4492557510148849,0.4397834912043302,0.1423380155904431,0.6765457015563505,4.168333333333333,6.73361111111111,,0,0,neutre,365,0,0,30,,,31.0,28.0,79.0,47.0,50,41.57,False,False,,0,,,,48,2,,Volume ×0.1 (épuisement),168949921,413116306,40896454.15143091,100000000.0,100000000.0,40.9,,,
JASMYUSDT,JASMY,Mid,157,0.00444,340352.429476,-1.77,44.31908173591161,1.965423724587621e-05,0.004801000000000001,0.005788949999999999,0.588658047114103,0.4258760107816712,0.40161725067385445,0.08432560535463096,0.5465735299250043,0.00442,0.0063033333333333335,,0,0,neutre,365,0,0,30,,,31.0,28.0,79.0,47.0,50,41.57,False,False,,0,,,,48,2,,Volume ×0.1 (épuisement),219157782,221617741,49444999677.59027,50000000000.0,50000000000.0,98.9,,,
FLOWUSDT,FLOW,Mid,469,0.02706,196392.6783165,-0.295,42.51351908532777,6.161404201405227e-05,0.02881439999999999,0.04500440000000002,0.46239145791544295,0.41085972850678737,0.3868778280542987,0.11070554105101023,0.4249276944385457,0.026837222222222217,0.04164583333333334,,0,0,neutre,365,0,0,30,,,31.0,28.0,79.0,47.0,50,41.57,False,False,,0,,,,48,2,,Volume ×0.1 (épuisement),45304273,45304273,1674429099.718878,1674429099.718878,,100.0,,,
GASUSDT,GAS,Mid,346,1.058,140319.7242,0.38,44.3142320003807,0.01017676363078538,1.1668400000000003,1.5927349999999996,0.5506757386217467,0.44929971988795514,0.40728291316526605,0.20014764075673408,0.6981601410074519,1.0378333333333332,1.7124444444444444,,0,0,neutre,365,0,0,30,,,31.0,28.0,79.0,47.0,50,41.57,False,False,,0,,,,48,2,,Volume ×0.2 (épuisement),68832962,68832962,65093580.54427269,65093580.54427269,,100.0,,,
XECUSDT,XEC,Mid,260,5.16e-06,112573.05302811,-0.193,43.095223030254445,3.335246719261436e-08,5.659999999999999e-06,7.629350000000002e-06,0.49526264870389486,0.4287369640787949,0.4009269988412515,0.24915847341472472,0.6533571899823529,5.1275000000000005e-06,7.7475e-06,,0,0,neutre,365,0,0,30,,,31.0,28.0,79.0,47.0,50,41.57,False,False,,0,,,,48,2,,Volume ×0.2 (épuisement),103234771,103234771,20054389047580.0,20054389047580.0,21000000000000.0,100.0,,,
COWUSDT,COW,Mid,303,0.1399,85399.00459,-1.617,39.007602837561876,-0.0005066688144950517,0.149184,0.19164649999999994,0.4155162533043758,0.39772209567198175,0.3630979498861048,0.10611862552604848,0.49029857424037326,0.13888611111111115,0.19501388888888893,,0,0,neutre,365,0,0,30,,,31.0,28.0,79.0,47.0,50,41.57,False,False,,0,,,,48,3,,Volume ×0.1 (épuisement),80985856,139910009,578842477.0741992,1000000000.0,1000000000.0,57.9,,,
QTUMUSDT,QTUM,Mid,333,0.69,55214.2353,-0.433,42.46809783227338,0.0035381905620955473,0.7413799999999999,0.9567050000000001,0.4027219657771347,0.3611111111111111,0.3400383141762453,0.08840747187422528,0.6372578756726499,0.6809444444444446,0.9680555555555556,doji_4h,0,0,neutre,365,0,0,30,,,31.0,28.0,79.0,47.0,50,41.57,False,False,,0,,,,48,2,,Volume ×0.1 (épuisement),72988617,74198755,106063884.75,107822406.0,,98.4,,,
XNOUSDT,XNO,Mid,480,0.323,29087.35581,-2.417,41.537522939673615,0.003621314718580907,0.3678,0.5059899999999999,0.5806381196587151,0.4317757009345795,0.3962616822429907,0.0985364144958953,0.4429232023284889,0.3212777777777778,0.5009166666666667,,0,0,neutre,365,0,0,30,,,31.0,28.0,79.0,47.0,50,41.57,False,False,,0,,,,48,2,,Volume ×0.1 (épuisement),44221487,44221487,133248297.0,133248297.0,133248297.0,100.0,,,
KITEUSDT,KITE,Mid,135,0.1126,709304.48686,-7.705,32.86460672533907,0.001990370835567211,0.16277999999999998,0.16672349999999997,0.8124168744778926,0.5754677754677755,0.5318087318087318,0.08257054618191395,0.34876674902265575,0.118925,0.21547777777777777,death_cross,0,1,baissier,252,0,0,30,,,27.9,19.0,55.0,57.5,25.2,41.08,False,False,,0,,,,36,2,,Volume ×0.1 (épuisement),269019524,1125041705,2391196012.0,10000000000.0,10000000000.0,23.9,,,
RPLUSDT,RPL,Speculative,506,1.85,295493.7524,8.187,57.4781363323163,0.009341082398086592,1.5271999999999997,1.8102499999999992,1.9261550204715006,0.4,0.15384615384615377,1.493474180821256,0.3366908461078416,1.3213888888888885,2.0500000000000003,,0,0,neutre,365,0,0,30,,,17.0,75.0,52.0,47.0,50,41.0,False,False,,0,,,,61,0,,,42020915,42020915,22619597.20624596,22619597.20624596,,100.0,951756864,$952M,1.85
WINUSDT,WIN,Speculative,809,2.101e-05,116132.20134102,-0.332,57.437158987101526,-4.336678754134817e-08,1.95306e-05,2.18897e-05,0.39494767347307713,0.2589167767503303,0.07617789520035236,0.19349866554687584,0.5635638343595433,1.7916666666666664e-05,2.1642777777777774e-05,,0,0,neutre,365,0,0,30,,,17.0,57.0,88.0,47.0,50,41.0,False,False,,0,,,,61,3,,Volume ×0.2 (épuisement),20838865,20838865,993701854154.286,993701859243.3864,,100.0,,,
SUSHIUSDT,SUSHI,Mid,476,0.1632,305719.58067,-0.73,47.8236171049707,0.0020414727340566097,0.17512,0.22012899999999994,0.5842641082309361,0.41570805236017455,0.3522411741372471,0.15911095313705315,0.43969053290620985,0.1556388888888889,0.23496111111111107,downtrend,0,1,baissier,365,0,0,30,,,31.0,37.0,79.0,47.0,21.9,40.97,False,False,,0,,,,47,2,,Volume ×0.2 (épuisement),44476676,47490933,273012266.12632084,291514753.9009228,,93.7,32586337,$33M,-1.16
SFPUSDT,SFP,Mid,246,0.225,75190.1534,-1.961,46.131513796170864,0.0020536870626083562,0.24012599999999995,0.2887869999999999,0.5462353067295509,0.4544257112750263,0.4080611169652265,0.34026091033620476,0.46193785865363096,0.2184694444444445,0.3309527777777778,downtrend,0,1,baissier,365,0,0,30,,,31.0,37.0,79.0,47.0,21.9,40.97,False,False,,0,,,,47,2,,Volume ×0.3 (épuisement),112330119,112330119,500000000.0,500000000.0,500000000.0,100.0,,,
FFUSDT,FF,Mid,179,0.05902,605786.222013,1.794,33.07772945321845,0.00023442690118015506,0.0768312,0.07841004999999995,0.5485461849858637,0.4708817126269957,0.46507619738751815,0.15186646775890084,-0.011130421700999977,0.06099499999999999,0.09800861111111113,macd_bullish_cross|death_cross|downtrend,1,2,baissier,287,0,0,30,,,28.9,19.0,73.0,57.5,0,40.96,False,False,,0,,,,32,2,,Volume ×0.2 (épuisement),175016050,589279628,2970000000.0,10000000000.0,10000000000.0,29.7,1257728205,$1.3B,-0.0
MOVEUSDT,MOVE,Mid,459,0.0111,476334.67584,-0.893,42.288496887692254,3.282289714442039e-05,0.012514,0.021071500000000003,0.6639417935406409,0.4880382775119617,0.4688995215311004,0.4670465608758285,0.4382435942726444,0.01116666666666667,0.019875,doji_4h,0,0,neutre,365,0,0,30,,,31.0,28.0,68.5,47.0,50,40.94,False,False,,0,,,,46,2,,Volume ×0.5 (épuisement),46351408,111243379,4166666667.0,10000000000.0,10000000000.0,41.7,,,
CYBERUSDT,CYBER,Speculative,722,0.369,879066.24685,4.83,52.281248811511574,0.00387983751698395,0.37770000000000004,0.5376749999999999,0.5130258838928725,0.4278350515463917,0.36597938144329895,0.4913884132676784,0.6324017109750619,0.3410555555555556,0.5626666666666666,downtrend,0,1,baissier,365,0,0,30,,,17.0,37.0,79.0,57.5,21.9,40.91,False,False,,0,,,,47,2,,Volume ×0.5 (épuisement),24878997,36997927,67244300.43333334,100000000.0,100000000.0,67.2,,,
MBLUSDT,MBL,Speculative,,0.0007,620580.677031,-1.13,46.26600895811104,5.958486433140798e-06,0.0007390399999999999,0.0009472600000000004,0.36050171460731645,0.4300791556728232,0.3852242744063325,0.3682748149083754,0.5417822334174369,0.0006775555555555555,0.0009983333333333335,downtrend,0,1,baissier,365,0,0,30,,,17.0,37.0,79.0,57.5,21.9,40.91,False,False,,0,,,,47,2,,Volume ×0.4 (épuisement),,,,,,,,,
OPGUSDT,OPG,Speculative,791,0.1137,1591971.30552,-5.721,38.373318621949224,0.0002758085768140364,0.15654999999999997,,3.1443757221274873,0.6264783180026281,0.6264783180026281,0.08359709163661456,,0.12078499999999999,0.22353,doji_4h,0,0,neutre,52,0,0,30,,,8.4,36.0,24.0,68.0,50,40.89,False,False,,0,,,,42,2,,Volume ×0.1 (épuisement),21582924,113594337,190000000.0,1000000000.0,1000000000.0,19.0,,,
BELUSDT,BEL,Speculative,,0.106,976898.9451,-8.463,47.9464615212579,-0.0015745553671043405,0.10712200000000002,0.11028400000000001,2.5713202287211963,0.5179856115107914,0.45580678314491263,0.7704176011425132,0.2795757039579963,0.08697222222222221,0.14381944444444444,,0,0,neutre,365,0,0,30,,,17.0,46.0,32.5,57.5,50,40.88,False,False,,0,,,,49,1,,,,,,,,,,,
ZKCUSDT,ZKC,Speculative,,0.0445,515156.47155,-0.891,42.00522952136928,0.0004608311084444835,0.050853999999999996,0.07951499999999996,0.8591644129073908,0.484774665042631,0.45919610231425095,1.2622209653809502,0.6473980532522399,0.04422777777777778,0.07835555555555557,downtrend|doji_4h,0,1,baissier,301,0,0,30,,,15.2,46.0,68.5,57.5,21.9,40.78,False,False,,0,,,,45,0,,,,,,,,,,,
1INCHUSDT,1INCH,Mid,261,0.0733,401005.23437,0.825,52.916798615645725,0.0007755790883594469,0.074734,0.09961999999999996,0.3976878601108227,0.36948176583493286,0.29654510556621877,0.30266946878044876,0.8062225293377119,0.06884722222222223,0.09874722222222224,double_bottom_90d|downtrend,1,1,mixte,365,0,0,30,,,31.0,37.0,75.5,47.0,21.9,40.76,False,False,,0,,,,46,2,,Volume ×0.3 (épuisement),102900945,109813800,1405573965.7275033,1499999999.997,1500000000.0,93.7,2521184,$3M,1.49
DOGSUSDT,DOGS,Speculative,822,3.883e-05,519120.25100104,-1.771,44.04223575633793,1.675846736867024e-08,4.261399999999998e-05,3.82865e-05,0.7724856678567911,0.5694603903559128,0.5544202066590126,0.09274751700528107,0.19756707854980438,3.175555555555555e-05,6.450833333333333e-05,doji_4h,0,0,neutre,365,0,0,30,,,17.0,36.0,49.0,57.5,50,40.67,False,False,,0,,,,46,2,,Volume ×0.1 (épuisement),20071238,21362711,516750000000.0,550000000000.0,550000000000.0,94.0,,,
TFUELUSDT,TFUEL,Mid,387,0.00806,434792.49369,0.374,48.8221637218022,9.366124640314657e-05,0.008552600000000002,0.012725099999999994,0.398617874276053,0.4080645161290322,0.3516129032258064,0.38963243950878745,0.7052675725143098,0.0077469444444444435,0.011941111111111112,support_bounce|downtrend,1,1,mixte,365,0,0,30,,,31.0,37.0,71.0,47.0,21.9,40.49,False,False,,0,,,,46,2,,Volume ×0.4 (épuisement),59550482,59555325,7395186796.0,7395788170.0,,100.0,,,
VANAUSDT,VANA,Speculative,551,1.199,495474.33223,-1.641,54.54608074090735,0.014046654902380731,1.19,1.5564750000000003,0.551112788672098,0.39481268011527376,0.3100864553314121,0.24818577133768033,0.5596685049686984,1.0813055555555557,1.6138055555555557,,0,0,neutre,365,0,0,30,,,17.0,57.0,79.0,47.0,50,40.46,False,False,,0,,,,60,2,,Volume ×0.2 (épuisement),36852977,143583026,30800000.0,120000000.0,120000000.0,25.7,,,
MANTAUSDT,MANTA,Speculative,682,0.05776,568379.67934,-1.147,34.790441317959804,-0.0008640787401071846,0.07489400000000003,0.07229920000000002,0.9384507531395998,0.3620336669699727,0.34372156505914464,0.450618820942636,0.1342007591200034,0.06132750000000001,0.08689694444444443,,0,0,neutre,365,0,0,30,,,17.0,27.0,62.5,57.5,50,40.4,False,False,,0,,,,45,3,,Volume ×0.5 (épuisement),27445112,57622812,476289019.1385876,1000000000.0,1000000000.0,47.6,22278283,$22M,1.61
ARKUSDT,ARK,Speculative,785,0.1102,172970.9317,1.194,45.50159284018023,0.00125936681029791,0.12245599999999998,0.18060150000000003,0.5098130658184259,0.44926004228329813,0.4170190274841438,1.872587709070229,0.588503803277096,0.10738888888888891,0.1805,squeeze_breakout|downtrend,1,1,mixte,365,0,0,30,,,17.0,64.0,79.0,47.0,33.5,40.31,False,False,,0,,,,58,0,,,21708368,21708368,197774790.0,197774790.0,,100.0,,,
WCTUSDT,WCT,Speculative,,0.04449,521885.322108,-0.067,47.13226168006615,0.0004629633889658125,0.04742639999999999,0.06084560000000001,0.7870005870335766,0.43692946058091287,0.3843706777316736,0.3937233389373558,0.403863961004394,0.04279472222222222,0.06788777777777777,downtrend,0,1,baissier,365,0,0,30,,,17.0,37.0,68.5,57.5,21.9,40.28,False,False,,0,,,,45,2,,Volume ×0.4 (épuisement),,,,,,,,,
CVCUSDT,CVC,Speculative,921,0.02033,400621.98442,-1.167,39.48752926255182,0.00013628357822982162,0.023100000000000006,0.0317328,0.5254577168437325,0.4199529134785169,0.4025897586815775,2.37631458813149,0.6698993480668191,0.020529166666666668,0.03245555555555556,,0,0,neutre,365,0,0,30,,,17.0,55.0,79.0,47.0,50,40.22,False,False,,0,,,,60,0,,,16260501,20274938,802000010.0,1000000000.0,,80.2,,,
MINAUSDT,MINA,Mid,402,0.0432,278655.88654,-3.139,46.92803445563649,0.00022694584919859772,0.045552,0.06100200000000001,0.7353680032127784,0.4521739130434783,0.3739130434782609,0.10689096992476088,0.6267509818618037,0.0400638888888889,0.06456388888888889,double_top_90d|doji_4h,0,1,baissier,365,0,0,30,,,31.0,37.0,68.5,47.0,19.7,40.2,False,False,,0,,,,45,4,⚠️ Surveiller,Volume ×0.1 (épuisement)|Double sommet,55878187,55878187,1293631019.840039,1293631019.840039,,100.0,,,
SCRTUSDT,SCRT,Speculative,951,0.0428,756952.28986,-2.506,36.662639000581855,-0.00012817268554733523,0.05938799999999999,0.08954600000000007,1.2720208342754744,0.6620087336244542,0.6270742358078603,1.297189313573527,0.5301762455243126,0.04725555555555555,0.11159166666666669,macd_bearish_cross,0,1,baissier,365,0,0,30,,,17.0,46.0,44.5,57.5,26.3,40.18,False,False,,0,,,,42,3,,MACD cross baissier,14982114,15403880,350624307.743769,360494828.631363,,97.3,,,
ARKMUSDT,ARKM,Mid,329,0.1123,448829.47571,-2.007,42.877791051269114,5.8864618065279564e-05,0.125438,0.13182250000000006,0.5680045331444433,0.2934287573194535,0.2700065061808719,0.11813330486405683,0.40458708926282066,0.10987777777777778,0.14623055555555556,downtrend,0,1,baissier,365,0,0,30,,,31.0,28.0,83.5,47.0,21.9,40.16,False,False,,0,,,,42,2,,Volume ×0.1 (épuisement),74015495,112329791,658912429.0,1000000000.0,1000000000.0,65.9,,,
BARDUSDT,BARD,Mid,486,0.1308,194454.45716,-1.58,36.48862951190404,0.0018661645750551112,0.15690000000000004,0.5054069999999999,0.5819089463881857,0.6176028837488735,0.6076899969960949,0.10842232675887692,0.6694921375513271,0.13298888888888885,0.30667222222222235,,0,0,neutre,298,0,0,30,,,29.2,28.0,65.5,47.0,50,40.16,False,False,,0,,,,46,2,,Volume ×0.1 (épuisement),43430095,130494181,332812500.0,1000000000.0,1000000000.0,33.3,595964622,$596M,1.99
BATUSDT,BAT,Mid,228,0.0844,93658.6531,-2.653,44.7870970869936,0.0005345537811436841,0.09183399999999999,0.12001250000000002,0.4610955107612884,0.3489148580968281,0.2963272120200334,0.14259014567211634,0.5173500266930242,0.08315,0.11169999999999998,downtrend,0,1,baissier,365,0,0,30,,,31.0,28.0,83.5,47.0,21.9,40.16,False,False,,0,,,,42,2,,Volume ×0.1 (épuisement),126017717,126377923,1495724656.9526057,1500000000.0,1500000000.0,99.7,,,
MASKUSDT,MASK,Speculative,510,0.407,281628.646,2.005,51.931096216010445,0.00048604353921659176,0.39788,0.4803250000000005,0.6191510059489909,0.39361702127659565,0.276595744680851,0.40708310993479746,0.5432584044799253,0.36469444444444443,0.5316666666666667,uptrend,1,0,haussier,365,0,0,30,,,17.0,57.0,73.0,47.0,50,40.1,False,False,,0,,,,59,2,,Volume ×0.4 (épuisement),40689702,40689702,100000000.0,100000000.0,100000000.0,100.0,,,
VELODROMEUSDT,VELODROME,Speculative,,0.02146,120853.234413,-1.288,55.37910618462188,-0.0002437342612410004,0.0178664,0.017279750000000003,1.1743156453128747,0.35437144335230214,0.13478611783696526,0.16805396186315918,0.5242774473031099,0.013975555555555555,0.021888888888888895,macd_bearish_cross|uptrend|bullish_engulfing_4h,2,1,haussier,365,0,0,30,,,17.0,73.0,62.5,47.0,26.3,39.97,False,False,,0,,,,56,5,⚠️ Surveiller,Volume ×0.2 (épuisement)|MACD cross baissier,,,,,,,,,
MEMEUSDT,MEME,Speculative,574,0.000551,716136.839708,-2.65,45.10503725223825,-5.722836826073416e-06,0.0005621999999999998,0.0006813899999999996,0.8989865110371713,0.24882629107981222,0.14992272024729517,0.19065869918071512,0.3336097550807485,0.0005013611111111112,0.0006401111111111109,macd_bearish_cross|downtrend|doji_4h,0,2,baissier,365,0,0,30,,,17.0,37.0,85.0,57.5,0,39.95,False,False,,0,,,,43,5,⚠️ Surveiller,Volume ×0.2 (épuisement)|MACD cross baissier,35185479,37995730,63896602833.33333,69000000000.0,69000000000.0,92.6,,,
ASTRUSDT,ASTR,Mid,465,0.005232,496672.4727114,-0.796,44.57199841072177,7.447793152485724e-05,0.005847159999999999,0.007888805,0.406160256815704,0.4936165759732105,0.4528045207199665,0.4700976978712635,0.5984844563149618,0.005082777777777778,0.008843194444444445,support_bounce|downtrend|doji_4h,1,1,mixte,365,0,0,30,,,31.0,28.0,79.0,47.0,21.9,39.89,False,False,,0,,,,41,2,,Volume ×0.5 (épuisement),45522675,45526729,8724995301.0,8725772474.0,10000000000.0,100.0,16024288,$16M,0.42
SUPERUSDT,SUPER,Mid,401,0.0874,272424.4089,-0.795,41.908948288001554,0.0005745937746066995,0.096142,0.13021999999999997,0.39909397289284887,0.3899416909620991,0.36297376093294453,0.13933410387263254,0.5833687745947309,0.08670833333333332,0.13182222222222226,downtrend,0,1,baissier,365,0,0,30,,,31.0,28.0,79.0,47.0,21.9,39.89,False,False,,0,,,,41,2,,Volume ×0.1 (épuisement),55861979,87261907,640164549.0,1000000000.0,1000000000.0,64.0,,,
TWTUSDT,TWT,Mid,207,0.3476,233321.304,0.058,42.4891093489074,0.0024213645662463316,0.38630600000000004,0.5309580000000002,0.5147403541523461,0.36077294685990335,0.32927536231884047,0.10926308121889038,0.4463890768274082,0.345788888888889,0.4828111111111112,downtrend|doji_4h,0,1,baissier,365,0,0,30,,,31.0,28.0,79.0,47.0,21.9,39.89,False,False,,0,,,,41,2,,Volume ×0.1 (épuisement),144621331,347105161,416649900.0,1000000000.0,,41.7,,,
CVXUSDT,CVX,Mid,242,1.244,403549.71354,0.242,51.55592445800677,0.020068861698367663,1.2987000000000004,1.7337900000000004,0.6649547948397817,0.4575664621676892,0.3634969325153374,0.4639117383142325,0.7241111133337648,1.1423611111111112,1.855,downtrend|bullish_engulfing_4h,1,1,mixte,365,0,0,30,,,31.0,37.0,60.5,47.0,21.9,39.86,False,False,,0,,,,44,2,,Volume ×0.5 (épuisement),114067627,123928869,92022934.62418646,99978394.63711727,100000000.0,92.0,483731860,$484M,0.2
RSRUSDT,RSR,Mid,309,0.001254,326321.8062969,-1.955,48.904491600014396,2.2735796081580402e-05,0.0013533200000000003,0.0017554699999999992,0.6531193486996167,0.5089655172413793,0.42344827586206896,0.15241344709186316,0.5593166956070331,0.0011904722222222223,0.0019588333333333337,downtrend,0,1,baissier,365,0,0,30,,,31.0,37.0,59.5,47.0,21.9,39.8,False,False,,0,,,,44,2,,Volume ×0.2 (épuisement),78408315,125346661,62553174091.0,100000000000.0,100000000000.0,62.6,38925380,$39M,-0.96
KSMUSDT,KSM,Mid,378,3.33,184029.50765,-0.597,47.12342588060055,0.05238514225104968,3.664600000000001,4.922149999999999,0.6045881483019404,0.5041736227045075,0.44407345575959933,0.1963075699458248,0.5510782609345377,3.1916666666666664,5.471111111111111,downtrend|doji_4h,0,1,baissier,365,0,0,30,,,31.0,37.0,59.5,47.0,21.9,39.8,False,False,,0,,,,44,2,,Volume ×0.2 (épuisement),61476397,61476397,18501132.63857682,18501132.63857682,,100.0,,,
GRTUSDT,GRT,Mid,171,0.01753,485469.22948,-0.904,36.121351496750016,8.846512150753789e-05,0.0204758,0.026865749999999976,0.37752344611884064,0.39751123401313515,0.3937089526443139,0.12985150953369884,0.6077176789419255,0.01791361111111111,0.027596666666666665,double_top_90d,0,1,baissier,365,0,0,30,,,31.0,28.0,79.0,47.0,19.7,39.75,False,False,,0,,,,41,4,⚠️ Surveiller,Volume ×0.1 (épuisement)|Double sommet,189400646,189407576,10799867657.47347,10800262816.04821,10800262823.318213,100.0,,,
HYPERUSDT,HYPER,Speculative,760,0.0686,538069.12399,-1.86,38.42996385648352,-0.0006981355130474005,0.07808799999999999,0.09936650000000004,0.6753335342428063,0.5997490589711417,0.5696361355081556,0.13175703243432227,0.2643670928364556,0.06962222222222221,0.12366388888888886,doji_4h,0,0,neutre,365,0,0,30,,,17.0,28.0,49.0,57.5,50,39.71,False,False,,0,,,,43,3,,Volume ×0.1 (épuisement),23176421,55329790,338174017.0,807333335.0000001,1000000000.0,41.9,97946575,$98M,-4.87
2ZUSDT,2Z,Mid,145,0.07208,128074.31925,0.868,52.45497413588465,0.001100828523614536,0.07429939999999999,0.08887520000000007,0.6868615251856837,0.45907883082373785,0.36164747564216126,0.14983022820904277,0.4751522498036992,0.06587611111111111,0.10266111111111112,downtrend,0,1,baissier,284,0,0,30,,,28.8,37.0,68.5,47.0,21.9,39.61,False,False,,0,,,,45,2,,Volume ×0.1 (épuisement),249603343,719257416,3469694198.3,9998276698.3,10000000000.0,34.7,401102868,$401M,-4.76
ORCAUSDT,ORCA,Mid,342,1.161,204479.77607,-2.025,44.422622275255186,-0.0047043562260343065,1.1885399999999997,1.1166,0.6093825101808253,0.5502325581395349,0.45999999999999996,0.11561909776131828,0.23303161422438334,0.9515277777777776,1.7775833333333333,macd_bearish_cross,0,1,baissier,365,0,0,30,,,31.0,36.0,53.5,47.0,26.3,39.58,False,False,,0,,,,41,5,⚠️ Surveiller,Volume ×0.1 (épuisement)|MACD cross baissier,70540281,87016370,60798782.216577,74999550.553716,100000000.0,81.1,240780208,$241M,-2.43
NEOUSDT,NEO,Mid,213,1.977,353075.40837,0.867,41.660787447153446,0.02125240880739951,2.21488,2.8291649999999997,0.3819501035438649,0.4276155717761557,0.3990267639902676,0.22161447050857483,0.7301854275561919,1.9435555555555557,3.0434444444444444,downtrend,0,1,baissier,365,0,0,30,,,31.0,28.0,71.0,47.0,21.9,39.41,False,False,,0,,,,40,2,,Volume ×0.2 (épuisement),139135797,197271796,70530000.0,100000000.0,,70.5,,,
LINEAUSDT,LINEA,Mid,394,0.002391,330142.054231,-2.368,44.10260274615714,1.887307545075603e-05,0.00258132,0.0037673850000000003,0.4441141195970635,0.47363552266419984,0.4475023126734505,0.1272704354516936,0.535731180699445,0.0023349722222222227,0.003830166666666667,downtrend,0,1,baissier,306,0,0,30,,,29.4,28.0,79.0,47.0,21.9,39.36,False,False,,0,,,,41,2,,Volume ×0.1 (épuisement),57753711,171039827,24174536833.4717,71593816498.0,72009990000.0,33.8,,,
MANAUSDT,MANA,Mid,212,0.0712,353968.405,-3.129,52.389848835173844,0.0008170719976567893,0.07172399999999998,0.09666100000000004,0.8512433488724109,0.37924151696606784,0.2894211576846307,0.25798246776308187,0.5095606672329611,0.06471666666666667,0.09585555555555555,double_top_90d|downtrend,0,2,baissier,365,0,0,30,,,31.0,37.0,73.0,47.0,0,39.29,False,False,,0,,,,41,4,⚠️ Surveiller,Volume ×0.3 (épuisement)|Double sommet,139069451,155739587,1958424637.4807715,2193179327.320146,,89.3,,,
USTCUSDT,USTC,Speculative,623,0.00568,218190.07638,0.176,47.63600583998107,2.5958521424352478e-05,0.005916599999999999,0.0057606500000000034,0.4533021642599265,0.3407960199004975,0.29477611940298515,0.09919055518591616,0.3748475677466481,0.005307499999999999,0.007298055555555554,double_bottom_90d|uptrend|doji_4h,2,0,haussier,365,0,0,30,,,17.0,45.0,83.5,47.0,50,39.29,False,False,,0,,,,57,2,,Volume ×0.1 (épuisement),31621347,34474729,5575880454.281531,6079025207.249156,,91.7,,,
DCRUSDT,DCR,Mid,166,11.09,202392.94418,-0.805,41.44846110677021,0.12777494508525633,12.584799999999998,19.393800000000013,0.637522173822475,0.4993026499302651,0.48582054858205487,0.3159406983397221,0.5689003842647417,11.098611111111113,20.442777777777778,downtrend,0,1,baissier,365,0,0,30,,,31.0,28.0,68.5,47.0,21.9,39.26,False,False,,0,,,,40,2,,Volume ×0.3 (épuisement),193783677,193787736,17508206.4402577,17508573.20074865,21000000.0,100.0,,,
LAUSDT,LA,Speculative,,0.0587,876197.79192,-2.975,32.232801337369395,0.0008262980917879709,0.076404,0.18236149999999987,0.5219342624351087,0.6583381754793726,0.6583381754793726,0.698577451090668,0.502522164762296,0.062325000000000026,0.16228888888888884,rsi_bullish_divergence|downtrend,1,1,mixte,365,0,0,30,,,17.0,28.0,65.5,57.5,25.2,39.21,False,False,,0,,,,40,0,,,,,,,,,,,
SLPUSDT,SLP,Speculative,838,0.000533,114449.154622,-0.187,53.522498610078365,5.9713221514615215e-06,0.0005288000000000001,0.0006534749999999999,1.0335754925170477,0.4399008674101611,0.3407682775712515,0.25403174221692276,0.4750886724941464,0.0004749722222222222,0.0007509166666666668,uptrend,1,0,haussier,365,0,0,30,,,17.0,57.0,58.0,47.0,50,39.2,False,False,,0,,,,56,2,,Volume ×0.3 (épuisement),19280726,19280726,36280213372.0,36280213372.0,,100.0,3047261,$3M,-39.3
LUMIAUSDT,LUMIA,Speculative,906,0.1205,188241.36569,-2.979,50.7402183380265,-0.0013449856697113956,0.10888400000000002,0.09846649999999992,1.4996626387010545,0.5886712546320805,0.362625727898359,0.04986348672699545,0.30828762157881306,0.087525,0.15204444444444443,macd_bearish_cross,0,1,baissier,365,0,0,30,,,17.0,73.0,49.0,47.0,26.3,39.16,False,False,,0,,,,54,5,⚠️ Surveiller,Volume ×0.0 (épuisement)|MACD cross baissier,16674682,28761810,138496021.73127738,238888888.0,238888888.0,58.0,,,
VTHOUSDT,VTHO,Speculative,542,0.000373,153078.971838,0.811,45.19112608236494,3.911994593957212e-06,0.00040753999999999996,0.0005789000000000001,0.4075176531918474,0.4401913875598085,0.4051036682615629,0.5681185454247897,0.6250552329544036,0.0003638055555555556,0.0006002222222222222,support_bounce,1,0,haussier,365,0,0,30,,,17.0,46.0,79.0,47.0,50,39.14,False,False,,0,,,,56,2,,Volume ×0.6 (épuisement),37740124,37758144,101367763963.0,101416163310.0,,100.0,,,
ZBTUSDT,ZBT,Speculative,661,0.1179,754304.56415,-7.019,46.20139639874711,-0.00043770694313857885,0.12223200000000001,0.11235899999999999,1.1833716878403417,0.5282239559430931,0.45938503900871963,0.11959690939431533,0.06847247329270244,0.1061972222222222,0.18884166666666669,macd_bearish_cross,0,1,baissier,269,0,0,30,,,14.4,45.0,43.0,57.5,26.3,39.11,False,False,,0,,,,45,5,⚠️ Surveiller,Volume ×0.1 (épuisement)|MACD cross baissier,28893629,117936938,244992188.30119348,1000000000.0,1000000000.0,24.5,54625104,$55M,-0.4
ROSEUSDT,ROSE,Mid,462,0.0058,284119.057427,-1.361,38.79491433738205,6.991146902232996e-05,0.006887400000000001,0.010924499999999998,0.5873279483400238,0.5346700083542189,0.5146198830409356,0.11600121519192418,0.5954079817473521,0.0058452777777777765,0.011239999999999998,downtrend,0,1,baissier,365,0,0,30,,,31.0,28.0,65.5,47.0,21.9,39.08,False,False,,0,,,,39,2,,Volume ×0.1 (épuisement),46017324,58056193,7926341980.0,10000000000.0,10000000000.0,79.3,,,
DUSKUSDT,DUSK,Mid,463,0.0773,272096.8019,-5.847,41.06050730296347,0.0011431115135801494,0.09266599999999998,0.1059574999999999,0.5687231670711151,0.540973505853358,0.5218730745532963,0.21745730544584613,0.3763275008868497,0.07771388888888889,0.15214999999999998,downtrend|doji_4h,0,1,baissier,365,0,0,30,,,31.0,28.0,65.5,47.0,21.9,39.08,False,False,,0,,,,39,2,,Volume ×0.2 (épuisement),45929156,45929156,592941951.8708777,592941951.8708777,1000000000.0,100.0,,,
PROMUSDT,PROM,Speculative,755,1.283,215095.97251,-0.543,64.39197071487145,0.020885658174082063,1.1035200000000003,2.12081,0.6717309452559346,0.5875776397515527,0.4674948240165631,0.13893184190221,0.08740718903832048,1.0208888888888887,2.2298055555555556,,0,0,neutre,365,0,0,30,,,17.0,57.0,53.5,47.0,50,38.93,False,False,,0,,,,56,2,,Volume ×0.1 (épuisement),23434637,24718727,18250000.0,19250000.0,19250000.0,94.8,,,
CKBUSDT,CKB,Mid,468,0.000919,215234.192402,0.437,39.475205324899235,1.005848083278814e-05,0.0010712,0.0016135099999999999,0.48705470791122407,0.5005733944954128,0.47133027522935783,0.334868764239446,0.7134066896177085,0.0009220833333333332,0.0016104722222222223,downtrend,0,1,baissier,365,0,0,30,,,31.0,28.0,62.0,47.0,21.9,38.87,False,False,,0,,,,39,2,,Volume ×0.3 (épuisement),45277004,46039584,49119669761.96056,49946970244.36174,,98.3,,,
BNSOLUSDT,BNSOL,Speculative,,85.9,204483.3169,-2.164,51.25482520374347,-0.12209554989186344,83.08,101.27600000000005,0.530547377759149,0.36162361623616235,0.20756457564575645,0.12936398551014597,0.8023703414086782,74.83333333333331,100.45277777777778,macd_bearish_cross|bull_flag|uptrend,2,1,haussier,365,0,0,30,,,17.0,57.0,75.5,47.0,26.3,38.83,False,False,,0,,,,53,5,⚠️ Surveiller,Volume ×0.1 (épuisement)|MACD cross baissier,,,,,,,,,
BANDUSDT,BAND,Speculative,637,0.1709,294603.07732,3.891,56.00238015844149,0.003163080210563234,0.17031400000000002,0.22874349999999996,0.5985972522416517,0.4484126984126984,0.321031746031746,0.44626423522977987,0.5596957498818854,0.15198611111111104,0.2365555555555556,downtrend,0,1,baissier,365,0,0,30,,,17.0,57.0,79.0,47.0,21.9,38.77,False,False,,0,,,,53,2,,Volume ×0.4 (épuisement),30638784,30717333,178573348.409427,179031156.706053,,99.7,,,
LPTUSDT,LPT,Mid,317,1.548,179973.53756,-3.491,38.2532346030009,0.010545446774538003,1.77692,2.280789999999999,0.4383194570092695,0.36599664991624786,0.3530150753768844,0.13987949748302078,0.6158642529744968,1.5710000000000004,2.2908055555555555,double_top_90d|downtrend|doji_4h,0,2,baissier,365,0,0,30,,,31.0,28.0,79.0,47.0,0,38.57,False,False,,0,,,,36,4,⚠️ Surveiller,Volume ×0.1 (épuisement)|Double sommet,76800349,76800349,49688954.55,49688954.55,,100.0,,,
POWRUSDT,POWR,Speculative,748,0.0447,178109.3529,-0.445,45.73829676891343,0.00038301911008382667,0.049617999999999995,0.06549899999999999,0.9849172344258169,0.4111747851002866,0.35816618911174786,0.6804937690928768,0.4905815987181963,0.04338333333333334,0.06770277777777778,,0,0,neutre,365,0,0,30,,,17.0,46.0,68.5,47.0,50,38.51,False,False,,0,,,,55,0,,,23661740,44642801,529761884.726046,999506122.99937,1000000000.0,53.0,,,
PIVXUSDT,PIVX,Speculative,,0.0385,525229.3839,-11.899,43.96463020728771,0.00033480344452003607,0.04815999999999999,0.08657800000000002,2.3850491614016303,0.5885225885225885,0.5323565323565324,0.4790413021231403,0.2916458313560088,0.03830555555555556,0.07983888888888889,,0,0,neutre,365,0,0,30,,,17.0,28.0,28.0,57.5,50,38.45,False,False,,0,,,,40,2,,Volume ×0.5 (épuisement),,,,,,,,,
WBETHUSDT,WBETH,Speculative,,1989.05,373472.785326,0.305,58.61208091636138,22.76744237921577,1937.0378,2428.8831999999984,0.4297145340553611,0.34930710266963716,0.24956009515538272,0.07793776667846747,0.8756370756738673,1773.3702777777778,2585.5813888888897,rsi_bearish_divergence|double_bottom_90d,1,1,mixte,365,0,0,30,,,17.0,57.0,75.5,47.0,16.2,38.22,False,False,,0,,,,51,4,⚠️ Surveiller,Volume ×0.1 (épuisement)|Divergence RSI baissière,,,,,,,,,
AVNTUSDT,AVNT,Speculative,621,0.0966,581882.12616,-1.126,44.56714193593691,0.001291397314012806,0.11056800000000001,0.1784270000000001,0.6388948343970533,0.5033333333333333,0.46444444444444444,0.14394493563952915,0.49511418661100337,0.09468333333333331,0.15955277777777777,downtrend,0,1,baissier,301,0,0,30,,,15.2,28.0,59.5,57.5,21.9,38.08,False,False,,0,,,,38,2,,Volume ×0.1 (épuisement),31729172,96399263,329143305.4720295,1000000000.0,1000000000.0,32.9,29810155,$30M,-3.09
BANANAUSDT,BANANA,Speculative,,3.347,435949.722407,2.105,60.65213959465042,0.06628496263491723,3.1032599999999997,4.3353449999999984,0.7361374860931607,0.45338983050847453,0.2896186440677965,0.37404057350899106,0.6146488806443636,2.7703611111111104,4.220916666666667,rsi_bearish_divergence,0,1,baissier,365,0,0,30,,,17.0,57.0,73.0,47.0,16.2,38.07,False,False,,0,,,,51,4,⚠️ Surveiller,Volume ×0.4 (épuisement)|Divergence RSI baissière,,,,,,,,,
PEOPLEUSDT,PEOPLE,Speculative,676,0.00548,205362.627851,-1.083,50.16886090084664,6.240027613548005e-05,0.0056143999999999986,0.0072724999999999995,0.4498432088187141,0.4337899543378996,0.3755707762557078,0.26216130281959876,0.497324081581675,0.005141111111111112,0.008266944444444443,double_bottom_90d,1,0,haussier,365,0,0,30,,,17.0,37.0,79.0,47.0,50,38.06,False,False,,0,,,,54,2,,Volume ×0.3 (épuisement),27661816,27661816,5066374892.014003,5066374892.014003,,100.0,,,
ONGUSDT,ONG,Speculative,756,0.04906,108317.37339,1.05,53.28133864673501,0.0007727127973133044,0.05059799999999999,0.06801950000000001,0.4872050272672058,0.4813459268004723,0.41936245572609204,0.19018633530130982,0.35874510319296343,0.04539000000000001,0.07997055555555553,,0,0,neutre,365,0,0,30,,,17.0,37.0,79.0,47.0,50,38.06,False,False,,0,,,,54,2,,Volume ×0.2 (épuisement),23344738,39273832,475527590.0,800000000.0,1000000000.0,59.4,,,
HUMAUSDT,HUMA,Speculative,516,0.02317,315472.89622,3.948,50.444147616562184,5.884311350078317e-05,0.023701000000000003,0.020867049999999984,1.0742684082717433,0.2806462943449244,0.18580962416578853,0.13797354824045838,0.3156656942784237,0.019826666666666673,0.026225000000000005,uptrend|doji_4h,1,0,haussier,365,0,0,30,,,17.0,45.0,62.5,47.0,50,38.03,False,False,,0,,,,54,2,,Volume ×0.1 (épuisement),40128808,231512357,1733333333.0,10000000000.0,10000000000.0,17.3,,,
SANDUSDT,SAND,Mid,223,0.04872,306606.92362,-1.992,42.792557507507844,0.00045871417312986877,0.054714799999999994,0.08252055,0.8002352117098612,0.44607142857142856,0.4195238095238096,0.1031729073081353,0.6415179002646398,0.0481011111111111,0.08099722222222222,double_top_90d|downtrend,0,2,baissier,365,0,0,30,,,31.0,28.0,68.5,47.0,0,37.94,False,False,,0,,,,34,4,⚠️ Surveiller,Volume ×0.1 (épuisement)|Double sommet,129968181,146180078,2667289212.2233224,3000000000.0,3000000000.0,88.9,,,
FORMUSDT,FORM,Mid,311,0.2044,219092.98133,-1.731,40.536968921167464,-0.00026494020957859837,0.23093200000000005,0.2618729999999999,0.6136046841985977,0.34239482200647253,0.3401294498381877,0.13011744610999715,0.3583075283990037,0.21052499999999996,0.28917499999999996,macd_bearish_cross|downtrend,0,2,baissier,365,0,0,30,,,31.0,28.0,68.5,47.0,0,37.94,False,False,,0,,,,34,5,⚠️ Surveiller,Volume ×0.1 (épuisement)|MACD cross baissier,77849704,116672836,381867255.14,572301922.1,580000000.0,66.7,,,
PROVEUSDT,PROVE,Speculative,526,0.1986,146491.49814,-1.537,48.44574631150433,0.0013364210405212127,0.20363799999999999,0.27826750000000006,0.5428397104481283,0.4730053989202159,0.4043191361727654,0.1475003578602696,0.41011200758212824,0.18706666666666663,0.2730111111111111,,0,0,neutre,342,0,0,30,,,16.4,37.0,79.0,47.0,50,37.85,False,False,,0,,,,54,2,,Volume ×0.1 (épuisement),38719871,198563442,195000000.0,1000000000.0,1000000000.0,19.5,,,
GNSUSDT,GNS,Speculative,964,0.613,34272.16371,-0.648,58.38652170055579,-0.00012414679659424055,0.549,0.7399949999999997,0.5100012577639793,0.3636363636363636,0.14545454545454545,0.0603316945510105,0.3756423397346106,0.4723611111111113,0.6887499999999999,macd_bearish_cross|double_top_90d|bull_flag|uptrend,2,2,mixte,365,0,0,30,,,17.0,57.0,83.5,47.0,0,37.73,False,False,,0,,,,48,7,🔴 Sortie,Volume ×0.1 (épuisement)|Double sommet|MACD cross baissier,14529462,14529462,23806671.0,23806671.0,,100.0,12101050,$12M,-5.91
WALUSDT,WAL,Mid,312,0.0315,162780.75718,-1.869,38.86811285159668,0.000557732194833657,0.03892400000000001,0.07777150000000001,0.818332222404791,0.6506300114547537,0.6391752577319588,0.11813962475774945,0.5427277224547641,0.03154444444444443,0.08067777777777778,downtrend|doji_4h,0,1,baissier,276,0,0,30,,,28.6,28.0,55.0,47.0,21.9,37.65,False,False,,0,,,,37,2,,Volume ×0.1 (épuisement),77404390,157539464,2456666667.0,5000000000.0,5000000000.0,49.1,3370246,$3M,0.47
ACXUSDT,ACX,Speculative,656,0.04172,81998.80638,-2.364,48.425679048391174,-1.768311378103841e-05,0.04173879999999999,0.042964199999999966,0.498887826808655,0.18326271186440674,0.11588983050847448,0.26187488005831305,0.3667479552201588,0.04010833333333332,0.04511055555555554,macd_bearish_cross,0,1,baissier,365,0,0,30,,,17.0,37.0,95.5,47.0,26.3,37.63,False,False,,0,,,,51,5,⚠️ Surveiller,Volume ×0.3 (épuisement)|MACD cross baissier,29388084,41705478,704657633.0,1000000000.0,1000000000.0,70.5,20953484,$21M,4.37
FUSDT,F,Speculative,946,0.00341,385554.25046,-2.571,43.361871961894344,4.062501289289229e-05,0.003952999999999997,0.005425300000000004,0.6714436327642439,0.4729064039408867,0.44170771756978655,1.0433566262132083,0.687111878613624,0.0033936111111111116,0.005856388888888888,,0,0,neutre,261,0,0,30,,,14.2,46.0,68.5,47.0,50,37.57,False,False,,0,,,,52,0,,,15200003,33895309,4484397169.0,10000000000.0,10000000000.0,44.8,4612831,$5M,-0.18
AIGENSYNUSDT,AIGENSYN,Speculative,,0.02656,806899.2992,0.835,47.728250424379596,-0.0001309914675880163,0.02708900000000001,,1.4755901115779222,0.45805159028299525,0.3345855246681693,0.04583307490755328,,0.022838333333333332,0.03781083333333333,macd_bearish_cross,0,1,baissier,60,0,0,30,,,8.6,45.0,48.0,57.5,26.3,37.53,False,False,,0,,,,45,5,⚠️ Surveiller,Volume ×0.0 (épuisement)|MACD cross baissier,,,,,,,,,
1000SATSUSDT,1000SATS,Speculative,,9.49e-06,202467.09741774,0.0,45.90738491372333,4.954703336067155e-08,1.0044399999999998e-05,1.2637999999999985e-05,0.5596958530544309,0.5151351351351351,0.48648648648648646,0.23739836086102248,0.4076810510628585,9.170555555555554e-06,1.6011111111111112e-05,,0,0,neutre,365,0,0,30,,,17.0,37.0,70.0,47.0,50,37.52,False,False,,0,,,,52,2,,Volume ×0.2 (épuisement),,,,,,,,,
SCUSDT,SC,Speculative,633,0.00062,228920.021379,-0.161,34.546588592954194,3.876207843790235e-06,0.0007225999999999999,0.00105599,0.3576676698694942,0.4103547459252158,0.4046021093000959,1.5376477711907304,0.6453658279987308,0.0006305833333333333,0.0009878333333333334,downtrend|doji_4h,0,1,baissier,365,0,0,30,,,17.0,46.0,79.0,47.0,21.9,37.45,False,False,,0,,,,47,0,,,30873690,30873690,49751295000.0225,49751295000.0225,,100.0,,,
BTTCUSDT,BTTC,Speculative,,2.7e-07,116290.09361135,0.0,42.26279088194614,3.4402188181292877e-10,2.7679999999999994e-07,3.3129999999999906e-07,0.4971040175694342,0.2571428571428571,0.2571428571428571,0.2269824929044248,0.4202441302236746,2.5916666666666653e-07,3.327777777777779e-07,rsi_bullish_divergence,1,0,haussier,365,0,0,30,,,17.0,28.0,83.5,47.0,53.2,37.44,False,False,,0,,,,50,2,,Volume ×0.2 (épuisement),,,,,,,,,
RAREUSDT,RARE,Speculative,,0.0126,422220.36812,-0.787,47.82264240266177,0.00011479397010873924,0.013339999999999996,0.017347499999999995,0.8227832570856866,0.497907949790795,0.47280334728033474,0.14881465949845524,0.44498326752827666,0.012175000000000004,0.018500000000000003,doji_4h,0,0,neutre,365,0,0,30,,,17.0,37.0,68.5,47.0,50,37.43,False,False,,0,,,,52,2,,Volume ×0.1 (épuisement),,,,,,,,,
METISUSDT,METIS,Speculative,787,2.89,300726.66325,1.049,50.53176630443705,0.019158796453497898,2.902799999999999,3.610250000000001,0.7049740154375524,0.44393592677345534,0.3409610983981694,0.20511043574276713,0.5106079540391018,2.6208333333333336,3.9099999999999997,,0,0,neutre,365,0,0,30,,,17.0,37.0,68.5,47.0,50,37.43,False,False,,0,,,,52,2,,Volume ×0.2 (épuisement),21708456,28790152,7540236.842,10000000.0,10000000.0,75.4,26407774,$26M,3.32
LAYERUSDT,LAYER,Speculative,985,0.0668,243665.937559,-0.149,47.21331247278631,0.00043203071757902606,0.07105599999999998,0.09658099999999999,0.6920451766496784,0.49274193548387096,0.4612903225806452,0.08363776412425511,0.5197008553219608,0.06430833333333331,0.10121666666666666,double_bottom_90d,1,0,haussier,365,0,0,30,,,17.0,37.0,68.5,47.0,50,37.43,False,False,,0,,,,52,2,,Volume ×0.1 (épuisement),14016007,66742893,210000000.0,1000000000.0,1000000000.0,21.0,10940568,$11M,-4.88
AEVOUSDT,AEVO,Speculative,880,0.01915,124765.0387355,-2.396,49.44203218020498,0.0002008180693201917,0.020068600000000002,0.02689915000000001,0.6069651002998409,0.4579617834394904,0.3914012738853503,0.14325451670973713,0.5045079674994473,0.018081666666666666,0.02949722222222223,doji_4h,0,0,neutre,365,0,0,30,,,17.0,37.0,68.5,47.0,50,37.43,False,False,,0,,,,52,2,,Volume ×0.1 (épuisement),17535531,19119137,917171641.975501,1000000000.0,1000000000.0,91.7,15092172,$15M,1.62
ALICEUSDT,ALICE,Speculative,,0.1247,451651.06184,-0.16,50.30614497027629,-0.0006572727127704464,0.119124,0.13250700000000004,1.8057196527198867,0.4,0.24712295578437313,0.30825286253463885,0.3387318434677229,0.10524722222222221,0.1620611111111111,macd_bearish_cross,0,1,baissier,365,0,0,30,,,17.0,57.0,52.0,47.0,26.3,37.42,False,False,,0,,,,50,5,⚠️ Surveiller,Volume ×0.3 (épuisement)|MACD cross baissier,,,,,,,,,
ENJUSDT,ENJ,Mid,398,0.02861,233352.4395,-0.105,40.358948818586754,0.00015093372789677824,0.03227660000000001,0.03228355000000001,0.5894202849251198,0.6885300668151448,0.6818485523385301,0.10669440780189333,0.12931947424899773,0.02868833333333334,0.0646072222222222,death_cross|downtrend|doji_4h,0,2,baissier,365,0,0,30,,,31.0,28.0,59.5,47.0,0,37.4,False,False,,0,,,,33,2,,Volume ×0.1 (épuisement),56583178,57247376,1981761992.587361,2005024801.237609,,98.8,,,
STGUSDT,STG,Speculative,788,0.1545,535826.84266,-5.331,41.67216537956969,0.002844524667418611,0.224894,0.1908669999999999,2.811445623142221,0.7627669452181988,0.7616836892602908,0.37002702243683155,0.13296337077332415,0.1583277777777778,0.33285000000000003,downtrend,0,1,baissier,365,0,0,30,,,17.0,36.0,22.0,57.5,21.9,37.37,False,False,,0,,,,35,2,,Volume ×0.4 (épuisement),21675125,21675125,140910766.13640898,140910766.13640898,1000000000.0,100.0,71260492,$71M,-1.61
SOPHUSDT,SOPH,Speculative,877,0.00478,368225.21058,-2.049,35.62340557137598,4.867476687100394e-05,0.005671200000000002,0.00882325,0.4753006835157211,0.5203252032520325,0.5142276422764227,0.9655027313151273,0.6699820599348428,0.004863055555555556,0.009147777777777777,,0,0,neutre,365,0,0,30,,,17.0,37.0,65.5,47.0,50,37.25,False,False,,0,,,,49,0,,,17580656,47797493,3678154426.0,10000000000.0,10000000000.0,36.8,,,
SAHARAUSDT,SAHARA,Speculative,573,0.0101,624335.66359,-1.751,26.819841827707364,0.0005333456936395904,0.019271800000000002,0.02309375000000002,0.5588540922143,0.7726550079491257,0.7706109470815353,0.13563716527603376,0.20045265049408778,0.010734444444444444,0.03800944444444445,downtrend,0,1,baissier,365,0,0,30,,,17.0,19.0,53.5,57.5,21.9,37.22,False,False,,0,,,,41,2,,Volume ×0.1 (épuisement),35250414,100967889,3491250000.0,10000000000.0,10000000000.0,34.9,,,
ADXUSDT,ADX,Speculative,,0.0612,135484.3706,-1.29,57.35803022196345,0.0010210716867335651,0.05832800000000002,0.07514949999999995,0.830272153910114,0.3910482921083628,0.27797408716136635,0.04298439984618103,0.4550589387634853,0.0544361111111111,0.07971666666666669,rsi_bearish_divergence|double_top_90d|doji_4h,0,2,baissier,365,0,0,30,,,17.0,57.0,73.0,47.0,0,37.1,False,False,,0,,,,47,6,⚠️ Surveiller,Volume ×0.0 (épuisement)|Divergence RSI baissière|Double sommet,,,,,,,,,
ARPAUSDT,ARPA,Speculative,,0.00864,261313.395071,-0.917,48.99039756857521,2.180140573268209e-05,0.008886,0.010365550000000006,1.1402707429888375,0.3704006541291905,0.2927228127555192,0.3499689957998257,0.4259471308666942,0.008038611111111113,0.011536388888888888,,0,0,neutre,365,0,0,30,,,17.0,37.0,62.5,47.0,50,37.07,False,False,,0,,,,51,2,,Volume ×0.3 (épuisement),,,,,,,,,
ASRUSDT,ASR,Speculative,,0.87,160926.0044,-2.027,46.16561285319373,0.007723848649259388,0.9485399999999999,1.26946,0.8749454057098056,0.3970479704797048,0.34981549815498153,0.13323552746056694,0.25026298809033465,0.8539444444444446,1.3179166666666668,bullish_engulfing_4h,1,0,haussier,365,0,0,30,,,17.0,37.0,62.5,47.0,50,37.07,False,False,,0,,,,51,2,,Volume ×0.1 (épuisement),,,,,,,,,
GMTUSDT,GMT,Speculative,739,0.00772,349346.108688,-0.129,44.03307701890797,6.67648976098052e-05,0.008469599999999999,0.01166089999999999,0.4739767822931449,0.45045045045045046,0.4211711711711712,0.23353292132986705,0.47333069878137896,0.0075469444444444455,0.012335833333333336,,0,0,neutre,365,0,0,30,,,17.0,28.0,79.0,47.0,50,36.98,False,False,,0,,,,48,2,,Volume ×0.2 (épuisement),23977943,39101525,3111400155.0,5073850155.102167,6000000000.0,61.3,,,
NEWTUSDT,NEWT,Speculative,,0.0476,304849.05639,-1.04,39.896808428194994,0.0003335176822461235,0.05502399999999998,0.07348550000000001,0.5077723729533085,0.4560375146541618,0.44196951934349354,0.17002621813445895,0.5978226548074687,0.048125,0.08212222222222222,,0,0,neutre,365,0,0,30,,,17.0,28.0,79.0,47.0,50,36.98,False,False,,0,,,,48,2,,Volume ×0.2 (épuisement),,,,,,,,,
AUDIOUSDT,AUDIO,Speculative,836,0.01349,206437.477943,-1.172,37.46340265086895,0.00013875193342366605,0.0152398,0.0205853,0.31595626991127534,0.4871895940086716,0.46826960977532517,0.16330435551847497,0.3285178713006712,0.013495833333333334,0.022329722222222223,,0,0,neutre,365,0,0,30,,,17.0,28.0,79.0,47.0,50,36.98,False,False,,0,,,,48,2,,Volume ×0.2 (épuisement),19408917,19408917,1439177975.0,1439177975.909992,,100.0,,,
HIVEUSDT,HIVE,Speculative,689,0.0492,206336.8635,-0.806,44.59715659600781,0.00010504579116106093,0.052396000000000005,0.06779350000000003,0.4041188093770292,0.35743519781718963,0.32878581173260574,0.41351822663458876,0.43449538612729366,0.04821111111111111,0.06798333333333334,doji_4h,0,0,neutre,365,0,0,30,,,17.0,28.0,79.0,47.0,50,36.98,False,False,,0,,,,48,2,,Volume ×0.4 (épuisement),27027955,54948311,550140465.0,1118445313.0,,49.2,,,
SSVUSDT,SSV,Speculative,645,2.054,200243.559045,-1.44,43.35567234164932,0.013696381205099022,2.2076999999999996,2.88719,0.4514684511880531,0.3855721393034826,0.3616293532338309,0.29361688612029235,0.4819288736929577,2.0101388888888887,2.9554444444444448,,0,0,neutre,365,0,0,30,,,17.0,28.0,79.0,47.0,50,36.98,False,False,,0,,,,48,2,,Volume ×0.3 (épuisement),30159889,30159889,14699173.1,14699173.1,,100.0,8744358200,$8.7B,0.87
NOTUSDT,NOT,Speculative,534,0.000384,172347.376717,-3.275,44.40430988538467,4.617450960197565e-07,0.00041444,0.00044315,0.5979903590738428,0.46320346320346323,0.443001443001443,0.1624094902206686,0.31833895943487545,0.00037280555555555553,0.0005645277777777779,uptrend,1,0,haussier,365,0,0,30,,,17.0,28.0,79.0,47.0,50,36.98,False,False,,0,,,,48,2,,Volume ×0.2 (épuisement),38208240,39370021,99429447866.9074,102452755868.5205,102456956842.91,97.0,,,
AUCTIONUSDT,AUCTION,Speculative,724,3.33,162723.4497,-0.299,40.739161236908515,0.03683126877693185,3.7522000000000006,4.673749999999997,0.5067527609727805,0.40340909090909094,0.3693181818181818,0.16114081599319838,0.6083437327382994,3.2891666666666666,4.967499999999999,,0,0,neutre,365,0,0,30,,,17.0,28.0,79.0,47.0,50,36.98,False,False,,0,,,,48,2,,Volume ×0.2 (épuisement),24685570,25419531,7420409.148028981,7641035.648362741,10000000.0,97.1,,,
ALPINEUSDT,ALPINE,Speculative,,0.311,130296.85034,-0.955,38.3876658270236,0.0015975192450698571,0.34592000000000006,0.43867999999999996,0.3863603602896598,0.4100580270793037,0.40232108317214704,0.28452278971266776,0.6012615316964679,0.3133611111111112,0.4780833333333333,,0,0,neutre,365,0,0,30,,,17.0,28.0,79.0,47.0,50,36.98,False,False,,0,,,,48,2,,Volume ×0.3 (épuisement),,,,,,,,,
1000CATUSDT,1000CAT,Speculative,,0.00131,84621.432089,-1.504,39.33583605998793,8.961300071349907e-06,0.001496,0.0019334499999999995,0.5722136605268581,0.45175438596491224,0.42543859649122806,0.12496755484808031,0.5439292067361019,0.0013172222222222224,0.0021105555555555556,,0,0,neutre,365,0,0,30,,,17.0,28.0,79.0,47.0,50,36.98,False,False,,0,,,,48,2,,Volume ×0.1 (épuisement),,,,,,,,,
LQTYUSDT,LQTY,Speculative,886,0.176,26114.6373,-1.124,36.47932512819094,0.000960148314753953,0.20679999999999998,0.28658500000000003,0.4244869253722489,0.48979591836734704,0.48688046647230326,0.05225231014425675,0.5847100166685791,0.18094444444444444,0.32325,doji_4h,0,0,neutre,365,0,0,30,,,17.0,28.0,79.0,47.0,50,36.98,False,False,,0,,,,48,2,,Volume ×0.1 (épuisement),17352640,17572532,98748657.46014784,100000000.0,100000000.0,98.7,133066682,$133M,1.79
BABYUSDT,BABY,Mid,426,0.01307,378139.56056,-1.729,42.67976471435967,1.6967526829473928e-05,0.014456199999999997,0.015150150000000005,1.1509780347031529,0.3752525252525253,0.3414141414141415,0.11704148508023074,0.12772189474141885,0.013112222222222221,0.019050277777777777,downtrend|evening_star_4h,0,2,baissier,365,0,0,30,,,31.0,28.0,52.0,47.0,0,36.95,False,False,,0,,,,32,4,⚠️ Surveiller,Volume ×0.1 (épuisement)|Étoile du soir 4h,52177002,141757845,4001532202.98,10871620895.0,,36.8,2616185339,$2.6B,-18.86
CUSDT,C,Speculative,,0.0667,211189.91176,-3.752,36.11375399115918,-0.00016261238534544774,0.084482,0.0742314999999999,0.7181569009429178,0.4013096351730589,0.3788587464920486,0.10139803330628375,0.0729624296548352,0.06990833333333334,0.09911388888888886,doji_4h,0,0,neutre,360,0,0,30,,,16.9,36.0,62.5,47.0,50,36.9,False,False,,0,,,,48,3,,Volume ×0.1 (épuisement),,,,,,,,,
MEUSDT,ME,Speculative,523,0.06435,249162.9699342,-0.372,49.668136872696216,0.0008616476508361874,0.0676082,0.12253805000000004,0.7102259136824,0.5369975389663658,0.4737489745693191,0.3247945787309615,0.606978746147889,0.059254166666666656,0.11371944444444443,,0,0,neutre,365,0,0,30,,,17.0,37.0,59.5,47.0,50,36.89,False,False,,0,,,,51,2,,Volume ×0.3 (épuisement),38950236,64151279,607156699.975939,999990834.809024,1000000000.0,60.7,,,
INITUSDT,INIT,Speculative,,0.0561,67192.8425,-1.232,46.07597216966917,0.0005172797489038411,0.05977,0.080273,0.6473331353512912,0.5258855585831063,0.4904632152588556,0.03675144560456931,0.43763838381999276,0.05403611111111113,0.09937499999999999,double_bottom_90d,1,0,haussier,365,0,0,30,,,17.0,37.0,59.5,47.0,50,36.89,False,False,,0,,,,51,2,,Volume ×0.0 (épuisement),,,,,,,,,
GENIUSUSDT,GENIUS,Mid,238,0.3446,426660.73335,-2.324,32.60030757251758,0.0009493197860587915,0.440556,,0.7292106006395487,0.5256622516556292,0.5256622516556292,0.016753510724272926,,0.361165,0.6375749999999998,rsi_bullish_divergence,1,0,haussier,52,0,0,30,,,22.4,27.0,45.0,47.0,53.2,36.79,False,False,,0,,,,43,2,,Volume ×0.0 (épuisement),115088003,327365518,335377059.0,953973324.2879035,1000000000.0,35.2,,,
MOVRUSDT,MOVR,Speculative,896,1.359,323087.522118,-2.019,50.94954025075398,0.026409829090437025,1.3832399999999998,1.7405250000000003,0.86109966354991,0.6298834818368746,0.5349554489376286,0.08656800430907463,0.30535922805912347,1.1760277777777777,2.680305555555555,,0,0,neutre,365,0,0,30,,,17.0,37.0,55.0,47.0,50,36.62,False,False,,0,,,,50,2,,Volume ×0.1 (épuisement),16916478,17070469,12475584.0,12589149.0,,99.1,,,
RADUSDT,RAD,Speculative,,0.214,220222.689,-0.465,42.908145462688566,0.0011182271399139644,0.22760000000000002,0.24908000000000008,0.24768921284363507,0.38208955223880603,0.35820895522388063,0.09217062029952412,0.29508861069179215,0.21111111111111114,0.3066388888888889,,0,0,neutre,365,0,0,30,,,17.0,28.0,73.0,47.0,50,36.62,False,False,,0,,,,47,2,,Volume ×0.1 (épuisement),,,,,,,,,
EULUSDT,EUL,Speculative,725,1.017,184969.1905,1.904,49.48671535847739,0.0006138761821732931,1.0463399999999998,1.356685,0.79849942170943,0.4894387447193724,0.3826191913095957,0.16753248503757548,0.5271255314083899,0.9282777777777778,1.5021666666666667,bullish_engulfing_4h,1,0,haussier,273,0,0,30,,,14.5,37.0,68.5,47.0,50,36.6,False,False,,0,,,,52,2,,Volume ×0.2 (épuisement),24673151,27775904,24146317.188470602,27182818.28459,27182818.0,88.8,277083266,$277M,-8.06
GUNUSDT,GUN,Speculative,,0.00405,620082.16226,-1.22,30.607985497831464,0.00012947479141061096,0.0059012000000000005,0.016662100000000003,0.6210937539788611,0.849336455893833,0.8415300546448087,0.4079431497058611,0.2233292354484091,0.004343055555555556,0.017171666666666665,downtrend,0,1,baissier,365,0,0,30,,,17.0,19.0,43.0,57.5,21.9,36.59,False,False,,0,,,,33,2,,Volume ×0.4 (épuisement),,,,,,,,,
VICUSDT,VIC,Speculative,,0.0401,231946.884858,-2.195,50.276323222935865,0.0003193523935894131,0.04116,0.055541500000000014,0.8835992633691219,0.5152394775036285,0.41944847605224966,0.07581423668699387,0.1077800677836865,0.03596111111111111,0.06319722222222222,uptrend,1,0,haussier,365,0,0,30,,,17.0,37.0,53.5,47.0,50,36.53,False,False,,0,,,,50,2,,Volume ×0.1 (épuisement),,,,,,,,,
AIUSDT,AI,Speculative,582,0.0204,255439.76832,0.0,47.524454338216835,7.698006218678972e-05,0.022228000000000005,0.025296499999999993,1.0295644816591925,0.42258064516129035,0.34193548387096767,0.1389815648808844,0.17620878810297613,0.018988888888888892,0.029497222222222223,,0,0,neutre,365,0,0,30,,,17.0,37.0,52.0,47.0,50,36.44,False,False,,0,,,,49,2,,Volume ×0.1 (épuisement),34510840,264516694,1304675313.0,10000000000.0,10000000000.0,13.0,,,
BARUSDT,BAR,Speculative,,0.274,213070.33384,-0.725,44.22927591062892,0.0026968102030247403,0.29786,0.4574099999999999,0.3878514013668489,0.5,0.4830188679245283,0.1818516155568536,0.4630760336394647,0.27008333333333323,0.49002777777777784,,0,0,neutre,365,0,0,30,,,17.0,28.0,70.0,47.0,50,36.44,False,False,,0,,,,47,2,,Volume ×0.2 (épuisement),,,,,,,,,
SAPIENUSDT,SAPIEN,Speculative,834,0.0781,415956.24289,0.0,49.702422374858656,0.000779063539672361,0.08279599999999998,0.094721,0.5988074345749832,0.4795321637426901,0.4312865497076024,0.539615901851732,0.4296260192192986,0.07361388888888888,0.11953333333333334,downtrend,0,1,baissier,249,0,0,30,,,13.8,46.0,79.0,47.0,21.9,36.41,False,False,,0,,,,50,2,,Volume ×0.5 (épuisement),19400927,77603707,250000000.0,1000000000.0,1000000000.0,25.0,,,
CTSIUSDT,CTSI,Speculative,786,0.02336,289479.38547,-1.849,48.16290514548888,0.00020197441921355195,0.024298399999999987,0.028711749999999987,0.4150048930054784,0.4867762687634024,0.4426971646414105,0.18103543565133787,0.4665746489163867,0.022304444444444443,0.035793055555555564,double_bottom_90d|downtrend|doji_4h,1,1,mixte,365,0,0,30,,,17.0,37.0,79.0,47.0,21.9,36.37,False,False,,0,,,,47,2,,Volume ×0.2 (épuisement),21762105,23417448,929311531.7900137,1000000000.0,1000000000.0,92.9,,,
ILVUSDT,ILV,Speculative,707,3.12,88961.62332,-1.266,45.745378115476235,0.03576537759118459,3.3868,4.27145,0.588971183548216,0.46153846153846156,0.4,0.09216646087347323,0.6330205717968028,3.026666666666667,5.011388888888891,downtrend|doji_4h,0,1,baissier,365,0,0,30,,,17.0,37.0,79.0,47.0,21.9,36.37,False,False,,0,,,,47,2,,Volume ×0.1 (épuisement),25875763,29971095,8285662.406694813,9597026.407235082,,86.3,,,
LSKUSDT,LSK,Speculative,814,0.0882,55029.95446,-2.0,45.4161326461419,0.0007715920629605302,0.09475000000000001,0.13356750000000003,0.5301580951106436,0.4286713286713287,0.3846153846153846,0.0604655105720338,0.6166330368005671,0.08598888888888889,0.1342777777777778,downtrend,0,1,baissier,365,0,0,30,,,17.0,37.0,79.0,47.0,21.9,36.37,False,False,,0,,,,47,2,,Volume ×0.1 (épuisement),20504357,35187822,233084697.0,400000000.0,400000000.0,58.3,,,
MAVUSDT,MAV,Speculative,,0.00938,280577.73085,-2.495,43.92335626680861,6.46899825595778e-05,0.010727600000000004,0.016117399999999987,0.8560139571610323,0.46176470588235297,0.4470588235294118,0.33732195841986296,0.45218830033835683,0.009477500000000002,0.01639055555555556,,0,0,neutre,365,0,0,30,,,17.0,28.0,68.5,47.0,50,36.35,False,False,,0,,,,46,2,,Volume ×0.3 (épuisement),,,,,,,1017458,$1M,-9.8
MAGICUSDT,MAGIC,Speculative,967,0.043,127066.2064,-1.826,43.847638195041064,0.00039862813042898775,0.047680000000000014,0.06612499999999999,0.6880479937387656,0.4455040871934605,0.4141689373297004,0.12649695274774844,0.6212131122264924,0.04249166666666667,0.06938888888888889,,0,0,neutre,365,0,0,30,,,17.0,28.0,68.5,47.0,50,36.35,False,False,,0,,,,46,2,,Volume ×0.1 (épuisement),14435069,14916802,336458592.9651094,347687042.9717532,347714007.0,96.8,,,
QKCUSDT,QKC,Speculative,975,0.001969,96391.067015,-1.599,37.48650945587001,2.0641865461764355e-05,0.0023292,0.0031460699999999995,0.7537631449401276,0.4464658514762899,0.4133611691022965,0.27320522560333893,0.5793861246502057,0.0019971666666666675,0.0032393611111111113,,0,0,neutre,365,0,0,30,,,17.0,28.0,68.5,47.0,50,36.35,False,False,,0,,,,46,2,,Volume ×0.3 (épuisement),14260988,19665627,7251733161.0,10000000000.0,,72.5,,,
JOEUSDT,JOE,Speculative,,0.0282,37572.608437,-1.742,39.7318827105577,0.00014768456877562266,0.03201200000000001,0.0432355,0.6033648892325395,0.4732824427480916,0.46183206106870234,0.07349262931289266,0.6138979916865924,0.028530555555555552,0.04937222222222223,,0,0,neutre,365,0,0,30,,,17.0,28.0,68.5,47.0,50,36.35,False,False,,0,,,,46,2,,Volume ×0.1 (épuisement),,,,,,,8972058,$9M,-4.05
ERAUSDT,ERA,Speculative,993,0.0794,271880.29122,-2.696,35.805274424623335,0.0007499777907539144,0.097874,0.14222400000000002,0.5462032280268101,0.48191978961209736,0.47797501643655493,0.7982931830566651,0.5905944681372054,0.08180277777777775,0.14791944444444446,downtrend,0,1,baissier,361,0,0,30,,,16.9,37.0,79.0,47.0,21.9,36.34,False,False,,0,,,,44,0,,,13845254,79228922,174750000.0,1000000000.0,1000000000.0,17.5,,,
ANIMEUSDT,ANIME,Speculative,935,0.00283,289341.880554,1.434,48.5779091000498,4.4576662527908296e-05,0.0031014,0.004878699999999999,0.655222668298002,0.505813953488372,0.44961240310077516,0.8700986716539437,0.6306541452410594,0.0026922222222222226,0.004942222222222223,downtrend,0,1,baissier,365,0,0,30,,,17.0,46.0,59.5,47.0,21.9,36.28,False,False,,0,,,,47,0,,,15708182,28361263,5538604656.0,10000000000.0,10000000000.0,55.4,,,
PSGUSDT,PSG,Speculative,,0.531,294837.88925,-1.484,38.99202520319309,0.008475298966020381,0.6319000000000002,0.7693750000000001,0.31355725911802795,0.5593509820666097,0.5456874466268147,0.13169781873828793,0.30388608065237327,0.5291111111111111,1.089972222222222,,0,0,neutre,365,0,0,30,,,17.0,28.0,65.5,47.0,50,36.17,False,False,,0,,,,46,2,,Volume ×0.1 (épuisement),,,,,,,,,
BREVUSDT,BREV,Speculative,851,0.0754,218642.38591,0.533,45.515389251893595,0.00030465480853573285,0.084438,,1.2584213016212584,0.4882005899705014,0.44469026548672563,0.24253962333321313,0.4333724946278116,0.07403611111111112,0.131525,support_bounce,1,0,haussier,188,0,0,30,,,12.2,45.0,58.0,47.0,50,36.17,False,False,,0,,,,53,2,,Volume ×0.2 (épuisement),18819515,75278058,250000000.0,1000000000.0,1000000000.0,25.0,,,
YGGUSDT,YGG,Speculative,876,0.02209,150185.454755,-0.316,39.09374270626075,0.00024804395183140263,0.026656999999999997,0.041629050000000015,0.5720120691650868,0.5589510633904604,0.5444972124716085,0.1843176729463576,0.6285998178647635,0.022316944444444445,0.0446075,doji_4h,0,0,neutre,365,0,0,30,,,17.0,28.0,65.5,47.0,50,36.17,False,False,,0,,,,46,2,,Volume ×0.2 (épuisement),17591721,22072648,796991860.1014752,1000000000.0,1000000000.0,79.7,,,
FIDAUSDT,FIDA,Speculative,792,0.02167,254430.41747,-1.768,46.32643791880451,3.8920096079837025e-05,0.02352779999999999,0.022296799999999995,0.7860640737220439,0.5453205600589537,0.46917219356423484,0.04795227152321603,0.3682193287182947,0.01660166666666667,0.030930833333333334,downtrend,0,1,baissier,365,0,0,30,,,17.0,45.0,59.5,47.0,21.9,36.16,False,False,,0,,,,46,2,,Volume ×0.0 (épuisement),21417791,21417791,990910735.156861,990910735.156861,1000000000.0,100.0,,,
BNTUSDT,BNT,Speculative,654,0.2751,74896.3376,1.103,53.41444225273027,0.002615221610739236,0.28056400000000004,0.31832199999999994,0.4450547234507913,0.2936781609195402,0.21005747126436783,0.14558358093609639,0.7354257069577089,0.25888888888888895,0.34436666666666665,downtrend,0,1,baissier,365,0,0,30,,,17.0,37.0,75.5,47.0,21.9,36.16,False,False,,0,,,,46,2,,Volume ×0.1 (épuisement),29545234,29545234,107781825.4842947,107781825.4842947,110542364.6372305,100.0,16941043,$17M,1.17
GUSDT,G,Speculative,731,0.00337,189806.02266,-1.173,52.28551714735795,-8.397195022373258e-06,0.0031372,0.0037627499999999974,1.332346980122896,0.37170263788968827,0.19184652278177455,0.3333862840432006,0.25749873787670297,0.002715277777777777,0.003961388888888889,macd_bearish_cross|downtrend,0,2,baissier,365,0,0,30,,,17.0,57.0,56.5,47.0,0,36.11,False,False,,0,,,,44,5,⚠️ Surveiller,Volume ×0.3 (épuisement)|MACD cross baissier,24342080,40386710,7232700000.0,12000000000.0,12000000000.0,60.3,21243082,$21M,4.15
TURTLEUSDT,TURTLE,Speculative,,0.0341,149982.37854,-2.011,43.312765752128854,0.00010432019285440267,0.03707600000000001,0.04586650000000001,0.5646647202132234,0.4379310344827587,0.41379310344827586,0.1967408511168974,0.46182156874925,0.03390555555555554,0.053486111111111095,,0,0,neutre,264,0,0,30,,,14.2,28.0,79.0,47.0,50,36.07,False,False,,0,,,,48,2,,Volume ×0.2 (épuisement),,,,,,,,,
MANTRAUSDT,MANTRA,Speculative,581,0.00647,287918.85511,-1.821,36.19423938822539,3.1127095398077826e-05,0.007428200000000001,,0.5291444003462553,0.4342105263157895,0.4342105263157895,0.1455462913280417,0.538687406346111,0.006623888888888888,0.010936666666666667,rsi_bullish_divergence,1,0,haussier,131,0,0,30,,,10.6,36.0,79.0,47.0,53.2,36.03,False,False,,0,,,,51,2,,Volume ×0.1 (épuisement),34782668,47295385,5391913535.473953,7331600425.139515,10000000000.0,73.5,,,
REQUSDT,REQ,Speculative,509,0.0548,54035.3803,1.481,48.12699106203733,0.0003263405777205019,0.05775199999999999,0.07392700000000002,0.438372946050934,0.4844533600802407,0.4503510531594784,0.2192766029568257,0.25336625368046484,0.05319722222222223,0.08292499999999997,downtrend,0,1,baissier,365,0,0,30,,,17.0,37.0,73.0,47.0,21.9,36.01,False,False,,0,,,,46,2,,Volume ×0.2 (épuisement),40709341,54663548,744291192.2591633,999416740.9347086,1000000000.0,74.5,,,
GLMRUSDT,GLMR,Speculative,,0.0088,480695.51579,-1.124,45.46201280612975,6.294639130746454e-05,0.009705999999999998,0.014463000000000014,1.0238024300477735,0.581151832460733,0.5392670157068062,0.22706765103895968,0.3978142458805776,0.008583333333333335,0.017849999999999998,,0,0,neutre,365,0,0,30,,,17.0,37.0,44.5,47.0,50,35.99,False,False,,0,,,,48,2,,Volume ×0.2 (épuisement),,,,,,,,,
COOKIEUSDT,COOKIE,Speculative,,0.0092,268672.91553,0.0,46.29317483402391,7.554085571729897e-05,0.009923999999999999,0.019648999999999996,1.2636705052201642,0.6069651741293532,0.5472636815920398,0.19046106289022607,0.4175246854934648,0.0086,0.018680555555555547,,0,0,neutre,365,0,0,30,,,17.0,37.0,44.5,47.0,50,35.99,False,False,,0,,,,48,2,,Volume ×0.2 (épuisement),,,,,,,,,
IOSTUSDT,IOST,Speculative,738,0.000703,161749.838089,-0.846,34.10678937184609,6.42732450076347e-06,0.0008167400000000002,0.0011618749999999995,0.33710873855652934,0.44025661587810744,0.4370489174017642,0.43687486323430996,0.6551857523446183,0.0007107222222222224,0.0011496666666666662,doji_4h,0,0,neutre,365,0,0,30,,,17.0,19.0,79.0,47.0,50,35.9,False,False,,0,,,,45,2,,Volume ×0.4 (épuisement),23968688,23968688,34196139647.0,34196139647.0,90000000000.0,100.0,,,
EDENUSDT,EDEN,Speculative,890,0.0428,496558.739639,1.11,45.922853978438845,1.2283731592900495e-05,0.04790079999999999,0.04554719999999997,1.3121985732853367,0.6852003270645953,0.6493867538838921,0.1657481198307867,0.1861934731403996,0.03503611111111111,0.07663944444444444,,0,0,neutre,286,0,0,30,,,14.8,45.0,38.5,47.0,50,35.88,False,False,,0,,,,50,2,,Volume ×0.2 (épuisement),17096743,42786641,399581333.9644727,1000000000.0,1000000000.0,40.0,,,
LISTAUSDT,LISTA,Speculative,819,0.0486,157264.00126,-0.613,42.83921932034961,0.0005497110413895138,0.054625999999999994,0.09246900000000008,0.6803480088684651,0.5184404636459431,0.487881981032666,0.21179454603545747,0.5097428461743767,0.047825000000000006,0.091275,,0,0,neutre,365,0,0,30,,,17.0,28.0,59.5,47.0,50,35.81,False,False,,0,,,,45,2,,Volume ×0.2 (épuisement),20120352,38556698,415168379.95020205,795588564.255041,1000000000.0,52.2,635093862,$635M,-0.06
QUICKUSDT,QUICK,Speculative,,0.0077,43205.28165,-0.773,50.46995276976875,4.644174457156598e-05,0.007738199999999998,0.0098194,1.5546976870363205,0.41141396933560476,0.3441226575809199,0.029413709910355176,0.23930652857330897,0.007107222222222221,0.01150916666666667,,0,0,neutre,365,0,0,30,,,17.0,37.0,41.5,47.0,50,35.81,False,False,,0,,,,48,2,,Volume ×0.0 (épuisement),,,,,,,276625206,$277M,3.89
ACTUSDT,ACT,Speculative,,0.00887,311979.783332,-3.9,45.20703679439083,1.5413458034762174e-05,0.0100834,0.015547449999999996,1.781078499164471,0.5408284023668639,0.47573964497041416,0.19547108486593015,0.32176095063150495,0.00863138888888889,0.015953055555555554,,0,0,neutre,365,0,0,30,,,17.0,37.0,38.5,47.0,50,35.63,False,False,,0,,,,47,2,,Volume ×0.2 (épuisement),,,,,,,,,
BOMEUSDT,BOME,Speculative,668,0.0004109,222823.0426313,-1.273,43.117338447396904,-9.787521997657006e-08,0.00044419000000000007,0.0004912775000000001,0.5685941168693704,0.381578947368421,0.3640866873065015,0.041371746760375,0.3455198541873846,0.00040506111111111105,0.0006284722222222223,macd_bearish_cross|doji_4h,0,1,baissier,365,0,0,30,,,17.0,28.0,79.0,47.0,26.3,35.56,False,False,,0,,,,42,5,⚠️ Surveiller,Volume ×0.0 (épuisement)|MACD cross baissier,28322980,28322980,68999659569.0,68999659569.0,68999659569.0,100.0,,,
CETUSUSDT,CETUS,Speculative,885,0.01822,91591.019397,-0.546,47.380545057017386,0.00016032861270789478,0.019328,0.021675149999999997,0.5278469712590751,0.5556149732620321,0.5131016042780749,0.15128566341572838,0.5876953014390501,0.017368611111111112,0.03109333333333333,downtrend,0,1,baissier,365,0,0,30,,,17.0,37.0,65.5,47.0,21.9,35.56,False,False,,0,,,,45,2,,Volume ×0.2 (épuisement),17399308,18190185,956521739.0,1000000000.0,1000000000.0,95.7,24965348,$25M,-2.13
ONEUSDT,ONE,Speculative,873,0.00119,171316.299791,-2.459,35.480738350332174,1.2476743811691825e-05,0.0014695999999999995,0.0024026999999999994,0.646647729246263,0.5576923076923077,0.5423076923076923,0.4707642377847443,0.5869254798730895,0.0012283333333333337,0.0024158333333333328,,0,0,neutre,365,0,0,30,,,17.0,28.0,55.0,47.0,50,35.54,False,False,,0,,,,44,2,,Volume ×0.5 (épuisement),17634271,17634272,14870211425.762915,14870212769.762915,,100.0,,,
HAEDALUSDT,HAEDAL,Speculative,,0.01651,65124.035491,-1.785,41.01809242185958,0.0003125903058852949,0.020114599999999996,0.029584999999999993,0.6177520127315814,0.5904712314501431,0.5701640197865139,0.08727344492571625,0.4145423046034854,0.01638611111111111,0.03542833333333333,,0,0,neutre,365,0,0,30,,,17.0,28.0,55.0,47.0,50,35.54,False,False,,0,,,,44,2,,Volume ×0.1 (épuisement),,,,,,,26682643,$27M,-2.24
1000CHEEMSUSDT,1000CHEEMS,Speculative,,0.000467,359590.594965,-1.477,39.64966611066234,1.6436099058657181e-06,0.00053484,0.00060752,0.538266831251218,0.3626373626373627,0.3585164835164835,0.21696233476735144,0.4266778108803561,0.00047322222222222237,0.0006715555555555556,rsi_bullish_divergence|downtrend,1,1,mixte,365,0,0,30,,,17.0,28.0,79.0,47.0,25.2,35.49,False,False,,0,,,,42,2,,Volume ×0.2 (épuisement),,,,,,,,,
SIGNUSDT,SIGN,Speculative,807,0.00881,381560.00446,0.571,45.62687481917791,0.00012756434044687164,0.009431400000000001,0.0256761,0.563199379826995,0.7172031844929041,0.6957424714434061,0.23786154368273651,0.36318470035984945,0.008402222222222222,0.019321944444444444,double_top_90d,0,1,baissier,365,0,0,30,,,17.0,37.0,65.5,47.0,19.7,35.43,False,False,,0,,,,44,4,⚠️ Surveiller,Volume ×0.2 (épuisement)|Double sommet,20935101,87716904,2386666666.0,10000000000.0,10000000000.0,23.9,,,
SOMIUSDT,SOMI,Speculative,913,0.1031,358180.88785,-2.275,43.67314057361839,0.0011862794516289306,0.11717800000000002,0.17767850000000007,0.7154669024685075,0.5302879841112215,0.4875868917576961,0.2822316468444693,0.5937772699672451,0.10131111111111112,0.1912583333333333,,0,0,neutre,314,0,0,30,,,15.6,28.0,59.5,47.0,50,35.35,False,False,,0,,,,45,2,,Volume ×0.3 (épuisement),16521218,103128700,160200000.0,1000000000.0,1000000000.0,16.0,,,
ZKPUSDT,ZKP,Speculative,,0.0456,266761.16505,-2.146,41.49222784467753,5.556043261509616e-05,0.055702,,1.3355715216137103,0.5565565565565566,0.5445445445445446,0.5591081095231837,0.3956116293385933,0.0472,0.08678888888888886,,0,0,neutre,187,0,0,30,,,12.1,45.0,44.5,47.0,50,35.35,False,False,,0,,,,48,2,,Volume ×0.6 (épuisement),,,,,,,,,
FLUXUSDT,FLUX,Speculative,856,0.0448,364948.389168,-0.665,40.41179223208847,0.0005383403138722645,0.053022,0.06911750000000004,0.49459442898580586,0.49883720930232556,0.4790697674418604,0.40554121586482,0.5593637498410704,0.044788888888888885,0.07857222222222222,downtrend,0,1,baissier,365,0,0,30,,,17.0,28.0,79.0,47.0,21.9,35.29,False,False,,0,,,,41,2,,Volume ×0.4 (épuisement),18490158,18518777,413471014.4991484,414110982.4991484,440000000.0,99.8,,,
LUNAUSDT,LUNA,Speculative,583,0.0485,313229.118442,-0.206,44.36284286488618,0.00031221137964623433,0.05247200000000002,0.06490199999999997,0.44983468663253257,0.3848202396804261,0.35286284953395475,0.14181062610467174,0.5037809422085643,0.04804722222222222,0.07072222222222221,downtrend,0,1,baissier,365,0,0,30,,,17.0,28.0,79.0,47.0,21.9,35.29,False,False,,0,,,,41,2,,Volume ×0.1 (épuisement),34436087,57558371,709984438.91686,1186707049.0,,59.8,,,
ACMUSDT,ACM,Speculative,,0.287,263072.9236,-1.034,40.5280427338828,0.001090922291093737,0.3145,0.42054000000000014,0.41451798545293655,0.3969957081545064,0.38626609442060095,0.24388050410393136,0.5835805903041278,0.28972222222222227,0.44605555555555554,downtrend,0,1,baissier,365,0,0,30,,,17.0,28.0,79.0,47.0,21.9,35.29,False,False,,0,,,,41,2,,Volume ×0.2 (épuisement),,,,,,,,,
CELRUSDT,CELR,Speculative,,0.001805,250721.8536832,-1.528,35.88641370705348,7.866211745351297e-06,0.0021289200000000003,0.0027423800000000004,0.5182432820671039,0.42419406319821257,0.42387488030641557,0.33487942862309944,0.533170056636507,0.0018671388888888889,0.002924055555555556,downtrend,0,1,baissier,365,0,0,30,,,17.0,28.0,79.0,47.0,21.9,35.29,False,False,,0,,,,41,2,,Volume ×0.3 (épuisement),,,,,,,13512531,$14M,1.48
API3USDT,API3,Speculative,603,0.2287,225384.249968,0.131,42.91762355823281,0.0022592467893709604,0.2586959999999999,0.32221700000000014,0.5147358788754188,0.44527620030975734,0.40913784202374814,0.22903369920089384,0.38993039629662074,0.22568055555555555,0.3888722222222223,downtrend|bullish_engulfing_4h,1,1,mixte,365,0,0,30,,,17.0,28.0,79.0,47.0,21.9,35.29,False,False,,0,,,,41,2,,Volume ×0.2 (épuisement),32846392,40072589,143513155.2998737,175086007.1216392,,82.0,18398103,$18M,0.87
XAIUSDT,XAI,Speculative,961,0.00703,210494.659487,-0.425,39.82336289409356,4.348403599849156e-05,0.008053800000000002,0.0108612,0.5148171452622468,0.46882217090069284,0.4595842956120092,0.15495283837355145,0.5423868738996453,0.007120833333333332,0.011644444444444445,downtrend,0,1,baissier,365,0,0,30,,,17.0,28.0,79.0,47.0,21.9,35.29,False,False,,0,,,,41,2,,Volume ×0.2 (épuisement),14631297,15511037,2084305436.4650748,2209629005.425697,2500000000.0,94.3,,,
BBUSDT,BB,Speculative,,0.0193,161774.20334,0.0,41.97444883917856,0.0001599964177777418,0.022148000000000004,0.03247449999999999,0.526488894891511,0.4917582417582418,0.4697802197802198,0.04005435859300117,0.502027095411319,0.019230555555555563,0.033430555555555554,downtrend,0,1,baissier,365,0,0,30,,,17.0,28.0,79.0,47.0,21.9,35.29,False,False,,0,,,,41,2,,Volume ×0.0 (épuisement),,,,,,,,,
RLCUSDT,RLC,Speculative,789,0.2999,157305.40482,-1.64,43.73242962168413,0.0042161377765088,0.3447979999999999,0.4501189999999999,0.5839061488316408,0.44785992217898835,0.4173151750972763,0.2541830667790686,0.5717657613765145,0.2943694444444444,0.4818638888888889,downtrend,0,1,baissier,365,0,0,30,,,17.0,28.0,79.0,47.0,21.9,35.29,False,False,,0,,,,41,2,,Volume ×0.3 (épuisement),21673235,26050019,72382548.06525737,86999784.9868455,86999784.9868455,83.2,,,
TKOUSDT,TKO,Speculative,,0.046,88224.87715,-0.217,40.70838228379658,3.343999264581029e-05,0.04950799999999999,0.06116500000000002,0.4041328408457828,0.3392330383480826,0.3215339233038348,0.15209368363547912,0.590385538490338,0.04650277777777779,0.06514444444444445,macd_bullish_cross|downtrend|bullish_engulfing_4h,2,1,haussier,365,0,0,30,,,17.0,28.0,79.0,47.0,21.9,35.29,False,False,,0,,,,41,2,,Volume ×0.2 (épuisement),,,,,,,,,
AVAUSDT,AVA,Speculative,,0.1668,80356.0549,-3.416,39.431802293922686,0.0005838601410590623,0.18947600000000006,0.233737,0.5594255367537098,0.4437931034482758,0.4248275862068965,0.17390525883617436,0.5784347622243478,0.1696388888888889,0.2757027777777778,downtrend,0,1,baissier,365,0,0,30,,,17.0,28.0,79.0,47.0,21.9,35.29,False,False,,0,,,,41,2,,Volume ×0.2 (épuisement),,,,,,,,,
KNCUSDT,KNC,Speculative,850,0.1108,74260.81048,-0.36,42.85981510603478,0.0008740670035137193,0.120626,0.1532235,0.35686460899709377,0.3690476190476191,0.34047619047619054,0.11253700952264462,0.4690113334714209,0.10938888888888888,0.15531944444444445,downtrend,0,1,baissier,365,0,0,30,,,17.0,28.0,79.0,47.0,21.9,35.29,False,False,,0,,,,41,2,,Volume ×0.1 (épuisement),18802987,26631101,170152851.23024455,240991379.6540782,252301550.0,70.6,,,
WOOUSDT,WOO,Speculative,780,0.01167,40008.50009,-1.436,42.42089730948674,0.00016056285885642223,0.013253000000000004,0.018524250000000013,0.5121307865246856,0.4859903381642512,0.4367149758454106,0.06067780059979876,0.6856311374713907,0.01140611111111111,0.019883333333333343,downtrend,0,1,baissier,365,0,0,30,,,17.0,28.0,79.0,47.0,21.9,35.29,False,False,,0,,,,41,2,,Volume ×0.1 (épuisement),22039474,22039474,1888782088.294737,1888782088.294737,3000000000.0,100.0,4247255,$4M,-11.62
ICXUSDT,ICX,Speculative,692,0.0245,30258.91378,-2.39,36.81621717338646,0.000265279794942131,0.029123999999999997,0.038982000000000024,0.43892873532746374,0.42512077294685985,0.4082125603864734,0.19816649012805485,0.6543521951052667,0.024780555555555552,0.03960833333333334,downtrend|doji_4h,0,1,baissier,365,0,0,30,,,17.0,28.0,79.0,47.0,21.9,35.29,False,False,,0,,,,41,2,,Volume ×0.2 (épuisement),26865975,27149677,1097205805.956478,1108792174.218095,,99.0,,,
MTLUSDT,MTL,Speculative,811,0.227,29798.6436,-0.873,41.497438225321,0.001212194690541242,0.24892000000000006,0.2947749999999997,0.3890103232940453,0.3422619047619048,0.3244047619047619,0.18570632854880553,0.6645831392491256,0.22755555555555557,0.31933333333333325,downtrend,0,1,baissier,365,0,0,30,,,17.0,28.0,79.0,47.0,21.9,35.29,False,False,,0,,,,41,2,,Volume ×0.2 (épuisement),20817277,20817277,92068885.0,92068885.0,,100.0,,,
CTKUSDT,CTK,Speculative,894,0.1054,14133.53815,-1.771,37.520780142393996,0.0010057256496169365,0.12442400000000003,0.18514850000000005,0.5608798940806399,0.4859719438877756,0.47194388777555113,0.04381384932461854,0.5880987030972072,0.10732500000000002,0.19056388888888892,downtrend,0,1,baissier,365,0,0,30,,,17.0,28.0,79.0,47.0,21.9,35.29,False,False,,0,,,,41,2,,Volume ×0.0 (épuisement),16950209,16995453,160947895.0,161377507.0,,99.7,,,
OSMOUSDT,OSMO,Speculative,688,0.0345,255588.380782,-3.361,37.5429783226021,0.0001842343832741465,0.04309599999999999,0.042131499999999995,0.5850140874016003,0.6043577981651376,0.6043577981651376,0.16679807427431562,0.24582666897964073,0.03145833333333334,0.06729444444444446,rsi_bullish_divergence|downtrend,1,1,mixte,365,0,0,30,,,17.0,36.0,59.5,47.0,25.2,35.28,False,False,,0,,,,41,2,,Volume ×0.2 (épuisement),26977619,33736464,780654046.433415,976235406.153809,1000000000.0,80.0,13268975,$13M,-6.94
SANTOSUSDT,SANTOS,Speculative,,0.52,218612.41163,-2.072,32.90758013921058,0.0049421368995101606,0.6378599999999998,1.290015,0.5367584396204539,0.615099925980755,0.615099925980755,0.42588083779364727,0.35013736335280243,0.5448611111111111,1.2664722222222222,rsi_bullish_divergence|doji_4h,1,0,haussier,365,0,0,30,,,17.0,19.0,65.5,47.0,53.2,35.28,False,False,,0,,,,44,2,,Volume ×0.4 (épuisement),,,,,,,,,
SAGAUSDT,SAGA,Speculative,,0.01292,485315.379904,-1.072,43.26747399816809,6.222896988898326e-05,0.014599599999999999,0.02977095000000002,0.7959394492864692,0.7284034373586613,0.7082767978290366,0.06772414033279256,0.1971648046012506,0.012690277777777778,0.026433888888888892,,0,0,neutre,365,0,0,30,,,17.0,28.0,49.0,47.0,50,35.18,False,False,,0,,,,43,2,,Volume ×0.1 (épuisement),,,,,,,,,
GTCUSDT,GTC,Speculative,,0.069,129704.8152,-2.817,40.94519169036677,0.00018301023413818882,0.07855999999999999,0.09773000000000008,0.7263624787381578,0.6292134831460674,0.6123595505617977,0.17162511763981705,0.19297058426491978,0.06944444444444446,0.11999999999999998,,0,0,neutre,365,0,0,30,,,17.0,28.0,49.0,47.0,50,35.18,False,False,,0,,,,43,2,,Volume ×0.2 (épuisement),,,,,,,,,
FTTUSDT,FTT,Speculative,,0.2212,236075.182071,-0.985,36.55133003509217,0.0005440418028498789,0.25786000000000003,0.33076900000000004,0.40263919719999397,0.40429581294181627,0.3988580750407831,0.2331455328513421,0.35994908417873533,0.22778055555555562,0.3522055555555555,double_top_90d|doji_4h,0,1,baissier,365,0,0,30,,,17.0,28.0,79.0,47.0,19.7,35.16,False,False,,0,,,,41,4,⚠️ Surveiller,Volume ×0.2 (épuisement)|Double sommet,,,,,,,,,
IQUSDT,IQ,Speculative,816,0.000767,77166.575128,0.656,42.26859609532151,7.528697788119783e-06,0.0008413000000000002,0.0011514100000000003,0.39237715752361096,0.39373412362404747,0.35393734123624043,0.5833171026020312,0.6466625930758029,0.0007504722222222221,0.001142111111111111,double_top_90d|downtrend|doji_4h,0,2,baissier,365,0,0,30,,,17.0,37.0,79.0,47.0,0,35.06,False,False,,0,,,,39,4,⚠️ Surveiller,Volume ×0.6 (épuisement)|Double sommet,20381116,20381116,26701892799.92899,26701892799.92899,60000000000.0,100.0,,,
THEUSDT,THE,Speculative,,0.054,453947.59738,-3.226,42.22008230787417,0.000454109169246689,0.06739000000000002,0.15430000000000002,1.4373310945181599,0.5996621621621622,0.5430743243243242,0.2527018659282083,0.492600056840655,0.05613333333333332,0.10764722222222224,,0,0,neutre,365,0,0,30,,,17.0,28.0,44.5,47.0,50,34.91,False,False,,0,,,,43,2,,Volume ×0.3 (épuisement),,,,,,,1296205,$1M,-2.12
ATUSDT,AT,Speculative,555,0.1585,251011.41746,4.276,58.840544966513946,0.0008085776696202572,0.13686600000000004,0.15208199999999997,1.223820153193712,0.43656908063687727,0.18335901386748849,0.2298101120349039,0.03724741714443045,0.1186388888888889,0.17176944444444445,rsi_bearish_divergence|macd_bullish_cross|downtrend,1,2,baissier,228,0,0,30,,,13.2,57.0,56.5,47.0,0,34.88,False,False,,0,,,,44,4,⚠️ Surveiller,Volume ×0.2 (épuisement)|Divergence RSI baissière,36594961,159108524,230000000.0,1000000000.0,1000000000.0,23.0,,,
CITYUSDT,CITY,Speculative,,0.392,435870.65511,-2.0,47.52067349500751,0.0028009059573381907,0.40297999999999995,0.555725,0.7058042057425764,0.5145888594164456,0.48010610079575594,0.3485743341050749,0.2632937804045328,0.3812777777777778,0.6896944444444445,downtrend,0,1,baissier,365,0,0,30,,,17.0,37.0,53.5,47.0,21.9,34.84,False,False,,0,,,,43,2,,Volume ×0.3 (épuisement),,,,,,,,,
OPENUSDT,OPEN,Speculative,619,0.1479,392446.95677,-4.086,36.16826108738893,-0.00025883752590875886,0.18726999999999996,0.17928550000000004,0.9174559319759248,0.46816208393632414,0.4649059334298118,0.09015444441619117,0.17134439463577952,0.15641111111111108,0.24839444444444445,downtrend|doji_4h,0,1,baissier,308,0,0,30,,,15.4,36.0,62.5,47.0,21.9,34.75,False,False,,0,,,,41,3,,Volume ×0.1 (épuisement),31851255,147801649,215500000.0,1000000000.0,1000000000.0,21.6,,,
ACHUSDT,ACH,Speculative,,0.00441,245934.64957,1.147,37.979882885355046,5.2056383909405816e-05,0.005166800000000002,0.007104599999999997,0.4394596569950791,0.5193181818181818,0.4988636363636364,0.22003271009019107,0.39531655057708737,0.004400555555555556,0.008048333333333333,downtrend,0,1,baissier,365,0,0,30,,,17.0,28.0,70.0,47.0,21.9,34.75,False,False,,0,,,,40,2,,Volume ×0.2 (épuisement),,,,,,,,,
TNSRUSDT,TNSR,Speculative,,0.0318,389842.5359,-2.454,43.587032646883515,-0.00036707936970643547,0.033757999999999996,0.04612949999999997,1.7468286028127595,0.4004329004329004,0.3160173160173159,0.22629396931745266,0.23509942020616187,0.029658333333333335,0.04368333333333333,uptrend|doji_4h,1,0,haussier,365,0,0,30,,,17.0,28.0,41.5,47.0,50,34.73,False,False,,0,,,,42,3,,Volume ×0.2 (épuisement),,,,,,,,,
PUNDIXUSDT,PUNDIX,Speculative,778,0.0861,132710.79323,2.014,45.63555376876731,0.0016378829812237032,0.10211999999999997,0.15546050000000006,0.9294635195364822,0.5199508901166359,0.468999386126458,0.34954808791484915,0.4469877813995672,0.08261666666666666,0.1574888888888889,bear_flag,0,1,baissier,365,0,0,30,,,17.0,37.0,59.5,47.0,14.1,34.73,False,False,,0,,,,42,2,,Volume ×0.3 (épuisement),22312362,22312362,258386541.0999244,258386541.0999244,,100.0,,,
AIXBTUSDT,AIXBT,Speculative,841,0.01933,261674.533875,-2.62,43.79671471536591,0.00023624716363144864,0.02258120000000001,0.0265208,0.6805178258260003,0.49526462395543175,0.460724233983287,0.06160717312176423,0.41329078395217383,0.01917111111111111,0.034038888888888896,downtrend,0,1,baissier,365,0,0,30,,,17.0,28.0,68.5,47.0,21.9,34.66,False,False,,0,,,,40,2,,Volume ×0.1 (épuisement),19214490,19317677,994658423.1010208,1000000000.0,1000000000.0,99.5,,,
ACEUSDT,ACE,Speculative,,0.0735,112992.22739,-0.271,40.26874648910158,0.0006905345594432535,0.08742000000000001,0.15006699999999998,0.8554134370043077,0.49295774647887325,0.4830985915492957,0.08951092309442578,0.5378601560283988,0.07423333333333332,0.1347361111111111,downtrend,0,1,baissier,365,0,0,30,,,17.0,28.0,68.5,47.0,21.9,34.66,False,False,,0,,,,40,2,,Volume ×0.1 (épuisement),,,,,,,,,
QIUSDT,QI,Speculative,,0.00116,92962.9187,-3.333,43.56454554177882,1.0850859093012365e-05,0.0013133999999999995,0.0019328499999999996,0.8051374134056644,0.4512820512820513,0.4051282051282051,0.26840069000853595,0.5330650821719959,0.0011680555555555556,0.0019383333333333331,downtrend|doji_4h,0,1,baissier,365,0,0,30,,,17.0,28.0,68.5,47.0,21.9,34.66,False,False,,0,,,,40,2,,Volume ×0.3 (épuisement),,,,,,,146171043,$146M,-6.44
BMTUSDT,BMT,Speculative,,0.01211,90848.327876,-1.062,44.15154613966456,6.311230084819134e-05,0.013144200000000005,0.016760650000000002,0.6266012161316025,0.38386041439476554,0.3407851690294438,0.2214744143623907,0.5845187620950303,0.011993611111111111,0.017381944444444443,downtrend,0,1,baissier,365,0,0,30,,,17.0,28.0,68.5,47.0,21.9,34.66,False,False,,0,,,,40,2,,Volume ×0.2 (épuisement),,,,,,,,,
NOMUSDT,NOM,Speculative,,0.00158,499763.8265,-1.863,46.13611881663577,1.4248933817098019e-06,0.0017659999999999998,0.004191249999999999,1.882253749479023,0.5945121951219512,0.5213414634146342,0.213808472832933,0.34625543953774474,0.0014969444444444442,0.002973333333333333,,0,0,neutre,285,0,0,30,,,14.8,37.0,34.0,47.0,50,34.64,False,False,,0,,,,47,2,,Volume ×0.2 (épuisement),,,,,,,,,
SHELLUSDT,SHELL,Speculative,,0.0211,283266.41053,-2.765,38.146756086410576,0.00012291535792773923,0.025374000000000008,0.03358399999999999,0.7190759345794058,0.48899755501222497,0.48410757946210264,0.4948980688697724,0.5063835585392116,0.021849999999999994,0.03897777777777778,double_top_90d,0,1,baissier,365,0,0,30,,,17.0,28.0,68.5,47.0,19.7,34.53,False,False,,0,,,,39,4,⚠️ Surveiller,Volume ×0.5 (épuisement)|Double sommet,,,,,,,,,
AMPUSDT,AMP,Speculative,520,0.00044,389050.23349,0.0,25.070258064411533,6.188449212088055e-06,0.0005482,0.0011756250000000002,0.3253160334138748,0.5324123273113708,0.5313496280552604,0.58463216480979,0.6604832039789135,0.0004563611111111111,0.0009338055555555558,downtrend,0,1,baissier,365,0,0,30,,,17.0,28.0,65.5,47.0,21.9,34.48,False,False,,0,,,,45,2,,Volume ×0.6 (épuisement),39452483,43819998,89781193103.18022,99720253743.71327,100000000000.0,90.0,,,
DIAUSDT,DIA,Speculative,,0.1058,107375.09441,-2.037,39.21731676907499,0.0014773587934714828,0.12654,0.1905365,0.5600920860080693,0.5328399629972248,0.5120259019426457,0.17545835109031893,0.6306830745644755,0.10578611111111111,0.20570833333333333,downtrend,0,1,baissier,365,0,0,30,,,17.0,28.0,65.5,47.0,21.9,34.48,False,False,,0,,,,39,2,,Volume ×0.2 (épuisement),,,,,,,,,
XVGUSDT,XVG,Speculative,565,0.002172,73229.946543,-0.367,37.51917073330699,1.6423490227425713e-05,0.0025675400000000005,0.004473579999999998,0.5297974110361682,0.5533461620697028,0.5379516784263416,0.06698602900213517,0.40168028967121405,0.0022069999999999993,0.0039342499999999985,downtrend,0,1,baissier,365,0,0,30,,,17.0,28.0,65.5,47.0,21.9,34.48,False,False,,0,,,,39,2,,Volume ×0.1 (épuisement),35722398,35793853,16521951234.84133,16555000000.0,,99.8,,,
KERNELUSDT,KERNEL,Speculative,,0.0403,67087.54594,-1.707,38.335588924830866,0.0005604592006789315,0.04848000000000001,0.06847900000000003,0.5663308184349866,0.5406698564593302,0.5191387559808612,0.089012923263235,0.452051659935137,0.04009166666666668,0.07327222222222222,downtrend|doji_4h,0,1,baissier,365,0,0,30,,,17.0,28.0,65.5,47.0,21.9,34.48,False,False,,0,,,,39,2,,Volume ×0.1 (épuisement),,,,,,,,,
SOLVUSDT,SOLV,Speculative,,0.00272,253819.22091,-1.449,34.15945098032748,7.469372074257817e-06,0.0032813999999999986,0.005716999999999999,0.5248494147032045,0.4788461538461538,0.4788461538461538,0.15314122960350499,0.3102527542141051,0.0028624999999999996,0.00471638888888889,rsi_bullish_divergence|downtrend,1,1,mixte,365,0,0,30,,,17.0,19.0,79.0,47.0,25.2,34.41,False,False,,0,,,,39,2,,Volume ×0.2 (épuisement),,,,,,,413210791,$413M,2.35
LAZIOUSDT,LAZIO,Speculative,,0.367,148218.37142,-1.872,27.524246733707372,0.0013404589643023629,0.4429199999999999,0.7084750000000006,0.3831620325233086,0.4881118881118881,0.4881118881118881,0.23592153435549995,0.51953990741541,0.3874444444444445,0.6771388888888888,rsi_bullish_divergence|downtrend,1,1,mixte,365,0,0,30,,,17.0,19.0,79.0,47.0,25.2,34.41,False,False,,0,,,,45,2,,Volume ×0.2 (épuisement),,,,,,,,,
HEMIUSDT,HEMI,Speculative,,0.00446,324216.624662,-2.62,41.628992069684124,3.75385712461328e-05,0.0055190000000000005,0.009051800000000006,1.083855891275409,0.5676767676767677,0.5484848484848486,0.22260920816062826,0.4037711795654996,0.0045877777777777766,0.00868611111111111,,0,0,neutre,293,0,0,30,,,15.0,28.0,44.5,47.0,50,34.26,False,False,,0,,,,43,2,,Volume ×0.2 (épuisement),,,,,,,31661312,$32M,1.87
YBUSDT,YB,Speculative,884,0.0759,253547.8438,-2.941,47.330194630273795,0.0013939844281299278,0.08528800000000002,0.16400150000000008,0.7972423491560957,0.5119825708061002,0.44952795933188083,0.13559565388325895,0.47824323842375727,0.07183888888888891,0.13016666666666668,double_top_90d,0,1,baissier,271,0,0,30,,,14.4,37.0,59.5,47.0,19.7,34.22,False,False,,0,,,,43,4,⚠️ Surveiller,Volume ×0.1 (épuisement)|Double sommet,17393076,56047216,230245423.6801386,741939769.9612304,1000000000.0,31.0,127694366,$128M,5.12
COTIUSDT,COTI,Speculative,,0.00804,90727.55552,-1.35,34.519480823210074,5.35993097105674e-05,0.009794399999999998,0.013701450000000002,0.47688637371620135,0.47749510763209396,0.4748858447488585,0.21620480495081396,0.588827377305472,0.008359722222222223,0.014916666666666665,downtrend,0,1,baissier,365,0,0,30,,,17.0,19.0,79.0,47.0,21.9,34.21,False,False,,0,,,,39,2,,Volume ×0.2 (épuisement),,,,,,,,,
CGPTUSDT,CGPT,Speculative,878,0.01882,182692.385787,-1.826,43.48120782991384,0.00013632488998815636,0.020707,0.024319749999999987,0.5101189094139109,0.5745029239766082,0.56,0.09220032853661633,0.27372386654945513,0.01869333333333333,0.03189000000000001,downtrend,0,1,baissier,365,0,0,30,,,17.0,28.0,59.5,47.0,21.9,34.12,False,False,,0,,,,38,2,,Volume ×0.1 (épuisement),17575198,18796391,932942001.0,997766421.0,1000000000.0,93.5,,,
DYMUSDT,DYM,Speculative,,0.01571,153623.338959,-1.257,44.68299830350099,0.00011855459478391189,0.017455,0.03374374999999997,0.6686001893837829,0.5283439490445859,0.49936305732484065,0.03806673000642133,0.35183974938810336,0.015285000000000005,0.025913888888888896,downtrend,0,1,baissier,365,0,0,30,,,17.0,28.0,59.5,47.0,21.9,34.12,False,False,,0,,,,38,2,,Volume ×0.0 (épuisement),,,,,,,,,
CATIUSDT,CATI,Speculative,865,0.03974,453118.340019,0.379,29.3660494016779,-0.0018503554194814406,0.05374259999999999,0.05142115,0.9435867192298566,0.44817927170868355,0.44523809523809527,0.36492041279964693,0.2829880123941123,0.043520555555555555,0.06489527777777777,bearish_engulfing_4h,0,1,baissier,365,0,0,30,,,17.0,27.0,62.5,47.0,20.6,34.1,False,False,,0,,,,44,5,⚠️ Surveiller,Volume ×0.4 (épuisement)|Engloutissement baissier 4h,17927962,39510809,453748290.57,1000000000.0,1000000000.0,45.4,,,
0GUSDT,0G,Speculative,515,0.189,480198.3062,-2.577,29.46019481557383,0.0037966482169521157,0.2892,0.5628649999999996,0.8807533194282022,0.6941747572815534,0.6941747572815534,0.46857674911942154,0.60745392393598,0.20822222222222223,0.5841944444444445,rsi_bullish_divergence|doji_4h,1,0,haussier,294,0,0,30,,,15.1,19.0,55.0,47.0,53.2,34.01,False,False,,0,,,,48,2,,Volume ×0.5 (épuisement),40163520,188384488,213199722.0,1000000000.0,,21.3,,,
TOWNSUSDT,TOWNS,Speculative,,0.00198,217906.55471,-1.0,41.8224317261876,2.2968979850306634e-05,0.0023233999999999998,0.0037882000000000002,0.7559538205301726,0.520618556701031,0.49226804123711343,0.10160510199355481,0.4796458875991575,0.0019647222222222223,0.003671111111111111,downtrend,0,1,baissier,342,0,0,30,,,16.4,28.0,59.5,47.0,21.9,33.92,False,False,,0,,,,38,2,,Volume ×0.1 (épuisement),,,,,,,,,
RONINUSDT,RONIN,Speculative,,0.0552,144213.494913,-3.327,39.211435623458925,0.00027895121949349753,0.06486400000000002,0.0972925,0.7183030954986606,0.576625386996904,0.5727554179566564,0.16863148442376183,0.3402467827661935,0.05687499999999998,0.108475,downtrend,0,1,baissier,365,0,0,30,,,17.0,28.0,55.0,47.0,21.9,33.85,False,False,,0,,,,37,2,,Volume ×0.2 (épuisement),,,,,,,,,
STOUSDT,STO,Speculative,,0.0441,261187.77204,-1.563,38.4094827660266,0.00029174506690779305,0.05188999999999999,0.0789495,0.6796536033376994,0.6364385820280297,0.6364385820280297,0.11525408342812601,0.17622343306248742,0.04554999999999999,0.09917777777777778,rsi_bullish_divergence|downtrend,1,1,mixte,365,0,0,30,,,17.0,28.0,49.0,47.0,25.2,33.69,False,False,,0,,,,37,2,,Volume ×0.1 (épuisement),,,,,,,,,
DOLOUSDT,DOLO,Speculative,,0.02245,95170.021322,-1.535,43.1549559783535,6.837518785006891e-05,0.0251052,0.03491314999999999,1.0576012164106359,0.42485022141182605,0.4152122948684553,0.04502840921972938,0.4640525918515004,0.022511944444444446,0.03579944444444444,downtrend|doji_4h,0,1,baissier,320,0,0,30,,,15.8,28.0,58.0,47.0,21.9,33.63,False,False,,0,,,,38,2,,Volume ×0.0 (épuisement),,,,,,,241657002,$242M,10.89
PORTOUSDT,PORTO,Speculative,,0.409,100156.46808,-1.683,25.79860965761587,0.002864465394264777,0.53222,0.88632,0.5002711535351377,0.5932203389830509,0.5932203389830509,0.2649586202423066,0.6050497380678116,0.4393611111111111,0.9656666666666668,rsi_bullish_divergence|downtrend,1,1,mixte,365,0,0,30,,,17.0,19.0,65.5,47.0,25.2,33.6,False,False,,0,,,,43,2,,Volume ×0.3 (épuisement),,,,,,,,,
NILUSDT,NIL,Speculative,895,0.03476,321491.819156,-0.884,42.616803293095636,0.00040902053474896035,0.04407520000000001,0.05056144999999998,0.716675146454389,0.6415584415584416,0.6237012987012986,0.08484815125409556,0.2257751595505532,0.03442444444444445,0.06978666666666666,downtrend,0,1,baissier,365,0,0,30,,,17.0,28.0,49.0,47.0,21.9,33.49,False,False,,0,,,,37,2,,Volume ×0.1 (épuisement),16957079,34793093,487369124.996,1000000000.0,,48.7,,,
HFTUSDT,HFT,Speculative,,0.0089,115744.011,0.0,44.899088372640215,6.635947910134366e-05,0.009977999999999999,0.016317999999999996,1.361113432771652,0.5517241379310345,0.48850574712643674,0.1981292824694993,0.40930635938189586,0.008855555555555554,0.015836111111111113,downtrend,0,1,baissier,365,0,0,30,,,17.0,28.0,49.0,47.0,21.9,33.49,False,False,,0,,,,37,2,,Volume ×0.2 (épuisement),,,,,,,,,
BIGTIMEUSDT,BIGTIME,Speculative,1000,0.0072,147597.1104,-0.552,32.97781657228985,7.941216005804977e-05,0.008812000000000004,0.01397104999999999,0.4761050925612016,0.5435203094777563,0.5370728562217925,0.19491769282910415,0.6736426266238613,0.00738138888888889,0.014317222222222219,downtrend,0,1,baissier,365,0,0,30,,,17.0,19.0,65.5,47.0,21.9,33.4,False,False,,0,,,,36,2,,Volume ×0.2 (épuisement),13709783,35922489,1908245059.7925065,5000000000.0,5000000000.0,38.2,,,
PIXELUSDT,PIXEL,Speculative,,0.00474,316316.889765,-2.469,39.39163519694212,8.237779482729877e-06,0.00554,0.0070931499999999995,0.6646901446056607,0.4922048997772829,0.4743875278396436,0.16072914298611393,0.5147775152115485,0.004858888888888889,0.008487222222222222,downtrend|shooting_star_4h,0,2,baissier,365,0,0,30,,,17.0,28.0,68.5,47.0,0,33.35,False,False,,0,,,,34,4,⚠️ Surveiller,Volume ×0.2 (épuisement)|Étoile filante 4h,,,,,,,,,
MIRAUSDT,MIRA,Speculative,,0.0434,245210.42661,-2.472,40.395545351866126,0.0005935725245808238,0.055571999999999996,0.08721350000000004,0.8608288860150621,0.5500550055005501,0.5203520352035204,0.32925840473168394,0.5903886185327992,0.04389722222222222,0.08813888888888886,downtrend,0,1,baissier,290,0,0,30,,,14.9,28.0,55.0,47.0,21.9,33.18,False,False,,0,,,,37,2,,Volume ×0.3 (épuisement),,,,,,,,,
ROBOUSDT,ROBO,Speculative,655,0.01331,437268.59942,-1.041,33.3770304134045,-0.0001292660043323273,0.01797680000000001,,1.0046386586856668,0.4854721549636804,0.4648910411622276,0.18666156136374035,0.1906435760164481,0.015028055555555558,0.022662222222222222,,0,0,neutre,131,0,0,30,,,10.6,27.0,52.0,47.0,50,33.13,False,False,,0,,,,43,3,,Volume ×0.2 (épuisement),29436717,131944047,2231000000.0,10000000000.0,10000000000.0,22.3,,,
SCRUSDT,SCR,Speculative,,0.02619,213180.142212,-2.964,32.987578733922746,0.00010908589389301872,0.0330598,0.048498799999999995,0.7073537316645839,0.516420664206642,0.516420664206642,0.284249720265729,0.5652580666765505,0.027945555555555543,0.05078222222222223,rsi_bullish_divergence|downtrend|doji_4h,1,1,mixte,365,0,0,30,,,17.0,19.0,55.0,47.0,25.2,32.97,False,False,,0,,,,36,2,,Volume ×0.3 (épuisement),,,,,,,,,
IOTXUSDT,IOTX,Speculative,736,0.00255,143198.15149,-3.774,33.472208929275695,5.99991829977324e-06,0.0032737999999999995,0.0051154,0.6001777817689306,0.536178107606679,0.5287569573283859,0.25679979218180243,0.5973758784158244,0.002711111111111111,0.004950555555555555,downtrend,0,1,baissier,365,0,0,30,,,17.0,19.0,55.0,47.0,21.9,32.77,False,False,,0,,,,35,2,,Volume ×0.3 (épuisement),24045592,24045592,9441368550.0,9441368555.0,10000000000.0,100.0,,,
FOGOUSDT,FOGO,Speculative,546,0.00975,173231.52524,-2.01,43.3122623840223,0.00015495677521532361,0.011800400000000003,,1.186518425466289,0.5998201438848921,0.5620503597122302,0.12793486553317523,0.17212717971430158,0.009656388888888888,0.020661111111111116,evening_star_4h,0,1,baissier,179,0,0,30,,,11.9,36.0,38.5,47.0,23.2,32.23,False,False,,0,,,,38,4,⚠️ Surveiller,Volume ×0.1 (épuisement)|Étoile du soir 4h,37496964,97559347,3854430136.325385,10028430137.93904,,38.4,,,
REZUSDT,REZ,Speculative,772,0.00261,350189.507548,-2.902,27.985964899651265,-1.2873492153546212e-05,0.0033069199999999992,0.00393088,0.5466258434829279,0.6231548480463098,0.6221418234442837,0.35040528483004973,0.4248884659982393,0.002895333333333334,0.005838611111111112,macd_bearish_cross|downtrend,0,2,baissier,365,0,0,30,,,17.0,19.0,65.5,47.0,0,32.09,False,False,,0,,,,37,5,⚠️ Surveiller,Volume ×0.4 (épuisement)|MACD cross baissier,22643556,25621596,8673858884.226868,9814629224.12962,10000000000.0,88.4,93646236,$94M,2.71
PHAUSDT,PHA,Speculative,800,0.0254,376986.7347,0.0,31.979052819404757,-4.47461127875623e-05,0.03361,0.03411600000000002,0.6909242255575763,0.5404896421845574,0.5216572504708098,0.166547186615203,0.389477319210124,0.027033333333333336,0.041777777777777775,death_cross|downtrend|doji_4h,0,2,baissier,365,0,0,30,,,17.0,19.0,55.0,47.0,0,31.46,False,False,,0,,,,30,3,,Volume ×0.2 (épuisement),21292623,25333394,840496260.4928192,1000000000.0,1000000000.0,84.0,,,
USDCUSDT,USDC,Etabli,5,1.00051,1275471567.65689,-0.009,43.89369975044055,-5.207281724327228e-05,1.0007416,1.0003879,0.0031394804553731654,0.0011187358285137893,0.0007690079797061165,0.15511978635552207,-0.1425461204840725,0.9996313888888889,1.0024319444444445,support_bounce|uptrend,2,0,haussier,365,0,0,30,,,45.0,36.0,94.0,78.5,50,61.63,False,True,,0,,,,53,5,⚠️ Surveiller,Volume ×0.2 (épuisement)|Près du plus haut 90j (résistance),73392747454,73393381771,73408689691.05774,73409324146.1491,,100.0,,,
USD1USDT,USD1,Etabli,25,0.99982,68964228.5655,-0.017,45.21376662109302,-1.9312597586647003e-05,1.0000951999999999,1.0000333999999993,0.0040119167447643005,0.0016281927060961426,0.0012785807753393213,0.16800992797819966,-0.1924606711824298,0.9992058333333335,1.000843888888889,resistance_test|doji_4h,0,1,baissier,365,0,0,30,,,45.0,45.0,94.0,78.5,30.4,61.54,False,True,,0,,,,54,5,⚠️ Surveiller,Volume ×0.2 (épuisement)|Près du plus haut 90j (résistance),4455685335,4455685335,4460131420.22647,4460131420.22647,,100.0,,,
USDEUSDT,USDE,Etabli,26,1.0004,4114130.6749,-0.01,60.73183756088668,0.0001197980675058576,0.9998959999999997,0.9997475000000005,0.005085333552227135,0.0011992804317409343,0.0001998800719568039,0.02559733330973612,0.013048486133507816,0.9979861111111111,1.0023249999999995,macd_bullish_cross|support_bounce|resistance_test,2,1,haussier,307,0,0,30,,,43.4,73.0,94.0,68.0,30.4,59.84,False,True,,0,,,,62,4,⚠️ Surveiller,Volume ×0.0 (épuisement)|Près du plus haut 90j (résistance),3935609666,3935609666,3936670646.558135,3936670646.558135,,100.0,21401178,$21M,-5.04
RLUSDUSDT,RLUSD,Etabli,51,1.0008,9650758.4634,0.0,48.00333906424118,-5.020325008319927e-05,1.000938,,0.004274279265828748,0.00129805292061915,0.0006989515726411831,0.05035207011532861,-0.11972225858295552,0.999727777777778,1.001575,support_bounce|resistance_test,1,1,mixte,172,0,0,30,,,39.7,45.0,94.0,78.5,30.4,59.8,False,True,,0,,,,54,5,⚠️ Surveiller,Volume ×0.1 (épuisement)|Près du plus haut 90j (résistance),1539414337,1539414337,1539280581.000363,1539280581.000363,,100.0,,,
UUSDT,U,Etabli,65,1.0004,5821110.235,-0.02,41.98325144741337,-6.413401996365037e-05,1.0008059999999992,,0.0035070485792684522,0.000998801438274183,0.000998601957259948,0.13033074831815103,-0.09007297420007353,0.9997055555555554,1.0012888888888893,rsi_bullish_divergence|resistance_test|doji_4h,1,1,mixte,181,0,0,30,,,40.0,36.0,94.0,78.5,33.7,59.0,False,True,,0,,,,49,5,⚠️ Surveiller,Volume ×0.1 (épuisement)|Près du plus haut 90j (résistance),1035939418,1035939418,1036209209.0,1036209209.0,,100.0,,,
FDUSDUSDT,FDUSD,Mid,125,0.9978,10994185.5621,-0.04,43.87917502823828,-4.7555257969662357e-05,0.998458,0.9991330000000008,0.008364375699130497,0.0020010005002501267,0.001700850425212641,0.16370800923954382,0.41885446297148005,0.9977250000000006,0.9995888888888886,resistance_test|downtrend|doji_4h,0,2,baissier,365,0,0,30,,,31.0,28.0,100.0,78.5,2.4,53.58,False,True,,0,,,,40,5,⚠️ Surveiller,Volume ×0.2 (épuisement)|Près du plus haut 90j (résistance),347143921,347143921,348156619.433034,348156619.433034,,100.0,,,
XUSDUSDT,XUSD,Mid,440,1.0008,723633.0573,0.0,46.76681945995811,-3.189336916561481e-05,1.0008959999999998,1.0004879999999998,0.004884340758085109,0.001198322348711893,0.0006990213700820301,0.002859007065932581,-0.020084292261921526,0.9996361111111108,1.0040249999999995,uptrend,1,0,haussier,365,0,0,30,,,31.0,45.0,94.0,57.5,50,49.05,False,True,,0,,,,59,5,⚠️ Surveiller,Volume ×0.0 (épuisement)|Près du plus haut 90j (résistance),49544466,49544466,49540240.561,49540240.561,,100.0,,,
TUSDUSDT,TUSD,Mid,105,0.998,726197.2437,-0.09,26.853826968786308,-5.369019382614441e-05,0.9993939999999999,0.9993074999999991,0.003540600879194838,0.003394907638542256,0.003394907638542256,15.570489152994123,-0.15526223287716856,0.9985444444444442,1.0003777777777776,breakdown_30d|resistance_test,0,2,baissier,365,0,0,30,,,31.0,54.0,94.0,57.5,9.0,47.67,False,True,,3,⚡ Volume ×15.6 vs médiane,,15.57,63,3,,Près du plus haut 90j (résistance),493173072,493173072,494515083.0,494515083.0,,100.0,,,
BFUSDUSDT,BFUSD,Etabli,58,0.9994,229993.9984,0.0,48.98673946286008,-3.855791876349266e-06,0.9994360000000002,0.9994650000000016,0.0033275087400472026,0.000900090009000912,0.000600060006000645,0.07169360990985064,0.15626727881187633,0.9991416666666666,0.9998388888888893,support_bounce|resistance_test,1,1,mixte,334,0,0,30,,,44.2,37.0,94.0,47.0,30.4,46.69,False,True,,0,,,,51,5,⚠️ Surveiller,Volume ×0.1 (épuisement)|Près du plus haut 90j (résistance),1318402082,1318402082,1320000000.0,1320000000.0,,100.0,,,
EURUSDT,EUR,Speculative,,1.1418,4095405.79108,-0.035,42.17476646244278,0.0006147910144813427,1.1513399999999998,1.1654369999999994,0.049889521532490995,0.03643450262667339,0.032536858159633954,0.04970072552458192,0.3266920842648594,1.1413972222222224,1.1765777777777775,downtrend|doji_4h,0,1,baissier,365,0,0,30,,,17.0,28.0,100.0,68.0,21.9,45.62,False,True,,0,,,,45,4,⚠️ Surveiller,Volume ×0.0 (épuisement)|Près du plus haut 90j (résistance),,,,,,,,,
USDSUSDT,USDS,Etabli,12,1.0006,115651.492,-0.01,43.90431646234069,-4.543299039135109e-05,1.0007139999999994,,0.0035067866689767985,0.001198561725928975,0.0007989613502448156,0.10522326816316678,-0.05903377663864727,0.9984333333333334,1.001427777777778,resistance_test|doji_4h,0,1,baissier,95,0,0,30,,,37.6,36.0,94.0,47.0,30.4,44.42,False,True,,0,,,,48,5,⚠️ Surveiller,Volume ×0.1 (épuisement)|Près du plus haut 90j (résistance),10958075314,10958075314,10960798173.25102,10960798173.25102,,100.0,,,
AEURUSDT,AEUR,Speculative,,1.1421,4514.52173,0.018,53.29903531665194,0.0023151024990333844,1.139138,1.1550529999999997,0.2073659812254975,0.049821154828819623,0.027337761880429245,0.5564030069914744,0.1118024630108901,1.1250916666666666,1.1699444444444442,support_bounce,1,0,haussier,365,0,0,30,,,17.0,66.0,94.0,47.0,50,42.44,False,True,,0,,,,65,4,⚠️ Surveiller,Volume ×0.6 (épuisement)|Près du plus haut 90j (résistance),,,,,,,,,
FRAXUSDT,FRAX,Mid,146,0.2603,161829.26728,3.335,50.176102108001935,0.00602445422180934,0.29091000000000006,,0.6289186281041389,0.5499705478107206,0.4898880816807383,0.5783470114639905,0.5188073725469136,0.24073611111111104,0.48769999999999997,downtrend,0,1,baissier,179,0,0,30,,,25.9,54.0,59.5,47.0,21.9,40.16,False,True,,0,,,,49,2,,Volume ×0.6 (épuisement),237867155,237867155,239570045.8726003,239570045.8726003,,100.0,43227949,$43M,-7.75
KGSTUSDT,KGST,Speculative,,0.011442,75885.588712,-0.026,53.199566102126546,-1.4586388166673223e-06,0.011427039999999998,0.011406959999999989,0.02833607374741151,0.006113537117903984,0.0004366812227074058,0.5434192820012086,0.1328827942869268,0.011369277777777777,0.011455000000000005,rsi_bearish_divergence|support_bounce|resistance_test,1,2,baissier,201,0,0,30,,,12.5,82.0,94.0,47.0,0,39.88,False,True,,0,,,,58,7,🔴 Sortie,Volume ×0.5 (épuisement)|Près du plus haut 90j (résistance)|Divergence RSI baissière,,,,,,,,,
USDPUSDT,USDP,Speculative,617,1.0004,12493.8989,-0.02,47.12905184662447,-2.829418767267329e-05,1.0005459999999997,1.0002915000000006,0.004482855099672639,0.0011986814504046446,0.0008988315190253898,0.05808453283149382,-0.0438063735529227,0.9995833333333337,1.0011444444444448,resistance_test|uptrend,1,1,mixte,365,0,0,30,,,17.0,45.0,94.0,47.0,30.4,38.74,False,True,,0,,,,54,5,⚠️ Surveiller,Volume ×0.1 (épuisement)|Près du plus haut 90j (résistance),31947720,31947720,31954027.03052443,31954027.03052443,,100.0,,,
EURIUSDT,EURI,Speculative,527,1.1413,210377.26967,-0.026,48.177449008616314,0.0009924588292881654,1.149694,1.1649665000000005,0.22626905117751603,0.07513128917499576,0.03328815856344241,0.0284076260842251,0.15389745331089671,1.1361222222222223,1.1764972222222223,downtrend,0,1,baissier,365,0,0,30,,,17.0,37.0,94.0,47.0,21.9,37.27,False,True,,0,,,,49,4,⚠️ Surveiller,Volume ×0.0 (épuisement)|Près du plus haut 90j (résistance),38620855,38620855,33854052.06990108,33854052.06990108,,100.0,,,
