symbol,base,tier,rank_mcap,price,vol_24h_usd,change_24h_pct,rsi_14,macd_hist,ma_50,ma_200,vol_30d_ann,drawdown_90d,dist_to_high_90d,vol_ratio_vs_med90,corr_btc_90d,support_90d,resistance_90d,patterns,bull_signals,bear_signals,bias,age_days,n_red_flags,audit_score,team_score,github_commits_30d,github_contrib_90d,score_solidity,score_momentum,score_risk,score_antiscam,score_signal,score,suspect,stablecoin,categories,catalyst_score,catalyst_flags,trending_rank,vol_spike_ratio,bull_prob_7d,market_cap,fdv,circulating_supply,total_supply,max_supply,circ_ratio_pct,tvl,tvl_fmt,tvl_change_7d
POLYXUSDT,POLYX,Mid,425,0.0487,863282.4317,1.247,49.355905176341,-0.00035379647604603253,0.048457999999999994,0.056241500000000035,0.5021060983314832,0.18215613382899634,0.09981515711645104,1.773674015329076,0.5319134974899684,0.0405,0.052577777777777765,downtrend,0,1,baissier,365,0,0,30,,,31.0,84.0,100.0,57.5,32.5,76.27,False,False,,0,,,,67,62210414,62210414,1272716856.507786,1272716856.507786,,100.0,,,
ALGOUSDT,ALGO,Etabli,65,0.1197,6177186.8206,4.359,61.64784256013888,0.0001721693794461544,0.10396000000000001,0.12107150000000003,0.6723651026568433,0.18555667001003012,0.030032467532467605,1.0091201981871472,0.6600035737231049,0.08341388888888888,0.11666666666666667,macd_bullish_cross|double_bottom_90d|doji_4h,2,0,haussier,365,0,0,30,,,45.0,75.0,89.5,78.5,67.2,76.13,False,False,,0,,,,71,1063136844,1063177025,8907656768.171795,8907993427.073656,10000000000.0,100.0,,,
KNCUSDT,KNC,Speculative,,0.153,1823735.59734,-2.734,55.41215145157693,0.00150821592866573,0.14075800000000002,0.20347349999999997,0.8858519185805586,0.20894607843137264,0.09226190476190484,2.5487558122899703,0.5430606405612459,0.1292944444444445,0.1590277777777778,macd_bullish_cross,1,0,haussier,365,0,0,30,,,17.0,84.0,89.5,68.0,59.2,75.49,False,False,,0,,,,76,,,,,,,,,
LUNAUSDT,LUNA,Mid,483,0.0716,5863752.461346,-0.417,60.74053364408745,0.0010311476251076298,0.05995400000000001,0.07932550000000002,0.864963015748331,0.21605839416058403,0.041499330655957234,1.0920462898519732,0.5529071069362821,0.054891666666666686,0.06923333333333331,uptrend,1,0,haussier,365,0,0,30,,,31.0,75.0,89.5,78.5,58.2,73.85,False,False,,0,,,,69,50613694,84598512,709984438.91686,1186707049.0,,59.8,,,
TONUSDT,TON,Etabli,22,1.797,104171105.36228,29.281,83.06531141253029,0.0398793876675885,1.3228799999999998,1.5549900000000016,0.926372284339435,0.1987991994663109,0.0,6.455391527081914,0.4932980193489057,1.2240555555555555,1.4583055555555553,breakout_30d|macd_bullish_cross|double_bottom_90d|uptrend,4,0,haussier,365,0,0,30,,,45.0,66.0,89.5,78.5,76.7,73.5,False,False,,7,🔥 Trending #4 sur CoinGecko|⚡ Volume ×6.5 vs médiane,4,6.46,74,4839447491,9280202406,2698296002.481204,5174295847.071092,,52.1,,,
TRXUSDT,TRX,Etabli,8,0.3399,38987055.03051,0.118,72.16992233305673,0.000991041212793641,0.320654,0.29720800000000014,0.1555346969571828,0.034755677907777005,0.002054593484003459,0.2308414348365657,0.3907375896352679,0.2786444444444444,0.3297694444444444,macd_bullish_cross|resistance_test,1,1,mixte,365,0,0,30,,,45.0,64.0,100.0,78.5,53.8,73.43,False,False,,0,,,,63,32188393077,32188761052,94791359269.33229,94792442916.46469,,100.0,,,
POWRUSDT,POWR,Speculative,640,0.0648,520454.1999,2.857,51.448862979581314,-0.00017400557446333375,0.064202,0.08010000000000002,0.48875479100391894,0.16997167138810196,0.08498583569405088,3.5495852710611944,0.8148540197900757,0.06056111111111113,0.06898055555555554,double_bottom_90d|downtrend,1,1,mixte,365,0,0,30,,,17.0,84.0,92.0,57.5,40.5,73.37,False,False,,2,⚡ Volume ×3.5 vs médiane,,3.55,75,34253936,64627185,529761884.726046,999506122.99937,1000000000.0,53.0,,,
ZILUSDT,ZIL,Mid,341,0.00424,790288.278898,1.923,59.954125374549676,1.170351677064769e-05,0.0039873999999999995,0.00507875,0.48086020395744167,0.20779220779220778,0.08441558441558436,1.0285021366400395,0.7873623513906508,0.003805833333333333,0.004539166666666667,macd_bullish_cross,1,0,haussier,365,0,0,30,,,31.0,75.0,92.0,57.5,59.2,73.05,False,False,,0,,,,69,82620450,86546015,19513551525.0,20440703337.72609,21000000000.0,95.5,,,
PEOPLEUSDT,PEOPLE,Speculative,534,0.00854,1926364.34327,6.351,65.09219519967522,3.8057557721521505e-05,0.007128799999999998,0.008794049999999998,0.9656175759907694,0.2072538860103628,0.020547945205479406,1.5454631223505053,0.6979473627647611,0.006244444444444443,0.0079675,macd_bullish_cross|double_bottom_90d,2,0,haussier,365,0,0,30,,,17.0,75.0,89.5,68.0,67.2,72.7,False,False,,0,,,,68,43563666,43563666,5066444892.014003,5066444892.014003,,100.0,,,
SKYUSDT,SKY,Etabli,46,0.08022,1699022.4166,-0.236,50.430640247343526,-0.0007031549582791467,0.0770798,0.06492315,0.5098770660051003,0.14271665642286427,0.10214573088958437,0.3273188251429858,0.7112872025433947,0.06414472222222221,0.08318500000000001,uptrend,1,0,haussier,231,0,0,30,,,41.3,73.0,87.5,68.0,58.2,72.54,False,False,,0,,,,68,1866428343,1886412573,23214106962.123238,23462665147.36596,23462665147.3,98.9,,,
NOTUSDT,NOT,Mid,490,0.000496,11666736.272775,18.377,71.57285541380065,7.505818758153154e-06,0.00038517999999999994,0.0005146650000000001,1.0246307799177525,0.21527777777777773,0.0,16.272083137802824,0.6690363621195144,0.0003475277777777778,0.0004362222222222223,macd_bullish_cross|double_bottom_90d|uptrend,3,0,haussier,365,0,0,30,,,31.0,75.0,79.0,78.5,75.4,72.49,False,False,,5,🔥 Trending #6 sur CoinGecko|⚡ Volume ×16.3 vs médiane,6,16.27,80,49377309,50878703,99429447866.9074,102452755868.5205,102456956842.91,97.0,,,
PUNDIXUSDT,PUNDIX,Speculative,585,0.1518,396444.40334,3.055,55.84290964721301,-0.00010736248781257964,0.14777799999999996,0.20927500000000013,0.4086514445297213,0.22549575070821531,0.13824362606232282,2.0319416808969253,0.8213848075991157,0.14264722222222226,0.16908055555555557,,0,0,neutre,365,0,0,30,,,17.0,84.0,87.5,47.0,50,72.18,False,False,,0,,,,73,39218158,39218158,258386541.0999244,258386541.0999244,,100.0,,,
MINAUSDT,MINA,Mid,348,0.0631,1065057.67677,1.61,60.14675875205746,1.5616090169497934e-06,0.058256,0.08152150000000001,0.48142060922375973,0.2384393063583815,0.08815028901734095,0.6988606088397626,0.7621223020979879,0.05414722222222222,0.06627222222222225,macd_bullish_cross|double_bottom_90d|uptrend,3,0,haussier,365,0,0,30,,,31.0,66.0,92.0,68.0,75.4,72.0,False,False,,0,,,,71,81061461,81061461,1285215276.840039,1285215276.840039,,100.0,,,
STEEMUSDT,STEEM,Speculative,631,0.06378,6105447.10643,12.785,67.16429060928527,0.0003356778598590687,0.05899459999999999,0.06649839999999999,0.5417019931634366,0.30176544766708696,0.19571248423707432,13.268002329840343,0.35195440151431306,0.05076333333333335,0.06587166666666666,breakout_30d|macd_bullish_cross|uptrend,3,0,haussier,365,0,0,30,,,17.0,75.0,83.5,78.5,68.7,71.85,False,False,,3,⚡ Volume ×13.3 vs médiane,,13.27,76,35045748,35050123,546558105.153,546626328.853,,100.0,,,
WCTUSDT,WCT,Speculative,,0.0655,1362162.34065,3.476,57.37054061357968,0.00011154091785553011,0.05986199999999999,0.08286450000000004,0.9100655085994521,0.22172619047619044,0.05217391304347834,1.2179909456528883,0.6272572477458893,0.05488055555555557,0.06614166666666668,double_bottom_90d,1,0,haussier,365,0,0,30,,,17.0,75.0,89.5,68.0,58.0,71.69,False,False,,0,,,,69,,,,,,,,,
ETCUSDT,ETC,Etabli,58,8.85,5218596.8223,1.841,60.2755076765286,0.032884785328355315,8.416999999999996,11.172,0.4770683389977399,0.1387978142076503,0.03497267759562844,0.6980102177782196,0.8364654317564946,8.014999999999999,8.994166666666665,macd_bullish_cross|double_bottom_90d|downtrend,2,1,haussier,365,0,0,30,,,45.0,66.0,92.0,78.5,49.7,71.31,False,False,,0,,,,64,1384975141,1384975141,156559601.6228963,156559601.6228963,210700000.0,100.0,,,
BABYUSDT,BABY,Mid,390,0.01894,6225732.1602,-6.191,67.6745795844931,0.0003531383616629788,0.014727600000000006,0.018007200000000004,0.935453583103042,0.2266009852216749,0.04444444444444456,1.4794892329425038,0.5439963596058903,0.011863611111111111,0.01712138888888889,macd_bullish_cross|uptrend,2,0,haussier,365,0,0,30,,,31.0,66.0,89.5,78.5,67.4,71.19,False,False,,0,,,,65,73250316,203702141,3870729524.98,10764129483.0,,36.0,,,
ASTRUSDT,ASTR,Mid,378,0.008652,501757.3781796,1.716,63.1174386780353,2.67204669290984e-05,0.00786208,0.010393039999999994,0.5335399574215908,0.1677844452288504,0.0,0.7554074671006085,0.7235857948964712,0.007124944444444446,0.00843052777777778,macd_bullish_cross|double_bottom_90d|uptrend,3,0,haussier,365,0,0,30,,,31.0,66.0,92.0,57.5,75.4,71.16,False,False,,0,,,,71,75216474,75223073,8684407025.0,8685168853.0,,100.0,,,
RENDERUSDT,RENDER,Etabli,74,1.839,4462859.91526,-1.92,54.244507681264885,0.004465169711313565,1.8055799999999997,1.78843,0.6022405159724616,0.18283764017552423,0.10336421257922973,0.13743277071010457,0.7679712426203623,1.3304722222222225,1.9491388888888892,macd_bullish_cross|golden_cross,2,0,haussier,365,0,0,30,,,45.0,73.0,77.0,68.0,71.7,71.11,False,False,,0,,,,69,954760680,981927169,518743261.0140742,533503434.2940742,644245094.0,97.2,,,
BANANAUSDT,BANANA,Speculative,,4.11,3694948.99784,4.051,62.75378559843138,0.011416374515818256,3.6271999999999998,6.347300000000001,0.5664736385915606,0.3388090349075975,0.16221765913757702,6.180809497439297,0.7644640667310396,3.340277777777778,4.767500000000001,uptrend,1,0,haussier,365,0,0,30,,,17.0,84.0,75.5,68.0,58.2,71.06,False,False,,3,⚡ Volume ×6.2 vs médiane,,6.18,78,,,,,,,,,
MTLUSDT,MTL,Speculative,716,0.319,494307.6362,4.248,68.88044968175714,0.001177087729011656,0.28756,0.3498700000000003,0.3746304137095188,0.12751677852348986,0.0,4.0092273508021785,0.8203899920395881,0.26399999999999996,0.30288888888888876,breakout_30d|macd_bullish_cross,2,0,haussier,365,0,0,30,,,17.0,75.0,92.0,47.0,60.5,71.05,False,False,,2,⚡ Volume ×4.0 vs médiane,,4.01,74,28940575,28940575,90635915.0,90635915.0,,100.0,,,
VANAUSDT,VANA,Speculative,504,1.54,7887013.75168,2.326,61.65296392661871,0.005038018010156464,1.36412,2.069614999999999,0.599597599578392,0.3070636310566258,0.10099241097489786,7.2184367931369815,0.6638320404954169,1.2551666666666663,1.6833611111111109,rsi_bearish_divergence|doji_4h,0,1,baissier,365,0,0,30,,,17.0,84.0,83.5,78.5,26.8,70.92,False,False,,3,⚡ Volume ×7.2 vs médiane,,7.22,71,47286122,184231643,30800000.0,120000000.0,120000000.0,25.7,,,
LUNCUSDT,LUNC,Etabli,99,0.0001006,44884659.59067681,8.114,78.55808116117109,4.425380155425904e-06,4.8059199999999975e-05,4.1393600000000016e-05,1.5304557221432566,0.20720123702231064,0.013630123553637954,2.5695206188182924,0.425463481712725,3.42663888888889e-05,6.377944444444444e-05,,0,0,neutre,365,0,0,30,,,45.0,82.0,68.5,78.5,50,70.6,False,False,,3,🔥 Trending #5 sur CoinGecko,5,,63,557047295,651489921,5524292299327.98,6460889024678.208,,85.5,,,
TUTUSDT,TUT,Speculative,,0.01278,6716925.225,-0.853,60.27715612280992,0.00016793146016193217,0.010136000000000001,0.013707100000000005,1.3784411529600253,0.32324058919803605,0.08351331893448521,2.3724036875597947,0.5018528833021093,0.008800833333333334,0.012045277777777778,macd_bullish_cross|uptrend,2,0,haussier,365,0,0,30,,,17.0,84.0,67.0,78.5,67.4,70.28,False,False,,0,,,,74,,,,,,,,,
BATUSDT,BAT,Mid,215,0.1072,1512029.4904,1.515,57.10768874758971,0.0003636850214173182,0.09988200000000003,0.15971900000000003,0.7123747560341835,0.3321114369501466,0.21480938416422282,1.5310777471195836,0.6426664765905351,0.09440833333333332,0.12671944444444447,rsi_bearish_divergence|macd_bullish_cross|uptrend,2,1,haussier,365,0,0,30,,,31.0,84.0,73.0,68.0,44.2,70.04,False,False,,0,,,,65,160212725,160670674,1495724656.9526057,1500000000.0,1500000000.0,99.7,,,
ANIMEUSDT,ANIME,Speculative,,0.00479,702108.03036,0.842,52.23055714227798,-3.1636431203645835e-06,0.004750000000000001,0.006203000000000001,0.5159145745111737,0.2504258943781942,0.18398637137989782,1.2904038659791122,0.6059564417350023,0.00450388888888889,0.005625555555555556,double_bottom_90d|uptrend,2,0,haussier,365,0,0,30,,,17.0,75.0,83.5,57.5,66.2,69.9,False,False,,0,,,,70,,,,,,,,,
ARKUSDT,ARK,Speculative,639,0.1762,461604.0455,1.732,54.218893511405035,-4.3916929821593165e-05,0.170692,0.23347749999999987,0.4385459847119549,0.22926829268292678,0.13951219512195115,3.1730479358763755,0.8182827316858392,0.16330833333333333,0.1947222222222222,macd_bearish_cross|uptrend,1,1,mixte,365,0,0,30,,,17.0,84.0,87.5,47.0,28.1,69.78,False,False,,2,⚡ Volume ×3.2 vs médiane,,3.17,71,34616423,34616423,196310510.0,196310510.0,,100.0,,,
BOMEUSDT,BOME,Speculative,561,0.000593,2987207.029307,7.818,65.42644005538111,8.111900010675115e-07,0.00045474,0.0006006150000000001,1.411063287298941,0.23590814196242169,0.0,1.6936107256157933,0.6223252985616475,0.00037133333333333327,0.0005570833333333334,macd_bullish_cross|uptrend,2,0,haussier,365,0,0,30,,,17.0,75.0,79.0,68.0,67.4,69.48,False,False,,0,,,,66,41095323,41095323,68999659569.0,68999659569.0,68999659569.0,100.0,,,
BELUSDT,BEL,Speculative,,0.11,1375301.62649,2.612,54.211899651491095,-0.00029919844535000826,0.10301599999999997,0.13237999999999997,0.8352454446780107,0.23278116826503925,0.12678288431061807,1.0285285763475316,0.6249637797895791,0.09216944444444447,0.11466666666666667,,0,0,neutre,365,0,0,30,,,17.0,75.0,85.0,68.0,50,69.42,False,False,,0,,,,66,,,,,,,,,
MORPHOUSDT,MORPHO,Etabli,63,2.167,3827286.06563,10.561,69.3568908835654,0.00756509977509448,1.77254,1.5702349999999998,0.7953888433259267,0.2590725806451613,0.0,0.8972488342432964,0.5770102952372512,1.268527777777778,2.000555555555555,uptrend,1,0,haussier,215,0,0,30,,,40.9,73.0,77.5,68.0,58.2,69.4,False,False,,0,,,,63,1318266443,2159821089,610359093.8703353,1000000000.0,1000000000.0,61.0,,,
ASTERUSDT,ASTER,Etabli,50,0.677,11887803.05184,-0.733,53.408069601345375,0.0018256169560099443,0.6699399999999999,0.7953049999999992,0.3313375841979046,0.14417989417989416,0.10582010582010577,0.3386108408387254,0.6372606042454075,0.6199722222222221,0.7310277777777777,macd_bullish_cross|doji_4h,1,0,haussier,212,0,0,30,,,40.8,57.0,95.5,78.5,59.2,69.38,False,False,,0,,,,65,1745656924,5292760463,2579922243.4698935,7822218820.515041,8000000000.0,33.0,,,
DASHUSDT,DASH,Etabli,95,45.18,55448870.11398,-5.044,66.34119142889458,0.9920150357882707,35.3176,46.75459999999999,1.429635540770181,0.27508650519031136,0.04969467256264475,1.7453299300255178,0.6474657336487181,30.985,40.616388888888885,macd_bullish_cross|uptrend|doji_4h,2,0,haussier,365,0,0,30,,,45.0,75.0,67.0,78.5,67.4,69.2,False,False,,0,,,,64,569569238,569701398,12685490.33220692,12688433.82121765,18920000.0,100.0,,,
SUNUSDT,SUN,Mid,126,0.01928,546710.89005,0.89,63.38450004497101,4.466236428094742e-05,0.018061999999999998,0.019284699999999988,0.30159166711287777,0.1516002245929253,0.0015544041450778366,0.30419137478851027,0.4915495297449331,0.01594277777777778,0.01879611111111111,macd_bullish_cross|uptrend,2,0,haussier,365,0,0,30,,,31.0,57.0,100.0,57.5,67.4,69.09,False,False,,0,,,,67,370468711,383595706,19219708839.50254,19900730000.0,19900730000.0,96.6,,,
2ZUSDT,2Z,Mid,145,0.09158,891434.44718,6.861,61.01469680529348,5.9878224913902144e-05,0.08110359999999998,0.11406910000000002,0.7483885300853892,0.30718550545604284,0.06536956969322635,1.365336412006696,0.588852685936424,0.07100000000000001,0.09021416666666666,macd_bullish_cross|double_bottom_90d,2,0,haussier,216,0,0,30,,,26.9,75.0,77.5,57.5,67.2,69.06,False,False,,0,,,,69,315177931,908182844,3469895583.9,9998478083.9,10000000000.0,34.7,,,
STORJUSDT,STORJ,Speculative,,0.0999,266516.707,1.731,53.97660649262325,-0.0003126458249832479,0.097748,0.12381399999999995,0.43761936834948706,0.21181818181818182,0.09000000000000005,0.582506985160933,0.6945847627123991,0.09011111111111109,0.10598333333333335,,0,0,neutre,365,0,0,30,,,17.0,66.0,100.0,47.0,50,68.71,False,False,,0,,,,66,,,,,,,,,
1000CATUSDT,1000CAT,Speculative,,0.00212,2417884.378597,5.473,66.8988681033201,1.7261137588560895e-05,0.0017582000000000008,0.002708650000000001,0.8985538539673948,0.24019607843137264,0.0,2.452963005335376,0.7125369781716051,0.0015777777777777776,0.001974444444444445,double_bottom_90d|resistance_test,1,1,mixte,365,0,0,30,,,17.0,75.0,81.5,68.0,52.6,68.62,False,False,,0,,,,67,,,,,,,,,
LTCUSDT,LTC,Etabli,26,55.33,21309522.00462,-0.825,50.341566750932785,-0.0944479855779721,54.99000000000001,70.1818,0.2787840168362466,0.10919931856899495,0.05741056218057929,0.34294741214224783,0.8887006073110161,52.08333333333334,57.00388888888889,uptrend,1,0,haussier,365,0,0,30,,,45.0,57.0,92.0,78.5,58.2,68.58,False,False,,0,,,,64,4266616731,4266928931,77129164.48347135,77134808.23347135,84000000.0,100.0,,,
FUSDT,F,Speculative,,0.00558,1227378.58739,0.722,52.880080553231686,-1.3009800034274408e-05,0.005404799999999999,,0.43784921467711396,0.25418569254185697,0.15220700152207,2.812067047991385,0.6493739564127791,0.005071111111111111,0.006404166666666667,uptrend,1,0,haussier,193,0,0,30,,,12.3,72.0,83.5,68.0,58.2,68.2,False,False,,0,,,,71,,,,,,,,,
EURIUSDT,EURI,Mid,440,1.1688,1838546.49437,-0.341,48.32431041286047,-0.000789620907125068,1.1645359999999998,1.1673984999999996,0.06997529688106557,0.04216007390610567,0.018392542202066035,0.3352184537867607,0.31972031285720676,1.1486361111111114,1.1842583333333332,,0,0,neutre,365,0,0,30,,,31.0,57.0,100.0,68.0,50,68.01,False,False,,0,,,,63,59548499,59548499,50968733.99990108,50968733.99990108,,100.0,,,
BBUSDT,BB,Speculative,,0.0329,4541118.73642,-2.95,64.70271349812401,0.0005907481126698484,0.026115999999999997,0.05356000000000002,0.9681057644964846,0.3410404624277456,0.049132947976878616,1.0205980462053301,0.6353351923138192,0.023427777777777787,0.033027777777777774,uptrend,1,0,haussier,365,0,0,30,,,17.0,75.0,77.5,68.0,58.2,68.0,False,False,,0,,,,67,,,,,,,,,
ACEUSDT,ACE,Speculative,,0.125,3887147.5717,0.806,53.35738845845552,0.0006445856103672838,0.12261999999999999,0.20536,0.7585831294087797,0.41711229946524064,0.3315508021390374,6.3385467912948865,0.6481049734375177,0.1147777777777778,0.17655555555555555,,0,0,neutre,365,0,0,30,,,17.0,84.0,68.5,68.0,50,67.98,False,False,,3,⚡ Volume ×6.3 vs médiane,,6.34,75,,,,,,,,,
JSTUSDT,JST,Etabli,82,0.08511,3006994.907834,3.001,63.41267330963789,-0.00027801726159883307,0.0702652,0.04818470000000004,0.9309888560499427,0.17961042246395148,0.04445442299057033,0.36320740372299504,-0.03585300894986767,0.041804722222222215,0.08228777777777778,macd_bearish_cross|resistance_test|uptrend,1,2,baissier,365,0,0,30,,,45.0,73.0,83.5,68.0,22.7,67.74,False,False,,0,,,,59,725801343,725801343,8543764567.312736,8543764567.312736,9900000000.0,100.0,,,
ADXUSDT,ADX,Speculative,,0.0779,1233740.9988,-0.891,56.78778047760507,5.91307276015661e-05,0.073662,0.09226000000000001,0.49336818580029096,0.21712158808933002,0.08362779740871625,0.3095031119132978,0.6426348374337458,0.06801944444444445,0.08028333333333333,macd_bullish_cross,1,0,haussier,365,0,0,30,,,17.0,57.0,100.0,68.0,59.2,67.73,False,False,,0,,,,65,,,,,,,,,
LINKUSDT,LINK,Etabli,19,9.55,54673890.9053,1.596,58.77738680490197,0.0021240099835630813,9.0894,11.601250000000004,0.49645262558689834,0.15120967741935484,0.03729838709677411,0.39343025021853406,0.9152793250600795,8.37361111111111,9.54,macd_bullish_cross|double_bottom_90d,2,0,haussier,365,0,0,30,,,45.0,57.0,86.0,78.5,67.2,67.71,False,False,,0,,,,65,6926345187,9525987441,727099970.4523476,1000000000.0,1000000000.0,72.7,,,
XRPUSDT,XRP,Etabli,4,1.4066,95976609.92426,-0.488,52.57826186601311,-0.002571400040268818,1.3875280000000003,1.7838954999999992,0.3614892057343669,0.14756966947504863,0.08859364873622802,0.19114475456897198,0.914911571968142,1.3098333333333332,1.4879916666666666,double_bottom_90d|uptrend|doji_4h,2,0,haussier,365,0,0,30,,,45.0,57.0,86.0,78.5,66.2,67.6,False,False,,0,,,,65,86792338927,140429130248,61796225236.0,99985670046.0,100000000000.0,61.8,,,
BNBUSDT,BNB,Etabli,5,627.01,94448683.78624,-0.207,52.55181144669566,-0.632933540143329,621.5086,786.2875,0.2982627200780725,0.14151623486486892,0.07766547498197772,0.41370371448210813,0.9223360430005684,594.4227777777779,658.9358333333334,double_bottom_90d|uptrend,2,0,haussier,365,0,0,30,,,45.0,57.0,86.0,78.5,66.2,67.6,False,False,,0,,,,65,84494119523,84494119523,134785906.23,134785906.23,200000000.0,100.0,,,
KAVAUSDT,KAVA,Mid,399,0.06337,1848473.564492,-2.297,60.50987454630576,0.0003629510316691541,0.05608999999999998,0.08281830000000005,0.6063115583640555,0.26102189781021906,0.07474452554744525,1.0402371981967709,0.6601864927152122,0.04997222222222222,0.06425444444444445,macd_bullish_cross|downtrend,1,1,mixte,365,0,0,30,,,31.0,75.0,77.5,68.0,41.7,67.48,False,False,,0,,,,63,68613445,68613445,1082847035.0,1082847035.0,,100.0,,,
ENSUSDT,ENS,Mid,167,6.32,1094467.0019,1.608,59.798419242108984,0.011747787276022673,5.9546,8.946449999999993,0.5706348589995559,0.19883889695210452,0.08417997097242381,0.4679873797596629,0.8680987696157018,5.568333333333332,6.654166666666666,macd_bullish_cross|uptrend|doji_4h,2,0,haussier,365,0,0,30,,,31.0,57.0,92.0,68.0,67.4,67.46,False,False,,0,,,,66,243029520,631060579,38511282.09007842,100000000.0,100000000.0,38.5,,,
MEMEUSDT,MEME,Speculative,589,0.000615,3637378.275222,7.517,62.90636826889089,2.9340163191564375e-06,0.00055038,0.0009487999999999998,0.8593918664005471,0.3701799485861183,0.2069408740359897,3.5218101449164823,0.624815144749351,0.0005113888888888889,0.0007142500000000003,double_top_90d,0,1,baissier,365,0,0,30,,,17.0,84.0,73.0,68.0,32.0,67.4,False,False,,2,⚡ Volume ×3.5 vs médiane,,3.52,70,38571865,42556993,62538692416.66666,69000000000.0,69000000000.0,90.6,,,
FILUSDT,FIL,Etabli,81,0.954,6276035.45359,0.315,57.59125272255396,8.438187673391259e-05,0.8996999999999999,1.26271,0.5995895833515368,0.24576271186440676,0.10263653483992476,0.1927352960822832,0.7627131235876384,0.8378055555555558,1.0085555555555556,macd_bullish_cross,1,0,haussier,365,0,0,30,,,45.0,57.0,87.5,78.5,59.2,67.29,False,False,,0,,,,63,741065483,1867453692,776933549.0,1957839703.0,,39.7,,,
NXPCUSDT,NXPC,Mid,349,0.2982,231341.87919,1.601,53.72770869654955,-0.0005303748689686784,0.29079399999999994,0.34461299999999995,0.3548626372737073,0.17879948914431673,0.047573435504469894,0.21909240260824908,0.6550027757133041,0.2648833333333333,0.3093805555555555,uptrend,1,0,haussier,356,0,0,30,,,30.8,57.0,100.0,47.0,58.2,67.22,False,False,,0,,,,65,80238960,296531314,269117831.1697733,994552574.1697733,1000000000.0,27.1,,,
ADAUSDT,ADA,Etabli,14,0.2573,33697838.42795,2.144,57.23527082212176,0.0009703244537461401,0.251898,0.3611169999999996,0.5262825852544641,0.20531807472231564,0.13328845506563436,0.43273579397233425,0.8484366510056398,0.24156666666666674,0.28601111111111116,uptrend,1,0,haussier,365,0,0,30,,,45.0,57.0,87.5,78.5,58.2,67.19,False,False,,0,,,,63,9531243025,11597895330,36981359457.95703,45000000000.0,45000000000.0,82.2,,,
SHIBUSDT,SHIB,Etabli,31,6.27e-06,6287028.97348692,0.32,56.752653604672695,2.3207494105719713e-09,6.024800000000002e-06,7.37415e-06,0.4359573715778085,0.24751066856330006,0.10953058321479366,0.2329706148074752,0.8100552411394242,5.554166666666667e-06,6.463055555555557e-06,uptrend,1,0,haussier,365,0,0,30,,,45.0,57.0,87.5,78.5,58.2,67.19,False,False,,0,,,,63,3698530415,3700140974,589243361403293.5,589499952837367.4,,100.0,,,
RLCUSDT,RLC,Speculative,658,0.457,844963.2224,-5.967,54.381835266404096,0.0005889769365855797,0.43046,0.5829799999999998,0.5656175375227381,0.22961373390557946,0.06147540983606552,0.5738315977205704,0.7504803424929649,0.38083333333333336,0.46752777777777776,macd_bullish_cross|double_top_90d|uptrend,2,1,haussier,365,0,0,30,,,17.0,66.0,92.0,57.5,49.4,67.01,False,False,,0,,,,64,33121098,39809712,72382548.06525737,86999784.9868455,86999784.9868455,83.2,,,
IQUSDT,IQ,Speculative,724,0.001101,140838.573916,1.009,54.48402205715237,1.1799950440212698e-06,0.0010898999999999995,0.0015089949999999997,0.25436751343029973,0.2126836813611756,0.14771848414539843,0.6067509967749176,0.8063044946762653,0.0010492222222222218,0.0012471111111111112,macd_bullish_cross|support_bounce|uptrend,3,0,haussier,365,0,0,30,,,17.0,66.0,87.5,47.0,68.7,66.89,False,False,,0,,,,68,28620753,28620753,25973959486.92899,25973959486.92899,60000000000.0,100.0,,,
AUSDT,A,Mid,230,0.0886,1144255.18413,-1.446,54.616986579134405,-0.0003004789465829564,0.08206199999999997,0.14323699999999992,0.5749347264330866,0.19286510590858413,0.057324840764331225,0.5095493357966037,0.7509765138944565,0.07494444444444444,0.08968333333333335,macd_bearish_cross|uptrend,1,1,mixte,343,0,0,30,,,30.4,66.0,92.0,68.0,28.1,66.75,False,False,,0,,,,59,145557645,186458590,1639350885.2527,2100000000.0,2100000000.0,78.1,,,
RSRUSDT,RSR,Mid,267,0.001863,1063297.7305469,1.085,59.61690104102269,4.718852035742719e-06,0.0016382599999999999,0.0025900650000000008,0.8598096932035493,0.22240348015225658,0.03374870197300101,0.326926524837824,0.6768588604463058,0.0014376111111111113,0.0018265555555555554,macd_bullish_cross|uptrend,2,0,haussier,365,0,0,30,,,31.0,57.0,89.5,68.0,67.4,66.68,False,False,,0,,,,66,116450972,186163170,62553174091.0,100000000000.0,100000000000.0,62.6,,,
CVCUSDT,CVC,Speculative,,0.03135,189541.06267,1.096,53.2902354732531,-4.918231894634941e-05,0.030679,0.04051065000000002,0.43567892686108134,0.18702611625947774,0.12243751755124972,0.8042280910041646,0.8010926329995822,0.029187499999999995,0.034722499999999996,double_bottom_90d|uptrend,2,0,haussier,365,0,0,30,,,17.0,66.0,87.5,47.0,66.2,66.62,False,False,,0,,,,68,,,,,,,,,
CAKEUSDT,CAKE,Mid,104,1.514,1950562.92962,0.066,53.845244393481714,-0.0046170707527106525,1.4658999999999995,1.8319199999999995,0.47820684569108624,0.13574007220216602,0.07059545733578883,0.21746356925254592,0.8427664717195803,1.2704722222222222,1.5505833333333332,uptrend,1,0,haussier,365,0,0,30,,,31.0,57.0,92.0,68.0,58.2,66.44,False,False,,0,,,,64,494608413,513468134,326788142.1606209,339248773.4678455,400000000.0,96.3,,,
TAOUSDT,TAO,Etabli,36,285.4,30947529.72404,-1.177,59.16808818041501,5.403717631512568,280.10400000000004,271.4839999999998,0.9587855149464012,0.3103746397694524,0.17809798270893376,0.20185499383296696,0.5506428256023121,166.31944444444446,320.13888888888897,downtrend,0,1,baissier,365,0,0,30,,,45.0,73.0,73.0,78.5,32.5,66.4,False,False,,0,🔥 Trending #13 sur CoinGecko,13,,59,2730713993,5974998450,9597491.0,21000000.0,21000000.0,45.7,,,
ICPUSDT,ICP,Etabli,59,2.421,3866369.90903,1.212,50.369742557111906,-0.007733618030269927,2.4130999999999996,3.168355,0.52618280065803,0.20699603317706464,0.1265777136675081,0.23755217848710453,0.7236566616890162,2.203472222222222,2.6439722222222226,uptrend,1,0,haussier,365,0,0,30,,,45.0,57.0,87.5,68.0,58.2,66.35,False,False,,0,,,,63,1336625830,1336661032,552040310.2649698,552054849.0611745,,100.0,,,
AVAXUSDT,AVAX,Etabli,27,9.33,21440167.9837,1.193,52.171686154893926,-0.008683358781164295,9.253199999999998,12.07444999999999,0.5045148480112048,0.18017159199237373,0.11058150619637751,0.2812287081057553,0.8811528556165876,8.618055555555557,9.843333333333334,doji_4h,0,0,neutre,365,0,0,30,,,45.0,57.0,87.5,78.5,50,66.28,False,False,,0,,,,61,4026625554,4321965730,431771961.1772119,463441061.1772119,720000000.0,93.2,,,
BCHUSDT,BCH,Etabli,16,454.8,16813431.7884,2.133,53.76592798358152,0.29921804994392254,452.05200000000013,519.2004999999997,0.34147523631102483,0.26178377431224814,0.20185736814438415,0.8138211734906632,0.7798675388547474,435.5416666666667,545.575,,0,0,neutre,365,0,0,30,,,45.0,66.0,75.5,78.5,50,66.24,False,False,,0,,,,62,9122870524,9122874794,20030221.77165078,20030231.14665078,21000000.0,100.0,,,
EURUSDT,EUR,Speculative,,1.1688,21028616.04597,-0.341,47.76734796381058,-0.0008102693210686293,1.164606,1.1676324999999992,0.06774007987365342,0.04224760624895012,0.01856206954476735,0.1883817304342814,0.3279367394939483,1.1489222222222222,1.1844333333333337,bearish_engulfing_4h,0,1,baissier,365,0,0,30,,,17.0,57.0,100.0,78.5,37.5,66.18,False,False,,0,,,,60,,,,,,,,,
SUPERUSDT,SUPER,Mid,346,0.1271,1299666.5991,1.356,55.76926265616088,-0.00047860751389917694,0.116764,0.19190750000000012,1.0751226636302378,0.284970238095238,0.07434402332361507,1.452296540384611,0.6094097238132687,0.10515555555555557,0.13405000000000006,uptrend,1,0,haussier,365,0,0,30,,,31.0,75.0,67.0,68.0,58.2,66.05,False,False,,0,,,,65,81371736,127110656,640164549.0,1000000000.0,1000000000.0,64.0,,,
HEIUSDT,HEI,Speculative,,0.0845,247210.95959,0.237,52.10538712228578,3.802783289207155e-05,0.08294,0.12998449999999992,0.5198597953333054,0.2324324324324325,0.08864864864864865,0.305370612831808,0.6682413454219923,0.07505833333333332,0.09136666666666668,macd_bullish_cross,1,0,haussier,365,0,0,30,,,17.0,57.0,100.0,47.0,59.2,66.05,False,False,,0,,,,65,,,,,,,,,
NEXOUSDT,NEXO,Etabli,76,0.904,541958.1033,-0.441,52.047560148051204,-0.0006397394719001304,0.8925400000000002,0.9365149999999997,0.3242260831924827,0.08695652173913052,0.025862068965517262,0.30690509820867684,0.8623743679382015,0.805361111111111,0.9225833333333332,,0,0,neutre,365,0,0,30,,,45.0,57.0,92.0,57.5,50,66.0,False,False,,0,,,,62,904073550,904073550,1000000000.0,1000000000.0,1000000000.0,100.0,,,
COMPUSDT,COMP,Mid,174,23.33,3014521.36326,1.967,54.68139310779061,-0.18805455766359624,20.685200000000005,24.90630000000001,0.8439662548542659,0.20916905444126085,0.11170415554708348,0.3592378806406847,0.5656552434859038,16.552499999999995,24.218333333333334,double_bottom_90d|uptrend|bullish_engulfing_4h,3,0,haussier,365,0,0,30,,,31.0,57.0,85.0,68.0,73.7,65.98,False,False,,0,,,,66,225305732,233038189,9668189.278360886,10000000.0,10000000.0,96.7,,,
LSKUSDT,LSK,Speculative,690,0.132,142939.3366,3.125,54.567877852011755,5.285975124824749e-05,0.12752,0.170005,0.4931605089182425,0.2185430463576159,0.13245033112582774,0.6821160237888689,0.7831170404255345,0.12133333333333335,0.1432222222222222,macd_bullish_cross,1,0,haussier,365,0,0,30,,,17.0,66.0,87.5,47.0,59.2,65.85,False,False,,0,,,,66,30602019,52516564,233084697.4625544,400000000.0,400000000.0,58.3,,,
ETHUSDT,ETH,Etabli,2,2373.02,846478381.453205,0.548,58.783320854940506,-2.8159154997946274,2220.0356,2703.1981,0.49945277446335135,0.15653833240542792,0.019185613890037145,0.26401986442151204,0.9410989687994831,1917.2766666666669,2355.8025,,0,0,neutre,365,0,0,30,,,45.0,57.0,86.0,78.5,50,65.82,False,False,,0,🔥 Trending #15 sur CoinGecko,15,,61,286059312750,286059312750,120687267.1075339,120687267.1075339,,100.0,,,
HAEDALUSDT,HAEDAL,Speculative,,0.03061,545269.953557,-3.164,47.253462027043895,-0.00040522796076871597,0.030189,0.04358925000000002,0.8992118570522459,0.21682847896440133,0.18191603875134552,0.5430310681841297,0.5286201022855848,0.025358333333333333,0.03374611111111111,uptrend,1,0,haussier,350,0,0,30,,,16.6,66.0,85.0,57.5,58.2,65.77,False,False,,0,,,,65,,,,,,,,,
KAITOUSDT,KAITO,Mid,264,0.4854,1433403.70069,0.852,63.67765378597548,0.005970527611773139,0.41713200000000006,0.5399835000000004,0.7811225974275222,0.17697664891437942,0.021440129449838183,0.47503352550243544,0.542319145931337,0.30596944444444446,0.45895555555555556,uptrend,1,0,haussier,365,0,0,30,,,31.0,57.0,89.5,68.0,58.2,65.67,False,False,,0,,,,63,116800258,483867583,241388889.0,1000000000.0,1000000000.0,24.1,,,
1MBABYDOGEUSDT,1MBABYDOGE,Speculative,,0.0004395,1076088.1724938,3.121,61.985911761976176,7.786444199569324e-07,0.00040724800000000003,0.0005791990000000002,0.6161343869681487,0.1669984516699845,0.026100420261004117,0.9714090968520345,0.82559931956305,0.00037108333333333335,0.0004380805555555556,macd_bullish_cross,1,0,haussier,365,0,0,30,,,17.0,66.0,81.5,68.0,59.2,65.67,False,False,,0,,,,65,,,,,,,,,
ZRXUSDT,ZRX,Mid,310,0.1101,263107.6204,0.0,50.9404258238536,-0.0006938044368999838,0.10678800000000001,0.13314350000000003,0.559893354572939,0.16206896551724145,0.05892399658411605,0.37230712810076366,0.8032753189007653,0.09943888888888892,0.11470833333333331,double_bottom_90d|uptrend,2,0,haussier,365,0,0,30,,,31.0,57.0,92.0,47.0,66.2,65.64,False,False,,0,,,,66,93441725,110139207,848396562.906836,1000000000.0,1000000000.0,84.8,,,
BONKUSDT,BONK,Etabli,94,6.52e-06,6303349.43726428,3.165,60.736415398236105,9.005547149040284e-09,6.034000000000001e-06,8.41185e-06,0.6688855774599907,0.22670375521557715,0.0945757997218358,0.4992022208379592,0.803201370411755,5.6447222222222215e-06,6.625833333333334e-06,macd_bullish_cross,1,0,haussier,365,0,0,30,,,45.0,57.0,81.5,78.5,59.2,65.44,False,False,,0,,,,62,574762543,574762543,87994737451585.6,87994737451585.6,87995282867000.55,100.0,,,
SUIUSDT,SUI,Etabli,30,0.9485,24111576.45091,0.872,53.98372322098591,-0.0003520057188321341,0.9278719999999997,1.371146,0.5791433219810089,0.21110490031675044,0.11673188000745283,0.20031534343295182,0.9049156123340143,0.8648611111111109,1.0142111111111112,double_bottom_90d,1,0,haussier,365,0,0,30,,,45.0,57.0,81.5,78.5,58.0,65.3,False,False,,0,,,,62,3796067470,9477330755,4005418369.566699,10000000000.0,10000000000.0,40.1,,,
ONDOUSDT,ONDO,Etabli,53,0.3246,25693490.95622,3.475,79.01251323851034,0.006392060481558047,0.26420200000000005,0.3849330000000002,0.6271689059817669,0.17629076086956522,0.0,1.356041956651303,0.8282004299033928,0.24405833333333338,0.2844055555555556,bullish_engulfing_4h,1,0,haussier,365,0,0,30,,,45.0,57.0,81.5,78.5,57.5,65.25,False,False,,0,,,,51,1584322811,3253676790,4869330647.0,10000000000.0,10000000000.0,48.7,,,
CATIUSDT,CATI,Speculative,,0.0611,3111438.86786,12.11,76.84553493322186,0.0014580355197150623,0.04889399999999999,0.055103,0.7076494158897388,0.21441124780316348,0.0,5.29424739195231,0.45477947610708386,0.03869722222222224,0.05448888888888888,downtrend,0,1,baissier,365,0,0,30,,,17.0,66.0,89.5,68.0,32.5,65.22,False,False,,3,⚡ Volume ×5.3 vs médiane,,5.29,57,,,,,,,,,
WBETHUSDT,WBETH,Speculative,,2598.48,914553.483668,0.507,58.83798967875099,-3.330595288484872,2429.4594,2939.2329499999996,0.4932121731777844,0.15677387478164784,0.01900464448891756,0.5273135621264916,0.9420610741765516,2089.4983333333334,2579.4819444444447,,0,0,neutre,365,0,0,30,,,17.0,66.0,86.0,57.5,50,65.22,False,False,,0,,,,64,,,,,,,,,
MUBARAKUSDT,MUBARAK,Speculative,,0.01626,9622559.055636,-0.061,62.323761708367925,0.0002724337267447333,0.013032799999999997,0.01651864999999999,1.197523369699852,0.4693579766536965,0.2106031128404668,1.056280875646476,0.5092381826110044,0.011437499999999998,0.01702444444444445,macd_bullish_cross|uptrend,2,0,haussier,365,0,0,30,,,17.0,75.0,62.5,78.5,67.4,65.21,False,False,,0,,,,67,,,,,,,,,
REDUSDT,RED,Mid,469,0.1434,1556511.13106,2.649,55.62130271870293,0.0006751867055379396,0.133122,0.21151549999999997,2.242571593126825,0.4895522388059702,0.2850746268656717,1.614743463503223,0.37349158709004965,0.11219166666666669,0.19108055555555553,macd_bullish_cross,1,0,haussier,365,0,0,30,,,31.0,84.0,52.0,68.0,59.2,65.19,False,False,,0,,,,66,53956539,143785823,375256320.0,1000000000.0,1000000000.0,37.5,,,
GNOUSDT,GNO,Mid,132,133.57,687670.11314,0.777,58.60014995397002,1.2631815508225883,124.2098,127.29449999999996,0.6973123994314172,0.19395987037164722,0.07743225539543536,0.7576854213698254,0.7660821334671857,115.86694444444447,137.2402777777778,,0,0,neutre,365,0,0,30,,,31.0,66.0,81.5,57.5,50,65.12,False,False,,0,,,,63,352726194,400887632,2639589.0,3000000.0,3000000.0,88.0,,,
VIRTUALUSDT,VIRTUAL,Mid,105,0.7527,6876277.2358,-2.183,60.930214737202746,0.005439458152382646,0.68887,0.8308420000000001,0.7313702474363101,0.21388438007241842,0.06093145211636903,0.23445951141949525,0.8083069814022775,0.5882277777777777,0.7562833333333331,macd_bullish_cross|uptrend,2,0,haussier,365,0,0,30,,,31.0,57.0,81.5,78.5,67.4,65.05,False,False,,0,,,,64,493641864,752011744,656428396.6958218,1000000000.0,1000000000.0,65.6,,,
ORCAUSDT,ORCA,Mid,292,1.679,6411249.2781,-12.915,61.08121802003539,0.046909534307847556,1.0804399999999998,1.1241950000000003,1.5478365821059077,0.3806306306306307,0.21720930232558133,1.7154906539166368,0.3026835306637443,0.7891666666666667,1.5600277777777773,,0,0,neutre,365,0,0,30,,,31.0,84.0,52.0,78.5,50,65.01,False,False,,0,,,,64,102094633,125940868,60798789.920826,74999558.257965,100000000.0,81.1,,,
RVNUSDT,RVN,Mid,307,0.00594,212033.730232,0.0,53.50884274461322,-8.689303032709261e-06,0.005787399999999998,0.007070699999999998,0.40842211145184637,0.17160686427457103,0.07332293291731669,0.256790616858338,0.7890647234269073,0.005416388888888889,0.0062516666666666675,uptrend,1,0,haussier,365,0,0,30,,,31.0,57.0,92.0,47.0,58.2,64.76,False,False,,0,,,,64,96436809,96484497,16217118276.55048,16225137716.35048,21000000000.0,100.0,,,
BLURUSDT,BLUR,Mid,384,0.02677,1064028.109382,0.753,51.107757609269804,-0.0006321186199086501,0.023278399999999998,0.029911950000000017,1.4542356961957281,0.24127126230975826,0.21875,0.7839482101407926,0.37433128442565045,0.018160833333333334,0.029693888888888895,uptrend,1,0,haussier,365,0,0,30,,,31.0,66.0,74.5,68.0,58.2,64.7,False,False,,0,,,,64,74692106,80265842,2791677175.371004,3000000000.0,3000000000.0,93.1,,,
HMSTRUSDT,HMSTR,Speculative,,0.0001756,8691343.4395757,10.859,67.478917554357,1.7558790643552768e-06,0.00014935,0.0002179635000000001,1.0276202959680458,0.30016051364365964,0.054574638844301644,22.008168194792564,0.6028315045496319,0.0001376,0.00018139166666666665,macd_bullish_cross|double_top_90d|uptrend,2,1,haussier,365,0,0,30,,,17.0,75.0,67.0,78.5,49.4,64.62,False,False,,3,⚡ Volume ×22.0 vs médiane,,22.01,69,,,,,,,,,
ACMUSDT,ACM,Speculative,,0.424,623093.5005,-0.469,48.33293252418279,-0.001682048842966367,0.41906,0.5000600000000002,0.38932099638133605,0.16101694915254228,0.10381355932203387,0.45352326985294217,0.6959289627036067,0.4025833333333333,0.46613888888888894,,0,0,neutre,365,0,0,30,,,17.0,57.0,95.5,57.5,50,64.48,False,False,,0,,,,62,,,,,,,,,
CYBERUSDT,CYBER,Speculative,646,0.544,582407.29852,0.928,54.561153604029315,-9.072579534539875e-06,0.5228,0.69548,0.5106654663911734,0.23174603174603178,0.13809523809523805,0.37410444988595115,0.6910919769161713,0.4902222222222222,0.6006944444444445,,0,0,neutre,365,0,0,30,,,17.0,57.0,95.5,57.5,50,64.48,False,False,,0,,,,62,34022536,54302487,62653733.76,100000000.0,100000000.0,62.7,,,
CRVUSDT,CRV,Mid,129,0.2406,3874101.74757,0.334,58.54377527812102,0.0010643215591585892,0.22446,0.33247750000000004,0.5612965626906028,0.220007521624671,0.09665287702143673,0.189165763511934,0.8137070448168252,0.21195833333333336,0.2573361111111111,double_top_90d|uptrend,1,1,mixte,365,0,0,30,,,31.0,57.0,92.0,68.0,40.2,64.46,False,False,,0,,,,59,362814281,571442490,1509526755.0,2377546232.945399,3030303031.0,63.5,,,
ATUSDT,AT,Speculative,581,0.1712,3225029.21879,-8.498,53.33638452024424,0.0003609337139960419,0.15665600000000002,,1.0224082544193027,0.2304199772985244,0.1201848998459168,3.0102109761648235,0.24815084498457715,0.14017777777777776,0.17226388888888888,macd_bullish_cross|double_bottom_90d,2,0,haussier,160,0,0,30,,,11.4,72.0,68.5,68.0,67.2,64.45,False,False,,2,⚡ Volume ×3.0 vs médiane,,3.01,74,39206927,170464902,230000000.0,1000000000.0,1000000000.0,23.0,,,
XECUSDT,XEC,Mid,231,7.27e-06,218595.75978332,0.553,56.268192870809735,8.919392538313153e-09,6.997999999999998e-06,9.878749999999989e-06,0.409652815371176,0.23754345307068372,0.15874855156431059,0.49306293990316236,0.8463992305497491,6.721944444444445e-06,8.1625e-06,macd_bullish_cross|uptrend,2,0,haussier,365,0,0,30,,,31.0,57.0,87.5,47.0,67.4,64.38,False,False,,0,,,,65,145287694,145288329,20023829672580.0,20023917172580.0,21000000000000.0,100.0,,,
NEWTUSDT,NEWT,Speculative,,0.0755,555277.54702,1.206,51.34702220241548,-0.0006096228074142518,0.07234199999999999,0.09414799999999993,0.7832957248461018,0.17183462532299731,0.09265944645006016,0.44646064077762143,0.5705201174977838,0.06462777777777777,0.08018333333333334,double_bottom_90d|uptrend,2,0,haussier,316,0,0,30,,,15.7,57.0,89.5,57.5,66.2,64.28,False,False,,0,,,,65,,,,,,,,,
HOLOUSDT,HOLO,Speculative,541,0.0664,1412381.78722,4.403,60.51610615147261,0.00025484848083568703,0.05873800000000001,0.07577000000000007,0.9054574562306,0.21633888048411506,0.0,0.8301429221240089,0.6502058893920666,0.053077777777777786,0.06669166666666669,rsi_bearish_divergence,0,1,baissier,237,0,0,30,,,13.5,66.0,89.5,68.0,26.8,64.26,False,False,,0,,,,59,42401552,135537252,640697508.3643444,2048000000.0,2048000000.0,31.3,,,
ARPAUSDT,ARPA,Speculative,,0.01028,1016762.922354,-0.097,60.84348218304263,2.7281572189174417e-05,0.0096078,0.012503299999999995,0.39129014379446436,0.22674933569530556,0.08945969884853858,0.27548309602097387,0.6504940214912103,0.009086944444444444,0.010715277777777778,uptrend|evening_star_4h,1,1,mixte,365,0,0,30,,,17.0,57.0,100.0,68.0,27.0,64.19,False,False,,0,,,,58,,,,,,,,,
YFIUSDT,YFI,Mid,303,2730.0,1280567.65914,2.439,55.165658069598315,-7.817161200742234,2618.7,3339.205,0.4428337438755621,0.22697795071335927,0.11413748378728923,0.34127422419042747,0.7819213868825946,2452.6388888888887,2941.722222222222,,0,0,neutre,365,0,0,30,,,31.0,57.0,87.5,68.0,50,64.15,False,False,,0,,,,61,97671728,100269817,35715.948082478506,36666.0,36666.0,97.4,,,
RAYUSDT,RAY,Mid,179,0.788,1425841.5585,-0.756,63.019885151820915,0.005334677358369795,0.6631200000000002,0.9427549999999999,0.6756194398321044,0.18102189781021896,0.05522208883553413,0.2922303474148776,0.7219732661578964,0.5693055555555555,0.7536388888888887,double_bottom_90d|uptrend,2,0,haussier,365,0,0,30,,,31.0,57.0,81.5,68.0,66.2,64.07,False,False,,0,,,,64,211849296,437138886,268967970.467351,555000000.0,555000000.0,48.5,,,
SLPUSDT,SLP,Speculative,,0.000724,437030.257121,1.543,64.34100388681614,4.990291873307307e-08,0.0006368999999999998,0.0007915449999999997,0.5223989901800318,0.2756132756132757,0.00413793103448271,0.59459643163644,0.7536018353007901,0.0005463888888888888,0.0007103055555555556,bull_flag,1,0,haussier,365,0,0,30,,,17.0,66.0,80.0,47.0,62.5,63.89,False,False,,0,,,,66,,,,,,,,,
KSMUSDT,KSM,Mid,323,4.9,480327.65049,-0.407,58.78579734963831,-0.0016813220709160082,4.487399999999998,6.658199999999999,0.5958784205784597,0.23925233644859803,0.08598130841121496,0.2912219201031171,0.7587953976974696,4.136388888888889,5.0566666666666675,,0,0,neutre,365,0,0,30,,,31.0,57.0,92.0,47.0,50,63.86,False,False,,0,,,,62,88874972,88874972,18160340.7021783,18160340.7021783,,100.0,,,
ARUSDT,AR,Mid,237,2.11,5116735.8532,-2.765,60.74659100226315,0.01083350180500161,1.8472000000000002,2.9787999999999983,0.9091775281077519,0.2748815165876777,0.04072398190045243,0.36844296629658213,0.6105553918285849,1.6094444444444438,2.11361111111111,macd_bullish_cross|uptrend,2,0,haussier,365,0,0,30,,,31.0,57.0,77.5,78.5,67.4,63.81,False,False,,0,,,,64,138675829,138675829,65652466.0,65652466.0,66000000.0,100.0,,,
WAXPUSDT,WAXP,Speculative,685,0.00673,156268.73187,0.149,52.33158767788453,-1.2889201076946114e-05,0.006676200000000002,0.008223949999999999,0.37844612876634803,0.24697336561743344,0.18401937046004838,0.24853536498965373,0.6016977546353561,0.006186666666666668,0.007284444444444445,,0,0,neutre,365,0,0,30,,,17.0,57.0,95.5,47.0,50,63.64,False,False,,0,,,,62,31011253,31011253,4598374824.84283,4598374824.84283,,100.0,,,
FLOKIUSDT,FLOKI,Mid,142,3.311e-05,4044824.62658155,2.508,59.29097217696269,-8.092523181324108e-08,2.9929199999999988e-05,4.1560550000000006e-05,0.7456941137992343,0.24495021337126602,0.05889046941678517,0.5695199131387928,0.786784624913168,2.714638888888888e-05,3.309166666666667e-05,macd_bearish_cross|double_bottom_90d,1,1,mixte,365,0,0,30,,,31.0,66.0,81.5,68.0,27.8,63.52,False,False,,0,,,,58,319781697,331298626,9652370153202.0,10000000000000.0,10000000000000.0,96.5,,,
BTTCUSDT,BTTC,Speculative,,3.3e-07,190299.2868802,3.125,54.31414241389921,6.582473759603726e-10,3.2320000000000025e-07,3.8140000000000017e-07,0.42596395147513944,0.1388888888888889,0.08333333333333327,0.2872116669695641,0.5264993325420573,3.1388888888888914e-07,3.552777777777777e-07,rsi_bearish_divergence|macd_bullish_cross,1,1,mixte,365,0,0,30,,,17.0,57.0,100.0,47.0,36.0,63.5,False,False,,0,,,,60,,,,,,,,,
BTCUSDT,BTC,Etabli,1,80694.68,1818443832.2481885,1.216,67.27553202467712,106.11059660160686,72917.26159999997,83441.95855,0.3571092136569071,0.11849875281549622,0.0,0.2928556944644578,1.0,65499.20138888889,77669.18111111113,macd_bullish_cross|resistance_test|uptrend,2,1,haussier,365,0,0,30,,,45.0,48.0,86.0,78.5,62.1,63.47,False,False,,0,🔥 Trending #9 sur CoinGecko,9,,58,1615160823605,1615160823605,20023521.0,20023521.0,21000000.0,100.0,,,
ACHUSDT,ACH,Speculative,597,0.00758,2365608.26027,-4.172,59.53235711785121,0.00011856695170589114,0.0065364,0.008661950000000003,0.8899927126818737,0.2770186335403727,0.07682926829268297,0.6823213165541543,0.5482367063807493,0.005992777777777778,0.007835555555555557,,0,0,neutre,365,0,0,30,,,17.0,66.0,77.5,68.0,50,63.43,False,False,,0,,,,62,37476531,116334954,4943691067.145604,15346246087.99998,10000000000.0,32.2,,,
STXUSDT,STX,Mid,114,0.2284,799496.7498,-0.131,51.80128378868503,0.00030819123585519993,0.22785799999999995,0.2923065000000001,0.542575316832223,0.23850574712643674,0.17995689655172406,0.24232439687781682,0.8382645326047697,0.21686111111111106,0.27100277777777776,,0,0,neutre,365,0,0,30,,,31.0,57.0,87.5,57.5,50,63.31,False,False,,0,,,,61,421086857,421086857,1843759040.06833,1843759040.06833,,100.0,,,
BANANAS31USDT,BANANAS31,Mid,255,0.012304,6886666.225849,9.622,69.83339859260914,0.0003551836050084657,0.010885899999999997,0.00576593,0.9930080082068871,0.4064549986880084,0.1903043820519549,0.3047675042059162,0.11933590189728799,0.004266083333333333,0.013161305555555553,double_bottom_90d|uptrend,2,0,haussier,365,0,0,30,,,31.0,64.0,67.0,78.5,66.2,63.28,False,False,,0,,,,61,123074425,123074425,10000000000.0,10000000000.0,10000000000.0,100.0,,,
AEURUSDT,AEUR,Speculative,,1.1601,5106.51158,-0.318,48.729373836311545,-0.0013388823087974885,1.1553859999999996,1.1604360000000002,0.07042545420968001,0.05023022185014637,0.028798660527417322,0.06915303861703748,0.4681067487993771,1.1405444444444441,1.1852861111111106,support_bounce|downtrend,1,1,mixte,365,0,0,30,,,17.0,57.0,100.0,47.0,33.8,63.25,False,False,,0,,,,59,,,,,,,,,
GRTUSDT,GRT,Mid,161,0.02497,988333.02357,0.604,53.00223432238946,2.2455761546663127e-05,0.02465739999999999,0.03738195,0.47856270427660136,0.19359283499827765,0.14019979331725804,0.3905089595819842,0.8388012692104806,0.02374861111111111,0.028093055555555562,macd_bullish_cross|double_top_90d|uptrend,2,1,haussier,365,0,0,30,,,31.0,57.0,87.5,57.5,49.4,63.24,False,False,,0,,,,61,269742283,269752153,10799867657.47347,10800262816.04821,10800262823.318213,100.0,,,
ATOMUSDT,ATOM,Etabli,71,1.901,1716656.05246,0.264,54.24208941785562,-0.00792012572406045,1.8086000000000002,2.205650000000001,0.4105159831626915,0.30195080576759975,0.19338422391857513,0.2941492675099757,0.6723072776392705,1.6988611111111112,2.1663055555555553,macd_bearish_cross|bull_flag|uptrend,2,1,haussier,365,0,0,30,,,45.0,57.0,83.5,68.0,40.8,63.19,False,False,,0,,,,58,964589558,964589558,506934421.862875,506934421.862875,,100.0,,,
COOKIEUSDT,COOKIE,Speculative,,0.0174,630337.78772,2.353,58.48195233643034,9.965151271388326e-05,0.016651999999999997,0.036898999999999994,0.6416662985831488,0.33035714285714285,0.22321428571428575,0.7263366819789361,0.6694952763351619,0.015752777777777786,0.020575,macd_bullish_cross|uptrend,2,0,haussier,365,0,0,30,,,17.0,66.0,73.0,57.5,67.4,63.11,False,False,,0,,,,66,,,,,,,,,
RUNEUSDT,RUNE,Mid,189,0.55,4006731.227,4.364,77.7681814785012,0.004389567826677619,0.43520000000000003,0.5553300000000001,0.5542174775633935,0.1742919389978214,0.0,0.8704295909946701,0.8753263621623155,0.3857777777777778,0.4931944444444445,double_bottom_90d|resistance_test|uptrend,2,1,haussier,365,0,0,30,,,31.0,48.0,92.0,68.0,60.9,63.06,False,False,,0,,,,51,192238448,232607621,350849493.0,424526242.0,500000000.0,82.6,,,
FARMUSDT,FARM,Speculative,,12.11,325509.14991,2.453,55.06308964243192,0.03265408409078034,11.8588,16.34705000000001,0.45537411398220995,0.196980589503954,0.13156002875629044,0.3864007950891948,0.7235982382500323,11.313333333333333,13.685833333333335,macd_bullish_cross|double_bottom_90d,2,0,haussier,365,0,0,30,,,17.0,57.0,87.5,47.0,67.2,63.06,False,False,,0,,,,65,,,,,,,,,
SCRUSDT,SCR,Speculative,,0.04674,1600033.501583,0.798,55.22560150075702,0.00010238126983963167,0.044055,0.07691659999999997,0.7931390538548813,0.289502361060661,0.1509262622593534,0.9256952658559148,0.6628633921878977,0.040396388888888884,0.05064833333333333,macd_bullish_cross,1,0,haussier,365,0,0,30,,,17.0,66.0,73.0,68.0,59.2,63.04,False,False,,0,,,,64,,,,,,,,,
DUSKUSDT,DUSK,Mid,351,0.1371,828924.6711,-1.791,53.10711323592204,-0.0008238026013667656,0.12340400000000001,0.08729800000000001,1.0941665529002182,0.391808346213292,0.1614294516327788,0.1399228313359975,0.3617065528517241,0.08281388888888888,0.14761388888888893,uptrend,1,0,haussier,365,0,0,30,,,31.0,73.0,62.5,57.5,58.2,63.0,False,False,,0,,,,64,79304501,79304501,582081583.5426179,582081583.5426179,1000000000.0,100.0,,,
ENAUSDT,ENA,Etabli,73,0.106,29297551.69831,0.952,52.96295248425561,-0.000995836011633352,0.09951600000000001,0.19397249999999994,0.9426014855941135,0.37976653696498064,0.17587548638132303,0.9475351683271357,0.726235763053857,0.0882111111111111,0.1221,,0,0,neutre,365,0,0,30,,,45.0,66.0,65.0,78.5,50,62.99,False,False,,0,,,,60,962034423,1598672400,9026562500.0,15000000000.0,15000000000.0,60.2,,,
TURBOUSDT,TURBO,Mid,324,0.00128,1806387.259687,3.56,65.66322376690204,6.4510678475665845e-06,0.0010897000000000003,0.0015177500000000002,0.9201824637111232,0.27704918032786885,0.0,0.984365237849747,0.6093602790475839,0.0009380000000000001,0.0012270277777777778,macd_bullish_cross|uptrend|doji_4h,2,0,haussier,365,0,0,30,,,31.0,57.0,77.5,68.0,67.4,62.97,False,False,,0,,,,61,89049943,89049943,69000000000.0,69000000000.0,69000000000.0,100.0,,,
SNXUSDT,SNX,Mid,274,0.322,742763.2543,-0.31,57.29297014201769,0.0014854132492783476,0.29835999999999996,0.48300499999999985,0.5829875050670197,0.36279069767441857,0.2534883720930232,0.22256858771071078,0.6586591237202215,0.2785,0.35641666666666677,uptrend,1,0,haussier,365,0,0,30,,,31.0,57.0,83.5,57.5,58.2,62.97,False,False,,0,,,,62,110783741,110919966,344516234.4572882,344939867.5556631,344939867.0,99.9,,,
TOWNSUSDT,TOWNS,Speculative,,0.00375,2122260.52141,5.042,62.65717831649659,6.145531793656122e-05,0.0034307999999999995,0.005906499999999998,0.7435539807525049,0.3237885462555066,0.17400881057268722,0.6940426683044197,0.46486470334734026,0.003149444444444444,0.004332222222222223,macd_bullish_cross,1,0,haussier,274,0,0,30,,,14.5,66.0,73.0,68.0,59.2,62.81,False,False,,0,,,,64,,,,,,,,,
NEOUSDT,NEO,Mid,183,2.794,549501.06202,0.036,48.74689107027903,-0.014484589875208361,2.7801,3.5448800000000027,0.4975324376172393,0.18027787190782785,0.07953795379537944,0.25239971614398327,0.7732432070634255,2.536777777777777,2.945555555555555,downtrend,0,1,baissier,365,0,0,30,,,31.0,57.0,92.0,57.5,32.5,62.78,False,False,,0,,,,58,196773419,278992512,70530000.0,100000000.0,,70.5,,,
VETUSDT,VET,Etabli,87,0.007234,1269384.5556827,-0.985,52.48078120907629,1.4532848064679428e-06,0.007097000000000001,0.01036610499999999,0.47130764021254257,0.25995475113122174,0.1821266968325792,0.29081887298844633,0.8116754617877782,0.006793361111111111,0.008052722222222223,macd_bullish_cross,1,0,haussier,365,0,0,30,,,45.0,57.0,75.5,68.0,59.2,62.74,False,False,,0,,,,61,622254347,622254347,85985041177.0,85985041177.0,86712634466.0,100.0,,,
ATMUSDT,ATM,Speculative,,1.098,300791.97035,-0.723,48.15906445716513,-0.004746920249427057,1.0815600000000003,1.0553050000000004,0.508736072864463,0.35413929040735875,0.28055190538764785,0.22463867448578817,0.14467660857176934,0.957722222222222,1.4391944444444442,downtrend|doji_4h,0,1,baissier,365,0,0,30,,,17.0,73.0,77.5,47.0,32.5,62.68,False,False,,0,,,,60,,,,,,,,,
ILVUSDT,ILV,Speculative,591,4.63,262126.01436,-0.644,53.83668375756372,-0.04851677580394673,4.1724,5.856650000000001,0.8004911747188208,0.18795180722891572,0.07599999999999998,0.29893186373996145,0.6475631395205969,3.4791666666666665,4.826111111111112,double_bottom_90d,1,0,haussier,365,0,0,30,,,17.0,57.0,89.5,47.0,58.0,62.66,False,False,,0,,,,63,38280314,44339653,8285570.370771598,9597082.037654702,,86.3,,,
TLMUSDT,TLM,Speculative,,0.00186,209735.927372,-0.428,57.20291265414271,-3.191802386048118e-06,0.0017304200000000003,0.0021760449999999997,0.5158133195590288,0.13878222709818977,0.01951476793248941,0.10979238551839728,0.6733787658932737,0.0015826944444444445,0.0019300833333333331,macd_bearish_cross|double_bottom_90d,1,1,mixte,365,0,0,30,,,17.0,57.0,100.0,47.0,27.8,62.6,False,False,,0,,,,58,,,,,,,,,
POLUSDT,POL,Etabli,66,0.0978,3572763.40831,1.242,61.41560724156878,0.0007127364138279465,0.09215400000000003,0.12063750000000004,0.5195870302820544,0.2830850131463628,0.14285714285714282,0.19855801066575887,0.6493442939410742,0.08707500000000003,0.10872222222222222,rsi_bearish_divergence|uptrend,1,1,mixte,365,0,0,30,,,45.0,57.0,83.5,68.0,35.0,62.56,False,False,,0,,,,57,1038879675,1038879675,10637649111.12325,10637649111.12325,,100.0,,,
RADUSDT,RAD,Speculative,,0.245,288882.0688,-0.407,56.374911633740695,-0.000971422220972051,0.2306,0.29266,0.3062865358865804,0.15662650602409642,0.027888446215139466,0.15392166756649173,0.7054669030229647,0.21711111111111114,0.2585555555555555,,0,0,neutre,365,0,0,30,,,17.0,57.0,92.0,47.0,50,62.56,False,False,,0,,,,62,,,,,,,,,
FORMUSDT,FORM,Mid,272,0.2951,4053080.99778,1.27,61.25337256810971,0.004144210965701238,0.24845000000000006,0.33320449999999985,1.00746611514613,0.38904193449647995,0.0976430976430976,0.6723854159848773,0.4566460271398859,0.19893055555555558,0.29706388888888885,macd_bullish_cross,1,0,haussier,365,0,0,30,,,31.0,66.0,67.0,68.0,59.2,62.48,False,False,,0,,,,63,112779590,169022024,381867255.14,572301922.1,580000000.0,66.7,,,
VTHOUSDT,VTHO,Mid,446,0.000573,188920.016972,0.35,50.731105925269496,-1.163094822384665e-06,0.0005691400000000001,0.0007787899999999999,0.348164474829948,0.17398119122257052,0.10188087774294663,0.30059081793233516,0.7853865023502856,0.0005419166666666666,0.0006366666666666667,,0,0,neutre,365,0,0,30,,,31.0,57.0,87.5,47.0,50,62.47,False,False,,0,,,,61,57165530,57168412,99785760935.0,99790791273.0,,100.0,,,
CELOUSDT,CELO,Mid,465,0.09016,293714.003059,0.144,55.50440374886615,-0.00013530012482335227,0.08388979999999999,0.12688845000000007,0.6570701958009789,0.19397993311036787,0.04897097625329821,0.15399796388731288,0.7198877916991638,0.07388888888888888,0.08994472222222222,double_bottom_90d|uptrend,2,0,haussier,365,0,0,30,,,31.0,57.0,81.5,47.0,66.2,62.39,False,False,,0,,,,64,54180352,90201633,600658220.0,1000000000.0,1000000000.0,60.1,,,
HIVEUSDT,HIVE,Speculative,526,0.0818,10414005.3181,36.106,81.17981282044192,0.0012594057611228192,0.060881999999999985,0.08722849999999997,1.2069860230865954,0.26822916666666663,0.0,36.01917089816858,0.5443160731098452,0.05810555555555555,0.07286666666666668,breakout_30d|macd_bullish_cross,2,0,haussier,365,0,0,30,,,17.0,66.0,67.0,78.5,60.5,62.16,False,False,,3,⚡ Volume ×36.0 vs médiane,,36.02,61,45019213,,541675603.894,,,,,,
TIAUSDT,TIA,Mid,137,0.3697,6358757.42671,4.672,56.75239778354846,-0.0015344562828500403,0.33331799999999995,0.5074175,1.0731088578543153,0.25722468107263735,0.14122847836202893,1.04132342302858,0.7142026493426585,0.29341666666666666,0.3791027777777778,doji_4h,0,0,neutre,365,0,0,30,,,31.0,75.0,54.5,78.5,50,62.12,False,False,,0,,,,61,338423711,432648120,913240023.004117,1167505603.876255,,78.2,,,
LAYERUSDT,LAYER,Speculative,,0.0851,324549.621943,0.591,51.59989496973553,-0.00018097274623139824,0.082856,0.14633399999999988,0.5958342059693947,0.236734693877551,0.13469387755102044,0.18448047984172067,0.7479823715415402,0.07793333333333334,0.09373055555555555,uptrend,1,0,haussier,365,0,0,30,,,17.0,57.0,87.5,47.0,58.2,62.07,False,False,,0,,,,63,,,,,,,,,
LPTUSDT,LPT,Mid,282,2.158,614123.88688,0.419,52.25264205192395,0.0027162125122719896,2.129039999999999,3.105944999999999,0.5667567511515746,0.20382165605095542,0.142515923566879,0.24881999063699714,0.8052732918353442,2.0391111111111107,2.4779722222222227,macd_bullish_cross|double_top_90d|support_bounce|uptrend|bearish_engulfing_4h,3,2,haussier,365,0,0,30,,,31.0,57.0,87.5,57.5,38.2,62.01,False,False,,0,,,,58,107098763,107098763,49688954.55,49688954.55,,100.0,,,
1INCHUSDT,1INCH,Mid,240,0.0968,350725.8014,0.519,55.80513706810033,4.3820678143122193e-05,0.093504,0.1333125,0.41112519680646253,0.17495219885277244,0.0755258126195029,0.24009977812495895,0.9251393418599487,0.08809444444444442,0.1000222222222222,macd_bullish_cross|double_bottom_90d|downtrend,2,1,haussier,365,0,0,30,,,31.0,57.0,86.0,47.0,49.7,61.97,False,False,,0,,,,61,136048379,145188068,1405573965.7275033,1499999999.997,1500000000.0,93.7,,,
IOUSDT,IO,Speculative,587,0.1177,1117547.333906,-2.405,52.683295739809246,-0.0006132231623187348,0.11077199999999998,0.16591800000000012,0.7397726275658959,0.23199999999999998,0.08688906128781992,0.22916228841761618,0.7005612928153588,0.09905555555555556,0.12370555555555557,uptrend,1,0,haussier,365,0,0,30,,,17.0,57.0,81.5,68.0,58.2,61.9,False,False,,0,,,,62,38898326,94169543,330452296.5273317,799996941.9099334,800000000.0,41.3,,,
WINUSDT,WIN,Speculative,,2.029e-05,182915.90435728,0.297,53.768549793580796,3.107515411004111e-08,1.99984e-05,2.7150000000000003e-05,0.3739335256699383,0.267238021036229,0.20997273081418003,0.3836685140674495,0.5098546172375255,1.912305555555555e-05,2.3309999999999995e-05,macd_bullish_cross|uptrend,2,0,haussier,365,0,0,30,,,17.0,57.0,83.5,47.0,67.4,61.85,False,False,,0,,,,65,,,,,,,,,
ALPINEUSDT,ALPINE,Speculative,,0.449,134258.44054,-0.883,51.93714732742612,-0.0026778069945828844,0.4269600000000001,0.5345300000000001,0.5154319664600265,0.15250544662309368,0.05684210526315783,0.08793702451354596,0.6985151811454438,0.39688888888888885,0.4690277777777777,double_top_90d|bearish_engulfing_4h,0,2,baissier,365,0,0,30,,,17.0,57.0,100.0,47.0,19.5,61.68,False,False,,0,,,,56,,,,,,,,,
HOTUSDT,HOT,Mid,377,0.000423,270024.531817,-0.704,49.255456869779344,-2.125836138608895e-06,0.0004229399999999999,0.00048267000000000036,0.500641611064027,0.21383647798742136,0.11111111111111109,0.14798997332646727,0.5744810247345427,0.00037502777777777773,0.00045747222222222223,macd_bearish_cross,0,1,baissier,365,0,0,30,,,31.0,57.0,95.5,47.0,19.9,61.63,False,False,,0,,,,55,75293252,75293252,177619433541.1413,177619433541.1413,,100.0,,,
ZENUSDT,ZEN,Mid,252,6.92,9720515.79961,-4.327,65.44405545236734,0.1042049824945187,5.814679999999999,8.602924999999999,0.9248422614564942,0.2574823943661972,0.025221924756939587,0.6015515954340468,0.7623550543066496,5.195833333333335,6.526388888888889,macd_bullish_cross|double_bottom_90d|resistance_test|uptrend,3,1,haussier,365,0,0,30,,,31.0,57.0,69.5,78.5,70.0,61.62,False,False,,0,,,,60,124581618,145143213,18025052.15891282,21000000.0,21000000.0,85.8,,,
USTCUSDT,USTC,Speculative,543,0.00762,3188319.72031,-0.392,70.4908651442914,0.00018454009990841863,0.005232000000000001,0.006149300000000004,1.1066164781845294,0.18609022556390986,0.006518904823989531,0.7350967404585027,0.5388482565318166,0.004476666666666667,0.006194722222222222,morning_star_4h,1,0,haussier,365,0,0,30,,,17.0,57.0,79.0,68.0,62.5,61.59,False,False,,0,,,,60,42558174,46395312,5577832853.436195,6080742440.259253,,91.7,,,
BNTUSDT,BNT,Speculative,633,0.3226,119374.93725,1.96,59.5118104847608,-0.0005519079809751023,0.3016079999999999,0.3849649999999999,0.46632772206001516,0.16369778869778875,0.009213759213759222,0.1624863651027107,0.9346028815253149,0.274225,0.3247027777777778,double_bottom_90d,1,0,haussier,365,0,0,30,,,17.0,57.0,86.0,47.0,58.0,61.58,False,False,,0,,,,63,34852319,34852319,108058952.6462762,108058952.6462762,110542364.6372305,100.0,,,
SHELLUSDT,SHELL,Speculative,,0.0379,1014779.17172,-10.402,62.670415452261935,0.0003673511448439293,0.031515999999999995,0.050183500000000006,0.8712981336826097,0.25626740947075205,0.025706940874035838,0.49523180782803566,0.5472559820042181,0.027694444444444445,0.0366111111111111,double_bottom_90d|uptrend,2,0,haussier,365,0,0,30,,,17.0,57.0,77.5,68.0,66.2,61.53,False,False,,0,,,,63,,,,,,,,,
ZBTUSDT,ZBT,Speculative,511,0.19,14054266.17518,-3.553,63.458997781850535,0.001959209535160645,0.11554,0.11843649999999994,1.7180574285432817,0.17209729233593393,0.1275814593850391,0.8175156849565698,0.31080786637329283,0.06769722222222221,0.16586388888888892,double_bottom_90d|uptrend,2,0,haussier,201,0,0,30,,,12.5,66.0,64.0,78.5,66.2,61.45,False,False,,0,,,,64,46433924,189532262,244992188.30119348,1000000000.0,1000000000.0,24.5,,,
ANKRUSDT,ANKR,Mid,493,0.00493,526406.725524,0.818,48.43806734201254,-2.2421630181049834e-05,0.005078600000000002,0.006411449999999998,0.45355764797646586,0.1485507246376811,0.10326086956521728,0.5866522707447092,0.5300027852195163,0.004236944444444443,0.005416666666666668,support_bounce,1,0,haussier,365,0,0,30,,,31.0,46.0,95.5,57.5,51.2,61.43,False,False,,0,,,,59,49545387,49545387,10000000000.0,10000000000.0,10000000000.0,100.0,,,
DODOUSDT,DODO,Speculative,,0.01929,150812.639861,-2.576,58.230308954180956,-9.738877348780734e-05,0.016581,0.019576449999999995,0.811626551120941,0.1909090909090909,0.07338129496402879,0.15115309068745017,0.5658310371288141,0.013893611111111112,0.019288888888888883,uptrend|bearish_engulfing_4h,1,1,mixte,365,0,0,30,,,17.0,57.0,89.5,47.0,45.7,61.32,False,False,,0,,,,60,,,,,,,,,
STGUSDT,STG,Speculative,,0.2241,329638.9343,-0.488,56.14519300586038,0.001760353535961282,0.21726400000000004,0.1599085,0.8649096294525914,0.2895457033388068,0.17250276446737922,0.18276156487294196,0.3830740172251742,0.13950555555555555,0.24438055555555552,downtrend,0,1,baissier,365,0,0,30,,,17.0,73.0,73.0,47.0,32.5,61.29,False,False,,0,,,,59,,,,,,,,,
JOEUSDT,JOE,Speculative,,0.0482,405969.085798,0.837,56.198066125401596,-0.00015917752081367163,0.04382199999999997,0.060594,1.8119981736020327,0.24137931034482768,0.16896551724137934,1.462494428524539,0.5952686428758904,0.03547777777777778,0.050199999999999995,,0,0,neutre,365,0,0,30,,,17.0,75.0,64.0,47.0,50,61.24,False,False,,0,,,,63,,,,,,,,,
ONGUSDT,ONG,Speculative,636,0.0742,1676850.29531,0.135,46.46761912365197,-0.0007287850522354773,0.07473040000000002,0.08288400000000001,0.9582673324643441,0.2993779160186625,0.2778965785381027,4.5521809401516,0.3838913476823956,0.05902777777777779,0.08898999999999999,,0,0,neutre,365,0,0,30,,,17.0,64.0,73.0,68.0,50,61.22,False,False,,2,⚡ Volume ×4.5 vs médiane,,4.55,68,34991378,59632738,469425076.0,800000000.0,1000000000.0,58.7,,,
RIFUSDT,RIF,Mid,495,0.049,361149.6042,3.376,57.87595482112628,-0.00013971187635594467,0.040645999999999995,0.038335,0.9836480397283021,0.34004474272930646,0.10786106032906756,0.17535533806697323,0.3888777710366499,0.03213333333333335,0.047891666666666666,macd_bearish_cross,0,1,baissier,365,0,0,30,,,31.0,73.0,73.0,47.0,19.9,61.19,False,False,,0,,,,56,48831195,48831195,1000000000.0,1000000000.0,,100.0,,,
BMTUSDT,BMT,Speculative,,0.01651,653106.720974,3.188,58.36862029615414,1.686973738562858e-05,0.015409799999999998,0.02260184999999999,0.6389534797983508,0.22478873239436614,0.07042253521126748,0.4559534609655623,0.7008673208051016,0.01426416666666667,0.017415555555555556,macd_bullish_cross,1,0,haussier,365,0,0,30,,,17.0,57.0,81.5,57.5,59.2,61.16,False,False,,0,,,,62,,,,,,,,,
PEPEUSDT,PEPE,Etabli,51,4.08e-06,46165633.26782111,1.493,63.53804006710531,9.000589069315426e-09,3.6330000000000006e-06,4.538150000000001e-06,0.7194091327102973,0.339544513457557,0.15527950310559013,0.40869665138855926,0.7155266685842036,3.283888888888888e-06,4.22888888888889e-06,double_bottom_90d|uptrend|doji_4h,2,0,haussier,365,0,0,30,,,45.0,57.0,65.0,78.5,66.2,61.1,False,False,,0,,,,61,1718189440,1718189440,420690000000000.0,420690000000000.0,420690000000000.0,100.0,,,
ALCXUSDT,ALCX,Speculative,,5.36,120237.50002,-1.107,54.31480934275664,0.01052819108250179,5.111999999999998,6.979749999999999,0.4304077285378442,0.3333333333333333,0.23646723646723639,0.2652041039870808,0.3330728886858284,4.550555555555554,5.847222222222221,macd_bullish_cross,1,0,haussier,365,0,0,30,,,17.0,57.0,83.5,47.0,59.2,60.94,False,False,,0,,,,63,,,,,,,,,
UMAUSDT,UMA,Speculative,539,0.469,309078.1847,0.86,56.818956176364004,-0.0013033290132314634,0.43332000000000015,0.6607,0.5665890932606198,0.28990825688073396,0.14128440366972478,0.36652530417947266,0.642574610814495,0.40083333333333354,0.5218055555555555,uptrend,1,0,haussier,365,0,0,30,,,17.0,57.0,83.5,47.0,58.2,60.84,False,False,,0,,,,62,42666479,60223124,91100799.44365862,128587475.3314079,,70.8,,,
PYRUSDT,PYR,Speculative,,0.275,679608.515849,-1.434,50.584695923749095,-2.2438974534018266e-05,0.27332000000000006,0.43382500000000057,0.5082913207771521,0.3488372093023256,0.28940568475452194,0.18422322639325953,0.5725891807578729,0.2586388888888889,0.34650000000000003,,0,0,neutre,365,0,0,30,,,17.0,57.0,83.5,57.5,50,60.77,False,False,,0,,,,60,,,,,,,,,
QKCUSDT,QKC,Speculative,,0.003161,1268521.546579,-0.095,55.806190039912224,2.994436878424899e-06,0.0030788399999999994,0.003846370000000003,0.3239207689581556,0.25687372708757633,0.19373727087576373,0.30966766865929835,0.6793359773609418,0.002966888888888889,0.003455722222222222,macd_bullish_cross|downtrend,1,1,mixte,365,0,0,30,,,17.0,57.0,83.5,68.0,41.7,60.7,False,False,,0,,,,58,,,,,,,,,
ZKUSDT,ZK,Mid,208,0.01708,3613282.513066,-4.688,55.352074510656536,0.00020087358666095786,0.0166926,0.028151149999999993,0.8198141838224797,0.3546712802768167,0.26081314878892736,0.4679594021628994,0.6404535062243067,0.01529722222222222,0.021857222222222226,macd_bullish_cross,1,0,haussier,365,0,0,30,,,31.0,57.0,73.0,68.0,59.2,60.67,False,False,,0,,,,61,165823266,358872078,9703425807.0,21000000000.0,21000000000.0,46.2,,,
CVXUSDT,CVX,Mid,214,1.782,207202.049749,0.508,51.2069356932641,0.0021468938898958224,1.7705400000000007,1.9087449999999992,0.5810433700082633,0.2914681680381118,0.22953659592897369,0.10875707758640563,0.7483498857808423,1.6680277777777779,2.112972222222222,macd_bullish_cross|double_bottom_90d,2,0,haussier,365,0,0,30,,,31.0,57.0,75.5,47.0,67.2,60.64,False,False,,0,,,,63,160780983,178115320,90237453.2961093,99966255.53544897,100000000.0,90.3,,,
NMRUSDT,NMR,Mid,426,8.77,180370.1494,-2.339,53.570549708363345,-0.058039582271592616,8.0558,9.485649999999996,0.45509561624449896,0.3023255813953488,0.05189189189189194,0.06363582247182882,0.6569612528405113,6.986388888888887,9.117222222222221,double_top_90d,0,1,baissier,365,0,0,30,,,31.0,57.0,88.0,47.0,32.0,60.64,False,False,,0,,,,57,61700503,93225905,7039053.308057307,10635603.89952881,11000000.0,66.2,,,
TSTUSDT,TST,Speculative,,0.02137,89440100.502144,-2.376,68.66250384495567,0.0011796138087842448,0.010439999999999998,0.013636400000000007,2.9894803619893984,0.3350210970464135,0.18265541059094398,16.165323158195065,0.3758889280199652,0.008340833333333334,0.01365777777777778,macd_bullish_cross|uptrend|bearish_engulfing_4h,2,1,haussier,365,0,0,30,,,17.0,75.0,52.0,78.5,54.9,60.59,False,False,,3,⚡ Volume ×16.2 vs médiane,,16.17,68,,,,,,,,,
ARKMUSDT,ARKM,Mid,380,0.1206,1569299.71214,0.584,55.270442686711796,-0.0005103045786889384,0.10905999999999999,0.18186500000000003,0.9530218931472769,0.2713178294573644,0.09662921348314613,0.2703302557322663,0.6683091869481054,0.09672222222222228,0.12759444444444445,uptrend|shooting_star_4h,1,1,mixte,365,0,0,30,,,31.0,57.0,77.5,68.0,45.7,60.58,False,False,,0,,,,58,75140928,120657866,622760291.0,1000000000.0,1000000000.0,62.3,,,
PROVEUSDT,PROVE,Mid,496,0.2503,497252.12608,2.038,54.10445828752656,0.0004147059359317631,0.24339799999999992,0.3893650000000002,0.524206833648174,0.40521064301552107,0.3065410199556542,0.11477816739280898,0.6411217608291718,0.22402500000000003,0.32892499999999997,uptrend,1,0,haussier,274,0,0,30,,,28.5,57.0,79.0,47.0,58.2,60.51,False,False,,0,,,,62,48726871,249881391,195000000.0,1000000000.0,1000000000.0,19.5,,,
HYPERUSDT,HYPER,Speculative,594,0.112,4008083.60828,-7.514,51.33494992465508,-0.0005586533395011348,0.098774,0.12260049999999997,2.0350655574600145,0.2967377666248431,0.2967377666248431,3.346323100119553,0.34401736323735904,0.08494166666666665,0.11977777777777779,macd_bearish_cross|uptrend,1,1,mixte,365,0,0,30,,,17.0,84.0,52.0,68.0,28.1,60.47,False,False,,2,⚡ Volume ×3.4 vs médiane,,3.35,65,38095894,90947512,338174017.0,807333335.0000001,1000000000.0,41.9,,,
SKLUSDT,SKL,Speculative,547,0.0069,478572.46187,-0.289,51.99337930371637,-3.164952233173667e-05,0.006623199999999999,0.010113150000000005,0.8033415236327103,0.20694444444444446,0.10852713178294579,0.18251228513104817,0.6893506249182145,0.00608138888888889,0.007450277777777778,,0,0,neutre,365,0,0,30,,,17.0,57.0,85.0,47.0,50,60.39,False,False,,0,,,,61,42072849,42552065,6094019337.0,6163431114.491759,7000000000.0,98.9,,,
DIAUSDT,DIA,Speculative,,0.192,122432.25348,0.209,52.963161574024376,-0.0003917855353317405,0.18346599999999996,0.2747139999999997,0.67747827508408,0.2341417910447761,0.10587686567164178,0.21460488376848,0.6519396541290317,0.1720722222222222,0.20509722222222224,,0,0,neutre,365,0,0,30,,,17.0,57.0,85.0,47.0,50,60.39,False,False,,0,,,,61,,,,,,,,,
SAHARAUSDT,SAHARA,Mid,353,0.02437,1331838.15861,-3.562,57.58389881303419,0.00028537211528535184,0.023509,0.03566059999999999,0.6572666421116488,0.3002001334222816,0.18645763842561713,0.28323226643350635,0.3056378343531971,0.01519972222222222,0.027760833333333335,bullish_engulfing_4h,1,0,haussier,314,0,0,30,,,29.6,57.0,73.0,68.0,57.5,60.35,False,False,,0,,,,61,79727443,243489042,3274375000.0,10000000000.0,10000000000.0,32.7,,,
DOGEUSDT,DOGE,Etabli,10,0.11148,107789204.55115,-0.713,76.39614803019654,0.0012095243178747964,0.09613059999999997,0.12440495,0.4188190811630977,0.19713616714697413,0.0,0.21269918807043256,0.8090556718737947,0.08937611111111111,0.10554000000000001,doji_4h,0,0,neutre,365,0,0,30,,,45.0,39.0,92.0,78.5,50,60.33,False,False,,0,,,,45,17162598198,17162607108,154109556383.7052,154109636383.7052,,100.0,,,
CELRUSDT,CELR,Speculative,,0.002786,497850.1117311,2.239,56.03586221001284,-5.963258012120509e-06,0.0025951800000000003,0.0035800900000000006,0.6405090449959833,0.19065876612059957,0.04895583704210883,0.40875911099513623,0.675557971141063,0.002360944444444445,0.0028341388888888886,macd_bearish_cross|double_bottom_90d|uptrend,2,1,haussier,365,0,0,30,,,17.0,57.0,89.5,47.0,36.1,60.26,False,False,,0,,,,58,,,,,,,,,
ARBUSDT,ARB,Etabli,83,0.1181,6832744.40402,0.511,48.106792924621004,-0.002108283449316045,0.11001200000000003,0.17106100000000007,0.7233921089290216,0.2663900414937759,0.10053313023610055,0.21902976784243555,0.759908093086558,0.09207499999999996,0.12758888888888886,uptrend,1,0,haussier,365,0,0,30,,,45.0,57.0,65.0,78.5,58.2,60.23,False,False,,0,,,,59,727038223,1182037888,6150718438.0,10000000000.0,10000000000.0,61.5,,,
COTIUSDT,COTI,Speculative,575,0.01415,382598.09194,-0.212,51.907577641313424,-5.4446639419243506e-05,0.013634799999999997,0.020160200000000007,0.6911019807159883,0.14082503556187762,0.07827788649706456,0.1903329509591624,0.7298700104928493,0.011522777777777778,0.014575277777777777,uptrend,1,0,haussier,365,0,0,30,,,17.0,57.0,81.5,47.0,58.2,60.22,False,False,,0,,,,62,39623017,39623413,2805361131.381386,2805389149.736222,4910000000.0,100.0,,,
RONINUSDT,RONIN,Speculative,,0.0971,380044.763065,2.534,53.518766086850974,-0.00041344577352759953,0.09201200000000004,0.15375450000000013,0.6023533509900761,0.219626168224299,0.09252336448598124,0.24636504088958464,0.7035956678566481,0.08520277777777778,0.10676111111111111,uptrend,1,0,haussier,365,0,0,30,,,17.0,57.0,81.5,47.0,58.2,60.22,False,False,,0,,,,62,,,,,,,,,
WOOUSDT,WOO,Speculative,600,0.0196,378793.55346,-0.508,57.02704067263024,-2.5631099238096282e-05,0.018056,0.024125499999999977,0.6818143249294717,0.21890547263681598,0.029702970297029695,0.12763411264720934,0.8180075700164392,0.01603333333333333,0.019505555555555557,uptrend|doji_4h,1,0,haussier,365,0,0,30,,,17.0,57.0,81.5,47.0,58.2,60.22,False,False,,0,,,,62,36953221,36953221,1888782088.294737,1888782088.294737,3000000000.0,100.0,,,
PAXGUSDT,PAXG,Etabli,40,4551.24,25335602.923562,-0.525,40.26474236874455,-13.650857840534307,4653.9268,4586.733349999998,0.24526013797104967,0.18851456373184697,0.16276614334722106,0.11658944442519262,0.5094248803691095,4505.636388888888,5221.053055555554,,0,0,neutre,365,0,0,30,,,45.0,36.0,95.5,78.5,50,60.19,False,False,,0,,,,53,2180992787,2180992787,479162.743,479162.743,,100.0,,,
XTZUSDT,XTZ,Mid,121,0.3698,323980.18381,0.983,51.91306200624343,-0.0006829374229272349,0.3659140000000001,0.46338399999999985,0.47170240532900165,0.20832364566379902,0.139967449430365,0.16775519341488196,0.8407723473300486,0.3482361111111112,0.41093333333333326,macd_bearish_cross|uptrend|doji_4h,1,1,mixte,365,0,0,30,,,31.0,57.0,87.5,47.0,28.1,60.06,False,False,,0,,,,56,400734347,408123686,1083769034.72209,1103753189.666725,,98.2,,,
EGLDUSDT,EGLD,Mid,254,4.13,554999.4234,0.487,50.39996908078353,-0.023589411572672796,4.015200000000002,5.945000000000001,0.6429365891290556,0.2998102466793168,0.21821631878557868,0.759249647402865,0.7337167044638938,3.773611111111111,4.751944444444445,,0,0,neutre,365,0,0,30,,,31.0,66.0,65.0,57.5,50,60.01,False,False,,0,,,,60,123200846,123200846,29865292.0,29865292.0,,100.0,,,
USUALUSDT,USUAL,Speculative,,0.01483,395236.712119,2.63,58.381228659821225,1.9278851031164038e-05,0.013466599999999997,0.021442100000000016,0.6877422160574101,0.25962732919254655,0.0826086956521739,0.4038795380519385,0.6280716898169463,0.012270277777777778,0.01581277777777778,macd_bullish_cross|uptrend,2,0,haussier,365,0,0,30,,,17.0,57.0,77.5,47.0,67.4,59.99,False,False,,0,,,,64,,,,,,,,,
AXLUSDT,AXL,Mid,319,0.0775,5421865.439469,-11.832,64.85374111162751,0.0020698976954175987,0.053876,0.08842,1.8340554684400179,0.32232704402515727,0.06196840826245436,0.855526804605411,0.4224549782801803,0.045675,0.06784722222222223,uptrend,1,0,haussier,365,0,0,30,,,31.0,66.0,56.5,78.5,58.2,59.97,False,False,,0,,,,61,89893742,95731663,1164032273.07017,1239627391.836195,,93.9,,,
OGNUSDT,OGN,Speculative,,0.02413,302475.51792,-0.041,60.673126675285296,4.368105296350842e-05,0.022469199999999998,0.029582949999999976,0.4411377045568039,0.3211600429645542,0.16936316695352843,0.25888140334839965,0.3957847777146444,0.01964055555555556,0.025818611111111108,,0,0,neutre,365,0,0,30,,,17.0,57.0,83.5,47.0,50,59.93,False,False,,0,,,,60,,,,,,,,,
CTKUSDT,CTK,Speculative,720,0.1826,280821.49821,0.44,55.79936567835351,-0.00013192495049953916,0.17178400000000005,0.23221099999999997,0.4068427327000575,0.370668815471394,0.26672038678485094,0.3273634931328653,0.6105896592024163,0.160425,0.22086111111111106,,0,0,neutre,365,0,0,30,,,17.0,57.0,83.5,47.0,50,59.93,False,False,,0,,,,60,28762779,28950658,157764712.0,158795235.0,,99.4,,,
SYNUSDT,SYN,Speculative,,0.0536,133447.56085,-1.107,55.40369404354754,-4.589260304085105e-05,0.050078000000000004,0.057761000000000014,0.510896915376302,0.3505154639175258,0.2106038291605302,0.14023348182049036,0.42625809336848847,0.04558055555555556,0.05789444444444444,,0,0,neutre,365,0,0,30,,,17.0,57.0,83.5,47.0,50,59.93,False,False,,0,,,,60,,,,,,,,,
GASUSDT,GAS,Mid,281,1.647,401079.1434,1.667,49.08678491521368,-0.005622944862024139,1.6514199999999997,1.921855,0.5014740678655619,0.15253272623790542,0.0975877192982457,0.5817253252988114,0.6593247970959614,1.5186388888888884,1.776472222222222,downtrend,0,1,baissier,365,0,0,30,,,31.0,46.0,100.0,47.0,32.5,59.92,False,False,,0,,,,56,107260016,107260016,65093580.54427269,65093580.54427269,,100.0,,,
AVAUSDT,AVA,Speculative,,0.2827,465211.97799,-1.84,70.4707143444464,0.0025084544213896734,0.22275000000000003,0.275079,0.6803650859798234,0.20804794520547948,0.025862068965517265,0.2570222941121803,0.691785694250378,0.19091111111111114,0.25786111111111115,double_bottom_90d|uptrend,2,0,haussier,365,0,0,30,,,17.0,48.0,89.5,47.0,66.2,59.9,False,False,,0,,,,60,,,,,,,,,
OPUSDT,OP,Mid,157,0.1283,5489871.529575,2.804,58.46320303102463,0.00024615176993607974,0.11776199999999999,0.24193049999999988,0.7804869999911679,0.4832826747720365,0.3495440729483283,0.5717661044841306,0.6563315793125049,0.1084888888888889,0.1772527777777778,macd_bullish_cross|double_top_90d|downtrend,1,2,baissier,365,0,0,30,,,31.0,66.0,68.5,78.5,23.7,59.89,False,False,,0,,,,54,276412876,552153039,2150100019.0,4294967296.0,4294967296.0,50.1,,,
XAIUSDT,XAI,Speculative,,0.011,680935.269847,-0.722,58.16722607621699,2.9618851578510534e-05,0.009997,0.01483009999999999,0.7435954144609029,0.2631578947368421,0.08103592314118634,0.39145382361534425,0.602217416504481,0.009058611111111111,0.011522222222222222,double_bottom_90d,1,0,haussier,365,0,0,30,,,17.0,57.0,77.5,57.5,58.0,59.79,False,False,,0,,,,61,,,,,,,,,
METISUSDT,METIS,Speculative,,3.59,1446379.84574,1.412,54.58129249872753,-0.012156345836410967,3.2259999999999995,5.251299999999997,1.4441262157606864,0.2933673469387755,0.17848970251716254,0.701193324565846,0.681122249632847,2.884444444444445,3.8533333333333326,uptrend,1,0,haussier,365,0,0,30,,,17.0,66.0,62.5,68.0,58.2,59.69,False,False,,0,,,,62,,,,,,,,,
NEIROUSDT,NEIRO,Speculative,527,0.00010469,7719637.83457408,10.889,67.91487509051754,4.1232628260884696e-07,7.310839999999999e-05,0.00010739284999999998,2.0221974029345047,0.3509361497839654,0.09368023355658597,1.3821405419174335,0.5202423346302533,5.6711944444444444e-05,9.505138888888889e-05,macd_bullish_cross|uptrend,2,0,haussier,365,0,0,30,,,17.0,66.0,56.5,78.5,67.4,59.68,False,False,,0,,,,60,45450941,45450941,420690000000.0,420690000000.0,420690000000.0,100.0,,,
SUSHIUSDT,SUSHI,Mid,435,0.2203,482845.89634,-1.827,55.38892853830284,-0.00037487379924021173,0.20455599999999996,0.29854300000000017,0.6488015111604141,0.16763263486402138,0.041430440470998725,0.3176424692847274,0.8261249885832097,0.18903611111111107,0.22441944444444445,double_top_90d|uptrend,1,1,mixte,365,0,0,30,,,31.0,57.0,81.5,47.0,40.2,59.53,False,False,,0,,,,58,60033123,64101666,273012266.12632084,291514753.9009228,,93.7,,,
WBTCUSDT,WBTC,Speculative,,80489.16,5139896.1883879,1.235,67.4204115243333,106.18302013622974,72753.95939999999,83291.35029999996,0.3560621573203652,0.11750558206030245,0.0,0.29218579964857894,0.9998290133553736,65330.338055555556,77466.20694444445,macd_bullish_cross|resistance_test|uptrend|bearish_engulfing_4h,2,2,mixte,365,0,0,30,,,17.0,48.0,86.0,78.5,49.6,59.51,False,False,,0,,,,55,,,,,,,,,
PENGUUSDT,PENGU,Etabli,84,0.010948,36603841.761658,7.82,75.1719975763255,0.00012509577107258402,0.007617259999999998,0.010141914999999996,1.0101827507623946,0.22163852407754847,0.0,1.1907436362460158,0.7347097655269834,0.0062169999999999994,0.009190916666666667,rsi_bearish_divergence|double_bottom_90d,1,1,mixte,365,0,0,30,,,45.0,57.0,71.0,78.5,34.8,59.5,False,False,,7,🔥 Trending #1 sur CoinGecko,1,,54,684438877,867062090,62860396090.0,79632920132.91129,88888888888.0,78.9,,,
SUSDT,S,Mid,202,0.04518,1651813.755799,1.414,53.941103732518435,-9.538038422843531e-05,0.04331399999999999,0.07620190000000004,0.7685643881107073,0.23527077960722081,0.10434437611585004,0.2995792263958718,0.6501026420987175,0.03934972222222222,0.04833055555555557,macd_bearish_cross|double_top_90d|uptrend,1,2,baissier,365,0,0,30,,,31.0,57.0,85.0,68.0,14.6,59.48,False,False,,0,,,,52,170706931,175249846,3784775845.0,3885497663.0,,97.4,,,
INJUSDT,INJ,Mid,125,3.723,3077777.88954,-1.482,62.594418690528535,0.014956289801221295,3.1722,4.601079999999999,0.6764369393557226,0.27361735908970625,0.02026315789473683,0.3162188227923307,0.759249485330367,2.837777777777778,3.6274444444444445,double_bottom_90d|doji_4h,1,0,haussier,365,0,0,30,,,31.0,57.0,69.5,68.0,58.0,59.45,False,False,,0,,,,60,371923426,371923426,100000000.0,100000000.0,,100.0,,,
ORDIUSDT,ORDI,Mid,288,5.039,12842049.49143,-7.711,56.778110383133175,-0.021596699562212274,3.458,3.783309999999999,3.925820143685973,0.5063395163183846,0.40889880253580657,1.2119110512201885,0.3325064468028273,2.2699722222222216,5.1996111111111105,uptrend|hammer_4h,2,0,haussier,365,0,0,30,,,31.0,75.0,38.5,78.5,70.7,59.44,False,False,,0,,,,64,105715955,105715955,21000000.0,21000000.0,,100.0,,,
LDOUSDT,LDO,Mid,141,0.3766,3681515.263372,1.101,51.84282347724865,-0.0046408632063708165,0.343508,0.509891,1.2301808509904908,0.2292870905587668,0.15936522127849806,0.3762824896920704,0.7395708920813948,0.2891194444444445,0.3940916666666667,double_bottom_90d|uptrend|doji_4h,2,0,haussier,365,0,0,30,,,31.0,57.0,66.5,68.0,66.2,59.43,False,False,,0,,,,62,319817092,376675526,849051956.2816839,1000000000.0,1000000000.0,84.9,,,
JASMYUSDT,JASMY,Mid,156,0.0056,553351.511461,-0.709,49.43420890758908,-2.7813098591967658e-05,0.0055287999999999995,0.0068128500000000005,0.4479151071628834,0.16532905296950248,0.09951845906902085,0.17657824902903974,0.7495302491696534,0.005212500000000001,0.006052499999999999,macd_bearish_cross|double_top_90d|doji_4h,0,2,baissier,365,0,0,30,,,31.0,57.0,92.0,57.5,1.8,59.41,False,False,,0,,,,50,277145017,280255859,49444999677.59027,50000000000.0,50000000000.0,98.9,,,
AGLDUSDT,AGLD,Speculative,,0.254,458250.3642,0.0,47.75341672574845,-0.002489584696760986,0.25134000000000006,0.2799,0.594309939968117,0.44587628865979384,0.34536082474226804,0.4846012111612395,0.3727989818033194,0.21688888888888885,0.29111111111111115,double_bottom_90d,1,0,haussier,365,0,0,30,,,17.0,57.0,79.0,47.0,58.0,59.41,False,False,,0,,,,62,,,,,,,,,
SPELLUSDT,SPELL,Speculative,714,0.0001699,357206.0993851,1.071,53.36112931376806,1.4028383486440302e-07,0.00016587600000000002,0.00022816900000000004,0.5340093849730843,0.20675743822491172,0.1447302067574382,0.4969841621096316,0.7645087300320068,0.0001599583333333333,0.00019427222222222226,double_top_90d|support_bounce,1,1,mixte,365,0,0,30,,,17.0,57.0,87.5,47.0,33.2,59.33,False,False,,0,,,,57,29089408,33244477,171510541047.0,196008739620.0,210000000000.0,87.5,,,
VELODROMEUSDT,VELODROME,Speculative,,0.01758,149979.104517,1.56,60.80037416757192,3.2312312500280046e-05,0.0154246,0.021819149999999995,0.7761334266885155,0.22280092592592599,0.009561304836895388,0.2326488384670962,0.7584604332820846,0.013615555555555554,0.017256388888888897,,0,0,neutre,365,0,0,30,,,17.0,57.0,81.5,47.0,50,59.31,False,False,,0,,,,60,,,,,,,,,
SFPUSDT,SFP,Mid,216,0.3192,152037.6017,-0.406,51.23384929984077,-0.0026496206541237813,0.30405200000000004,0.31777000000000005,0.7090688688512754,0.17228661749209698,0.16016859852476298,0.20439773023642105,0.6893960266628973,0.25632499999999997,0.32594444444444437,macd_bearish_cross|uptrend,1,1,mixte,365,0,0,30,,,31.0,57.0,85.0,47.0,28.1,59.28,False,False,,0,,,,55,159347615,159347615,500000000.0,500000000.0,500000000.0,100.0,,,
ACTUSDT,ACT,Speculative,,0.0167,4080187.1059,11.333,65.24324726938725,0.0001687930348921349,0.013520000000000003,0.019330499999999994,1.2646973411108873,0.2839506172839506,0.01183431952662715,1.4400546587885765,0.5065753506843629,0.012013888888888886,0.015661111111111112,macd_bullish_cross|downtrend,1,1,mixte,365,0,0,30,,,17.0,66.0,67.0,68.0,41.7,59.26,False,False,,0,,,,56,,,,,,,,,
ICXUSDT,ICX,Speculative,557,0.0375,106496.36454,2.18,51.96310828210857,-0.00015872764204720834,0.036696000000000006,0.05292649999999998,0.5281429577372609,0.2251184834123223,0.11137440758293846,0.4834555365564087,0.7520799640498878,0.034288888888888876,0.04150277777777777,downtrend,0,1,baissier,365,0,0,30,,,17.0,57.0,87.5,47.0,32.5,59.24,False,False,,0,,,,57,41125020,41596459,1096225640.103742,1108792274.218095,,98.9,,,
CKBUSDT,CKB,Mid,387,0.001522,270441.495244,1.332,52.066972891000994,-3.3548804111280807e-06,0.0014793199999999995,0.0021782299999999997,0.6047270761819941,0.2470389170896785,0.14156796390298937,0.37472211231205815,0.778846959678823,0.0014048888888888887,0.0016923333333333332,,0,0,neutre,365,0,0,30,,,31.0,57.0,77.0,47.0,50,59.22,False,False,,0,,,,59,74179955,75392804,48706862380.65085,49503224302.67885,,98.4,,,
REZUSDT,REZ,Speculative,517,0.00541,2639303.014925,-0.368,75.34874896003707,0.00014391395375371448,0.0038300000000000005,0.005035899999999997,0.8661572622521257,0.2254196642685852,0.012773722627737181,0.5903231682764609,0.3882491530924351,0.002885833333333333,0.004487500000000001,resistance_test,0,1,baissier,365,0,0,30,,,17.0,48.0,89.5,68.0,44.6,59.21,False,False,,0,,,,46,45767004,53160203,8449670066.351069,9814629224.12962,10000000000.0,86.1,,,
AUCTIONUSDT,AUCTION,Speculative,622,4.79,424686.7813,-0.416,51.35940307866204,-0.006089202788670332,4.7338,5.363199999999997,0.33996158893377487,0.18968692449355423,0.11786372007366477,0.12222285915981076,0.8018636310758624,4.5363888888888875,5.185833333333331,double_top_90d,0,1,baissier,365,0,0,30,,,17.0,57.0,87.5,47.0,32.0,59.19,False,False,,0,,,,57,35501305,36655642,7400402.318293814,7641028.818627574,10000000.0,96.9,,,
JTOUSDT,JTO,Mid,193,0.3857,751255.72252,-2.255,68.09089584559592,0.0035555551902119002,0.3164120000000001,0.4337689999999998,0.7185889953152058,0.23935212957408514,0.01708312085670572,0.21770471532276514,0.586663906772557,0.25329722222222223,0.36181944444444447,double_top_90d|uptrend,1,1,mixte,365,0,0,30,,,31.0,48.0,89.5,57.5,40.2,59.18,False,False,,0,,,,53,179862247,385376865,466717811.0,1000000000.0,,46.7,,,
PUMPUSDT,PUMP,Etabli,85,0.001843,4889628.277123,0.0,51.96155110470243,3.1720692621657163e-06,0.0018062599999999996,0.002483899999999999,0.8444211518421582,0.3006423982869379,0.21070663811563162,0.1375421568938688,0.7489381815935221,0.001689361111111111,0.0021585833333333335,macd_bullish_cross|doji_4h,1,0,haussier,237,0,0,30,,,41.5,57.0,65.0,68.0,59.2,59.17,False,False,,0,,,,60,662104227,1602722458,359315721032.6215,869777524703.8441,1000000000000.0,41.3,,,
TURTLEUSDT,TURTLE,Speculative,,0.0532,1443932.80231,-0.931,61.03356425538431,0.00028902905894434344,0.044748,,0.9709668996217452,0.1862068965517242,0.08275862068965527,0.4173019196670532,0.34135550242947177,0.03956666666666667,0.050133333333333335,uptrend,1,0,haussier,196,0,0,30,,,12.4,45.0,89.5,68.0,58.2,59.05,False,False,,0,,,,60,,,,,,,,,
TRBUSDT,TRB,Mid,459,19.86,1824515.71004,-0.65,57.414857131131164,0.023871667743365133,16.9716,19.293900000000004,1.5709443506637883,0.23506825938566558,0.15102389078498304,0.3842933667367136,0.5141227276580905,14.10388888888889,19.525555555555556,macd_bullish_cross|uptrend,2,0,haussier,365,0,0,30,,,31.0,57.0,64.0,68.0,67.4,58.79,False,False,,0,,,,62,55423914,56809880,2786399.4576300373,2856077.951583518,,97.6,,,
ONTUSDT,ONT,Mid,393,0.07133,1577106.00715,0.38,46.30379886133652,-0.0007808352815548544,0.07263420000000002,0.0655191,0.818636453070039,0.3754137961886016,0.36181444036861404,1.0139382165303787,0.3462294700616617,0.0406938888888889,0.09134250000000002,downtrend,0,1,baissier,365,0,0,30,,,31.0,63.0,68.5,68.0,32.5,58.79,False,False,,0,,,,56,71286911,71286911,1000000000.0,1000000000.0,,100.0,,,
BANDUSDT,BAND,Speculative,578,0.225,220818.4561,0.897,53.73151213980925,-0.000251024953483802,0.21628000000000003,0.31116500000000014,0.6439916526256256,0.24031007751937983,0.13178294573643412,0.14933755543496596,0.785707070564655,0.20163888888888892,0.2503611111111111,double_bottom_90d,1,0,haussier,365,0,0,30,,,17.0,57.0,77.0,47.0,58.0,58.79,False,False,,0,,,,61,39394940,39453668,175540988.1000239,175802677.526426,,99.9,,,
PNUTUSDT,PNUT,Mid,423,0.062,2686398.30062,1.639,63.97203921936976,0.0003310749748485424,0.048164000000000005,0.07166850000000002,1.6808754103692591,0.3132969034608379,0.13183730715287525,0.552345663770088,0.5685489892720625,0.04020555555555557,0.059608333333333326,macd_bullish_cross|uptrend,2,0,haussier,365,0,0,30,,,31.0,66.0,52.0,68.0,67.4,58.75,False,False,,0,,,,62,62499651,62499651,999842204.250652,999842204.250652,1000000000.0,100.0,,,
UNIUSDT,UNI,Etabli,42,3.342,15824398.60157,-0.919,54.23185378873495,0.014735999840432869,3.3326,4.751080000000001,0.5389952621223553,0.27399566995429403,0.19701707962472936,0.30418298418988154,0.8179179302857437,3.1303055555555552,3.98863888888889,double_top_90d|downtrend,0,2,baissier,365,0,0,30,,,45.0,57.0,75.5,78.5,14.5,58.67,False,False,,0,,,,51,2115227125,2991306124,633561603.6037512,895968420.0329479,1000000000.0,70.7,,,
IMXUSDT,IMX,Mid,232,0.1709,537797.481296,0.117,56.120812210687674,-0.0008034561250849165,0.156614,0.24882550000000003,0.7806686944662332,0.27922077922077915,0.07467532467532456,0.16114703127713187,0.7733437727547617,0.14011111111111108,0.1776861111111111,uptrend,1,0,haussier,365,0,0,30,,,31.0,57.0,69.5,57.5,58.2,58.64,False,False,,0,,,,60,143860345,341530705,842444578.3296283,2000000000.0,2000000000.0,42.1,,,
GMXUSDT,GMX,Mid,373,7.33,325556.87913,2.661,61.34546208219919,0.022006803999510466,6.5286,7.630200000000006,0.6851512846810689,0.23733333333333337,0.016000000000000014,0.16262906486754697,0.7121482152748299,5.930277777777778,7.220833333333333,double_top_90d,0,1,baissier,365,0,0,30,,,31.0,57.0,81.5,47.0,32.0,58.63,False,False,,0,,,,56,76248186,76248186,10396778.03258903,10396778.03258903,13250000.0,100.0,,,
THETAUSDT,THETA,Mid,178,0.213,1394304.4713,0.0,57.03604978711615,-0.0016716489660350397,0.18276,0.28195500000000007,0.8877715384320419,0.3529411764705883,0.0701754385964913,0.2619493964467282,0.7389002072018661,0.1554444444444444,0.2189444444444444,,0,0,neutre,365,0,0,30,,,31.0,57.0,69.5,68.0,50,58.57,False,False,,0,,,,58,212516367,212516367,1000000000.0,1000000000.0,1000000000.0,100.0,,,
SPKUSDT,SPK,Mid,304,0.036442,2401395.002681,-0.153,57.97669435532217,-0.0004830760025587681,0.026395039999999995,0.026031150000000003,1.7806369417391028,0.31461799137399876,0.29879081947011715,0.43547987154991163,0.4408935238125047,0.019566,0.03638852777777779,macd_bearish_cross|golden_cross|uptrend,2,1,haussier,323,0,0,30,,,29.8,73.0,52.0,68.0,40.8,58.56,False,False,,0,,,,58,97490720,364087880,2677670009.778443,10000000000.0,10000000000.0,26.8,,,
MASKUSDT,MASK,Mid,494,0.493,671136.8059,-1.202,50.73180417023379,-0.004357473110315285,0.4638400000000002,0.5821399999999999,0.7068860783944164,0.1938775510204081,0.12765957446808504,0.2886843612276372,0.7848078279134983,0.4134166666666666,0.5190833333333333,macd_bearish_cross|double_bottom_90d|uptrend,2,1,haussier,365,0,0,30,,,31.0,57.0,77.0,57.5,36.1,58.52,False,False,,0,,,,56,49219042,49219042,100000000.0,100000000.0,100000000.0,100.0,,,
EPICUSDT,EPIC,Speculative,,0.343,965882.6278,-5.769,62.79318649832708,0.004234107593858432,0.27902,0.48561000000000015,0.9208567141688971,0.27244582043343657,0.02840909090909078,0.350185923672505,0.5372208498191543,0.24841666666666676,0.32597222222222216,uptrend|bearish_engulfing_4h,1,1,mixte,365,0,0,30,,,17.0,57.0,77.5,57.5,45.7,58.44,False,False,,0,,,,58,,,,,,,,,
STRAXUSDT,STRAX,Speculative,725,0.0132,308161.86294,1.46,50.67940726636243,-6.544141435549413e-06,0.013289000000000002,0.019422599999999995,0.33861794146769675,0.24717093508040497,0.21262656343061337,1.1860459258187757,0.861123140710553,0.01280583333333333,0.016089166666666665,downtrend,0,1,baissier,365,0,0,30,,,17.0,55.0,87.5,47.0,32.5,58.43,False,False,,0,,,,56,28618690,28618690,2161592047.960739,2161592047.960739,,100.0,,,
BEAMXUSDT,BEAMX,Speculative,,0.001951,448449.345528,-0.307,52.17486663129845,-9.256377952191189e-06,0.0018726,0.002822980000000001,0.4676483869653093,0.3855094924447888,0.24370399070127857,0.17496088915717417,0.7519085445237869,0.001728527777777778,0.002372611111111111,uptrend,1,0,haussier,365,0,0,30,,,17.0,57.0,75.5,47.0,58.2,58.36,False,False,,0,,,,61,,,,,,,,,
LINEAUSDT,LINEA,Mid,322,0.003572,1807723.13171,-0.805,54.37497399314759,-5.2467782851476025e-06,0.003314599999999999,0.006446049999999997,0.8031313387692988,0.2690355329949238,0.09365482233502538,0.20088513344805917,0.6246008874178515,0.0029847222222222224,0.003732472222222222,macd_bearish_cross|uptrend,1,1,mixte,238,0,0,30,,,27.5,57.0,77.5,68.0,28.1,58.32,False,False,,0,,,,54,88904671,256974163,24913105599.373516,72009990000.0,72009990000.0,34.6,,,
ONEUSDT,ONE,Speculative,649,0.00228,451235.228356,0.885,51.760474320545306,-3.8146944199317755e-07,0.0022342000000000004,0.00347245,0.6064065225690416,0.24354243542435422,0.15867158671586726,0.6066707521760527,0.7250691239720646,0.0021119444444444445,0.0026055555555555554,macd_bearish_cross,0,1,baissier,365,0,0,30,,,17.0,66.0,77.0,47.0,19.9,58.28,False,False,,0,,,,55,33868879,33868882,14870211425.762915,14870212769.762915,,100.0,,,
EDENUSDT,EDEN,Speculative,,0.0377,140996.02604,-1.05,57.50717371535868,0.00012944795880973125,0.033471999999999995,0.061736999999999986,0.7030491498469779,0.3725961538461538,0.10096153846153835,0.06095769817815598,0.5009093679277847,0.029688888888888883,0.03957222222222222,macd_bullish_cross|uptrend,2,0,haussier,218,0,0,30,,,13.0,57.0,73.0,47.0,67.4,58.22,False,False,,0,,,,63,,,,,,,,,
WIFUSDT,WIF,Mid,186,0.196,3050579.14049,1.554,56.850091076517785,0.0010387949182240233,0.18684,0.3021749999999999,0.7778799028657278,0.3568627450980392,0.23137254901960783,0.12124351939525557,0.730180690278614,0.17080555555555557,0.2286944444444445,macd_bullish_cross,1,0,haussier,365,0,0,30,,,31.0,57.0,65.0,68.0,59.2,58.19,False,False,,0,,,,60,195822891,195822891,998926392.0,998926392.0,998926392.0,100.0,,,
SOMIUSDT,SOMI,Speculative,708,0.1854,557927.59826,1.311,57.150755010358004,0.0008083812088470069,0.169624,0.2447279999999999,0.6702644056460726,0.3148063781321184,0.1562642369020501,0.08425039548349696,0.5679418013232672,0.15730277777777776,0.2106388888888889,uptrend|doji_4h,1,0,haussier,246,0,0,30,,,13.7,57.0,73.0,57.5,58.2,58.12,False,False,,0,,,,61,29671414,185214821,160200000.0,1000000000.0,1000000000.0,16.0,,,
GALAUSDT,GALA,Mid,222,0.00322,3968060.93961,1.258,50.492510245486656,-1.9730426947026177e-05,0.00314,0.005774600000000003,0.7313747794928607,0.359447004608295,0.25806451612903225,0.4950130432936605,0.7495388004298408,0.0029211111111111113,0.004068611111111112,uptrend,1,0,haussier,365,0,0,30,,,31.0,57.0,65.0,68.0,58.2,58.09,False,False,,0,,,,59,153334410,153334511,47645465285.56747,47645496594.95338,50000000000.0,100.0,,,
ACXUSDT,ACX,Speculative,682,0.0445,109692.33324,-0.891,54.99921886397166,-3.0828366357796907e-05,0.043207999999999996,0.0500185,0.3683653254159853,0.31239669421487604,0.2661157024793388,0.08702479355797695,0.28882220553545923,0.03353611111111109,0.04697222222222222,,0,0,neutre,365,0,0,30,,,17.0,57.0,77.5,47.0,50,58.07,False,False,,0,,,,60,31244463,44339920,704657633.0,1000000000.0,1000000000.0,70.5,,,
SEIUSDT,SEI,Mid,120,0.05957,4138340.056322,0.134,52.988917083694076,-9.228746634002468e-06,0.0576628,0.1039342,0.5782265906342011,0.369482976040353,0.24930643127364435,0.21899695782966747,0.7773419768768964,0.053682499999999994,0.07467777777777779,macd_bearish_cross|uptrend,1,1,mixte,365,0,0,30,,,31.0,57.0,75.5,68.0,28.1,58.02,False,False,,0,,,,54,401222226,595874593,6733333333.0,10000000000.0,,67.3,,,
RPLUSDT,RPL,Speculative,538,1.91,147583.4602,1.058,55.419048288390925,-0.002684601329752387,1.8081999999999994,2.1931500000000015,0.5123220153668621,0.42647058823529416,0.2977941176470589,0.18245962899040388,0.47326688528392274,1.5994444444444447,2.226111111111111,downtrend,0,1,baissier,365,0,0,30,,,17.0,57.0,83.5,47.0,32.5,58.01,False,False,,0,,,,56,42692246,42692246,22367035.42676356,22367035.42676356,,100.0,,,
TFUELUSDT,TFUEL,Mid,337,0.01144,391213.40522,0.439,46.04103912840157,-1.6683189652296555e-05,0.011675399999999996,0.01706229999999999,0.40746278321913376,0.33189389265885255,0.29673041332510786,1.3903247155192986,0.7376261201258807,0.011146388888888886,0.014959166666666662,,0,0,neutre,365,0,0,30,,,31.0,55.0,75.5,47.0,50,57.94,False,False,,0,,,,59,83488886,83488886,7319502026.0,7319502037.0,,100.0,,,
FIDAUSDT,FIDA,Speculative,,0.01721,462566.987052,0.998,54.877742567257,5.876133340157528e-06,0.016083600000000003,0.03123874999999998,0.6240521312153335,0.4285714285714286,0.20645161290322586,0.1980634789333339,0.4582717632808521,0.014111944444444444,0.020745555555555555,macd_bullish_cross,1,0,haussier,365,0,0,30,,,17.0,57.0,73.0,47.0,59.2,57.69,False,False,,0,,,,61,,,,,,,,,
XAUTUSDT,XAUT,Etabli,37,4551.46,22125661.340023,-0.514,43.7500246627203,-23.54337002191963,,,0.23408180878519308,0.06174244627028099,0.054720406077875955,0.07431963687591489,,4485.911874999999,4799.965625,,0,0,neutre,41,0,0,30,,,36.1,36.0,90.0,78.5,50,57.67,False,False,,0,,,,52,2696587359,3221650782,592398.736688,707747.089,,83.7,,,
TREEUSDT,TREE,Speculative,,0.0695,525754.38968,-2.933,53.28278653690481,-0.0002593281074392453,0.06498599999999999,0.09947349999999996,0.8847038187628444,0.2688311688311688,0.09740259740259731,0.18219096021668316,0.4750727374856386,0.05906944444444443,0.07639722222222223,double_top_90d|uptrend,1,1,mixte,281,0,0,30,,,14.7,57.0,77.5,57.5,40.2,57.63,False,False,,0,,,,57,,,,,,,,,
ALTUSDT,ALT,Mid,498,0.00786,1138667.79852,1.289,58.31077840633274,-1.07687588104407e-05,0.0070758,0.010965050000000002,0.6969893279241789,0.3322332233223323,0.13641364136413656,0.5099340204807367,0.7022286238636154,0.006430555555555554,0.008539722222222223,macd_bearish_cross,0,1,baissier,365,0,0,30,,,31.0,66.0,65.0,68.0,19.9,57.54,False,False,,0,,,,53,48355010,78457707,6163194441.0,10000000000.0,10000000000.0,61.6,,,
AMPUSDT,AMP,Mid,374,0.000873,875391.834048,-0.795,39.90530055942743,7.314334716857487e-06,0.00098898,0.0017310299999999995,0.45371176353944126,0.49970361588618845,0.48310610551274447,1.5644697798323646,0.7399464169563883,0.0008742222222222224,0.001580527777777778,rsi_bullish_divergence,1,0,haussier,365,0,0,30,,,31.0,55.0,71.0,57.5,51.2,57.52,False,False,,0,,,,55,75678280,86962004,86781022996.56946,99720178909.70996,100000000000.0,87.0,,,
ERAUSDT,ERA,Speculative,,0.1346,178515.59757,-0.517,46.70466345657427,-0.0012386893426996927,0.13279199999999997,0.19329900000000008,0.5578282791508267,0.27256317689530685,0.19013237063778576,0.1605145694135287,0.6855983792935751,0.12422777777777777,0.15830833333333336,macd_bearish_cross|support_bounce|uptrend,2,1,haussier,293,0,0,30,,,15.0,57.0,83.5,47.0,29.3,57.48,False,False,,0,,,,56,,,,,,,,,
OSMOUSDT,OSMO,Speculative,,0.0318,293378.302795,0.633,51.014158303152065,-1.4382336560014272e-05,0.031616,0.05599350000000001,0.4790587055184633,0.25063938618925835,0.18414322250639398,0.4741398161218651,0.8486084986845671,0.030394444444444432,0.037652777777777785,,0,0,neutre,365,0,0,30,,,17.0,57.0,75.5,47.0,50,57.45,False,False,,0,,,,59,,,,,,,,,
BIGTIMEUSDT,BIGTIME,Speculative,,0.0136,243187.85459,0.074,53.59094586971305,-5.542286257195935e-06,0.012996200000000003,0.019444049999999997,0.5836000754487934,0.28762949421084705,0.1712370505789154,0.19536577006413433,0.7897349057126057,0.012226666666666665,0.015491944444444445,,0,0,neutre,365,0,0,30,,,17.0,57.0,75.5,47.0,50,57.45,False,False,,0,,,,59,,,,,,,,,
PLUMEUSDT,PLUME,Mid,411,0.01177,1441307.95916,-3.604,50.34024833642789,-0.0001781658609300538,0.011125399999999999,0.021114799999999986,0.9104865396525781,0.3177083333333334,0.14873646209386276,0.26223754731096777,0.5427278982536871,0.009310833333333332,0.013095555555555551,double_top_90d,0,1,baissier,261,0,0,30,,,28.2,57.0,73.0,68.0,32.0,57.41,False,False,,0,,,,54,65215380,117599236,5545561594.0,10000000000.0,10000000000.0,55.5,,,
YGGUSDT,YGG,Speculative,665,0.0437,710241.021309,-0.659,60.36119439240989,0.00018473258123768857,0.038990399999999995,0.06442490000000002,0.6650708092866988,0.2968684759916492,0.08810020876826725,0.2215106379038463,0.6069673927966731,0.03551194444444445,0.04445722222222223,macd_bullish_cross|uptrend|evening_star_4h,2,1,haussier,365,0,0,30,,,17.0,57.0,77.5,57.5,36.2,57.4,False,False,,0,,,,56,32445552,43651346,743288689.0312867,1000000000.0,1000000000.0,74.3,,,
TKOUSDT,TKO,Speculative,,0.0632,308717.92351,0.158,54.96523373258356,-0.00017138509730104745,0.057546,0.07991899999999996,0.6854617734884642,0.23647604327666144,0.06932153392330377,0.3992748269123953,0.7258557029654533,0.051436111111111106,0.06485555555555556,downtrend,0,1,baissier,365,0,0,30,,,17.0,57.0,81.5,47.0,32.5,57.39,False,False,,0,,,,56,,,,,,,,,
SCRTUSDT,SCRT,Speculative,615,0.1063,304761.19446,-4.32,55.572615756406975,-0.0008881715185002567,0.092116,0.11814599999999995,0.9690569891942072,0.30506822612085766,0.07248908296943232,0.15188403482798765,0.7173957439514751,0.07460833333333333,0.10853888888888887,double_bottom_90d|uptrend,2,0,haussier,365,0,0,30,,,17.0,57.0,69.5,47.0,66.2,57.38,False,False,,0,,,,62,36014279,37613777,339243174.126252,354309948.829877,,95.7,,,
GLMUSDT,GLM,Mid,239,0.1372,260144.15571,-1.224,53.460778302958914,0.00014688913728297978,0.13176000000000004,0.18587200000000006,0.5088459321896323,0.38891662506240643,0.3145282076884673,0.3572325281634148,0.7359092772191818,0.1251111111111111,0.18539444444444445,,0,0,neutre,365,0,0,30,,,31.0,57.0,71.0,47.0,50,57.36,False,False,,0,,,,58,137045342,137045342,1000000000.0,1000000000.0,,100.0,,,
BROCCOLI714USDT,BROCCOLI714,Speculative,,0.01829,4533794.33167,-4.491,58.07632214300555,0.0001045737341281818,0.014402200000000002,0.01629380000000001,1.995108134223927,0.23778501628664497,0.14692164179104478,0.4233167355863328,0.4339509586792895,0.0120275,0.017501666666666672,double_bottom_90d|uptrend,2,0,haussier,365,0,0,30,,,17.0,57.0,64.0,68.0,66.2,57.36,False,False,,0,,,,61,,,,,,,,,
APTUSDT,APT,Etabli,79,0.975,7808377.14747,-1.714,53.50231823727775,0.00018635376471187737,0.93958,1.6207500000000004,0.6817731265098795,0.2879719051799824,0.14486391571553997,0.2830285686493814,0.7165922337419027,0.8457499999999999,1.055777777777778,double_top_90d,0,1,baissier,365,0,0,30,,,45.0,57.0,65.0,78.5,32.0,57.34,False,False,,0,,,,53,786617404,1171528965,807213092.8074055,1202202639.52301,2100000000.0,67.1,,,
ZECUSDT,ZEC,Etabli,18,418.6,135311640.45811,1.385,71.24291840780157,5.851624286730541,303.6892,359.2548999999999,1.1664216947836212,0.39030044510385753,0.009818534554143976,0.3008551254007174,0.6804212605590686,210.4244444444444,371.626388888889,macd_bullish_cross,1,0,haussier,365,0,0,30,,,45.0,48.0,67.0,78.5,59.2,57.28,False,False,,0,🔥 Trending #8 sur CoinGecko,8,,54,6960525663,6960525663,16688225.1655448,16688225.1655448,21000000.0,100.0,,,
PYTHUSDT,PYTH,Mid,153,0.0494,878281.93402,0.203,56.90648417807265,-7.091195440961243e-06,0.044336000000000014,0.06283100000000001,0.8712295700715037,0.3619210977701544,0.15265866209262433,0.248281728031236,0.7391430933866193,0.03943611111111112,0.053552777777777776,uptrend|doji_4h,1,0,haussier,365,0,0,30,,,31.0,57.0,65.0,57.5,58.2,57.25,False,False,,0,,,,59,283572913,493171819,5749982103.695802,10000000000.0,10000000000.0,57.5,,,
ZKCUSDT,ZKC,Speculative,,0.0761,491848.36823,1.874,53.181244880190896,0.00014735980090972332,0.07330599999999998,0.11753800000000006,0.6477668451029335,0.3503937007874015,0.2529527559055118,0.46736284644876025,0.6656477592351835,0.06950833333333334,0.09506944444444446,uptrend,1,0,haussier,233,0,0,30,,,13.4,57.0,73.0,47.0,58.2,57.25,False,False,,0,,,,61,,,,,,,,,
KGSTUSDT,KGST,Speculative,,0.01143,120825.62767,0.175,52.90214412778719,2.2894116233314516e-06,0.011411600000000001,,0.04742220344287727,0.009615384615384678,0.0017467248908297746,0.4039026881436747,0.166463084404963,0.011346666666666663,0.011457222222222225,support_bounce|resistance_test|doji_4h,1,1,mixte,133,0,0,30,,,10.6,45.0,94.0,47.0,45.9,57.24,False,False,,0,,,,58,,,,,,,,,
AEVOUSDT,AEVO,Speculative,,0.0277,412193.341565,0.0,59.08830407302706,7.881589920245076e-05,0.024834000000000002,0.0366785,0.7232408081364223,0.30363036303630364,0.08250825082508258,0.2100694162647186,0.2541600213469119,0.02247500000000001,0.02876666666666667,uptrend,1,0,haussier,365,0,0,30,,,17.0,57.0,71.5,47.0,58.2,57.12,False,False,,0,,,,61,,,,,,,,,
GTCUSDT,GTC,Speculative,,0.094,254883.6127,-1.053,49.714430808526664,-0.0013253076667027724,0.08746000000000001,0.12385500000000008,1.2005355884407825,0.3211009174311927,0.19827586206896555,0.6858204427483287,0.4215174485240182,0.07680555555555559,0.10958333333333338,,0,0,neutre,365,0,0,30,,,17.0,66.0,62.5,47.0,50,57.1,False,False,,0,,,,60,,,,,,,,,
PENDLEUSDT,PENDLE,Mid,148,1.851,28222420.6738,9.268,75.84584462357931,0.05409391337997996,1.2517399999999996,1.8443750000000005,1.2051605298134564,0.26415094339622636,0.02065677966101691,1.0335317245413465,0.7360941731456946,1.0665277777777775,1.4571111111111106,uptrend,1,0,haussier,365,0,0,30,,,31.0,57.0,59.0,78.5,58.2,57.07,False,False,,0,,,,48,313845524,520719088,169680988.701528,281527448.4585314,,60.3,,,
FLOWUSDT,FLOW,Mid,408,0.03966,1190156.2623421,-4.778,52.86152025722262,-2.7855069364002413e-05,0.03465359999999999,0.11503894999999993,0.8553873218005663,0.5625958883092973,0.3918379871126112,0.5437167953269615,0.4185720768521808,0.03025666666666667,0.049503611111111095,macd_bearish_cross|uptrend,1,1,mixte,365,0,0,30,,,31.0,66.0,59.5,68.0,28.1,56.74,False,False,,0,,,,54,65653052,65653052,1658825264.428117,1658825264.428117,,100.0,,,
MANTAUSDT,MANTA,Speculative,680,0.06736,421815.914769,-1.376,53.04353874146346,0.000185994235021149,0.06503900000000001,0.08136239999999996,0.6626211582588156,0.27144592952612395,0.18092345078979344,0.18504968235795363,0.5762369204762126,0.061193888888888895,0.07627916666666666,doji_4h,0,0,neutre,365,0,0,30,,,17.0,57.0,73.0,47.0,50,56.68,False,False,,0,,,,59,31503846,67529473,466519942.1098628,1000000000.0,1000000000.0,46.7,,,
HFTUSDT,HFT,Speculative,,0.0145,333104.35926,-1.361,50.33664866044446,-6.755967839888036e-05,0.014035999999999995,0.0257415,0.7409863894456072,0.38947368421052636,0.23684210526315783,0.2915583145531265,0.48132045731626805,0.012916666666666667,0.01803055555555556,,0,0,neutre,365,0,0,30,,,17.0,57.0,73.0,47.0,50,56.68,False,False,,0,,,,59,,,,,,,,,
IOSTUSDT,IOST,Speculative,626,0.001076,213308.146421,0.938,47.36027508743291,-1.687935157765672e-06,0.0010916199999999997,0.0015294550000000003,0.3556785596105369,0.22831050228310512,0.1818873668188737,0.7654693360063276,0.8465169519436382,0.0010521388888888887,0.0012568888888888888,,0,0,neutre,365,0,0,30,,,17.0,46.0,87.5,47.0,50,56.68,False,False,,0,,,,58,35304788,35304788,32830498608.0,32830498608.0,90000000000.0,100.0,,,
FLUXUSDT,FLUX,Speculative,740,0.0675,203892.907549,-2.738,55.39137458881754,-0.00044258882706102063,0.058904000000000005,0.09108549999999996,0.8751683406692391,0.4082156611039794,0.13478818998716297,0.17351292932776094,0.5661667467838654,0.05082500000000001,0.07332777777777777,,0,0,neutre,365,0,0,30,,,17.0,57.0,73.0,47.0,50,56.68,False,False,,0,,,,59,27552517,27558713,408544946.4991484,408636814.4991484,440000000.0,100.0,,,
SOLUSDT,SOL,Etabli,7,84.68,224592473.87157,-0.118,49.62302265221118,-0.107719240111459,85.15860000000002,116.30290000000002,0.4895680838777443,0.17941787941787946,0.1197505197505197,0.261588498159857,0.918408943134268,79.36333333333333,91.32944444444443,double_bottom_90d|uptrend|bearish_engulfing_4h,2,1,haussier,365,0,0,30,,,45.0,37.0,81.5,78.5,53.7,56.67,False,False,,0,🔥 Trending #14 sur CoinGecko,14,,55,48768482083,52945196410,576341387.2686318,625701408.8817173,,92.1,,,
CFXUSDT,CFX,Mid,144,0.06139,1234950.05505,-0.211,56.191233561559145,-3.822912170998766e-05,0.057929600000000005,0.06952979999999997,0.9349402709209353,0.2570999248685199,0.09459858323494685,0.24048577387791584,0.7129705839258749,0.04720833333333332,0.06337055555555557,downtrend,0,1,baissier,365,0,0,30,,,31.0,57.0,69.5,68.0,32.5,56.65,False,False,,0,,,,54,318991918,320005876,5189835932.13,5206332519.72,,99.7,,,
AIUSDT,AI,Speculative,509,0.0224,1201552.36531,-3.448,53.45777612360159,0.00024518045389083866,0.020324,0.035983500000000015,1.8166532879653003,0.29268292682926833,0.11811023622047241,1.0,0.4367780084917464,0.01826666666666667,0.024783333333333334,double_bottom_90d,1,0,haussier,365,0,0,30,,,17.0,66.0,52.0,68.0,58.0,56.41,False,False,,0,,,,60,46220243,354266249,1304675313.0,10000000000.0,10000000000.0,13.0,,,
HBARUSDT,HBAR,Etabli,29,0.08909,6579464.00457,-0.011,49.42238142979493,-8.99775713436448e-05,0.08972979999999998,0.11648415000000006,0.3969002121092068,0.18134565405717581,0.14245836942920392,0.2539505537225986,0.8656916748837754,0.08602055555555554,0.10112333333333334,double_top_90d|support_bounce,1,1,mixte,365,0,0,30,,,45.0,37.0,87.5,78.5,33.2,56.28,False,False,,0,,,,51,3862516502,4452659358,43373141655.06753,50000000000.0,50000000000.0,86.7,,,
DYDXUSDT,DYDX,Mid,249,0.15114,2658185.1225962,4.005,60.65546534414122,-0.0020893157682005323,0.115292,0.17365150000000004,1.23921298570242,0.3118001722652885,0.07463235294117661,0.299886659786556,0.6128633450162593,0.08504166666666667,0.15125444444444444,macd_bearish_cross|double_bottom_90d|uptrend,2,1,haussier,365,0,0,30,,,31.0,57.0,67.0,68.0,36.1,56.27,False,False,,0,,,,54,126940985,144943642,839312234.8070294,958342751.0,1000000000.0,87.6,,,
CGPTUSDT,CGPT,Speculative,,0.0281,509776.274362,-1.056,65.25968039500022,0.00023333675119029378,0.0220316,0.030741199999999996,0.7230814693098446,0.2768000000000001,0.04175222450376451,0.4296532012653608,0.5931226026185813,0.01880694444444445,0.02618916666666667,uptrend,1,0,haussier,365,0,0,30,,,17.0,48.0,77.5,57.5,58.2,56.15,False,False,,0,,,,56,,,,,,,,,
XLMUSDT,XLM,Etabli,21,0.1589,11024159.6901,-0.75,43.50806910972849,-0.0013288140269811762,0.16474399999999995,0.20773649999999994,0.5136055312790087,0.15332581736189405,0.11278615298715798,0.7044442463636998,0.8500947671813937,0.15106111111111106,0.17553055555555558,double_top_90d,0,1,baissier,365,0,0,30,,,45.0,37.0,87.5,78.5,32.0,56.14,False,False,,0,,,,48,5310313193,7940060163,33441201077.85813,50001786868.73495,,66.9,,,
NILUSDT,NIL,Speculative,,0.03995,543635.692909,-5.667,50.60862570180949,9.474103129203295e-06,0.0385778,0.08645645,0.956167769744158,0.4774624373956594,0.3348914858096828,0.23382733810165562,0.5712056460418755,0.03346722222222222,0.05641111111111111,,0,0,neutre,365,0,0,30,,,17.0,57.0,68.5,57.5,50,56.13,False,False,,0,,,,58,,,,,,,,,
QIUSDT,QI,Speculative,,0.00186,222139.38012,3.333,61.89174306813974,1.7092464216023686e-05,0.0015733999999999995,0.00286705,0.8715296884421069,0.4112554112554112,0.1991341991341991,0.4058700734818061,0.7122869672183546,0.0014186111111111114,0.002211944444444444,macd_bullish_cross|uptrend|doji_4h,2,0,haussier,365,0,0,30,,,17.0,57.0,65.0,47.0,67.4,56.12,False,False,,0,,,,62,,,,,,,,,
CTSIUSDT,CTSI,Speculative,695,0.0334,628004.4626,-0.269,51.47710698820464,-0.00025861078483522073,0.03066119999999999,0.0344511,1.356858780023164,0.30408115121490914,0.21420146260910589,0.5038925451100938,0.19458878715872524,0.022971666666666675,0.037950555555555564,,0,0,neutre,365,0,0,30,,,17.0,66.0,56.5,57.5,50,56.09,False,False,,0,,,,59,30418389,33338844,912400831.7900137,1000000000.0,1000000000.0,91.2,,,
OPENUSDT,OPEN,Speculative,524,0.2075,2695423.33459,0.63,45.62662916754417,-0.006911092504014726,0.195472,0.2039790000000002,1.175774932463704,0.2836468885672937,0.2471056439942112,0.7937732837757574,0.3919015636468232,0.14577222222222222,0.23839722222222226,macd_bearish_cross|uptrend|doji_4h,1,1,mixte,240,0,0,30,,,13.6,66.0,62.5,68.0,28.1,56.06,False,False,,0,,,,55,44731095,207568885,215500000.0,1000000000.0,1000000000.0,21.6,,,
QTUMUSDT,QTUM,Mid,309,0.893,229088.5253,0.904,49.41927772937527,-0.0014193945242577024,0.8964800000000005,1.2491399999999997,0.44174507955574327,0.2195121951219511,0.12975609756097553,0.7665432068739078,0.7812622869257283,0.8448888888888888,0.9811944444444445,downtrend,0,1,baissier,365,0,0,30,,,31.0,46.0,87.5,47.0,32.5,56.05,False,False,,0,,,,54,94476588,96084572,106017988.5,107822406.0,,98.3,,,
DEXEUSDT,DEXE,Mid,109,10.352,1362209.83784,2.111,44.68921686026904,-0.5411708318223527,9.738259999999999,5.450995000000001,1.4580813131882486,0.3166955825437075,0.3122914720405713,0.12310672907317295,0.23967513662140483,2.2458055555555556,12.89402777777778,,0,0,neutre,365,0,0,30,,,31.0,64.0,52.0,68.0,50,56.01,False,False,,0,,,,55,481825671,994597896,46750946.82541338,96504599.33609451,,48.4,,,
MOVRUSDT,MOVR,Speculative,,2.182,2178501.712082,-10.61,53.440906985589415,-0.03318379656871406,1.59202,2.27492,3.40890098034039,0.4318026045236464,0.24982864976010968,1.4098748743235727,0.30798690274341706,1.1154166666666663,2.406972222222222,macd_bearish_cross|doji_4h,0,1,baissier,365,0,0,30,,,17.0,75.0,52.0,68.0,19.9,55.89,False,False,,0,,,,54,,,,,,,,,
REQUSDT,REQ,Mid,478,0.0701,113703.8795,-0.567,46.647402592425834,-0.0009862746396061513,0.06997400000000001,0.09257750000000002,1.4661299609777316,0.3059177532597793,0.2968906720160482,0.23108246130017573,0.39780199339611055,0.06284444444444443,0.08463611111111112,uptrend,1,0,haussier,365,0,0,30,,,31.0,57.0,62.5,47.0,58.2,55.63,False,False,,0,,,,59,52218191,70117361,744291192.2591633,999416740.9347086,1000000000.0,74.5,,,
GIGGLEUSDT,GIGGLE,Speculative,613,36.3,38197471.93509,-0.901,54.71011707758532,-0.12777046119985602,30.064599999999995,,2.2060002877313933,0.4041054538136446,0.2686657275105654,1.1902366500785007,0.5356980528595624,23.672222222222224,38.089444444444446,uptrend,1,0,haussier,193,0,0,30,,,12.3,63.0,52.0,78.5,58.2,55.62,False,False,,0,,,,59,36149404,36149404,1000000.0,1000000.0,1000000.0,100.0,,,
SANDUSDT,SAND,Mid,182,0.0744,2958160.5388,1.224,45.626678823611435,-0.00045144889524453163,0.07765800000000002,0.11904799999999996,0.6334290271239649,0.22065217391304345,0.19239130434782603,0.8151259484194283,0.8340235651808473,0.07349722222222223,0.08882777777777778,double_top_90d|support_bounce|uptrend,2,1,haussier,365,0,0,30,,,31.0,46.0,77.0,68.0,41.5,55.47,False,False,,0,,,,54,198472541,223229494,2667289212.2233224,3000000000.0,3000000000.0,88.9,,,
CUSDT,C,Speculative,,0.0827,1088322.43725,3.117,56.76857106952129,-0.000211653200348709,0.07264200000000001,0.07698000000000003,1.057767718185675,0.3746736292428199,0.07278835386338192,0.1783485485204592,0.1334416089568611,0.048902777777777774,0.0860055555555555,uptrend,1,0,haussier,292,0,0,30,,,15.0,57.0,61.0,68.0,58.2,55.37,False,False,,0,,,,59,,,,,,,,,
MAGICUSDT,MAGIC,Speculative,,0.0658,463832.18496,-0.152,53.85429985439535,-0.00023087887812174275,0.062198,0.08785600000000005,0.6826694767024489,0.27473958333333326,0.14322916666666663,0.09027957245062623,0.6726430807210337,0.05752222222222222,0.07209722222222223,bearish_engulfing_4h,0,1,baissier,365,0,0,30,,,17.0,57.0,73.0,47.0,37.5,55.31,False,False,,0,,,,56,,,,,,,,,
DOGSUSDT,DOGS,Speculative,616,7.03e-05,45523336.7285132,111.747,89.60743541293397,2.515784982400163e-06,3.0618e-05,3.8921499999999997e-05,2.4061466117979613,0.29378531073446323,0.0,50.28884992298181,0.3745279955622002,2.5930555555555546e-05,3.5527777777777785e-05,breakout_30d|macd_bullish_cross|doji_4h,2,0,haussier,365,0,0,30,,,17.0,57.0,56.5,78.5,60.5,55.24,False,False,,9,🔥 Trending #2 sur CoinGecko|⚡ Volume ×50.3 vs médiane,2,50.29,62,34257031,36461281,516750000000.0,550000000000.0,550000000000.0,94.0,,,
ATAUSDT,ATA,Speculative,,0.0104,101879.0793,0.971,54.3416959184031,1.648136600077066e-05,0.009699999999999997,0.0162605,0.7606818893309794,0.38805970149253727,0.23134328358208958,0.20241715041763397,0.6170934924241971,0.008819444444444442,0.012722222222222223,macd_bullish_cross|uptrend|evening_star_4h,2,1,haussier,365,0,0,30,,,17.0,57.0,73.0,47.0,36.2,55.16,False,False,,0,,,,55,,,,,,,,,
HUMAUSDT,HUMA,Speculative,595,0.0216,789910.39953,-1.008,53.780208817349695,-0.0003718095082088978,0.018348400000000004,0.02191135000000001,1.2714960895464233,0.3833253473885961,0.23779416930101857,0.0664916811588011,0.3454892874079941,0.012418333333333335,0.0228275,uptrend,1,0,haussier,345,0,0,30,,,16.5,57.0,62.5,57.5,58.2,55.13,False,False,,0,,,,59,37587504,216850986,1733333333.0,10000000000.0,10000000000.0,17.3,,,
GMTUSDT,GMT,Speculative,653,0.01081,637081.6787,-0.092,46.17474076430506,-0.0001308660459550735,0.0107978,0.015469400000000008,0.6592365189991829,0.28072837632776937,0.17981790591805769,0.49792783830134507,0.7317972090418275,0.010066666666666666,0.012532499999999997,,0,0,neutre,365,0,0,30,,,17.0,57.0,65.0,57.5,50,55.04,False,False,,0,,,,58,33656582,54884761,3111400155.0,5073850155.102167,6000000000.0,61.3,,,
SOPHUSDT,SOPH,Speculative,732,0.00871,260216.89332,-1.471,48.67133977084034,-2.189629200009667e-05,0.008697400000000001,0.013223099999999995,0.49519794834336395,0.2158760890609875,0.15876089060987422,0.32263846436010707,0.6951413307447087,0.008240277777777777,0.010114722222222225,uptrend|bearish_engulfing_4h,1,1,mixte,343,0,0,30,,,16.4,37.0,95.5,47.0,45.7,54.96,False,False,,0,,,,55,28062249,86952524,3227306968.0,10000000000.0,10000000000.0,32.3,,,
GPSUSDT,GPS,Speculative,620,0.00811,918206.438386,2.27,49.87946324069318,-3.280951193114113e-05,0.0080918,0.007615349999999997,1.1802948977447059,0.5336963921034718,0.4486044928522805,0.47035403326560643,0.0253853666986533,0.0075091666666666675,0.012390555555555556,,0,0,neutre,365,0,0,30,,,17.0,73.0,43.0,57.5,50,54.76,False,False,,0,,,,59,35726228,81028392,4409100001.78,10000000000.0,10000000000.0,44.1,,,
AWEUSDT,AWE,Mid,279,0.05653,311039.54845,-0.177,56.43647577208864,0.0001179548449142683,0.052285200000000004,0.05833715,0.5201197198287434,0.5285771785067418,0.43097202656470107,0.24882446217765683,0.2916263948166333,0.0487988888888889,0.08030416666666666,uptrend|bearish_engulfing_4h,1,1,mixte,350,0,0,30,,,30.6,57.0,64.0,47.0,45.7,54.69,False,False,,0,,,,56,109768149,109768149,1942420283.0270672,1942420283.0270672,2000000000.0,100.0,,,
WUSDT,W,Mid,359,0.0136,4283943.98953,2.256,52.39231007112712,0.00018669172952110602,0.013977999999999999,0.03187400000000001,0.8635395807952506,0.44392523364485975,0.3644859813084112,0.6602786042528153,0.6729353027083049,0.012472222222222225,0.020294444444444452,uptrend,1,0,haussier,365,0,0,30,,,31.0,46.0,68.5,68.0,58.2,54.68,False,False,,0,,,,57,79548623,136854265,5812652067.0,10000000000.0,10000000000.0,58.1,,,
DOTUSDT,DOT,Etabli,43,1.259,7051634.65623,1.696,50.6655724352454,0.0038925560644568723,1.2934,1.8673149999999992,0.6271892125123077,0.29825616355983164,0.24413710162357194,0.33386860889394265,0.631278889638536,1.2069722222222223,1.5632777777777778,macd_bullish_cross,1,0,haussier,365,0,0,30,,,45.0,37.0,73.0,78.5,59.2,54.65,False,False,,0,,,,55,2117323121,2117323121,1682367737.35879,1682367737.35879,2100000000.0,100.0,,,
TRUMPUSDT,TRUMP,Etabli,98,2.396,14955957.705366,2.612,35.62638505610704,-0.019950865346337915,2.88012,4.612034999999999,0.6422770302514442,0.4288537549407115,0.4090909090909091,1.3132942031298651,0.528722957727448,2.5679999999999996,3.6948888888888893,shooting_star_4h,0,1,baissier,365,0,0,30,,,45.0,46.0,68.5,78.5,37.5,54.54,False,False,,0,,,,49,555052009,2387332715,232498807.465716,1000000000.0,1000000000.0,23.2,,,
ENJUSDT,ENJ,Mid,302,0.05075,1617205.798244,-2.834,48.81653246814998,-0.0024602202294058215,0.03984659999999999,0.03247650000000002,2.530319366176354,0.43574610244988865,0.43574610244988865,0.3716898284372771,0.1732137546325736,0.01850583333333333,0.06459222222222222,downtrend,0,1,baissier,365,0,0,30,,,31.0,73.0,41.5,68.0,32.5,54.51,False,False,,0,,,,54,99426961,100716315,1961397739.251963,1986832854.111354,,98.7,,,
BICOUSDT,BICO,Speculative,,0.0244,338672.770932,-1.215,47.867518006059385,-0.0003598372093887015,0.023822,0.03832900000000001,1.1198773248485296,0.308550185873606,0.19,0.41632471222408374,0.5749088748632837,0.020122222222222222,0.026894444444444443,rsi_bullish_divergence|uptrend,2,0,haussier,365,0,0,30,,,17.0,57.0,62.5,47.0,59.5,54.47,False,False,,0,,,,59,,,,,,,,,
NEARUSDT,NEAR,Etabli,52,1.272,18704581.156,-0.313,40.59151542890658,-0.016353019002869187,1.3126599999999997,1.5658849999999989,0.4749340836588658,0.2201342281879195,0.14697986577181213,0.2934714691072394,0.7519684590798982,1.008,1.4158611111111108,,0,0,neutre,365,0,0,30,,,45.0,28.0,87.5,78.5,50,54.45,False,False,,0,,,,49,1647941908,1647941951,1294677978.0,1294678012.0,,100.0,,,
API3USDT,API3,Mid,477,0.3667,740441.431787,-1.61,58.52030003696903,0.0009363565503667827,0.30612,0.4188180000000002,1.089623545422078,0.2549744172825469,0.05394940629839966,0.28534212349825394,0.5236558806430691,0.26935833333333337,0.3761027777777778,uptrend|evening_star_4h,1,1,mixte,365,0,0,30,,,31.0,57.0,67.0,57.5,27.0,54.43,False,False,,0,,,,52,52410831,61354997,143059227.6192939,167472989.108603,,85.4,,,
COWUSDT,COW,Mid,283,0.1918,297122.91525,1.267,48.20649061013681,0.0011935535707307179,0.20306200000000008,0.2075289999999999,0.5569379856762027,0.27590361445783135,0.22690763052208834,0.11803957836676264,0.6307110668095293,0.17672777777777773,0.2413472222222222,macd_bullish_cross|support_bounce|doji_4h,2,0,haussier,365,0,0,30,,,31.0,37.0,83.5,47.0,60.5,54.22,False,False,,0,,,,57,107009120,191919558,557572770.6331112,1000000000.0,1000000000.0,55.8,,,
TUSDT,T,Mid,400,0.00603,328602.652569,0.166,46.820647870166574,-1.349582314734913e-05,0.006215399999999999,0.008713999999999996,0.45263717732350356,0.24218750000000006,0.21484375000000006,0.5513994038763063,0.7728429655757594,0.005976111111111112,0.00724611111111111,double_top_90d|support_bounce|downtrend,1,2,baissier,365,0,0,30,,,31.0,46.0,87.5,47.0,15.7,54.21,False,False,,0,,,,50,67414335,67414335,11155000000.0,11155000000.0,,100.0,,,
QNTUSDT,QNT,Etabli,69,67.55,895478.72587,-3.015,36.6251724501862,-0.43665909286326654,72.8254,75.219,0.379993751763957,0.173976803092921,0.1541259092049159,0.2799935682369703,0.6581938096369172,62.61388888888889,76.81444444444443,double_top_90d|uptrend,1,1,mixte,365,0,0,30,,,45.0,28.0,95.5,57.5,40.2,54.17,False,False,,0,,,,48,980973845,985581671,14544176.164081175,14612493.0,14612493.0,99.5,,,
MAVUSDT,MAV,Speculative,,0.01548,926048.80561,0.194,51.859238360367634,-9.195137074482633e-05,0.0146094,0.022775900000000005,0.7470627554484269,0.32805676855895194,0.15665938864628817,0.3876665370207676,0.6283092120808462,0.013166666666666667,0.017099166666666662,evening_star_4h,0,1,baissier,365,0,0,30,,,17.0,57.0,73.0,57.5,18.8,54.09,False,False,,0,,,,51,,,,,,,,,
APEUSDT,APE,Mid,212,0.1621,3385121.531477,-5.811,61.660182396728366,0.0016882116701196458,0.108534,0.19734399999999994,2.293630195627343,0.38575667655786355,0.10552486187845307,0.3722601113482569,0.3782853778157949,0.08608888888888885,0.15676666666666664,uptrend,1,0,haussier,365,0,0,30,,,31.0,57.0,52.0,68.0,58.2,54.06,False,False,,0,,,,57,162200562,162200562,1000000000.0,1000000000.0,1000000000.0,100.0,,,
ARDRUSDT,ARDR,Speculative,545,0.0423,54671.61292,0.931,45.69766710041086,-1.788584830369935e-05,0.043375399999999995,0.05313909999999999,0.3145468665653437,0.16245706203273386,0.14851485148514856,0.4668479428876828,0.8098272176537237,0.04153194444444444,0.04887055555555556,double_bottom_90d|support_bounce,2,0,haussier,365,0,0,30,,,17.0,37.0,87.5,47.0,59.2,54.02,False,False,,0,,,,57,42323211,42323211,998466231.0,998466231.0,,100.0,,,
AXSUSDT,AXS,Mid,169,1.347,2440997.9647,1.891,55.358447715149154,-0.0012028783087412523,1.19078,1.281685,1.3637273555631506,0.3163913595933926,0.14765525982256025,0.3910578426580347,0.4230570402533754,1.0881944444444445,1.47225,macd_bearish_cross|uptrend,1,1,mixte,365,0,0,30,,,31.0,57.0,62.5,68.0,28.1,54.0,False,False,,0,,,,52,232894055,363675066,172905433.4587277,270000000.0,270000000.0,64.0,,,
1000CHEEMSUSDT,1000CHEEMS,Speculative,,0.000634,933730.090195,0.158,63.40866502245029,1.2052111774128838e-06,0.0005055799999999999,0.0008274999999999999,1.0257096756424606,0.273224043715847,0.0,0.259737698823722,0.6084353936170231,0.0004210833333333334,0.0006032499999999998,rsi_bearish_divergence|double_bottom_90d,1,1,mixte,365,0,0,30,,,17.0,57.0,67.0,57.5,34.8,53.99,False,False,,0,,,,54,,,,,,,,,
ALLOUSDT,ALLO,Speculative,,0.1175,1065293.87195,-10.099,52.67512681709251,0.00021641160603010903,0.11186,,0.9771270815486308,0.29582712369597625,0.1261127596439169,0.13653687610872003,0.38157244334236895,0.0796361111111111,0.12950555555555554,uptrend|doji_4h,1,0,haussier,176,0,0,30,,,11.8,45.0,73.0,68.0,58.2,53.89,False,False,,0,,,,57,,,,,,,,,
EIGENUSDT,EIGEN,Mid,244,0.1804,2101003.992419,1.691,51.884192766361004,-0.0003785598389796144,0.17661200000000005,0.3936230000000003,0.9044549152891492,0.34061135371179047,0.21353711790393012,0.17429656002855742,0.7320036466251048,0.16059444444444437,0.2135527777777778,macd_bearish_cross,0,1,baissier,365,0,0,30,,,31.0,57.0,65.0,68.0,19.9,53.87,False,False,,0,,,,50,132770858,327346394,736514626.9695323,1815875944.092629,,40.6,,,
ALICEUSDT,ALICE,Speculative,,0.1501,669992.605857,-0.53,57.39361218253093,-0.0013592502610690659,0.12614,0.17598250000000007,1.1907354248381616,0.31523178807947017,0.08780487804878045,0.4495498689392977,0.27526879024914014,0.10521666666666668,0.1591916666666667,,0,0,neutre,365,0,0,30,,,17.0,57.0,61.0,57.5,50,53.81,False,False,,0,,,,57,,,,,,,,,
FOGOUSDT,FOGO,Mid,388,0.0194,1733005.09831,-0.564,54.591310144022536,0.00014032238834073255,0.018592,,0.6495244759184295,0.4517092598738799,0.35380019913707267,0.297917608303283,0.4032004833220645,0.017190555555555556,0.026598055555555566,macd_bullish_cross,1,0,haussier,111,0,0,30,,,24.0,45.0,68.5,68.0,59.2,53.74,False,False,,0,,,,57,74106097,193965519,3817188296.894342,9991119930.603085,,38.2,,,
LISTAUSDT,LISTA,Speculative,684,0.0857,456527.89876,0.117,50.27240469581053,-0.00010538512999477576,0.085262,0.14474299999999998,0.9563251239435567,0.2810327706057596,0.14995034756703082,0.18203994824047692,0.5799517581904902,0.0792527777777778,0.0976,evening_star_4h,0,1,baissier,365,0,0,30,,,17.0,57.0,73.0,47.0,18.8,53.25,False,False,,0,,,,51,31136124,68147325,363499877.9454923,795588564.255041,1000000000.0,45.7,,,
HIGHUSDT,HIGH,Speculative,,0.209,1237556.143791,-5.0,52.51140619171037,-0.005410700681682774,0.16741999999999999,0.2030599999999999,3.1656338896819425,0.33757961783439494,0.33439490445859876,0.7321564672218233,0.25892386492917646,0.12238888888888891,0.253,uptrend,1,0,haussier,365,0,0,30,,,17.0,66.0,41.5,68.0,58.2,53.19,False,False,,0,,,,58,,,,,,,,,
METUSDT,MET,Mid,313,0.1693,822466.68053,2.173,58.85692460951355,0.000703300480737027,0.14764999999999998,,1.0915552498442764,0.44705882352941173,0.2610021786492375,0.3245146809610578,0.5706335525221324,0.13316666666666666,0.21713611111111109,macd_bullish_cross|uptrend|bullish_engulfing_4h,3,0,haussier,174,0,0,30,,,25.8,45.0,62.5,57.5,74.9,52.93,False,False,,0,,,,59,92328427,168695668,546067554.793291,997734221.460546,1000000000.0,54.7,,,
BNSOLUSDT,BNSOL,Speculative,,94.1,414679.0246,0.0,50.07536098853309,-0.12496279981379932,94.23199999999999,126.96800000000003,0.499910302142439,0.17813383600376995,0.1140433553251649,0.22277151186688712,0.9177578777982353,87.43611111111113,100.55277777777778,double_bottom_90d|uptrend,2,0,haussier,365,0,0,30,,,17.0,37.0,81.5,47.0,66.2,52.93,False,False,,0,,,,58,,,,,,,,,
ASRUSDT,ASR,Speculative,,1.242,165414.5694,-0.799,44.78085313662816,-0.0055573134354838195,1.2673199999999998,1.4090600000000009,0.40482607146161087,0.19387075283144567,0.17255163224516984,0.0844992929905685,0.5540416560241702,1.221972222222222,1.4348055555555557,support_bounce|uptrend,2,0,haussier,365,0,0,30,,,17.0,28.0,95.5,47.0,59.5,52.85,False,False,,0,,,,53,,,,,,,,,
FETUSDT,FET,Mid,110,0.2087,10219237.20333,0.53,47.99015054547577,0.0002708333231649547,0.223728,0.22674350000000004,0.6865528523924025,0.24711316397228633,0.1966897613548883,0.3382053266345196,0.7361473742927905,0.15008055555555555,0.24554999999999996,macd_bullish_cross|downtrend,1,1,mixte,365,0,0,30,,,31.0,37.0,77.0,78.5,41.7,52.66,False,False,,0,,,,51,471107972,566118798,2258833666.9243417,2714384546.672,2714384546.672,83.2,,,
MEUSDT,ME,Mid,466,0.1054,331466.225052,1.152,48.22251091453339,-0.0003405560634616447,0.10560399999999999,0.21806400000000004,0.578834040271521,0.4660408614025401,0.41910546659304254,0.2412055543708592,0.5695082361252567,0.10034722222222221,0.14481666666666668,uptrend,1,0,haussier,365,0,0,30,,,31.0,37.0,79.0,47.0,58.2,52.58,False,False,,0,,,,56,54124802,105278466,514106251.412432,999991057.463297,1000000000.0,51.4,,,
KMNOUSDT,KMNO,Mid,315,0.02024,855045.91567,0.0,48.76538043201876,-2.0458089388010285e-05,0.019960199999999997,0.04069880000000001,0.9662044143042503,0.4871716554673183,0.382101405009163,0.29123093480875073,0.7118716201236666,0.01793444444444444,0.02933555555555556,macd_bearish_cross|uptrend,1,1,mixte,365,0,0,30,,,31.0,57.0,60.5,57.5,28.1,52.54,False,False,,0,,,,52,91602295,202205605,4530137235.25,9999958338.87602,10000000000.0,45.3,,,
DYMUSDT,DYM,Speculative,,0.0202,2526586.65342,4.663,51.49737459222462,0.0005133375748408164,0.022328000000000004,0.05786250000000002,1.0734700450144543,0.6852886405959032,0.6256983240223464,2.1183641310798267,0.4378817589380945,0.017947222222222222,0.045205555555555554,,0,0,neutre,365,0,0,30,,,17.0,64.0,44.5,68.0,50,52.4,False,False,,0,,,,60,,,,,,,,,
PONDUSDT,POND,Speculative,,0.00213,206232.14384,-0.467,38.81108574178083,-3.8316998787548826e-05,0.002283,0.0035277,0.7040166165843988,0.2481751824817517,0.2262773722627737,0.5570710343645884,0.6988919327843564,0.0021438888888888888,0.002641111111111111,support_bounce,1,0,haussier,365,0,0,30,,,17.0,37.0,85.0,47.0,51.2,52.37,False,False,,0,,,,52,,,,,,,,,
MANAUSDT,MANA,Mid,200,0.089,574867.7987,-0.336,46.66957504772182,-0.0006364433880317064,0.08899599999999999,0.13345150000000003,0.5518781489485025,0.25994449583718776,0.17761332099907487,0.3324613680352403,0.8187126161830756,0.0843861111111111,0.102125,uptrend,1,0,haussier,365,0,0,30,,,31.0,37.0,75.5,57.5,58.2,52.34,False,False,,0,,,,55,172357941,195340029,1935148032.8807714,2193179327.320146,,88.2,,,
CHRUSDT,CHR,Speculative,,0.02622,1085987.67328,3.883,64.57193600631157,0.00033010678119590694,0.018831999999999998,0.038255999999999984,1.2268486580585904,0.5389830508474576,0.10610169491525416,0.47367938600375403,0.48651367458299005,0.01493888888888889,0.02698888888888888,,0,0,neutre,365,0,0,30,,,17.0,57.0,53.5,68.0,50,52.33,False,False,,0,,,,56,,,,,,,,,
MIRAUSDT,MIRA,Speculative,,0.0807,224046.79502,-1.345,45.35436812770481,-0.0006937247346726421,0.08124,0.13241950000000002,0.599628715544068,0.31514581373471307,0.24270931326434622,0.10202822265479156,0.5967092536391908,0.07654444444444447,0.09765833333333333,uptrend,1,0,haussier,222,0,0,30,,,13.1,37.0,83.5,47.0,58.2,52.31,False,False,,0,,,,56,,,,,,,,,
IOTAUSDT,IOTA,Mid,166,0.0563,1205858.515,1.808,48.32655041059545,-2.636419510866465e-05,0.057704000000000005,0.087393,0.4843694177420777,0.2724795640326976,0.23297002724795643,0.3339212206423893,0.7457619676810033,0.054994444444444464,0.07035833333333331,,0,0,neutre,365,0,0,30,,,31.0,37.0,75.5,68.0,50,52.27,False,False,,0,,,,53,249174738,274964919,4422170364.0,4879875571.0,,90.6,,,
LUMIAUSDT,LUMIA,Speculative,,0.1422,1129168.569702,-8.14,55.346760532247444,-0.0019498493695856052,0.09957600000000001,0.10630050000000005,1.5800585791385826,0.2477501323451562,0.2435150873478031,0.44599872614778596,0.38867348471164814,0.060102777777777776,0.14384999999999998,macd_bearish_cross,0,1,baissier,365,0,0,30,,,17.0,57.0,64.0,68.0,19.9,52.26,False,False,,0,,,,50,,,,,,,,,
BIOUSDT,BIO,Mid,265,0.0546,20847006.13042,-9.151,69.91535267411705,0.0024274210763963544,0.025978000000000005,0.04257749999999997,2.7117391533376205,0.496875,0.10082644628099176,0.818772328418066,0.2898948698373716,0.01721111111111111,0.039450000000000006,,0,0,neutre,365,0,0,30,,,31.0,57.0,46.0,78.5,50,52.14,False,False,,0,,,,51,116545239,180384591,2145029070.25,3320000000.0,3320000000.0,64.6,,,
IDUSDT,ID,Speculative,,0.0325,2252590.9476,4.167,50.955104297923114,0.00029337492155043373,0.033708,0.06132150000000003,0.6468650193402212,0.45683453237410065,0.4172661870503597,3.6033521323019637,0.7568548341733671,0.03075277777777779,0.051088888888888885,downtrend|evening_star_4h,0,2,baissier,365,0,0,30,,,17.0,64.0,60.5,68.0,1.2,51.99,False,False,,2,⚡ Volume ×3.6 vs médiane,,3.6,54,,,,,,,,,
1000SATSUSDT,1000SATS,Speculative,,1.506e-05,646844.91009888,0.333,58.146742540649484,-5.26605118060167e-08,1.25844e-05,1.541609999999999e-05,1.592468504210001,0.2718918918918919,0.1843243243243243,0.2552068501938906,0.5480807527588358,1.0466111111111112e-05,1.5380000000000002e-05,double_bottom_90d,1,0,haussier,365,0,0,30,,,17.0,57.0,52.0,57.5,58.0,51.9,False,False,,0,,,,57,,,,,,,,,
ZKPUSDT,ZKP,Speculative,,0.0863,1133667.70629,-0.346,55.614646524401515,0.0004983088739223423,0.07561,,1.2121737008705982,0.4640258690379952,0.301535974130962,0.5641629173955846,0.337977715940639,0.0692,0.09846666666666665,,0,0,neutre,119,0,0,30,,,10.3,54.0,58.0,68.0,50,51.87,False,False,,0,,,,55,,,,,,,,,
AUDIOUSDT,AUDIO,Speculative,723,0.02021,1038090.811627,0.099,51.33527200260411,-0.0001595038194257951,0.019056,0.027029150000000005,1.763612965233868,0.2512539899680803,0.20338983050847462,0.19973969533437336,0.38753294494157503,0.01696777777777778,0.02326472222222223,,0,0,neutre,365,0,0,30,,,17.0,57.0,52.0,68.0,50,51.86,False,False,,0,,,,55,28631264,28631264,1417793218.0,1417793218.006706,,100.0,,,
SSVUSDT,SSV,Speculative,555,2.831,600824.534317,2.572,55.862850896500404,-0.007396926479296684,2.50266,3.496604999999998,1.0933683439734414,0.3949483352468427,0.1871412169919633,0.4008406529555604,0.6387746093388926,2.210027777777778,3.2527777777777778,macd_bearish_cross|uptrend,1,1,mixte,365,0,0,30,,,17.0,57.0,62.5,57.5,28.1,51.86,False,False,,0,,,,52,41579513,41579513,14699173.1,14699173.1,,100.0,,,
FTTUSDT,FTT,Speculative,,0.2912,353992.620433,-0.137,48.44926740158224,-0.0002647085867835623,0.294678,0.466375,0.5224991055717381,0.2896606156274664,0.2344119968429361,0.3864091713543776,0.6387806477705161,0.27828888888888886,0.35291111111111123,,0,0,neutre,365,0,0,30,,,17.0,37.0,83.5,47.0,50,51.77,False,False,,0,,,,54,,,,,,,,,
IOTXUSDT,IOTX,Speculative,532,0.0046,178485.13301,-0.217,47.05727798880768,-9.085470004595117e-06,0.004741799999999999,0.007124849999999999,0.5268362230583222,0.2789559543230016,0.24959216965742254,0.24590906811632826,0.5552010333440696,0.0044475,0.005750277777777778,doji_4h,0,0,neutre,365,0,0,30,,,17.0,37.0,83.5,47.0,50,51.77,False,False,,0,,,,54,43353204,43353204,9441368550.0,9441368555.0,10000000000.0,100.0,,,
AIXBTUSDT,AIXBT,Speculative,641,0.0345,2225432.76614,4.545,65.61852932033148,0.0005992839022485018,0.026122000000000006,0.035385999999999994,1.3072011228646567,0.272108843537415,0.0028818443804035404,0.3587597120631933,0.5312226987677999,0.019661111111111115,0.030544444444444444,downtrend|bullish_engulfing_4h,1,1,mixte,365,0,0,30,,,17.0,48.0,67.0,68.0,40.0,51.73,False,False,,0,,,,50,34431074,34615978,994658423.1010208,1000000000.0,1000000000.0,99.5,,,
AAVEUSDT,AAVE,Etabli,57,93.44,13799281.40771,0.333,45.439641565616746,0.0025224779116728158,99.08500000000002,146.81070000000003,0.9417574854192955,0.2996024011850004,0.2720043657909099,0.31472939361808844,0.7441538430887569,91.61583333333333,122.81416666666665,macd_bullish_cross|double_bottom_90d|bear_flag,2,1,haussier,365,0,0,30,,,45.0,37.0,65.0,78.5,54.7,51.67,False,False,,0,,,,53,1416021080,1492672254,15178373.704855349,16000000.0,16000000.0,94.9,,,
INITUSDT,INIT,Speculative,,0.0906,352259.36645,0.891,53.39897308625151,-0.00036846097289058117,0.08470399999999996,0.09736000000000006,0.7873238305838332,0.40848389630793397,0.28908091123330715,0.08504645349012936,0.25530772956052816,0.07135,0.10255555555555555,macd_bearish_cross|double_bottom_90d|uptrend|evening_star_4h,2,2,mixte,365,0,0,30,,,17.0,57.0,67.0,47.0,20.9,51.62,False,False,,0,,,,51,,,,,,,,,
STRKUSDT,STRK,Mid,171,0.0389,2640184.480263,-1.768,52.38435005334393,-0.00014733059210306698,0.036378,0.07747000000000007,1.0125939644797919,0.3779069767441861,0.24806201550387594,0.33618989512173686,0.7254550353007294,0.033519444444444435,0.0483861111111111,macd_bearish_cross|uptrend,1,1,mixte,365,0,0,30,,,31.0,57.0,54.5,68.0,28.1,51.52,False,False,,0,,,,51,228644173,387782746,5896192543.348971,10000000000.0,10000000000.0,59.0,,,
LQTYUSDT,LQTY,Speculative,702,0.307,149068.359,0.0,53.38607266208084,-0.0013275780551064795,0.28836,0.37104500000000024,0.6249332065588278,0.26923076923076916,0.1620879120879121,0.10846770095627087,0.5058723827001563,0.266638888888889,0.3284444444444444,macd_bearish_cross|double_top_90d,0,2,baissier,365,0,0,30,,,17.0,57.0,73.0,47.0,1.8,51.39,False,False,,0,,,,47,30131928,30534817,98680558.81703217,100000000.0,100000000.0,98.7,,,
VANRYUSDT,VANRY,Speculative,,0.005308,324223.378791,0.568,49.93115692089781,-8.532442107934503e-06,0.005411360000000001,0.00815073,0.5945443684166237,0.37719409016289945,0.33072357620911735,0.327182935676406,0.5388252552322484,0.004908138888888888,0.006437416666666668,uptrend,1,0,haussier,365,0,0,30,,,17.0,37.0,79.0,47.0,58.2,51.28,False,False,,0,,,,56,,,,,,,,,
DCRUSDT,DCR,Mid,135,19.62,707952.49385,-1.949,46.487100142051546,0.125708669769525,21.0788,22.335049999999995,0.6151687074011287,0.4693341121495327,0.4269859813084112,0.3744557387337592,0.40741303911488697,19.243055555555557,29.85750000000001,macd_bullish_cross|double_bottom_90d,2,0,haussier,365,0,0,30,,,31.0,37.0,68.5,57.5,67.2,51.15,False,False,,0,,,,56,341439832,341465241,17401964.30569758,17403259.31958438,21000000.0,100.0,,,
SAPIENUSDT,SAPIEN,Speculative,,0.1005,1203571.77776,3.822,63.53167685954919,0.00025407934322904495,0.079278,,1.2926814431440177,0.33052631578947367,0.0,0.407451068389048,0.6103575945951497,0.06817777777777777,0.09904444444444443,,0,0,neutre,181,0,0,30,,,12.0,45.0,67.0,68.0,50,51.14,False,False,,0,,,,54,,,,,,,,,
CETUSUSDT,CETUS,Speculative,,0.02811,273777.386909,-1.748,59.55119306183176,-0.00017400760462387256,0.023134600000000005,0.026151649999999985,1.1813278139853696,0.323373676248109,0.08257180156657967,0.08526519069221583,0.5579621652908415,0.015614166666666667,0.02833027777777777,macd_bearish_cross|uptrend|bearish_engulfing_4h,1,2,baissier,365,0,0,30,,,17.0,57.0,67.0,47.0,16.2,51.11,False,False,,0,,,,50,,,,,,,,,
RAREUSDT,RARE,Speculative,,0.0171,267012.54576,0.0,52.43388377694591,-8.679434506852514e-05,0.015901999999999996,0.022082500000000005,2.0298212892485124,0.32682926829268294,0.2803347280334728,0.16021802067014382,0.43345120098614665,0.014430555555555554,0.020269444444444448,uptrend,1,0,haussier,365,0,0,30,,,17.0,57.0,52.0,47.0,58.2,51.09,False,False,,0,,,,57,,,,,,,,,
TNSRUSDT,TNSR,Speculative,,0.0402,724315.9267,0.0,50.751218006162844,8.275591604104397e-05,0.03995600000000001,0.062914,1.557485379417892,0.3634751773049645,0.28723404255319146,0.3294929760327626,0.32967263010741454,0.03741388888888888,0.05321111111111112,,0,0,neutre,365,0,0,30,,,17.0,57.0,52.0,57.5,50,51.02,False,False,,0,,,,55,,,,,,,,,
MMTUSDT,MMT,Speculative,737,0.1356,392565.49894,0.893,56.5609819263927,-0.0004383891868732495,0.12406799999999996,,0.7921092698819716,0.27228749136143743,0.06288873531444365,0.18835517688465234,0.5473603356315555,0.11041944444444445,0.143975,double_top_90d,0,1,baissier,183,0,0,30,,,12.0,45.0,77.5,47.0,32.0,50.74,False,False,,0,,,,52,27596891,135215630,204095424.0,1000000000.0,1000000000.0,20.4,,,
XNOUSDT,XNO,Mid,431,0.462,105773.41184,-0.216,47.1574083350156,-0.004834325553365272,0.4676800000000002,0.6557199999999999,0.7199361722775645,0.28716216216216217,0.2229729729729729,0.2964572681502112,0.49340166779057776,0.4341111111111111,0.5700277777777779,uptrend,1,0,haussier,365,0,0,30,,,31.0,37.0,73.0,47.0,58.2,50.72,False,False,,0,,,,55,60584389,60584389,133248297.0,133248297.0,133248297.0,100.0,,,
TWTUSDT,TWT,Mid,195,0.431,306457.6749,-0.531,52.36286515872435,0.0015263451019937588,0.4324219999999998,0.765935,0.5161104354242246,0.36887959574838813,0.24812685136783408,0.11613906955179058,0.43493955886822283,0.39589166666666675,0.5422000000000001,support_bounce|uptrend|evening_star_4h,2,1,haussier,365,0,0,30,,,31.0,37.0,83.5,47.0,28.2,50.68,False,False,,0,,,,49,179487829,430788126,416649900.0,1000000000.0,,41.7,,,
EULUSDT,EUL,Speculative,642,1.426,998517.73104,0.07,55.32624933288161,-0.013075515582670796,1.11288,2.7310300000000005,1.7194846220619795,0.37670068027210885,0.1442365721182861,0.10693369152471588,0.5754985296395425,0.8161944444444446,1.4424444444444446,,0,0,neutre,205,0,0,30,,,12.6,57.0,52.0,57.5,50,50.61,False,False,,0,,,,55,34224443,38554123,24130150.8184706,27182818.28459,27182818.0,88.8,,,
ZROUSDT,ZRO,Mid,127,1.464,7083035.3156,7.331,40.01817348992454,5.461169113860076e-05,1.82794,1.6595550000000001,0.9850759370216023,0.4085603112840467,0.3666234327712927,0.4606282778056484,0.5602487057104378,1.4526666666666666,2.159305555555555,macd_bullish_cross|double_bottom_90d|downtrend,2,1,haussier,365,0,0,30,,,31.0,36.0,68.5,78.5,49.7,50.5,False,False,,0,,,,49,370041316,1466487901,252331652.6536562,1000000000.0,1000000000.0,25.2,,,
GUSDT,G,Speculative,,0.00369,412046.3148,1.096,48.983009783968356,-8.041863439473552e-06,0.0037679999999999996,0.004615400000000002,0.5098612488164945,0.40940766550522656,0.3588850174216028,0.39371779138409774,0.4663513864082705,0.0033422222222222226,0.004341666666666666,,0,0,neutre,365,0,0,30,,,17.0,37.0,79.0,47.0,50,50.38,False,False,,0,,,,54,,,,,,,,,
ROSEUSDT,ROSE,Mid,362,0.01028,977719.373693,-0.772,46.94398407937062,3.4589051580374104e-06,0.0106792,0.013580199999999992,0.7728057989259027,0.3485162180814354,0.2912353347135956,0.2516184923998686,0.6140144811335069,0.009929166666666668,0.013448888888888892,macd_bullish_cross|bearish_engulfing_4h,1,1,mixte,365,0,0,30,,,31.0,37.0,73.0,57.5,46.7,50.3,False,False,,0,,,,52,77974682,102743846,7589231362.0,10000000000.0,10000000000.0,75.9,,,
AVNTUSDT,AVNT,Speculative,508,0.1458,892134.41299,-0.681,49.73360898696603,-0.0006067553606375477,0.14148400000000003,0.290046,1.2276797971115645,0.4129919393077288,0.3091512565196776,0.2712242259846483,0.6268688858683709,0.13068333333333332,0.19865555555555553,macd_bearish_cross|support_bounce|uptrend,2,1,haussier,233,0,0,30,,,13.4,57.0,58.0,57.5,29.3,50.27,False,False,,0,,,,51,46640563,145682279,320152616.6834205,1000000000.0,1000000000.0,32.0,,,
QUICKUSDT,QUICK,Speculative,,0.00988,230285.95279,4.329,44.15586939176481,-0.00020741998364503383,0.010305600000000002,0.011980900000000006,0.7312231574000139,0.23813559322033898,0.15932203389830507,0.7398485481423575,0.6528777199014348,0.00889722222222222,0.01151888888888889,double_top_90d,0,1,baissier,365,0,0,30,,,17.0,37.0,85.0,47.0,32.0,50.25,False,False,,0,,,,47,,,,,,,,,
PROMUSDT,PROM,Speculative,619,1.966,488913.85804,-1.651,54.15059980491213,-0.061304328111086104,1.4910999999999999,4.837569999999999,1.7875774456258189,0.34986413043478265,0.18550724637681157,0.1524342548906455,0.3654565586457179,1.0029166666666667,2.1825833333333335,,0,0,neutre,365,0,0,30,,,17.0,57.0,52.0,47.0,50,50.18,False,False,,0,,,,55,35908270,37875846,18250000.0,19250000.0,19250000.0,94.8,,,
SXTUSDT,SXT,Speculative,603,0.01409,2779257.773912,-12.102,29.390334246516417,-0.0003068107241105659,0.016525400000000003,0.027494349999999997,0.6235423302232825,0.4100418410041841,0.4100418410041841,2.2626699586630346,0.5196699133801944,0.015677777777777773,0.023027777777777775,breakdown_30d|double_top_90d|uptrend|doji_4h,1,2,baissier,363,0,0,30,,,16.9,46.0,68.5,68.0,27.7,50.03,False,False,,0,,,,56,37001434,71189088,2598813644.2665,5000000000.0,5000000000.0,52.0,,,
MBLUSDT,MBL,Speculative,,0.000933,740889.683628,0.647,46.67022786758896,-2.4152530269375707e-06,0.0009448600000000001,0.0011228800000000001,0.2565695833863856,0.14750957854406135,0.10727969348659006,0.4086253798657632,0.8220610476361546,0.000897888888888889,0.001012,double_top_90d|downtrend,0,2,baissier,365,0,0,30,,,17.0,37.0,87.5,57.5,14.5,49.95,False,False,,0,,,,47,,,,,,,,,
OGUSDT,OG,Speculative,,3.016,703400.0062,-0.232,52.542847001245654,-0.01526164398858948,2.8307800000000003,7.166415000000004,0.8529435544416305,0.5068870523415978,0.40731995277449823,0.16355205731518987,0.3811443637313027,2.5811111111111114,3.9235555555555552,evening_star_4h,0,1,baissier,365,0,0,30,,,17.0,57.0,59.5,57.5,18.8,49.91,False,False,,0,,,,49,,,,,,,,,
PSGUSDT,PSG,Speculative,,0.762,321598.39325,-0.781,38.31875599677291,-0.0073463265461100324,0.8164200000000003,0.8516899999999997,0.42794268161764576,0.20515574650913002,0.17937701396348016,0.4049201855576123,0.5458609121757588,0.6764444444444445,0.8838055555555556,downtrend,0,1,baissier,365,0,0,30,,,17.0,28.0,95.5,47.0,32.5,49.89,False,False,,0,,,,46,,,,,,,,,
KAIAUSDT,KAIA,Mid,159,0.0467,701472.10162,2.412,46.11896509109465,-8.487394172503363e-05,0.04819,0.06529300000000005,0.4454295761450876,0.25577557755775576,0.231023102310231,0.3736358402428466,0.8018670673657321,0.04594999999999999,0.057324999999999994,support_bounce|downtrend,1,1,mixte,365,0,0,30,,,31.0,37.0,75.5,57.5,33.8,49.65,False,False,,0,,,,49,273127601,273127610,5856641747.106198,5856641936.044253,,100.0,,,
HEMIUSDT,HEMI,Speculative,,0.00777,1164709.102595,-0.893,50.2899231906613,-7.169963255310915e-05,0.007397200000000003,0.01676755,1.229968948006857,0.5533279871692061,0.376102646351243,0.2218606940779506,0.33586741090674815,0.006540555555555558,0.010808888888888889,double_top_90d|uptrend,1,1,mixte,225,0,0,30,,,13.2,57.0,49.0,68.0,40.2,49.5,False,False,,0,,,,53,,,,,,,,,
MITOUSDT,MITO,Speculative,,0.05015,863505.695641,-0.437,75.36251021703089,0.0010211312355544165,0.03943599999999999,0.06220669999999994,0.6248440250843725,0.2588209982788296,0.0,0.3222097426751664,0.6012932575765799,0.03579527777777778,0.046903888888888884,rsi_bearish_divergence|double_bottom_90d|resistance_test,1,2,baissier,250,0,0,30,,,13.8,39.0,77.5,57.5,29.4,49.01,False,False,,0,,,,38,,,,,,,,,
WALUSDT,WAL,Mid,206,0.071,311738.72689,0.141,47.13712366709794,-0.00017007317175407686,0.07331599999999999,0.12363149999999995,0.8077732000584694,0.24464487034949264,0.19954904171364157,0.16514989338507893,0.7349329584479687,0.06926944444444445,0.08643055555555554,support_bounce|downtrend,1,1,mixte,208,0,0,30,,,26.7,37.0,77.0,47.0,33.8,48.87,False,False,,0,,,,50,166777058,354907730,2349583333.0,5000000000.0,5000000000.0,47.0,,,
CHZUSDT,CHZ,Mid,117,0.04032,4106135.13369,-0.592,43.73708303142065,-0.0010252230376092818,0.040595799999999994,0.03847085,1.0384300756117522,0.25378346915017463,0.19940357852882698,0.2772872822223548,0.5413285143775443,0.034293333333333335,0.045958055555555564,uptrend,1,0,haussier,365,0,0,30,,,31.0,36.0,62.5,68.0,58.2,48.75,False,False,,0,,,,50,417569168,417569168,10341619469.0,10341619469.0,,100.0,,,
XVSUSDT,XVS,Speculative,531,2.59,213460.3092,-0.385,45.91096651671813,-0.0005603488703885134,2.7051999999999996,3.8065000000000015,0.7112035075101572,0.2711370262390671,0.24489795918367355,0.1344898834320431,0.5178805328714753,2.578888888888889,3.215555555555556,support_bounce|doji_4h,1,0,haussier,365,0,0,30,,,17.0,37.0,73.0,47.0,51.2,48.66,False,False,,0,,,,53,43494811,76906028,16822580.492663402,29745107.9212044,30000000.0,56.6,,,
MLNUSDT,MLN,Speculative,,3.04,90979.65244,-1.935,46.14546551243727,0.007577281004581465,3.1973999999999996,4.56375,0.711207951916517,0.2849740932642487,0.20984455958549225,0.09339991188797377,0.683394249192015,3.008333333333333,3.8119444444444444,,0,0,neutre,365,0,0,30,,,17.0,37.0,73.0,47.0,50,48.52,False,False,,0,,,,53,,,,,,,,,
CFGUSDT,CFG,Mid,245,0.2264,2658403.9597,2.722,55.964866804773266,-0.003391579872363354,0.18933199999999992,,1.2503483655011234,0.2913978494623656,0.14415094339622644,0.11767490262407318,,0.13688999999999996,0.25473500000000004,bullish_engulfing_4h,1,0,haussier,51,0,0,30,,,22.4,45.0,52.5,68.0,57.5,48.44,False,False,,0,,,,54,130656286,153938022,577156141.0,680000000.0,,84.9,,,
MOVEUSDT,MOVE,Mid,410,0.0178,495184.70055,0.565,46.87488815618024,-1.255197172976986e-05,0.018446000000000004,0.034545,0.6191087042832265,0.37174721189591087,0.33828996282527884,0.2492183499762647,0.6986316991325038,0.01733611111111112,0.024841666666666665,,0,0,neutre,365,0,0,30,,,31.0,37.0,68.5,47.0,50,48.43,False,False,,0,,,,52,65291829,177765614,3672916667.0,10000000000.0,10000000000.0,36.7,,,
DOLOUSDT,DOLO,Speculative,,0.03258,393548.681336,-0.397,48.64685526203886,-0.00019088716261446773,0.03301839999999998,0.0446246,0.8522525447878465,0.27600387034349305,0.21407837445573302,0.29422119096396954,0.5111391153627716,0.03090472222222222,0.038766388888888885,,0,0,neutre,252,0,0,30,,,13.9,37.0,73.0,47.0,50,48.23,False,False,,0,,,,53,,,,,,,,,
PARTIUSDT,PARTI,Speculative,,0.0502,6134395.09097,1.619,51.13206309126079,0.0026657256366883026,0.06378599999999998,0.08503350000000001,2.3088299108501436,0.6457765667574932,0.5440508628519528,4.222490097104872,0.07098936244169896,0.04119722222222221,0.10602222222222221,,0,0,neutre,365,0,0,30,,,17.0,64.0,28.0,78.5,50,48.13,False,False,,2,⚡ Volume ×4.2 vs médiane,,4.22,61,,,,,,,,,
PORTALUSDT,PORTAL,Speculative,,0.01151,309689.309942,-0.173,54.050526205719734,-5.779945530356615e-05,0.0103766,0.016957549999999995,1.2959411954693847,0.48717948717948717,0.2621794871794872,0.27614872886838177,0.44021443055712967,0.008763611111111111,0.015252222222222219,macd_bearish_cross|evening_star_4h,0,2,baissier,365,0,0,30,,,17.0,57.0,62.5,47.0,0,47.94,False,False,,0,,,,45,,,,,,,,,
ZAMAUSDT,ZAMA,Mid,415,0.02937,12421897.27978,1.276,56.72115088144982,-6.697939857238386e-05,0.025602,,1.3949382245702726,0.39045698924731187,0.124031007751938,0.44835538153091187,0.1359632834538205,0.019534166666666672,0.030164444444444445,downtrend,0,1,baissier,93,0,0,30,,,23.5,45.0,56.5,78.5,32.5,47.88,False,False,,0,,,,48,64406139,322030697,2200000000.0,11000000000.0,,20.0,,,
DUSDT,D,Speculative,,0.01342,5022635.78254,-5.825,57.87017882642257,0.00012796254173588263,0.009924400000000002,0.012872150000000002,1.9081005452931492,0.602001906577693,0.35795996186844614,0.2916867013247708,0.15049710716981968,0.006078333333333333,0.014180277777777778,uptrend,1,0,haussier,365,0,0,30,,,17.0,57.0,32.5,78.5,58.2,47.57,False,False,,0,,,,54,,,,,,,,,
SCUSDT,SC,Speculative,510,0.000937,91554.680877,0.644,45.54422750230085,-9.77268034818481e-07,0.00096342,0.0013861750000000001,0.3297641980908959,0.2873194221508828,0.24879614767255215,0.3048069365416802,0.8582806939208885,0.000920583333333333,0.0011981111111111112,support_bounce|downtrend,1,1,mixte,365,0,0,30,,,17.0,37.0,75.5,47.0,33.8,47.51,False,False,,0,,,,49,46590183,46590183,49751295000.0225,49751295000.0225,,100.0,,,
SOLVUSDT,SOLV,Speculative,,0.00435,680550.75705,-2.685,51.414266546875076,2.3457349763099115e-05,0.004015599999999999,0.010198900000000002,1.6641859138627828,0.48,0.24347826086956526,0.2103889675463888,0.25587845334073583,0.003373333333333334,0.005413055555555557,downtrend|doji_4h,0,1,baissier,365,0,0,30,,,17.0,57.0,46.0,57.5,32.5,47.24,False,False,,0,,,,50,,,,,,,,,
BREVUSDT,BREV,Speculative,711,0.1179,427125.27082,0.17,44.962531248644645,-0.001209541522346438,0.121338,,0.8618214514333741,0.41324575807334424,0.3557744937055282,0.1999358236506119,0.45775749551186223,0.1122972222222222,0.15345555555555557,uptrend,1,0,haussier,120,0,0,30,,,10.3,36.0,68.5,47.0,58.2,47.0,False,False,,0,,,,51,29448150,117792601,250000000.0,1000000000.0,1000000000.0,25.0,,,
KITEUSDT,KITE,Mid,160,0.1499,2022940.31738,-0.663,49.90265428472653,0.001982856467439993,0.16056,,0.9418959678989659,0.5760399334442595,0.5008319467554077,0.08149445558374002,0.2844366650794494,0.1341138888888889,0.2699972222222223,,0,0,neutre,184,0,0,30,,,26.0,45.0,49.0,68.0,50,46.87,False,False,,0,,,,51,269873910,1499299498,1800000000.0,10000000000.0,10000000000.0,18.0,,,
GLMRUSDT,GLMR,Speculative,,0.0169,443210.18983,-1.744,58.26280298355546,-0.0001287722728738883,0.01305,0.021341999999999993,1.7927243954032068,0.3061224489795918,0.11518324607329847,0.22897753149917421,0.4727151794896489,0.010622222222222224,0.017358333333333333,macd_bearish_cross|doji_4h,0,1,baissier,365,0,0,30,,,17.0,57.0,52.0,47.0,19.9,46.87,False,False,,0,,,,48,,,,,,,,,
PIVXUSDT,PIVX,Speculative,,0.0715,636561.9257,-5.046,43.172507960722925,0.0002379016898263588,0.081254,0.13627100000000006,0.8217719469846066,0.3421052631578947,0.27631578947368424,0.38766380028045766,0.605845242778132,0.07181944444444445,0.09647499999999999,macd_bullish_cross|support_bounce,2,0,haussier,365,0,0,30,,,17.0,28.0,73.0,57.5,60.5,46.84,False,False,,0,,,,50,,,,,,,,,
DGBUSDT,DGB,Mid,392,0.00394,147538.003503,1.809,43.86219372263647,-2.1338844889548384e-05,0.004205199999999999,0.005479199999999998,0.5575832745454942,0.2479508196721311,0.19057377049180316,0.2932499644541559,0.7147158987522478,0.0038122222222222216,0.004712222222222223,double_top_90d|downtrend|doji_4h,0,2,baissier,365,0,0,30,,,31.0,28.0,87.5,47.0,14.5,46.73,False,False,,0,,,,41,71999506,72033904,18263392484.85059,18272117827.44003,21000000000.0,100.0,,,
NFPUSDT,NFP,Speculative,,0.01328,775014.59909,-5.548,43.79984701860064,-0.00021871661176613337,0.014667400000000004,0.023145549999999987,1.718905642116197,0.32540540540540536,0.2854054054054053,1.2760617624007622,0.4673749213920869,0.01328111111111111,0.017925,,0,0,neutre,365,0,0,30,,,17.0,46.0,52.0,57.5,50,46.53,False,False,,0,,,,49,,,,,,,,,
EDUUSDT,EDU,Speculative,632,0.0462,1681788.2125,-0.431,43.737997369520244,0.0006809226432554797,0.05510000000000001,0.1241785,2.3991045230449473,0.7093425605536331,0.6809688581314879,1.733482370125203,0.42958074065337915,0.04512777777777776,0.13266388888888891,uptrend,1,0,haussier,365,0,0,30,,,17.0,55.0,34.0,68.0,58.2,46.38,False,False,,0,,,,51,34948615,46143343,757392361.0,1000000000.0,,75.7,,,
JUVUSDT,JUV,Speculative,,0.489,394600.49339,-1.012,42.047967284728664,-0.0023138344948795946,0.5136400000000002,0.6521999999999999,0.43793319972388556,0.28376327769347504,0.2594840667678301,0.45474158955762456,0.6394023309053394,0.4891111111111111,0.6351388888888889,support_bounce|downtrend|doji_4h,1,1,mixte,365,0,0,30,,,17.0,28.0,83.5,47.0,33.8,46.31,False,False,,0,,,,45,,,,,,,,,
ETHFIUSDT,ETHFI,Mid,133,0.42,2706278.2735,-0.474,42.298277013241105,-0.0007062309376060678,0.46586000000000005,0.6511449999999996,0.7134074670878159,0.29914529914529914,0.28205128205128205,0.3923493416677564,0.6949179305780208,0.42166666666666663,0.5665,downtrend|doji_4h,0,1,baissier,365,0,0,30,,,31.0,28.0,73.0,68.0,32.5,45.9,False,False,,0,,,,43,351573913,419944772,835965183.0,998535999.0,1000000000.0,83.7,,,
PHAUSDT,PHA,Speculative,738,0.033,545705.7145,-0.302,48.25037645228649,0.00010378327872255077,0.035238000000000005,0.03931099999999999,1.0649776778104059,0.3822314049586777,0.3181818181818181,0.1699593233957159,0.44353480888203306,0.024266666666666666,0.04172222222222222,macd_bullish_cross,1,0,haussier,365,0,0,30,,,17.0,37.0,58.0,57.5,59.2,45.73,False,False,,0,,,,53,27622581,32962878,837990565.7199404,1000000000.0,1000000000.0,83.8,,,
CITYUSDT,CITY,Speculative,,0.587,513102.34403,-6.677,39.950241390665205,-0.014616533437894949,0.58826,0.6254499999999996,0.6626534137514661,0.30097087378640774,0.220159151193634,0.23925670407235006,0.43228532047236,0.5103333333333333,0.7037777777777778,,0,0,neutre,365,0,0,30,,,17.0,28.0,73.0,57.5,50,45.69,False,False,,0,,,,47,,,,,,,,,
PIXELUSDT,PIXEL,Speculative,,0.00793,743074.190849,0.38,51.30401408607936,-1.390147352558562e-05,0.0079,0.00933225,1.1531941568532882,0.5665976535541752,0.4527260179434093,0.20052994846558095,0.27967825793423057,0.0050080555555555555,0.010471944444444445,macd_bearish_cross,0,1,baissier,365,0,0,30,,,17.0,57.0,43.0,57.5,19.9,44.92,False,False,,0,,,,47,,,,,,,,,
MANTRAUSDT,MANTRA,Mid,487,0.0101,1567808.13844,-0.394,38.78271447292215,9.312383852768443e-05,0.011181199999999995,,0.548633087291234,0.591098169717138,0.5798668885191348,0.11540666904482272,,0.010134400000000002,0.018052000000000002,,0,0,neutre,63,0,0,30,,,22.7,36.0,55.5,68.0,50,44.91,False,False,,0,,,,47,50385702,72278809,4990052629.590525,7158281880.808106,10000000000.0,69.7,,,
BANKUSDT,BANK,Speculative,,0.0334,157993.10653,-0.299,45.01699179250815,-9.133901914167356e-05,0.03631400000000001,,1.3615203911105436,0.49464285714285716,0.4035714285714286,0.16872587150887963,0.09612423945679312,0.031030555555555544,0.04354722222222224,,0,0,neutre,174,0,0,30,,,11.8,45.0,52.0,47.0,50,44.8,False,False,,0,,,,52,,,,,,,,,
LAZIOUSDT,LAZIO,Speculative,,0.617,347370.48649,-0.963,36.86549843465828,-0.0026858562714234292,0.6687000000000001,0.8731349999999998,0.3854695264483775,0.33881578947368424,0.32565789473684215,0.46848905715241634,0.693970380917629,0.6333611111111113,0.8698055555555554,downtrend,0,1,baissier,365,0,0,30,,,17.0,28.0,79.0,47.0,32.5,44.78,False,False,,0,,,,44,,,,,,,,,
币安人生USDT,币安人生,Mid,122,0.3972,11681801.43423,-1.683,62.01071169981583,-0.008353015520365839,0.20737000000000003,,2.851317672673049,0.6386925795053005,0.17274432173369447,0.07619692103222925,0.24670495700639308,0.048666666666666664,0.39810277777777764,uptrend,1,0,haussier,119,0,0,30,,,24.3,45.0,37.0,78.5,58.2,44.74,False,False,,0,,,,51,396934874,396934874,1000000000.0,1000000000.0,1000000000.0,100.0,,,
0GUSDT,0G,Mid,271,0.536,983210.41317,-0.186,42.97964066589446,-0.004533118884012231,0.5429400000000002,0.8577650000000006,0.6072434631345319,0.3183139534883721,0.22383720930232548,0.1562335769134049,0.4255076914008377,0.4972499999999998,0.6703333333333333,downtrend,0,1,baissier,226,0,0,30,,,27.2,28.0,73.0,57.5,32.5,44.71,False,False,,0,,,,43,114065960,535019270,213199722.0,1000000000.0,,21.3,,,
SAGAUSDT,SAGA,Speculative,,0.01821,1215180.001956,2.707,34.60457565152463,0.00038216995929925106,0.024916999999999998,0.05314975000000005,1.0376191970346653,0.5245810055865922,0.49106145251396643,1.2826576496111168,0.5828893743722231,0.018196388888888887,0.03462777777777778,macd_bullish_cross,1,0,haussier,365,0,0,30,,,17.0,37.0,49.0,68.0,59.2,43.78,False,False,,0,,,,48,,,,,,,,,
THEUSDT,THE,Speculative,,0.1034,1019467.58254,2.376,45.54863316442855,0.0018635734519979342,0.11057399999999999,0.192246,0.6191358164315266,0.6676086188625927,0.6347580360296715,0.24320288653094727,0.06229534736902377,0.0986611111111111,0.2845083333333333,uptrend,1,0,haussier,365,0,0,30,,,17.0,37.0,49.0,68.0,58.2,43.68,False,False,,0,,,,51,,,,,,,,,
XPLUSDT,XPL,Mid,170,0.0916,5250715.15372,0.77,38.46665672726073,-0.0012068883886302015,0.10659199999999996,0.15807199999999993,1.0240114954041635,0.3711852377572747,0.34989354151880764,0.2557516742833315,0.5684442812583029,0.08504444444444444,0.13016388888888886,,0,0,neutre,223,0,0,30,,,27.1,28.0,58.0,78.5,50,43.66,False,False,,0,,,,45,229717076,924423024,2505729166.6667,10083506944.4444,,24.8,,,
PHBUSDT,PHB,Speculative,,0.107,383360.4934,-2.727,48.48239038811069,-0.0004856875623335948,0.1065,0.23333499999999996,1.642398437072471,0.49710982658959535,0.37572254335260113,0.18392928365274797,0.2946003400700448,0.09402777777777777,0.1682777777777778,macd_bearish_cross|doji_4h,0,1,baissier,365,0,0,30,,,17.0,57.0,41.5,47.0,19.9,43.62,False,False,,0,,,,47,,,,,,,,,
WLFIUSDT,WLFI,Etabli,44,0.0638,20084719.81967,7.227,34.70152919330701,-0.00033678044068377686,0.08510800000000002,0.12415599999999999,0.9288012992262807,0.5499587118084227,0.4731626754748142,0.6453280424849078,0.43581464144276594,0.07027777777777777,0.11500277777777779,downtrend,0,1,baissier,247,0,0,30,,,41.8,28.0,59.5,78.5,32.5,43.56,False,False,,0,,,,41,2026403297,6378331892,31770113742.0,100000000000.0,100000000000.0,31.8,,,
YBUSDT,YB,Speculative,,0.116,243480.42335,-0.429,46.85796039320121,-0.00038956140051257305,0.11764,0.2940540000000001,0.9993467779950951,0.47553191489361707,0.3840425531914894,0.16026235208017267,0.3642312133469272,0.10935833333333334,0.1782611111111111,macd_bearish_cross,0,1,baissier,203,0,0,30,,,12.6,37.0,68.5,47.0,19.9,43.4,False,False,,0,,,,45,,,,,,,,,
XVGUSDT,XVG,Mid,439,0.003604,1280478.912503,-1.53,46.11090370868447,6.904671150563784e-05,0.0042001400000000015,0.0057101150000000035,1.0821962746201141,0.5314984709480123,0.4484709480122324,0.37863004011656287,0.5583523397161224,0.0034338611111111115,0.006090611111111112,macd_bullish_cross|downtrend|doji_4h,1,1,mixte,365,0,0,30,,,31.0,37.0,49.0,68.0,41.7,43.16,False,False,,0,,,,47,59559041,59678176,16521951235.74134,16555000000.0,,99.8,,,
ENSOUSDT,ENSO,Speculative,,0.956,2082450.95257,0.738,51.84491030213144,0.01774019152496147,0.9657799999999997,1.056495,1.0011022520960553,0.7071161048689139,0.6423220973782772,0.5542179157931981,0.01784881711080965,0.8508055555555554,1.6981944444444441,,0,0,neutre,204,0,0,30,,,12.6,46.0,38.5,68.0,50,42.79,False,False,,0,,,,50,,,,,,,,,
WLDUSDT,WLD,Etabli,78,0.2433,8765733.4528,1.08,40.79717634715815,-0.0004198818586142062,0.278656,0.4895794999999998,0.9299060992957014,0.4521413526796162,0.4303767844605664,0.3734341891187552,0.7205186344238121,0.24826944444444443,0.4074444444444445,double_top_90d|downtrend,0,2,baissier,365,0,0,30,,,45.0,28.0,60.5,78.5,14.5,42.19,False,False,,0,,,,37,807310763,2429492741,3322960178.069144,10000000000.0,10000000000.0,33.2,,,
NIGHTUSDT,NIGHT,Mid,103,0.03101,2496641.87675,-0.927,32.29215745692446,-0.00017593577592425573,0.040108000000000005,,0.6355863370622157,0.4234546504910456,0.4022722896206431,0.010432837626704371,,0.03289227272727273,0.05093772727272728,,0,0,neutre,56,0,0,30,,,22.5,27.0,58.5,68.0,50,42.15,False,False,,0,,,,44,515059827,744333025,16607399400.63495,24000000000.0,24000000000.0,69.2,,,
C98USDT,C98,Speculative,,0.0209,420617.76338,0.0,45.947062511792055,0.0001330920106811242,0.023488,0.02654000000000001,0.7320727629013087,0.4104938271604938,0.35185185185185175,0.1917875651248639,-0.1352067141122326,0.020419444444444445,0.030886111111111107,evening_star_4h,0,1,baissier,365,0,0,30,,,17.0,37.0,62.5,47.0,18.8,41.84,False,False,,0,,,,44,,,,,,,,,
GNSUSDT,GNS,Speculative,,0.543,222834.39365,-0.731,30.774838015856204,-0.010023665908515694,0.70292,1.0327750000000002,0.8587658748831621,0.44629014396456257,0.3997785160575858,0.9186986713648098,0.5503704021330271,0.630527777777778,0.8687500000000001,downtrend,0,1,baissier,365,0,0,30,,,17.0,28.0,68.5,47.0,32.5,41.53,False,False,,0,,,,42,,,,,,,,,
VICUSDT,VIC,Speculative,,0.0474,424621.548467,0.424,42.17209500795261,-0.001340444912815486,0.048754,0.08022050000000004,0.996108437328369,0.3316582914572865,0.2093802345058627,0.37955037193270963,0.44180255474004104,0.042866666666666664,0.05924444444444443,evening_star_4h,0,1,baissier,365,0,0,30,,,17.0,28.0,73.0,47.0,18.8,41.41,False,False,,0,,,,40,,,,,,,,,
BERAUSDT,BERA,Mid,305,0.375,2048898.824456,1.078,40.61171204241622,0.0017929295712274876,0.42993999999999993,0.7831199999999993,0.6628895686772274,0.6135629709364909,0.5974165769644779,0.2806275979980896,0.35856168661476606,0.379,0.6995833333333334,macd_bullish_cross|downtrend,1,1,mixte,365,0,0,30,,,31.0,28.0,55.0,68.0,41.7,41.34,False,False,,0,,,,42,97171994,201649930,259416466.3595842,538337334.7498384,,48.2,,,
SANTOSUSDT,SANTOS,Speculative,,1.109,356696.42932,-0.449,42.75525544924571,-0.02061518306808359,1.1383,1.5801999999999998,0.784614067155425,0.5070281124497992,0.44277108433734935,0.26228137096491855,0.34731455188821797,1.0286388888888889,1.9217222222222223,,0,0,neutre,365,0,0,30,,,17.0,28.0,59.5,47.0,50,40.67,False,False,,0,,,,45,,,,,,,,,
BARUSDT,BAR,Speculative,,0.43,341375.13253,-0.463,30.235868562851394,-0.001521083898977909,0.5085800000000001,0.5599350000000004,0.4391322647842332,0.259581881533101,0.25087108013937276,0.31349565721518885,0.5615245810740561,0.44669444444444445,0.5614722222222222,double_top_90d|downtrend,0,2,baissier,365,0,0,30,,,17.0,19.0,83.5,47.0,14.5,40.52,False,False,,0,,,,38,,,,,,,,,
ESPUSDT,ESP,Speculative,612,0.06972,754668.40087,2.893,44.413986653519366,0.00045475508807640754,0.07843199999999999,,0.9577836988911217,0.6274085179632406,0.6130268199233716,0.07773263933633318,,0.06381515151515152,0.12856939393939396,uptrend,1,0,haussier,83,0,0,30,,,9.3,36.0,45.0,57.5,58.2,40.48,False,False,,0,,,,47,36295763,250315606,520550000.0,3590000000.0,,14.5,,,
STOUSDT,STO,Speculative,,0.088,1738206.07003,-1.345,43.629387858742064,0.0008676532401704594,0.11816199999999999,0.10770800000000003,0.8508797764324787,0.8116491854496765,0.8033920999776836,0.3281568756812522,0.11304983545469276,0.0550111111111111,0.20718333333333336,macd_bullish_cross|bear_flag,1,1,mixte,365,0,0,30,,,17.0,36.0,43.0,68.0,46.7,40.14,False,False,,0,,,,44,,,,,,,,,
MBOXUSDT,MBOX,Speculative,,0.0116,278367.63941,0.87,39.094030461018114,-5.1969069685620464e-05,0.013648,0.027069999999999997,0.9916650821676349,0.4838709677419355,0.4700460829493088,0.11181282189221846,0.30694584030444616,0.01192777777777778,0.021066666666666664,macd_bearish_cross,0,1,baissier,365,0,0,30,,,17.0,28.0,68.5,47.0,19.9,40.14,False,False,,0,,,,39,,,,,,,,,
SENTUSDT,SENT,Mid,261,0.01645,583811.22229,-3.235,43.251020510438785,-0.00011493229033951734,0.017622000000000006,,0.9474904202652317,0.5283709579011592,0.49847467968273335,0.05921608266619039,0.21583896150144863,0.01604,0.026639722222222217,macd_bearish_cross|uptrend|bearish_engulfing_4h,1,2,baissier,104,0,0,30,,,23.8,36.0,53.5,57.5,16.2,39.84,False,False,,0,,,,38,119155908,565657993,7237882055.0,34359738368.0,34359738368.0,21.1,,,
COSUSDT,COS,Speculative,,0.001142,318247.7634581,-2.477,42.53532932548991,4.094444032996683e-06,0.00130358,0.0013771150000000004,0.3713851928399368,0.5142610198789974,0.5051858254105446,0.38461099275070165,0.11846826973581707,0.0009773888888888888,0.0016786944444444445,downtrend,0,1,baissier,365,0,0,30,,,17.0,28.0,59.5,47.0,32.5,38.75,False,False,,0,,,,41,,,,,,,,,
ROBOUSDT,ROBO,Speculative,529,0.01985,1040828.25521,0.253,47.347544650180915,0.0001878329938611111,0.0209804,,1.552752468990339,0.631578947368421,0.5494555353901996,0.023529867036398797,,0.017661999999999997,0.0417652,uptrend,1,0,haussier,63,0,0,30,,,8.7,45.0,24.0,68.0,58.2,38.44,False,False,,0,,,,49,44280705,198479182,2231000000.0,10000000000.0,10000000000.0,22.3,,,
KATUSDT,KAT,Speculative,,0.00947,5323664.46269,0.212,46.25212996959922,-0.0003621692962634492,,,3.2111549691755426,0.6197979797979798,0.6173737373737375,0.14916397146656818,,0.008113157894736841,0.015535263157894736,,0,0,neutre,49,0,0,30,,,8.3,45.0,24.0,78.5,50,38.34,False,False,,0,,,,47,,,,,,,,,
SYSUSDT,SYS,Speculative,,0.0092,139650.91703,-2.748,42.579524051361275,-2.3070259095692364e-05,0.010394599999999999,0.01715015,1.2743376860326163,0.40456431535269716,0.3651452282157676,0.4502837999973792,0.5565634804495937,0.009448333333333333,0.01336527777777778,downtrend,0,1,baissier,365,0,0,30,,,17.0,28.0,58.0,47.0,32.5,38.28,False,False,,0,,,,40,,,,,,,,,
PORTOUSDT,PORTO,Speculative,,0.831,304223.52112,-0.479,32.22371620259307,-0.010942546411829963,0.9686600000000002,1.0344850000000003,0.6138632235950432,0.33002481389578164,0.3126550868486353,0.41392091944116627,0.64102498376827,0.8852222222222222,1.1294722222222224,downtrend|doji_4h,0,1,baissier,365,0,0,30,,,17.0,19.0,68.5,47.0,32.5,37.86,False,False,,0,,,,39,,,,,,,,,
FFUSDT,FF,Mid,229,0.06276,1463407.609975,0.868,36.948066642729465,-0.000758769453310602,0.0718918,0.09444185,1.7960155941720422,0.4353809697411593,0.42781625956981406,0.22996963042025131,0.2460627800181945,0.06664972222222222,0.08571666666666668,doji_4h,0,0,neutre,219,0,0,30,,,27.0,28.0,41.5,68.0,50,37.71,False,False,,0,,,,42,146877987,627683704,2340000000.0,10000000000.0,10000000000.0,23.4,,,
OPNUSDT,OPN,Speculative,,0.176,891964.26952,-1.731,47.48353336479529,0.0018901282545372641,0.19370400000000004,,1.6850615310877248,0.5834013605442177,0.5213605442176871,0.025320261952442014,,0.15860416666666663,0.3345083333333334,uptrend,1,0,haussier,62,0,0,30,,,8.7,45.0,24.0,57.5,58.2,37.59,False,False,,0,,,,49,,,,,,,,,
KERNELUSDT,KERNEL,Speculative,,0.0614,278583.35868,-1.445,34.750014425922586,1.6956232298367437e-05,0.08262200000000001,0.08570899999999998,1.1800797696920575,0.4920502092050209,0.48702928870292883,0.15187415306459057,0.35590946204395374,0.060119444444444455,0.10456944444444445,macd_bullish_cross,1,0,haussier,365,0,0,30,,,17.0,19.0,58.0,47.0,59.2,37.54,False,False,,0,,,,44,,,,,,,,,
GUNUSDT,GUN,Speculative,,0.01477,1244722.1689,0.0,45.19280983250998,-5.982215141061718e-05,0.016919799999999995,0.018860349999999998,1.9973212694075013,0.5548838689150493,0.5319758192809417,0.28978730976547173,0.17927293876917683,0.014676388888888888,0.02917611111111111,,0,0,neutre,365,0,0,30,,,17.0,37.0,28.0,68.0,50,36.27,False,False,,0,,,,46,,,,,,,,,
HOMEUSDT,HOME,Mid,480,0.01409,529501.3706,0.715,28.663963783873015,-3.855385361007952e-05,0.018368399999999997,0.02325950000000001,0.7612098423227183,0.5386401326699833,0.5330016583747927,0.4274570322675225,0.505337233420356,0.015615277777777777,0.029230000000000003,downtrend,0,1,baissier,328,0,0,30,,,30.0,19.0,55.0,57.5,32.5,35.73,False,False,,0,,,,43,52134327,140766201,3703611111.35,10000000000.0,10000000000.0,37.0,,,
BARDUSDT,BARD,Mid,329,0.2779,757089.33846,0.506,34.23487709565889,0.007243197585571244,0.36741999999999997,0.6963550000000001,0.7495476600253189,0.8390628679067578,0.83647280433247,0.13198068268813756,0.39922202092962206,0.2901222222222223,1.1432694444444447,,0,0,neutre,230,0,0,30,,,27.3,19.0,49.0,57.5,50,35.54,False,False,,0,,,,41,86688260,277680113,312187500.0,1000000000.0,1000000000.0,31.2,,,
RESOLVUSDT,RESOLV,Speculative,,0.0303,1013537.75874,5.208,40.971337012687805,0.0007998017391240846,0.03862799999999999,0.0711195,0.8950567535496422,0.7685881370091896,0.747702589807853,0.33303993083722305,0.012952241133849844,0.030355555555555556,0.08565277777777777,downtrend,0,1,baissier,329,0,0,30,,,16.0,28.0,43.0,68.0,32.5,35.23,False,False,,0,,,,38,,,,,,,,,
NOMUSDT,NOM,Speculative,,0.0025,1216302.35657,-0.794,41.67178633186912,1.4248763524457272e-05,0.0035191999999999997,0.008035700000000003,2.381787950193945,0.7082683307332293,0.6980676328502414,0.3724636800187012,0.23012271115315902,0.0024286111111111114,0.006713888888888888,rsi_bullish_divergence|macd_bullish_cross,2,0,haussier,217,0,0,30,,,12.9,28.0,28.0,68.0,60.5,33.37,False,False,,0,,,,42,,,,,,,,,
LAUSDT,LA,Speculative,,0.1377,280740.4581,-1.432,30.74728810267679,-0.001482322487789343,0.17573600000000003,0.2829229999999999,0.7317828265380539,0.5398526456798393,0.5388479571332887,0.22410203302224768,0.3103129316856396,0.1530527777777778,0.2565166666666666,macd_bearish_cross|double_top_90d|uptrend,1,2,baissier,301,0,0,30,,,15.2,19.0,55.0,47.0,14.6,31.55,False,False,,0,,,,33,,,,,,,,,
SIGNUSDT,SIGN,Speculative,688,0.01595,960098.16981,2.441,25.538576959937842,0.0005384574099074309,0.028971999999999994,0.03494,1.497453232058251,0.7260201377848436,0.7191308956014838,0.09194357390141368,0.11692241917963882,0.01685361111111111,0.04933138888888889,downtrend,0,1,baissier,365,0,0,30,,,17.0,19.0,38.5,57.5,32.5,29.42,False,False,,0,,,,41,30751367,159333507,1930000000.0,10000000000.0,10000000000.0,19.3,,,
XUSDUSDT,XUSD,Mid,417,1.0001,12781953.3446,0.0,55.13043341116068,5.8055395739772094e-05,0.9999499999999998,1.0002730000000009,0.004570043385569391,0.0023959269242288797,0.0015972846161525864,1.4726647246370688,-0.1830791465120342,0.999577777777778,1.0068416666666669,support_bounce|resistance_test|doji_4h,1,1,mixte,365,0,0,30,,,31.0,75.0,94.0,78.5,45.9,73.89,False,True,,0,,,,67,63918482,63918482,63913176.001,63913176.001,,100.0,,,
BFUSDUSDT,BFUSD,Etabli,61,0.9995,2848567.863,0.02,53.49065778732802,3.7927737897371127e-06,0.99938,0.9995350000000017,0.0018433510637290746,0.001199880011998779,0.000599940005999334,0.5535787570645716,-0.3076398286355863,0.9990444444444441,0.9997805555555561,macd_bullish_cross|support_bounce|resistance_test|doji_4h,2,1,haussier,266,0,0,30,,,42.3,66.0,94.0,68.0,55.1,71.44,False,True,,0,,,,66,1319077032,1319077032,1320000000.0,1320000000.0,,100.0,,,
USD1USDT,USD1,Etabli,24,1.0,78419750.1703,0.0,51.59057697620226,1.6628848058006257e-05,0.999736,0.9998329999999995,0.005155371877576833,0.002297472779942143,0.0011986814504046446,0.17265812495933505,0.029908471540682765,0.9984527777777775,1.0004722222222218,resistance_test|doji_4h,0,1,baissier,349,0,0,30,,,44.6,57.0,94.0,78.5,44.6,67.67,False,True,,0,,,,61,4529865752,4529865752,4530635909.268126,4530635909.268126,,100.0,,,
USDCUSDT,USDC,Etabli,6,0.99999,2253507215.44966,-0.003,55.18128840352159,4.700339133476942e-05,0.9999344000000002,1.0001846000000003,0.0028003980335492935,0.0021964856230032854,0.0016074281150159748,0.3297301745259931,-0.22010900755468266,0.9995199999999996,1.0006888888888883,resistance_test|downtrend,0,2,baissier,365,0,0,30,,,45.0,57.0,94.0,78.5,27.1,65.78,False,True,,0,,,,57,77785395427,77779533947,77797198124.8278,77791335755.6979,,100.0,,,
USDEUSDT,USDE,Etabli,28,0.9993,3812199.0092,-0.01,49.49881413844399,1.1035775285950285e-05,0.9995800000000004,0.9995274999999998,0.004406707091296753,0.0010997800439911916,0.0007998400319936242,0.5102162888663955,0.258767392026817,0.9989333333333329,1.000061111111111,resistance_test|doji_4h,0,1,baissier,239,0,0,30,,,41.5,54.0,94.0,68.0,44.6,65.32,False,True,,0,,,,60,3905921860,3905921860,3909221690.304508,3909221690.304508,,100.0,,,
USDPUSDT,USDP,Speculative,566,0.9999,31148.697,-0.01,51.61955456296208,2.5549739003349264e-05,0.9998899999999993,1.0000509999999994,0.004160227839285741,0.002197143713172966,0.001398182362928261,0.2785658490860803,-0.03695530800190265,0.9994361111111115,1.0006222222222219,support_bounce|resistance_test|doji_4h,1,1,mixte,365,0,0,30,,,17.0,57.0,94.0,47.0,45.9,62.73,False,True,,0,,,,61,40545614,40545614,40569459.93027243,40569459.93027243,,100.0,,,
RLUSDUSDT,RLUSD,Etabli,54,1.0002,24024164.8472,0.0,56.053059893417874,3.647506201357481e-05,1.000044,,0.0030520860047926605,0.001996805111821088,0.001397763578274828,0.06432368646368568,-0.18559782222596988,0.9995916666666671,1.000761111111111,support_bounce|resistance_test,1,1,mixte,104,0,0,30,,,37.8,45.0,94.0,78.5,45.9,62.28,False,True,,0,,,,58,1550481972,1550481972,1550873725.407381,1550873725.407381,,100.0,,,
UUSDT,U,Etabli,67,1.0001,10948120.8799,0.0,52.154208153674055,4.2112793029828437e-05,0.9999860000000002,,0.002903383276767235,0.0018973437187937015,0.0013980427401638384,0.23570144558756884,-0.18929382767249686,0.9995361111111111,1.0009583333333325,resistance_test,0,1,baissier,113,0,0,30,,,38.1,45.0,94.0,78.5,44.6,62.17,False,True,,0,,,,57,1028356143,1028356143,1027858682.01,1027858682.01,,100.0,,,
FDUSDUSDT,FDUSD,Mid,119,0.9991,45359988.8417,-0.02,54.31482813974756,9.251436962338824e-05,0.9992360000000002,0.9988950000000004,0.004083280575907419,0.0025981812731087598,0.001498950734485806,0.2428222276750007,0.4428869889976181,0.9986666666666664,1.0060277777777775,rsi_bearish_divergence,0,1,baissier,365,0,0,30,,,31.0,45.0,100.0,78.5,26.8,61.41,False,True,,0,,,,54,402796159,402796159,403229232.082183,403229232.082183,,100.0,,,
TUSDUSDT,TUSD,Mid,106,0.9984,482536.166,-0.04,43.84917341594637,-0.00015118656133430167,0.9991499999999996,0.9983795000000001,0.012021774598395176,0.003195207189216267,0.002995506739890167,0.32758176063767436,0.0937001403985426,0.9982305555555558,1.000986111111111,macd_bearish_cross|resistance_test|doji_4h,0,2,baissier,365,0,0,30,,,31.0,36.0,94.0,47.0,14.5,52.01,False,True,,0,,,,44,493597040,493597040,494515083.0,494515083.0,,100.0,,,
FRAXUSDT,FRAX,Mid,158,0.4714,131661.23735,-0.8,52.357493091361555,0.001090941137429728,0.453576,,0.7342633563222488,0.5147694969719442,0.4173773328389569,0.0766294910124287,0.30044955895712827,0.41281111111111113,0.7016666666666667,uptrend,1,0,haussier,111,0,0,30,,,24.0,45.0,59.5,47.0,58.2,49.16,False,True,,0,,,,55,273924426,273924426,275935184.0102677,275935184.0102677,,100.0,,,
