symbol,base,tier,rank_mcap,price,vol_24h_usd,change_24h_pct,rsi_14,macd_hist,ma_50,ma_200,vol_30d_ann,drawdown_90d,dist_to_high_90d,vol_ratio_vs_med90,corr_btc_90d,support_90d,resistance_90d,patterns,bull_signals,bear_signals,bias,age_days,n_red_flags,audit_score,team_score,github_commits_30d,github_contrib_90d,score_solidity,score_momentum,score_risk,score_antiscam,score_signal,score,suspect,stablecoin,categories,catalyst_score,catalyst_flags,trending_rank,vol_spike_ratio,bull_prob_7d,market_cap,fdv,circulating_supply,total_supply,max_supply,circ_ratio_pct,tvl,tvl_fmt,tvl_change_7d
DEXEUSDT,DEXE,Etabli,78,17.234,14012373.94779,-17.651,48.90542322290555,-0.30560671809560214,15.030480000000004,7.370669999999999,1.3104670552527395,0.3166955825437075,0.20291599166859525,2.327719410160165,0.06742121750465425,6.822861111111111,19.245499999999996,macd_bearish_cross|uptrend|bearish_engulfing_4h,1,2,baissier,365,0,0,30,,,45.0,100.0,56.5,78.5,0,65.07,False,False,,0,,,,61,809669586,1671356480,46750552.58384035,96504599.33609451,,48.4,,,
STGUSDT,STG,Mid,320,0.5584,18048887.68527,-6.544,70.2554778342177,0.041339384208048766,0.248318,0.18311850000000005,3.143253266177276,0.470495258166491,0.13045496750232133,5.125416437759243,0.2225984677146479,0.17225,0.340025,uptrend|morning_star_4h,2,0,haussier,365,0,0,30,,,31.0,91.0,46.0,78.5,50,62.83,False,False,,3,⚡ Volume ×5.1 vs médiane,,5.13,70,77560632,77560632,139407302.442952,139407302.442952,1000000000.0,100.0,73436610,$73M,-2.22
NEARUSDT,NEAR,Etabli,39,2.027,40307521.0267,-4.567,48.211632792291944,-0.06547588443511093,1.8521399999999997,1.5168949999999999,1.6285868507426178,0.3400780972665957,0.28115015974440905,0.395114510789957,0.29741101343511284,1.225083333333333,2.4159722222222224,uptrend|doji_4h,1,0,haussier,365,0,0,30,,,45.0,73.0,46.0,78.5,50,61.6,False,False,,0,,,,59,2630969642,2630969775,1298092770.0,1298092836.0,,100.0,,,
WLDUSDT,WLD,Etabli,50,0.4877,115455915.02766,-0.874,58.18586527678056,-0.0008841354185986014,0.32453199999999993,0.40582799999999997,2.3123875706599755,0.4143107330497873,0.10003691399040232,1.5989433613506965,0.25721382152940997,0.24217500000000008,0.45440277777777777,macd_bearish_cross|double_bottom_90d,1,1,mixte,365,0,0,30,,,45.0,84.0,46.0,78.5,19.7,61.58,False,False,,0,,,,55,1655971644,4873605986,3397836527.186348,10000000000.0,10000000000.0,34.0,,,
NOTUSDT,NOT,Mid,457,0.000506,4483022.952765,19.905,60.98372542157421,8.848656522653927e-06,0.0004697400000000002,0.00046709500000000016,1.0829145119674566,0.46320346320346323,0.26839826839826847,3.307652226079433,0.3993761916341369,0.0003526944444444444,0.0005632222222222223,macd_bullish_cross|golden_cross|downtrend,2,1,haussier,365,0,0,30,,,31.0,100.0,62.5,68.0,16.7,60.97,False,False,,2,⚡ Volume ×3.3 vs médiane,,3.31,69,50399608,51932087,99429447866.9074,102452755868.5205,102456956842.91,97.0,,,
RIFUSDT,RIF,Mid,283,0.0918,6511208.5135,43.438,64.59463848925415,0.0007432152005776614,0.064498,0.04334149999999999,2.342329302398886,0.4174757281553398,0.0,3.3953379122898313,0.13928579590430715,0.034869444444444446,0.07785833333333333,breakout_30d|rsi_bearish_divergence|macd_bullish_cross|resistance_test,2,2,mixte,365,0,0,30,,,31.0,100.0,50.5,78.5,0,60.61,False,False,,2,⚡ Volume ×3.4 vs médiane,,3.4,63,92383150,92383150,1000000000.0,1000000000.0,,100.0,,,
NIGHTUSDT,NIGHT,Etabli,94,0.0346,40614078.4959,3.314,52.415210870719775,-7.70661685009655e-05,0.0333204,,1.0417692335735098,0.42576545349508954,0.33371846716734066,3.374562151213107,0.33746779740630106,0.030888333333333334,0.04744416666666667,support_bounce,1,0,haussier,95,0,0,30,,,37.6,72.0,58.0,78.5,50,60.38,False,False,,2,⚡ Volume ×3.4 vs médiane,,3.37,68,573545987,828853654,16607399400.63495,24000000000.0,24000000000.0,69.2,,,
XLMUSDT,XLM,Etabli,16,0.1908,13159032.3501,-1.953,49.80726789292629,-0.004388617713460996,0.17571400000000004,0.18727449999999998,1.5088383283301794,0.2962677953058869,0.2666410157752983,0.5259590278494951,0.3453672801457608,0.14957777777777778,0.21136944444444442,doji_4h,0,0,neutre,365,0,0,30,,,45.0,66.0,52.0,78.5,50,60.17,False,False,,0,,,,58,6421009837,9509256417,33763098929.83688,50001786839.91258,,67.5,,,
HOMEUSDT,HOME,Mid,243,0.03035,5280112.69812,-0.946,48.371291398229474,-0.002001017362256402,0.024276200000000005,0.02402680000000001,2.8543744239707287,0.4946199236376258,0.4736202707393266,0.7176132850782674,-0.03369069851343488,0.014857777777777775,0.03778944444444444,golden_cross,1,0,haussier,365,0,0,30,,,31.0,82.0,41.5,78.5,50,59.84,False,False,,0,,,,61,116913706,304859728,3835000000.01,10000000000.0,10000000000.0,38.4,,,
ONDOUSDT,ONDO,Etabli,47,0.3625,9964099.53601,-1.118,49.801605550848194,-0.00270198010549137,0.3572820000000001,0.33484650000000005,1.21471019165815,0.28116006198804516,0.19791897276953727,0.24282170526363617,0.3797368343548779,0.25181388888888884,0.41719722222222216,downtrend,0,1,baissier,365,0,0,30,,,45.0,73.0,62.5,78.5,16.7,59.69,False,False,,0,🔥 Trending #14 sur CoinGecko,14,,54,1759853941,3614159868,4869330647.0,10000000000.0,10000000000.0,48.7,2644277152,$2.6B,0.03
INJUSDT,INJ,Mid,101,5.263,7569036.68803,-3.555,48.54501260657488,-0.1509235323030405,4.90262,4.201489999999996,1.3611003857074035,0.2931330472103005,0.24763948497854074,0.4979194756594226,0.42326025357926494,2.875944444444444,5.979027777777777,uptrend,1,0,haussier,365,0,0,30,,,31.0,73.0,62.5,78.5,50,59.25,False,False,,0,,,,62,526496153,526496153,100000000.0,100000000.0,,100.0,12131893,$12M,-6.8
TRUMPUSDT,TRUMP,Mid,103,2.179,100569417.684793,7.182,60.030781676485454,0.05507703655469859,2.13972,3.6549150000000026,1.086629384277236,0.5959026888604354,0.44225352112676053,4.662331365962342,0.47255689156655356,1.8296111111111115,3.2951944444444448,macd_bullish_cross|downtrend,1,1,mixte,365,0,0,30,,,31.0,84.0,49.0,78.5,16.7,57.65,False,False,,3,🔥 Trending #7 sur CoinGecko|⚡ Volume ×4.7 vs médiane,7,4.66,64,516429619,2175227791,237414040.342428,1000000000.0,1000000000.0,23.7,,,
ICPUSDT,ICP,Etabli,58,2.439,8523336.42866,7.209,46.32062391078605,-0.030413925739583167,2.6558399999999995,2.8059449999999995,1.0217768935707765,0.38856669428334717,0.3264291632145816,1.1059303103687048,0.36597275057976253,2.258749999999999,3.0891388888888884,,0,0,neutre,365,0,0,30,,,45.0,55.0,58.0,78.5,50,57.6,False,False,,0,,,,56,1353734371,1353734371,553433219.0905683,553433219.0905683,,100.0,,,
AXLUSDT,AXL,Mid,414,0.0487,5574776.254575,13.256,47.01530175833127,0.00026902872402266576,0.05890600000000003,0.06744350000000003,0.9633692756777555,0.4981773997569866,0.4082624544349939,7.304251254812316,0.33264047681095354,0.04347222222222222,0.07274444444444444,macd_bullish_cross,1,0,haussier,365,0,0,30,,,31.0,64.0,68.5,78.5,50,57.25,False,False,,3,⚡ Volume ×7.3 vs médiane,,7.3,69,56138443,58889042,1185805381.998435,1243905929.420375,,95.3,143426934,$143M,2.47
IOUSDT,IO,Mid,388,0.1758,2094474.21468,3.109,56.971161025464994,0.0005998719825449673,0.14928599999999997,0.13911400000000004,1.3567418282902084,0.29012023000522735,0.07997909043387354,0.4605323322567858,0.37331715851971564,0.10127222222222222,0.176775,macd_bullish_cross|uptrend,2,0,haussier,365,0,0,30,,,31.0,73.0,67.0,68.0,50,57.17,False,False,,0,,,,63,61431485,140600187,349537102.231732,799996650.0516075,800000000.0,43.7,,,
ATOMUSDT,ATOM,Etabli,65,1.996,2761642.2413,0.302,55.05775806991218,0.01959222630068244,1.9555600000000004,2.02292,0.8205653035942226,0.2660054102795312,0.10234445446348056,0.48917509205651033,0.5624924725472639,1.685361111111111,2.094472222222222,macd_bullish_cross,1,0,haussier,365,0,0,30,,,45.0,57.0,73.0,68.0,50,57.07,False,False,,0,,,,59,1021611436,1021611436,513790538.584106,513790538.584106,,100.0,,,
JSTUSDT,JST,Etabli,88,0.0761,5549967.043741,2.755,39.2338220256297,-0.0013932239197863884,0.08669539999999999,0.058312350000000006,0.9679276098552527,0.2377463626044783,0.21473532143225668,0.7775861946319065,-0.06332139203016122,0.05896,0.0934077777777778,,0,0,neutre,365,0,0,30,,,45.0,45.0,79.0,78.5,50,56.73,False,False,,0,,,,53,649417086,649417086,8543764567.312736,8543764567.312736,9900000000.0,100.0,3020744646,$3.0B,0.69
ALLOUSDT,ALLO,Mid,282,0.3931,26312060.25901,2.906,65.33593741281103,0.013125318186780796,0.16599400000000003,0.12422350000000001,4.136956852122434,0.3757798165137615,0.10121087502855826,0.736325227639696,-0.004743697495600316,0.08829166666666666,0.2970888888888889,uptrend|doji_4h,1,0,haussier,215,0,0,30,,,26.9,73.0,46.0,78.5,50,56.56,False,False,,0,,,,56,92695752,310495048,235011334.3923933,787197407.7632785,1000000000.0,29.9,,,
ORCAUSDT,ORCA,Mid,355,1.148,13378549.51549,8.507,46.374282512321514,0.010731919631929446,1.4193399999999994,1.11848,0.9893385162301959,0.5502325581395349,0.4655813953488372,2.9285676161690555,0.3448138692737699,0.8595277777777778,1.7775833333333333,macd_bullish_cross|downtrend,1,1,mixte,365,0,0,30,,,31.0,72.0,59.5,78.5,16.7,55.22,False,False,,0,,,,57,69824484,86133385,60798785.330794,74999553.667933,100000000.0,81.1,249452235,$249M,10.31
ENJUSDT,ENJ,Mid,374,0.03237,12698234.020153,9.063,39.50731202038513,0.00018963694880936048,0.043472600000000014,0.03227545,0.8071096899918536,0.6859688195991092,0.6405345211581291,1.6359745503754655,0.047751549819913634,0.02043444444444444,0.0646361111111111,macd_bullish_cross,1,0,haussier,365,0,0,30,,,31.0,63.0,49.0,78.5,50,55.13,False,False,,0,,,,54,63825262,64574879,1974061184.968417,1997246190.059492,,98.8,,,
WLFIUSDT,WLFI,Etabli,45,0.059,12379899.5091,-2.318,47.29121274153627,0.0004566777240553599,0.062644,0.10937599999999993,0.6865080736552369,0.49065420560747663,0.4485981308411215,0.5518404764483569,0.23022685834551326,0.05687222222222223,0.10065833333333335,double_bottom_90d,1,0,haussier,286,0,0,30,,,42.8,46.0,62.5,78.5,50,54.86,False,False,,0,,,,54,1873105776,5895108328,31773899178.0,100000000000.0,100000000000.0,31.8,,,
TONUSDT,TON,Etabli,22,1.7,15914045.98814,-2.074,46.3318764637393,-0.011274462282406326,1.838659999999999,1.550065000000001,1.121411495640806,0.4406779661016949,0.3743551952837141,0.22097274332989028,0.3759605271652328,1.2359444444444447,2.230916666666667,,0,0,neutre,365,0,0,30,,,45.0,45.0,58.0,78.5,50,54.75,False,False,,0,,,,53,4538623504,8805377298,2678393320.712205,5196347245.47133,,51.5,,,
OPENUSDT,OPEN,Mid,448,0.2415,4240556.98517,3.648,62.66493897742502,0.004989050676822822,0.206846,0.18274249999999992,1.4232763627030576,0.42691751085383495,0.12590448625180886,0.8511037192933466,0.22759506138423763,0.15826944444444443,0.2429888888888889,downtrend,0,1,baissier,279,0,0,30,,,28.6,82.0,56.5,68.0,16.7,54.63,False,False,,0,,,,56,51851599,240610669,215500000.0,1000000000.0,1000000000.0,21.6,,,
PHAUSDT,PHA,Speculative,630,0.0368,2697510.3419,11.178,52.65114312524604,-0.0002607949381438438,0.035362,0.03552600000000003,1.6483631288895726,0.42372881355932207,0.30696798493408667,2.0519422807149708,0.35985305432674364,0.0309,0.042986111111111114,,0,0,neutre,365,0,0,30,,,17.0,84.0,47.5,68.0,50,54.57,False,False,,0,,,,67,30871692,36754393,839945635.0331078,1000000000.0,1000000000.0,84.0,,,
EPICUSDT,EPIC,Speculative,838,0.577,4945245.423,-8.267,59.308365106862105,0.010863081056950163,0.36028,0.4126900000000005,2.6961379822967135,0.47282608695652173,0.1813031161473088,2.6190822457021667,0.13043158961770504,0.23488888888888898,0.495,,0,0,neutre,365,0,0,30,,,17.0,84.0,46.0,68.0,50,54.43,False,False,,0,,,,67,19409323,19409323,33600000.0,33600000.0,33600000.0,100.0,,,
TAOUSDT,TAO,Etabli,42,245.9,34085678.77614,14.746,53.04789444911802,2.033711660660657,261.836,248.72200000000004,1.0233748067070434,0.4417867435158502,0.2916426512968299,0.9180379744106683,0.5018785267990417,222.17222222222225,325.5722222222223,macd_bullish_cross|downtrend,1,1,mixte,365,0,0,30,,,45.0,54.0,62.5,78.5,16.7,54.28,False,False,,3,🔥 Trending #5 sur CoinGecko,5,,53,2363446132,5171389978,9597491.0,21000000.0,21000000.0,45.7,,,
NXPCUSDT,NXPC,Mid,268,0.3541,938075.05939,0.057,47.59036569510601,-0.006168264651269484,0.34556999999999993,0.3407905,1.0726384528243456,0.2813872832369942,0.1817341040462428,0.8621560155962923,0.3274239136750036,0.27930555555555553,0.39219999999999994,golden_cross|evening_star_4h,1,1,mixte,365,0,0,30,,,31.0,82.0,62.5,57.5,25.4,54.24,False,False,,0,,,,59,100801037,351777159,284987037.3429133,994552574.1697733,1000000000.0,28.7,,,
HMSTRUSDT,HMSTR,Speculative,,0.000191,23806217.7594463,-48.67,52.61067688583523,4.86914945956286e-06,0.000169354,0.0001845309999999999,2.0659282184606393,0.33879270004679457,0.2849120179707974,9.215193959924248,0.21792812031617345,0.00013596666666666665,0.0002002944444444444,downtrend,0,1,baissier,365,0,0,30,,,17.0,84.0,46.0,78.5,16.7,53.48,False,False,,3,⚡ Volume ×9.2 vs médiane,,9.22,63,,,,,,,,,
HBARUSDT,HBAR,Etabli,28,0.07814,7995012.25319,-1.957,36.591185792946,-0.0008129030157714694,0.08857419999999999,0.10091014999999995,0.5684247729496441,0.2253464951640244,0.22075979658988937,0.3489618678846639,0.6902204089961806,0.08227861111111111,0.09634888888888889,,0,0,neutre,365,0,0,30,,,45.0,28.0,95.5,78.5,50,53.44,False,False,,0,,,,51,3389398033,3907246368,43373231601.02932,50000000000.0,50000000000.0,86.7,,,
SENTUSDT,SENT,Mid,241,0.01663,1855124.29736,-1.188,58.328463267428866,0.0003626967477778234,0.016026000000000002,,0.9891530348223708,0.45,0.26929824561403504,1.0320075133681348,0.41716433903320554,0.014338888888888889,0.02010166666666667,macd_bullish_cross,1,0,haussier,143,0,0,30,,,24.9,63.0,73.0,68.0,50,53.19,False,False,,0,,,,61,120443214,571769101,7237882055.0,34359738368.0,34359738368.0,21.1,,,
MORPHOUSDT,MORPHO,Etabli,61,1.965,1689051.23186,0.769,51.666869440066286,0.009266770012391057,1.9792600000000002,1.5925900000000013,0.8639749989791065,0.2645879732739421,0.12516703786191544,0.2736281480121648,0.5964887126530397,1.5616944444444445,2.1697222222222226,macd_bullish_cross,1,0,haussier,254,0,0,30,,,42.0,45.0,73.0,68.0,50,52.81,False,False,,0,,,,55,1268640431,1962683450,646380561.5886403,1000000000.0,1000000000.0,64.6,6671132446,$6.7B,5.49
RENDERUSDT,RENDER,Etabli,74,1.739,4928587.07636,3.821,46.290635378872935,-0.02782932548045612,1.8738400000000006,1.7278549999999995,1.0425477588465066,0.33828022697512,0.24094281972937576,0.36107183827398653,0.5534767819694478,1.640888888888889,2.101722222222222,,0,0,neutre,365,0,0,30,,,45.0,45.0,62.5,68.0,50,52.67,False,False,,0,,,,54,902261241,927933926,518743261.0140742,533503434.2940742,644245094.0,97.2,,,
KITEUSDT,KITE,Mid,110,0.1959,1620615.34518,2.244,52.073248996798846,-0.0008454745619840118,0.18641,0.15970499999999999,0.9732650105994198,0.49323786793953855,0.2195704057279236,0.1305292416356658,0.2915311067082312,0.13512500000000002,0.22520555555555555,downtrend|doji_4h,0,1,baissier,223,0,0,30,,,27.1,73.0,67.0,68.0,16.7,52.62,False,False,,0,,,,55,456964680,1959349980,2332225913.0,10000000000.0,10000000000.0,23.3,1033381,$1M,8.56
ENAUSDT,ENA,Etabli,83,0.0813,26583122.521423,2.393,41.413365612710976,-0.0008874842064706279,0.10202600000000002,0.1446315,1.1974001149851174,0.4553706505295008,0.38426626323751895,0.757547957663314,0.3966624329212694,0.08234444444444441,0.12194166666666668,support_bounce,1,0,haussier,365,0,0,30,,,45.0,37.0,58.0,78.5,50,52.47,False,False,,0,,,,47,757026286,1221831261,9293750000.0,15000000000.0,15000000000.0,62.0,4484127395,$4.5B,-0.37
CUSDT,C,Speculative,942,0.097,1010180.10917,4.865,54.074764725241586,0.00016009467270451964,0.08576199999999996,0.07449749999999995,1.3366284974126632,0.29037037037037045,0.09635173058933573,0.15052439288412456,-0.09786667828227959,0.06109722222222221,0.09825833333333332,uptrend,1,0,haussier,331,0,0,30,,,16.1,73.0,61.0,68.0,50,52.45,False,False,,0,,,,62,15469144,96682148,160000000.0,1000000000.0,,16.0,,,
ATUSDT,AT,Speculative,622,0.1368,7062116.04982,5.069,52.72374410208424,0.0034823383479076,0.14339399999999997,,1.84829201973593,0.43656908063687727,0.2984078068823832,9.367847441455487,0.09055050018904172,0.11865555555555558,0.17198055555555555,uptrend,1,0,haussier,199,0,0,30,,,12.5,72.0,46.0,78.5,50,52.25,False,False,,3,⚡ Volume ×9.4 vs médiane,,9.37,67,31614462,137454185,230000000.0,1000000000.0,1000000000.0,23.0,,,
BNBUSDT,BNB,Etabli,4,603.5,62746383.32744,-0.621,43.65476060433205,-2.9115422231087145,638.2424,717.2026500000002,0.6019545140246395,0.20385674931129474,0.1603361438072182,0.32960872519782763,0.7535948444567415,592.3319444444446,675.436111111111,,0,0,neutre,365,0,0,30,,,45.0,28.0,77.0,78.5,50,51.7,False,False,,0,,,,48,81337653196,81337653196,134783787.81,134783787.81,200000000.0,100.0,140280363868,$140.3B,2.54
BABYUSDT,BABY,Mid,447,0.01407,48231100.15727,-0.846,43.52209594208205,-6.24686031705377e-05,0.016209599999999998,0.015795600000000007,1.5861294265190466,0.35101010101010105,0.28989898989899,38.62896385871473,0.13726329813651214,0.012945555555555556,0.01887222222222222,macd_bearish_cross,0,1,baissier,365,0,0,30,,,31.0,63.0,46.0,78.5,19.7,51.7,False,False,,3,⚡ Volume ×38.6 vs médiane,,38.63,54,51710936,151053174,3706022401.98,10825687773.0,,34.2,3279668461,$3.3B,4.64
ASTERUSDT,ASTER,Etabli,48,0.637,5221785.73456,1.433,44.417718391997596,-0.0036937392958887125,0.6679800000000001,0.7087950000000004,0.6171580216497353,0.18386243386243387,0.15873015873015872,0.21871674411488634,0.5173383382148565,0.6335555555555556,0.7164999999999999,support_bounce,1,0,haussier,251,0,0,30,,,41.9,28.0,85.0,78.5,50,51.58,False,False,,0,,,,49,1702866950,4975309279,2677260279.249776,7822218820.515041,8000000000.0,34.2,119922681,$120M,-0.76
DOGEUSDT,DOGE,Etabli,10,0.08711,92653587.19356,-0.046,37.971777960806094,-0.00016697187262622228,0.1010852,0.1099063999999999,0.5430787998256672,0.2943010566429932,0.24562619088861942,0.24534770642677264,0.7772902904392338,0.08716750000000001,0.11079638888888892,doji_4h,0,0,neutre,365,0,0,30,,,45.0,28.0,75.5,78.5,50,51.56,False,False,,0,,,,47,13472939775,14841648683,154641476383.7052,170351423126.579,,90.8,,,
PYTHUSDT,PYTH,Mid,135,0.0381,3115980.87492,-3.544,49.270841178170684,0.0006031801829931675,0.04388399999999999,0.051788999999999995,1.2009800235163532,0.479933110367893,0.362876254180602,1.1248368421846355,0.5737432566793256,0.035305555555555555,0.05317777777777777,macd_bullish_cross,1,0,haussier,365,0,0,30,,,31.0,55.0,58.0,68.0,50,51.19,False,False,,0,,,,56,299272660,380029647,7874981922.550913,10000000000.0,10000000000.0,78.7,,,
HEIUSDT,HEI,Speculative,,0.093,4425320.16533,6.651,54.547068148684325,0.0009512860795670981,0.082798,0.10172849999999999,2.6430007911796687,0.38552915766738666,0.18181818181818177,4.468400079060669,0.163890945710738,0.06909444444444443,0.10311944444444446,downtrend,0,1,baissier,365,0,0,30,,,17.0,84.0,46.0,68.0,16.7,50.97,False,False,,2,⚡ Volume ×4.5 vs médiane,,4.47,62,,,,,,,,,
ESPUSDT,ESP,Speculative,523,0.07633,2086839.18336,15.111,61.133979228198314,0.0012767780799342106,0.06825680000000002,,1.0288953453877285,0.4608995893990295,0.2869540873460246,2.0263846144930975,0.498626025651611,0.06339055555555555,0.09363694444444443,,0,0,neutre,122,0,0,30,,,10.3,72.0,62.5,68.0,50,50.71,False,False,,0,,,,66,39509560,272479724,520550000.0,3590000000.0,,14.5,,,
SOLUSDT,SOL,Etabli,7,67.32,167882334.77016,0.089,35.67788902992535,-0.1939807506412894,81.78320000000002,100.06500000000001,0.6068715418461564,0.361199548115436,0.3086166170278321,0.20924184158431536,0.8773826863577785,71.31444444444443,92.50277777777777,,0,0,neutre,365,0,0,30,,,45.0,28.0,60.5,78.5,50,50.14,False,False,,0,,,,45,39051441409,42316585950,579824211.8924025,628304108.9724828,,92.3,,,
DOTUSDT,DOT,Etabli,49,0.983,7598058.19547,1.971,35.8412952953331,-0.00552241672283027,1.19624,1.5428049999999993,0.6084559916335786,0.4414634146341463,0.39999999999999997,0.6177257366809317,0.5876020566208845,1.0486666666666664,1.4423333333333332,downtrend,0,1,baissier,365,0,0,30,,,45.0,37.0,68.5,78.5,16.7,50.0,False,False,,0,,,,41,1659493272,1659493272,1688431490.205785,1688431490.205785,2100000000.0,100.0,2349145,$2M,3.79
JTOUSDT,JTO,Mid,140,0.5446,2639167.24263,-0.493,51.81015840060082,-0.006262180751503636,0.48552800000000007,0.3770544999999999,1.6957625519028674,0.3094314155559305,0.14750000000000005,0.39839669185422405,0.27204898266079325,0.2794972222222223,0.5873111111111111,macd_bearish_cross|double_top_90d|doji_4h,0,2,baissier,365,0,0,30,,,31.0,73.0,46.0,68.0,0,49.99,False,False,,0,,,,47,264341678,547770929,482577048.5,1000000000.0,,48.3,660077975,$660M,7.28
PAXGUSDT,PAXG,Etabli,44,4214.68,8487577.719204,-0.116,36.5275245122509,-17.31899783386173,4520.1778,4669.201000000001,0.28216797558080736,0.18974853230528052,0.1572412938108873,0.031256249353842386,0.4378497456103656,4333.9299999999985,4815.756388888889,downtrend,0,1,baissier,365,0,0,30,,,45.0,28.0,95.5,78.5,16.7,49.98,False,False,,0,,,,43,1923991444,1923991444,456894.511,456894.511,,100.0,1924707159,$1.9B,-3.01
OPUSDT,OP,Mid,156,0.1088,4775168.63109,10.01,47.0660542502755,-0.00011571643807977393,0.12505,0.1890889999999999,0.9386232837851355,0.470314318975553,0.3684516880093132,1.0,0.5409739143611735,0.10114722222222222,0.1450138888888889,,0,0,neutre,365,0,0,30,,,31.0,46.0,68.5,68.0,50,49.62,False,False,,0,,,,55,233430913,465769555,2152519691.0,4294967296.0,4294967296.0,50.1,588581029,$589M,6.63
ASTRUSDT,ASTR,Mid,458,0.00577,1070185.1815021,-3.673,34.475206608752856,-1.963166586951262e-05,0.007685300000000002,0.008859089999999998,0.827916733005392,0.4372122226873169,0.3955629970699038,1.8676412010545778,0.6879561100716468,0.0063916111111111135,0.008880083333333335,,0,0,neutre,365,0,0,30,,,31.0,46.0,68.5,68.0,50,49.62,False,False,,0,,,,52,50178761,50182804,8709856974.0,8710558661.0,10000000000.0,100.0,17470724,$17M,2.49
AAVEUSDT,AAVE,Etabli,66,66.57,5210058.08193,2.274,35.06215721748143,-0.04163717981736692,84.87419999999999,123.27069999999998,0.6914969617713422,0.5016757949807896,0.45581623477478955,0.2152231186478431,0.7298423415717441,71.28305555555555,110.80194444444447,,0,0,neutre,365,0,0,30,,,45.0,28.0,51.5,78.5,50,49.3,False,False,,0,,,,44,1009461944,1063997686,15179911.874935383,16000000.0,16000000.0,94.9,11823974194,$11.8B,4.34
XAUTUSDT,XAUT,Etabli,40,4203.82,105052542.708323,-0.086,36.214769770864486,-16.992098107619867,4514.556199999999,,0.2788938775091587,0.16002816292960934,0.1269014131310698,0.4873267446799935,,4322.51375,4769.288749999999,downtrend,0,1,baissier,80,0,0,30,,,37.2,36.0,85.5,78.5,16.7,49.14,False,False,,0,,,,43,2574131345,2972851877,612823.659532,707747.089,,86.6,2999143477,$3.0B,-2.05
LTCUSDT,LTC,Etabli,29,43.64,12078296.35101,1.089,32.867417403484666,-0.12897190406956716,52.3416,61.804399999999966,0.45166475373275716,0.31507529372828064,0.27784213139169284,0.2839655538035464,0.7628410607426866,46.414166666666674,57.704166666666666,,0,0,neutre,365,0,0,30,,,45.0,19.0,75.5,78.5,50,48.99,False,False,,0,,,,45,3368427752,3368676234,77269264.48347135,77274964.48347135,84000000.0,100.0,,,
GNSUSDT,GNS,Speculative,986,0.586,610013.5112,-3.777,61.285709009718836,0.016615372485903022,0.5329799999999999,0.8529150000000005,0.9078971448011721,0.48587570621468923,0.3378531073446328,0.9717143195296175,0.44130071576101715,0.4723611111111113,0.78175,bullish_engulfing_4h,1,0,haussier,365,0,0,30,,,17.0,66.0,68.5,57.5,50,48.91,False,False,,0,,,,61,13976388,13976388,23881382.0,23881382.0,,100.0,13426594,$13M,-15.0
币安人生USDT,币安人生,Etabli,86,0.6789,7260060.61727,1.769,57.813730814488174,-0.005735062930834978,0.485654,,1.5568604903041974,0.3476874003189793,0.17379091353199802,0.06152393289352462,0.11756694382225061,0.049091666666666665,0.6497750000000001,macd_bearish_cross|uptrend,1,1,mixte,158,0,0,30,,,39.3,45.0,46.0,78.5,19.7,48.89,False,False,,0,,,,44,677669676,677669676,1000000000.0,1000000000.0,1000000000.0,100.0,,,
IDUSDT,ID,Speculative,,0.0287,2646242.7979,-9.748,47.71937450219715,7.232584549057993e-05,0.031104000000000003,0.04825400000000001,1.9322065472655985,0.44547563805104406,0.33642691415313225,1.6842678835906573,0.5257893304522079,0.027738888888888886,0.04023888888888891,macd_bullish_cross,1,0,haussier,365,0,0,30,,,17.0,64.0,47.5,68.0,50,48.87,False,False,,0,,,,57,,,,,,,,,
ZKUSDT,ZK,Mid,250,0.01176,2594788.61115,6.618,41.111521186416724,7.420403045015609e-05,0.014949599999999999,0.02219515,0.9203154060603986,0.5207652823145124,0.45076994867008874,1.0525245305481687,0.6572558848962428,0.012138888888888887,0.019169166666666668,macd_bullish_cross,1,0,haussier,365,0,0,30,,,31.0,46.0,59.5,68.0,50,48.77,False,False,,0,,,,50,114086815,246904873,9703425807.0,21000000000.0,21000000000.0,46.2,,,
PUMPUSDT,PUMP,Etabli,99,0.00154,5041574.336635,3.356,45.272311975040154,-7.728252525623667e-06,0.0017639600000000002,0.0020838349999999987,1.0746167402325555,0.37437300501595994,0.2963976288189694,0.20526548713065237,0.6506210963142445,0.001558416666666667,0.0020336111111111115,downtrend|doji_4h,0,1,baissier,276,0,0,30,,,42.6,37.0,62.5,78.5,16.7,48.76,False,False,,0,,,,43,537407911,1324637388,348470451606.5655,858932255277.7881,1000000000000.0,40.6,199101178,$199M,11.06
TRXUSDT,TRX,Etabli,8,0.3167,27536806.70218,1.279,31.098501576531348,-0.002492984029114179,0.342248,0.30721850000000006,0.2985173667777902,0.16027689030883913,0.15681576144834933,0.20218313589612216,0.2384228568185594,0.3090833333333334,0.35937222222222226,bear_flag,0,1,baissier,365,0,0,30,,,45.0,27.0,89.5,78.5,13.1,48.75,False,False,,0,,,,41,30004913914,30005308804,94826790531.35327,94828038529.75107,,100.0,,,
CRVUSDT,CRV,Mid,127,0.234,3700695.09338,-4.529,55.91066206888969,0.005597517022739137,0.23018600000000003,0.28518799999999994,1.0117416320117603,0.3525230987917555,0.16844349680170567,0.34377811362255534,0.6328873437623277,0.2016361111111111,0.25660555555555553,macd_bullish_cross|downtrend,1,1,mixte,365,0,0,30,,,31.0,57.0,62.5,68.0,16.7,48.73,False,False,,0,,,,49,356518778,558988306,1524292476.0,2389948924.758503,3030303031.0,63.8,1439151293,$1.4B,1.15
FETUSDT,FET,Mid,114,0.1923,13101183.77189,-0.363,42.82749745217979,-0.005546816406557242,0.21540399999999998,0.21544749999999996,1.2440732120162847,0.3420487106017192,0.3105300859598854,0.5046675127509215,0.5608968808493235,0.19310277777777776,0.25613888888888886,,0,0,neutre,365,0,0,30,,,31.0,37.0,58.0,78.5,50,48.58,False,False,,0,,,,47,435460672,523271331,2258881093.9307284,2714384546.672,2714384546.672,83.2,,,
ZAMAUSDT,ZAMA,Mid,353,0.03204,4053974.73607,-1.446,52.65710262892173,-0.00026358329997705715,0.0300758,,0.8290953277371145,0.23911747167561118,0.14365671641791042,0.2950665867799572,0.23692241925116428,0.02232722222222222,0.03437055555555556,uptrend,1,0,haussier,132,0,0,30,,,24.6,45.0,79.0,68.0,50,48.55,False,False,,0,,,,56,70550016,352750078,2200000000.0,11000000000.0,,20.0,18452521,$18M,0.1
ARBUSDT,ARB,Etabli,100,0.0856,4354214.24874,0.943,35.548515841866475,0.00020068092732630077,0.111508,0.13861399999999996,0.6884280262164665,0.4614850798056905,0.4066620402498265,0.3024016835029862,0.6906539750690956,0.08586111111111111,0.133975,macd_bullish_cross,1,0,haussier,365,0,0,30,,,45.0,28.0,68.5,68.0,50,48.39,False,False,,0,,,,46,534719930,854755735,6255821492.0,10000000000.0,10000000000.0,62.6,2721117185,$2.7B,3.02
APTUSDT,APT,Etabli,96,0.669,10400339.11202,1.364,30.37479528047254,-0.010729457616698426,0.9195800000000002,1.21042,0.8179210517661389,0.4614050303555941,0.419774501300954,0.46629877302879663,0.6580288276023937,0.7405555555555554,1.0665833333333332,doji_4h,0,0,neutre,365,0,0,30,,,45.0,19.0,68.5,78.5,50,48.33,False,False,,0,🔥 Trending #11 sur CoinGecko,11,,44,555465923,804136645,831757912.3321886,1204118902.11897,2100000000.0,69.1,,,
SOPHUSDT,SOPH,Speculative,801,0.00595,2120904.36367,3.299,38.90330313129231,4.916908280813183e-06,0.007743399999999997,0.010285649999999995,0.7803383482030439,0.46951219512195125,0.3932926829268293,7.19097204853819,0.6740044082893163,0.006356388888888889,0.009438333333333333,macd_bullish_cross,1,0,haussier,365,0,0,30,,,17.0,55.0,68.5,68.0,50,48.29,False,False,,3,⚡ Volume ×7.2 vs médiane,,7.19,63,20651324,59811570,3452730697.0,10000000000.0,10000000000.0,34.5,,,
1000CHEEMSUSDT,1000CHEEMS,Speculative,,0.000626,1482654.237538,13.612,56.40335599740598,6.7741683595029914e-06,0.0006105199999999998,0.0006961549999999995,1.0841573163774545,0.34065934065934067,0.13873626373626383,0.496710756818304,0.5846636399781903,0.00042805555555555565,0.0006715555555555556,macd_bullish_cross,1,0,haussier,365,0,0,30,,,17.0,57.0,62.5,68.0,50,48.29,False,False,,0,,,,57,,,,,,,,,
HOLOUSDT,HOLO,Mid,492,0.0623,2408561.3975,0.646,43.504916958458026,-0.0003966497198441008,0.069558,0.066872,0.9199370046565329,0.3699421965317919,0.27976878612716755,1.4729080857850532,0.4527055352457395,0.05358333333333334,0.077675,downtrend,0,1,baissier,276,0,0,30,,,28.6,54.0,73.0,68.0,16.7,48.18,False,False,,0,,,,47,45213257,127491314,726298493.999999,2048000000.0,2048000000.0,35.5,,,
XRPUSDT,XRP,Etabli,6,1.1432,73954113.10514,-0.435,37.02253822838685,-0.0023582407327080446,1.3286959999999997,1.5834655000000004,0.4881256602197556,0.2913804277381724,0.2591056383668179,0.1784807139380384,0.8583895251887387,1.1975083333333334,1.4695277777777775,downtrend,0,1,baissier,365,0,0,30,,,45.0,28.0,75.5,78.5,16.7,48.1,False,False,,0,,,,39,70893865514,114229231948,62053900985.0,99985653167.0,100000000000.0,62.1,,,
LINKUSDT,LINK,Etabli,21,7.952,10129392.51453,0.353,39.50231143869602,-0.00787419570725928,9.18294,10.343034999999993,0.5927511451053039,0.3128731343283583,0.25811567164179106,0.14641197397301856,0.8435256176593793,8.072555555555553,10.110166666666665,downtrend,0,1,baissier,365,0,0,30,,,45.0,28.0,75.5,78.5,16.7,48.1,False,False,,0,,,,39,5779593964,7948829871,727099970.4255477,1000000000.0,1000000000.0,72.7,,,
SHIBUSDT,SHIB,Etabli,33,4.98e-06,7057240.85686175,1.84,42.10887038554749,2.0012718096023458e-08,5.708000000000002e-06,6.617200000000001e-06,0.5265257995734386,0.3101361573373676,0.24659606656580946,0.4686535485852455,0.7668115417028588,5.031111111111112e-06,6.395000000000001e-06,macd_bullish_cross|downtrend,1,1,mixte,365,0,0,30,,,45.0,28.0,75.5,78.5,16.7,48.1,False,False,,0,,,,39,2935895704,2937174465,589243195906196.8,589499847110164.0,,100.0,,,
SEIUSDT,SEI,Mid,124,0.05445,7671208.685691,6.431,46.64227905805118,-0.00043368216682953924,0.0606728,0.08207609999999992,1.001239255492907,0.3882894736842106,0.2835526315789474,0.8575108039077953,0.6332627582865266,0.05053666666666665,0.06890416666666667,downtrend,0,1,baissier,365,0,0,30,,,31.0,46.0,62.5,78.5,16.7,48.1,False,False,,0,,,,46,366171962,543819746,6733333333.0,10000000000.0,,67.3,,,
FIDAUSDT,FIDA,Speculative,754,0.0231,2256820.600307,-0.259,48.88194692349748,-0.00032889416846372115,0.0225712,0.025401200000000013,2.8283575825088776,0.5453205600589537,0.43134365020879395,0.5418345190992077,0.23933338220203876,0.014367777777777778,0.03069972222222222,,0,0,neutre,365,0,0,30,,,17.0,66.0,32.5,68.0,50,48.03,False,False,,0,,,,55,22903924,22903924,990910744.563213,990910744.563213,1000000000.0,100.0,,,
ETHUSDT,ETH,Etabli,2,1673.65,287529642.700424,-0.518,31.694967561381233,-2.008336974208845,2081.7731999999996,2415.4344000000006,0.5990817138327186,0.351099627945432,0.3081231914014055,0.15138706272750907,0.9049193492628302,1791.7516666666666,2367.8763888888884,,0,0,neutre,365,0,0,30,,,45.0,19.0,65.0,78.5,50,48.0,False,False,,0,,,,43,201900591929,201900591929,120684237.8846127,120684237.8846127,,100.0,,,
MANTAUSDT,MANTA,Speculative,514,0.08583,630571.657114,5.793,57.79891604541151,0.0003777963978830025,0.07552020000000002,0.07474940000000002,1.0914812003657501,0.1887430658909485,0.018994540491355832,0.48180247709281937,0.2903423043948922,0.06205361111111112,0.08263555555555555,rsi_bearish_divergence|macd_bullish_cross|golden_cross,2,1,haussier,365,0,0,30,,,17.0,73.0,73.0,57.5,15.7,47.76,False,False,,0,,,,55,40776433,86062151,473802154.0964375,1000000000.0,1000000000.0,47.4,21182224,$21M,3.54
ZECUSDT,ZEC,Etabli,15,413.79,103092281.42142,-5.985,42.016769260068095,-12.765735755768631,503.6631999999999,375.1583499999999,1.8675004253823442,0.46200671081153305,0.3859013570092347,0.24568476989417387,0.47267467770874083,230.39138888888888,611.8483333333332,downtrend,0,1,baissier,365,0,0,30,,,45.0,36.0,47.5,78.5,16.7,47.74,False,False,,0,,,,37,6933779549,6933995396,16764545.4780448,16765067.3530448,21000000.0,100.0,,,
KMNOUSDT,KMNO,Mid,294,0.01752,2733341.13946,-2.013,49.95585584135937,0.00024032912488595039,0.0196852,0.03293675000000001,1.0560445108404883,0.46168656141701964,0.3249903735078937,1.341836928572823,0.6183776119099423,0.015981111111111116,0.02331805555555555,macd_bullish_cross|downtrend,1,1,mixte,365,0,0,30,,,31.0,55.0,58.0,68.0,16.7,47.73,False,False,,0,,,,48,84579048,175329950,4823972878.0,9999957955.883097,10000000000.0,48.2,1075623642,$1.1B,-15.62
ADAUSDT,ADA,Etabli,17,0.1727,29624592.39414,0.524,31.72329921271958,-0.0011136198865008412,0.23328,0.29705349999999986,0.7793994698354645,0.46039944903581265,0.40564738292011016,0.4507378478632726,0.7822277894832655,0.19480000000000006,0.27353888888888894,,0,0,neutre,365,0,0,30,,,45.0,19.0,60.5,78.5,50,47.58,False,False,,0,,,,42,6415089735,7767154394,37166640890.7697,45000000000.0,45000000000.0,82.6,,,
PEPEUSDT,PEPE,Etabli,63,2.83e-06,28256839.97872367,-0.352,32.58059699830582,-1.58507812549512e-09,3.600000000000001e-06,4.0724500000000045e-06,0.60832633782023,0.3900226757369615,0.3560090702947846,0.32216254660332033,0.747398415374484,2.9863888888888885e-06,4.138333333333333e-06,doji_4h,0,0,neutre,365,0,0,30,,,45.0,19.0,60.5,78.5,50,47.58,False,False,,0,,,,42,1192180236,1192180236,420690000000000.0,420690000000000.0,420690000000000.0,100.0,,,
SUIUSDT,SUI,Etabli,30,0.7654,21648246.60934,0.578,37.23933979237552,-0.0005230544866124398,0.9562359999999996,1.1544315000000007,0.732202917654333,0.4721951219512195,0.4257410881801126,0.25960082141046414,0.6869091456501099,0.7885416666666667,1.1240972222222225,downtrend,0,1,baissier,365,0,0,30,,,45.0,28.0,68.5,78.5,16.7,47.44,False,False,,0,,,,38,3082456822,7650300878,4029196852.454399,10000000000.0,10000000000.0,40.3,,,
FILUSDT,FIL,Etabli,89,0.779,7403615.44488,2.906,40.481323498632655,-0.007413702318992389,0.9474800000000002,1.0919550000000005,0.954648965344196,0.432012432012432,0.39471639471639464,0.4501194526016096,0.5657054641586423,0.7884444444444444,1.0749166666666667,downtrend,0,1,baissier,365,0,0,30,,,45.0,28.0,68.5,78.5,16.7,47.44,False,False,,0,,,,38,614019594,1523446045,789046687.0,1957706345.0,,40.3,,,
ZBTUSDT,ZBT,Speculative,637,0.1231,6197732.84169,9.035,47.1338349283457,0.0006688270114841594,0.15247000000000005,0.10936800000000008,1.326204266663949,0.5263882514915099,0.4295548416704911,0.6060658744397547,0.1795563176213759,0.07503611111111111,0.18884166666666669,,0,0,neutre,240,0,0,30,,,13.6,54.0,43.0,78.5,50,47.16,False,False,,0,,,,53,30406131,124110615,244992188.30119348,1000000000.0,1000000000.0,24.5,56610128,$57M,-1.55
PNUTUSDT,PNUT,Mid,498,0.044,1832778.91164,4.265,40.47959629732738,-0.0001231407024903427,0.053896000000000006,0.0595945,0.840066747486911,0.43758765778401126,0.3814866760168303,0.7303036247891269,0.49690538395407585,0.03979444444444443,0.06391944444444445,,0,0,neutre,365,0,0,30,,,31.0,37.0,68.5,68.0,50,47.06,False,False,,0,,,,49,44024270,44024270,999841965.74051,999841965.74051,1000000000.0,100.0,,,
MOVEUSDT,MOVE,Mid,476,0.0121,1040388.68521,-3.2,36.62504930828985,1.1954550318945363e-05,0.016101999999999995,0.025435999999999997,0.980472274145596,0.4933333333333333,0.4622222222222222,0.8060764557485376,0.5261893613909022,0.013613888888888889,0.021013888888888888,macd_bullish_cross,1,0,haussier,365,0,0,30,,,31.0,37.0,68.5,68.0,50,47.06,False,False,,0,,,,49,48131189,120265334,4002083333.0,10000000000.0,10000000000.0,40.0,,,
PORTALUSDT,PORTAL,Speculative,,0.01333,1517442.090846,-9.627,47.828950339233145,-0.0006495301473808421,0.0123702,0.014965099999999993,4.38750169427548,0.5910631741140215,0.5910631741140215,1.201656679221474,0.1293395379441555,0.008226388888888887,0.01835111111111111,macd_bearish_cross|uptrend,1,1,mixte,365,0,0,30,,,17.0,75.0,28.0,68.0,19.7,47.02,False,False,,0,,,,50,,,,,,,,,
MEMEUSDT,MEME,Speculative,566,0.000563,831794.203536,-4.089,50.91732358837316,2.524122559699576e-06,0.0005588200000000001,0.0007611149999999997,1.4218652572032597,0.24882629107981222,0.1189358372456964,0.3346763602501603,0.47736042914319354,0.0004956944444444445,0.0006286944444444444,,0,0,neutre,365,0,0,30,,,17.0,57.0,74.5,57.5,50,46.91,False,False,,0,,,,59,35715275,38798710,63516387916.66666,69000000000.0,69000000000.0,92.1,,,
AUSDT,A,Mid,238,0.0736,1182752.38282,3.081,50.64657248744272,0.0009708343512321322,0.08136999999999998,0.10745849999999994,0.8437599089285207,0.3765182186234818,0.2540485829959514,0.9319302982995864,0.6465513834678902,0.0690777777777778,0.09297500000000002,macd_bullish_cross|double_top_90d,1,1,mixte,365,0,0,30,,,31.0,46.0,73.0,68.0,16.8,46.59,False,False,,0,,,,48,121033235,154276855,1647491412.4238,2100000000.0,2100000000.0,78.5,,,
ENSOUSDT,ENSO,Speculative,,0.635,3647448.8348,0.0,41.130336691715655,0.006910877116672792,0.8037599999999999,0.9615,0.7674245356089555,0.5393442622950819,0.480327868852459,2.5075920518317965,0.5040447451121255,0.6504444444444446,1.1248333333333334,macd_bullish_cross|doji_4h,1,0,haussier,243,0,0,30,,,13.7,55.0,59.5,68.0,50,46.51,False,False,,0,,,,57,,,,,,,,,
ARUSDT,AR,Mid,223,1.995,2262640.51019,4.178,47.176849090194025,-0.025859506278792035,2.15264,2.55576,1.2555484212457517,0.34891304347826085,0.27681159420289847,0.4095257380514238,0.4458669437542577,1.6808333333333334,2.4195833333333336,doji_4h,0,0,neutre,365,0,0,30,,,31.0,37.0,62.5,68.0,50,46.49,False,False,,0,,,,51,131067138,131067138,65652466.0,65652466.0,66000000.0,100.0,,,
EIGENUSDT,EIGEN,Mid,219,0.1819,1456483.18213,-1.249,46.06072657484782,-0.0022807171175852382,0.197498,0.26875950000000004,1.3254958108514245,0.35440000000000005,0.27080000000000004,0.2003443997110649,0.5909419103602848,0.15931111111111107,0.22789166666666663,,0,0,neutre,365,0,0,30,,,31.0,37.0,62.5,68.0,50,46.49,False,False,,0,,,,51,134809647,332831435,741228566.6979554,1830018638.917401,,40.5,4668616623,$4.7B,5.5
PARTIUSDT,PARTI,Speculative,993,0.0595,1981562.38096,-2.138,56.364741304969655,0.0012452975860470106,0.051720000000000016,0.080877,1.3658264372406927,0.6183953033268103,0.4197651663405088,0.3849049889261231,0.02605254401619888,0.04113333333333331,0.090375,,0,0,neutre,365,0,0,30,,,17.0,57.0,43.0,68.0,50,46.46,False,False,,0,,,,54,13815892,59295672,233000000.0,1000000000.0,1000000000.0,23.3,,,
POLUSDT,POL,Etabli,79,0.07497,2956305.934943,0.82,34.60800462197116,-0.0010818446663484749,0.0906276,0.10458090000000009,0.6217166087233061,0.30861244019138756,0.28267942583732053,0.393044486627862,0.6127938143282959,0.08065638888888886,0.09960833333333331,doji_4h,0,0,neutre,365,0,0,30,,,45.0,19.0,73.0,68.0,50,46.25,False,False,,0,,,,44,798733956,798733956,10660181111.9921,10660181111.9921,,100.0,2211783280,$2.2B,-1.17
BIOUSDT,BIO,Mid,361,0.03219,4447461.309264,1.226,49.35032511215574,0.00048272321456853656,0.0377004,0.0346886,1.3131493779877965,0.5712396694214875,0.4694214876033058,0.5990124293000119,0.18350970759046392,0.01721111111111111,0.049316666666666675,macd_bullish_cross|downtrend,1,1,mixte,365,0,0,30,,,31.0,54.0,43.0,68.0,16.7,46.04,False,False,,0,,,,45,68825036,106524953,2145029070.25,3320000000.0,3320000000.0,64.6,4321235,$4M,19.7
ROBOUSDT,ROBO,Mid,469,0.02195,1749009.96249,5.681,56.30265200228983,0.0002938125503517302,0.020424200000000003,,0.9839909246345605,0.5693450013259083,0.41660037125430927,0.19039026348522603,0.276108700607882,0.017777222222222222,0.026266666666666674,,0,0,neutre,102,0,0,30,,,23.8,45.0,53.5,68.0,50,45.92,False,False,,0,,,,52,49087498,220024642,2231000000.0,10000000000.0,10000000000.0,22.3,,,
KAITOUSDT,KAITO,Mid,263,0.4259,544331.39347,1.02,42.200774726005854,-0.0045327809816140055,0.46485000000000004,0.45454850000000013,0.8526879079498181,0.21361058601134222,0.19546313799621937,0.2274474548328701,0.31590959824292925,0.3789888888888889,0.5067611111111112,doji_4h,0,0,neutre,365,0,0,30,,,31.0,36.0,85.0,57.5,50,45.82,False,False,,0,,,,51,102673333,425344071,241388889.0,1000000000.0,1000000000.0,24.1,,,
STRAXUSDT,STRAX,Speculative,808,0.00939,2051296.19401,-3.889,43.520778446253665,-3.703740141976892e-05,0.012220799999999997,0.016194250000000004,2.4581278215595224,0.48164281269446174,0.41568139390168013,7.133488131444706,0.23566639488743146,0.010489444444444447,0.014654444444444446,,0,0,neutre,365,0,0,30,,,17.0,55.0,41.5,68.0,50,45.75,False,False,,3,⚡ Volume ×7.1 vs médiane,,7.13,59,20412830,20412830,2175056023.901393,2175056023.901393,,100.0,,,
ETCUSDT,ETC,Etabli,64,7.18,1404121.5579,-1.644,35.60961139430148,-0.004069242675560525,8.441799999999999,9.831400000000002,0.4843328351386788,0.31963927855711427,0.28056112224448904,0.18781027408091186,0.7637665791564171,7.433055555555555,9.33527777777778,downtrend,0,1,baissier,365,0,0,30,,,45.0,28.0,75.5,68.0,16.7,45.59,False,False,,0,,,,39,1124058119,1124058119,156559601.6228963,156559601.6228963,210700000.0,100.0,,,
WUSDT,W,Mid,405,0.00973,3100086.975353,4.287,40.28675304324787,-8.558832407973282e-05,0.012394000000000006,0.02224399999999999,1.0540448871595645,0.5406417112299465,0.4780748663101605,0.7776239697747422,0.4504894491213148,0.010485833333333331,0.016527777777777773,doji_4h,0,0,neutre,365,0,0,30,,,31.0,37.0,49.0,68.0,50,45.22,False,False,,0,,,,46,58609810,97352129,6020393223.0,10000000000.0,10000000000.0,60.2,2107006531,$2.1B,20.23
ALTUSDT,ALT,Speculative,516,0.00631,1305976.05227,-0.786,45.126303116684326,1.996970767063628e-05,0.0071894,0.0090522,1.0210451548734285,0.3176895306859206,0.23947051744885675,0.7471312890397934,0.3726904055811668,0.006101111111111111,0.008268333333333334,macd_bullish_cross,1,0,haussier,365,0,0,30,,,17.0,46.0,62.5,68.0,50,45.16,False,False,,0,,,,54,40459220,63178113,6403993052.0,10000000000.0,10000000000.0,64.0,,,
VIRTUALUSDT,VIRTUAL,Mid,116,0.6425,5201243.75634,2.915,47.46186670621334,-0.001148872142423582,0.724494,0.7407769999999997,1.0207400785785363,0.41858720120055737,0.3117161539286097,0.39629227725310695,0.6309143583543001,0.6055083333333333,0.8333388888888889,downtrend|doji_4h,0,1,baissier,365,0,0,30,,,31.0,37.0,58.0,78.5,16.7,45.12,False,False,,0,,,,42,421095471,640880632,657057570.8827373,1000000000.0,1000000000.0,65.7,,,
UNIUSDT,UNI,Etabli,52,2.519,7051479.94913,-0.827,32.30213535430386,-0.008693045563583468,3.1937200000000003,4.1080250000000005,0.581817091670523,0.4236228049073852,0.3937936011546789,0.356458023908432,0.7478078231219006,2.7139166666666665,3.76286111111111,downtrend,0,1,baissier,365,0,0,30,,,45.0,19.0,71.0,78.5,16.7,45.11,False,False,,0,,,,36,1567077897,2252591791,622097561.5538775,894232420.0329479,1000000000.0,69.6,1456644394,$1.5B,6.72
PENGUUSDT,PENGU,Mid,115,0.006786,5857424.59709,-0.411,40.18726870521827,1.6603686400839396e-05,0.008651899999999999,0.00859792,0.86564154456352,0.4329952915610286,0.38527707352408547,0.26494827713261726,0.7038345090321091,0.006354666666666668,0.01020036111111111,macd_bullish_cross|downtrend,1,1,mixte,365,0,0,30,,,31.0,36.0,60.5,78.5,16.7,45.07,False,False,,2,🔥 Trending #6 sur CoinGecko,6,,42,426243758,538837246,62860396090.0,79465146505.9487,88888888888.0,79.1,,,
XPLUSDT,XPL,Mid,164,0.0874,27415635.36147,-1.466,53.70640171552883,0.0009742657914212863,0.08857600000000002,0.11751100000000003,1.581878356129183,0.5656493967352733,0.3789921930447126,0.9562703454064642,0.5116736984642213,0.07648611111111109,0.1291111111111111,macd_bullish_cross|downtrend,1,1,mixte,262,0,0,30,,,28.2,46.0,38.5,78.5,16.7,45.06,False,False,,0,,,,42,220614092,878551693,2511111111.1111,10000000000.0,,25.1,,,
GNOUSDT,GNO,Mid,137,106.6,613167.33866,9.614,49.48622152800601,0.9526353099176905,117.42759999999998,124.86299999999991,0.5645221989616038,0.37557746673102116,0.2648417568778873,0.8718719249556605,0.6918430180413003,103.5941666666667,137.52972222222223,macd_bullish_cross|downtrend,1,1,mixte,365,0,0,30,,,31.0,46.0,83.5,57.5,16.7,45.06,False,False,,0,,,,49,281156449,319545712,2639589.0,3000000.0,3000000.0,88.0,,,
0GUSDT,0G,Mid,371,0.303,1218202.45335,4.483,27.55188717273873,-0.002197753945151218,0.46378,0.6714549999999997,0.8472212348937297,0.558252427184466,0.5097087378640777,1.211066437470877,0.41651908735452686,0.35444444444444445,0.6002777777777779,,0,0,neutre,265,0,0,30,,,28.3,37.0,55.0,68.0,50,45.02,False,False,,0,,,,53,64512568,302592176,213199722.0,1000000000.0,,21.3,,,
BATUSDT,BAT,Mid,222,0.0889,756924.787,-3.474,41.310335917071164,-0.0011653338179362332,0.10132000000000002,0.14300450000000006,0.924001210047454,0.3046744574290484,0.25709515859766285,0.8577554732910658,0.5597580982507966,0.09107222222222223,0.11255555555555555,doji_4h,0,0,neutre,365,0,0,30,,,31.0,37.0,73.0,57.5,50,44.97,False,False,,0,,,,50,132847886,133227615,1495724656.9526057,1500000000.0,1500000000.0,99.7,,,
LUNCUSDT,LUNC,Mid,118,7.399e-05,3662624.98349734,2.564,49.82100420049288,1.4242213040257795e-07,7.94534e-05,4.975300000000001e-05,1.1805408863083522,0.4822096563723358,0.3559808612440192,0.21636312671355812,0.4000423959512369,3.68861111111111e-05,9.281972222222223e-05,macd_bullish_cross|downtrend|bullish_engulfing_4h,2,1,haussier,365,0,0,30,,,31.0,45.0,58.0,68.0,16.7,44.89,False,False,,0,,,,45,408973464,478597936,5516738946894.818,6455919768228.354,,85.5,,,
WALUSDT,WAL,Mid,309,0.0333,1218046.49803,1.216,21.20458794113408,-0.0005012816341329607,0.06262400000000001,0.0942945,0.9245216496936159,0.6391752577319588,0.6185567010309279,2.52012246000634,0.644970927389595,0.044702777777777786,0.0851611111111111,,0,0,neutre,247,0,0,30,,,27.8,37.0,55.0,68.0,50,44.89,False,False,,0,,,,57,79850291,166138446,2403125000.0,5000000000.0,5000000000.0,48.1,3371113,$3M,1.27
BANANAS31USDT,BANANAS31,Mid,331,0.007581,7827607.950445,-11.136,36.33127211602353,-0.0003336176346593316,0.01092992,0.007364830000000001,1.8290270428259123,0.5451325111519287,0.5028207819469955,0.6778874994476678,0.1440966690274071,0.009025333333333335,0.013803583333333334,macd_bearish_cross,0,1,baissier,365,0,0,30,,,31.0,45.0,28.0,78.5,19.7,44.88,False,False,,0,,,,38,75701414,75701414,10000000000.0,10000000000.0,10000000000.0,100.0,,,
OPNUSDT,OPN,Speculative,946,0.0843,4720175.39534,-8.667,37.109523106806435,-0.008189443379907235,0.165084,,3.2574969390977606,0.7387136672850958,0.7387136672850958,2.181831998758489,0.0233554552397242,0.12518055555555554,0.2553194444444445,rsi_bullish_divergence|doji_4h,1,0,haussier,101,0,0,30,,,9.8,63.0,28.0,68.0,50,44.74,False,False,,0,,,,54,15322711,84313819,181734276.26,1000000000.0,1000000000.0,18.2,5621740,$6M,-13.83
FFUSDT,FF,Mid,165,0.07668,2960335.133532,-2.181,38.883087350886825,-0.0029816266687897513,0.08128160000000001,0.08471529999999997,1.0794757828838861,0.4353809697411593,0.30424528301886794,0.9932682151468594,0.15317842776741647,0.06501333333333333,0.10109861111111113,uptrend,1,0,haussier,258,0,0,30,,,28.1,37.0,52.0,68.0,50,44.69,False,False,,0,,,,46,220269855,766156018,2875000000.0,10000000000.0,10000000000.0,28.7,1298485177,$1.3B,0.13
ALGOUSDT,ALGO,Etabli,82,0.0888,2037204.2766,0.0,34.84124631539218,-0.001840918893954836,0.11138600000000003,0.10972449999999996,0.752126297895151,0.35254491017964074,0.33532934131736525,0.271388504692851,0.48167585260929896,0.08636111111111112,0.12518055555555557,double_top_90d|doji_4h,0,1,baissier,365,0,0,30,,,45.0,27.0,68.5,68.0,16.8,44.66,False,False,,0,,,,38,791338464,791338464,8925012506.918276,8925012506.918276,10000000000.0,100.0,,,
BTCUSDT,BTC,Etabli,1,63756.52,847189060.3035157,-0.084,33.7214772490678,-28.413812806928945,74194.86979999999,77802.83515,0.4096000103279118,0.25940191998376844,0.22446824336726642,0.22815358489207277,1.0,64175.92500000002,80054.21583333332,bear_flag|support_bounce,1,1,mixte,365,0,0,30,,,45.0,19.0,69.5,78.5,13.1,44.59,False,False,,0,🔥 Trending #10 sur CoinGecko,10,,35,1277082162542,1277082162542,20042115.0,20042115.0,21000000.0,100.0,,,
AWEUSDT,AWE,Mid,260,0.05423,143077.83162,0.37,52.49780279607772,0.00015065171066983257,0.05436800000000001,0.056230100000000005,0.5538766286583929,0.2022819885900571,0.11638141809290954,0.11005789592893399,0.3335111936665124,0.04868083333333333,0.05798277777777778,double_bottom_90d|uptrend,2,0,haussier,365,0,0,30,,,31.0,37.0,95.5,47.0,50,44.58,False,False,,0,,,,56,105198146,105198146,1942420283.0270672,1942420283.0270672,2000000000.0,100.0,,,
STRKUSDT,STRK,Mid,166,0.0342,1955354.307956,-0.581,42.94254962808293,3.573290841952029e-05,0.040128000000000004,0.05748550000000001,0.8578976237611945,0.43493761140819964,0.38859180035650626,0.2712478105644775,0.5047081308582653,0.03283888888888889,0.04680833333333334,macd_bullish_cross,1,0,haussier,365,0,0,30,,,31.0,28.0,68.5,68.0,50,44.49,False,False,,0,,,,46,217709770,342571626,6355160584.348971,10000000000.0,10000000000.0,63.6,180467324,$180M,8.0
IOTAUSDT,IOTA,Mid,171,0.0468,1041591.588,-0.426,39.27386670826984,-0.0004187894995416096,0.05548800000000001,0.07187400000000001,0.7933111852768115,0.34513274336283184,0.308259587020649,0.3225565127084981,0.5903618608780211,0.049366666666666684,0.06364999999999998,,0,0,neutre,365,0,0,30,,,31.0,28.0,68.5,68.0,50,44.49,False,False,,0,,,,46,210230690,229891351,4489193915.0,4909020924.0,,91.4,,,
AXSUSDT,AXS,Mid,191,0.971,1019845.93412,1.569,37.03743992943382,-0.004434588190028746,1.2135800000000003,1.239325,0.701140855105627,0.43029150823827633,0.3865652724968315,0.26874234535358626,0.351493019285244,1.0026388888888889,1.4153055555555552,,0,0,neutre,365,0,0,30,,,31.0,28.0,68.5,68.0,50,44.49,False,False,,0,,,,46,167696800,261142438,173384825.001344,270000000.0,270000000.0,64.2,,,
DOLOUSDT,DOLO,Speculative,,0.02553,2184070.871363,6.82,43.55263936191344,8.439524006134767e-05,0.030632599999999992,0.037431549999999994,0.963337540826535,0.42485022141182605,0.33472258400625166,2.897478596213608,0.5039579186906081,0.026009999999999995,0.03684138888888889,macd_bullish_cross|downtrend,1,1,mixte,291,0,0,30,,,15.0,55.0,68.5,68.0,16.7,44.26,False,False,,0,,,,50,,,,,,,130263016,$130M,3.86
MMTUSDT,MMT,Speculative,722,0.1213,1724363.88033,11.284,53.87784483806342,0.0006741042618789344,0.127042,0.1593005,0.806740514647367,0.32516556291390725,0.18543046357615892,1.210985056926443,0.5168965575935657,0.10713333333333332,0.14446666666666666,macd_bullish_cross|downtrend,1,1,mixte,222,0,0,30,,,13.1,55.0,73.0,68.0,16.7,44.16,False,False,,0,,,,50,25131944,123138206,204095424.0,1000000000.0,1000000000.0,20.4,5669965,$6M,4.17
AVAXUSDT,AVAX,Etabli,34,6.656,8417434.35117,0.075,27.12650360719924,-0.0958094813595296,8.781080000000001,10.415720000000004,0.6536859342272082,0.3915157292659676,0.36520495710200196,0.1629025888995033,0.8194331937155408,7.568083333333334,9.914722222222222,downtrend,0,1,baissier,365,0,0,30,,,45.0,19.0,60.5,78.5,16.7,44.12,False,False,,0,,,,40,2871920524,3082566759,431771961.1772119,463441061.1772119,720000000.0,93.2,114280680,$114M,-0.71
QNTUSDT,QNT,Etabli,70,66.59,720883.33669,-0.849,41.43495365451371,-0.39943287509902636,71.9902,73.57194999999997,0.6278632715400275,0.18838789376158122,0.1772699197035208,0.10892535675620504,0.3002148534258072,67.28500000000001,78.97472222222221,downtrend,0,1,baissier,365,0,0,30,,,45.0,28.0,85.0,57.5,16.7,43.97,False,False,,0,,,,41,967471890,972016295,14544176.164081175,14612493.0,14612493.0,99.5,,,
LINEAUSDT,LINEA,Mid,318,0.002552,874074.128496,5.498,38.75121929446852,-8.994271568630175e-06,0.0032896800000000006,0.00457128,0.8063113771522962,0.4664662349676225,0.4100370027752081,0.5465136165792065,0.596408447056991,0.0026761944444444446,0.0038353055555555553,,0,0,neutre,277,0,0,30,,,28.6,37.0,68.5,57.5,50,43.88,False,False,,0,,,,49,78065250,183562978,30624246245.373516,72009990000.0,72009990000.0,42.5,,,
BANKUSDT,BANK,Speculative,892,0.0404,1881290.59162,-5.386,53.66330939883315,0.0008700975993182892,0.03644800000000001,0.040048000000000014,2.1163555195246677,0.5678571428571428,0.27857142857142864,0.9071384693047321,0.1779061089090439,0.031030555555555544,0.04398055555555556,downtrend|doji_4h,0,1,baissier,213,0,0,30,,,12.8,66.0,37.0,68.0,16.7,43.84,False,False,,0,,,,48,17174366,17174366,425250000.0,425250000.0,2100000000.0,100.0,,,
CATIUSDT,CATI,Speculative,687,0.0584,488188.97335,1.742,59.54887690310509,0.0011954020775645138,0.054479999999999994,0.052368,1.2349742569855084,0.4117647058823529,0.18067226890756305,0.2528680033147805,0.24318490112155497,0.04363611111111111,0.06342222222222221,macd_bullish_cross|downtrend,1,1,mixte,365,0,0,30,,,17.0,73.0,56.5,47.0,16.7,43.81,False,False,,0,,,,53,26514656,58434730,453748245.57,1000000000.0,1000000000.0,45.4,,,
FLOKIUSDT,FLOKI,Mid,151,2.489e-05,1330167.04038769,-0.44,37.469833611658544,8.37688047515885e-08,3.0078199999999996e-05,3.522250000000001e-05,0.6254915092622209,0.3760042849491162,0.3331547937868238,0.14472962950186005,0.7381498154936948,2.5403611111111104e-05,3.456305555555555e-05,macd_bullish_cross,1,0,haussier,365,0,0,30,,,31.0,28.0,60.5,68.0,50,43.74,False,False,,0,,,,45,240076790,248737583,9651810031851.0,10000000000000.0,10000000000000.0,96.5,9910847,$10M,4.4
MEGAUSDT,MEGA,Mid,397,0.05309,7104154.020221,11.463,34.29820279602781,0.0027041719336884304,,,1.1115734128044705,0.7445378151260504,0.6785714285714286,0.7450791394181765,,0.04685055555555555,0.14765055555555556,,0,0,neutre,45,0,0,30,,,22.2,36.0,34.5,78.5,50,43.64,False,False,,0,,,,43,59631407,527808355,1129792788.0,10000000000.0,10000000000.0,11.3,,,
BCHUSDT,BCH,Etabli,26,207.2,8736412.7352,1.024,24.607486389948562,-0.10396354990613332,359.3459999999999,484.7784999999998,0.9337752852138878,0.5958021612635079,0.5692019950124688,0.738582964273578,0.6482305649574127,251.08888888888896,470.9416666666667,double_top_90d,0,1,baissier,365,0,0,30,,,45.0,19.0,55.0,78.5,16.8,43.62,False,False,,0,,,,40,4152472983,4152531240,20047221.77165078,20047503.02165078,21000000.0,100.0,,,
AIXBTUSDT,AIXBT,Speculative,741,0.02394,2888134.82854,3.592,44.34664107935464,4.0623659828121876e-05,0.029137,0.028979249999999995,1.0780435846451828,0.42674094707520893,0.3317548746518106,1.2545686599004966,0.4992437763656232,0.02214111111111111,0.034038888888888896,macd_bullish_cross|downtrend,1,1,mixte,365,0,0,30,,,17.0,54.0,58.0,68.0,16.7,43.55,False,False,,0,,,,44,24065644,24194883,994658423.1010208,1000000000.0,1000000000.0,99.5,,,
HUMAUSDT,HUMA,Speculative,520,0.02315,673590.08185,4.045,48.40806612034166,-0.0003311119758475427,0.023337800000000006,0.02161415000000001,0.909302192239373,0.3833253473885961,0.1865121180189673,0.1210639589211429,0.3891075422444185,0.014550833333333334,0.026013333333333336,uptrend,1,0,haussier,365,0,0,30,,,17.0,45.0,73.0,57.5,50,43.35,False,False,,0,,,,55,40114951,231432409,1733333333.0,10000000000.0,10000000000.0,17.3,,,
ORDIUSDT,ORDI,Mid,348,3.416,4385403.1376,1.97,46.59060649893068,0.04500431205034233,4.159980000000001,3.6430449999999994,1.2478382644558086,0.6552007513500823,0.5987320967363231,0.46525794150174404,0.2771364755872023,2.3026388888888887,5.558861111111111,macd_bullish_cross|downtrend,1,1,mixte,365,0,0,30,,,31.0,45.0,38.5,68.0,16.7,43.05,False,False,,0,,,,42,71795634,71795634,21000000.0,21000000.0,,100.0,,,
ARKMUSDT,ARKM,Mid,312,0.124,1805426.91819,4.114,48.08076843420713,-0.0015886332239826656,0.12863999999999998,0.1455335000000001,1.313937491974646,0.2830188679245283,0.19193233571893298,0.22236833753602808,0.48837340434732,0.09722222222222227,0.14577500000000002,downtrend|doji_4h,0,1,baissier,365,0,0,30,,,31.0,37.0,62.5,68.0,16.7,43.03,False,False,,0,,,,43,79431020,123948991,640836360.0,1000000000.0,1000000000.0,64.1,,,
SUNUSDT,SUN,Mid,132,0.01692,1177622.29585,1.744,29.952773377093592,-9.088450973336669e-05,0.018929799999999997,0.01865149999999999,0.32513067065952694,0.1861366941347552,0.17983519146873478,0.33235845421859034,0.3308095493739233,0.017044444444444445,0.020182500000000003,bear_flag,0,1,baissier,365,0,0,30,,,31.0,27.0,95.5,68.0,13.1,42.91,False,False,,0,,,,48,325112523,336431121,19231207016.78254,19900730000.0,19900730000.0,96.6,208224070,$208M,103.45
TUSDT,T,Mid,500,0.00386,564768.062749,1.312,29.899050109897857,-4.957482211042567e-06,0.005254800000000001,0.00730865,0.6473106853330631,0.4828571428571429,0.44857142857142857,3.1444516536963327,0.7401439708592116,0.004271666666666667,0.006605833333333334,downtrend,0,1,baissier,365,0,0,30,,,31.0,46.0,60.5,57.5,16.7,42.9,False,False,,2,⚡ Volume ×3.1 vs médiane,,3.14,55,42963861,42963861,11155000000.0,11155000000.0,,100.0,327670451,$328M,6.96
SAHARAUSDT,SAHARA,Mid,446,0.01533,4236696.56052,-5.019,27.617850310375204,-0.002255690722100396,0.030344599999999992,0.026838850000000018,2.385730390086972,0.6516011810129457,0.6516011810129457,0.7487153596056356,0.2082815541486049,0.02007861111111111,0.03800944444444445,,0,0,neutre,353,0,0,30,,,30.7,36.0,28.0,68.0,50,42.87,False,False,,0,,,,48,52117645,152973184,3406979167.0,10000000000.0,10000000000.0,34.1,,,
ICXUSDT,ICX,Speculative,620,0.029,1556350.87587,-0.685,32.92554089685197,-0.00041692348269015806,0.035922,0.04426650000000001,0.7148573136901354,0.321256038647343,0.2971014492753623,15.33801952327576,0.6482438952331994,0.03163055555555555,0.03988888888888889,double_top_90d,0,1,baissier,365,0,0,30,,,17.0,46.0,73.0,68.0,16.8,42.7,False,False,,3,⚡ Volume ×15.3 vs médiane,,15.34,53,31667633,32004690,1097114952.081255,1108792174.218095,,98.9,,,
RUNEUSDT,RUNE,Mid,221,0.394,1172202.4171,-0.253,46.25431237147662,0.006252705101989338,0.4650799999999999,0.4911400000000002,1.1321745904061462,0.48966613672496023,0.3736089030206677,0.2963191809937105,0.590941716865607,0.3726111111111111,0.5556666666666668,macd_bullish_cross|downtrend,1,1,mixte,365,0,0,30,,,31.0,37.0,58.0,68.0,16.7,42.61,False,False,,0,,,,42,133520630,139769380,338372696.0,354208499.0,354208499.0,95.5,51020198,$51M,-5.09
LPTUSDT,LPT,Mid,286,1.814,503796.61971,0.387,39.63861018601197,-0.009399232742814512,2.08348,2.5648849999999985,0.662451635371045,0.2997532894736842,0.25493421052631576,0.2600685507378496,0.6503590220788529,1.8759444444444442,2.348777777777778,,0,0,neutre,365,0,0,30,,,31.0,28.0,73.0,57.5,50,42.41,False,False,,0,,,,47,90052439,90052439,49688954.55,49688954.55,,100.0,,,
SKYUSDT,SKY,Etabli,60,0.05626,529355.79596,-1.952,32.39760494186939,-0.0002928876316825573,0.0710522,0.06769594999999998,0.5868149126887501,0.3873491282968261,0.37125614662494416,0.1727807001601257,0.5569389761538058,0.06171916666666666,0.08326833333333333,downtrend,0,1,baissier,270,0,0,30,,,42.4,27.0,79.0,57.5,16.7,42.4,False,False,,0,,,,40,1309388301,1320170149,23271045226.84738,23462665147.36596,23462665147.3,99.2,5827417281,$5.8B,-1.15
AVAUSDT,AVA,Speculative,985,0.1913,924426.86831,-1.493,39.23668080191413,0.0006919933826411116,0.23717799999999997,0.250913,0.7862168051001206,0.3937931034482758,0.34068965517241373,2.2014912624022474,0.5617182678870065,0.1871638888888889,0.2757027777777778,macd_bullish_cross|downtrend,1,1,mixte,365,0,0,30,,,17.0,55.0,68.5,57.5,16.7,42.32,False,False,,0,,,,50,14001771,14001771,73278967.0,73278967.0,100000000.0,100.0,,,
CAKEUSDT,CAKE,Mid,108,1.344,1592598.92141,0.524,48.6635168364998,0.00812447346208172,1.43114,1.6230200000000008,0.7031222854931732,0.2860650705954573,0.1743400859422959,0.25439257577631863,0.6990609023837776,1.3000277777777773,1.5720277777777778,macd_bullish_cross|double_top_90d|support_bounce|downtrend,2,2,mixte,365,0,0,30,,,31.0,37.0,73.0,68.0,0,42.28,False,False,,0,,,,41,472622795,489253953,351860247.0167108,364241883.4500047,400000000.0,96.6,1799316723,$1.8B,1.77
LUMIAUSDT,LUMIA,Speculative,,0.0895,1599959.517663,-5.391,45.53234874745015,0.0010897009926495137,0.113926,0.09793500000000002,1.5430671732214107,0.5886712546320805,0.5256749602964532,0.48106060314107413,0.3077013483557027,0.0693361111111111,0.1472361111111111,macd_bullish_cross,1,0,haussier,365,0,0,30,,,17.0,45.0,34.0,68.0,50,42.19,False,False,,0,,,,49,,,,,,,,,
OSMOUSDT,OSMO,Speculative,563,0.0463,548515.462171,0.216,48.1647419643231,-9.226598043537613e-05,0.04842200000000001,0.046020000000000005,1.846335951083485,0.5825688073394495,0.4690366972477064,0.5984603232829072,0.24639376545696304,0.030394444444444432,0.06725833333333335,,0,0,neutre,365,0,0,30,,,17.0,54.0,32.5,57.5,50,42.11,False,False,,0,,,,51,35889826,45146344,777122843.998122,977554343.283961,1000000000.0,79.5,15711563,$16M,13.08
GPSUSDT,GPS,Speculative,619,0.0072,736662.183946,-0.277,48.924978201467766,2.04143906544144e-05,0.0074291999999999995,0.007675350000000003,1.1784717991037228,0.3026455026455026,0.2380952380952381,0.5430341634731226,0.21678682831045518,0.006852777777777777,0.009002777777777776,,0,0,neutre,365,0,0,30,,,17.0,46.0,56.5,57.5,50,42.09,False,False,,0,,,,53,31756413,72024706,4409100001.78,10000000000.0,10000000000.0,44.1,28324665,$28M,-2.86
KAIAUSDT,KAIA,Mid,170,0.0367,940017.06947,-1.609,30.359224609272474,-0.0005552938446989142,0.04595800000000001,0.055471500000000035,0.7097768404568896,0.3732142857142857,0.3446428571428571,0.687978953377667,0.6080223167519557,0.04066944444444443,0.05263333333333334,uptrend,1,0,haussier,365,0,0,30,,,31.0,28.0,68.5,57.5,50,41.98,False,False,,0,,,,46,214540419,214540425,5856641747.106198,5856641936.044253,,100.0,,,
CFXUSDT,CFX,Mid,152,0.04529,644194.34516,0.111,37.424517810000076,-1.2952802605866419e-05,0.0568188,0.06133505,0.7242525871871895,0.4350886339937435,0.4094108446298227,0.1875576507410427,0.5420396111300477,0.04741194444444445,0.06701111111111113,,0,0,neutre,365,0,0,30,,,31.0,28.0,68.5,57.5,50,41.98,False,False,,0,,,,46,236051541,236151258,5213885114.89,5216087642.53,,100.0,,,
NEXOUSDT,NEXO,Etabli,80,0.797,239938.97777,-0.994,43.91296299280058,0.0035932700712989554,0.8598999999999998,0.8933099999999999,0.42008636490294443,0.2047413793103449,0.14331896551724138,0.14986405674440725,0.8166692486903905,0.7987222222222222,0.9209722222222223,macd_bullish_cross|downtrend|doji_4h,1,1,mixte,365,0,0,30,,,45.0,28.0,87.5,47.0,16.7,41.7,False,False,,0,,,,41,795545962,795545962,1000000000.0,1000000000.0,1000000000.0,100.0,306639240,$307M,6.03
MIRAUSDT,MIRA,Speculative,959,0.053,1193944.93438,-2.214,25.88877229311585,-0.001348341053609363,0.07651799999999997,0.10118599999999996,0.8687552363375619,0.43564356435643564,0.4169416941694169,1.9071359640597219,0.6553647771955057,0.06435277777777779,0.08920833333333332,downtrend|doji_4h,0,1,baissier,261,0,0,30,,,14.2,46.0,68.5,68.0,16.7,41.47,False,False,,0,,,,50,14952977,52923302,282540524.0,1000000000.0,1000000000.0,28.3,,,
MEUSDT,ME,Speculative,562,0.0634,1651534.921385,6.198,31.848073033635174,-0.00014482609897356787,0.09321600000000001,0.15451550000000008,0.8963627004271498,0.5426975259377494,0.4932162809257781,3.8203252724841055,0.6602011666446898,0.07231111111111112,0.11848055555555553,downtrend,0,1,baissier,365,0,0,30,,,17.0,46.0,59.5,68.0,16.7,41.42,False,False,,2,⚡ Volume ×3.8 vs médiane,,3.82,49,36014313,63602000,566239825.232179,999990902.370824,1000000000.0,56.6,,,
CHIPUSDT,CHIP,Mid,375,0.03188,3199337.66501,0.0,38.337772476026004,0.0005662808470584431,0.05019759999999999,,1.1493346214285116,0.7302375044310528,0.7175646933711449,0.041127720631692156,,0.031606190476190475,0.08148904761904763,,0,0,neutre,54,0,0,30,,,22.5,36.0,34.5,68.0,50,41.2,False,False,,0,,,,43,63672074,318360368,2000000000.0,10000000000.0,10000000000.0,20.0,,,
ATMUSDT,ATM,Speculative,,1.018,349498.28099,1.902,53.64606795785225,0.01053985059993659,1.03162,1.0463449999999999,0.7640166334142977,0.28393005828476275,0.15320566194837648,0.5311159344684314,0.46374391335238935,0.9553888888888891,1.1834722222222225,macd_bullish_cross|support_bounce|doji_4h,2,0,haussier,365,0,0,30,,,17.0,46.0,73.0,47.0,50,41.13,False,False,,0,,,,55,,,,,,,,,
KAVAUSDT,KAVA,Mid,466,0.04567,969906.003644,1.579,36.424491703556285,-0.00018360028899933956,0.05686459999999999,0.06749430000000005,0.7009999743730436,0.3790523690773067,0.33005720991638543,0.7753713279328173,0.5559300377418888,0.04731194444444445,0.06453666666666669,downtrend|doji_4h,0,1,baissier,365,0,0,30,,,31.0,37.0,68.5,57.5,16.7,41.09,False,False,,0,,,,41,49375696,49375696,1082847016.0,1082847016.0,,100.0,,,
PENDLEUSDT,PENDLE,Mid,162,1.305,2399450.8718,2.999,42.43454150042125,0.0010345590289144169,1.6129799999999994,1.6239099999999993,0.9661289696438463,0.4529356943150047,0.39095992544268404,0.2051794422766093,0.6114998212386601,1.0758055555555557,1.9700555555555554,macd_bullish_cross|downtrend,1,1,mixte,365,0,0,30,,,31.0,28.0,68.5,68.0,16.7,41.03,False,False,,0,,,,38,222968741,367367042,170869494.5664917,281527448.4585314,,60.7,1170275519,$1.2B,0.71
GALAUSDT,GALA,Mid,224,0.00269,1780321.17479,0.373,40.22012948868314,3.167826618598351e-06,0.0032251999999999992,0.004518899999999999,0.7033826228215773,0.40144230769230765,0.3533653846153845,0.33735347120089426,0.6204602574846777,0.002703611111111111,0.0037363888888888894,macd_bullish_cross|downtrend,1,1,mixte,365,0,0,30,,,31.0,28.0,68.5,68.0,16.7,41.03,False,False,,0,,,,38,130287021,130287022,48557631319.92415,48557631612.82141,50000000000.0,100.0,,,
WIFUSDT,WIF,Mid,198,0.1614,1279990.987962,1.382,41.93026984698249,-0.0007686629541244355,0.18880600000000008,0.24902649999999998,0.8784142040849993,0.36379310344827587,0.3038793103448276,0.18483571473546928,0.6353293053936551,0.16284444444444443,0.21738888888888894,downtrend,0,1,baissier,365,0,0,30,,,31.0,28.0,68.5,68.0,16.7,41.03,False,False,,0,,,,38,161119825,161119825,998926392.0,998926392.0,998926392.0,100.0,,,
ASRUSDT,ASR,Speculative,,1.046,678990.4917,1.652,50.72521323806507,0.019119733211925102,1.12946,1.3367500000000003,0.9388820841847529,0.4032140248356465,0.24178232286340393,1.2780196039464322,0.37884953529679444,0.9744722222222221,1.3381944444444447,double_top_90d|downtrend,0,2,baissier,365,0,0,30,,,17.0,55.0,73.0,57.5,0,41.0,False,False,,0,,,,46,,,,,,,,,
APEUSDT,APE,Mid,226,0.1295,873528.642396,0.232,46.84759516264174,-0.000377656053843059,0.14489800000000003,0.15151200000000004,0.8626483838744484,0.3541436464088397,0.28453038674033143,0.17377128333798936,0.2241483482305396,0.08608888888888885,0.16868055555555556,downtrend,0,1,baissier,365,0,0,30,,,31.0,37.0,67.0,57.5,16.7,40.95,False,False,,0,,,,44,129380855,129380855,1000000000.0,1000000000.0,1000000000.0,100.0,,,
EDENUSDT,EDEN,Speculative,,0.0401,1451586.60621,-11.283,42.03044640280018,-0.0015278699709716363,0.051182000000000005,0.049271,3.039661637533639,0.6852003270645953,0.6713000817661489,0.51416994035328,0.22821539878815286,0.030088888888888887,0.07594444444444443,,0,0,neutre,257,0,0,30,,,14.0,45.0,28.0,68.0,50,40.8,False,False,,0,,,,45,,,,,,,,,
PUNDIXUSDT,PUNDIX,Speculative,695,0.1015,412915.88872,1.5,32.335781058673234,-0.0018618942442920582,0.137054,0.1770960000000001,0.8906681473860079,0.43830570902394106,0.3787599754450583,1.6215537020757504,0.5277686202020972,0.11698611111111108,0.1585777777777778,doji_4h,0,0,neutre,365,0,0,30,,,17.0,46.0,68.5,47.0,50,40.71,False,False,,0,,,,52,26118805,26118805,258386541.0999244,258386541.0999244,,100.0,,,
XAIUSDT,XAI,Speculative,906,0.00801,545524.305257,1.779,36.95280629326012,-5.512238319506108e-05,0.010181000000000003,0.012260999999999998,0.7779537894933728,0.4210931485758276,0.3826020015396459,0.525889741264789,0.5408938695382938,0.0084,0.01172138888888889,,0,0,neutre,365,0,0,30,,,17.0,37.0,68.5,57.5,50,40.65,False,False,,0,,,,49,16641338,17715414,2072697770.8766448,2206475149.177267,2500000000.0,93.9,,,
OGUSDT,OG,Speculative,,2.688,518511.2082,-2.995,45.30615366281854,0.016192657383805015,3.0075,4.935889999999997,0.8024602299503932,0.4030379746835443,0.31949367088607594,0.20031366784048224,0.41203916586649114,2.5407500000000005,3.3768611111111118,macd_bullish_cross|doji_4h,1,0,haussier,365,0,0,30,,,17.0,37.0,68.5,57.5,50,40.65,False,False,,0,,,,52,,,,,,,,,
PLUMEUSDT,PLUME,Mid,394,0.01056,927637.39717,0.667,39.57258422956714,-0.00022855762500539217,0.012580599999999999,0.013651950000000001,1.0814356909830678,0.3549007046764894,0.3241511851377322,0.23625043537572174,0.4889263722184837,0.009751944444444445,0.014485277777777777,,0,0,neutre,300,0,0,30,,,29.2,28.0,58.0,57.5,50,40.5,False,False,,0,,,,45,60624128,105292673,5757677709.0,10000000000.0,10000000000.0,57.6,,,
HEMIUSDT,HEMI,Speculative,,0.00602,2060169.190666,5.429,45.15617627872357,3.3631169575076966e-05,0.007293600000000001,0.0106234,1.1717832566255861,0.501010101010101,0.390909090909091,1.0788986093463762,0.34877886214459625,0.00580361111111111,0.00887722222222222,macd_bullish_cross|double_top_90d|downtrend,1,2,baissier,264,0,0,30,,,14.2,55.0,49.0,68.0,0,40.48,False,False,,0,,,,42,,,,,,,29517904,$30M,6.31
TIAUSDT,TIA,Mid,134,0.3346,3169980.372985,1.95,42.92571981747845,-0.003021272921658446,0.385296,0.40985049999999995,1.0769747231869218,0.36317567567567577,0.29349662162162166,0.28239599869747284,0.5828323352577319,0.29459444444444444,0.44571666666666665,support_bounce|downtrend,1,1,mixte,365,0,0,30,,,31.0,28.0,62.5,68.0,16.7,40.47,False,False,,0,,,,37,310783513,391300551,929554146.198949,1170380775.54439,,79.4,,,
TSTUSDT,TST,Speculative,925,0.01701,2370393.305488,0.354,51.852168682027376,0.00016230518447893404,0.017016000000000003,0.013674500000000008,1.376773811791021,0.4976976208749041,0.34842670759785116,0.4734825270595176,0.28270278572476143,0.008344722222222222,0.021259999999999994,macd_bullish_cross|downtrend|doji_4h,1,1,mixte,365,0,0,30,,,17.0,45.0,52.0,68.0,16.7,40.42,False,False,,0,,,,44,15872781,15872781,940135195.5453386,940135195.5453386,1000000000.0,100.0,,,
SAGAUSDT,SAGA,Speculative,,0.01258,1629971.916844,-2.556,35.850024299499836,-0.0001962281567096636,0.018889399999999997,0.037827400000000004,1.2797444093153652,0.7284034373586613,0.715513342379014,0.5748126793632654,0.23417049937563597,0.014993055555555551,0.032578888888888886,,0,0,neutre,365,0,0,30,,,17.0,37.0,38.5,68.0,50,40.34,False,False,,0,,,,44,,,,,,,,,
ETHFIUSDT,ETHFI,Mid,138,0.318,2047158.8522,3.583,41.42739062417631,0.0005671940832418544,0.38568,0.5440749999999999,0.9555675838123362,0.5094017094017094,0.45641025641025634,0.27105524537199677,0.6253847652149042,0.32869444444444446,0.533611111111111,macd_bullish_cross|downtrend,1,1,mixte,365,0,0,30,,,31.0,28.0,59.5,68.0,16.7,40.19,False,False,,0,,,,37,280915152,318513460,880665741.0,998535999.0,1000000000.0,88.2,2794816913,$2.8B,6.2
2ZUSDT,2Z,Mid,149,0.07,614086.33337,1.302,35.64687366297244,-0.0010542657924548,0.08871079999999999,0.09602550000000006,1.0296099467956248,0.4021257750221435,0.3804251550044287,0.3864466799799105,0.5874706110575535,0.07124777777777778,0.10266111111111112,uptrend,1,0,haussier,255,0,0,30,,,28.0,28.0,58.0,57.5,50,40.16,False,False,,0,,,,45,242714935,699395796,3469785167.4,9998367667.4,10000000000.0,34.7,351358632,$351M,7.26
MOVRUSDT,MOVR,Speculative,917,1.334,4343046.494089,-0.448,36.8458911072013,0.009897403734296872,2.0267800000000005,1.967265000000001,0.9938253420927158,0.5925291295407814,0.542837559972584,0.6460677386619332,0.29855834476983983,1.117083333333333,2.680305555555555,macd_bullish_cross|downtrend,1,1,mixte,365,0,0,30,,,17.0,45.0,49.0,68.0,16.7,40.14,False,False,,0,,,,40,16248908,16722291,12185324.0,12540321.0,,97.2,,,
DASHUSDT,DASH,Mid,111,35.1,3139112.08492,-1.349,43.37389017440969,-0.14935458246883027,41.09300000000001,41.6836,1.263475922641634,0.3955495875695377,0.32629963552656827,0.11283743386435609,0.55246960882592,31.28194444444445,48.073611111111106,downtrend,0,1,baissier,365,0,0,30,,,31.0,28.0,58.0,68.0,16.7,40.04,False,False,,0,,,,37,446852221,446895439,12729094.75160953,12730325.8799156,18920000.0,100.0,,,
ZENUSDT,ZEN,Mid,314,4.361,1534129.73689,-0.229,35.44645259413454,-0.05379546014331599,5.9156200000000005,6.9983450000000005,1.1382292625648534,0.45068565400843874,0.42457805907172996,0.25274753686171236,0.6698135236019238,4.739222222222222,6.944833333333334,downtrend,0,1,baissier,365,0,0,30,,,31.0,28.0,58.0,68.0,16.7,40.04,False,False,,0,,,,37,78882657,91514576,18101332.87278685,21000000.0,21000000.0,86.2,,,
HAEDALUSDT,HAEDAL,Speculative,,0.01886,1558720.597955,-3.677,32.49357439354098,-0.0004470217677424418,0.028927200000000007,0.034083699999999995,1.223775364515506,0.5204373860973704,0.5095027336631086,4.338184284822122,0.34720153379959523,0.02333861111111111,0.03547194444444444,downtrend|doji_4h,0,1,baissier,365,0,0,30,,,17.0,46.0,44.5,68.0,16.7,40.0,False,False,,2,⚡ Volume ×4.3 vs médiane,,4.34,47,,,,,,,29263177,$29M,4.5
CHZUSDT,CHZ,Mid,139,0.02589,6462408.12503,-5.786,35.1011280777866,-2.4719761003189587e-05,0.0386262,0.039623950000000005,1.223708563790253,0.5083499005964215,0.4848906560636183,0.4500465405479284,0.3492894424910716,0.029768611111111128,0.04769333333333334,death_cross|downtrend,0,2,baissier,365,0,0,30,,,31.0,28.0,49.0,78.5,0,39.97,False,False,,0,,,,31,269274660,269274660,10411141185.0,10411141185.0,,100.0,,,
SUPERUSDT,SUPER,Mid,378,0.0984,490156.1612,3.145,42.675732074081026,-6.090587629454039e-05,0.11513999999999994,0.15255300000000002,0.8181427228838122,0.34183673469387743,0.2827988338192419,0.47727806757836366,0.510944741117075,0.09726111111111112,0.1337361111111111,,0,0,neutre,365,0,0,30,,,31.0,28.0,73.0,47.0,50,39.9,False,False,,0,,,,47,62919520,98286480,640164549.0,1000000000.0,1000000000.0,64.0,,,
GLMUSDT,GLM,Mid,253,0.1103,118185.99871,-0.271,35.00760421711075,-0.001261918982148667,0.132908,0.172536,0.6421701646249738,0.32054616384915474,0.2841352405721716,0.22511991292947756,0.5927366886616614,0.11726388888888886,0.14511666666666667,doji_4h,0,0,neutre,365,0,0,30,,,31.0,28.0,73.0,47.0,50,39.9,False,False,,0,,,,47,109938081,109938081,1000000000.0,1000000000.0,,100.0,,,
AVNTUSDT,AVNT,Speculative,564,0.1106,1187480.04843,-1.25,39.394113187898206,-0.0007926045996466471,0.13976400000000003,0.2093045,0.9951230813439214,0.43777777777777777,0.3855555555555555,0.42337206049165527,0.5782699396787602,0.11617777777777778,0.16198333333333328,,0,0,neutre,272,0,0,30,,,14.5,28.0,68.5,68.0,50,39.89,False,False,,0,,,,46,35817253,110530081,324049822.4490284,1000000000.0,1000000000.0,32.4,35094055,$35M,-6.83
USTCUSDT,USTC,Speculative,586,0.00606,761209.95008,2.192,47.85741082282861,-1.2922154055804567e-05,0.006470599999999997,0.006001749999999999,0.7666948415556665,0.3034825870646766,0.2462686567164179,0.2833885546544412,0.42890493853981265,0.004535833333333333,0.007286388888888888,downtrend,0,1,baissier,365,0,0,30,,,17.0,45.0,73.0,57.5,16.7,39.89,False,False,,0,,,,47,33787593,36835767,5576424363.861617,6079505739.839214,,91.7,,,
DYDXUSDT,DYDX,Mid,262,0.12239,881163.2349887,0.139,39.46130727505468,-0.0051225497075700135,0.15375999999999998,0.14463905,1.205779525790823,0.4069522291355993,0.36956857098781304,0.2013858578728821,0.3487553728249711,0.0893125,0.17431083333333333,downtrend|hammer_4h,1,1,mixte,365,0,0,30,,,31.0,36.0,58.0,57.5,16.7,39.81,False,False,,0,,,,39,103291407,117273347,844084129.0970293,958342751.0,1000000000.0,88.1,95839362,$96M,-1.93
USUALUSDT,USUAL,Speculative,845,0.0106,804241.402082,0.474,40.50278248027183,1.1660291431621816e-05,0.013428600000000002,0.018018899999999994,0.92040760342102,0.4699421965317919,0.38670520231213873,1.162721918606917,0.6396245762886851,0.010865555555555554,0.015848888888888888,macd_bullish_cross|downtrend,1,1,mixte,365,0,0,30,,,17.0,46.0,68.5,57.5,16.7,39.75,False,False,,0,,,,44,18945615,19456278,1790016387.4638243,1838264737.611256,3000000000.0,97.4,95080296,$95M,-0.19
IOTXUSDT,IOTX,Speculative,617,0.00339,534390.83584,-0.587,32.99495758972462,-2.2469802837168495e-05,0.004325400000000001,0.005860599999999999,0.6863968395589579,0.40036231884057966,0.3858695652173913,2.56027380076684,0.5557839260970541,0.0037283333333333344,0.005221944444444443,downtrend,0,1,baissier,365,0,0,30,,,17.0,46.0,68.5,57.5,16.7,39.75,False,False,,0,,,,48,31964385,31964385,9441368550.0,9441368555.0,10000000000.0,100.0,,,
BBUSDT,BB,Speculative,,0.0222,696360.94929,3.738,41.39126606399626,-0.00010341763817644893,0.028338000000000002,0.04007550000000002,1.2339292032420677,0.4587912087912088,0.3901098901098901,0.5187269995639265,0.5137147909082168,0.021977777777777777,0.0335,,0,0,neutre,365,0,0,30,,,17.0,37.0,58.0,57.5,50,39.66,False,False,,0,,,,47,,,,,,,,,
TKOUSDT,TKO,Speculative,,0.0512,196925.06629,0.0,47.65667968045333,0.0004906798262922715,0.05603999999999997,0.06745599999999995,0.5504169628756613,0.30678466076696165,0.2433628318584071,0.32462312725500886,0.623796277355802,0.04928333333333333,0.06514444444444445,,0,0,neutre,365,0,0,30,,,17.0,37.0,83.5,47.0,50,39.55,False,False,,0,,,,54,,,,,,,,,
XVSUSDT,XVS,Speculative,509,2.47,75491.9075,-0.803,45.42061646692298,0.005412977527226831,2.6226,3.443400000000001,0.5414681340223962,0.2975460122699386,0.23926380368098155,0.05957453766688096,0.5410054203537132,2.4647222222222216,2.9474999999999993,macd_bullish_cross,1,0,haussier,365,0,0,30,,,17.0,37.0,83.5,47.0,50,39.55,False,False,,0,,,,54,41612281,73560008,16826558.448522266,29745107.921051685,30000000.0,56.6,1050916540,$1.1B,6.02
CKBUSDT,CKB,Mid,423,0.001136,213336.274767,1.068,38.92036648725889,6.326377643362565e-06,0.0013918799999999999,0.0018397400000000012,0.6627293686711776,0.4053899082568808,0.3497706422018349,0.3642677296024178,0.6539309796175024,0.0011678055555555554,0.0016271944444444446,macd_bullish_cross,1,0,haussier,365,0,0,30,,,31.0,28.0,68.5,47.0,50,39.48,False,False,,0,,,,46,55409490,56330298,48944110568.83206,49757475366.61429,,98.4,,,
POLYXUSDT,POLYX,Mid,455,0.0397,173946.64025,0.506,35.3113393986433,-0.0004036167289722687,0.04893600000000001,0.0508115,0.6815116236396345,0.3532513181019332,0.30404217926186283,0.16644170855224436,0.4313067320311315,0.04089444444444446,0.05626111111111112,doji_4h,0,0,neutre,365,0,0,30,,,31.0,28.0,68.5,47.0,50,39.48,False,False,,0,,,,46,50797652,50797652,1286125287.532333,1286125287.532333,,100.0,,,
SFPUSDT,SFP,Mid,235,0.2442,112210.089,-1.967,41.631776891146394,0.0005981042342227145,0.28934600000000005,0.30301199999999995,0.7780132435443013,0.41596417281348785,0.3577449947312961,0.3255389726037261,0.5328367307548224,0.2513416666666666,0.3309527777777778,macd_bullish_cross,1,0,haussier,365,0,0,30,,,31.0,28.0,68.5,47.0,50,39.48,False,False,,0,,,,46,121918040,121918040,500000000.0,500000000.0,500000000.0,100.0,,,
SPKUSDT,SPK,Mid,427,0.019718,1832506.614781,-1.38,31.458013701828975,0.00023623489082559308,0.02912238,0.02438791499999999,0.7490255647150887,0.6412507701786814,0.62051370918053,0.4422288634002602,0.32388625632652196,0.01973236111111111,0.03926633333333334,macd_bullish_cross|downtrend,1,1,mixte,362,0,0,30,,,30.9,27.0,55.0,68.0,16.7,39.45,False,False,,0,,,,36,54728357,197027766,2777697702.162387,10000000000.0,10000000000.0,27.8,3342021807,$3.3B,8.29
BARDUSDT,BARD,Mid,439,0.1634,787151.65139,1.743,34.69509179661908,0.0025445625852671613,0.22993000000000005,0.6002440000000001,0.7394561254089156,0.8622655388010299,0.8495770503861714,0.5822943908670497,0.5753516224034247,0.17348611111111112,0.542913888888889,macd_bullish_cross,1,0,haussier,269,0,0,30,,,28.4,28.0,49.0,57.5,50,39.42,False,False,,0,,,,43,52653236,163265847,322500000.0,1000000000.0,1000000000.0,32.2,568619543,$569M,4.76
NILUSDT,NIL,Speculative,864,0.03885,1464211.115065,2.399,39.780992849669786,-0.002029256125818713,0.0524998,0.05572580000000002,2.044007253391055,0.6246753246753246,0.5800865800865801,0.6738145338573222,0.20444792473446408,0.03337499999999999,0.0699086111111111,,0,0,neutre,365,0,0,30,,,17.0,37.0,28.0,68.0,50,39.35,False,False,,0,,,,43,18156898,38805642,467893249.996,1000000000.0,,46.8,,,
CFGUSDT,CFG,Mid,306,0.2118,1393580.48013,-3.022,42.14568281819073,-0.00290157546693442,0.2502640000000001,,1.3192043110445422,0.3882807469414037,0.31873792659368955,0.1129560469238882,,0.1467722222222222,0.30118055555555556,downtrend,0,1,baissier,90,0,0,30,,,23.5,36.0,48.0,68.0,16.7,39.28,False,False,,0,,,,37,80465474,143845483,380384016.0,680000000.0,,55.9,1633916919,$1.6B,18.11
ZKCUSDT,ZKC,Speculative,981,0.0487,557706.85337,-0.612,28.59443548062211,-0.0002902032545587527,0.067012,0.09118150000000001,0.7037784731077779,0.43614457831325304,0.4132530120481928,1.1537875160964368,0.7224082787228633,0.05540833333333332,0.08050555555555555,doji_4h,0,0,neutre,272,0,0,30,,,14.5,37.0,60.5,57.5,50,39.19,False,False,,0,,,,54,14127082,51146284,290641046.0,1052249087.799306,,27.6,,,
ACHUSDT,ACH,Speculative,,0.00549,709756.61529,0.366,37.858926044342546,1.5674224107519352e-05,0.0068232000000000015,0.0077066999999999995,0.549281920316681,0.42954545454545456,0.37613636363636366,0.3867108860559547,0.37196925256767505,0.005564722222222222,0.008081944444444444,macd_bullish_cross,1,0,haussier,365,0,0,30,,,17.0,28.0,79.0,57.5,50,39.08,False,False,,0,,,,48,,,,,,,,,
NMRUSDT,NMR,Mid,400,8.41,116605.8382,-1.059,48.28360505721226,0.04196544897779281,8.783199999999999,8.900749999999999,0.7261420858418953,0.26269531250000006,0.17968749999999997,0.06541996739003149,0.4585610945702078,7.022499999999998,9.423888888888888,macd_bullish_cross|downtrend,1,1,mixte,365,0,0,30,,,31.0,37.0,73.0,47.0,16.7,39.0,False,False,,0,,,,45,59072653,89259913,7037994.931884928,10634545.52335643,11000000.0,66.2,,,
FORMUSDT,FORM,Mid,287,0.2346,799643.73535,0.947,45.88765730538529,-0.00236366825650689,0.255464,0.2796934999999998,1.1877082748560948,0.28576051779935274,0.240453074433657,0.2972534151419982,0.4491285500719206,0.2137611111111111,0.29017499999999996,macd_bearish_cross|downtrend,0,2,baissier,365,0,0,30,,,31.0,37.0,62.5,57.5,0,38.78,False,False,,0,,,,39,89607815,134294637,381867255.14,572301922.1,580000000.0,66.7,,,
ZROUSDT,ZRO,Mid,154,0.934,3383957.0601,0.864,36.83904687792002,-0.0018050557591028638,1.2669000000000004,1.595915,1.0118552760205495,0.648508430609598,0.5961954172070904,0.31475200652324814,0.49806812757399,1.0259166666666664,2.1088055555555556,downtrend,0,1,baissier,365,0,0,30,,,31.0,28.0,44.5,68.0,16.7,38.77,False,False,,0,,,,35,235482019,933224255,252331652.6536562,1000000000.0,1000000000.0,25.2,7554765056,$7.6B,0.85
BERAUSDT,BERA,Mid,349,0.259,1733178.720753,1.569,36.351582226771704,-0.0017634273402865608,0.34914000000000006,0.542655,1.0946521483294054,0.6523031203566122,0.6151560178306092,0.4315713622904302,0.6387684304836834,0.2907222222222221,0.5185555555555555,downtrend,0,1,baissier,365,0,0,30,,,31.0,28.0,44.5,68.0,16.7,38.77,False,False,,0,,,,35,71499637,140128610,276748731.619078,542386184.7295561,,51.0,,,
LAYERUSDT,LAYER,Speculative,980,0.0676,742234.128693,3.364,40.428411491962926,-0.0005221803888885573,0.08551999999999998,0.11503399999999997,1.1283504101481854,0.49193548387096775,0.45564516129032256,1.007245565772047,0.5638089215336932,0.07116388888888887,0.1010861111111111,downtrend,0,1,baissier,365,0,0,30,,,17.0,46.0,58.0,57.5,16.7,38.77,False,False,,0,,,,42,14168278,67467990,210000000.0,1000000000.0,1000000000.0,21.0,9918597,$10M,6.69
CVXUSDT,CVX,Mid,236,1.345,425000.379466,-2.607,42.13866300926268,0.009471653974345587,1.6207600000000002,1.8184049999999994,0.873218649228542,0.43917332080789107,0.3682480037576327,0.30992684264770926,0.770361146630061,1.391805555555556,1.9165555555555558,macd_bullish_cross,1,0,haussier,365,0,0,30,,,31.0,28.0,60.5,47.0,50,38.72,False,False,,0,,,,45,121611118,134547950,90360893.86537892,99973367.34231174,100000000.0,90.4,523091734,$523M,4.35
DUSKUSDT,DUSK,Mid,432,0.0912,417734.5023,-3.185,34.14748141565585,-0.0009824071367822568,0.12537999999999994,0.1006034999999999,0.9426573620596754,0.4787430683918669,0.43561306223043744,0.11450018261567294,0.26137443659230136,0.09101111111111111,0.15428333333333336,uptrend|doji_4h,1,0,haussier,365,0,0,30,,,31.0,27.0,62.5,47.0,50,38.63,False,False,,0,,,,45,53626509,53626509,587957450.7039574,587957450.7039574,1000000000.0,100.0,,,
PONDUSDT,POND,Speculative,973,0.00176,375244.13032,-1.676,49.46576780644966,9.367139739580327e-06,0.0018687999999999999,0.0028086,2.609386668309018,0.45200000000000007,0.296,0.5677343607686922,0.11216743643893175,0.0015230555555555557,0.002522777777777778,doji_4h,0,0,neutre,365,0,0,30,,,17.0,46.0,46.0,47.0,50,38.59,False,False,,0,,,,51,14467340,17637947,8202394162.0,10000000000.0,10000000000.0,82.0,,,
TLMUSDT,TLM,Speculative,,0.001042,846468.875677,5.04,27.2250536833412,-9.003577075229909e-06,0.0016066399999999997,0.0018854599999999996,0.9067646426670309,0.5413461538461538,0.5052884615384615,2.3315894801680117,0.5937558731837501,0.001215972222222222,0.0019836111111111113,downtrend|doji_4h,0,1,baissier,365,0,0,30,,,17.0,46.0,55.0,57.5,16.7,38.48,False,False,,0,,,,52,,,,,,,,,
LDOUSDT,LDO,Mid,163,0.2628,1801275.169032,-1.647,33.24950183495143,-0.0009683109114154848,0.34397199999999983,0.41801749999999993,0.6541751530464693,0.42892266428252124,0.4123826553419758,0.3219813412573988,0.6526019723060261,0.2752416666666668,0.405813888888889,downtrend|doji_4h,0,1,baissier,365,0,0,30,,,31.0,19.0,68.5,68.0,16.7,38.47,False,False,,0,,,,36,221367058,262645894,842834643.4560835,1000000000.0,1000000000.0,84.3,14934902382,$14.9B,6.22
SUSDT,S,Mid,245,0.03058,1030360.670798,-1.83,31.746320724952,-0.00022665232829136538,0.04249580000000001,0.05667874999999999,0.8589365665443829,0.46518814760952554,0.4433739320123614,0.3238494573263349,0.59811525329743,0.034417222222222224,0.04989444444444445,downtrend,0,1,baissier,365,0,0,30,,,31.0,19.0,68.5,68.0,16.7,38.47,False,False,,0,,,,36,115745503,118825764,3784775845.0,3885497663.0,,97.4,,,
FOGOUSDT,FOGO,Mid,459,0.01308,568183.79542,7.038,45.61318581630993,0.00019731555285723372,0.016426999999999997,,1.799613054413902,0.5374264087468461,0.4486963835155593,0.43842001455416074,0.254847307994574,0.012720833333333332,0.021431944444444448,macd_bullish_cross|downtrend,1,1,mixte,150,0,0,30,,,25.1,45.0,32.5,57.5,16.7,38.34,False,False,,0,,,,41,50264069,131108860,3838565919.289855,10012520236.34326,,38.3,,,
LAUSDT,LA,Speculative,988,0.0721,607179.74295,-1.771,30.025496391885085,6.429964936615316e-05,0.11811599999999997,0.223742,1.0509061422749963,0.7271634615384616,0.7111378205128205,1.1831546783449152,0.49625094608189313,0.0882472222222222,0.20803333333333335,macd_bullish_cross,1,0,haussier,340,0,0,30,,,16.3,37.0,44.5,57.5,50,38.2,False,False,,0,,,,45,13905768,72050610,193000000.0,1000000000.0,,19.3,,,
HIVEUSDT,HIVE,Speculative,671,0.0504,328234.1377,-0.395,40.17979840953343,-0.00044831809313986785,0.05963199999999998,0.0750625,0.9525872682737686,0.35743519781718963,0.3137789904502047,0.9645121129010087,0.47767846301694844,0.05362222222222221,0.06872777777777778,,0,0,neutre,365,0,0,30,,,17.0,37.0,68.5,47.0,50,38.14,False,False,,0,,,,49,27669943,56253485,550140465.0,1118445313.0,,49.2,,,
HOTUSDT,HOT,Mid,417,0.000316,93496.174856,0.637,33.32501040064682,-3.8245382742204396e-07,0.0003908999999999999,0.0004357699999999997,0.5169015734286762,0.3526881720430108,0.3225806451612903,0.18757980850790243,0.6929016408667537,0.00033666666666666675,0.0004577222222222222,doji_4h,0,0,neutre,365,0,0,30,,,31.0,19.0,79.0,47.0,50,37.9,False,False,,0,,,,45,56136679,56136679,177619433541.1413,177619433541.1413,,100.0,,,
ERAUSDT,ERA,Speculative,875,0.1018,248223.5219,1.698,38.6003047120273,-0.0005174856365277192,0.127482,0.1623895000000001,0.9781220546642152,0.37869822485207105,0.3326758711374096,0.5875745732069909,0.566479886587438,0.10856666666666663,0.14845,,0,0,neutre,332,0,0,30,,,16.1,37.0,68.5,47.0,50,37.89,False,False,,0,,,,49,17763462,101650715,174750000.0,1000000000.0,1000000000.0,17.5,,,
INITUSDT,INIT,Speculative,,0.0603,1557614.54298,0.166,40.539094306348574,0.0006770689493785318,0.08056200000000001,0.08584300000000003,1.0591493476231368,0.5140781108083561,0.45231607629427795,0.6394499041785059,0.39647795005069575,0.06228055555555555,0.10012499999999998,macd_bullish_cross|downtrend|doji_4h,1,1,mixte,365,0,0,30,,,17.0,37.0,49.0,68.0,16.7,37.86,False,False,,0,,,,38,,,,,,,,,
VETUSDT,VET,Mid,112,0.005126,848410.1899118,1.909,37.117689768283356,1.4325701921767816e-05,0.006494539999999998,0.008509889999999999,0.6928476595879139,0.41009542943244603,0.3571069814163737,0.25439523781414874,0.7055357087617511,0.0053775555555555556,0.007630222222222222,macd_bullish_cross|downtrend,1,1,mixte,365,0,0,30,,,31.0,28.0,60.5,57.5,16.7,37.77,False,False,,0,,,,37,439770613,439770613,85985041177.0,85985041177.0,86712634466.0,100.0,,,
STXUSDT,STX,Mid,129,0.1842,595360.95927,-0.325,35.70047027778351,-0.0019095222894806568,0.22907000000000002,0.26092800000000005,0.7535934300155495,0.3529845246868091,0.320560058953574,0.45855324965226596,0.723286326712305,0.19604444444444444,0.2646972222222222,downtrend|doji_4h,0,1,baissier,365,0,0,30,,,31.0,28.0,60.5,57.5,16.7,37.77,False,False,,0,,,,37,340196848,340196848,1848640427.87464,1848640427.87464,,100.0,,,
BONKUSDT,BONK,Mid,121,4.44e-06,3823192.44000679,-0.448,31.866311049136115,-1.1001393864230102e-08,5.865999999999999e-06,7.100850000000002e-06,0.7154630359463491,0.4533678756476684,0.42616580310880836,0.2978580662239234,0.7720915285842206,4.84138888888889e-06,6.885000000000001e-06,downtrend,0,1,baissier,365,0,0,30,,,31.0,19.0,60.5,68.0,16.7,37.72,False,False,,0,,,,34,390032817,390032817,87994722039651.98,87994722039653.98,87995282867000.55,100.0,,,
WBETHUSDT,WBETH,Speculative,,1837.66,1299389.309257,-0.506,31.840485353864835,-2.31251642719144,2282.2713999999996,2634.2207,0.5968346158518918,0.34930710266963716,0.30569044292565045,0.33556721199845774,0.9041541874370723,1965.8163888888885,2592.958611111111,,0,0,neutre,365,0,0,30,,,17.0,19.0,65.0,68.0,50,37.7,False,False,,0,,,,43,,,,,,,,,
BNSOLUSDT,BNSOL,Speculative,,75.1,508548.2233,0.133,36.14811424602718,-0.21086314275118578,90.92999999999998,109.9280000000001,0.6144766355331518,0.36162361623616235,0.30719557195571967,0.1699943532457822,0.8760567554361977,79.26388888888889,102.425,doji_4h,0,0,neutre,365,0,0,30,,,17.0,28.0,60.5,57.5,50,37.34,False,False,,0,,,,45,,,,,,,,,
ACXUSDT,ACX,Speculative,642,0.0425,70959.862754,-0.305,52.643577852058165,0.0001980515087661042,0.042698800000000016,0.044876200000000005,0.4187065823206718,0.15783898305084743,0.10063559322033892,0.10829978638787414,0.3437816312977032,0.04077638888888892,0.04526388888888888,downtrend,0,1,baissier,365,0,0,30,,,17.0,37.0,95.5,47.0,16.7,37.22,False,False,,0,,,,48,29856232,42369842,704657633.0,1000000000.0,1000000000.0,70.5,20689061,$21M,-1.72
MITOUSDT,MITO,Speculative,,0.01743,1039443.970252,-7.827,24.8470954955623,-0.00042168699523225,0.040990399999999996,0.051122299999999996,1.1230464354696779,0.7874786011249695,0.7874786011249695,1.107964180169064,0.3095835079021176,0.026598055555555552,0.057903333333333334,,0,0,neutre,289,0,0,30,,,14.9,28.0,38.5,68.0,50,37.19,False,False,,0,,,,48,,,,,,,,,
WCTUSDT,WCT,Speculative,,0.04649,887158.368163,-1.982,36.7384732802386,4.101218127664386e-05,0.05911260000000002,0.06683264999999998,0.7226545421162389,0.3912863070539419,0.356569847856155,0.8060961401329707,0.5209288193254518,0.04903722222222223,0.06832527777777779,macd_bullish_cross|downtrend|doji_4h,1,1,mixte,365,0,0,30,,,17.0,37.0,68.5,57.5,16.7,37.19,False,False,,0,,,,41,,,,,,,,,
BROCCOLI714USDT,BROCCOLI714,Speculative,,0.01324,632241.82882,-1.999,47.840895161257315,0.00020493696124483294,0.015248400000000002,0.015379200000000003,0.9785035539562202,0.4892723880597015,0.3829291044776119,0.16719368693619868,0.46364730730292064,0.011829444444444445,0.01846111111111111,macd_bullish_cross|downtrend,1,1,mixte,365,0,0,30,,,17.0,37.0,68.5,57.5,16.7,37.19,False,False,,0,,,,44,,,,,,,,,
XECUSDT,XEC,Mid,254,5.5e-06,125811.0531242,0.365,30.00151617220466,-4.592860588434285e-08,6.9052e-06,8.519249999999998e-06,0.5418038977858798,0.39049826187717274,0.36384704519119354,0.19319008163244214,0.7031447958441354,5.9650000000000005e-06,7.773611111111112e-06,,0,0,neutre,365,0,0,30,,,31.0,19.0,71.0,47.0,50,37.15,False,False,,0,,,,44,109611349,109611656,20041382797580.0,20041439047580.0,21000000000000.0,100.0,,,
QUICKUSDT,QUICK,Speculative,,0.0078,79739.43758,-2.133,45.04833279469238,3.127918647165327e-05,0.009280599999999998,0.010422050000000006,1.1454716286925402,0.4144067796610169,0.33220338983050846,0.18739434071606975,0.5195526857849769,0.00799611111111111,0.011579722222222226,macd_bullish_cross,1,0,haussier,365,0,0,30,,,17.0,37.0,58.0,47.0,50,37.15,False,False,,0,,,,50,,,,,,,325612610,$326M,-13.6
DOGSUSDT,DOGS,Speculative,762,4.35e-05,984225.3099739,-2.685,45.430030471675025,-1.0992876713367478e-07,4.9485999999999993e-05,3.9071e-05,1.0660538400785318,0.547646383467279,0.49942594718714123,0.39291529875939174,0.22950113509367823,2.692222222222222e-05,6.450833333333333e-05,downtrend,0,1,baissier,365,0,0,30,,,17.0,45.0,43.0,57.5,16.7,37.07,False,False,,0,,,,42,22475613,23921794,516750000000.0,550000000000.0,550000000000.0,94.0,,,
TUTUSDT,TUT,Speculative,,0.01076,577395.81091,2.476,52.064624075027396,0.00012579271762536604,0.0112338,0.012091000000000001,0.7982568977272986,0.32461103253182466,0.2425742574257425,0.2852194305066066,0.2969285907495505,0.008785000000000001,0.013018611111111111,downtrend|morning_star_4h,1,1,mixte,365,0,0,30,,,17.0,37.0,67.0,57.5,16.7,37.05,False,False,,0,,,,44,,,,,,,,,
BTTCUSDT,BTTC,Speculative,,2.6e-07,85144.31229692,0.0,38.47394557721563,-1.4046991429421303e-09,3.112000000000002e-07,3.513999999999995e-07,0.5777578362713413,0.2777777777777778,0.24999999999999997,0.11620746815840816,0.5382677017405335,2.847222222222223e-07,3.397222222222223e-07,morning_star_4h,1,0,haussier,365,0,0,30,,,17.0,28.0,83.5,47.0,50,36.99,False,False,,0,,,,49,,,,,,,,,
XTZUSDT,XTZ,Mid,144,0.2365,474447.07577,0.939,26.670731139869375,-0.002922031284948841,0.3319720000000001,0.4146595,0.7531379498959258,0.43512775986107666,0.41354502604812704,0.2592228558084189,0.6846444649539415,0.2752916666666667,0.3929555555555556,,0,0,neutre,365,0,0,30,,,31.0,19.0,68.5,47.0,50,36.91,False,False,,0,,,,50,256912433,261632099,1087700160.160669,1107681993.795659,,98.2,,,
BOMEUSDT,BOME,Speculative,636,0.000439,597198.461724,0.92,40.53810074859424,-5.2199768343698133e-08,0.0005289000000000001,0.0005256799999999998,0.8542544763661486,0.3761609907120743,0.32198142414860675,0.21792696629385175,0.4926070048723762,0.00038141666666666673,0.0006284722222222223,downtrend|doji_4h,0,1,baissier,365,0,0,30,,,17.0,36.0,68.5,57.5,16.7,36.91,False,False,,0,,,,41,30322961,30322961,68999659569.0,68999659569.0,68999659569.0,100.0,,,
ZILUSDT,ZIL,Mid,383,0.00317,201307.613391,0.635,36.20235749532036,-1.2491922876944406e-05,0.003838399999999998,0.0044001000000000005,0.5939123803970973,0.3265765765765766,0.2837837837837838,0.30460211667648995,0.7647667561646355,0.003360277777777777,0.004309722222222222,downtrend|doji_4h,0,1,baissier,365,0,0,30,,,31.0,28.0,75.5,47.0,16.7,36.67,False,False,,0,,,,39,61891124,64964133,19513551525.0,20482435463.15902,21000000000.0,95.3,,,
SOMIUSDT,SOMI,Speculative,877,0.1107,844110.80455,-1.6,30.753331954092076,-0.0011488929753804434,0.159936,0.19988050000000007,0.8779440665946671,0.5,0.4503475670307845,0.6804648513868166,0.647333569229312,0.12815555555555555,0.1926833333333333,,0,0,neutre,285,0,0,30,,,14.8,28.0,59.5,57.5,50,36.63,False,False,,0,,,,45,17743529,110758607,160200000.0,1000000000.0,1000000000.0,16.0,,,
WAXPUSDT,WAXP,Speculative,787,0.00461,206764.68706,-1.285,25.677626439091128,-5.005396286133091e-05,0.006134799999999999,0.007111849999999999,0.5721168798822851,0.46489104116222757,0.4406779661016949,0.5988482136167177,0.5387667528911196,0.005264722222222223,0.007167777777777777,,0,0,neutre,365,0,0,30,,,17.0,28.0,79.0,47.0,50,36.57,False,False,,0,,,,54,21328139,21328139,4622419556.65578,4622419556.65578,,100.0,,,
TWTUSDT,TWT,Mid,194,0.3927,292642.7483,-0.076,41.45151686414726,-0.002225503314112684,0.44388799999999984,0.6180635000000005,0.8822459920220358,0.3710714942106231,0.27825767322183426,0.14701653180862922,0.4020163310452131,0.38130833333333336,0.5083305555555557,support_bounce|downtrend,1,1,mixte,365,0,0,30,,,31.0,28.0,73.0,47.0,16.7,36.44,False,False,,0,,,,39,163601485,392659365,416649900.0,1000000000.0,,41.7,,,
GMXUSDT,GMX,Mid,409,5.61,153517.5625,-0.178,38.67845020612501,-0.026282256123659975,6.671600000000001,7.05585,0.7340832101578108,0.28964613368283093,0.2647444298820445,0.23001486273520833,0.601644023173728,5.705,7.349999999999999,downtrend,0,1,baissier,365,0,0,30,,,31.0,28.0,73.0,47.0,16.7,36.44,False,False,,0,,,,39,58356469,58356469,10415059.69419316,10415059.69419316,13250000.0,100.0,160946603,$161M,-1.81
QTUMUSDT,QTUM,Mid,322,0.732,73469.4446,2.092,37.48066052178328,-0.0030095859261197316,0.8667400000000001,1.0613150000000002,0.6164483432234071,0.3448275862068965,0.299808429118774,0.09351091861166587,0.6469323479147809,0.7602499999999999,0.9837777777777779,downtrend,0,1,baissier,365,0,0,30,,,31.0,28.0,73.0,47.0,16.7,36.44,False,False,,0,,,,39,77321222,78617686,106044335.0,107822406.0,,98.4,,,
NEIROUSDT,NEIRO,Speculative,650,6.919e-05,1179225.65899346,0.713,41.41771758200993,-7.171795219089284e-09,8.61104e-05,9.218490000000005e-05,1.03210343520457,0.46221878756654644,0.40692083118667355,0.19197072888997896,0.4880994164459043,5.665972222222222e-05,0.00010238472222222221,downtrend|doji_4h,0,1,baissier,365,0,0,30,,,17.0,28.0,58.0,68.0,16.7,36.15,False,False,,0,,,,37,29130471,29130471,420690000000.0,420690000000.0,420690000000.0,100.0,,,
RAYUSDT,RAY,Mid,197,0.598,589947.2814,1.356,39.5029489991265,-0.001967115387384387,0.7284999999999999,0.7915649999999992,0.757889608636639,0.3644646924829157,0.3120728929384966,0.31224215783304227,0.7078716835974823,0.5780555555555555,0.8228333333333331,double_top_90d|downtrend,0,2,baissier,365,0,0,30,,,31.0,28.0,60.5,57.5,0,36.03,False,False,,0,,,,33,162057724,334227925,269103895.762089,555000000.0,555000000.0,48.5,802653767,$803M,2.14
COMPUSDT,COMP,Mid,189,17.61,381048.51073,-0.452,42.8215154516587,0.18531933543503154,20.6758,22.18319999999999,0.8102686264138256,0.3888677087304613,0.3313000381242852,0.16199403292178985,0.4226442968912737,16.864999999999995,24.454444444444444,macd_bullish_cross|downtrend,1,1,mixte,365,0,0,30,,,31.0,28.0,68.5,47.0,16.7,36.02,False,False,,0,,,,38,169714810,175539395,9668189.278360886,10000000.0,10000000.0,96.7,1058318520,$1.1B,5.46
JASMYUSDT,JASMY,Mid,158,0.00469,381023.659322,-0.846,38.13959701045763,-6.124834172683224e-06,0.005613599999999999,0.006092500000000001,0.6266353702730727,0.3908355795148249,0.3679245283018869,0.16691138220450202,0.5864957206664514,0.004888888888888888,0.006345277777777778,downtrend,0,1,baissier,365,0,0,30,,,31.0,28.0,68.5,47.0,16.7,36.02,False,False,,0,,,,38,231897755,234500715,49444999677.59027,50000000000.0,50000000000.0,98.9,,,
SNXUSDT,SNX,Mid,296,0.245,370070.8671,-0.407,35.59146186401027,-0.001258746321483064,0.30184,0.3582850000000001,0.6348978162224975,0.360655737704918,0.33060109289617484,0.29824403695084717,0.6467677656021215,0.2571388888888889,0.3390555555555556,downtrend,0,1,baissier,365,0,0,30,,,31.0,28.0,68.5,47.0,16.7,36.02,False,False,,0,,,,38,84552053,84656022,344516234.4572882,344939867.5556631,344939867.0,99.9,32347069,$32M,6.31
FLOWUSDT,FLOW,Mid,475,0.0288,355668.9330121,-0.173,41.27006639107147,0.0002946438778757901,0.0353628,0.07057429999999996,0.666661904247007,0.41085972850678737,0.3468325791855204,0.13629713675777078,0.49009335680635,0.028204444444444445,0.041689444444444446,macd_bullish_cross|downtrend|doji_4h,1,1,mixte,365,0,0,30,,,31.0,28.0,68.5,47.0,16.7,36.02,False,False,,0,,,,38,48153046,48153046,1668166978.022744,1668166978.022744,,100.0,,,
THETAUSDT,THETA,Mid,202,0.1585,330975.32687,1.149,37.94055878694768,-0.0003877655895151832,0.19552399999999998,0.228651,0.7242401588947346,0.3951417004048583,0.3603238866396761,0.11716139496263252,0.6067181049196877,0.15100833333333333,0.2277777777777778,downtrend,0,1,baissier,365,0,0,30,,,31.0,28.0,68.5,47.0,16.7,36.02,False,False,,0,,,,38,157793912,157793912,1000000000.0,1000000000.0,1000000000.0,100.0,,,
RSRUSDT,RSR,Mid,293,0.001361,270110.7716868,-0.366,36.55758462799689,-4.275543837696267e-06,0.0017036400000000002,0.0020121099999999997,0.6016084231443108,0.39402298850574713,0.3724137931034483,0.1554967092790929,0.5873362071664416,0.0014020000000000003,0.001962888888888889,downtrend,0,1,baissier,365,0,0,30,,,31.0,28.0,68.5,47.0,16.7,36.02,False,False,,0,,,,38,85131489,136094596,62553174091.0,100000000000.0,100000000000.0,62.6,46537671,$47M,-8.05
COWUSDT,COW,Mid,297,0.1457,172395.02118,1.462,43.38165578191103,0.0010577909211671125,0.16758000000000003,0.19843949999999977,0.6075597960184697,0.4690763052208835,0.41325301204819276,0.39004123043235617,0.5804526030793651,0.14661388888888893,0.225175,macd_bullish_cross|downtrend|doji_4h,1,1,mixte,365,0,0,30,,,31.0,28.0,68.5,47.0,16.7,36.02,False,False,,0,,,,38,84355643,145477510,579853500.4929857,1000000000.0,1000000000.0,58.0,,,
MTLUSDT,MTL,Speculative,751,0.254,26592.5602,0.0,40.61170182531355,-0.00025653639695708344,0.2907400000000001,0.3171999999999998,0.629715872262689,0.2857142857142858,0.2440476190476191,0.11707563600686134,0.6843106446283918,0.25602777777777774,0.3194722222222221,,0,0,neutre,365,0,0,30,,,17.0,28.0,73.0,47.0,50,36.0,False,False,,0,,,,47,22968230,22968230,90635915.0,90635915.0,,100.0,,,
GRTUSDT,GRT,Mid,168,0.01995,703518.05653,0.403,33.99371250694598,-0.0002738072194045191,0.024703600000000003,0.030495249999999984,0.6978454529964141,0.3522295195298998,0.3110957483581058,0.41257954553449655,0.6928146897386517,0.02147416666666667,0.02783055555555555,double_top_90d,0,1,baissier,365,0,0,30,,,31.0,19.0,68.5,57.5,16.8,35.97,False,False,,0,,,,36,215238316,215246192,10799867657.47347,10800262816.04821,10800262823.318213,100.0,,,
DUSDT,D,Speculative,,0.00542,1283341.71495,-0.184,31.08424409721286,-0.0003109680960013618,0.0114526,0.011124550000000004,2.234254699691705,0.7702573879885606,0.7416587225929456,0.28223864353604816,0.17906698733997287,0.005633611111111113,0.01563166666666667,doji_4h,0,0,neutre,365,0,0,30,,,17.0,27.0,22.0,68.0,50,35.94,False,False,,0,,,,39,,,,,,,,,
IMXUSDT,IMX,Mid,239,0.1436,426418.953919,0.07,43.821914409686315,0.0002963431533900447,0.16494399999999998,0.19500150000000002,0.817831952243035,0.37728395061728404,0.29135802469135813,0.1544284794374343,0.7016179459127609,0.13629722222222218,0.18576666666666664,macd_bullish_cross|downtrend,1,1,mixte,365,0,0,30,,,31.0,28.0,65.0,47.0,16.7,35.69,False,False,,0,,,,38,120821445,286835357,842444578.3296283,2000000000.0,2000000000.0,42.1,25421158,$25M,10.79
ZRXUSDT,ZRX,Mid,328,0.0898,195257.1161,0.673,40.35605475857504,2.7954960020607454e-05,0.10527400000000002,0.11654999999999999,0.6036255246980463,0.3528481012658229,0.2887658227848102,0.36061706938886445,0.7039012618003879,0.09191388888888888,0.11793611111111109,macd_bullish_cross|downtrend,1,1,mixte,365,0,0,30,,,31.0,28.0,65.0,47.0,16.7,35.69,False,False,,0,,,,38,76060306,89651832,848396562.906836,1000000000.0,1000000000.0,84.8,,,
DGBUSDT,DGB,Mid,496,0.00241,159992.586908,-2.823,25.09362204374895,-3.445903568801133e-05,0.003431800000000001,0.004653799999999999,0.6827656131131074,0.5081967213114754,0.5061475409836066,0.3137937812402374,0.5937004781452614,0.002841944444444444,0.0046500000000000005,,0,0,neutre,365,0,0,30,,,31.0,19.0,55.0,47.0,50,35.64,False,False,,0,,,,48,44125120,44160195,18316666800.61387,18331226905.98495,21000000000.0,99.9,,,
LUNAUSDT,LUNA,Speculative,546,0.0522,435794.9903,0.385,38.45234069826293,-9.826982283230945e-05,0.06269799999999999,0.07424450000000003,0.6883998558396967,0.3382157123834887,0.307589880159787,0.14895672988335348,0.526428953648285,0.05257777777777779,0.07072222222222221,support_bounce,1,0,haussier,365,0,0,30,,,17.0,28.0,68.5,47.0,50,35.58,False,False,,0,,,,46,37024461,61884721,709984438.91686,1186707049.0,,59.8,,,
CTKUSDT,CTK,Speculative,803,0.1281,291887.80791,2.974,33.64644287912219,-0.00019429919853888866,0.16510799999999992,0.20573300000000005,0.7285808746622388,0.4003006012024048,0.35921843687374744,0.9009657089870972,0.5636581316905988,0.1371027777777778,0.19056388888888892,,0,0,neutre,365,0,0,30,,,17.0,28.0,68.5,47.0,50,35.58,False,False,,0,,,,46,20510436,20518654,160206203.0,160270393.0,,100.0,,,
RADUSDT,RAD,Speculative,,0.224,288033.1516,0.901,40.73763796550708,-0.0006242188704792609,0.25953999999999994,0.25989,0.7354926518718852,0.3791044776119404,0.3313432835820896,0.15361935418333839,0.32410920908462854,0.21366666666666662,0.3066388888888889,doji_4h,0,0,neutre,365,0,0,30,,,17.0,28.0,68.5,47.0,50,35.58,False,False,,0,,,,46,,,,,,,,,
AEVOUSDT,AEVO,Speculative,859,0.01998,199960.3521194,1.783,37.92982978350802,-5.979138275964322e-05,0.025303399999999993,0.03024435000000002,0.7903627576589024,0.4175159235668789,0.3636942675159235,0.2025783221376666,0.49294802787259445,0.020676111111111103,0.029616666666666673,,0,0,neutre,365,0,0,30,,,17.0,28.0,68.5,47.0,50,35.58,False,False,,0,,,,46,18298741,19951834,917145790.8180089,1000000000.0,1000000000.0,91.7,15705281,$16M,-0.06
1000CATUSDT,1000CAT,Speculative,,0.0015,105315.341506,-1.961,39.3742690757327,-9.143629460975873e-06,0.0018479999999999996,0.0021836500000000005,0.8650742059688988,0.35964912280701755,0.33333333333333326,0.1996302293620898,0.5997391207671586,0.0015294444444444446,0.0021105555555555556,doji_4h,0,0,neutre,365,0,0,30,,,17.0,28.0,68.5,47.0,50,35.58,False,False,,0,,,,46,,,,,,,,,
BELUSDT,BEL,Speculative,,0.0834,86446.26115,-0.358,36.77933990717353,-0.0006342056579476075,0.10275200000000001,0.11317450000000004,0.7077082567432897,0.3629160063391443,0.33993660855784474,0.12421225970102871,0.554189848799974,0.08765833333333334,0.1187194444444444,,0,0,neutre,365,0,0,30,,,17.0,28.0,68.5,47.0,50,35.58,False,False,,0,,,,46,,,,,,,,,
ARDRUSDT,ARDR,Speculative,647,0.0294,71046.79939,-0.877,31.937852121293346,-0.0002678321917538129,0.038408400000000016,0.048094599999999994,0.7938696894949131,0.40723601177955404,0.3801009676062263,0.59559988599841,0.4232086713317536,0.03322916666666667,0.04661638888888889,,0,0,neutre,365,0,0,30,,,17.0,28.0,68.5,47.0,50,35.58,False,False,,0,,,,46,29275333,29275333,998466231.0,998466231.0,,100.0,,,
MBLUSDT,MBL,Speculative,982,0.000726,1036100.543276,0.833,34.19607463916101,-2.5641042409914197e-06,0.0008845400000000001,0.00103134,0.5915254131882963,0.4001759014951627,0.36235708003518036,0.13327282922438652,0.5138744333867176,0.0007821944444444443,0.001004111111111111,downtrend,0,1,baissier,365,0,0,30,,,17.0,19.0,79.0,68.0,16.7,35.56,False,False,,0,,,,37,14097541,21739934,19453887214.0,30000000000.0,30000000000.0,64.8,,,
PSGUSDT,PSG,Speculative,,0.552,520921.4822,-1.075,27.714194045416008,-0.016608566289619153,0.8525399999999999,0.8171349999999997,1.0577903832425062,0.5414175918018788,0.5286080273270709,0.37802876773737454,0.3229929563414348,0.6528333333333332,1.089972222222222,,0,0,neutre,365,0,0,30,,,17.0,27.0,44.5,57.5,50,35.54,False,False,,0,,,,48,,,,,,,,,
HFTUSDT,HFT,Speculative,,0.0102,550542.13082,-3.774,39.573008169670466,5.1131542946814944e-05,0.013071999999999999,0.01957100000000001,0.9349922653015554,0.4540229885057471,0.4137931034482758,0.7525645256653254,0.35033996469405926,0.010608333333333334,0.015950000000000002,macd_bullish_cross|double_top_90d|downtrend,1,2,baissier,365,0,0,30,,,17.0,37.0,68.5,57.5,0,35.45,False,False,,0,,,,37,,,,,,,,,
NEWTUSDT,NEWT,Speculative,,0.0526,532311.87824,-0.19,31.26191013142595,-0.0006716059582376711,0.07095199999999999,0.0820025,0.7257137341552956,0.4079718640093786,0.384525205158265,0.4979582291605184,0.549439461141437,0.058497222222222235,0.082625,,0,0,neutre,355,0,0,30,,,16.7,19.0,68.5,57.5,50,35.45,False,False,,0,,,,44,,,,,,,,,
ZKPUSDT,ZKP,Speculative,,0.0555,427271.27316,-0.359,37.28996157526845,-3.1050337650502524e-05,0.07316,,0.7625671817403775,0.4854854854854855,0.4434434434434435,0.5041224433573498,0.47908652232962806,0.05951388888888888,0.08798333333333332,downtrend,0,1,baissier,158,0,0,30,,,11.3,45.0,68.5,47.0,16.7,35.38,False,False,,0,,,,43,,,,,,,,,
ENSUSDT,ENS,Mid,174,4.95,360176.038,1.434,38.99059264687599,-0.011171777382921855,5.982800000000001,7.412800000000001,0.6731221987579236,0.38565629228687415,0.33017591339648167,0.2695110199900332,0.7878405796043283,5.075833333333333,6.791666666666666,downtrend,0,1,baissier,365,0,0,30,,,31.0,28.0,60.5,47.0,16.7,35.26,False,False,,0,,,,37,199451800,493586923,40408647.500078425,100000000.0,100000000.0,40.4,,,
RVNUSDT,RVN,Mid,347,0.00442,226978.32263,2.791,36.61782127320521,-2.223020637190723e-06,0.005397399999999999,0.0062353500000000015,0.5843951163669631,0.36406250000000007,0.31093750000000003,0.3477044172004179,0.6871701889916627,0.004645833333333333,0.006187500000000001,double_top_90d|downtrend,0,2,baissier,365,0,0,30,,,31.0,28.0,79.0,47.0,0,35.26,False,False,,0,,,,36,71780772,71786328,16293500660.55053,16294761910.55053,21000000000.0,100.0,,,
BMTUSDT,BMT,Speculative,,0.01303,208455.815935,-1.213,36.194876284190286,-6.254194779013018e-05,0.015420799999999998,0.018666699999999998,0.6194779833421392,0.3200654307524536,0.2906215921483096,0.600833155278901,0.5872049108092209,0.013376111111111108,0.017541388888888888,shooting_star_4h,0,1,baissier,365,0,0,30,,,17.0,37.0,73.0,47.0,18.2,35.26,False,False,,0,,,,42,,,,,,,,,
GIGGLEUSDT,GIGGLE,Speculative,676,27.51,2154828.67327,-0.722,43.33713034905144,-0.055801082218765785,32.22759999999999,44.03175000000003,1.0086540213495305,0.48581203461461053,0.4467699738377943,0.1430844341435721,0.42217380715961544,23.795833333333334,39.127777777777766,downtrend,0,1,baissier,232,0,0,30,,,13.4,28.0,58.0,68.0,16.7,35.13,False,False,,0,,,,37,27481500,27481500,1000000.0,1000000.0,1000000.0,100.0,,,
AIUSDT,AI,Speculative,585,0.0226,654648.67396,1.802,43.069369481215816,-0.00028633530609329413,0.024578,0.02846149999999997,0.8518350530206318,0.3096774193548387,0.2709677419354839,0.41664316001531376,0.31162375492483274,0.018349999999999998,0.029488888888888884,downtrend,0,1,baissier,365,0,0,30,,,17.0,28.0,73.0,57.5,16.7,35.05,False,False,,0,,,,39,33870766,259610694,1304675313.0,10000000000.0,10000000000.0,13.0,,,
SUSHIUSDT,SUSHI,Mid,478,0.1759,416123.9146,-1.622,42.47642635999189,-0.0012342288725676626,0.20827,0.2441105000000001,1.0483700166007313,0.3423244744149147,0.3034510115033716,0.326238027770227,0.4972481745606898,0.18004166666666666,0.23521666666666668,downtrend,0,1,baissier,365,0,0,30,,,31.0,28.0,58.0,47.0,16.7,35.03,False,False,,0,,,,37,47923630,51171493,273012266.12632084,291514753.9009228,,93.7,35823760,$36M,15.26
CTSIUSDT,CTSI,Speculative,771,0.02362,443679.34351,1.373,37.67481256345604,-9.55557774176205e-06,0.029611400000000006,0.030751399999999988,0.7283279117536426,0.4751120547298891,0.4427931115829205,0.1694914801970773,0.16053093811054836,0.022722777777777776,0.03807833333333334,doji_4h,0,0,neutre,365,0,0,30,,,17.0,28.0,62.5,47.0,50,35.02,False,False,,0,,,,45,21870406,23613792,926170831.7900137,1000000000.0,1000000000.0,92.6,,,
METUSDT,MET,Mid,416,0.1061,204604.97505,1.24,36.23359787102102,-0.00018139940221098376,0.14147199999999993,0.1979539999999999,0.8406178568243112,0.47348484848484845,0.42586580086580084,0.22458011148232282,0.4643589535024816,0.11430833333333333,0.17506944444444442,downtrend,0,1,baissier,213,0,0,30,,,26.8,28.0,68.5,47.0,16.7,34.86,False,False,,0,,,,38,56220654,105968782,529337659.782519,997734158.645479,1000000000.0,53.1,189813669,$190M,12.35
RPLUSDT,RPL,Speculative,624,1.39,36171.6931,0.725,36.95065796850096,0.002518947177943945,1.7206000000000001,1.9094500000000003,0.664981833629491,0.38571428571428573,0.33809523809523817,0.053171450758127264,0.7248576315979222,1.450555555555556,2.0144444444444445,macd_bullish_cross,1,0,haussier,365,0,0,30,,,17.0,28.0,60.5,47.0,50,34.83,False,False,,0,,,,45,31317388,31317388,22535094.65392216,22535094.65392216,,100.0,897409145,$897M,5.68
SSVUSDT,SSV,Speculative,600,2.228,138580.351892,0.406,45.74692685620137,0.015911495089453248,2.58642,3.0974749999999984,0.9450386067406219,0.38463930348258707,0.30721393034825867,0.11978194220514433,0.5552840812774151,2.119194444444444,2.9748888888888896,macd_bullish_cross|downtrend,1,1,mixte,365,0,0,30,,,17.0,37.0,68.5,47.0,16.7,34.68,False,False,,0,,,,44,32752309,32752309,14699173.1,14699173.1,,100.0,12328346451,$12.3B,6.3
WBTCUSDT,WBTC,Speculative,,63673.27,3071550.9102301,-0.102,33.84981402325519,-26.173004268236582,74014.68780000001,77632.36219999999,0.4128711944627402,0.25876944840793126,0.22304205244559475,0.493302605920936,0.9996285028857993,64152.4288888889,79842.35444444444,downtrend,0,1,baissier,365,0,0,30,,,17.0,19.0,69.5,68.0,16.7,34.67,False,False,,0,,,,36,,,,,,,7283851848,$7.3B,4.66
BLURUSDT,BLUR,Mid,444,0.01854,253579.011261,0.651,41.08241182778498,0.00013903233432508528,0.023137800000000004,0.025276650000000008,0.7929881282983566,0.513142523364486,0.4576518691588785,0.3569751433367075,0.2915756625212037,0.01753361111111111,0.030059166666666668,macd_bullish_cross|downtrend,1,1,mixte,365,0,0,30,,,31.0,28.0,53.5,47.0,16.7,34.6,False,False,,0,,,,36,52265126,55599700,2820075959.902968,3000000000.0,3000000000.0,94.0,13350989,$13M,7.02
BICOUSDT,BICO,Speculative,,0.0189,265380.276981,-0.526,37.84384268011274,-0.0001944302833615469,0.02407999999999999,0.031028499999999997,1.068592779594927,0.40728476821192056,0.3741721854304636,0.1636738905481858,0.5401104239931848,0.01959166666666667,0.02773055555555555,doji_4h,0,0,neutre,365,0,0,30,,,17.0,28.0,58.0,47.0,50,34.59,False,False,,0,,,,45,,,,,,,,,
STORJUSDT,STORJ,Speculative,,0.078,104831.9829,0.128,35.80063555135504,-0.0005491319643731174,0.09955799999999998,0.1105005,1.13908126476895,0.4368858654572941,0.4126984126984127,0.15543422928878264,0.40221231879018915,0.08305277777777777,0.11714166666666664,,0,0,neutre,365,0,0,30,,,17.0,28.0,58.0,47.0,50,34.59,False,False,,0,,,,45,,,,,,,,,
NEOUSDT,NEO,Mid,205,2.194,296860.78923,0.55,29.791988286348257,-0.014782645131753452,2.7322800000000007,3.1117700000000013,0.5312074455149332,0.35675182481751816,0.33242092457420924,0.15910642194613994,0.6967930266191299,2.355138888888889,3.050722222222222,downtrend,0,1,baissier,365,0,0,30,,,31.0,19.0,79.0,47.0,16.7,34.44,False,False,,0,,,,43,154697058,219335117,70530000.0,100000000.0,,70.5,,,
TFUELUSDT,TFUEL,Mid,391,0.00828,295042.7994,-2.817,28.93766056620821,-4.87437102950338e-05,0.010566200000000001,0.014492099999999999,0.4983629041570807,0.39687267311988084,0.3827252419955323,0.42596876640196957,0.6781438523449528,0.009198333333333334,0.0124875,downtrend,0,1,baissier,365,0,0,30,,,31.0,19.0,79.0,47.0,16.7,34.44,False,False,,0,,,,43,60925804,60931779,7363112652.0,7363834731.0,,100.0,,,
XNOUSDT,XNO,Mid,479,0.359,113430.41171,-2.18,33.73792789767961,-0.0045858264610176,0.43585999999999997,0.5686949999999998,0.5787555468268905,0.3308411214953272,0.3271028037383178,0.16242907480596488,0.4956560954952596,0.39383333333333326,0.5070555555555556,downtrend,0,1,baissier,365,0,0,30,,,31.0,19.0,79.0,47.0,16.7,34.44,False,False,,0,,,,37,47859317,47859317,133248297.0,133248297.0,133248297.0,100.0,,,
AUCTIONUSDT,AUCTION,Speculative,667,3.76,211945.5998,0.535,29.08949450868377,-0.027870226434004358,4.556400000000002,4.954799999999996,0.4829071623566283,0.30871212121212127,0.2897727272727273,0.33487569212119656,0.672865717968487,4.058055555555555,5.021944444444444,,0,0,neutre,365,0,0,30,,,17.0,19.0,83.5,47.0,50,34.43,False,False,,0,,,,52,27810058,28636917,7420409.148028981,7641035.648362741,10000000.0,97.1,,,
TREEUSDT,TREE,Speculative,919,0.046,704777.50145,-2.542,32.39673511608909,-0.00033586453540958815,0.06206800000000001,0.08032800000000001,0.7913805854747124,0.44458930899608873,0.4015645371577575,0.7768595568297665,0.5375758657258765,0.05049166666666667,0.07436944444444447,double_top_90d,0,1,baissier,320,0,0,30,,,15.8,28.0,68.5,57.5,16.8,34.3,False,False,,0,,,,38,16219462,18188191,101361867.09737062,113665234.778974,200000000.0,89.2,66433373,$66M,73.23
CETUSUSDT,CETUS,Speculative,882,0.01852,130150.68178,2.661,33.922825247592854,-7.330083696115673e-05,0.02573559999999999,0.022991899999999996,0.7713406657138389,0.5315508021390375,0.5053475935828877,0.13633752906203658,0.4419562413081547,0.018263333333333336,0.031165277777777778,uptrend,1,0,haussier,365,0,0,30,,,17.0,27.0,55.0,47.0,50,34.02,False,False,,0,,,,44,17527397,18492208,947826087.0,1000000000.0,1000000000.0,94.8,24474777,$24M,0.68
BNTUSDT,BNT,Speculative,643,0.2745,47766.56992,0.366,36.13802463559668,-0.002017526339561867,0.31560000000000005,0.3430315000000001,0.5247927188334348,0.24942528735632183,0.21120689655172403,0.11836112486709051,0.8747910843568301,0.2738416666666667,0.3447722222222222,support_bounce|downtrend,1,1,mixte,365,0,0,30,,,17.0,28.0,87.5,47.0,16.7,33.91,False,False,,0,,,,41,29837106,29837106,107864040.1104496,107864040.1104496,110542364.6372305,100.0,16642223,$17M,6.24
NOMUSDT,NOM,Speculative,,0.00165,706857.10149,-2.941,37.478693503975485,-1.5520020475674474e-05,0.0022746000000000003,0.00527935,1.3154854068990134,0.8067632850241546,0.8007246376811593,0.24958211216512263,0.229897467264477,0.0018608333333333333,0.005463055555555555,,0,0,neutre,256,0,0,30,,,14.0,28.0,32.5,57.5,50,33.87,False,False,,0,,,,41,,,,,,,,,
YGGUSDT,YGG,Speculative,832,0.02545,493718.536948,1.112,31.444055066390902,-0.000299595578811276,0.0371168,0.04879629999999999,0.9111621074230912,0.5003097253768326,0.47656411315300434,1.0045386857839091,0.6269946799138414,0.029222777777777778,0.044631944444444446,downtrend,0,1,baissier,365,0,0,30,,,17.0,37.0,59.5,47.0,16.7,33.84,False,False,,0,,,,40,19537399,25358815,770438162.1251658,1000000000.0,1000000000.0,77.0,,,
JOEUSDT,JOE,Speculative,978,0.0313,311131.44763,4.333,35.27304272225524,-0.000134211778730217,0.04162400000000001,0.04888449999999999,0.8353537947331009,0.5103448275862069,0.4620689655172414,0.7930916137954876,0.5532129152269204,0.03322777777777777,0.05123611111111111,downtrend|doji_4h,0,1,baissier,365,0,0,30,,,17.0,37.0,59.5,47.0,16.7,33.84,False,False,,0,,,,40,14294040,15623647,457181657.224341,499707918.0306486,500000000.0,91.5,10950027,$11M,1.46
STOUSDT,STO,Speculative,,0.0525,1356994.05471,-2.052,38.86617919294917,0.0004910024579383807,0.07212600000000002,0.08919549999999997,1.3911183354673908,0.8879714349475563,0.8828386520865878,0.40476674950749925,0.0567147217357762,0.05652777777777778,0.20718333333333336,macd_bullish_cross|downtrend,1,1,mixte,365,0,0,30,,,17.0,28.0,32.5,68.0,16.7,33.75,False,False,,0,,,,33,,,,,,,,,
MANAUSDT,MANA,Mid,225,0.067,216686.5771,-1.034,29.03086769762082,-0.00047982333299611754,0.08517799999999999,0.10776849999999999,0.5473714682350067,0.36227544910179643,0.3313373253493013,0.24376836839100138,0.7153441232832679,0.07342777777777777,0.09658333333333335,double_top_90d,0,1,baissier,365,0,0,30,,,31.0,19.0,71.0,47.0,16.8,33.7,False,False,,0,,,,42,129492342,146761382,1935113466.7557714,2193179327.320146,,88.2,,,
1INCHUSDT,1INCH,Mid,267,0.0726,213126.32862,0.833,33.82756921767687,-8.485189343712413e-05,0.08874199999999999,0.11456699999999996,0.5462442331728168,0.34608030592734224,0.30592734225621415,0.27196925048796994,0.8627769853308362,0.07708888888888889,0.09997222222222221,downtrend|doji_4h,0,1,baissier,365,0,0,30,,,31.0,19.0,71.0,47.0,16.7,33.69,False,False,,0,,,,36,102071890,108929049,1405573965.7275033,1499999999.997,1500000000.0,93.7,2451919,$2M,5.61
QKCUSDT,QKC,Speculative,872,0.00248,63132.855332,0.0,34.99667806178077,-2.550082021892026e-06,0.002912,0.0034466899999999966,0.47945668694007476,0.2836266030420519,0.2612585744109753,0.28343182751356366,0.7322202134481278,0.0026135277777777776,0.0032718055555555556,,0,0,neutre,365,0,0,30,,,17.0,19.0,75.5,47.0,50,33.68,False,False,,0,,,,45,17929786,24752632,7243587695.0,10000000000.0,,72.4,,,
GMTUSDT,GMT,Speculative,696,0.00841,852405.188112,-0.825,39.42396167509969,-3.437493499724867e-05,0.010558000000000003,0.012881399999999994,1.2168343005495683,0.4219219219219219,0.36861861861861855,0.3674306072087417,0.4945250474478775,0.008849444444444445,0.012381944444444447,downtrend,0,1,baissier,365,0,0,30,,,17.0,28.0,58.0,57.5,16.7,33.64,False,False,,0,,,,37,26149799,42643232,3111400155.0,5073850155.102167,6000000000.0,61.3,,,
KATUSDT,KAT,Speculative,974,0.00614,3441654.81783,-10.365,40.56805987849579,0.00013211202551212495,0.008486599999999999,,1.042785251835728,0.7947474747474748,0.751919191919192,0.20648657698867637,,0.006392571428571428,0.013552857142857144,macd_bullish_cross|downtrend,1,1,mixte,88,0,0,30,,,9.4,36.0,28.5,68.0,16.7,33.54,False,False,,0,,,,34,14346299,61256613,2342000000.0,10000000000.0,10000000000.0,23.4,,,
KNCUSDT,KNC,Speculative,799,0.121,141268.07027,-2.024,36.133871445071236,-0.00047482581600556857,0.14092399999999997,0.1736950000000001,0.5212979858130534,0.29940476190476195,0.2785714285714286,0.18898384883149172,0.34372757959084055,0.12452222222222223,0.15821111111111114,double_top_90d,0,1,baissier,365,0,0,30,,,17.0,28.0,83.5,47.0,16.8,33.54,False,False,,0,,,,41,20598111,29170099,170152851.23024455,240962655.9416953,252301550.0,70.6,,,
WINUSDT,WIN,Speculative,881,1.775e-05,56010.50828462,0.282,40.43417620355836,-3.477896957747288e-08,1.9607399999999995e-05,2.38478e-05,0.5424263058044428,0.2673051806704397,0.23160644318676535,0.11273651121734564,0.606377241476807,1.8053055555555563e-05,2.1855277777777776e-05,downtrend|doji_4h,0,1,baissier,365,0,0,30,,,17.0,28.0,83.5,47.0,16.7,33.53,False,False,,0,,,,41,17502349,17502349,993701854154.286,993701859243.3864,,100.0,,,
REZUSDT,REZ,Speculative,675,0.003194,178662.8090532,-0.25,29.25807699401942,-1.1793524987323268e-05,0.0045972,0.004295649999999999,0.6265724114658061,0.5542691751085383,0.5380607814761216,0.12524758677058906,0.2801531551021121,0.00324861111111111,0.005838611111111112,support_bounce,1,0,haussier,365,0,0,30,,,17.0,27.0,49.0,47.0,50,33.46,False,False,,0,,,,49,27493265,31299965,8620974689.040634,9814629224.12962,10000000000.0,87.8,98180757,$98M,-15.87
KSMUSDT,KSM,Mid,364,3.69,323081.56569,0.0,33.15829507979332,-0.016227294810529758,4.697600000000001,5.577049999999998,0.622818989168135,0.4223706176961603,0.38397328881469117,0.2794190781369943,0.6101834579856652,3.842499999999999,5.471111111111111,downtrend,0,1,baissier,365,0,0,30,,,31.0,19.0,68.5,47.0,16.7,33.45,False,False,,0,,,,36,67634327,67634327,18354225.8078132,18354225.8078132,,100.0,,,
TURBOUSDT,TURBO,Mid,399,0.000859,297068.965808,-1.151,34.343672725500085,-3.986982152656281e-06,0.0011106800000000002,0.0013349599999999998,0.7890540747089422,0.3983859134262656,0.3683052090975789,0.18384707773196282,0.5291256458538259,0.0009086666666666666,0.0013006666666666668,downtrend,0,1,baissier,365,0,0,30,,,31.0,19.0,68.5,47.0,16.7,33.45,False,False,,0,,,,36,59273402,59273402,69000000000.0,69000000000.0,69000000000.0,100.0,,,
GASUSDT,GAS,Mid,341,1.124,195252.7782,0.898,26.90010682122201,-0.007916286955319402,1.4935999999999998,1.7328749999999993,0.6242425588890447,0.4100877192982456,0.3837719298245614,0.19439004118551123,0.5602837596264446,1.2641111111111112,1.7677777777777774,downtrend,0,1,baissier,365,0,0,30,,,31.0,19.0,68.5,47.0,16.7,33.45,False,False,,0,,,,42,72974195,72974195,65093580.54427269,65093580.54427269,,100.0,,,
DODOUSDT,DODO,Speculative,950,0.0152,424858.805421,-4.822,41.652662760182935,-9.126573375325573e-05,0.018218,0.0175062,1.485430986928135,0.3785166240409208,0.3542199488491049,0.34343862121373275,0.36826177512901526,0.014452222222222224,0.020803055555555554,downtrend,0,1,baissier,365,0,0,30,,,17.0,36.0,58.0,47.0,16.7,33.41,False,False,,0,,,,39,15161248,15161248,1000000000.0,1000000000.0,1000000000.0,100.0,11223928,$11M,3.0
CITYUSDT,CITY,Speculative,,0.403,229023.43514,-1.467,35.28598436741031,0.005765778172610349,0.5148199999999998,0.5886849999999996,0.5770723223934354,0.4973474801061008,0.46551724137931033,0.3000280385430696,0.32303407639773823,0.41791666666666666,0.6931111111111111,downtrend,0,1,baissier,365,0,0,30,,,17.0,28.0,79.0,47.0,16.7,33.11,False,False,,0,,,,40,,,,,,,,,
SPELLUSDT,SPELL,Speculative,794,0.0001226,191578.4995522,-1.841,27.67412122647862,-7.874842769275678e-07,0.00015552399999999998,0.0001974324999999999,0.48699771222553717,0.34527687296416937,0.3360477741585234,0.5244222622896152,0.6129919703306268,0.0001354861111111111,0.00017998333333333334,downtrend,0,1,baissier,365,0,0,30,,,17.0,28.0,79.0,47.0,16.7,33.11,False,False,,0,,,,46,21016017,24017900,171510541047.0,196008739620.0,210000000000.0,87.5,6069212,$6M,4.71
STEEMUSDT,STEEM,Speculative,731,0.04445,89517.939176,0.0,35.22883880325402,-0.00014146176854898124,0.053554600000000015,0.060567599999999965,0.5913127836652067,0.3849992870383573,0.36546413802937405,0.0815558023140444,0.5642205706367253,0.04750805555555555,0.0630125,downtrend,0,1,baissier,365,0,0,30,,,17.0,28.0,79.0,47.0,16.7,33.11,False,False,,0,,,,40,24440546,24441105,549953848.125,549966419.647,,100.0,,,
AMPUSDT,AMP,Mid,483,0.000534,346947.487174,0.188,21.235537262484158,-3.316976837905791e-06,0.0007807400000000001,0.0014009549999999993,0.6691554444134062,0.6392045454545454,0.6200284090909091,0.40032938568250104,0.5558682558285506,0.0006321666666666667,0.0012075,,0,0,neutre,365,0,0,30,,,31.0,10.0,55.0,47.0,50,33.08,False,False,,0,,,,45,46357097,53268924,86781193103.18022,99720238122.2857,100000000000.0,87.0,,,
PROVEUSDT,PROVE,Speculative,539,0.1917,748870.34715,1.321,41.57399342124934,3.4815301698198214e-05,0.23695999999999995,0.31034100000000003,1.6597279442643176,0.4730053989202159,0.4238152369526095,0.9073408511920351,0.436334721871666,0.19866666666666666,0.2856361111111111,macd_bullish_cross|double_top_90d|downtrend,1,2,baissier,313,0,0,30,,,15.6,37.0,47.5,57.5,0,33.08,False,False,,0,,,,34,37447949,192040764,195000000.0,1000000000.0,1000000000.0,19.5,,,
PEOPLEUSDT,PEOPLE,Speculative,673,0.00545,459272.513782,0.368,34.703654972156826,9.876868378561141e-06,0.006923399999999999,0.007889599999999998,0.6292069790721181,0.406392694063927,0.3789954337899543,0.2988782495902104,0.5772206484591738,0.005694444444444445,0.008266944444444443,macd_bullish_cross,1,0,haussier,365,0,0,30,,,17.0,19.0,68.5,47.0,50,33.02,False,False,,0,,,,44,27634088,27634088,5066374892.014003,5066374892.014003,,100.0,,,
LISTAUSDT,LISTA,Speculative,817,0.0521,451600.33178,0.969,31.639243655032942,-0.00019480039468734289,0.07501200000000001,0.10997549999999995,0.9254528733344264,0.4773445732349842,0.4488935721812434,0.41193874520338003,0.4795620768262749,0.05928333333333333,0.09311388888888888,,0,0,neutre,365,0,0,30,,,17.0,19.0,68.5,47.0,50,33.02,False,False,,0,,,,44,20129567,41610303,384877109.74395317,795588564.255041,1000000000.0,48.4,632068886,$632M,4.87
ILVUSDT,ILV,Speculative,668,3.35,299262.24403,0.904,34.715793515355514,-0.010239345255864118,4.3174,4.787049999999999,0.6703628833136996,0.38653846153846155,0.35769230769230775,0.4469775261471842,0.5665378964025339,3.390833333333333,5.049444444444446,,0,0,neutre,365,0,0,30,,,17.0,19.0,68.5,47.0,50,33.02,False,False,,0,,,,44,27700477,32084820,8285637.798774514,9597061.857425438,,86.3,,,
CELOUSDT,CELO,Speculative,544,0.06172,191856.544834,0.456,34.47444040799158,-8.631613503187665e-05,0.08042679999999999,0.09869325,0.6741788538511209,0.43221411192214104,0.39844282238442824,0.2587062541243346,0.5934722573403206,0.06636472222222221,0.09403749999999997,,0,0,neutre,365,0,0,30,,,17.0,19.0,68.5,47.0,50,33.02,False,False,,0,,,,44,37132353,61660030,602211072.0,1000000000.0,1000000000.0,60.2,,,
VTHOUSDT,VTHO,Speculative,518,0.0004,183642.897871,0.756,34.662732141750624,-2.0875558020820204e-06,0.00051822,0.0006589500000000004,0.8769089259848792,0.3920634920634921,0.36349206349206353,0.4190387626895653,0.6168058709993931,0.00043758333333333334,0.0006123888888888891,,0,0,neutre,365,0,0,30,,,17.0,19.0,68.5,47.0,50,33.02,False,False,,0,,,,44,40214680,40299190,100503365802.0,100714570770.0,,99.8,,,
SLPUSDT,SLP,Speculative,858,0.000505,110450.213538,-0.98,33.18795774451422,-3.83333615294233e-06,0.0006498799999999999,0.0007037350000000001,0.682656315388988,0.39776951672862454,0.37422552664188347,0.2041782167607235,0.5809293352588987,0.0005397777777777775,0.0007512777777777779,,0,0,neutre,365,0,0,30,,,17.0,19.0,68.5,47.0,50,33.02,False,False,,0,,,,44,18348579,18348579,36308773990.0,36308773990.0,,100.0,5515746,$6M,4.3
ROSEUSDT,ROSE,Mid,463,0.0064,604502.383175,-1.538,28.28969536882896,-8.245028239763433e-05,0.009326799999999998,0.01184559999999999,0.833255404598362,0.5400907715582451,0.5158850226928896,0.27001608741040883,0.6117010857120841,0.007616666666666668,0.011945833333333333,double_top_90d|downtrend,0,2,baissier,365,0,0,30,,,31.0,19.0,55.0,57.5,0,32.95,False,False,,0,,,,36,49758391,63953479,7780404182.0,10000000000.0,10000000000.0,77.8,,,
NFPUSDT,NFP,Speculative,,0.00755,394828.00659,-6.444,37.39124817810774,-3.877693453017343e-05,0.011589199999999997,0.017899949999999994,1.4760845376830136,0.5816618911174785,0.5667621776504298,0.20074887203021652,0.2925181995465334,0.008940555555555556,0.01655222222222223,,0,0,neutre,365,0,0,30,,,17.0,28.0,38.5,47.0,50,32.76,False,False,,0,,,,42,,,,,,,,,
GLMRUSDT,GLMR,Speculative,,0.0094,403521.76334,2.174,28.250359183134435,2.4746332102602983e-05,0.013896000000000002,0.01707900000000002,0.5911703977331791,0.5445026178010471,0.5130890052356021,0.3670105075310328,0.45018775248973636,0.009755555555555554,0.017849999999999998,macd_bullish_cross|doji_4h,1,0,haussier,365,0,0,30,,,17.0,19.0,65.5,47.0,50,32.73,False,False,,0,,,,49,,,,,,,,,
SANDUSDT,SAND,Mid,216,0.052,421157.57786,-1.887,29.45459309555774,-0.00046853478762170445,0.06929359999999997,0.09484790000000003,0.6856557023763156,0.4472222222222222,0.4225555555555555,0.12594602854975329,0.7556475209858343,0.058953611111111116,0.083575,downtrend,0,1,baissier,365,0,0,30,,,31.0,19.0,60.5,47.0,16.7,32.7,False,False,,0,,,,40,138512458,155790146,2667289212.2233224,3000000000.0,3000000000.0,88.9,,,
EGLDUSDT,EGLD,Mid,289,2.92,289584.3746,1.038,31.12856993505602,-0.0110250345122756,3.8361999999999985,4.9075999999999995,0.6395294408227793,0.41493775933609967,0.39419087136929465,0.2770595459155229,0.7028954141466003,3.19638888888889,4.479166666666667,downtrend,0,1,baissier,365,0,0,30,,,31.0,19.0,60.5,47.0,16.7,32.7,False,False,,0,,,,34,87827058,87827058,30133078.0,30133078.0,,100.0,,,
YFIUSDT,YFI,Mid,363,1900.0,129800.34462,-1.042,32.822833317435936,-2.4302706743461613,2424.6,2896.855,0.6800998149992423,0.37389770723104054,0.3305114638447972,0.08342924017778672,0.7160912620432094,2056.75,2785.8611111111113,downtrend,0,1,baissier,365,0,0,30,,,31.0,19.0,60.5,47.0,16.7,32.7,False,False,,0,,,,34,67975819,69589152,35815.94701468851,36666.0,36666.0,97.7,151655437,$152M,-3.15
ANKRUSDT,ANKR,Speculative,524,0.00397,117216.114751,1.535,40.242340075176244,-7.035911745538242e-06,0.0046256000000000005,0.005465000000000003,0.6013698736889406,0.3260869565217391,0.2807971014492754,0.07489488263914565,0.3609916114556382,0.004128333333333333,0.005453333333333334,downtrend,0,1,baissier,365,0,0,30,,,17.0,28.0,73.0,47.0,16.7,32.54,False,False,,0,,,,39,39700214,39700214,10000000000.0,10000000000.0,10000000000.0,100.0,17708506,$18M,7.26
VELODROMEUSDT,VELODROME,Speculative,,0.01399,107427.811038,0.865,44.251906873391306,2.1886973581954246e-05,0.0160022,0.018149350000000005,0.9089833820043011,0.35437144335230214,0.27677185721676156,0.20503456959950736,0.6784584982575684,0.013492500000000001,0.017826944444444447,macd_bullish_cross|downtrend,1,1,mixte,365,0,0,30,,,17.0,28.0,73.0,47.0,16.7,32.54,False,False,,0,,,,39,,,,,,,,,
QIUSDT,QI,Speculative,,0.00137,57268.89104,0.0,40.796483728151934,1.6148931286581904e-06,0.0016074000000000001,0.0022714,0.6004025583508704,0.32307692307692304,0.2923076923076923,0.1432455116235438,0.5816848378206566,0.0013705555555555552,0.0019449999999999997,macd_bullish_cross|downtrend|doji_4h,1,1,mixte,365,0,0,30,,,17.0,28.0,73.0,47.0,16.7,32.54,False,False,,0,,,,39,,,,,,,176802625,$177M,-0.71
ONTUSDT,ONT,Mid,470,0.04883,264209.68411,1.349,40.98926040219504,0.0005106220362605472,0.05902500000000001,0.059974849999999975,0.647736887692289,0.5938981837702424,0.5619575914825088,0.18121326732824106,0.22406074308729285,0.04499888888888889,0.09134250000000002,macd_bullish_cross|death_cross|downtrend,1,2,baissier,365,0,0,30,,,31.0,28.0,49.0,47.0,0,32.44,False,False,,0,,,,31,48772688,48772688,1000000000.0,1000000000.0,,100.0,,,
DYMUSDT,DYM,Speculative,,0.0169,600657.07133,1.807,42.497066341888086,-7.944713208495003e-05,0.020889999999999992,0.042997499999999966,1.2785094868774902,0.6021220159151194,0.5517241379310345,0.20683320209155054,0.36302084975774657,0.016633333333333333,0.03141944444444445,downtrend|doji_4h,0,1,baissier,365,0,0,30,,,17.0,28.0,44.5,57.5,16.7,32.37,False,False,,0,,,,35,,,,,,,,,
CGPTUSDT,CGPT,Speculative,831,0.02092,355347.263154,-0.665,41.37093334435316,2.6273640049165195e-05,0.026576400000000003,0.026482200000000008,1.4522791873644487,0.5469005847953217,0.5106432748538012,0.343405216466312,0.3088246319513717,0.018967777777777785,0.03189000000000001,macd_bullish_cross|golden_cross|downtrend,2,1,haussier,365,0,0,30,,,17.0,36.0,44.5,47.0,16.7,32.14,False,False,,0,,,,37,19583401,20947336,932799251.0,997766421.0,1000000000.0,93.5,,,
MUBARAKUSDT,MUBARAK,Speculative,,0.0109,493212.746704,0.184,41.40551491882905,6.150428160337385e-05,0.0134336,0.01517705,0.9519623935739209,0.42019733023795697,0.36796285548461977,0.1809356179471026,0.5106663171252215,0.010728333333333333,0.016032222222222222,macd_bullish_cross|support_bounce|downtrend,2,1,haussier,365,0,0,30,,,17.0,28.0,68.5,47.0,16.7,32.12,False,False,,0,,,,38,,,,,,,,,
RLCUSDT,RLC,Speculative,703,0.3548,459426.46661,-4.649,37.20903179820036,-0.0025177469170620803,0.42921,0.5061925,0.6801383425489209,0.3562256809338521,0.31167315175097277,0.2873699705131836,0.6053691665667752,0.3678638888888889,0.48315555555555556,downtrend,0,1,baissier,365,0,0,30,,,17.0,28.0,68.5,47.0,16.7,32.12,False,False,,0,,,,38,25654164,30834874,72382548.06525737,86999784.9868455,86999784.9868455,83.2,,,
ADXUSDT,ADX,Speculative,,0.0566,403210.9076,-0.702,40.666292490869964,0.00030507746467845626,0.06758199999999999,0.08171199999999994,0.8162521140118971,0.35217903415783275,0.33333333333333337,0.21693694907085584,0.4224266403326895,0.058225000000000006,0.07983888888888889,macd_bullish_cross|downtrend,1,1,mixte,365,0,0,30,,,17.0,28.0,68.5,47.0,16.7,32.12,False,False,,0,,,,38,,,,,,,,,
TNSRUSDT,TNSR,Speculative,,0.0296,346960.17407,0.68,36.2023847933223,-0.0002460462997670538,0.037542000000000006,0.05650149999999999,0.7957267769754248,0.46317829457364346,0.4263565891472868,0.2566817075554797,0.38468769643846473,0.03229444444444444,0.04498055555555555,downtrend|doji_4h,0,1,baissier,365,0,0,30,,,17.0,28.0,68.5,47.0,16.7,32.12,False,False,,0,,,,38,,,,,,,,,
AGLDUSDT,AGLD,Speculative,933,0.1806,317162.66943,4.333,34.11521036135922,-0.0027124647502301067,0.2340800000000001,0.25526500000000013,0.7590356469707522,0.39640287769784177,0.35000000000000003,0.7354540453150571,0.5430455461209038,0.20124444444444442,0.2727777777777778,downtrend,0,1,baissier,365,0,0,30,,,17.0,28.0,68.5,47.0,16.7,32.12,False,False,,0,,,,38,15820136,16797246,87430001.0,92830001.0,96000000.0,94.2,,,
ACTUSDT,ACT,Speculative,,0.01018,314820.698764,1.092,36.83109345585299,3.727024864013176e-05,0.013104000000000005,0.017792999999999993,0.7949123371709937,0.43905325443786974,0.39704142011834315,0.11404300720131465,0.55651539864654,0.010581111111111112,0.015899999999999997,macd_bullish_cross|downtrend,1,1,mixte,365,0,0,30,,,17.0,28.0,68.5,47.0,16.7,32.12,False,False,,0,,,,38,,,,,,,,,
MASKUSDT,MASK,Speculative,555,0.364,259784.4561,0.831,35.013452636818,-0.0011299553376655433,0.45902,0.514745,0.6423701443534815,0.39361702127659565,0.35460992907801414,0.21850568844156518,0.6282262375766191,0.38163888888888886,0.5323333333333333,downtrend,0,1,baissier,365,0,0,30,,,17.0,28.0,68.5,47.0,16.7,32.12,False,False,,0,,,,38,36430448,36430448,100000000.0,100000000.0,100000000.0,100.0,,,
CELRUSDT,CELR,Speculative,,0.002195,254151.1852247,0.92,40.38441479351271,-1.2131374146116767e-05,0.0026103599999999995,0.003043605000000002,0.8179664693485539,0.3332269390360676,0.3000319182891797,0.23618218926573578,0.58485962834642,0.0022471388888888892,0.0029484444444444445,downtrend,0,1,baissier,365,0,0,30,,,17.0,28.0,68.5,47.0,16.7,32.12,False,False,,0,,,,38,,,,,,,15075605,$15M,-5.15
ALICEUSDT,ALICE,Speculative,,0.1068,252394.63243,1.136,41.14980902409704,-6.620685353484531e-05,0.130402,0.14552850000000006,0.7868440672856656,0.4,0.34939024390243906,0.14899268278146469,0.3721719919856509,0.10439166666666666,0.1592583333333334,downtrend,0,1,baissier,365,0,0,30,,,17.0,28.0,68.5,47.0,16.7,32.12,False,False,,0,,,,38,,,,,,,,,
RAREUSDT,RARE,Speculative,,0.0129,248001.85685,0.0,37.23525162167073,-9.81959514180467e-05,0.015920000000000004,0.018889999999999994,0.7013059561279165,0.49372384937238495,0.46025104602510464,0.3411101959998158,0.4519150020326858,0.01343888888888889,0.01856944444444445,downtrend|doji_4h,0,1,baissier,365,0,0,30,,,17.0,28.0,68.5,47.0,16.7,32.12,False,False,,0,,,,38,,,,,,,,,
LAZIOUSDT,LAZIO,Speculative,,0.471,235297.95851,-0.633,37.04777241789368,0.0030100530683143563,0.5626599999999999,0.8020499999999996,0.6467579935469854,0.40399999999999997,0.3746666666666667,0.3403600504225174,0.5165079752961431,0.4846944444444444,0.7118055555555556,macd_bullish_cross|downtrend,1,1,mixte,365,0,0,30,,,17.0,28.0,68.5,47.0,16.7,32.12,False,False,,0,,,,38,,,,,,,,,
API3USDT,API3,Speculative,549,0.2578,222486.88095,1.177,35.24091199355787,-0.0010183052522567335,0.32792,0.35761549999999986,0.6400176804675312,0.37764584408879714,0.33505420753742904,0.20189127086030942,0.42372738364949325,0.25926388888888896,0.3888722222222223,downtrend|doji_4h,0,1,baissier,365,0,0,30,,,17.0,28.0,68.5,47.0,16.7,32.12,False,False,,0,,,,38,36802598,44298108,142794939.4039844,171877693.7539821,,83.1,15625526,$16M,-1.52
BEAMXUSDT,BEAMX,Speculative,,0.001465,173231.731568,0.618,37.83164162209842,-2.7796899757496796e-06,0.0017874400000000002,0.002311545,0.7056433193399058,0.3554413825315274,0.31433909388136394,0.1531597890591067,0.6885506867369606,0.0015283611111111112,0.0020619722222222224,downtrend,0,1,baissier,365,0,0,30,,,17.0,28.0,68.5,47.0,16.7,32.12,False,False,,0,,,,38,,,,,,,,,
ALPINEUSDT,ALPINE,Speculative,,0.347,150714.43107,0.0,36.73590286325788,-0.001466426558799666,0.42062000000000005,0.474005,0.6297357368922618,0.3597678916827853,0.33075435203094783,0.13629599248753432,0.6148581779784472,0.3668055555555555,0.4785277777777778,downtrend,0,1,baissier,365,0,0,30,,,17.0,28.0,68.5,47.0,16.7,32.12,False,False,,0,,,,38,,,,,,,,,
PIVXUSDT,PIVX,Speculative,,0.0507,136130.8487,-1.17,35.47245601530237,-9.683295438682894e-05,0.06486600000000001,0.10255150000000005,0.8375470428529301,0.47608926673751334,0.461211477151966,0.2339364741471066,0.5237000656626195,0.05548611111111112,0.09047499999999997,downtrend,0,1,baissier,365,0,0,30,,,17.0,28.0,68.5,47.0,16.7,32.12,False,False,,0,,,,38,,,,,,,,,
FLUXUSDT,FLUX,Speculative,781,0.0523,105035.205519,0.0,36.154642681296174,-0.0006340645569963719,0.067728,0.07838450000000002,0.9443396197593262,0.4186046511627906,0.39186046511627903,0.12933932825727007,0.4602119672110421,0.04953888888888889,0.07857222222222222,downtrend,0,1,baissier,365,0,0,30,,,17.0,28.0,68.5,47.0,16.7,32.12,False,False,,0,,,,38,21505121,21508870,411698754.4991484,411770518.4991484,440000000.0,100.0,,,
ALCXUSDT,ALCX,Speculative,,3.55,96569.639275,2.899,36.95862768323029,0.017873125751640295,4.641000000000001,6.019,0.8928514484282037,0.42003514938488584,0.3725834797891038,0.23434441405622888,0.6280438617913393,3.764166666666667,5.573611111111112,macd_bullish_cross|downtrend,1,1,mixte,365,0,0,30,,,17.0,28.0,68.5,47.0,16.7,32.12,False,False,,0,,,,38,,,,,,,30101710,$30M,4.86
BANDUSDT,BAND,Speculative,640,0.168,77511.9811,-0.592,35.42495989444535,-0.0013054054987557927,0.20732,0.2589649999999999,0.7160830095648189,0.35317460317460314,0.3333333333333333,0.1413483366604756,0.6025641360269514,0.182,0.23902777777777784,downtrend,0,1,baissier,365,0,0,30,,,17.0,28.0,68.5,47.0,16.7,32.12,False,False,,0,,,,38,30085888,30099587,177542779.200405,177623621.57191,,100.0,,,
PIXELUSDT,PIXEL,Speculative,,0.00552,750104.558433,1.099,37.13943011173459,-2.4647620503302314e-05,0.007131799999999999,0.007777150000000002,0.9089081283325876,0.5124760076775432,0.47120921305182345,0.2512423947808134,0.37151109867752546,0.005886111111111112,0.009305555555555556,double_top_90d|downtrend,0,2,baissier,365,0,0,30,,,17.0,28.0,59.5,57.5,0,32.04,False,False,,0,,,,33,,,,,,,,,
MANTRAUSDT,MANTRA,Speculative,517,0.00767,600818.5713,-0.13,42.1083161398946,8.639793377497942e-05,0.009254999999999998,,0.830662758227054,0.5574193548387096,0.5038709677419355,0.1924287799313152,0.5780331841487926,0.007792777777777775,0.012931388888888888,macd_bullish_cross|double_top_90d|downtrend,1,2,baissier,102,0,0,30,,,9.8,36.0,55.0,57.5,0,31.89,False,False,,0,,,,35,40276737,55568610,5241639220.465317,7231733040.288918,10000000000.0,72.5,,,
HYPERUSDT,HYPER,Speculative,733,0.0718,681993.51568,-0.692,36.11365316834093,9.514743256452789e-05,0.10104600000000001,0.1078414999999999,1.0273315442656403,0.5997490589711417,0.548306148055207,0.4714000637096164,0.29993023799115387,0.0758111111111111,0.12425277777777777,macd_bullish_cross|downtrend,1,1,mixte,365,0,0,30,,,17.0,28.0,38.5,57.5,16.7,31.8,False,False,,0,,,,34,24298320,58008135,338174017.0,807333335.0000001,1000000000.0,41.9,92975403,$93M,-38.2
UMAUSDT,UMA,Speculative,554,0.402,140809.0836,0.5,43.92043616782173,0.001238142197728942,0.4496400000000002,0.5496150000000002,0.5940603171258902,0.3260473588342441,0.2659380692167578,0.1390205063272676,0.6900126479927632,0.38852777777777775,0.5033055555555556,macd_bullish_cross|double_top_90d|support_bounce|downtrend,2,2,mixte,365,0,0,30,,,17.0,28.0,83.5,47.0,0,31.79,False,False,,0,,,,37,36453201,51839854,90641450.37004267,128900601.4473193,,70.3,,,
VANRYUSDT,VANRY,Speculative,,0.003502,130129.406052,0.517,28.07465907226799,-2.059218133863898e-05,0.0048314000000000005,0.006401554999999996,0.6122106455703218,0.5750726101780528,0.5585301174390707,0.25597810225480716,0.4800085765934514,0.003957249999999999,0.006127416666666666,,0,0,neutre,365,0,0,30,,,17.0,19.0,55.0,47.0,50,31.75,False,False,,0,,,,48,,,,,,,,,
MINAUSDT,MINA,Mid,418,0.0433,389055.57149,1.168,31.2752411399414,-0.00039485519683163904,0.05648200000000001,0.06809900000000002,0.6779764033907577,0.4130434782608696,0.3739130434782609,0.30160274898024153,0.652881922915953,0.04753888888888888,0.06488611111111112,double_top_90d|downtrend|doji_4h,0,2,baissier,365,0,0,30,,,31.0,19.0,68.5,47.0,0,31.71,False,False,,0,,,,32,55861436,55861436,1289999184.840039,1289999184.840039,,100.0,,,
FTTUSDT,FTT,Speculative,,0.2656,410085.701407,-3.207,43.648376286613484,0.0011844770275784393,0.305472,0.378705,1.2313051948892004,0.3855356171832518,0.27977161500815656,0.2987079017083839,0.40723218185092913,0.2662916666666667,0.35329722222222215,macd_bullish_cross|downtrend,1,1,mixte,365,0,0,30,,,17.0,28.0,62.5,47.0,16.7,31.55,False,False,,0,,,,37,,,,,,,,,
SOLVUSDT,SOLV,Speculative,,0.00335,280060.56563,0.0,39.02160285494115,-1.2489835519326599e-05,0.004095,0.0076217000000000056,0.6496028625249757,0.42397137745974955,0.39713774597495527,0.22563843372600245,0.06399722769833356,0.003241944444444445,0.005059444444444445,downtrend,0,1,baissier,365,0,0,30,,,17.0,28.0,62.5,47.0,16.7,31.55,False,False,,0,,,,37,,,,,,,409708698,$410M,6.3
JUVUSDT,JUV,Speculative,,0.353,364904.80168,-0.282,35.660631970674814,0.0018879227832786852,0.4377000000000001,0.5819949999999998,0.5755953985830032,0.4464882943143812,0.411371237458194,0.30227201326729003,0.5831835971572562,0.3733611111111112,0.5498611111111111,macd_bullish_cross|double_top_90d|downtrend,1,2,baissier,365,0,0,30,,,17.0,28.0,79.0,47.0,0,31.37,False,False,,0,,,,36,,,,,,,,,
1MBABYDOGEUSDT,1MBABYDOGE,Speculative,,0.0003347,305487.7274898,-0.476,38.328163503955764,-1.520268616922575e-06,0.000400188,0.0004860784999999999,0.7377829323976315,0.32435254803675856,0.30033416875522134,0.17820068871142247,0.7518319534688083,0.00035118611111111106,0.0004506555555555555,downtrend,0,1,baissier,365,0,0,30,,,17.0,28.0,60.5,47.0,16.7,31.37,False,False,,0,,,,37,,,,,,,,,
WOOUSDT,WOO,Speculative,716,0.01328,80607.084471,0.075,35.837804388251186,-8.158901524350933e-05,0.017176999999999998,0.02057425,0.7649737127932673,0.39082125603864737,0.3570048309178743,0.13874727142590762,0.734379892708704,0.014473333333333335,0.019975000000000007,downtrend,0,1,baissier,365,0,0,30,,,17.0,28.0,60.5,47.0,16.7,31.37,False,False,,0,,,,37,25065185,25065185,1888782088.294737,1888782088.294737,3000000000.0,100.0,5425034,$5M,29.21
1000SATSUSDT,1000SATS,Speculative,,9.76e-06,406327.59447212,1.455,36.85473572147143,2.689411171619392e-08,1.2827800000000003e-05,1.3634049999999987e-05,0.8316467883594755,0.5037837837837837,0.47243243243243244,0.2267497680692269,0.4733188004256894,9.904166666666669e-06,1.6011111111111112e-05,macd_bullish_cross|downtrend|doji_4h,1,1,mixte,365,0,0,30,,,17.0,28.0,59.5,47.0,16.7,31.27,False,False,,0,,,,37,,,,,,,,,
TURTLEUSDT,TURTLE,Speculative,,0.0368,267958.38395,-1.867,38.018261339017236,-5.74713470820774e-05,0.046016000000000015,0.05021200000000001,0.7368945257388326,0.4103448275862069,0.3672413793103448,0.3385510807102557,0.3886868167730925,0.03792222222222222,0.053699999999999984,downtrend|doji_4h,0,1,baissier,235,0,0,30,,,13.4,28.0,68.5,47.0,16.7,31.13,False,False,,0,,,,38,,,,,,,,,
POWRUSDT,POWR,Speculative,697,0.0492,27971.8194,-0.405,31.91681653436774,-0.00042028918847778537,0.06092400000000001,0.0713905,0.5642454053321759,0.31805157593123207,0.29512893982808025,0.09558431211423893,0.6946848027966257,0.053727777777777784,0.06818611111111111,double_top_90d,0,1,baissier,365,0,0,30,,,17.0,19.0,83.5,47.0,16.8,30.98,False,False,,0,,,,38,26116508,49274232,529761884.726046,999506122.99937,1000000000.0,53.0,,,
PORTOUSDT,PORTO,Speculative,,0.555,298875.43396,-1.77,30.02814214282563,0.001449573554926184,0.74396,0.976605,0.6370324495514978,0.5492142266335814,0.5409429280397022,0.850555755289675,0.603589516841256,0.6105833333333333,1.0515555555555556,macd_bullish_cross|downtrend,1,1,mixte,365,0,0,30,,,17.0,28.0,55.0,47.0,16.7,30.85,False,False,,0,,,,36,,,,,,,,,
XVGUSDT,XVG,Speculative,508,0.002529,182055.90608,0.717,35.67031996096972,-1.647088511752971e-05,0.0032067799999999985,0.004995799999999999,0.8057765953945925,0.5744301994301995,0.5471866096866097,0.13778826777516515,0.4624643355225526,0.002768333333333333,0.004994027777777778,downtrend,0,1,baissier,365,0,0,30,,,17.0,28.0,55.0,47.0,16.7,30.85,False,False,,0,,,,36,41599443,41682654,16521951234.84134,16555000000.0,,99.8,,,
KERNELUSDT,KERNEL,Speculative,987,0.0485,139396.64366,-0.615,35.23218854136073,-0.0005601167553992174,0.060455999999999975,0.07319350000000002,0.8444438787092081,0.6150627615062761,0.5958158995815899,0.2974732735227033,0.4240202988934341,0.05389166666666667,0.10261944444444444,downtrend,0,1,baissier,365,0,0,30,,,17.0,28.0,55.0,47.0,16.7,30.85,False,False,,0,,,,36,13933115,48411141,287808020.0,1000000000.0,1000000000.0,28.8,,,
VICUSDT,VIC,Speculative,,0.0336,688017.273933,-8.197,36.138004280425484,-0.0012362504427429854,0.049943999999999995,0.06432349999999999,2.097759006559004,0.5152394775036285,0.5123367198838897,0.46162832102135914,0.15172991875952824,0.039680555555555545,0.06325277777777777,double_top_90d|doji_4h,0,1,baissier,365,0,0,30,,,17.0,28.0,28.0,57.5,16.8,30.83,False,False,,0,,,,32,,,,,,,,,
SXTUSDT,SXT,Speculative,774,0.00839,836613.860866,-2.781,30.987522292175413,-3.3692170338467387e-05,0.012484599999999995,0.02042145000000001,0.8603841646076201,0.578494623655914,0.5483870967741935,0.4526377634623226,0.47684369738196153,0.00978027777777778,0.01771944444444444,downtrend,0,1,baissier,365,0,0,30,,,17.0,19.0,55.0,57.5,16.7,30.79,False,False,,0,,,,34,21818588,41977978,2598813644.2665,5000000000.0,5000000000.0,52.0,,,
BARUSDT,BAR,Speculative,,0.289,239357.08536,-2.034,23.802351897652187,0.000673765596923899,0.38661999999999996,0.500705,0.45978587187953557,0.5017421602787456,0.4930313588850174,0.3649791430132462,0.48547471289195887,0.32249999999999995,0.5586666666666668,macd_bullish_cross,1,0,haussier,365,0,0,30,,,17.0,10.0,70.0,47.0,50,30.59,False,False,,0,,,,47,,,,,,,,,
REQUSDT,REQ,Speculative,506,0.0568,147497.7569,-0.351,42.04036263329819,-0.00016378948740173888,0.06670600000000002,0.08149,1.254218923974217,0.46740220661985954,0.4292878635907723,0.34550493607379834,0.29158277815611483,0.05951944444444443,0.08293888888888888,downtrend,0,1,baissier,365,0,0,30,,,17.0,28.0,52.0,47.0,16.7,30.57,False,False,,0,,,,36,42149466,56597314,744291192.2591633,999416740.9347086,1000000000.0,74.5,,,
AUDIOUSDT,AUDIO,Speculative,777,0.01516,479872.558594,-1.238,30.552237737099432,-9.50279993399447e-05,0.0188388,0.023219249999999993,0.4756448157993433,0.42018131651556956,0.4012613322822231,0.2038091010050371,0.338182759057825,0.01589166666666666,0.02239444444444445,downtrend,0,1,baissier,365,0,0,30,,,17.0,19.0,79.0,47.0,16.7,30.54,False,False,,0,,,,37,21679182,21679182,1429072077.0,1429072077.931691,,100.0,,,
ACMUSDT,ACM,Speculative,,0.303,373348.4582,-2.572,29.204361068017846,-0.0008395172608445557,0.38716,0.4562700000000002,0.531836750708922,0.34978540772532196,0.34978540772532196,0.4267938737161436,0.6296807762576608,0.3356111111111112,0.44941666666666674,rsi_bullish_divergence|downtrend,1,1,mixte,365,0,0,30,,,17.0,19.0,79.0,47.0,16.7,30.54,False,False,,0,,,,43,,,,,,,,,
COTIUSDT,COTI,Speculative,652,0.01003,124113.25077,0.703,36.32651816092458,-4.589650790699784e-05,0.0127202,0.016008950000000008,0.8252616812568975,0.3776908023483366,0.3470319634703196,0.1710941285152906,0.5720279139226351,0.010811944444444442,0.014953888888888886,double_top_90d|downtrend,0,2,baissier,365,0,0,30,,,17.0,28.0,68.5,47.0,0,30.38,False,False,,0,,,,34,28787426,28787741,2876347481.960655,2876378914.904884,4910000000.0,100.0,,,
TRBUSDT,TRB,Speculative,541,13.4,645216.51204,-0.741,33.214278988643315,-0.0706922792281981,17.31,17.747600000000013,0.6687236942594585,0.4539249146757679,0.42918088737201365,0.2479800816708693,0.4309873725975655,13.889444444444445,20.353611111111107,downtrend|shooting_star_4h,0,2,baissier,365,0,0,30,,,17.0,19.0,68.5,57.5,0,30.32,False,False,,0,,,,32,37350386,38336858,2792656.292171704,2866413.956083518,,97.4,,,
SYNUSDT,SYN,Speculative,,0.032,312366.52429,-3.03,33.144665125081644,-0.001002526872136116,0.047928000000000026,0.052820999999999986,1.2175834173584805,0.5267558528428093,0.4648829431438127,0.618804689917682,0.3540803427603624,0.039036111111111126,0.05726666666666666,downtrend,0,1,baissier,365,0,0,30,,,17.0,28.0,49.0,47.0,16.7,30.28,False,False,,0,,,,35,,,,,,,11678032,$12M,-4.79
GTCUSDT,GTC,Speculative,,0.078,192602.754,-1.266,41.265411998045224,-0.0003346860943745627,0.09573999999999999,0.10718500000000011,0.8145308448926197,0.5898876404494382,0.5617977528089887,0.27940919787106033,0.19316538132066532,0.07499999999999997,0.12036111111111111,downtrend|doji_4h,0,1,baissier,365,0,0,30,,,17.0,28.0,49.0,47.0,16.7,30.28,False,False,,0,,,,35,,,,,,,,,
BREVUSDT,BREV,Speculative,811,0.0812,360778.96426,0.123,32.42621382254971,-0.00043611988063263496,0.10947400000000002,,0.7927651896516263,0.4580098800282287,0.42766407904022574,0.41546800329662364,0.5537339690560793,0.09086666666666665,0.1343166666666667,downtrend,0,1,baissier,159,0,0,30,,,11.4,27.0,68.5,47.0,16.7,30.26,False,False,,0,,,,38,20282512,81130048,250000000.0,1000000000.0,1000000000.0,25.0,,,
EULUSDT,EUL,Speculative,768,0.915,490178.24152,0.439,36.99698248219556,-0.011037063899941843,1.2484199999999996,1.729709999999997,1.0935681845426841,0.4894387447193724,0.4484007242003621,0.21256754936479724,0.5681923328202181,0.8263611111111111,1.5021666666666667,downtrend,0,1,baissier,244,0,0,30,,,13.7,28.0,58.0,47.0,16.7,30.21,False,False,,0,,,,37,22030045,24800416,24146317.188470602,27182818.28459,27182818.0,88.8,269726750,$270M,4.58
YBUSDT,YB,Speculative,843,0.0893,265772.25136,-4.082,43.21526266326904,3.5562116570310096e-05,0.10984200000000004,0.21886300000000003,1.4045249147871874,0.4716477651767845,0.40493662441627754,0.1852622223039558,0.33225539936687176,0.09317777777777775,0.13636944444444443,macd_bullish_cross|downtrend,1,1,mixte,242,0,0,30,,,13.6,28.0,58.0,47.0,16.7,30.19,False,False,,0,,,,37,18984143,65689561,213252948.4322422,737904919.2196465,1000000000.0,28.9,120961104,$121M,12.87
SAPIENUSDT,SAPIEN,Speculative,812,0.0812,293040.17552,-1.576,40.89174211306336,-0.00034262701460621367,0.09964199999999995,0.10360250000000003,1.1247365997448353,0.459795321637427,0.40716374269005845,0.19004377766391606,0.4519899555379195,0.06818333333333332,0.11953333333333334,downtrend,0,1,baissier,220,0,0,30,,,13.0,28.0,58.0,47.0,16.7,30.03,False,False,,0,,,,37,20262756,81051025,250000000.0,1000000000.0,1000000000.0,25.0,,,
COOKIEUSDT,COOKIE,Speculative,,0.0093,275632.93114,-1.064,27.897004073902664,-8.165581846535878e-06,0.014738000000000003,0.025502999999999994,1.2190177121555748,0.5572139303482587,0.5422885572139303,0.5421997274259678,0.48038460143064615,0.010833333333333334,0.019166666666666665,downtrend|doji_4h,0,1,baissier,365,0,0,30,,,17.0,28.0,44.5,47.0,16.7,29.86,False,False,,0,,,,41,,,,,,,,,
DCRUSDT,DCR,Mid,172,12.0,107772.61913,-1.072,23.253511010836917,-0.0666540749291904,16.709200000000003,20.59290000000002,0.6417867435998852,0.5648351648351648,0.5608058608058608,0.19911865569310938,0.577773823552372,13.863611111111107,23.94861111111111,downtrend,0,1,baissier,365,0,0,30,,,31.0,10.0,55.0,47.0,16.7,29.62,False,False,,0,,,,37,208977183,208977183,17464128.82034187,17464128.82034187,21000000.0,100.0,,,
SHELLUSDT,SHELL,Speculative,,0.0259,333052.84765,-1.894,34.832256469742674,-0.00011808123237934268,0.03311800000000001,0.03792599999999998,0.7184020938326092,0.3960880195599022,0.36674816625916873,0.37155746142481044,0.44232760840743446,0.026783333333333336,0.039011111111111114,double_top_90d|doji_4h,0,1,baissier,365,0,0,30,,,17.0,19.0,68.5,47.0,16.8,29.57,False,False,,0,,,,36,,,,,,,,,
PYRUSDT,PYR,Speculative,,0.184,225692.800771,0.546,27.627688056914707,-0.0020575325876786947,0.24977999999999997,0.35278500000000024,0.6516149887758599,0.44859813084112155,0.4299065420560748,0.1524955163063691,0.6081472005692347,0.21075000000000005,0.3023888888888889,double_top_90d,0,1,baissier,365,0,0,30,,,17.0,19.0,68.5,47.0,16.8,29.57,False,False,,0,,,,42,,,,,,,,,
IOSTUSDT,IOST,Speculative,670,0.000816,147974.393119,-1.091,34.10798820971435,-6.7081773323613645e-06,0.0010274199999999998,0.001314825,0.6733356671545507,0.3793103448275863,0.3456295108259824,0.3410195934581021,0.6859807000617901,0.0009034166666666665,0.0011714722222222222,double_top_90d,0,1,baissier,365,0,0,30,,,17.0,19.0,68.5,47.0,16.8,29.57,False,False,,0,,,,36,27727652,27727652,33999051873.0,33999051873.0,90000000000.0,100.0,,,
ARPAUSDT,ARPA,Speculative,,0.00839,71609.143085,0.72,31.81097049771003,-7.77931646344371e-05,0.010173999999999996,0.011093249999999994,0.6177848817509666,0.3385118560915781,0.31398201144726084,0.08318922451075403,0.5608586616702749,0.008637777777777777,0.011429166666666666,double_top_90d,0,1,baissier,365,0,0,30,,,17.0,19.0,68.5,47.0,16.8,29.57,False,False,,0,,,,36,,,,,,,,,
SKLUSDT,SKL,Speculative,693,0.0043,480224.14754,0.939,27.136974054365126,-3.814210229140767e-05,0.0060789999999999985,0.007955800000000006,0.6774454728846067,0.46382428940568476,0.4444444444444445,0.46818138122200975,0.648222535860253,0.004946388888888889,0.007411388888888888,downtrend,0,1,baissier,365,0,0,30,,,17.0,19.0,68.5,47.0,16.7,29.56,False,False,,0,,,,42,26188654,26731942,6094019337.0,6220440895.395961,7000000000.0,98.0,,,
SCRUSDT,SCR,Speculative,,0.03342,465780.377081,1.089,33.718195491690935,-0.0002897432213374981,0.0435632,0.05670160000000005,0.7654253884810543,0.4020295202952029,0.38542435424354243,0.4300708413220422,0.5530077901961618,0.036619166666666675,0.050888611111111114,downtrend,0,1,baissier,365,0,0,30,,,17.0,19.0,68.5,47.0,16.7,29.56,False,False,,0,,,,36,,,,,,,,,
VANAUSDT,VANA,Speculative,578,1.119,305573.75982,1.175,33.99566233349485,-0.009192301439042622,1.4220200000000003,1.7988150000000005,0.6298251332034122,0.3884726224783862,0.3550432276657061,0.29705628135814305,0.6173542987960797,1.1604444444444446,1.6194444444444445,downtrend,0,1,baissier,365,0,0,30,,,17.0,19.0,68.5,47.0,16.7,29.56,False,False,,0,,,,36,34429473,134140805,30800000.0,120000000.0,120000000.0,25.7,,,
CHRUSDT,CHR,Speculative,951,0.01555,237167.88175,-1.018,32.88420960731138,-0.00018189834466574928,0.0218322,0.02878055,0.9121152620812254,0.47150799166087565,0.46073662265462123,0.15940792363115489,0.47931870294593865,0.01481861111111111,0.026222777777777786,downtrend,0,1,baissier,365,0,0,30,,,17.0,19.0,68.5,47.0,16.7,29.56,False,False,,0,,,,36,15147553,15147553,974831915.3782,974831915.3782,978064789.0,100.0,,,
METISUSDT,METIS,Speculative,842,2.56,231124.37867,0.392,34.32336212505366,-0.01447618322348393,3.306400000000002,4.113250000000001,0.7133071124957319,0.44393592677345534,0.41418764302059496,0.11346913514780267,0.5762044523059768,2.661111111111111,3.9099999999999997,downtrend,0,1,baissier,365,0,0,30,,,17.0,19.0,68.5,47.0,16.7,29.56,False,False,,0,,,,36,19161888,25574983,7492434.342,10000000.0,10000000.0,74.9,24007632,$24M,0.93
MAGICUSDT,MAGIC,Speculative,938,0.0469,215614.00828,0.428,32.31073738595754,-0.0002719174996059764,0.060439999999999994,0.07459250000000002,0.6501399480700315,0.388283378746594,0.36103542234332436,0.18609976108886808,0.6918699365313644,0.05073055555555555,0.06975555555555554,downtrend,0,1,baissier,365,0,0,30,,,17.0,19.0,68.5,47.0,16.7,29.56,False,False,,0,,,,36,15740756,16287345,336018972.3417761,347687042.9717532,347714007.0,96.6,,,
ANIMEUSDT,ANIME,Speculative,909,0.003,193354.191753,0.0,26.38901221738145,-2.1199262109633217e-05,0.004207399999999999,0.005443549999999999,0.613983650333855,0.49911190053285964,0.4671403197158081,0.41256008057841437,0.5513696826077408,0.003421111111111111,0.005168055555555557,downtrend,0,1,baissier,365,0,0,30,,,17.0,19.0,68.5,47.0,16.7,29.56,False,False,,0,,,,42,16558300,29896159,5538604656.0,10000000000.0,10000000000.0,55.4,,,
LQTYUSDT,LQTY,Speculative,814,0.205,188366.6882,0.985,34.78152406929556,-0.0018696712062568066,0.2724200000000001,0.32306000000000007,0.9057127362833308,0.44314868804664725,0.4052478134110788,0.39198834936698873,0.6167079397108389,0.2246388888888889,0.32499999999999996,downtrend|doji_4h,0,1,baissier,365,0,0,30,,,17.0,19.0,68.5,47.0,16.7,29.56,False,False,,0,,,,36,20201602,20462425,98725359.20937486,100000000.0,100000000.0,98.7,124924923,$125M,5.52
MAVUSDT,MAV,Speculative,,0.01061,143587.94023,-0.094,34.03945919924119,-4.2963426172030745e-05,0.013810000000000003,0.018911949999999993,0.709089357673739,0.4076470588235294,0.37588235294117656,0.18028311075782202,0.5277047189529925,0.011501666666666669,0.016402222222222228,downtrend,0,1,baissier,365,0,0,30,,,17.0,19.0,68.5,47.0,16.7,29.56,False,False,,0,,,,36,,,,,,,1071715,$1M,4.13
CVCUSDT,CVC,Speculative,857,0.02299,137039.98843,1.412,32.61041538781507,-0.0001492454309210108,0.0289722,0.03523275000000001,0.6434956921784237,0.3534432018834609,0.32371983519717484,0.27345237938081973,0.6574644054497454,0.02512638888888889,0.033310277777777786,downtrend,0,1,baissier,365,0,0,30,,,17.0,19.0,68.5,47.0,16.7,29.56,False,False,,0,,,,36,18419632,22967121,802000010.0,1000000000.0,,80.2,,,
SCRTUSDT,SCRT,Speculative,805,0.0597,105997.57081,-0.5,30.844690724604092,-0.00026984377068051645,0.086926,0.09997550000000005,0.8205357163144795,0.4978165938864629,0.4777292576419214,0.137403017012859,0.5807358505938411,0.06670833333333331,0.11159166666666669,downtrend,0,1,baissier,365,0,0,30,,,17.0,19.0,68.5,47.0,16.7,29.56,False,False,,0,,,,36,20473874,21376212,342758288.884386,357864556.370766,,95.8,,,
ONEUSDT,ONE,Speculative,764,0.0015,104910.523762,-0.662,31.85056247726989,-5.5521536636471045e-06,0.0020225999999999994,0.0027715999999999973,0.7368507800014437,0.44866920152091255,0.42965779467680604,0.12549321177239756,0.5563397801436426,0.0016586111111111114,0.0024777777777777775,downtrend,0,1,baissier,365,0,0,30,,,17.0,19.0,68.5,47.0,16.7,29.56,False,False,,0,,,,36,22406101,22406103,14870211425.762915,14870212769.762915,,100.0,,,
OGNUSDT,OGN,Speculative,,0.01754,97261.4779,0.286,34.33803095435728,-0.00011138809254581088,0.021685,0.025390450000000005,0.6600620539152663,0.33067411248504186,0.30035899481451933,0.18747092493295964,0.6484338637167018,0.018792222222222224,0.024808333333333335,downtrend|doji_4h,0,1,baissier,365,0,0,30,,,17.0,19.0,68.5,47.0,16.7,29.56,False,False,,0,,,,36,,,,,,,,,
ARKUSDT,ARK,Speculative,739,0.1215,89512.5685,-0.328,32.47873659163528,-0.0007062761905220274,0.158482,0.20462299999999986,0.7056098146707765,0.39059196617336156,0.3562367864693446,0.4535600275771032,0.6603517187343017,0.13491388888888886,0.18269444444444444,downtrend,0,1,baissier,365,0,0,30,,,17.0,19.0,68.5,47.0,16.7,29.56,False,False,,0,,,,36,23950113,23950113,197153086.0,197153086.0,,100.0,,,
SCUSDT,SC,Speculative,559,0.000728,71107.317763,1.252,34.33398095784338,-3.3877865350754867e-06,0.0008885199999999998,0.0011881899999999998,0.6324855237912059,0.3809954751131222,0.33936651583710414,0.2827560442873165,0.6907799661199964,0.0007867777777777777,0.001032611111111111,downtrend,0,1,baissier,365,0,0,30,,,17.0,19.0,68.5,47.0,16.7,29.56,False,False,,0,,,,36,36142026,36142026,49751295000.0225,49751295000.0225,,100.0,,,
LSKUSDT,LSK,Speculative,782,0.093,64648.8056,0.0,34.73847885675994,-0.0005710121395811592,0.11746000000000001,0.15051000000000003,0.6080276847195599,0.3776223776223776,0.3496503496503496,0.23033450843052372,0.6996227610161706,0.10169444444444448,0.1356388888888889,downtrend,0,1,baissier,365,0,0,30,,,17.0,19.0,68.5,47.0,16.7,29.56,False,False,,0,,,,36,21489234,36877984,233084697.0,400000000.0,400000000.0,58.3,,,
EDUUSDT,EDU,Speculative,765,0.0289,701427.8107,-0.345,29.314138593350833,-0.0007034804345120854,0.043668000000000005,0.09930100000000003,1.0255385331655351,0.7062780269058296,0.6771300448430494,0.1948780327452884,0.29812156002817275,0.03570555555555557,0.07285833333333333,downtrend,0,1,baissier,365,0,0,30,,,17.0,19.0,38.5,57.5,16.7,29.24,False,False,,0,,,,37,22336486,28835483,774618056.0,1000000000.0,1000000000.0,77.5,,,
TOWNSUSDT,TOWNS,Speculative,,0.00221,495820.00003,-3.07,32.515316975741115,-2.7396434065709652e-05,0.0031160000000000003,0.004529100000000001,0.9830830153740344,0.4808612440191387,0.47129186602870804,0.2858038097876588,0.48612097354791345,0.002588055555555556,0.003916388888888889,downtrend|doji_4h,0,1,baissier,313,0,0,30,,,15.6,19.0,68.5,47.0,16.7,29.16,False,False,,0,,,,36,,,,,,,,,
CYBERUSDT,CYBER,Speculative,753,0.344,283452.96911,-1.433,28.639830347309314,-0.0036407792989512563,0.47863999999999984,0.601045,0.7178866841226975,0.4278350515463917,0.40893470790378006,0.18857088180610893,0.7006392821236109,0.39761111111111114,0.5685277777777777,double_top_90d,0,1,baissier,365,0,0,30,,,17.0,19.0,60.5,47.0,16.8,28.82,False,False,,0,,,,40,22927419,34279796,66883183.763333336,100000000.0,100000000.0,66.9,,,
BIGTIMEUSDT,BIGTIME,Speculative,894,0.00897,156603.69515,2.514,33.52483106122696,-3.807274962688151e-05,0.012098400000000002,0.01603094999999999,0.7861961945587691,0.4622823984526112,0.4235976789168278,0.3165965287003303,0.7257706690396739,0.009890833333333331,0.01443444444444444,downtrend,0,1,baissier,365,0,0,30,,,17.0,19.0,60.5,47.0,16.7,28.8,False,False,,0,,,,34,17072171,44732648,1908245059.7925065,5000000000.0,5000000000.0,38.2,,,
GUNUSDT,GUN,Speculative,983,0.006,631176.84067,-1.478,28.567203164707678,0.00016155128459135071,0.011404600000000003,0.01791800000000001,1.254871052831706,0.7737730061349694,0.7703220858895706,0.37314905612021065,0.15289678750920696,0.007,0.020487222222222212,macd_bullish_cross|downtrend,1,1,mixte,365,0,0,30,,,17.0,19.0,32.5,57.5,16.7,28.68,False,False,,0,,,,36,14057411,59895780,2346978537.0,10000000000.0,10000000000.0,23.5,,,
PROMUSDT,PROM,Speculative,823,1.088,200305.55092,-1.091,40.85665724109023,0.03597890724771616,1.4934400000000003,3.2120550000000025,1.57766206221127,0.5875776397515527,0.5523809523809524,0.182921652061134,0.1519955029283177,0.9885833333333337,2.2298055555555556,downtrend,0,1,baissier,365,0,0,30,,,17.0,28.0,28.0,47.0,16.7,28.31,False,False,,0,,,,32,19765970,20849037,18250000.0,19250000.0,19250000.0,94.8,,,
THEUSDT,THE,Speculative,,0.0678,297403.95313,-1.453,33.38964527799837,-0.0002920249123605813,0.09098800000000001,0.1705085,0.8356486548770158,0.6636982713462545,0.644316396018858,0.17183792363021355,0.4133205300763124,0.07591944444444444,0.1382861111111111,downtrend,0,1,baissier,365,0,0,30,,,17.0,19.0,55.0,47.0,16.7,28.29,False,False,,0,,,,34,,,,,,,1390236,$1M,-0.83
SANTOSUSDT,SANTOS,Speculative,,0.63,218583.10238,-2.778,28.33664138113221,0.005091277187619189,0.9659,1.4680299999999997,0.8608251754531331,0.5677276091783864,0.532938564026647,0.18829863893951798,0.33771177692083215,0.712277777777778,1.2853611111111112,macd_bullish_cross|downtrend,1,1,mixte,365,0,0,30,,,17.0,19.0,55.0,47.0,16.7,28.29,False,False,,0,,,,40,,,,,,,,,
GUSDT,G,Speculative,825,0.00274,119896.36044,0.0,31.14086947340884,-1.9079457779594476e-05,0.0034528,0.0040275499999999995,0.6047152153208322,0.5383275261324042,0.5226480836236934,0.2283437713664631,0.48837974178256327,0.003013333333333334,0.004242222222222222,downtrend,0,1,baissier,365,0,0,30,,,17.0,19.0,55.0,47.0,16.7,28.29,False,False,,0,,,,34,19735599,32743953,7232700000.0,12000000000.0,12000000000.0,60.3,16780469,$17M,1.73
SIGNUSDT,SIGN,Speculative,826,0.00859,292625.62229,-1.604,22.472679407627396,9.131931022096683e-05,0.013193999999999999,0.02974040000000001,0.6939064096579264,0.8533827945592651,0.8482600247306129,0.21431644452889148,0.18734827169073717,0.01003388888888889,0.041413055555555564,macd_bullish_cross,1,0,haussier,365,0,0,30,,,17.0,10.0,43.0,47.0,50,28.05,False,False,,0,,,,43,19770301,85833434,2303333333.0,10000000000.0,10000000000.0,23.0,,,
IQUSDT,IQ,Speculative,791,0.000803,109715.872423,-0.372,24.91023154244951,-1.1876224623134728e-05,0.00102922,0.0012877450000000007,0.494006461807767,0.3683781581092095,0.3463732681336594,0.22299965199582494,0.6399142453269531,0.0009083611111111113,0.001175277777777778,downtrend|doji_4h,0,1,baissier,365,0,0,30,,,17.0,10.0,79.0,47.0,16.7,27.98,False,False,,0,,,,41,21102081,21102081,26331959476.929,26331959476.929,60000000000.0,100.0,,,
ACEUSDT,ACE,Speculative,,0.0855,340388.84538,0.0,32.09805453825679,-0.001295020259091761,0.11467399999999996,0.17464850000000007,0.8744864110630144,0.4718954248366013,0.4418300653594771,0.3502400798427041,0.5508922695093333,0.09777222222222223,0.14225,downtrend|evening_star_4h,0,2,baissier,365,0,0,30,,,17.0,19.0,68.5,47.0,0,27.82,False,False,,0,,,,32,,,,,,,,,
BANANAUSDT,BANANA,Speculative,,2.987,235309.574587,0.505,34.39718742983588,-0.02005455902666506,3.7112399999999997,5.026059999999998,0.607878479411142,0.398093220338983,0.3684322033898305,0.3984307292262813,0.627241032101385,3.1030000000000006,4.262166666666666,double_top_90d|downtrend,0,2,baissier,365,0,0,30,,,17.0,19.0,68.5,47.0,0,27.82,False,False,,0,,,,32,,,,,,,,,
FUSDT,F,Speculative,904,0.00389,238907.47922,-0.765,32.05286281375248,-2.86853211441309e-05,0.005118200000000002,0.006014249999999995,0.7286976374304055,0.3990147783251231,0.361247947454844,0.45901219129353443,0.71312986022217,0.004305277777777778,0.005966944444444445,downtrend,0,1,baissier,232,0,0,30,,,13.4,19.0,60.5,47.0,16.7,27.79,False,False,,0,,,,34,16667244,38874843,4287411353.0,10000000000.0,10000000000.0,42.9,4764251,$5M,33.62
REDUSDT,RED,Speculative,526,0.0942,393775.05489,-2.987,31.313677540224035,-0.0006915319019727209,0.12575999999999998,0.17499149999999988,0.7139835272647279,0.543597409068261,0.530642750373692,0.4925766589793836,0.2772146809171716,0.0998138888888889,0.16367777777777778,downtrend,0,1,baissier,365,0,0,30,,,17.0,19.0,49.0,47.0,16.7,27.72,False,False,,0,,,,33,39138276,94143132,415731619.0,1000000000.0,1000000000.0,41.6,,,
ONGUSDT,ONG,Speculative,756,0.04823,129707.36008,0.71,30.421055294510694,-0.00028329259994317076,0.0645712,0.07402130000000003,0.6841284443409361,0.5532659409020217,0.531395800933126,0.3214148086880953,0.284219857124065,0.052862777777777786,0.08898999999999999,downtrend|doji_4h,0,1,baissier,365,0,0,30,,,17.0,19.0,49.0,47.0,16.7,27.72,False,False,,0,,,,33,22713229,38455357,472511097.0,800000000.0,1000000000.0,59.1,,,
DIAUSDT,DIA,Speculative,968,0.1233,107991.55371,-1.675,23.798735336444196,-0.0011982949070921817,0.1734400000000001,0.22051500000000004,0.664496594843013,0.4375578168362627,0.4296947271045328,0.3732336728102852,0.6000825636445065,0.14218055555555556,0.20625000000000002,downtrend,0,1,baissier,365,0,0,30,,,17.0,10.0,68.5,47.0,16.7,26.99,False,False,,0,,,,39,14749550,20805978,119676104.0,168817248.0,200000000.0,70.9,,,
C98USDT,C98,Speculative,964,0.0148,170306.78846,0.0,33.36644365197098,-0.0001174322126170804,0.019346000000000002,0.023683500000000003,0.8451755538891109,0.5407166123778503,0.5179153094462541,0.1386599586440117,0.5128905588900338,0.016438888888888892,0.02774444444444444,double_top_90d|downtrend,0,2,baissier,365,0,0,30,,,17.0,19.0,55.0,47.0,0,26.55,False,False,,0,,,,30,14765171,14765187,999998884.0,1000000000.0,1000000000.0,100.0,,,
RONINUSDT,RONIN,Speculative,,0.0588,499515.054056,-1.01,31.944616478638608,-0.0009193079238380177,0.089244,0.11242900000000007,1.7261634068816205,0.5518575851393188,0.5456656346749226,0.3081660249827128,0.3459420638312977,0.07054444444444444,0.108725,downtrend,0,1,baissier,365,0,0,30,,,17.0,19.0,34.0,47.0,16.7,26.31,False,False,,0,,,,30,,,,,,,,,
RESOLVUSDT,RESOLV,Speculative,,0.0169,307975.11841,-0.588,28.37763847506892,3.507960633310865e-05,0.026378000000000002,0.05790750000000001,1.0243664212576546,0.7526080476900149,0.7481371087928466,0.19885070706059585,0.21978737477538984,0.019566666666666666,0.05139444444444444,macd_bullish_cross|downtrend,1,1,mixte,365,0,0,30,,,17.0,19.0,32.5,47.0,16.7,26.17,False,False,,0,,,,36,,,,,,,14191289,$14M,-39.52
MBOXUSDT,MBOX,Speculative,,0.0047,392190.73232,-6.0,22.472410376490814,-0.0005986039523255204,0.010888000000000004,0.020567000000000002,1.6615016476532447,0.7626262626262627,0.7626262626262627,0.49965868273825476,0.2909997967992969,0.008697222222222219,0.016830555555555553,uptrend|doji_4h,1,0,haussier,365,0,0,30,,,17.0,10.0,22.0,47.0,50,26.08,False,False,,0,,,,40,,,,,,,,,
COSUSDT,COS,Speculative,,0.00049,333819.7400095,-2.196,17.65985973740679,-4.941922998079478e-05,0.0010761800000000001,0.0012238099999999994,1.449904533416256,0.7082833133253302,0.7028811524609844,0.2037057680596596,0.11889949978203675,0.0008769999999999998,0.0016371944444444446,downtrend,0,1,baissier,365,0,0,30,,,17.0,10.0,38.5,47.0,16.7,24.17,False,False,,0,,,,34,,,,,,,,,
HIGHUSDT,HIGH,Speculative,,0.051,746861.805552,-3.774,18.471943206849048,-0.003367913060472908,0.16248000000000004,0.1774499999999999,1.5269494723626602,0.8407643312101911,0.8407643312101911,0.3651534694334746,0.17488259235031187,0.09161111111111112,0.2605555555555556,death_cross|downtrend|doji_4h,0,2,baissier,365,0,0,30,,,17.0,10.0,22.0,57.5,0,23.39,False,False,,0,,,,28,,,,,,,,,
USD1USDT,USD1,Etabli,24,1.00074,222491792.04,0.086,62.48592245251695,0.00010642592950129261,0.9999216,0.9998848999999994,0.005690280422835058,0.0015993602558975759,0.00010990767755091174,0.5131996802197323,-0.04103313620362931,0.9990174999999996,1.000439166666666,macd_bullish_cross|support_bounce|resistance_test,2,1,haussier,365,0,0,30,,,45.0,82.0,94.0,78.5,30.1,66.61,False,True,,0,,,,65,4336617299,4336617299,4335129719.79542,4335129719.79542,,100.0,,,
USDEUSDT,USDE,Etabli,23,1.0,2492804.6313,0.01,50.310764551678886,-6.840938087701735e-06,0.9998899999999995,0.9996755000000007,0.005428532971413716,0.0010993403957624214,0.0005996402158704117,0.31035524758665345,0.09490240413977494,0.9992027777777783,1.0004638888888884,resistance_test,0,1,baissier,278,0,0,30,,,42.6,73.0,94.0,68.0,30.1,60.87,False,True,,0,,,,62,4484115011,4484115011,4486351877.573866,4486351877.573866,,100.0,25330440,$25M,-6.4
XUSDUSDT,XUSD,Mid,494,1.0008,3821306.838,-0.01,52.53035980351362,-5.0584929912452734e-05,1.0004939999999998,1.0003665000000006,0.005438998421311291,0.00149880095923256,0.0005991611743560574,0.06763082368143941,-0.0010143287111585007,0.999577777777778,1.0032055555555555,support_bounce,1,0,haussier,365,0,0,30,,,31.0,73.0,94.0,68.0,50,59.71,False,True,,0,,,,67,44629286,44629286,44615140.561,44615140.561,,100.0,,,
USDCUSDT,USDC,Etabli,5,1.00037,1749728872.42338,-0.05,46.81221043833913,-5.328156056813353e-05,1.0003836,1.0002624500000006,0.004591168449560998,0.0011992804317409343,0.0007591421693487298,0.2266937500110439,-0.05232558768878459,0.9995427777777777,1.0021163888888889,uptrend|doji_4h,1,0,haussier,365,0,0,30,,,45.0,45.0,94.0,78.5,50,58.14,False,True,,0,,,,59,74783575735,74814490810,74793470809.92738,74824389975.42564,,100.0,,,
USDPUSDT,USDP,Speculative,616,1.0006,81051.012,0.04,54.538400393969646,-2.334234369750399e-05,1.000248,1.0001334999999998,0.005007854850916543,0.0011986814504046446,0.0004994506043353979,1.5134619676588148,-0.00696371322768084,0.9994416666666669,1.0008388888888888,support_bounce|resistance_test,1,1,mixte,365,0,0,30,,,17.0,100.0,94.0,47.0,30.1,56.42,False,True,,0,,,,70,31943934,31943934,31954027.03052443,31954027.03052443,,100.0,,,
UUSDT,U,Etabli,67,1.0007,21306379.5326,-0.02,50.04034064812451,-4.3187782921933487e-05,1.0004259999999998,,0.004660239301005642,0.001199160587588556,0.0005992808629645984,0.22734439740780304,0.01738733478706693,0.9995972222222225,1.0010611111111116,resistance_test,0,1,baissier,152,0,0,30,,,39.2,45.0,94.0,78.5,30.1,54.45,False,True,,0,,,,54,1000058709,1000058709,999958683.01,999958683.01,,100.0,,,
RLUSDUSDT,RLUSD,Etabli,51,1.0006,37369951.0064,-0.05,47.5363319323545,-6.262425282764539e-05,1.0005779999999995,,0.004981655209562997,0.00129805292061915,0.0008986520219671721,0.16411949747593355,0.040778672363042986,0.9996555555555555,1.001269444444445,resistance_test|uptrend,1,1,mixte,143,0,0,30,,,38.9,45.0,94.0,78.5,30.1,54.38,False,True,,0,,,,54,1638972386,1638972386,1638895321.43621,1638895321.43621,,100.0,,,
BFUSDUSDT,BFUSD,Etabli,59,0.9994,1316374.7322,-0.02,48.34962852183802,-6.343259129983999e-06,0.9994760000000003,0.9994510000000022,0.004834093595476319,0.000900090009000912,0.000500050005000556,0.28413599222301045,0.21614240544707738,0.9991666666666664,0.9997388888888893,resistance_test|doji_4h,0,1,baissier,305,0,0,30,,,43.4,45.0,94.0,68.0,30.1,53.1,False,True,,0,,,,54,1318681658,1318681658,1320000000.0,1320000000.0,,100.0,,,
FDUSDUSDT,FDUSD,Mid,130,0.9983,10245681.0494,-0.02,47.2252108923445,-9.7853415089619e-06,0.9986499999999998,0.9991055000000004,0.006748139596102057,0.0030981411153306825,0.0022986208275034667,0.13931981774335245,0.483319573057248,0.9980277777777776,0.999941666666667,resistance_test,0,1,baissier,365,0,0,30,,,31.0,37.0,100.0,78.5,30.1,50.46,False,True,,0,,,,52,336774083,336774083,337517619.684276,337517619.684276,,100.0,,,
USDSUSDT,USDS,Etabli,12,1.0002,2029571.2999,-0.04,44.80440901925736,-6.447652245933008e-05,1.000282,,0.004282311132269185,0.001198561725928975,0.000998801438274183,0.061036756160896634,,0.9976115384615387,1.0017769230769233,doji_4h,0,0,neutre,66,0,0,30,,,36.8,36.0,90.0,68.0,50,50.41,False,True,,0,,,,52,10607414704,10607414704,10610428710.23152,10610428710.23152,,100.0,,,
TUSDUSDT,TUSD,Mid,106,0.9994,578838.7784,-0.02,37.7359277506547,-6.612913956264668e-05,0.9997319999999997,0.9989974999999993,0.0022489030080588414,0.003394907638542256,0.002096854717923217,0.02174730911460006,-0.06162799892550299,0.9984027777777776,1.0004055555555553,resistance_test|doji_4h,0,1,baissier,365,0,0,30,,,31.0,36.0,94.0,57.5,30.1,44.59,False,True,,0,,,,48,494038457,494038457,494515083.0,494515083.0,,100.0,,,
EURUSDT,EUR,Speculative,,1.1571,14339861.24862,-0.207,43.22837051482739,7.945422029630687e-05,1.1656880000000003,1.1688074999999991,0.0472477938880488,0.025249957634299127,0.01965768513811209,0.06350550958659615,0.4582868512862044,1.150336111111111,1.176711111111111,macd_bullish_cross|downtrend,1,1,mixte,365,0,0,30,,,17.0,28.0,100.0,78.5,16.7,42.61,False,True,,0,,,,43,,,,,,,,,
KGSTUSDT,KGST,Speculative,,0.01143,113667.80493,0.263,63.78115032371284,6.089605774672777e-06,0.011413000000000005,,0.029700037769808427,0.009606986899563382,0.0,0.7238125813068664,0.19545875934705584,0.011361388888888884,0.011459722222222225,macd_bullish_cross|support_bounce|resistance_test,2,1,haussier,172,0,0,30,,,11.7,54.0,94.0,47.0,30.1,41.84,False,True,,0,,,,56,,,,,,,,,
EURIUSDT,EURI,Mid,412,1.1567,567414.7173,-0.198,43.362125485896506,7.603251860467371e-05,1.1655320000000002,1.1686465,0.04626702182232429,0.025749618837879216,0.020159241063865865,0.18771142767545745,0.4689767504047471,1.1499000000000001,1.1766972222222225,macd_bullish_cross|downtrend,1,1,mixte,365,0,0,30,,,31.0,28.0,100.0,57.5,16.7,41.49,False,True,,0,,,,43,57378390,57378390,49618527.99990108,49618527.99990108,,100.0,,,
AEURUSDT,AEUR,Speculative,,1.1478,1524.4205,0.07,46.8961348983435,0.0002615591132238051,1.1545060000000005,1.1586955000000003,0.06148239877982061,0.02469766649633786,0.022483392948390378,0.08017359129968706,0.3687463007614873,1.1414305555555553,1.1712638888888884,macd_bullish_cross|support_bounce|downtrend|doji_4h,2,1,haussier,365,0,0,30,,,17.0,37.0,100.0,47.0,16.7,37.65,False,True,,0,,,,49,,,,,,,,,
FRAXUSDT,FRAX,Mid,150,0.2818,87037.99461,-0.424,22.257103211613455,-0.003567085982543447,0.4119499999999999,,0.626612516917133,0.5807387057387058,0.5697496947496947,0.20218476370035932,0.39850969305847844,0.3337111111111112,0.5218138888888889,,0,0,neutre,150,0,0,30,,,25.1,18.0,55.0,47.0,50,33.72,False,True,,0,,,,47,240221135,240221135,241847684.0102676,241847684.0102676,,100.0,58940251,$59M,-3.41
