symbol,base,tier,rank_mcap,price,vol_24h_usd,change_24h_pct,rsi_14,macd_hist,ma_50,ma_200,vol_30d_ann,drawdown_90d,dist_to_high_90d,vol_ratio_vs_med90,corr_btc_90d,support_90d,resistance_90d,patterns,bull_signals,bear_signals,bias,age_days,n_red_flags,audit_score,team_score,github_commits_30d,github_contrib_90d,score_solidity,score_momentum,score_risk,score_antiscam,score_signal,score,suspect,stablecoin,categories,catalyst_score,catalyst_flags,trending_rank,vol_spike_ratio,bull_prob_7d,market_cap,fdv,circulating_supply,total_supply,max_supply,circ_ratio_pct,tvl,tvl_fmt,tvl_change_7d
RENDERUSDT,RENDER,Etabli,69,1.981,6700366.32321,-1.049,63.75502239665321,0.024118753162005863,1.8197199999999998,1.7802600000000002,0.5191745101378007,0.18283764017552423,0.03461725987323265,0.16829869676525772,0.6446718196639583,1.3448611111111115,1.9669722222222223,macd_bullish_cross,1,0,haussier,365,0,0,30,,,45.0,73.0,100.0,78.5,59.5,73.81,False,False,,0,,,,70,1027031533,1056254396,518743261.0140742,533503434.2940742,644245094.0,97.2,,,
SKYUSDT,SKY,Etabli,46,0.08059,1485722.33829,0.7,51.33822502467925,-0.0006258108768696432,0.0775324,0.06524239999999999,0.48137375928157,0.14271665642286427,0.09890478319177481,0.24733445789027045,0.6155806072901232,0.06542805555555556,0.08333361111111112,uptrend,1,0,haussier,234,0,0,30,,,41.4,73.0,100.0,68.0,59.1,72.16,False,False,,0,,,,70,1870802498,1890948641,23212694216.148354,23462665147.36596,23462665147.3,98.9,,,
PAXGUSDT,PAXG,Etabli,41,4705.24,50367999.465047,-0.413,53.28776879830296,9.785971163715622,4646.876600000001,4593.095599999999,0.21330942103017997,0.18851456373184697,0.13449953554249552,0.14368493944551997,0.2708516645659703,4505.915277777777,5221.053055555554,macd_bullish_cross|support_bounce,2,0,haussier,365,0,0,30,,,45.0,73.0,89.5,78.5,60.8,71.03,False,False,,0,,,,69,2235091876,2235091876,474833.664,474833.664,,100.0,,,
COMPUSDT,COMP,Mid,177,22.61,2102061.62716,-3.459,49.57637667174484,-0.24470190002022907,20.9212,24.69930000000001,0.8365253538265098,0.20916905444126085,0.14220358368280597,1.5907585403889217,0.4418648237887099,16.66166666666667,24.311666666666664,double_bottom_90d|uptrend,2,0,haussier,365,0,0,30,,,31.0,84.0,85.0,68.0,67.3,70.34,False,False,,0,,,,73,217847937,225324444,9668189.278360886,10000000.0,10000000.0,96.7,,,
PROVEUSDT,PROVE,Mid,483,0.2691,2772374.03015,2.671,64.455379914247,0.0024134708955084643,0.24280999999999994,0.38143400000000005,0.5083359834746817,0.3618792744573297,0.1992268807612251,2.2253377858654226,0.4294146487971309,0.22402500000000003,0.3217194444444444,uptrend,1,0,haussier,277,0,0,30,,,28.6,84.0,83.5,68.0,59.1,68.88,False,False,,0,,,,75,52500316,269232390,195000000.0,1000000000.0,1000000000.0,19.5,,,
LUNCUSDT,LUNC,Mid,106,9.36e-05,26864410.77496704,-2.256,63.78412711305182,2.2331237083442146e-06,5.143179999999997e-05,4.222370000000002e-05,1.7610106164743669,0.22218355806872556,0.1872988255763376,1.9555544507690255,0.2957327953712651,3.4570277777777786e-05,7.292888888888888e-05,,0,0,neutre,365,0,0,30,,,31.0,100.0,58.0,78.5,50,68.58,False,False,,0,🔥 Trending #12 sur CoinGecko,12,,69,517634663,603816573,5538005875045.59,6460038252982.826,,85.7,,,
CHZUSDT,CHZ,Mid,112,0.04632,9241729.36574,7.922,58.12698169350268,-0.00022336112286434136,0.041060400000000004,0.03864795000000001,1.0234188274681646,0.25378346915017463,0.08250497017892647,1.1407950988012376,0.42501606979071943,0.03432916666666666,0.04611527777777778,uptrend,1,0,haussier,365,0,0,30,,,31.0,91.0,67.0,78.5,59.1,68.32,False,False,,0,,,,70,479701186,479701186,10347316894.0,10347316894.0,,100.0,,,
PENGUUSDT,PENGU,Etabli,89,0.010281,19662572.726257,-2.104,64.14402720692854,2.9306724989954132e-05,0.0077975599999999985,0.009968395,0.9926346987030517,0.22163852407754847,0.06881564650488955,0.5501254826373081,0.6508001889868635,0.006271500000000001,0.009641916666666663,double_bottom_90d,1,0,haussier,365,0,0,30,,,45.0,66.0,89.5,78.5,58.2,68.31,False,False,,0,🔥 Trending #11 sur CoinGecko,11,,66,646619849,819031524,62860396090.0,79621196393.57906,88888888888.0,78.9,,,
VANAUSDT,VANA,Mid,489,1.682,63657942.73171,3.254,71.37018162448808,0.017297420698326238,1.3745200000000002,2.054054999999999,0.5966080006238235,0.3070636310566258,0.018096906012843045,3.270472226873051,0.48621142496195974,1.2552222222222218,1.6851944444444442,,0,0,neutre,365,0,0,30,,,31.0,75.0,88.0,78.5,50,67.61,False,False,,2,⚡ Volume ×3.3 vs médiane,,3.27,71,51773958,201716721,30800000.0,120000000.0,120000000.0,25.7,,,
STORJUSDT,STORJ,Speculative,,0.1152,4165861.5895,0.0,70.84571242975284,0.001912757054189293,0.09863399999999999,0.1228995,0.5923999885345695,0.21181818181818182,0.01031814273430788,6.417902440468262,0.5248819090497105,0.0902972222222222,0.10815555555555556,macd_bullish_cross|doji_4h,1,0,haussier,365,0,0,30,,,17.0,75.0,100.0,68.0,59.5,67.57,False,False,,3,⚡ Volume ×6.4 vs médiane,,6.42,76,,,,,,,,,
PUNDIXUSDT,PUNDIX,Speculative,570,0.1596,1115857.95225,-1.785,64.29568503779399,0.0012647460389734525,0.14820599999999998,0.20654700000000012,0.4423057331872155,0.22549575070821531,0.09575070821529745,1.0199613122127091,0.6707388645819449,0.14269444444444446,0.16804722222222224,macd_bullish_cross,1,0,haussier,365,0,0,30,,,17.0,75.0,100.0,68.0,59.5,67.57,False,False,,0,,,,71,41179035,41179035,258386541.0999244,258386541.0999244,,100.0,,,
BNTUSDT,BNT,Speculative,641,0.3247,366676.41948,-0.885,59.545358163428524,0.0005030954297661405,0.3025559999999999,0.3808994999999998,0.42168337617443546,0.16369778869778875,0.008857666463042192,1.9413839452185206,0.885315031797187,0.2757861111111111,0.32758333333333334,macd_bullish_cross|double_bottom_90d,2,0,haussier,365,0,0,30,,,17.0,84.0,92.0,47.0,67.7,67.52,False,False,,0,,,,74,35054102,35054102,108041063.6902966,108041063.6902966,110542364.6372305,100.0,,,
ICPUSDT,ICP,Etabli,52,3.227,28472241.58814,7.316,75.17634328768935,0.09009800055599161,2.45236,3.170370000000001,0.9228019050674313,0.20699603317706464,0.0,1.732337736965645,0.4961350545339071,2.214833333333333,2.732111111111111,rsi_bearish_divergence|macd_bullish_cross,1,1,mixte,365,0,0,30,,,45.0,66.0,89.5,78.5,38.7,67.08,False,False,,0,🔥 Trending #13 sur CoinGecko,13,,50,1774240016,1774240016,552080608.8408587,552080608.8408587,,100.0,,,
SOLUSDT,SOL,Etabli,7,88.17,230668351.94491,-1.739,57.911901150600826,0.4528624653544329,85.0342,114.81410000000004,0.42630920654873516,0.17941787941787946,0.08336798336798333,0.23061663815247366,0.8828859960494447,79.88944444444445,91.23638888888888,macd_bullish_cross|double_bottom_90d|uptrend,3,0,haussier,365,0,0,30,,,45.0,57.0,92.0,78.5,76.8,66.87,False,False,,0,🔥 Trending #10 sur CoinGecko,10,,68,50852418656,55124585471,577451610.4108778,625963946.1539888,,92.2,,,
BNBUSDT,BNB,Etabli,4,636.3,86440437.28873,-2.064,55.53643512164892,1.539397565239775,620.8008000000001,779.3982000000001,0.27702570609118593,0.14151623486486892,0.06374777478630599,0.35030494658988587,0.8608101392734062,595.6975,656.8166666666667,macd_bullish_cross|double_bottom_90d|uptrend,3,0,haussier,365,0,0,30,,,45.0,57.0,92.0,78.5,76.8,66.87,False,False,,0,,,,68,85780859142,85780859142,134785760.48,134785760.48,200000000.0,100.0,,,
ZRXUSDT,ZRX,Mid,297,0.1194,446976.5102,3.916,62.82315638572658,0.0004051909897601733,0.10731000000000003,0.13188200000000003,0.5686922395269391,0.16206896551724145,0.0,0.5381257577649082,0.6926180019470851,0.10006666666666669,0.1152611111111111,macd_bullish_cross|double_bottom_90d|uptrend,3,0,haussier,365,0,0,30,,,31.0,66.0,100.0,47.0,76.8,66.76,False,False,,0,,,,72,101263747,119358978,848396562.906836,1000000000.0,1000000000.0,84.8,,,
SHIBUSDT,SHIB,Etabli,31,6.28e-06,6943056.85782438,-1.567,55.741393066257544,6.528431479396275e-09,6.0522e-06,7.3186000000000005e-06,0.3793649227483892,0.24751066856330006,0.10526315789473681,0.2831655748670311,0.687648266546335,5.58e-06,6.460000000000001e-06,uptrend|doji_4h,1,0,haussier,365,0,0,30,,,45.0,57.0,95.5,78.5,59.1,66.71,False,False,,0,,,,65,3699379328,3700990266,589243351727117.4,589499944636191.2,,100.0,,,
JSTUSDT,JST,Etabli,85,0.0843,1735186.437432,-1.219,58.34529417076621,-0.0006454783794791804,0.071866,0.04896290000000003,0.9517517778455445,0.17961042246395148,0.053659631791648024,0.1431161823792999,-0.20045445868591072,0.04252388888888889,0.0835586111111111,macd_bearish_cross|uptrend,1,1,mixte,365,0,0,30,,,45.0,73.0,83.5,68.0,30.8,66.67,False,False,,0,,,,61,720618698,720618698,8543764567.312736,8543764567.312736,9900000000.0,100.0,,,
SPKUSDT,SPK,Mid,299,0.037588,7560717.642719,7.391,59.272325207600666,-0.0004954749228879133,0.027271479999999997,0.026033334999999994,1.790725994617237,0.31461799137399876,0.27503080714725825,2.138722601673056,0.2896271649534709,0.019692361111111112,0.03835755555555557,golden_cross|uptrend,2,0,haussier,326,0,0,30,,,29.9,100.0,46.0,78.5,71.6,66.44,False,False,,0,,,,77,101011064,376935932,2679793972.452391,10000000000.0,10000000000.0,26.8,,,
LTCUSDT,LTC,Etabli,26,56.5,16740346.29665,-0.79,56.678342343805326,0.07303095579751279,55.00800000000001,69.63969999999999,0.2473076059147755,0.10919931856899495,0.0383304940374787,0.1868131425906619,0.8172497501615255,52.40861111111112,57.02277777777778,macd_bullish_cross|uptrend,2,0,haussier,365,0,0,30,,,45.0,57.0,92.0,78.5,68.7,66.36,False,False,,0,,,,66,4355771839,4355912293,77142551.98347135,77145039.48347135,84000000.0,100.0,,,
IOUSDT,IO,Mid,485,0.1587,10123112.074108,1.083,74.68855684843051,0.004074625040817166,0.113514,0.16334850000000017,1.0479467149393191,0.23199999999999998,0.02649414664202094,3.091348997767889,0.4865698901796682,0.09952777777777778,0.13111388888888892,macd_bullish_cross|uptrend,2,0,haussier,365,0,0,30,,,31.0,75.0,79.0,78.5,68.7,66.33,False,False,,2,⚡ Volume ×3.1 vs médiane,,3.09,74,52255535,126506202,330452296.5273317,799996882.7849586,800000000.0,41.3,,,
MORPHOUSDT,MORPHO,Etabli,63,2.075,2468540.71633,-3.935,58.202950372320295,0.009408688745940447,1.7961799999999999,1.5738299999999998,0.7823945730977077,0.2590725806451613,0.07572383073496655,0.18149072845275654,0.42988816995642515,1.3299722222222221,2.0437499999999997,macd_bullish_cross|resistance_test|uptrend,2,1,haussier,218,0,0,30,,,41.0,73.0,77.5,68.0,65.2,66.32,False,False,,0,,,,68,1312708231,2079016961,631408139.3876846,1000000000.0,1000000000.0,63.1,,,
SUIUSDT,SUI,Etabli,30,0.9683,28829398.31569,-2.879,56.14796795227204,0.004904924048005694,0.927302,1.3475944999999998,0.46684973884989905,0.21110490031675044,0.09800633501024779,0.19200104866438253,0.8404039313870294,0.8682361111111109,1.0110027777777775,macd_bullish_cross|double_bottom_90d|doji_4h,2,0,haussier,365,0,0,30,,,45.0,57.0,92.0,78.5,67.7,66.3,False,False,,0,,,,66,3880574329,9688312108,4005418369.566699,10000000000.0,10000000000.0,40.1,,,
LINKUSDT,LINK,Etabli,20,9.89,20419076.6473,-1.69,63.17396647681706,0.06761245535695466,9.1274,11.487150000000002,0.45319909779822426,0.15120967741935484,0.009009009009008995,0.19484707123391423,0.8767471676169172,8.436111111111114,9.643333333333333,macd_bullish_cross|double_bottom_90d|resistance_test|doji_4h,2,1,haussier,365,0,0,30,,,45.0,57.0,92.0,78.5,64.2,66.08,False,False,,0,,,,65,7193752259,9893759526,727099970.4523476,1000000000.0,1000000000.0,72.7,,,
ALGOUSDT,ALGO,Etabli,64,0.1277,6815590.4963,-0.39,67.26939200327338,0.0014075844905377622,0.10600799999999999,0.12020300000000006,0.707436375314835,0.18555667001003012,0.00700389105058375,0.5982331404081725,0.49754932292809656,0.08356944444444443,0.11898888888888888,macd_bullish_cross|double_bottom_90d|resistance_test|uptrend,3,1,haussier,365,0,0,30,,,45.0,57.0,89.5,78.5,73.4,65.97,False,False,,0,,,,64,1137438995,1137459283,8908508269.704718,8908667161.96635,10000000000.0,100.0,,,
AVAXUSDT,AVAX,Etabli,27,9.53,19754889.772,-1.244,56.240166754442775,0.037246170555220386,9.240199999999998,11.912349999999993,0.44746196062138466,0.18017159199237373,0.0905624404194472,0.25568001255315265,0.8278864544578005,8.673333333333334,9.843888888888891,macd_bullish_cross,1,0,haussier,365,0,0,30,,,45.0,57.0,92.0,78.5,59.5,65.78,False,False,,0,,,,64,4116110187,4418013777,431771961.1772119,463441061.1772119,720000000.0,93.2,,,
STXUSDT,STX,Mid,113,0.2588,3807152.8455,-0.347,68.96294393156165,0.003938673855141634,0.22834199999999996,0.2897370000000001,0.6682897311582982,0.23493323709852046,0.06676290147961031,1.9627191980896515,0.7267869920132575,0.21691666666666662,0.27248888888888895,macd_bullish_cross,1,0,haussier,365,0,0,30,,,31.0,75.0,81.5,68.0,59.5,65.6,False,False,,0,,,,65,477293600,477293600,1844026802.57368,1844026802.57368,,100.0,,,
KSMUSDT,KSM,Mid,285,5.87,15983570.11741,6.922,78.01175712528313,0.09062392940396341,4.541599999999999,6.579749999999998,0.6730811475358137,0.23925233644859803,0.0,2.4606436960275575,0.5612576763539092,4.156944444444445,5.194444444444445,macd_bullish_cross,1,0,haussier,365,0,0,30,,,31.0,66.0,89.5,78.5,59.5,65.33,False,False,,0,,,,59,106410624,106410624,18175487.7286602,18175487.7286602,,100.0,,,
ADAUSDT,ADA,Etabli,14,0.2623,24289746.11162,-1.871,58.92857043758392,0.002059726085056123,0.25121400000000005,0.3553519999999996,0.4646541983048253,0.20531807472231564,0.11679569168630076,0.16636266112912215,0.7808427124365169,0.2424333333333334,0.2851138888888889,uptrend|morning_star_4h,2,0,haussier,365,0,0,30,,,45.0,57.0,87.5,78.5,71.6,65.32,False,False,,0,,,,66,9707301288,11812128174,36981359457.95703,45000000000.0,45000000000.0,82.2,,,
STEEMUSDT,STEEM,Speculative,667,0.05961,1432458.710919,3.025,54.67698181725549,0.0003062978082757909,0.05855479999999998,0.06597189999999997,0.4417058390588782,0.30176544766708696,0.248171500630517,2.2364179652048275,0.22262932470458296,0.05148361111111111,0.06610916666666666,macd_bullish_cross|uptrend,2,0,haussier,365,0,0,30,,,17.0,84.0,77.5,68.0,68.7,65.31,False,False,,0,,,,76,32724286,32725028,546875526.323,546887919.378,,100.0,,,
DOGEUSDT,DOGE,Etabli,10,0.10651,135038211.1669,-4.347,57.38326111422855,0.00037866896883498877,0.09695479999999998,0.1231309,0.4369344789845131,0.19713616714697413,0.07270985719261579,0.48427468364129334,0.7204099840049402,0.08982861111111112,0.10715861111111111,,0,0,neutre,365,0,0,30,,,45.0,57.0,92.0,78.5,50,65.18,False,False,,0,,,,62,16438017162,18113432992,154150496383.7052,169862013126.5791,,90.8,,,
LPTUSDT,LPT,Mid,275,2.274,1363100.635,0.753,62.1191437698917,0.016782132327104488,2.126859999999999,3.0642199999999975,0.5563230271538899,0.20382165605095542,0.09514331210191078,0.736836343494037,0.7005029441742536,2.041166666666667,2.462027777777778,uptrend,1,0,haussier,365,0,0,30,,,31.0,66.0,92.0,68.0,59.1,65.14,False,False,,0,,,,67,112893608,112893608,49688954.55,49688954.55,,100.0,,,
XRPUSDT,XRP,Etabli,5,1.3857,95246126.53689,-2.181,47.45696644345677,-0.0019430140525247088,1.3829919999999998,1.7686874999999989,0.3338939990048019,0.14756966947504863,0.10207388204795852,0.16190176471625212,0.8520668559891981,1.3219638888888887,1.4822555555555554,double_bottom_90d|uptrend,2,0,haussier,365,0,0,30,,,45.0,57.0,87.5,78.5,67.3,65.05,False,False,,0,,,,65,85610798245,138517409324,61796225236.0,99985670046.0,100000000000.0,61.8,,,
TRXUSDT,TRX,Etabli,8,0.3509,34337189.72596,1.769,80.59501303055515,0.00204226601772979,0.32337599999999994,0.29768350000000016,0.1530334597734512,0.034755677907777005,0.0,0.3418813072423799,0.161811395735072,0.2801222222222222,0.3336194444444445,,0,0,neutre,365,0,0,30,,,45.0,55.0,94.0,78.5,50,64.99,False,False,,0,,,,51,33266646146,33267023505,94793106204.3989,94794181486.0336,,100.0,,,
FILUSDT,FIL,Etabli,78,1.095,23328668.58127,-0.725,71.80093690421533,0.01876699284813299,0.9104799999999998,1.256315,0.7235017454232984,0.24576271186440676,0.018834080717488707,0.8917700408261768,0.6510208061852102,0.8405000000000001,1.0242222222222221,macd_bullish_cross|resistance_test,1,1,mixte,365,0,0,30,,,45.0,57.0,89.5,78.5,56.0,64.88,False,False,,0,,,,60,849519912,2138114245,777890691.0,1957834235.0,,39.7,,,
NEARUSDT,NEAR,Etabli,45,1.529,22699016.8635,2.206,67.6340841856028,0.01599913586549633,1.31936,1.5549999999999995,0.6713389433270679,0.2201342281879195,0.0,0.5027265066937926,0.6311098476507349,1.0194166666666666,1.433972222222222,macd_bullish_cross|resistance_test,1,1,mixte,365,0,0,30,,,45.0,57.0,89.5,78.5,56.0,64.88,False,False,,0,,,,60,1966862119,1966862133,1294939244.0,1294939253.0,,100.0,,,
TAOUSDT,TAO,Etabli,36,303.6,34689291.56025,-2.065,63.67985017919697,6.301460742042156,281.926,269.789,0.9486109850344735,0.3103746397694524,0.12449567723342936,0.1446980187696707,0.4608733722248832,168.80277777777775,321.8222222222223,downtrend,0,1,baissier,365,0,0,30,,,45.0,73.0,73.0,78.5,33.0,64.79,False,False,,0,,,,60,2916611877,6381756380,9597491.0,21000000.0,21000000.0,45.7,,,
NXPCUSDT,NXPC,Mid,324,0.332,1643721.01623,3.847,71.50307867457767,0.003287557116132594,0.29224799999999995,0.3443029999999998,0.4288061459380959,0.1233810497614179,0.0,0.8795003619554502,0.4233629461888643,0.2653916666666667,0.30974444444444443,macd_bullish_cross|uptrend,2,0,haussier,359,0,0,30,,,30.8,57.0,100.0,68.0,68.7,64.59,False,False,,0,,,,65,89942890,330106578,270981977.1697733,994552574.1697733,1000000000.0,27.2,,,
HBARUSDT,HBAR,Etabli,29,0.09028,7384240.07687,-1.074,52.751479111212866,0.0002130736615431565,0.08944339999999995,0.11529005000000005,0.3540328205061703,0.18134565405717581,0.12984887862161903,0.2544401862614113,0.7667491127089379,0.08684249999999999,0.10111694444444445,macd_bullish_cross,1,0,haussier,365,0,0,30,,,45.0,57.0,87.5,78.5,59.5,64.56,False,False,,0,,,,63,3915111694,4513290420,43373141655.22549,50000000000.0,50000000000.0,86.7,,,
BTCUSDT,BTC,Etabli,1,79740.25,1401737196.051315,-2.02,60.80532837516841,45.49254114261362,73443.62559999997,83017.17965,0.3343999592111114,0.11849875281549622,0.020955465400141697,0.2982821501692788,1.0000000000000002,65843.81472222222,78515.63166666667,macd_bullish_cross|resistance_test|uptrend,2,1,haussier,365,0,0,30,,,45.0,57.0,86.0,78.5,65.2,64.5,False,False,,1,🔥 Trending #7 sur CoinGecko,7,,66,1596498543917,1596498543917,20026315.0,20026315.0,21000000.0,100.0,,,
PSGUSDT,PSG,Speculative,,0.936,6290968.92868,9.218,70.49606664485535,0.016785265122273553,0.8243000000000003,0.8468499999999995,0.7742132808128065,0.20515574650913002,0.0,1.6567763576404984,0.30060434328977226,0.6847777777777778,0.910611111111111,macd_bullish_cross|downtrend,1,1,mixte,365,0,0,30,,,17.0,75.0,89.5,78.5,42.5,64.48,False,False,,0,,,,62,,,,,,,,,
ETCUSDT,ETC,Etabli,57,9.37,3912662.0003,0.753,67.09206913362533,0.10519488332763711,8.466599999999996,11.076799999999999,0.4309784572805704,0.1387978142076503,0.0021276595744680396,0.5016024680888865,0.762782650605285,8.051388888888887,9.053055555555554,macd_bullish_cross|double_bottom_90d|downtrend,2,1,haussier,365,0,0,30,,,45.0,57.0,92.0,68.0,50.7,64.39,False,False,,0,,,,59,1466469474,1466469474,156559601.6228963,156559601.6228963,210700000.0,100.0,,,
MINAUSDT,MINA,Mid,345,0.0644,575243.14369,-1.075,62.662935648035756,0.00035011305377230734,0.058512,0.08085299999999997,0.44226412222567524,0.2384393063583815,0.06791907514450861,0.17815755173556327,0.603119762959901,0.054213888888888895,0.06591944444444446,macd_bullish_cross|double_bottom_90d|uptrend,3,0,haussier,365,0,0,30,,,31.0,57.0,100.0,57.5,76.8,64.31,False,False,,0,,,,70,82836915,82836915,1285512566.840039,1285512566.840039,,100.0,,,
SEIUSDT,SEI,Mid,117,0.06182,6568992.40628,0.325,58.116964047248274,0.00026036229909178225,0.057391,0.10192424999999998,0.5534454787767,0.36061381074168797,0.20959079283887477,0.5804220550586402,0.6682873756101276,0.053682499999999994,0.07346666666666668,macd_bullish_cross|uptrend,2,0,haussier,365,0,0,30,,,31.0,66.0,83.5,78.5,68.7,64.27,False,False,,0,,,,68,416019593,617850881,6733333333.0,10000000000.0,,67.3,,,
LAYERUSDT,LAYER,Speculative,,0.0887,653968.817644,0.681,58.13603743458473,0.0003707274441605466,0.08308399999999998,0.14336149999999986,0.5577271732857142,0.236734693877551,0.09693877551020416,0.7318421791435075,0.6102696875212895,0.07830277777777778,0.0935638888888889,macd_bullish_cross|uptrend,2,0,haussier,365,0,0,30,,,17.0,66.0,100.0,57.5,68.7,64.01,False,False,,0,,,,70,,,,,,,,,
APTUSDT,APT,Etabli,79,1.045,11369571.26799,1.951,63.779763289633614,0.005175426216333268,0.9429199999999999,1.5879850000000006,0.653845071096467,0.27174887892376676,0.063677130044843,0.5812813911715058,0.6299160493690897,0.8457499999999999,1.0430000000000001,double_top_90d|bullish_engulfing_4h,1,1,mixte,365,0,0,30,,,45.0,66.0,77.5,78.5,39.5,63.86,False,False,,0,,,,60,840786057,1252126859,807363386.9819529,1202352695.65551,2100000000.0,67.1,,,
HOLOUSDT,HOLO,Speculative,508,0.0751,1835109.20321,5.33,70.89888407938277,0.0010679103701053444,0.059267999999999994,0.07480750000000005,0.9460915565668792,0.21633888048411506,0.0,1.6416390211168945,0.4499921885785367,0.05334722222222223,0.0675138888888889,macd_bullish_cross|resistance_test,1,1,mixte,240,0,0,30,,,13.6,75.0,89.5,68.0,56.0,63.74,False,False,,0,,,,65,48247308,154223304,640697508.3643444,2048000000.0,2048000000.0,31.3,,,
ETHUSDT,ETH,Etabli,2,2281.6,1109879358.02892,-2.367,48.77795545575015,-8.293692091985278,2225.093,2678.5003500000003,0.45693077710714397,0.15653833240542792,0.0568912773873501,0.3759781943116995,0.9226116849619344,1928.5700000000002,2361.889444444444,doji_4h,0,0,neutre,365,0,0,30,,,45.0,57.0,86.0,78.5,50,63.55,False,False,,0,,,,61,275291731919,275291731919,120686916.6636782,120686916.6636782,,100.0,,,
HIVEUSDT,HIVE,Speculative,629,0.0661,1421866.2234,1.07,57.159738334658336,0.0007432090590268178,0.060822,0.08607749999999997,0.8939482209152597,0.26343381389252957,0.13368283093053734,2.770358038522824,0.4708317187976431,0.05810555555555555,0.07229444444444444,macd_bullish_cross,1,0,haussier,365,0,0,30,,,17.0,84.0,73.0,68.0,59.5,63.51,False,False,,0,,,,73,35875320,,541960037.967,,,,,,
ACMUSDT,ACM,Speculative,,0.449,685005.0281,3.695,61.18511797225591,0.0009527343371173507,0.4197600000000001,0.49645500000000015,0.39299765697800365,0.16101694915254228,0.05296610169491519,0.5042098904407226,0.4946394884577915,0.4043888888888889,0.46697222222222234,macd_bullish_cross,1,0,haussier,365,0,0,30,,,17.0,66.0,100.0,57.5,59.5,63.44,False,False,,0,,,,68,,,,,,,,,
ZILUSDT,ZIL,Mid,343,0.00427,653370.392126,-0.928,58.13519006865334,2.4734090279167155e-05,0.003993399999999999,0.005023199999999998,0.4586621040030205,0.20779220779220778,0.07792207792207793,0.3538236609868912,0.6890699954397721,0.0038088888888888894,0.004490833333333334,macd_bullish_cross|doji_4h,1,0,haussier,365,0,0,30,,,31.0,57.0,100.0,57.5,59.5,63.21,False,False,,0,,,,65,83239836,87208366,19513551525.0,20443876692.9269,21000000000.0,95.4,,,
NEOUSDT,NEO,Mid,183,2.967,1075966.48256,-0.369,59.58048158668094,0.014897954198563036,2.7935000000000003,3.512515000000003,0.4863543313313467,0.18027787190782785,0.019801980198019674,0.4485469558483286,0.6760033923222816,2.542388888888888,2.9449444444444435,macd_bullish_cross|downtrend,1,1,mixte,365,0,0,30,,,31.0,57.0,100.0,68.0,42.5,62.98,False,False,,0,,,,61,209439396,296950795,70530000.0,100000000.0,,70.5,,,
RVNUSDT,RVN,Mid,307,0.00615,289964.90666,0.82,61.09014327261724,1.9953062248355108e-05,0.0058166,0.007016099999999997,0.3848238609640448,0.17160686427457103,0.04212168486739474,0.1200263727157542,0.6644782652367789,0.005438888888888888,0.006246388888888889,macd_bullish_cross|uptrend,2,0,haussier,365,0,0,30,,,31.0,57.0,100.0,47.0,68.7,62.95,False,False,,0,,,,68,99604620,99633333,16225888966.35048,16230566466.25053,21000000000.0,100.0,,,
USUALUSDT,USUAL,Speculative,746,0.01579,6825325.919504,0.509,65.6646334701164,0.0001642073084253865,0.013552,0.02120040000000001,0.6978779351850672,0.25962732919254655,0.01677018633540369,8.539424482419735,0.4647368963349546,0.012270277777777778,0.01591333333333333,macd_bullish_cross|uptrend,2,0,haussier,365,0,0,30,,,17.0,75.0,77.5,78.5,68.7,62.86,False,False,,3,⚡ Volume ×8.5 vs médiane,,8.54,75,28128833,28598567,1781966323.809263,1811724056.38115,3000000000.0,98.4,,,
DYDXUSDT,DYDX,Mid,237,0.16962,27225906.4409126,12.123,61.47887432336467,0.0006298425418435685,0.12014100000000001,0.17118124999999998,1.5305160944837268,0.294792586054722,0.1268061911863013,3.4923688084597315,0.38800688592849275,0.08504166666666667,0.15701111111111113,macd_bullish_cross|double_bottom_90d|uptrend,3,0,haussier,365,0,0,30,,,31.0,84.0,52.0,78.5,76.8,62.79,False,False,,2,⚡ Volume ×3.5 vs médiane,,3.49,77,142745483,162924815,839645568.0770293,958342751.0,1000000000.0,87.6,,,
GNOUSDT,GNO,Mid,136,132.13,323795.85998,-0.833,56.63603359800357,0.763502232653082,123.9592,127.38704999999995,0.6737197430396679,0.19395987037164722,0.08722333310349586,1.0,0.6986787799728618,117.61027777777778,137.7952777777778,uptrend,1,0,haussier,365,0,0,30,,,31.0,66.0,89.5,47.0,59.1,62.78,False,False,,0,,,,66,348007725,395524900,2639589.0,3000000.0,3000000.0,88.0,,,
KAVAUSDT,KAVA,Mid,391,0.06635,1269611.783465,5.687,64.55758447684688,0.0005053008215744922,0.05654679999999999,0.08154240000000003,0.5970042330030882,0.26102189781021906,0.030072992700730015,0.618186321759583,0.5384146491150485,0.050102500000000015,0.06474055555555557,rsi_bearish_divergence|uptrend,1,1,mixte,365,0,0,30,,,31.0,66.0,88.0,68.0,38.3,62.74,False,False,,0,,,,61,71895955,71895955,1082847035.0,1082847035.0,,100.0,,,
POLUSDT,POL,Etabli,67,0.0997,3243269.84244,-0.1,64.55366367433972,0.0006797376714585898,0.09227600000000002,0.11919950000000004,0.47339596960048613,0.2830850131463628,0.12620508326029795,0.21770175476683337,0.48230306350537977,0.08737222222222223,0.10845833333333332,uptrend,1,0,haussier,365,0,0,30,,,45.0,57.0,83.5,68.0,59.1,62.6,False,False,,0,,,,63,1061013548,1061013548,10639380649.84679,10639380649.84679,,100.0,,,
ATOMUSDT,ATOM,Etabli,75,1.876,1873498.63346,-3.299,50.2960424032352,-0.009665355346396988,1.8078400000000001,2.185435000000001,0.357321853452584,0.30195080576759975,0.2048346055979644,0.26516673017612263,0.5546101219582129,1.70175,2.162111111111111,uptrend,1,0,haussier,365,0,0,30,,,45.0,57.0,83.5,68.0,59.1,62.6,False,False,,0,,,,63,950953834,950953834,507455934.511512,507455934.511512,,100.0,,,
BONKUSDT,BONK,Etabli,97,6.87e-06,7054281.84542981,0.146,67.61046109516175,6.003049081260474e-08,6.0678e-06,8.294950000000003e-06,0.5949490826617913,0.22670375521557715,0.04589707927677321,0.36877670319077416,0.7335543350031641,5.6641666666666665e-06,6.6630555555555575e-06,macd_bullish_cross,1,0,haussier,365,0,0,30,,,45.0,48.0,92.0,78.5,59.5,62.49,False,False,,0,,,,58,603273419,603273419,87994736193861.78,87994736195455.98,87995282867000.55,100.0,,,
MASKUSDT,MASK,Mid,487,0.521,1031466.5749,0.969,57.31107288320751,-0.0015295676596387593,0.4670600000000002,0.5768049999999999,0.6776932473382675,0.1938775510204081,0.07624113475177292,0.32680365911718356,0.6653574492501588,0.41436111111111107,0.5219444444444445,double_bottom_90d|bull_flag|uptrend,3,0,haussier,365,0,0,30,,,31.0,57.0,89.5,68.0,79.8,62.47,False,False,,0,,,,69,52085325,52085325,100000000.0,100000000.0,100000000.0,100.0,,,
CAKEUSDT,CAKE,Mid,110,1.531,3748300.31682,-2.484,54.340919340186275,0.0015776172803530133,1.4712799999999995,1.811539999999999,0.4536429565888632,0.1224489795918367,0.06077348066298341,0.2883019712896805,0.7631575567050253,1.2754166666666669,1.5553333333333332,macd_bullish_cross|uptrend,2,0,haussier,365,0,0,30,,,31.0,57.0,92.0,68.0,68.7,62.45,False,False,,0,,,,66,499904321,518959194,326792414.0793211,339248773.4500047,400000000.0,96.3,,,
JTOUSDT,JTO,Mid,165,0.5649,47156339.85733,31.494,79.35828164289131,0.021141872647463048,0.329938,0.4251219999999997,1.412142507541695,0.23935212957408514,0.04842247342669151,5.4685568103477,0.3116509853288557,0.25639166666666674,0.39154722222222227,uptrend|doji_4h,1,0,haussier,365,0,0,30,,,31.0,66.0,79.0,78.5,59.1,62.44,False,False,,3,⚡ Volume ×5.5 vs médiane,,5.47,62,262761741,561656807,467833270.9,1000000000.0,,46.8,,,
CKBUSDT,CKB,Mid,367,0.001589,383121.823141,0.825,58.213740443221326,7.973525584409045e-06,0.00148258,0.00215221,0.5849627993968195,0.2401821286283438,0.09561752988047818,0.1918452784079946,0.6217830440238243,0.0014065,0.0016699722222222224,macd_bullish_cross,1,0,haussier,365,0,0,30,,,31.0,57.0,100.0,47.0,59.5,62.37,False,False,,0,,,,65,77377063,78643623,48725011075.35769,49522574792.90293,,98.4,,,
VTHOUSDT,VTHO,Mid,455,0.00059,304623.770531,-2.318,55.72666790353416,2.1170457594746043e-06,0.0005688,0.0007693750000000001,0.3520905176818042,0.17398119122257052,0.0768025078369906,0.17335933969026446,0.589652886458139,0.0005441666666666666,0.0006344722222222224,macd_bullish_cross|doji_4h,1,0,haussier,365,0,0,30,,,31.0,57.0,100.0,47.0,59.5,62.37,False,False,,0,,,,65,58900407,58908597,99848403921.0,99862287476.0,,100.0,,,
ASRUSDT,ASR,Speculative,,1.329,616465.2286,3.666,57.230206306409116,0.004181223967157869,1.2653999999999994,1.404965000000001,0.41373747204258177,0.19387075283144567,0.12791472351765487,0.8818226758451126,0.32911797042888713,1.2233611111111111,1.4327222222222222,macd_bullish_cross,1,0,haussier,365,0,0,30,,,17.0,66.0,95.5,57.5,59.5,62.21,False,False,,0,,,,67,,,,,,,,,
HMSTRUSDT,HMSTR,Speculative,,0.0001931,6311725.7805402,-5.667,64.52951610026886,4.883075901415608e-06,0.000151652,0.00021461150000000006,1.176629102333442,0.30016051364365964,0.0968647636874122,5.750260690091401,0.4179060575804732,0.0001376,0.00018535555555555556,macd_bullish_cross|double_top_90d|uptrend,2,1,haussier,365,0,0,30,,,17.0,84.0,67.0,78.5,50.6,62.16,False,False,,3,⚡ Volume ×5.8 vs médiane,,5.75,75,,,,,,,,,
AUSDT,A,Mid,227,0.0927,1088157.17312,1.201,60.320323700583906,-4.063069833505845e-05,0.082636,0.14027299999999993,0.5801278359711405,0.19286510590858413,0.01698513800424633,0.3477342208104092,0.5731450400609782,0.07519444444444445,0.09026111111111113,macd_bearish_cross|uptrend,1,1,mixte,346,0,0,30,,,30.5,57.0,100.0,68.0,30.8,62.13,False,False,,0,,,,58,151924945,194541973,1639966832.7134,2100000000.0,2100000000.0,78.1,,,
POLYXUSDT,POLYX,Mid,422,0.0511,460472.19098,0.196,57.309438471368644,0.00016508783908008537,0.048646,0.055717000000000017,0.47124862355240593,0.18215613382899634,0.05360443622920517,0.19658113781289227,0.3930792024701146,0.04069166666666667,0.05278055555555555,macd_bullish_cross|downtrend|morning_star_4h,2,1,haussier,365,0,0,30,,,31.0,57.0,100.0,47.0,55.0,62.09,False,False,,0,,,,64,65273746,65273746,1273719714.710438,1273719714.710438,,100.0,,,
POWRUSDT,POWR,Speculative,644,0.0657,187530.6141,-1.499,53.33763778126804,0.00025761235789393855,0.064216,0.07930500000000003,0.48695229031366927,0.16997167138810196,0.07082152974504237,0.5740704159831066,0.6789952741833022,0.06072222222222223,0.06866666666666665,macd_bullish_cross|double_bottom_90d|downtrend|doji_4h,2,1,haussier,365,0,0,30,,,17.0,66.0,100.0,47.0,50.7,62.04,False,False,,0,,,,66,34783324,65625985,529761884.726046,999506122.99937,1000000000.0,53.0,,,
EURIUSDT,EURI,Mid,452,1.1743,1770254.53018,-0.162,56.146533356477754,-0.0001503786548378125,1.1659219999999997,1.167573,0.05405735786523061,0.04216007390610567,0.013185521122029097,0.06974661640996263,0.38736601214829297,1.1486361111111114,1.1840444444444445,rsi_bearish_divergence|support_bounce|resistance_test,1,2,baissier,365,0,0,30,,,31.0,57.0,100.0,68.0,27.0,62.0,False,False,,0,,,,58,59871795,59871795,50968733.99990108,50968733.99990108,,100.0,,,
SAHARAUSDT,SAHARA,Mid,317,0.02849,3562158.80735,10.17,70.89450586760307,0.0005672560070203307,0.023639399999999994,0.03492295,0.7117060437056041,0.3002001334222816,0.044696464309539725,1.5038274069603066,0.16703295473183566,0.015369444444444443,0.027895000000000003,,0,0,neutre,317,0,0,30,,,29.7,75.0,71.5,68.0,50,61.99,False,False,,0,,,,61,93541628,285677811,3274375000.0,10000000000.0,10000000000.0,32.7,,,
ARKUSDT,ARK,Speculative,643,0.1776,334936.2708,-0.893,54.460434392613344,0.00038185726058804527,0.170576,0.23126199999999986,0.4351222656452891,0.22926829268292678,0.13365853658536575,0.8566712795042942,0.681248471141275,0.16403055555555557,0.19301944444444444,macd_bullish_cross|uptrend,2,0,haussier,365,0,0,30,,,17.0,66.0,95.5,47.0,68.7,61.95,False,False,,0,,,,70,34872811,34872811,196375338.0,196375338.0,,100.0,,,
JASMYUSDT,JASMY,Mid,156,0.00594,770779.88318,0.849,60.67974834673909,1.2877251170712706e-05,0.005532000000000001,0.0067488,0.41984818136095703,0.16532905296950248,0.04494382022471908,0.17704704682709813,0.5473122299037693,0.005251388888888889,0.006055277777777777,rsi_bearish_divergence|macd_bullish_cross,1,1,mixte,365,0,0,30,,,31.0,57.0,100.0,57.5,38.7,61.9,False,False,,0,,,,60,293301797,296593992,49444999677.59027,50000000000.0,50000000000.0,98.9,,,
ENAUSDT,ENA,Etabli,66,0.1221,29782950.298636,-0.57,66.18612602477657,0.0014315309222102217,0.10027599999999999,0.18882300000000002,0.9529752615531183,0.37976653696498064,0.05136186770428022,0.8743808200551899,0.6591941899360092,0.0882111111111111,0.12145277777777778,macd_bullish_cross,1,0,haussier,365,0,0,30,,,45.0,57.0,77.5,78.5,59.5,61.83,False,False,,0,,,,59,1099465855,1827050754,9026562500.0,15000000000.0,15000000000.0,60.2,,,
SOPHUSDT,SOPH,Speculative,734,0.00892,415070.18339,0.337,54.334357418793616,7.2041267003334464e-06,0.008693200000000002,0.013016299999999996,0.4867156591227478,0.2158760890609875,0.13455953533397874,0.7596667572217695,0.50274974267976,0.00825,0.009931388888888889,macd_bullish_cross|uptrend,2,0,haussier,346,0,0,30,,,16.5,66.0,95.5,47.0,68.7,61.83,False,False,,0,,,,70,28805552,89255692,3227306968.0,10000000000.0,10000000000.0,32.3,,,
SUSDT,S,Mid,194,0.04934,2817205.111998,-0.504,64.66112895774395,0.0004484057907354681,0.0434836,0.07432190000000002,0.7083266691268061,0.23527077960722081,0.021424320571315304,0.34447150562577156,0.55643332106218,0.039428333333333315,0.048563055555555575,macd_bullish_cross|uptrend,2,0,haussier,365,0,0,30,,,31.0,57.0,89.5,68.0,68.7,61.77,False,False,,0,,,,66,186749739,191719590,3784775845.0,3885497663.0,,97.4,,,
HOTUSDT,HOT,Mid,371,0.000432,215957.249542,-1.37,53.125140460488915,-8.744746403371743e-07,0.0004218599999999999,0.0004789850000000004,0.4698462755359557,0.21383647798742136,0.0922431865828092,0.14683590169390887,0.43799832147070206,0.00037727777777777776,0.00045791666666666664,doji_4h,0,0,neutre,365,0,0,30,,,31.0,57.0,100.0,47.0,50,61.77,False,False,,0,,,,63,76735871,76735871,177619433541.1413,177619433541.1413,,100.0,,,
TONUSDT,TON,Etabli,18,2.754,213519404.39656,5.517,93.34906221433874,0.1598660579136622,1.4070199999999997,1.5623450000000016,1.2989297357469038,0.1987991994663109,0.0,3.7215359251821893,0.26083046530852966,1.2278888888888888,1.649361111111111,macd_bullish_cross|double_bottom_90d|uptrend,3,0,haussier,365,0,0,30,,,45.0,57.0,73.0,78.5,76.8,61.7,False,False,,8,🔥 Trending #2 sur CoinGecko|⚡ Volume ×3.7 vs médiane,2,3.72,68,7313342991,14117365307,2681359960.32701,5175982874.823168,,51.8,,,
ENSUSDT,ENS,Mid,166,6.47,879174.2068,-2.853,60.37896501610908,0.03770528073638159,5.961,8.812249999999995,0.5276180014661258,0.19883889695210452,0.062409288824383125,0.22883649026066594,0.7954173380869817,5.604722222222221,6.669722222222223,macd_bullish_cross|uptrend,2,0,haussier,365,0,0,30,,,31.0,57.0,92.0,57.5,68.7,61.61,False,False,,0,,,,66,258137426,645849791,39968647.500078425,100000000.0,100000000.0,40.0,,,
UMAUSDT,UMA,Speculative,531,0.495,1616285.3313,2.484,63.18045838544935,0.0024010344171785294,0.4366800000000001,0.6508700000000001,0.5835101466683984,0.28990825688073396,0.09174311926605512,0.5678900893153228,0.410942044544327,0.40083333333333354,0.5173333333333333,macd_bullish_cross|uptrend,2,0,haussier,365,0,0,30,,,17.0,66.0,88.0,68.0,68.7,61.59,False,False,,0,,,,68,45081241,63625351,91131141.53101861,128617817.4187679,,70.9,,,
BABYUSDT,BABY,Mid,421,0.0169,2114479.08133,-3.263,53.60347241156006,-4.876951156858799e-06,0.014952400000000001,0.017766450000000003,0.9890216788611377,0.2266009852216749,0.1469696969696971,0.5652918693482885,0.31356038918195084,0.011939722222222221,0.01741722222222222,macd_bearish_cross|uptrend,1,1,mixte,365,0,0,30,,,31.0,66.0,85.0,68.0,30.8,61.45,False,False,,0,,,,59,65457034,181881692,3875581112.98,10768854108.0,,36.0,,,
LUNAUSDT,LUNA,Speculative,503,0.0703,1464332.617281,0.429,57.11204836800681,0.00029839712861495045,0.060489999999999995,0.07891750000000002,0.8837402261698319,0.21605839416058403,0.06524633821571241,0.5062219670591758,0.38452559498078903,0.05501944444444447,0.07029722222222222,uptrend,1,0,haussier,365,0,0,30,,,17.0,66.0,89.5,68.0,59.1,61.4,False,False,,0,,,,66,49915238,83431074,709984438.91686,1186707049.0,,59.8,,,
GRTUSDT,GRT,Mid,159,0.02645,1337286.42439,-0.564,61.69466417910879,0.00022101140859480045,0.02464919999999999,0.0368196,0.44517334549996584,0.19359283499827765,0.08852910781949705,0.35330015442582874,0.7075728288373246,0.023804444444444448,0.027896388888888887,macd_bullish_cross|double_top_90d|uptrend,2,1,haussier,365,0,0,30,,,31.0,57.0,92.0,68.0,50.6,61.32,False,False,,0,,,,62,285776539,285786995,10799867657.47347,10800262816.04821,10800262823.318213,100.0,,,
GASUSDT,GAS,Mid,281,1.668,497910.6596,0.06,52.66545111331589,0.003385749365876583,1.6557799999999998,1.9081449999999995,0.4214795800983632,0.13930635838150282,0.08278508771929825,0.43655656230043777,0.5062789603078708,1.5218611111111107,1.765611111111111,macd_bullish_cross|downtrend,1,1,mixte,365,0,0,30,,,31.0,57.0,100.0,47.0,42.5,61.3,False,False,,0,,,,61,108751591,108751591,65093580.54427269,65093580.54427269,,100.0,,,
ONDOUSDT,ONDO,Etabli,47,0.371,32863503.79011,5.939,86.68225738321595,0.010585291325174228,0.26895800000000003,0.37916650000000024,0.6368378010721338,0.17629076086956522,0.0,1.4175255451644764,0.6783115156535462,0.24643055555555554,0.2962083333333333,,0,0,neutre,365,0,0,30,,,45.0,48.0,89.5,78.5,50,61.21,False,False,,0,,,,48,1819294115,3736230392,4869330647.0,10000000000.0,10000000000.0,48.7,,,
LINEAUSDT,LINEA,Mid,311,0.003929,5060928.627341,3.558,61.53052362260788,3.6697863652557136e-05,0.003349979999999999,0.006239244999999997,0.818016068451502,0.2690355329949238,0.04134050880626221,0.5248864096681758,0.49891008088986255,0.0029902777777777775,0.003775416666666666,resistance_test|uptrend,1,1,mixte,241,0,0,30,,,27.6,66.0,77.5,78.5,55.7,61.07,False,False,,0,,,,64,97961768,283151288,24913275023.373516,72009990000.0,72009990000.0,34.6,,,
EURUSDT,EUR,Speculative,,1.1746,18932765.83117,-0.145,55.64036322704656,-0.0001844020919113563,1.16598,1.1677989999999994,0.05208941998024711,0.04224760624895012,0.013522593650260374,0.1592588021442924,0.3796365865133158,1.1489222222222222,1.1842305555555557,resistance_test,0,1,baissier,365,0,0,30,,,17.0,57.0,100.0,78.5,46.5,61.01,False,False,,0,,,,62,,,,,,,,,
SLPUSDT,SLP,Speculative,743,0.000782,3324950.083953,4.545,68.66752184033854,7.036508694069654e-06,0.0006466399999999998,0.0007843849999999996,0.5610615031640613,0.2756132756132757,0.03221809169764558,1.1677224228198972,0.5891103302589826,0.0005477222222222222,0.0007263611111111112,macd_bullish_cross,1,0,haussier,365,0,0,30,,,17.0,66.0,88.0,68.0,59.5,61.01,False,False,,0,,,,63,28378365,28378365,36343822430.0,36343822430.0,,100.0,,,
GUSDT,G,Speculative,749,0.00384,732427.09443,1.587,56.63390160634966,1.9969009219096903e-05,0.003739,0.004559500000000001,0.48889062855488513,0.40940766550522656,0.3310104529616725,1.4045927412898433,0.4245553694628934,0.0033502777777777784,0.004318611111111111,macd_bullish_cross|doji_4h,1,0,haussier,365,0,0,30,,,17.0,75.0,79.0,57.5,59.5,61.01,False,False,,0,,,,67,27845578,46199474,7232700000.0,12000000000.0,12000000000.0,60.3,,,
ADXUSDT,ADX,Speculative,,0.0779,1163890.4907,-1.017,56.233612633559645,0.0003413496107993277,0.07395600000000002,0.0919625,0.4945494101942651,0.21712158808933002,0.082449941107185,0.23317204844130962,0.5097982019252414,0.06804166666666668,0.07992777777777776,macd_bullish_cross|doji_4h,1,0,haussier,365,0,0,30,,,17.0,57.0,100.0,68.0,59.5,60.99,False,False,,0,,,,65,,,,,,,,,
HEIUSDT,HEI,Speculative,,0.0923,772994.8646,1.206,65.76556030774616,0.001039688127501119,0.08323999999999998,0.12779999999999997,0.49623200021302877,0.20847268673355637,0.0,0.7717001864212732,0.458646876755173,0.07512499999999998,0.0910638888888889,macd_bullish_cross|morning_star_4h,2,0,haussier,365,0,0,30,,,17.0,57.0,100.0,57.5,72.0,60.93,False,False,,0,,,,65,,,,,,,,,
CRVUSDT,CRV,Mid,132,0.2438,2560627.0677,-1.095,57.80823250468608,0.00129819718589311,0.22459800000000002,0.327983,0.511023042166674,0.220007521624671,0.08649868371568266,0.18324533680184973,0.7217311874727705,0.21244166666666667,0.25579999999999997,double_top_90d|uptrend,1,1,mixte,365,0,0,30,,,31.0,57.0,92.0,68.0,41.1,60.72,False,False,,0,,,,60,366991461,577804788,1510717068.0,2378528243.802681,3030303031.0,63.5,,,
PEPEUSDT,PEPE,Etabli,53,4.15e-06,39138596.69309576,-1.425,65.60493070687376,1.7812326137403493e-08,3.6707999999999992e-06,4.49615e-06,0.5563668553576262,0.339544513457557,0.1407867494824017,0.297808003354744,0.5973708985557543,3.291944444444444e-06,4.25388888888889e-06,double_bottom_90d|uptrend,2,0,haussier,365,0,0,30,,,45.0,48.0,83.5,78.5,67.3,60.67,False,False,,0,,,,59,1743493938,1743493938,420690000000000.0,420690000000000.0,420690000000000.0,100.0,,,
TLMUSDT,TLM,Speculative,,0.001949,608571.983591,-0.713,62.06466528055449,7.968171171585284e-06,0.0017413800000000005,0.0021499450000000008,0.5307716389522557,0.13878222709818977,0.020603015075376895,0.2755049568314982,0.46435081388735583,0.0015892777777777778,0.0019477777777777774,macd_bullish_cross|double_bottom_90d,2,0,haussier,365,0,0,30,,,17.0,57.0,100.0,57.5,67.7,60.66,False,False,,0,,,,67,,,,,,,,,
PEOPLEUSDT,PEOPLE,Speculative,548,0.00844,1035832.624138,0.0,63.2049564211053,4.853901064126012e-05,0.007216799999999998,0.008733099999999999,0.8822438436836639,0.2072538860103628,0.037671232876712375,0.7849366923310611,0.593502201976552,0.00627722222222222,0.008097777777777778,rsi_bearish_divergence|macd_bullish_cross|double_bottom_90d,2,1,haussier,365,0,0,30,,,17.0,66.0,89.5,68.0,46.9,60.62,False,False,,0,,,,63,42705237,42705237,5066444892.014003,5066444892.014003,,100.0,,,
CELOUSDT,CELO,Mid,464,0.09314,248616.341293,-0.396,58.70206482852437,0.0002555742542958944,0.08458719999999996,0.12453730000000011,0.6215935686193311,0.19397993311036787,0.01846965699208445,0.18798567536682564,0.5656117101761681,0.07413333333333331,0.09080388888888886,macd_bullish_cross|double_bottom_90d|uptrend,3,0,haussier,365,0,0,30,,,31.0,57.0,89.5,47.0,76.8,60.61,False,False,,0,,,,68,55880865,93032714,600658220.0,1000000000.0,1000000000.0,60.1,,,
ACXUSDT,ACX,Speculative,678,0.0452,725334.98849,-2.376,55.63351682692429,0.00016766351132242166,0.043358,0.049446000000000004,0.4459454936275903,0.31239669421487604,0.25123966942148757,1.1659337234041531,0.1566783611029768,0.033641666666666646,0.04725000000000002,macd_bullish_cross,1,0,haussier,365,0,0,30,,,17.0,75.0,77.5,57.5,59.5,60.6,False,False,,0,,,,67,31851627,45201564,704657633.0,1000000000.0,1000000000.0,70.5,,,
YFIUSDT,YFI,Mid,314,2707.0,287988.33947,-1.204,52.41311758154926,-4.499423604712778,2617.08,3307.92,0.42336399306606876,0.22697795071335927,0.1219195849546044,0.15355389707078598,0.6888314713854022,2459.1944444444443,2926.1388888888887,,0,0,neutre,365,0,0,30,,,31.0,57.0,95.5,47.0,50,60.55,False,False,,0,,,,62,96678875,99250554,35715.948082478506,36666.0,36666.0,97.4,,,
DEXEUSDT,DEXE,Etabli,100,12.176,2334394.03019,5.814,56.09907515531869,-0.2134556607788758,10.12,5.535924999999997,1.4197806482373605,0.3166955825437075,0.1869077805952222,0.14159938745115117,0.013145033666222798,2.3949722222222216,13.061861111111112,,0,0,neutre,365,0,0,30,,,45.0,73.0,56.5,68.0,50,60.53,False,False,,0,,,,61,569353999,1175276294,46750946.82541338,96504599.33609451,,48.4,,,
ARBUSDT,ARB,Etabli,81,0.1299,6453820.5629,1.643,61.51642947242847,-0.0005412230334304133,0.11153199999999998,0.1682490000000001,0.7032676377961673,0.2663900414937759,0.012185833968012112,0.2647834107583157,0.6282842355751362,0.09211111111111109,0.128075,rsi_bearish_divergence|uptrend,1,1,mixte,365,0,0,30,,,45.0,57.0,77.5,78.5,38.3,60.5,False,False,,0,,,,57,795972625,1294113253,6150718438.0,10000000000.0,10000000000.0,61.5,,,
ILVUSDT,ILV,Speculative,573,4.96,961250.67717,3.766,61.304977930068674,-0.008133747869982388,4.2326000000000015,5.760800000000002,0.7993707772857688,0.18795180722891572,0.02178217821782167,0.9094204829622223,0.46540328022024163,3.497222222222222,4.875555555555557,double_bottom_90d|doji_4h,1,0,haussier,365,0,0,30,,,17.0,66.0,89.5,57.5,58.2,60.5,False,False,,0,,,,66,40973237,47458810,8285574.377069682,9597081.691314137,,86.3,,,
1INCHUSDT,1INCH,Mid,243,0.0966,715242.46429,-1.529,53.718909510339465,0.00017197702994591524,0.09339599999999999,0.13214949999999998,0.34915024627994135,0.17495219885277244,0.07743785850860417,0.35345676587114755,0.892698458145865,0.08844166666666663,0.09961111111111112,macd_bullish_cross|double_bottom_90d|downtrend|doji_4h,2,1,haussier,365,0,0,30,,,31.0,57.0,92.0,57.5,50.7,60.48,False,False,,0,,,,62,135765285,144885956,1405573965.7275033,1499999999.997,1500000000.0,93.7,,,
VETUSDT,VET,Etabli,88,0.007592,2605985.0730769,-1.95,59.84805902237686,5.166357706530976e-05,0.007118120000000001,0.010219179999999996,0.4449481431841648,0.25995475113122174,0.14140271493212672,0.29870548925160034,0.7088614266573925,0.006804222222222222,0.007998777777777778,macd_bullish_cross,1,0,haussier,365,0,0,30,,,45.0,57.0,75.5,68.0,59.5,60.45,False,False,,0,,,,61,652552911,652552911,85985041177.0,85985041177.0,86712634466.0,100.0,,,
CYBERUSDT,CYBER,Speculative,636,0.563,1535541.38268,-1.401,59.57620832537296,0.0029171593267303146,0.5232600000000001,0.6875699999999996,0.4925365192316619,0.23174603174603178,0.10634920634920644,0.20539419692112038,0.45507076652850437,0.49377777777777787,0.5958333333333333,macd_bullish_cross|uptrend|doji_4h,2,0,haussier,365,0,0,30,,,17.0,57.0,95.5,68.0,68.7,60.34,False,False,,0,,,,67,35295871,56334824,62653733.76,100000000.0,100000000.0,62.7,,,
SNXUSDT,SNX,Mid,270,0.342,1424226.2843,2.09,63.242418550253845,0.0032858886752767935,0.29949999999999993,0.4653499999999998,0.5730122966114977,0.36279069767441857,0.20697674418604645,0.4762326122024021,0.5514159547064642,0.28011111111111114,0.3578888888888889,uptrend|morning_star_4h,2,0,haussier,365,0,0,30,,,31.0,57.0,83.5,68.0,71.6,60.32,False,False,,0,,,,66,117512263,117656761,344516234.4572882,344939867.5556631,344939867.0,99.9,,,
NOTUSDT,NOT,Mid,393,0.000724,80235561.65296,13.302,85.71172944331218,3.310288434029009e-05,0.00040094000000000013,0.0005118450000000002,1.3078185110107186,0.21527777777777773,0.0,21.489313839449835,0.4328590731899796,0.00034836111111111114,0.0004750555555555556,macd_bullish_cross|double_bottom_90d|uptrend,3,0,haussier,365,0,0,30,,,31.0,57.0,79.0,78.5,76.8,60.27,False,False,,3,⚡ Volume ×21.5 vs médiane,,21.49,64,71389764,73560482,99429447866.9074,102452755868.5205,102456956842.91,97.0,,,
NEWTUSDT,NEWT,Speculative,,0.0795,811616.71579,2.581,58.151499156344755,-2.224812258215178e-05,0.072776,0.09312399999999994,0.7639710491924778,0.17183462532299731,0.04332129963898908,0.7159457853006637,0.36194804532984864,0.06489166666666665,0.08044722222222223,double_bottom_90d,1,0,haussier,319,0,0,30,,,15.7,66.0,89.5,57.5,58.2,60.22,False,False,,0,,,,66,,,,,,,,,
SPELLUSDT,SPELL,Speculative,719,0.0001716,292089.4419682,-0.522,55.02892251429284,4.1666343788635455e-07,0.000165612,0.00022540350000000009,0.5246981738313294,0.20675743822491172,0.135148764498235,0.583205558688467,0.5548023719848835,0.0001599972222222222,0.0001922777777777778,double_top_90d|uptrend|doji_4h,1,1,mixte,365,0,0,30,,,17.0,66.0,95.5,47.0,41.1,60.21,False,False,,0,,,,63,29391485,33589702,171510541047.0,196008739620.0,210000000000.0,87.5,,,
AUCTIONUSDT,AUCTION,Speculative,617,4.95,557154.1428,0.0,59.297775023077456,0.017587126247264155,4.736599999999998,5.322649999999997,0.32839908970095544,0.18968692449355423,0.08839779005524853,0.2681805075526588,0.6263976399261887,4.565555555555555,5.165555555555553,macd_bullish_cross,1,0,haussier,365,0,0,30,,,17.0,57.0,100.0,57.5,59.5,60.15,False,False,,0,,,,65,36629596,37820619,7400402.318293814,7641028.818627574,10000000.0,96.9,,,
RONINUSDT,RONIN,Speculative,,0.0982,587945.849103,-1.8,54.066138832119265,-9.359467331642433e-05,0.092284,0.1495515000000001,0.5914484552695006,0.219626168224299,0.07943925233644854,0.33364993911262164,0.5666716507861977,0.08576666666666664,0.10680555555555554,uptrend,1,0,haussier,365,0,0,30,,,17.0,57.0,100.0,57.5,59.1,60.12,False,False,,0,,,,65,,,,,,,,,
QTUMUSDT,QTUM,Mid,312,0.92,147811.5617,-0.755,55.5456063422474,0.004489579544570388,0.8973000000000003,1.2333099999999997,0.3924997238704152,0.2195121951219511,0.10243902439024379,0.11537787884791528,0.6657860545333173,0.8481666666666666,0.9775277777777777,macd_bullish_cross|downtrend,1,1,mixte,365,0,0,30,,,31.0,57.0,95.5,47.0,42.5,60.08,False,False,,0,,,,61,97525585,99183597,106019983.25,107822406.0,,98.3,,,
2ZUSDT,2Z,Mid,145,0.09484,779003.84076,1.26,64.8954924289516,0.0010021334097837062,0.081993,0.11195974999999998,0.722365472987931,0.24177557458314564,0.006804145294671808,0.36851821051134337,0.4998361721645187,0.07100000000000001,0.09009833333333332,macd_bullish_cross|double_bottom_90d,2,0,haussier,219,0,0,30,,,27.0,57.0,89.5,57.5,67.7,59.99,False,False,,0,,,,66,328872655,947644088,3469895583.8,9998478083.8,10000000000.0,34.7,,,
ASTRUSDT,ASTR,Mid,374,0.008845,310248.9606396,-0.282,65.42037172507167,6.001182953603175e-05,0.007928860000000003,0.010257004999999994,0.5162456970541742,0.1677844452288504,0.005282085861991478,0.23601791480387266,0.5631216215990127,0.007162833333333334,0.008527416666666668,macd_bullish_cross|double_bottom_90d|resistance_test|uptrend,3,1,haussier,365,0,0,30,,,31.0,48.0,100.0,47.0,73.4,59.96,False,False,,0,,,,63,76920016,76926893,8686836788.0,8687613454.0,,100.0,,,
SANDUSDT,SAND,Mid,185,0.0776,2604277.3685,-0.64,51.80550020590174,0.0003409630169922467,0.07726000000000001,0.11708349999999995,0.6097548240160083,0.22065217391304345,0.1576086956521739,0.5083462777094168,0.7602704608836636,0.07363888888888889,0.08807222222222222,macd_bullish_cross|double_top_90d,1,1,mixte,365,0,0,30,,,31.0,66.0,77.0,68.0,41.5,59.95,False,False,,0,,,,60,206600822,232371676,2667289212.2233224,3000000000.0,3000000000.0,88.9,,,
STRKUSDT,STRK,Mid,153,0.0531,22491974.163525,27.033,77.1185275688389,0.0010569140014781223,0.036916000000000004,0.07640600000000006,1.1473300739711103,0.3766990291262136,0.0,3.4275852364560517,0.5155318737846369,0.033519444444444435,0.047786111111111106,breakout_30d|macd_bullish_cross|resistance_test|uptrend,3,1,haussier,365,0,0,30,,,31.0,66.0,67.0,78.5,66.4,59.63,False,False,,4,🔥 Trending #6 sur CoinGecko|⚡ Volume ×3.4 vs médiane,6,3.43,63,310234852,526161332,5896192543.348971,10000000000.0,10000000000.0,59.0,,,
IOTAUSDT,IOTA,Mid,167,0.0582,1481185.3447,-1.02,53.35260588794112,0.0003974683233932052,0.05739600000000003,0.08611399999999997,0.4888158018904082,0.25936199722607484,0.1941747572815534,0.32130296363087824,0.6186311900254984,0.054994444444444464,0.0695611111111111,macd_bullish_cross|doji_4h,1,0,haussier,365,0,0,30,,,31.0,57.0,83.5,68.0,59.5,59.56,False,False,,0,,,,63,257205975,283768977,4424471322.0,4881409544.0,,90.6,,,
XTZUSDT,XTZ,Mid,119,0.3775,379792.74323,-0.736,54.718311253068634,0.0007137920734069767,0.3651579999999999,0.4601854999999999,0.4390577390480077,0.1954158790170132,0.10916824196597358,0.16618174864162302,0.7305720041472943,0.3482361111111112,0.40566944444444447,macd_bullish_cross|uptrend|doji_4h,2,0,haussier,365,0,0,30,,,31.0,57.0,87.5,47.0,68.7,59.55,False,False,,0,,,,66,408719150,416253803,1084081993.927657,1104066821.758154,,98.2,,,
XECUSDT,XEC,Mid,235,7.34e-06,229687.07748983,-1.078,56.66385544253185,2.789638681185331e-08,7.01e-06,9.770199999999992e-06,0.37119705470927244,0.23754345307068372,0.1517960602549247,0.32012861488802374,0.7095239271799036,6.723611111111111e-06,8.075833333333335e-06,macd_bullish_cross|uptrend,2,0,haussier,365,0,0,30,,,31.0,57.0,87.5,47.0,68.7,59.55,False,False,,0,,,,66,147501850,147502310,20025270297580.0,20025332797580.0,21000000000000.0,100.0,,,
RADUSDT,RAD,Speculative,,0.249,831365.828,1.633,64.10861066014826,-0.0005481630011633211,0.23134,0.288575,0.30385450387210894,0.15322580645161293,0.003984063745019924,0.17793523047389592,0.533153675820369,0.21736111111111117,0.25763888888888886,,0,0,neutre,365,0,0,30,,,17.0,57.0,100.0,57.5,50,59.55,False,False,,0,,,,63,,,,,,,,,
STGUSDT,STG,Speculative,,0.2338,1244499.03014,-5.037,55.27145196877128,0.004067915804816048,0.22087000000000004,0.1613035,0.9584621590194868,0.2895457033388068,0.13269443420567628,0.533636861441779,0.20729293571009866,0.1426277777777778,0.24854166666666666,downtrend,0,1,baissier,365,0,0,30,,,17.0,82.0,67.0,68.0,33.0,59.47,False,False,,0,,,,61,,,,,,,,,
MTLUSDT,MTL,Speculative,718,0.325,148147.3944,-0.307,72.10063240781483,0.0023886256060287802,0.28984,0.3471500000000002,0.3542278388252412,0.12751677852348986,0.0,0.6295832519256614,0.6752165736644589,0.2652777777777777,0.3065277777777777,macd_bullish_cross,1,0,haussier,365,0,0,30,,,17.0,57.0,100.0,47.0,59.5,59.31,False,False,,0,,,,62,29455117,29455117,90635915.0,90635915.0,,100.0,,,
DOTUSDT,DOT,Etabli,42,1.318,7797054.0158,-0.378,58.67282437274396,0.014262346133555384,1.2784600000000002,1.842034999999999,0.6025741941236056,0.29825616355983164,0.20685508117859294,0.25790584631458163,0.5404838476888868,1.2107777777777775,1.5632777777777778,rsi_bearish_divergence|macd_bullish_cross|doji_4h,1,1,mixte,365,0,0,30,,,45.0,57.0,73.0,78.5,38.7,59.29,False,False,,0,,,,56,2217145426,2217145426,1682827194.536927,1682827194.536927,2100000000.0,100.0,,,
ARPAUSDT,ARPA,Speculative,,0.01048,445066.077679,-0.095,63.36727505241151,4.3005119802471504e-05,0.0096324,0.01235109999999999,0.38343331311224677,0.22674933569530556,0.07174490699734277,0.411288793085259,0.4686990805492197,0.009119166666666668,0.010688333333333336,uptrend,1,0,haussier,365,0,0,30,,,17.0,57.0,100.0,47.0,59.1,59.28,False,False,,0,,,,65,,,,,,,,,
QNTUSDT,QNT,Etabli,68,72.68,1090451.42188,3.592,55.38113141306161,0.3253499073452665,72.78699999999999,75.03399999999998,0.4020537448946694,0.173976803092921,0.08903937797842983,0.47121131177696,0.3980640812979468,63.28055555555554,76.82083333333333,macd_bullish_cross|double_top_90d|uptrend,2,1,haussier,365,0,0,30,,,45.0,37.0,100.0,68.0,50.6,59.25,False,False,,0,,,,57,1055950667,1060910673,14544176.164081175,14612493.0,14612493.0,99.5,,,
CVCUSDT,CVC,Speculative,,0.03146,100136.66009,-1.007,54.03821642399354,4.7479384071690315e-05,0.030661199999999996,0.040057400000000014,0.42771044792561935,0.18702611625947774,0.11625947767481057,0.19043879073114867,0.6581218550579763,0.029318611111111108,0.03450222222222222,macd_bullish_cross|double_bottom_90d|uptrend,3,0,haussier,365,0,0,30,,,17.0,57.0,95.5,47.0,76.8,59.17,False,False,,0,,,,69,,,,,,,,,
BNSOLUSDT,BNSOL,Speculative,,98.0,616029.2232,-1.804,58.21170990117144,0.4940664118291287,94.13399999999997,125.40900000000006,0.43010625279688397,0.17813383600376995,0.07728557964184721,0.32666581702971187,0.8832420915261767,88.05833333333335,100.58333333333333,macd_bullish_cross|double_bottom_90d|uptrend,3,0,haussier,365,0,0,30,,,17.0,57.0,92.0,57.5,76.8,59.06,False,False,,0,,,,68,,,,,,,,,
FLOKIUSDT,FLOKI,Mid,138,3.551e-05,7267045.60096357,1.923,68.43999054008151,2.065897949716984e-07,3.0194599999999994e-05,4.1022950000000014e-05,0.688764913584324,0.24495021337126602,0.0,0.4698649567771787,0.6721714847285513,2.721305555555555e-05,3.338194444444443e-05,macd_bullish_cross|double_bottom_90d|resistance_test,2,1,haussier,365,0,0,30,,,31.0,48.0,89.5,78.5,64.2,59.04,False,False,,0,,,,59,342681002,355022898,9652363383621.0,10000000000000.0,10000000000000.0,96.5,,,
DASHUSDT,DASH,Etabli,90,49.89,23242254.18723,-3.947,70.91784448405195,1.6383508015145116,36.481,46.865950000000005,1.370730943735967,0.27508650519031136,0.04239401496259353,0.5128538951573188,0.6052342132330835,31.0175,42.90888888888888,uptrend,1,0,haussier,365,0,0,30,,,45.0,57.0,67.0,78.5,59.1,58.95,False,False,,0,,,,57,632571736,632592856,12690491.57905648,12690915.27136005,18920000.0,100.0,,,
XAUTUSDT,XAUT,Etabli,37,4703.98,18262236.860547,-0.37,56.5576940341913,1.7314406997224339,,,0.20556271243635915,0.06174244627028099,0.02293741848119574,0.06480660123338407,,4490.315294117646,4797.572352941176,macd_bullish_cross,1,0,haussier,44,0,0,30,,,36.2,45.0,90.0,78.5,59.5,58.92,False,False,,0,,,,60,2788557563,3331528877,592398.736688,707747.089,,83.7,,,
WUSDT,W,Mid,339,0.0145,4585887.10259,2.837,58.937163462200814,0.0002631410908048179,0.013779999999999999,0.03096500000000001,0.8053792505467823,0.44392523364485975,0.322429906542056,0.706612140112527,0.5125305661247055,0.012472222222222225,0.020052777777777777,uptrend,1,0,haussier,365,0,0,30,,,31.0,66.0,68.5,68.0,59.1,58.74,False,False,,0,,,,63,84135624,144636929,5817022307.0,10000000000.0,10000000000.0,58.2,,,
WINUSDT,WIN,Speculative,,2.174e-05,498420.30208445,2.21,67.36210813046264,1.9711185603941854e-07,1.9957000000000006e-05,2.6862800000000006e-05,0.38840737109129003,0.267238021036229,0.15270744059213087,1.1029416213936938,0.39556069866791016,1.912305555555555e-05,2.3251666666666666e-05,macd_bullish_cross|uptrend,2,0,haussier,365,0,0,30,,,17.0,66.0,83.5,47.0,68.7,58.68,False,False,,0,,,,65,,,,,,,,,
FARMUSDT,FARM,Speculative,,12.13,386955.55886,0.999,54.6205813319034,0.05286330704583878,11.778999999999998,16.178600000000007,0.44195663661551093,0.196980589503954,0.1337167505391804,0.39615428019890475,0.5307106890880158,11.325833333333332,13.654444444444445,macd_bullish_cross|double_bottom_90d,2,0,haussier,365,0,0,30,,,17.0,57.0,95.5,47.0,67.7,58.6,False,False,,0,,,,67,,,,,,,,,
ARKMUSDT,ARKM,Mid,328,0.1422,2959900.23418,6.597,67.14216500677225,0.00186605273441164,0.11047400000000002,0.1783935000000001,0.9973049431178226,0.25396825396825395,0.0,0.594285487320678,0.5326547730617937,0.09672222222222228,0.12921111111111114,macd_bullish_cross|uptrend,2,0,haussier,365,0,0,30,,,31.0,57.0,77.5,68.0,68.7,58.5,False,False,,0,,,,61,88234210,141682460,622760291.0,1000000000.0,1000000000.0,62.3,,,
TURBOUSDT,TURBO,Mid,321,0.001315,1654489.430576,0.076,67.47414253133363,1.3245965591412247e-05,0.00110728,0.00149913,0.8606601865113259,0.27704918032786885,0.0,0.7217773672387079,0.46808287991377345,0.0009415277777777778,0.0012510000000000002,macd_bullish_cross|uptrend,2,0,haussier,365,0,0,30,,,31.0,57.0,77.5,68.0,68.7,58.5,False,False,,0,,,,61,90686370,90686370,69000000000.0,69000000000.0,69000000000.0,100.0,,,
RAYUSDT,RAY,Mid,178,0.809,1705391.1548,-0.492,65.26240503236467,0.0016716875893762334,0.6744,0.9274399999999997,0.6263350281955576,0.18102189781021896,0.02881152460984383,0.23702214719809886,0.6580568492123167,0.5726388888888888,0.7730000000000001,double_bottom_90d|uptrend,2,0,haussier,365,0,0,30,,,31.0,48.0,89.5,68.0,67.3,58.4,False,False,,0,,,,60,217476170,448749620,268967970.467351,555000000.0,555000000.0,48.5,,,
BIGTIMEUSDT,BIGTIME,Speculative,,0.01414,828750.16163,-2.951,58.03499987073522,6.26402815022305e-05,0.0130206,0.019161750000000005,0.5633854438815701,0.28762949421084705,0.13893967093235834,0.5358041878732642,0.6516827016033278,0.012238888888888888,0.015374444444444444,,0,0,neutre,365,0,0,30,,,17.0,66.0,83.5,57.5,50,58.35,False,False,,0,,,,63,,,,,,,,,
SFPUSDT,SFP,Mid,220,0.3147,253315.2499,-2.085,48.87655267826062,-0.0027539188686083495,0.305518,0.3167885000000001,0.6974050567883616,0.172550052687039,0.172550052687039,0.27315884651318595,0.46461284923632046,0.2580527777777777,0.32758055555555554,uptrend,1,0,haussier,365,0,0,30,,,31.0,57.0,85.0,47.0,59.1,58.27,False,False,,0,,,,63,157093437,157093437,500000000.0,500000000.0,500000000.0,100.0,,,
SUNUSDT,SUN,Mid,125,0.02022,870198.94574,0.798,72.08331205957609,0.0001571084261182721,0.018238,0.019241949999999987,0.30737659886771695,0.1516002245929253,0.0004935834155972158,0.333620971964268,0.2530600762809908,0.015981944444444448,0.019074722222222215,uptrend,1,0,haussier,365,0,0,30,,,31.0,48.0,94.0,57.5,59.1,58.26,False,False,,0,,,,59,388989591,402750257,19220786793.62254,19900730000.0,19900730000.0,96.6,,,
ORCAUSDT,ORCA,Mid,313,1.597,5732165.25092,1.785,56.881924330623086,-0.022498769820054915,1.1164599999999998,1.1254700000000004,1.5931306605770263,0.3806306306306307,0.25674418604651156,3.121927745938376,0.16378014062512763,0.8020277777777778,1.6464722222222217,macd_bearish_cross|uptrend|doji_4h,1,1,mixte,365,0,0,30,,,31.0,84.0,46.0,78.5,30.8,58.25,False,False,,2,⚡ Volume ×3.1 vs médiane,,3.12,65,97408001,120159580,60798789.582327,74999557.919466,100000000.0,81.1,,,
ICXUSDT,ICX,Speculative,553,0.0388,137077.01649,0.779,57.380493046815246,0.0001480986314181712,0.036764,0.05216099999999997,0.4902343178598984,0.2251184834123223,0.08056872037914692,0.4271655278297683,0.6005851233532915,0.03432222222222222,0.04117499999999999,macd_bullish_cross|downtrend|doji_4h,1,1,mixte,365,0,0,30,,,17.0,57.0,100.0,47.0,42.5,58.24,False,False,,0,,,,61,42532496,43016086,1096327153.162626,1108792274.218095,,98.9,,,
ALPINEUSDT,ALPINE,Speculative,,0.483,313956.6699,1.046,61.87576549590634,0.0011386041494485539,0.4298200000000001,0.5285550000000001,0.5195279924768391,0.15250544662309368,0.008298755186721999,0.19572962997372811,0.5297618297431391,0.3989722222222222,0.4728888888888889,macd_bullish_cross|double_top_90d,1,1,mixte,365,0,0,30,,,17.0,57.0,100.0,47.0,41.5,58.17,False,False,,0,,,,61,,,,,,,,,
BANANAS31USDT,BANANAS31,Mid,261,0.012286,4082075.517076,8.524,65.15694741720485,0.0003239631887460636,0.011002399999999999,0.0058918550000000005,0.8367473497267623,0.4064549986880084,0.19384675938074003,0.2919330958873204,0.021308837739692443,0.004511,0.013262555555555553,double_bottom_90d|uptrend,2,0,haussier,365,0,0,30,,,31.0,64.0,67.0,68.0,67.3,58.12,False,False,,0,,,,61,122799586,122799586,10000000000.0,10000000000.0,10000000000.0,100.0,,,
WAXPUSDT,WAXP,Speculative,681,0.00687,248043.87788,-0.435,55.57469924127492,1.7803507369818778e-05,0.006703800000000001,0.008124749999999997,0.38027239631480314,0.24697336561743344,0.16828087167070216,0.1987795615398416,0.48683811233035496,0.006207222222222223,0.007276666666666669,macd_bullish_cross|doji_4h,1,0,haussier,365,0,0,30,,,17.0,57.0,95.5,47.0,59.5,58.08,False,False,,0,,,,65,31636349,31636349,4600217408.573029,4600217408.573029,,100.0,,,
LSKUSDT,LSK,Speculative,699,0.132,180340.7672,-2.222,54.59192470274749,0.0005929176012820609,0.12745999999999996,0.16871,0.4879826527725452,0.2185430463576159,0.12582781456953634,0.26462265142081837,0.6305589872346432,0.12205555555555561,0.14297222222222217,macd_bullish_cross|doji_4h,1,0,haussier,365,0,0,30,,,17.0,57.0,95.5,47.0,59.5,58.08,False,False,,0,,,,65,30752494,52774797,233084697.0,400000000.0,400000000.0,58.3,,,
IQUSDT,IQ,Speculative,728,0.001116,94780.308293,-0.623,56.22155101249605,5.129427476443375e-06,0.0010863199999999996,0.0014897099999999996,0.24642624941651262,0.2126836813611756,0.1376643464810518,0.16117564654106112,0.6580323205290609,0.0010492222222222218,0.0012404166666666666,macd_bullish_cross,1,0,haussier,365,0,0,30,,,17.0,57.0,95.5,47.0,59.5,58.08,False,False,,0,,,,65,28990711,28990711,25973959486.92899,25973959486.92899,60000000000.0,100.0,,,
MEUSDT,ME,Mid,461,0.1109,519983.302888,0.362,56.606860753933326,0.0005329140034609291,0.10516600000000001,0.21317599999999998,0.5649039518850342,0.4660408614025401,0.3881833241303148,0.21603488186924147,0.34525174507276213,0.10034722222222221,0.14209166666666664,macd_bullish_cross|uptrend,2,0,haussier,365,0,0,30,,,31.0,57.0,79.0,57.5,68.7,58.07,False,False,,0,,,,64,56977868,110827984,514106236.182892,999991042.233757,1000000000.0,51.4,,,
WCTUSDT,WCT,Speculative,,0.0689,2269717.97676,0.584,61.86776064770605,0.0005678372826952009,0.06024399999999999,0.08138200000000007,0.9199134009271365,0.22172619047619044,0.012875536480686666,0.18989818709519696,0.44217564442153495,0.05520555555555557,0.0666861111111111,double_bottom_90d,1,0,haussier,365,0,0,30,,,17.0,57.0,89.5,68.0,58.2,58.05,False,False,,0,,,,63,,,,,,,,,
1000CATUSDT,1000CAT,Speculative,,0.0022,1785624.664985,-1.345,65.46338494390506,3.09186605623082e-05,0.0017856000000000005,0.0026573,0.9179799362050769,0.24019607843137264,0.03947368421052623,0.9112158032910961,0.5985520724779555,0.0015802777777777775,0.0020194444444444444,double_bottom_90d,1,0,haussier,365,0,0,30,,,17.0,57.0,89.5,68.0,58.2,58.05,False,False,,0,,,,60,,,,,,,,,
1MBABYDOGEUSDT,1MBABYDOGE,Speculative,,0.0004423,728892.0243613,-0.83,62.003984065132585,2.3323740677876483e-06,0.000408798,0.0005705510000000002,0.58068463419711,0.1669984516699845,0.022782570227825656,0.2769919885795252,0.7488445924583588,0.0003722138888888889,0.00044031388888888883,macd_bullish_cross,1,0,haussier,365,0,0,30,,,17.0,57.0,92.0,57.5,59.5,57.97,False,False,,0,,,,64,,,,,,,,,
ASTERUSDT,ASTER,Etabli,54,0.663,12529553.28376,-1.923,47.47118009922765,0.0007411593069545875,0.6673199999999998,0.7876399999999993,0.319098378813049,0.14417989417989416,0.1243386243386243,0.1803889362557758,0.3283924231576038,0.6436666666666667,0.7310277777777777,,0,0,neutre,215,0,0,30,,,40.9,37.0,95.5,78.5,50,57.92,False,False,,0,,,,56,1709827718,5184127773,2579922243.4698935,7822218820.515041,8000000000.0,33.0,,,
CGPTUSDT,CGPT,Speculative,,0.02956,1769745.70735,2.817,64.85428941168999,0.00019704185119843228,0.0224412,0.030321849999999997,0.8125747267036124,0.2768000000000001,0.045219638242894114,0.8632944886962344,0.392215766342557,0.018870833333333337,0.02714333333333334,resistance_test|uptrend,1,1,mixte,365,0,0,30,,,17.0,66.0,77.5,68.0,55.7,57.91,False,False,,0,,,,64,,,,,,,,,
DUSKUSDT,DUSK,Mid,346,0.1415,901448.72,-1.872,54.76738486068096,0.0005149822366496593,0.126908,0.088758,1.1060409679317582,0.391808346213292,0.1306223043746149,0.10442245177454298,0.21650567478890248,0.0834972222222222,0.14926666666666666,macd_bullish_cross|uptrend,2,0,haussier,365,0,0,30,,,31.0,73.0,56.5,57.5,68.7,57.8,False,False,,0,,,,65,82332851,82332851,582598234.2846271,582598234.2846271,1000000000.0,100.0,,,
GMXUSDT,GMX,Mid,382,7.18,276460.80121,-1.778,55.449662539254284,-0.016207570104973035,6.5592000000000015,7.582150000000006,0.6511883780106255,0.23733333333333337,0.045333333333333316,0.25563024052884253,0.657855310142457,5.974166666666666,7.258055555555556,macd_bearish_cross|double_top_90d|bull_flag|uptrend,2,2,mixte,365,0,0,30,,,31.0,57.0,89.5,47.0,31.8,57.77,False,False,,0,,,,57,74421535,74421535,10397527.59089292,10397527.59089292,13250000.0,100.0,,,
UNIUSDT,UNI,Etabli,44,3.439,10467718.02918,-1.292,58.87615245128063,0.031564640330972754,3.31562,4.709825,0.475800151479574,0.27399566995429403,0.17272071205196055,0.3152853945239502,0.744168788948611,3.1433611111111106,3.9861944444444455,double_top_90d|downtrend|shooting_star_4h,0,3,baissier,365,0,0,30,,,45.0,57.0,75.5,78.5,2.5,57.7,False,False,,0,,,,48,2177980403,3079644738,633561603.6037512,895850420.0329479,1000000000.0,70.7,,,
PUMPUSDT,PUMP,Etabli,84,0.002013,9914708.764642,0.249,61.79924364487083,2.404443093142266e-05,0.0018078200000000003,0.002454994999999999,0.7526720641036982,0.3006423982869379,0.14004282655246256,0.3448069102508734,0.7041594582283579,0.001691944444444444,0.0021451944444444444,macd_bullish_cross,1,0,haussier,240,0,0,30,,,41.6,57.0,65.0,78.5,59.5,57.68,False,False,,0,,,,60,719520302,1744258604,358420907009.9358,868882710681.1584,1000000000000.0,41.3,,,
SUPERUSDT,SUPER,Mid,348,0.128,711551.5262,-0.156,56.64301060774336,3.220280332760263e-05,0.11738800000000003,0.18786000000000005,0.792277908324156,0.284970238095238,0.06778425655976658,0.25220351305121796,0.47489100999224854,0.10529722222222222,0.1335416666666667,macd_bullish_cross|uptrend|doji_4h,2,0,haussier,365,0,0,30,,,31.0,57.0,77.5,57.5,68.7,57.66,False,False,,0,,,,64,81939032,127996828,640164549.0,1000000000.0,1000000000.0,64.0,,,
AEURUSDT,AEUR,Speculative,,1.1634,4811.53913,-0.094,51.787472126930965,-0.0005398407616754887,1.1567119999999997,1.1622420000000002,0.06425495568062647,0.04887659289067741,0.024647887323943737,0.048159210139432675,0.38579239385224623,1.1405444444444441,1.1831416666666665,downtrend|doji_4h,0,1,baissier,365,0,0,30,,,17.0,57.0,100.0,47.0,33.0,57.64,False,False,,0,,,,59,,,,,,,,,
LDOUSDT,LDO,Mid,143,0.3916,3075567.402953,-0.026,55.202434055777154,-0.0018581849571515964,0.34834599999999993,0.5022504999999999,1.1858935397579056,0.22459152589310427,0.12606168976307555,0.2750523704891908,0.6322706940637631,0.2894833333333333,0.39555277777777786,double_bottom_90d|uptrend,2,0,haussier,365,0,0,30,,,31.0,57.0,74.5,68.0,67.3,57.6,False,False,,0,,,,63,331809839,390800394,849051956.2816839,1000000000.0,1000000000.0,84.9,,,
CELRUSDT,CELR,Speculative,,0.002893,429283.9662069,-0.447,60.03623692685943,9.347023231283329e-06,0.00259976,0.0035376450000000007,0.6210671713592886,0.19065876612059957,0.018311291963377347,0.3267921260201246,0.5401005290489782,0.0023702222222222228,0.0028594999999999996,macd_bullish_cross|double_bottom_90d|uptrend,3,0,haussier,365,0,0,30,,,17.0,57.0,89.5,47.0,76.8,57.54,False,False,,0,,,,68,,,,,,,,,
WBTCUSDT,WBTC,Speculative,,79516.32,3603580.3617721,-2.022,60.75897900834268,47.12692910336682,73276.41399999999,82863.34914999997,0.3337747087751151,0.11750558206030245,0.02104424544477854,0.4324929676828242,0.9996619665363524,65716.82638888889,78306.73444444443,macd_bullish_cross|resistance_test|uptrend,2,1,haussier,365,0,0,30,,,17.0,57.0,86.0,68.0,65.2,57.53,False,False,,0,,,,65,,,,,,,,,
JOEUSDT,JOE,Speculative,,0.0483,147271.332793,0.207,56.60552646781294,-8.39790537963416e-05,0.04423799999999998,0.05956899999999998,0.5914670991685211,0.24137931034482768,0.16724137931034483,0.24281988645520097,0.5211826622055619,0.03563611111111112,0.050416666666666665,,0,0,neutre,365,0,0,30,,,17.0,57.0,95.5,47.0,50,57.48,False,False,,0,,,,62,,,,,,,,,
BTTCUSDT,BTTC,Speculative,,3.3e-07,133530.21268997,0.0,54.098692959197265,6.859993781183465e-10,3.222000000000002e-07,3.787500000000001e-07,0.4241552008326912,0.1388888888888889,0.08333333333333327,0.09083040606753981,0.34791670398936425,3.1472222222222244e-07,3.544444444444444e-07,rsi_bearish_divergence|doji_4h,0,1,baissier,365,0,0,30,,,17.0,57.0,100.0,47.0,29.2,57.4,False,False,,0,,,,58,,,,,,,,,
NMRUSDT,NMR,Mid,430,8.96,227863.9953,-0.223,58.65178842811567,-0.04117995335994051,8.1352,9.421299999999997,0.4351968415366866,0.2865232163080408,0.028108108108108085,0.13676807375408795,0.4389256259623475,6.990555555555554,9.093055555555555,double_top_90d,0,1,baissier,365,0,0,30,,,31.0,57.0,88.0,47.0,32.0,57.37,False,False,,0,,,,57,63137498,95397210,7039033.750396597,10635584.3418681,11000000.0,66.2,,,
ATMUSDT,ATM,Speculative,,1.096,484608.92947,0.091,49.04418781159714,-0.0037372089087593296,1.0763600000000002,1.0525250000000002,0.5420003745243774,0.35413929040735875,0.28120893561103805,0.25103825749789505,0.031000969169928474,0.9905555555555554,1.4391944444444442,downtrend,0,1,baissier,365,0,0,30,,,17.0,73.0,77.5,47.0,33.0,57.36,False,False,,0,,,,60,,,,,,,,,
RLCUSDT,RLC,Speculative,647,0.479,226934.7276,-0.622,59.75270700288099,0.002142573919051937,0.43291999999999997,0.5769849999999999,0.5581878121109011,0.2195652173913044,0.01844262295081969,0.31448705536144833,0.5913965417032003,0.38122222222222224,0.4691388888888889,double_top_90d|uptrend|shooting_star_4h,1,2,baissier,365,0,0,30,,,17.0,57.0,100.0,47.0,28.6,57.36,False,False,,0,,,,58,34643147,41639130,72382548.06525737,86999784.9868455,86999784.9868455,83.2,,,
THETAUSDT,THETA,Mid,182,0.216,1729331.8274,1.408,59.087765651164595,-0.0009171388928378051,0.18477999999999994,0.2767750000000001,0.8226236802331975,0.3529411764705883,0.05263157894736847,0.39812589840681384,0.6366902072468845,0.15566666666666665,0.2192222222222222,doji_4h,0,0,neutre,365,0,0,30,,,31.0,57.0,77.5,68.0,50,57.33,False,False,,0,,,,60,215207073,215207073,1000000000.0,1000000000.0,1000000000.0,100.0,,,
BMTUSDT,BMT,Speculative,,0.01725,563154.142225,2.253,62.669705623556716,0.00014827558435534212,0.015444,0.02225155,0.6325674773504136,0.22478873239436614,0.02873239436619719,0.4749006663973981,0.5336790260120543,0.01427166666666667,0.017396944444444448,macd_bullish_cross,1,0,haussier,365,0,0,30,,,17.0,57.0,89.5,57.5,59.5,57.29,False,False,,0,,,,64,,,,,,,,,
BELUSDT,BEL,Speculative,,0.1152,519397.89969,0.436,58.40002469935423,0.0005740043361471849,0.10391,0.13022099999999998,0.7939516447004835,0.23278116826503925,0.08716323296355,0.46604875178375366,0.4640297896242233,0.09254444444444447,0.11562222222222224,macd_bullish_cross|doji_4h,1,0,haussier,365,0,0,30,,,17.0,57.0,89.5,57.5,59.5,57.29,False,False,,0,,,,64,,,,,,,,,
GLMUSDT,GLM,Mid,238,0.1409,328341.05863,-2.085,57.34056887766922,0.00032069141626635267,0.13206600000000004,0.18530900000000003,0.48784498376613344,0.38800000000000007,0.2950000000000001,0.3565922011754063,0.5054927841854875,0.1251111111111111,0.17963055555555557,,0,0,neutre,365,0,0,30,,,31.0,57.0,83.5,47.0,50,57.28,False,False,,0,,,,60,140664148,140664148,1000000000.0,1000000000.0,,100.0,,,
EDENUSDT,EDEN,Speculative,,0.0393,1244408.82901,5.08,60.28275081427473,0.0002516538955241699,0.033611999999999996,0.06019499999999997,0.7713337860597105,0.3725961538461538,0.05769230769230768,0.8363327304855456,0.31666805898787187,0.029816666666666658,0.03986111111111111,uptrend|doji_4h,1,0,haussier,221,0,0,30,,,13.1,66.0,77.5,68.0,59.1,57.26,False,False,,0,,,,64,,,,,,,,,
ZBTUSDT,ZBT,Speculative,512,0.1938,4784030.50295,9.492,62.88159551213509,-0.0013473123917436894,0.122078,0.11622999999999996,1.7586125049138064,0.18081688848095465,0.11197797154658101,0.9019381345050335,0.15794603800018736,0.06859444444444446,0.17706944444444445,macd_bearish_cross|golden_cross|double_bottom_90d|uptrend,3,1,haussier,204,0,0,30,,,12.6,82.0,58.0,68.0,51.3,57.21,False,False,,0,,,,64,47485307,193823759,244992188.30119348,1000000000.0,1000000000.0,24.5,,,
DODOUSDT,DODO,Speculative,,0.01922,123701.522373,0.052,56.82030014422307,-0.0001389435913073955,0.0168032,0.019361499999999997,0.7986922590885399,0.1909090909090909,0.07913669064748212,0.14369731565037125,0.34822530958128534,0.013968611111111112,0.01949944444444444,bull_flag|uptrend,2,0,haussier,365,0,0,30,,,17.0,57.0,89.5,47.0,71.6,57.21,False,False,,0,,,,67,,,,,,,,,
WALUSDT,WAL,Mid,197,0.0776,843425.65524,0.91,59.366095091746544,0.0007363511360580019,0.07314799999999999,0.12118949999999995,0.7483325717774775,0.24464487034949264,0.12626832018038334,0.3781553374340151,0.6179363501574293,0.06935000000000002,0.08576944444444445,macd_bullish_cross|downtrend,1,1,mixte,211,0,0,30,,,26.8,57.0,85.0,57.5,42.5,57.13,False,False,,0,,,,59,182207351,387743965,2349583333.0,5000000000.0,5000000000.0,47.0,,,
TWTUSDT,TWT,Mid,193,0.4535,995044.6984,2.117,59.885036677949124,0.003894971819599322,0.42849799999999993,0.7526515000000003,0.4877714597954186,0.3634446397188048,0.2035149384885764,0.09925041255279277,0.2820041135107388,0.39589166666666675,0.5324527777777778,uptrend,1,0,haussier,365,0,0,30,,,31.0,57.0,77.5,57.5,59.1,57.06,False,False,,0,,,,62,188908055,453397576,416649900.0,1000000000.0,,41.7,,,
SUSHIUSDT,SUSHI,Mid,433,0.23,688115.67056,-0.819,60.516929623695425,0.000917511574891991,0.20579799999999998,0.2939750000000001,0.6256126234379097,0.16763263486402138,0.0047598442232799215,0.4741463884452953,0.7250272567204673,0.18993055555555552,0.22582222222222226,macd_bullish_cross|double_top_90d,1,1,mixte,365,0,0,30,,,31.0,57.0,81.5,57.5,41.5,57.04,False,False,,0,,,,58,62774330,67028650,273012266.12632084,291514753.9009228,,93.7,,,
QKCUSDT,QKC,Speculative,,0.003205,393381.388397,-0.062,58.55871309757835,1.4878234218480557e-05,0.0030784399999999996,0.0038141200000000016,0.3224788152905739,0.25687372708757633,0.1815173116089613,0.7121512102744594,0.47324039636409754,0.0029735833333333337,0.003444083333333333,macd_bullish_cross|downtrend,1,1,mixte,365,0,0,30,,,17.0,66.0,83.5,47.0,42.5,57.04,False,False,,0,,,,61,,,,,,,,,
TSTUSDT,TST,Speculative,,0.02252,20531800.046147,20.686,64.47918008192929,0.0012055535715118637,0.011172799999999997,0.013641900000000007,3.1854532481976436,0.3350210970464135,0.13852647735993856,2.457257227079976,0.2788507472655079,0.008344722222222222,0.015558888888888891,uptrend,1,0,haussier,365,0,0,30,,,17.0,84.0,46.0,78.5,59.1,56.97,False,False,,0,,,,69,,,,,,,,,
BANDUSDT,BAND,Speculative,569,0.234,347077.5207,0.862,58.13525176470768,0.0012699536197502696,0.21640000000000006,0.30654500000000023,0.6287048651448103,0.24031007751937983,0.09689922480620153,0.28571551027031505,0.6199789867368606,0.2020277777777778,0.24847222222222223,macd_bullish_cross|double_bottom_90d,2,0,haussier,365,0,0,30,,,17.0,57.0,89.5,47.0,67.7,56.96,False,False,,0,,,,66,41094807,41187718,175540988.1000239,175937868.135589,,99.8,,,
HAEDALUSDT,HAEDAL,Speculative,,0.03377,343631.738735,0.208,56.93136901133796,4.2060161342422834e-05,0.030383799999999996,0.04263795000000001,0.8945362328958592,0.21682847896440133,0.0901506996770721,0.2075054589187659,0.32082406303687744,0.025538888888888885,0.03407,macd_bullish_cross|uptrend,2,0,haussier,353,0,0,30,,,16.7,57.0,89.5,47.0,68.7,56.95,False,False,,0,,,,66,,,,,,,,,
AVNTUSDT,AVNT,Mid,498,0.157,3991321.48492,4.458,55.98703601366828,0.0005938880282114981,0.14153000000000007,0.28424800000000006,1.2266185264975413,0.4129919393077288,0.2560455192034139,0.5414627672095722,0.5030019597448242,0.13068333333333332,0.1951555555555555,macd_bullish_cross|uptrend|doji_4h,2,0,haussier,236,0,0,30,,,27.5,66.0,62.5,68.0,68.7,56.93,False,False,,0,,,,64,50370961,157311250,320199355.2584479,1000000000.0,1000000000.0,32.0,,,
ZENUSDT,ZEN,Mid,253,7.057,5273950.95234,-3.17,62.14631785117298,0.10373700987234374,5.889999999999999,8.538390000000001,0.9034139929029369,0.2574823943661972,0.07133438818565395,0.36100139875683124,0.7029994328240644,5.208250000000001,6.711222222222222,double_bottom_90d|resistance_test|uptrend,2,1,haussier,365,0,0,30,,,31.0,57.0,69.5,78.5,63.9,56.86,False,False,,0,,,,62,126939604,147890373,18025052.15891282,21000000.0,21000000.0,85.8,,,
ANIMEUSDT,ANIME,Speculative,,0.00486,527967.538577,-0.41,53.75732043026629,1.1445770796688747e-05,0.004732600000000001,0.006132000000000001,0.5034805670079504,0.2504258943781942,0.1737649063032368,0.304945430942677,0.43965289257542,0.00450388888888889,0.005551666666666667,macd_bullish_cross|double_bottom_90d|uptrend|doji_4h,3,0,haussier,365,0,0,30,,,17.0,57.0,83.5,57.5,76.8,56.75,False,False,,0,,,,67,,,,,,,,,
WBETHUSDT,WBETH,Speculative,,2497.96,1850618.920065,-2.371,48.96914199200141,-9.21916176166269,2435.4164,2913.1721500000003,0.4517237481247247,0.15677387478164784,0.055892459313521874,0.1863641451402542,0.9235645009152177,2103.458611111111,2586.1972222222225,,0,0,neutre,365,0,0,30,,,17.0,57.0,86.0,68.0,50,56.58,False,False,,0,,,,61,,,,,,,,,
INJUSDT,INJ,Mid,123,4.012,4733554.03435,3.562,68.8553354435773,0.027750330073467416,3.220960000000001,4.531454999999999,0.6579712081535162,0.27361735908970625,0.0,0.5224667827786496,0.659361275054511,2.8459722222222226,3.7054166666666664,rsi_bearish_divergence|double_bottom_90d,1,1,mixte,365,0,0,30,,,31.0,57.0,77.5,68.0,37.4,56.53,False,False,,0,,,,53,404551769,404551769,100000000.0,100000000.0,,100.0,,,
REZUSDT,REZ,Mid,482,0.00622,5219638.383407,8.741,80.76122612742786,0.0001696241187119802,0.0039686,0.004951699999999998,0.9704000665641658,0.2254196642685852,0.0,0.6793845811364527,0.1887819331655336,0.0028944444444444443,0.004795555555555556,,0,0,neutre,365,0,0,30,,,31.0,48.0,83.5,78.5,50,56.51,False,False,,0,,,,47,52784004,60810552,8519169931.02607,9814629224.12962,10000000000.0,86.8,,,
OPUSDT,OP,Mid,151,0.1495,9440597.9151,3.892,73.43685378274873,0.0027795341378166437,0.11887800000000003,0.237562,0.8087477702122293,0.4827586206896552,0.24340770791075045,0.9335215388426024,0.5095301107671363,0.1084888888888889,0.16941111111111115,macd_bullish_cross|downtrend,1,1,mixte,365,0,0,30,,,31.0,57.0,73.0,78.5,42.5,56.47,False,False,,0,,,,54,319425622,637843664,2150875957.0,4294967296.0,4294967296.0,50.1,,,
SKLUSDT,SKL,Speculative,536,0.00727,482519.89415,1.536,58.920342401102864,2.0884251198284082e-05,0.006656399999999999,0.009929900000000009,0.7716537916957219,0.20694444444444446,0.06201550387596904,0.27979035225285614,0.5268953075886087,0.006113333333333335,0.00745138888888889,macd_bullish_cross,1,0,haussier,365,0,0,30,,,17.0,57.0,89.5,47.0,59.5,56.45,False,False,,0,,,,64,44263059,44767222,6094019337.0,6163431114.491759,7000000000.0,98.9,,,
COTIUSDT,COTI,Speculative,586,0.01427,267664.23342,0.0,52.920004767082524,-1.256423453804652e-05,0.013669000000000002,0.019863050000000004,0.6609908083974435,0.14082503556187762,0.07045009784735808,0.12813457956776644,0.5907525322277855,0.011593055555555558,0.014617777777777778,uptrend,1,0,haussier,365,0,0,30,,,17.0,57.0,89.5,47.0,59.1,56.42,False,False,,0,,,,64,40020533,40020936,2810458764.106342,2810487042.728583,4910000000.0,100.0,,,
ROSEUSDT,ROSE,Mid,351,0.01072,963501.149498,-0.186,53.57501934894375,8.56161443082741e-05,0.0105824,0.013472699999999994,0.7514136418578099,0.3485162180814354,0.261559696342305,0.12108587326353754,0.5079491575632713,0.009929166666666668,0.01324805555555556,macd_bullish_cross|double_bottom_90d,2,0,haussier,365,0,0,30,,,31.0,57.0,73.0,57.5,67.7,56.38,False,False,,0,,,,63,81226407,107025027,7589477813.0,10000000000.0,10000000000.0,75.9,,,
INITUSDT,INIT,Speculative,,0.1034,2192970.71346,-0.289,61.528345932312,0.0013525978115062256,0.08575800000000001,0.09624000000000006,0.9135793254852451,0.40848389630793397,0.19245875883739194,0.5829357902043513,0.0497400210184962,0.07323611111111111,0.10437777777777775,macd_bullish_cross|double_bottom_90d|uptrend,3,0,haussier,365,0,0,30,,,17.0,66.0,67.0,68.0,76.8,56.38,False,False,,0,,,,67,,,,,,,,,
RSRUSDT,RSR,Mid,257,0.002008,884797.8608788,-2.192,65.46833909435472,2.3644959717682108e-05,0.0016596800000000004,0.002529935000000001,0.8276988151970114,0.22240348015225658,0.0,0.18826975302380097,0.5643937980232788,0.0014410833333333335,0.0018679166666666662,rsi_bearish_divergence|macd_bullish_cross|uptrend,2,1,haussier,365,0,0,30,,,31.0,48.0,89.5,57.5,47.8,56.33,False,False,,0,,,,55,125732383,201000805,62553174091.0,100000000000.0,100000000000.0,62.6,,,
VIRTUALUSDT,VIRTUAL,Etabli,95,0.9228,15504417.92944,-2.256,78.3752262645605,0.0235127882588625,0.6994060000000002,0.8329139999999998,0.7605330446658605,0.21388438007241842,0.0,0.33864095848983117,0.7014559263480361,0.5989305555555553,0.7858555555555555,uptrend,1,0,haussier,365,0,0,30,,,45.0,39.0,81.5,78.5,59.1,56.32,False,False,,0,🔥 Trending #15 sur CoinGecko,15,,46,607075865,924816580,656428396.6958218,1000000000.0,1000000000.0,65.6,,,
VANRYUSDT,VANRY,Speculative,,0.005696,580545.001653,-0.922,58.74755829989176,5.018751468103235e-05,0.005341699999999998,0.007975095000000001,0.5965178439562056,0.37719409016289945,0.2827377194090163,0.21149746053976343,0.41265432457157775,0.004910972222222221,0.006397805555555556,macd_bullish_cross|uptrend,2,0,haussier,365,0,0,30,,,17.0,57.0,83.5,57.5,68.7,56.23,False,False,,0,,,,65,,,,,,,,,
APEUSDT,APE,Mid,211,0.1641,5065575.220172,3.338,62.10520539798472,-0.0006521250805273104,0.11234200000000001,0.1937929999999999,2.26935848274608,0.38575667655786355,0.09502762430939223,1.1554840763298835,0.2549194791388279,0.08608888888888885,0.16148888888888888,macd_bearish_cross|uptrend,1,1,mixte,365,0,0,30,,,31.0,75.0,50.5,78.5,30.8,56.19,False,False,,0,,,,56,164009042,164009042,1000000000.0,1000000000.0,1000000000.0,100.0,,,
IOTXUSDT,IOTX,Speculative,522,0.0049,257084.28901,-0.81,56.99629224717116,2.8319857690399603e-05,0.004729399999999999,0.0070130999999999995,0.5184986541409612,0.24829931972789107,0.17517006802721083,0.40107277709793115,0.3459227806975078,0.0044475,0.005664444444444445,macd_bullish_cross|evening_star_4h,1,1,mixte,365,0,0,30,,,17.0,57.0,95.5,47.0,29.2,56.17,False,False,,0,,,,57,46179020,46179020,9441368550.0,9441368555.0,10000000000.0,100.0,,,
PLUMEUSDT,PLUME,Mid,397,0.01275,2621661.29283,1.594,56.68532831631402,-2.378875685997981e-06,0.0111976,0.020201599999999993,0.8815150272386133,0.3177083333333334,0.08014440433212996,0.2689009935500693,0.3855295337369631,0.009330277777777778,0.013181111111111109,double_top_90d|uptrend,1,1,mixte,264,0,0,30,,,28.2,57.0,77.5,68.0,41.1,56.16,False,False,,0,,,,57,70796150,127662724,5545561594.0,10000000000.0,10000000000.0,55.5,,,
BCHUSDT,BCH,Etabli,17,450.2,7808549.3266,-2.47,49.634704277836136,0.7295835668807611,451.8280000000002,518.9609999999997,0.3637487961187541,0.26178377431224814,0.2111442088663046,0.22090679938990124,0.6256118394498519,436.0888888888889,540.9416666666667,macd_bullish_cross,1,0,haussier,365,0,0,30,,,45.0,37.0,83.5,78.5,59.5,56.15,False,False,,0,,,,57,9018678359,9018689615,20031546.77165078,20031571.77165078,21000000.0,100.0,,,
ZKUSDT,ZK,Mid,195,0.01912,4909757.386565,1.325,66.37405130229142,0.0003772624457060008,0.016617399999999997,0.027879399999999995,0.7770292715329378,0.3546712802768167,0.17257785467128028,0.6841130955059443,0.5172476448376314,0.01529722222222222,0.021478611111111115,,0,0,neutre,365,0,0,30,,,31.0,57.0,73.0,68.0,50,56.1,False,False,,0,,,,56,185285961,400992934,9703425807.0,21000000000.0,21000000000.0,46.2,,,
IMXUSDT,IMX,Mid,233,0.176,439489.539664,-0.509,59.70324653543828,2.2456607091772378e-05,0.15696800000000002,0.2437749999999999,0.7322939517463878,0.27922077922077915,0.04816017316017311,0.0808773675580486,0.6434278428914281,0.1407861111111111,0.17798055555555553,macd_bullish_cross|uptrend|shooting_star_4h,2,1,haussier,365,0,0,30,,,31.0,57.0,77.5,47.0,56.1,56.03,False,False,,0,,,,61,148149274,351712808,842444578.3296283,2000000000.0,2000000000.0,42.1,,,
SYNUSDT,SYN,Speculative,,0.0582,254945.54621,4.488,65.85090842532429,0.00038289301279420497,0.05062799999999999,0.0574025,0.509870545574108,0.2180851063829787,0.013582342954159629,0.21674506434804347,0.37274703344115556,0.04558055555555556,0.05623333333333333,macd_bullish_cross|doji_4h,1,0,haussier,365,0,0,30,,,17.0,48.0,100.0,47.0,59.5,56.02,False,False,,0,,,,60,,,,,,,,,
DIAUSDT,DIA,Speculative,,0.2033,920422.58949,-0.343,60.35660299663502,0.0011896776705528959,0.18435999999999997,0.27154099999999975,0.6879744567201059,0.2169766332856461,0.03099666189794948,0.16718841042912566,0.5122106790288713,0.17237222222222226,0.20533333333333337,rsi_bearish_divergence|macd_bullish_cross,1,1,mixte,365,0,0,30,,,17.0,57.0,89.5,57.5,38.7,55.98,False,False,,0,,,,59,,,,,,,,,
TIAUSDT,TIA,Mid,130,0.4075,5539914.393247,5.406,66.5979728377385,0.0031884158374543108,0.335698,0.49804349999999986,1.0658235274106065,0.25722468107263735,0.05328059562587257,0.5537138857823901,0.630666118761127,0.2945861111111111,0.38286666666666663,macd_bullish_cross,1,0,haussier,365,0,0,30,,,31.0,57.0,67.0,78.5,59.5,55.91,False,False,,0,,,,57,371588559,474484748,914494955.557566,1167726770.92765,,78.3,,,
IOSTUSDT,IOST,Speculative,618,0.001116,175715.935461,-0.09,56.80411436523751,5.226018185710659e-06,0.00108826,0.0015100050000000007,0.32752333366229036,0.22831050228310512,0.15144596651445963,0.4553396856636895,0.723721573819799,0.0010527222222222223,0.0012488888888888888,macd_bullish_cross,1,0,haussier,365,0,0,30,,,17.0,57.0,87.5,47.0,59.5,55.9,False,False,,0,,,,63,36610680,36610680,32830498608.0,32830498608.0,90000000000.0,100.0,,,
OSMOUSDT,OSMO,Speculative,,0.0324,153760.465605,-1.22,54.413923574279025,9.128796107401934e-05,0.031524,0.0546385,0.45758398053303967,0.24093264248704668,0.1606217616580312,0.40461452342895676,0.7442618310516628,0.030394444444444432,0.037233333333333334,macd_bullish_cross|doji_4h,1,0,haussier,365,0,0,30,,,17.0,57.0,87.5,47.0,59.5,55.9,False,False,,0,,,,63,,,,,,,,,
ARUSDT,AR,Mid,210,2.5,8719572.9613,0.806,67.89287807061122,0.05648896335996406,1.8958,2.957949999999999,1.0700341367439878,0.27142857142857146,0.045627376425855556,0.7587389888191218,0.48858877353318414,1.6094444444444438,2.173888888888888,uptrend,1,0,haussier,365,0,0,30,,,31.0,57.0,67.0,78.5,59.1,55.88,False,False,,0,,,,57,164090400,164090400,65652466.0,65652466.0,66000000.0,100.0,,,
TUTUSDT,TUT,Speculative,,0.01329,2145139.89873,1.995,62.40976737402803,0.0001999377540522337,0.010316399999999998,0.013517300000000008,1.3498811877072048,0.32324058919803605,0.046796256299496006,0.6942853514784366,0.41908659643257384,0.008808333333333333,0.012353333333333334,macd_bullish_cross|uptrend,2,0,haussier,365,0,0,30,,,17.0,66.0,67.0,68.0,68.7,55.87,False,False,,0,,,,65,,,,,,,,,
EGLDUSDT,EGLD,Mid,251,4.32,618561.8547,-0.231,58.12223463192702,0.008063593111818257,4.0246,5.862100000000001,0.6319376592712911,0.2998102466793168,0.18026565464895625,0.3341495450057025,0.6723847032692163,3.780277777777777,4.7236111111111105,macd_bullish_cross,1,0,haussier,365,0,0,30,,,31.0,57.0,73.0,57.5,59.5,55.86,False,False,,0,,,,61,129176574,129176574,29885767.0,29885767.0,,100.0,,,
BOMEUSDT,BOME,Speculative,564,0.000606,2145108.880513,0.331,66.96598436985201,4.667513972908868e-06,0.0004643799999999999,0.0005933450000000002,1.382400573447499,0.23590814196242169,0.0,0.5028622538837342,0.480952112869725,0.0003730555555555556,0.0005735833333333335,macd_bullish_cross|uptrend,2,0,haussier,365,0,0,30,,,17.0,57.0,79.0,68.0,68.7,55.84,False,False,,0,,,,61,41908274,41908274,68999659569.0,68999659569.0,68999659569.0,100.0,,,
RUNEUSDT,RUNE,Mid,189,0.557,4163026.7354,0.723,75.91394721848994,0.0046471913792662314,0.44278,0.5508800000000001,0.5313038866211057,0.1742919389978214,0.012411347517730311,0.42807132599145514,0.8108431230509315,0.38769444444444445,0.5103333333333335,double_bottom_90d|uptrend,2,0,haussier,365,0,0,30,,,31.0,39.0,92.0,68.0,67.3,55.79,False,False,,0,,,,50,195605018,200954665,350543774.0,360130877.0,360130877.0,97.3,,,
HIGHUSDT,HIGH,Speculative,,0.215,10706255.677299,12.565,52.3959874308032,-0.00406301022870815,0.17183999999999996,0.20146999999999982,3.3646886783812073,0.4140127388535032,0.3152866242038217,2.934517153382931,0.1397026766337234,0.12255555555555556,0.25736111111111115,uptrend,1,0,haussier,365,0,0,30,,,17.0,84.0,41.5,78.5,59.1,55.75,False,False,,0,,,,68,,,,,,,,,
API3USDT,API3,Mid,484,0.3657,732484.046552,-0.679,56.20942227081393,-0.0017953224358140951,0.311146,0.41389350000000014,1.091220597492034,0.21077988557663355,0.05833763551884359,0.4929172777651523,0.35452540521455966,0.2701166666666667,0.37928055555555557,macd_bearish_cross|uptrend,1,1,mixte,365,0,0,30,,,31.0,57.0,79.0,57.5,30.8,55.69,False,False,,0,,,,55,52245133,61373404,143154426.2782652,168166373.6779725,,85.1,,,
CTKUSDT,CTK,Speculative,722,0.186,532283.52773,-0.747,59.25195754599869,0.0002726440309853981,0.17275000000000007,0.22921649999999988,0.4038377422335567,0.370668815471394,0.2518130539887188,0.12632540649715024,0.42281176059649084,0.160425,0.21959999999999996,macd_bullish_cross,1,0,haussier,365,0,0,30,,,17.0,57.0,83.5,57.5,59.5,55.65,False,False,,0,,,,63,29296719,29509304,157764712.0,158909495.0,,99.3,,,
BATUSDT,BAT,Mid,218,0.1053,461403.4582,-1.864,54.157438005788286,0.0005121391100386167,0.10009000000000005,0.1583925,0.6827623871791881,0.3321114369501466,0.2272727272727273,0.21652006011526037,0.5327620733363281,0.09440833333333332,0.12602222222222223,macd_bullish_cross|uptrend,2,0,haussier,365,0,0,30,,,31.0,57.0,73.0,47.0,68.7,55.6,False,False,,0,,,,63,157740453,158191335,1495724656.9526057,1500000000.0,1500000000.0,99.7,,,
CFXUSDT,CFX,Mid,139,0.06549,2205933.45493,1.882,62.39528474872007,0.0004239958659453605,0.058070000000000024,0.06883484999999999,0.8929350696199598,0.2570999248685199,0.032910271546635124,0.37746982114231287,0.579251779488799,0.0476175,0.0642638888888889,rsi_bearish_divergence|macd_bullish_cross|downtrend,1,2,baissier,365,0,0,30,,,31.0,57.0,77.5,68.0,21.7,55.54,False,False,,0,,,,53,339964848,341094348,5189835932.13,5207078652.08,,99.7,,,
0GUSDT,0G,Mid,269,0.558,1206983.86529,0.36,51.360091491612636,-3.4976105916116086e-05,0.5430000000000001,0.8382400000000007,0.5916758455061066,0.3183139534883721,0.1904069767441859,0.1743728842835349,0.12513237081697245,0.5010833333333333,0.6701944444444445,support_bounce|downtrend|doji_4h,1,1,mixte,229,0,0,30,,,27.3,57.0,77.5,68.0,34.3,55.52,False,False,,0,,,,56,118825674,557344414,213199722.0,1000000000.0,,21.3,,,
BEAMXUSDT,BEAMX,Speculative,,0.002019,310963.553394,0.0,57.93589088398329,2.524573657335764e-06,0.0018719000000000001,0.0027752000000000015,0.44859705635071734,0.36737136019146394,0.19585161547666538,0.08507253551541294,0.6081580777394345,0.001728527777777778,0.0023356944444444445,macd_bullish_cross|uptrend,2,0,haussier,365,0,0,30,,,17.0,57.0,83.5,47.0,68.7,55.39,False,False,,0,,,,65,,,,,,,,,
QUICKUSDT,QUICK,Speculative,,0.011,166913.66453,0.365,56.869111066004194,2.028488243820577e-05,0.010293799999999999,0.011862100000000004,0.7646104379194161,0.23813559322033898,0.06525423728813558,0.34956982458637714,0.5581644783565809,0.0089775,0.011525,macd_bullish_cross|double_top_90d,1,1,mixte,365,0,0,30,,,17.0,57.0,89.5,47.0,41.5,55.31,False,False,,0,,,,59,,,,,,,,,
TKOUSDT,TKO,Speculative,,0.0634,294738.02628,-1.553,54.74618600112074,-1.7115721569674726e-05,0.058081999999999995,0.07882849999999993,0.6661665404244026,0.23172628304821147,0.06637168141592927,0.4586183675040395,0.5895325610391647,0.051436111111111106,0.06470555555555556,double_bottom_90d|downtrend|doji_4h,1,1,mixte,365,0,0,30,,,17.0,57.0,89.5,47.0,41.2,55.3,False,False,,0,,,,59,,,,,,,,,
XVSUSDT,XVS,Speculative,529,2.69,493150.4913,0.749,52.74788898657012,0.016176924638512225,2.679,3.7713500000000026,0.704304130787669,0.24242424242424238,0.18484848484848482,0.3550356860956219,0.4485835360395352,2.5780555555555558,3.18,macd_bullish_cross,1,0,haussier,365,0,0,30,,,17.0,57.0,85.0,47.0,59.5,55.22,False,False,,0,,,,63,45172365,79870898,16822859.152748942,29745107.9212044,30000000.0,56.6,,,
PYTHUSDT,PYTH,Mid,154,0.0536,1658692.79748,2.486,65.81474189603605,0.0004069980712348429,0.04465999999999999,0.061908500000000005,0.8204658844994502,0.3619210977701544,0.08061749571183527,0.3469665972202706,0.568700343486127,0.039675,0.05387222222222221,macd_bullish_cross|uptrend,2,0,haussier,365,0,0,30,,,31.0,48.0,77.5,68.0,68.7,55.21,False,False,,0,,,,58,307917942,535511132,5749982095.905752,10000000000.0,10000000000.0,57.5,,,
KNCUSDT,KNC,Speculative,,0.1501,330491.55131,-0.53,53.439991060676,0.0002797199857263845,0.14154800000000003,0.201293,0.8432403446246061,0.20894607843137264,0.10654761904761903,0.27009087622370503,0.37817718626876723,0.1292944444444445,0.157725,uptrend,1,0,haussier,365,0,0,30,,,17.0,57.0,85.0,47.0,59.1,55.2,False,False,,0,,,,63,,,,,,,,,
KAITOUSDT,KAITO,Mid,263,0.5075,938003.3532,-1.034,67.90686020192302,0.0069492050714170285,0.42621200000000004,0.5317285000000005,0.7841778671460742,0.17697664891437942,0.007227974213713687,0.19422678897348447,0.2829277493525205,0.30915000000000004,0.4714111111111111,resistance_test|uptrend,1,1,mixte,365,0,0,30,,,31.0,48.0,83.5,57.5,55.7,55.19,False,False,,0,,,,56,122544114,507662613,241388889.0,1000000000.0,1000000000.0,24.1,,,
ERAUSDT,ERA,Speculative,,0.1424,440634.9634,-1.521,56.667247910242,-0.00022847120030409541,0.132886,0.18964050000000005,0.5452743238224326,0.27256317689530685,0.14380264741275559,0.21737559033355225,0.5008891049283052,0.12429444444444446,0.15730277777777782,bull_flag|uptrend|doji_4h,2,0,haussier,296,0,0,30,,,15.1,57.0,83.5,47.0,71.6,55.16,False,False,,0,,,,66,,,,,,,,,
PYRUSDT,PYR,Speculative,,0.279,771658.09606,-1.064,53.39892329044893,0.0005615282560534523,0.27158,0.4273700000000005,0.48473226216080717,0.3488372093023256,0.2790697674418604,0.23218606048005988,0.4738531563095658,0.2587222222222223,0.3456944444444445,doji_4h,0,0,neutre,365,0,0,30,,,17.0,57.0,83.5,57.5,50,55.05,False,False,,0,,,,60,,,,,,,,,
MANAUSDT,MANA,Mid,201,0.0923,480966.4387,-1.072,52.96955252721432,-2.8706700880214197e-05,0.08900000000000004,0.13132200000000002,0.5272233677942061,0.25994449583718776,0.14616096207215548,0.3533857012969025,0.7180286306921788,0.08456944444444445,0.10122222222222221,uptrend|shooting_star_4h,1,1,mixte,365,0,0,30,,,31.0,57.0,75.5,47.0,46.6,54.89,False,False,,0,,,,58,178537298,202343478,1935146685.5057714,2193179327.320146,,88.2,,,
WOOUSDT,WOO,Speculative,610,0.0197,204448.3118,-1.005,57.333071271155525,1.6577583983318396e-05,0.018112000000000003,0.023779499999999988,0.6332462962788629,0.21890547263681598,0.024752475247524774,0.10380340618908396,0.7541542522103264,0.01613333333333334,0.019647222222222222,macd_bullish_cross|uptrend,2,0,haussier,365,0,0,30,,,17.0,57.0,81.5,47.0,68.7,54.85,False,False,,0,,,,65,37123322,37123322,1888782088.294737,1888782088.294737,3000000000.0,100.0,,,
BBUSDT,BB,Speculative,,0.0324,1299392.63572,-1.818,61.54834588004518,0.0002844582156384214,0.0264,0.05216550000000003,0.955497079628131,0.3194029850746269,0.04424778761061951,0.2953886914303271,0.49419136049065604,0.023427777777777787,0.032827777777777775,uptrend|doji_4h,1,0,haussier,365,0,0,30,,,17.0,57.0,77.5,68.0,59.1,54.84,False,False,,0,,,,62,,,,,,,,,
STRAXUSDT,STRAX,Speculative,739,0.01324,164272.63367,-1.415,51.030955621325404,3.6057652784486416e-05,0.013221600000000005,0.01913985,0.32668491779355646,0.24717093508040497,0.21024419297200717,0.3057142894243028,0.7852713857500608,0.01281361111111111,0.015980277777777774,macd_bullish_cross|downtrend,1,1,mixte,365,0,0,30,,,17.0,57.0,87.5,47.0,42.5,54.83,False,False,,0,,,,59,28652567,28652567,2162615325.006719,2162615325.006719,,100.0,,,
CATIUSDT,CATI,Speculative,726,0.0696,2753421.71594,1.606,83.00180668636906,0.0022293063611662435,0.050367999999999996,0.05510450000000001,0.7058939343182861,0.21441124780316348,0.0,1.3175793848897661,0.18659807343967247,0.03876944444444446,0.057063888888888886,downtrend,0,1,baissier,365,0,0,30,,,17.0,57.0,83.5,68.0,33.0,54.82,False,False,,0,,,,45,28944013,69114976,418780624.57,1000000000.0,1000000000.0,41.9,,,
EIGENUSDT,EIGEN,Mid,223,0.209,3079608.315052,4.448,66.7569223107583,0.0027389335830406807,0.176572,0.37977800000000045,0.9149953370430725,0.34061135371179047,0.08340611353711792,0.4641168918471876,0.5950398426707427,0.16059444444444437,0.2118083333333333,macd_bullish_cross,1,0,haussier,365,0,0,30,,,31.0,48.0,77.5,68.0,59.5,54.64,False,False,,0,,,,56,154630608,380518703,738871596.8337438,1818232913.956841,,40.6,,,
VELODROMEUSDT,VELODROME,Speculative,,0.01727,73105.671822,-2.759,56.497028557498695,-3.117251833112443e-05,0.015523399999999996,0.021580749999999996,0.761874063673657,0.22280092592592599,0.030933633295838123,0.13231239645483076,0.6304192107282374,0.0137175,0.0173775,macd_bearish_cross|uptrend|doji_4h,1,1,mixte,365,0,0,30,,,17.0,57.0,89.5,47.0,30.8,54.64,False,False,,0,,,,57,,,,,,,,,
ONEUSDT,ONE,Speculative,634,0.00239,487547.383632,-0.83,57.27393500728456,1.4416001240752823e-05,0.0022292000000000006,0.0034078500000000005,0.6100025852253205,0.24074074074074073,0.11481481481481479,0.36078566409297297,0.5947807096813399,0.0021119444444444445,0.0025769444444444438,,0,0,neutre,365,0,0,30,,,17.0,57.0,85.0,47.0,50,54.62,False,False,,0,,,,61,35430014,35430017,14870211425.762915,14870212769.762915,,100.0,,,
BLURUSDT,BLUR,Mid,389,0.02586,878464.297836,-1.897,48.011007891238016,-0.0006031871075387867,0.023659799999999998,0.029515450000000016,1.4453480621082815,0.24678738317757007,0.2456191588785047,0.4904639458172927,0.22020597154967295,0.018231666666666663,0.0298513888888889,uptrend|doji_4h,1,0,haussier,365,0,0,30,,,31.0,57.0,68.5,57.5,59.1,54.61,False,False,,0,,,,60,72177060,77503024,2793841662.100456,3000000000.0,3000000000.0,93.1,,,
ACHUSDT,ACH,Speculative,588,0.00811,1651422.59665,2.399,65.3091668377221,0.0001008913056287494,0.0065942,0.008586750000000002,0.8725195447858718,0.2770186335403727,0.003658536585365916,0.5446726209199031,0.37244638806001046,0.005993333333333334,0.00790638888888889,,0,0,neutre,365,0,0,30,,,17.0,57.0,77.5,68.0,50,54.26,False,False,,0,,,,56,40689812,126309645,4943691067.145604,15346246087.99998,15346246087.99998,32.2,,,
AXLUSDT,AXL,Mid,337,0.0731,1872280.918612,1.953,58.77021874186658,0.0006559071067922988,0.05496,0.08644050000000003,1.8624051298560265,0.32232704402515727,0.11664641555285538,0.7948827568011682,0.3143013231489605,0.045675,0.06980277777777778,uptrend,1,0,haussier,365,0,0,30,,,31.0,66.0,52.0,68.0,59.1,54.25,False,False,,0,,,,60,84640523,90031516,1165709679.634433,1239957019.560143,,94.0,,,
REDUSDT,RED,Mid,465,0.1468,771036.49271,0.893,57.8067404498865,0.001497953870628763,0.13384000000000001,0.20837949999999997,0.8244657579155867,0.4757281553398059,0.26905829596412556,0.40339078125217925,0.23235911093925457,0.11219166666666669,0.18844722222222215,macd_bullish_cross,1,0,haussier,365,0,0,30,,,31.0,57.0,67.0,57.5,59.5,54.23,False,False,,0,,,,60,55489233,146653438,378369804.0,1000000000.0,1000000000.0,37.8,,,
KMNOUSDT,KMNO,Mid,293,0.02264,1448424.94897,2.722,59.78453537855253,0.0001969877261247965,0.019961799999999995,0.040095,0.8772228655850228,0.4871716554673183,0.3091020158827122,0.3934865081427346,0.6369374559279077,0.01793444444444444,0.028620000000000003,rsi_bearish_divergence|uptrend,1,1,mixte,365,0,0,30,,,31.0,57.0,68.5,68.0,38.3,54.14,False,False,,0,,,,55,102887942,225990314,4552739977.0,9999958334.978292,10000000000.0,45.5,,,
ATAUSDT,ATA,Speculative,,0.0105,102896.8082,-1.869,55.723310788153384,5.17078202366688e-05,0.009665999999999998,0.015957500000000003,0.7656008809233316,0.38805970149253727,0.21641791044776118,0.530145936290766,0.43146762483233253,0.008819444444444442,0.012605555555555557,macd_bullish_cross|double_top_90d,1,1,mixte,365,0,0,30,,,17.0,66.0,73.0,47.0,41.5,54.11,False,False,,0,,,,59,,,,,,,,,
FLUXUSDT,FLUX,Speculative,683,0.077,689180.850952,3.079,66.38132390422459,0.0005875850556914773,0.060138000000000004,0.09032799999999991,0.9130612340249294,0.4082156611039794,0.014120667522464747,0.5464310404627645,0.38581238186786193,0.05082500000000001,0.07381388888888889,macd_bullish_cross,1,0,haussier,365,0,0,30,,,17.0,57.0,77.5,57.5,59.5,54.02,False,False,,0,,,,59,31400910,31426388,408544946.4991484,408876438.4991484,440000000.0,99.9,,,
SCRUSDT,SCR,Speculative,,0.05171,961972.601724,2.275,65.91383643113262,0.0006936779602266098,0.044439200000000005,0.07511589999999999,0.79761688457025,0.23007282031096238,0.0,0.45876767224889087,0.4858630398248827,0.040396388888888884,0.05024972222222223,macd_bullish_cross,1,0,haussier,365,0,0,30,,,17.0,48.0,89.5,57.5,59.5,54.0,False,False,,0,,,,58,,,,,,,,,
EPICUSDT,EPIC,Speculative,,0.344,549804.4737,-2.825,60.751929725651564,0.003216214710894956,0.28452,0.4765550000000001,0.8828418443712587,0.27244582043343657,0.03641456582633057,0.30791755006366534,0.4375229810105184,0.24841666666666676,0.3295,uptrend,1,0,haussier,365,0,0,30,,,17.0,57.0,77.5,57.5,59.1,54.0,False,False,,0,,,,62,,,,,,,,,
GALAUSDT,GALA,Mid,199,0.0038,4395606.62269,1.064,67.81389931495974,5.525902749216898e-05,0.0031622000000000004,0.005664999999999999,0.7973098182814261,0.359447004608295,0.12903225806451615,0.4261647723856883,0.5873419002521271,0.0029211111111111113,0.003999166666666667,macd_bullish_cross|uptrend|doji_4h,2,0,haussier,365,0,0,30,,,31.0,48.0,73.0,68.0,68.7,53.99,False,False,,0,,,,58,180666718,180666718,47645493652.8455,47645493822.86353,50000000000.0,100.0,,,
XAIUSDT,XAI,Speculative,,0.01131,573492.573063,-1.395,60.642101025420686,4.699020797573544e-05,0.010067400000000002,0.01458969999999999,0.7370308295100748,0.2631578947368421,0.05597326649958233,0.1492967347412331,0.49272588331256423,0.009074722222222222,0.01158,double_bottom_90d|doji_4h,1,0,haussier,365,0,0,30,,,17.0,57.0,77.5,57.5,58.2,53.94,False,False,,0,,,,61,,,,,,,,,
XPLUSDT,XPL,Mid,164,0.1069,11617895.52881,4.293,54.67307942063507,0.0015067681234550928,0.10636,0.15350549999999996,1.049012581692326,0.3711852377572747,0.24201561391057483,0.3191636339411145,0.5124333408551222,0.08648888888888888,0.13016388888888886,macd_bullish_cross,1,0,haussier,226,0,0,30,,,27.2,57.0,62.5,78.5,59.5,53.85,False,False,,0,,,,59,268299697,1079686461,2505729166.6667,10083506944.4444,,24.8,,,
AXSUSDT,AXS,Mid,175,1.379,2172673.9867,-0.145,57.13075292961665,-0.0025714363291709577,1.2016200000000001,1.2788099999999998,1.3498824110279934,0.3163913595933926,0.12547528517110276,0.15127831193506114,0.3047688373581471,1.0881944444444445,1.4624722222222222,uptrend,1,0,haussier,365,0,0,30,,,31.0,57.0,62.5,68.0,59.1,53.82,False,False,,0,,,,59,238442197,372297784,172924460.0848777,270000000.0,270000000.0,64.0,,,
MOVRUSDT,MOVR,Speculative,729,2.526,8293057.417099,11.131,59.25998090129204,-0.023156600469846272,1.6622600000000003,2.2526699999999997,3.4356749734695327,0.4318026045236464,0.13708019191226878,3.0465552186273612,0.24424617095954437,1.1154166666666663,2.494888888888889,macd_bearish_cross|shooting_star_4h,0,2,baissier,365,0,0,30,,,17.0,84.0,46.0,78.5,9.2,53.82,False,False,,2,⚡ Volume ×3.0 vs médiane,,3.05,60,28713027,31366490,11424447.0,12480217.0,,91.5,,,
BANANAUSDT,BANANA,Speculative,,4.22,1235801.32045,-1.402,65.71316275054008,0.0367601210224512,3.643799999999999,6.221599999999999,0.5506832831878328,0.3388090349075975,0.13141683778234078,0.471455045748624,0.5814684083858428,3.340277777777778,4.727777777777779,macd_bullish_cross|uptrend,2,0,haussier,365,0,0,30,,,17.0,48.0,83.5,68.0,68.7,53.78,False,False,,0,,,,59,,,,,,,,,
RPLUSDT,RPL,Speculative,543,1.93,141876.0258,-1.531,57.20402340534044,0.0043052534175244996,1.8071999999999995,2.170400000000001,0.5008676871037386,0.42647058823529416,0.28676470588235303,0.17888663638530672,0.38754210776065945,1.622777777777778,2.2272222222222218,macd_bullish_cross|downtrend|doji_4h,1,1,mixte,365,0,0,30,,,17.0,57.0,83.5,47.0,42.5,53.74,False,False,,0,,,,59,43438963,43438963,22450907.78720867,22450907.78720867,,100.0,,,
SCRTUSDT,SCRT,Speculative,612,0.1092,244656.53246,-1.799,56.22006357846519,-0.0002676163243957733,0.09391200000000001,0.11738099999999996,0.9524181388325283,0.28913260219341974,0.048908296943231504,0.13073213974939088,0.6214864031882366,0.07460833333333333,0.11004166666666665,double_bottom_90d|uptrend,2,0,haussier,365,0,0,30,,,17.0,57.0,77.5,47.0,67.3,53.67,False,False,,0,,,,64,37062550,38707584,339513218.091909,354582631.433443,,95.8,,,
AVAUSDT,AVA,Speculative,,0.2806,189800.72962,0.036,67.90118682600303,0.0009816540444429513,0.226604,0.273524,0.6727287736864982,0.18966272448532634,0.032413793103448156,0.3252949439757656,0.5151555946623054,0.19091111111111114,0.26463333333333333,double_bottom_90d|uptrend,2,0,haussier,365,0,0,30,,,17.0,48.0,89.5,47.0,67.3,53.65,False,False,,0,,,,60,,,,,,,,,
MEMEUSDT,MEME,Speculative,598,0.000613,1257865.824018,-0.325,62.09496835040658,4.59017764214968e-06,0.00055168,0.0009323299999999997,0.8047849536822143,0.3701799485861183,0.21336760925449874,0.40463388192538224,0.47029060264480194,0.0005113888888888889,0.0007018055555555558,macd_bullish_cross,1,0,haussier,365,0,0,30,,,17.0,57.0,73.0,68.0,59.5,53.64,False,False,,0,,,,61,38726285,42221317,63288258966.66666,69000000000.0,69000000000.0,91.7,,,
ALTUSDT,ALT,Speculative,506,0.00801,1004193.96497,-0.497,59.771571134521,1.884870002380213e-05,0.0070956000000000005,0.010795100000000004,0.6574496003543491,0.3322332233223323,0.11881188118811892,0.25278363240052454,0.5490174364085177,0.006430555555555554,0.008471666666666667,macd_bullish_cross,1,0,haussier,365,0,0,30,,,17.0,57.0,73.0,68.0,59.5,53.64,False,False,,0,,,,61,49323197,80028624,6163194441.0,10000000000.0,10000000000.0,61.6,,,
COOKIEUSDT,COOKIE,Speculative,,0.0186,2322635.54543,1.639,66.01183216282959,0.0002933263123992127,0.016633999999999996,0.035909500000000004,0.6431132314916514,0.33035714285714285,0.1696428571428572,0.8750682048670498,0.5097918325266302,0.015752777777777786,0.020369444444444454,uptrend,1,0,haussier,365,0,0,30,,,17.0,57.0,73.0,68.0,59.1,53.61,False,False,,0,,,,58,,,,,,,,,
ANKRUSDT,ANKR,Mid,497,0.00507,871325.881248,-0.197,52.866336778332105,1.4775804514112e-05,0.005091800000000002,0.006330499999999998,0.45937154260885915,0.1485507246376811,0.08152173913043477,0.4750082179211739,0.24963781795869722,0.004251666666666665,0.005433333333333334,macd_bullish_cross|shooting_star_4h,1,1,mixte,365,0,0,30,,,31.0,37.0,94.0,57.5,47.0,53.48,False,False,,0,,,,55,50764732,50764732,10000000000.0,10000000000.0,10000000000.0,100.0,,,
USTCUSDT,USTC,Speculative,582,0.00723,1318532.13559,-0.276,60.945726976237275,6.849826091750977e-05,0.005370600000000002,0.006134650000000004,1.2048912092603232,0.18609022556390986,0.10199004975124383,0.45086595749522224,0.34377082219391314,0.004511666666666667,0.006521666666666665,,0,0,neutre,365,0,0,30,,,17.0,57.0,74.5,68.0,50,53.44,False,False,,0,,,,59,40263745,43894136,5577754383.756225,6080674000.473179,,91.7,,,
MIRAUSDT,MIRA,Speculative,,0.085,471088.9746,0.711,53.79784139599513,-1.0246705632353163e-05,0.081352,0.12919550000000002,0.5871823241533642,0.31514581373471307,0.20225776105362187,0.16114176219652385,0.4170131380531809,0.07665000000000004,0.09702222222222223,doji_4h,0,0,neutre,225,0,0,30,,,13.2,57.0,83.5,47.0,50,53.37,False,False,,0,,,,60,,,,,,,,,
TUSDT,T,Mid,410,0.00608,195184.817777,-0.491,48.70571973165414,1.6446511858041993e-05,0.0061782,0.008621099999999994,0.40893445382737276,0.24218750000000006,0.20833333333333331,0.21146462621896614,0.6308856156607662,0.005973611111111112,0.007199166666666665,macd_bullish_cross|double_bottom_90d|downtrend,2,1,haussier,365,0,0,30,,,31.0,37.0,95.5,47.0,50.7,53.28,False,False,,0,,,,57,68009667,68009667,11155000000.0,11155000000.0,,100.0,,,
RIFUSDT,RIF,Mid,437,0.0623,933157.7345,15.157,74.38018450364783,0.0009845998406035244,0.041861999999999996,0.0385055,1.0366218328460621,0.34004474272930646,0.0,0.397916694857854,0.19986878931239832,0.03213333333333335,0.05025555555555555,rsi_bearish_divergence,0,1,baissier,365,0,0,30,,,31.0,64.0,61.0,57.5,29.2,53.24,False,False,,0,,,,51,62194505,62194505,1000000000.0,1000000000.0,,100.0,,,
LISTAUSDT,LISTA,Speculative,675,0.0881,296101.826,-1.011,53.331893146153845,0.00030085987542600453,0.08518799999999999,0.14152399999999996,0.8697245038582662,0.2559095580678314,0.09660842754367926,0.18299164499056525,0.40613152903383143,0.07925833333333336,0.09629722222222223,macd_bullish_cross,1,0,haussier,365,0,0,30,,,17.0,57.0,77.5,47.0,59.5,53.18,False,False,,0,,,,62,31993778,69933555,363972403.10711527,795588564.255041,1000000000.0,45.7,,,
LQTYUSDT,LQTY,Speculative,670,0.327,171442.6493,-1.802,62.42342288803871,0.001500361323678135,0.2905000000000001,0.36804500000000007,0.6424792797861772,0.26923076923076916,0.09890109890109884,0.12295411965420586,0.3845646581993293,0.266638888888889,0.32772222222222214,macd_bullish_cross|doji_4h,1,0,haussier,365,0,0,30,,,17.0,57.0,77.5,47.0,59.5,53.18,False,False,,0,,,,62,32397124,32829527,98682884.15564223,100000000.0,100000000.0,98.7,,,
OGNUSDT,OGN,Speculative,,0.0242,114914.70966,-0.616,60.33305864438742,4.9600898999532816e-05,0.022503000000000002,0.029217699999999982,0.40524360403093196,0.3211600429645542,0.1666092943201377,0.03380492667095627,0.24382199956384507,0.01970583333333334,0.025875277777777775,uptrend,1,0,haussier,365,0,0,30,,,17.0,57.0,77.5,47.0,59.1,53.16,False,False,,0,,,,62,,,,,,,,,
NEXOUSDT,NEXO,Etabli,76,0.887,610422.45841,-1.554,44.99603551926854,-0.0021558751789692867,0.8917000000000006,0.9323499999999999,0.3128449408493192,0.08695652173913052,0.04525862068965521,0.21254662460822826,0.7862354681616037,0.8263055555555555,0.9227499999999998,,0,0,neutre,365,0,0,30,,,45.0,28.0,92.0,57.5,50,52.9,False,False,,0,,,,50,888100207,888100207,1000000000.0,1000000000.0,1000000000.0,100.0,,,
SOMIUSDT,SOMI,Speculative,704,0.1907,555273.27286,-0.052,60.0908050147343,0.0011319240790063217,0.17016799999999996,0.2400369999999999,0.6546305626589661,0.3148063781321184,0.13120728929384962,0.1947815542103307,0.3993221698068874,0.15773333333333336,0.20976944444444445,bull_flag|uptrend,2,0,haussier,249,0,0,30,,,13.8,57.0,73.0,57.5,71.6,52.86,False,False,,0,,,,64,30545167,190668959,160200000.0,1000000000.0,1000000000.0,16.0,,,
AEVOUSDT,AEVO,Speculative,,0.0296,621416.44894,-1.003,65.78285217071462,0.0002251796192871932,0.025056000000000012,0.036140000000000005,0.7325320282096326,0.26223776223776224,0.0,0.5459864909159374,0.40854106942367985,0.02247500000000001,0.028722222222222222,rsi_bearish_divergence|uptrend,1,1,mixte,365,0,0,30,,,17.0,57.0,77.5,57.5,38.3,52.68,False,False,,0,,,,54,,,,,,,,,
KGSTUSDT,KGST,Speculative,,0.01141,193452.36516,0.0,49.84789758277038,-1.396052745152776e-06,0.011413199999999998,,0.04772886955271935,0.009615384615384678,0.003493449781659398,0.6075334023454241,0.1381241841852813,0.011346666666666663,0.011457222222222225,macd_bearish_cross|support_bounce|resistance_test,1,2,baissier,136,0,0,30,,,10.7,54.0,94.0,47.0,19.4,52.68,False,False,,0,,,,54,,,,,,,,,
YGGUSDT,YGG,Speculative,666,0.04401,499059.63903,-1.323,60.496686604675055,0.00017365121873285923,0.0392246,0.06291665000000003,0.6375151689853412,0.2968684759916492,0.07912317327766169,0.1761647605409681,0.46340050144559725,0.03564027777777778,0.044617777777777784,,0,0,neutre,365,0,0,30,,,17.0,57.0,77.5,47.0,50,52.58,False,False,,0,,,,60,32720305,44020991,743288689.0312867,1000000000.0,1000000000.0,74.3,,,
ALCXUSDT,ALCX,Speculative,,5.46,85313.619535,-1.444,55.984581296286315,0.021047146167620975,5.1503999999999985,6.936049999999999,0.44436503489235185,0.3333333333333333,0.22222222222222218,0.12325777798665837,0.2057579486614684,4.550833333333332,5.834999999999999,,0,0,neutre,365,0,0,30,,,17.0,57.0,77.5,47.0,50,52.58,False,False,,0,,,,60,,,,,,,,,
MITOUSDT,MITO,Speculative,,0.05557,447167.494093,2.019,81.94335728392501,0.0011574010162726865,0.0402806,0.06114749999999995,0.595855317948424,0.2339337336001779,0.0,0.19411777112911874,0.3960722325792591,0.03579527777777778,0.0482,double_bottom_90d|uptrend,2,0,haussier,253,0,0,30,,,13.9,39.0,100.0,47.0,67.3,52.55,False,False,,0,,,,51,,,,,,,,,
TOWNSUSDT,TOWNS,Speculative,,0.00365,1172640.14717,-0.273,57.513720657659626,5.0985783440535625e-05,0.0034107999999999994,0.005781149999999996,0.7447630624503884,0.2942528735632184,0.160919540229885,0.28403590211096585,0.3305946079082345,0.003149444444444444,0.004248611111111112,doji_4h,0,0,neutre,277,0,0,30,,,14.6,57.0,73.0,68.0,50,52.51,False,False,,0,,,,59,,,,,,,,,
FETUSDT,FET,Mid,108,0.2234,10933856.0319,-3.038,56.138793366693854,0.002835710991342138,0.22373200000000001,0.22602750000000008,0.6233596951931796,0.24711316397228633,0.13933795227097762,0.29636802654896943,0.6453592124200943,0.15113333333333331,0.24556388888888886,macd_bullish_cross|downtrend,1,1,mixte,365,0,0,30,,,31.0,37.0,85.0,78.5,42.5,52.42,False,False,,0,,,,53,504889957,606713062,2258836316.9243417,2714384546.672,2714384546.672,83.2,,,
AIUSDT,AI,Speculative,540,0.0231,1340431.67634,-0.858,55.326107840716325,0.00020155231661878568,0.02035,0.03516350000000002,1.8087599321567183,0.289795918367347,0.09055118110236221,0.5620509241580878,0.32968440142892963,0.01826666666666667,0.02464722222222222,double_bottom_90d,1,0,haussier,365,0,0,30,,,17.0,66.0,56.5,68.0,58.2,52.35,False,False,,0,,,,61,43836492,335995414,1304675313.0,10000000000.0,10000000000.0,13.0,,,
NILUSDT,NIL,Speculative,665,0.07259,65945742.790107,30.628,67.17752004954558,0.003981360369951026,0.0397016,0.0833894,2.876865510554673,0.4774624373956594,0.21277056277056275,17.648594880268146,0.13025299393471448,0.03346722222222222,0.059600833333333325,bearish_engulfing_4h,0,1,baissier,365,0,0,30,,,17.0,75.0,46.0,78.5,37.5,52.32,False,False,,6,🔥 Trending #5 sur CoinGecko|⚡ Volume ×17.6 vs médiane,5,17.65,67,32638428,72785824,448417374.996,1000000000.0,,44.8,,,
ENJUSDT,ENJ,Mid,309,0.05001,2107616.460462,-0.378,48.24002920028346,-0.0022513666005087338,0.04141799999999999,0.032534550000000016,2.2933434230359637,0.4540089086859689,0.44287305122494436,0.28245080713042825,0.019733722822074574,0.018533888888888888,0.0646361111111111,downtrend,0,1,baissier,365,0,0,30,,,31.0,73.0,41.5,68.0,33.0,52.31,False,False,,0,,,,54,98107806,99379940,1962188841.988425,1987631949.111273,,98.7,,,
XLMUSDT,XLM,Etabli,22,0.1586,11825767.1782,-2.159,43.72682866046914,-0.0007738612684811291,0.16414399999999996,0.2053479999999999,0.4502536617335386,0.15332581736189405,0.11501954215522057,0.3622507178479568,0.75962490494621,0.15193055555555554,0.17548888888888892,double_top_90d,0,1,baissier,365,0,0,30,,,45.0,28.0,87.5,78.5,32.0,52.22,False,False,,0,,,,45,5304161600,7929259813,33447959088.40961,50001786868.73495,,66.9,,,
ACEUSDT,ACE,Speculative,,0.129,739730.9567,0.0,56.731479817161436,0.0012442924325538384,0.12168000000000002,0.2027749999999999,0.7469156189042977,0.3876404494382022,0.27528089887640445,0.31146269228165907,0.4194847645231565,0.1147777777777778,0.17286111111111116,doji_4h,0,0,neutre,365,0,0,30,,,17.0,57.0,73.0,57.5,50,52.2,False,False,,0,,,,59,,,,,,,,,
MANTAUSDT,MANTA,Speculative,674,0.06887,637174.453156,2.015,55.26349027825234,0.00018549792687164992,0.06497660000000002,0.08062624999999998,0.6121562028481153,0.27144592952612395,0.16816524908869995,0.3475381500297873,0.36566085769265877,0.06139138888888889,0.07566250000000002,,0,0,neutre,365,0,0,30,,,17.0,57.0,73.0,57.5,50,52.2,False,False,,0,,,,59,31965769,68512848,466566046.6684367,1000000000.0,1000000000.0,46.7,,,
GMTUSDT,GMT,Speculative,630,0.01152,595121.449492,1.053,55.55905122153735,-1.2067762701377036e-06,0.010807399999999998,0.015228600000000004,0.642468771372671,0.28072837632776937,0.1267071320182095,0.3257464412759311,0.6354016401337187,0.010071666666666666,0.012422222222222223,doji_4h,0,0,neutre,365,0,0,30,,,17.0,57.0,73.0,57.5,50,52.2,False,False,,0,,,,59,35853725,58467705,3111400155.0,5073850155.102167,6000000000.0,61.3,,,
1000CHEEMSUSDT,1000CHEEMS,Speculative,,0.000632,911072.358166,-1.095,62.23429825546169,-5.912008009835424e-07,0.0005151800000000001,0.0008152099999999999,0.8895248812766836,0.273224043715847,0.006279434850863405,0.2895927588123751,0.6190200153797205,0.0004210833333333334,0.0006150833333333333,macd_bearish_cross|double_bottom_90d,1,1,mixte,365,0,0,30,,,17.0,57.0,77.5,57.5,29.9,52.15,False,False,,0,,,,55,,,,,,,,,
FIDAUSDT,FIDA,Speculative,,0.01822,1095904.204461,-1.193,61.60468737134563,0.00014116517166608646,0.016245000000000002,0.03061989999999998,0.6362132870584831,0.4285714285714286,0.16036866359447005,0.1534933189806282,0.24444171397210693,0.014111944444444444,0.02047416666666667,macd_bullish_cross,1,0,haussier,365,0,0,30,,,17.0,57.0,67.0,68.0,59.5,52.0,False,False,,0,,,,60,,,,,,,,,
MAGICUSDT,MAGIC,Speculative,,0.0678,352003.29403,-0.732,57.3881238834709,0.00012378442898375655,0.06248000000000001,0.08669700000000004,0.6660294477210671,0.27473958333333326,0.1184895833333333,0.09425131456642943,0.5184918497994948,0.057816666666666655,0.07182222222222222,macd_bullish_cross|doji_4h,1,0,haussier,365,0,0,30,,,17.0,57.0,73.0,47.0,59.5,51.96,False,False,,0,,,,61,,,,,,,,,
TRBUSDT,TRB,Mid,468,19.78,1317927.66522,-1.1,56.16787107472584,-0.0571128559562345,17.1802,19.2122,1.5518845146485698,0.23506825938566558,0.1569965870307167,0.2340583532857621,0.4045356742895786,14.208611111111109,19.840277777777782,macd_bearish_cross,0,1,baissier,365,0,0,30,,,31.0,57.0,64.0,68.0,21.7,51.87,False,False,,0,,,,51,55030162,56406040,2786889.4004883706,2856567.894441851,,97.6,,,
AGLDUSDT,AGLD,Speculative,,0.26,360472.2115,1.167,50.85462809983074,-0.0007843048831605827,0.25222000000000006,0.277625,0.573382591447176,0.44587628865979384,0.3324742268041237,0.20481966476261013,0.21365252600924878,0.22033333333333333,0.29116666666666674,double_bottom_90d|doji_4h,1,0,haussier,365,0,0,30,,,17.0,57.0,73.0,47.0,58.2,51.87,False,False,,0,,,,61,,,,,,,,,
BANKUSDT,BANK,Speculative,,0.0375,1746933.09005,3.878,56.409062117557745,0.00046616122723572664,0.03634600000000001,,0.8814285767038821,0.49464285714285716,0.32857142857142857,1.0812044136511008,0.06854196915548129,0.03115277777777777,0.04354722222222224,macd_bullish_cross,1,0,haussier,177,0,0,30,,,11.8,63.0,62.5,68.0,59.5,51.84,False,False,,0,,,,61,,,,,,,,,
DOLOUSDT,DOLO,Speculative,,0.03368,495355.660747,3.313,53.255400565048646,0.00011357235238104978,0.03291179999999999,0.0438854,0.8400853456743206,0.27600387034349305,0.18553459119496862,0.19627537636218848,0.3338320918958194,0.031036944444444443,0.038766388888888885,macd_bullish_cross|double_bottom_90d,2,0,haussier,255,0,0,30,,,14.0,57.0,73.0,47.0,67.7,51.81,False,False,,0,,,,63,,,,,,,,,
TREEUSDT,TREE,Speculative,,0.0705,570443.42037,1.879,54.575748282810096,-0.00017391587529768477,0.06510199999999998,0.09798749999999998,0.814687735778342,0.2688311688311688,0.08701298701298699,0.22655730850936787,0.36853681008566713,0.05913055555555555,0.07601111111111111,double_top_90d,0,1,baissier,284,0,0,30,,,14.8,57.0,77.5,57.5,32.0,51.8,False,False,,0,,,,55,,,,,,,,,
ZECUSDT,ZEC,Etabli,16,570.82,132298327.07077,1.721,84.59471134992594,22.10286268442121,324.5272,364.61575,1.0862708190659098,0.39030044510385753,0.007377762310770852,0.2107826894638131,0.5778219753051729,212.08055555555552,411.22194444444443,,0,0,neutre,365,0,0,30,,,45.0,39.0,67.0,78.5,50,51.79,False,False,,0,🔥 Trending #9 sur CoinGecko,9,,41,9482425112,9482425112,16688225.1655448,16688225.1655448,21000000.0,100.0,,,
WIFUSDT,WIF,Mid,180,0.217,4748854.07043,0.463,65.95665684876316,0.004168644284536412,0.18924000000000002,0.29755499999999996,0.7637299758924725,0.3568627450980392,0.14901960784313728,0.22121937113767007,0.6369956570587816,0.17080555555555557,0.22813888888888892,double_top_90d|doji_4h,0,1,baissier,365,0,0,30,,,31.0,48.0,73.0,68.0,32.0,51.68,False,False,,0,,,,49,216375372,216375372,998926392.0,998926392.0,998926392.0,100.0,,,
DOGSUSDT,DOGS,Speculative,555,8.2e-05,30503246.6597316,-8.584,82.47167584746249,5.618759066699403e-06,3.3258000000000006e-05,3.8941999999999994e-05,2.41921462762165,0.29378531073446323,0.057405281285878296,5.871006037193972,0.26040772810064894,2.6094444444444438e-05,4.2675e-05,macd_bullish_cross,1,0,haussier,365,0,0,30,,,17.0,66.0,50.5,78.5,59.5,51.64,False,False,,3,⚡ Volume ×5.9 vs médiane,,5.87,58,42683094,45429515,516750000000.0,550000000000.0,550000000000.0,94.0,,,
CITYUSDT,CITY,Speculative,,0.614,1063228.74301,2.163,47.587367777559535,-0.008654907928054187,0.59246,0.6229049999999995,0.6837506660187082,0.30097087378640774,0.1843501326259947,0.38601994066927525,0.19298281418288438,0.5135277777777778,0.7073888888888891,doji_4h,0,0,neutre,365,0,0,30,,,17.0,57.0,67.0,68.0,50,51.4,False,False,,0,,,,58,,,,,,,,,
MAVUSDT,MAV,Speculative,,0.01556,391335.86688,-0.512,52.70894439463268,-5.5095580581395175e-05,0.014662399999999997,0.022406799999999994,0.7156627690552481,0.28885037550548814,0.10109763142692085,0.38156723416774774,0.4272759933292928,0.013166666666666667,0.016795833333333333,,0,0,neutre,365,0,0,30,,,17.0,57.0,73.0,47.0,50,51.36,False,False,,0,,,,59,,,,,,,,,
METISUSDT,METIS,Speculative,750,3.78,1262188.84388,0.0,58.529190787069496,0.015174364092292336,3.2577999999999996,5.162549999999998,1.4299035000665097,0.2691292875989446,0.13501144164759732,0.2844542361519422,0.5700888148644214,2.886666666666667,3.8472222222222214,macd_bullish_cross|uptrend,2,0,haussier,365,0,0,30,,,17.0,57.0,62.5,68.0,68.7,51.35,False,False,,0,,,,62,27860008,37861325,7358434.342,10000000.0,10000000.0,73.6,,,
FORMUSDT,FORM,Mid,288,0.2741,1714525.40798,1.745,53.36524913157731,0.0005607608596661443,0.24962600000000004,0.32493999999999995,1.034515426248281,0.38904193449647995,0.1610039791857973,0.4683127591309127,0.40454931573638386,0.19937222222222223,0.29832777777777775,evening_star_4h,0,1,baissier,365,0,0,30,,,31.0,57.0,62.5,68.0,19.6,51.33,False,False,,0,,,,50,104593842,156754097,381867255.14,572301922.1,580000000.0,66.7,,,
PENDLEUSDT,PENDLE,Mid,142,1.975,10382374.7033,6.012,75.4579816178109,0.05491367924067214,1.2929399999999998,1.8257850000000007,1.1855863896486822,0.26415094339622636,0.0,0.579290557387689,0.6452972143208645,1.0688611111111108,1.5555555555555554,rsi_bearish_divergence|uptrend|doji_4h,1,1,mixte,365,0,0,30,,,31.0,48.0,67.0,78.5,38.3,51.28,False,False,,0,,,,41,333840832,553703168,169739606.2777789,281527448.4585314,,60.3,,,
ARDRUSDT,ARDR,Speculative,551,0.04242,125206.67532,-1.509,48.90187341364463,0.0001291456537883468,0.043184399999999984,0.05276449999999997,0.3129820905601921,0.16245706203273386,0.1388159224085674,0.4945551048766908,0.699217691565033,0.04167666666666667,0.04853055555555556,macd_bullish_cross|double_bottom_90d,2,0,haussier,365,0,0,30,,,17.0,37.0,95.5,47.0,67.7,51.28,False,False,,0,,,,61,42516974,42516974,998466231.0,998466231.0,,100.0,,,
ZKCUSDT,ZKC,Speculative,,0.0766,416728.85503,0.393,54.02885677435388,0.0002314725918824706,0.07310799999999998,0.11493249999999998,0.6234918001888905,0.3503937007874015,0.24704724409448817,0.21661959516511492,0.5838322432964718,0.06950833333333334,0.0943138888888889,uptrend,1,0,haussier,236,0,0,30,,,13.5,57.0,73.0,47.0,59.1,51.16,False,False,,0,,,,61,,,,,,,,,
CVXUSDT,CVX,Mid,221,1.723,399330.707588,-3.148,45.423670672569195,0.0014266035699629295,1.76194,1.8996499999999985,0.5391912330692129,0.2914681680381118,0.252490255521871,0.2699267825985978,0.627170316607721,1.6808055555555559,2.112972222222222,macd_bullish_cross|double_bottom_90d,2,0,haussier,365,0,0,30,,,31.0,37.0,83.5,47.0,67.7,51.08,False,False,,0,,,,59,155855833,172424070,90360893.86537892,99966698.34548359,100000000.0,90.4,,,
WLDUSDT,WLD,Etabli,77,0.2587,9537591.24103,-0.27,48.92809860541417,0.002556922442095065,0.2721700000000001,0.47985849999999985,0.8536077193336097,0.4521413526796162,0.3950386145565177,0.3018252066100893,0.624192260721433,0.24738611111111114,0.4048583333333333,macd_bullish_cross|downtrend,1,1,mixte,365,0,0,30,,,45.0,37.0,68.5,78.5,42.5,51.0,False,False,,0,,,,50,861701083,2588781927,3328596641.964936,10000000000.0,10000000000.0,33.3,,,
ACTUSDT,ACT,Speculative,,0.0159,1221499.99971,0.0,59.498621361016546,0.00013998701245751673,0.013630000000000005,0.019228499999999996,1.2464504781481052,0.2839506172839506,0.06508875739644952,0.27991057195471014,0.5010428848677294,0.012025,0.015766666666666665,macd_bullish_cross|downtrend,1,1,mixte,365,0,0,30,,,17.0,57.0,67.0,68.0,42.5,50.93,False,False,,0,,,,56,,,,,,,,,
KAIAUSDT,KAIA,Mid,162,0.0469,640165.04562,-0.213,47.57258921474978,0.00010696642551851876,0.047808,0.06441700000000006,0.41871548718712104,0.25577557755775576,0.22607260726072614,0.25244101100237515,0.646799152921233,0.04595833333333332,0.057086111111111094,macd_bullish_cross|double_bottom_90d|downtrend,2,1,haussier,365,0,0,30,,,31.0,37.0,83.5,57.5,50.7,50.85,False,False,,0,,,,55,274727305,274727314,5856641747.106198,5856641936.044253,,100.0,,,
OGUSDT,OG,Speculative,,3.395,2198935.5492,8.884,65.52479028303844,0.015756823059793278,2.848479999999999,6.9462950000000045,0.8809714159670848,0.5068870523415978,0.3398268398268398,1.0840474277465395,0.23143956674549748,2.5811111111111114,3.872083333333334,macd_bullish_cross|shooting_star_4h,1,1,mixte,365,0,0,30,,,17.0,66.0,53.5,68.0,47.0,50.83,False,False,,0,,,,55,,,,,,,,,
PHAUSDT,PHA,Speculative,711,0.036,1010423.1128,4.046,55.68571079945192,0.0006210653288837992,0.03549,0.038917499999999994,1.0702379729723053,0.3822314049586777,0.25619834710743805,0.2969436291407861,0.3830621142007116,0.024391666666666666,0.04172222222222222,macd_bullish_cross,1,0,haussier,365,0,0,30,,,17.0,57.0,62.5,68.0,59.5,50.78,False,False,,0,,,,59,30170276,35997009,838132839.5205996,1000000000.0,1000000000.0,83.8,,,
MUBARAKUSDT,MUBARAK,Speculative,,0.0158,2024967.858277,-1.126,58.88280980427926,0.00018734680414296523,0.0131154,0.01638739999999999,1.1793447056856343,0.4693579766536965,0.2334630350194552,0.2948354640026216,0.4075830428784289,0.011478333333333333,0.017129444444444447,uptrend,1,0,haussier,365,0,0,30,,,17.0,57.0,62.5,68.0,59.1,50.75,False,False,,0,,,,59,,,,,,,,,
SANTOSUSDT,SANTOS,Speculative,,1.234,817624.5307,6.014,53.66258834932354,-0.0035599538781999136,1.1344000000000003,1.5772599999999997,0.8225053582662482,0.5070281124497992,0.3895582329317269,0.5401690779021725,0.24998806958760128,1.0286388888888889,1.8703888888888889,uptrend|doji_4h,1,0,haussier,365,0,0,30,,,17.0,66.0,53.5,57.5,59.1,50.75,False,False,,0,,,,61,,,,,,,,,
SSVUSDT,SSV,Speculative,559,2.865,199189.798749,-0.728,56.375791237006524,-0.006182424220071536,2.50884,3.4576699999999985,1.0472763480513212,0.3949483352468427,0.1793915040183697,0.0695914942050654,0.604441247024875,2.210027777777778,3.1685833333333333,bull_flag|uptrend|morning_star_4h,3,0,haussier,365,0,0,30,,,17.0,57.0,62.5,47.0,84.1,50.65,False,False,,0,,,,65,42042574,42042574,14699173.1,14699173.1,,100.0,,,
LAZIOUSDT,LAZIO,Speculative,,0.654,684297.83527,2.347,51.63518817500191,0.004133013441982528,0.6648200000000002,0.8694999999999997,0.42167162099355576,0.33881578947368424,0.28289473684210525,0.5045219001842559,0.5234386627906361,0.6311111111111113,0.8568611111111111,macd_bullish_cross|support_bounce|downtrend,2,1,haussier,365,0,0,30,,,17.0,46.0,83.5,57.5,43.8,50.64,False,False,,0,,,,56,,,,,,,,,
PORTALUSDT,PORTAL,Speculative,,0.01044,1251371.230494,-5.349,45.792357514190584,-0.00019436601915233078,0.010292799999999998,0.016704699999999996,1.400254780550323,0.4781474233529028,0.3183300717547293,0.5376916522044002,0.2038916164740394,0.0087575,0.015039722222222222,,0,0,neutre,365,0,0,30,,,17.0,66.0,52.0,68.0,50,50.61,False,False,,0,,,,58,,,,,,,,,
TFUELUSDT,TFUEL,Mid,341,0.01144,168946.51192,-0.175,46.539161871212386,6.664296087931655e-06,0.0115866,0.016836899999999985,0.4036715697962774,0.33189389265885255,0.2948797038864898,0.2802393830108939,0.6363673348230416,0.011143055555555552,0.0148275,macd_bullish_cross,1,0,haussier,365,0,0,30,,,31.0,37.0,83.5,47.0,59.5,50.57,False,False,,0,,,,57,83696034,83703698,7322217297.0,7322887796.0,,100.0,,,
AAVEUSDT,AAVE,Etabli,59,92.5,12016014.51582,-1.533,44.33833181069399,0.11820863033921847,97.74040000000005,144.87645,0.9272653985250682,0.2996024011850004,0.27863101270757,0.2740817537461107,0.623181024829477,91.45305555555558,122.58,macd_bullish_cross|double_bottom_90d,2,0,haussier,365,0,0,30,,,45.0,28.0,73.0,78.5,67.7,50.52,False,False,,0,,,,51,1405095325,1481006109,15179900.38557314,16000000.0,16000000.0,94.9,,,
SHELLUSDT,SHELL,Speculative,,0.0398,756800.34696,4.462,66.99670507495176,0.00027447068854945115,0.031966,0.049391000000000004,0.8538766717685604,0.25626740947075205,0.0,0.48063433771662106,0.3688416415291079,0.02777222222222222,0.03736388888888889,double_bottom_90d|uptrend|shooting_star_4h,2,1,haussier,365,0,0,30,,,17.0,48.0,77.5,57.5,54.8,50.43,False,False,,0,,,,55,,,,,,,,,
PNUTUSDT,PNUT,Mid,444,0.061,2614325.23072,-0.813,61.16936989215065,0.0002412060305135382,0.04905600000000001,0.07050300000000004,1.638374762818184,0.3132969034608379,0.1458625525946704,0.2657847096435342,0.47848383326470584,0.04026666666666669,0.060902777777777785,,0,0,neutre,365,0,0,30,,,31.0,57.0,52.0,68.0,50,50.38,False,False,,0,,,,55,60944373,60944373,999842199.694223,999842199.694223,1000000000.0,100.0,,,
HFTUSDT,HFT,Speculative,,0.0153,414070.6182,-1.923,56.94248346317898,7.398064953346013e-05,0.014067999999999994,0.025194999999999985,0.6893849456421857,0.38947368421052636,0.18947368421052627,0.20206576748796934,0.2569731704325354,0.012916666666666667,0.01773055555555556,macd_bullish_cross,1,0,haussier,365,0,0,30,,,17.0,57.0,67.0,47.0,59.5,50.32,False,False,,0,,,,60,,,,,,,,,
CETUSUSDT,CETUS,Speculative,,0.02786,213774.314625,0.796,57.30967323484379,-0.00028416683953741634,0.023691199999999996,0.025835849999999997,1.1765042308761242,0.323373676248109,0.09171018276762402,0.0685252802877477,0.44316311802218117,0.015724166666666668,0.028741666666666672,uptrend,1,0,haussier,365,0,0,30,,,17.0,57.0,67.0,47.0,59.1,50.3,False,False,,0,,,,60,,,,,,,,,
MMTUSDT,MMT,Speculative,731,0.1413,566149.73567,0.426,60.678251221930516,0.0005314842748021086,0.12520999999999996,,0.5722039386369654,0.27228749136143743,0.024879060124395246,0.21086700907318287,0.35882450785724795,0.11051388888888888,0.14379999999999998,macd_bullish_cross|double_top_90d,1,1,mixte,186,0,0,30,,,12.1,45.0,88.0,57.5,41.5,50.28,False,False,,0,,,,56,28825741,141236588,204095424.0,1000000000.0,1000000000.0,20.4,,,
TURTLEUSDT,TURTLE,Speculative,,0.0542,523505.73212,2.072,60.10862664338441,0.0003169481669613198,0.045205999999999996,,0.9842073291884307,0.1862068965517242,0.06896551724137936,0.3930006252980198,0.19382437280554332,0.03963333333333333,0.05127222222222221,uptrend,1,0,haussier,199,0,0,30,,,12.5,45.0,83.5,57.5,59.1,50.25,False,False,,0,,,,59,,,,,,,,,
MOVEUSDT,MOVE,Mid,414,0.0182,614248.9755,0.552,50.55401820560217,8.085718356655553e-05,0.018258000000000003,0.033668500000000004,0.578525804695352,0.37174721189591087,0.32342007434944237,0.22745329508125756,0.5370419676729052,0.017333333333333343,0.024661111111111113,macd_bullish_cross|doji_4h,1,0,haussier,365,0,0,30,,,31.0,37.0,79.0,57.5,59.5,50.18,False,False,,0,,,,56,67049446,182550960,3672916667.0,10000000000.0,10000000000.0,36.7,,,
BIOUSDT,BIO,Mid,308,0.0462,8122532.15637,-0.645,59.120469983861504,0.0003154667806120051,0.027440000000000003,0.04192599999999999,2.7625255059340805,0.496875,0.2363636363636364,0.40426697473662926,0.18733116217734194,0.01721111111111111,0.04246666666666667,uptrend,1,0,haussier,365,0,0,30,,,31.0,57.0,46.0,78.5,59.1,50.17,False,False,,0,,,,57,99391768,153835058,2145029070.25,3320000000.0,3320000000.0,64.6,,,
GTCUSDT,GTC,Speculative,,0.093,221895.7566,1.087,50.295966876797415,-0.0011619211186662758,0.08742000000000001,0.12195000000000007,1.2112491042765328,0.3211009174311927,0.19827586206896555,0.5137766165421417,0.2197736256401935,0.07680555555555559,0.10919444444444448,doji_4h,0,0,neutre,365,0,0,30,,,17.0,66.0,56.5,47.0,50,50.15,False,False,,0,,,,59,,,,,,,,,
AWEUSDT,AWE,Mid,283,0.05554,263780.94174,-0.945,52.17015384424475,-0.0002064260101329999,0.05235540000000001,0.058046650000000005,0.5285852026303707,0.5285771785067418,0.44173878043872,0.11770532139065865,0.13445105592394,0.0487988888888889,0.07846527777777776,macd_bearish_cross,0,1,baissier,353,0,0,30,,,30.7,57.0,64.0,47.0,21.7,50.11,False,False,,0,,,,51,107463550,107463550,1942420283.0270672,1942420283.0270672,2000000000.0,100.0,,,
QIUSDT,QI,Speculative,,0.00183,161699.57794,-0.543,59.56358640242996,1.1395313566650193e-05,0.0015783999999999996,0.0028104500000000004,0.886134804175108,0.3982300884955751,0.19026548672566365,0.23954364425472843,0.5611384680244416,0.0014186111111111114,0.0021672222222222227,rsi_bearish_divergence,0,1,baissier,365,0,0,30,,,17.0,57.0,73.0,47.0,29.2,50.04,False,False,,0,,,,54,,,,,,,,,
DUSDT,D,Speculative,,0.01442,18064062.33909,-18.022,57.695789252967934,0.00013045652386612294,0.0103132,0.01270605000000001,2.2258421209137986,0.602001906577693,0.3112488083889418,1.442172076857725,0.07297143187988403,0.006078333333333333,0.014688055555555558,uptrend,1,0,haussier,365,0,0,30,,,17.0,75.0,32.5,78.5,59.1,50.01,False,False,,0,,,,60,,,,,,,,,
FTTUSDT,FTT,Speculative,,0.3213,568852.723045,1.165,55.773960612372086,0.004111124570882176,0.29834400000000005,0.4597585000000002,1.047009607890905,0.2896606156274664,0.15232833464877665,0.4526977299595757,0.36222368995526344,0.27889722222222224,0.35702500000000015,macd_bullish_cross,1,0,haussier,365,0,0,30,,,17.0,57.0,62.5,57.5,59.5,49.94,False,False,,0,,,,59,,,,,,,,,
CUSDT,C,Speculative,,0.082,1200524.64894,-2.148,54.81296990301536,-3.038076631578946e-05,0.07418200000000001,0.07644950000000003,1.0372195710124468,0.3746736292428199,0.08398656215005607,0.13032277964386493,-0.050236959729702754,0.04909166666666667,0.08655277777777774,uptrend,1,0,haussier,295,0,0,30,,,15.1,57.0,61.0,68.0,59.1,49.92,False,False,,0,,,,59,,,,,,,,,
BROCCOLI714USDT,BROCCOLI714,Speculative,,0.01798,1715663.29819,-0.553,56.13648186112981,-3.7116574363276356e-05,0.014696200000000003,0.016196500000000013,1.9685909574595226,0.23778501628664497,0.16277985074626866,0.19251998519609123,0.39443429746235165,0.012054444444444444,0.01800027777777778,macd_bearish_cross|double_bottom_90d|uptrend,2,1,haussier,365,0,0,30,,,17.0,57.0,64.0,68.0,39.0,49.89,False,False,,0,,,,55,,,,,,,,,
FUSDT,F,Speculative,,0.00578,451289.83087,0.347,59.55211382204714,1.8533636607216825e-05,0.005410799999999999,,0.3953282211369579,0.25418569254185697,0.12024353120243529,0.49686976263371674,0.5060944411198148,0.005091944444444444,0.006386666666666667,macd_bullish_cross|doji_4h,1,0,haussier,196,0,0,30,,,12.4,45.0,83.5,47.0,59.5,49.41,False,False,,0,,,,59,,,,,,,,,
ORDIUSDT,ORDI,Mid,280,5.203,6928634.64944,-0.459,56.862880173708476,-0.017683380552374728,3.62518,3.785884999999999,3.9308408805065147,0.5063395163183846,0.3885888706269078,0.7153940642699558,0.2600290238503889,2.2753055555555552,5.378388888888889,doji_4h,0,0,neutre,365,0,0,30,,,31.0,66.0,32.5,78.5,50,49.2,False,False,,0,,,,55,109325557,109325557,21000000.0,21000000.0,,100.0,,,
BICOUSDT,BICO,Speculative,,0.026,419768.266464,0.0,53.40538735957915,-0.00013499819847009452,0.023889999999999998,0.03773150000000001,1.1189125209142459,0.28735632183908055,0.13666666666666666,0.3587742611607605,0.5120762050547747,0.020122222222222222,0.026769444444444443,uptrend,1,0,haussier,365,0,0,30,,,17.0,57.0,62.5,47.0,59.1,49.07,False,False,,0,,,,59,,,,,,,,,
TNSRUSDT,TNSR,Speculative,,0.0418,1248184.28484,1.951,55.92392171719098,0.0002733540328764902,0.03975000000000001,0.06255349999999998,1.5550344139388927,0.3634751773049645,0.2570921985815603,0.6084471149060893,0.17998572996179577,0.03744999999999999,0.053158333333333335,,0,0,neutre,365,0,0,30,,,17.0,66.0,46.0,68.0,50,48.98,False,False,,0,,,,57,,,,,,,,,
ETHFIUSDT,ETHFI,Mid,135,0.43,2977260.2736,-1.602,46.5138971950047,0.002044898368529297,0.45877999999999985,0.6415749999999997,0.6776664502605926,0.29914529914529914,0.2649572649572649,0.3528996244786087,0.5749001467293732,0.4223333333333332,0.5665,macd_bullish_cross|double_bottom_90d|downtrend,2,1,haussier,365,0,0,30,,,31.0,37.0,73.0,68.0,50.7,48.83,False,False,,0,,,,53,358988631,428801437,835965183.0,998535999.0,1000000000.0,83.7,,,
FLOWUSDT,FLOW,Mid,408,0.04096,926805.7876751,1.992,55.983220859588585,-0.0001795893871787428,0.035173199999999995,0.11154559999999993,0.8499494329371425,0.5625958883092973,0.37097269100951213,0.1850285248931461,0.27352002252029267,0.03025666666666667,0.04887388888888888,macd_bearish_cross|uptrend|doji_4h,1,1,mixte,365,0,0,30,,,31.0,57.0,53.5,57.5,30.8,48.74,False,False,,0,,,,51,68062385,68062385,1660378057.954041,1660378057.954041,,100.0,,,
HEMIUSDT,HEMI,Speculative,,0.00799,1088637.225974,2.699,55.38238158449392,5.03645961561374e-06,0.0074256000000000036,0.01596085,1.1907229518482862,0.5214776632302405,0.2878006872852233,0.6632567335138637,0.27706640247159264,0.006540555555555558,0.010552222222222223,macd_bullish_cross|double_top_90d|uptrend,2,1,haussier,228,0,0,30,,,13.2,66.0,47.5,68.0,50.6,48.6,False,False,,0,,,,58,,,,,,,,,
TRUMPUSDT,TRUMP,Mid,102,2.392,9298851.8984,1.184,35.97355818591224,0.002344376400561732,2.81262,4.558589999999999,0.5980473370856701,0.4288537549407115,0.4093379446640316,0.3505171163053381,0.4078590739606532,2.497861111111111,3.6686944444444456,macd_bullish_cross,1,0,haussier,365,0,0,30,,,31.0,28.0,79.0,78.5,59.5,48.57,False,False,,0,,,,50,556065359,2391691231,232498807.465716,1000000000.0,1000000000.0,23.2,,,
ALICEUSDT,ALICE,Speculative,,0.1444,1581069.890857,3.364,51.845189138875206,-0.001994442966697334,0.12792399999999998,0.1726610000000001,1.299200546279493,0.31523178807947017,0.12195121951219523,0.33303299303916784,0.10232062917042424,0.10539166666666669,0.15989722222222225,doji_4h,0,0,neutre,365,0,0,30,,,17.0,57.0,56.5,68.0,50,48.54,False,False,,0,,,,56,,,,,,,,,
HUMAUSDT,HUMA,Speculative,625,0.02085,1949580.04992,7.474,50.43211837860791,-0.00043737184078324206,0.018556800000000002,0.0218103,1.2107537048453934,0.3833253473885961,0.26519142957499114,0.18681495804324946,0.15291374019046602,0.012438611111111114,0.023019166666666663,,0,0,neutre,348,0,0,30,,,16.5,57.0,56.5,68.0,50,48.44,False,False,,0,,,,56,36138737,208492716,1733333333.0,10000000000.0,10000000000.0,17.3,,,
OPENUSDT,OPEN,Speculative,513,0.22,1576458.36385,1.429,50.00210188536643,-0.006153640789919906,0.19937199999999997,0.20198100000000013,1.2195507851424832,0.2836468885672937,0.20224312590448618,0.4287106182267986,0.2717203436155629,0.14639166666666664,0.23950555555555558,uptrend,1,0,haussier,243,0,0,30,,,13.7,57.0,56.5,68.0,59.1,48.39,False,False,,0,,,,58,47428695,220086754,215500000.0,1000000000.0,1000000000.0,21.6,,,
BREVUSDT,BREV,Speculative,676,0.1278,1506833.0455,2.981,54.73948504952092,0.0004304032851457665,0.120936,,0.8566898378087497,0.33704390847247995,0.2108843537414967,0.3062822723526934,0.36443073720521985,0.11247777777777775,0.15173055555555554,macd_bullish_cross|uptrend,2,0,haussier,123,0,0,30,,,10.4,45.0,73.0,68.0,68.7,48.37,False,False,,0,,,,60,31961014,127844056,250000000.0,1000000000.0,1000000000.0,25.0,,,
YBUSDT,YB,Speculative,,0.1226,424080.87643,0.245,52.7218116507125,0.00048523892289167566,0.11699799999999999,0.2891860000000001,0.9782381923519011,0.47553191489361707,0.3468085106382978,0.15069859640807257,0.1642369801703254,0.10935833333333334,0.17777222222222222,macd_bullish_cross,1,0,haussier,206,0,0,30,,,12.6,57.0,62.5,47.0,59.5,48.14,False,False,,0,,,,59,,,,,,,,,
MBLUSDT,MBL,Speculative,,0.000934,1059574.970958,-1.164,47.56734142054701,2.4763629144031187e-07,0.0009438999999999999,0.0011139000000000001,0.2564866800703876,0.14750957854406135,0.10536398467432946,0.42458459234587653,0.7045333498925649,0.0009000555555555557,0.0010078333333333337,macd_bullish_cross|double_top_90d|downtrend,1,2,baissier,365,0,0,30,,,17.0,37.0,87.5,68.0,24.5,48.06,False,False,,0,,,,49,,,,,,,,,
SENTUSDT,SENT,Mid,258,0.01726,1567141.74823,0.818,49.56886161397109,-2.1987624997216637e-05,0.0174116,,0.9075619681342532,0.44864479315263905,0.38231098430813126,0.11615181606055461,0.1894056427458666,0.016031944444444446,0.025246388888888888,uptrend,1,0,haussier,107,0,0,30,,,23.9,45.0,62.5,68.0,59.1,47.88,False,False,,0,,,,56,125069208,593729660,7237882055.0,34359738368.0,34359738368.0,21.1,,,
DGBUSDT,DGB,Mid,407,0.00374,116687.052098,-2.094,36.5827953575869,-1.2911833772507794e-05,0.004184399999999999,0.005435849999999997,0.4615296925160021,0.2479508196721311,0.2336065573770492,0.17398010958586793,0.6181535907113629,0.003787777777777779,0.0047,double_top_90d|downtrend|doji_4h,0,2,baissier,365,0,0,30,,,31.0,28.0,95.5,47.0,15.0,47.74,False,False,,0,,,,42,68290826,68294588,18275654003.18204,18276660702.08084,21000000000.0,100.0,,,
XNOUSDT,XNO,Mid,447,0.459,100163.60614,-2.754,46.735720215180194,-0.0009243160671065674,0.46672000000000013,0.6524349999999995,0.7092807137026014,0.27241379310344827,0.21034482758620682,0.17379316761171476,0.5034267189524739,0.4341111111111111,0.5633055555555555,uptrend,1,0,haussier,365,0,0,30,,,31.0,37.0,73.0,47.0,59.1,47.68,False,False,,0,,,,55,60323125,60323125,133248297.0,133248297.0,133248297.0,100.0,,,
SCUSDT,SC,Speculative,510,0.00096,124740.431469,-1.031,51.126822032165286,4.4774354669166e-06,0.0009575000000000003,0.0013698599999999999,0.35863456287438844,0.2873194221508828,0.2319422150882825,0.5113366606534455,0.7307499873752478,0.0009204999999999999,0.0011822500000000001,macd_bullish_cross|downtrend,1,1,mixte,365,0,0,30,,,17.0,46.0,75.5,47.0,42.5,47.54,False,False,,0,,,,54,47721611,47721611,49751295000.0225,49751295000.0225,,100.0,,,
METUSDT,MET,Mid,318,0.1714,806071.08399,2.389,59.217000161857925,0.0009123842478879745,0.148344,,1.0354564781414233,0.44705882352941173,0.25315904139433554,0.20141409236188257,0.4567185472922491,0.13316666666666666,0.21425277777777774,uptrend,1,0,haussier,177,0,0,30,,,25.8,45.0,62.5,57.5,59.1,47.46,False,False,,0,,,,56,93521788,170876091,546067547.179496,997734213.846751,1000000000.0,54.7,,,
DCRUSDT,DCR,Mid,144,19.07,583043.35831,-6.105,43.062447822109085,0.14846350513033335,20.664,22.38055,0.6249825890537087,0.4693341121495327,0.441588785046729,0.5554440937561644,0.43050705727770294,19.28611111111111,29.85750000000001,macd_bullish_cross,1,0,haussier,365,0,0,30,,,31.0,37.0,68.5,57.5,59.5,47.32,False,False,,0,,,,51,332391843,332411247,17406956.46884906,17407972.59704957,21000000.0,100.0,,,
JUVUSDT,JUV,Speculative,,0.5,645435.36973,1.626,47.738882013642794,0.00015933275879793235,0.5089600000000002,0.64598,0.44852955080452456,0.28376327769347504,0.2427921092564492,0.3443158810126004,0.45196138998424856,0.4879166666666666,0.6349444444444445,macd_bullish_cross|downtrend|doji_4h,1,1,mixte,365,0,0,30,,,17.0,37.0,83.5,57.5,42.5,47.27,False,False,,0,,,,53,,,,,,,,,
GLMRUSDT,GLMR,Speculative,,0.0167,600686.37853,-1.183,56.495877955789794,-0.00020598082875006177,0.013352000000000004,0.020974000000000003,1.7950477477780855,0.3061224489795918,0.12565445026178007,0.21897112684171985,0.3864587993886143,0.010622222222222224,0.01766666666666667,bull_flag,1,0,haussier,365,0,0,30,,,17.0,57.0,52.0,57.5,62.5,47.27,False,False,,0,,,,58,,,,,,,,,
ZROUSDT,ZRO,Mid,131,1.469,4548236.69595,-0.944,41.06831487599026,0.01609204600487782,1.7861399999999994,1.6559150000000002,0.7599110962051189,0.4085603112840467,0.36575875486381326,0.26040496050641443,0.45384063538205266,1.447444444444444,2.159305555555555,macd_bullish_cross|double_bottom_90d|downtrend,2,1,haussier,365,0,0,30,,,31.0,36.0,68.5,68.0,50.7,47.24,False,False,,0,,,,49,370822747,1469584744,252331652.6536562,1000000000.0,1000000000.0,25.2,,,
RAREUSDT,RARE,Speculative,,0.0178,601018.87527,1.714,56.44994454838484,-1.3183920588555635e-05,0.015979999999999998,0.021786499999999997,2.0289500901514015,0.32682926829268294,0.25104602510460255,0.3708424921206806,0.3575310068347251,0.014430555555555554,0.020119444444444454,uptrend,1,0,haussier,365,0,0,30,,,17.0,57.0,52.0,57.5,59.1,47.05,False,False,,0,,,,58,,,,,,,,,
CTSIUSDT,CTSI,Speculative,701,0.03362,369049.71438,-0.297,52.208788464528716,-0.0001707503258620098,0.031152199999999994,0.03413270000000001,1.2867352760735202,0.30408115121490914,0.20759613116301004,0.1266232096355595,0.09312400629060033,0.022987222222222232,0.03796777777777779,,0,0,neutre,365,0,0,30,,,17.0,57.0,56.5,47.0,50,46.86,False,False,,0,,,,56,30651204,33583977,912673431.7900137,1000000000.0,1000000000.0,91.3,,,
GIGGLEUSDT,GIGGLE,Speculative,609,37.24,7092020.40154,2.703,55.561484191204144,0.12086728008209846,30.600600000000007,,2.2172276504513646,0.4041054538136446,0.25035218353793515,0.677742169039018,0.46701122519025606,23.672222222222224,38.30388888888889,macd_bullish_cross,1,0,haussier,196,0,0,30,,,12.4,54.0,52.0,78.5,59.5,46.65,False,False,,0,,,,57,37284772,37284772,1000000.0,1000000.0,1000000.0,100.0,,,
NEIROUSDT,NEIRO,Speculative,566,9.836e-05,3396292.2612294,0.758,63.08497620900327,-4.594645389575228e-08,7.46804e-05,0.00010599709999999995,1.9734680420081054,0.3509361497839654,0.15490297097715963,0.35726993855130695,0.43749684891290486,5.6711944444444444e-05,9.724138888888889e-05,rsi_bearish_divergence|uptrend,1,1,mixte,365,0,0,30,,,17.0,57.0,52.0,68.0,38.3,46.58,False,False,,0,,,,53,41425490,41425490,420690000000.0,420690000000.0,420690000000.0,100.0,,,
SAPIENUSDT,SAPIEN,Speculative,,0.1043,1758487.16858,-4.4,64.78006000837718,0.0008041939629440126,0.081,,1.2974263753878292,0.33052631578947367,0.020676691729323248,0.23971027779211565,0.41657200935377114,0.06828055555555554,0.10063611111111109,macd_bullish_cross,1,0,haussier,184,0,0,30,,,12.0,45.0,67.0,68.0,59.5,46.53,False,False,,0,,,,57,,,,,,,,,
HOMEUSDT,HOME,Mid,481,0.01436,1031964.72425,5.822,36.07242059200804,8.027259166201771e-05,0.0178826,0.023030950000000015,0.8094908987100444,0.5545605306799336,0.5230514096185738,1.0333068009226303,0.4326494928709811,0.015040555555555554,0.029134444444444445,macd_bullish_cross|downtrend,1,1,mixte,331,0,0,30,,,30.1,46.0,55.0,68.0,42.5,46.5,False,False,,0,,,,48,53199531,143642326,3703611111.35,10000000000.0,10000000000.0,37.0,,,
AMPUSDT,AMP,Mid,368,0.00089,609505.104729,-0.336,43.380199655727544,7.964687517763461e-06,0.00096254,0.0017066699999999993,0.4496592357343445,0.47315855181023714,0.4450686641697877,0.21667517847348897,0.5120348673131758,0.0008729722222222224,0.0015481388888888893,doji_4h,0,0,neutre,365,0,0,30,,,31.0,28.0,79.0,57.5,50,46.29,False,False,,0,,,,48,77298725,88824058,86781022996.56946,99720178909.70996,100000000000.0,87.0,,,
WLFIUSDT,WLFI,Etabli,40,0.074,23435935.38921,8.664,51.11923709549092,0.0017022437329303024,0.08359000000000001,0.12326749999999999,0.955137675903519,0.5499587118084227,0.38893476465730803,0.463143573378025,0.2931247625757306,0.0690027777777778,0.11380555555555555,macd_bullish_cross|downtrend,1,1,mixte,250,0,0,30,,,41.8,37.0,53.5,78.5,42.5,46.22,False,False,,0,,,,48,2349356599,7394734805,31770667383.0,100000000000.0,100000000000.0,31.8,,,
BARUSDT,BAR,Speculative,,0.465,554905.01684,5.204,48.49068555676315,0.004032687206783157,0.50192,0.5544050000000004,0.4683929217763304,0.259581881533101,0.19337979094076646,0.2990198857146985,0.37060735012152113,0.4461111111111112,0.5614722222222222,macd_bullish_cross|double_top_90d|downtrend,1,2,baissier,365,0,0,30,,,17.0,37.0,83.5,57.5,24.5,46.14,False,False,,0,,,,48,,,,,,,,,
IDUSDT,ID,Speculative,,0.0327,931879.9978,0.307,52.27095441842144,0.00036596447213684447,0.03317,0.060149500000000015,0.6266348689081693,0.45683453237410065,0.4118705035971223,0.7819028506520461,0.6184227383311116,0.03075277777777779,0.05006944444444445,downtrend|doji_4h,0,1,baissier,365,0,0,30,,,17.0,46.0,68.5,57.5,33.0,45.88,False,False,,0,,,,51,,,,,,,,,
AIXBTUSDT,AIXBT,Speculative,648,0.0349,2212821.75973,-0.852,66.34633733075998,0.00046354697572479936,0.026704,0.035017000000000006,1.291604733903595,0.272108843537415,0.0,0.3153702806982803,0.44840976048598963,0.019794444444444448,0.03168333333333334,rsi_bearish_divergence|downtrend,0,2,baissier,365,0,0,30,,,17.0,48.0,67.0,68.0,12.2,45.73,False,False,,0,,,,43,34649603,34835681,994658423.1010208,1000000000.0,1000000000.0,99.5,,,
PROMUSDT,PROM,Speculative,620,2.001,1346318.01739,-3.613,54.6967805410579,-0.05161790647416692,1.54722,4.720529999999999,1.78500389973503,0.34986413043478265,0.17184265010351968,0.22172523043703812,0.15852076209519628,1.003638888888889,2.203888888888889,,0,0,neutre,365,0,0,30,,,17.0,57.0,46.0,68.0,50,45.68,False,False,,0,,,,54,36514400,38515189,18250000.0,19250000.0,19250000.0,94.8,,,
EULUSDT,EUL,Speculative,650,1.43,627717.53769,1.49,55.64119559374793,-0.015973674069228228,1.1404400000000003,2.63411,1.7150378271824898,0.37670068027210885,0.13940856970428492,0.12144475328677919,0.5101621978693597,0.8175555555555557,1.4560000000000002,,0,0,neutre,208,0,0,30,,,12.7,57.0,52.0,57.5,50,45.54,False,False,,0,,,,55,34423763,38752696,24146317.188470602,27182818.28459,27182818.0,88.8,,,
PIXELUSDT,PIXEL,Speculative,,0.00819,1043047.142128,-3.534,54.241302750310616,1.8708797467513314e-05,0.0078468,0.00918705,1.077371299631446,0.5665976535541752,0.4340924775707384,0.14694892276224425,0.19830553093103195,0.005047222222222223,0.010475555555555556,macd_bullish_cross,1,0,haussier,365,0,0,30,,,17.0,57.0,43.0,68.0,59.5,45.47,False,False,,0,,,,56,,,,,,,,,
FOGOUSDT,FOGO,Mid,376,0.0199,606476.84666,1.531,57.21960430184626,0.00020498521810462345,0.018498399999999998,,0.62836834556789,0.4517092598738799,0.34052439429140396,0.1503537678733412,0.19588289314897087,0.017190555555555556,0.02631250000000001,downtrend,0,1,baissier,114,0,0,30,,,24.1,45.0,62.5,57.5,33.0,45.44,False,False,,0,,,,49,75799607,198347525,3818806442.270644,9992806445.33495,,38.2,,,
CHRUSDT,CHR,Speculative,,0.02688,562007.21206,3.028,65.13526418105539,0.00019238653609941455,0.019449399999999995,0.03754034999999999,1.2170762036676448,0.5160142348754448,0.04412811387900361,0.1668106826159835,0.36994184546959985,0.01493888888888889,0.026848888888888884,uptrend,1,0,haussier,365,0,0,30,,,17.0,48.0,58.0,57.5,59.1,45.4,False,False,,0,,,,53,,,,,,,,,
KITEUSDT,KITE,Mid,134,0.1597,4344319.68396,2.11,55.87962541271727,0.0026500037809906833,0.15793200000000004,,0.751284685566914,0.5760399334442595,0.46888519134775375,0.10528448086665604,0.16263250982706473,0.13512500000000002,0.2699972222222223,,0,0,neutre,187,0,0,30,,,26.1,45.0,53.5,68.0,50,45.34,False,False,,0,,,,52,362513173,1594687103,2273255814.0,10000000000.0,10000000000.0,22.7,,,
1000SATSUSDT,1000SATS,Speculative,,1.558e-05,747352.49502216,-0.638,60.0543142131132,2.377928416950412e-08,1.2816200000000003e-05,1.5286999999999988e-05,1.5853548102382695,0.2718918918918919,0.15837837837837843,0.23712833805768815,0.4195788039024576,1.0515555555555556e-05,1.5663055555555557e-05,macd_bullish_cross|double_bottom_90d|downtrend|evening_star_4h,2,2,mixte,365,0,0,30,,,17.0,57.0,52.0,57.5,27.2,45.04,False,False,,0,,,,50,,,,,,,,,
COWUSDT,COW,Mid,303,0.1797,403210.92621,0.0,39.26205398853663,-7.01236518473973e-05,0.19926200000000002,0.20666199999999985,0.5911677318259093,0.2927710843373494,0.2795180722891566,0.2752805253532618,0.5144803631418609,0.18057499999999993,0.2413472222222222,macd_bearish_cross|double_top_90d|morning_star_4h,1,2,baissier,365,0,0,30,,,31.0,28.0,83.5,47.0,21.2,44.86,False,False,,0,,,,42,100062669,179703467,556821025.0541052,1000000000.0,1000000000.0,55.7,,,
MLNUSDT,MLN,Speculative,,3.11,88899.82521,-0.321,50.102724891710885,0.016033892620608448,3.165199999999999,4.447049999999999,0.6897986502945933,0.2849740932642487,0.19430051813471502,0.09599438956420107,0.5311875401436998,3.007777777777777,3.802222222222222,bull_flag,1,0,haussier,365,0,0,30,,,17.0,37.0,73.0,47.0,62.5,44.83,False,False,,0,,,,56,,,,,,,,,
ALLOUSDT,ALLO,Speculative,,0.1086,1090828.33204,-1.362,45.57884976019616,-0.0011312957416541789,0.111206,,0.9877338181332772,0.29582712369597625,0.1943620178041543,0.15521815202042868,0.2514190323953658,0.08731666666666667,0.12950555555555554,macd_bearish_cross|uptrend|doji_4h,1,1,mixte,179,0,0,30,,,11.9,45.0,67.0,68.0,30.8,44.69,False,False,,0,,,,50,,,,,,,,,
PIVXUSDT,PIVX,Speculative,,0.0806,360836.7867,6.473,57.79056504486822,0.0016389720718735477,0.08063599999999999,0.1347570000000001,0.8408046114869161,0.3421052631578947,0.1842105263157894,0.48082131239977854,0.5342533646132385,0.07173333333333332,0.0953472222222222,macd_bullish_cross,1,0,haussier,365,0,0,30,,,17.0,37.0,73.0,47.0,59.5,44.64,False,False,,0,,,,55,,,,,,,,,
ZAMAUSDT,ZAMA,Mid,439,0.02824,2350269.37351,-0.282,52.78738749980358,-8.507220607923967e-05,0.0259484,,1.3906585282121415,0.355136864557412,0.15802027429934404,0.08469097807769257,0.12662894433442137,0.019534166666666672,0.029971944444444447,downtrend,0,1,baissier,96,0,0,30,,,23.6,45.0,56.5,68.0,33.0,44.54,False,False,,0,,,,48,62147360,310736802,2200000000.0,11000000000.0,,20.0,,,
ONTUSDT,ONT,Mid,427,0.06357,1486833.2421,1.501,37.58235195202777,-0.0012737514441535825,0.0738386,0.06505779999999999,0.8147888796102979,0.4322268945155229,0.4311532611613134,0.4360011827268455,0.22256227568744816,0.040804444444444456,0.09134250000000002,downtrend,0,1,baissier,365,0,0,30,,,31.0,36.0,62.5,68.0,33.0,44.49,False,False,,0,,,,44,63662353,63662353,1000000000.0,1000000000.0,,100.0,,,
BERAUSDT,BERA,Mid,301,0.387,2987237.782486,0.259,46.44961828877004,0.0045745879326499796,0.41806,0.7603749999999998,0.5995475334776168,0.6135629709364909,0.5834230355220668,0.3652472278706277,0.14933774475129946,0.3791388888888889,0.694138888888889,downtrend,0,1,baissier,365,0,0,30,,,31.0,37.0,59.5,68.0,33.0,44.04,False,False,,0,,,,47,100351990,208136698,259673997.3578411,538581133.5361096,,48.2,,,
PONDUSDT,POND,Speculative,,0.0021,190652.17478,-2.778,37.59549986945952,-3.06446494836434e-05,0.0022676000000000003,0.003467249999999999,0.6979361755090462,0.2313432835820895,0.22014925373134336,0.2552058387415647,0.5601208604511996,0.0021261111111111116,0.0026108333333333344,,0,0,neutre,365,0,0,30,,,17.0,28.0,85.0,47.0,50,44.02,False,False,,0,,,,49,,,,,,,,,
AUDIOUSDT,AUDIO,Speculative,730,0.02034,376578.712237,-1.022,52.327077634976135,-0.00010827996790650334,0.0190684,0.02669630000000001,1.7603774642292962,0.2512539899680803,0.19590067008277487,0.15198364621916105,0.2696131054785685,0.01696777777777778,0.023135000000000003,doji_4h,0,0,neutre,365,0,0,30,,,17.0,57.0,46.0,47.0,50,44.0,False,False,,0,,,,54,28854170,28854170,1418845410.0,1418845410.345742,,100.0,,,
PORTOUSDT,PORTO,Speculative,,0.857,544075.24273,3.378,39.5768524934063,-0.0009417956991985416,0.95112,1.0314800000000002,0.6254600052936398,0.33002481389578164,0.2911497105045493,0.7356491198811973,0.47025011557270996,0.8705000000000002,1.1281666666666668,downtrend|doji_4h,0,1,baissier,365,0,0,30,,,17.0,37.0,73.0,57.5,33.0,43.81,False,False,,0,,,,46,,,,,,,,,
SOLVUSDT,SOLV,Speculative,,0.00445,992440.2256,2.064,53.27094400763146,9.268090832456973e-06,0.0040463999999999995,0.010011900000000004,1.5292404809155793,0.44216417910447764,0.19856887298747775,0.22397821745110022,0.07056656303271566,0.003373333333333334,0.005212222222222223,downtrend,0,1,baissier,365,0,0,30,,,17.0,57.0,46.0,57.5,33.0,43.77,False,False,,0,,,,50,,,,,,,,,
CFGUSDT,CFG,Mid,216,0.2778,12881241.58109,-0.927,66.18513698938067,0.005355449179973432,0.19749399999999995,,1.361509189426645,0.2913978494623656,0.04209799861973771,0.24179699522013035,,0.13766666666666663,0.26859523809523816,macd_bullish_cross,1,0,haussier,54,0,0,30,,,22.5,36.0,57.0,78.5,59.5,43.64,False,False,,0,,,,49,160597025,189213921,577156141.0,680000000.0,,84.9,,,
EDUUSDT,EDU,Speculative,604,0.0504,3942332.4712,7.234,50.58540522764978,0.0009780104735331008,0.05315600000000001,0.12236550000000002,2.398932116540195,0.7052631578947367,0.6456140350877192,2.114398120506704,0.2329327512310235,0.044997222222222216,0.12900555555555554,,0,0,neutre,365,0,0,30,,,17.0,64.0,28.0,68.0,50,43.34,False,False,,0,,,,58,38487473,50815767,757392361.0,1000000000.0,,75.7,,,
ATUSDT,AT,Speculative,605,0.165,302049.02568,0.0,49.41781074140205,-0.001235571659092622,0.157978,,1.0072779731602375,0.2304199772985244,0.1520287621982538,0.10507677559866539,0.21898286912784568,0.14017777777777776,0.17240555555555556,macd_bearish_cross|double_bottom_90d,1,1,mixte,163,0,0,30,,,11.5,45.0,68.5,47.0,29.9,43.26,False,False,,0,,,,50,37975825,165112283,230000000.0,1000000000.0,1000000000.0,23.0,,,
NIGHTUSDT,NIGHT,Mid,104,0.0324,3907126.93584,1.092,39.49104296304173,0.00021749353430418165,0.039248200000000004,,0.6797305031639748,0.4234546504910456,0.37608318890814557,0.022735024398583607,,0.032359565217391306,0.05082434782608697,macd_bullish_cross,1,0,haussier,59,0,0,30,,,22.6,36.0,58.5,68.0,59.5,43.24,False,False,,0,,,,49,538623604,778385958,16607399400.63495,24000000000.0,24000000000.0,69.2,,,
PHBUSDT,PHB,Speculative,,0.111,375545.6778,0.0,50.75456494496087,-5.4223873036236836e-05,0.10534000000000003,0.22703000000000004,1.6488963720273238,0.49710982658959535,0.35838150289017334,0.18475657604224727,0.1347729984538444,0.09402777777777777,0.16658333333333336,,0,0,neutre,365,0,0,30,,,17.0,57.0,41.5,47.0,50,42.78,False,False,,0,,,,54,,,,,,,,,
HYPERUSDT,HYPER,Speculative,614,0.1092,859124.69981,1.393,50.04408816540764,-0.0022010148032919384,0.09928200000000001,0.12116649999999997,2.030980108681987,0.33877038895859474,0.31367628607277287,0.3607210739778105,0.17460729488991386,0.08516944444444444,0.1203027777777778,macd_bearish_cross|uptrend|doji_4h,1,1,mixte,365,0,0,30,,,17.0,57.0,41.5,57.5,30.8,42.41,False,False,,0,,,,49,36953992,88221414,338174017.0,807333335.0000001,1000000000.0,41.9,,,
ONGUSDT,ONG,Speculative,662,0.07044,589081.20865,2.205,41.920012789591084,-0.0006983000653511739,0.07528040000000003,0.08216890000000002,0.8675653112909978,0.32299766718506995,0.31551321928460346,0.7855767054981065,0.23185561554115058,0.05923027777777777,0.08898999999999999,support_bounce,1,0,haussier,365,0,0,30,,,17.0,37.0,62.5,57.5,51.2,42.1,False,False,,0,,,,48,33011817,56259145,469425076.0,800000000.0,1000000000.0,58.7,,,
ZKPUSDT,ZKP,Speculative,,0.0883,712738.75401,2.317,57.27346702937569,0.00023732341649247268,0.07577600000000001,,1.2013950931238206,0.4640258690379952,0.28617623282134197,0.3970031589572779,0.19403270942087633,0.06920555555555556,0.09837777777777776,,0,0,neutre,122,0,0,30,,,10.3,45.0,56.5,57.5,50,41.86,False,False,,0,,,,53,,,,,,,,,
币安人生USDT,币安人生,Mid,128,0.3749,9814315.48727,3.879,57.5171321578872,-0.01168439392881554,0.22505199999999997,,2.890338100706146,0.6386925795053005,0.21942071264846844,0.1095830557184046,0.07363431320254545,0.048666666666666664,0.4024777777777777,doji_4h,0,0,neutre,122,0,0,30,,,24.3,45.0,37.0,78.5,50,41.29,False,False,,0,,,,49,375582790,375582790,1000000000.0,1000000000.0,1000000000.0,100.0,,,
C98USDT,C98,Speculative,,0.0221,405348.10137,-0.45,52.37846943744353,0.00029233028398627844,0.023019999999999992,0.02629700000000001,0.7013614498644997,0.4104938271604938,0.32098765432098764,0.27988104428548694,0.22037835106244189,0.020408333333333334,0.030530555555555547,doji_4h,0,0,neutre,365,0,0,30,,,17.0,37.0,62.5,47.0,50,41.18,False,False,,0,,,,51,,,,,,,,,
MANTRAUSDT,MANTRA,Mid,486,0.01038,1004862.72391,1.965,43.182847174987025,0.00010935327140543428,0.010944199999999998,,0.5012141129001508,0.591098169717138,0.569467554076539,0.13843288811280197,,0.010117307692307695,0.017935,downtrend,0,1,baissier,66,0,0,30,,,22.8,36.0,55.5,68.0,33.0,40.79,False,False,,0,,,,43,52072916,74269366,5022478269.101218,7163345270.872815,10000000000.0,70.1,,,
VICUSDT,VIC,Speculative,,0.048,309442.06557,-1.84,44.58249474476443,-0.0007616520245952943,0.048729999999999996,0.07854000000000005,0.9857079203348749,0.3316582914572865,0.19597989949748745,0.24060363948165606,0.31378602821258167,0.042866666666666664,0.05874722222222221,,0,0,neutre,365,0,0,30,,,17.0,28.0,73.0,47.0,50,40.75,False,False,,0,,,,47,,,,,,,,,
SXTUSDT,SXT,Speculative,626,0.0139,2051735.053144,0.434,31.945836284972117,-0.00031834536668642053,0.016335400000000003,0.026828349999999997,0.6395901504404,0.42731092436974794,0.41680672268907565,0.9900945424760287,0.3180003561903974,0.015318611111111111,0.022666666666666672,double_top_90d|uptrend,1,1,mixte,365,0,0,30,,,17.0,28.0,68.5,68.0,41.1,40.65,False,False,,0,,,,44,36087899,69431486,2598813644.2665,5000000000.0,5000000000.0,52.0,,,
COSUSDT,COS,Speculative,,0.001165,356339.01099,-1.02,46.30250239957309,6.633669995906353e-06,0.0012786400000000004,0.0013620500000000003,0.3404768870505911,0.5142610198789974,0.496542783059637,0.08611089434376938,0.026085414387420347,0.0009842777777777777,0.0016786944444444445,downtrend,0,1,baissier,365,0,0,30,,,17.0,37.0,64.0,47.0,33.0,40.52,False,False,,0,,,,47,,,,,,,,,
XVGUSDT,XVG,Mid,450,0.003631,529260.788508,-3.044,46.618042308884206,9.076265210685347e-05,0.004116260000000002,0.005674950000000003,1.0757952086548521,0.5314984709480123,0.44571865443425074,0.21784227833074835,0.3860924707314818,0.003408722222222222,0.006065333333333335,downtrend,0,1,baissier,365,0,0,30,,,31.0,37.0,49.0,57.5,33.0,40.34,False,False,,0,,,,45,59952572,60072495,16521951235.74134,16555000000.0,,99.8,,,
GNSUSDT,GNS,Speculative,,0.564,190539.16794,1.439,35.78176567377561,-0.0015206561691383097,0.6864999999999999,1.0202550000000004,0.8499537942600011,0.43946188340807174,0.3699551569506726,0.7607831780221185,0.5075889177716629,0.6070833333333334,0.8619722222222224,downtrend|evening_star_4h,0,2,baissier,365,0,0,30,,,17.0,37.0,68.5,47.0,2.7,39.83,False,False,,0,,,,38,,,,,,,,,
GPSUSDT,GPS,Speculative,652,0.00772,869963.226813,-3.98,45.679306072094235,-9.754779909752233e-06,0.0080758,0.00760045,1.1450969022016386,0.5336963921034718,0.47515316541865216,0.21154744668827236,0.13008322239276573,0.00749861111111111,0.012342777777777777,,0,0,neutre,365,0,0,30,,,17.0,45.0,43.0,57.5,50,39.64,False,False,,0,,,,50,34005826,77126456,4409100001.78,10000000000.0,10000000000.0,44.1,,,
DYMUSDT,DYM,Speculative,,0.0198,1434247.57198,-1.98,49.590116750319574,0.0004919376310698281,0.021428000000000003,0.05642800000000002,1.0513435504874984,0.6852886405959032,0.6312849162011174,0.8658796998799811,0.2885427687547748,0.017947222222222222,0.04468055555555554,,0,0,neutre,365,0,0,30,,,17.0,46.0,38.5,68.0,50,39.62,False,False,,0,,,,50,,,,,,,,,
REQUSDT,REQ,Mid,494,0.0687,174140.4003,-2.553,44.379330442013476,-0.0007952269003041805,0.07002200000000001,0.09169100000000001,1.468871867597175,0.31293881644934796,0.31193580742226684,0.29070573497552066,0.30453465897487925,0.06284444444444443,0.08306944444444443,bear_flag|uptrend|doji_4h,1,1,mixte,365,0,0,30,,,31.0,28.0,58.0,47.0,46.6,39.52,False,False,,0,,,,44,51074217,68581260,744291192.2591633,999416740.9347086,1000000000.0,74.5,,,
LUMIAUSDT,LUMIA,Speculative,,0.1131,1275882.882338,-1.652,44.939925242645714,-0.007260423989091918,0.10225200000000001,0.10571100000000005,1.6837395905245995,0.40391741662255165,0.39968237162519854,0.41773892755690867,0.22614821982758884,0.06025277777777779,0.14521944444444443,macd_bearish_cross,0,1,baissier,365,0,0,30,,,17.0,48.0,41.5,68.0,21.7,39.38,False,False,,0,,,,41,,,,,,,,,
ESPUSDT,ESP,Speculative,611,0.07135,715773.34659,-0.196,48.06503501243797,0.0008435493780151976,0.076864,,0.7474397293575762,0.6274085179632406,0.603642623132878,0.06038373422885005,,0.06397411764705883,0.1278829411764706,uptrend,1,0,haussier,86,0,0,30,,,9.4,45.0,45.0,57.5,59.1,39.08,False,False,,0,,,,53,37099616,255859418,520550000.0,3590000000.0,,14.5,,,
KERNELUSDT,KERNEL,Speculative,,0.0644,285555.19774,1.258,40.107766598033464,0.0008493915505579418,0.08102200000000001,0.0839645,0.832011520571962,0.4920502092050209,0.4610878661087866,0.18693618185096936,0.20953813532953733,0.061661111111111104,0.10456944444444445,macd_bullish_cross|uptrend,2,0,haussier,365,0,0,30,,,17.0,28.0,62.5,47.0,68.7,39.07,False,False,,0,,,,50,,,,,,,,,
THEUSDT,THE,Speculative,,0.104,641938.573,-0.574,46.4436496251563,0.0018404061613285522,0.10730200000000004,0.18983450000000002,0.6105908603141564,0.6676086188625927,0.6329918756623102,0.2144281318227206,0.2932193307378881,0.09864166666666666,0.2840388888888889,uptrend|doji_4h,1,0,haussier,365,0,0,30,,,17.0,37.0,49.0,57.5,59.1,38.92,False,False,,0,,,,51,,,,,,,,,
ROBOUSDT,ROBO,Mid,495,0.02288,3601521.6348,5.633,56.29211265406652,0.0004977010327550166,0.020655200000000002,,1.5246091209289014,0.631578947368421,0.4813974591651543,0.09088656847433316,,0.017700384615384614,0.041559615384615375,uptrend,1,0,haussier,66,0,0,30,,,22.8,45.0,28.5,68.0,59.1,38.38,False,False,,0,,,,50,51149597,229267580,2231000000.0,10000000000.0,10000000000.0,22.3,,,
NFPUSDT,NFP,Speculative,,0.0133,708389.70535,-0.3,44.66969903004333,-0.0002923044776961,0.014450800000000001,0.022682599999999997,1.7333843662732349,0.32540540540540536,0.2821621621621621,0.5033662807667019,0.35911003351322535,0.013156111111111111,0.017743055555555554,double_top_90d|support_bounce,1,1,mixte,365,0,0,30,,,17.0,37.0,52.0,57.5,33.2,38.11,False,False,,0,,,,42,,,,,,,,,
SAGAUSDT,SAGA,Speculative,,0.01776,1399537.321997,-5.179,33.41539383085481,0.0004748879641301739,0.0240626,0.051587150000000054,0.9979037443141421,0.5245810055865922,0.5033519553072625,1.0,0.4050363438692028,0.017741111111111107,0.034463888888888884,,0,0,neutre,365,0,0,30,,,17.0,28.0,55.0,68.0,50,37.53,False,False,,0,,,,44,,,,,,,,,
ENSOUSDT,ENSO,Speculative,,0.935,980660.50425,2.634,50.04905498003284,0.007105543549755928,0.9511400000000001,1.042355,0.9664076798684829,0.7071161048689139,0.6498127340823969,0.227841974145151,0.07471946873984195,0.850611111111111,1.6794444444444447,,0,0,neutre,207,0,0,30,,,12.7,37.0,49.0,57.5,50,37.4,False,False,,0,,,,49,,,,,,,,,
STOUSDT,STO,Speculative,,0.0883,1428577.18712,2.436,44.017301175994085,0.0011504129892761297,0.1184,0.10637400000000001,0.8228166940157945,0.8116491854496765,0.8029457710332515,0.18859373274664182,0.03506710595953034,0.05550833333333333,0.20718333333333336,doji_4h,0,0,neutre,365,0,0,30,,,17.0,36.0,43.0,68.0,50,37.19,False,False,,0,,,,45,,,,,,,,,
SYSUSDT,SYS,Speculative,,0.00913,142285.98891,-1.297,42.738930169912855,1.8157314995103496e-05,0.010234199999999997,0.01684115,1.1217057751113713,0.40456431535269716,0.36791147994467494,0.4291363531225509,0.4060319838157497,0.009323055555555555,0.013183333333333339,macd_bullish_cross|double_bottom_90d|downtrend,2,1,haussier,365,0,0,30,,,17.0,28.0,58.0,47.0,50.7,36.71,False,False,,0,,,,45,,,,,,,,,
MBOXUSDT,MBOX,Speculative,,0.012,639990.71876,-2.439,44.14898674704184,4.411144421435123e-05,0.013234,0.026502500000000002,1.0173996016338849,0.4838709677419355,0.45161290322580644,0.3464113322868176,0.14560045456767576,0.011841666666666665,0.02083055555555555,macd_bullish_cross,1,0,haussier,365,0,0,30,,,17.0,28.0,52.0,57.5,59.5,36.47,False,False,,0,,,,46,,,,,,,,,
FFUSDT,FF,Mid,230,0.06454,1538096.054968,0.14,41.76341219858481,-2.403156730517754e-05,0.0713914,0.0934577,1.797344641409876,0.4353809697411593,0.41213999270871304,0.2786591097831235,0.19289009290012368,0.06564388888888889,0.08547194444444445,,0,0,neutre,222,0,0,30,,,27.1,28.0,41.5,68.0,50,36.06,False,False,,0,,,,42,150948591,645079450,2340000000.0,10000000000.0,10000000000.0,23.4,,,
RESOLVUSDT,RESOLV,Speculative,,0.0322,674936.21797,-0.31,46.434137661195436,0.001059172346847075,0.036902,0.07071249999999998,0.8539238074570599,0.7685881370091896,0.7318295739348372,0.15843742161608568,-0.012958826071396368,0.03016388888888888,0.08328888888888887,downtrend,0,1,baissier,332,0,0,30,,,16.1,37.0,43.0,57.5,33.0,35.44,False,False,,0,,,,44,,,,,,,,,
OPNUSDT,OPN,Speculative,,0.1962,1240069.33275,6.515,53.84430721598576,0.004344421987287914,0.18827000000000002,,1.6718842289129277,0.5834013605442177,0.4688435374149659,0.03281925204560846,,0.15944230769230766,0.3310115384615385,uptrend,1,0,haussier,65,0,0,30,,,8.8,45.0,28.5,68.0,59.1,35.31,False,False,,0,,,,50,,,,,,,,,
PARTIUSDT,PARTI,Speculative,,0.0502,3006326.50029,-0.986,51.04280978430322,0.0024944655215567314,0.061718,0.08448100000000001,2.2878940850506777,0.6457765667574932,0.5440508628519528,0.5526374511809353,0.15731951765083554,0.04119722222222221,0.10590555555555554,evening_star_4h,0,1,baissier,365,0,0,30,,,17.0,46.0,28.0,68.0,19.6,34.85,False,False,,0,,,,41,,,,,,,,,
GUNUSDT,GUN,Speculative,,0.01499,2920147.14434,-8.037,46.345676466003916,6.819536132136644e-05,0.016793,0.01878925,1.920694988723346,0.5548838689150493,0.5237034680241807,0.4118215795505763,0.05143977733222936,0.014633055555555555,0.02910916666666667,macd_bullish_cross,1,0,haussier,365,0,0,30,,,17.0,37.0,28.0,68.0,59.5,34.07,False,False,,0,,,,48,,,,,,,,,
BARDUSDT,BARD,Mid,333,0.2746,674130.44977,0.808,33.32984977203553,0.006592348920333342,0.3366000000000001,0.6909810000000002,0.6529499188148544,0.8390628679067578,0.8385919472568872,0.13410842801102943,0.38936589809067446,0.28509722222222217,1.1432694444444447,,0,0,neutre,233,0,0,30,,,27.4,19.0,49.0,57.5,50,34.04,False,False,,0,,,,41,85718552,274573942,312187500.0,1000000000.0,1000000000.0,31.2,,,
KATUSDT,KAT,Speculative,,0.00973,2622508.61672,6.339,47.27033434948896,-0.00028503920224676145,0.010415999999999998,,3.2102155501379377,0.6202020202020202,0.6068686868686869,0.12607066325051072,,0.008142,0.015339999999999998,,0,0,neutre,52,0,0,30,,,8.4,45.0,24.0,68.0,50,33.43,False,False,,0,,,,47,,,,,,,,,
LAUSDT,LA,Speculative,,0.1398,458756.89665,-0.285,33.86381560143069,-0.0003476203944317354,0.169944,0.2787084999999999,0.6937803163612709,0.46495327102803735,0.45560747663551393,0.35430005344670823,0.264572264149329,0.14973888888888892,0.25265,double_top_90d,0,1,baissier,304,0,0,30,,,15.3,19.0,62.5,47.0,32.0,33.1,False,False,,0,,,,38,,,,,,,,,
NOMUSDT,NOM,Speculative,,0.00258,2359668.36501,-2.642,43.471820383153535,4.4344794652889316e-05,0.0035032,0.007750400000000002,1.9690220211310314,0.7082683307332293,0.6871980676328502,0.40417767499737733,0.17750673384272475,0.002410555555555556,0.006577222222222222,,0,0,neutre,220,0,0,30,,,13.0,28.0,28.0,68.0,50,29.31,False,False,,0,,,,40,,,,,,,,,
SIGNUSDT,SIGN,Speculative,706,0.01574,342060.84343,-0.317,25.826137403638057,0.0006459430094971088,0.027402799999999995,0.034575100000000004,1.4695489131957091,0.7260201377848436,0.7226638403108991,0.04916508693377254,-0.0078045190154648935,0.016387500000000003,0.04933138888888889,downtrend|doji_4h,0,1,baissier,365,0,0,30,,,17.0,19.0,38.5,47.0,33.0,26.99,False,False,,0,,,,41,30338362,157193584,1930000000.0,10000000000.0,10000000000.0,19.3,,,
XUSDUSDT,XUSD,Mid,426,1.0,9991828.2298,-0.02,52.381456741088975,3.439144836693187e-05,0.99996,1.0002780000000009,0.004198798543906768,0.0016983016983016224,0.000999000999000889,1.1710017309228715,0.028723066749237844,0.999577777777778,1.0011138888888889,resistance_test|doji_4h,0,1,baissier,365,0,0,30,,,31.0,75.0,94.0,78.5,46.5,69.02,False,True,,0,,,,67,63902022,63902022,63913176.001,63913176.001,,100.0,,,
TUSDUSDT,TUSD,Mid,111,0.9995,211776.3644,0.05,53.04172815097973,-6.487093207060544e-05,0.9991019999999995,0.9984110000000002,0.012601432496561277,0.003394907638542256,0.0019970044932601113,0.3359805920754158,0.14497464115096015,0.9981944444444449,1.0009583333333334,support_bounce|resistance_test|doji_4h,1,1,mixte,365,0,0,30,,,31.0,73.0,94.0,47.0,47.8,65.85,False,True,,0,,,,66,494091946,494091946,494515083.0,494515083.0,,100.0,,,
BFUSDUSDT,BFUSD,Etabli,61,0.9994,11068151.2164,-0.01,52.510302993495806,1.978455992026582e-06,0.9993940000000002,0.9995330000000018,0.0019442465481658553,0.001000100010001001,0.000400040004000356,0.27147336836976715,-0.25466131512503254,0.9990444444444441,0.9997166666666671,macd_bullish_cross|resistance_test|doji_4h,1,1,mixte,269,0,0,30,,,42.4,57.0,94.0,78.5,56.0,65.53,False,True,,0,,,,64,1318944011,1318944011,1320000000.0,1320000000.0,,100.0,,,
USDCUSDT,USDC,Etabli,6,1.00002,1955418908.07077,0.004,56.31229333014386,2.546762378040132e-05,0.9999442000000002,1.0001910500000002,0.00239720871490405,0.0012990906365543799,0.0006795243329669372,0.30468771589686583,-0.15244276316102068,0.9995199999999996,1.0005444444444436,support_bounce|resistance_test|downtrend|doji_4h,1,2,baissier,365,0,0,30,,,45.0,57.0,94.0,78.5,30.8,64.52,False,True,,0,,,,58,78361485495,78371776751,78371799423.46404,78382092033.61427,,100.0,,,
FDUSDUSDT,FDUSD,Mid,122,0.9992,27134773.8534,0.0,53.513319772739486,8.38349756226026e-05,0.999202,0.9989215000000002,0.004078738332279902,0.0025981812731087598,0.001498950734485806,0.2254915963462635,0.39477733527447606,0.9986749999999999,1.0059833333333332,doji_4h,0,0,neutre,365,0,0,30,,,31.0,45.0,100.0,78.5,50,59.91,False,True,,0,,,,60,403318994,403318994,403732757.782183,403732757.782183,,100.0,,,
UUSDT,U,Etabli,70,1.0,10400957.0984,0.01,49.58243182312674,3.0577365792038175e-06,0.9999859999999998,,0.0027702452859658683,0.001199160587588556,0.000799440391725704,0.2403906284503514,-0.14686100743360248,0.9995361111111111,1.0008027777777768,resistance_test|doji_4h,0,1,baissier,116,0,0,30,,,38.2,45.0,94.0,78.5,46.5,59.63,False,True,,0,,,,58,1027911464,1027911464,1027858682.01,1027858682.01,,100.0,,,
RLUSDUSDT,RLUSD,Etabli,55,1.0001,27744078.6664,0.0,51.71513926753007,1.940826177786348e-05,1.0000620000000005,,0.0027020517163157246,0.0009994003597840195,0.0004997001798920098,0.056702796449338184,-0.08644865388142774,0.9995916666666671,1.0006361111111106,resistance_test,0,1,baissier,107,0,0,30,,,37.9,45.0,94.0,78.5,46.5,59.57,False,True,,0,,,,58,1554496977,1554496977,1554641014.407381,1554641014.407381,,100.0,,,
USDEUSDT,USDE,Etabli,28,0.9996,2861698.2903,0.01,51.752884507963905,3.3478495879764856e-05,0.9995720000000002,0.9995310000000001,0.004396710149081595,0.0010997800439911916,0.000699860027994324,0.25758063855445945,0.10721027797422228,0.9989611111111105,1.0000472222222223,resistance_test|doji_4h,0,1,baissier,242,0,0,30,,,41.6,45.0,94.0,68.0,46.5,59.54,False,True,,0,,,,58,3962494255,3962494255,3965254618.580616,3965254618.580616,,100.0,,,
USD1USDT,USD1,Etabli,24,0.9995,140560174.5344,-0.02,42.230856166560585,-5.3522365036223356e-05,0.9997659999999999,0.9998279999999997,0.004797494473039865,0.0019984012789767097,0.001298960831334789,0.4691310705125097,-0.046554995748758286,0.9984527777777775,1.0003333333333329,macd_bearish_cross|resistance_test|uptrend|doji_4h,1,2,baissier,352,0,0,30,,,44.6,28.0,94.0,78.5,27.3,53.61,False,True,,0,,,,45,4467902969,4467902969,4470544784.24669,4470544784.24669,,100.0,,,
USDPUSDT,USDP,Speculative,578,0.9997,77366.783,-0.02,47.008068717274575,2.4004287540714386e-06,0.9999139999999994,1.0000524999999991,0.004196442957114114,0.001598880783451519,0.00099930048965713,0.30608152903319696,0.10998010426646365,0.9994333333333336,1.0005249999999992,resistance_test|doji_4h,0,1,baissier,365,0,0,30,,,17.0,37.0,94.0,47.0,46.5,49.54,False,True,,0,,,,55,40558109,40558109,40569459.93027243,40569459.93027243,,100.0,,,
FRAXUSDT,FRAX,Mid,163,0.4704,135163.47315,-2.305,51.898455928494045,0.0009529558378797674,0.4470239999999998,,0.6886534980137674,0.4621917808219178,0.3543835616438356,0.06802981364555907,0.25370626303351335,0.41281111111111113,0.6781833333333332,uptrend,1,0,haussier,114,0,0,30,,,24.1,45.0,62.5,47.0,59.1,46.24,False,True,,0,,,,56,275040129,275040129,275935184.0102677,275935184.0102677,,100.0,,,
