symbol,base,tier,rank_mcap,price,vol_24h_usd,change_24h_pct,rsi_14,macd_hist,ma_50,ma_200,vol_30d_ann,drawdown_90d,dist_to_high_90d,vol_ratio_vs_med90,corr_btc_90d,support_90d,resistance_90d,patterns,bull_signals,bear_signals,bias,age_days,n_red_flags,audit_score,team_score,github_commits_30d,github_contrib_90d,score_solidity,score_momentum,score_risk,score_antiscam,score_signal,score,score_quality,alpha_vs_btc,vs_btc_label,suspect,stablecoin,categories,catalyst_score,catalyst_flags,trending_rank,vol_spike_ratio,bull_prob_7d,exit_risk,exit_label,exit_reasons,market_cap,fdv,circulating_supply,total_supply,max_supply,circ_ratio_pct,tvl,tvl_fmt,tvl_change_7d
1000SATSUSDT,1000SATS,Speculative,,1.03e-05,6924870.45828712,13.812,59.56728447921622,1.1259387308512072e-07,9.5704e-06,1.1927049999999995e-05,0.7175772312488766,0.4400749063670411,0.35580524344569286,10.645154054892904,0.39654406847255447,9.06027777777778e-06,1.4651944444444443e-05,,0,0,neutre,365,0,0,30,,,17.0,84.0,68.5,78.5,50,75,45.3,30,🟢 Surperforme BTC,False,False,,3,⚡ Volume ×10.7 vs médiane,,10.65,75,0,,,,,,,,,,,
AEVOUSDT,AEVO,Speculative,829,0.01992,1480088.1291823,7.27,58.417754737113526,8.951069582702746e-05,0.018834799999999995,0.02473514999999999,0.4298976360950749,0.4579617834394904,0.36878980891719737,4.806017283106272,0.5476353072673651,0.017881111111111108,0.028758333333333337,squeeze_breakout|uptrend,2,0,haussier,365,0,0,30,,,17.0,84.0,79.0,68.0,50,75,43.34,30,🟢 Surperforme BTC,False,False,,2,⚡ Volume ×4.8 vs médiane,,4.81,75,0,,,18300433,19952792,917186568.1777492,1000000000.0,1000000000.0,91.7,14703247,$15M,-0.27
DIAUSDT,DIA,Speculative,,0.1121,3040345.00424,7.478,50.236706761557535,0.0010664292832050018,0.11052999999999999,0.17240750000000005,1.2998001646030188,0.5416281221091582,0.482886216466235,6.949390704618488,0.4094293051175976,0.10123055555555555,0.19951944444444444,doji_4h,0,0,neutre,365,0,0,30,,,17.0,84.0,49.0,68.0,50,72,41.54,27,🟢 Surperforme BTC,False,False,,3,⚡ Volume ×7.0 vs médiane,,6.95,72,0,,,,,,,,,,,
MMTUSDT,MMT,Mid,469,0.2119,35737439.58331,-29.671,58.26058276051796,0.0037938841498624705,0.16952999999999996,0.14439499999999994,1.7957379982234896,0.32516556291390725,0.16915227629513352,4.451078760950566,0.3029677286264169,0.11423055555555554,0.20046666666666668,macd_bullish_cross|resistance_test,1,1,mixte,271,0,0,30,,,28.4,100.0,52.0,78.5,31.7,71,50.99,26,🟢 Surperforme BTC,False,False,,2,⚡ Volume ×4.5 vs médiane,,4.45,71,0,,,42305148,207281217,204095424.0,1000000000.0,1000000000.0,20.4,4568259,$5M,-1.39
EULUSDT,EUL,Speculative,585,1.343,56516546.93909,-5.622,51.8298438056119,0.0067876922556847075,1.1159600000000003,1.1850000000000005,2.5820580808875375,0.45629820051413883,0.4138682948102922,8.961224876445973,0.34740995151883736,0.9206666666666666,1.5896111111111115,,0,0,neutre,293,0,0,30,,,15.0,84.0,47.5,78.5,50,71,43.03,26,🟢 Surperforme BTC,False,False,,3,⚡ Volume ×9.0 vs médiane,,8.96,71,0,,,36533285,36533285,27182818.28459,27182818.28459,27182818.0,100.0,331187842,$331M,-0.17
XECUSDT,XEC,Mid,212,6.58e-06,5325217.6249173,2.652,50.96958331732543,-1.432668470990275e-07,5.954800000000001e-06,7.191850000000002e-06,1.7524946321623789,0.4287369640787949,0.24742268041237112,3.4705896223558326,0.1126218563478632,5.1175e-06,8.142500000000002e-06,uptrend,1,0,haussier,365,0,0,30,,,31.0,84.0,46.0,78.5,50,70,51.13,25,🟢 Surperforme BTC,False,False,,2,⚡ Volume ×3.5 vs médiane,,3.47,70,1,,,131688396,131688458,20063642172580.0,20063660922580.0,21000000000000.0,100.0,,,
AVAUSDT,AVA,Speculative,,0.171,675338.25556,11.328,58.476779108790424,0.002008641235693878,0.17100600000000005,0.21883749999999988,0.5867905219103737,0.48172413793103447,0.40379310344827585,4.280565992102048,0.5597255518482561,0.15689722222222222,0.26811111111111113,squeeze_breakout|downtrend,1,1,mixte,365,0,0,30,,,17.0,84.0,79.0,57.5,24.5,69,39.21,24,🟢 Surperforme BTC,False,False,,2,⚡ Volume ×4.3 vs médiane,,4.28,69,0,,,,,,,,,,,
BABYUSDT,BABY,Mid,406,0.01252,3457970.46103,5.833,49.12099052070611,3.836407257081257e-06,0.013389,0.014613850000000006,0.5445214472430033,0.4267418032786885,0.36014344262295084,3.9717325528051304,0.09134938823974134,0.012201944444444446,0.018521111111111113,macd_bullish_cross|double_bottom_90d|support_bounce,3,0,haussier,365,0,0,30,,,31.0,64.0,73.0,68.0,52.2,68,47.89,23,🟢 Surperforme BTC,False,False,,2,⚡ Volume ×4.0 vs médiane,,3.97,68,0,,,52345121,133270183,4282487237.98,10903204266.0,,39.3,2607326438,$2.6B,-20.61
TLMUSDT,TLM,Speculative,,0.001773,7075344.356454,26.372,50.623410674477825,-1.6810204380455177e-05,0.0015758599999999995,0.0017033400000000005,2.803167694013342,0.5956730769230769,0.4738907334741926,4.634677013704785,0.30455355213461627,0.0009452500000000001,0.0024182499999999994,,0,0,neutre,365,0,0,30,,,17.0,84.0,38.5,78.5,50,68,43.5,23,🟢 Surperforme BTC,False,False,,2,⚡ Volume ×4.6 vs médiane,,4.63,68,1,,,,,,,,,,,
UNIUSDT,UNI,Etabli,37,4.113,29881854.32434,-6.395,61.84177304238252,0.03700312922798504,3.3646799999999994,3.531759999999999,0.6381679897347082,0.40010015022533807,0.07173471689600713,0.7029008442856101,0.5269256853594864,2.614416666666666,3.9027499999999993,macd_bullish_cross|resistance_test|uptrend,2,1,haussier,365,0,0,30,,,45.0,66.0,77.5,78.5,31.7,67,56.95,22,🟢 Surperforme BTC,False,False,,6,🔥 Trending #2 sur CoinGecko,2,,67,0,,,2560983296,3656226040,624900423.7271129,892148420.0329479,1000000000.0,70.0,1437556238,$1.4B,-2.88
BROCCOLI714USDT,BROCCOLI714,Speculative,,0.01388,4598797.79311,-9.635,59.845656314592276,0.0001734158550935191,0.012479600000000002,0.014286549999999992,0.8747951129029424,0.4134975897161221,0.25602570969469735,1.8681013908897626,0.3804794414766217,0.011541666666666667,0.01690861111111111,,0,0,neutre,365,0,0,30,,,17.0,84.0,73.0,68.0,50,67,42.98,22,🟢 Surperforme BTC,False,False,,0,,,,67,0,,,,,,,,,,,
BANDUSDT,BAND,Speculative,634,0.1626,262296.0991,8.4,54.292588050256015,-0.00039819829883293127,0.159688,0.21074699999999996,0.6031555529453215,0.4484126984126984,0.34841269841269834,1.927066442795522,0.486534865547399,0.14884722222222221,0.22725000000000004,squeeze_breakout,1,0,haussier,365,0,0,30,,,17.0,84.0,68.5,47.0,50,66,37.52,21,🟢 Surperforme BTC,False,False,,0,,,,66,1,,,29468080,29500768,179797107.907296,179997194.392984,,99.9,,,
GPSUSDT,GPS,Mid,483,0.00933,188307.717926,-2.304,49.869282702708944,-1.0881863734179956e-05,0.009269200000000002,0.008569949999999996,0.7503003143400052,0.23638470451911936,0.14180478821362796,0.09414852695300782,0.20022381523528354,0.006895277777777776,0.009933055555555556,,0,0,neutre,365,0,0,30,,,31.0,73.0,79.0,47.0,50,65,44.01,20,🟢 Surperforme BTC,False,False,,0,,,,65,3,,Volume ×0.1 (épuisement),93188477,93188477,10000000000.0,10000000000.0,10000000000.0,100.0,27038495,$27M,4.24
MIRAUSDT,MIRA,Speculative,,0.0426,92255063.72521,2.651,47.486383734686065,0.00028289793871920984,0.045113999999999994,0.07689500000000002,1.1239731024723165,0.5616591928251121,0.523542600896861,164.63742887840553,0.5602058645536262,0.04103333333333334,0.08441388888888889,doji_4h,0,0,neutre,310,0,0,30,,,15.5,64.0,44.5,78.5,50,65,40.69,20,🟢 Surperforme BTC,False,False,,3,⚡ Volume ×164.6 vs médiane,,164.64,65,0,,,,,,,,,,,
ONDOUSDT,ONDO,Etabli,42,0.3858,10267588.6643,-4.835,53.648883497206405,6.753882600763969e-05,0.3510599999999999,0.31468349999999995,0.8811308246711614,0.3172459597077706,0.14589329200796994,0.23041516892292455,0.31052687423035524,0.31262222222222225,0.4254944444444445,uptrend,1,0,haussier,365,0,0,30,,,45.0,73.0,73.0,78.5,50,64,58.61,19,🟢 Surperforme BTC,False,False,,0,🔥 Trending #14 sur CoinGecko,14,,64,2,,Volume ×0.2 (épuisement),1873304502,3847149922,4869330647.0,10000000000.0,10000000000.0,48.7,2530684688,$2.5B,-1.46
SHIBUSDT,SHIB,Etabli,31,4.9e-06,8740649.54905758,5.603,60.041603242601624,5.729307055553527e-08,4.479999999999999e-06,5.72645e-06,0.7845888427350391,0.3782148260211801,0.2602118003025719,1.4476590680786716,0.5933395999225464,4.167777777777778e-06,6.202222222222223e-06,uptrend,1,0,haussier,365,0,0,30,,,45.0,75.0,73.0,78.5,50,64,58.85,19,🟢 Surperforme BTC,False,False,,0,,,,64,0,,,2864394418,4861082185,589239945745533.9,589496579543524.0,,100.0,,,
FLOWUSDT,FLOW,Mid,418,0.02984,1437057.8718489,10.273,63.58319165498308,0.0006637735517111669,0.027374999999999997,0.03776869999999999,0.6173903432205062,0.43406072106261867,0.29174573055028463,1.1472340527815386,0.4179064958062274,0.02554277777777778,0.03911805555555556,macd_bullish_cross,1,0,haussier,365,0,0,30,,,31.0,75.0,73.0,68.0,50,64,49.08,19,🟢 Surperforme BTC,False,False,,0,,,,64,0,,,50053812,50053812,1679138327.6918797,1679138327.691879,,100.0,4142377,$4M,5.67
JSTUSDT,JST,Etabli,75,0.10424,2154329.500869,1.008,61.95229914810686,-0.00032900734210139417,0.092933,0.07137099999999999,0.3710871952251624,0.2377463626044783,0.006765770916714335,0.22706468403485933,0.10903729828111568,0.07837722222222221,0.10196250000000001,resistance_test|uptrend,1,1,mixte,365,0,0,30,,,45.0,73.0,94.0,68.0,31.7,63,56.18,18,🟢 Surperforme BTC,False,False,,0,,,,63,5,⚠️ Surveiller,Volume ×0.2 (épuisement)|Près du plus haut 90j (résistance),852694496,852694496,8188743036.341737,8188743036.341737,9900000000.0,100.0,3316467857,$3.3B,1.49
COTIUSDT,COTI,Mid,460,0.0146,21955057.34041,-0.95,64.43860489059638,0.0009394587129554013,0.009105799999999999,0.01245674999999999,2.4265500023090447,0.5277234181343771,0.15673799884326203,14.311996422392598,0.0904041890526771,0.0076102777777777774,0.014966111111111112,downtrend,0,1,baissier,365,0,0,30,,,31.0,84.0,37.0,78.5,24.5,63,49.06,18,🟢 Surperforme BTC,False,False,,3,⚡ Volume ×14.3 vs médiane,,14.31,63,0,,,43162471,43162973,2962594169.8632536,2962628652.172955,4910000000.0,100.0,,,
MUBARAKUSDT,MUBARAK,Speculative,,0.01255,3251461.671945,-4.563,59.23447193354918,0.00015959763981788317,0.011259999999999997,0.01367815000000001,0.7975352700317172,0.4335461404526988,0.2704585026117237,1.0564420242743502,0.2866618566049263,0.010050277777777778,0.015611111111111112,macd_bullish_cross|double_bottom_90d|uptrend,3,0,haussier,365,0,0,30,,,17.0,75.0,67.0,68.0,50,63,41.54,18,🟢 Surperforme BTC,False,False,,0,,,,63,0,,,,,,,,,,,
TRXUSDT,TRX,Etabli,8,0.3278,28797968.2215,-0.274,50.7310293294091,-0.0001626412657590371,0.32555400000000007,0.317111,0.16763108876585323,0.16054313099041526,0.12726304579339726,0.2450769469275803,0.5560370725555056,0.31880833333333336,0.35937222222222226,macd_bearish_cross,0,1,baissier,365,0,0,30,,,45.0,73.0,95.5,78.5,28.4,62,58.67,17,🟢 Surperforme BTC,False,False,,0,,,,62,5,⚠️ Surveiller,Volume ×0.2 (épuisement)|MACD cross baissier,31073272138,31073623441,94887226060.13138,94888308866.42409,,100.0,,,
SUNUSDT,SUN,Mid,117,0.01788,269028.68217,-0.667,46.434018451747946,-8.914595883909359e-05,0.0176726,0.018022999999999997,0.2970843601845307,0.21425109064469222,0.133301017935046,0.061905860911316626,0.4262719494529145,0.016788611111111112,0.020182500000000003,,0,0,neutre,365,0,0,30,,,31.0,57.0,95.5,47.0,50,62,43.08,17,🟢 Surperforme BTC,False,False,,0,,,,62,3,,Volume ×0.1 (épuisement),342936714,355042469,19222181989.37517,19900730000.0,19900730000.0,96.6,213817596,$214M,-0.35
ETHUSDT,ETH,Etabli,2,1869.65,351107224.942195,-1.136,51.48941961210547,-7.520765329372324,1778.8052000000002,2103.961950000001,0.4116701205796821,0.3388184390642989,0.21149847971761968,0.0811985745325445,0.8807273020798833,1613.9461111111111,2265.89,macd_bearish_cross|doji_4h,0,1,baissier,365,0,0,30,,,45.0,57.0,75.5,78.5,28.4,61,55.55,16,🟢 Surperforme BTC,False,False,,5,🔥 Trending #3 sur CoinGecko,3,,61,5,⚠️ Surveiller,Volume ×0.1 (épuisement)|MACD cross baissier,225266902738,225266902738,120682264.52991797,120682264.5299179,,100.0,,,
BNBUSDT,BNB,Etabli,4,586.03,60065251.42639,-1.069,56.60556193558885,2.598394177036204,576.2158000000002,643.1569999999999,0.2452795295578186,0.2396137685393884,0.18462865570303594,0.3027564250778186,0.734007211832254,558.7841666666666,671.6133333333333,,0,0,neutre,365,0,0,30,,,45.0,57.0,87.5,78.5,50,61,57.56,16,🟢 Surperforme BTC,False,False,,0,,,,61,2,,Volume ×0.3 (épuisement),77872768641,77872769384,133165245.51,133165245.51,200000000.0,100.0,136941973462,$136.9B,0.11
DCRUSDT,DCR,Mid,148,13.1,638009.78804,-3.959,58.61996355232006,0.11464104172223503,11.913200000000003,18.90115,0.8025280766040317,0.4717999019127023,0.35605689063266305,0.6896418034662816,0.5675381783486745,11.06861111111111,18.734444444444446,macd_bullish_cross|uptrend,2,0,haussier,365,0,0,30,,,31.0,66.0,68.5,57.5,50,61,45.14,16,🟢 Surperforme BTC,False,False,,0,,,,61,0,,,229716849,229749930,17535360.13204779,17537921.19605931,21000000.0,100.0,,,
1000CATUSDT,1000CAT,Speculative,,0.00138,487378.845651,-2.128,52.81177636058648,1.1987675705690777e-05,0.0013520000000000001,0.001768650000000001,0.7251152912991478,0.45175438596491224,0.3991228070175439,0.7845546486877255,0.542096339789734,0.001271666666666667,0.0020811111111111117,,0,0,neutre,365,0,0,30,,,17.0,66.0,68.5,47.0,50,61,35.36,16,🟢 Surperforme BTC,False,False,,0,,,,61,0,,,,,,,,,,,
KAITOUSDT,KAITO,Mid,134,1.0907,7723716.91412,-4.425,59.83873569741597,-0.004195812471923327,0.7261939999999999,0.49008699999999983,1.3921080710812053,0.21361058601134222,0.15332091868404718,0.6624650719976836,0.21962471270399228,0.4377555555555557,1.0234749999999997,macd_bearish_cross|uptrend,1,1,mixte,365,0,0,30,,,31.0,82.0,68.5,78.5,28.4,60,50.94,15,🟢 Surperforme BTC,False,False,,0,🔥 Trending #12 sur CoinGecko,12,,60,3,,MACD cross baissier,263051719,1089742447,241388889.0,1000000000.0,1000000000.0,24.1,,,
CAKEUSDT,CAKE,Mid,103,1.439,1952199.68467,-1.64,57.09176548950601,0.003834246269742319,1.38596,1.4533399999999994,0.3853700857376853,0.2807668521954236,0.1106988249845393,0.21557652877589528,0.6448159944336345,1.285527777777778,1.5264444444444445,macd_bullish_cross,1,0,haussier,365,0,0,30,,,31.0,57.0,83.5,68.0,50,60,47.55,15,🟢 Surperforme BTC,False,False,,0,,,,60,2,,Volume ×0.2 (épuisement),463224851,480927245,322364034.4530112,334683354.526937,400000000.0,96.3,1696974433,$1.7B,0.14
TWTUSDT,TWT,Mid,189,0.3735,628737.6596,-4.132,57.625703528409126,0.005443049612882329,0.35912800000000006,0.47789449999999994,0.5090471873336666,0.36077294685990335,0.2778743961352657,0.2800959994573478,0.5076178917979022,0.3377666666666667,0.4828111111111112,morning_star_4h,1,0,haussier,365,0,0,30,,,31.0,57.0,83.5,57.5,50,60,44.96,15,🟢 Surperforme BTC,False,False,,0,,,,60,2,,Volume ×0.3 (épuisement),155444795,373082522,416649900.0,1000000000.0,,41.7,,,
TSTUSDT,TST,Speculative,,0.01177,1989369.525007,-4.542,55.0096175039849,9.658558066531008e-05,0.011219000000000003,0.01240885,0.6215430686523699,0.6178050652340752,0.5464313123561013,1.121774580192872,0.13560916384143396,0.010380555555555556,0.021252222222222217,,0,0,neutre,365,0,0,30,,,17.0,75.0,49.0,68.0,50,60,40.46,15,🟢 Surperforme BTC,False,False,,0,,,,60,0,,,,,,,,,,,
1MBABYDOGEUSDT,1MBABYDOGE,Speculative,,0.0003105,478529.1320983,1.206,52.29140059986168,1.35451610554535e-06,0.00030879800000000005,0.00039818399999999956,0.49511147883473655,0.40267335004177107,0.3535923141186299,0.42181572388409855,0.6749684174086199,0.00029291111111111117,0.0004404027777777777,,0,0,neutre,365,0,0,30,,,17.0,57.0,79.0,47.0,50,60,34.91,15,🟢 Surperforme BTC,False,False,,0,,,,60,2,,Volume ×0.4 (épuisement),,,,,,,,,
1000CHEEMSUSDT,1000CHEEMS,Speculative,,0.000492,353730.927339,-0.806,54.28943840365636,4.978730142938672e-06,0.0004894799999999998,0.0005564550000000002,0.5592649434827528,0.3873626373626374,0.32417582417582413,0.16625139770410563,0.45013657205061414,0.0004598611111111112,0.0006688611111111111,,0,0,neutre,365,0,0,30,,,17.0,57.0,79.0,47.0,50,60,34.91,15,🟢 Surperforme BTC,False,False,,0,,,,60,2,,Volume ×0.2 (épuisement),,,,,,,,,
SSVUSDT,SSV,Speculative,595,2.185,249662.656514,-0.274,54.58827683541838,0.018113171809732896,2.1289400000000005,2.686630000000002,0.45553291863185275,0.3855721393034826,0.32213930348258707,0.22467632784910696,0.47197409718183514,1.9841666666666664,2.8506388888888896,uptrend|doji_4h,1,0,haussier,365,0,0,30,,,17.0,57.0,79.0,47.0,50,60,34.91,15,🟢 Surperforme BTC,False,False,,0,,,,60,2,,Volume ×0.2 (épuisement),32047310,32047310,14699173.1,14699173.1,,100.0,9262061275,$9.3B,1.27
XAUTUSDT,XAUT,Etabli,38,4041.0,10280508.20086,-0.329,46.44914476634432,5.001668496808513,4094.8424000000005,,0.18643206319392294,0.16088334711065386,0.15001293595754475,0.03268342747160236,0.5590143438456412,4009.4336111111115,4627.959722222222,,0,0,neutre,129,0,0,30,,,38.5,45.0,95.5,78.5,50,59,53.29,14,🟢 Surperforme BTC,False,False,,0,,,,59,2,,Volume ×0.0 (épuisement),2474290230,2857545854,612823.6595320001,707747.089,,86.6,2880099939,$2.9B,-0.3
TURBOUSDT,TURBO,Mid,388,0.000799,1096046.155344,5.409,46.086425818033945,1.0213915242961475e-06,0.00084426,0.0010637049999999999,0.5277680261005882,0.44607483492296407,0.4152604548789436,1.2155899282641682,0.5473114108229277,0.0007912222222222222,0.0012701944444444445,macd_bullish_cross,1,0,haussier,365,0,0,30,,,31.0,55.0,79.0,68.0,50,59,47.04,14,🟢 Surperforme BTC,False,False,,0,,,,59,0,,,54840553,54840553,69000000000.0,69000000000.0,69000000000.0,100.0,,,
FFUSDT,FF,Mid,164,0.06575,746402.223609,2.382,54.538959765271514,0.0009066564513983277,0.0650226,0.07554499999999996,0.5718643741862738,0.4708817126269957,0.4039368650217707,0.19581092758018553,0.015064853380667351,0.05982138888888891,0.09800861111111113,support_bounce|uptrend,2,0,haussier,307,0,0,30,,,29.4,57.0,73.0,57.5,52.2,59,43.64,14,🟢 Surperforme BTC,False,False,,0,,,,59,2,,Volume ×0.2 (épuisement),194840455,656028469,2970000000.0,10000000000.0,10000000000.0,29.7,1256704355,$1.3B,0.13
1INCHUSDT,1INCH,Mid,234,0.0815,336029.52062,-2.976,55.7734456988773,1.2900650702421784e-05,0.07478000000000001,0.0923365,0.5559963329154168,0.36948176583493286,0.21689059500959687,0.2560849760391696,0.7573495381180321,0.06881388888888891,0.09715,double_bottom_90d|bull_flag|uptrend,3,0,haussier,365,0,0,30,,,31.0,57.0,75.5,47.0,50,59,41.88,14,🟢 Surperforme BTC,False,False,,0,,,,59,2,,Volume ×0.3 (épuisement),114533984,122228343,1405573965.7275033,1499999999.997,1500000000.0,93.7,2567276,$3M,-1.41
HOTUSDT,HOT,Mid,366,0.00034,106153.690063,-0.585,50.080000134444,-7.293876846097489e-07,0.00032985999999999996,0.00039122000000000007,0.7198101365093177,0.3632385120350109,0.2560175054704595,0.14055382187695412,0.523764707549439,0.0002997222222222222,0.00043144444444444453,,0,0,neutre,365,0,0,30,,,31.0,57.0,73.0,47.0,50,59,41.73,14,🟢 Surperforme BTC,False,False,,0,,,,59,3,,Volume ×0.1 (épuisement),60322365,60322365,177619433541.1413,177619433541.1413,,100.0,,,
DODOUSDT,DODO,Speculative,827,0.01838,582714.268628,-0.541,48.51022134818519,-0.00020806774261444478,0.0182116,0.01705885,1.9553048873358605,0.3785166240409208,0.29368745188606615,0.2133917596506227,0.12754655350309937,0.015395277777777779,0.022468888888888885,uptrend,1,0,haussier,365,0,0,30,,,17.0,73.0,46.0,57.5,50,59,37.44,14,🟢 Surperforme BTC,False,False,,0,,,,59,3,,Volume ×0.2 (épuisement),18322047,18322047,1000000000.0,1000000000.0,1000000000.0,100.0,11817695,$12M,-0.19
LISTAUSDT,LISTA,Speculative,768,0.0505,484567.79851,1.61,54.35271960868647,0.0005309816163454273,0.049089999999999995,0.080359,0.8003389582736632,0.5353003161222339,0.46786090621707055,0.7033118322774878,0.5036556326369548,0.046302777777777776,0.08615277777777779,,0,0,neutre,365,0,0,30,,,17.0,66.0,59.5,47.0,50,59,34.82,14,🟢 Surperforme BTC,False,False,,0,,,,59,0,,,21018528,40170813,416274879.15264446,795588564.255041,1000000000.0,52.3,628674524,$629M,3.4
QIUSDT,QI,Speculative,,0.001252,246757.120521,1.213,53.909905973475304,1.205939486279598e-05,0.00120178,0.0017181450000000003,1.4579741811281703,0.461025641025641,0.35692307692307695,0.5230410398543606,0.4028946271447986,0.0011120555555555551,0.001825833333333333,,0,0,neutre,365,0,0,30,,,17.0,66.0,58.0,47.0,50,59,34.73,14,🟢 Surperforme BTC,False,False,,0,,,,59,2,,Volume ×0.5 (épuisement),,,,,,,143047940,$143M,0.82
QUICKUSDT,QUICK,Speculative,,0.00801,96201.54069,1.264,55.35304550234184,8.82310575405967e-06,0.0076349999999999986,0.009413450000000005,0.35323750714709323,0.401213171577123,0.3067590987868284,0.17355674140470778,0.24074366003260375,0.007106111111111111,0.010652222222222224,macd_bullish_cross,1,0,haussier,365,0,0,30,,,17.0,57.0,73.0,47.0,50,59,34.55,14,🟢 Surperforme BTC,False,False,,0,,,,59,2,,Volume ×0.2 (épuisement),,,,,,,221453326,$221M,-9.06
CVXUSDT,CVX,Mid,230,1.264,627672.123917,-5.882,48.421031971480794,0.00012096147408219293,1.2392800000000002,1.6686049999999992,0.736141416786133,0.4575664621676892,0.35531697341513296,0.15915712702934243,0.6864543580906145,1.1389444444444445,1.8016944444444443,,0,0,neutre,365,0,0,30,,,31.0,57.0,68.5,57.5,50,58,44.06,13,🟢 Surperforme BTC,False,False,,0,,,,58,2,,Volume ×0.2 (épuisement),125984053,125989956,99978084.11704777,99982769.42003451,100000000.0,100.0,460513849,$461M,-22.86
RSRUSDT,RSR,Mid,297,0.001262,462041.013581,4.643,52.604197182209994,5.161935087934916e-06,0.0012463399999999999,0.00160946,0.49436038922238695,0.5089655172413793,0.4202298850574712,0.2511299013944915,0.6366567139948118,0.0011699999999999998,0.0019307777777777778,,0,0,neutre,365,0,0,30,,,31.0,57.0,70.0,47.0,50,58,41.55,13,🟢 Surperforme BTC,False,False,,0,,,,58,2,,Volume ×0.3 (épuisement),78740296,125877379,62553174091.0,100000000000.0,100000000000.0,62.6,36195934,$36M,-8.88
AWEUSDT,AWE,Mid,244,0.05704,153573.60664,5.551,49.80817221723859,-0.00022425286619502053,0.057609800000000023,0.056443200000000006,0.5691286881158816,0.24041297935103248,0.15722713864306778,0.0664041548299512,0.15478552982971264,0.0512188888888889,0.06257944444444442,,0,0,neutre,365,0,0,30,,,31.0,45.0,89.5,47.0,50,58,41.28,13,🟢 Surperforme BTC,False,False,,0,,,,58,3,,Volume ×0.1 (épuisement),110684390,113965439,1942420283.0270672,1942420283.0270672,2000000000.0,100.0,,,
XVSUSDT,XVS,Mid,439,2.8,119556.1784,1.083,52.61126853497496,-0.013138505484385901,2.6715999999999998,2.9732499999999993,0.5223414730645967,0.20486111111111108,0.054054054054054106,0.31008590467697944,0.4727025693013449,2.425555555555556,2.855,macd_bearish_cross|uptrend,1,1,mixte,365,0,0,30,,,31.0,57.0,100.0,47.0,28.4,58,42.05,13,🟢 Surperforme BTC,False,False,,0,,,,58,5,⚠️ Surveiller,Volume ×0.3 (épuisement)|MACD cross baissier,47103352,83101691,16859997.39939314,29745107.918202892,30000000.0,56.7,1036137093,$1.0B,1.1
NVDABUSDT,NVDAB,Speculative,,199.55,1512797.50452,0.403,47.1362670574604,-0.8832256296303294,203.04120000000003,,0.44609812640197716,0.09774613353451536,0.05823274236137317,0.337295576538264,,193.09650000000002,212.03399999999996,,0,0,neutre,52,0,0,30,,,8.4,45.0,90.0,68.0,50,58,34.92,13,🟢 Surperforme BTC,False,False,,0,,,,58,3,,Volume ×0.3 (épuisement),,,,,,,,,
OPENUSDT,OPEN,Speculative,520,0.1771,757011.48382,-0.84,58.151940875385,0.003157756385090071,0.17425800000000002,0.178576,0.695318761145526,0.4193418940609952,0.28892455858747995,0.14882281216836937,0.17698472337109258,0.15059444444444445,0.2302972222222222,doji_4h,0,0,neutre,328,0,0,30,,,16.0,57.0,67.0,57.5,50,58,36.26,13,🟢 Surperforme BTC,False,False,,0,,,,58,2,,Volume ×0.1 (épuisement),38199987,177262119,215500000.0,1000000000.0,1000000000.0,21.6,,,
SAPIENUSDT,SAPIEN,Speculative,777,0.0822,499012.60528,3.008,55.00546814920048,0.00043209381013104584,0.07823599999999999,0.0885980000000001,0.6796328540930887,0.4795321637426901,0.39985380116959063,0.24362351523416276,0.3328020423127162,0.07341666666666667,0.1183916666666667,uptrend|doji_4h,1,0,haussier,269,0,0,30,,,14.4,57.0,68.5,47.0,50,58,32.93,13,🟢 Surperforme BTC,False,False,,0,,,,58,2,,Volume ×0.2 (épuisement),82015924,82015924,1000000000.0,1000000000.0,1000000000.0,100.0,,,
ALPINEUSDT,ALPINE,Speculative,,0.322,348261.05806,1.577,52.59066660547921,0.0018353437882696862,0.32012,0.4101399999999999,0.6203827642557184,0.4255319148936171,0.3771760154738878,0.29710318250164597,0.5713482803754075,0.3051944444444443,0.46002777777777787,uptrend,1,0,haussier,365,0,0,30,,,17.0,57.0,68.5,47.0,50,58,34.28,13,🟢 Surperforme BTC,False,False,,0,,,,58,2,,Volume ×0.3 (épuisement),,,,,,,,,
SLPUSDT,SLP,Speculative,802,0.000524,172111.059724,2.144,48.30810357521433,-3.7824308912153534e-06,0.0005152,0.0006250050000000001,0.9264105194060664,0.4399008674101611,0.35068153655514245,0.11048175994571527,0.464233780559646,0.00047455555555555554,0.0007275000000000001,uptrend,1,0,haussier,365,0,0,30,,,17.0,57.0,68.5,47.0,50,58,34.28,13,🟢 Surperforme BTC,False,False,,0,,,,58,3,,Volume ×0.1 (épuisement),18958845,18958845,36253896899.0,36253896899.0,,100.0,2857358,$3M,-3.57
GUSDT,G,Speculative,718,0.00337,163356.87943,3.058,53.200571199733815,-1.5718602532485092e-06,0.0032353999999999994,0.003631249999999999,0.648113219320393,0.37170263788968827,0.18705035971223027,0.37556097489803264,0.2488038830419439,0.002715277777777777,0.003918611111111111,,0,0,neutre,365,0,0,30,,,17.0,57.0,67.0,47.0,50,58,34.19,13,🟢 Surperforme BTC,False,False,,0,,,,58,3,,Volume ×0.4 (épuisement),24411832,40502438,7232700000.0,12000000000.0,12000000000.0,60.3,20900599,$21M,1.89
ADAUSDT,ADA,Etabli,18,0.1726,14671813.05566,0.995,55.23322843901293,0.0007122313373347534,0.16464199999999998,0.24036049999999995,0.7009088622881195,0.4907932011331444,0.38845609065155806,0.1742096520498563,0.7494854780954986,0.15166388888888893,0.26320833333333327,macd_bullish_cross,1,0,haussier,365,0,0,30,,,45.0,57.0,60.5,78.5,50,57,55.94,12,🟢 Surperforme BTC,False,False,,0,,,,57,2,,Volume ×0.2 (épuisement),6432241173,7751906966,37339309421.586464,45000000000.0,45000000000.0,83.0,,,
PUMPUSDT,PUMP,Etabli,74,0.00218,11841286.848199,9.438,64.97011899645668,1.761406612570891e-05,0.0016259000000000004,0.0018844599999999986,1.1330657717474037,0.4523483812129503,0.00547195622435014,0.3832739094766111,0.43229689277516886,0.0013758055555555557,0.002046388888888889,rsi_bearish_divergence|uptrend,1,1,mixte,325,0,0,30,,,43.9,57.0,67.0,78.5,19.6,57,53.95,12,🟢 Surperforme BTC,False,False,,4,🔥 Trending #4 sur CoinGecko,4,,57,6,⚠️ Surveiller,Volume ×0.4 (épuisement)|Près du plus haut 90j (résistance)|Divergence RSI baissière,858794896,1830373198,396226375797.04144,844488179468.264,1000000000000.0,46.9,235678453,$236M,0.32
MORPHOUSDT,MORPHO,Etabli,57,1.974,925326.27591,-1.053,48.97805575520722,-0.0027036280518331944,1.9549199999999995,1.7651799999999997,0.6608516077634151,0.2668151447661471,0.12350066637050192,0.1315987358872469,0.43658590796609126,1.733555555555555,2.2036666666666673,downtrend,0,1,baissier,303,0,0,30,,,43.3,73.0,73.0,57.5,24.5,57,51.03,12,🟢 Surperforme BTC,False,False,,0,,,,57,3,,Volume ×0.1 (épuisement),1293530166,1973028123,655606552.29105,1000000000.0,1000000000.0,65.6,7602961195,$7.6B,1.96
ORDIUSDT,ORDI,Mid,315,3.52,8617560.17564,8.208,50.452620118921274,-0.014498466457634753,3.4387999999999987,3.4479800000000007,0.8706044501428776,0.47805224808956814,0.37426692731473254,1.2063867819673844,0.2952953331374077,3.0861666666666663,4.8213333333333335,macd_bearish_cross|uptrend,1,1,mixte,365,0,0,30,,,31.0,75.0,62.5,78.5,28.4,57,49.74,12,🟢 Surperforme BTC,False,False,,0,,,,57,3,,MACD cross baissier,73851830,73851830,21000000.0,21000000.0,,100.0,,,
METUSDT,MET,Mid,267,0.1716,621280.8854,0.941,55.32331928225413,0.001430235919705953,0.15524399999999997,0.1686195,1.1445620043364106,0.4645019262520639,0.10438413361169098,0.33445290458584065,0.38770716862774185,0.10964166666666667,0.18054722222222228,,0,0,neutre,262,0,0,30,,,28.2,57.0,62.5,57.5,50,57,42.25,12,🟢 Surperforme BTC,False,False,,0,,,,57,2,,Volume ×0.3 (épuisement),93135593,171191888,542809228.887187,997733886.410168,1000000000.0,54.4,173702353,$174M,-0.3
XNOUSDT,XNO,Mid,390,0.408,123573.44476,1.493,57.07091629638091,0.0020397130683286416,0.3535999999999999,0.471325,1.788558411714302,0.37448559670781895,0.154320987654321,0.8041109138633111,0.21082721877492033,0.3164166666666666,0.4701944444444445,,0,0,neutre,365,0,0,30,,,31.0,66.0,46.0,47.0,50,57,41.19,12,🟢 Surperforme BTC,False,False,,0,,,,57,0,,,54764660,54764660,133248297.0,133248297.0,133248297.0,100.0,,,
RLCUSDT,RLC,Speculative,791,0.2723,1058551.32113,-12.528,44.3233910695074,0.0014520408758757954,0.2981540000000001,0.410367,0.7948953229593233,0.5169260700389106,0.4715953307392996,2.0935277004828508,0.5734091663753842,0.27586666666666665,0.47330277777777785,macd_bullish_cross,1,0,haussier,365,0,0,30,,,17.0,55.0,59.5,68.0,50,57,38.69,12,🟢 Surperforme BTC,False,False,,0,,,,57,0,,,23692724,23692724,86999784.9868455,86999784.9868455,86999784.9868455,100.0,,,
WBETHUSDT,WBETH,Speculative,,2060.12,915509.118959,-1.06,51.65667606596653,-8.353948939170806,1957.2490000000003,2302.298899999999,0.408250920290568,0.3363130428084499,0.20652044137187306,0.5035524402602553,0.8753283953873598,1773.3702777777778,2482.665833333334,macd_bearish_cross|doji_4h,0,1,baissier,365,0,0,30,,,17.0,66.0,75.5,57.5,28.4,57,37.08,12,🟢 Surperforme BTC,False,False,,0,,,,57,5,⚠️ Surveiller,Volume ×0.5 (épuisement)|MACD cross baissier,,,,,,,,,
ICXUSDT,ICX,Speculative,713,0.0224,359471.62221,5.66,42.59729816482387,3.9251094003306354e-05,0.024774000000000004,0.03556400000000001,0.4281461880884362,0.4975845410628019,0.45893719806763283,4.455820453153971,0.6378266686645004,0.022713888888888884,0.03901944444444446,downtrend,0,1,baissier,365,0,0,30,,,17.0,55.0,79.0,47.0,24.5,57,33.14,12,🟢 Surperforme BTC,False,False,,2,⚡ Volume ×4.5 vs médiane,,4.46,57,0,,,24576247,24835327,1097225344.5489323,1108792174.218095,,99.0,,,
BTTCUSDT,BTTC,Speculative,,2.6e-07,91219.32911127,-3.704,48.047755078905276,-6.229072116613261e-10,2.6880000000000024e-07,3.174499999999994e-07,0.4346454485067595,0.2571428571428571,0.2285714285714285,0.12783521365628278,0.4539489521273019,2.5916666666666653e-07,3.2972222222222235e-07,rsi_bullish_divergence|macd_bearish_cross|doji_4h,1,1,mixte,365,0,0,30,,,17.0,57.0,83.5,47.0,33.8,57,34.21,12,🟢 Surperforme BTC,False,False,,0,,,,57,5,⚠️ Surveiller,Volume ×0.1 (épuisement)|MACD cross baissier,,,,,,,,,
AAVEUSDT,AAVE,Etabli,53,91.32,20584541.25648,-7.138,47.69535284908985,-0.644738806088514,88.18299999999999,102.35080000000002,0.7216287470459014,0.40323054331864905,0.10553108174253549,0.7570311089544477,0.5847149802519511,67.49194444444446,99.17138888888887,macd_bearish_cross|uptrend|doji_4h,1,1,mixte,365,0,0,30,,,45.0,66.0,73.0,78.5,28.4,56,56.48,11,🟢 Surperforme BTC,False,False,,0,🔥 Trending #10 sur CoinGecko,10,,56,3,,MACD cross baissier,1407463080,1460213597,15421996.71114099,16000000.0,16000000.0,96.4,13703378901,$13.7B,0.42
PAXGUSDT,PAXG,Etabli,44,4047.29,8958344.717178,-0.297,46.95414462196167,6.109381879294364,4098.2546,4603.724849999998,0.19050641288208237,0.16215881049768577,0.14930364341834781,0.03243647325676584,0.552419528484725,4010.0316666666663,4631.4638888888885,morning_star_4h,1,0,haussier,365,0,0,30,,,45.0,37.0,95.5,78.5,50,56,55.64,11,🟢 Surperforme BTC,False,False,,0,,,,56,2,,Volume ×0.0 (épuisement),1787187680,1787187680,441939.289662,441939.289662,,100.0,1786101985,$1.8B,-0.82
MSTRBUSDT,MSTRB,Speculative,,94.22,3420828.64037,-1.33,46.560142847230686,-0.2582844525284606,,,0.6304018841742163,0.21082267608322203,0.12573072283566852,0.19608451293932888,,86.376875,105.04687500000001,doji_4h,0,0,neutre,40,0,0,30,,,8.1,45.0,75.0,68.0,50,56,33.85,11,🟢 Surperforme BTC,False,False,,0,,,,56,3,,Volume ×0.2 (épuisement),,,,,,,,,
TURTLEUSDT,TURTLE,Speculative,,0.0422,774258.70889,-2.765,67.65424487734714,0.0007081687343938246,0.03574600000000001,0.0433185,0.6649848851915718,0.4234875444839858,0.2508896797153025,0.5581955290744571,0.5469032977632154,0.033405555555555556,0.051536111111111095,,0,0,neutre,284,0,0,30,,,14.8,57.0,73.0,57.5,50,56,36.01,11,🟢 Surperforme BTC,False,False,,0,,,,56,2,,Volume ×0.6 (épuisement),,,,,,,,,
WAXPUSDT,WAXP,Speculative,841,0.00385,406491.28506,-0.773,45.51976947100965,1.1622671917651148e-05,0.004083799999999999,0.006048400000000001,0.5249136957332099,0.5061728395061729,0.47187928669410145,0.5082786449242289,0.5473257363474832,0.0038527777777777783,0.0067436111111111125,support_bounce,1,0,haussier,365,0,0,30,,,17.0,46.0,70.0,47.0,52.2,56,33.18,11,🟢 Surperforme BTC,False,False,,0,,,,56,2,,Volume ×0.5 (épuisement),17901008,17901008,4652867477.032289,4652867477.032289,,100.0,,,
GIGGLEUSDT,GIGGLE,Mid,433,48.11,55711817.92554,26.24,83.65370827836318,2.2837460221943813,27.347599999999996,31.66025,1.8926584260599355,0.39039190897597975,0.001246623727404992,6.418454525923121,0.23482894727754813,24.901388888888885,37.023333333333326,double_bottom_90d,1,0,haussier,281,0,0,30,,,28.7,66.0,50.5,78.5,50,55,48.06,10,🟢 Surperforme BTC,False,False,,3,⚡ Volume ×6.4 vs médiane,,6.42,55,6,⚠️ Surveiller,RSI 84 (surachat extrême)|Près du plus haut 90j (résistance),48462286,48462286,1000000.0,1000000.0,1000000.0,100.0,,,
DEXEUSDT,DEXE,Mid,238,2.442,18358567.86648,-2.709,29.090739092639296,-1.4741681257014196,20.740980000000004,11.600389999999997,8.014264493136999,0.9651687270297361,0.9489642499164717,11.126245016461308,-0.024362239135381266,6.2644166666666665,33.84152777777778,downtrend,0,1,baissier,365,0,0,30,,,31.0,54.0,22.0,78.5,24.5,55,44.56,10,🟢 Surperforme BTC,False,False,,3,⚡ Volume ×11.1 vs médiane,,11.13,55,1,,,235266332,235266332,96504599.33609451,96504599.33609451,,100.0,,,
ZAMAUSDT,ZAMA,Mid,223,0.05648,9594569.94985,4.226,69.46493228863001,0.00045842724072346543,0.0383186,,1.0192812914773322,0.23614072494669502,0.07074538258575201,1.0020209197972947,0.2895205667480564,0.027894166666666678,0.04845944444444445,uptrend,1,0,haussier,181,0,0,30,,,26.0,54.0,73.0,78.5,50,55,46.57,10,🟢 Surperforme BTC,False,False,,0,,,,55,0,,,122718713,613593565,2200000000.0,11000000000.0,,20.0,46088058,$46M,-5.55
SENTUSDT,SENT,Mid,258,0.01343,1839400.84319,2.441,50.4009898321592,5.565796847230574e-05,0.014028399999999998,,1.180843873958962,0.40906775343861446,0.31584309730005106,0.5151263935698089,0.2526305823963658,0.012647777777777779,0.01747416666666667,macd_bullish_cross|morning_star_4h,2,0,haussier,192,0,0,30,,,26.3,54.0,52.0,68.0,50,55,42.87,10,🟢 Surperforme BTC,False,False,,0,,,,55,2,,Volume ×0.5 (épuisement),96982905,460398111,7237882055.0,34359738368.0,34359738368.0,21.1,,,
RUNEUSDT,RUNE,Mid,197,0.432,675447.0834,-0.917,53.45803307368102,-0.0010559018612195407,0.41342,0.4436800000000006,0.37708350199706975,0.48966613672496023,0.31319554848966613,0.14981323289558024,0.4431155806651048,0.36986111111111103,0.5385833333333334,macd_bearish_cross,0,1,baissier,365,0,0,30,,,31.0,57.0,79.0,57.5,28.4,55,43.39,10,🟢 Surperforme BTC,False,False,,0,,,,55,5,⚠️ Surveiller,Volume ×0.1 (épuisement)|MACD cross baissier,145980185,152848982,338167864.0,354079658.0,354079658.0,95.5,54162923,$54M,1.26
YFIUSDT,YFI,Mid,313,2057.0,279824.07205,0.146,50.08931257319459,-14.494288377241404,1974.36,2503.695,1.6078974405320305,0.42786596119929454,0.2747795414462081,0.4969894168409414,0.39903723190715834,1729.9166666666667,2687.0,,0,0,neutre,365,0,0,30,,,31.0,57.0,52.0,47.0,50,55,40.47,10,🟢 Surperforme BTC,False,False,,0,,,,55,3,,Volume ×0.5 (épuisement),74037102,75331567,36035.94701468851,36666.0,36666.0,98.3,178739460,$179M,-0.57
NEIROUSDT,NEIRO,Speculative,691,6.099e-05,2633848.5631194,3.215,48.88260679518259,4.163598700336118e-07,6.30566e-05,7.673565000000001e-05,0.6777084017942042,0.4443155452436195,0.41134957463263727,0.763868565745208,0.5217725246155202,5.914722222222221e-05,9.804583333333332e-05,,0,0,neutre,365,0,0,30,,,17.0,46.0,68.5,68.0,50,55,38.15,10,🟢 Surperforme BTC,False,False,,0,,,,55,0,,,25617824,25617824,420690000000.0,420690000000.0,420690000000.0,100.0,,,
LINKUSDT,LINK,Etabli,19,8.125,11789061.07494,-2.438,46.46674580118763,-0.051747169719538605,8.029240000000001,9.09473,0.45019617372932447,0.3282649253731344,0.2419776119402986,0.20058356456350016,0.8520152584118295,7.448277777777777,10.062249999999999,macd_bearish_cross|uptrend,1,1,mixte,365,0,0,30,,,45.0,57.0,75.5,78.5,28.4,54,55.55,9,🟢 Surperforme BTC,False,False,,0,,,,54,5,⚠️ Surveiller,Volume ×0.2 (épuisement)|MACD cross baissier,6066369741,8109036199,748099970.424884,1000000000.0,1000000000.0,74.8,,,
FILUSDT,FIL,Etabli,91,0.7276,5666937.81015,1.323,47.125779370941345,-0.0007390595952918542,0.7591520000000002,0.9276730000000002,0.5550711271543031,0.47264957264957264,0.43480963480963475,0.29533838793510353,0.5013087091554386,0.7114138888888888,1.0707777777777778,support_bounce,1,0,haussier,365,0,0,30,,,45.0,37.0,79.0,78.5,52.2,54,54.79,9,🟢 Surperforme BTC,False,False,,0,,,,54,3,,Volume ×0.3 (épuisement),589597481,1418904535,813262301.0,1957168381.0,,41.6,,,
INJUSDT,INJ,Etabli,100,4.897,3472059.80719,-0.265,48.37091528187457,-0.02824282731925917,4.92818,4.138465000000001,0.6539149446107211,0.3899856938483548,0.30014306151645204,0.1815701636824565,0.3626088150780349,4.2589999999999995,6.026416666666665,uptrend,1,0,haussier,365,0,0,30,,,45.0,45.0,68.5,68.0,50,54,52.39,9,🟢 Surperforme BTC,False,False,,0,,,,54,3,,Volume ×0.2 (épuisement),487479094,487479094,100000000.0,100000000.0,,100.0,7403160,$7M,-17.58
LDOUSDT,LDO,Mid,130,0.3325,1828671.669594,-8.478,45.28376888824043,-0.007440901735865892,0.309622,0.34734599999999977,0.8098918931695834,0.42011119168479577,0.19627749576988154,0.27028448326762045,0.5259159126223707,0.25279166666666664,0.3952166666666666,macd_bearish_cross|uptrend,1,1,mixte,365,0,0,30,,,31.0,57.0,73.0,68.0,28.4,54,45.62,9,🟢 Surperforme BTC,False,False,,0,,,,54,5,⚠️ Surveiller,Volume ×0.3 (épuisement)|MACD cross baissier,276348639,330439696,836305815.1238776,1000000000.0,1000000000.0,83.6,17560085777,$17.6B,1.25
FORMUSDT,FORM,Mid,288,0.2135,994512.05812,-5.447,58.633804801079144,0.0037499512456640295,0.21091999999999994,0.24488550000000014,0.4965210303833191,0.4106796116504854,0.3100323624595469,0.33059721849224405,0.36289354989422057,0.19349999999999998,0.2811166666666666,downtrend,0,1,baissier,365,0,0,30,,,31.0,57.0,79.0,57.5,24.5,54,43.16,9,🟢 Surperforme BTC,False,False,,0,,,,54,2,,Volume ×0.3 (épuisement),81717449,122469399,381867255.14,572301922.1,580000000.0,66.7,,,
ZENUSDT,ZEN,Mid,317,4.019,938756.56534,4.2,46.171943130876585,-0.0040285606542554,4.207519999999999,5.809285000000001,0.44462400490909726,0.49604430379746833,0.47020042194092826,0.23084935399408615,0.6583931013533805,3.971388888888889,6.812750000000002,support_bounce|uptrend,2,0,haussier,365,0,0,30,,,31.0,37.0,79.0,57.5,52.2,54,42.42,9,🟢 Surperforme BTC,False,False,,0,,,,54,3,,Volume ×0.2 (épuisement),73199426,84211507,18253894.30053491,21000000.0,21000000.0,86.9,,,
CRVUSDT,CRV,Mid,119,0.206,848749.95561,-1.53,46.061711290139655,-0.00042080543724500903,0.21054000000000006,0.23994900000000008,0.4152259217918544,0.3525230987917555,0.26794598436389483,0.09918193321114832,0.5651843417358684,0.1927611111111111,0.25512500000000005,uptrend,1,0,haussier,365,0,0,30,,,31.0,37.0,83.5,57.5,50,54,42.56,9,🟢 Surperforme BTC,False,False,,0,,,,54,3,,Volume ×0.1 (épuisement),317279273,494557947,1543112076.0,2405338669.972496,3030303031.0,64.2,1261095464,$1.3B,-0.95
PLUMEUSDT,PLUME,Mid,331,0.01104,725033.22112,-2.988,49.92555403371946,-2.1463376710563887e-05,0.010683799999999999,0.011663149999999994,0.7282884565552861,0.39397821909032676,0.29083920563741195,0.21383116765934948,0.4509713380962511,0.009821944444444444,0.014255555555555558,macd_bearish_cross|uptrend,1,1,mixte,349,0,0,30,,,30.6,57.0,73.0,57.5,28.4,54,42.8,9,🟢 Surperforme BTC,False,False,,0,,,,54,5,⚠️ Surveiller,Volume ×0.2 (épuisement)|MACD cross baissier,68472990,110763487,6181909938.0,10000000000.0,10000000000.0,61.8,,,
JASMYUSDT,JASMY,Mid,152,0.00442,341502.891756,1.144,49.03626668764657,4.237745757152057e-07,0.004542400000000001,0.005500349999999996,0.5141889488497173,0.4258760107816712,0.4029649595687332,0.1526042021461419,0.5547819493539455,0.004313888888888889,0.006230277777777778,macd_bullish_cross|uptrend,2,0,haussier,365,0,0,30,,,31.0,37.0,79.0,47.0,50,54,39.69,9,🟢 Surperforme BTC,False,False,,0,,,,54,2,,Volume ×0.2 (épuisement),218877536,221334349,49444999677.59027,50000000000.0,50000000000.0,98.9,,,
SFPUSDT,SFP,Mid,243,0.2221,224112.5886,-0.937,52.926269408908695,0.0010195761741991771,0.22310600000000005,0.2763819999999998,0.49257057680566674,0.39229160442187033,0.3367194502539588,0.21883536372227905,0.4953960840146142,0.2112722222222222,0.31148055555555554,,0,0,neutre,365,0,0,30,,,31.0,37.0,79.0,47.0,50,54,39.69,9,🟢 Surperforme BTC,False,False,,0,,,,54,2,,Volume ×0.2 (épuisement),110912388,110912388,500000000.0,500000000.0,500000000.0,100.0,,,
OGUSDT,OG,Speculative,,2.581,241032.4159,3.696,48.88083686321922,-0.004043834711474653,2.5846799999999996,3.0055899999999998,0.4565482730078019,0.4030379746835443,0.3531645569620253,0.17082484878273868,0.46810859681225997,2.4642222222222228,3.3071388888888897,support_bounce|doji_4h,1,0,haussier,365,0,0,30,,,17.0,37.0,79.0,47.0,52.2,54,32.64,9,🟢 Surperforme BTC,False,False,,0,,,,54,3,,Volume ×0.2 (épuisement),,,,,,,,,
TKOUSDT,TKO,Speculative,,0.046,144413.78009,1.996,51.21187234117514,0.00018792788505479752,0.04733599999999998,0.056986000000000044,0.4439734417809343,0.34186746987951805,0.30722891566265065,0.3799026186228775,0.6373608900964588,0.04447222222222221,0.06078055555555557,doji_4h,0,0,neutre,365,0,0,30,,,17.0,37.0,79.0,47.0,50,54,32.51,9,🟢 Surperforme BTC,False,False,,0,,,,54,2,,Volume ×0.4 (épuisement),,,,,,,,,
ANKRUSDT,ANKR,Speculative,566,0.00344,126752.841337,1.775,45.36927425487645,-4.594571731270864e-06,0.003593199999999999,0.0045981999999999985,0.5493538092214153,0.39298892988929895,0.36715867158671595,0.26508357111406616,0.6208326021271319,0.0034188888888888884,0.0050052777777777795,support_bounce,1,0,haussier,365,0,0,30,,,17.0,37.0,79.0,47.0,52.2,54,32.64,9,🟢 Surperforme BTC,False,False,,0,,,,54,3,,Volume ×0.3 (épuisement),34254466,34254466,10000000000.0,10000000000.0,10000000000.0,100.0,20640411,$21M,3.78
QKCUSDT,QKC,Speculative,950,0.002,33469.53488,0.705,50.29757763978007,1.5144161123415936e-05,0.0020466,0.002920565,0.29782442355539046,0.4464658514762899,0.40530867879510885,0.21794046637808673,0.5612476523878028,0.0019176388888888889,0.003165166666666667,doji_4h,0,0,neutre,365,0,0,30,,,17.0,37.0,79.0,47.0,50,54,32.51,9,🟢 Surperforme BTC,False,False,,0,,,,54,2,,Volume ×0.2 (épuisement),14435744,19891201,7257351607.0,10000000000.0,,72.6,,,
SNXUSDT,SNX,Mid,219,0.216,632443.6404,2.857,46.06344419610528,-0.0005659160072154943,0.22760000000000008,0.2979099999999997,0.7577441647982305,0.45355191256830596,0.4098360655737705,0.33489921437686193,0.4908998134937924,0.21205555555555555,0.33394444444444443,support_bounce,1,0,haussier,365,0,0,30,,,31.0,37.0,68.5,57.5,52.2,53,41.79,8,🟢 Surperforme BTC,False,False,,0,,,,53,3,,Volume ×0.3 (épuisement),125326281,125417665,580980590.4572881,581404223.5556631,,99.9,,,
BANKUSDT,BANK,Speculative,722,0.0571,29582383.59873,-16.398,39.912646187662766,-0.02777403070353803,0.09257000000000001,0.052184500000000016,5.446818622637261,0.8498814853831973,0.8498814853831973,10.675055413298786,0.0816371759646152,0.03298333333333333,0.19479999999999997,macd_bearish_cross,0,1,baissier,262,0,0,30,,,14.2,63.0,22.0,78.5,28.4,53,37.25,8,🟢 Surperforme BTC,False,False,,3,⚡ Volume ×10.7 vs médiane,,10.68,53,3,,MACD cross baissier,24245435,24245435,425250000.0,425250000.0,2100000000.0,100.0,,,
ASRUSDT,ASR,Speculative,,0.861,255333.3308,2.622,49.491503897785236,0.001944574897369919,0.8985999999999997,1.2012450000000006,0.34044840220788003,0.39256505576208184,0.35836431226765797,0.2976693012252935,0.24267666935333806,0.8391388888888891,1.2556666666666674,,0,0,neutre,365,0,0,30,,,17.0,37.0,73.0,47.0,50,53,32.15,8,🟢 Surperforme BTC,False,False,,0,,,,53,2,,Volume ×0.3 (épuisement),,,,,,,,,
PEPEUSDT,PEPE,Etabli,59,2.78e-06,11652932.02833685,1.832,50.83636056040073,-7.188650461337795e-09,2.7196000000000006e-06,3.5595000000000038e-06,0.7052279858538929,0.47165532879818595,0.3673469387755102,0.1934160965481673,0.7001280074776024,2.5008333333333337e-06,4.038611111111111e-06,macd_bearish_cross|uptrend,1,1,mixte,365,0,0,30,,,45.0,57.0,60.5,78.5,28.4,52,54.65,7,≈ Neutre vs BTC,False,False,,0,,,,52,5,⚠️ Surveiller,Volume ×0.2 (épuisement)|MACD cross baissier,1164137816,1164137816,420690000000000.0,420690000000000.0,420690000000000.0,100.0,,,
ETHFIUSDT,ETHFI,Mid,110,0.4091,2032875.89341,2.352,49.02954401614548,-0.006157056821045391,0.3891780000000001,0.45233949999999984,0.9608551735265913,0.38012958963282945,0.116414686825054,0.16433754793740604,0.4327624827664581,0.31208333333333327,0.452475,double_top_90d|uptrend,1,1,mixte,365,0,0,30,,,31.0,57.0,73.0,68.0,20.8,52,45.17,7,≈ Neutre vs BTC,False,False,,0,,,,52,5,⚠️ Surveiller,Volume ×0.2 (épuisement)|Double sommet,397685180,407926063,973468000.0,998535999.0,1000000000.0,97.5,3251733741,$3.3B,1.34
VETUSDT,VET,Mid,108,0.004734,531168.2553264,-0.295,49.517504510077785,6.239001443170581e-06,0.0047628,0.00678809,0.45584472516306856,0.45052737317930697,0.4059517830236063,0.10771805264782972,0.719715513834951,0.004524222222222224,0.0073191666666666665,macd_bullish_cross,1,0,haussier,365,0,0,30,,,31.0,37.0,71.0,57.5,50,52,41.81,7,≈ Neutre vs BTC,False,False,,0,,,,52,2,,Volume ×0.1 (épuisement),406551941,406551941,85985041177.0,85985041177.0,86712634466.0,100.0,,,
ERAUSDT,ERA,Speculative,,0.0676,7950720.73664,-2.734,40.61864365206415,-0.0012451100674543921,0.08286400000000002,0.12930250000000001,1.6452651770443372,0.5877712031558185,0.5562130177514792,12.01405972870572,0.42175332563343093,0.07242222222222222,0.14250833333333335,macd_bearish_cross|doji_4h,0,1,baissier,365,0,0,30,,,17.0,55.0,34.0,78.5,28.4,52,38.45,7,≈ Neutre vs BTC,False,False,,3,⚡ Volume ×12.0 vs médiane,,12.01,52,3,,MACD cross baissier,,,,,,,,,
WBTCUSDT,WBTC,Speculative,,63162.13,1885436.3603075,-1.07,45.58364696891436,-209.39188776712678,63391.26919999999,71195.48009999999,0.2947482239449407,0.28535481735715956,0.22918905026503975,0.19066481650483172,0.9994593312940998,60587.6886111111,79534.38611111112,,0,0,neutre,365,0,0,30,,,17.0,37.0,69.5,68.0,50,52,37.13,7,≈ Neutre vs BTC,False,False,,0,,,,52,3,,Volume ×0.2 (épuisement),,,,,,,7190801355,$7.2B,-1.48
ALICEUSDT,ALICE,Speculative,,0.1149,413646.009955,1.412,45.29561343246263,-0.0007031728065667129,0.12068999999999999,0.12680300000000008,0.860058800789346,0.36186770428015563,0.3040581465778316,0.22686780298638856,0.368583628102583,0.10526944444444443,0.14927777777777773,,0,0,neutre,365,0,0,30,,,17.0,37.0,68.5,47.0,50,52,31.88,7,≈ Neutre vs BTC,False,False,,0,,,,52,3,,Volume ×0.2 (épuisement),,,,,,,,,
REZUSDT,REZ,Speculative,745,0.002572,351476.812032,0.39,46.55587692056184,4.009668021567414e-05,0.0028121400000000007,0.0036552250000000007,0.5213966390469319,0.6623733719247468,0.6274963820549928,0.2765434210064799,0.4221716044979224,0.0024760277777777775,0.005798055555555556,,0,0,neutre,365,0,0,30,,,17.0,37.0,65.5,47.0,50,52,31.7,7,≈ Neutre vs BTC,False,False,,0,,,,52,2,,Volume ×0.3 (épuisement),22398884,25267843,8700257382.813099,9814629224.12962,10000000000.0,88.6,91565999,$92M,2.36
ATUSDT,AT,Speculative,594,0.1397,177088.32961,4.488,48.64233770488538,-0.0004942528699985634,0.14409600000000003,0.14996149999999994,0.6827369254424813,0.3516548463356973,0.1725768321513001,0.2734018497616466,0.019834033516771668,0.1186388888888889,0.16451388888888888,,0,0,neutre,248,0,0,30,,,13.8,37.0,67.0,47.0,50,52,30.15,7,≈ Neutre vs BTC,False,False,,0,,,,52,3,,Volume ×0.3 (épuisement),32176131,139896224,230000000.0,1000000000.0,1000000000.0,23.0,,,
CTKUSDT,CTK,Speculative,891,0.1012,45813.84431,4.008,49.02847990555006,0.0005357361082931112,0.108214,0.167192,0.549485422557985,0.5475951903807615,0.4879759519038076,0.14922648194332133,0.5735099558475298,0.0997027777777778,0.18771111111111113,,0,0,neutre,365,0,0,30,,,17.0,37.0,70.0,47.0,50,52,31.97,7,≈ Neutre vs BTC,False,False,,0,,,,52,2,,Volume ×0.1 (épuisement),16460516,16475473,161999123.0,162146801.0,,99.9,,,
XLMUSDT,XLM,Etabli,20,0.1716,6915404.8451,0.823,38.35431067463024,-0.000987486518927834,0.19038999999999998,0.17734249999999996,0.4552887028308213,0.33936129280492505,0.33936129280492505,0.11406284878651805,0.24482463120834871,0.15155555555555555,0.22663055555555556,rsi_bullish_divergence,1,0,haussier,365,0,0,30,,,45.0,36.0,73.0,78.5,55.4,51,54.5,6,≈ Neutre vs BTC,False,False,,0,,,,51,3,,Volume ×0.1 (épuisement),5870046749,8564861068,34269420597.18478,50001786839.91247,,68.5,,,
CFXUSDT,CFX,Mid,153,0.04216,4895064.51411,-4.269,41.60453434316643,-0.00031317832972377205,0.0447952,0.05400480000000002,0.4974896916591517,0.46506777893639206,0.45151199165797706,0.9898292369875028,0.5276301891637722,0.042229166666666665,0.06467166666666668,uptrend,1,0,haussier,365,0,0,30,,,31.0,37.0,79.0,68.0,50,51,44.88,6,≈ Neutre vs BTC,False,False,,0,,,,51,1,,,218930370,218970716,5227249823.24,5228214015.22,,100.0,,,
PENGUUSDT,PENGU,Mid,112,0.005984,4224474.57212,-1.595,45.537579742339375,3.651342678819968e-07,0.00630772,0.00750919,0.625104198379182,0.4788120246287577,0.45852951829047445,0.3361481825902416,0.7186174565729839,0.005916611111111112,0.009827583333333332,,0,0,neutre,365,0,0,30,,,31.0,37.0,60.5,68.0,50,51,43.77,6,≈ Neutre vs BTC,False,False,,0,,,,51,2,,Volume ×0.3 (épuisement),374843090,473716339,62860396090.0,79441231542.63737,88888888888.0,79.1,,,
ESPUSDT,ESP,Mid,489,0.06542,2524803.54198,-2.227,46.03751864662911,-0.001577343089144457,0.06898939999999999,,1.9553594391656173,0.41238519596253526,0.40465581522233335,1.3318940937360493,0.31056539422842,0.06096527777777778,0.07874416666666664,macd_bearish_cross|uptrend,1,1,mixte,171,0,0,30,,,25.7,63.0,47.5,68.0,28.4,51,42.08,6,≈ Neutre vs BTC,False,False,,0,,,,51,3,,MACD cross baissier,42322359,236683464,644762800.4898084,3601379682.0,,17.9,,,
BATUSDT,BAT,Mid,257,0.066,329470.1189,0.917,26.368656213949023,-0.0009739955459443146,0.08194599999999999,0.10619849999999996,0.5045836682551857,0.45993322203672793,0.44824707846410683,0.2712449969053822,0.5291953528506997,0.07437222222222223,0.11070277777777775,,0,0,neutre,365,0,0,30,,,31.0,19.0,79.0,47.0,50,51,37.53,6,≈ Neutre vs BTC,False,False,,0,,,,51,3,,Volume ×0.3 (épuisement),98794540,99076931,1495724656.9526057,1500000000.0,1500000000.0,99.7,,,
VANRYUSDT,VANRY,Speculative,,0.004125,2924680.08435,12.52,42.86289565754042,-0.00013194412971742576,0.004394520000000001,0.005328205000000002,2.33265476462516,0.5363522406769038,0.4502610791270585,5.735503657434787,0.24621257537737673,0.0031535000000000005,0.006388666666666667,downtrend,0,1,baissier,365,0,0,30,,,17.0,55.0,32.5,68.0,24.5,51,35.54,6,≈ Neutre vs BTC,False,False,,3,⚡ Volume ×5.7 vs médiane,,5.74,51,1,,,,,,,,,,,
ACHUSDT,ACH,Speculative,,0.00457,1472738.40947,1.782,52.44200582975147,7.179884155746406e-05,0.004586199999999998,0.006656149999999997,0.6977570519809685,0.5340909090909091,0.4795454545454546,0.3628065199140299,0.3701444146946156,0.004237777777777779,0.007846388888888887,,0,0,neutre,365,0,0,30,,,17.0,37.0,59.5,68.0,50,51,36.53,6,≈ Neutre vs BTC,False,False,,0,,,,51,2,,Volume ×0.4 (épuisement),,,,,,,,,
CGPTUSDT,CGPT,Speculative,857,0.01869,241012.14623,3.603,49.01710977428179,6.207411918407522e-06,0.0191368,0.022897949999999993,0.4894591826906826,0.5852631578947369,0.5630409356725147,0.25319160441665445,0.28544048410042067,0.018151944444444443,0.03152194444444446,macd_bullish_cross,1,0,haussier,365,0,0,30,,,17.0,37.0,59.5,47.0,50,51,31.34,6,≈ Neutre vs BTC,False,False,,0,,,,51,2,,Volume ×0.3 (épuisement),17401866,18609884,932998703.0,997766421.0,1000000000.0,93.5,,,
VTHOUSDT,VTHO,Speculative,556,0.000343,184119.291267,3.003,41.1050922138846,-1.695384690016075e-06,0.00036946000000000006,0.0005330450000000001,0.39893186245901974,0.4784688995215311,0.4513556618819776,0.7738915888484504,0.6125474810337119,0.0003501666666666666,0.0005805555555555556,doji_4h,0,0,neutre,365,0,0,30,,,17.0,37.0,79.0,47.0,50,51,32.51,6,≈ Neutre vs BTC,False,False,,0,,,,51,1,,,34969037,35004395,101802097741.0,101905343337.0,,99.9,,,
ONGUSDT,ONG,Speculative,779,0.04256,165294.8773,1.454,38.508111860112535,-0.00037844692921001075,0.046367399999999996,0.06371210000000001,0.48730913945607374,0.4509908232477724,0.43449926851975,0.6436670775014076,0.4399136392602026,0.04393166666666667,0.07115194444444443,,0,0,neutre,365,0,0,30,,,17.0,37.0,79.0,47.0,50,51,32.51,6,≈ Neutre vs BTC,False,False,,0,,,,51,1,,,20298205,34034320,477123210.0,800000000.0,1000000000.0,59.6,,,
IQUSDT,IQ,Speculative,842,0.000668,19557.467093,0.906,27.81300011060371,-4.393517402169659e-06,0.0007521400000000002,0.0010593350000000002,0.29036047450121516,0.44284504657070284,0.43353090601185434,0.14520150071004376,0.6209255556453946,0.0007068611111111112,0.0011229722222222223,,0,0,neutre,365,0,0,30,,,17.0,19.0,79.0,47.0,50,51,30.35,6,≈ Neutre vs BTC,False,False,,0,,,,51,3,,Volume ×0.1 (épuisement),17801592,17801592,26701892799.928997,26701892799.92899,60000000000.0,100.0,,,
BTCUSDT,BTC,Etabli,1,63138.0,942536679.578533,-1.098,45.40021449541968,-215.16974370693706,63430.968000000015,71336.07120000003,0.2967425775324438,0.2868913747427779,0.23197316338497223,0.17919588666036124,1.0000000000000002,60669.603611111124,79734.29916666665,double_top_90d,0,1,baissier,365,0,0,30,,,45.0,37.0,69.5,78.5,20.8,50,52.33,5,≈ Neutre vs BTC,False,False,,3,🔥 Trending #5 sur CoinGecko,5,,50,5,⚠️ Surveiller,Volume ×0.2 (épuisement)|Double sommet,1265235616034,1265235616034,20064150.0,20064150.0,21000000.0,100.0,,,
REUSDT,RE,Mid,322,0.4518,3139783.7251,1.46,47.00115454956425,0.007005431069381354,,,1.3931463764014345,0.6263933121019108,0.5493630573248407,0.01748706097946548,,0.3911055555555556,0.832288888888889,bullish_engulfing_4h,1,0,haussier,45,0,0,30,,,22.2,45.0,34.5,68.0,52.5,50,38.82,5,≈ Neutre vs BTC,False,False,,0,,,,50,2,,Volume ×0.0 (épuisement),71503467,448016711,159600000.0,1000000000.0,1000000000.0,16.0,260743228,$261M,1.54
PENDLEUSDT,PENDLE,Mid,145,1.429,1488709.1924,0.918,43.082172289123925,-0.020358288130407253,1.4479200000000005,1.444455,0.5522248940640804,0.4529356943150047,0.33550792171481825,0.22134631951023132,0.5227820928021707,1.2492222222222222,1.9700555555555554,golden_cross|uptrend,2,0,haussier,365,0,0,30,,,31.0,36.0,79.0,68.0,50,50,44.76,5,≈ Neutre vs BTC,False,False,,0,,,,50,3,,Volume ×0.2 (épuisement),244106968,400016761,171799830.7639389,281527448.4585314,,61.0,1185120328,$1.2B,-0.56
GMXUSDT,GMX,Mid,351,6.04,291131.97926,-0.984,44.37175421065717,-0.09237176275614586,6.0166,6.476449999999997,0.5676640819229712,0.30668414154652685,0.2070773263433814,0.3474382256566393,0.5470943752463202,5.44138888888889,7.254166666666665,macd_bearish_cross|uptrend,1,1,mixte,365,0,0,30,,,31.0,48.0,83.5,47.0,28.4,50,39.98,5,≈ Neutre vs BTC,False,False,,0,,,,50,5,⚠️ Surveiller,Volume ×0.3 (épuisement)|MACD cross baissier,63093294,63093294,10450214.84025699,10450214.84025699,13250000.0,100.0,172594085,$173M,-1.95
ORCAUSDT,ORCA,Mid,333,1.126,228642.69859,-0.793,41.618094638299404,-0.006670562801380758,1.18586,1.118905,0.37154423950639437,0.4636716583471991,0.37548530227398785,0.10879345676706288,0.31700501631549116,1.0752777777777778,1.5907222222222224,,0,0,neutre,365,0,0,30,,,31.0,36.0,79.0,47.0,50,50,39.57,5,≈ Neutre vs BTC,False,False,,0,,,,50,3,,Volume ×0.1 (épuisement),68286017,84235578,60798781.582258,74999549.919397,100000000.0,81.1,232607242,$233M,-1.8
VANAUSDT,VANA,Speculative,665,0.888,1006120.02979,-2.095,27.5284473314165,-0.035952110636963755,1.1449599999999998,1.426055,0.877830214887102,0.48818443804034584,0.48818443804034584,0.45883607197556614,0.37982280151154724,1.0545,1.5916111111111113,doji_4h,0,0,neutre,365,0,0,30,,,17.0,19.0,68.5,68.0,50,50,34.91,5,≈ Neutre vs BTC,False,False,,0,,,,50,3,,Volume ×0.5 (épuisement),27340756,106522427,30800000.0,120000000.0,120000000.0,25.7,,,
PEOPLEUSDT,PEOPLE,Speculative,568,0.00672,940223.950595,-2.041,69.92118916121962,0.0001391764635536569,0.005579199999999999,0.006826900000000005,0.6835289928620532,0.4272517321016166,0.22632794457274819,0.6796951509447944,0.5313999291503333,0.005105833333333334,0.00786472222222222,double_bottom_90d|downtrend,1,1,mixte,365,0,0,30,,,17.0,57.0,73.0,57.5,24.5,50,35.61,5,≈ Neutre vs BTC,False,False,,0,,,,50,0,,,33849254,33849254,5066474892.014004,5066474892.014004,,100.0,,,
TUTUSDT,TUT,Speculative,,0.01654,832163.21214,8.175,68.8720212947872,0.0001112868154776324,0.0121072,0.011422499999999997,0.9945484132903383,0.32461103253182466,0.0,0.41716999326420967,0.20186739870533021,0.0097625,0.014708055555555552,rsi_bearish_divergence,0,1,baissier,365,0,0,30,,,17.0,64.0,71.5,57.5,19.6,50,36.07,5,≈ Neutre vs BTC,False,False,,0,,,,50,6,⚠️ Surveiller,Volume ×0.4 (épuisement)|Près du plus haut 90j (résistance)|Divergence RSI baissière,,,,,,,,,
ONEUSDT,ONE,Speculative,837,0.00122,247995.324191,2.521,48.39197779097496,3.823742068236287e-06,0.0012702000000000004,0.0021258999999999996,0.9981724627345466,0.573076923076923,0.5307692307692308,0.45007271497519347,0.4967713228483128,0.0011611111111111115,0.0023022222222222216,doji_4h,0,0,neutre,365,0,0,30,,,17.0,37.0,55.0,47.0,50,50,31.07,5,≈ Neutre vs BTC,False,False,,0,,,,50,2,,Volume ×0.5 (épuisement),18067969,18067970,14870211425.762915,14870212769.762915,,100.0,,,
AIUSDT,AI,Speculative,626,0.0174,175595.45713,-1.695,28.831614932995265,-0.00019530759839056413,0.020096,0.02315900000000001,0.4414297949006896,0.43870967741935485,0.43870967741935485,0.16330541156016218,0.19735573206518423,0.01869166666666667,0.02928611111111111,,0,0,neutre,365,0,0,30,,,17.0,19.0,73.0,47.0,50,50,29.99,5,≈ Neutre vs BTC,False,False,,0,,,,50,3,,Volume ×0.2 (épuisement),29788974,228324809,1304675313.0,10000000000.0,10000000000.0,13.0,,,
XRPUSDT,XRP,Etabli,6,1.0624,50386851.51713,-1.392,41.49786960607936,-0.0032695854997157985,1.1067940000000005,1.3588764999999998,0.3708582628327379,0.2996902774037167,0.28460813358470244,0.09792716191204741,0.870042054487579,1.0590555555555552,1.4210888888888888,uptrend,1,0,haussier,365,0,0,30,,,45.0,28.0,75.5,78.5,50,49,53.36,4,≈ Neutre vs BTC,False,False,,1,🔥 Trending #7 sur CoinGecko,7,,49,3,,Volume ×0.1 (épuisement),66353310781,106093568309,62533271955.0,99985635707.0,100000000000.0,62.5,,,
ZECUSDT,ZEC,Etabli,15,466.53,23829512.69089,1.375,44.52201098876889,-8.600811656012906,475.5904,384.97924999999987,0.8551653611221881,0.46200671081153305,0.3063515158713662,0.07444417098877912,0.4787362127367943,400.8961111111111,613.0483333333332,,0,0,neutre,365,0,0,30,,,45.0,36.0,68.5,78.5,50,49,53.9,4,≈ Neutre vs BTC,False,False,,0,,,,49,3,,Volume ×0.1 (épuisement),7823969693,7827637608,16784704.8530448,16792623.6030448,21000000.0,100.0,,,
NEARUSDT,NEAR,Etabli,39,1.657,18305312.1485,0.303,36.398854070269294,-0.020102363309998955,1.9414600000000004,1.5844900000000006,0.5852769252384916,0.42421015264465745,0.4117855875044374,0.11456438864884423,0.29198625146103374,1.5228333333333337,2.4715833333333337,,0,0,neutre,365,0,0,30,,,45.0,36.0,73.0,78.5,50,49,54.17,4,≈ Neutre vs BTC,False,False,,0,,,,49,3,,Volume ×0.1 (épuisement),2155262982,2155263021,1302386250.0,1302386264.0,,100.0,,,
WLFIUSDT,WLFI,Etabli,45,0.0544,2531605.51118,0.184,36.8034046627089,-0.00016658131670610108,0.057738,0.08638099999999999,0.2317288332735559,0.27755644090305454,0.27755644090305454,0.09904379695457707,0.14692489793659236,0.05506388888888889,0.06701666666666667,rsi_bullish_divergence|doji_4h,1,0,haussier,335,0,0,30,,,44.2,28.0,77.5,68.0,55.4,49,50.8,4,≈ Neutre vs BTC,False,False,,0,,,,49,3,,Volume ×0.1 (épuisement),1728327697,5439292601,31774861615.0,100000000000.0,100000000000.0,31.8,,,
ICPUSDT,ICP,Etabli,60,2.073,1677841.06908,0.145,40.10219143959769,-0.006653050902834003,2.2114600000000006,2.5365399999999982,0.39333211912753874,0.43026788180060754,0.42805854736260696,0.08765341666668434,0.30074408144155207,2.105305555555555,3.0833055555555555,support_bounce|doji_4h,1,0,haussier,365,0,0,30,,,45.0,28.0,79.0,68.0,52.2,49,51.11,4,≈ Neutre vs BTC,False,False,,0,,,,49,3,,Volume ×0.1 (épuisement),1148319148,1148319148,555231795.5755233,555231795.5755233,,100.0,,,
ATOMUSDT,ATOM,Etabli,87,1.237,1008675.10589,0.651,20.093051321034196,-0.013976667936755019,1.5767200000000003,1.863044999999999,0.37757308689832003,0.44589720468890887,0.44319206492335433,0.16925785373722252,0.5556958485803258,1.4046111111111115,2.0923611111111113,,0,0,neutre,365,0,0,30,,,45.0,10.0,79.0,68.0,50,49,48.82,4,≈ Neutre vs BTC,False,False,,0,,,,49,3,,Volume ×0.2 (épuisement),644932475,644937430,522578426.71557,522584899.056921,,100.0,,,
SKYUSDT,SKY,Etabli,55,0.05591,578770.15952,-2.782,41.958274683586744,-0.0005890995726291747,0.057417800000000005,0.0674374,0.5641617689970196,0.39892643650115894,0.32048310357447846,0.1358237386069445,0.4714656468926604,0.05344666666666667,0.07549027777777778,rsi_bullish_divergence,1,0,haussier,319,0,0,30,,,43.7,28.0,79.0,57.5,55.4,49,48.07,4,≈ Neutre vs BTC,False,False,,0,,,,49,3,,Volume ×0.1 (épuisement),1300676241,1305616979,23373877319.444786,23462665147.36596,23462665147.3,99.6,5647490876,$5.6B,-5.07
NEXOUSDT,NEXO,Etabli,80,0.721,380890.40979,-0.552,38.553751989889896,-0.001915348066499449,0.7583399999999999,0.8462399999999995,0.2751366048229961,0.2270270270270271,0.2216216216216217,0.27772193992778704,0.7734879131335305,0.7222499999999997,0.902138888888889,,0,0,neutre,365,0,0,30,,,45.0,28.0,87.5,47.0,50,49,46.3,4,≈ Neutre vs BTC,False,False,,0,,,,49,3,,Volume ×0.3 (épuisement),719882869,719882869,1000000000.0,1000000000.0,1000000000.0,100.0,273037997,$273M,-6.42
QNTUSDT,QNT,Etabli,71,61.8,370342.92405,2.132,40.6462422190421,-0.15150662790139724,66.1032,70.05659999999997,0.30042398593748026,0.2567016676961087,0.2366893143915998,0.23046323382478204,0.34690002020812655,62.66361111111111,77.13333333333333,,0,0,neutre,365,0,0,30,,,45.0,28.0,83.5,47.0,50,49,46.06,4,≈ Neutre vs BTC,False,False,,0,,,,49,3,,Volume ×0.2 (épuisement),898628195,902849227,14544176.164081175,14612493.0,14612493.0,99.5,,,
DASHUSDT,DASH,Mid,107,31.78,4707361.40505,5.933,44.80047565980463,-0.15797867770345064,34.153200000000005,39.08225000000001,0.5033778857484229,0.4306541338960292,0.3894110876654518,0.4261812593272487,0.5352379857713851,31.767777777777773,47.734444444444435,support_bounce,1,0,haussier,365,0,0,30,,,31.0,28.0,79.0,68.0,52.2,49,43.93,4,≈ Neutre vs BTC,False,False,,0,,,,49,3,,Volume ×0.4 (épuisement),406319537,406325493,12789031.40321531,12789230.31210056,18920000.0,100.0,,,
TIAUSDT,TIA,Mid,120,0.3304,1066627.510787,3.25,40.49958550149542,-0.003319248608228407,0.371472,0.3680845000000001,0.67487365389215,0.36317567567567577,0.30173141891891897,0.1200766698771984,0.5002336544766119,0.3231527777777778,0.44625277777777783,golden_cross,1,0,haussier,365,0,0,30,,,31.0,36.0,68.5,68.0,50,49,44.13,4,≈ Neutre vs BTC,False,False,,0,,,,49,3,,Volume ×0.1 (épuisement),314788682,388989712,950045328.546288,1173987121.358187,,80.9,,,
EIGENUSDT,EIGEN,Mid,209,0.1803,849573.578812,-0.771,35.65550776286062,-0.005180680854714389,0.22298799999999994,0.21378,0.9119042094568333,0.37333333333333324,0.367719298245614,0.0545935442752441,0.37239388948413576,0.1787166666666666,0.25263055555555547,,0,0,neutre,365,0,0,30,,,31.0,36.0,68.5,57.5,50,49,41.54,4,≈ Neutre vs BTC,False,False,,0,,,,49,3,,Volume ×0.1 (épuisement),133371181,328977457,741228566.6979554,1828337180.1586,,40.5,5005187615,$5.0B,0.18
APEUSDT,APE,Mid,208,0.1338,634550.669477,0.075,41.268539368376416,-0.0018419422280978588,0.14261199999999996,0.13183800000000004,0.7913415959981335,0.2902246508803886,0.20404521118381913,0.17256751544309093,0.1297906417044128,0.12579722222222217,0.1608388888888889,doji_4h,0,0,neutre,365,0,0,30,,,31.0,36.0,67.0,57.5,50,49,41.45,4,≈ Neutre vs BTC,False,False,,0,,,,49,3,,Volume ×0.2 (épuisement),133727062,133727062,1000000000.0,1000000000.0,1000000000.0,100.0,,,
RVNUSDT,RVN,Mid,373,0.00362,187667.831207,1.401,41.43992399804174,-2.6174690269139655e-06,0.0038868000000000015,0.00533765,0.5285908668998796,0.4578125,0.43593750000000003,0.40341471901501774,0.6542377651072926,0.0036533333333333327,0.005936944444444445,support_bounce,1,0,haussier,365,0,0,30,,,31.0,28.0,79.0,47.0,52.2,49,38.74,4,≈ Neutre vs BTC,False,False,,0,,,,49,3,,Volume ×0.4 (épuisement),59082961,59086941,16381265441.212675,16382384191.21267,21000000000.0,100.0,,,
QTUMUSDT,QTUM,Mid,330,0.653,129676.5005,1.872,38.84732612073619,-0.004125356385045735,0.6956600000000001,0.8866599999999997,0.3861411548332291,0.38505747126436785,0.37547892720306514,0.2665783280095423,0.6196157523589726,0.662,0.9586111111111113,support_bounce,1,0,haussier,365,0,0,30,,,31.0,28.0,79.0,47.0,52.2,49,38.74,4,≈ Neutre vs BTC,False,False,,0,,,,49,3,,Volume ×0.3 (épuisement),69007606,70142815,106077380.75,107822406.0,,98.4,,,
EDUUSDT,EDU,Speculative,658,0.0342,733310.9931,4.587,60.084741441914986,0.00033497099315998673,0.030417999999999997,0.06956649999999998,0.7357651011952848,0.5270758122743682,0.3826714801444043,0.28584790793759435,0.3903022187837429,0.028236111111111115,0.04948888888888889,rsi_bearish_divergence|doji_4h,0,1,baissier,365,0,0,30,,,17.0,57.0,59.5,57.5,19.6,49,34.51,4,≈ Neutre vs BTC,False,False,,0,,,,49,4,⚠️ Surveiller,Volume ×0.3 (épuisement)|Divergence RSI baissière,27661412,34189170,809069444.0,1000000000.0,1000000000.0,80.9,,,
JUVUSDT,JUV,Speculative,,0.311,418503.05362,2.303,43.24668763304538,-0.0010051002193504832,0.32616000000000006,0.4872849999999995,0.3640068100630939,0.4283018867924529,0.41132075471698115,0.1884546463987614,0.5682185733766629,0.31225,0.4840000000000001,support_bounce,1,0,haussier,365,0,0,30,,,17.0,28.0,79.0,47.0,52.2,49,31.56,4,≈ Neutre vs BTC,False,False,,0,,,,49,3,,Volume ×0.2 (épuisement),,,,,,,,,
AGLDUSDT,AGLD,Speculative,,0.1492,217168.12382,1.566,46.02719448762724,0.0003998927284753137,0.16050400000000004,0.22616249999999993,1.0897022248619195,0.5514492753623189,0.45760869565217394,0.30315294869014164,0.24395459338163986,0.14580000000000004,0.2571472222222223,bullish_engulfing_4h,1,0,haussier,365,0,0,30,,,17.0,37.0,43.0,47.0,52.5,49,30.5,4,≈ Neutre vs BTC,False,False,,0,,,,49,2,,Volume ×0.3 (épuisement),,,,,,,,,
BMTUSDT,BMT,Speculative,,0.01174,199224.051424,2.354,47.9528745585811,-3.460896604191876e-06,0.012137600000000004,0.015451550000000007,0.47448665703947956,0.3985823336968375,0.3609596510359869,0.38202330380276167,0.5463904865400847,0.01151805555555555,0.01705222222222222,macd_bearish_cross|support_bounce|uptrend,2,1,haussier,365,0,0,30,,,17.0,37.0,79.0,47.0,30.6,49,31.34,4,≈ Neutre vs BTC,False,False,,0,,,,49,5,⚠️ Surveiller,Volume ×0.4 (épuisement)|MACD cross baissier,,,,,,,,,
RAREUSDT,RARE,Speculative,,0.01198,109303.499844,0.757,43.12031211137985,-5.0785615646143056e-05,0.012561200000000003,0.0163568,0.43225029292603345,0.372972972972973,0.35243243243243244,0.03027274472835152,0.5786965158814842,0.01198833333333333,0.017416666666666667,support_bounce,1,0,haussier,365,0,0,30,,,17.0,28.0,79.0,47.0,52.2,49,31.56,4,≈ Neutre vs BTC,False,False,,0,,,,49,3,,Volume ×0.0 (épuisement),,,,,,,,,
VELODROMEUSDT,VELODROME,Speculative,,0.01731,86102.626203,-1.368,40.21603824216648,-0.00012266317903807003,0.019391000000000002,0.016944200000000006,0.7583939103813294,0.35437144335230214,0.301452784503632,0.1528232527478563,0.5215857106299775,0.0140475,0.022230833333333342,,0,0,neutre,365,0,0,30,,,17.0,36.0,68.5,47.0,50,49,31.76,4,≈ Neutre vs BTC,False,False,,0,,,,49,3,,Volume ×0.2 (épuisement),,,,,,,,,
STEEMUSDT,STEEM,Speculative,775,0.03722,76738.858684,1.251,38.629789398376005,-0.00016377609462845245,0.04066420000000001,0.05318764999999998,0.41654784529500083,0.4149161374368996,0.39358410682299294,0.18328634807198804,0.6463777410587125,0.03842388888888889,0.05900444444444445,bullish_engulfing_4h,1,0,haussier,365,0,0,30,,,17.0,28.0,79.0,47.0,52.5,49,31.58,4,≈ Neutre vs BTC,False,False,,0,,,,49,3,,Volume ×0.2 (épuisement),20612147,20624910,553895487.121,554239595.049,,99.9,,,
TAOUSDT,TAO,Etabli,41,196.0,9185441.04806,0.823,46.5460172231807,0.9610470907866908,211.78199999999993,235.8950000000002,0.4853724364498982,0.415029622700343,0.38914873713751164,0.18281614716487649,0.6610755441277698,192.7888888888889,298.8444444444443,support_bounce|downtrend,1,1,mixte,365,0,0,30,,,45.0,37.0,79.0,78.5,26.7,48,53.26,3,≈ Neutre vs BTC,False,False,,0,,,,48,2,,Volume ×0.2 (épuisement),1873908820,4100247161,9597491.0,21000000.0,21000000.0,45.7,,,
SUIUSDT,SUI,Etabli,32,0.685,7908270.05905,-0.84,39.4420522295535,-0.005264341051132675,0.7280879999999997,0.9468480000000004,0.4588649612170547,0.4889305816135084,0.48577861163227015,0.081776696110939,0.6574333095996628,0.686347222222222,1.1187361111111112,,0,0,neutre,365,0,0,30,,,45.0,28.0,79.0,78.5,50,48,53.57,3,≈ Neutre vs BTC,False,False,,0,,,,48,3,,Volume ×0.1 (épuisement),2784592985,6834145442,4074529886.4415293,10000000000.0,10000000000.0,40.7,,,
HBARUSDT,HBAR,Etabli,29,0.07028,3149861.90829,2.449,50.75335242846643,0.00035497177002121296,0.0723294,0.08826294999999997,0.44617623040205817,0.3357524443100494,0.2913012801128919,0.24205666191980788,0.5717050066862616,0.06761333333333333,0.0941025,downtrend,0,1,baissier,365,0,0,30,,,45.0,37.0,83.5,68.0,24.5,48,50.8,3,≈ Neutre vs BTC,False,False,,0,🔥 Trending #13 sur CoinGecko,13,,48,2,,Volume ×0.2 (épuisement),3074583403,3510512029,43791096253.08495,50000000000.0,50000000000.0,87.6,,,
POLUSDT,POL,Etabli,77,0.07248,1679496.931946,1.201,37.69295794476244,-0.0008685128821848908,0.07652339999999999,0.09337795,0.36933805906992445,0.3442105263157895,0.3053588516746411,0.22915384912067793,0.5290924733419868,0.07157638888888891,0.09724444444444443,,0,0,neutre,365,0,0,30,,,45.0,28.0,79.0,68.0,50,48,50.98,3,≈ Neutre vs BTC,False,False,,0,,,,48,3,,Volume ×0.2 (épuisement),774431636,774431636,10688558292.63683,10688558292.63683,,100.0,2596620268,$2.6B,-2.53
ARUSDT,AR,Mid,236,1.745,743884.70958,0.984,36.44681068979942,-0.013768570109685373,1.9330599999999996,2.0962950000000005,0.4106876066736341,0.3757246376811593,0.36811594202898545,0.10023612405096045,0.3555964229452576,1.8064722222222223,2.414861111111111,,0,0,neutre,365,0,0,30,,,31.0,28.0,79.0,57.5,50,48,41.21,3,≈ Neutre vs BTC,False,False,,0,,,,48,3,,Volume ×0.1 (épuisement),114446975,114446975,65652466.0,65652466.0,66000000.0,100.0,,,
KMNOUSDT,KMNO,Mid,259,0.01864,732084.91434,3.441,51.84057738401757,5.677420792473374e-05,0.0187958,0.0233555,0.5525099680350803,0.46168656141701964,0.28186368887177515,0.47085752861766783,0.3582566473147267,0.016175000000000002,0.02251027777777777,macd_bullish_cross|downtrend,1,1,mixte,365,0,0,30,,,31.0,37.0,83.5,57.5,24.5,48,41.03,3,≈ Neutre vs BTC,False,False,,0,,,,48,2,,Volume ×0.5 (épuisement),96380340,185590458,5193150993.25,9999957168.977165,10000000000.0,51.9,1041780876,$1.0B,0.6
CFGUSDT,CFG,Mid,336,0.1776,609307.46898,0.795,46.771105847436644,0.001491352134397773,0.19530799999999998,,0.7742360797595528,0.4690920798454604,0.42788151963940757,0.12519406491863763,0.4823000505127683,0.17569722222222225,0.2982138888888889,downtrend,0,1,baissier,139,0,0,30,,,24.8,45.0,68.5,57.5,24.5,48,37.91,3,≈ Neutre vs BTC,False,False,,0,,,,48,2,,Volume ×0.1 (épuisement),67519770,120702872,380384016.0,680000000.0,,55.9,1628405261,$1.6B,-0.03
NXPCUSDT,NXPC,Mid,311,0.2536,315330.8908,2.093,44.53099885559459,0.0015370703457122398,0.2746959999999999,0.3058354999999999,0.48799317451330076,0.43976878612716763,0.4143352601156069,0.3985048361931467,0.2961701591130456,0.25105833333333333,0.39142222222222217,support_bounce,1,0,haussier,365,0,0,30,,,31.0,28.0,73.0,47.0,52.2,48,38.38,3,≈ Neutre vs BTC,False,False,,0,,,,48,2,,Volume ×0.4 (épuisement),74517826,251737627,294401342.5175758,994552574.1697733,1000000000.0,29.6,,,
DGBUSDT,DGB,Mid,321,0.00391,277526.309923,-2.005,62.183414120324485,3.3517274337797756e-05,0.0029043999999999997,0.003877299999999998,1.5100620891552596,0.40155440414507776,0.0841121495327103,0.34612827562258985,0.2029000680551261,0.002412777777777778,0.003979166666666665,double_top_90d|uptrend,1,1,mixte,365,0,0,30,,,31.0,57.0,50.5,47.0,20.8,48,38.63,3,≈ Neutre vs BTC,False,False,,0,,,,48,4,⚠️ Surveiller,Volume ×0.3 (épuisement)|Double sommet,72047427,72071537,18400754016.521637,18406932963.20462,21000000000.0,100.0,,,
SUPERUSDT,SUPER,Mid,401,0.0826,187265.2411,0.121,41.200594171656064,2.2529035301001137e-05,0.08794599999999997,0.11687299999999995,0.304226476180557,0.3967431532198371,0.39008142116950406,0.09603070945850832,0.6420200152516983,0.08335555555555554,0.1263638888888889,doji_4h,0,0,neutre,365,0,0,30,,,31.0,28.0,79.0,47.0,50,48,38.61,3,≈ Neutre vs BTC,False,False,,0,,,,48,2,,Volume ×0.1 (épuisement),52686458,82301430,640164549.0,1000000000.0,1000000000.0,64.0,,,
SUSHIUSDT,SUSHI,Mid,473,0.1542,159262.33312,1.181,41.865544191268725,-0.001297755848979453,0.16377599999999998,0.20459899999999995,0.4681708016001618,0.41570805236017455,0.38873462911543044,0.24239062142129356,0.42306492348775276,0.15239166666666665,0.23003611111111105,,0,0,neutre,365,0,0,30,,,31.0,28.0,79.0,47.0,50,48,38.61,3,≈ Neutre vs BTC,False,False,,0,,,,48,3,,Volume ×0.2 (épuisement),44843680,44843680,291514753.9009228,291514753.9009228,,100.0,32511736,$33M,-1.47
GASUSDT,GAS,Mid,357,0.953,125876.0422,0.953,37.57356945598548,-0.006455831222099719,1.05066,1.4867649999999997,0.4439035631595395,0.4830890642615558,0.4627959413754228,0.17335911502551668,0.6926320325001374,0.9914444444444442,1.6527222222222218,,0,0,neutre,365,0,0,30,,,31.0,28.0,79.0,47.0,50,48,38.61,3,≈ Neutre vs BTC,False,False,,0,,,,48,3,,Volume ×0.2 (épuisement),61935891,61935891,65093580.54427269,65093580.54427269,,100.0,,,
ALTUSDT,ALT,Mid,492,0.00588,109867.20307,2.618,42.17926899956043,-4.904077845836684e-05,0.0062234000000000005,0.007477050000000002,0.5458641603548408,0.32129963898916963,0.29482551143200963,0.06028578042565413,0.24641618006006025,0.0057197222222222215,0.008047777777777777,,0,0,neutre,365,0,0,30,,,31.0,28.0,77.5,47.0,50,48,38.52,3,≈ Neutre vs BTC,False,False,,0,,,,48,3,,Volume ×0.1 (épuisement),40266356,58479163,6885590274.0,10000000000.0,10000000000.0,68.9,,,
ZRXUSDT,ZRX,Mid,334,0.0801,85652.7083,2.824,41.42542046001871,-0.0005396111922391165,0.08438799999999999,0.10298599999999994,0.5190700486040091,0.3971518987341772,0.3678797468354431,0.12469827900021842,0.5590058909021212,0.07972500000000002,0.11450833333333331,,0,0,neutre,365,0,0,30,,,31.0,28.0,79.0,47.0,50,48,38.61,3,≈ Neutre vs BTC,False,False,,0,,,,48,3,,Volume ×0.1 (épuisement),67717796,79818565,848396562.906836,1000000000.0,1000000000.0,84.8,,,
POLYXUSDT,POLYX,Mid,466,0.0329,73404.08357,0.92,35.749983846834695,-0.000322878183197477,0.036616,0.045353,0.45347658315761163,0.43585237258347986,0.421792618629174,0.1595775140796194,0.6740452466381529,0.03439166666666668,0.05521944444444444,uptrend,1,0,haussier,365,0,0,30,,,31.0,28.0,79.0,47.0,50,48,38.61,3,≈ Neutre vs BTC,False,False,,0,,,,48,3,,Volume ×0.2 (épuisement),42658678,42658678,1303336438.487754,1303336438.487754,,100.0,,,
EWYBUSDT,EWYB,Speculative,,156.67,2492400.58221,-5.791,41.78080024601326,0.5854820768338023,,,0.8118696255631193,0.31255014867607495,0.260537121819984,0.18457214447073897,,155.804375,200.50000000000003,,0,0,neutre,40,0,0,30,,,8.1,36.0,63.0,68.0,50,48,32.05,3,≈ Neutre vs BTC,False,False,,0,,,,48,2,,Volume ×0.2 (épuisement),,,,,,,,,
SKLUSDT,SKL,Speculative,737,0.00373,615507.73161,5.367,45.27210549593413,-2.622914605550475e-05,0.0039248,0.006131949999999998,1.2110371638999111,0.5368139223560909,0.500669344042838,0.338027088823876,0.42634993638035673,0.0035591666666666666,0.0068725,uptrend,1,0,haussier,365,0,0,30,,,17.0,37.0,44.5,57.5,50,48,33.03,3,≈ Neutre vs BTC,False,False,,0,,,,48,3,,Volume ×0.3 (épuisement),22801485,23776883,6094019337.0,6354708164.569789,7000000000.0,95.9,,,
PROMUSDT,PROM,Speculative,586,1.771,506445.24034,7.856,56.439919016779854,-0.012843469679224562,1.3466399999999998,1.4898699999999994,1.6601564891784577,0.5308525671219972,0.16062176165803116,0.3852380611706849,0.08782792051919645,1.0208888888888887,2.042666666666667,macd_bearish_cross|doji_4h,0,1,baissier,365,0,0,30,,,17.0,57.0,37.0,57.5,28.4,48,33.69,3,≈ Neutre vs BTC,False,False,,0,,,,48,5,⚠️ Surveiller,Volume ×0.4 (épuisement)|MACD cross baissier,32418492,34194848,18250000.0,19250000.0,19250000.0,94.8,,,
LUNAUSDT,LUNA,Speculative,629,0.0419,350033.151929,1.946,37.79904822884292,-0.00013959443199746627,0.04758400000000001,0.059817499999999954,0.4930330879096811,0.46338215712383485,0.4420772303595206,0.4881463307774507,0.609324291642927,0.043702777777777785,0.06887499999999999,,0,0,neutre,365,0,0,30,,,17.0,28.0,79.0,47.0,50,48,31.43,3,≈ Neutre vs BTC,False,False,,0,,,,48,3,,Volume ×0.5 (épuisement),29665025,49583755,709984438.91686,1186707049.0,,59.8,,,
BANANAUSDT,BANANA,Speculative,953,3.587,275554.572415,-2.975,52.83706238375421,-0.024608943382890214,3.203060000000001,3.9686200000000014,0.7319215747308674,0.45338983050847453,0.24406779661016945,0.19332125847324955,0.5592959288936945,2.7703611111111104,4.158277777777777,macd_bearish_cross|bull_flag|uptrend|bearish_engulfing_4h,2,2,mixte,365,0,0,30,,,17.0,57.0,73.0,47.0,4.2,48,31.8,3,≈ Neutre vs BTC,False,False,,0,,,,48,7,🔴 Sortie,Volume ×0.2 (épuisement)|Engloutissement baissier 4h|MACD cross baissier,14349489,30021103,4016415.7328564273,8402893.465936832,10000000.0,47.8,,,
GTCUSDT,GTC,Speculative,,0.07537,219503.259958,-2.218,58.44165498810383,0.001087278969389391,0.0720614,0.09066035000000004,0.634858670795819,0.6292134831460674,0.5779775280898876,0.4205252901801725,0.2678809647696422,0.06715888888888889,0.11333333333333334,shooting_star_4h,0,1,baissier,365,0,0,30,,,17.0,57.0,49.0,47.0,20.8,48,31.36,3,≈ Neutre vs BTC,False,False,,0,,,,48,4,⚠️ Surveiller,Volume ×0.4 (épuisement)|Étoile filante 4h,,,,,,,,,
BARUSDT,BAR,Speculative,,0.267,190572.31154,1.521,40.43920115929645,-0.0012176109566557755,0.27656,0.42742499999999983,0.3591320113979653,0.46216768916155415,0.4539877300613496,0.11289479431792174,0.43496306761027886,0.2663611111111111,0.43547222222222226,uptrend|doji_4h,1,0,haussier,365,0,0,30,,,17.0,28.0,79.0,47.0,50,48,31.43,3,≈ Neutre vs BTC,False,False,,0,,,,48,3,,Volume ×0.1 (épuisement),,,,,,,,,
METISUSDT,METIS,Speculative,797,2.55,183702.40195,3.659,42.364629238849005,-0.01966277259720925,2.8162000000000007,3.3443999999999994,0.5591343134688254,0.41219512195121943,0.3780487804878049,0.26248872935885953,0.6109657837845337,2.531388888888889,3.7380555555555555,uptrend,1,0,haussier,365,0,0,30,,,17.0,28.0,79.0,47.0,50,48,31.43,3,≈ Neutre vs BTC,False,False,,0,,,,48,3,,Volume ×0.3 (épuisement),19492452,25447242,7659946.842,10000000.0,10000000.0,76.6,23818474,$24M,-2.92
ILVUSDT,ILV,Speculative,733,2.84,153905.63357,-2.069,42.09820359913417,0.0005267569167905772,3.0722000000000005,3.9705499999999994,0.4623249744390914,0.47307692307692306,0.4538461538461539,0.17288055901407923,0.678237871801864,2.866944444444444,4.82638888888889,macd_bullish_cross|doji_4h,1,0,haussier,365,0,0,30,,,17.0,28.0,79.0,47.0,50,48,31.43,3,≈ Neutre vs BTC,False,False,,0,,,,48,2,,Volume ×0.2 (épuisement),23573680,27304553,8285692.158034649,9597021.619197955,,86.3,,,
CELOUSDT,CELO,Speculative,518,0.06338,149166.562002,0.651,40.69597458716116,-0.0008704107410423051,0.0660232,0.08065200000000003,0.5194541916587837,0.43221411192214104,0.3846228710462287,0.08910688710478552,0.4387739036700019,0.060123611111111114,0.0914233333333333,uptrend,1,0,haussier,365,0,0,30,,,17.0,28.0,79.0,47.0,50,48,31.43,3,≈ Neutre vs BTC,False,False,,0,,,,48,3,,Volume ×0.1 (épuisement),38256162,63200234,605316779.0,1000000000.0,1000000000.0,60.5,,,
MAGICUSDT,MAGIC,Speculative,,0.0418,146916.23423,1.951,46.58625796239146,5.319284279943753e-05,0.043335999999999986,0.060436999999999956,0.4592044178681198,0.4632152588555859,0.43324250681198917,0.15375702764529728,0.5723932923043807,0.041133333333333334,0.0672861111111111,support_bounce|downtrend|doji_4h,1,1,mixte,365,0,0,30,,,17.0,37.0,79.0,47.0,26.7,48,31.11,3,≈ Neutre vs BTC,False,False,,0,,,,48,2,,Volume ×0.2 (épuisement),,,,,,,,,
AUCTIONUSDT,AUCTION,Speculative,743,3.034,121609.40945,1.744,37.63797348284595,-0.009085983980066853,3.3552399999999993,4.463310000000002,0.4399222652463776,0.4571969696969697,0.4265151515151515,0.1694422905215421,0.5768728503915398,3.1182222222222227,4.902777777777776,,0,0,neutre,365,0,0,30,,,17.0,28.0,79.0,47.0,50,48,31.43,3,≈ Neutre vs BTC,False,False,,0,,,,48,3,,Volume ×0.2 (épuisement),22448522,23115971,7420409.148028981,7641035.648362741,10000000.0,97.1,,,
MASKUSDT,MASK,Speculative,552,0.354,121374.8639,2.017,37.38363597355219,-0.003292830800408604,0.3876999999999999,0.45411500000000027,0.5101636279133585,0.37683823529411764,0.34926470588235303,0.1304327442764587,0.5336050841178135,0.35530555555555554,0.5012777777777777,,0,0,neutre,365,0,0,30,,,17.0,28.0,79.0,47.0,50,48,31.43,3,≈ Neutre vs BTC,False,False,,0,,,,48,3,,Volume ×0.1 (épuisement),35261944,35261944,100000000.0,100000000.0,100000000.0,100.0,,,
POWRUSDT,POWR,Speculative,762,0.0404,77996.8758,1.508,38.8148139511593,-0.00023295956178422247,0.04431199999999999,0.060871499999999995,0.4588992577699942,0.4497126436781609,0.42241379310344823,0.22187212781938648,0.4660509086638679,0.041405555555555536,0.06658611111111112,,0,0,neutre,365,0,0,30,,,17.0,28.0,79.0,47.0,50,48,31.43,3,≈ Neutre vs BTC,False,False,,0,,,,48,3,,Volume ×0.2 (épuisement),40121236,40121236,999506122.99937,999506122.99937,1000000000.0,100.0,,,
MTLUSDT,MTL,Speculative,792,0.213,74567.3192,-2.294,43.04428071554415,-0.00018915143018942166,0.22868,0.27888999999999975,0.41045215035175725,0.39880952380952384,0.3660714285714286,0.30431943343671397,0.6813638099938163,0.2164166666666667,0.31774999999999987,,0,0,neutre,365,0,0,30,,,17.0,28.0,79.0,47.0,50,48,31.43,3,≈ Neutre vs BTC,False,False,,0,,,,48,3,,Volume ×0.3 (épuisement),19620951,19620951,92068885.0,92068885.0,,100.0,,,
SOLUSDT,SOL,Etabli,7,73.08,82503415.36796,-0.814,42.62511380134627,-0.4099208408882219,74.976,86.13105000000003,0.3435478457270876,0.361199548115436,0.2495635205915581,0.16785134584002928,0.8363239387057511,67.06722222222221,89.78555555555553,,0,0,neutre,365,0,0,30,,,45.0,28.0,75.5,78.5,50,47,53.36,2,≈ Neutre vs BTC,False,False,,0,,,,47,3,,Volume ×0.2 (épuisement),42383654934,46052337550,581078756.4395978,631376284.0822885,,92.0,,,
HOLOUSDT,HOLO,Mid,429,0.0675,1460156.36983,0.746,49.03493258709051,5.871260626613212e-06,0.06824,0.06511449999999998,1.0071043942989297,0.3699421965317919,0.21965317919075134,0.40135576016349167,0.3112960832590794,0.06169444444444445,0.07834722222222222,downtrend,0,1,baissier,325,0,0,30,,,29.9,45.0,62.5,68.0,24.5,47,42.76,2,≈ Neutre vs BTC,False,False,,0,,,,47,2,,Volume ×0.4 (épuisement),138027077,138027077,2048000000.0,2048000000.0,2048000000.0,100.0,,,
SANDUSDT,SAND,Mid,239,0.04235,1046109.97642,0.142,35.49571893457666,-0.0002652635162663278,0.04855980000000001,0.07530850000000004,0.47920744138418514,0.5056490384615384,0.4914663461538461,0.35508848911485597,0.6549274799161732,0.044905833333333325,0.07669555555555556,,0,0,neutre,365,0,0,30,,,31.0,28.0,70.0,68.0,50,47,43.26,2,≈ Neutre vs BTC,False,False,,0,,,,47,3,,Volume ×0.4 (épuisement),126696100,126696100,3000000000.0,3000000000.0,3000000000.0,100.0,,,
RAYUSDT,RAY,Mid,180,0.6091,311440.83021,0.296,40.9201256502949,-0.00674223517694744,0.6486740000000001,0.6919234999999998,0.5362077288043562,0.3644646924829157,0.30592255125284734,0.1806340339131455,0.715343208231116,0.582825,0.8038833333333332,,0,0,neutre,365,0,0,30,,,31.0,28.0,71.0,47.0,50,47,38.13,2,≈ Neutre vs BTC,False,False,,0,,,,47,3,,Volume ×0.2 (épuisement),163833976,337627800,269313892.480486,555000000.0,555000000.0,48.5,810416913,$810M,-0.78
THETAUSDT,THETA,Mid,218,0.1259,169164.29401,1.45,36.10907374859532,-0.0009992868890483968,0.141394,0.1868095,0.5836730560412317,0.5,0.4910931174089069,0.10799908209723112,0.5277226559350804,0.1303,0.2188611111111111,,0,0,neutre,365,0,0,30,,,31.0,28.0,70.0,47.0,50,47,38.07,2,≈ Neutre vs BTC,False,False,,0,,,,47,3,,Volume ×0.1 (épuisement),125788287,125788287,1000000000.0,1000000000.0,1000000000.0,100.0,,,
KSMUSDT,KSM,Mid,384,3.01,118525.12312,0.0,40.66273394727809,-0.007558065758961535,3.2651999999999997,4.480649999999999,0.5738012391778916,0.5175292153589316,0.4991652754590985,0.15944358119674537,0.5649541443381602,3.0391666666666675,5.404999999999999,doji_4h,0,0,neutre,365,0,0,30,,,31.0,28.0,70.0,47.0,50,47,38.07,2,≈ Neutre vs BTC,False,False,,0,,,,47,3,,Volume ×0.2 (épuisement),55801600,55802317,18600652.05411736,18600974.14903142,,100.0,,,
GNOUSDT,GNO,Mid,128,105.12,109754.81069,-1.296,42.92734647256704,-0.6789557623167932,107.83980000000001,119.69435000000001,0.34332860084245714,0.324683072334079,0.21476510067114093,0.2317534883650379,0.7003647663442363,99.29972222222223,131.5811111111111,,0,0,neutre,365,0,0,30,,,31.0,28.0,75.5,47.0,50,47,38.4,2,≈ Neutre vs BTC,False,False,,0,,,,47,3,,Volume ×0.2 (épuisement),277374031,315246841,2639589.0,3000000.0,3000000.0,88.0,,,
EPICUSDT,EPIC,Speculative,682,0.7769,4135685.21117,0.609,72.43209808463008,0.019421156203307727,0.511164,0.381616,2.966373455064885,0.5659340659340659,0.01179753900799185,0.2659395756804607,0.0634174287069778,0.2622222222222222,0.7038083333333334,downtrend,0,1,baissier,365,0,0,30,,,17.0,64.0,41.5,68.0,24.5,47,37.16,2,≈ Neutre vs BTC,False,False,,0,,,,47,6,⚠️ Surveiller,RSI 72 (surachat)|Volume ×0.3 (épuisement)|Près du plus haut 90j (résistance),26178109,26178109,33600000.0,33600000.0,33600000.0,100.0,,,
ENSOUSDT,ENSO,Speculative,790,0.958,2261119.79535,11.266,81.4686496627935,0.015623130600254942,0.7011799999999999,0.9598350000000003,0.525146126017835,0.4182194616977225,0.00828157349896481,0.9098149620831033,0.39725531061563263,0.5898888888888888,0.9131666666666666,uptrend,1,0,haussier,292,0,0,30,,,15.0,48.0,88.0,68.0,50,47,38.53,2,≈ Neutre vs BTC,False,False,,0,,,,47,6,⚠️ Surveiller,RSI 81 (surachat extrême)|Près du plus haut 90j (résistance),19753151,95935655,20590000.0,100000000.0,127339703.0,20.6,,,
TSLABUSDT,TSLAB,Speculative,,310.2,1233018.10287,-2.142,30.44405407135642,-3.189125333627125,378.69739999999985,,0.5533503911340709,0.2988137072238862,0.26862573995896316,0.11583480008311463,,312.6764999999999,414.75100000000003,,0,0,neutre,52,0,0,30,,,8.4,27.0,73.5,68.0,50,47,31.77,2,≈ Neutre vs BTC,False,False,,0,,,,47,3,,Volume ×0.1 (épuisement),,,,,,,,,
THEUSDT,THE,Speculative,,0.0519,682370.99503,3.593,44.7810151344174,1.119809762720192e-05,0.05757799999999999,0.1381365000000001,0.949330265954113,0.5996621621621622,0.5616554054054054,0.6060541779995493,0.3631231262405808,0.051666666666666645,0.10241111111111109,support_bounce,1,0,haussier,365,0,0,30,,,17.0,37.0,55.0,57.5,52.2,47,33.79,2,≈ Neutre vs BTC,False,False,,0,,,,47,0,,,,,,,,,1272057,$1M,2.12
SXTUSDT,SXT,Speculative,828,0.00705,602759.732475,7.143,48.32066810479261,-4.355631421012476e-06,0.007382999999999998,0.015413199999999998,1.6262263330948294,0.5775862068965517,0.5318302387267905,0.3920211326961625,0.3074695639893985,0.006695555555555556,0.013703333333333333,uptrend,1,0,haussier,365,0,0,30,,,17.0,37.0,34.0,57.5,50,47,32.4,2,≈ Neutre vs BTC,False,False,,0,,,,47,3,,Volume ×0.4 (épuisement),35238990,35238990,5000000000.0,5000000000.0,5000000000.0,100.0,,,
AIGENSYNUSDT,AIGENSYN,Speculative,,0.02281,586003.32852,0.929,41.682265459708354,-8.909057147458814e-05,0.025495400000000005,,0.7930375426246881,0.45805159028299525,0.4297520661157025,0.049268217654253446,,0.022455937500000002,0.036386562500000004,,0,0,neutre,80,0,0,30,,,9.2,36.0,58.5,57.5,50,47,29.75,2,≈ Neutre vs BTC,False,False,,0,,,,47,3,,Volume ×0.0 (épuisement),,,,,,,,,
OGNUSDT,OGN,Speculative,,0.01528,369329.82153,0.858,40.3539981449056,-0.00019013669223840374,0.01655,0.021390249999999996,1.0179423730254908,0.4204228161148783,0.39050658157159945,0.6228426060840296,0.42456810321620797,0.015329166666666665,0.023730277777777767,uptrend,1,0,haussier,365,0,0,30,,,17.0,37.0,58.0,47.0,50,47,31.25,2,≈ Neutre vs BTC,False,False,,0,,,,47,1,,,,,,,,,50011240,$50M,54.3
BELUSDT,BEL,Speculative,,0.0974,363811.89902,-0.103,44.138697092028835,-0.0003245241990851777,0.11079200000000002,0.106894,1.0708915666578103,0.5190133607399794,0.5,0.5149966159411811,0.24436736970120476,0.08684444444444445,0.14178888888888888,,0,0,neutre,365,0,0,30,,,17.0,45.0,38.5,47.0,50,47,31.04,2,≈ Neutre vs BTC,False,False,,0,,,,47,3,,Volume ×0.5 (épuisement),,,,,,,,,
CITYUSDT,CITY,Speculative,,0.367,297120.44247,0.824,40.29705492790825,-0.0020391719691928833,0.38787999999999995,0.5257400000000003,0.3103653090480561,0.446676970633694,0.4312210200927357,0.08677646284298679,0.2868845456651298,0.3721944444444445,0.590638888888889,doji_4h,0,0,neutre,365,0,0,30,,,17.0,28.0,73.0,47.0,50,47,31.07,2,≈ Neutre vs BTC,False,False,,0,,,,47,3,,Volume ×0.1 (épuisement),,,,,,,,,
PORTOUSDT,PORTO,Speculative,,0.456,293759.27675,1.333,49.75410548765542,0.0009380595333670127,0.4661600000000001,0.8238750000000004,1.9137676835934387,0.5698447893569845,0.4911308203991131,0.3376816483790273,0.48765855101070676,0.42561111111111105,0.8264444444444443,uptrend,1,0,haussier,365,0,0,30,,,17.0,37.0,38.5,47.0,50,47,30.08,2,≈ Neutre vs BTC,False,False,,0,,,,47,2,,Volume ×0.3 (épuisement),,,,,,,,,
BNSOLUSDT,BNSOL,Speculative,,82.1,268441.2967,-0.845,43.29020762607988,-0.46168896159987305,83.93599999999998,95.32199999999997,0.3443591276292164,0.36162361623616235,0.2426199261992621,0.0877082632000217,0.8372073576695895,74.83333333333331,99.76944444444445,,0,0,neutre,365,0,0,30,,,17.0,28.0,75.5,47.0,50,47,31.22,2,≈ Neutre vs BTC,False,False,,0,,,,47,3,,Volume ×0.1 (épuisement),,,,,,,,,
BEAMXUSDT,BEAMX,Speculative,,0.001461,128697.209157,1.247,45.426653400463756,-1.6085093649273255e-05,0.0014879800000000005,0.0019201699999999997,0.7689459549504729,0.3956095282578235,0.3190098085007006,0.15585844837113516,0.4654506026661224,0.0013681944444444442,0.0019642222222222222,macd_bearish_cross|bullish_engulfing_4h,1,1,mixte,365,0,0,30,,,17.0,37.0,68.5,47.0,30.9,47,30.74,2,≈ Neutre vs BTC,False,False,,0,,,,47,5,⚠️ Surveiller,Volume ×0.2 (épuisement)|MACD cross baissier,,,,,,,,,
C98USDT,C98,Speculative,,0.0119,106723.572859,1.796,40.418190471783994,-7.633016970958167e-05,0.013060000000000002,0.020752000000000003,0.5693866164730933,0.5145922746781116,0.4905579399141631,0.15615370823515504,0.5918944198146355,0.012197222222222222,0.021586111111111105,uptrend,1,0,haussier,365,0,0,30,,,17.0,28.0,70.0,47.0,50,47,30.89,2,≈ Neutre vs BTC,False,False,,0,,,,47,3,,Volume ×0.2 (épuisement),,,,,,,,,
CTSIUSDT,CTSI,Speculative,786,0.0215,82402.63485,-0.876,42.21692716151881,-9.414185668382566e-05,0.022857600000000013,0.0275067,0.44145472713532874,0.4033275960986805,0.38324727481354,0.15216064854070258,0.7125672067066151,0.021703333333333335,0.03258027777777778,,0,0,neutre,365,0,0,30,,,17.0,28.0,71.0,47.0,50,47,30.95,2,≈ Neutre vs BTC,False,False,,0,,,,47,3,,Volume ×0.2 (épuisement),19974004,21443416,931474931.7900137,1000000000.0,1000000000.0,93.1,,,
GNSUSDT,GNS,Speculative,,0.495,65081.80903,0.406,30.37284803680214,-0.008442461518631345,0.57172,0.6837399999999998,0.43330887466690465,0.2890625,0.2277691107644306,0.16527453902170872,0.4047869445191186,0.4710277777777778,0.624,support_bounce,1,0,haussier,365,0,0,30,,,17.0,19.0,83.5,47.0,52.2,47,30.75,2,≈ Neutre vs BTC,False,False,,0,,,,47,3,,Volume ×0.2 (épuisement),,,,,,,11055724,$11M,-3.34
ENAUSDT,ENA,Etabli,78,0.0808,7475225.190137,-1.583,46.99312143495928,-0.0005789025365702506,0.08253399999999997,0.10647349999999994,0.6826193270411368,0.4599092284417549,0.38880484114977315,0.11331549137390234,0.2782139063706654,0.076,0.1171805555555556,macd_bearish_cross,0,1,baissier,365,0,0,30,,,45.0,37.0,62.5,78.5,28.4,46,52.37,1,≈ Neutre vs BTC,False,False,,0,,,,46,5,⚠️ Surveiller,Volume ×0.1 (épuisement)|MACD cross baissier,768465565,1205633180,9560937500.0,15000000000.0,15000000000.0,63.7,3871464303,$3.9B,-2.78
ARBUSDT,ARB,Etabli,97,0.078,2545030.52479,1.43,38.86618145058781,-0.001115362675153562,0.08301999999999998,0.1089405,0.7140932730630727,0.49132546842470504,0.45940319222761977,0.22759767647992624,0.5848184880782649,0.07581111111111112,0.12704722222222223,uptrend,1,0,haussier,365,0,0,30,,,45.0,28.0,68.5,68.0,50,46,50.35,1,≈ Neutre vs BTC,False,False,,0,,,,46,3,,Volume ×0.2 (épuisement),514918539,778521545,6614056381.0,10000000000.0,10000000000.0,66.1,2779505367,$2.8B,-1.09
SPCXBUSDT,SPCXB,Mid,272,109.09,20608967.45318,-4.717,30.148938761800125,0.5936650900211049,146.5354,,0.5536599750964752,0.4752879428488118,0.46984497254215873,0.21846568919529877,,112.455,185.71099999999998,macd_bullish_cross,1,0,haussier,51,0,0,30,,,22.4,27.0,69.0,78.5,50,46,41.26,1,≈ Neutre vs BTC,False,False,,0,,,,46,2,,Volume ×0.2 (épuisement),91412934,91412934,838360.00336737,838360.00336737,,100.0,,,
VIRTUALUSDT,VIRTUAL,Mid,113,0.5471,1663945.54584,-3.578,40.85090081002778,-0.007596673860233865,0.5825440000000001,0.6766445000000002,0.8083468564295803,0.4378818737270876,0.41440668881980913,0.11271438495290546,0.5768972241719666,0.5345472222222223,0.8256611111111111,uptrend,1,0,haussier,365,0,0,30,,,31.0,28.0,68.5,68.0,50,46,43.17,1,≈ Neutre vs BTC,False,False,,0,,,,46,3,,Volume ×0.1 (épuisement),358782858,545661316,657519320.8473985,1000000000.0,1000000000.0,65.8,,,
CHZUSDT,CHZ,Mid,204,0.01296,1068760.62308,1.647,24.55182141349279,6.0917431079035925e-05,0.017680799999999997,0.03497350000000001,0.5075677622556086,0.7354878550843968,0.73342939481268,0.15682833846630365,0.289025640761246,0.014525833333333333,0.04472916666666665,,0,0,neutre,365,0,0,30,,,31.0,10.0,59.5,68.0,50,46,40.47,1,≈ Neutre vs BTC,False,False,,0,,,,46,2,,Volume ×0.2 (épuisement),135378175,135378175,10465473917.0,10465473917.0,,100.0,,,
PYTHUSDT,PYTH,Mid,121,0.03934,962771.027024,-1.797,38.36868528634517,-0.001090855499868011,0.04138560000000001,0.045924900000000025,0.7701875702286574,0.479933110367893,0.34331103678929764,0.13348614982002674,0.4822979536366483,0.033441666666666654,0.05262833333333333,doji_4h,0,0,neutre,365,0,0,30,,,31.0,28.0,68.5,57.5,50,46,40.58,1,≈ Neutre vs BTC,False,False,,0,,,,46,3,,Volume ×0.1 (épuisement),308864675,392210027,7874981603.449132,10000000000.0,10000000000.0,78.7,,,
SUSDT,S,Mid,285,0.02205,659029.024321,4.602,37.16116146787577,-0.00010898325052682563,0.025277399999999995,0.041189,0.5573338881166151,0.6353390292674059,0.5995273586620614,0.3121322879549809,0.4705556874397038,0.02218111111111111,0.04887555555555555,,0,0,neutre,365,0,0,30,,,31.0,28.0,65.5,57.5,50,46,40.4,1,≈ Neutre vs BTC,False,False,,0,,,,46,3,,Volume ×0.3 (épuisement),85477225,85477225,3885497663.0,3885497663.0,,100.0,,,
GRTUSDT,GRT,Mid,191,0.01431,495185.10134,-0.969,22.206586910604756,-0.00011999664864975038,0.017637600000000007,0.024585149999999997,0.44405429417272846,0.5063947459384722,0.5063947459384722,0.13943482733292847,0.6183834600381357,0.01603638888888889,0.027539166666666663,,0,0,neutre,365,0,0,30,,,31.0,10.0,65.5,47.0,50,46,35.64,1,≈ Neutre vs BTC,False,False,,0,,,,46,3,,Volume ×0.1 (épuisement),154061574,154067211,10799867657.473475,10800262816.04821,10800262823.318213,100.0,,,
MINAUSDT,MINA,Mid,398,0.0411,463925.60569,-1.675,40.45074631073978,-0.0004796189036628506,0.04333199999999998,0.05714500000000002,0.7332672963966524,0.4521739130434783,0.40434782608695663,0.11533891357133455,0.6267623982699377,0.03989722222222222,0.06294444444444446,uptrend|doji_4h,1,0,haussier,365,0,0,30,,,31.0,28.0,68.5,47.0,50,46,37.98,1,≈ Neutre vs BTC,False,False,,0,,,,46,3,,Volume ×0.1 (épuisement),53071144,53071144,1293631019.840039,1293631019.840039,,100.0,,,
EGLDUSDT,EGLD,Mid,287,2.71,255332.8528,0.743,39.284987546774026,-0.04504703293999093,2.8640000000000008,3.9475,0.6784641944249421,0.4792531120331951,0.4377593360995851,0.425157154081037,0.6109586611961837,2.627222222222222,4.313888888888888,doji_4h,0,0,neutre,365,0,0,30,,,31.0,28.0,68.5,47.0,50,46,37.98,1,≈ Neutre vs BTC,False,False,,0,,,,46,3,,Volume ×0.4 (épuisement),82399849,82399849,30473278.0,30473278.0,,100.0,,,
AUSDT,A,Mid,249,0.0635,248448.42,1.438,43.38731280579782,-0.00032275856773088404,0.06779400000000002,0.08126900000000001,0.6637702037406418,0.39372469635627527,0.3582995951417004,0.12143057082888027,0.5245141066568828,0.06113333333333334,0.08928333333333334,,0,0,neutre,365,0,0,30,,,31.0,28.0,68.5,47.0,50,46,37.98,1,≈ Neutre vs BTC,False,False,,0,,,,46,3,,Volume ×0.1 (épuisement),105097516,133138160,1657712430.6927,2100000000.0,2100000000.0,78.9,,,
KAVAUSDT,KAVA,Mid,455,0.04114,211442.983952,-2.024,26.644648093417203,-0.00041903629762506166,0.04495479999999998,0.05564415000000006,0.28414885140412194,0.39797564911251276,0.39797564911251276,0.33695621676485293,0.5022615061476629,0.04247444444444445,0.06338333333333333,macd_bearish_cross,0,1,baissier,365,0,0,30,,,31.0,19.0,79.0,47.0,28.4,46,36.23,1,≈ Neutre vs BTC,False,False,,0,,,,46,5,⚠️ Surveiller,Volume ×0.3 (épuisement)|MACD cross baissier,44411849,44411849,1082846942.0,1082846942.0,,100.0,,,
ROBOUSDT,ROBO,Speculative,679,0.01198,2049437.10266,-11.587,45.12366735757989,0.00028683369157269387,0.0148882,,1.3049410330074291,0.5577476366625566,0.5071927661323469,0.5219416559243178,0.17073383866813094,0.011780555555555555,0.02206611111111111,downtrend,0,1,baissier,151,0,0,30,,,11.1,54.0,38.5,68.0,24.5,46,32.77,1,≈ Neutre vs BTC,False,False,,0,,,,46,2,,Volume ×0.5 (épuisement),26637038,119395060,2231000000.0,10000000000.0,10000000000.0,22.3,,,
ZBTUSDT,ZBT,Speculative,643,0.117,841868.65383,2.452,53.42529681026265,0.0021317026719147123,0.115112,0.1095874999999999,1.532459953600253,0.5591133004926109,0.4236453201970443,0.0993069946946822,-0.06825698227580933,0.09992499999999999,0.17144166666666663,downtrend|evening_star_4h,0,2,baissier,289,0,0,30,,,14.9,73.0,32.5,57.5,2.0,46,32.68,1,≈ Neutre vs BTC,False,False,,0,,,,46,4,⚠️ Surveiller,Volume ×0.1 (épuisement)|Étoile du soir 4h,116733640,116733640,1000000000.0,1000000000.0,1000000000.0,100.0,53791995,$54M,-0.85
TUSDT,T,Speculative,516,0.00345,624967.879442,5.183,43.11384772625852,-4.756888335068367e-05,0.0037002000000000007,0.0057911,1.471227644329699,0.4984567901234568,0.46759259259259256,0.5388514464229268,0.25791327486430826,0.003384444444444444,0.005981944444444445,,0,0,neutre,365,0,0,30,,,17.0,37.0,52.0,57.5,50,46,33.48,1,≈ Neutre vs BTC,False,False,,0,,,,46,3,,Volume ×0.5 (épuisement),38348227,38348227,11155000000.0,11155000000.0,,100.0,310720869,$311M,-1.67
IDUSDT,ID,Speculative,,0.0289,484012.3354,4.332,40.24216265350792,-0.000375329060939037,0.033221999999999995,0.039098000000000015,0.737470604154716,0.4039900249376558,0.30695443645083936,0.2402324322428729,0.31157659736442284,0.026825,0.039925,,0,0,neutre,365,0,0,30,,,17.0,28.0,68.5,47.0,50,46,30.8,1,≈ Neutre vs BTC,False,False,,0,,,,46,3,,Volume ×0.2 (épuisement),,,,,,,,,
TRBUSDT,TRB,Speculative,521,13.56,459517.58274,0.444,36.17235980435439,-0.1572986199840602,14.521399999999998,16.206149999999997,0.8435334046753243,0.38402309913378246,0.3474494706448508,0.31228973553107364,0.5135952052592555,13.149722222222218,19.279444444444444,uptrend,1,0,haussier,365,0,0,30,,,17.0,28.0,68.5,47.0,50,46,30.8,1,≈ Neutre vs BTC,False,False,,0,,,,46,3,,Volume ×0.3 (épuisement),37933760,38988142,2800437.9648540355,2878277.173307516,,97.3,,,
TNSRUSDT,TNSR,Speculative,1123,0.0306,457221.04132,-1.29,43.61605303385149,-9.273654772195563e-05,0.03305199999999999,0.041504000000000006,0.622101832181031,0.4004329004329004,0.33766233766233766,0.2416991482159491,0.1969155363487028,0.029338888888888897,0.04289999999999999,support_bounce,1,0,haussier,365,0,0,30,,,17.0,28.0,62.5,47.0,52.2,46,30.57,1,≈ Neutre vs BTC,False,False,,0,,,,46,3,,Volume ×0.2 (épuisement),30564443,30564443,1000000000.0,1000000000.0,1000000000.0,100.0,,,
SCRUSDT,SCR,Speculative,,0.01995,387370.645269,2.255,32.38015927701751,-4.137031842303771e-05,0.026594000000000007,0.04299854999999995,0.558602345369833,0.6555350553505536,0.6326568265682657,0.7100733875851047,0.5461790510670548,0.021886111111111113,0.0496088888888889,,0,0,neutre,365,0,0,30,,,17.0,28.0,65.5,47.0,50,46,30.62,1,≈ Neutre vs BTC,False,False,,0,,,,46,1,,,,,,,,,,,
HUMAUSDT,HUMA,Speculative,574,0.01942,374277.81612,-1.12,34.46513845311563,-0.00022144373741660997,0.022447599999999995,0.0202764,0.780312339144645,0.2898710865561695,0.2898710865561695,0.07560125165164686,0.2947113419834008,0.020761944444444444,0.02581194444444445,,0,0,neutre,365,0,0,30,,,17.0,27.0,67.0,47.0,50,46,30.59,1,≈ Neutre vs BTC,False,False,,0,,,,46,3,,Volume ×0.1 (épuisement),33457845,193026029,1733333333.0,10000000000.0,10000000000.0,17.3,,,
VICUSDT,VIC,Speculative,,0.0352,255115.553926,3.529,41.131768254287124,-0.0002541983354433432,0.03770400000000001,0.04992250000000002,0.4944991896486818,0.5152394775036285,0.4905660377358491,0.16345102439020157,0.12405820769185362,0.03479166666666667,0.06039444444444445,,0,0,neutre,365,0,0,30,,,17.0,28.0,64.0,47.0,50,46,30.53,1,≈ Neutre vs BTC,False,False,,0,,,,46,3,,Volume ×0.2 (épuisement),,,,,,,,,
SOLVUSDT,SOLV,Speculative,,0.00242,232030.90419,1.681,37.35853898612116,4.909381685660281e-06,0.0028142000000000006,0.0046215,0.47757831069830825,0.5615384615384615,0.5365384615384615,0.38196674031672945,0.37730722289785046,0.002506666666666666,0.004536666666666665,,0,0,neutre,365,0,0,30,,,17.0,28.0,65.5,47.0,50,46,30.62,1,≈ Neutre vs BTC,False,False,,0,,,,46,2,,Volume ×0.4 (épuisement),,,,,,,407026970,$407M,-1.58
FOGOUSDT,FOGO,Speculative,591,0.00833,193922.28976,-0.715,37.98459396959593,3.239742231618331e-05,0.0100864,,0.698629562072227,0.6371402877697842,0.6254496402877697,0.14356774381310605,0.21202366837540748,0.008669166666666665,0.019715833333333335,,0,0,neutre,199,0,0,30,,,12.5,36.0,49.0,47.0,50,46,28.26,1,≈ Neutre vs BTC,False,False,,0,,,,46,2,,Volume ×0.1 (épuisement),32172924,83560618,3865417541.290383,10039417544.38945,,38.5,,,
BREVUSDT,BREV,Speculative,847,0.0712,185012.30183,1.714,45.20282719052375,-0.00013466972112122179,0.07619000000000001,0.123087,0.7094567576998856,0.5107169253510717,0.47524020694752406,0.14298661663528733,0.4619628657575385,0.07103333333333334,0.1234416666666667,macd_bearish_cross|support_bounce,1,1,mixte,208,0,0,30,,,12.7,37.0,59.5,47.0,30.6,46,27.97,1,≈ Neutre vs BTC,False,False,,0,,,,46,5,⚠️ Surveiller,Volume ×0.1 (épuisement)|MACD cross baissier,17713245,70852979,250000000.0,1000000000.0,1000000000.0,25.0,,,
NOTUSDT,NOT,Speculative,572,0.000338,179680.243552,1.807,37.72437656648701,-1.5289215725986962e-06,0.00038482,0.000420635,0.5131857454336994,0.5281385281385282,0.5122655122655123,0.1007933271820227,0.3143021945370534,0.00035225,0.0005594722222222224,,0,0,neutre,365,0,0,30,,,17.0,28.0,65.5,47.0,50,46,30.62,1,≈ Neutre vs BTC,False,False,,0,,,,46,3,,Volume ×0.1 (épuisement),33569134,34589854,99429405866.9074,102452755868.5205,102456956842.91,97.0,,,
REQUSDT,REQ,Speculative,524,0.0508,142732.7661,0.794,46.270770752467904,-0.00010465210521987849,0.05390200000000001,0.06861200000000002,1.1351647824870312,0.42061611374407587,0.39810426540284366,0.3747322210923328,0.32245697280429464,0.051199999999999996,0.07423333333333332,macd_bearish_cross|support_bounce|morning_star_4h,2,1,haussier,365,0,0,30,,,17.0,37.0,58.0,47.0,30.6,46,30.08,1,≈ Neutre vs BTC,False,False,,0,,,,46,5,⚠️ Surveiller,Volume ×0.4 (épuisement)|MACD cross baissier,50704425,50704425,999416740.9347086,999416740.9347086,1000000000.0,100.0,,,
FLUXUSDT,FLUX,Speculative,893,0.0393,108917.474168,1.813,38.26628583489132,-2.9940433448412147e-05,0.044863999999999994,0.06255099999999998,0.5031691294573055,0.5627906976744186,0.5441860465116278,0.1768020877644929,0.6339949057359338,0.0409861111111111,0.07765833333333334,,0,0,neutre,365,0,0,30,,,17.0,28.0,65.5,47.0,50,46,30.62,1,≈ Neutre vs BTC,False,False,,0,,,,46,3,,Volume ×0.2 (épuisement),16264594,16277692,415385206.4991484,415720786.4991484,440000000.0,99.9,,,
SCUSDT,SC,Speculative,702,0.000509,38987.778382,0.394,22.158771489463845,-4.713766981396377e-06,0.0006263399999999999,0.0009539449999999999,0.37537105267498844,0.5225311601150529,0.5129434324065197,0.1848686726834966,0.6328197107614765,0.0005621944444444444,0.0009654444444444446,,0,0,neutre,365,0,0,30,,,17.0,10.0,65.5,47.0,50,46,28.46,1,≈ Neutre vs BTC,False,False,,0,,,,46,3,,Volume ×0.2 (épuisement),25287589,25287589,49751295000.0225,49751295000.0225,,100.0,,,
BCHUSDT,BCH,Etabli,23,211.2,4401101.2637,-0.938,42.88307466611844,-0.41645486221798844,216.24199999999993,393.49600000000015,0.452131383528399,0.5911531028559157,0.5467038866222891,0.1319404895914906,0.7130225423182492,196.26944444444445,429.75555555555536,,0,0,neutre,365,0,0,30,,,45.0,28.0,57.5,68.0,50,45,49.69,0,≈ Neutre vs BTC,False,False,,0,,,,45,3,,Volume ×0.1 (épuisement),4226658272,4226712239,20069162.39665078,20069434.27165078,21000000.0,100.0,,,
DOTUSDT,DOT,Etabli,58,0.763,2876005.4403,-0.392,34.05399095289006,-0.0029580670275215215,0.8617400000000002,1.2541100000000003,0.49841685534868185,0.4511930585683297,0.4490238611713666,0.10113689720922159,0.6705915251645732,0.7978333333333335,1.3210555555555556,,0,0,neutre,365,0,0,30,,,45.0,19.0,79.0,68.0,50,45,49.9,0,≈ Neutre vs BTC,False,False,,0,,,,45,3,,Volume ×0.1 (épuisement),1290877563,1290880606,1695958328.127449,1695964155.647487,2100000000.0,100.0,1808799,$2M,-6.65
RENDERUSDT,RENDER,Etabli,81,1.38,1478536.41183,-0.933,34.36878741312263,-0.005370198552627797,1.5566399999999996,1.701785,0.3490882324872923,0.400261894369271,0.39764295067656047,0.07077348159481658,0.5283068738004593,1.4504722222222222,2.0756111111111113,,0,0,neutre,365,0,0,30,,,45.0,19.0,79.0,68.0,50,45,49.9,0,≈ Neutre vs BTC,False,False,,0,,,,45,3,,Volume ×0.1 (épuisement),715117747,735464373,518772101.28269154,533532274.5626915,644245094.0,97.2,,,
LUNCUSDT,LUNC,Mid,131,4.943e-05,942807.62834159,-0.443,26.36160542355546,-3.538002199638989e-07,6.0666599999999986e-05,5.4407450000000014e-05,0.3910239009383,0.5708568943018705,0.5705089169204002,0.10548582048489932,0.4198683645317233,5.4260555555555565e-05,9.210583333333334e-05,downtrend|doji_4h,0,1,baissier,365,0,0,30,,,31.0,27.0,65.5,57.5,24.5,45,38.75,0,≈ Neutre vs BTC,False,False,,0,,,,45,3,,Volume ×0.1 (épuisement),272895780,318783523,5524450795573.024,6453393323909.269,,85.6,,,
AXSUSDT,AXS,Mid,196,0.842,684527.08813,1.202,30.902961434630754,-0.005231506547651574,0.96824,1.2400949999999993,0.341135212077107,0.4310464310464311,0.41718641718641725,0.16794987901417266,0.4773121568250542,0.8820555555555555,1.3187499999999999,,0,0,neutre,365,0,0,30,,,31.0,19.0,79.0,57.5,50,45,40.13,0,≈ Neutre vs BTC,False,False,,0,,,,45,3,,Volume ×0.2 (épuisement),146367670,226845436,174212325.00134403,270000000.0,270000000.0,64.5,,,
COWUSDT,COW,Mid,337,0.1167,165938.45343,0.086,27.570151235225282,-0.0016374553516074085,0.142242,0.18214950000000002,0.5301372142096148,0.405336069779374,0.4012314007183171,0.13737299013487378,0.538255170151166,0.1289888888888889,0.1807611111111111,downtrend,0,1,baissier,365,0,0,30,,,31.0,19.0,79.0,47.0,24.5,45,36.0,0,≈ Neutre vs BTC,False,False,,0,,,,45,3,,Volume ×0.1 (épuisement),67036908,116515336,575348369.256119,1000000000.0,1000000000.0,57.5,,,
REDUSDT,RED,Mid,475,0.0899,160337.3049,-1.1,34.27063406163428,-0.0011898706489795905,0.09960599999999997,0.13962149999999993,0.4974621073028444,0.4212572909915748,0.41866493843162667,0.12007357882568208,0.5757618424659735,0.09109166666666667,0.142575,,0,0,neutre,365,0,0,30,,,31.0,19.0,79.0,47.0,50,45,37.53,0,≈ Neutre vs BTC,False,False,,0,,,,45,3,,Volume ×0.1 (épuisement),41796832,89580279,466585199.0,1000000000.0,1000000000.0,46.7,,,
INTCBUSDT,INTCB,Speculative,,90.55,3672481.22748,-5.942,41.54767874258983,1.0325971530880356,,,1.102991014622055,0.41680997420464316,0.3511751218114073,0.22320684491870055,,89.00250000000001,132.79312500000003,,0,0,neutre,40,0,0,30,,,8.1,36.0,48.0,68.0,50,45,31.15,0,≈ Neutre vs BTC,False,False,,0,,,,45,2,,Volume ×0.2 (épuisement),,,,,,,,,
MEMEUSDT,MEME,Speculative,581,0.000514,643460.776966,0.982,43.24676275195809,-8.012292821300807e-09,0.0005552400000000001,0.0006235550000000001,0.47050256536551854,0.24882629107981222,0.20556414219474495,0.47052012107137337,0.3640018977513302,0.0004973888888888889,0.0006351388888888886,downtrend|doji_4h,0,1,baissier,365,0,0,30,,,17.0,28.0,95.5,57.5,24.5,45,33.48,0,≈ Neutre vs BTC,False,False,,0,,,,45,3,,Volume ×0.5 (épuisement),32970029,35446646,64179048200.0,69000000000.0,69000000000.0,93.0,,,
OPGUSDT,OPG,Speculative,830,0.096,638506.59047,4.121,36.447886252685976,0.0005802637588203062,0.128138,,0.6425370847635354,0.6980946123521683,0.6839684625492772,0.025447278790473468,,0.1007214285714286,0.21135,,0,0,neutre,72,0,0,30,,,9.0,36.0,45.0,57.5,50,45,28.83,0,≈ Neutre vs BTC,False,False,,0,,,,45,2,,Volume ×0.0 (épuisement),18252586,96066245,190000000.0,1000000000.0,1000000000.0,19.0,,,
STORJUSDT,STORJ,Speculative,1369,0.047,339678.9556,0.642,16.506434250706732,-0.0028146419813331663,0.072124,0.094836,0.9337878960987774,0.6447467876039304,0.6447467876039304,0.3303317755621241,0.34207218931369593,0.06571666666666669,0.11687222222222221,,0,0,neutre,365,0,0,30,,,17.0,10.0,55.0,47.0,50,45,27.83,0,≈ Neutre vs BTC,False,False,,0,,,,45,3,,Volume ×0.3 (épuisement),19993908,19993908,424999998.0,424999998.0,,100.0,,,
USTCUSDT,USTC,Speculative,660,0.00494,287450.38812,-0.202,34.6178500808485,-3.0352265984654424e-05,0.005548000000000001,0.005609500000000001,0.423856734401261,0.3905472636815921,0.38432835820895517,0.35031241988162465,0.43421934906547677,0.005200277777777776,0.00719611111111111,uptrend|doji_4h,1,0,haussier,365,0,0,30,,,17.0,19.0,79.0,47.0,50,45,30.35,0,≈ Neutre vs BTC,False,False,,0,,,,45,3,,Volume ×0.4 (épuisement),27529957,30014476,5575567110.705115,6078749870.652774,,91.7,,,
PORTALUSDT,PORTAL,Speculative,,0.00974,225695.471675,-1.317,37.18658398741009,1.8100669141467448e-05,0.012113399999999998,0.012754099999999999,0.5150786865719729,0.7081664098613252,0.7007704160246533,0.08832491270666741,0.1442624790303705,0.0085825,0.019019722222222223,macd_bullish_cross,1,0,haussier,365,0,0,30,,,17.0,28.0,59.5,47.0,50,45,30.26,0,≈ Neutre vs BTC,False,False,,0,,,,45,2,,Volume ×0.1 (épuisement),,,,,,,,,
API3USDT,API3,Speculative,659,0.1915,205360.134726,0.472,28.451412609679224,-0.002207379850262611,0.22988400000000003,0.2977040000000002,0.48707476783347387,0.5036363636363637,0.5036363636363637,0.1452091752985029,0.6046902305063574,0.21004444444444442,0.3637083333333334,rsi_bullish_divergence|macd_bearish_cross|uptrend,2,1,haussier,365,0,0,30,,,17.0,19.0,65.5,47.0,33.8,45,28.57,0,≈ Neutre vs BTC,False,False,,0,,,,45,5,⚠️ Surveiller,Volume ×0.1 (épuisement)|MACD cross baissier,27539312,33947105,144158101.53665125,177700521.0783584,,81.1,17899783,$18M,-7.14
FIDAUSDT,FIDA,Speculative,862,0.0174,195571.432374,1.281,28.362772051365965,-0.000293311978033737,0.021301999999999998,0.020473950000000008,0.3760103293674758,0.5821665438467207,0.5730778678457382,0.09151470349603359,0.3481672060079386,0.017722777777777782,0.030930833333333334,downtrend,0,1,baissier,365,0,0,30,,,17.0,27.0,65.5,47.0,24.5,45,28.97,0,≈ Neutre vs BTC,False,False,,0,,,,45,3,,Volume ×0.1 (épuisement),17227597,17227597,990910643.425205,990910643.425205,1000000000.0,100.0,,,
ONTUSDT,ONT,Speculative,515,0.03852,142913.16914,1.69,32.81936820412713,-0.0003789038230191902,0.043860399999999994,0.05484964999999997,0.45602982953809335,0.4761239877129294,0.46439542027366665,0.19508296909143819,0.488223089624213,0.040840833333333326,0.06400555555555557,,0,0,neutre,365,0,0,30,,,17.0,19.0,79.0,47.0,50,45,30.35,0,≈ Neutre vs BTC,False,False,,0,,,,45,3,,Volume ×0.2 (épuisement),38435837,38435837,1000000000.0,1000000000.0,,100.0,,,
HIVEUSDT,HIVE,Speculative,732,0.0431,132229.2631,0.937,32.25562508998779,-0.0004127084932165166,0.04854,0.06228400000000003,0.389695430965896,0.42564802182810374,0.4133697135061392,0.08922866566369034,0.4288344183691128,0.04577500000000002,0.06739166666666667,,0,0,neutre,365,0,0,30,,,17.0,19.0,79.0,47.0,50,45,30.35,0,≈ Neutre vs BTC,False,False,,0,,,,45,3,,Volume ×0.1 (épuisement),23632144,48044567,550140465.0,1118445313.0,,49.2,,,
MOVRUSDT,MOVR,Speculative,941,1.175,117328.649467,0.858,40.105051987134736,-0.012202982293459376,1.2725800000000003,1.6045999999999996,0.7522113610969792,0.615795090715048,0.5823550337958022,0.08173741579854767,0.4412412485422617,1.1598611111111115,2.4449722222222223,support_bounce|uptrend,2,0,haussier,365,0,0,30,,,17.0,28.0,55.0,47.0,52.2,45,30.12,0,≈ Neutre vs BTC,False,False,,0,,,,45,3,,Volume ×0.1 (épuisement),14650581,14772826,12488232.0,12592434.0,,99.2,,,
LSKUSDT,LSK,Speculative,865,0.0738,37310.13901,1.653,32.38883590596532,-0.0009524512823510314,0.0857,0.12145499999999992,0.4483778448216649,0.49930069930069926,0.4839160839160838,0.24371984188471524,0.6229739011192202,0.07963055555555557,0.12997222222222227,,0,0,neutre,365,0,0,30,,,17.0,19.0,79.0,47.0,50,45,30.35,0,≈ Neutre vs BTC,False,False,,0,,,,45,3,,Volume ×0.2 (épuisement),17172658,29470246,233084697.0,400000000.0,400000000.0,58.3,,,
ZILUSDT,ZIL,Mid,403,0.002681,463555.1215462,4.849,48.804458969932234,2.7635472218543323e-05,0.0029032600000000004,0.003845065,1.088174280737449,0.47680180180180187,0.39279279279279283,1.1658552446168042,0.37422607833254046,0.002623361111111111,0.004193888888888889,macd_bullish_cross|double_top_90d|downtrend,1,2,baissier,365,0,0,30,,,31.0,55.0,58.0,47.0,0,44,37.59,-1,≈ Neutre vs BTC,False,False,,0,,,,44,2,,Double sommet,52599476,55348507,19513551525.0,20533412842.73058,21000000000.0,95.0,,,
ENSUSDT,ENS,Mid,173,4.25,414057.0484,-0.235,44.04684227591055,-0.010775459274751993,4.4510000000000005,5.931849999999997,0.5413079892452982,0.4492557510148849,0.4262516914749661,0.16243088118247664,0.6643069853257411,4.123611111111111,6.719444444444443,rsi_bullish_divergence|macd_bearish_cross|uptrend|doji_4h,2,1,haussier,365,0,0,30,,,31.0,28.0,79.0,47.0,33.8,44,37.64,-1,≈ Neutre vs BTC,False,False,,0,,,,44,5,⚠️ Surveiller,Volume ×0.2 (épuisement)|MACD cross baissier,173785494,423516685,41033919.23143092,100000000.0,100000000.0,41.0,,,
IMXUSDT,IMX,Mid,268,0.1096,401037.835428,2.048,33.407567126236856,-0.0017257014803872374,0.12990200000000005,0.16114449999999997,0.6552731967218015,0.4735802469135803,0.460246913580247,0.28848506793726236,0.6344921495678801,0.11849444444444446,0.1824972222222222,,0,0,neutre,365,0,0,30,,,31.0,19.0,68.5,47.0,50,44,36.9,-1,≈ Neutre vs BTC,False,False,,0,,,,44,3,,Volume ×0.3 (épuisement),218608180,218608180,2000000000.0,2000000000.0,2000000000.0,100.0,22367203,$22M,-1.94
XTZUSDT,XTZ,Mid,151,0.2026,205269.14876,-0.589,34.658021811767824,-0.0020816272727657813,0.22634999999999997,0.34741600000000006,0.7276266067867099,0.49762914898926874,0.4951335163463938,0.19871776079713707,0.6218070140611979,0.21056666666666668,0.37148333333333344,,0,0,neutre,365,0,0,30,,,31.0,19.0,68.5,47.0,50,44,36.9,-1,≈ Neutre vs BTC,False,False,,0,,,,44,3,,Volume ×0.2 (épuisement),220938139,224979782,1092195781.040322,1112175991.442239,,98.2,,,
NMRUSDT,NMR,Mid,363,8.61,108602.131,0.233,39.74399188098079,-0.11862637018288785,9.214,8.647050000000002,0.4768569559328103,0.26269531250000006,0.17019230769230764,0.0646185670390365,0.2891275126621395,8.159166666666668,10.072222222222223,double_top_90d|bullish_engulfing_4h,1,1,mixte,365,0,0,30,,,31.0,36.0,77.5,47.0,23.3,44,37.88,-1,≈ Neutre vs BTC,False,False,,0,,,,44,5,⚠️ Surveiller,Volume ×0.1 (épuisement)|Double sommet,61057969,91571031,7086797.404104637,10628347.99557614,11000000.0,66.7,,,
HEIUSDT,HEI,Speculative,,0.0819,672188.20918,2.889,37.68413310384285,-0.0018641335397294057,0.106818,0.09368050000000006,1.1540794132696368,0.5561083471531233,0.5489220563847429,0.21212588191815906,-0.06538834866886348,0.06977222222222225,0.14113611111111113,doji_4h,0,0,neutre,365,0,0,30,,,17.0,36.0,38.5,57.5,50,44,32.55,-1,≈ Neutre vs BTC,False,False,,0,,,,44,3,,Volume ×0.2 (épuisement),,,,,,,,,
WINUSDT,WIN,Speculative,657,2.801e-05,533257.19883097,2.94,77.56621731848293,4.327707106215572e-07,2.1572600000000008e-05,2.1385799999999984e-05,0.5282948428028934,0.2589167767503303,0.011327433628318596,0.43058277610574475,0.4978602843536733,1.7916666666666664e-05,2.4202499999999997e-05,golden_cross|uptrend|bearish_engulfing_4h,2,1,haussier,365,0,0,30,,,17.0,55.0,88.0,57.5,25.9,44,36.36,-1,≈ Neutre vs BTC,False,False,,0,,,,44,8,🔴 Sortie,RSI 78 (surachat)|Volume ×0.4 (épuisement)|Près du plus haut 90j (résistance),27751576,27751576,993701854154.286,993701859243.3864,,100.0,,,
BBUSDT,BB,Speculative,,0.01516,370124.931019,-2.571,26.926226918417157,-0.00017683472970902872,0.019181600000000004,0.02802539999999999,0.4872185801424076,0.5846153846153846,0.5846153846153846,0.36545670379462514,0.5572039119847709,0.017217777777777776,0.03289444444444445,rsi_bullish_divergence|downtrend,1,1,mixte,365,0,0,30,,,17.0,19.0,65.5,47.0,29.9,44,28.34,-1,≈ Neutre vs BTC,False,False,,0,,,,44,3,,Volume ×0.4 (épuisement),,,,,,,,,
MANTRAUSDT,MANTRA,Speculative,628,0.00543,350115.89182,4.223,32.68865204669123,-8.701183459783215e-05,0.006704200000000001,,0.7010020493167166,0.537719298245614,0.5263157894736842,0.15329035336055152,0.4632194955480563,0.006078888888888888,0.010402222222222222,,0,0,neutre,151,0,0,30,,,11.1,27.0,55.0,47.0,50,44,26.86,-1,≈ Neutre vs BTC,False,False,,0,,,,44,3,,Volume ×0.2 (épuisement),29682682,39900505,5505383934.069481,7400596170.636001,10000000000.0,74.4,,,
BIGTIMEUSDT,BIGTIME,Speculative,1100,0.00566,334286.00102,0.355,24.60485894012531,-3.733565184127317e-05,0.007288599999999999,0.012483799999999996,0.4512407348177042,0.6363636363636364,0.63571889103804,0.8370909419950918,0.6911012717454547,0.006387777777777779,0.013707777777777775,macd_bearish_cross,0,1,baissier,365,0,0,30,,,17.0,19.0,65.5,47.0,28.4,44,28.24,-1,≈ Neutre vs BTC,False,False,,0,,,,44,3,,MACD cross baissier,28177499,28177499,5000000000.0,5000000000.0,5000000000.0,100.0,,,
PROVEUSDT,PROVE,Speculative,575,0.1719,299658.55287,2.934,34.282416969968224,-0.002392783588705814,0.19504200000000002,0.25402350000000007,0.5345272780317619,0.5026994601079784,0.4856028794241151,0.3689447282963372,0.3591442427678775,0.1799916666666667,0.2708222222222222,,0,0,neutre,362,0,0,30,,,16.9,19.0,70.0,47.0,50,44,29.77,-1,≈ Neutre vs BTC,False,False,,0,,,,44,3,,Volume ×0.4 (épuisement),33424431,171407337,195000000.0,1000000000.0,1000000000.0,19.5,,,
YGGUSDT,YGG,Speculative,951,0.01806,242867.605697,2.847,36.739502819602215,0.0001003923073858784,0.021889399999999993,0.036732399999999985,0.6267013681638314,0.644641750980797,0.6268841627090647,0.2740911692904446,0.6276272781119067,0.018923055555555554,0.04275472222222223,macd_bullish_cross,1,0,haussier,365,0,0,30,,,17.0,28.0,55.0,47.0,50,44,29.99,-1,≈ Neutre vs BTC,False,False,,0,,,,44,2,,Volume ×0.3 (épuisement),18057422,18057422,1000000000.0,1000000000.0,1000000000.0,100.0,,,
ARPAUSDT,ARPA,Speculative,1263,0.00823,228283.69886,1.731,45.46783839210298,-1.6375465596375763e-05,0.0084688,0.009913200000000004,1.057771044551118,0.3704006541291905,0.32788225674570726,0.0845590152371766,0.3951342227609838,0.007973055555555554,0.011468055555555554,downtrend,0,1,baissier,365,0,0,30,,,17.0,37.0,58.0,47.0,24.5,44,29.72,-1,≈ Neutre vs BTC,False,False,,0,,,,44,3,,Volume ×0.1 (épuisement),16422607,16422607,1999999999.987738,1999999999.987738,2000000000.0,100.0,,,
STRAXUSDT,STRAX,Speculative,816,0.00857,187025.17293,1.3,33.51738366493893,-7.792554629983389e-05,0.009657,0.013151150000000002,0.4039657744210266,0.48164281269446174,0.46919726197884265,0.1774640632957513,0.18704608031229994,0.00882277777777778,0.01384361111111111,,0,0,neutre,365,0,0,30,,,17.0,19.0,73.0,47.0,50,44,29.99,-1,≈ Neutre vs BTC,False,False,,0,,,,44,3,,Volume ×0.2 (épuisement),18688758,18688758,2191682633.4403553,2191682633.440355,,100.0,,,
ACXUSDT,ACX,Speculative,632,0.04169,148719.302519,0.096,50.421795112422984,6.275416979763655e-06,0.041720600000000004,0.041877099999999993,0.30400090414404973,0.18326271186440674,0.11673728813559324,0.1784400118833123,0.35473443935049803,0.039786111111111105,0.04428777777777777,macd_bullish_cross|double_top_90d|downtrend,1,2,baissier,365,0,0,30,,,17.0,37.0,95.5,47.0,0,44,30.5,-1,≈ Neutre vs BTC,False,False,,0,,,,44,4,⚠️ Surveiller,Volume ×0.2 (épuisement)|Double sommet,29315743,41602817,704657633.0,1000000000.0,1000000000.0,70.5,18870847,$19M,-0.77
RPLUSDT,RPL,Speculative,548,1.57,135169.2597,1.948,42.670985370528335,-0.030097277447653416,1.6095999999999995,1.7752999999999983,1.47866807651889,0.4,0.28959276018099545,0.4831746730000636,0.2851066472402544,1.3213888888888885,2.026666666666667,,0,0,neutre,365,0,0,30,,,17.0,28.0,56.5,47.0,50,44,30.08,-1,≈ Neutre vs BTC,False,False,,0,,,,44,3,,Volume ×0.5 (épuisement),35610134,35610134,22704416.62794435,22704416.62794435,,100.0,988250195,$988M,0.52
CHRUSDT,CHR,Speculative,,0.0131,118157.37407,4.716,40.230280244211286,-7.988904566881376e-05,0.0146528,0.020900650000000014,0.6345187912840944,0.574357192494788,0.5448227936066713,0.20329406684153922,0.5306818056881228,0.013380555555555555,0.025239166666666674,,0,0,neutre,365,0,0,30,,,17.0,28.0,55.0,47.0,50,44,29.99,-1,≈ Neutre vs BTC,False,False,,0,,,,44,3,,Volume ×0.2 (épuisement),,,,,,,,,
SANTOSUSDT,SANTOS,Speculative,,0.484,114763.42878,1.895,40.36496983277729,0.0009095133378891167,0.5462800000000001,1.1588750000000003,0.7168789794051827,0.6348709929632524,0.6215793588741204,0.17249139030742458,0.5186183391549677,0.49936111111111103,1.1305277777777776,,0,0,neutre,365,0,0,30,,,17.0,28.0,55.0,47.0,50,44,29.99,-1,≈ Neutre vs BTC,False,False,,0,,,,44,2,,Volume ×0.2 (épuisement),,,,,,,,,
WLDUSDT,WLD,Etabli,64,0.3087,8350679.45901,0.882,34.196220859549754,-0.003786101185828318,0.43567000000000017,0.3736089999999999,0.7939124451172945,0.5559176418308399,0.5425862835135535,0.09179501188302704,0.191694161583813,0.25415,0.5784305555555554,,0,0,neutre,365,0,0,30,,,45.0,27.0,49.0,78.5,50,43,51.65,-2,≈ Neutre vs BTC,False,False,,0,,,,43,3,,Volume ×0.1 (épuisement),1100403147,3079740909,3573038054.671048,10000000000.0,10000000000.0,35.7,,,
ALGOUSDT,ALGO,Etabli,82,0.0796,894476.9401,1.015,39.669826239300946,-0.00020486324387935856,0.08642,0.0996925,0.3797455703462787,0.41991017964071853,0.40419161676646703,0.13864850339464535,0.4840148240221788,0.08152777777777778,0.12341111111111114,macd_bearish_cross,0,1,baissier,365,0,0,30,,,45.0,28.0,79.0,57.5,28.4,43,47.09,-2,≈ Neutre vs BTC,False,False,,0,,,,43,5,⚠️ Surveiller,Volume ×0.1 (épuisement)|MACD cross baissier,713809491,713809491,8969018347.04063,8969018347.04063,10000000000.0,100.0,,,
OPUSDT,OP,Mid,165,0.085,2110954.920427,-3.299,32.84134362016964,-0.0007137616317764851,0.09961799999999998,0.13939950000000004,0.5970834647875375,0.5052386495925495,0.5052386495925495,0.1595676500230871,0.43477758486279783,0.09116944444444444,0.143625,uptrend,1,0,haussier,365,0,0,30,,,31.0,19.0,65.5,68.0,50,43,41.91,-2,≈ Neutre vs BTC,False,False,,0,,,,43,3,,Volume ×0.2 (épuisement),194089664,364583714,2286467356.0,4294967296.0,4294967296.0,53.2,556599671,$557M,-2.82
BOMEUSDT,BOME,Mid,479,0.0006,1230849.7514122,2.987,79.26178589838793,1.9060780915472522e-05,0.0004440259999999999,0.0004711815000000001,0.8337718328195449,0.38869969040247676,0.07136222910216716,0.39849713735825026,0.5151554519317887,0.0003998361111111111,0.0006155972222222222,double_bottom_90d|doji_4h,1,0,haussier,365,0,0,30,,,31.0,39.0,77.5,68.0,50,43,45.03,-2,≈ Neutre vs BTC,False,False,,0,,,,43,4,⚠️ Surveiller,RSI 79 (surachat)|Volume ×0.4 (épuisement),41389047,41389047,68999659569.0,68999659569.0,68999659569.0,100.0,,,
WIFUSDT,WIF,Mid,198,0.1437,1113168.661102,0.771,38.8191269433539,-0.00027079198708695844,0.15825,0.1988315000000002,0.5404967546528152,0.38189655172413794,0.3814655172413794,0.20749573988978265,0.506031973195574,0.146175,0.2131388888888889,macd_bearish_cross,0,1,baissier,365,0,0,30,,,31.0,28.0,79.0,68.0,28.4,43,42.5,-2,≈ Neutre vs BTC,False,False,,0,,,,43,5,⚠️ Surveiller,Volume ×0.2 (épuisement)|MACD cross baissier,143029481,143029481,998926392.0,998926392.0,998926392.0,100.0,,,
PNUTUSDT,PNUT,Mid,500,0.0398,915864.64378,2.314,42.74615534101022,-0.00011670810843139275,0.042564000000000005,0.050033499999999974,0.4943846097138096,0.4009287925696595,0.38390092879256965,0.4921946459647009,0.5569230288960447,0.03994166666666665,0.06079166666666666,macd_bearish_cross,0,1,baissier,365,0,0,30,,,31.0,28.0,79.0,57.5,28.4,43,39.91,-2,≈ Neutre vs BTC,False,False,,0,,,,43,5,⚠️ Surveiller,Volume ×0.5 (épuisement)|MACD cross baissier,39729021,39729021,999841718.703436,999841718.703436,1000000000.0,100.0,,,
DYDXUSDT,DYDX,Mid,262,0.11218,687311.0890165,2.466,39.86212313278244,-0.0006784982375694169,0.12906580000000004,0.12811949999999997,0.7244879806760092,0.4351828045456883,0.4240242710957989,0.12431850306601028,0.07251895678816808,0.1163713888888889,0.17617277777777776,macd_bearish_cross|golden_cross,1,1,mixte,365,0,0,30,,,31.0,36.0,62.5,57.5,28.4,43,39.88,-2,≈ Neutre vs BTC,False,False,,0,,,,43,5,⚠️ Surveiller,Volume ×0.1 (épuisement)|MACD cross baissier,94884485,107154145,848607938.8070294,958342751.0,1000000000.0,88.5,77029458,$77M,-5.28
ZKUSDT,ZK,Mid,291,0.0079,632641.862784,0.254,27.08005007506982,-0.00011767557035636687,0.010163,0.016732550000000006,0.5986116453975041,0.6058615462354725,0.6013137948458818,0.19040554168807913,0.6203117033405373,0.009046388888888889,0.01745,downtrend,0,1,baissier,365,0,0,30,,,31.0,19.0,65.5,57.5,24.5,43,37.79,-2,≈ Neutre vs BTC,False,False,,0,,,,43,3,,Volume ×0.2 (épuisement),79614452,165534359,10100039093.0,21000000000.0,21000000000.0,48.1,,,
LINEAUSDT,LINEA,Mid,394,0.002248,342928.263454,0.943,37.65694031072782,-2.0487786991815434e-05,0.002423780000000001,0.003325869999999998,0.4442521696126604,0.4909805735430157,0.48126734505087876,0.21553918386612556,0.5037730410037099,0.002292583333333333,0.0037334166666666666,macd_bearish_cross,0,1,baissier,326,0,0,30,,,29.9,28.0,79.0,47.0,28.4,43,36.77,-2,≈ Neutre vs BTC,False,False,,0,,,,43,5,⚠️ Surveiller,Volume ×0.2 (épuisement)|MACD cross baissier,54239197,160598242,24179536833.471703,71593816498.0,72009990000.0,33.8,,,
IOUSDT,IO,Mid,414,0.1335,335657.891151,-1.33,37.168864191353116,-0.0010107265947777461,0.16378399999999996,0.13684500000000002,0.6865990492476274,0.337442218798151,0.31741140215716496,0.059915203481396354,0.34210704194838115,0.13376388888888896,0.19075277777777777,downtrend|doji_4h,0,1,baissier,365,0,0,30,,,31.0,36.0,68.5,47.0,24.5,43,37.41,-2,≈ Neutre vs BTC,False,False,,0,,,,43,3,,Volume ×0.1 (épuisement),50329449,106240842,378411633.3933478,798792184.1248477,800000000.0,47.4,,,
ENJUSDT,ENJ,Mid,421,0.02511,225947.495681,0.965,33.80028976252993,-0.00013018396665588714,0.0292002,0.03201659999999999,0.49808475846738814,0.5257452574525745,0.5149051490514905,0.1944087828884964,0.41448374826876927,0.02670472222222223,0.047980555555555554,,0,0,neutre,365,0,0,30,,,31.0,19.0,65.5,47.0,50,43,36.72,-2,≈ Neutre vs BTC,False,False,,0,,,,43,3,,Volume ×0.2 (épuisement),49841733,50392850,1988420374.1696002,2010407012.558693,,98.9,,,
BLURUSDT,BLUR,Mid,487,0.01429,207189.639451,2.584,40.070207376257656,-9.649526987308161e-05,0.016004599999999997,0.0213022,1.4640225315145972,0.5005359056806002,0.489817792068596,0.16742903229151107,0.44056299919671316,0.0145125,0.025692777777777776,,0,0,neutre,365,0,0,30,,,31.0,28.0,49.0,47.0,50,43,36.81,-2,≈ Neutre vs BTC,False,False,,0,,,,43,3,,Volume ×0.2 (épuisement),40773714,42834196,2855689035.1027393,3000000000.0,3000000000.0,95.2,13835676,$14M,2.36
NEOUSDT,NEO,Mid,213,1.85,202079.62231,1.593,37.660904481903955,-0.01205168512370719,2.0070200000000002,2.6439200000000005,0.41055797045444936,0.4473844282238443,0.43765206812652063,0.15981344624522087,0.6798278254259904,1.892722222222222,3.0200555555555555,macd_bearish_cross|uptrend,1,1,mixte,365,0,0,30,,,31.0,28.0,79.0,47.0,28.4,43,37.31,-2,≈ Neutre vs BTC,False,False,,0,,,,43,5,⚠️ Surveiller,Volume ×0.2 (épuisement)|MACD cross baissier,130217085,184626520,70530000.0,100000000.0,,70.5,,,
2ZUSDT,2Z,Mid,163,0.05645,157972.67441,0.642,29.245017536768714,-0.0006409463757062459,0.0666352,0.08307330000000002,0.5004597852302384,0.5073516386182462,0.5013286093888396,0.13655897002049475,0.46409742850460867,0.06093499999999999,0.10235111111111111,downtrend,0,1,baissier,304,0,0,30,,,29.3,19.0,65.5,47.0,24.5,43,34.33,-2,≈ Neutre vs BTC,False,False,,0,,,,43,3,,Volume ×0.1 (épuisement),195305509,562798040,3469643663.6,9998226163.6,10000000000.0,34.7,110326526,$110M,-0.96
COMPUSDT,COMP,Mid,185,16.49,116608.901,-0.901,43.07950949506676,-0.08006367760490826,16.948400000000003,19.400150000000018,0.4002803045739356,0.3628355704697987,0.3087248322147651,0.09140679495663984,0.5265434898940581,16.019722222222224,23.060555555555553,macd_bearish_cross,0,1,baissier,365,0,0,30,,,31.0,28.0,79.0,47.0,28.4,43,37.31,-2,≈ Neutre vs BTC,False,False,,0,,,,43,5,⚠️ Surveiller,Volume ×0.1 (épuisement)|MACD cross baissier,164648764,164648764,10000000.0,10000000.0,10000000.0,100.0,1119163553,$1.1B,-1.09
GLMUSDT,GLM,Mid,265,0.0941,40529.28194,-0.212,40.710180077017675,-0.00042738172662656936,0.10106200000000001,0.140462,0.47480157620401126,0.41742522756827044,0.38816644993498045,0.10851091624413184,0.4632731099483235,0.09580833333333333,0.14317500000000002,macd_bearish_cross|support_bounce|uptrend,2,1,haussier,365,0,0,30,,,31.0,28.0,79.0,47.0,30.6,43,37.45,-2,≈ Neutre vs BTC,False,False,,0,,,,43,5,⚠️ Surveiller,Volume ×0.1 (épuisement)|MACD cross baissier,93723024,93723024,1000000000.0,1000000000.0,,100.0,,,
AMDBUSDT,AMDB,Speculative,,473.88,1257876.45601,-6.518,44.00918501557332,-4.326512943699186,,,0.9680206956925386,0.2601557239783851,0.18187939160609778,0.28983683686059086,,473.0,564.360625,macd_bearish_cross,0,1,baissier,40,0,0,30,,,8.1,36.0,63.0,68.0,28.4,43,30.75,-2,≈ Neutre vs BTC,False,False,,0,,,,43,5,⚠️ Surveiller,Volume ×0.3 (épuisement)|MACD cross baissier,,,,,,,,,
HYPERUSDT,HYPER,Speculative,809,0.0558,585770.23399,-2.787,27.863743267751275,-0.0006708874145227983,0.071428,0.09299450000000005,0.5528229661570279,0.5499999999999999,0.5499999999999999,0.13761512865897244,0.4822265277151192,0.06342222222222224,0.1139083333333333,downtrend,0,1,baissier,365,0,0,30,,,17.0,19.0,65.5,57.5,24.5,43,30.6,-2,≈ Neutre vs BTC,False,False,,0,,,,43,3,,Volume ×0.1 (épuisement),18872884,45055822,338174017.0,807333335.0000001,1000000000.0,41.9,88999022,$89M,-3.41
ADXUSDT,ADX,Speculative,,0.0565,473211.6825,-0.353,49.712567030393906,-0.00013175738979505748,0.05745400000000001,0.07032849999999997,0.631998758654905,0.36486486486486486,0.3046683046683047,0.9428329261973499,0.5053969523330106,0.05393888888888887,0.07625555555555556,double_top_90d|downtrend,0,2,baissier,365,0,0,30,,,17.0,46.0,68.5,47.0,0,43,29.96,-2,≈ Neutre vs BTC,False,False,,0,,,,43,3,,Double sommet,,,,,,,,,
MBLUSDT,MBL,Speculative,,0.000671,269484.272462,0.149,40.866823188475244,-2.49780631842455e-06,0.0006950399999999999,0.0008941350000000002,0.2835431617761922,0.4300791556728232,0.4107299912049252,0.16624470293699575,0.5468574660347323,0.0006694444444444442,0.0009757500000000002,macd_bearish_cross,0,1,baissier,365,0,0,30,,,17.0,28.0,79.0,47.0,28.4,43,30.13,-2,≈ Neutre vs BTC,False,False,,0,,,,43,5,⚠️ Surveiller,Volume ×0.2 (épuisement)|MACD cross baissier,,,,,,,,,
GLMRUSDT,GLMR,Speculative,,0.007799,259133.0020795,0.58,36.923594523595014,-8.479916191336963e-05,0.008801219999999997,0.012893804999999998,1.0147652169824835,0.5550292397660819,0.5438011695906434,0.33350125949385073,0.4543412604199638,0.008187972222222223,0.016111111111111107,,0,0,neutre,365,0,0,30,,,17.0,28.0,44.5,47.0,50,43,29.36,-2,≈ Neutre vs BTC,False,False,,0,,,,43,3,,Volume ×0.3 (épuisement),,,,,,,,,
BICOUSDT,BICO,Speculative,,0.01188,180129.5647204,1.452,37.30545083764951,0.00011407103333786295,0.017898199999999993,0.023661049999999996,0.6348683798736908,0.817384370015949,0.8105263157894737,0.22554806676323605,0.3089009534384659,0.013005277777777777,0.031077777777777777,,0,0,neutre,365,0,0,30,,,17.0,28.0,49.0,47.0,50,43,29.63,-2,≈ Neutre vs BTC,False,False,,0,,,,43,2,,Volume ×0.2 (épuisement),,,,,,,,,
UMAUSDT,UMA,Speculative,606,0.348,156352.1499,3.881,41.01359059006774,-0.0011176916368030119,0.38088,0.4557249999999998,0.4413314119257353,0.40255009107468126,0.3679417122040074,0.4564411000632139,0.5556995229517705,0.35655555555555557,0.4904166666666667,macd_bearish_cross,0,1,baissier,365,0,0,30,,,17.0,28.0,79.0,47.0,28.4,43,30.13,-2,≈ Neutre vs BTC,False,False,,0,,,,43,5,⚠️ Surveiller,Volume ×0.5 (épuisement)|MACD cross baissier,31426650,44902805,90522108.5512271,129339163.0868267,,70.0,,,
AMPUSDT,AMP,Speculative,551,0.000396,155021.473952,0.508,26.869344857776483,4.3801284933287654e-07,0.00045543999999999994,0.0010143950000000006,0.2633999828633472,0.5816435432230523,0.5784418356456776,0.20883613868337017,0.6760197942732227,0.0004178333333333333,0.0008899722222222221,downtrend,0,1,baissier,365,0,0,30,,,17.0,19.0,65.5,47.0,24.5,43,28.01,-2,≈ Neutre vs BTC,False,False,,0,,,,43,2,,Volume ×0.2 (épuisement),35240222,39141426,89781193103.18022,99720253743.71327,100000000000.0,90.0,,,
DUSKUSDT,DUSK,Speculative,553,0.059,151553.1066,1.549,31.082415868579687,-0.00017524213490963721,0.07567800000000001,0.10727149999999998,0.590933290355466,0.6312419974391805,0.6209987195902689,0.1499740958411916,0.42911230556621566,0.06561111111111115,0.1454638888888889,,0,0,neutre,365,0,0,30,,,17.0,19.0,65.5,47.0,50,43,29.54,-2,≈ Neutre vs BTC,False,False,,0,,,,43,3,,Volume ×0.1 (épuisement),29569691,29569691,500000000.0,596353824.4926434,1000000000.0,83.8,,,
ZKPUSDT,ZKP,Speculative,,0.0456,140256.10731,2.472,47.2049755636071,0.0001981804788837823,0.04900999999999999,0.07461999999999996,1.307570121428195,0.5266075388026608,0.49445676274944567,0.12949893049226785,0.4485058568719229,0.04438611111111114,0.08146944444444443,double_bottom_90d|downtrend,1,1,mixte,207,0,0,30,,,12.7,37.0,49.0,47.0,24.5,43,26.96,-2,≈ Neutre vs BTC,False,False,,0,,,,43,2,,Volume ×0.1 (épuisement),,,,,,,,,
CVCUSDT,CVC,Speculative,931,0.01881,134144.86111,3.352,40.60975868564611,-1.745610000287556e-05,0.0205092,0.029213150000000018,0.3790004198585481,0.4755738669805769,0.4470276633313714,0.2196234009663948,0.6438101915567884,0.019239722222222224,0.03199,macd_bearish_cross|bullish_engulfing_4h,1,1,mixte,365,0,0,30,,,17.0,28.0,79.0,47.0,30.9,43,30.29,-2,≈ Neutre vs BTC,False,False,,0,,,,43,5,⚠️ Surveiller,Volume ×0.2 (épuisement)|MACD cross baissier,18760588,18760588,1000000000.0,1000000000.0,,100.0,,,
PIVXUSDT,PIVX,Speculative,,0.0329,122279.6096,0.305,37.72655452284814,8.627677309263433e-05,0.03937599999999999,0.07694549999999994,0.6496307263360556,0.5965130759651308,0.5902864259028643,0.2852245924201754,0.2898154032906013,0.03435833333333333,0.0736111111111111,,0,0,neutre,365,0,0,30,,,17.0,28.0,49.0,47.0,50,43,29.63,-2,≈ Neutre vs BTC,False,False,,0,,,,43,2,,Volume ×0.3 (épuisement),,,,,,,,,
RADUSDT,RAD,Speculative,1127,0.206,72316.226,0.98,38.72452516259907,-0.0004925181746472588,0.21469999999999995,0.24043000000000017,0.21328810351992797,0.3940298507462687,0.38507462686567173,0.09248472760225958,0.30243765873575873,0.20700000000000005,0.3050555555555556,macd_bearish_cross|support_bounce,1,1,mixte,365,0,0,30,,,17.0,28.0,79.0,47.0,30.6,43,30.26,-2,≈ Neutre vs BTC,False,False,,0,,,,43,5,⚠️ Surveiller,Volume ×0.1 (épuisement)|MACD cross baissier,20523054,20523054,99998580.0,99998580.0,100000000.0,100.0,,,
KNCUSDT,KNC,Speculative,843,0.1045,42832.22245,0.096,38.55693940525332,-0.0004185454782758618,0.11152999999999999,0.14025750000000003,0.34188080261783177,0.35607008760951186,0.3454317897371715,0.08918525853626329,0.539511061747084,0.10640000000000001,0.1512361111111111,macd_bearish_cross,0,1,baissier,365,0,0,30,,,17.0,28.0,79.0,47.0,28.4,43,30.13,-2,≈ Neutre vs BTC,False,False,,0,,,,43,5,⚠️ Surveiller,Volume ×0.1 (épuisement)|MACD cross baissier,25173129,25174287,240988632.9634256,240999725.2784716,252301550.0,100.0,,,
LTCUSDT,LTC,Etabli,27,44.48,8636219.5461,-1.615,43.51669090624568,-0.29814325818327087,44.69119999999999,53.041399999999996,0.3565668167892494,0.32285288763859005,0.26377627006453747,0.18893460519534067,0.7452778086465438,42.183611111111105,56.63666666666667,macd_bearish_cross|uptrend,1,1,mixte,365,0,0,30,,,45.0,28.0,75.5,78.5,28.4,42,52.07,-3,≈ Neutre vs BTC,False,False,,0,,,,42,5,⚠️ Surveiller,Volume ×0.2 (épuisement)|MACD cross baissier,3442140840,3442286400,77446191.52138446,77449541.52875432,84000000.0,100.0,,,
币安人生USDT,币安人生,Etabli,90,0.627,1543779.07137,-3.151,44.13346779071617,-0.0019035221277632318,0.6840179999999999,0.35523849999999996,0.9698612705740267,0.2697850512945774,0.23534440644846114,0.03978291434640088,0.06758640104102079,0.3978,0.7538222222222224,double_top_90d,0,1,baissier,207,0,0,30,,,40.7,36.0,67.0,68.0,20.8,42,47.25,-3,≈ Neutre vs BTC,False,False,,0,,,,42,5,⚠️ Surveiller,Volume ×0.0 (épuisement)|Double sommet,626066040,626066040,1000000000.0,1000000000.0,1000000000.0,100.0,,,
SNDKBUSDT,SNDKB,Mid,382,1223.24,45023368.54846,-10.214,41.161626568540854,-6.767710678380752,1774.2256000000002,,1.8878441328442495,0.5646750827011243,0.47241642549998064,0.07487022029152278,,1266.3429999999996,2222.4115,,0,0,neutre,52,0,0,30,,,22.4,36.0,28.5,78.5,50,42,39.92,-3,≈ Neutre vs BTC,False,False,,0,,,,42,3,,Volume ×0.1 (épuisement),56072833,56072833,45865.57283703,45865.57283703,,100.0,,,
CRCLBUSDT,CRCLB,Mid,352,61.51,9068443.7014,-3.286,42.61648476287651,0.2820275749168535,68.9598,,0.7293259954267634,0.2800190976366675,0.26581523036524235,0.14006521362048113,,60.7715,82.10999999999999,evening_star_4h,0,1,baissier,52,0,0,30,,,22.4,36.0,63.0,78.5,27.5,42,40.64,-3,≈ Neutre vs BTC,False,False,,0,,,,42,4,⚠️ Surveiller,Volume ×0.1 (épuisement)|Étoile du soir 4h,63148519,63148519,1027221.57760402,1027221.57760402,,100.0,,,
STXUSDT,STX,Mid,137,0.1373,340970.22473,-0.363,34.7537447731937,-0.0013653506338354368,0.16659600000000002,0.228528,0.7125476090319001,0.5047899778924098,0.49373618275607956,0.11491607151927473,0.643230082173737,0.1510166666666667,0.2604722222222222,,0,0,neutre,365,0,0,30,,,31.0,19.0,59.5,47.0,50,42,36.36,-3,≈ Neutre vs BTC,False,False,,0,,,,42,3,,Volume ×0.1 (épuisement),254417971,254420572,1855042716.187809,1855042716.187809,,100.0,,,
TFUELUSDT,TFUEL,Mid,391,0.00737,58542.3965,1.936,39.78224261694435,-5.088034424949409e-05,0.007885399999999997,0.011624250000000001,0.4293185345786684,0.41451612903225804,0.4048387096774193,0.1722972823036853,0.7217128318467981,0.0075363888888888885,0.011463333333333332,macd_bearish_cross|doji_4h,0,1,baissier,365,0,0,30,,,31.0,28.0,71.0,47.0,28.4,42,36.83,-3,≈ Neutre vs BTC,False,False,,0,,,,42,5,⚠️ Surveiller,Volume ×0.2 (épuisement)|MACD cross baissier,54494018,54496716,7417622925.0,7417955798.0,,100.0,,,
HEMIUSDT,HEMI,Speculative,,0.00482,959264.493244,4.783,50.24023328848967,-1.262892587902128e-05,0.004909600000000001,0.007825150000000006,1.943194206927454,0.5426105717367854,0.4789644012944984,0.40442929964454216,0.32348388623623137,0.004384722222222222,0.008232777777777776,macd_bearish_cross,0,1,baissier,313,0,0,30,,,15.6,37.0,38.5,57.5,28.4,42,30.64,-3,≈ Neutre vs BTC,False,False,,0,,,,42,5,⚠️ Surveiller,Volume ×0.4 (épuisement)|MACD cross baissier,,,,,,,32985280,$33M,0.57
HMSTRUSDT,HMSTR,Speculative,,0.0001667,648084.6450417,1.646,43.00918507178602,-1.2880738460475276e-06,0.0001913,0.0001758365,2.510785448729523,0.5827393075356415,0.5753564154786152,0.13763213265474158,0.18383934028798654,0.00014819166666666669,0.00024859166666666674,,0,0,neutre,365,0,0,30,,,17.0,36.0,28.0,57.5,50,42,31.92,-3,≈ Neutre vs BTC,False,False,,0,,,,42,3,,Volume ×0.1 (épuisement),,,,,,,,,
PHAUSDT,PHA,Speculative,873,0.0201,316673.4489,0.5,30.97168043322965,4.763380311874907e-05,0.027437999999999994,0.032508500000000023,0.6290281309939527,0.6308851224105462,0.6214689265536724,0.1732989318031874,0.36626822707598694,0.021950000000000008,0.04151666666666666,doji_4h,0,0,neutre,365,0,0,30,,,17.0,19.0,55.0,47.0,50,42,28.91,-3,≈ Neutre vs BTC,False,False,,0,,,,42,2,,Volume ×0.2 (épuisement),16837650,20032986,840496260.4928192,1000000000.0,1000000000.0,84.0,,,
ACMUSDT,ACM,Speculative,,0.269,199554.2733,1.128,35.407191773563255,-0.0007230199824190811,0.28992,0.3929950000000002,0.2957226370035948,0.4313304721030043,0.4227467811158798,0.13753069140232874,0.6170046689872124,0.27644444444444455,0.4266666666666665,downtrend|doji_4h,0,1,baissier,365,0,0,30,,,17.0,28.0,79.0,47.0,24.5,42,29.9,-3,≈ Neutre vs BTC,False,False,,0,,,,42,3,,Volume ×0.1 (épuisement),,,,,,,,,
SIGNUSDT,SIGN,Speculative,845,0.00695,168954.99737,0.725,25.0898803682539,-0.00014134039913904175,0.0085044,0.022613249999999994,0.4678300405228098,0.5843920145190562,0.5795523290986087,0.17740496351895912,0.6219943173159012,0.007934166666666666,0.015283333333333336,double_top_90d,0,1,baissier,365,0,0,30,,,17.0,19.0,65.5,47.0,20.8,42,27.79,-3,≈ Neutre vs BTC,False,False,,0,,,,42,5,⚠️ Surveiller,Volume ×0.2 (épuisement)|Double sommet,17713251,69373047,2553333332.0,10000000000.0,10000000000.0,25.5,,,
OSMOUSDT,OSMO,Speculative,760,0.0277,162915.891103,3.745,30.838151715701343,-0.00015798286653360798,0.03603399999999999,0.03972749999999999,0.5312714332539561,0.6926605504587156,0.6846330275229359,0.24493758252745743,0.2416581192890233,0.030297222222222215,0.06729444444444446,,0,0,neutre,365,0,0,30,,,17.0,19.0,59.5,47.0,50,42,29.18,-3,≈ Neutre vs BTC,False,False,,0,,,,42,3,,Volume ×0.2 (épuisement),21464240,26739291,783087358.457755,975538886.037291,1000000000.0,80.3,11584793,$12M,-8.3
SOMIUSDT,SOMI,Speculative,,0.0865,123033.66258,1.407,31.5527965888771,-0.0009939023682144109,0.101648,0.161496,0.6886437675066182,0.5854021847070506,0.5719960278053624,0.11774989816981998,0.5752161446867298,0.09370833333333332,0.1830888888888889,bullish_engulfing_4h,1,0,haussier,334,0,0,30,,,16.2,19.0,55.0,47.0,52.5,42,28.63,-3,≈ Neutre vs BTC,False,False,,0,,,,42,3,,Volume ×0.1 (épuisement),,,,,,,,,
FTTUSDT,FTT,Speculative,,0.1978,114820.929765,0.662,36.86699580156336,0.00031365723316738835,0.22690599999999997,0.30085449999999997,0.4126764536526813,0.47634584013050574,0.4622077215878195,0.1590496172456909,0.3553369298529979,0.20421388888888894,0.3520472222222221,downtrend,0,1,baissier,365,0,0,30,,,17.0,28.0,79.0,47.0,24.5,42,29.9,-3,≈ Neutre vs BTC,False,False,,0,,,,42,2,,Volume ×0.2 (épuisement),,,,,,,,,
BNTUSDT,BNT,Speculative,653,0.2637,76112.1606,-1.125,42.80024426657564,-0.0014521823686438034,0.27026400000000006,0.30385249999999997,0.3863278768311195,0.2936781609195402,0.23908045977011494,0.32188940349726697,0.751650814827084,0.25831111111111116,0.34058611111111115,macd_bearish_cross|uptrend,1,1,mixte,365,0,0,30,,,17.0,28.0,75.5,47.0,28.4,42,29.92,-3,≈ Neutre vs BTC,False,False,,0,,,,42,5,⚠️ Surveiller,Volume ×0.3 (épuisement)|MACD cross baissier,27954966,27954966,106046611.4501811,106046611.4501811,110542364.6372305,100.0,15922591,$16M,-6.65
DOGEUSDT,DOGE,Etabli,11,0.06995,24050528.35174,0.014,40.4156076472966,0.00014438267377801556,0.0756508,0.09466805000000003,0.40320568458917605,0.4006582366187424,0.3940758704313182,0.12030173052768543,0.7778052809384088,0.07083083333333333,0.10997305555555557,downtrend,0,1,baissier,365,0,0,30,,,45.0,28.0,71.0,78.5,24.5,41,51.56,-4,≈ Neutre vs BTC,False,False,,0,,,,41,2,,Volume ×0.1 (épuisement),10837612377,11933970295,155309586383.70514,171021303126.5791,,90.8,,,
ASTERUSDT,ASTER,Etabli,46,0.599,2670146.52341,-0.167,37.29866891990289,-0.002377690380099673,0.62968,0.6596050000000006,0.23276406445132608,0.19597315436241614,0.19597315436241614,0.07150628970994419,0.42238368652266645,0.608388888888889,0.7089722222222222,rsi_bullish_divergence|macd_bearish_cross|downtrend,1,2,baissier,300,0,0,30,,,43.2,28.0,95.5,68.0,10.3,41,48.68,-4,≈ Neutre vs BTC,False,False,,0,,,,41,5,⚠️ Surveiller,Volume ×0.1 (épuisement)|MACD cross baissier,1609984427,4680650277,2687744734.379753,7813984360.600964,8000000000.0,34.4,112335855,$112M,1.05
SEIUSDT,SEI,Mid,127,0.04154,2131899.45264,-0.812,31.74555715147929,-0.00022316015891980095,0.049100200000000004,0.06382539999999999,0.4694819221081898,0.454078947368421,0.454078947368421,0.11647617428813638,0.5271095152262992,0.044645555555555556,0.06803444444444444,rsi_bullish_divergence|downtrend,1,1,mixte,365,0,0,30,,,31.0,19.0,79.0,68.0,29.9,41,41.51,-4,≈ Neutre vs BTC,False,False,,0,,,,41,3,,Volume ×0.1 (épuisement),279180386,414624336,6733333333.0,10000000000.0,,67.3,,,
APTUSDT,APT,Mid,102,0.559,2066123.58062,-0.887,36.14318369612102,-0.003967028677163472,0.6168,0.9218949999999994,0.45814246757576954,0.5177797051170858,0.5151777970511708,0.1474132677269425,0.6931534728070109,0.5808333333333331,1.0364444444444445,macd_bearish_cross|doji_4h,0,1,baissier,365,0,0,30,,,31.0,28.0,65.5,68.0,28.4,41,41.69,-4,≈ Neutre vs BTC,False,False,,0,,,,41,5,⚠️ Surveiller,Volume ×0.1 (épuisement)|MACD cross baissier,471951960,673503056,845457740.6198645,1206517610.328311,2100000000.0,70.1,,,
NIGHTUSDT,NIGHT,Mid,124,0.01797,1075467.73978,-2.39,29.86368551648924,-0.00022051925739593374,0.028250200000000007,,1.7677811916527946,0.5417198264863485,0.5417198264863485,0.29771392484135784,0.2086960175733336,0.022117777777777778,0.03617638888888889,rsi_bullish_divergence|downtrend,1,1,mixte,144,0,0,30,,,24.9,27.0,28.0,68.0,29.9,41,36.31,-4,≈ Neutre vs BTC,False,False,,0,,,,41,3,,Volume ×0.3 (épuisement),298115553,430818402,16607399400.634954,24000000000.0,24000000000.0,69.2,,,
ASTRUSDT,ASTR,Mid,464,0.004898,85440.4051403,0.534,40.015102449036064,-1.054027503951798e-05,0.00520526,0.007336575000000001,0.33777666908167503,0.5003139388865635,0.48848890749267476,0.17781321656288693,0.6171329202176864,0.0049505,0.008730777777777778,macd_bearish_cross,0,1,baissier,365,0,0,30,,,31.0,28.0,70.0,47.0,28.4,41,36.77,-4,≈ Neutre vs BTC,False,False,,0,,,,41,5,⚠️ Surveiller,Volume ×0.2 (épuisement)|MACD cross baissier,42498584,42502358,8735011392.0,8735788400.0,10000000000.0,100.0,14917388,$15M,-4.9
SYNUSDT,SYN,Speculative,789,0.09036,4202955.199236,-12.016,32.20788077762661,-0.008789700106666139,0.24599379999999996,0.10017895000000003,2.4214173894325732,0.8399219304471257,0.8399219304471257,0.9950723049538119,0.03597040501414354,0.039011111111111114,0.41908694444444444,,0,0,neutre,365,0,0,30,,,17.0,36.0,22.0,68.0,50,41,34.16,-4,≈ Neutre vs BTC,False,False,,0,,,,41,1,,,19771649,22563521,219066529.0,250000000.0,250000000.0,87.6,11554680,$12M,-0.16
LQTYUSDT,LQTY,Speculative,874,0.1712,399860.92594,-4.411,43.95344605689341,0.0010204749476233313,0.182858,0.26497450000000006,0.7519208460929827,0.5422740524781341,0.5014577259475219,0.9962301159186022,0.5509590613664475,0.1678694444444444,0.3072222222222223,downtrend,0,1,baissier,365,0,0,30,,,17.0,37.0,55.0,47.0,24.5,41,29.54,-4,≈ Neutre vs BTC,False,False,,0,,,,41,0,,,16878375,17090985,98756013.8773874,100000000.0,100000000.0,98.8,137419525,$137M,0.57
KATUSDT,KAT,Speculative,,0.00439,257632.4658,0.228,39.103054954930144,-1.3909495690018103e-05,0.005027200000000001,,0.7903575222626446,0.5917387127761767,0.5773294908741595,0.107953920302868,0.3944692466380451,0.004621388888888889,0.009300277777777777,macd_bearish_cross,0,1,baissier,137,0,0,30,,,10.8,36.0,55.0,47.0,28.4,41,26.45,-4,≈ Neutre vs BTC,False,False,,0,,,,41,5,⚠️ Surveiller,Volume ×0.1 (épuisement)|MACD cross baissier,,,,,,,,,
MANTAUSDT,MANTA,Speculative,646,0.05938,247803.802225,2.168,40.86351824559531,0.00010738438746392713,0.06797079999999998,0.07052335000000001,0.4818431768140534,0.3620336669699727,0.3244995450409463,0.14383268576901884,0.08495837869687058,0.05904694444444446,0.08689694444444443,downtrend,0,1,baissier,365,0,0,30,,,17.0,28.0,73.0,47.0,24.5,41,29.54,-4,≈ Neutre vs BTC,False,False,,0,,,,41,2,,Volume ×0.1 (épuisement),28358703,59355987,477773254.4853707,1000000000.0,1000000000.0,47.8,22298932,$22M,-1.91
INITUSDT,INIT,Speculative,,0.0499,159947.00155,1.217,37.91396594293337,-0.00038312313851463853,0.055096000000000006,0.07633550000000001,0.42425104733340513,0.5631244323342416,0.5467756584922797,0.23691254968199446,0.4830282753184269,0.05147777777777777,0.09551944444444443,macd_bearish_cross|uptrend,1,1,mixte,365,0,0,30,,,17.0,28.0,65.5,47.0,28.4,41,29.32,-4,≈ Neutre vs BTC,False,False,,0,,,,41,5,⚠️ Surveiller,Volume ×0.2 (épuisement)|MACD cross baissier,,,,,,,,,
HFTUSDT,HFT,Speculative,,0.00871,157647.2853055,3.518,43.18264855810051,-2.4136516046133465e-05,0.009242959999999998,0.014299739999999995,0.5275234118786193,0.5517241379310345,0.49856321839080453,0.29164198337717445,0.4366754612407133,0.008569972222222222,0.015125,macd_bearish_cross|uptrend,1,1,mixte,365,0,0,30,,,17.0,28.0,70.0,47.0,28.4,41,29.59,-4,≈ Neutre vs BTC,False,False,,0,,,,41,5,⚠️ Surveiller,Volume ×0.3 (épuisement)|MACD cross baissier,,,,,,,,,
PUNDIXUSDT,PUNDIX,Speculative,787,0.0769,141024.35405,1.451,41.034093006619585,-1.581840699457467e-05,0.08569200000000002,0.13943549999999996,0.5664890704350678,0.5420503376304481,0.5279312461632903,0.23279793369217683,0.46470205760620154,0.07861111111111113,0.15394166666666667,macd_bearish_cross,0,1,baissier,365,0,0,30,,,17.0,28.0,65.5,47.0,28.4,41,29.32,-4,≈ Neutre vs BTC,False,False,,0,,,,41,5,⚠️ Surveiller,Volume ×0.2 (épuisement)|MACD cross baissier,19846942,19846942,258386541.0999244,258386541.0999244,,100.0,,,
MEUSDT,ME,Speculative,539,0.05985,134299.2962815,-0.133,41.90377253017379,-0.0004615485437694138,0.0626542,0.10759755000000004,0.5033551496055387,0.5369975389663658,0.507383100902379,0.13885827729721573,0.5725033407933177,0.05886361111111111,0.10935,macd_bearish_cross|uptrend,1,1,mixte,365,0,0,30,,,17.0,28.0,65.5,47.0,28.4,41,29.32,-4,≈ Neutre vs BTC,False,False,,0,,,,41,5,⚠️ Surveiller,Volume ×0.1 (épuisement)|MACD cross baissier,36367161,59889056,607236543.5753291,999990728.408414,1000000000.0,60.7,,,
IOTXUSDT,IOTX,Speculative,764,0.00224,128415.33177,1.818,40.71979520764737,1.2709986050870258e-05,0.0026684,0.004545699999999997,0.7272161969018025,0.6196660482374767,0.5825602968460112,0.5752817207340128,0.5223954680641247,0.0023105555555555557,0.004800833333333334,downtrend,0,1,baissier,365,0,0,30,,,17.0,37.0,55.0,47.0,24.5,41,29.54,-4,≈ Neutre vs BTC,False,False,,0,,,,41,2,,Volume ×0.6 (épuisement),21210660,21210660,9441368550.0,9441368555.0,10000000000.0,100.0,,,
MUBUSDT,MUB,Mid,353,819.83,17055821.52712,-9.806,43.42045671280164,-4.58991654007766,997.3302,,1.312085387136098,0.40245201258526353,0.3335582637539532,0.08925362606343194,,832.2385,1167.6125,macd_bearish_cross,0,1,baissier,52,0,0,30,,,22.4,36.0,48.0,78.5,28.4,40,39.8,-5,≈ Neutre vs BTC,False,False,,0,,,,40,5,⚠️ Surveiller,Volume ×0.1 (épuisement)|MACD cross baissier,62562051,62562051,76359.91673111,76359.91673111,,100.0,,,
XPLUSDT,XPL,Mid,157,0.07646,5731364.087229,-1.151,41.58278939309322,-0.0006935108825172564,0.09112500000000003,0.09916475000000004,0.9408589308722151,0.4446460980036298,0.32129547471162373,0.2633858434972727,0.39661517779781985,0.07427583333333335,0.10652611111111114,downtrend,0,1,baissier,311,0,0,30,,,29.5,28.0,68.5,78.5,24.5,40,43.47,-5,≈ Neutre vs BTC,False,False,,0,,,,40,3,,Volume ×0.3 (épuisement),204953893,762225223,2688888888.8889,10000000000.0,,26.9,,,
MEGAUSDT,MEGA,Mid,458,0.03887,1739626.903097,5.654,36.606654186165294,-0.0002576763493046014,0.04824519999999999,,0.666861464039466,0.7160772706028976,0.698161707431064,0.35448420659663865,0.4800963571544644,0.04160083333333334,0.10916444444444445,downtrend,0,1,baissier,94,0,0,30,,,23.6,36.0,55.0,68.0,24.5,40,37.98,-5,≈ Neutre vs BTC,False,False,,0,,,,40,3,,Volume ×0.4 (épuisement),43512122,385133651,1129792788.0,10000000000.0,10000000000.0,11.3,,,
KAIAUSDT,KAIA,Mid,177,0.0263,431241.70292,-1.128,24.85141274189236,-0.0004004087388753681,0.033752,0.047115499999999984,0.5576952113694923,0.5185873605947956,0.5130111524163569,0.26356620904850403,0.5914258448521026,0.030313888888888894,0.05056388888888888,downtrend,0,1,baissier,365,0,0,30,,,31.0,10.0,65.5,47.0,24.5,40,34.11,-5,≈ Neutre vs BTC,False,False,,0,,,,40,3,,Volume ×0.3 (épuisement),167206308,167388491,6375650513.089659,6375650513.089659,,100.0,,,
ROSEUSDT,ROSE,Mid,467,0.00535,332358.61207,2.294,43.45187150202672,2.545691717550973e-05,0.005869200000000002,0.010302850000000006,0.5133510170707702,0.5719063545150501,0.5535117056856187,0.2791017345858596,0.6051719147478218,0.005362777777777776,0.010722222222222223,downtrend,0,1,baissier,365,0,0,30,,,31.0,28.0,65.5,47.0,24.5,40,36.27,-5,≈ Neutre vs BTC,False,False,,0,,,,40,2,,Volume ×0.3 (épuisement),42308256,53364204,7928208862.0,10000000000.0,10000000000.0,79.3,,,
MANAUSDT,MANA,Mid,214,0.0664,217023.6894,-1.19,44.51935501724463,-0.0002709615372224793,0.068682,0.09019350000000001,0.6439619588183465,0.37924151696606784,0.3353293413173652,0.14623002607080504,0.4850583401982278,0.06441944444444442,0.09312222222222222,downtrend,0,1,baissier,365,0,0,30,,,31.0,28.0,68.5,47.0,24.5,40,36.45,-5,≈ Neutre vs BTC,False,False,,0,,,,40,3,,Volume ×0.1 (épuisement),130182947,145790085,1958394813.5057716,2193179327.320146,,89.3,,,
AXLUSDT,AXL,Mid,452,0.0372,113830.167531,0.0,35.92692513131658,-0.00029332983366339065,0.04196600000000001,0.05402899999999997,0.4191195706324939,0.5540704738760631,0.5467800729040098,0.10339853484677511,0.514293910730631,0.039202777777777774,0.06913333333333332,downtrend,0,1,baissier,365,0,0,30,,,31.0,28.0,65.5,47.0,24.5,40,36.27,-5,≈ Neutre vs BTC,False,False,,0,,,,40,3,,Volume ×0.1 (épuisement),45005079,46345695,1213311997.4314241,1249454517.993017,,97.1,130194875,$130M,-1.26
PARTIUSDT,PARTI,Speculative,,0.0242,1176935.31979,0.415,25.571358014972375,0.0002961625700130576,0.04138800000000001,0.06523299999999999,0.9908993353526561,0.6292834890965732,0.6230529595015576,0.2610417164277654,-0.12770670494048542,0.027752777777777782,0.06136666666666665,downtrend,0,1,baissier,365,0,0,30,,,17.0,19.0,49.0,68.0,24.5,40,32.21,-5,≈ Neutre vs BTC,False,False,,0,,,,40,2,,Volume ×0.3 (épuisement),,,,,,,,,
GMTUSDT,GMT,Speculative,773,0.00665,941460.494828,2.465,36.49203969704552,-2.9765308004993266e-05,0.007527999999999999,0.010681149999999995,0.4549384914197034,0.5247747747747749,0.5007507507507508,0.24607876729138356,0.4620026859677545,0.0069808333333333345,0.011923611111111112,downtrend,0,1,baissier,365,0,0,30,,,17.0,28.0,65.5,57.5,24.5,40,31.68,-5,≈ Neutre vs BTC,False,False,,0,,,,40,3,,Volume ×0.2 (épuisement),20664072,33697500,3111400155.0,5073850155.102167,6000000000.0,61.3,,,
RONINUSDT,RONIN,Speculative,,0.0491,396566.625185,4.025,38.223884117756455,-0.0001372632351361461,0.056304,0.08874699999999999,0.5601237635864524,0.6369969040247678,0.619969040247678,0.17770343663736976,0.3414176479425986,0.05181666666666668,0.10575555555555555,downtrend,0,1,baissier,365,0,0,30,,,17.0,28.0,65.5,47.0,24.5,40,29.09,-5,≈ Neutre vs BTC,False,False,,0,,,,40,3,,Volume ×0.2 (épuisement),,,,,,,,,
DOGSUSDT,DOGS,Speculative,838,3.488e-05,339380.98354351,1.395,41.09169855226473,-4.548976599630288e-08,3.877220000000001e-05,3.749605e-05,0.7376616494373578,0.6118254879448909,0.6,0.24636720493141015,0.2756123746144753,3.561361111111111e-05,6.450833333333333e-05,downtrend,0,1,baissier,365,0,0,30,,,17.0,36.0,49.0,47.0,24.5,40,29.06,-5,≈ Neutre vs BTC,False,False,,0,,,,40,3,,Volume ×0.2 (épuisement),17986581,19143918,516750000000.0,550000000000.0,550000000000.0,94.0,,,
CELRUSDT,CELR,Speculative,1194,0.001584,286540.6826928,2.128,36.71263745034778,3.729778669506306e-06,0.0018400399999999998,0.0025035450000000002,0.4285526137997498,0.5272901372486435,0.49505266517714647,0.4138872933538986,0.5052230034912233,0.001644,0.0028577222222222224,downtrend,0,1,baissier,365,0,0,30,,,17.0,28.0,70.0,47.0,24.5,40,29.36,-5,≈ Neutre vs BTC,False,False,,0,,,,40,2,,Volume ×0.4 (épuisement),15845648,15845648,10000000000.0,10000000000.0,10000000000.0,100.0,13159894,$13M,-1.77
AVNTUSDT,AVNT,Speculative,650,0.0842,277891.74665,0.238,38.28039361105205,-0.00033193987330599594,0.09623,0.15227749999999993,0.6080307861463861,0.5021199273167777,0.4906117504542702,0.15118924396987324,0.5039317490555691,0.08798611111111111,0.1551111111111111,macd_bearish_cross|uptrend,1,1,mixte,321,0,0,30,,,15.8,28.0,59.5,47.0,28.4,40,28.34,-5,≈ Neutre vs BTC,False,False,,0,,,,40,5,⚠️ Surveiller,Volume ×0.2 (épuisement)|MACD cross baissier,28116024,83987908,334762756.2179222,1000000000.0,1000000000.0,33.5,21573876,$22M,-0.48
ATMUSDT,ATM,Speculative,926,1.711,259861.0054,4.329,38.215420333254144,-0.07850245030659331,2.04372,1.3252300000000006,1.3280091448982292,0.42658315935977736,0.40396659707724425,0.17105755181042792,0.09702494414799821,0.9625000000000001,2.658805555555555,downtrend,0,1,baissier,365,0,0,30,,,17.0,36.0,52.0,47.0,24.5,40,29.24,-5,≈ Neutre vs BTC,False,False,,0,,,,40,3,,Volume ×0.2 (épuisement),14723517,16685370,8824208.0,10000000.0,10000000.0,88.2,,,
DYMUSDT,DYM,Speculative,,0.01326,162761.901648,0.227,35.420195301795374,-0.00011521637853441347,0.015625200000000002,0.028047799999999973,0.5798487585554049,0.5878980891719745,0.5777070063694267,0.07913069369786775,0.33816212388833616,0.01426138888888889,0.025825000000000008,downtrend,0,1,baissier,365,0,0,30,,,17.0,28.0,65.5,47.0,24.5,40,29.09,-5,≈ Neutre vs BTC,False,False,,0,,,,40,3,,Volume ×0.1 (épuisement),,,,,,,,,
WOOUSDT,WOO,Speculative,748,0.01168,159191.388675,1.213,43.4072665193867,-0.00011510196058399996,0.0121376,0.016915600000000013,0.6992484861037361,0.4859903381642512,0.43623188405797103,0.3517279159963435,0.7162964467997123,0.011272777777777774,0.018963888888888895,macd_bearish_cross|uptrend,1,1,mixte,365,0,0,30,,,17.0,28.0,60.5,47.0,28.4,40,29.02,-5,≈ Neutre vs BTC,False,False,,0,,,,40,5,⚠️ Surveiller,Volume ×0.4 (épuisement)|MACD cross baissier,22037946,22037946,1888782088.2947378,1888782088.294737,3000000000.0,100.0,3351042,$3M,-28.32
CUSDT,C,Speculative,,0.0552,147240.89821,2.033,32.44138395531046,-8.301985929961599e-05,0.07205399999999998,0.07137599999999997,0.6735909583683116,0.49859681945743684,0.4855004677268475,0.07950911792289467,0.14328224391515262,0.060144444444444445,0.09888888888888886,macd_bearish_cross,0,1,baissier,365,0,0,30,,,17.0,27.0,62.5,47.0,28.4,40,29.02,-5,≈ Neutre vs BTC,False,False,,0,,,,40,5,⚠️ Surveiller,Volume ×0.1 (épuisement)|MACD cross baissier,,,,,,,,,
LAZIOUSDT,LAZIO,Speculative,,0.344,125904.32448,1.775,40.36722764727774,-0.00011603753279727964,0.38940000000000013,0.6400999999999997,0.7399348418739066,0.5117647058823529,0.4941176470588236,0.18459136422782302,0.5150520417391229,0.35530555555555554,0.6253333333333333,macd_bearish_cross,0,1,baissier,365,0,0,30,,,17.0,28.0,59.5,47.0,28.4,40,28.96,-5,≈ Neutre vs BTC,False,False,,0,,,,40,5,⚠️ Surveiller,Volume ×0.2 (épuisement)|MACD cross baissier,,,,,,,,,
ZROUSDT,ZRO,Mid,133,0.754,2226253.12721,5.307,38.662963229760734,-0.004616165460203971,0.8725399999999999,1.47394,0.7774869067460606,0.5181582360570688,0.5110246433203631,0.2671878955297108,0.32042123845835285,0.7855555555555556,1.4236666666666666,macd_bearish_cross,0,1,baissier,365,0,0,30,,,31.0,28.0,55.0,68.0,28.4,39,41.06,-6,≈ Neutre vs BTC,False,False,,0,,,,39,5,⚠️ Surveiller,Volume ×0.3 (épuisement)|MACD cross baissier,265971383,752791823,353313325.89,1000000000.0,1000000000.0,35.3,6811632132,$6.8B,1.24
ARKMUSDT,ARKM,Mid,344,0.0955,631632.64088,0.0,32.83824706088343,-0.000920088084981307,0.11428999999999999,0.12232500000000006,0.5467943877541913,0.38711776187378005,0.37931034482758624,0.1502227436734873,0.47915694344061865,0.10394166666666667,0.14536111111111114,downtrend,0,1,baissier,365,0,0,30,,,31.0,19.0,79.0,57.5,24.5,39,38.6,-6,≈ Neutre vs BTC,False,False,,0,,,,39,3,,Volume ×0.2 (épuisement),64564630,95370350,676988499.0,1000000000.0,1000000000.0,67.7,,,
GENIUSUSDT,GENIUS,Mid,241,0.3345,298523.58653,2.544,41.22617334445755,0.0009520059615371803,0.3725299999999999,,0.6017503382142899,0.5616721854304636,0.5389072847682119,0.009384483113226061,,0.32947857142857145,0.5931999999999998,downtrend,0,1,baissier,72,0,0,30,,,23.0,36.0,45.0,47.0,24.5,39,31.88,-6,≈ Neutre vs BTC,False,False,,0,,,,39,2,,Volume ×0.0 (épuisement),112088786,318834305,335377059.0,953973324.2879035,1000000000.0,35.2,,,
HOMEUSDT,HOME,Speculative,693,0.00596,1474270.46758,11.402,33.699154974018,0.00036271197858773335,0.015136999999999996,0.022161749999999997,2.596474608494433,0.9116626171468241,0.8962165914612982,0.8941942737294135,-0.13520732854696313,0.007108055555555556,0.03885166666666667,,0,0,neutre,365,0,0,30,,,17.0,28.0,22.0,68.0,50,39,33.2,-6,≈ Neutre vs BTC,False,False,,0,,,,39,0,,,25385245,59430343,4271428322.45,10000000000.0,10000000000.0,42.7,,,
ACTUSDT,ACT,Speculative,,0.0089,542342.404242,1.831,49.66004094972416,5.35421345892668e-05,0.0091266,0.013254699999999998,0.8093691354731417,0.5209876543209877,0.45246913580246917,0.43270642635812673,0.33153144829888326,0.008286666666666666,0.015226944444444446,double_top_90d|downtrend|doji_4h,0,2,baissier,365,0,0,30,,,17.0,37.0,59.5,57.5,0,39,30.93,-6,≈ Neutre vs BTC,False,False,,0,,,,39,4,⚠️ Surveiller,Volume ×0.4 (épuisement)|Double sommet,,,,,,,,,
PYRUSDT,PYR,Speculative,,0.073,523416.673047,2.817,30.899399487063476,-0.0002573407924421067,0.13766,0.26099999999999995,1.9731209940748082,0.7602739726027397,0.7534246575342465,0.5784306278157063,0.2797733506555416,0.09433333333333334,0.2789722222222223,,0,0,neutre,365,0,0,30,,,17.0,28.0,22.0,57.5,50,39,30.6,-6,≈ Neutre vs BTC,False,False,,0,,,,39,3,,Volume ×0.6 (épuisement),,,,,,,,,
STOUSDT,STO,Speculative,,0.0382,359026.0124,0.262,35.213984585216565,-3.533851756463155e-05,0.04472,0.07487150000000004,0.5221934273057101,0.5850111856823266,0.5727069351230425,0.22119259014335688,0.2667285966743153,0.040305555555555546,0.0815638888888889,downtrend,0,1,baissier,365,0,0,30,,,17.0,28.0,59.5,47.0,24.5,39,28.73,-6,≈ Neutre vs BTC,False,False,,0,,,,39,3,,Volume ×0.2 (épuisement),,,,,,,16359549,$16M,0.03
COOKIEUSDT,COOKIE,Speculative,,0.0078,326515.10581,2.632,39.17435788895084,-3.70342760258437e-05,0.00881,0.016132500000000008,0.8060836987639056,0.6268656716417911,0.6119402985074627,0.4291883943859868,0.35507076692884937,0.008125,0.01839444444444444,macd_bearish_cross,0,1,baissier,365,0,0,30,,,17.0,28.0,55.0,47.0,28.4,39,28.69,-6,≈ Neutre vs BTC,False,False,,0,,,,39,5,⚠️ Surveiller,Volume ×0.4 (épuisement)|MACD cross baissier,,,,,,,,,
TOWNSUSDT,TOWNS,Speculative,,0.00202,326294.63305,1.508,48.02295334251393,-8.172139790262915e-06,0.0020685999999999994,0.003373400000000001,1.2243501910694043,0.520618556701031,0.4793814432989691,0.1330650967768369,0.3309928226244236,0.001913888888888889,0.0035947222222222222,macd_bearish_cross|support_bounce|uptrend|evening_star_4h,2,2,mixte,362,0,0,30,,,16.9,37.0,49.0,47.0,8.0,39,28.15,-6,≈ Neutre vs BTC,False,False,,0,,,,39,7,🔴 Sortie,Volume ×0.1 (épuisement)|Étoile du soir 4h|MACD cross baissier,,,,,,,,,
MOVEUSDT,MOVE,Speculative,609,0.0074,323863.35488,-2.632,17.463414359065553,-0.0002606111933554545,0.010853999999999997,0.01844200000000001,0.6734683098988827,0.6459330143540669,0.6459330143540669,0.23412425162492448,0.4641421087378814,0.009644444444444443,0.018669444444444447,downtrend|doji_4h,0,1,baissier,365,0,0,30,,,17.0,10.0,55.0,47.0,24.5,39,26.3,-6,≈ Neutre vs BTC,False,False,,0,,,,39,3,,Volume ×0.2 (épuisement),31058799,74541117,4166666667.0,10000000000.0,10000000000.0,41.7,,,
TREEUSDT,TREE,Speculative,927,0.0358,296534.76131,1.705,38.389843166955416,-0.00014669532695572732,0.04166599999999999,0.062207,0.7415480802052123,0.5449804432855281,0.5345501955671447,0.17281035586100085,0.5221522817059482,0.03791944444444445,0.06948333333333334,macd_bearish_cross|doji_4h,0,1,baissier,365,0,0,30,,,17.0,28.0,55.0,47.0,28.4,39,28.69,-6,≈ Neutre vs BTC,False,False,,0,,,,39,5,⚠️ Surveiller,Volume ×0.2 (épuisement)|MACD cross baissier,16938141,16911061,113463915.6567406,113279211.01665698,200000000.0,100.2,53366241,$53M,-0.04
EDENUSDT,EDEN,Speculative,936,0.03711,265755.234731,-2.265,34.39698360709653,-0.0003866321188188992,0.04364999999999999,0.042833500000000004,0.5910269048603293,0.6964022894521668,0.6964022894521668,0.062193958267967676,0.17523665507894529,0.03835083333333334,0.07663944444444444,macd_bearish_cross|doji_4h,0,1,baissier,306,0,0,30,,,15.4,27.0,59.5,47.0,28.4,39,28.01,-6,≈ Neutre vs BTC,False,False,,0,,,,39,5,⚠️ Surveiller,Volume ×0.1 (épuisement)|MACD cross baissier,37077098,37077098,1000000000.0,1000000000.0,1000000000.0,100.0,,,
USUALUSDT,USUAL,Speculative,971,0.00778,252711.12482,0.258,36.272185909393684,-6.225541497953955e-05,0.0090534,0.0138442,0.638352956993359,0.5606936416184971,0.5514450867052023,0.3760989981482869,0.6392454756254672,0.008339444444444444,0.015555000000000001,macd_bearish_cross|doji_4h,0,1,baissier,365,0,0,30,,,17.0,28.0,55.0,47.0,28.4,39,28.69,-6,≈ Neutre vs BTC,False,False,,0,,,,39,5,⚠️ Surveiller,Volume ×0.4 (épuisement)|MACD cross baissier,14419238,14737934,1858355554.371447,1899429255.12711,3000000000.0,97.8,94709370,$95M,0.02
RESOLVUSDT,RESOLV,Speculative,,0.01587,214754.492066,1.666,34.26425249198168,-0.0003629947473785611,0.019523200000000004,0.0437718,1.0256983278772194,0.5882352941176472,0.5574229691876751,0.10568063293557388,0.2853487007993717,0.016388888888888883,0.031930555555555545,,0,0,neutre,365,0,0,30,,,17.0,19.0,38.5,47.0,50,39,27.92,-6,≈ Neutre vs BTC,False,False,,0,,,,39,3,,Volume ×0.1 (épuisement),,,,,,,6398925,$6M,-36.07
SHELLUSDT,SHELL,Speculative,,0.0185,214740.031,-0.538,36.81666922681513,-9.847120957257429e-05,0.021768000000000006,0.030639999999999987,0.6457983208856639,0.5647921760391198,0.5501222493887531,0.2868976386188329,0.5184940344650828,0.019625,0.03796944444444444,macd_bearish_cross|doji_4h,0,1,baissier,365,0,0,30,,,17.0,28.0,55.0,47.0,28.4,39,28.69,-6,≈ Neutre vs BTC,False,False,,0,,,,39,5,⚠️ Surveiller,Volume ×0.3 (épuisement)|MACD cross baissier,,,,,,,,,
HAEDALUSDT,HAEDAL,Speculative,,0.01523,163152.255509,2.009,43.780816168664444,2.185095774352903e-05,0.016509000000000006,0.026739749999999982,0.6707101446485689,0.626399375162718,0.603749023691747,0.2985812173607423,0.46205515549666526,0.015304166666666667,0.03309416666666667,support_bounce|downtrend,1,1,mixte,365,0,0,30,,,17.0,28.0,55.0,47.0,26.7,39,28.59,-6,≈ Neutre vs BTC,False,False,,0,,,,39,2,,Volume ×0.3 (épuisement),,,,,,,24682410,$25M,-4.85
CETUSUSDT,CETUS,Speculative,875,0.01764,127546.487418,1.554,44.02123565237358,-9.001349307388208e-05,0.018164000000000003,0.020925399999999997,0.4916906068034278,0.5556149732620321,0.5286096256684493,0.16932899433770254,0.5856935634041764,0.01721055555555555,0.029976944444444445,double_top_90d|uptrend|doji_4h,1,1,mixte,365,0,0,30,,,17.0,28.0,65.5,47.0,20.8,39,28.87,-6,≈ Neutre vs BTC,False,False,,0,,,,39,5,⚠️ Surveiller,Volume ×0.2 (épuisement)|Double sommet,16841404,17606923,956521739.0,1000000000.0,1000000000.0,95.7,24733471,$25M,
AUDIOUSDT,AUDIO,Speculative,846,0.01231,127082.033164,0.902,33.16783115446373,-6.532264983799178e-05,0.013625600000000002,0.018869700000000007,0.33604471276860925,0.43372365339578456,0.4229508196721312,0.1640832228767616,0.7457395017492549,0.012907499999999999,0.02071777777777778,macd_bearish_cross,0,1,baissier,365,0,0,30,,,17.0,19.0,71.0,47.0,28.4,39,28.57,-6,≈ Neutre vs BTC,False,False,,0,,,,39,5,⚠️ Surveiller,Volume ×0.2 (épuisement)|MACD cross baissier,17714387,17714387,1443971393.0,1443971393.457991,,100.0,,,
CHIPUSDT,CHIP,Mid,413,0.0253,992227.36974,4.072,33.96176692340116,-0.000362168363414,0.031117800000000004,,0.7123242779646131,0.6631244824730885,0.6509798509522495,0.09495734743564292,0.2711686874064812,0.02798861111111111,0.05837555555555555,evening_star_4h,0,1,baissier,103,0,0,30,,,23.8,27.0,49.0,57.5,27.5,38,34.25,-7,≈ Neutre vs BTC,False,False,,0,,,,38,5,⚠️ Surveiller,Volume ×0.1 (épuisement)|Étoile du soir 4h,50472882,252364408,2000000000.0,10000000000.0,10000000000.0,20.0,161111470,$161M,2.01
STRKUSDT,STRK,Mid,174,0.02539,780831.3551725,0.435,32.94223012974163,-0.00032919858608305486,0.030456399999999998,0.0409441,0.5685124340918645,0.5474153297682709,0.5474153297682709,0.146038785441992,0.42785521218892913,0.027977777777777775,0.046166666666666675,macd_bearish_cross,0,1,baissier,365,0,0,30,,,31.0,19.0,65.5,57.5,28.4,38,38.02,-7,≈ Neutre vs BTC,False,False,,0,,,,38,5,⚠️ Surveiller,Volume ×0.1 (épuisement)|MACD cross baissier,172720268,253543723,6812247869.348971,10000000000.0,10000000000.0,68.1,151936572,$152M,-7.82
BANANAS31USDT,BANANAS31,Mid,320,0.007196,579084.089905,0.855,45.63559217067262,8.198054221223285e-05,0.008185999999999999,0.008444409999999996,0.8905430536507297,0.5236220472440946,0.49346175478065246,0.11867699962217727,0.18111157515876236,0.007030333333333336,0.012658666666666669,death_cross|downtrend,0,2,baissier,365,0,0,30,,,31.0,37.0,53.5,57.5,1.3,38,37.83,-7,≈ Neutre vs BTC,False,False,,0,,,,38,2,,Volume ×0.1 (épuisement),72091195,72091195,10000000000.0,10000000000.0,10000000000.0,100.0,,,
LPTUSDT,LPT,Mid,347,1.284,516649.26783,1.663,33.63875999410391,-0.010711888364437261,1.559340000000001,2.1136500000000003,0.6154441176788624,0.4723618090452261,0.46231155778894467,0.34725260750623943,0.5539551153962687,1.4150833333333332,2.266027777777778,macd_bearish_cross,0,1,baissier,365,0,0,30,,,31.0,19.0,68.5,57.5,28.4,38,38.2,-7,≈ Neutre vs BTC,False,False,,0,,,,38,5,⚠️ Surveiller,Volume ×0.3 (épuisement)|MACD cross baissier,63741186,63741186,49688954.55,49688954.55,,100.0,,,
SAGAUSDT,SAGA,Speculative,,0.01249,824875.990634,2.968,46.14514935312907,-2.634766665561e-05,0.0131438,0.025020450000000014,0.7329989114469044,0.7284034373586613,0.7180009045680688,0.10016217793868397,0.1801686298219305,0.012292222222222222,0.024332222222222224,macd_bearish_cross|downtrend,0,2,baissier,365,0,0,30,,,17.0,37.0,49.0,57.5,2.9,38,30.48,-7,≈ Neutre vs BTC,False,False,,0,,,,38,5,⚠️ Surveiller,Volume ×0.1 (épuisement)|MACD cross baissier,,,,,,,,,
SAHARAUSDT,SAHARA,Speculative,654,0.00786,769691.88513,1.682,23.83192603279572,0.00012992552453148132,0.010679599999999997,0.02125029999999999,0.46975316188504596,0.827844651374063,0.821939586645469,0.2649709091810561,0.17454209859147388,0.008681111111111113,0.03800944444444445,downtrend|doji_4h,0,1,baissier,365,0,0,30,,,17.0,10.0,53.5,57.5,24.5,38,28.8,-7,≈ Neutre vs BTC,False,False,,0,,,,38,2,,Volume ×0.3 (épuisement),28025802,78382432,3575520834.0,10000000000.0,10000000000.0,35.8,,,
GUNUSDT,GUN,Speculative,,0.00301,352277.86526,-0.66,23.332462532439564,1.2742703797224107e-06,0.004342000000000001,0.015410649999999993,0.6598746982031334,0.8148379052369077,0.8123441396508728,0.24895389088012296,0.468042587719028,0.003503611111111111,0.014490833333333335,downtrend,0,1,baissier,365,0,0,30,,,17.0,10.0,49.0,47.0,24.5,38,25.94,-7,≈ Neutre vs BTC,False,False,,0,,,,38,2,,Volume ×0.2 (épuisement),,,,,,,,,
NOMUSDT,NOM,Speculative,,0.00144,337165.70188,1.408,44.037668964955344,-3.3897550623822515e-06,0.0015712000000000005,0.003536899999999999,1.2238660463563804,0.50187265917603,0.4569288389513109,0.18622790304040485,0.3843081720289018,0.0014297222222222226,0.0025275,macd_bearish_cross,0,1,baissier,305,0,0,30,,,15.4,28.0,49.0,47.0,28.4,38,27.49,-7,≈ Neutre vs BTC,False,False,,0,,,,38,5,⚠️ Surveiller,Volume ×0.2 (épuisement)|MACD cross baissier,,,,,,,,,
WCTUSDT,WCT,Speculative,,0.03661,261954.094184,2.091,31.19606939608269,-0.0004136381008868386,0.04303240000000001,0.056864649999999975,0.42570501485783596,0.5134163208852005,0.4941908713692946,0.2387697081600001,0.46020768691568287,0.039586666666666666,0.06668527777777777,downtrend,0,1,baissier,365,0,0,30,,,17.0,19.0,70.0,47.0,24.5,38,28.28,-7,≈ Neutre vs BTC,False,False,,0,,,,38,3,,Volume ×0.2 (épuisement),,,,,,,,,
SOPHUSDT,SOPH,Speculative,912,0.00405,149403.78343,0.248,31.335068308539192,-2.5549331478631418e-05,0.004822000000000002,0.007976949999999997,0.46377552084682205,0.6016260162601627,0.5904471544715447,0.2109811650600781,0.6770339701868682,0.004378333333333334,0.008745,macd_bearish_cross,0,1,baissier,365,0,0,30,,,17.0,19.0,65.5,47.0,28.4,38,28.24,-7,≈ Neutre vs BTC,False,False,,0,,,,38,5,⚠️ Surveiller,Volume ×0.2 (épuisement)|MACD cross baissier,15704239,40230370,3903578154.0,10000000000.0,10000000000.0,39.0,,,
IOSTUSDT,IOST,Speculative,766,0.000608,118313.556052,1.165,29.515029576755254,-9.67948297084737e-07,0.0007044600000000001,0.0010509950000000003,0.3241497886935944,0.5188452285485166,0.5116279069767442,0.4517841885225573,0.6251977426894681,0.0006478888888888889,0.0011247777777777775,macd_bearish_cross|downtrend,0,2,baissier,365,0,0,30,,,17.0,19.0,65.5,47.0,2.9,38,26.71,-7,≈ Neutre vs BTC,False,False,,0,,,,38,5,⚠️ Surveiller,Volume ×0.5 (épuisement)|MACD cross baissier,21089808,21089808,34761723387.0,34761723387.0,90000000000.0,100.0,,,
ETCUSDT,ETC,Etabli,65,6.66,836763.3581,0.15,42.68781139861502,-0.010836518922779231,7.0368,8.4208,0.39873344251326637,0.34268537074148303,0.33266533066132264,0.22184009989759432,0.6846856372790355,6.733055555555558,9.309444444444445,macd_bearish_cross|downtrend|doji_4h,0,2,baissier,365,0,0,30,,,45.0,28.0,79.0,57.5,2.9,37,45.56,-8,🔴 Sous-performe BTC,False,False,,0,,,,37,5,⚠️ Surveiller,Volume ×0.2 (épuisement)|MACD cross baissier,1049909040,1049909040,157702164.5629369,157702633.3102267,210700000.0,100.0,,,
ALLOUSDT,ALLO,Mid,335,0.2822,2552888.58577,2.246,37.9358218834629,-0.02300920648666095,0.3773479999999999,0.185386,2.0745692582186295,0.4822938085446653,0.456021650879567,0.18237878275955685,-0.08880164851516693,0.08841111111111111,0.46900555555555556,double_top_90d|uptrend,1,1,mixte,264,0,0,30,,,28.2,36.0,41.5,68.0,20.8,37,39.34,-8,🔴 Sous-performe BTC,False,False,,0,,,,37,5,⚠️ Surveiller,Volume ×0.2 (épuisement)|Double sommet,67718809,222056722,240226252.2827841,787726051.6726222,1000000000.0,30.5,,,
FLOKIUSDT,FLOKI,Mid,162,2.053e-05,805424.57049665,0.244,40.12749400692155,-1.1685537772641621e-08,2.2770199999999998e-05,2.9404100000000012e-05,0.5705560291247178,0.4552758435993573,0.45018746652383496,0.27236368616132905,0.6055014710253763,2.1039166666666663e-05,3.361166666666666e-05,macd_bearish_cross|downtrend,0,2,baissier,365,0,0,30,,,31.0,28.0,79.0,57.5,2.9,37,38.38,-8,🔴 Sous-performe BTC,False,False,,0,,,,37,5,⚠️ Surveiller,Volume ×0.3 (épuisement)|MACD cross baissier,197671717,409842381,9646231163078.3,9646231163078.3,20000000000000.0,100.0,10209958,$10M,10.46
WUSDT,W,Mid,415,0.00807,427787.87822,-0.124,32.19055987239422,-8.708587920526348e-05,0.009591999999999998,0.015284199999999994,0.4460389806271468,0.5109090909090909,0.5109090909090909,0.068554075726891,0.42552536650716494,0.008787499999999998,0.014183333333333334,downtrend|doji_4h,0,1,baissier,365,0,0,30,,,31.0,19.0,65.5,47.0,24.5,37,35.19,-8,🔴 Sous-performe BTC,False,False,,0,,,,37,3,,Volume ×0.1 (épuisement),50322325,80609848,6242701844.0,10000000000.0,10000000000.0,62.4,1470402373,$1.5B,-8.75
IOTAUSDT,IOTA,Mid,195,0.0325,407281.8864,2.201,34.26481421463204,-8.954474427447321e-05,0.038382,0.057362500000000004,0.5223570801091255,0.5122324159021407,0.5045871559633027,0.1325024917910257,0.6330998568103777,0.03426666666666667,0.06131944444444445,downtrend,0,1,baissier,365,0,0,30,,,31.0,19.0,65.5,47.0,24.5,37,35.19,-8,🔴 Sous-performe BTC,False,False,,0,,,,37,3,,Volume ×0.1 (épuisement),148046410,160486078,4563887163.0,4947369904.0,,92.2,,,
CKBUSDT,CKB,Mid,491,0.000822,158902.893443,0.489,33.07770938386814,-3.5654034321582083e-06,0.0009435000000000003,0.0014406399999999993,0.437404479698939,0.529243119266055,0.5286697247706422,0.3656749014908167,0.7120789821424396,0.0008700555555555557,0.0015623333333333333,macd_bearish_cross|doji_4h,0,1,baissier,365,0,0,30,,,31.0,19.0,57.5,47.0,28.4,37,34.94,-8,🔴 Sous-performe BTC,False,False,,0,,,,37,5,⚠️ Surveiller,Volume ×0.4 (épuisement)|MACD cross baissier,40408087,41095039,49240974349.65697,50078089418.63186,,98.3,,,
ACEUSDT,ACE,Speculative,,0.065,1080854.70694,-0.459,42.7891903358362,-0.00230868478841961,0.07786200000000001,0.129692,2.20642208869631,0.5556338028169013,0.5415492957746478,0.7925289710674909,0.1916318891907165,0.06990833333333336,0.13130833333333336,macd_bearish_cross,0,1,baissier,365,0,0,30,,,17.0,37.0,28.0,68.0,28.4,37,33.34,-8,🔴 Sous-performe BTC,False,False,,0,,,,37,3,,MACD cross baissier,,,,,,,,,
LAUSDT,LA,Speculative,,0.0511,785187.54463,-1.541,40.75135947735026,-0.00044000731925924975,0.06287200000000001,0.15701800000000013,1.4204915455602842,0.6695250659630607,0.662269129287599,0.4554820384550821,0.41994460345580686,0.054825,0.13632222222222226,macd_bearish_cross|doji_4h,0,1,baissier,365,0,0,30,,,17.0,28.0,44.5,57.5,28.4,37,30.66,-8,🔴 Sous-performe BTC,False,False,,0,,,,37,5,⚠️ Surveiller,Volume ×0.5 (épuisement)|MACD cross baissier,,,,,,,,,
MITOUSDT,MITO,Speculative,,0.02185,358717.48467,-1.354,44.47720894458882,-2.390212499996092e-05,0.023089400000000003,0.03829700000000004,0.827188521378889,0.7753729518219614,0.7330643189043776,0.14576134315933104,0.21610635087441066,0.02051416666666667,0.056255000000000006,macd_bearish_cross,0,1,baissier,338,0,0,30,,,16.3,28.0,43.0,47.0,28.4,37,27.59,-8,🔴 Sous-performe BTC,False,False,,0,,,,37,5,⚠️ Surveiller,Volume ×0.1 (épuisement)|MACD cross baissier,,,,,,,1184419,$1M,2.88
PSGUSDT,PSG,Speculative,,0.488,187457.67083,0.205,32.574367273595925,-0.0018285183394609675,0.5284599999999999,0.7353749999999998,0.2971280081849683,0.5935098206660974,0.5841161400512382,0.11623734157631734,0.29466412069359466,0.5091944444444444,1.089972222222222,macd_bearish_cross|doji_4h,0,1,baissier,365,0,0,30,,,17.0,19.0,59.5,47.0,28.4,37,27.88,-8,🔴 Sous-performe BTC,False,False,,0,,,,37,5,⚠️ Surveiller,Volume ×0.1 (épuisement)|MACD cross baissier,,,,,,,,,
KERNELUSDT,KERNEL,Speculative,,0.0325,136106.77159,0.932,33.86730791578252,9.671752414348606e-05,0.039956,0.06456799999999999,0.5114598659480408,0.541727672035139,0.5241581259150805,0.25410516258207705,0.47829918103640656,0.03446666666666667,0.06548611111111113,downtrend,0,1,baissier,365,0,0,30,,,17.0,19.0,65.5,47.0,24.5,37,28.01,-8,🔴 Sous-performe BTC,False,False,,0,,,,37,2,,Volume ×0.3 (épuisement),,,,,,,881450891,$881M,-1.3
DOLOUSDT,DOLO,Speculative,,0.02127,60384.21035,1.673,44.39298778489314,-2.927692419471507e-05,0.022990400000000008,0.032422099999999995,0.5332300412150178,0.4691325866110967,0.44647043500911693,0.09231955664842997,0.46981135146792874,0.021513611111111105,0.03435333333333333,macd_bearish_cross|downtrend,0,2,baissier,340,0,0,30,,,16.3,28.0,79.0,47.0,2.9,37,28.25,-8,🔴 Sous-performe BTC,False,False,,0,,,,37,5,⚠️ Surveiller,Volume ×0.1 (épuisement)|MACD cross baissier,,,,,,,240917521,$241M,-1.56
AVAXUSDT,AVAX,Etabli,33,6.374,4842511.71154,-1.453,44.326381988527984,-0.0053968329485439975,6.55916,8.751664999999997,0.5078453970077236,0.42365591397849467,0.37761485826001956,0.10247004476977473,0.6466309974421918,6.238333333333332,9.65791666666667,macd_bearish_cross|double_top_90d|downtrend,0,3,baissier,365,0,0,30,,,45.0,28.0,79.0,68.0,0,36,47.98,-9,🔴 Sous-performe BTC,False,False,,0,,,,36,7,🔴 Sortie,Volume ×0.1 (épuisement)|Double sommet|MACD cross baissier,2745548776,2946926046,431771961.1772119,463441061.1772119,720000000.0,93.2,118547627,$119M,0.03
JTOUSDT,JTO,Mid,136,0.5063,1536064.0719,-0.648,35.37417348162019,-0.00801259893360197,0.6541079999999998,0.4349335000000001,0.9502230794115919,0.3914841849148418,0.3834549878345498,0.08560449294186222,0.09327187726527446,0.45460833333333345,0.768313888888889,double_top_90d|downtrend,0,2,baissier,365,0,0,30,,,31.0,36.0,62.5,68.0,0,36,40.77,-9,🔴 Sous-performe BTC,False,False,,0,,,,36,5,⚠️ Surveiller,Volume ×0.1 (épuisement)|Double sommet,255285386,505581243,504934447.7,1000000000.0,,50.5,724907084,$725M,-2.44
SPKUSDT,SPK,Mid,434,0.016242,993100.480044,2.648,41.384982717152695,-2.746467982131962e-05,0.017472520000000002,0.02281364999999999,0.4623143508733568,0.5897362235570645,0.5756855575868373,0.22343527005548627,0.3605741152326296,0.01653288888888889,0.03398402777777779,macd_bearish_cross|support_bounce|downtrend|bullish_engulfing_4h,2,2,mixte,365,0,0,30,,,31.0,28.0,65.5,57.5,9.1,36,37.94,-9,🔴 Sous-performe BTC,False,False,,0,,,,36,5,⚠️ Surveiller,Volume ×0.2 (épuisement)|MACD cross baissier,48828894,162199200,3010427538.4037294,10000000000.0,10000000000.0,30.1,3669927116,$3.7B,-0.45
BERAUSDT,BERA,Mid,443,0.1549,706529.3786618,1.176,29.68286146320628,-0.001338346070148183,0.20223400000000002,0.41715849999999977,0.6649657810972313,0.6390361445783133,0.6269879518072289,0.14456010023727428,0.6035283547532695,0.17574444444444445,0.39419444444444446,macd_bearish_cross|downtrend,0,2,baissier,365,0,0,30,,,31.0,19.0,55.0,57.5,2.9,36,35.86,-9,🔴 Sous-performe BTC,False,False,,0,,,,36,5,⚠️ Surveiller,Volume ×0.1 (épuisement)|MACD cross baissier,46618120,85631788,301541695.0183548,553897104.9560049,,54.4,,,
YBUSDT,YB,Speculative,896,0.0656,429634.35984,1.391,40.27463456072083,-0.0008516090943054486,0.07487399999999998,0.1292205,1.0013581251565378,0.5156369183829138,0.49961861174675815,0.2906744982943463,0.37935429205777693,0.06826388888888887,0.12328055555555559,double_top_90d|uptrend,1,1,mixte,291,0,0,30,,,15.0,28.0,49.0,47.0,20.8,36,26.84,-9,🔴 Sous-performe BTC,False,False,,0,,,,36,5,⚠️ Surveiller,Volume ×0.3 (épuisement)|Double sommet,16097369,48805206,245627187.33788127,744710848.3341057,1000000000.0,33.0,130237730,$130M,-0.7
LAYERUSDT,LAYER,Speculative,,0.0623,292444.234487,-0.796,43.51868284630634,-0.00015004738869282244,0.06592799999999999,0.08561150000000001,0.3885892180914869,0.5225806451612903,0.4975806451612903,0.13479280626317033,0.50433455617565,0.0626222222222222,0.10093888888888888,macd_bearish_cross|support_bounce|downtrend,1,2,baissier,365,0,0,30,,,17.0,28.0,70.0,47.0,5.0,36,28.19,-9,🔴 Sous-performe BTC,False,False,,0,,,,36,5,⚠️ Surveiller,Volume ×0.1 (épuisement)|MACD cross baissier,,,,,,,9245524,$9M,-11.43
CYBERUSDT,CYBER,Speculative,756,0.307,220084.18973,1.656,36.999888733774334,-0.0016880781630846612,0.34352,0.49418999999999963,0.4896488044490284,0.4896907216494845,0.4725085910652921,0.15380649381238212,0.6444236847934485,0.3208333333333334,0.5361666666666666,double_top_90d|downtrend,0,2,baissier,365,0,0,30,,,17.0,28.0,79.0,47.0,0,36,28.43,-9,🔴 Sous-performe BTC,False,False,,0,,,,36,5,⚠️ Surveiller,Volume ×0.2 (épuisement)|Double sommet,17712645,30616905,57852500.873333335,100000000.0,100000000.0,57.9,,,
FETUSDT,FET,Mid,118,0.142,4175141.00292,-0.281,36.1022596910171,-0.0003178568394139082,0.169338,0.19770850000000004,0.5434016663140432,0.5064469914040114,0.4917621776504298,0.13995499845076081,0.4849889205653453,0.15126388888888884,0.24364166666666667,macd_bearish_cross|downtrend,0,2,baissier,365,0,0,30,,,31.0,28.0,70.0,68.0,2.9,35,40.43,-10,🔴 Sous-performe BTC,False,False,,0,,,,35,5,⚠️ Surveiller,Volume ×0.1 (épuisement)|MACD cross baissier,317441996,384611201,2240339456.7615094,2714384546.672,2714384546.672,82.5,,,
KITEUSDT,KITE,Mid,150,0.0946,1955050.27471,2.16,33.46443392757162,-0.0005395793724711877,0.129168,0.16854299999999994,0.8610914213228559,0.60997920997921,0.6070686070686071,0.30322180047295705,0.27498005327576386,0.10425833333333331,0.21547777777777777,macd_bearish_cross,0,1,baissier,272,0,0,30,,,28.5,19.0,49.0,68.0,28.4,35,38.31,-10,🔴 Sous-performe BTC,False,False,,0,,,,35,5,⚠️ Surveiller,Volume ×0.3 (épuisement)|MACD cross baissier,226901545,948903995,2391196012.0,10000000000.0,10000000000.0,23.9,,,
OPNUSDT,OPN,Speculative,,0.0468,860180.27695,-2.296,33.36350850231666,-0.0009037331526531361,0.064292,,1.1832932399279232,0.8230769230769232,0.8196153846153846,0.21609646301238128,0.013702319977712778,0.05631666666666667,0.2018138888888889,macd_bearish_cross,0,1,baissier,150,0,0,30,,,11.1,27.0,32.5,57.5,28.4,35,26.79,-10,🔴 Sous-performe BTC,False,False,,0,,,,35,5,⚠️ Surveiller,Volume ×0.2 (épuisement)|MACD cross baissier,,,,,,,3658392,$4M,-4.18
JOEUSDT,JOE,Speculative,,0.0241,442030.907112,2.553,34.835688350051626,-0.00029417336946741283,0.028446,0.03935,0.5831282824214338,0.5572519083969466,0.5419847328244275,0.5337242042206148,0.6200625555361015,0.026258333333333328,0.04709722222222221,macd_bearish_cross|downtrend,0,2,baissier,365,0,0,30,,,17.0,28.0,65.5,47.0,2.9,35,27.79,-10,🔴 Sous-performe BTC,False,False,,0,,,,35,5,⚠️ Surveiller,Volume ×0.5 (épuisement)|MACD cross baissier,,,,,,,8731946,$9M,-0.92
0GUSDT,0G,Speculative,617,0.143,425435.68017,-4.027,29.10792343672864,-0.0006622832946717241,0.20934000000000005,0.48399499999999995,0.8931163431974136,0.75,0.7482517482517482,0.25621405891499055,0.516839821752821,0.17033333333333334,0.5337777777777777,macd_bearish_cross|downtrend|doji_4h,0,2,baissier,314,0,0,30,,,15.6,19.0,49.0,47.0,2.9,35,25.0,-10,🔴 Sous-performe BTC,False,False,,0,,,,35,5,⚠️ Surveiller,Volume ×0.3 (épuisement)|MACD cross baissier,30532614,143211324,213199722.0,1000000000.0,,21.3,,,
AIXBTUSDT,AIXBT,Speculative,869,0.01718,333927.232683,1.657,39.17787965865856,-1.4810382378325593e-05,0.0195986,0.02467345,0.5848533351845044,0.5367688022284123,0.5211699164345404,0.1812533552196951,0.5154131077994712,0.017786111111111114,0.03344166666666667,macd_bearish_cross|downtrend|morning_star_4h,1,2,baissier,365,0,0,30,,,17.0,28.0,65.5,47.0,2.9,35,27.79,-10,🔴 Sous-performe BTC,False,False,,0,,,,35,5,⚠️ Surveiller,Volume ×0.2 (épuisement)|MACD cross baissier,17154747,17154747,1000000000.0,1000000000.0,1000000000.0,100.0,,,
SPELLUSDT,SPELL,Speculative,,7.8e-05,189874.9080556,1.695,33.37681313865201,4.0361068497249043e-07,9.650999999999998e-05,0.00015754599999999994,0.9014410751021261,0.5819761129207384,0.5754614549402823,0.238247655635262,0.3977941328633929,8.244722222222222e-05,0.00017011111111111106,downtrend,0,1,baissier,365,0,0,30,,,17.0,19.0,55.0,47.0,24.5,35,27.38,-10,🔴 Sous-performe BTC,False,False,,0,,,,35,2,,Volume ×0.2 (épuisement),,,,,,,4096870,$4M,-1.0
XVGUSDT,XVG,Speculative,584,0.001966,114331.120356,3.094,39.01616777940052,-7.445280427163743e-06,0.00223586,0.004094754999999997,0.5093267569631058,0.5079447772857515,0.48762698619432143,0.2662524763930414,0.5965655341096959,0.002042638888888889,0.0036046666666666666,macd_bearish_cross|downtrend,0,2,baissier,365,0,0,30,,,17.0,28.0,70.0,47.0,2.9,35,28.06,-10,🔴 Sous-performe BTC,False,False,,0,,,,35,5,⚠️ Surveiller,Volume ×0.3 (épuisement)|MACD cross baissier,32482060,32547034,16521951234.841335,16555000000.0,,99.8,,,
ANIMEUSDT,ANIME,Speculative,,0.00247,87277.392336,1.23,36.77242939538043,-1.6056782743923927e-05,0.0027308000000000002,0.004382299999999999,0.5230717964405295,0.5329457364341086,0.5213178294573643,0.22060707159848256,0.6539089379842625,0.002565277777777778,0.004744166666666666,macd_bearish_cross|downtrend,0,2,baissier,365,0,0,30,,,17.0,28.0,65.5,47.0,2.9,35,27.79,-10,🔴 Sous-performe BTC,False,False,,0,,,,35,5,⚠️ Surveiller,Volume ×0.2 (épuisement)|MACD cross baissier,,,,,,,,,
TRUMPUSDT,TRUMP,Mid,114,1.432,3503813.668629,-1.581,32.82495321721318,-0.00877844799287867,1.6745599999999998,2.7329199999999996,0.46772571060949103,0.4294330518697226,0.4250100522718135,0.16674277256229078,0.4098046296329687,1.5235555555555558,2.3294722222222224,macd_bearish_cross|downtrend|doji_4h,0,2,baissier,365,0,0,30,,,31.0,19.0,79.0,68.0,2.9,34,39.89,-11,🔴 Sous-performe BTC,False,False,,0,,,,34,5,⚠️ Surveiller,Volume ×0.2 (épuisement)|MACD cross baissier,354588825,1428347160,248251149.93147004,1000000000.0,1000000000.0,24.8,,,
LUMIAUSDT,LUMIA,Speculative,1112,0.0761,720578.825302,3.82,43.76869408167743,0.0018426018222412223,0.09976200000000002,0.09323249999999998,1.9449245388236716,0.5482993197278911,0.48163265306122444,0.5732754181385228,0.2400203349384232,0.07108333333333333,0.13368333333333332,macd_bullish_cross|double_top_90d|downtrend,1,2,baissier,365,0,0,30,,,17.0,45.0,32.5,57.5,0,34,30.27,-11,🔴 Sous-performe BTC,False,False,,0,,,,34,4,⚠️ Surveiller,Volume ×0.6 (épuisement)|Double sommet,18161609,18161609,238888888.0,238888888.0,238888888.0,100.0,,,
SCRTUSDT,SCRT,Speculative,,0.0327,210205.6751,9.732,31.452057905990742,-0.00037482064318171675,0.046258,0.08256600000000003,1.211679375097717,0.7379067722075638,0.7159190853122251,1.3930053694238305,0.44107244443034715,0.03727499999999999,0.09982777777777779,macd_bearish_cross|downtrend,0,2,baissier,365,0,0,30,,,17.0,37.0,44.5,47.0,2.9,34,27.61,-11,🔴 Sous-performe BTC,False,False,,0,,,,34,3,,MACD cross baissier,,,,,,,,,
BARDUSDT,BARD,Speculative,507,0.1142,500913.93793,1.783,37.10405291193896,-0.00023412334574338285,0.134002,0.43718650000000026,0.6386358839386478,0.6190638879398702,0.611206012982576,0.3944914321709171,0.551327803829017,0.12078055555555557,0.2637361111111111,macd_bearish_cross|downtrend|doji_4h,0,2,baissier,318,0,0,30,,,15.7,28.0,55.0,57.5,2.9,33,29.09,-12,🔴 Sous-performe BTC,False,False,,0,,,,33,5,⚠️ Surveiller,Volume ×0.4 (épuisement)|MACD cross baissier,39080763,113896578,343125000.0,1000000000.0,1000000000.0,34.3,588326660,$588M,-0.27
PIXELUSDT,PIXEL,Speculative,,0.00405,434596.107041,3.316,36.4898242217182,-2.4106676130091398e-05,0.0048424,0.006660400000000003,0.6812799610363577,0.5612472160356348,0.5489977728285078,0.22295945837447048,0.5329844670494935,0.004380555555555556,0.00799222222222222,macd_bearish_cross|downtrend,0,2,baissier,365,0,0,30,,,17.0,28.0,55.0,47.0,2.9,33,27.16,-12,🔴 Sous-performe BTC,False,False,,0,,,,33,5,⚠️ Surveiller,Volume ×0.2 (épuisement)|MACD cross baissier,,,,,,,,,
ARKUSDT,ARK,Speculative,815,0.095,38076.3577,0.105,32.98308060651175,-0.0005370461122903851,0.107688,0.16325999999999993,0.3790124905352549,0.5095137420718816,0.4984143763213531,0.24307948200071283,0.6192595909496691,0.10062777777777777,0.1756027777777778,macd_bearish_cross|downtrend,0,2,baissier,365,0,0,30,,,17.0,19.0,70.0,47.0,2.9,33,26.98,-12,🔴 Sous-performe BTC,False,False,,0,,,,33,5,⚠️ Surveiller,Volume ×0.2 (épuisement)|MACD cross baissier,18752557,18752598,198205040.0,198205762.0,,100.0,,,
GALAUSDT,GALA,Mid,276,0.001803,919676.050232,1.749,30.48495468127635,-4.877711818738543e-06,0.0022210799999999994,0.0033698199999999973,0.5622032519771422,0.5742788461538462,0.5663461538461538,0.18965367090159976,0.5664457176346342,0.0019478055555555553,0.0036602777777777784,macd_bearish_cross|downtrend,0,2,baissier,365,0,0,30,,,31.0,19.0,65.5,57.5,2.9,32,36.49,-13,🔴 Sous-performe BTC,False,False,,0,,,,32,5,⚠️ Surveiller,Volume ×0.2 (épuisement)|MACD cross baissier,88480460,88480508,49139877448.355156,49139897260.46355,50000000000.0,100.0,,,
WALUSDT,WAL,Mid,342,0.026,201661.61183,-0.383,33.35306087252674,-0.0001283493844990097,0.03138999999999999,0.06723150000000003,0.5813508525438613,0.7124856815578465,0.7021764032073311,0.21952836913254312,0.6086453388218203,0.02838888888888889,0.07703055555555555,macd_bearish_cross|downtrend,0,2,baissier,296,0,0,30,,,29.1,19.0,65.5,47.0,2.9,32,32.92,-13,🔴 Sous-performe BTC,False,False,,0,,,,32,5,⚠️ Surveiller,Volume ×0.2 (épuisement)|MACD cross baissier,65104362,129679200,2510208333.0,5000000000.0,5000000000.0,50.2,3359075,$3M,-0.41
CATIUSDT,CATI,Speculative,861,0.03827,572491.915394,9.531,43.25938652146339,0.0004456026272616964,0.048195800000000004,0.04911944999999998,0.9605107242524632,0.5380952380952381,0.4676470588235294,0.30968414362262336,0.28855545967931323,0.03735972222222222,0.06489527777777777,death_cross|downtrend|doji_4h,0,2,baissier,365,0,0,30,,,17.0,28.0,53.5,57.5,1.3,32,29.57,-13,🔴 Sous-performe BTC,False,False,,0,,,,32,2,,Volume ×0.3 (épuisement),37981989,37981989,1000000000.0,1000000000.0,1000000000.0,100.0,,,
NEWTUSDT,NEWT,Speculative,,0.0403,207124.30631,1.256,30.537712419539588,-0.00026469412963215505,0.04756400000000003,0.06764900000000001,0.49682099758371157,0.5357561547479484,0.5275498241500586,0.10504150467880345,0.6169189256182805,0.04351111111111111,0.07955,macd_bearish_cross|downtrend,0,2,baissier,365,0,0,30,,,17.0,19.0,65.5,47.0,2.9,32,26.71,-13,🔴 Sous-performe BTC,False,False,,0,,,,32,5,⚠️ Surveiller,Volume ×0.1 (épuisement)|MACD cross baissier,,,,,,,,,
XAIUSDT,XAI,Speculative,,0.00609,194653.892442,1.669,32.12017133620935,-6.38354311501414e-05,0.007151399999999998,0.009855800000000003,0.5141081599766852,0.5427251732101617,0.5327174749807544,0.19198069660310774,0.5626988721907972,0.006619722222222225,0.01141611111111111,macd_bearish_cross|downtrend,0,2,baissier,365,0,0,30,,,17.0,19.0,65.5,47.0,2.9,32,26.71,-13,🔴 Sous-performe BTC,False,False,,0,,,,32,5,⚠️ Surveiller,Volume ×0.2 (épuisement)|MACD cross baissier,,,,,,,,,
RIFUSDT,RIF,Mid,280,0.087,2279485.3895,0.346,44.64965284216498,-0.0025791733924697344,0.10264800000000002,0.05992349999999999,3.028905874867138,0.5158407798537774,0.3777777777777778,0.32873154151541706,0.02187836520868223,0.056211111111111114,0.13254444444444438,double_top_90d|downtrend,0,2,baissier,365,0,0,30,,,31.0,36.0,32.5,68.0,0,31,38.97,-14,🔴 Sous-performe BTC,False,False,,0,,,,31,5,⚠️ Surveiller,Volume ×0.3 (épuisement)|Double sommet,86505367,86505367,1000000000.0,1000000000.0,,100.0,,,
ZKCUSDT,ZKC,Speculative,,0.0377,455188.441,0.802,33.67001169544345,-0.000322186879884296,0.044543999999999986,0.07182199999999996,0.566636517110589,0.5505481120584653,0.5420219244823387,0.4755303532267621,0.6196962608187627,0.0407611111111111,0.07570555555555554,macd_bearish_cross|shooting_star_4h,0,2,baissier,321,0,0,30,,,15.8,19.0,65.5,47.0,0,31,25.92,-14,🔴 Sous-performe BTC,False,False,,0,,,,31,7,🔴 Sortie,Volume ×0.5 (épuisement)|Étoile filante 4h|MACD cross baissier,,,,,,,,,
STGUSDT,STG,Speculative,859,0.1229,125093.70319,-0.162,35.33239679886823,0.0010899009688524267,0.16531599999999994,0.19252049999999987,0.7999674478103835,0.8130609718353451,0.8098112039616218,0.09469234623766645,0.1273829302493689,0.13378055555555557,0.33258611111111114,death_cross|downtrend,0,2,baissier,365,0,0,30,,,17.0,28.0,43.0,47.0,1.3,31,26.35,-14,🔴 Sous-performe BTC,False,False,,0,,,,31,2,,Volume ×0.1 (épuisement),17285781,17285781,140899530.04539025,140899530.04539025,1000000000.0,100.0,66025270,$66M,-2.73
BIOUSDT,BIO,Mid,428,0.023,554519.988859,-0.605,31.10749025403382,-0.0002387737085921013,0.028465799999999996,0.02991704999999999,0.5372627681681275,0.6060553633217993,0.6029411764705881,0.07737224939547623,0.11590212157085274,0.025204722222222226,0.04654361111111111,double_top_90d|downtrend,0,2,baissier,365,0,0,30,,,31.0,19.0,59.5,57.5,0,30,35.96,-15,🔴 Sous-performe BTC,False,False,,0,,,,30,5,⚠️ Surveiller,Volume ×0.1 (épuisement)|Double sommet,49174827,76111055,2145029070.25,3320000000.0,3320000000.0,64.6,3228719,$3M,-12.02
NILUSDT,NIL,Speculative,944,0.02878,1469964.993683,-7.756,34.51007699089152,-0.0006380396168849216,0.036090800000000006,0.0466765,0.9948417423404925,0.6897186147186147,0.6887445887445888,0.31958882938698596,0.21078074018831938,0.033133888888888886,0.06978666666666666,macd_bearish_cross|evening_star_4h,0,2,baissier,365,0,0,30,,,17.0,19.0,49.0,68.0,5.8,30,31.09,-15,🔴 Sous-performe BTC,False,False,,0,,,,30,7,🔴 Sortie,Volume ×0.3 (épuisement)|Étoile du soir 4h|MACD cross baissier,14589740,28785408,506844999.996,1000000000.0,,50.7,,,
FUSDT,F,Speculative,,0.00287,166598.38449,-0.692,31.129450402289976,-2.2422367895089497e-05,0.0034126000000000013,0.005018650000000001,0.6187505014797883,0.5320197044334976,0.5287356321839081,0.20088146706456578,0.6891294283376697,0.0031194444444444442,0.0057063888888888884,macd_bearish_cross|downtrend,0,2,baissier,281,0,0,30,,,14.7,19.0,55.0,47.0,2.9,30,24.9,-15,🔴 Sous-performe BTC,False,False,,0,,,,30,5,⚠️ Surveiller,Volume ×0.2 (épuisement)|MACD cross baissier,,,,,,,3225844,$3M,-2.19
MAVUSDT,MAV,Speculative,,0.00815,129593.01085,1.117,34.983347166930386,-4.2116976789541316e-05,0.0094572,0.014267799999999995,0.8411467204478726,0.5305882352941177,0.5205882352941177,0.10457088886140782,0.4328367042473701,0.00869861111111111,0.015359722222222224,macd_bearish_cross|downtrend,0,2,baissier,365,0,0,30,,,17.0,19.0,55.0,47.0,2.9,30,26.08,-15,🔴 Sous-performe BTC,False,False,,0,,,,30,5,⚠️ Surveiller,Volume ×0.1 (épuisement)|MACD cross baissier,,,,,,,1229786,$1M,4.11
BONKUSDT,BONK,Mid,143,2.82e-06,1978723.89836187,0.714,34.9666247760117,2.5982997212978273e-08,3.8704e-06,5.7690999999999995e-06,1.14515204468477,0.6424870466321244,0.6347150259067358,0.2197401227006916,0.5565299999327618,3.052222222222223e-06,6.7305555555555564e-06,double_top_90d|downtrend,0,2,baissier,365,0,0,30,,,31.0,19.0,44.5,68.0,0,28,37.65,-17,🔴 Sous-performe BTC,False,False,,0,,,,28,4,⚠️ Surveiller,Volume ×0.2 (épuisement)|Double sommet,246872236,246872236,87994598824033.19,87994598924497.42,87995282867000.55,100.0,10141666,$10M,-0.96
USDCUSDT,USDC,Etabli,5,1.00084,1592129248.39859,0.007,52.60851486742256,1.8551125346688113e-05,1.0007498,1.0003980500000003,0.003906502200663939,0.0011187358285137893,0.0004494202478802959,0.15726467623141416,-0.26879526178657437,1.0000516666666668,1.0024886111111109,support_bounce,1,0,haussier,365,0,0,30,,,45.0,73.0,94.0,78.5,52.2,67,60.01,22,🟢 Surperforme BTC,False,True,,0,,,,67,4,⚠️ Surveiller,Volume ×0.2 (épuisement)|Près du plus haut 90j (résistance),71913722823,71916027682,71940940870.08582,71942627171.29199,,100.0,,,
KGSTUSDT,KGST,Speculative,,0.011445,1546173.729597,0.0,52.03197121731405,-3.222761135385994e-07,0.01144308,0.011412469999999994,0.027177835707018327,0.006113537117903984,0.0005240174672489779,0.22650344469528594,0.11525713365497692,0.011381500000000006,0.011453277777777783,resistance_test,0,1,baissier,221,0,0,30,,,13.1,73.0,94.0,68.0,31.7,63,39.8,18,🟢 Surperforme BTC,False,True,,0,,,,63,5,⚠️ Surveiller,Volume ×0.2 (épuisement)|Près du plus haut 90j (résistance),,,,,,,,,
XUSDUSDT,XUSD,Mid,449,1.0013,2387304.2728,-0.02,56.81246541753023,3.32725693400866e-05,1.0009399999999997,1.0005105,0.005888387520440431,0.001198322348711893,0.000199700449325989,0.4307495672338402,-0.09841674453562095,1.0001555555555555,1.0040999999999995,rsi_bearish_divergence|support_bounce|doji_4h,1,1,mixte,365,0,0,30,,,31.0,73.0,94.0,68.0,21.7,60,48.4,15,🟢 Surperforme BTC,False,True,,0,,,,60,6,⚠️ Surveiller,Volume ×0.4 (épuisement)|Près du plus haut 90j (résistance)|Divergence RSI baissière,45199248,45199248,45182309.341,45182309.341,,100.0,,,
EURUSDT,EUR,Speculative,,1.1537,22162976.179,0.043,66.4093382036583,0.0018291818867822733,1.1445999999999998,1.1626059999999991,0.042622419984257386,0.034798845696825606,0.02079443218468848,0.036461591751838884,0.39633439443663243,1.1391833333333332,1.171494444444444,macd_bullish_cross|support_bounce|uptrend|doji_4h,3,0,haussier,365,0,0,30,,,17.0,48.0,100.0,78.5,52.2,58,43.0,13,🟢 Surperforme BTC,False,True,,0,,,,58,4,⚠️ Surveiller,Volume ×0.0 (épuisement)|Près du plus haut 90j (résistance),,,,,,,,,
EURIUSDT,EURI,Speculative,519,1.1529,817089.46203,0.026,62.678363958510836,0.001741089708750613,1.1427720000000003,1.1620860000000004,0.0432863282029048,0.07301129128109335,0.021224212581713146,0.022039305526913845,0.17983080073165164,1.1337055555555557,1.1713277777777775,macd_bullish_cross|support_bounce|resistance_test,2,1,haussier,365,0,0,30,,,17.0,57.0,94.0,57.5,33.9,58,37.44,13,🟢 Surperforme BTC,False,True,,0,,,,58,4,⚠️ Surveiller,Volume ×0.0 (épuisement)|Près du plus haut 90j (résistance),38172165,38172165,33139851.48990108,33139851.48990108,,100.0,,,
USDEUSDT,USDE,Etabli,25,1.0009,39856.9457,0.03,61.33422891814173,-3.1697952841887875e-06,1.0001420000000003,0.9998269999999998,0.005084114305368293,0.0011992804317409343,0.0,0.008016225341984103,-0.08128570401630743,0.9981555555555561,1.0026388888888895,rsi_bearish_divergence|macd_bearish_cross|support_bounce|doji_4h,1,2,baissier,327,0,0,30,,,44.0,73.0,94.0,47.0,4.0,56,48.8,11,🟢 Surperforme BTC,False,True,,0,,,,56,9,🔴 Sortie,Volume ×0.0 (épuisement)|Près du plus haut 90j (résistance)|Divergence RSI baissière,3870588380,3870588380,3872250812.192411,3872250812.192411,,100.0,12143708,$12M,-33.78
RLUSDUSDT,RLUSD,Etabli,49,1.0012,58931606.3508,0.02,54.67842928157943,2.3874601833348574e-05,1.0009599999999996,,0.0047286909165906435,0.00129805292061915,0.0002995506739889835,0.24477778886730236,-0.23552580143709564,1.000122222222222,1.0016277777777778,support_bounce|resistance_test|doji_4h,1,1,mixte,192,0,0,30,,,40.3,45.0,94.0,78.5,33.9,55,53.12,10,🟢 Surperforme BTC,False,True,,0,,,,55,4,⚠️ Surveiller,Volume ×0.2 (épuisement)|Près du plus haut 90j (résistance),1463835345,1463835345,1463694758.450443,1463694758.450443,,100.0,,,
USD1USDT,USD1,Etabli,24,0.99989,104546100.13706,-0.01,50.367579822382474,3.87920020570299e-05,1.0001148,0.999938449999999,0.003357996871153415,0.0016281927060961426,0.0012086583891879347,0.18813692630737178,-0.2167445252867382,0.9992672222222221,1.000843888888889,resistance_test,0,1,baissier,365,0,0,30,,,45.0,45.0,94.0,78.5,31.7,54,55.42,9,🟢 Surperforme BTC,False,True,,0,,,,54,4,⚠️ Surveiller,Volume ×0.2 (épuisement)|Près du plus haut 90j (résistance),3993103668,3993103668,3997421607.827006,3997421607.827006,,100.0,,,
USDSUSDT,USDS,Etabli,12,1.0011,101624.9131,0.0,56.798730591683146,3.586138565439827e-05,1.0007719999999996,,0.0038157032903607425,0.001198561725928975,0.00029961050634194446,0.06950560155249211,-0.22414922170620666,0.9999722222222223,1.0016083333333339,resistance_test|doji_4h,0,1,baissier,115,0,0,30,,,38.2,45.0,94.0,47.0,31.7,54,44.12,9,🟢 Surperforme BTC,False,True,,0,,,,54,4,⚠️ Surveiller,Volume ×0.1 (épuisement)|Près du plus haut 90j (résistance),9713581571,9714203539,9712799203.732279,9713447722.052681,,100.0,,,
USDPUSDT,USDP,Speculative,597,1.0005,4449.2537,-0.06,49.261567887197536,2.9204697947180763e-05,1.0005460000000002,1.0002845000000005,0.0043240682268059025,0.0011986814504046446,0.0007989613502448156,0.08986343527601462,-0.014643530790631437,0.9997833333333335,1.0012611111111114,resistance_test|uptrend|doji_4h,1,1,mixte,365,0,0,30,,,17.0,45.0,94.0,47.0,31.7,54,33.27,9,🟢 Surperforme BTC,False,True,,0,,,,54,4,⚠️ Surveiller,Volume ×0.1 (épuisement)|Près du plus haut 90j (résistance),31954322,31954322,31954025.96069443,31954025.96069443,,100.0,,,
UUSDT,U,Etabli,63,1.0004,19127402.7413,-0.03,43.59279561247623,1.8040658171754656e-06,1.000732,1.00032,0.003536077716291887,0.0010984621529859205,0.000998601957259948,0.3715943293295168,-0.14441978362075605,1.000077777777778,1.0012972222222227,resistance_test,0,1,baissier,201,0,0,30,,,40.5,36.0,94.0,78.5,31.7,48,52.03,3,≈ Neutre vs BTC,False,True,,0,,,,48,4,⚠️ Surveiller,Volume ×0.4 (épuisement)|Près du plus haut 90j (résistance),1102256616,1102256616,1103009107.8,1103009107.8,,100.0,,,
FDUSDUSDT,FDUSD,Mid,116,0.9981,29531826.2625,0.01,48.29755080458477,-1.295709567116158e-05,0.9983319999999999,0.9989915000000006,0.007264014866496082,0.0020010005002501267,0.0014007003501751553,0.46855675454839707,0.4840019382955661,0.9976222222222231,0.9995777777777776,macd_bearish_cross|resistance_test|doji_4h,0,2,baissier,365,0,0,30,,,31.0,37.0,100.0,78.5,10.1,48,46.34,3,≈ Neutre vs BTC,False,True,,0,,,,48,7,🔴 Sortie,Volume ×0.5 (épuisement)|Près du plus haut 90j (résistance)|MACD cross baissier,349181931,349181931,350156619.239737,350156619.239737,,100.0,,,
FRAXUSDT,FRAX,Mid,154,0.2574,54661.32341,0.273,48.125215633246555,-0.0009653676898072219,0.25684999999999986,,0.6577880136141189,0.542788749251945,0.485537602234191,0.17052142114915655,0.5840777313971979,0.23927222222222222,0.46409166666666657,macd_bearish_cross|uptrend,1,1,mixte,199,0,0,30,,,26.5,45.0,59.5,47.0,28.4,48,35.85,3,≈ Neutre vs BTC,False,True,,0,,,,48,5,⚠️ Surveiller,Volume ×0.2 (épuisement)|MACD cross baissier,217369220,217369220,219320045.8726003,219320045.8726003,,100.0,43502152,$44M,2.77
BFUSDUSDT,BFUSD,Etabli,54,0.999,1321065.4184,-0.03,42.792618231367626,-1.0386144374193482e-05,0.9993199999999999,0.9994085000000006,0.003892039384887478,0.000900090009000912,0.000900090009000912,0.8069313551773181,0.1179578111900695,0.9989611111111107,0.999841666666667,macd_bearish_cross|resistance_test|uptrend,1,2,baissier,354,0,0,30,,,44.7,37.0,94.0,68.0,10.1,44,50.41,-1,≈ Neutre vs BTC,False,True,,0,,,,44,5,⚠️ Surveiller,Près du plus haut 90j (résistance)|MACD cross baissier,1317469141,1317469141,1320000000.0,1320000000.0,,100.0,,,
TUSDUSDT,TUSD,Etabli,99,0.9964,121886.6259,-0.03,31.444886255963695,-3.645241306415956e-05,0.9983599999999992,0.9991674999999993,0.006009947574535805,0.0037000000000000366,0.0037000000000000366,0.02856015046323171,-0.07013701341114738,0.9968944444444444,1.0000333333333336,rsi_bullish_divergence|resistance_test|downtrend|doji_4h,1,2,baissier,365,0,0,30,,,45.0,19.0,94.0,47.0,11.6,39,43.31,-6,≈ Neutre vs BTC,False,True,,0,,,,39,5,⚠️ Surveiller,Volume ×0.0 (épuisement)|Près du plus haut 90j (résistance),492240570,492240570,494515083.0,494515083.0,,100.0,,,
