symbol,base,tier,rank_mcap,price,vol_24h_usd,change_24h_pct,rsi_14,macd_hist,ma_50,ma_200,vol_30d_ann,drawdown_90d,dist_to_high_90d,vol_ratio_vs_med90,corr_btc_90d,support_90d,resistance_90d,patterns,bull_signals,bear_signals,bias,age_days,n_red_flags,audit_score,team_score,github_commits_30d,github_contrib_90d,score_solidity,score_momentum,score_risk,score_antiscam,score_signal,score,score_quality,alpha_vs_btc,vs_btc_label,suspect,stablecoin,categories,catalyst_score,catalyst_flags,trending_rank,vol_spike_ratio,bull_prob_7d,exit_risk,exit_label,exit_reasons,market_cap,fdv,circulating_supply,total_supply,max_supply,circ_ratio_pct,tvl,tvl_fmt,tvl_change_7d
ZKUSDT,ZK,Mid,283,0.00908,8315699.131358,12.376,58.14027177725887,7.002765769109814e-05,0.008603600000000003,0.013960899999999993,0.7367382739110402,0.4360374414976599,0.2917316692667707,7.402201590295761,0.6734647543908213,0.007682777777777778,0.01179888888888889,support_bounce,1,0,haussier,365,0,0,30,,,31.0,84.0,73.0,78.5,57.2,77,45.25,22,🟢 Surperforme BTC,False,False,,3,⚡ Volume ×7.4 vs médiane,,7.4,77,0,,,93836433,190018503,10370385240.0,21000000000.0,21000000000.0,49.4,,,
BANDUSDT,BAND,Speculative,616,0.1784,2731221.08277,4.45,56.30000126008585,0.0008693103086402903,0.16418000000000002,0.193928,0.7063467912916581,0.321951219512195,0.1292682926829268,5.815016118831378,0.5488708817418553,0.14746388888888887,0.1848333333333333,uptrend,1,0,haussier,365,0,0,30,,,17.0,84.0,73.0,68.0,53.7,76,34.68,21,🟢 Surperforme BTC,False,False,,3,⚡ Volume ×5.8 vs médiane,,5.82,76,0,,,32378602,32379207,181428974.53376,181433863.528597,,100.0,,,
DOLOUSDT,DOLO,Speculative,,0.02635,1542946.58026,-0.791,60.81440305270898,0.00015378736535918871,0.022886200000000002,0.02909354999999998,0.8662716664096706,0.28264695529743056,0.07250967969025,3.9719832505292434,0.46447418155511444,0.021311666666666663,0.026741944444444447,double_bottom_90d,1,0,haussier,365,0,0,30,,,17.0,84.0,77.5,68.0,55.8,76,35.08,21,🟢 Surperforme BTC,False,False,,2,⚡ Volume ×4.0 vs médiane,,3.97,76,0,,,,,,,,,325807660,$326M,0.74
ENSOUSDT,ENSO,Speculative,873,0.885,88105718.70795,-1.885,54.90845154794514,0.0016524791456880659,0.83592,0.924365,1.0685960122405878,0.2841584158415842,0.12376237623762376,69.68673553913277,0.21580540606223791,0.5898888888888888,0.9361944444444443,macd_bullish_cross|squeeze_breakout,2,0,haussier,321,0,0,30,,,15.8,84.0,56.5,78.5,59.4,75,34.06,20,🟢 Surperforme BTC,False,False,,3,⚡ Volume ×69.7 vs médiane,,69.69,75,0,,,18227511,88526036,20590000.0,100000000.0,127339703.0,20.6,,,
BMTUSDT,BMT,Speculative,931,0.02187,11085622.440158,-4.789,56.22034470665801,0.0004551491664752359,0.015186800000000002,0.014998800000000001,4.26259350513901,0.5484554815263477,0.3385826771653544,18.307010672710227,0.1915281624269455,0.011496944444444442,0.021226388888888885,golden_cross,1,0,haussier,365,0,0,30,,,17.0,100.0,32.5,78.5,54.7,75,35.07,20,🟢 Surperforme BTC,False,False,,3,⚡ Volume ×18.3 vs médiane,,18.31,75,0,,,16051383,21974259,730462991.0,1000000000.0,1000000000.0,73.0,,,
WCTUSDT,WCT,Speculative,887,0.03901,1058813.339118,5.804,55.35484655942099,0.00030530633286342853,0.0381794,0.05198189999999998,0.5739351869194126,0.35584365325077394,0.24419504643962847,2.191348469644667,0.5436785534268069,0.035120833333333344,0.04870722222222223,support_bounce,1,0,haussier,365,0,0,30,,,17.0,84.0,83.5,68.0,57.2,74,35.52,19,🟢 Surperforme BTC,False,False,,0,,,,74,0,,,17620028,38990327,451907687.0,1000000000.0,1000000000.0,45.2,,,
MAGICUSDT,MAGIC,Speculative,915,0.0494,3091102.17459,8.811,68.56085590241327,0.0005068909003001941,0.042528,0.05467200000000001,0.5527759267685526,0.281021897810219,0.10218978102189782,11.176330078006655,0.5564156574408822,0.04028888888888885,0.04952499999999999,uptrend,1,0,haussier,365,0,0,30,,,17.0,75.0,83.5,68.0,53.7,72,34.23,17,🟢 Surperforme BTC,False,False,,3,⚡ Volume ×11.2 vs médiane,,11.18,72,0,,,16678971,17200133,337152162.13767445,347687042.9717532,347714007.0,97.0,,,
GMXUSDT,GMX,Mid,311,7.83,531287.53156,-0.382,64.62810092043821,0.062427363644808276,6.6748,6.469999999999999,0.6152517774618819,0.1543909348441926,0.010126582278481022,0.6658685008408148,0.6075984790787933,5.44138888888889,7.305833333333333,uptrend,1,0,haussier,365,0,0,30,,,31.0,82.0,89.5,57.5,53.7,70,44.11,15,🟢 Surperforme BTC,False,False,,0,,,,70,2,,Près du plus haut 90j (résistance),81714390,81714390,10454791.07374397,10454791.07374397,13250000.0,100.0,203874399,$204M,0.76
AUCTIONUSDT,AUCTION,Speculative,686,3.711,5822883.80289,17.66,73.19115685968322,0.05909938342486458,3.1006999999999993,4.1300750000000015,0.7297034731817305,0.36441860465116277,0.13953488372093015,21.722778451359847,0.5800934357649948,2.8818055555555553,3.8788888888888895,breakout_30d,1,0,haussier,365,0,0,30,,,17.0,75.0,73.0,78.5,50,70,34.22,15,🟢 Surperforme BTC,False,False,,3,⚡ Volume ×21.7 vs médiane,,21.72,70,2,,RSI 73 (surachat),27231572,28041232,7420409.148028981,7641035.648362741,10000000.0,97.1,,,
LISTAUSDT,LISTA,Speculative,630,0.0722,2246217.54972,8.571,61.64843062844158,-6.98363655621476e-05,0.05663400000000001,0.07087249999999998,1.030333280016765,0.32153846153846155,0.040000000000000036,4.839414099633197,0.4550436684307523,0.046302777777777776,0.06910277777777778,macd_bearish_cross|uptrend,1,1,mixte,365,0,0,30,,,17.0,84.0,67.0,68.0,37.6,70,33.36,15,🟢 Surperforme BTC,False,False,,2,⚡ Volume ×4.8 vs médiane,,4.84,70,5,⚠️ Surveiller,Près du plus haut 90j (résistance)|MACD cross baissier,31030658,57407247,430043902.1524549,795588564.255041,1000000000.0,54.1,833581707,$834M,0.49
INITUSDT,INIT,Speculative,,0.05833,1406154.381635,6.558,62.730742580462454,0.0003854505460999416,0.053037600000000004,0.0720034,0.4960842299404201,0.25885978428351314,0.10246533127889054,2.2252947457539234,0.5652355096486016,0.050219444444444435,0.06153361111111111,rsi_bearish_divergence|squeeze_breakout|uptrend,2,1,haussier,365,0,0,30,,,17.0,84.0,83.5,68.0,37.9,70,34.36,15,🟢 Surperforme BTC,False,False,,0,,,,70,2,,Divergence RSI baissière,,,,,,,,,
TRXUSDT,TRX,Etabli,8,0.3407,16394534.18547,0.59,59.60761698107279,-5.400456923849474e-06,0.33148600000000017,0.3231105,0.13982249304092992,0.05627057767135583,0.012177442737025172,0.2660316163943017,0.5327120030810967,0.31880833333333336,0.3386055555555556,uptrend,1,0,haussier,365,0,0,30,,,45.0,73.0,100.0,78.5,53.7,69,54.86,14,🟢 Surperforme BTC,False,False,,0,,,,69,5,⚠️ Surveiller,Volume ×0.3 (épuisement)|Près du plus haut 90j (résistance),32323475255,32323512520,94927348047.97058,94927488845.83008,,100.0,,,
ONTUSDT,ONT,Mid,401,0.05586,1852194.16578,-2.92,60.972562132286804,0.0013452761093103163,0.04304539999999999,0.053183149999999985,1.3578843865123456,0.2989260143198091,0.18273591806876366,2.5144713450093787,0.41904015130676636,0.037281666666666664,0.053648055555555546,,0,0,neutre,365,0,0,30,,,31.0,84.0,62.5,68.0,50,69,43.35,14,🟢 Surperforme BTC,False,False,,0,,,,69,0,,,55836869,55836869,1000000000.0,1000000000.0,,100.0,,,
TNSRUSDT,TNSR,Speculative,678,0.0374,1046440.48328,11.642,64.70081010928297,0.00016522893191853324,0.03231,0.03803800000000001,0.5231322376700435,0.3543478260869565,0.20217391304347818,2.107116899728746,0.21891872317850797,0.02920000000000001,0.03805555555555554,rsi_bearish_divergence|squeeze_breakout|uptrend,2,1,haussier,365,0,0,30,,,17.0,84.0,77.5,68.0,37.9,69,34.0,14,🟢 Surperforme BTC,False,False,,0,,,,69,2,,Divergence RSI baissière,27481941,36983417,743088205.2624216,1000000000.0,1000000000.0,74.3,,,
SOPHUSDT,SOPH,Speculative,932,0.00406,613578.51258,5.729,56.34059449407812,6.800705030590778e-05,0.0040354,0.006846899999999998,0.8526993861567571,0.5172910662824207,0.4135446685878963,2.3814073471692234,0.5519288678519527,0.003626666666666667,0.005788055555555556,,0,0,neutre,365,0,0,30,,,17.0,84.0,59.5,57.5,50,69,32.81,14,🟢 Surperforme BTC,False,False,,0,,,,69,0,,,15969828,40910742,3903578154.0,10000000000.0,10000000000.0,39.0,,,
ONGUSDT,ONG,Mid,411,0.11349,9931622.42888,-11.564,55.026857748565824,0.004040452091850232,0.060522,0.06290309999999999,4.792370610012915,0.5242226133601542,0.5242226133601542,6.971854076710386,0.1335401360970087,0.042081944444444436,0.09557861111111111,,0,0,neutre,365,0,0,30,,,31.0,84.0,28.0,78.5,50,68,42.12,13,🟢 Surperforme BTC,False,False,,3,⚡ Volume ×7.0 vs médiane,,6.97,68,0,,,54567002,91004732,479684964.0,800000000.0,1000000000.0,60.0,,,
RUNEUSDT,RUNE,Mid,195,0.472,766533.8978,0.0,57.13784344506171,0.002086575026540907,0.44044000000000005,0.43188499999999996,0.48917392726289116,0.1852791878172589,0.06903353057199217,0.2536126946114206,0.5204184483955715,0.36986111111111103,0.4692222222222222,,0,0,neutre,365,0,0,30,,,31.0,73.0,100.0,57.5,50,68,43.44,13,🟢 Surperforme BTC,False,False,,0,,,,68,2,,Volume ×0.3 (épuisement),155837587,166950431,330448375.0,354012566.0,354012749.0,93.3,53946606,$54M,-11.71
ORCAUSDT,ORCA,Mid,317,1.299,175383.12444,2.688,64.65542213120997,0.01570717890035111,1.1532600000000002,1.1428399999999999,0.552598769151352,0.18888888888888888,0.00459066564651875,0.23325357689005002,0.5421082861948225,1.03175,1.2827500000000003,,0,0,neutre,365,0,0,30,,,31.0,73.0,100.0,47.0,50,68,42.6,13,🟢 Surperforme BTC,False,False,,0,,,,68,4,⚠️ Surveiller,Volume ×0.2 (épuisement)|Près du plus haut 90j (résistance),79000051,97452091,60798772.982629,74999541.319768,100000000.0,81.1,261897684,$262M,1.94
XVSUSDT,XVS,Mid,423,3.14,91752.554,-0.317,61.677665745190424,0.016757483283557167,2.8409999999999997,2.755850000000001,0.4388727526473995,0.1294964028776978,0.02187500000000009,0.4716371453848797,0.5424520394083272,2.425555555555556,3.030555555555556,doji_4h,0,0,neutre,365,0,0,30,,,31.0,73.0,100.0,47.0,50,68,42.6,13,🟢 Surperforme BTC,False,False,,0,,,,68,4,⚠️ Surveiller,Volume ×0.5 (épuisement)|Près du plus haut 90j (résistance),52848229,93225037,16862168.369049482,29745107.91704284,30000000.0,56.7,1252474882,$1.3B,0.64
NMRUSDT,NMR,Mid,378,9.06,58361.4089,0.555,58.392950320969526,0.07317704464815174,8.899,8.539199999999996,0.3666253980086061,0.2432692307692308,0.12692307692307694,0.0851368214825699,0.41811417979776794,8.07861111111111,9.985000000000001,morning_star_4h,1,0,haussier,365,0,0,30,,,31.0,73.0,95.5,47.0,52.3,68,42.47,13,🟢 Surperforme BTC,False,False,,0,,,,68,2,,Volume ×0.1 (épuisement),62851633,96089926,6933639.252512466,10600406.81498397,11000000.0,65.4,,,
GIGGLEUSDT,GIGGLE,Speculative,534,39.04,17671612.59609,-0.914,57.59094666340692,0.2581794735032439,32.503400000000006,30.257200000000008,1.2659965152737493,0.36526075212964887,0.1909412009141908,1.438056063195829,0.1901331058423773,24.901388888888885,38.97027777777779,macd_bullish_cross|uptrend,2,0,haussier,310,0,0,30,,,15.5,91.0,56.5,78.5,57.7,68,34.59,13,🟢 Surperforme BTC,False,False,,0,,,,68,0,,,39092458,39092458,1000000.0,1000000.0,1000000.0,100.0,,,
TUTUSDT,TUT,Speculative,648,0.03625,17547530.31493,-3.77,47.07308990904738,-0.0024810725588101474,0.0353028,0.0167931,6.41913586631442,0.852263701350278,0.8207406671961874,2.6887761604879814,0.07360407977162259,0.009877222222222225,0.07070833333333332,,0,0,neutre,365,0,0,30,,,17.0,100.0,22.0,78.5,50,68,34.16,13,🟢 Surperforme BTC,False,False,,0,,,,68,1,,,29909431,29909431,831528700.2920222,831528700.2920222,1000000000.0,100.0,,,
AIXBTUSDT,AIXBT,Speculative,799,0.02117,1407664.08332,5.533,58.74327308562005,0.00012690326598566192,0.018663199999999994,0.02348629999999999,0.8466955616881247,0.374812030075188,0.20526315789473684,1.7848640230656607,0.5873530526990349,0.017260000000000005,0.02375361111111111,uptrend|doji_4h,1,0,haussier,365,0,0,30,,,17.0,84.0,73.0,68.0,53.7,68,34.68,13,🟢 Surperforme BTC,False,False,,0,,,,68,0,,,21078511,21078511,1000000000.0,1000000000.0,1000000000.0,100.0,,,
UNIUSDT,UNI,Etabli,29,5.212,47192503.3164,18.806,72.19969604826112,0.11983235445068696,3.8953799999999994,3.47297,0.9474508123520949,0.2779156327543424,0.0,1.911466365515828,0.5159810163647724,2.614416666666666,4.317777777777776,breakout_30d,1,0,haussier,365,0,0,30,,,45.0,91.0,77.5,78.5,50,67,55.45,12,🟢 Surperforme BTC,False,False,,0,🔥 Trending #9 sur CoinGecko,9,,67,4,⚠️ Surveiller,RSI 72 (surachat)|Près du plus haut 90j (résistance),3241876542,4632068678,623212423.7271129,890460420.0329479,1000000000.0,70.0,1479596760,$1.5B,-1.13
AAVEUSDT,AAVE,Etabli,44,126.41,12166837.60674,3.666,64.84870669861525,1.4593557084172204,99.60960000000001,96.67759999999998,0.9992172036560691,0.1803146430012102,0.10713023814571407,0.380954887748062,0.617874833020397,67.49194444444446,114.59916666666663,golden_cross,1,0,haussier,365,0,0,30,,,45.0,73.0,85.0,78.5,54.7,67,54.02,12,🟢 Surperforme BTC,False,False,,0,,,,67,2,,Volume ×0.4 (épuisement),1946371377,2018917259,15425070.986328032,16000000.0,16000000.0,96.4,17245039829,$17.2B,2.0
BICOUSDT,BICO,Speculative,755,0.02276,7542458.6128977,3.737,49.29362859966934,-6.33747746777866e-05,0.021273199999999996,0.02252605,3.1795364932308767,0.817384370015949,0.6402718507981666,3.2417591707608615,0.2511282663377517,0.012941944444444445,0.03894055555555556,uptrend,1,0,haussier,365,0,0,30,,,17.0,84.0,22.0,78.5,53.7,67,32.46,12,🟢 Surperforme BTC,False,False,,2,⚡ Volume ×3.2 vs médiane,,3.24,67,1,,,22778794,22778794,999999999.9,1000000000.0,1000000000.0,100.0,,,
COTIUSDT,COTI,Speculative,531,0.0132,4249356.58765,-0.826,57.96406961355377,0.0002349490271739329,0.010807399999999998,0.0117644,1.6498596702847996,0.4389820705610179,0.23481781376518215,2.65423567316898,0.1008324202661489,0.0076102777777777774,0.014353055555555558,,0,0,neutre,365,0,0,30,,,17.0,84.0,46.0,68.0,50,67,32.84,12,🟢 Surperforme BTC,False,False,,0,,,,67,0,,,39271821,39272297,2979560602.83,2979596663.294341,4910000000.0,100.0,,,
BEAMXUSDT,BEAMX,Speculative,,0.001579,1103108.279437,0.445,55.47684948319335,2.2026655813915413e-05,0.0014775200000000002,0.0017258199999999988,1.0591540900349294,0.23522388059701493,0.12472283813747224,2.446534097245984,0.5067410498190209,0.0013278888888888887,0.0016510555555555558,downtrend,0,1,baissier,365,0,0,30,,,17.0,84.0,74.5,68.0,32.1,67,33.48,12,🟢 Surperforme BTC,False,False,,0,,,,67,0,,,,,,,,,,,
SOLVUSDT,SOLV,Speculative,945,0.00293,872085.4094,2.091,64.85415500359005,5.417797024628282e-05,0.0025101999999999998,0.0035368,0.7187598484986922,0.4329896907216495,0.2474226804123712,1.7111425672725629,0.5226426335142801,0.0023244444444444454,0.003441111111111111,,0,0,neutre,365,0,0,30,,,17.0,84.0,73.0,57.5,50,67,33.62,12,🟢 Surperforme BTC,False,False,,0,,,,67,0,,,15662813,28356297,5335773333.0,9660000000.0,9660000000.0,55.2,506483798,$506M,1.63
BTTCUSDT,BTTC,Speculative,,3e-07,407194.02890351,0.0,63.548874538492704,1.2266240989058255e-09,2.766000000000002e-07,3.0300000000000026e-07,0.4069592710451493,0.1034482758620689,0.0,1.6990199964239605,0.5208474276148651,2.583333333333332e-07,2.9000000000000003e-07,rsi_bearish_divergence|squeeze_breakout|doji_4h,1,1,mixte,365,0,0,30,,,17.0,84.0,100.0,47.0,34.2,67,33.45,12,🟢 Surperforme BTC,False,False,,0,,,,67,4,⚠️ Surveiller,Près du plus haut 90j (résistance)|Divergence RSI baissière,,,,,,,,,
MASKUSDT,MASK,Speculative,502,0.425,402820.9976,-1.848,60.110905725089566,0.003482049387537746,0.3814599999999999,0.42688999999999977,0.5611875262787019,0.21345707656612523,0.05752212389380536,0.8647445495731345,0.6040922363563248,0.3470833333333333,0.43072222222222223,uptrend,1,0,haussier,365,0,0,30,,,17.0,66.0,100.0,47.0,53.7,67,32.46,12,🟢 Surperforme BTC,False,False,,0,,,,67,0,,,42435723,42435723,100000000.0,100000000.0,100000000.0,100.0,,,
ASTERUSDT,ASTER,Etabli,47,0.71,6428908.89735,1.865,64.3197611994469,0.005764932616643074,0.63082,0.6620150000000006,0.5374318507142071,0.16457461645746163,0.022008253094910613,0.6138370748848584,0.49606018757357095,0.5985000000000001,0.6921666666666667,,0,0,neutre,329,0,0,30,,,44.0,66.0,100.0,78.5,50,66,53.13,11,🟢 Surperforme BTC,False,False,,0,,,,66,2,,Près du plus haut 90j (résistance),1917659529,5542701108,2700010975.2797318,7803968119.651995,8000000000.0,34.6,125133702,$125M,-1.83
STRKUSDT,STRK,Mid,180,0.02634,3294003.667593,7.642,51.93716289991539,0.000170641825339073,0.0264448,0.03508069999999999,0.9003288593104265,0.38099173553719007,0.2746556473829201,2.3351228723267137,0.6194859569936649,0.023762222222222226,0.035127777777777786,uptrend,1,0,haussier,365,0,0,30,,,31.0,64.0,73.0,68.0,53.7,66,41.8,11,🟢 Surperforme BTC,False,False,,0,,,,66,0,,,183275096,262741868,6975481203.348971,10000000000.0,10000000000.0,69.8,162651427,$163M,-1.5
PENDLEUSDT,PENDLE,Mid,133,1.766,1383021.98,5.749,63.69458675396125,0.021047077773112904,1.50396,1.4108399999999992,0.757667153047156,0.230251071647275,0.056330472103004396,0.3728028326299236,0.6535549106375371,1.2438611111111109,1.6766944444444445,,0,0,neutre,365,0,0,30,,,31.0,73.0,89.5,68.0,50,66,43.65,11,🟢 Surperforme BTC,False,False,,0,,,,66,2,,Volume ×0.4 (épuisement),302463229,494243622,172286899.32046455,281527448.4585314,,61.2,1178045423,$1.2B,0.62
ORDIUSDT,ORDI,Mid,303,4.039,1139240.24699,1.076,55.304972058991765,0.005806117038602343,3.6466200000000004,3.447790000000002,0.8586996607625036,0.17615708274894815,0.11076855318211849,0.18156778126670078,0.44252272408667864,3.0853055555555553,4.0703611111111115,uptrend,1,0,haussier,365,0,0,30,,,31.0,73.0,85.0,68.0,53.7,66,43.6,11,🟢 Surperforme BTC,False,False,,0,,,,66,2,,Volume ×0.2 (épuisement),84578994,84578994,21000000.0,21000000.0,,100.0,,,
MANAUSDT,MANA,Mid,201,0.0767,814480.4293,4.638,64.52840631620938,0.0006113507720385207,0.06894000000000002,0.08125350000000003,0.4914904402924126,0.2025641025641026,0.015384615384615469,2.298220053371238,0.5337693455877145,0.06361111111111112,0.07622499999999999,rsi_bearish_divergence|double_top_90d|bullish_engulfing_4h,1,2,baissier,365,0,0,30,,,31.0,84.0,100.0,57.5,12.8,66,42.53,11,🟢 Surperforme BTC,False,False,,0,,,,66,6,⚠️ Surveiller,Près du plus haut 90j (résistance)|Divergence RSI baissière|Double sommet,149641599,167584151,1958364547.8057716,2193179327.320146,,89.3,,,
BROCCOLI714USDT,BROCCOLI714,Speculative,,0.01815,4434880.82265,3.537,58.36213316451399,-4.5979686673634215e-05,0.0149282,0.014126499999999997,1.1126532395371915,0.22985074626865667,0.09701492537313434,1.0561186368480717,0.3066697740356865,0.011541666666666667,0.017876666666666666,macd_bearish_cross,0,1,baissier,365,0,0,30,,,17.0,91.0,79.0,68.0,33.9,66,34.7,11,🟢 Surperforme BTC,False,False,,0,,,,66,3,,MACD cross baissier,,,,,,,,,
PROVEUSDT,PROVE,Speculative,587,0.1767,530941.96374,5.808,58.557613224424585,0.0020665619688971237,0.17287799999999998,0.2255875000000001,0.5508106864571061,0.31320754716981125,0.1660377358490565,1.0931917098864128,0.4957356684790553,0.1554861111111111,0.2074,,0,0,neutre,365,0,0,30,,,17.0,75.0,83.5,57.5,50,66,33.17,11,🟢 Surperforme BTC,False,False,,0,,,,66,0,,,34476532,176802728,195000000.0,1000000000.0,1000000000.0,19.5,,,
WINUSDT,WIN,Speculative,625,3.182e-05,238829.02847986,-5.043,52.118812744814186,-3.3694940089113706e-07,2.831999999999999e-05,2.2368899999999995e-05,0.8030606197867199,0.1169989506820567,0.08956075299486596,0.5604437959094714,0.40773242938374143,1.7961666666666664e-05,3.2843055555555555e-05,macd_bearish_cross|uptrend,1,1,mixte,365,0,0,30,,,17.0,82.0,89.5,47.0,37.6,66,32.79,11,🟢 Surperforme BTC,False,False,,0,,,,66,5,⚠️ Surveiller,Volume ×0.6 (épuisement)|MACD cross baissier,31679716,31679716,993701854154.286,993701859243.3864,,100.0,,,
PUMPUSDT,PUMP,Etabli,46,0.004863,31381410.282989,5.1,67.35276788044114,5.7547967008762585e-05,0.002747720000000001,0.002014955,1.46953703546116,0.31954674220963175,0.07174287354122814,0.5023481280575738,0.3385459985283537,0.0013758055555555557,0.003931416666666667,uptrend,1,0,haussier,354,0,0,30,,,44.7,73.0,67.0,78.5,53.7,65,52.68,10,🟢 Surperforme BTC,False,False,,3,🔥 Trending #5 sur CoinGecko,5,,65,2,,Volume ×0.5 (épuisement),1921777566,4055064474,396494330029.7801,836626517148.4535,1000000000000.0,47.4,356172024,$356M,12.21
MORPHOUSDT,MORPHO,Etabli,52,2.483,1532635.09649,1.43,58.702266274749455,0.006648006808767565,2.0938,1.9039649999999992,1.0471294229157913,0.1821412705464238,0.1469879518072288,0.3846043903804242,0.332404075542632,1.7608055555555555,2.374416666666667,uptrend,1,0,haussier,332,0,0,30,,,44.1,73.0,74.5,68.0,53.7,65,51.88,10,🟢 Surperforme BTC,False,False,,0,,,,65,2,,Volume ×0.4 (épuisement),1629955592,2479605318,657344771.8193873,1000000000.0,1000000000.0,65.7,9544002076,$9.5B,2.52
INJUSDT,INJ,Mid,102,5.264,3259982.96542,4.819,57.640894822543196,0.05666281375052115,4.88314,4.236675000000001,0.8168038952465488,0.38029451950812204,0.1972066190982237,0.2976818952682412,0.5556486042833267,4.344027777777778,5.736222222222222,double_bottom_90d,1,0,haussier,365,0,0,30,,,31.0,73.0,73.0,68.0,55.8,65,43.01,10,🟢 Surperforme BTC,False,False,,0,,,,65,2,,Volume ×0.3 (épuisement),526026266,526026266,100000000.0,100000000.0,,100.0,5361287,$5M,-1.27
PLUMEUSDT,PLUME,Mid,285,0.01451,1721357.44571,5.527,61.189473367880076,4.801209156319241e-05,0.012027599999999998,0.011506750000000003,0.9742895604124392,0.2750957854406131,0.016972165648336743,0.487359310295518,0.42578900787966995,0.009821944444444444,0.013661111111111112,uptrend,1,0,haussier,365,0,0,30,,,31.0,73.0,77.5,68.0,53.7,65,43.15,10,🟢 Surperforme BTC,False,False,,0,,,,65,4,⚠️ Surveiller,Volume ×0.5 (épuisement)|Près du plus haut 90j (résistance),92461686,144606365,6394026052.0,10000000000.0,10000000000.0,63.9,,,
TURBOUSDT,TURBO,Mid,347,0.001015,1020739.880047,-0.976,58.42811894952388,1.2576945452793295e-05,0.00085334,0.0009896150000000001,0.9753388531887415,0.2495029821073558,0.08061594202898541,0.5098124895163665,0.5486876680905335,0.0007765555555555556,0.0010023055555555555,uptrend,1,0,haussier,365,0,0,30,,,31.0,66.0,89.5,68.0,53.7,65,43.03,10,🟢 Surperforme BTC,False,False,,0,,,,65,2,,Volume ×0.5 (épuisement),69843596,69843596,69000000000.0,69000000000.0,69000000000.0,100.0,,,
SUSHIUSDT,SUSHI,Mid,399,0.1992,629194.46808,7.154,63.427748990541566,0.0007450430573596005,0.169466,0.1906285,0.6590905634401487,0.3601216333622937,0.1350999131190269,1.120115153410375,0.507217329639517,0.15135833333333334,0.19855833333333336,uptrend,1,0,haussier,365,0,0,30,,,31.0,75.0,73.0,57.5,53.7,65,42.28,10,🟢 Surperforme BTC,False,False,,0,,,,65,0,,,56942591,57888809,286749818.08344054,291514753.9009228,,98.4,39432293,$39M,1.17
MOVRUSDT,MOVR,Speculative,,0.851,4451998.566775,5.978,47.590294559333735,0.027145296657080875,1.05146,1.4355300000000002,1.8021733928885713,0.5507433742727861,0.45119586296056885,8.724870705226074,0.434064448143156,0.778861111111111,1.4312777777777779,macd_bullish_cross|doji_4h,1,0,haussier,365,0,0,30,,,17.0,64.0,38.5,68.0,54.0,65,30.23,10,🟢 Surperforme BTC,False,False,,3,⚡ Volume ×8.7 vs médiane,,8.72,65,0,,,,,,,,,,,
KNCUSDT,KNC,Speculative,729,0.1189,452241.71474,-2.14,62.74619966947575,0.001215070514698251,0.10793600000000002,0.12766600000000006,0.4791885344175213,0.25000000000000006,0.10617469879518074,1.1870874722421125,0.7304930998963653,0.10166944444444444,0.12446111111111113,,0,0,neutre,365,0,0,30,,,17.0,75.0,75.5,47.0,50,65,31.85,10,🟢 Surperforme BTC,False,False,,0,,,,65,0,,,24833706,28603730,209239065.63762057,241003808.3373873,252301550.0,86.8,1035891,$1M,-0.38
OGNUSDT,OGN,Speculative,,0.01852,294648.77633,0.871,60.07165058558096,8.924423011843672e-05,0.016748199999999994,0.019862550000000007,0.5103628609260918,0.2821146245059289,0.08695652173913049,0.568422679321253,0.4612422687069236,0.015163055555555555,0.019421388888888894,uptrend,1,0,haussier,365,0,0,30,,,17.0,66.0,88.0,47.0,53.7,65,31.74,10,🟢 Surperforme BTC,False,False,,0,,,,65,2,,Volume ×0.6 (épuisement),,,,,,,62211361,$62M,0.93
NEARUSDT,NEAR,Etabli,39,1.889,19176973.6099,4.886,55.552828428939115,0.012666722835173672,1.7847799999999998,1.6399500000000002,0.7087154910400225,0.43627973020944266,0.33013844515441965,0.3385431224067894,0.4988051447819906,1.6289166666666668,2.2850000000000006,uptrend,1,0,haussier,365,0,0,30,,,45.0,73.0,68.5,78.5,53.7,64,52.97,9,🟢 Surperforme BTC,False,False,,0,,,,64,2,,Volume ×0.3 (épuisement),2449844543,2449844564,1304954537.0,1304954528.0,,100.0,114318231,$114M,6.4
XLMUSDT,XLM,Etabli,19,0.1806,5633072.6804,1.919,52.10081381366363,0.0004299210222355222,0.17609000000000005,0.17421499999999998,0.6719345172645989,0.33944562899786773,0.23027718550106607,0.23936840530881995,0.5768467890095816,0.1619972222222222,0.2164472222222223,,0,0,neutre,365,0,0,30,,,45.0,73.0,73.0,78.5,50,64,53.02,9,🟢 Surperforme BTC,False,False,,0,,,,64,2,,Volume ×0.2 (épuisement),6254567443,9016444366,34685463067.36936,50001786839.91247,,69.4,,,
QNTUSDT,QNT,Etabli,72,61.95,240315.57137,1.674,51.29856424795042,0.1593572504817679,61.65119999999998,68.21529999999996,0.49019679151849477,0.24919398173025253,0.16778613648576027,0.15214085598166835,0.5412446655031481,58.42138888888888,71.01249999999999,support_bounce,1,0,haussier,365,0,0,30,,,45.0,57.0,95.5,47.0,57.2,64,50.36,9,🟢 Surperforme BTC,False,False,,0,,,,64,2,,Volume ×0.2 (épuisement),901046093,905278482,14544176.164081175,14612493.0,14612493.0,99.5,,,
APEUSDT,APE,Mid,210,0.1394,420962.952061,-0.994,52.54006288523985,0.000783697220860712,0.13845999999999997,0.1266375000000001,0.5188231058303538,0.2682926829268293,0.17192147531231416,0.16888895987916536,0.25790492295774176,0.12308333333333328,0.1549916666666667,,0,0,neutre,365,0,0,30,,,31.0,73.0,77.5,47.0,50,64,41.25,9,🟢 Surperforme BTC,False,False,,0,,,,64,2,,Volume ×0.2 (épuisement),139282026,139282026,1000000000.0,1000000000.0,1000000000.0,100.0,,,
DCRUSDT,DCR,Mid,145,14.05,382893.9974,-0.355,62.37123460741206,0.1262385570939739,12.7906,17.7011,0.5147786570534486,0.27229729729729735,0.05067567567567567,0.6276349582155626,0.48230825664669996,11.054722222222225,14.112499999999999,,0,0,neutre,365,0,0,30,,,31.0,66.0,88.0,47.0,50,64,41.04,9,🟢 Surperforme BTC,False,False,,0,,,,64,0,,,247034833,247036588,17580763.29161228,17580924.5828862,21000000.0,100.0,,,
AWEUSDT,AWE,Mid,235,0.06248,89514.15589,0.515,52.9798747187493,-0.00022062454621572195,0.05955239999999998,0.056622400000000024,0.5182562890552688,0.24041297935103248,0.0800884955752212,0.2941897086019833,0.17995536205664933,0.05270611111111111,0.06510472222222223,macd_bearish_cross|uptrend,1,1,mixte,365,0,0,30,,,31.0,73.0,94.0,47.0,37.6,64,41.5,9,🟢 Surperforme BTC,False,False,,0,,,,64,5,⚠️ Surveiller,Volume ×0.3 (épuisement)|MACD cross baissier,121074633,121074633,1942420282.5203903,1942420282.5203903,2000000000.0,100.0,,,
RAREUSDT,RARE,Speculative,,0.01282,320951.052012,-0.156,53.95783307048004,5.563901605991516e-05,0.012432799999999997,0.014785200000000009,0.7222218001995225,0.22094594594594597,0.1324324324324324,0.7646535562913545,0.47679934462732226,0.011741944444444449,0.014083611111111113,uptrend,1,0,haussier,365,0,0,30,,,17.0,66.0,85.0,47.0,53.7,64,31.56,9,🟢 Surperforme BTC,False,False,,0,,,,64,0,,,,,,,,,,,
OGUSDT,OG,Speculative,,2.888,314270.8972,-0.345,61.46507705698469,0.018959630595714247,2.6262,2.8389149999999983,0.49935891067780486,0.1664355062413315,0.03312144529943117,0.3353726047006122,0.44539601270789064,2.4482222222222223,2.8615000000000004,uptrend,1,0,haussier,365,0,0,30,,,17.0,57.0,100.0,47.0,53.7,64,31.38,9,🟢 Surperforme BTC,False,False,,0,,,,64,4,⚠️ Surveiller,Volume ×0.3 (épuisement)|Près du plus haut 90j (résistance),,,,,,,,,
SCUSDT,SC,Speculative,635,0.000614,209607.203641,0.0,58.0445963672854,9.25501632159911e-06,0.0005524400000000001,0.0008257849999999999,0.9897660747229607,0.46420047732696895,0.2684964200477326,1.1861688943300919,0.4472798213820704,0.00048219444444444443,0.0007544444444444444,,0,0,neutre,365,0,0,30,,,17.0,75.0,73.0,47.0,50,64,31.7,9,🟢 Surperforme BTC,False,False,,0,,,,64,0,,,30650024,30650024,49751295000.0225,49751295000.0225,,100.0,,,
TKOUSDT,TKO,Speculative,,0.0515,112684.52703,2.183,52.15911192254674,-0.00036240342551363547,0.04868,0.053494000000000014,0.42111767739922235,0.1785714285714285,0.07027027027027029,0.35906516482694056,0.640179158839572,0.04446944444444443,0.05319166666666668,uptrend,1,0,haussier,365,0,0,30,,,17.0,57.0,100.0,47.0,53.7,64,31.38,9,🟢 Surperforme BTC,False,False,,0,,,,64,3,,Volume ×0.4 (épuisement),,,,,,,,,
GUSDT,G,Speculative,687,0.00375,58006.90907,-0.266,49.28168258589482,-3.7220714927893226e-05,0.0035888000000000005,0.003549549999999999,0.49156617218966225,0.19689119170984462,0.11556603773584906,0.09574261819975179,0.24105120053366597,0.002715277777777777,0.003972777777777777,golden_cross|uptrend|evening_star_4h,2,1,haussier,365,0,0,30,,,17.0,73.0,89.5,47.0,41.8,64,31.96,9,🟢 Surperforme BTC,False,False,,0,,,,64,5,⚠️ Surveiller,Volume ×0.1 (épuisement)|Étoile du soir 4h,27123381,45001254,7232700000.0,12000000000.0,12000000000.0,60.3,23007950,$23M,-0.38
TRUMPUSDT,TRUMP,Etabli,89,2.558,42872210.499599,-5.852,66.12718228881275,0.07922563223956683,1.6950200000000002,2.3501600000000002,1.508570223610638,0.36122542295381793,0.06652046783625745,2.0311422626104045,0.3347265151203549,1.4336944444444446,2.305194444444444,,0,0,neutre,365,0,0,30,,,45.0,75.0,56.5,78.5,50,63,52.27,8,🟢 Surperforme BTC,False,False,,0,🔥 Trending #15 sur CoinGecko,15,,63,0,,,642040949,2559274429,250868348.28763402,1000000000.0,1000000000.0,25.1,,,
GNOUSDT,GNO,Mid,128,118.89,698921.58922,1.485,57.69152492550318,-0.11420404997479627,111.12299999999999,116.97725000000003,0.48969827145786976,0.14590210317834573,0.052966945440063654,0.6070396243924857,0.6693565972753683,98.98527777777778,123.01972222222223,macd_bearish_cross|uptrend,1,1,mixte,365,0,0,30,,,31.0,66.0,100.0,57.5,37.6,63,41.86,8,🟢 Surperforme BTC,False,False,,0,,,,63,3,,MACD cross baissier,313994824,356867858,2639589.0,3000000.0,3000000.0,88.0,,,
SUPERUSDT,SUPER,Mid,346,0.1094,518922.8164,-1.619,62.05283611279686,0.00112706758936578,0.09006799999999998,0.10589450000000002,0.7165373222983004,0.2520699172033119,0.08764607679465784,0.7959406975729856,0.6761985463005021,0.08257777777777779,0.10737500000000003,uptrend,1,0,haussier,365,0,0,30,,,31.0,66.0,77.5,57.5,53.7,63,41.47,8,🟢 Surperforme BTC,False,False,,0,,,,63,0,,,69959051,109282919,640164549.0,1000000000.0,1000000000.0,64.0,,,
PNUTUSDT,PNUT,Mid,436,0.0512,421919.44292,-0.583,60.60742884890068,0.00012605979999797496,0.04343200000000001,0.04710350000000003,0.8063918707121936,0.2053941908713693,0.09090909090909093,0.22822929090687957,0.6417895833821138,0.039166666666666676,0.050291666666666665,double_bottom_90d|doji_4h,1,0,haussier,365,0,0,30,,,31.0,57.0,89.5,47.0,55.8,63,40.4,8,🟢 Surperforme BTC,False,False,,0,,,,63,2,,Volume ×0.2 (épuisement),51034468,51034468,999841647.355499,999841647.355499,1000000000.0,100.0,,,
RAYUSDT,RAY,Mid,164,0.7868,410597.84591,1.614,67.51703644078009,0.01003618557071595,0.668698,0.6643494999999997,0.4610931710759803,0.1866883116883117,0.05586256607400286,0.32209230340976813,0.772550435714667,0.5823694444444444,0.7544972222222222,golden_cross|uptrend,2,0,haussier,365,0,0,30,,,31.0,64.0,92.0,47.0,58.4,63,41.55,8,🟢 Surperforme BTC,False,False,,0,,,,63,2,,Volume ×0.3 (épuisement),211473278,435438899,269538779.59716,555000000.0,555000000.0,48.6,1126406669,$1.1B,10.47
AXLUSDT,AXL,Mid,433,0.0418,145244.658118,4.762,58.86954560994254,0.00027183995109504003,0.039008,0.04956199999999999,0.5621352637282883,0.30555555555555547,0.1706349206349207,0.529771136686978,0.6590385024739212,0.03614444444444445,0.046674999999999994,,0,0,neutre,365,0,0,30,,,31.0,66.0,83.5,47.0,50,63,40.77,8,🟢 Surperforme BTC,False,False,,0,,,,63,2,,Volume ×0.5 (épuisement),51411563,52379015,1229344952.230442,1252487015.740061,,98.2,143131602,$143M,0.29
DGBUSDT,DGB,Mid,287,0.00485,94058.119002,-0.206,65.6108906713055,2.8950602095023713e-05,0.0038822,0.0037054,0.7322846412737094,0.2195945945945946,0.03747534516765287,0.167691450298766,0.19494744837568195,0.002412777777777778,0.004584722222222223,golden_cross|double_bottom_90d|uptrend|doji_4h,3,0,haussier,365,0,0,30,,,31.0,64.0,83.5,47.0,64.2,63,41.38,8,🟢 Surperforme BTC,False,False,,0,,,,63,4,⚠️ Surveiller,Volume ×0.2 (épuisement)|Près du plus haut 90j (résistance),89823610,89824068,18449681859.27693,18449822076.90826,21000000000.0,100.0,,,
REQUSDT,REQ,Mid,491,0.0563,76236.7128,1.625,56.833976991372985,0.0003247478368198749,0.052895999999999985,0.062178000000000025,0.4243156441965371,0.2016129032258064,0.09193548387096769,0.35703027817415794,0.42493901233390197,0.05030833333333333,0.061180555555555544,doji_4h,0,0,neutre,365,0,0,30,,,31.0,57.0,100.0,47.0,50,63,40.68,8,🟢 Surperforme BTC,False,False,,0,,,,63,2,,Volume ×0.4 (épuisement),44854770,56268230,796694831.4790833,999416740.9347086,1000000000.0,79.7,,,
TSTUSDT,TST,Speculative,939,0.01684,4004149.081979,-5.287,56.41188689550776,7.271686863464003e-05,0.013511600000000004,0.012685700000000005,1.9813919277328864,0.45986984815618226,0.23094477407576444,0.6955532586854768,0.13284177897138055,0.010298333333333333,0.01766194444444445,macd_bullish_cross,1,0,haussier,365,0,0,30,,,17.0,82.0,46.0,68.0,54.0,63,32.84,8,🟢 Surperforme BTC,False,False,,0,,,,63,0,,,15852525,15851249,937473436.0065609,937473436.0065609,1000000000.0,100.0,,,
EDENUSDT,EDEN,Speculative,700,0.06292,1742693.451265,-6.327,58.35737057134665,0.0011965980950076035,0.046716999999999995,0.043007050000000005,2.61621696460115,0.3924174594292109,0.1170956911024063,0.6207923023469584,0.1567326369204334,0.039026388888888895,0.05935055555555556,macd_bullish_cross,1,0,haussier,335,0,0,30,,,16.2,82.0,46.0,68.0,54.0,63,32.28,8,🟢 Surperforme BTC,False,False,,0,,,,63,0,,,26548582,62936943,421828268.535702,1000000000.0,1000000000.0,42.2,,,
USUALUSDT,USUAL,Speculative,763,0.01162,740553.713435,4.215,61.09582714978874,5.451735370615e-05,0.009244400000000003,0.011966799999999998,1.1014810244817053,0.37138130686517784,0.11297709923664125,1.3488587326574808,0.6322296412674074,0.008156666666666666,0.011437500000000001,uptrend,1,0,haussier,365,0,0,30,,,17.0,75.0,62.5,57.5,53.7,63,32.13,8,🟢 Surperforme BTC,False,False,,0,,,,63,0,,,22432686,22556664,1925724108.8249505,1936366965.761712,3000000000.0,99.5,90831857,$91M,-1.99
DIAUSDT,DIA,Speculative,903,0.1416,531852.20899,-1.461,59.39794964898624,0.00031018660075539297,0.12047800000000003,0.15577900000000006,0.7552781358470709,0.3548177083333333,0.07877604166666667,0.9220316784020681,0.3306224912450698,0.10123055555555555,0.1443361111111111,uptrend|doji_4h,1,0,haussier,365,0,0,30,,,17.0,66.0,77.5,57.5,53.7,63,31.95,8,🟢 Surperforme BTC,False,False,,0,,,,63,0,,,16959491,23923361,119676104.0,168817248.0,200000000.0,70.9,,,
NEWTUSDT,NEWT,Speculative,,0.04206,491888.567595,3.775,54.052014101671176,0.00033796478094370755,0.0415248,0.06041519999999997,0.5425154613606245,0.43573667711598746,0.34169278996865193,0.9192705896992379,0.7135069834822926,0.03841750000000001,0.055894444444444455,support_bounce,1,0,haussier,365,0,0,30,,,17.0,66.0,71.0,47.0,57.2,63,30.93,8,🟢 Surperforme BTC,False,False,,0,,,,63,0,,,,,,,,,,,
LTCUSDT,LTC,Etabli,25,49.56,8854518.92487,1.599,57.34111670820133,0.003581323321195873,46.577000000000005,50.55574999999998,0.4728404582188446,0.13194739075095457,0.06808350573631755,0.2325730782931159,0.7803418873480616,42.181666666666665,49.472222222222214,,0,0,neutre,365,0,0,30,,,45.0,57.0,92.0,78.5,50,62,52.24,7,≈ Neutre vs BTC,False,False,,0,,,,62,2,,Volume ×0.2 (épuisement),3847301209,3847431435,77551472.99621604,77551491.74623898,84000000.0,100.0,,,
POLUSDT,POL,Etabli,67,0.10336,7247011.318207,-1.553,61.13342509833183,0.0009297448678023922,0.0835322,0.08899035,0.878747807181269,0.2665096863962325,0.15593635250917995,0.9546847537385243,0.4349206471589115,0.07142166666666666,0.09854638888888886,uptrend,1,0,haussier,365,0,0,30,,,45.0,66.0,73.0,78.5,53.7,62,52.4,7,≈ Neutre vs BTC,False,False,,0,,,,62,0,,,1106624642,1106624642,10705388392.43104,10705388392.43104,,100.0,2849814910,$2.8B,-1.15
AVAXUSDT,AVAX,Etabli,30,7.391,5788733.19556,1.608,59.440735442492176,0.022435082338964435,6.70412,8.123835,0.5720551592080592,0.2792176039119804,0.0971882640586797,0.20672590283766515,0.6952012298738887,6.192555555555555,7.479277777777778,uptrend|doji_4h,1,0,haussier,365,0,0,30,,,45.0,57.0,88.0,78.5,53.7,62,52.22,7,≈ Neutre vs BTC,False,False,,0,,,,62,2,,Volume ×0.2 (épuisement),3187148295,3420915485,431771961.1772119,463441061.1772119,720000000.0,93.2,127347688,$127M,-0.34
HBARUSDT,HBAR,Etabli,28,0.07542,4267687.18514,0.681,56.35120044965084,0.0002140419740685566,0.07018859999999999,0.08388399999999997,0.45772787487001193,0.2561270279599586,0.1319756069497182,0.5157159382815396,0.7378841637441592,0.06629444444444445,0.08245472222222221,,0,0,neutre,365,0,0,30,,,45.0,66.0,75.5,68.0,50,62,51.49,7,≈ Neutre vs BTC,False,False,,0,,,,62,2,,Volume ×0.5 (épuisement),3302500942,3767263775,43831559710.4306,50000000000.0,50000000000.0,87.7,,,
RENDERUSDT,RENDER,Etabli,84,1.466,1862757.66648,3.094,55.536951065030266,0.011791760608075397,1.4111399999999998,1.644905,0.5645890654390608,0.4162790697674419,0.3176744186046511,0.27497846175363455,0.6494189021896913,1.298111111111111,1.782027777777778,support_bounce|morning_star_4h,2,0,haussier,365,0,0,30,,,45.0,57.0,79.0,68.0,59.5,62,51.19,7,≈ Neutre vs BTC,False,False,,0,,,,62,2,,Volume ×0.3 (épuisement),758717580,780304714,518772101.28269154,533532274.5626915,644245094.0,97.2,,,
NEXOUSDT,NEXO,Etabli,77,0.862,388470.8261,4.866,64.86038500817659,0.007045161748146431,0.75764,0.829465,0.5400883328394985,0.1490909090909091,0.014891179839633461,0.419416388079849,0.8245249235670341,0.708777777777778,0.8347500000000001,,0,0,neutre,365,0,0,30,,,45.0,57.0,92.0,47.0,50,62,49.72,7,≈ Neutre vs BTC,False,False,,0,,,,62,4,⚠️ Surveiller,Volume ×0.4 (épuisement)|Près du plus haut 90j (résistance),858627219,858627219,1000000000.0,1000000000.0,1000000000.0,100.0,327145069,$327M,3.64
FORMUSDT,FORM,Mid,280,0.2483,1239571.76376,4.065,58.79165663006396,0.0001548978658897724,0.213516,0.23549400000000006,0.9643313693187053,0.3789222373806275,0.15143246930422927,0.7555640049083423,0.43045754992185253,0.19293333333333332,0.26016388888888886,uptrend,1,0,haussier,365,0,0,30,,,31.0,66.0,73.0,68.0,53.7,62,42.04,7,≈ Neutre vs BTC,False,False,,0,,,,62,0,,,95088882,142509077,381867255.14,572301922.1,580000000.0,66.7,,,
REDUSDT,RED,Mid,409,0.1107,630971.13891,-0.984,60.392693351216835,0.0006942145394935612,0.09797200000000002,0.12112850000000006,0.8436769038286974,0.26782608695652177,0.10526315789473682,0.5010355077069499,0.6170130542046006,0.08673333333333332,0.116575,morning_star_4h,1,0,haussier,365,0,0,30,,,31.0,66.0,73.0,57.5,52.3,62,41.12,7,≈ Neutre vs BTC,False,False,,0,,,,62,2,,Volume ×0.5 (épuisement),55060732,110857063,496682216.0,1000000000.0,1000000000.0,49.7,,,
THETAUSDT,THETA,Mid,187,0.1743,449997.80744,2.049,61.79492215547439,0.00020829107308452388,0.145602,0.17148550000000004,0.7155472554356506,0.3214285714285714,0.08469226722777487,0.4628484374356652,0.6408197193850537,0.12823333333333334,0.1758777777777778,double_bottom_90d|uptrend,2,0,haussier,365,0,0,30,,,31.0,57.0,77.5,47.0,59.5,62,39.9,7,≈ Neutre vs BTC,False,False,,0,,,,62,2,,Volume ×0.5 (épuisement),173642316,173642316,1000000000.0,1000000000.0,1000000000.0,100.0,,,
AUSDT,A,Mid,224,0.0767,165131.19491,-0.648,63.09226115834145,0.0008501011715829681,0.06741400000000003,0.07565949999999998,0.6608735467440662,0.24748743718592967,0.03894472361809052,0.1649208031873841,0.586289595145245,0.06053888888888887,0.07715555555555553,uptrend|doji_4h,1,0,haussier,365,0,0,30,,,31.0,57.0,89.5,47.0,53.7,62,40.27,7,≈ Neutre vs BTC,False,False,,0,,,,62,4,⚠️ Surveiller,Volume ×0.2 (épuisement)|Près du plus haut 90j (résistance),127340501,160726257,1663791944.0856,2100000000.0,2100000000.0,79.2,,,
SCRUSDT,SCR,Speculative,,0.02426,2495918.831155,5.893,62.930661766874906,0.00034003162459084386,0.021599600000000004,0.036271199999999996,0.7084528082665367,0.5400395452298566,0.4060800790904598,1.3328662941763552,0.5356855882176251,0.01951555555555556,0.03456805555555557,,0,0,neutre,365,0,0,30,,,17.0,75.0,59.5,68.0,50,62,32.57,7,≈ Neutre vs BTC,False,False,,0,,,,62,0,,,,,,,,,,,
AUDIOUSDT,AUDIO,Speculative,853,0.01317,1100481.518243,1.152,60.1242012770226,0.00010140831082921412,0.0126982,0.0168919,0.3224400958730567,0.32643678160919537,0.24195402298850568,0.6477394503591468,0.7837560562864601,0.012069166666666666,0.015817777777777778,,0,0,neutre,365,0,0,30,,,17.0,66.0,75.5,68.0,50,62,32.45,7,≈ Neutre vs BTC,False,False,,0,,,,62,0,,,19120351,19120351,1451657797.0,1451657797.802594,,100.0,,,
0GUSDT,0G,Speculative,580,0.166,752446.947213,3.88,52.74315505229848,0.0014959900175938266,0.16235600000000003,0.3977140000000003,0.781475520824184,0.639686684073107,0.5673629242819844,0.5656710411266103,0.49582363847141975,0.14618888888888887,0.31147222222222226,double_bottom_90d|support_bounce|doji_4h,2,0,haussier,343,0,0,30,,,16.4,66.0,55.0,57.5,63.0,62,30.75,7,≈ Neutre vs BTC,False,False,,0,,,,62,2,,Volume ×0.6 (épuisement),35276297,165461271,213199722.0,1000000000.0,,21.3,,,
ACMUSDT,ACM,Speculative,,0.286,724073.9967,-0.694,54.03570880139175,0.00036369945223287386,0.27818,0.36237999999999976,0.39271996096998435,0.24999999999999992,0.1781609195402299,0.36139977508570226,0.5316146376812917,0.2663333333333334,0.32683333333333336,,0,0,neutre,365,0,0,30,,,17.0,57.0,95.5,57.5,50,62,31.73,7,≈ Neutre vs BTC,False,False,,0,,,,62,2,,Volume ×0.4 (épuisement),,,,,,,,,
EULUSDT,EUL,Speculative,612,1.358,570120.30224,2.413,53.33650397918404,0.013477909713920266,1.271,1.1388799999999997,0.9255935922515413,0.5154819014391627,0.4099433057130397,0.22520222133723874,0.3374306076858697,0.9206666666666666,1.5829444444444447,morning_star_4h,1,0,haussier,322,0,0,30,,,15.8,73.0,59.5,57.5,52.3,62,30.83,7,≈ Neutre vs BTC,False,False,,0,,,,62,2,,Volume ×0.2 (épuisement),32599689,36899925,24014992.63484756,27182818.28459,27182818.0,88.3,381518712,$382M,0.72
ALPINEUSDT,ALPINE,Speculative,,0.359,193411.48326,3.458,57.8353532744087,0.0009165173527553548,0.32556000000000007,0.38541499999999973,0.9158908704163211,0.255639097744361,0.09774436090225572,0.5293277365354159,0.2923775799434619,0.3049722222222221,0.36805555555555547,uptrend|doji_4h,1,0,haussier,365,0,0,30,,,17.0,66.0,71.5,47.0,53.7,62,30.75,7,≈ Neutre vs BTC,False,False,,0,,,,62,2,,Volume ×0.5 (épuisement),,,,,,,,,
BARUSDT,BAR,Speculative,,0.282,167723.39145,0.0,58.20603577700019,0.0007503999975540087,0.2740999999999999,0.3901999999999998,0.24123347962176098,0.22985074626865673,0.15820895522388073,0.14517757909509535,0.49122435609637793,0.2620555555555555,0.3099722222222222,,0,0,neutre,365,0,0,30,,,17.0,57.0,95.5,47.0,50,62,30.89,7,≈ Neutre vs BTC,False,False,,0,,,,62,2,,Volume ×0.1 (épuisement),,,,,,,,,
USTCUSDT,USTC,Speculative,653,0.00531,139362.55956,1.53,52.667943173068515,1.9739089941615396e-05,0.0051892000000000015,0.0054880000000000016,0.5090025971889977,0.23885350318471332,0.15605095541401273,0.19441628291506402,0.5914812597888371,0.004917777777777779,0.006177499999999999,doji_4h,0,0,neutre,365,0,0,30,,,17.0,57.0,95.5,47.0,50,62,30.89,7,≈ Neutre vs BTC,False,False,,0,,,,62,2,,Volume ×0.2 (épuisement),29537605,32206709,5573211286.434086,6076822638.380122,,91.7,,,
SLPUSDT,SLP,Speculative,762,0.000623,123198.797548,1.964,56.884056058165704,1.1752227737091865e-06,0.0005569600000000001,0.0005900349999999998,0.8614316941993245,0.2454090150250418,0.09855072463768104,0.29197329832762586,0.5803943024436112,0.00047455555555555554,0.0006186388888888888,uptrend,1,0,haussier,365,0,0,30,,,17.0,57.0,89.5,47.0,53.7,62,30.75,7,≈ Neutre vs BTC,False,False,,0,,,,62,2,,Volume ×0.3 (épuisement),22525964,22525957,36228749546.0,36228737146.0,,100.0,3083114,$3M,-8.37
BNTUSDT,BNT,Speculative,619,0.3198,99107.7071,1.556,64.32763108641628,0.001308664610959645,0.28236000000000006,0.2926685,0.5416174974979245,0.18797489263297004,0.042814371257485134,0.21521989287195453,0.7939863161079637,0.2565361111111111,0.31159444444444445,,0,0,neutre,365,0,0,30,,,17.0,57.0,92.0,47.0,50,62,30.68,7,≈ Neutre vs BTC,False,False,,0,,,,62,4,⚠️ Surveiller,Volume ×0.2 (épuisement)|Près du plus haut 90j (résistance),32026108,32026108,100298289.4225699,100298289.4225699,110542364.6372305,100.0,16342535,$16M,-0.68
BANANAUSDT,BANANA,Speculative,951,3.852,95553.105249,1.102,51.763087122045,-0.02235413769430747,3.68266,3.6802950000000014,0.6059139555296503,0.25476603119584057,0.09749238340754636,0.10053932540543718,0.5667553408162653,2.7703611111111104,3.9674444444444443,macd_bearish_cross|golden_cross|uptrend|doji_4h,2,1,haussier,365,0,0,30,,,17.0,73.0,77.5,47.0,42.4,62,31.27,7,≈ Neutre vs BTC,False,False,,0,,,,62,5,⚠️ Surveiller,Volume ×0.1 (épuisement)|MACD cross baissier,15441117,32304937,4016415.7328564273,8402893.465936832,10000000.0,47.8,,,
LINKUSDT,LINK,Etabli,16,11.46,14153161.98689,1.246,66.9812671877458,0.022168013444245127,9.208000000000004,8.915760000000004,0.6631355857930599,0.1400764270360641,0.045204336947456195,0.2972068323330904,0.8207995741007772,7.448277777777777,10.654499999999999,golden_cross|uptrend,2,0,haussier,365,0,0,30,,,45.0,64.0,81.5,78.5,58.4,61,52.96,6,≈ Neutre vs BTC,False,False,,0,,,,61,4,⚠️ Surveiller,Volume ×0.3 (épuisement)|Près du plus haut 90j (résistance),8550813040,11430040608,748099970.424884,1000000000.0,1000000000.0,74.8,,,
CAKEUSDT,CAKE,Etabli,93,1.799,1626753.85855,5.39,71.74738290238392,0.009672343774320247,1.49446,1.428274999999999,0.4823422148102734,0.12226415094339617,0.0,0.7111442155345499,0.6976334654572196,1.286916666666667,1.6364166666666664,rsi_bearish_divergence|uptrend,1,1,mixte,365,0,0,30,,,45.0,73.0,100.0,68.0,32.5,61,52.75,6,≈ Neutre vs BTC,False,False,,0,,,,61,4,⚠️ Surveiller,Près du plus haut 90j (résistance)|Divergence RSI baissière,578978356,600054338,321189566.12582487,332881515.3436773,400000000.0,96.5,1871185663,$1.9B,-2.22
FETUSDT,FET,Mid,118,0.1546,11157963.18068,5.17,52.47786461567388,0.0009516867693105916,0.147826,0.18789749999999994,0.9885385199117042,0.5218417945690673,0.39236521054702866,0.622509215157464,0.6766886063652142,0.13286944444444443,0.21077500000000005,support_bounce|doji_4h,1,0,haussier,365,0,0,30,,,31.0,66.0,59.5,78.5,57.2,61,42.28,6,≈ Neutre vs BTC,False,False,,0,,,,61,0,,,349437849,419414285,2261507848.8082504,2714384546.672,2714384546.672,83.3,,,
JASMYUSDT,JASMY,Mid,159,0.00456,663887.362794,0.0,55.25285729650687,5.896393492898568e-05,0.0043040000000000005,0.0051417000000000025,0.8630135341405213,0.338374291115312,0.1379962192816636,0.6881179208217415,0.6762719710890701,0.003958611111111111,0.004987777777777778,,0,0,neutre,365,0,0,30,,,31.0,66.0,73.0,57.5,50,61,40.98,6,≈ Neutre vs BTC,False,False,,0,,,,61,0,,,225622582,228155105,49444999677.59027,50000000000.0,50000000000.0,98.9,,,
BARDUSDT,BARD,Mid,489,0.1283,400272.69605,7.006,61.78836087910256,0.0018210261016195664,0.11692600000000004,0.3427265,0.6864502040203888,0.432357813362783,0.29376035339591383,0.5897565691895682,0.5465214299177547,0.10851111111111111,0.16512499999999997,,0,0,neutre,347,0,0,30,,,30.5,66.0,73.0,47.0,50,61,39.8,6,≈ Neutre vs BTC,False,False,,0,,,,61,2,,Volume ×0.6 (épuisement),45229883,127971375,353437500.0,1000000000.0,1000000000.0,35.3,688140108,$688M,-0.77
FLOWUSDT,FLOW,Mid,461,0.02865,188388.602308,1.632,48.014178094454486,-0.000240238780583408,0.02799459999999999,0.03296345000000001,0.7563644835205232,0.21513157894736845,0.12728380024360533,0.32767146657414703,0.3723393225247402,0.025481111111111114,0.031038888888888887,,0,0,neutre,365,0,0,30,,,31.0,57.0,85.0,47.0,50,61,39.78,6,≈ Neutre vs BTC,False,False,,0,,,,61,3,,Volume ×0.3 (épuisement),48241514,48241514,1685415016.621036,1685415016.621036,,100.0,4681713,$5M,11.47
QTUMUSDT,QTUM,Mid,301,0.812,98825.2504,-1.576,57.217612268949026,0.0013903867355958485,0.71092,0.8212299999999995,0.6606290445802865,0.22113022113022107,0.09486607142857138,0.20143285089607407,0.6730930341963713,0.647638888888889,0.8251944444444443,,0,0,neutre,365,0,0,30,,,31.0,57.0,89.5,47.0,50,61,40.05,6,≈ Neutre vs BTC,False,False,,0,,,,61,2,,Volume ×0.2 (épuisement),86094290,87494356,106097054.5,107822406.0,,98.4,,,
QQQBUSDT,QQQB,Speculative,,719.28,2071395.25088,0.328,52.7498394817297,-0.4306103105669483,709.3345999999999,,0.17228010930910317,0.09264045708066933,0.021520881512719425,0.6556436079486601,,684.5533333333333,730.9345833333332,uptrend|doji_4h,1,0,haussier,62,0,0,30,,,8.7,54.0,90.0,68.0,53.7,61,26.46,6,≈ Neutre vs BTC,False,False,,0,,,,61,3,,Près du plus haut 90j (résistance),,,,,,,,,
NEIROUSDT,NEIRO,Speculative,566,8.679e-05,803923.52291669,-1.162,58.56333082127345,1.1746263493593405e-07,6.889219999999999e-05,7.268720000000002e-05,1.4184853796989232,0.24547125229719094,0.16676267281105994,0.23379461320658004,0.5565312920985216,5.911388888888889e-05,8.406777777777776e-05,double_bottom_90d|uptrend,2,0,haussier,365,0,0,30,,,17.0,57.0,74.5,57.5,59.5,61,31.04,6,≈ Neutre vs BTC,False,False,,0,,,,61,2,,Volume ×0.2 (épuisement),36416128,36416128,420690000000.0,420690000000.0,420690000000.0,100.0,,,
TOWNSUSDT,TOWNS,Speculative,,0.00256,673055.91902,-1.538,56.87907989506504,1.0429230585745462e-05,0.0022394,0.0029034500000000006,0.9682931742365347,0.3404255319148936,0.09219858156028363,0.28571834868041057,0.3155909587195447,0.0019102777777777777,0.002586388888888889,uptrend|morning_star_4h,2,0,haussier,365,0,0,30,,,17.0,57.0,77.5,57.5,56.0,61,31.01,6,≈ Neutre vs BTC,False,False,,0,,,,61,2,,Volume ×0.3 (épuisement),,,,,,,,,
AMPUSDT,AMP,Speculative,527,0.000442,629171.65619,-2.857,56.029561775918424,5.3977383281956105e-06,0.0004119,0.0008039950000000005,0.781045683577451,0.4248062015503875,0.31162790697674414,0.6527741198468889,0.6021404942608519,0.00038277777777777784,0.00057675,doji_4h,0,0,neutre,365,0,0,30,,,17.0,66.0,68.5,57.5,50,61,31.19,6,≈ Neutre vs BTC,False,False,,0,,,,61,0,,,39766222,44168468,89781193103.18022,99720253743.71327,100000000000.0,90.0,,,
RADUSDT,RAD,Speculative,,0.234,473838.48,1.299,52.447753397555886,-0.0010705858118970693,0.22132000000000002,0.23406500000000022,1.0640714746242672,0.17518248175182485,0.14963503649635038,0.5051207430036626,0.23022747644855657,0.20527777777777784,0.24480555555555558,,0,0,neutre,365,0,0,30,,,17.0,66.0,68.5,47.0,50,61,30.35,6,≈ Neutre vs BTC,False,False,,0,,,,61,3,,Volume ×0.5 (épuisement),,,,,,,,,
KERNELUSDT,KERNEL,Speculative,,0.0387,250170.7983,0.259,57.77141020936851,0.00034045260962019025,0.035022,0.060155499999999966,0.6592981785801887,0.4783333333333333,0.3566666666666666,0.8824608233776848,0.5880132791194904,0.03239166666666668,0.052038888888888885,,0,0,neutre,365,0,0,30,,,17.0,66.0,68.5,47.0,50,61,30.35,6,≈ Neutre vs BTC,False,False,,0,,,,61,0,,,,,,,,,1099745841,$1.1B,0.64
YGGUSDT,YGG,Speculative,788,0.02281,244410.665662,3.918,58.561348390989934,7.868485035558963e-05,0.0200296,0.03168565,0.7386678825669288,0.46635658914728684,0.29550387596899225,0.5368895557401369,0.7048202234896424,0.018056111111111113,0.027313055555555563,uptrend,1,0,haussier,365,0,0,30,,,17.0,66.0,65.0,47.0,53.7,61,30.36,6,≈ Neutre vs BTC,False,False,,0,,,,61,2,,Volume ×0.5 (épuisement),21408612,22714203,942520953.7974339,1000000000.0,1000000000.0,94.3,,,
FUSDT,F,Speculative,,0.00324,204747.660942,2.015,57.57899008220924,3.7377656532449253e-05,0.0030434800000000008,0.0045373199999999975,0.7311277945442961,0.4245689655172414,0.2991379310344827,0.78825200163239,0.6680147609930294,0.002780833333333333,0.004060277777777777,doji_4h,0,0,neutre,310,0,0,30,,,15.5,66.0,73.0,47.0,50,61,29.6,6,≈ Neutre vs BTC,False,False,,0,,,,61,0,,,,,,,,,3073898,$3M,-1.05
TUSDT,T,Speculative,510,0.00373,195996.974688,2.473,54.6505789171326,1.8029800289160024e-05,0.0036713999999999996,0.005075800000000004,0.5980927108317746,0.4000000000000001,0.30925925925925934,0.4447955964661356,0.30500368237382586,0.0033122222222222225,0.004371111111111112,double_bottom_90d,1,0,haussier,365,0,0,30,,,17.0,57.0,79.0,47.0,55.8,61,30.25,6,≈ Neutre vs BTC,False,False,,0,,,,61,2,,Volume ×0.4 (épuisement),41613762,41613762,11155000000.0,11155000000.0,,100.0,346362058,$346M,0.62
FTTUSDT,FTT,Speculative,,0.2279,144860.692979,2.197,58.62438818778341,0.0009657545018101187,0.20911999999999994,0.27174650000000006,0.44859269983749983,0.3906991458399241,0.27902562480227777,0.3851474981420336,0.4382099286765076,0.1972555555555556,0.2768583333333334,uptrend,1,0,haussier,365,0,0,30,,,17.0,57.0,83.5,47.0,53.7,61,30.39,6,≈ Neutre vs BTC,False,False,,0,,,,61,2,,Volume ×0.4 (épuisement),,,,,,,,,
GTCUSDT,GTC,Speculative,,0.0842,86900.400821,-0.19,51.254271209726106,-0.0006872911487033583,0.07807619999999998,0.08558405000000009,0.6627041996059877,0.24999999999999992,0.08473838790383979,0.12241851497358196,0.57455447935373,0.06702694444444444,0.08816805555555558,,0,0,neutre,365,0,0,30,,,17.0,57.0,89.5,47.0,50,61,30.53,6,≈ Neutre vs BTC,False,False,,0,,,,61,3,,Volume ×0.1 (épuisement),,,,,,,,,
QUICKUSDT,QUICK,Speculative,,0.00912,27112.09316,0.11,60.62459653239902,3.8960406629097465e-05,0.0081904,0.009077250000000004,0.4618496101828049,0.2526096033402923,0.04906054279749478,0.10757435152825427,0.25902301542834794,0.007119444444444444,0.009301111111111109,uptrend,1,0,haussier,365,0,0,30,,,17.0,57.0,82.0,47.0,53.7,61,30.3,6,≈ Neutre vs BTC,False,False,,0,,,,61,4,⚠️ Surveiller,Volume ×0.1 (épuisement)|Près du plus haut 90j (résistance),,,,,,,163522889,$164M,-6.91
ENAUSDT,ENA,Etabli,53,0.1597,23137695.297729,3.099,70.21216648036363,0.0036668426384495537,0.10021000000000001,0.09930000000000005,1.386193078269754,0.3625,0.06290417401528521,0.4563558547771835,0.4104744500402784,0.07599444444444443,0.13103055555555557,golden_cross|double_bottom_90d|uptrend,3,0,haussier,365,0,0,30,,,45.0,64.0,67.0,78.5,64.2,60,52.43,5,≈ Neutre vs BTC,False,False,,0,,,,60,2,,Volume ×0.5 (épuisement),1573674626,2401792752,9828125000.0,15000000000.0,15000000000.0,65.5,4075862797,$4.1B,-0.4
ICPUSDT,ICP,Etabli,60,2.447,3895260.47377,-0.77,57.88633943949581,0.0077252518744515275,2.2217400000000005,2.406404999999999,0.5912506234931002,0.3482603092783505,0.2119845360824742,0.4156950631445616,0.4809733444618356,2.084777777777778,2.5599999999999996,,0,0,neutre,365,0,0,30,,,45.0,57.0,83.5,68.0,50,60,50.89,5,≈ Neutre vs BTC,False,False,,0,,,,60,2,,Volume ×0.4 (épuisement),1357824436,1357824436,556174934.4599333,556174934.4599333,,100.0,,,
PAXGUSDT,PAXG,Etabli,45,4463.61,3280117.956922,0.153,52.827721830548604,-21.03930134087001,4257.5726,4528.234099999998,0.2855410243449084,0.1084198565824024,0.04494540692860223,0.09314344913823676,0.6028273818527329,4008.6836111111106,4521.543611111112,macd_bearish_cross|uptrend,1,1,mixte,365,0,0,30,,,45.0,57.0,100.0,68.0,37.6,60,51.14,5,≈ Neutre vs BTC,False,False,,0,,,,60,7,🔴 Sortie,Volume ×0.1 (épuisement)|Près du plus haut 90j (résistance)|MACD cross baissier,1924989812,1924989812,431312.961051,431312.961051,,100.0,1913461805,$1.9B,-3.25
ETHFIUSDT,ETHFI,Etabli,99,0.5527,1834891.63112,3.638,57.91019926166928,-0.0032511452959294723,0.45575200000000005,0.4387329999999999,1.0894437606992378,0.22933794893985285,0.1058690012970169,0.26133242335506296,0.44435889640054355,0.31208333333333327,0.5400611111111111,macd_bearish_cross,0,1,baissier,365,0,0,30,,,45.0,73.0,74.5,68.0,33.9,60,51.31,5,≈ Neutre vs BTC,False,False,,0,,,,60,5,⚠️ Surveiller,Volume ×0.3 (épuisement)|MACD cross baissier,532419795,532419795,965350000.0,965350000.0,1000000000.0,100.0,4331667018,$4.3B,1.61
ALGOUSDT,ALGO,Etabli,82,0.0871,699557.5849,1.044,50.77640880936507,1.9768441724363553e-05,0.084566,0.09591699999999996,0.7046405685492542,0.3104982206405694,0.22508896797153027,0.15461028629258497,0.6487327886940712,0.07959166666666667,0.09835,uptrend,1,0,haussier,365,0,0,30,,,45.0,57.0,73.0,57.5,53.7,60,49.64,5,≈ Neutre vs BTC,False,False,,0,,,,60,2,,Volume ×0.2 (épuisement),784596083,784597360,9037418522.327364,9037439034.424604,10000000000.0,100.0,,,
XPLUSDT,XPL,Mid,146,0.08891,5742579.108664,5.107,53.212199132224725,2.647092779541147e-06,0.08285600000000003,0.09443544999999995,0.9101509274265306,0.34893617021276596,0.21215616681455193,0.3161826184242504,0.47544210467952963,0.07175722222222222,0.10481222222222224,uptrend,1,0,haussier,340,0,0,30,,,30.3,57.0,73.0,78.5,53.7,60,41.34,5,≈ Neutre vs BTC,False,False,,0,,,,60,2,,Volume ×0.3 (épuisement),246756431,888323150,2777777777.7778,10000000000.0,,27.8,,,
ZROUSDT,ZRO,Mid,115,1.103,4394762.30002,3.277,61.235208265016766,0.013256457769961788,0.8727799999999999,1.3398549999999998,1.0053604908757532,0.4272,0.11839999999999992,0.6163381776719791,0.3115241902586822,0.7622499999999999,1.1264722222222223,,0,0,neutre,365,0,0,30,,,31.0,66.0,62.5,68.0,50,60,41.19,5,≈ Neutre vs BTC,False,False,,0,,,,60,0,,,388121805,1098520141,353313325.89,1000000000.0,1000000000.0,35.3,7313826782,$7.3B,5.2
SEIUSDT,SEI,Mid,130,0.0458,662069.619437,-0.109,54.46824192925395,0.0003403456732898166,0.0439274,0.05597575000000002,0.558771150577604,0.3832507591497523,0.2692983858078952,0.18705721312327542,0.683220524996531,0.0405625,0.05569333333333334,,0,0,neutre,365,0,0,30,,,31.0,57.0,83.5,57.5,50,60,40.53,5,≈ Neutre vs BTC,False,False,,0,,,,60,2,,Volume ×0.2 (épuisement),307754612,457061305,6733333333.0,10000000000.0,,67.3,,,
ARUSDT,AR,Mid,211,2.103,488382.13808,2.535,56.052653029633916,0.00677383046310967,1.9037400000000004,1.942520000000001,0.7188443354527508,0.3213438735177865,0.1691699604743083,0.19811046614348846,0.5173299282669701,1.7544444444444443,2.192027777777778,uptrend,1,0,haussier,365,0,0,30,,,31.0,57.0,73.0,47.0,53.7,60,39.28,5,≈ Neutre vs BTC,False,False,,0,,,,60,2,,Volume ×0.2 (épuisement),137919894,137919894,65652466.0,65652466.0,66000000.0,100.0,,,
ALTUSDT,ALT,Mid,490,0.00633,440845.27262,2.097,52.054301220813436,-6.096906514624221e-06,0.006131799999999998,0.006833499999999999,0.5448900123751557,0.18260869565217389,0.08959537572254334,0.4872186653120436,0.47735855689310147,0.0056458333333333326,0.006781388888888889,macd_bearish_cross|uptrend,1,1,mixte,365,0,0,30,,,31.0,57.0,100.0,47.0,37.6,60,39.94,5,≈ Neutre vs BTC,False,False,,0,,,,60,5,⚠️ Surveiller,Volume ×0.5 (épuisement)|MACD cross baissier,44890015,62991250,7126388885.0,10000000000.0,10000000000.0,71.3,,,
METUSDT,MET,Mid,255,0.1971,406908.64349,-2.954,51.81000890046886,-0.0011878736935454076,0.17403599999999997,0.159298,0.973172107428607,0.3246346555323591,0.19469387755102038,0.3340128090667244,0.4052020632383289,0.1105611111111111,0.20654999999999998,macd_bearish_cross,0,1,baissier,291,0,0,30,,,29.0,73.0,73.0,47.0,33.9,60,38.64,5,≈ Neutre vs BTC,False,False,,0,,,,60,5,⚠️ Surveiller,Volume ×0.3 (épuisement)|MACD cross baissier,107545452,196814321,545192710.994403,997733806.171885,1000000000.0,54.6,214271640,$214M,-1.07
YFIUSDT,YFI,Mid,310,2272.0,378682.97825,0.575,58.686434473631344,12.392096574301043,2104.94,2349.38,0.45165663095280956,0.2861378799110452,0.1608598962194218,0.24997420727819908,0.408325913532104,1729.9166666666667,2298.6388888888887,,0,0,neutre,365,0,0,30,,,31.0,57.0,83.5,47.0,50,60,39.69,5,≈ Neutre vs BTC,False,False,,0,,,,60,2,,Volume ×0.2 (épuisement),81727486,83064209,36075.94701468851,36666.0,36666.0,98.4,183213440,$183M,-1.63
KMNOUSDT,KMNO,Mid,212,0.0254,284127.63039,-0.118,60.979918954403644,0.0003529545398076538,0.0198106,0.020402100000000006,1.1116147446704603,0.18197776477472213,0.13397129186602869,0.25464440566449376,0.5120738568723208,0.016175833333333334,0.023723055555555553,uptrend,1,0,haussier,365,0,0,30,,,31.0,57.0,74.5,47.0,53.7,60,39.37,5,≈ Neutre vs BTC,False,False,,0,,,,60,2,,Volume ×0.3 (épuisement),137380598,253507076,5419178410.75,9999957012.498665,10000000000.0,54.2,1258250858,$1.3B,6.43
ROSEUSDT,ROSE,Mid,469,0.00603,215742.878444,2.203,54.91231056208423,1.7181117908701856e-05,0.005599,0.008755350000000009,0.7336981642123153,0.37484737484737474,0.2637362637362637,0.20517151901624284,0.6842523388587535,0.005266944444444444,0.00698888888888889,uptrend|doji_4h,1,0,haussier,365,0,0,30,,,31.0,57.0,73.0,47.0,53.7,60,39.28,5,≈ Neutre vs BTC,False,False,,0,,,,60,2,,Volume ×0.2 (épuisement),47784118,60251061,7930834385.0,10000000000.0,10000000000.0,79.3,,,
BATUSDT,BAT,Mid,262,0.0698,167381.6312,3.254,55.58219608640546,0.0008861350867402877,0.06957400000000002,0.0925725,0.5918631341104434,0.4563758389261745,0.32981783317353786,0.433748823427849,0.6502119034500562,0.06241944444444447,0.093975,,0,0,neutre,365,0,0,30,,,31.0,57.0,79.0,47.0,50,60,39.42,5,≈ Neutre vs BTC,False,False,,0,,,,60,2,,Volume ×0.4 (épuisement),104708922,105008220,1495724656.9526057,1500000000.0,1500000000.0,99.7,,,
XECUSDT,XEC,Mid,208,6.97e-06,155180.68990707,1.014,53.232023105744915,-1.6574603545945945e-09,6.803200000000002e-06,6.761649999999997e-06,0.6961979483817438,0.31958762886597936,0.19702176403207328,0.29352055007405503,0.18036839073621722,5.1175e-06,7.689444444444445e-06,macd_bearish_cross|golden_cross,1,1,mixte,365,0,0,30,,,31.0,73.0,67.0,47.0,38.7,60,39.94,5,≈ Neutre vs BTC,False,False,,0,,,,60,5,⚠️ Surveiller,Volume ×0.3 (épuisement)|MACD cross baissier,140159367,140159563,20076545297580.0,20076582797580.0,21000000000000.0,100.0,,,
XTZUSDT,XTZ,Mid,153,0.2202,152284.16292,1.475,52.06442210662289,0.0004991326736230842,0.21448400000000006,0.3031854999999999,0.5396934451735139,0.34111675126903546,0.2554991539763113,0.21506424531206267,0.671362726255555,0.19850833333333334,0.25775277777777766,,0,0,neutre,365,0,0,30,,,31.0,57.0,83.5,47.0,50,60,39.69,5,≈ Neutre vs BTC,False,False,,0,,,,60,2,,Volume ×0.2 (épuisement),240778514,245172362,1094814140.897813,1114795479.949885,,98.2,,,
BLURUSDT,BLUR,Mid,478,0.01618,104805.796345,0.622,61.43003938164924,0.00018425165403799766,0.014842800000000005,0.019414899999999992,0.5978586891676384,0.3996291145108947,0.2517385257301807,0.28746373380065937,0.46525117258294885,0.01341111111111111,0.01905888888888889,,0,0,neutre,365,0,0,30,,,31.0,57.0,83.5,47.0,50,60,39.69,5,≈ Neutre vs BTC,False,False,,0,,,,60,2,,Volume ×0.3 (épuisement),46367693,48351916,2876888624.1438355,3000000000.0,3000000000.0,95.9,17500622,$18M,0.79
SFPUSDT,SFP,Mid,219,0.2612,50306.2582,1.912,57.03161798513439,-0.0012942127044291603,0.23307599999999998,0.2647254999999998,0.522716761338205,0.2321630804077011,0.0712250712250713,0.1738310786626764,0.5413456482592499,0.21068888888888881,0.2652333333333333,macd_bearish_cross|uptrend,1,1,mixte,365,0,0,30,,,31.0,57.0,100.0,47.0,37.6,60,39.94,5,≈ Neutre vs BTC,False,False,,0,,,,60,5,⚠️ Surveiller,Volume ×0.2 (épuisement)|MACD cross baissier,130396980,130396980,500000000.0,500000000.0,500000000.0,100.0,,,
XNOUSDT,XNO,Mid,430,0.394,47369.71057,-0.253,51.506833854464624,0.0002823030642230429,0.3832,0.4313050000000002,0.5542605914416086,0.2979214780600462,0.18464730290456424,0.43656312242880857,0.2365846245714777,0.3164166666666666,0.4339722222222223,,0,0,neutre,365,0,0,30,,,31.0,57.0,77.5,47.0,50,60,39.33,5,≈ Neutre vs BTC,False,False,,0,,,,60,2,,Volume ×0.4 (épuisement),51890641,51890641,133248297.0,133248297.0,133248297.0,100.0,,,
ATUSDT,AT,Speculative,633,0.1334,992399.04405,0.984,41.88850476543219,-0.0019659208836959154,0.14412400000000003,0.14759949999999994,0.8759034068469704,0.19987922705314004,0.19384057971014487,2.653457561770425,0.09653912820728654,0.12597222222222224,0.16023888888888893,,0,0,neutre,277,0,0,30,,,14.6,55.0,79.0,57.5,50,60,28.86,5,≈ Neutre vs BTC,False,False,,0,,,,60,1,,,30726726,133594463,230000000.0,1000000000.0,1000000000.0,23.0,,,
PEOPLEUSDT,PEOPLE,Speculative,511,0.00817,609571.167289,-0.244,49.62266587077505,-0.0002229491175807346,0.0072315999999999995,0.0067871000000000025,1.6450265633591388,0.3107394366197183,0.27992957746478875,0.596102127186026,0.43618318299111236,0.005105833333333334,0.008939722222222224,macd_bearish_cross|uptrend,1,1,mixte,365,0,0,30,,,17.0,82.0,52.0,57.5,37.6,60,31.38,5,≈ Neutre vs BTC,False,False,,0,,,,60,5,⚠️ Surveiller,Volume ×0.6 (épuisement)|MACD cross baissier,41407842,41407842,5066480892.014003,5066480892.014003,,100.0,,,
ACHUSDT,ACH,Speculative,,0.00502,564668.66379,-1.181,63.366087851753,4.2979341499043355e-05,0.0044691999999999996,0.005897199999999999,0.5709742981599192,0.30743243243243235,0.152027027027027,0.16827355055176058,0.5251216817171755,0.004160833333333332,0.005476944444444445,doji_4h,0,0,neutre,365,0,0,30,,,17.0,57.0,83.5,57.5,50,60,31.01,5,≈ Neutre vs BTC,False,False,,0,,,,60,2,,Volume ×0.2 (épuisement),,,,,,,,,
AIUSDT,AI,Speculative,701,0.0187,451776.1569,-4.103,52.531488749044456,6.54567806293323e-05,0.01855,0.021173,0.4916586668134153,0.3061224489795918,0.24081632653061233,0.3604809955007401,0.29743494154884215,0.017363888888888897,0.023283333333333336,,0,0,neutre,365,0,0,30,,,17.0,57.0,77.5,47.0,50,60,29.81,5,≈ Neutre vs BTC,False,False,,0,,,,60,2,,Volume ×0.4 (épuisement),26334167,201844602,1304675313.0,10000000000.0,10000000000.0,13.0,,,
IDUSDT,ID,Speculative,,0.0325,411030.5508,4.502,58.553810568536534,0.0003101367288402385,0.030325999999999995,0.034368499999999996,0.6209673468431786,0.35731414868105515,0.21822541966426867,0.39369062811079103,0.3321382974556758,0.026519444444444443,0.03872777777777778,uptrend|doji_4h,1,0,haussier,365,0,0,30,,,17.0,57.0,73.0,47.0,53.7,60,29.76,5,≈ Neutre vs BTC,False,False,,0,,,,60,2,,Volume ×0.4 (épuisement),,,,,,,,,
SPELLUSDT,SPELL,Speculative,,8.39e-05,348740.468487,2.567,51.89873299655848,3.3559584039006784e-07,8.1862e-05,0.00013597900000000002,0.4735470596894895,0.46544428772919605,0.4090267983074753,0.31298095703011314,0.4739829506474922,7.751388888888889e-05,0.0001310777777777778,,0,0,neutre,365,0,0,30,,,17.0,57.0,79.0,47.0,50,60,29.9,5,≈ Neutre vs BTC,False,False,,0,,,,60,2,,Volume ×0.3 (épuisement),,,,,,,4682446,$5M,0.56
LAYERUSDT,LAYER,Speculative,,0.0681,318485.857731,-0.147,57.86129807768737,0.0003813059677787707,0.06369799999999998,0.07705250000000002,0.46592327356380175,0.2503225806451613,0.12000000000000004,0.24469855498637008,0.5359958606420133,0.05999444444444443,0.07384722222222223,,0,0,neutre,365,0,0,30,,,17.0,57.0,83.5,47.0,50,60,30.17,5,≈ Neutre vs BTC,False,False,,0,,,,60,2,,Volume ×0.2 (épuisement),,,,,,,11225607,$11M,9.38
BELUSDT,BEL,Speculative,,0.119,241321.25017,-0.585,59.28414462721344,0.00043646629410279284,0.10614199999999997,0.10486500000000001,0.6259185558546033,0.5190133607399794,0.39003083247687564,0.1061226479504987,0.23986699914422513,0.08684722222222221,0.14218333333333333,,0,0,neutre,365,0,0,30,,,17.0,73.0,53.5,47.0,50,60,30.29,5,≈ Neutre vs BTC,False,False,,0,,,,60,2,,Volume ×0.1 (épuisement),,,,,,,,,
API3USDT,API3,Speculative,600,0.2344,223956.21396,4.178,63.09847636904712,0.0024902321110245812,0.20931599999999995,0.2730235000000002,0.5031013688943985,0.35412335412335416,0.19161469161469166,0.40671289124697463,0.6811979909620625,0.19001388888888887,0.26911944444444447,,0,0,neutre,365,0,0,30,,,17.0,57.0,83.5,47.0,50,60,30.17,5,≈ Neutre vs BTC,False,False,,0,,,,60,2,,Volume ×0.4 (épuisement),33808995,42264509,145169018.07666272,181475295.6990914,,80.0,17890879,$18M,-1.67
DOGSUSDT,DOGS,Speculative,814,3.979e-05,169858.56613816,1.118,57.089401730336945,1.9191177014821397e-07,3.671140000000001e-05,3.7662299999999993e-05,0.6263958300207488,0.3155870445344129,0.19372469635627526,0.16118767863909952,0.612137177444767,3.450638888888889e-05,4.456722222222223e-05,uptrend,1,0,haussier,365,0,0,30,,,17.0,57.0,73.0,47.0,53.7,60,29.76,5,≈ Neutre vs BTC,False,False,,0,,,,60,2,,Volume ×0.2 (épuisement),20563504,21886651,516750000000.0,550000000000.0,550000000000.0,94.0,,,
CHRUSDT,CHR,Speculative,,0.01518,144667.05451,3.406,55.697369049122464,6.687145361466713e-05,0.0139952,0.017692650000000008,0.7962657608995836,0.3727598566308243,0.22324628776241678,0.3978901079158511,0.5968849890307337,0.012805000000000002,0.0168575,uptrend,1,0,haussier,365,0,0,30,,,17.0,57.0,73.0,47.0,53.7,60,29.76,5,≈ Neutre vs BTC,False,False,,0,,,,60,2,,Volume ×0.4 (épuisement),,,,,,,,,
LAZIOUSDT,LAZIO,Speculative,,0.397,102011.80229,0.253,61.863972505611635,0.0030232311153368975,0.36432,0.5495299999999995,0.3972236227612513,0.3603082851637765,0.23506743737957608,0.18395002532372187,0.5215785824137471,0.3436388888888888,0.47850000000000015,doji_4h,0,0,neutre,365,0,0,30,,,17.0,57.0,83.5,47.0,50,60,30.17,5,≈ Neutre vs BTC,False,False,,0,,,,60,2,,Volume ×0.2 (épuisement),,,,,,,,,
ASRUSDT,ASR,Speculative,,0.887,91014.1845,0.91,52.626403069328404,2.9221254274144556e-05,0.86652,1.1019950000000014,0.283789784726118,0.2996575342465753,0.24058219178082185,0.19585588834824835,0.2464086361785337,0.8354444444444444,1.052388888888889,uptrend,1,0,haussier,365,0,0,30,,,17.0,57.0,77.5,47.0,53.7,60,30.03,5,≈ Neutre vs BTC,False,False,,0,,,,60,2,,Volume ×0.2 (épuisement),,,,,,,,,
ANIMEUSDT,ANIME,Speculative,,0.00268,83721.238664,2.29,54.109270282276995,6.0839253629330786e-06,0.0025826,0.003830349999999998,0.5671691563521538,0.35068493150684926,0.2657534246575342,0.3953807557462879,0.6665170958224792,0.0024130555555555554,0.003151666666666666,,0,0,neutre,365,0,0,30,,,17.0,57.0,83.5,47.0,50,60,30.17,5,≈ Neutre vs BTC,False,False,,0,,,,60,2,,Volume ×0.4 (épuisement),,,,,,,,,
CTKUSDT,CTK,Speculative,841,0.1195,70489.47551,2.312,58.92663908210958,0.0004669594290041411,0.10610600000000005,0.14880049999999995,0.6422955838796118,0.3755186721991701,0.17842323651452283,0.34180796198969665,0.6020074073187021,0.09869166666666668,0.1294472222222222,uptrend,1,0,haussier,365,0,0,30,,,17.0,57.0,73.0,47.0,53.7,60,29.76,5,≈ Neutre vs BTC,False,False,,0,,,,60,2,,Volume ×0.3 (épuisement),19407012,19408699,163245731.0,163259923.0,,100.0,,,
PORTOUSDT,PORTO,Speculative,,0.459,61674.83963,1.101,54.066049595103465,0.002056347515073936,0.4531,0.7311949999999999,0.30598390259771746,0.37419354838709673,0.2596774193548387,0.11335385606176786,0.43271830753128426,0.4201388888888889,0.5758055555555557,,0,0,neutre,365,0,0,30,,,17.0,57.0,83.5,47.0,50,60,30.17,5,≈ Neutre vs BTC,False,False,,0,,,,60,2,,Volume ×0.1 (épuisement),,,,,,,,,
QKCUSDT,QKC,Speculative,952,0.002121,56810.038196,2.365,55.31730687927876,5.304459435468431e-07,0.0020022000000000004,0.002664195,0.40018590042045243,0.307204180664427,0.20828667413213883,0.41982445435673005,0.5837984941758432,0.001903194444444445,0.0025206388888888882,,0,0,neutre,365,0,0,30,,,17.0,57.0,83.5,47.0,50,60,30.17,5,≈ Neutre vs BTC,False,False,,0,,,,60,2,,Volume ×0.4 (épuisement),15434650,21243651,7265535754.0,10000000000.0,,72.7,,,
CVCUSDT,CVC,Speculative,823,0.0202,35123.74212,0.899,59.68363531337259,0.0002374536164437131,0.018872000000000003,0.026125550000000018,0.5888213563886593,0.3773156899810965,0.2362948960302458,0.16614424021353402,0.6888282768540455,0.017574444444444445,0.023658055555555557,,0,0,neutre,365,0,0,30,,,17.0,57.0,83.5,47.0,50,60,30.17,5,≈ Neutre vs BTC,False,False,,0,,,,60,2,,Volume ×0.2 (épuisement),20232205,20232205,1000000000.0,1000000000.0,,100.0,,,
TAOUSDT,TAO,Etabli,42,238.5,8278910.08989,1.576,60.69970043489544,2.1870341165064957,204.90000000000003,235.09700000000018,0.6787007161487492,0.3072378138847859,0.11890694239290996,0.22770888693231695,0.6731021649314894,190.66111111111115,245.625,,0,0,neutre,365,0,0,30,,,45.0,57.0,73.0,78.5,50,59,51.1,4,≈ Neutre vs BTC,False,False,,0,,,,59,2,,Volume ×0.2 (épuisement),2291002472,5012878045,9597491.0,21000000.0,21000000.0,45.7,,,
WLFIUSDT,WLFI,Etabli,48,0.0587,2260596.34331,1.557,52.32602407663648,-0.0001946520208879265,0.05673799999999999,0.07345949999999998,0.43453783609674657,0.18312101910828021,0.07006369426751584,0.2869459947761087,0.1449639234553508,0.05370555555555554,0.062066666666666666,macd_bearish_cross|uptrend,1,1,mixte,364,0,0,30,,,45.0,57.0,94.0,68.0,37.6,59,50.76,4,≈ Neutre vs BTC,False,False,,0,,,,59,5,⚠️ Surveiller,Volume ×0.3 (épuisement)|MACD cross baissier,1858544230,5848727176,31776900758.0,100000000000.0,100000000000.0,31.8,,,
ETCUSDT,ETC,Etabli,66,7.44,662129.1361,-0.668,55.70630499982093,0.038899484971570614,6.872799999999999,7.87755,0.7989225679114398,0.21243523316062174,0.11017964071856287,0.2514349738239946,0.746155736837356,6.351666666666666,7.694166666666667,,0,0,neutre,365,0,0,30,,,45.0,57.0,77.0,57.5,50,59,49.66,4,≈ Neutre vs BTC,False,False,,0,,,,59,2,,Volume ×0.3 (épuisement),1175173091,1175176011,158006628.6481386,158007415.0974989,210700000.0,100.0,,,
VIRTUALUSDT,VIRTUAL,Mid,110,0.7025,2100915.91037,2.465,57.267873805881635,0.0028330208662076667,0.6121940000000001,0.6587179999999999,0.8624629697167052,0.2794723825226711,0.11504536290322573,0.22208825035080587,0.6661636801031298,0.5321694444444445,0.7047388888888888,doji_4h,0,0,neutre,365,0,0,30,,,31.0,57.0,73.0,68.0,50,59,40.74,4,≈ Neutre vs BTC,False,False,,0,,,,59,2,,Volume ×0.2 (épuisement),461538870,701015789,658385841.8252224,1000000000.0,1000000000.0,65.8,,,
LDOUSDT,LDO,Mid,132,0.3654,1735971.349142,2.756,59.242236877658385,0.002643898499378383,0.340408,0.3256859999999999,0.897149253400864,0.2978936810431293,0.0866849862603048,0.4254120700243172,0.4560665043873539,0.25279166666666664,0.3834666666666667,double_top_90d,0,1,baissier,365,0,0,30,,,31.0,73.0,77.5,68.0,28.4,59,41.63,4,≈ Neutre vs BTC,False,False,,0,,,,59,4,⚠️ Surveiller,Volume ×0.4 (épuisement)|Double sommet,304034593,364483739,834151322.8543006,1000000000.0,1000000000.0,83.4,23618597224,$23.6B,1.81
CRVUSDT,CRV,Mid,107,0.3051,1655713.42407,1.194,59.20520226829004,-0.0011302020557392226,0.24354600000000004,0.23118950000000013,1.0514592939156433,0.27957828973057397,0.11237263464337706,0.38522314606813574,0.5872408552336257,0.19258333333333336,0.29395833333333327,macd_bearish_cross|uptrend,1,1,mixte,365,0,0,30,,,31.0,73.0,62.5,68.0,37.6,59,41.29,4,≈ Neutre vs BTC,False,False,,0,,,,59,5,⚠️ Surveiller,Volume ×0.4 (épuisement)|MACD cross baissier,472580633,734759546,1552623789.0,2413997427.021167,3030303031.0,64.3,1333304904,$1.3B,0.58
SUSDT,S,Mid,240,0.02952,657678.478723,-1.337,61.351253387555374,0.000511645938846213,0.024364399999999998,0.035818300000000004,0.9623865627281025,0.4595905172413793,0.20447198275862066,0.28730069431158517,0.5226164232856735,0.021400833333333334,0.03258,,0,0,neutre,365,0,0,30,,,31.0,57.0,73.0,57.5,50,59,39.9,4,≈ Neutre vs BTC,False,False,,0,,,,59,2,,Volume ×0.3 (épuisement),114597913,114597913,3885497663.0,3885497663.0,,100.0,,,
WUSDT,W,Mid,390,0.00936,537212.398113,3.769,54.68970920665422,4.2992903499852785e-05,0.008866800000000001,0.012609349999999997,0.6174165941082848,0.374015748031496,0.26535433070866143,0.38352048417257667,0.5129879597810841,0.008215833333333332,0.010920277777777775,,0,0,neutre,365,0,0,30,,,31.0,57.0,73.0,57.5,50,59,39.9,4,≈ Neutre vs BTC,False,False,,0,,,,59,2,,Volume ×0.4 (épuisement),59757750,93582540,6385566188.0,10000000000.0,10000000000.0,63.9,1538544187,$1.5B,-0.9
CVXUSDT,CVX,Mid,167,2.233,394586.898441,-0.446,64.14213047862503,0.028168126626591572,1.5704999999999998,1.6388249999999993,1.163958303825946,0.2528169014084507,0.09781729991915925,0.22212372122820148,0.5780139372169905,1.1389444444444445,1.9569444444444448,uptrend,1,0,haussier,365,0,0,30,,,31.0,57.0,67.0,47.0,53.7,59,38.92,4,≈ Neutre vs BTC,False,False,,0,,,,59,2,,Volume ×0.2 (épuisement),207401338,222519942,93194518.49512771,99987973.28767556,100000000.0,93.2,550163508,$550M,-2.14
ARKMUSDT,ARKM,Mid,316,0.1141,359034.17826,1.422,63.08326958909969,0.0017592662404242588,0.10217999999999998,0.11377149999999997,0.6406297009947574,0.41824324324324325,0.23243243243243236,0.4124792121255449,0.5856777045876477,0.09270277777777775,0.13181666666666664,,0,0,neutre,365,0,0,30,,,31.0,57.0,73.0,47.0,50,59,39.06,4,≈ Neutre vs BTC,False,False,,0,,,,59,2,,Volume ×0.4 (épuisement),78975080,113622653,695064568.0,1000000000.0,1000000000.0,69.5,,,
TRBUSDT,TRB,Mid,459,17.26,343974.55597,1.829,60.720478886665866,0.11801870382602098,14.834000000000001,15.74834999999999,0.8461696433695407,0.30027100271002705,0.10482615464452515,0.2707611968981143,0.5822792751485947,12.976944444444445,17.330555555555556,,0,0,neutre,365,0,0,30,,,31.0,57.0,73.0,47.0,50,59,39.06,4,≈ Neutre vs BTC,False,False,,0,,,,59,2,,Volume ×0.3 (épuisement),48510726,49787411,2813187.8863290357,2887224.18664085,,97.4,,,
IMXUSDT,IMX,Mid,246,0.1286,242152.734745,1.5,60.12633981538334,0.0017294163770868176,0.11889399999999999,0.1466190000000001,0.6775518358980488,0.343811394891945,0.15913555992141465,0.3144999372127785,0.6322737232737742,0.10761388888888893,0.1473472222222222,,0,0,neutre,365,0,0,30,,,31.0,57.0,73.0,47.0,50,59,39.06,4,≈ Neutre vs BTC,False,False,,0,,,,59,2,,Volume ×0.3 (épuisement),112881107,256701977,879472049.1198139,2000000000.0,2000000000.0,44.0,26747352,$27M,3.55
MEMEUSDT,MEME,Mid,416,0.00054,156743.380378,2.079,53.97817266919769,3.204438373072188e-06,0.00051854,0.0005611000000000002,0.7101390286830561,0.29057187017001546,0.16537867078825347,0.14400645595244213,0.3986737923750636,0.0004842222222222222,0.0006226388888888887,,0,0,neutre,365,0,0,30,,,31.0,57.0,73.0,47.0,50,59,39.06,4,≈ Neutre vs BTC,False,False,,0,,,,59,2,,Volume ×0.1 (épuisement),53993228,53993228,100000000000.0,100000000000.0,100000000000.0,100.0,,,
KSMUSDT,KSM,Mid,358,3.62,109247.3954,3.429,64.0268843699179,0.034885185600867064,3.1812,4.072349999999999,0.64325978782319,0.30843373493975906,0.13012048192771095,0.15586107243903874,0.6586840262914776,2.9316666666666666,3.8083333333333322,doji_4h,0,0,neutre,365,0,0,30,,,31.0,57.0,73.0,47.0,50,59,39.06,4,≈ Neutre vs BTC,False,False,,0,,,,59,2,,Volume ×0.2 (épuisement),67516575,67516575,18751025.53245322,18751028.56345089,,100.0,,,
HEIUSDT,HEI,Speculative,,0.1421,3198686.83784,2.083,52.00046273324293,0.0002889257742806368,0.125022,0.09760399999999998,3.6360339664047725,0.5561083471531233,0.46982116244411326,0.1947176009307763,-0.0428532474568952,0.07997499999999999,0.18211111111111114,macd_bullish_cross|uptrend,2,0,haussier,365,0,0,30,,,17.0,73.0,32.5,68.0,57.7,59,31.17,4,≈ Neutre vs BTC,False,False,,0,,,,59,2,,Volume ×0.2 (épuisement),,,,,,,,,
LAUSDT,LA,Speculative,,0.0574,910073.47203,6.494,52.83793768327299,0.00024378478428734458,0.05472199999999999,0.12494600000000008,1.0603783889967704,0.5205913410770855,0.39598732840549106,0.8496231000626926,0.3786486667139179,0.048958333333333354,0.08126388888888887,uptrend,1,0,haussier,365,0,0,30,,,17.0,66.0,49.0,57.5,53.7,59,30.24,4,≈ Neutre vs BTC,False,False,,0,,,,59,0,,,,,,,,,,,
FIDAUSDT,FIDA,Speculative,851,0.01931,556180.89663,0.573,53.59920972059466,0.00018757490452523065,0.018969999999999997,0.019388750000000007,0.8104573455869988,0.35343834037648864,0.257395313100269,0.3249166327575688,0.4856502483455771,0.01730027777777778,0.024354722222222222,,0,0,neutre,365,0,0,30,,,17.0,57.0,73.0,57.5,50,59,30.38,4,≈ Neutre vs BTC,False,False,,0,,,,59,2,,Volume ×0.3 (épuisement),19136547,19136547,990910622.050589,990910622.050589,1000000000.0,100.0,,,
NOMUSDT,NOM,Speculative,,0.0016,355896.08809,0.0,49.84398382608983,-1.2446972853846744e-05,0.0015693999999999999,0.0026195999999999997,0.8528122238435015,0.3981900452488688,0.2747747747747748,0.1881500926263954,0.3782371229843384,0.0014191666666666675,0.0019605555555555552,doji_4h,0,0,neutre,334,0,0,30,,,16.2,57.0,73.0,47.0,50,59,28.96,4,≈ Neutre vs BTC,False,False,,0,,,,59,3,,Volume ×0.2 (épuisement),,,,,,,,,
NVDABUSDT,NVDAB,Speculative,,218.93,352550.45541,0.018,52.056033111012795,-0.47938829032888575,212.79840000000004,,0.37831553564367654,0.09774613353451536,0.031503030839343416,0.19437278403161887,,194.6853125,223.77406250000004,uptrend,1,0,haussier,81,0,0,30,,,9.2,45.0,90.0,47.0,53.7,59,24.05,4,≈ Neutre vs BTC,False,False,,0,,,,59,5,⚠️ Surveiller,Volume ×0.2 (épuisement)|Près du plus haut 90j (résistance),,,,,,,,,
AVNTUSDT,AVNT,Speculative,585,0.1018,277965.16721,3.245,54.525164463862545,8.3644359257395e-05,0.09283000000000001,0.1285315,0.9668344887854597,0.4124168514412417,0.24833702882483374,0.18826080493639288,0.4406417082650386,0.08445277777777777,0.11565833333333335,,0,0,neutre,350,0,0,30,,,16.6,57.0,73.0,47.0,50,59,29.26,4,≈ Neutre vs BTC,False,False,,0,,,,59,2,,Volume ×0.2 (épuisement),34708214,101592378,341641911.3329277,1000000000.0,1000000000.0,34.2,16468813,$16M,-10.0
SHELLUSDT,SHELL,Speculative,,0.0227,266379.87375,4.128,59.135430981134625,5.0191058289010765e-05,0.020311999999999997,0.027521499999999997,0.6627094471892323,0.42394822006472493,0.2621359223300971,0.4462180224507496,0.5116038395089759,0.01870833333333333,0.026897222222222225,,0,0,neutre,365,0,0,30,,,17.0,57.0,73.0,47.0,50,59,29.54,4,≈ Neutre vs BTC,False,False,,0,,,,59,2,,Volume ×0.4 (épuisement),,,,,,,,,
SAPIENUSDT,SAPIEN,Speculative,948,0.082,249180.15745,3.797,54.17600743871362,0.0002223770072718705,0.07917400000000001,0.08408099999999999,0.5918067561594499,0.21499448732083795,0.09702315325248073,0.34364551508806757,0.34654417558294515,0.07329444444444447,0.08658888888888888,double_top_90d|uptrend|doji_4h,1,1,mixte,298,0,0,30,,,15.2,57.0,100.0,47.0,32.1,59,28.84,4,≈ Neutre vs BTC,False,False,,0,,,,59,4,⚠️ Surveiller,Volume ×0.3 (épuisement)|Double sommet,15521196,81896885,189521198.47853625,1000000000.0,1000000000.0,19.0,,,
XAIUSDT,XAI,Speculative,929,0.00765,233906.767901,2.41,58.797991727395974,1.4913705784008925e-05,0.0068884,0.008879149999999997,0.8188975793340302,0.3760504201680673,0.1964285714285715,0.3024759980677303,0.4397597698423118,0.006301388888888888,0.008414999999999999,,0,0,neutre,365,0,0,30,,,17.0,57.0,73.0,47.0,50,59,29.54,4,≈ Neutre vs BTC,False,False,,0,,,,59,2,,Volume ×0.3 (épuisement),16069853,16965913,2099665611.8283057,2216748834.578827,2500000000.0,94.7,,,
FLUXUSDT,FLUX,Speculative,821,0.0489,201722.979187,0.825,63.45621646108743,0.0007104660074252916,0.041940000000000005,0.05532100000000001,0.7281214316001311,0.3974358974358974,0.21634615384615383,0.40929951327087866,0.680278281437892,0.039155555555555555,0.05400833333333334,,0,0,neutre,365,0,0,30,,,17.0,57.0,73.0,47.0,50,59,29.54,4,≈ Neutre vs BTC,False,False,,0,,,,59,2,,Volume ×0.4 (épuisement),20442397,20442666,418059878.4991484,418067018.4991484,440000000.0,100.0,,,
VELODROMEUSDT,VELODROME,Speculative,,0.02216,184434.135226,0.957,65.24061314680975,0.00037986629804626266,0.0186978,0.01696295,0.7126783567783774,0.33938660209846655,0.10855528652138828,0.3613323901527607,0.5152676129592297,0.014388888888888887,0.022917222222222224,uptrend,1,0,haussier,365,0,0,30,,,17.0,64.0,73.0,47.0,53.7,59,30.6,4,≈ Neutre vs BTC,False,False,,0,,,,59,2,,Volume ×0.4 (épuisement),,,,,,,,,
CGPTUSDT,CGPT,Speculative,860,0.02012,152914.526284,1.258,49.172342285654146,-0.0001561059570963801,0.019549199999999996,0.021802949999999988,0.9615510020138002,0.2556675062972293,0.15575146935348452,0.3759361551501365,0.4388851692703137,0.018091388888888893,0.022074722222222218,,0,0,neutre,365,0,0,30,,,17.0,57.0,73.0,47.0,50,59,29.54,4,≈ Neutre vs BTC,False,False,,0,,,,59,3,,Volume ×0.4 (épuisement),18787634,20094281,932885826.0,997766421.0,1000000000.0,93.5,,,
ARKUSDT,ARK,Speculative,760,0.1137,151357.2491,2.525,69.5371149798645,0.0018801219948895139,0.09974599999999999,0.1433105,0.5344576514963101,0.416043507817811,0.22773623385452074,1.5875164091876617,0.6796789426058114,0.09119722222222224,0.12709722222222222,downtrend,0,1,baissier,365,0,0,30,,,17.0,75.0,83.5,47.0,32.1,59,31.26,4,≈ Neutre vs BTC,False,False,,0,,,,59,0,,,22574088,22574119,198817006.0,198818452.0,,100.0,,,
STRAXUSDT,STRAX,Speculative,811,0.00945,131630.89117,-0.526,55.6436001524619,7.278865229956036e-05,0.009010599999999997,0.011747450000000003,0.43567681509689127,0.3854166666666667,0.30431547619047616,0.17727317250488087,0.19217116959413702,0.008369166666666667,0.011281944444444445,,0,0,neutre,365,0,0,30,,,17.0,57.0,73.0,47.0,50,59,29.54,4,≈ Neutre vs BTC,False,False,,0,,,,59,2,,Volume ×0.2 (épuisement),20691888,20691888,2201662918.33106,2201676658.038799,,100.0,,,
RONINUSDT,RONIN,Speculative,,0.0542,121851.891787,1.498,51.61711196956424,0.00013261162262435478,0.052144,0.07756800000000003,0.808395017616138,0.397172236503856,0.3046272493573264,0.315549023375677,0.6750917495875269,0.04856666666666667,0.06602777777777778,uptrend,1,0,haussier,365,0,0,30,,,17.0,57.0,68.5,47.0,53.7,59,29.49,4,≈ Neutre vs BTC,False,False,,0,,,,59,2,,Volume ×0.3 (épuisement),,,,,,,,,
QIUSDT,QI,Speculative,,0.00131,116080.345722,0.769,49.71149719983574,-5.033266327368502e-06,0.0012501399999999998,0.0015032850000000003,0.6517406945416478,0.2850340136054421,0.11360544217687078,0.44244583505411517,0.35984160561788986,0.0011118055555555553,0.0014597222222222223,,0,0,neutre,365,0,0,30,,,17.0,57.0,73.0,47.0,50,59,29.54,4,≈ Neutre vs BTC,False,False,,0,,,,59,3,,Volume ×0.4 (épuisement),,,,,,,166989493,$167M,-0.66
JOEUSDT,JOE,Speculative,,0.0316,97183.785357,1.282,61.207646271404535,0.00019405114096844285,0.027534,0.03615549999999999,0.7205427440228357,0.3695652173913044,0.14402173913043476,0.31325703188514176,0.6075959333477428,0.02518333333333333,0.03299444444444444,,0,0,neutre,365,0,0,30,,,17.0,57.0,73.0,47.0,50,59,29.54,4,≈ Neutre vs BTC,False,False,,0,,,,59,2,,Volume ×0.3 (épuisement),,,,,,,9519956,$10M,-0.02
GNSUSDT,GNS,Speculative,,0.528,73450.19252,0.38,49.70046620914476,0.0004989765511682133,0.53604,0.6248699999999999,0.2784648708574063,0.2402496099843994,0.17628705148205925,0.6292169440090842,0.37337383865104135,0.48644444444444457,0.6215833333333332,,0,0,neutre,365,0,0,30,,,17.0,46.0,95.5,47.0,50,59,29.57,4,≈ Neutre vs BTC,False,False,,0,,,,59,0,,,,,,,,,9904974,$10M,4.18
TURTLEUSDT,TURTLE,Speculative,,0.0424,55240.60996,1.923,49.616430267281004,-0.0004076339965233927,0.040538,0.0419545,0.5815824185627367,0.2248803827751196,0.09401709401709404,0.08810452945544424,0.4939209723263664,0.033405555555555556,0.04491666666666669,double_top_90d|uptrend|doji_4h,1,1,mixte,313,0,0,30,,,15.6,57.0,100.0,47.0,32.1,59,29.12,4,≈ Neutre vs BTC,False,False,,0,,,,59,5,⚠️ Surveiller,Volume ×0.1 (épuisement)|Double sommet,,,,,,,,,
RPLUSDT,RPL,Speculative,557,1.63,46905.80659,1.368,53.03735169918733,0.011944491812737837,1.6090600000000004,1.723914999999999,0.6441922614211998,0.3846153846153846,0.2665158371040724,0.24465857199931276,0.33909143600122793,1.3158333333333332,1.890722222222222,,0,0,neutre,365,0,0,30,,,17.0,57.0,73.0,47.0,50,59,29.54,4,≈ Neutre vs BTC,False,False,,0,,,,59,2,,Volume ×0.2 (épuisement),36964286,36964286,22789554.10722051,22789554.10722051,,100.0,1291464615,$1.3B,1.29
ZECUSDT,ZEC,Etabli,10,846.64,116661930.22351,4.623,74.54775271210994,16.929009559474665,568.6415999999999,426.2691500000001,1.1266061296782557,0.4160569826280336,0.009215672498184974,0.25208674209171367,0.5188304054265089,402.77500000000003,700.0130555555556,uptrend,1,0,haussier,365,0,0,30,,,45.0,64.0,67.0,78.5,53.7,58,51.8,3,≈ Neutre vs BTC,False,False,,0,,,,58,6,⚠️ Surveiller,RSI 75 (surachat)|Volume ×0.3 (épuisement)|Près du plus haut 90j (résistance),14321795525,14322939327,16903642.3530448,16905061.1030448,21000000.0,100.0,,,
BNBUSDT,BNB,Etabli,4,695.21,47211243.06316,0.882,69.63861576552193,1.9805522958869162,610.4987999999997,617.9521000000001,0.3287130173388381,0.16009159507599635,0.02365666924211566,0.38255822229305564,0.8511977368112639,558.7841666666666,667.9766666666667,uptrend|morning_star_4h,2,0,haussier,365,0,0,30,,,45.0,48.0,92.0,78.5,56.0,58,51.52,3,≈ Neutre vs BTC,False,False,,0,,,,58,4,⚠️ Surveiller,Volume ×0.4 (épuisement)|Près du plus haut 90j (résistance),92541498752,92541500128,133162475.47,133162475.47,200000000.0,100.0,173524547300,$173.5B,9.09
DOGEUSDT,DOGE,Etabli,11,0.0853,25325905.64365,0.625,59.70772975177551,0.0002468230846439665,0.07476340000000001,0.08901570000000009,0.6628273814008646,0.2550943396226415,0.08777563690858488,0.383801217456772,0.830893951000034,0.06939416666666667,0.08967194444444446,,0,0,neutre,365,0,0,30,,,45.0,57.0,69.5,78.5,50,58,50.89,3,≈ Neutre vs BTC,False,False,,0,,,,58,2,,Volume ×0.4 (épuisement),13250777954,14587807525,155707436383.70526,155706986383.7052,,100.0,,,
DASHUSDT,DASH,Etabli,100,41.21,12368575.62601,3.387,66.1620729558696,0.5885004209664415,33.562599999999996,35.936200000000014,0.8365677187760369,0.24247064828994386,0.028079282680509788,0.612135467037769,0.5983329794792899,30.257777777777772,39.469722222222224,,0,0,neutre,365,0,0,30,,,45.0,57.0,89.5,78.5,50,58,52.09,3,≈ Neutre vs BTC,False,False,,0,,,,58,2,,Près du plus haut 90j (résistance),527571240,527575361,12820587.96620664,12820719.72628794,18920000.0,100.0,,,
PROMUSDT,PROM,Mid,221,7.104,31214547.09151,36.379,89.49505102801092,0.4517706488582417,2.3707599999999998,1.5777899999999994,2.3820236482657124,0.29088872292755785,0.0,5.516782663491757,0.15715876372657084,1.0371111111111115,3.4828611111111116,uptrend,1,0,haussier,365,0,0,30,,,31.0,73.0,50.5,78.5,53.7,58,42.37,3,≈ Neutre vs BTC,False,False,,3,⚡ Volume ×5.5 vs médiane,,5.52,58,6,⚠️ Surveiller,RSI 89 (surachat extrême)|Près du plus haut 90j (résistance),129730865,136839405,18250000.0,19250000.0,19250000.0,94.8,,,
ZENUSDT,ZEN,Mid,282,5.134,1765608.37232,3.092,60.30835239811819,0.030357082101585386,4.323380000000001,5.215799999999998,0.8856142850898242,0.3058481656374864,0.10552851182197501,0.4087972431789377,0.7294646456458453,3.9317222222222217,5.133472222222222,uptrend,1,0,haussier,365,0,0,30,,,31.0,57.0,65.0,68.0,53.7,58,40.48,3,≈ Neutre vs BTC,False,False,,0,,,,58,2,,Volume ×0.4 (épuisement),94069815,107771263,18330175.014408942,21000000.0,21000000.0,87.3,,,
EGLDUSDT,EGLD,Mid,232,4.014,1698964.08043,15.811,81.85744289270092,0.08530333266108994,2.9926999999999997,3.598724999999999,0.6419396297986446,0.2507462686567165,0.0,3.4772421782190057,0.5950416971839982,2.591388888888889,3.4210555555555557,breakout_30d,1,0,haussier,365,0,0,30,,,31.0,66.0,77.5,68.0,50,58,42.09,3,≈ Neutre vs BTC,False,False,,2,⚡ Volume ×3.5 vs médiane,,3.48,58,6,⚠️ Surveiller,RSI 82 (surachat extrême)|Près du plus haut 90j (résistance),122463418,122463418,30676485.0,30676485.0,,100.0,,,
STXUSDT,STX,Mid,109,0.2518,1673257.44553,3.494,72.73198286840001,0.008668398071319066,0.1625,0.2094615,1.2880799708083535,0.4355597365945438,0.06510416666666652,1.2672246022019091,0.5926704930745718,0.12748888888888887,0.223325,,0,0,neutre,365,0,0,30,,,31.0,66.0,67.0,68.0,50,58,41.46,3,≈ Neutre vs BTC,False,False,,0,,,,58,2,,RSI 73 (surachat),467100522,467102634,1862475970.466819,1862475970.466819,,100.0,,,
BOMEUSDT,BOME,Mid,360,0.0009735,1504817.0097098,-2.864,56.43101578345311,-2.1354098378065445e-05,0.0006960979999999998,0.0005189579999999996,1.6968921171882323,0.2030598052851182,0.2030598052851182,0.33554310039076035,0.4491292669966943,0.0003998361111111111,0.0010009499999999998,macd_bearish_cross,0,1,baissier,365,0,0,30,,,31.0,73.0,64.0,68.0,33.9,58,41.16,3,≈ Neutre vs BTC,False,False,,0,,,,58,5,⚠️ Surveiller,Volume ×0.3 (épuisement)|MACD cross baissier,67095133,67095133,68999659569.0,68999659569.0,68999659569.0,100.0,,,
CHZUSDT,CHZ,Mid,205,0.01396,709729.97591,2.271,51.830154661821794,0.0001444086984140772,0.013880399999999998,0.029736999999999982,0.5769843714745023,0.6443514644351463,0.5839808726838015,0.18117721794577898,0.4998835463471851,0.01258111111111111,0.02669111111111111,doji_4h,0,0,neutre,365,0,0,30,,,31.0,57.0,65.5,57.5,50,58,39.45,3,≈ Neutre vs BTC,False,False,,0,,,,58,2,,Volume ×0.2 (épuisement),146080388,146080388,10511646323.0,10511646323.0,,100.0,,,
IOTAUSDT,IOTA,Mid,179,0.04,496107.6917,4.987,54.92524922496047,7.342289864623649e-06,0.036124,0.05096249999999996,0.7660123015475179,0.39999999999999997,0.24716981132075475,0.25565728070006766,0.7998610708495099,0.03277500000000001,0.04801388888888889,uptrend,1,0,haussier,365,0,0,30,,,31.0,57.0,65.0,47.0,53.7,58,38.8,3,≈ Neutre vs BTC,False,False,,0,,,,58,2,,Volume ×0.3 (épuisement),183599328,197884000,4610870625.0,4969612545.0,,92.8,,,
FLOKIUSDT,FLOKI,Mid,149,2.536e-05,470438.23191405,0.396,56.957542626495496,8.899403899252704e-08,2.2202600000000003e-05,2.699310000000001e-05,0.9568986146119205,0.26924480116745714,0.13152472527472525,0.17035529159868812,0.7063811418788377,2.0374722222222224e-05,2.6764444444444443e-05,,0,0,neutre,365,0,0,30,,,31.0,57.0,65.0,47.0,50,58,38.58,3,≈ Neutre vs BTC,False,False,,0,,,,58,2,,Volume ×0.2 (épuisement),243959084,505858421,9645350291807.617,9645350291807.617,20000000000000.0,100.0,11748553,$12M,1.09
HOLOUSDT,HOLO,Mid,434,0.0676,451431.40963,1.046,51.618912081014656,0.00042809786243519987,0.066946,0.06482449999999998,1.114010079594899,0.34107579462102683,0.17848410757946212,0.19406254464051273,0.33408678972153333,0.05969166666666665,0.07543055555555556,downtrend,0,1,baissier,354,0,0,30,,,30.7,73.0,62.5,47.0,32.1,58,39.07,3,≈ Neutre vs BTC,False,False,,0,,,,58,2,,Volume ×0.2 (épuisement),51326291,137787650,762885817.999999,2048000000.0,2048000000.0,37.3,,,
COWUSDT,COW,Mid,342,0.124,380990.06189,2.226,55.391906805302554,0.0016683636882450163,0.121088,0.17001750000000007,1.43872935702397,0.3694029850746268,0.2288557213930348,1.3544192084976454,0.3113002560468728,0.10705,0.15747222222222224,downtrend,0,1,baissier,365,0,0,30,,,31.0,75.0,62.5,47.0,32.1,58,39.52,3,≈ Neutre vs BTC,False,False,,0,,,,58,0,,,71156329,123860390,574488169.0034184,1000000000.0,1000000000.0,57.4,,,
RSRUSDT,RSR,Mid,298,0.001398,151845.0008151,0.215,54.076749938105955,6.2008576339806805e-06,0.0012727600000000004,0.0014902700000000006,0.8119325245905932,0.2908366533864542,0.08541392904073582,0.21215168931479444,0.7027745248487012,0.001149861111111111,0.0014609999999999996,,0,0,neutre,365,0,0,30,,,31.0,57.0,69.5,47.0,50,58,38.85,3,≈ Neutre vs BTC,False,False,,0,,,,58,2,,Volume ×0.2 (épuisement),87007399,139093499,62553174091.0,100000000000.0,100000000000.0,62.6,37024705,$37M,0.64
HOTUSDT,HOT,Mid,355,0.000384,108150.411293,0.261,65.60305960632682,2.923233291871341e-06,0.00034785999999999997,0.00037661499999999985,0.47689994489895043,0.17563739376770535,0.010309278350515436,0.15413444560071432,0.5563787068887361,0.0002997222222222222,0.0003864722222222223,uptrend,1,0,haussier,365,0,0,30,,,31.0,48.0,100.0,47.0,53.7,58,39.82,3,≈ Neutre vs BTC,False,False,,0,,,,58,4,⚠️ Surveiller,Volume ×0.2 (épuisement)|Près du plus haut 90j (résistance),68005868,68005868,177619433541.1413,177619433541.1413,,100.0,,,
ZRXUSDT,ZRX,Mid,309,0.0982,86240.8193,2.079,64.5223503838279,0.0010931765640717294,0.08468600000000003,0.0976084999999999,0.6238951538318629,0.2393075356415478,0.02967359050445093,0.3652146504981323,0.6221768823935916,0.07697222222222223,0.09615,double_bottom_90d|shooting_star_4h,1,1,mixte,365,0,0,30,,,31.0,57.0,89.5,47.0,36.4,58,39.24,3,≈ Neutre vs BTC,False,False,,0,,,,58,6,⚠️ Surveiller,Volume ×0.4 (épuisement)|Près du plus haut 90j (résistance)|Étoile filante 4h,83292713,98176627,848396562.906836,1000000000.0,1000000000.0,84.8,,,
POLYXUSDT,POLYX,Mid,485,0.0348,58956.23642,0.87,56.73929606469287,0.00041786391122727764,0.033532,0.0422815,0.6146865151905321,0.3736017897091722,0.2237136465324384,0.2961032316368521,0.7838667468366993,0.03057222222222223,0.04079166666666665,,0,0,neutre,365,0,0,30,,,31.0,57.0,65.0,47.0,50,58,38.58,3,≈ Neutre vs BTC,False,False,,0,,,,58,2,,Volume ×0.3 (épuisement),45653648,45653648,1313176403.122539,1313176403.122539,,100.0,,,
HUMAUSDT,HUMA,Speculative,576,0.02059,3141610.82952,0.882,46.65679446466036,-7.190154159260787e-06,0.021121600000000004,0.020096300000000004,1.1323903836830338,0.2776699029126214,0.2278006744098913,1.5311860656925085,0.3177268840371409,0.019712500000000004,0.0249525,macd_bearish_cross,0,1,baissier,365,0,0,30,,,17.0,72.0,62.5,68.0,33.9,58,31.43,3,≈ Neutre vs BTC,False,False,,0,,,,58,3,,MACD cross baissier,35658950,205724714,1733333333.0,10000000000.0,10000000000.0,17.3,,,
SPYBUSDT,SPYB,Speculative,819,770.87,488577.93135,0.082,56.10713231288336,-0.4803749517717053,759.5924000000003,,0.10795389960491393,0.03088956123082614,0.009851773833072109,0.20848918614838405,,740.5172727272726,775.7240909090909,,0,0,neutre,55,0,0,30,,,8.5,45.0,90.0,47.0,50,58,23.34,3,≈ Neutre vs BTC,False,False,,0,,,,58,5,⚠️ Surveiller,Volume ×0.2 (épuisement)|Près du plus haut 90j (résistance),20475325,20475325,26557.4526863,26557.4526863,,100.0,,,
PHAUSDT,PHA,Speculative,789,0.0255,387875.5559,4.508,57.56956356350093,0.00018486377171999656,0.022712000000000006,0.030771000000000003,0.6638733980689085,0.4908616187989556,0.33942558746736295,0.26921090358529254,0.5057907060538421,0.020872222222222223,0.03643611111111112,,0,0,neutre,365,0,0,30,,,17.0,57.0,68.5,47.0,50,58,29.27,3,≈ Neutre vs BTC,False,False,,0,,,,58,2,,Volume ×0.3 (épuisement),21331249,25379350,840496260.4928192,1000000000.0,1000000000.0,84.0,,,
VANAUSDT,VANA,Speculative,669,0.923,350419.381,2.442,45.75411748093356,0.0035367173656629947,1.0088,1.2701899999999988,0.5454171718179389,0.35335413416536665,0.2823712948517941,0.5209253283844048,0.4302194628331164,0.8584999999999999,1.25575,uptrend,1,0,haussier,365,0,0,30,,,17.0,46.0,83.5,47.0,53.7,58,29.07,3,≈ Neutre vs BTC,False,False,,0,,,,58,2,,Volume ×0.5 (épuisement),28371943,110540036,30800000.0,120000000.0,120000000.0,25.7,,,
BIGTIMEUSDT,BIGTIME,Speculative,843,0.00681,251461.11251,6.406,67.05930369831674,0.00013471250079195719,0.006013599999999999,0.010507450000000003,0.6746430252166273,0.5417066155321189,0.34803451581975076,1.0745428158792918,0.6430592516853193,0.00525361111111111,0.009155277777777778,support_bounce,1,0,haussier,365,0,0,30,,,17.0,66.0,59.5,47.0,57.2,58,30.24,3,≈ Neutre vs BTC,False,False,,0,,,,58,0,,,19344922,34082997,2837913895.8877063,5000000000.0,5000000000.0,56.8,,,
ADXUSDT,ADX,Speculative,,0.0628,231974.8027,3.974,50.98554820475697,-0.0005542866904848995,0.059971999999999984,0.066652,0.6240093929913663,0.2130898021308979,0.07248520710059154,0.37905483101758347,0.4395245035324982,0.0538861111111111,0.06530833333333334,macd_bearish_cross|uptrend,1,1,mixte,365,0,0,30,,,17.0,57.0,89.5,47.0,37.6,58,29.79,3,≈ Neutre vs BTC,False,False,,0,,,,58,5,⚠️ Surveiller,Volume ×0.4 (épuisement)|MACD cross baissier,,,,,,,,,
STEEMUSDT,STEEM,Speculative,725,0.04497,186338.003699,-1.208,67.2094283900104,0.0006717438552403079,0.039026,0.05001470000000003,0.5253160957280897,0.29098694942903747,0.08401305057096245,0.9510502128697825,0.6852855205320518,0.03586,0.046295555555555555,,0,0,neutre,365,0,0,30,,,17.0,57.0,88.0,47.0,50,58,30.44,3,≈ Neutre vs BTC,False,False,,0,,,,58,0,,,25016560,25016802,556756896.676,556764386.957,,100.0,,,
CETUSUSDT,CETUS,Speculative,753,0.02372,155428.553429,1.238,56.961550926245266,-0.0001756308257468797,0.020096199999999995,0.020952550000000004,0.7784606940635316,0.2337482710926695,0.12907957462412903,0.46247774262855185,0.6838976316029439,0.017128333333333336,0.023731388888888885,macd_bearish_cross|uptrend,1,1,mixte,365,0,0,30,,,17.0,57.0,85.0,47.0,37.6,58,29.52,3,≈ Neutre vs BTC,False,False,,0,,,,58,5,⚠️ Surveiller,Volume ×0.5 (épuisement)|MACD cross baissier,22826354,23755934,960869565.0,1000000000.0,1000000000.0,96.1,23206751,$23M,
GOOGLBUSDT,GOOGLB,Speculative,665,345.91,124732.93792,0.026,48.130176493575284,0.17431891442314207,347.35820000000007,,0.2747887807799111,0.14247347925339066,0.08847552300152826,0.03560772604984244,,329.30045454545456,366.3413636363636,,0,0,neutre,55,0,0,30,,,8.5,45.0,90.0,47.0,50,58,23.34,3,≈ Neutre vs BTC,False,False,,0,,,,58,2,,Volume ×0.0 (épuisement),28560565,28560565,82572.77020151001,82572.77020151001,,100.0,,,
RESOLVUSDT,RESOLV,Speculative,,0.01813,114349.256009,2.72,50.41660894937779,1.0534834313381813e-05,0.018018199999999998,0.033826049999999996,0.9756333870171471,0.3628099173553719,0.25413223140495866,0.15211353971412284,0.2519142595381274,0.015926388888888893,0.022911666666666664,,0,0,neutre,365,0,0,30,,,17.0,57.0,67.0,47.0,50,58,29.18,3,≈ Neutre vs BTC,False,False,,0,,,,58,2,,Volume ×0.2 (épuisement),,,,,,,6363819,$6M,0.16
SANTOSUSDT,SANTOS,Speculative,,0.534,101260.13758,2.299,56.38307799937245,0.0025069905324577313,0.5020800000000001,0.9186649999999998,0.7154752137319768,0.40258064516129033,0.3109677419354839,0.2508404730722751,0.4431729476875184,0.47297222222222207,0.6669444444444443,doji_4h,0,0,neutre,365,0,0,30,,,17.0,57.0,68.5,47.0,50,58,29.27,3,≈ Neutre vs BTC,False,False,,0,,,,58,2,,Volume ×0.3 (épuisement),,,,,,,,,
METISUSDT,METIS,Speculative,776,2.77,59598.85248,2.593,55.79866425365992,0.023222740750738838,2.605199999999999,3.058350000000001,0.7076851077562523,0.3284023668639053,0.18343195266272194,0.2005367042942795,0.7015690827984514,2.3994444444444447,3.0761111111111115,,0,0,neutre,365,0,0,30,,,17.0,57.0,65.0,47.0,50,58,29.06,3,≈ Neutre vs BTC,False,False,,0,,,,58,2,,Volume ×0.2 (épuisement),21832150,27640764,7898533.442,10000000.0,10000000.0,79.0,25769911,$26M,2.64
TQQQBUSDT,TQQQB,Speculative,,72.38,44100.3551,0.794,50.4073137907525,-0.6460321422998372,,,0.5145577226130688,0.15708757345563987,0.06682146542827648,0.11892491446070633,,62.68250000000001,76.53875,,0,0,neutre,40,0,0,30,,,8.1,45.0,90.0,47.0,50,58,23.07,3,≈ Neutre vs BTC,False,False,,0,,,,58,3,,Volume ×0.1 (épuisement),,,,,,,,,
ORCLBUSDT,ORCLB,Speculative,,151.32,31328.51489,0.285,60.00764619187868,-0.8910618008088038,,,0.48434749626050505,0.09174194375040036,0.030559292715740982,0.05632932010773164,,119.155625,152.89375,doji_4h,0,0,neutre,40,0,0,30,,,8.1,45.0,90.0,47.0,50,58,23.07,3,≈ Neutre vs BTC,False,False,,0,,,,58,5,⚠️ Surveiller,Volume ×0.1 (épuisement)|Près du plus haut 90j (résistance),,,,,,,,,
TSMBUSDT,TSMB,Speculative,,420.16,28383.04014,0.294,50.180485552087895,-0.48513400741377044,,,0.2787545221690715,0.1174337845791642,0.027955696348879764,0.042048411912182136,,394.5483333333334,428.9233333333333,,0,0,neutre,47,0,0,30,,,8.3,45.0,90.0,47.0,50,58,23.2,3,≈ Neutre vs BTC,False,False,,0,,,,58,5,⚠️ Surveiller,Volume ×0.0 (épuisement)|Près du plus haut 90j (résistance),,,,,,,,,
IBMBUSDT,IBMB,Speculative,,236.33,13487.62745,0.076,55.32039167113102,-0.8262612980448494,,,0.2482829673871564,0.04922735264180618,0.012140494829823777,0.038163244164113506,,209.10388888888892,238.83055555555555,,0,0,neutre,47,0,0,30,,,8.3,45.0,90.0,47.0,50,58,23.2,3,≈ Neutre vs BTC,False,False,,0,,,,58,5,⚠️ Surveiller,Volume ×0.0 (épuisement)|Près du plus haut 90j (résistance),,,,,,,,,
WLDUSDT,WLD,Etabli,58,0.3781,10306173.94082,0.854,52.122015937052794,0.0011579561814353129,0.35660199999999986,0.35855499999999985,0.8790566125904287,0.5559176418308399,0.440379203081025,0.27126506780993204,0.2869251470397076,0.31513611111111106,0.5784305555555554,uptrend,1,0,haussier,365,0,0,30,,,45.0,57.0,53.5,78.5,53.7,57,50.15,2,≈ Neutre vs BTC,False,False,,0,,,,57,2,,Volume ×0.3 (épuisement),1365813640,3772542051,3620406669.9821353,10000000000.0,10000000000.0,36.2,,,
XAUTUSDT,XAUT,Etabli,37,4457.22,9684378.031782,0.073,53.14486846296913,-20.087280507384705,4250.880399999999,,0.28075196299501165,0.10421003231231792,0.04421442678211858,0.21250133025444548,0.6093324291018339,4007.5638888888893,4510.470277777778,macd_bearish_cross|uptrend,1,1,mixte,158,0,0,30,,,39.3,45.0,100.0,78.5,37.6,57,46.68,2,≈ Neutre vs BTC,False,False,,0,,,,57,7,🔴 Sortie,Volume ×0.2 (épuisement)|Près du plus haut 90j (résistance)|MACD cross baissier,2731246907,3154303881,612823.6595320001,707747.089,,86.6,3153940007,$3.2B,-3.53
ARBUSDT,ARB,Etabli,92,0.0882,2004079.79224,1.263,52.49811890833378,-0.00014201231253727726,0.08467399999999997,0.098071,0.8280846056584835,0.23368421052631577,0.1283316880552813,0.30539414042561536,0.6634334702799349,0.0745611111111111,0.09482777777777779,macd_bearish_cross,0,1,baissier,365,0,0,30,,,45.0,57.0,85.0,68.0,33.9,57,50.02,2,≈ Neutre vs BTC,False,False,,0,,,,57,5,⚠️ Surveiller,Volume ×0.3 (épuisement)|MACD cross baissier,588728860,881584556,6678075931.0,10000000000.0,10000000000.0,66.8,3260380881,$3.3B,-0.66
SHIBUSDT,SHIB,Etabli,32,5.15e-06,1932375.69422267,0.98,53.9789339742162,-2.780401777282247e-09,4.706799999999999e-06,5.381550000000003e-06,0.8497533863093448,0.20961538461538473,0.128595600676819,0.2949202590354746,0.6638712982081253,4.167777777777778e-06,5.313055555555556e-06,macd_bearish_cross,0,1,baissier,365,0,0,30,,,45.0,57.0,85.0,68.0,33.9,57,50.02,2,≈ Neutre vs BTC,False,False,,0,,,,57,5,⚠️ Surveiller,Volume ×0.3 (épuisement)|MACD cross baissier,3025715690,3027034722,589239334569628.2,589496238721205.9,,100.0,,,
ATOMUSDT,ATOM,Etabli,80,1.49,916424.41544,-0.997,50.73289947451735,-0.003539319035041403,1.4426999999999999,1.757379999999999,0.5962481453974795,0.3982300884955752,0.266961651917404,0.265990657668974,0.5860520064359912,1.3340000000000003,1.873166666666667,macd_bearish_cross|uptrend,1,1,mixte,365,0,0,30,,,45.0,57.0,83.5,57.5,37.6,57,49.31,2,≈ Neutre vs BTC,False,False,,0,,,,57,5,⚠️ Surveiller,Volume ×0.3 (épuisement)|MACD cross baissier,785471049,785471698,527899525.763902,527904623.166689,,100.0,,,
TWTUSDT,TWT,Mid,171,0.4756,2894322.3221,0.677,65.53057907462093,0.005371193148820667,0.38589,0.42664449999999987,0.6281509786985034,0.27472045604034206,0.028869778869778873,1.0,0.448407970001615,0.3377666666666667,0.43951666666666667,uptrend,1,0,haussier,365,0,0,30,,,31.0,57.0,77.5,68.0,53.7,57,41.23,2,≈ Neutre vs BTC,False,False,,0,,,,57,2,,Près du plus haut 90j (résistance),197971030,475149591,416649900.0,1000000000.0,,41.7,,,
PYTHUSDT,PYTH,Mid,116,0.04781,1647613.511236,0.844,58.471552169464495,0.00026091341840207426,0.0441684,0.04416875000000001,0.6805306581792218,0.24514466904478793,0.08207094918504312,0.36142251512541856,0.5361854874375047,0.033441666666666654,0.049796111111111103,downtrend,0,1,baissier,365,0,0,30,,,31.0,57.0,89.5,68.0,32.1,57,40.66,2,≈ Neutre vs BTC,False,False,,0,,,,57,2,,Volume ×0.4 (épuisement),375745649,477139683,7874961200.123639,10000000000.0,10000000000.0,78.7,,,
SPKUSDT,SPK,Mid,387,0.018988,560101.428005,0.545,57.609464908751924,0.0002898833254923916,0.01643924,0.021947780000000004,1.3631889158917228,0.36436489274917216,0.1805813501490088,0.19729399256515276,0.39279831551565053,0.014593222222222221,0.020471444444444445,,0,0,neutre,365,0,0,30,,,31.0,57.0,62.5,57.5,50,57,39.27,2,≈ Neutre vs BTC,False,False,,0,,,,57,2,,Volume ×0.2 (épuisement),60270911,190014692,3171907931.3211937,10000000000.0,10000000000.0,31.7,4385272602,$4.4B,-1.7
1INCHUSDT,1INCH,Mid,226,0.0896,357409.03574,2.635,57.065452909142635,-0.00022194083984499857,0.083044,0.08673400000000005,0.4079985034532371,0.1797752808988765,0.0608604407135362,0.5237616092683409,0.7493185340205589,0.06881388888888891,0.08841111111111113,macd_bearish_cross|uptrend|shooting_star_4h,1,2,baissier,365,0,0,30,,,31.0,66.0,92.0,47.0,18.3,57,39.38,2,≈ Neutre vs BTC,False,False,,0,,,,57,7,🔴 Sortie,Volume ×0.5 (épuisement)|Étoile filante 4h|MACD cross baissier,125789989,134240522,1405573965.7275033,1499999999.997,1500000000.0,93.7,3156553,$3M,1.05
ENSUSDT,ENS,Mid,156,5.6,277376.7442,1.633,62.66420531857124,0.06929514666121933,4.565999999999999,5.447450000000001,1.1128847432603177,0.2870370370370371,0.06988352745424292,0.22681653264421472,0.7189132290256778,4.025,5.602222222222222,,0,0,neutre,365,0,0,30,,,31.0,57.0,59.0,47.0,50,57,38.22,2,≈ Neutre vs BTC,False,False,,0,,,,57,2,,Volume ×0.2 (épuisement),234837042,558702463,42032576.731430925,100000000.0,100000000.0,42.0,,,
COMPUSDT,COMP,Mid,177,18.5,194941.05226,1.093,53.07309327868509,-0.0628974534097293,17.355000000000004,18.77435000000001,0.6070438382247119,0.18813468733297709,0.10805595754944534,0.2493650726951666,0.5693663072730822,15.865,19.059166666666666,macd_bearish_cross,0,1,baissier,365,0,0,30,,,31.0,57.0,85.0,47.0,33.9,57,38.82,2,≈ Neutre vs BTC,False,False,,0,,,,57,5,⚠️ Surveiller,Volume ×0.2 (épuisement)|MACD cross baissier,184722297,184722297,10000000.0,10000000.0,10000000.0,100.0,1406889744,$1.4B,2.63
ACEUSDT,ACE,Speculative,827,0.1865,2128602.25289,-3.866,52.25536588832631,-0.006083783546614426,0.127034,0.12065850000000002,4.244348654560491,0.4710059171597633,0.2654832347140039,0.39495701092432167,0.03848242820052901,0.06894166666666668,0.21383333333333335,macd_bearish_cross|golden_cross|uptrend,2,1,haussier,365,0,0,30,,,17.0,73.0,46.0,68.0,42.4,57,31.06,2,≈ Neutre vs BTC,False,False,,0,,,,57,5,⚠️ Surveiller,Volume ×0.4 (épuisement)|MACD cross baissier,20073827,27291655,107613807.0,146307870.0,147000000.0,73.6,,,
MIRAUSDT,MIRA,Speculative,,0.04407,1281825.398829,7.2,56.97664772251377,0.00032346450899046087,0.04179439999999999,0.06631110000000004,0.6501965339309445,0.46045197740113,0.3747175141242938,1.5169574208104375,0.5893274749475976,0.03954027777777777,0.059547222222222224,double_top_90d|downtrend|doji_4h,0,2,baissier,339,0,0,30,,,16.3,84.0,68.5,68.0,10.5,57,31.33,2,≈ Neutre vs BTC,False,False,,0,,,,57,2,,Double sommet,,,,,,,,,
ALICEUSDT,ALICE,Speculative,,0.14,919345.989635,1.67,53.14685082737154,-0.0006391883510086845,0.12627200000000005,0.12418150000000006,1.7723360949043103,0.31920048455481526,0.15142337976983644,0.41404040562611283,0.25539359151466295,0.1051972222222222,0.14902499999999996,macd_bearish_cross|double_bottom_90d,1,1,mixte,365,0,0,30,,,17.0,73.0,46.0,57.5,39.7,57,30.06,2,≈ Neutre vs BTC,False,False,,0,,,,57,5,⚠️ Surveiller,Volume ×0.4 (épuisement)|MACD cross baissier,,,,,,,,,
SXTUSDT,SXT,Speculative,514,0.00885,448553.014974,7.403,66.20025556722962,0.00010887612100141515,0.007491599999999999,0.012582199999999993,0.6301105291430383,0.400752587017874,0.17027281279397938,0.5856136827985663,0.3382725571055878,0.0066747222222222225,0.009218888888888888,double_bottom_90d,1,0,haussier,365,0,0,30,,,17.0,57.0,73.0,47.0,55.8,57,29.89,2,≈ Neutre vs BTC,False,False,,0,,,,57,2,,Volume ×0.6 (épuisement),41027018,44192131,4641891768.4065,5000000000.0,5000000000.0,92.8,,,
SAHARAUSDT,SAHARA,Speculative,628,0.00852,352530.60692,1.914,52.46165136443441,0.0001119258824013981,0.008398000000000001,0.01932429999999999,0.7408796737465324,0.8055481461723127,0.7730061349693251,0.2201344941802433,0.3310144026599199,0.007723333333333332,0.02321555555555556,support_bounce,1,0,haussier,365,0,0,30,,,17.0,57.0,49.0,47.0,57.2,57,28.53,2,≈ Neutre vs BTC,False,False,,0,,,,57,2,,Volume ×0.2 (épuisement),31165398,85156209,3659791667.0,10000000000.0,10000000000.0,36.6,,,
KATUSDT,KAT,Speculative,,0.00464,346701.52683,4.27,52.368285329397935,1.4146414917201857e-05,0.004597000000000001,,0.5144101895012314,0.3740795287187039,0.3166421207658321,0.2978917696356961,0.40457065442503465,0.004347500000000001,0.0061602777777777775,uptrend|doji_4h,1,0,haussier,166,0,0,30,,,11.5,45.0,79.0,47.0,53.7,57,24.98,2,≈ Neutre vs BTC,False,False,,0,,,,57,2,,Volume ×0.3 (épuisement),,,,,,,,,
MOVEUSDT,MOVE,Speculative,550,0.0087,324951.46025,-5.435,58.37894012779617,0.0003171907022342878,0.008334000000000001,0.015089499999999999,0.9890980017421339,0.5972222222222222,0.39583333333333337,0.40073385960170504,0.45525413536911835,0.006705555555555558,0.013455555555555557,,0,0,neutre,365,0,0,30,,,17.0,57.0,59.5,47.0,50,57,28.73,2,≈ Neutre vs BTC,False,False,,0,,,,57,2,,Volume ×0.4 (épuisement),37602650,86817086,4331250000.0,10000000000.0,10000000000.0,43.3,,,
HOODBUSDT,HOODB,Speculative,,107.18,309703.0157,2.692,54.891116540721285,0.5497531078387938,,,0.7579710489150341,0.25637479471000085,0.07425015126631518,0.9576087873296649,,88.69055555555556,110.23722222222224,doji_4h,0,0,neutre,47,0,0,30,,,8.3,54.0,67.5,47.0,50,57,22.93,2,≈ Neutre vs BTC,False,False,,0,,,,57,0,,,,,,,,,,,
STOUSDT,STO,Speculative,,0.0427,301046.72534,2.892,56.090908062122395,0.00026840738311679536,0.040278,0.06931950000000002,0.737083514344748,0.4944598337950139,0.4099722991689751,0.24054591349468554,0.26215511314874734,0.03776944444444443,0.055130555555555565,,0,0,neutre,365,0,0,30,,,17.0,57.0,62.5,47.0,50,57,28.91,2,≈ Neutre vs BTC,False,False,,0,,,,57,2,,Volume ×0.2 (épuisement),,,,,,,20398676,$20M,-2.24
1000SATSUSDT,1000SATS,Speculative,,1.128e-05,291793.51442806,0.804,52.53348941045944,-8.676843128103696e-08,1.0328199999999999e-05,1.137415000000001e-05,0.8019361730494252,0.17706422018348625,0.12412723041117145,0.28739409999776416,0.41426294171940636,9.06027777777778e-06,1.1616111111111113e-05,macd_bearish_cross,0,1,baissier,365,0,0,30,,,17.0,57.0,85.0,47.0,33.9,57,29.3,2,≈ Neutre vs BTC,False,False,,0,,,,57,5,⚠️ Surveiller,Volume ×0.3 (épuisement)|MACD cross baissier,,,,,,,,,
GMTUSDT,GMT,Speculative,775,0.00701,277242.508415,2.187,52.224036595475674,3.5164957407676295e-05,0.006894400000000002,0.009461749999999998,0.6158321556704698,0.4111221449851043,0.3038728897715989,0.5446711059141954,0.6532267272908806,0.006428333333333334,0.008633888888888887,double_top_90d|support_bounce,1,1,mixte,365,0,0,30,,,17.0,66.0,68.5,47.0,35.5,57,29.48,2,≈ Neutre vs BTC,False,False,,0,,,,57,4,⚠️ Surveiller,Volume ×0.5 (épuisement)|Double sommet,21866976,35659109,3111400155.0,5073850155.102167,6000000000.0,61.3,,,
SSVUSDT,SSV,Speculative,525,2.715,208967.101028,-0.367,66.09436138456175,0.02128284076609699,2.2341,2.459264999999998,0.8504335809618825,0.1977263499796996,0.05904828065300449,0.27143180404333256,0.5187856276666509,1.9822777777777771,2.568944444444444,uptrend,1,0,haussier,365,0,0,30,,,17.0,48.0,89.5,47.0,53.7,57,29.67,2,≈ Neutre vs BTC,False,False,,0,,,,57,2,,Volume ×0.3 (épuisement),39836064,39836064,14699173.1,14699173.1,,100.0,12339473134,$12.3B,0.94
WBETHUSDT,WBETH,Speculative,,2722.78,189813.197114,1.252,71.25220082354022,15.51344189918592,2226.6012,2219.761099999998,0.671898250866143,0.15631334149326803,0.02014339734185022,0.09588988712313513,0.8868060648029741,1773.3702777777778,2501.468333333333,golden_cross|bull_flag|uptrend|shooting_star_4h,3,1,haussier,365,0,0,30,,,17.0,64.0,81.5,47.0,42.3,57,30.43,2,≈ Neutre vs BTC,False,False,,0,,,,57,6,⚠️ Surveiller,Volume ×0.1 (épuisement)|Près du plus haut 90j (résistance)|Étoile filante 4h,,,,,,,,,
LSKUSDT,LSK,Speculative,744,0.1027,175087.51839,1.583,66.3134500379637,0.0018435531369020769,0.08298199999999997,0.10965799999999998,0.8436304438836377,0.34770642201834867,0.061467889908256856,0.7067889217246803,0.4519150749321893,0.07428888888888889,0.10093055555555558,uptrend,1,0,haussier,365,0,0,30,,,17.0,57.0,77.5,47.0,53.7,57,30.03,2,≈ Neutre vs BTC,False,False,,0,,,,57,0,,,23810302,40861202,233084697.0,400000000.0,400000000.0,58.3,,,
1000CHEEMSUSDT,1000CHEEMS,Speculative,,0.000512,169328.837338,0.589,49.12466334157258,-3.1322368257700354e-06,0.00049438,0.0005194200000000003,0.5721284229586119,0.2806451612903226,0.17096774193548384,0.16602282252923392,0.5298136047446533,0.0004598611111111112,0.0005699444444444444,macd_bearish_cross|uptrend|doji_4h,1,1,mixte,365,0,0,30,,,17.0,57.0,83.5,47.0,37.6,57,29.43,2,≈ Neutre vs BTC,False,False,,0,,,,57,5,⚠️ Surveiller,Volume ×0.2 (épuisement)|MACD cross baissier,,,,,,,,,
CTSIUSDT,CTSI,Speculative,739,0.02537,164284.86575,0.435,50.80975681098281,-0.00016246158646664893,0.023993,0.026655050000000024,1.6137311412156008,0.2100265856437524,0.17341606792945793,0.42496871339781406,0.35111053082873717,0.021413611111111112,0.02725138888888888,,0,0,neutre,365,0,0,30,,,17.0,57.0,64.0,47.0,50,57,29.0,2,≈ Neutre vs BTC,False,False,,0,,,,57,3,,Volume ×0.4 (épuisement),23902953,25302325,944693931.7900137,1000000000.0,1000000000.0,94.5,,,
LQTYUSDT,LQTY,Speculative,765,0.2253,141844.34873,1.35,63.0305159589818,0.0014535539470930878,0.189944,0.24396600000000002,0.6286384297876122,0.42490842490842495,0.17545787545787553,0.6128028860254524,0.5235673145391017,0.16776388888888885,0.22708611111111113,double_top_90d|uptrend,1,1,mixte,365,0,0,30,,,17.0,66.0,73.0,47.0,32.1,57,29.54,2,≈ Neutre vs BTC,False,False,,0,,,,57,2,,Double sommet,22255737,22533780,98766102.46491553,100000000.0,100000000.0,98.8,180605425,$181M,1.81
1MBABYDOGEUSDT,1MBABYDOGE,Speculative,,0.0003612,126288.4498004,0.417,55.1271317330754,-1.179608552067901e-06,0.000328346,0.0003703859999999998,0.6541331079832473,0.22765325411828244,0.08172588832487303,0.1844734972759266,0.71073808059203,0.0002928944444444445,0.0003697194444444444,macd_bearish_cross|uptrend,1,1,mixte,365,0,0,30,,,17.0,57.0,81.5,47.0,37.6,57,29.31,2,≈ Neutre vs BTC,False,False,,0,,,,57,5,⚠️ Surveiller,Volume ×0.2 (épuisement)|MACD cross baissier,,,,,,,,,
AGLDUSDT,AGLD,Speculative,944,0.1703,120239.19723,3.275,55.68517947656227,-1.529186105357584e-05,0.15800599999999998,0.2113195,0.5468521540557614,0.44977777777777783,0.24755555555555556,0.28673706387747777,0.24599175130534823,0.14475555555555558,0.20063888888888892,macd_bearish_cross|uptrend,1,1,mixte,365,0,0,30,,,17.0,57.0,77.5,47.0,37.6,57,29.07,2,≈ Neutre vs BTC,False,False,,0,,,,57,5,⚠️ Surveiller,Volume ×0.3 (épuisement)|MACD cross baissier,15714803,15714803,92830001.0,92830001.0,96000000.0,100.0,,,
ANKRUSDT,ANKR,Speculative,520,0.00405,77262.754529,2.273,66.54632000715397,3.2715453978442e-05,0.003586400000000001,0.004288849999999997,0.4607284052219416,0.24018475750577362,0.066974595842956,0.23821444873727546,0.6818131641357829,0.003359722222222224,0.0041244444444444445,,0,0,neutre,365,0,0,30,,,17.0,48.0,100.0,47.0,50,57,30.08,2,≈ Neutre vs BTC,False,False,,0,,,,57,2,,Volume ×0.2 (épuisement),40401920,40401920,10000000000.0,10000000000.0,10000000000.0,100.0,25867348,$26M,3.15
QCOMBUSDT,QCOMB,Speculative,,164.83,16412.32405,0.201,52.08444149487183,0.890804888363756,165.12760000000003,,0.3770900392253515,0.22917102784174176,0.13711534435838402,0.037979317544107695,,152.97272727272733,184.23818181818183,,0,0,neutre,55,0,0,30,,,8.5,45.0,85.5,47.0,50,57,23.07,2,≈ Neutre vs BTC,False,False,,0,,,,57,2,,Volume ×0.0 (épuisement),,,,,,,,,
ETHUSDT,ETH,Etabli,2,2466.55,279149722.691839,1.266,71.09398573186388,14.326275140969386,2019.5806000000005,2023.9087499999994,0.6737357558379136,0.1570027529249828,0.020315542661844908,0.22320300658805586,0.8910739042027095,1613.9461111111111,2265.9341666666674,bull_flag|uptrend,2,0,haussier,365,0,0,30,,,45.0,48.0,81.5,78.5,57.0,56,50.95,1,≈ Neutre vs BTC,False,False,,0,,,,56,4,⚠️ Surveiller,Volume ×0.2 (épuisement)|Près du plus haut 90j (résistance),297139849929,297139849929,120681160.97177401,120681160.971774,,100.0,,,
SUIUSDT,SUI,Etabli,31,0.7455,20846914.96663,1.291,51.103688339264856,-0.0009906893988220165,0.7225779999999999,0.8588369999999997,0.7443436942018737,0.20977325087910761,0.12452963311382877,0.4912581098977362,0.7716128251818196,0.6706388888888889,0.8021277777777781,macd_bearish_cross,0,1,baissier,365,0,0,30,,,45.0,57.0,77.0,78.5,33.9,56,50.38,1,≈ Neutre vs BTC,False,False,,0,,,,56,5,⚠️ Surveiller,Volume ×0.5 (épuisement)|MACD cross baissier,3031704734,7440624608,4074529886.4415293,10000000000.0,10000000000.0,40.7,,,
PEPEUSDT,PEPE,Etabli,55,3.65e-06,9482866.04365395,0.829,60.68230815717398,1.630457347852827e-08,3.0144e-06,3.340850000000003e-06,1.1130390933417735,0.2532051282051282,0.11407766990291265,0.21449813525209604,0.7634979708316745,2.481666666666666e-06,3.5216666666666667e-06,morning_star_4h,1,0,haussier,365,0,0,30,,,45.0,57.0,54.5,78.5,52.3,56,50.13,1,≈ Neutre vs BTC,False,False,,0,🔥 Trending #14 sur CoinGecko,14,,56,2,,Volume ×0.2 (épuisement),1530138216,1530138216,420690000000000.0,420690000000000.0,420690000000000.0,100.0,,,
BCHUSDT,BCH,Etabli,20,249.3,3756891.5456,2.13,55.71279018482353,0.30783969060491145,225.54000000000008,345.9715000000001,1.0089154679087864,0.2914030517305545,0.13552859618717503,0.21814377414735578,0.7586299588510862,195.95555555555555,259.7777777777779,,0,0,neutre,365,0,0,30,,,45.0,57.0,54.5,68.0,50,56,49.15,1,≈ Neutre vs BTC,False,False,,0,,,,56,2,,Volume ×0.2 (épuisement),5018218857,5018293042,20082218.64665078,20082528.02165078,21000000.0,100.0,,,
AEROUSDT,AERO,Mid,106,0.49,776625.23864,1.365,55.777651498908114,0.0031900756465395898,,,0.7812643516629458,0.1487004686834256,0.1017042330951071,0.010602662416802359,,0.4024000000000001,0.5093888888888889,,0,0,neutre,45,0,0,30,,,22.2,45.0,75.0,57.5,50,56,32.62,1,≈ Neutre vs BTC,False,False,,0,,,,56,2,,Volume ×0.0 (épuisement),480462286,962628972,982715566.8520249,1968917232.874523,,49.9,188718910,$189M,48.27
AXSUSDT,AXS,Mid,192,0.918,419058.21229,2.685,49.50257803922538,-0.0037096690892050414,0.9073800000000002,1.1015650000000001,0.7202518925109647,0.2952789699570816,0.21201716738197424,0.23694217877639073,0.5555274016825352,0.8453611111111112,1.069388888888889,macd_bearish_cross|uptrend,1,1,mixte,365,0,0,30,,,31.0,57.0,73.0,47.0,37.6,56,38.32,1,≈ Neutre vs BTC,False,False,,0,,,,56,5,⚠️ Surveiller,Volume ×0.2 (épuisement)|MACD cross baissier,159930619,247561564,174426379.00134403,270000000.0,270000000.0,64.6,,,
SENTUSDT,SENT,Mid,284,0.01284,267640.314,2.474,48.53072751252372,2.0692295832510098e-05,0.013138600000000005,0.016481900000000008,0.596312746785242,0.40906775343861446,0.34640855832908823,0.17891299306380146,0.25569403007781377,0.012296666666666666,0.01624972222222222,macd_bullish_cross|double_bottom_90d|uptrend,3,0,haussier,221,0,0,30,,,27.1,37.0,73.0,47.0,63.5,56,34.79,1,≈ Neutre vs BTC,False,False,,0,,,,56,2,,Volume ×0.2 (épuisement),92910332,441064759,7237882055.0,34359738368.0,34359738368.0,21.1,,,
ZKCUSDT,ZKC,Speculative,858,0.0658,14796564.77669,67.857,83.3042123685899,0.0017888236028961166,0.040512,0.06207649999999999,1.8422062691441898,0.3732876712328767,0.0,33.726548344623176,0.3717711541478903,0.03743888888888888,0.05403333333333332,breakout_30d,1,0,haussier,350,0,0,30,,,16.6,66.0,56.5,78.5,50,56,31.87,1,≈ Neutre vs BTC,False,False,,3,⚡ Volume ×33.7 vs médiane,,33.73,56,6,⚠️ Surveiller,RSI 83 (surachat extrême)|Près du plus haut 90j (résistance),18724477,68780898,290641046.0,1067616019.491111,,27.2,,,
TREEUSDT,TREE,Speculative,944,0.0397,610677.21041,7.297,58.79300541294377,0.0003864337834156177,0.037245999999999994,0.054951000000000014,0.6260694461459971,0.41250000000000003,0.29464285714285715,1.1000780835001838,0.5496770535948506,0.03439444444444444,0.04847777777777778,rsi_bearish_divergence|double_top_90d|support_bounce,1,2,baissier,365,0,0,30,,,17.0,75.0,73.0,57.5,14.3,56,30.4,1,≈ Neutre vs BTC,False,False,,0,,,,56,4,⚠️ Surveiller,Divergence RSI baissière|Double sommet,15654399,19465264,90928901.34874827,113064390.40373108,200000000.0,80.4,69814340,$70M,1.6
OSMOUSDT,OSMO,Speculative,688,0.0344,437797.161235,-2.55,52.24867378845824,-8.1360402889362e-05,0.031644,0.0374965,1.462519632916065,0.49049429657794674,0.34600760456273766,0.5922631220229531,0.39722058283415534,0.02818888888888888,0.04742222222222222,macd_bearish_cross|uptrend|doji_4h,1,1,mixte,365,0,0,30,,,17.0,66.0,58.0,47.0,37.6,56,28.98,1,≈ Neutre vs BTC,False,False,,0,,,,56,5,⚠️ Surveiller,Volume ×0.6 (épuisement)|MACD cross baissier,27092121,33560138,786618560.893048,974417147.872013,1000000000.0,80.7,12833010,$13M,-1.9
EDUUSDT,EDU,Speculative,536,0.0479,383785.0811,-0.416,69.66521998513147,0.0006553103548385814,0.03604199999999999,0.053606499999999974,0.7381816533856855,0.39351851851851855,0.018442622950819772,0.133671567416103,0.42437830078763117,0.028236111111111115,0.042783333333333326,macd_bullish_cross|uptrend,2,0,haussier,365,0,0,30,,,17.0,48.0,77.5,47.0,57.7,56,29.19,1,≈ Neutre vs BTC,False,False,,0,,,,56,4,⚠️ Surveiller,Volume ×0.1 (épuisement)|Près du plus haut 90j (résistance),38675215,47802096,809069444.0,1000000000.0,1000000000.0,80.9,,,
MRVLBUSDT,MRVLB,Speculative,,217.17,273324.16432,0.124,47.310478551846415,-3.577490298020903,,,0.9866063279302082,0.23734177215189875,0.15128185086759421,0.1380620087023409,,180.82333333333332,240.81944444444446,,0,0,neutre,47,0,0,30,,,8.3,45.0,75.0,47.0,50,56,22.3,1,≈ Neutre vs BTC,False,False,,0,,,,56,3,,Volume ×0.1 (épuisement),,,,,,,,,
COINBUSDT,COINB,Speculative,,180.83,196266.2786,1.516,58.03375500936632,0.9647944948492508,161.9872,,0.7210061713095068,0.18005759132742372,0.054151624548736434,0.2277362515328146,,146.64136363636362,183.25772727272727,,0,0,neutre,55,0,0,30,,,8.5,45.0,79.5,47.0,50,56,22.71,1,≈ Neutre vs BTC,False,False,,0,,,,56,2,,Volume ×0.2 (épuisement),,,,,,,,,
WAXPUSDT,WAXP,Speculative,817,0.00439,190159.74158,3.294,62.155285115963025,5.059223174852343e-05,0.003928999999999999,0.005488249999999999,0.7536911594985151,0.3754448398576512,0.22064056939501775,0.5810822738984018,0.4957584409446835,0.003682777777777778,0.004811111111111111,rsi_bearish_divergence,0,1,baissier,365,0,0,30,,,17.0,66.0,73.0,47.0,28.8,56,29.35,1,≈ Neutre vs BTC,False,False,,0,,,,56,4,⚠️ Surveiller,Volume ×0.6 (épuisement)|Divergence RSI baissière,20522437,20522437,4670966280.16146,4670966280.16146,,100.0,,,
REZUSDT,REZ,Speculative,716,0.002945,172719.0343837,3.044,53.80576587266912,-5.459029431909509e-06,0.0026782199999999994,0.0034600800000000017,0.6879373375688619,0.3811671087533156,0.21936339522546422,0.3357880751533933,0.5695932158163569,0.002463861111111111,0.0033947499999999998,macd_bearish_cross|uptrend|doji_4h,1,1,mixte,365,0,0,30,,,17.0,57.0,73.0,47.0,37.6,56,28.8,1,≈ Neutre vs BTC,False,False,,0,,,,56,5,⚠️ Surveiller,Volume ×0.3 (épuisement)|MACD cross baissier,25684921,28869555,8731965946.822157,9814629224.12962,10000000000.0,89.0,112186585,$112M,-0.94
MANTAUSDT,MANTA,Speculative,668,0.0592,161202.393443,0.152,49.65761187577061,0.00014843776416176762,0.05962479999999999,0.06796040000000002,0.41787911647792697,0.3608745684695052,0.31910241657077104,0.1792448266829384,0.1692422327849132,0.05669138888888889,0.08551749999999998,double_bottom_90d|support_bounce,2,0,haussier,365,0,0,30,,,17.0,37.0,73.0,47.0,63.0,56,27.92,1,≈ Neutre vs BTC,False,False,,0,,,,56,2,,Volume ×0.2 (épuisement),28414278,59195934,480003884.23307145,1000000000.0,1000000000.0,48.0,26259000,$26M,1.04
EWYBUSDT,EWYB,Speculative,,182.62,45674.8231,0.94,56.11877313616937,0.3847322771878816,170.6338,,0.5222136341920692,0.31255014867607495,0.13805635531221974,0.013035247745601438,,157.71111111111114,196.01037037037037,uptrend,1,0,haussier,69,0,0,30,,,8.9,45.0,73.5,47.0,53.7,56,22.84,1,≈ Neutre vs BTC,False,False,,0,,,,56,2,,Volume ×0.0 (épuisement),,,,,,,,,
IQUSDT,IQ,Speculative,875,0.000671,37910.195182,0.449,50.637976727011235,4.247303828434082e-06,0.00068024,0.0009438399999999999,0.4604379883604209,0.3973710819009101,0.32153690596562184,0.6233157228907954,0.6680691156430955,0.0006327500000000001,0.000862555555555556,,0,0,neutre,365,0,0,30,,,17.0,46.0,79.0,47.0,50,56,28.58,1,≈ Neutre vs BTC,False,False,,0,,,,56,0,,,18134402,18134402,27071826122.928997,27071826122.92899,60000000000.0,100.0,,,
NOKBUSDT,NOKB,Speculative,,10.25,17274.5506,0.196,49.93790989604961,-0.016842917039453398,,,0.5637019402223512,0.2528940338379341,0.08548530721282287,0.048347958887247085,,8.902777777777779,10.97111111111111,,0,0,neutre,47,0,0,30,,,8.3,45.0,78.0,47.0,50,56,22.48,1,≈ Neutre vs BTC,False,False,,0,,,,56,3,,Volume ×0.0 (épuisement),,,,,,,,,
BTCUSDT,BTC,Etabli,1,78633.63,442554076.6853513,1.353,72.25275824237431,538.1078093626611,67343.2982,69404.41119999999,0.4190708227982224,0.12186966519140044,0.019857923243959612,0.1626594972642766,0.9999999999999998,60665.12472222223,73489.04583333335,,0,0,neutre,365,0,0,30,,,45.0,48.0,86.0,78.5,50,55,50.8,0,≈ Neutre vs BTC,False,False,,0,🔥 Trending #13 sur CoinGecko,13,,55,6,⚠️ Surveiller,RSI 72 (surachat)|Volume ×0.2 (épuisement)|Près du plus haut 90j (résistance),1577680810882,1577680810882,20077237.0,20077237.0,21000000.0,100.0,,,
ADAUSDT,ADA,Etabli,18,0.2029,9206412.14398,1.349,53.49943403919415,-0.0010246906824133567,0.184078,0.22138999999999986,0.781711818059079,0.32488262910798116,0.11523352247926673,0.19236661309748773,0.7525174607057956,0.15166388888888893,0.21001944444444445,macd_bearish_cross|uptrend,1,1,mixte,365,0,0,30,,,45.0,57.0,65.0,78.5,37.6,55,49.88,0,≈ Neutre vs BTC,False,False,,0,,,,55,5,⚠️ Surveiller,Volume ×0.2 (épuisement)|MACD cross baissier,7576108884,9091670791,37498597081.30407,45000000000.0,45000000000.0,83.3,,,
BIOUSDT,BIO,Mid,393,0.02747,609059.810173,0.036,50.63771253114423,-0.00010625550426080464,0.026085200000000003,0.028163449999999993,0.8800699930378146,0.3927003293084522,0.24643249176728874,0.215390992930503,0.32927731655985315,0.02357361111111111,0.03314527777777778,macd_bearish_cross|morning_star_4h,1,1,mixte,365,0,0,30,,,31.0,57.0,73.0,57.5,36.2,55,39.07,0,≈ Neutre vs BTC,False,False,,0,,,,55,5,⚠️ Surveiller,Volume ×0.2 (épuisement)|MACD cross baissier,58887328,91143720,2145029070.25,3320000000.0,3320000000.0,64.6,3712238,$4M,-8.3
BERAUSDT,BERA,Mid,408,0.173,413214.1323406,3.222,52.32056280437716,0.0009689924491607497,0.16851399999999994,0.3474285000000003,0.7467222606849321,0.5338815789473684,0.43223684210526314,0.24679590310526453,0.7302948480808681,0.14998333333333339,0.26150000000000007,,0,0,neutre,365,0,0,30,,,31.0,57.0,51.5,47.0,50,55,37.77,0,≈ Neutre vs BTC,False,False,,0,,,,55,2,,Volume ×0.2 (épuisement),55056579,96363239,318651784.0399549,557727687.6899549,,57.1,,,
KAIAUSDT,KAIA,Mid,176,0.0296,331495.8405,0.339,52.277402378420206,0.000319736485100602,0.029010000000000008,0.042360999999999996,0.8550281248135958,0.5011286681715575,0.3318284424379232,0.42499703056986093,0.7523980248445451,0.025425,0.03887222222222223,,0,0,neutre,365,0,0,30,,,31.0,57.0,51.5,47.0,50,55,37.77,0,≈ Neutre vs BTC,False,False,,0,,,,55,2,,Volume ×0.4 (épuisement),190233956,190234491,6406708626.439818,6406736637.442376,,100.0,,,
LPTUSDT,LPT,Mid,357,1.363,170443.53108,1.945,52.350335720347296,0.011058134340247133,1.3526600000000002,1.8885900000000004,0.558944308839712,0.3990825688073394,0.30581039755351674,0.3126707383332943,0.6536665870841142,1.2305277777777777,1.8295555555555556,downtrend,0,1,baissier,365,0,0,30,,,31.0,57.0,79.0,47.0,32.1,55,38.35,0,≈ Neutre vs BTC,False,False,,0,,,,55,2,,Volume ×0.3 (épuisement),67618723,67618723,49688954.55,49688954.55,,100.0,,,
ZKPUSDT,ZKP,Speculative,,0.0579,13651951.86956,26.696,75.38279329435801,0.0015406645232486074,0.044453999999999994,0.06545900000000002,0.9411104130161262,0.36378205128205127,0.07371794871794872,19.58248940551386,0.4149047081262316,0.041183333333333315,0.0589611111111111,breakout_30d|downtrend,1,1,mixte,236,0,0,30,,,13.5,66.0,77.5,78.5,32.1,55,29.93,0,≈ Neutre vs BTC,False,False,,3,⚡ Volume ×19.6 vs médiane,,19.58,55,2,,RSI 75 (surachat),,,,,,,,,
NILUSDT,NIL,Speculative,667,0.05683,10151406.827982,7.045,67.86379121976515,0.0009759495271764781,0.0390912,0.04395189999999999,1.5838242375595524,0.5252852034735229,0.03575685339690104,1.1806603347515965,0.3193351239831218,0.03252166666666666,0.05010527777777776,macd_bullish_cross,1,0,haussier,365,0,0,30,,,17.0,66.0,47.5,78.5,54.0,55,31.85,0,≈ Neutre vs BTC,False,False,,0,,,,55,2,,Près du plus haut 90j (résistance),28469619,57110393,503612361.238436,1010252339.279054,,49.9,,,
WBTCUSDT,WBTC,Speculative,,78534.92,1835332.9331932,1.28,72.21502752242942,536.1528795576814,67333.081,69291.35784999994,0.4196026177303429,0.12137443624680769,0.019258809537463464,0.15320444036634634,0.9996573560660876,60584.29444444444,73724.52750000001,,0,0,neutre,365,0,0,30,,,17.0,48.0,86.0,68.0,50,55,30.92,0,≈ Neutre vs BTC,False,False,,0,,,,55,6,⚠️ Surveiller,RSI 72 (surachat)|Volume ×0.2 (épuisement)|Près du plus haut 90j (résistance),,,,,,,8918002666,$8.9B,2.02
TSLABUSDT,TSLAB,Speculative,942,351.95,568656.70796,0.623,53.61637241329753,0.4096114051579236,344.45920000000007,,0.37513449095505025,0.2988137072238862,0.16985448456404326,0.299349317621712,,314.41656250000005,411.02093749999995,,0,0,neutre,81,0,0,30,,,9.2,45.0,73.5,57.5,50,55,23.68,0,≈ Neutre vs BTC,False,False,,0,,,,55,2,,Volume ×0.3 (épuisement),15817256,15817256,44933.69541653,44933.70396757,,100.0,,,
COOKIEUSDT,COOKIE,Speculative,,0.0122,485832.7779,-0.813,56.44374881010382,2.6387451886787975e-05,0.009984,0.013836000000000008,2.075633522100353,0.35897435897435903,0.20261437908496724,0.4565479070930635,0.2667584629607691,0.007980555555555557,0.01246111111111111,macd_bullish_cross,1,0,haussier,365,0,0,30,,,17.0,57.0,46.0,47.0,54.0,55,28.16,0,≈ Neutre vs BTC,False,False,,0,,,,55,2,,Volume ×0.5 (épuisement),,,,,,,,,
CITYUSDT,CITY,Speculative,,0.371,270865.28839,1.366,53.87490173373825,0.0013934578735299377,0.37237999999999993,0.4922950000000003,0.22466919065315497,0.20091324200913246,0.15068493150684933,0.3039025041923201,0.2991457550042185,0.35794444444444445,0.4279999999999999,doji_4h,0,0,neutre,365,0,0,30,,,17.0,37.0,89.5,47.0,50,55,28.13,0,≈ Neutre vs BTC,False,False,,0,,,,55,2,,Volume ×0.3 (épuisement),,,,,,,,,
PIXELUSDT,PIXEL,Speculative,,0.00504,201638.720219,2.439,54.67060702361635,-1.384963351558344e-05,0.004612399999999999,0.006269950000000001,0.6879947575885726,0.4145616641901932,0.25111441307578003,0.17325416347236944,0.5536562922862623,0.004223055555555554,0.005807222222222222,macd_bearish_cross|doji_4h,0,1,baissier,365,0,0,30,,,17.0,57.0,73.0,47.0,33.9,55,28.58,0,≈ Neutre vs BTC,False,False,,0,,,,55,5,⚠️ Surveiller,Volume ×0.2 (épuisement)|MACD cross baissier,,,,,,,,,
NOTUSDT,NOT,Speculative,517,0.000411,192506.509116,1.985,54.54563210540824,-1.1208335668264368e-06,0.00037450000000000005,0.00040408999999999996,0.667854033438816,0.3201663201663202,0.14553014553014545,0.3608637184985925,0.4880560727609809,0.0003448055555555555,0.0004475833333333333,macd_bearish_cross,0,1,baissier,365,0,0,30,,,17.0,57.0,73.0,47.0,33.9,55,28.58,0,≈ Neutre vs BTC,False,False,,0,,,,55,5,⚠️ Surveiller,Volume ×0.4 (épuisement)|MACD cross baissier,40885678,42128868,99429405866.9074,102452755868.5205,102456956842.91,97.0,,,
LITEBUSDT,LITEB,Speculative,,892.61,151020.15861,0.049,52.01428484275034,-3.1731916372881237,823.0776,,0.9852419789624336,0.30373891665792807,0.08288128789204433,0.11439434754145886,,687.1583333333332,934.7587499999996,uptrend,1,0,haussier,62,0,0,30,,,8.7,45.0,67.5,47.0,53.7,55,22.35,0,≈ Neutre vs BTC,False,False,,0,,,,55,3,,Volume ×0.1 (épuisement),,,,,,,,,
UMAUSDT,UMA,Speculative,599,0.374,130031.9991,3.03,58.712385076141665,0.0030265065860282086,0.3513600000000001,0.4136100000000001,0.5271330931006334,0.2989010989010989,0.18021978021978025,0.4362108627352973,0.6311903816170983,0.33033333333333337,0.4158888888888889,double_top_90d,0,1,baissier,365,0,0,30,,,17.0,57.0,83.5,47.0,28.4,55,28.87,0,≈ Neutre vs BTC,False,False,,0,,,,55,4,⚠️ Surveiller,Volume ×0.4 (épuisement)|Double sommet,33928704,48378397,90912612.26255448,129630842.9160211,,70.1,,,
WDCBUSDT,WDCB,Speculative,,464.22,58591.74139,0.585,47.08138114646907,0.8604686309109475,493.11820000000006,,0.9880343802567997,0.2649149293481027,0.21370290580312468,0.1204425324236693,,436.2204545454546,574.079090909091,macd_bullish_cross,1,0,haussier,55,0,0,30,,,8.5,45.0,63.0,47.0,54.0,55,21.96,0,≈ Neutre vs BTC,False,False,,0,,,,55,2,,Volume ×0.1 (épuisement),,,,,,,,,
XRPUSDT,XRP,Etabli,5,1.3999,76700051.61576,1.163,65.61819789378497,0.01207693201412846,1.14451,1.2765309999999996,0.8254886873396886,0.19754482313035046,0.07984740857669032,0.3920625430403647,0.8575532637651587,1.017763888888889,1.3440333333333332,,0,0,neutre,365,0,0,30,,,45.0,48.0,81.5,78.5,50,54,50.53,-1,≈ Neutre vs BTC,False,False,,0,,,,54,2,,Volume ×0.4 (épuisement),87706047391,139762744505,62744504852.0,99985627691.0,100000000000.0,62.8,,,
CRCLBUSDT,CRCLB,Mid,297,88.5,3773167.5479,0.843,61.87568137562538,0.24598945093527913,70.9508,,0.7962489613510573,0.2800190976366675,0.06752343832297493,0.2669470420189312,,60.83937500000001,87.363125,,0,0,neutre,81,0,0,30,,,23.2,45.0,67.5,68.0,50,54,33.68,-1,≈ Neutre vs BTC,False,False,,0,,,,54,2,,Volume ×0.3 (épuisement),87265401,87265401,984985.9762572,984985.9762572,,100.0,,,
SPCXBUSDT,SPCXB,Mid,354,140.6,1774495.48903,-0.028,56.889859997892295,0.033599252539256774,128.8562,,0.7835543100763326,0.4752879428488118,0.3166642367692083,0.047234462619280305,,112.51843749999999,177.3484375,macd_bullish_cross,1,0,haussier,80,0,0,30,,,23.2,45.0,58.5,68.0,54.0,54,33.36,-1,≈ Neutre vs BTC,False,False,,0,,,,54,2,,Volume ×0.0 (épuisement),68474027,68474029,487542.99608069,487543.01506101,,100.0,,,
GASUSDT,GAS,Mid,305,1.28,432364.2905,-1.158,65.72863578399912,0.02121094434979609,1.0401200000000004,1.3700799999999997,0.7386471567953593,0.3189269746646796,0.09142452161587526,0.9723845701150994,0.651946116244837,0.9319166666666671,1.2715833333333335,resistance_test|bullish_engulfing_4h,1,1,mixte,365,0,0,30,,,31.0,57.0,77.5,47.0,41.5,54,38.82,-1,≈ Neutre vs BTC,False,False,,0,,,,54,0,,,83910947,83910947,65093580.54427269,65093580.54427269,,100.0,,,
LINEAUSDT,LINEA,Mid,380,0.002543,384631.551929,4.136,59.50659541968148,2.2235463695163883e-05,0.0023446000000000005,0.0029319900000000015,0.6089751697030846,0.29905913978494614,0.14818548387096775,0.3471394385855881,0.6673813395189254,0.0021745833333333326,0.0026527499999999993,double_top_90d|doji_4h,0,1,baissier,355,0,0,30,,,30.7,57.0,73.0,47.0,28.4,54,37.58,-1,≈ Neutre vs BTC,False,False,,0,,,,54,4,⚠️ Surveiller,Volume ×0.3 (épuisement)|Double sommet,62129154,181352991,24527101521.37352,71593816498.0,72009990000.0,34.3,,,
ZILUSDT,ZIL,Mid,432,0.002639,107346.7952169,3.247,52.95942463020906,1.658893467330818e-05,0.0025817799999999992,0.003499344999999999,0.6592129896765531,0.3655367231638418,0.25423728813559326,0.3130879101925744,0.40481395136213133,0.002356333333333334,0.0032754444444444437,downtrend,0,1,baissier,365,0,0,30,,,31.0,57.0,73.0,47.0,32.1,54,37.99,-1,≈ Neutre vs BTC,False,False,,0,,,,54,2,,Volume ×0.3 (épuisement),51401448,54167185,19513551525.0,20563549704.78009,21000000000.0,94.9,,,
OPGUSDT,OPG,Speculative,792,0.096,4300701.25347,-1.74,48.73773152389589,0.00010361180437447066,0.09872,,0.8481788337705995,0.7151773981603153,0.6842969776609723,0.9169929912913475,0.1673382226134658,0.09131388888888889,0.17869722222222226,,0,0,neutre,101,0,0,30,,,9.8,54.0,49.0,68.0,50,54,24.5,-1,≈ Neutre vs BTC,False,False,,0,,,,54,0,,,21251871,95783080,221875000.0,1000000000.0,1000000000.0,22.2,,,
DODOUSDT,DODO,Speculative,832,0.01991,1028269.31742,1.066,48.1660543230404,-0.00020879399229477638,0.020529,0.017612050000000004,1.8723487539317687,0.3564280215550424,0.26114413075780085,0.6752353164584172,-0.00015521398387356673,0.015395277777777779,0.024014166666666663,,0,0,neutre,365,0,0,30,,,17.0,54.0,46.0,68.0,50,54,29.24,-1,≈ Neutre vs BTC,False,False,,0,,,,54,1,,,19881352,19881352,1000000000.0,1000000000.0,1000000000.0,100.0,12447616,$12M,0.33
ERAUSDT,ERA,Speculative,,0.06,895570.47023,5.634,46.04690487859571,0.0005536041156409023,0.06826799999999998,0.11095600000000001,0.7129892833747586,0.5097173144876325,0.46996466431095407,1.6032740678550996,0.4041269854032509,0.05872222222222222,0.10521944444444442,downtrend|doji_4h,0,1,baissier,365,0,0,30,,,17.0,64.0,59.5,57.5,32.1,54,29.34,-1,≈ Neutre vs BTC,False,False,,0,,,,54,0,,,,,,,,,,,
SAGAUSDT,SAGA,Speculative,,0.01584,838505.450644,5.04,59.470945654245796,0.0001145622038590507,0.013588199999999996,0.020576499999999998,1.2040434536872986,0.3137142857142858,0.09657142857142859,0.36713273524925366,0.3774009164507384,0.012257499999999998,0.015942777777777774,rsi_bearish_divergence|double_bottom_90d,1,1,mixte,365,0,0,30,,,17.0,57.0,67.0,57.5,34.5,54,29.09,-1,≈ Neutre vs BTC,False,False,,0,,,,54,4,⚠️ Surveiller,Volume ×0.4 (épuisement)|Divergence RSI baissière,,,,,,,,,
YBUSDT,YB,Speculative,733,0.096,417467.17621,-2.736,65.03059406302827,0.0007806172001899349,0.07769000000000002,0.10771599999999994,0.7227598204625507,0.4082013047530289,0.10810810810810823,0.32677437870793036,0.37469530322686684,0.06685833333333331,0.09718333333333334,uptrend,1,0,haussier,320,0,0,30,,,15.8,48.0,73.0,47.0,53.7,54,27.84,-1,≈ Neutre vs BTC,False,False,,0,,,,54,2,,Volume ×0.3 (épuisement),24372928,71500703,255244344.21235433,748787749.9226435,1000000000.0,34.1,158357634,$158M,1.82
MUBUSDT,MUB,Speculative,522,934.99,392200.99529,0.183,50.06438720242253,-3.08991781769702,912.0618000000001,,0.6467134294828301,0.40245201258526353,0.24041267957171084,0.016841976072926118,,834.8918750000001,1135.5365624999997,uptrend,1,0,haussier,81,0,0,30,,,9.2,45.0,63.0,47.0,53.7,54,22.43,-1,≈ Neutre vs BTC,False,False,,0,,,,54,3,,Volume ×0.0 (épuisement),40103120,40103120,42929.54420858,42929.54420858,,100.0,,,
1000CATUSDT,1000CAT,Speculative,,0.00193,304855.0777235,1.153,61.22548603135604,-2.773001055444857e-06,0.0015630799999999995,0.0016713200000000013,1.3392579582821156,0.2774566473988439,0.09056603773584901,0.3702118604480723,0.4255215559469017,0.001271666666666667,0.0019038888888888881,macd_bearish_cross|doji_4h,0,1,baissier,365,0,0,30,,,17.0,57.0,67.0,47.0,33.9,54,28.22,-1,≈ Neutre vs BTC,False,False,,0,,,,54,5,⚠️ Surveiller,Volume ×0.4 (épuisement)|MACD cross baissier,,,,,,,,,
AVAUSDT,AVA,Speculative,,0.2016,132832.08406,0.8,56.38341560806817,1.4129187920470729e-05,0.178092,0.2039349999999998,0.8111120585597199,0.28017241379310354,0.04881516587677727,0.2003757780247793,0.5677630249568698,0.15689722222222222,0.20792777777777782,double_top_90d,0,1,baissier,365,0,0,30,,,17.0,57.0,77.5,47.0,28.4,54,28.51,-1,≈ Neutre vs BTC,False,False,,0,,,,54,6,⚠️ Surveiller,Volume ×0.2 (épuisement)|Près du plus haut 90j (résistance)|Double sommet,,,,,,,,,
XVGUSDT,XVG,Speculative,516,0.002477,117617.538123,2.186,59.68194272970471,1.429160069870748e-05,0.0021572600000000003,0.003471729999999998,0.6908312999010394,0.3680160588825694,0.17129474740715955,0.3827995870424997,0.5997048192784117,0.0019786111111111115,0.0026934166666666673,double_top_90d|uptrend,1,1,mixte,365,0,0,30,,,17.0,57.0,73.0,47.0,32.1,54,28.46,-1,≈ Neutre vs BTC,False,False,,0,,,,54,4,⚠️ Surveiller,Volume ×0.4 (épuisement)|Double sommet,40925533,41007396,16521951234.841335,16555000000.0,,99.8,,,
SKLUSDT,SKL,Speculative,752,0.00375,102626.69094,1.078,51.12096432358525,1.9073758522059343e-05,0.003769199999999999,0.005382650000000002,0.52523267994783,0.38257575757575757,0.2916666666666667,0.19332014800667494,0.4506667816055496,0.003436666666666666,0.004753888888888889,doji_4h,0,0,neutre,365,0,0,30,,,17.0,37.0,83.5,47.0,50,54,27.77,-1,≈ Neutre vs BTC,False,False,,0,,,,54,2,,Volume ×0.2 (épuisement),22846371,23975607,6094019337.0,6395230571.185456,7000000000.0,95.3,,,
RLCUSDT,RLC,Speculative,684,0.3141,87319.79614,1.749,56.89400141234399,0.0008551149759636108,0.2860620000000001,0.37183700000000025,0.6473134969113115,0.3837180441796972,0.22189128816083392,0.2345022533544669,0.6218549244441105,0.26690277777777777,0.35751666666666654,double_top_90d,0,1,baissier,365,0,0,30,,,17.0,57.0,73.0,47.0,28.4,54,28.24,-1,≈ Neutre vs BTC,False,False,,0,,,,54,4,⚠️ Surveiller,Volume ×0.2 (épuisement)|Double sommet,27302237,27302237,86999784.9868455,86999784.9868455,86999784.9868455,100.0,,,
HIVEUSDT,HIVE,Speculative,745,0.0432,79489.1827,1.647,52.385539138112065,0.0003761316058557165,0.04362800000000002,0.055517500000000046,0.4615687274219516,0.37086092715231794,0.28642384105960267,0.36574678469612343,0.6281693824147151,0.040377777777777804,0.05410277777777778,doji_4h,0,0,neutre,365,0,0,30,,,17.0,37.0,83.5,47.0,50,54,27.77,-1,≈ Neutre vs BTC,False,False,,0,,,,54,2,,Volume ×0.4 (épuisement),23770130,48325096,550140465.0,1118445313.0,,49.2,,,
METABUSDT,METAB,Speculative,,580.07,35879.20024,0.278,52.52957034996419,3.4457401748099246,593.5046,,0.36306727650241716,0.20293754410726886,0.1481269113149847,0.043272027500918256,,548.4541666666668,657.8308333333333,macd_bullish_cross|bearish_engulfing_4h,1,1,mixte,62,0,0,30,,,8.7,45.0,85.5,47.0,36.1,54,22.37,-1,≈ Neutre vs BTC,False,False,,0,,,,54,4,⚠️ Surveiller,Volume ×0.0 (épuisement)|Engloutissement baissier 4h,,,,,,,,,
GLWBUSDT,GLWB,Speculative,,149.68,32332.87412,0.47,45.05306037551487,-0.2948593648793585,155.58820000000006,,0.7130456624640368,0.3670161084121708,0.23594988493991312,0.08456944183520503,,138.26318181818183,185.26909090909092,,0,0,neutre,55,0,0,30,,,8.5,45.0,63.0,47.0,50,54,21.72,-1,≈ Neutre vs BTC,False,False,,0,,,,54,3,,Volume ×0.1 (épuisement),,,,,,,,,
MTLUSDT,MTL,Speculative,766,0.239,28859.4785,3.017,64.4320578278602,0.0033828107520009424,0.21362000000000003,0.2603499999999998,0.5985110916307808,0.32720588235294124,0.1213235294117648,0.12498272865165923,0.7577913376987484,0.19697222222222227,0.25775,rsi_bearish_divergence|doji_4h,0,1,baissier,365,0,0,30,,,17.0,57.0,75.5,47.0,28.8,54,28.42,-1,≈ Neutre vs BTC,False,False,,0,,,,54,4,⚠️ Surveiller,Volume ×0.1 (épuisement)|Divergence RSI baissière,22288707,22288707,92858285.0,92858285.0,,100.0,,,
MEGAUSDT,MEGA,Mid,492,0.03924,1025113.414934,5.145,53.15826004762512,0.00045664541145043166,0.039012000000000005,,0.8419374566404864,0.5047664442326024,0.37734350174769615,0.2316373131960616,0.5220677360203264,0.03416944444444445,0.05720638888888888,,0,0,neutre,123,0,0,30,,,24.4,45.0,59.5,68.0,50,53,33.98,-2,≈ Neutre vs BTC,False,False,,0,,,,53,2,,Volume ×0.2 (épuisement),44534987,394187212,1129792788.0,10000000000.0,10000000000.0,11.3,,,
LUNCUSDT,LUNC,Mid,135,5.282e-05,626260.74081208,0.648,50.37393394233391,2.2964394765138113e-07,5.28166e-05,5.637045e-05,0.7209130616116494,0.370065133590323,0.29921573840223314,0.16284672054352745,0.6820739225911276,4.8779722222222214e-05,7.124611111111112e-05,,0,0,neutre,365,0,0,30,,,31.0,37.0,73.0,57.5,50,53,37.5,-2,≈ Neutre vs BTC,False,False,,0,,,,53,2,,Volume ×0.2 (épuisement),291164333,340016900,5524213535112.641,6451082131762.17,,85.6,,,
DYDXUSDT,DYDX,Mid,281,0.11213,322666.8639899,2.947,47.702531964876016,0.00010641400747067424,0.11598860000000003,0.12248739999999994,0.6835043510094378,0.44317929349033547,0.3771384136858476,0.2509415171506515,0.17015875572649783,0.10862833333333335,0.15529083333333335,support_bounce|doji_4h,1,0,haussier,365,0,0,30,,,31.0,37.0,62.5,47.0,57.2,53,36.46,-2,≈ Neutre vs BTC,False,False,,0,,,,53,2,,Volume ×0.3 (épuisement),94879350,107466681,846094216.4335754,958342751.0,1000000000.0,88.3,75008726,$75M,2.84
NEOUSDT,NEO,Mid,204,2.088,236501.6268,-0.096,56.4689976706893,0.018692338231376518,1.92858,2.43438,0.6846828529836475,0.3375948861366361,0.1662005593288054,0.39927945923632635,0.7680884500620838,1.7594166666666669,2.292972222222222,shooting_star_4h|doji_4h,0,1,baissier,365,0,0,30,,,31.0,57.0,65.0,47.0,30.6,53,37.42,-2,≈ Neutre vs BTC,False,False,,0,,,,53,4,⚠️ Surveiller,Volume ×0.4 (épuisement)|Étoile filante 4h,147250589,208777242,70530000.0,100000000.0,,70.5,,,
CELOUSDT,CELO,Mid,479,0.07642,218773.665814,4.299,65.3658763027656,0.0008292686851074926,0.0670188,0.07482509999999999,0.5996995331746284,0.2017796030116359,0.017225864507005965,0.33725564054549495,0.49833975549547144,0.059134166666666675,0.07564138888888888,shooting_star_4h,0,1,baissier,365,0,0,30,,,31.0,48.0,100.0,47.0,30.6,53,38.44,-2,≈ Neutre vs BTC,False,False,,0,,,,53,6,⚠️ Surveiller,Volume ×0.3 (épuisement)|Près du plus haut 90j (résistance)|Étoile filante 4h,46246741,76400890,605316779.0,1000000000.0,1000000000.0,60.5,,,
GRTUSDT,GRT,Mid,182,0.01669,177221.59356,0.542,55.79722932729908,0.00019231963293625922,0.0156054,0.021890850000000007,0.7863714186722457,0.4308556611927399,0.28176318063958516,0.14951896463363015,0.7635704913382009,0.013955277777777778,0.02056361111111111,shooting_star_4h,0,1,baissier,365,0,0,30,,,31.0,57.0,65.0,47.0,30.6,53,37.42,-2,≈ Neutre vs BTC,False,False,,0,,,,53,4,⚠️ Surveiller,Volume ×0.1 (épuisement)|Étoile filante 4h,181953966,193123909,10941320353.043917,11612995353.0437,,94.2,,,
ROBOUSDT,ROBO,Speculative,652,0.01334,4483678.09321,-12.005,48.91617927251837,-5.627934643641674e-05,0.012924600000000001,,1.3241763068330783,0.5071003206596426,0.38937242327072835,0.8138199370089417,0.12357594864739883,0.011616666666666668,0.020525833333333333,,0,0,neutre,180,0,0,30,,,11.9,54.0,43.0,68.0,50,53,25.61,-2,≈ Neutre vs BTC,False,False,,0,,,,53,1,,,29607944,132711536,2231000000.0,10000000000.0,10000000000.0,22.3,,,
BBUSDT,BB,Speculative,,0.00941,987661.925943,4.556,35.48306822673193,9.301312934494976e-05,0.014007400000000003,0.022974350000000004,1.1920290061719423,0.649802371541502,0.6272727272727273,3.198070288218202,0.47020207399339675,0.010358333333333336,0.022758333333333325,downtrend,0,1,baissier,365,0,0,30,,,17.0,55.0,44.5,57.5,32.1,53,27.36,-2,≈ Neutre vs BTC,False,False,,2,⚡ Volume ×3.2 vs médiane,,3.2,53,0,,,,,,,,,,,
PORTALUSDT,PORTAL,Speculative,,0.01548,796821.060876,1.508,57.86232772153676,0.00019952080252387734,0.011812800000000002,0.011996250000000007,2.3010686999322143,0.6326609775019395,0.3991466252909232,0.26585363464912604,-0.0005472492411695044,0.010176666666666667,0.01823777777777778,uptrend,1,0,haussier,365,0,0,30,,,17.0,57.0,32.5,57.5,53.7,53,28.17,-2,≈ Neutre vs BTC,False,False,,0,,,,53,2,,Volume ×0.3 (épuisement),,,,,,,,,
OPNUSDT,OPN,Speculative,,0.0545,654349.43206,3.22,50.109058133709794,0.00030459387193994925,0.055334000000000036,,0.7774734189088154,0.8230769230769232,0.7903846153846155,0.20263170818516832,-0.0036826474192779525,0.04923888888888888,0.12058611111111112,double_bottom_90d|uptrend,2,0,haussier,179,0,0,30,,,11.9,45.0,43.0,57.5,59.5,53,24.25,-2,≈ Neutre vs BTC,False,False,,0,,,,53,2,,Volume ×0.2 (épuisement),,,,,,,3512794,$4M,-3.05
GUNUSDT,GUN,Speculative,,0.00316,474199.67622,3.268,48.070021903348895,1.3881532305821639e-05,0.003281599999999999,0.011625349999999996,0.9664719878740328,0.615702479338843,0.5674931129476585,0.563579010584213,0.42904874830130846,0.002940833333333333,0.006387777777777778,,0,0,neutre,365,0,0,30,,,17.0,46.0,55.0,47.0,50,53,27.14,-2,≈ Neutre vs BTC,False,False,,0,,,,53,2,,Volume ×0.6 (épuisement),,,,,,,,,
SOMIUSDT,SOMI,Speculative,867,0.1153,374094.66821,3.223,68.24382192613164,0.0016332432221093651,0.09667200000000004,0.143947,0.6316479604702387,0.403145103645461,0.17655468191565404,0.46100235089091035,0.5591700531447921,0.08704999999999999,0.12001388888888889,,0,0,neutre,363,0,0,30,,,16.9,48.0,73.0,47.0,50,53,28.42,-2,≈ Neutre vs BTC,False,False,,0,,,,53,2,,Volume ×0.5 (épuisement),18473624,115316003,160200000.0,1000000000.0,1000000000.0,16.0,,,
MBLUSDT,MBL,Speculative,,0.000651,345597.192937,0.618,52.48855768915836,4.96279118210311e-06,0.0006544399999999998,0.0008225100000000004,0.5004862461660157,0.3176328502415459,0.21376811594202896,0.4623916290819063,0.7641711256138982,0.0006088611111111113,0.0007594166666666667,doji_4h,0,0,neutre,365,0,0,30,,,17.0,37.0,75.5,47.0,50,53,27.29,-2,≈ Neutre vs BTC,False,False,,0,,,,53,2,,Volume ×0.5 (épuisement),,,,,,,,,
CATIUSDT,CATI,Speculative,569,0.05329,229956.971939,0.68,66.46270550453195,0.0002791127958901075,0.0430268,0.04823129999999999,0.6251057780342022,0.4806299212598425,0.15874015748031495,0.2926928547902031,0.2586982140692889,0.037018888888888886,0.06119805555555556,uptrend,1,0,haussier,365,0,0,30,,,17.0,48.0,67.0,47.0,53.7,53,28.32,-2,≈ Neutre vs BTC,False,False,,0,,,,53,2,,Volume ×0.3 (épuisement),36282021,53406746,679352770.0699999,1000000000.0,1000000000.0,67.9,,,
ARPAUSDT,ARPA,Speculative,900,0.00979,199832.051163,3.379,65.73413232794043,5.617416183405932e-05,0.0086956,0.009405400000000001,0.38048491584050137,0.2369668246445498,0.07203791469194315,0.2753148934797482,0.44045373197514687,0.007972777777777777,0.009799722222222222,rsi_bearish_divergence|uptrend,1,1,mixte,365,0,0,30,,,17.0,48.0,100.0,47.0,32.5,53,29.03,-2,≈ Neutre vs BTC,False,False,,0,,,,53,4,⚠️ Surveiller,Volume ×0.3 (épuisement)|Divergence RSI baissière,17046457,19561152,1742888888.987738,1999999999.987738,2000000000.0,87.1,,,
BREVUSDT,BREV,Speculative,854,0.076,195917.20189,6.592,59.82346215763111,0.0005962433575940235,0.07152800000000001,0.10271050000000002,0.49316408839752734,0.36534653465346534,0.2504950495049505,0.6157581264548982,0.4819144296900108,0.06779999999999999,0.08898888888888888,rsi_bearish_divergence|shooting_star_4h,0,2,baissier,237,0,0,30,,,13.5,66.0,83.5,47.0,9.4,53,26.43,-2,≈ Neutre vs BTC,False,False,,0,,,,53,4,⚠️ Surveiller,Divergence RSI baissière|Étoile filante 4h,18932718,75730872,250000000.0,1000000000.0,1000000000.0,25.0,,,
STGUSDT,STG,Speculative,740,0.1701,162392.37881,2.224,63.02856843788752,0.0019141149124212243,0.14184800000000003,0.1907859999999999,1.1250781581384293,0.8163107397090683,0.7369235530795418,0.15942810565377752,0.11215445086295239,0.12714166666666668,0.3100638888888889,morning_star_4h,1,0,haussier,365,0,0,30,,,17.0,57.0,32.5,47.0,52.3,53,27.25,-2,≈ Neutre vs BTC,False,False,,0,,,,53,2,,Volume ×0.2 (épuisement),23897899,23897899,140673672.83921707,140673672.83921707,1000000000.0,100.0,82309901,$82M,15.59
ILVUSDT,ILV,Speculative,711,3.12,139170.44658,3.311,50.24811156309422,-0.015990284614392364,3.014199999999999,3.681699999999998,0.7208447024924584,0.27894736842105256,0.18157894736842103,0.5457495174982049,0.647226637861831,2.836944444444445,3.4825,macd_bearish_cross|double_top_90d|uptrend,1,2,baissier,365,0,0,30,,,17.0,66.0,73.0,47.0,16.0,53,28.58,-2,≈ Neutre vs BTC,False,False,,0,,,,53,7,🔴 Sortie,Volume ×0.5 (épuisement)|Double sommet|MACD cross baissier,25840858,29929739,8285780.453366345,9596865.985754393,,86.3,,,
C98USDT,C98,Speculative,,0.01503,132288.798085,2.245,52.88130852014394,-9.654847067875759e-05,0.0137274,0.019387050000000003,1.1062533414801625,0.36101694915254234,0.15084745762711868,0.23468841894746836,0.5265551564755705,0.012067222222222222,0.0161025,macd_bearish_cross,0,1,baissier,365,0,0,30,,,17.0,57.0,62.5,47.0,33.9,53,27.95,-2,≈ Neutre vs BTC,False,False,,0,,,,53,5,⚠️ Surveiller,Volume ×0.2 (épuisement)|MACD cross baissier,,,,,,,,,
WOOUSDT,WOO,Speculative,781,0.01149,76234.736759,1.862,50.6707130206067,3.6311185155983426e-05,0.011671999999999995,0.015224950000000001,0.5449858291809478,0.3405063291139241,0.2721518987341773,0.42627595343920904,0.7523376416461166,0.010780555555555554,0.013863055555555552,,0,0,neutre,365,0,0,30,,,17.0,37.0,75.5,47.0,50,53,27.29,-2,≈ Neutre vs BTC,False,False,,0,,,,53,2,,Volume ×0.4 (épuisement),21702637,21702637,1888782088.2947378,1888782088.294737,3000000000.0,100.0,3621943,$4M,-8.58
DOTUSDT,DOT,Etabli,57,0.858,3236617.65888,1.659,52.87345449325383,0.0010055098611729003,0.8223799999999997,1.1243899999999996,0.6220454976954729,0.31884057971014496,0.22463768115942037,0.28431676383499155,0.7179023819606967,0.7710555555555554,1.0011944444444445,double_top_90d,0,1,baissier,365,0,0,30,,,45.0,57.0,65.0,68.0,28.4,52,48.48,-3,≈ Neutre vs BTC,False,False,,0,,,,52,4,⚠️ Surveiller,Volume ×0.3 (épuisement)|Double sommet,1453792103,1453794794,1700418029.120259,1700431391.16635,2100000000.0,100.0,2022361,$2M,-6.0
JSTUSDT,JST,Etabli,81,0.09598,1983049.8558,-3.615,35.70221603675924,-0.0011565575866106185,0.102403,0.08021334999999999,0.3367730171331854,0.20714822367714927,0.11375807940904892,0.3895287012955493,0.10753659569105076,0.07864166666666667,0.10619555555555556,,0,0,neutre,365,0,0,30,,,45.0,36.0,89.5,68.0,50,52,48.73,-3,≈ Neutre vs BTC,False,False,,0,,,,52,3,,Volume ×0.4 (épuisement),784900759,784900759,8188743036.341737,8188743036.341737,9900000000.0,100.0,3709640341,$3.7B,1.33
ZAMAUSDT,ZAMA,Mid,248,0.05103,1109237.68935,-0.893,52.17061935392497,6.142077534134339e-05,0.04765380000000001,0.032388099999999996,1.0321214614952703,0.3329485488126649,0.15666226912928763,0.11509971040696725,0.36086246968386976,0.03063500000000001,0.056562499999999995,double_top_90d|downtrend,0,2,baissier,210,0,0,30,,,26.8,73.0,62.5,68.0,10.5,52,36.77,-3,≈ Neutre vs BTC,False,False,,0,,,,52,4,⚠️ Surveiller,Volume ×0.1 (épuisement)|Double sommet,112313113,561565563,2200000000.0,11000000000.0,,20.0,59551609,$60M,0.88
FFUSDT,FF,Mid,139,0.09065,437237.666954,-3.183,66.11201438540795,0.0016553787887099713,0.06874479999999998,0.07398924999999999,0.8486278700924988,0.39112734864300625,0.10238941548183245,0.12034581094358542,0.2639645088231975,0.05983305555555556,0.09179722222222224,,0,0,neutre,336,0,0,30,,,30.2,48.0,67.0,47.0,50,52,37.08,-3,≈ Neutre vs BTC,False,False,,0,,,,52,2,,Volume ×0.1 (épuisement),279023045,910352511,3065000000.0,10000000000.0,10000000000.0,30.6,1174797066,$1.2B,0.04
KAVAUSDT,KAVA,Mid,440,0.04688,374238.990285,1.913,69.52841666471073,0.0004900065875258486,0.0434136,0.051322900000000005,0.3334152951013089,0.2417437252311757,0.11738063785619934,0.4427405601789235,0.5373660446623891,0.04054583333333333,0.048472222222222215,rsi_bearish_divergence|uptrend,1,1,mixte,365,0,0,30,,,31.0,48.0,95.5,47.0,32.5,52,38.28,-3,≈ Neutre vs BTC,False,False,,0,,,,52,4,⚠️ Surveiller,Volume ×0.4 (épuisement)|Divergence RSI baissière,50663296,50663296,1082846942.0,1082846942.0,,100.0,,,
ASTRUSDT,ASTR,Mid,453,0.005639,194059.635473,1.348,66.78056395514861,7.992859097448002e-05,0.00501552,0.0066747900000000025,0.5320493095847693,0.3474302496328928,0.17180616740088106,0.5117886335987517,0.7048885340800681,0.00466375,0.006073444444444444,downtrend,0,1,baissier,365,0,0,30,,,31.0,57.0,75.5,47.0,32.1,52,38.14,-3,≈ Neutre vs BTC,False,False,,0,,,,52,2,,Volume ×0.5 (épuisement),49360773,49365124,8751976481.0,8752750090.0,10000000000.0,100.0,17160596,$17M,6.29
BANANAS31USDT,BANANAS31,Mid,299,0.008704,162678.22032,-1.17,51.44389890302599,-6.510260182647916e-05,0.007939040000000001,0.009105669999999996,1.379177076478317,0.425567989148864,0.2611902339776194,0.09096594495804051,0.17975589015791857,0.006959722222222224,0.01057336111111111,macd_bearish_cross,0,1,baissier,365,0,0,30,,,31.0,57.0,56.5,47.0,33.9,52,37.11,-3,≈ Neutre vs BTC,False,False,,0,,,,52,5,⚠️ Surveiller,Volume ×0.1 (épuisement)|MACD cross baissier,86985238,86985238,10000000000.0,10000000000.0,10000000000.0,100.0,,,
LUMIAUSDT,LUMIA,Speculative,816,0.086,477940.062294,-1.376,54.221591355128865,7.950271059522975e-05,0.07865200000000001,0.09155649999999996,0.48734069316054107,0.5181422351233672,0.37518142235123375,0.17984636044739827,0.21329520319715212,0.07035833333333334,0.12888333333333335,double_top_90d,0,1,baissier,365,0,0,30,,,17.0,57.0,64.0,47.0,28.4,52,27.7,-3,≈ Neutre vs BTC,False,False,,0,,,,52,4,⚠️ Surveiller,Volume ×0.2 (épuisement)|Double sommet,20565072,20565072,238888888.0,238888888.0,238888888.0,100.0,,,
LUNAUSDT,LUNA,Speculative,617,0.0456,321293.800983,-1.299,50.971075638221485,-4.208244737397362e-05,0.044272,0.05549199999999999,0.8652137880849655,0.28798586572438156,0.19434628975265011,0.42732637818324587,0.5623294370043677,0.041286111111111114,0.05351944444444443,macd_bearish_cross|double_top_90d|support_bounce|uptrend,2,2,mixte,365,0,0,30,,,17.0,57.0,73.0,47.0,23.2,52,27.93,-3,≈ Neutre vs BTC,False,False,,0,,,,52,7,🔴 Sortie,Volume ×0.4 (épuisement)|Double sommet|MACD cross baissier,32332958,54043085,709984438.91686,1186707049.0,,59.8,,,
PUNDIXUSDT,PUNDIX,Speculative,738,0.093,223122.38203,2.198,67.80875065751349,0.0012477922722178712,0.080776,0.12174350000000002,0.5079695414719989,0.47526881720430114,0.3340501792114696,0.6307045147081466,0.5364317206865787,0.0747472222222222,0.10879166666666666,shooting_star_4h,0,1,baissier,365,0,0,30,,,17.0,57.0,79.0,47.0,30.6,52,28.74,-3,≈ Neutre vs BTC,False,False,,0,,,,52,2,,Étoile filante 4h,24006338,24006338,258386541.0999244,258386541.0999244,,100.0,,,
VTHOUSDT,VTHO,Speculative,503,0.00041,214162.394977,1.737,68.19041986546566,7.686586066735756e-06,0.00035316000000000015,0.00047993999999999993,0.5745812315666259,0.32608695652173914,0.1086956521739131,0.8565537164112635,0.7629430136616503,0.0003251111111111111,0.0004176666666666667,downtrend,0,1,baissier,365,0,0,30,,,17.0,57.0,75.5,47.0,32.1,52,28.62,-3,≈ Neutre vs BTC,False,False,,0,,,,52,0,,,42145351,42146019,102624684631.0,102627263068.0,,100.0,,,
NBISBUSDT,NBISB,Speculative,,209.27,145035.28578,-0.162,45.60992631847216,-4.138778729776796,210.56059999999997,,1.1969131004878089,0.3337899946968358,0.2501880978825553,0.05327831593988994,,174.94545454545454,254.35863636363635,,0,0,neutre,55,0,0,30,,,8.5,45.0,52.5,47.0,50,52,21.09,-3,≈ Neutre vs BTC,False,False,,0,,,,52,3,,Volume ×0.1 (épuisement),,,,,,,,,
IOSTUSDT,IOST,Speculative,794,0.000599,122963.240097,2.393,52.243326127272184,6.272986178012521e-06,0.0006118400000000001,0.0009240199999999998,0.4785827629314749,0.4452554744525547,0.37330552659019817,0.7710902287040781,0.6567276044835063,0.0005653055555555554,0.0008393611111111108,downtrend,0,1,baissier,365,0,0,30,,,17.0,46.0,79.0,47.0,32.1,52,27.51,-3,≈ Neutre vs BTC,False,False,,0,,,,52,0,,,21230988,21230988,35393045407.0,35393045407.0,90000000000.0,100.0,,,
IOTXUSDT,IOTX,Speculative,693,0.002863,110877.151075,0.952,56.82495774538534,4.775796821136641e-06,0.002501600000000001,0.0038925499999999972,1.035514722037937,0.4900497512437811,0.28905472636815926,0.2975833505687498,0.4511106435465198,0.002238888888888889,0.0034817222222222216,shooting_star_4h,0,1,baissier,365,0,0,30,,,17.0,57.0,62.5,47.0,30.6,52,27.75,-3,≈ Neutre vs BTC,False,False,,0,,,,52,4,⚠️ Surveiller,Volume ×0.3 (épuisement)|Étoile filante 4h,26997924,26997924,9441368550.0,9441368555.0,10000000000.0,100.0,,,
CUSDT,C,Speculative,,0.0627,52354.17312,0.966,46.6880327418147,-0.0004980489318952489,0.06193800000000001,0.07078799999999999,0.7352912593692472,0.5135640785781104,0.4144059869036482,0.11572917540861127,0.1326745292825936,0.05680555555555554,0.09727499999999999,macd_bearish_cross,0,1,baissier,365,0,0,30,,,17.0,57.0,53.5,47.0,33.9,52,27.41,-3,≈ Neutre vs BTC,False,False,,0,,,,52,5,⚠️ Surveiller,Volume ×0.1 (épuisement)|MACD cross baissier,,,,,,,,,
ONDOUSDT,ONDO,Etabli,50,0.3572,5054857.82815,1.708,49.04567003249122,0.00036698457434379875,0.3635480000000001,0.32084749999999995,0.7153100743470815,0.25471242145964235,0.14158653846153849,0.3049366520578079,0.41142844415885044,0.3146083333333334,0.40214999999999995,double_top_90d|uptrend,1,1,mixte,365,0,0,30,,,45.0,45.0,73.0,78.5,32.1,51,48.58,-4,≈ Neutre vs BTC,False,False,,0,,,,51,4,⚠️ Surveiller,Volume ×0.3 (épuisement)|Double sommet,1736006449,3565184980,4869330647.0,10000000000.0,10000000000.0,48.7,2543461058,$2.5B,1.32
GRAMUSDT,GRAM,Etabli,26,1.371,4878673.06317,0.883,45.32162926357279,0.0009566985129843275,1.4273999999999996,,0.4299035971035307,0.25955056179775277,0.22977528089887642,0.17451701050548704,,1.3302916666666667,1.6834583333333335,downtrend|doji_4h,0,1,baissier,60,0,0,30,,,36.6,45.0,73.5,68.0,32.1,51,42.09,-4,≈ Neutre vs BTC,False,False,,0,,,,51,2,,Volume ×0.2 (épuisement),3817211869,7202233260,2777373878.4666986,5240304851.336615,,53.0,,,
KITEUSDT,KITE,Mid,131,0.1277,2972093.47796,-1.237,66.61860750330817,0.0033155679489309258,0.10771800000000001,0.16508899999999993,0.7518474087095652,0.5362025316455696,0.3539240506329115,0.20113805838675253,0.3921329105378061,0.09531666666666663,0.18894166666666667,,0,0,neutre,301,0,0,30,,,29.2,48.0,59.5,68.0,50,51,37.66,-4,≈ Neutre vs BTC,False,False,,0,,,,51,2,,Volume ×0.2 (épuisement),305388586,1277137403,2391196012.0,10000000000.0,10000000000.0,23.9,1027688,$1M,-1.47
BONKUSDT,BONK,Mid,141,2.99e-06,797741.54073776,1.356,53.93209306948978,5.184561765338354e-08,2.886799999999999e-06,4.9811500000000014e-06,0.932297073137721,0.5584158415841585,0.4079207920792079,0.17025811217006911,0.5825744294820071,2.469722222222222e-06,4.755555555555553e-06,double_top_90d|doji_4h,0,1,baissier,365,0,0,30,,,31.0,57.0,59.5,57.5,28.4,51,37.79,-4,≈ Neutre vs BTC,False,False,,0,,,,51,4,⚠️ Surveiller,Volume ×0.2 (épuisement)|Double sommet,261319838,261319838,87994578225806.47,87994578225810.47,87995282867000.55,100.0,10528851,$11M,10.67
CFXUSDT,CFX,Mid,152,0.0461,371207.10312,2.217,52.69570706480593,-2.9235564088541137e-05,0.043949399999999986,0.051243849999999966,0.6868158152609842,0.2606837606837607,0.10664335664335654,0.23773604689311012,0.6054928352018667,0.04082611111111111,0.049350833333333316,macd_bearish_cross|double_top_90d|uptrend,1,2,baissier,365,0,0,30,,,31.0,57.0,73.0,47.0,16.0,51,37.02,-4,≈ Neutre vs BTC,False,False,,0,,,,51,7,🔴 Sortie,Volume ×0.2 (épuisement)|Double sommet|MACD cross baissier,240897940,240898470,5235617329.57,5235639021.75,,100.0,,,
ESPUSDT,ESP,Mid,417,0.08067,317130.37026,-2.372,51.66821386674396,-0.00036665555414679835,0.0745352,0.07747239999999996,0.8126546099053523,0.44703100845685184,0.2669819041556788,0.1968100119728663,0.30383004937330726,0.060730555555555545,0.08652888888888888,macd_bearish_cross|uptrend|shooting_star_4h,1,2,baissier,200,0,0,30,,,26.5,57.0,73.0,47.0,18.3,51,34.08,-4,≈ Neutre vs BTC,False,False,,0,,,,51,7,🔴 Sortie,Volume ×0.2 (épuisement)|Étoile filante 4h|MACD cross baissier,53785737,290668018,667809692.521383,3601379682.0,,18.5,,,
SNXUSDT,SNX,Mid,233,0.211,183353.71206,0.62,46.21916680609776,-8.5922077696041e-05,0.21638800000000008,0.27315199999999984,0.5904200742436408,0.2977941176470589,0.22610294117647067,0.17798506796943545,0.5604516309078392,0.2012861111111111,0.2546250000000001,macd_bearish_cross,0,1,baissier,365,0,0,30,,,31.0,37.0,83.5,47.0,33.9,51,36.33,-4,≈ Neutre vs BTC,False,False,,0,,,,51,5,⚠️ Surveiller,Volume ×0.2 (épuisement)|MACD cross baissier,122488684,122577999,580980590.4572881,581404223.5556631,,99.9,,,
MSTRBUSDT,MSTRB,Speculative,,130.57,2221462.61139,2.464,66.98583721788825,1.881784322714231,102.695,,0.845037617129345,0.21082267608322203,0.0587769784172661,0.42503903365532664,,88.73999999999998,121.7822222222222,uptrend,1,0,haussier,69,0,0,30,,,8.9,36.0,79.5,68.0,53.7,51,23.8,-4,≈ Neutre vs BTC,False,False,,0,,,,51,2,,Volume ×0.4 (épuisement),,,,,,,,,
FOGOUSDT,FOGO,Speculative,654,0.0076,819446.25296,0.132,36.85038214475552,-0.00014622762984151637,0.008726399999999999,0.01547345,0.9667693840803117,0.46523297491039434,0.4551971326164875,1.5568914362738668,0.43340244818847373,0.00817972222222222,0.01300888888888889,macd_bearish_cross,0,1,baissier,228,0,0,30,,,13.2,55.0,68.5,57.5,33.9,51,26.35,-4,≈ Neutre vs BTC,False,False,,0,,,,51,3,,MACD cross baissier,29460648,76327676,3880980863.008295,10054980864.86796,,38.6,,,
KORUBUSDT,KORUB,Speculative,,21.62,534663.1461,3.149,52.904523411146904,-0.10823420421602203,,,1.5992347512245948,0.4341620626151013,0.08312128922815935,0.029006194651209145,,14.69875,22.535625000000003,,0,0,neutre,40,0,0,30,,,8.1,45.0,46.5,57.5,50,51,21.3,-4,≈ Neutre vs BTC,False,False,,0,,,,51,3,,Volume ×0.0 (épuisement),,,,,,,,,
HYPERUSDT,HYPER,Speculative,774,0.0648,262555.40447,3.185,49.568528719082835,-0.0001059546575690319,0.06450000000000002,0.08555600000000005,0.8311456739635491,0.3407755581668625,0.23854289071680376,0.23794487615171178,0.538505962089705,0.0605888888888889,0.08157500000000001,macd_bearish_cross|downtrend|doji_4h,0,2,baissier,365,0,0,30,,,17.0,57.0,73.0,47.0,16.0,51,27.5,-4,≈ Neutre vs BTC,False,False,,0,,,,51,5,⚠️ Surveiller,Volume ×0.2 (épuisement)|MACD cross baissier,21949514,52400757,338174017.0,807333335.0000001,1000000000.0,41.9,89311965,$89M,2.2
DUSKUSDT,DUSK,Speculative,521,0.0673,261077.4696,1.203,47.149873118424566,-0.0005234594760818909,0.06689600000000001,0.09830400000000004,1.0234289530044787,0.5013239187996469,0.4086496028243601,0.4404172724637073,0.601776268806802,0.060791666666666654,0.0954777777777778,macd_bearish_cross|doji_4h,0,1,baissier,365,0,0,30,,,17.0,57.0,49.0,47.0,33.9,51,27.14,-4,≈ Neutre vs BTC,False,False,,0,,,,51,5,⚠️ Surveiller,Volume ×0.4 (épuisement)|MACD cross baissier,40302056,40302184,601339000.7864028,601345116.6412989,1000000000.0,100.0,,,
DYMUSDT,DYM,Speculative,,0.01551,131692.57246,4.094,54.13337578558625,-1.4985361514719114e-05,0.014699399999999998,0.022249000000000012,0.6724942012041958,0.32251308900523556,0.18272251308900517,0.21587896479343477,0.5647605888351956,0.01369666666666666,0.018063611111111117,macd_bearish_cross|downtrend,0,2,baissier,365,0,0,30,,,17.0,57.0,73.0,47.0,16.0,51,27.5,-4,≈ Neutre vs BTC,False,False,,0,,,,51,5,⚠️ Surveiller,Volume ×0.2 (épuisement)|MACD cross baissier,,,,,,,,,
THEUSDT,THE,Speculative,,0.07,103702.9415,2.941,61.72267304400951,-5.230656315196713e-05,0.058988000000000006,0.11112600000000004,0.7471155456130111,0.42545454545454553,0.15393939393939396,0.12380816664976495,0.3952815072794119,0.051097222222222204,0.07453055555555557,macd_bearish_cross|downtrend,0,2,baissier,365,0,0,30,,,17.0,57.0,73.0,47.0,16.0,51,27.5,-4,≈ Neutre vs BTC,False,False,,0,,,,51,5,⚠️ Surveiller,Volume ×0.1 (épuisement)|MACD cross baissier,,,,,,,1322973,$1M,-6.79
HAEDALUSDT,HAEDAL,Speculative,,0.0186,94944.983633,0.704,56.33941302201308,-1.5027934427623416e-05,0.0165826,0.02407109999999999,0.6506400045625039,0.4975490196078431,0.3490896358543417,0.1858921972379576,0.4297161423654592,0.015087222222222224,0.02168638888888889,macd_bearish_cross|uptrend|evening_star_4h,1,2,baissier,365,0,0,30,,,17.0,57.0,68.5,47.0,21.1,51,27.53,-4,≈ Neutre vs BTC,False,False,,0,,,,51,7,🔴 Sortie,Volume ×0.2 (épuisement)|Étoile du soir 4h|MACD cross baissier,,,,,,,27116708,$27M,-7.54
AEVOUSDT,AEVO,Speculative,808,0.02245,88233.7725827,1.446,55.189675573935496,-8.929013301154677e-05,0.0201992,0.02284340000000002,0.7337822323576372,0.26320346320346316,0.10859188544152744,0.1869023777691945,0.5610272724311193,0.01787861111111111,0.022856111111111112,macd_bearish_cross|double_top_90d|uptrend,1,2,baissier,365,0,0,30,,,17.0,57.0,73.0,47.0,16.0,51,27.5,-4,≈ Neutre vs BTC,False,False,,0,,,,51,7,🔴 Sortie,Volume ×0.2 (épuisement)|Double sommet|MACD cross baissier,20882434,22389275,932698096.72951,1000000000.0,1000000000.0,93.3,15274272,$15M,1.15
AMDBUSDT,AMDB,Speculative,,469.51,63385.76932,0.537,45.33677205484723,-0.03855203402211149,493.86320000000006,,0.48574997446855667,0.2601557239783851,0.18999361220931238,0.06727407702357112,,461.172962962963,555.5385185185185,downtrend,0,1,baissier,69,0,0,30,,,8.9,45.0,73.5,47.0,32.1,51,21.54,-4,≈ Neutre vs BTC,False,False,,0,,,,51,3,,Volume ×0.1 (épuisement),,,,,,,,,
BABABUSDT,BABAB,Speculative,,118.88,18743.4258,0.219,44.518038555588625,-0.9506131404561682,,,0.4551381640823211,0.12415929872288979,0.10163983979445337,0.026750131167521448,,113.2838888888889,130.08555555555557,,0,0,neutre,47,0,0,30,,,8.3,36.0,85.5,47.0,50,51,21.85,-4,≈ Neutre vs BTC,False,False,,0,,,,51,3,,Volume ×0.0 (épuisement),,,,,,,,,
PENGUUSDT,PENGU,Etabli,94,0.009219,5520325.909092,2.003,66.24191073182254,0.00012576143886101822,0.00678712,0.007277325000000001,1.1372697491406767,0.19372461129009672,0.06992017783166615,0.31339337104818177,0.728452313221258,0.005877222222222223,0.008273777777777777,double_bottom_90d|uptrend|shooting_star_4h,2,1,haussier,365,0,0,30,,,45.0,48.0,71.0,78.5,40.2,50,49.31,-5,≈ Neutre vs BTC,False,False,,0,🔥 Trending #11 sur CoinGecko,11,,50,4,⚠️ Surveiller,Volume ×0.3 (épuisement)|Étoile filante 4h,577827596,705254484,62860396090.0,76722843448.84425,88888888888.0,81.9,,,
REUSDT,RE,Mid,318,0.4936,2615459.7296,-0.343,51.35759618936578,0.002199106324395612,0.465398,,1.2793918178053783,0.6263933121019108,0.508857484076433,0.03646390224290043,,0.38154827586206896,0.7640206896551724,uptrend,1,0,haussier,74,0,0,30,,,23.0,45.0,34.5,68.0,53.7,50,31.79,-5,≈ Neutre vs BTC,False,False,,0,,,,50,2,,Volume ×0.0 (épuisement),78621947,492618715,159600000.0,1000000000.0,1000000000.0,16.0,328947961,$329M,5.51
WIFUSDT,WIF,Mid,170,0.2018,1047728.756628,1.305,66.86002913366178,0.0033911188939806935,0.15685999999999997,0.17919550000000017,0.9555806915125518,0.28631578947368425,0.07225034514496084,0.22389200561747555,0.617107586309907,0.13806944444444447,0.19466944444444445,downtrend,0,1,baissier,365,0,0,30,,,31.0,48.0,77.5,68.0,32.1,50,38.86,-5,≈ Neutre vs BTC,False,False,,0,,,,50,2,,Volume ×0.2 (épuisement),200658085,200658085,998926392.0,998926392.0,998926392.0,100.0,,,
EIGENUSDT,EIGEN,Mid,185,0.1978,741415.703384,2.117,50.63239390168921,0.0007208916399300443,0.20004599999999992,0.19785600000000003,0.8375655504687354,0.4143859649122807,0.30736842105263157,0.17255404380968478,0.43205505695773905,0.1706861111111111,0.2504444444444444,downtrend,0,1,baissier,365,0,0,30,,,31.0,45.0,68.5,57.5,32.1,50,37.12,-5,≈ Neutre vs BTC,False,False,,0,,,,50,2,,Volume ×0.2 (épuisement),181101145,362466705,918214771.988872,1837770171.978493,,50.0,6502261418,$6.5B,1.24
2ZUSDT,2Z,Mid,175,0.05486,317431.84547,-0.255,48.339775531308796,0.0005521747911570611,0.05780379999999998,0.07444630000000002,0.7356792477582648,0.4108176100628931,0.31018867924528304,0.5877870197225942,0.5561909785974682,0.05210138888888888,0.0756322222222222,downtrend,0,1,baissier,333,0,0,30,,,30.1,46.0,68.5,47.0,32.1,50,35.8,-5,≈ Neutre vs BTC,False,False,,0,,,,50,2,,Volume ×0.6 (épuisement),190367267,548579143,3469534344.0,9998116844.0,10000000000.0,34.7,75475563,$75M,12.27
BABYUSDT,BABY,Mid,414,0.0125,156723.49291,2.208,56.031780015221045,0.00016131262606707984,0.011898600000000002,0.013893850000000001,1.1054549536878342,0.5051229508196721,0.35860655737704916,0.10686197337816329,0.15489623657888485,0.010661666666666668,0.015908888888888886,downtrend,0,1,baissier,365,0,0,30,,,31.0,57.0,43.0,47.0,32.1,50,36.19,-5,≈ Neutre vs BTC,False,False,,0,,,,50,2,,Volume ×0.1 (épuisement),54202179,137079972,4329385927.98,10949281084.0,,39.5,3048904702,$3.0B,2.17
ENJUSDT,ENJ,Mid,438,0.02556,156405.824579,2.486,47.71689202381291,2.950300012292167e-06,0.026078400000000005,0.03177430000000001,0.5801234627350814,0.3489727928928374,0.2928928373126042,0.18997896355626664,0.5672928997724702,0.02441916666666667,0.033795000000000006,shooting_star_4h,0,1,baissier,365,0,0,30,,,31.0,37.0,83.5,47.0,30.6,50,36.13,-5,≈ Neutre vs BTC,False,False,,0,,,,50,4,⚠️ Surveiller,Volume ×0.2 (épuisement)|Étoile filante 4h,50792914,51354361,1996171935.7563028,2018236885.336788,,98.9,,,
TFUELUSDT,TFUEL,Mid,356,0.00913,100604.39312,0.11,67.78022297326237,0.00012661755695520362,0.0078562,0.010302099999999995,0.5189248527016085,0.26086956521739135,0.05486542443064192,0.43550016961035537,0.7258935708708627,0.00723,0.009016944444444445,downtrend,0,1,baissier,365,0,0,30,,,31.0,48.0,80.0,47.0,32.1,50,37.33,-5,≈ Neutre vs BTC,False,False,,0,,,,50,2,,Volume ×0.4 (épuisement),68131938,68132567,7450213138.0,7450307637.0,,100.0,,,
GLMUSDT,GLM,Mid,251,0.1117,51842.34237,-1.063,67.68190049093532,0.0017396447825779298,0.09769800000000001,0.12203049999999999,0.5310946230052639,0.3297129557796741,0.12955779674166015,0.31421840305022675,0.5435413015589814,0.0896861111111111,0.11694444444444445,downtrend,0,1,baissier,365,0,0,30,,,31.0,48.0,83.5,47.0,32.1,50,37.54,-5,≈ Neutre vs BTC,False,False,,0,,,,50,2,,Volume ×0.3 (épuisement),111996093,111996093,1000000000.0,1000000000.0,,100.0,,,
MUBARAKUSDT,MUBARAK,Speculative,793,0.02132,1714867.900675,-2.782,56.53585908810799,-9.490537839322946e-05,0.015602800000000002,0.013799549999999989,2.47222223615657,0.3786331500392773,0.16260801256873533,0.4861920965666347,0.17764962027858644,0.010050277777777778,0.021263888888888888,macd_bearish_cross|double_top_90d,0,2,baissier,365,0,0,30,,,17.0,73.0,46.0,68.0,12.3,50,29.26,-5,≈ Neutre vs BTC,False,False,,0,,,,50,7,🔴 Sortie,Volume ×0.5 (épuisement)|Double sommet|MACD cross baissier,21230980,21230980,1000000000.0,1000000000.0,1000000000.0,100.0,,,
DRAMBUSDT,DRAMB,Speculative,877,56.41,173178.8867,0.732,50.984367912458126,-0.02834158447688867,54.678799999999995,,0.7818582567721151,0.3130833970925784,0.137566947207345,0.0423873564953913,,49.071363636363635,61.66499999999999,macd_bearish_cross,0,1,baissier,55,0,0,30,,,8.5,45.0,63.0,47.0,33.9,50,20.76,-5,≈ Neutre vs BTC,False,False,,0,,,,50,5,⚠️ Surveiller,Volume ×0.0 (épuisement)|MACD cross baissier,18062772,18062772,320517.82971044,320517.82971044,,100.0,,,
POWRUSDT,POWR,Speculative,690,0.0475,164042.4571,2.592,69.85760772402669,0.0008309865784881169,0.041483999999999986,0.055135,0.567232884794474,0.3637961335676625,0.16520210896309312,0.4706332961983291,0.4784505660147246,0.03770833333333332,0.052558333333333325,rsi_bearish_divergence,0,1,baissier,365,0,0,30,,,17.0,48.0,83.5,47.0,28.8,50,27.82,-5,≈ Neutre vs BTC,False,False,,0,,,,50,4,⚠️ Surveiller,Volume ×0.5 (épuisement)|Divergence RSI baissière,27023234,47519062,568401106.1092739,999506122.99937,1000000000.0,56.9,,,
JUVUSDT,JUV,Speculative,,0.325,119502.17297,0.0,54.90318517110964,0.0012568612486829923,0.31817999999999996,0.4360549999999997,0.298621949427943,0.22739018087855303,0.16020671834625322,0.17765739684657836,0.5759880783670526,0.30419444444444443,0.3654999999999998,double_top_90d|downtrend|evening_star_4h,0,3,baissier,365,0,0,30,,,17.0,57.0,95.5,47.0,0,50,27.89,-5,≈ Neutre vs BTC,False,False,,0,,,,50,6,⚠️ Surveiller,Volume ×0.2 (épuisement)|Double sommet|Étoile du soir 4h,,,,,,,,,
RKLBBUSDT,RKLBB,Speculative,,65.5,46816.2648,0.553,36.15977534498676,-1.6539760988739207,,,0.8614046169129586,0.2412455934195065,0.23078730904817862,0.18509813618249002,,63.03111111111111,82.86055555555555,,0,0,neutre,47,0,0,30,,,8.3,36.0,75.0,47.0,50,50,21.22,-5,≈ Neutre vs BTC,False,False,,0,,,,50,3,,Volume ×0.2 (épuisement),,,,,,,,,
FILUSDT,FIL,Etabli,95,0.6855,1902657.569839,1.032,45.05954609993874,-0.0031708412711460073,0.7194160000000003,0.8557390000000001,0.7279360160407888,0.31823085221143477,0.2609492988133765,0.2558113990299241,0.6667826156671807,0.6750750000000001,0.8263194444444445,macd_bearish_cross,0,1,baissier,365,0,0,30,,,45.0,37.0,73.0,68.0,33.9,49,46.9,-6,≈ Neutre vs BTC,False,False,,0,,,,49,5,⚠️ Surveiller,Volume ×0.3 (épuisement)|MACD cross baissier,568535187,1337797700,831731150.0,1957113589.0,,42.5,,,
币安人生USDT,币安人生,Mid,103,0.5017,1415043.33459,-0.575,46.351109959701674,0.006554758686671481,0.5725140000000001,0.40600650000000016,0.9949869902021373,0.47288715192965314,0.3861748900830483,0.20513831312029313,0.035330800183700786,0.48243055555555553,0.7538222222222224,downtrend,0,1,baissier,236,0,0,30,,,27.5,45.0,62.5,68.0,32.1,49,35.19,-6,≈ Neutre vs BTC,False,False,,0,,,,49,2,,Volume ×0.2 (épuisement),500695613,500695613,1000000000.0,1000000000.0,1000000000.0,100.0,,,
KAITOUSDT,KAITO,Mid,325,0.3133,1238398.87239,-1.416,27.956625019788163,0.012295989172019933,0.71068,0.5058239999999998,1.5420174263785502,0.7564400993171942,0.7564400993171942,0.33883572381848465,0.1534650772779823,0.34863888888888894,1.0634388888888888,rsi_bullish_divergence|macd_bullish_cross|bullish_engulfing_4h,3,0,haussier,365,0,0,30,,,31.0,27.0,22.0,68.0,68.8,49,35.21,-6,≈ Neutre vs BTC,False,False,,0,,,,49,2,,Volume ×0.3 (épuisement),75582188,313113783,241388889.0,1000000000.0,1000000000.0,24.1,,,
GALAUSDT,GALA,Mid,291,0.001787,710742.428311,-1.271,49.04650836584822,1.2927173038035242e-05,0.0018468600000000005,0.0028137249999999996,1.4630292833949756,0.5142857142857143,0.37804878048780494,0.28696930694499806,0.6099264535734782,0.00166425,0.002700777777777778,,0,0,neutre,365,0,0,30,,,31.0,37.0,49.0,57.5,50,49,36.06,-6,≈ Neutre vs BTC,False,False,,0,,,,49,2,,Volume ×0.3 (épuisement),88548582,88548582,49720310098.8954,49720310098.8954,50000000000.0,100.0,,,
ONEUSDT,ONE,Mid,413,0.00077,351496.2666852,0.522,36.879225219044685,1.5705498893545222e-05,0.0010407399999999996,0.0017844849999999993,1.3584870802140119,0.6022099447513811,0.5745856353591161,1.4191262908475784,0.3558014274761019,0.0007533611111111111,0.0015672222222222225,macd_bullish_cross,1,0,haussier,365,0,0,30,,,31.0,46.0,44.5,47.0,54.0,49,36.27,-6,≈ Neutre vs BTC,False,False,,0,,,,49,0,,,54343767,107481714,498137972.61859024,985222890.0,1000000000.0,50.6,,,
CKBUSDT,CKB,Mid,429,0.001052,180021.357044,4.781,68.5920662054447,1.4816824006184617e-05,0.0008876199999999998,0.0012517999999999987,0.60923866845881,0.32722731057452126,0.12656119900083265,0.6506141412085548,0.7440132597594379,0.0008224166666666667,0.0011270555555555554,rsi_bearish_divergence,0,1,baissier,365,0,0,30,,,31.0,57.0,65.0,47.0,28.8,49,37.31,-6,≈ Neutre vs BTC,False,False,,0,,,,49,2,,Divergence RSI baissière,51977958,52861728,49421876652.45287,50262645833.34252,,98.3,,,
HEMIUSDT,HEMI,Speculative,,0.01136,6125821.033348,-2.906,70.79031174605281,0.0003202344591097545,0.006106599999999998,0.0069067500000000006,2.148395305629428,0.36588921282798836,0.0,0.9535536904107037,0.3442966938722804,0.004377777777777777,0.008893055555555559,rsi_bearish_divergence|uptrend,1,1,mixte,342,0,0,30,,,16.4,57.0,56.5,78.5,32.5,49,29.59,-6,≈ Neutre vs BTC,False,False,,0,,,,49,4,⚠️ Surveiller,Près du plus haut 90j (résistance)|Divergence RSI baissière,,,,,,,43344921,$43M,1.73
SKHYBUSDT,SKHYB,Speculative,596,163.71,1219263.53587,1.13,53.64563549234772,0.169685153376548,,,0.8479139021341254,0.3235546958951214,0.12062110466365794,0.04752237604510188,,135.18315789473684,173.95000000000002,bearish_engulfing_4h,0,1,baissier,49,0,0,30,,,8.3,45.0,63.0,68.0,32.1,49,22.22,-6,≈ Neutre vs BTC,False,False,,0,,,,49,4,⚠️ Surveiller,Volume ×0.0 (épuisement)|Engloutissement baissier 4h,34151879,34151879,208941.85408928,208941.85408928,,100.0,,,
MEUSDT,ME,Speculative,548,0.06184,354044.9211374,1.327,46.20819458877667,-0.000525288233576902,0.0632834,0.08893015000000001,0.8475726583601007,0.2602883355176934,0.19082568807339453,0.46095864774745976,0.5360356488199798,0.05832694444444443,0.0710675,macd_bearish_cross,0,1,baissier,365,0,0,30,,,17.0,37.0,73.0,47.0,33.9,49,26.18,-6,≈ Neutre vs BTC,False,False,,0,,,,49,5,⚠️ Surveiller,Volume ×0.5 (épuisement)|MACD cross baissier,37836430,61841530,611823108.019405,999990673.08027,1000000000.0,61.2,,,
CELRUSDT,CELR,Speculative,846,0.002437,314872.8218438,3.394,68.8276583994436,1.658910665851019e-05,0.00188676,0.0023236849999999985,0.7003391498382127,0.41967084639498436,0.04545454545454554,0.308075365667397,0.49130381591523464,0.0016237777777777778,0.0023562222222222222,rsi_bearish_divergence,0,1,baissier,365,0,0,30,,,17.0,48.0,77.5,47.0,28.8,49,27.46,-6,≈ Neutre vs BTC,False,False,,0,,,,49,6,⚠️ Surveiller,Volume ×0.3 (épuisement)|Près du plus haut 90j (résistance)|Divergence RSI baissière,19219023,24305036,7907424106.9911995,10000000000.0,10000000000.0,79.1,14627821,$15M,0.6
ACTUSDT,ACT,Speculative,,0.01094,245623.182596,-0.995,53.08810744227093,-3.381473850031999e-05,0.009707599999999999,0.011914050000000004,1.1512749508718871,0.3583267561168114,0.13812154696132609,0.2604202387197252,0.3162288225927573,0.00827361111111111,0.011739722222222223,macd_bearish_cross|downtrend,0,2,baissier,365,0,0,30,,,17.0,57.0,62.5,47.0,16.0,49,26.87,-6,≈ Neutre vs BTC,False,False,,0,,,,49,5,⚠️ Surveiller,Volume ×0.3 (épuisement)|MACD cross baissier,,,,,,,,,
PSGUSDT,PSG,Speculative,,0.497,216629.3487,-1.193,49.40674625399554,0.0017939446055035692,0.50604,0.6947600000000003,0.28468590847305414,0.3384615384615385,0.30209790209790205,0.2993529248973259,0.41880257387431225,0.48577777777777786,0.6012499999999998,downtrend|doji_4h,0,1,baissier,365,0,0,30,,,17.0,37.0,79.0,47.0,32.1,49,26.43,-6,≈ Neutre vs BTC,False,False,,0,,,,49,2,,Volume ×0.3 (épuisement),,,,,,,,,
AVGOBUSDT,AVGOB,Speculative,,372.67,135849.47336,0.689,42.934303349363354,-1.0625318338460303,,,0.4117780607513887,0.1649710658950905,0.13076348702632076,0.3814306210059875,,362.7372222222223,424.22888888888883,bear_flag,0,1,baissier,47,0,0,30,,,8.3,36.0,85.5,47.0,38.1,49,21.13,-6,≈ Neutre vs BTC,False,False,,0,,,,49,3,,Volume ×0.4 (épuisement),,,,,,,,,
ARMBUSDT,ARMB,Speculative,,241.69,30803.29515,0.881,43.139643842565725,-1.5717005605864038,,,0.7846921076719577,0.27472678063654116,0.17198259618349376,0.0894687976862434,,233.22388888888887,289.3033333333334,bullish_engulfing_4h,1,0,haussier,47,0,0,30,,,8.3,36.0,63.0,47.0,55.6,49,20.83,-6,≈ Neutre vs BTC,False,False,,0,,,,49,3,,Volume ×0.1 (épuisement),,,,,,,,,
VETUSDT,VET,Etabli,91,0.007079,2572795.4236582,6.756,79.88951879199598,0.00021435612820873418,0.00501604,0.006162769999999999,0.8357608138189524,0.21801286633309516,0.008684689732455585,1.8137025160167939,0.7034497429194086,0.0044564166666666676,0.005865000000000001,downtrend,0,1,baissier,365,0,0,30,,,45.0,66.0,81.5,68.0,32.1,48,50.78,-7,≈ Neutre vs BTC,False,False,,0,,,,48,4,⚠️ Surveiller,RSI 80 (surachat)|Près du plus haut 90j (résistance),605695148,605695148,85985041177.0,85985041177.0,86712634466.0,100.0,,,
TIAUSDT,TIA,Mid,123,0.3442,1266584.341406,1.744,50.48760755098534,0.000553750454783506,0.34464600000000006,0.3547335000000001,0.7492432445515483,0.2826295585412668,0.17346449136276398,0.2782676575212716,0.6160709197059931,0.30808055555555547,0.4059527777777779,double_top_90d,0,1,baissier,365,0,0,30,,,31.0,37.0,73.0,68.0,28.4,48,37.04,-7,≈ Neutre vs BTC,False,False,,0,,,,48,4,⚠️ Surveiller,Volume ×0.3 (épuisement)|Double sommet,329697766,403012427,962132485.376962,1176081211.669009,,81.8,,,
NIGHTUSDT,NIGHT,Mid,127,0.01912,421412.04684,-0.209,46.68881382931685,0.0002132298026192683,0.020601399999999995,,0.7400378030666894,0.5505410398522037,0.49643705463182897,0.1479632919840706,0.3567042404243668,0.01769888888888889,0.034516666666666675,double_top_90d|doji_4h,0,1,baissier,173,0,0,30,,,25.7,45.0,59.5,47.0,28.4,48,31.93,-7,≈ Neutre vs BTC,False,False,,0,,,,48,4,⚠️ Surveiller,Volume ×0.1 (épuisement)|Double sommet,317011577,458125782,16607399400.634954,24000000000.0,24000000000.0,69.2,,,
IOUSDT,IO,Mid,442,0.1319,359370.21178,1.853,49.93739477871009,0.0010871749008434784,0.13474000000000003,0.13508900000000004,0.7097119766864325,0.43143297380585516,0.3230611196712892,0.19201548774213115,0.4576252438241882,0.11908333333333336,0.18541666666666667,death_cross,0,1,baissier,365,0,0,30,,,31.0,37.0,68.5,47.0,33.8,48,35.42,-7,≈ Neutre vs BTC,False,False,,0,,,,48,2,,Volume ×0.2 (épuisement),50229054,105093627,381483051.2174219,798172255.0984861,800000000.0,47.8,,,
ZBTUSDT,ZBT,Speculative,681,0.0848,1802621.50558,5.868,46.74863260354944,0.0013461957394269239,0.09946199999999998,0.11049799999999989,2.449788585610683,0.6067056945183609,0.5497605109100586,1.124605472709156,-0.0047839863778814775,0.08005555555555555,0.13875833333333334,macd_bullish_cross|downtrend,1,1,mixte,318,0,0,30,,,15.7,55.0,28.0,68.0,36.1,48,26.57,-7,≈ Neutre vs BTC,False,False,,0,,,,48,0,,,27448823,85002808,322916660.0,1000000000.0,1000000000.0,32.3,62930476,$63M,9.88
AAOIBUSDT,AAOIB,Speculative,,106.28,73291.69096,-0.487,41.682387370389655,-3.540910712583255,,,1.372042700365288,0.38138819146351344,0.31789568345323743,0.03221598828717114,,91.60722222222222,147.4988888888889,rsi_bullish_divergence,1,0,haussier,47,0,0,30,,,8.3,36.0,48.0,47.0,59.2,48,20.14,-7,≈ Neutre vs BTC,False,False,,0,,,,48,3,,Volume ×0.0 (épuisement),,,,,,,,,
MUUBUSDT,MUUB,Speculative,,29.31,46225.2713,0.446,46.698607582796804,-0.39728069481863093,,,1.3056277473890063,0.462748344370861,0.19150110375275942,0.02687073077737326,,23.141875,34.27875,bearish_engulfing_4h,0,1,baissier,40,0,0,30,,,8.1,45.0,52.5,47.0,32.1,48,19.74,-7,≈ Neutre vs BTC,False,False,,0,,,,48,5,⚠️ Surveiller,Volume ×0.0 (épuisement)|Engloutissement baissier 4h,,,,,,,,,
SKYUSDT,SKY,Etabli,51,0.0707,544584.94505,3.986,68.78063788672239,0.0008851187499005079,0.059516,0.06675495,0.5768405436106824,0.27405333726241343,0.0,0.2899527537022894,0.5899170009302539,0.052082500000000004,0.06655222222222223,rsi_bearish_divergence|resistance_test,0,2,baissier,348,0,0,30,,,44.5,48.0,88.0,57.5,14.6,47,46.8,-8,🔴 Sous-performe BTC,False,False,,0,,,,47,6,⚠️ Surveiller,Volume ×0.3 (épuisement)|Près du plus haut 90j (résistance)|Divergence RSI baissière,1649330067,1652124236,23422983728.878788,23462665147.36596,23462665147.3,99.8,5524899020,$5.5B,-2.53
CHIPUSDT,CHIP,Mid,315,0.04027,4573074.49451,-0.813,71.19316733200799,0.0013374177140858799,0.028821600000000003,,1.1587805258789243,0.4594123505976096,0.037568796362766256,0.8027421329381412,0.3253921801627491,0.024264722222222226,0.03843555555555555,downtrend,0,1,baissier,132,0,0,30,,,24.6,45.0,67.0,68.0,32.1,47,33.53,-8,🔴 Sous-performe BTC,False,False,,0,,,,47,2,,Près du plus haut 90j (résistance),81039870,405199350,2000000000.0,10000000000.0,10000000000.0,20.0,227776825,$228M,32.03
GPSUSDT,GPS,Mid,404,0.00949,701646.9614,-0.315,44.093366544015936,-0.000439225919588546,0.010200599999999999,0.0089804,2.4254096592808607,0.48917748917748916,0.4843073593073593,0.5455806505396942,-0.005314126207096892,0.007601111111111111,0.011976944444444443,,0,0,neutre,365,0,0,30,,,31.0,45.0,41.5,57.5,50,47,36.57,-8,🔴 Sous-performe BTC,False,False,,0,,,,47,3,,Volume ×0.5 (épuisement),55557064,95175781,5837311111.239091,10000000000.0,10000000000.0,58.4,30275524,$30M,-0.46
RVNUSDT,RVN,Mid,455,0.00299,206148.839545,-1.32,42.545050076164,1.8538952607480898e-05,0.003404799999999998,0.0048387000000000005,1.098271086837848,0.4551148225469729,0.3757828810020877,0.6686746486954351,0.5737502109614595,0.0030077777777777776,0.004409166666666667,,0,0,neutre,365,0,0,30,,,31.0,37.0,58.0,47.0,50,47,35.76,-8,🔴 Sous-performe BTC,False,False,,0,,,,47,0,,,49109802,49109884,16429558390.91267,16429629640.91267,21000000000.0,100.0,,,
INTCBUSDT,INTCB,Speculative,,90.48,719566.80647,0.656,42.519913209302274,-0.10253683313046391,96.2474,,0.5303606664442575,0.41680997420464316,0.3530381198051017,0.5223761170155603,,87.89666666666666,129.25185185185188,downtrend,0,1,baissier,69,0,0,30,,,8.9,45.0,69.0,57.5,32.1,47,22.11,-8,🔴 Sous-performe BTC,False,False,,0,,,,47,3,,Volume ×0.5 (épuisement),,,,,,,,,
HMSTRUSDT,HMSTR,Speculative,,0.0001788,430831.6269744,0.562,47.72719462041946,-1.7936860563565838e-07,0.000181974,0.00017175000000000003,0.9499549625504948,0.5827393075356415,0.5445519348268839,0.13737364944116978,0.20092010956519957,0.00015799999999999994,0.0002500222222222222,macd_bearish_cross,0,1,baissier,365,0,0,30,,,17.0,45.0,49.0,47.0,33.9,47,25.7,-8,🔴 Sous-performe BTC,False,False,,0,,,,47,5,⚠️ Surveiller,Volume ×0.1 (épuisement)|MACD cross baissier,,,,,,,,,
CYBERUSDT,CYBER,Speculative,849,0.315,165011.9787,2.941,48.541831388489065,-0.0005777840426001543,0.31844000000000006,0.44235999999999975,0.5845133925736317,0.34246575342465757,0.2808219178082192,0.4396954826787001,0.6876289712473578,0.2987222222222221,0.38252777777777774,macd_bearish_cross|double_top_90d|support_bounce,1,2,baissier,365,0,0,30,,,17.0,37.0,83.5,47.0,19.5,47,25.94,-8,🔴 Sous-performe BTC,False,False,,0,,,,47,7,🔴 Sortie,Volume ×0.4 (épuisement)|Double sommet|MACD cross baissier,19229533,31485250,61074734.21333333,100000000.0,100000000.0,61.1,,,
SUNUSDT,SUN,Mid,124,0.01682,211930.48712,0.119,33.31584477754048,-8.280951026329056e-05,0.017901,0.017835950000000003,0.21755666346598546,0.10202991452991464,0.10096153846153842,0.2306632791434836,0.3757309898895497,0.0167425,0.01846944444444444,downtrend,0,1,baissier,365,0,0,30,,,31.0,27.0,95.5,47.0,32.1,46,35.74,-9,🔴 Sous-performe BTC,False,False,,0,,,,46,3,,Volume ×0.2 (épuisement),323385803,334801405,19222181989.37517,19900730000.0,19900730000.0,96.6,217656484,$218M,-0.55
MMTUSDT,MMT,Speculative,609,0.1609,633608.34183,-3.363,43.583913912879176,-0.0016553494761831667,0.17759000000000003,0.143042,1.1293602812573516,0.3975667189952905,0.36891679748822614,0.28190505843633457,0.22316497934709414,0.11931944444444444,0.21118888888888893,doji_4h,0,0,neutre,300,0,0,30,,,15.2,36.0,52.0,57.5,50,46,25.39,-9,🔴 Sous-performe BTC,False,False,,0,,,,46,3,,Volume ×0.3 (épuisement),32828059,160846619,204095424.0,1000000000.0,1000000000.0,20.4,4017544,$4M,-5.23
CBRSBUSDT,CBRSB,Speculative,,178.11,86979.3818,-0.09,38.78585803396242,-4.177401149512435,203.0253999999999,,1.016029154555116,0.2968242654628969,0.29484438108814437,0.07938885847228129,,173.6818181818182,233.6659090909091,,0,0,neutre,55,0,0,30,,,8.5,36.0,52.5,47.0,50,46,20.01,-9,🔴 Sous-performe BTC,False,False,,0,,,,46,3,,Volume ×0.1 (épuisement),,,,,,,,,
CRWVBUSDT,CRWVB,Speculative,,84.95,19493.8523,0.927,43.67245296731835,-2.626039401954685,,,1.1311465512988477,0.26866902237926976,0.20303569755457698,0.03944552487675645,,69.42500000000001,105.14750000000001,,0,0,neutre,40,0,0,30,,,8.1,36.0,52.5,47.0,50,46,19.74,-9,🔴 Sous-performe BTC,False,False,,0,,,,46,3,,Volume ×0.0 (épuisement),,,,,,,,,
QNTBUSDT,QNTB,Speculative,,50.71,17082.0717,-0.256,39.660386496216326,-1.4911642842319757,,,1.1715294439017987,0.29185932464620995,0.2894773714445846,0.08101639910504607,,50.13499999999999,65.190625,,0,0,neutre,40,0,0,30,,,8.1,36.0,52.5,47.0,50,46,19.74,-9,🔴 Sous-performe BTC,False,False,,0,,,,46,3,,Volume ×0.1 (épuisement),,,,,,,,,
SOLUSDT,SOL,Etabli,7,105.45,140591509.2916,1.884,75.03221086737872,1.808450671844004,80.79260000000001,81.85195,0.5769134443378985,0.1620638555839957,0.034451163643027354,0.28713226261062136,0.8406301696401799,67.05749999999999,92.06166666666665,,0,0,neutre,365,0,0,30,,,45.0,39.0,92.0,78.5,50,45,50.08,-10,🔴 Sous-performe BTC,False,False,,0,,,,45,6,⚠️ Surveiller,RSI 75 (surachat)|Volume ×0.3 (épuisement)|Près du plus haut 90j (résistance),61621235622,66681730193,585122023.5864309,633173733.8000001,,92.4,,,
CFGUSDT,CFG,Mid,477,0.1226,978958.07561,-1.841,33.00727602073165,-0.0012809435861590723,0.16152999999999995,,0.8348252599272209,0.5293891663465232,0.5293891663465232,0.8810094786543827,0.36316514715699233,0.14155555555555555,0.2288944444444444,rsi_bullish_divergence|downtrend|doji_4h,1,1,mixte,168,0,0,30,,,25.6,36.0,55.0,57.5,41.3,45,32.11,-10,🔴 Sous-performe BTC,False,False,,0,,,,45,1,,,46588535,83284793,380384016.0,680000000.0,,55.9,1642499903,$1.6B,0.44
SANDUSDT,SAND,Mid,238,0.03972,827401.67645,1.223,43.87701709071999,-0.00023042863906198212,0.0431936,0.06433715000000001,0.8012860294341481,0.38010369410239786,0.3595268956578094,0.6234013285145834,0.6658476995828219,0.03986555555555554,0.05548138888888888,macd_bearish_cross,0,1,baissier,365,0,0,30,,,31.0,37.0,68.5,57.5,33.9,45,36.27,-10,🔴 Sous-performe BTC,False,False,,0,,,,45,3,,MACD cross baissier,115937921,118399055,2937639702.3733225,3000000000.0,3000000000.0,97.9,,,
GENIUSUSDT,GENIUS,Mid,279,0.2841,266721.59845,1.031,32.72470378030229,-0.006040119905639012,0.33976799999999996,,0.781564849267156,0.4482825917252146,0.4445745511319281,0.20664030732318497,0.0853461171211682,0.3095888888888889,0.454825,,0,0,neutre,101,0,0,30,,,23.8,27.0,62.5,47.0,50,45,29.91,-10,🔴 Sous-performe BTC,False,False,,0,,,,45,3,,Volume ×0.2 (épuisement),95438059,271471648,335377059.0,953973324.2879035,1000000000.0,35.2,,,
PARTIUSDT,PARTI,Speculative,,0.0253,744303.16176,-0.784,50.61281903445601,0.0004590583420429964,0.02580399999999999,0.055608,0.6910023169967576,0.63915857605178,0.5922330097087378,0.3021875056073983,0.01792436566620199,0.02319722222222224,0.058974999999999986,downtrend|doji_4h,0,1,baissier,365,0,0,30,,,17.0,37.0,49.0,57.5,32.1,45,25.47,-10,🔴 Sous-performe BTC,False,False,,0,,,,45,2,,Volume ×0.3 (épuisement),,,,,,,,,
SIGNUSDT,SIGN,Speculative,732,0.0086,685100.36406,6.7,75.4000056143224,0.00018120032001844042,0.0075742000000000006,0.0183653,0.4693119982608359,0.3922127255460588,0.18233618233618232,1.2107891353578355,0.6110214412191636,0.00667611111111111,0.00942611111111111,downtrend,0,1,baissier,365,0,0,30,,,17.0,57.0,83.5,57.5,32.1,45,29.94,-10,🔴 Sous-performe BTC,False,False,,0,,,,45,2,,RSI 75 (surachat),24518581,86231822,2843333332.0,10000000000.0,10000000000.0,28.4,,,
MAVUSDT,MAV,Speculative,,0.01103,291760.68726,-0.72,68.37781015160456,8.754222136086456e-05,0.009218399999999998,0.012386300000000003,0.6060307457828092,0.36422240128928285,0.11200644641418203,0.6363590007269873,0.4421440344115806,0.008355,0.011273333333333335,rsi_bearish_divergence|double_top_90d,0,2,baissier,365,0,0,30,,,17.0,57.0,73.0,47.0,7.1,45,26.97,-10,🔴 Sous-performe BTC,False,False,,0,,,,45,4,⚠️ Surveiller,Divergence RSI baissière|Double sommet,,,,,,,1175562,$1M,3.8
SCRTUSDT,SCRT,Speculative,941,0.0109,205920.6451,-2.679,22.176868241197823,-0.0007174555101531139,0.030411999999999998,0.06734049999999998,1.9451148289117597,0.8569553805774277,0.8569553805774277,1.276109198179052,0.16699635459323392,0.02069166666666667,0.0630222222222222,,0,0,neutre,365,0,0,30,,,17.0,28.0,22.0,47.0,50,45,23.0,-10,🔴 Sous-performe BTC,False,False,,0,,,,45,1,,,15800711,15800711,1444908018.32224,1444908021.51678,,100.0,,,
BNSOLUSDT,BNSOL,Speculative,,118.9,204957.653,1.885,75.09070498266176,2.025028541003109,90.84400000000004,91.04100000000003,0.5735580510439503,0.16222760290556892,0.03495934959349591,0.12740203221760119,0.843573587639456,74.83333333333331,103.53611111111113,,0,0,neutre,365,0,0,30,,,17.0,39.0,92.0,47.0,50,45,28.52,-10,🔴 Sous-performe BTC,False,False,,0,,,,45,6,⚠️ Surveiller,RSI 75 (surachat)|Volume ×0.1 (épuisement)|Près du plus haut 90j (résistance),,,,,,,,,
INTWBUSDT,INTWB,Speculative,,18.79,65089.9838,1.403,40.07501952759848,-0.3706860818045621,,,1.0619134133378283,0.4088191330343797,0.30044843049327363,0.2595388115200668,,17.45,26.0975,doji_4h,0,0,neutre,40,0,0,30,,,8.1,36.0,48.0,47.0,50,45,19.47,-10,🔴 Sous-performe BTC,False,False,,0,,,,45,3,,Volume ×0.3 (épuisement),,,,,,,,,
MVLLBUSDT,MVLLB,Speculative,,25.31,61246.8441,0.357,44.96073033406717,-0.970632103997912,,,1.9849981482990602,0.4361549497847919,0.28868880135059083,0.07297777753944167,,19.620625,32.301874999999995,doji_4h,0,0,neutre,40,0,0,30,,,8.1,36.0,42.0,47.0,50,45,19.11,-10,🔴 Sous-performe BTC,False,False,,0,,,,45,3,,Volume ×0.1 (épuisement),,,,,,,,,
ALLOUSDT,ALLO,Mid,379,0.2534,2308353.76855,3.513,40.65028154332456,-0.0007683557337293534,0.32737400000000005,0.21402749999999998,0.9438905834945223,0.5316064179393003,0.5093756040982022,0.12424596708495962,-0.11884872713828108,0.23761111111111102,0.46900555555555556,macd_bearish_cross|support_bounce,1,1,mixte,293,0,0,30,,,29.0,36.0,49.0,68.0,41.1,44,34.91,-11,🔴 Sous-performe BTC,False,False,,0,,,,44,5,⚠️ Surveiller,Volume ×0.1 (épuisement)|MACD cross baissier,62316926,200253074,245232215.19062525,788044463.30858,1000000000.0,31.1,,,
NXPCUSDT,NXPC,Mid,377,0.2085,188822.579,-0.382,44.63776995606398,0.0020650144029980676,0.23092800000000005,0.2862604999999998,0.7218926926450893,0.5858959537572254,0.5186127167630058,0.34366400338773345,0.3232520219151106,0.20252222222222224,0.36283055555555555,,0,0,neutre,365,0,0,30,,,31.0,28.0,55.0,47.0,50,44,34.5,-11,🔴 Sous-performe BTC,False,False,,0,,,,44,2,,Volume ×0.3 (épuisement),62964169,207167396,302273320.5175758,994552574.1697733,1000000000.0,30.4,,,
WALUSDT,WAL,Mid,388,0.024,146935.15935,2.564,49.54135029957895,0.00034150304338847136,0.02575200000000001,0.05417399999999998,1.202698324215871,0.5891783567134269,0.5190380761523046,0.26344243572221854,0.509096798541098,0.022572222222222223,0.03790555555555556,downtrend,0,1,baissier,325,0,0,30,,,29.9,37.0,44.5,47.0,32.1,44,33.13,-11,🔴 Sous-performe BTC,False,False,,0,,,,44,2,,Volume ×0.3 (épuisement),60192563,119895552,2510208333.0,5000000000.0,5000000000.0,50.2,3583127,$4M,0.64
MANTRAUSDT,MANTRA,Speculative,675,0.00436,1331228.63047,2.108,38.333444166216914,2.6135943790006047e-05,0.0054363999999999975,,0.9070040646513554,0.5077844311377245,0.47664670658682634,1.0359092928981253,0.339684872240905,0.004581666666666666,0.007871944444444444,macd_bullish_cross|double_top_90d|downtrend,1,2,baissier,180,0,0,30,,,11.9,54.0,59.5,68.0,14.5,44,24.47,-11,🔴 Sous-performe BTC,False,False,,0,,,,44,2,,Double sommet,27756724,35319741,6364063486.233175,8098178806.310149,10000000000.0,78.6,,,
SOXLBUSDT,SOXLB,Speculative,,112.54,892218.88581,0.366,41.23946964795934,-0.6527789022024661,134.226,,1.1489705249237645,0.5300971861802269,0.42792448989976084,0.07749679812721985,,109.42818181818183,177.75363636363633,,0,0,neutre,55,0,0,30,,,8.5,36.0,39.0,57.5,50,44,20.04,-11,🔴 Sous-performe BTC,False,False,,0,,,,44,3,,Volume ×0.1 (épuisement),,,,,,,,,
AIGENSYNUSDT,AIGENSYN,Speculative,,0.02021,650703.26588,3.482,44.138995101313554,6.910633400794715e-05,0.022252200000000003,,0.6418727252866112,0.4406827880512091,0.42645803698435275,0.20938995664629662,0.29379008388166233,0.02016888888888889,0.029864722222222227,downtrend,0,1,baissier,109,0,0,30,,,10.0,36.0,62.5,57.5,32.1,44,21.39,-11,🔴 Sous-performe BTC,False,False,,0,,,,44,2,,Volume ×0.2 (épuisement),,,,,,,,,
SNXXBUSDT,SNXXB,Speculative,,13.01,523887.2995,0.853,45.33370793982966,-0.4309526140588651,,,2.2618674933503096,0.6356756756756756,0.33144621718991246,0.050848463512959775,,8.46625,17.4525,evening_star_4h,0,1,baissier,40,0,0,30,,,8.1,45.0,28.5,57.5,33.4,44,19.22,-11,🔴 Sous-performe BTC,False,False,,0,,,,44,5,⚠️ Surveiller,Volume ×0.1 (épuisement)|Étoile du soir 4h,,,,,,,,,
OPENUSDT,OPEN,Speculative,618,0.1504,411649.42212,-0.661,39.25915088965804,-0.002070580874843895,0.17062199999999997,0.1806700000000001,0.9939998138789978,0.4193418940609952,0.3992776886035313,0.25190038677072235,0.3024835243046052,0.1494305555555556,0.22676666666666664,rsi_bullish_divergence|downtrend,1,1,mixte,357,0,0,30,,,16.8,28.0,68.5,47.0,41.3,44,25.12,-11,🔴 Sous-performe BTC,False,False,,0,,,,44,3,,Volume ×0.3 (épuisement),32253970,149670393,215500000.0,1000000000.0,1000000000.0,21.6,,,
AXTIBUSDT,AXTIB,Speculative,,58.11,89045.1631,-0.155,40.65250181496633,-3.4638835089250537,,,1.6590838021834255,0.3899800441130133,0.3899800441130133,0.03022117700872129,,46.503125,87.858125,,0,0,neutre,40,0,0,30,,,8.1,36.0,37.5,47.0,50,44,18.84,-11,🔴 Sous-performe BTC,False,False,,0,,,,44,3,,Volume ×0.0 (épuisement),,,,,,,,,
OPUSDT,OP,Mid,168,0.0899,1580020.471277,2.392,44.82458343507773,-0.0009395182798665259,0.09284199999999998,0.11420500000000007,0.786684004094638,0.3314332247557003,0.26791530944625414,0.342672172400849,0.5872502273640591,0.08569722222222222,0.11136111111111112,macd_bearish_cross,0,1,baissier,365,0,0,30,,,31.0,28.0,73.0,68.0,33.9,43,36.3,-12,🔴 Sous-performe BTC,False,False,,0,,,,43,5,⚠️ Surveiller,Volume ×0.3 (épuisement)|MACD cross baissier,204941187,384710526,2287994831.0,4294967296.0,4294967296.0,53.3,577776302,$578M,1.5
BANKUSDT,BANK,Speculative,954,0.0363,5036818.27755,-5.714,39.89777942131808,0.003447268326759071,0.09295800000000004,0.051271500000000005,1.305630823785208,0.9075585988938635,0.9046615749275744,0.3595860933596996,0.07592637442050904,0.03346944444444445,0.19532222222222223,doji_4h,0,0,neutre,291,0,0,30,,,15.0,36.0,32.5,78.5,50,43,25.73,-12,🔴 Sous-performe BTC,False,False,,0,,,,43,2,,Volume ×0.4 (épuisement),15413815,15413815,425250000.0,425250000.0,2100000000.0,100.0,470035412,$470M,0.21
EPICUSDT,EPIC,Speculative,,0.3464,610909.82733,0.815,39.25040917108986,0.007403787778327231,0.5461339999999999,0.3884985000000001,3.0507359922484447,0.7198518892535555,0.7082386602709753,0.1089840031157769,0.04755710362141365,0.33730277777777784,0.8578222222222223,macd_bullish_cross,1,0,haussier,365,0,0,30,,,17.0,36.0,28.0,57.5,54.0,43,25.4,-12,🔴 Sous-performe BTC,False,False,,0,,,,43,2,,Volume ×0.1 (épuisement),,,,,,,,,
GLMRUSDT,GLMR,Speculative,,0.007222,362612.6078328,-0.51,44.037634981706326,1.7828394044281884e-05,0.007987719999999999,0.011168429999999997,1.232306489945683,0.3581818181818181,0.3433636363636363,0.6953961559391489,0.31783425002519966,0.007293361111111111,0.010181666666666665,downtrend,0,1,baissier,365,0,0,30,,,17.0,37.0,58.0,47.0,32.1,43,25.17,-12,🔴 Sous-performe BTC,False,False,,0,,,,43,0,,,,,,,,,,,
MSFTBUSDT,MSFTB,Speculative,,515.89,72745.5864,0.481,75.52784379643026,0.3794160704308034,455.11639999999994,,0.26624536344113375,0.05144910368790966,0.0,0.1335511246105429,,381.2045833333334,504.7566666666667,macd_bullish_cross|uptrend,2,0,haussier,62,0,0,30,,,8.7,27.0,90.0,47.0,57.7,43,21.78,-12,🔴 Sous-performe BTC,False,False,,0,,,,43,6,⚠️ Surveiller,RSI 76 (surachat)|Volume ×0.1 (épuisement)|Près du plus haut 90j (résistance),,,,,,,,,
MINAUSDT,MINA,Mid,302,0.0658,802943.3614,2.652,78.09611775848273,0.0016530184406945425,0.04599400000000001,0.05267900000000001,0.8672482099933572,0.27307692307692305,0.0,1.0702799700555596,0.7126231587638666,0.03894444444444445,0.05601388888888889,rsi_bearish_divergence,0,1,baissier,365,0,0,30,,,31.0,57.0,69.5,57.5,28.8,42,38.42,-13,🔴 Sous-performe BTC,False,False,,0,,,,42,6,⚠️ Surveiller,RSI 78 (surachat)|Près du plus haut 90j (résistance)|Divergence RSI baissière,85100992,85100992,1293631019.840039,1293631019.840039,,100.0,,,
HOMEUSDT,HOME,Speculative,692,0.00624,1798181.4681,0.808,38.90119032935493,5.323741418053875e-05,0.0078268,0.018996899999999994,1.3732838359250676,0.9116626171468241,0.8915307185005207,0.49969587970174995,-0.025190405529810448,0.0059005555555555565,0.03703916666666666,macd_bullish_cross|uptrend,2,0,haussier,365,0,0,30,,,17.0,28.0,32.5,68.0,57.7,42,25.77,-13,🔴 Sous-performe BTC,False,False,,0,,,,42,2,,Volume ×0.5 (épuisement),27010837,62609750,4314158278.61,10000000000.0,10000000000.0,43.1,,,
MITOUSDT,MITO,Speculative,,0.02336,571267.050709,-4.614,40.05122285068599,-0.000497378780313415,0.023868999999999998,0.03350775000000003,0.6435228581910446,0.3845896147403685,0.21842546063651594,0.47296695959273094,0.25893356862043887,0.020450277777777776,0.028456388888888892,macd_bearish_cross,0,1,baissier,365,0,0,30,,,17.0,28.0,67.0,57.5,33.9,42,25.58,-13,🔴 Sous-performe BTC,False,False,,0,,,,42,5,⚠️ Surveiller,Volume ×0.5 (épuisement)|MACD cross baissier,,,,,,,1373093,$1M,0.62
PLTRBUSDT,PLTRB,Speculative,,186.52,17854.69433,0.485,69.56202514097018,-0.41370270638824813,153.2942,,0.7542389134070375,0.08817843866171003,0.0,0.04169643723035949,,121.95666666666664,181.12416666666672,rsi_bearish_divergence|uptrend|evening_star_4h,1,2,baissier,62,0,0,30,,,8.7,36.0,79.5,47.0,15.9,42,19.72,-13,🔴 Sous-performe BTC,False,False,,0,,,,42,9,🔴 Sortie,Volume ×0.0 (épuisement)|Près du plus haut 90j (résistance)|Divergence RSI baissière,,,,,,,,,
DEXEUSDT,DEXE,Mid,307,2.351,10498048.62619,1.819,37.4163736599344,0.5729151867302691,8.935139999999997,11.50155999999999,1.2628201523714346,0.9651687270297361,0.9508436351486803,1.796851504562514,-0.017504090585429982,1.9121944444444443,33.84152777777778,death_cross|downtrend|morning_star_4h,1,2,baissier,365,0,0,30,,,31.0,55.0,32.5,78.5,18.2,41,37.0,-14,🔴 Sous-performe BTC,False,False,,0,,,,41,0,,,83258212,227861991,35261696.60097028,96504599.33609451,,36.5,,,
TLMUSDT,TLM,Speculative,,0.001454,307339.242887,1.536,46.296290993199506,5.826876380221968e-06,0.00160152,0.0016209150000000008,0.9773888809967968,0.5882885602173257,0.5617265318442499,0.09429800561908143,0.24754441203567704,0.0009452500000000001,0.002353083333333333,death_cross|downtrend,0,2,baissier,365,0,0,30,,,17.0,37.0,49.0,47.0,15.9,41,23.65,-14,🔴 Sous-performe BTC,False,False,,0,,,,41,2,,Volume ×0.1 (épuisement),,,,,,,,,
ATMUSDT,ATM,Speculative,,1.333,274831.79921,-0.522,35.63999666633052,0.01362566442900176,1.78154,1.4006099999999995,0.8755668778560144,0.5361864996520529,0.535490605427975,0.15827167848170737,0.05492977267460411,1.0509444444444442,2.658805555555555,downtrend,0,1,baissier,365,0,0,30,,,17.0,36.0,49.0,47.0,32.1,41,24.51,-14,🔴 Sous-performe BTC,False,False,,0,,,,41,2,,Volume ×0.2 (épuisement),,,,,,,,,
ICXUSDT,ICX,Speculative,,0.01261,41478.000118,-3.149,19.07396219248784,-0.0004060988136907412,0.020389599999999997,0.031035399999999998,0.8055131565615384,0.6477653631284916,0.6477653631284916,0.39419417565699627,0.46484902869034994,0.016653055555555556,0.030372222222222228,downtrend,0,1,baissier,365,0,0,30,,,17.0,10.0,55.0,47.0,32.1,41,21.75,-14,🔴 Sous-performe BTC,False,False,,0,,,,41,3,,Volume ×0.4 (épuisement),,,,,,,,,
APTUSDT,APT,Mid,108,0.546,2687115.40935,2.247,43.24113806796389,-0.0035785595812705792,0.5843400000000001,0.798815,0.7097748966217904,0.37090909090909085,0.3381818181818181,0.5003535788033159,0.7570353308103953,0.5473055555555555,0.7005277777777779,macd_bearish_cross|double_top_90d|support_bounce|doji_4h,1,2,baissier,365,0,0,30,,,31.0,37.0,60.5,68.0,19.5,40,35.76,-15,🔴 Sous-performe BTC,False,False,,0,,,,40,7,🔴 Sortie,Volume ×0.5 (épuisement)|Double sommet|MACD cross baissier,467870987,658544282,858200312.0157206,1207945936.983516,2100000000.0,71.0,,,
RIFUSDT,RIF,Mid,349,0.0693,562482.8746,-3.883,39.66996705243516,0.0002601800720041605,0.08765199999999998,0.06509250000000003,0.8677497945332966,0.5297491039426523,0.5039426523297492,0.24092313050258507,0.04938522310584313,0.06441944444444443,0.13254444444444438,double_top_90d,0,1,baissier,365,0,0,30,,,31.0,36.0,49.0,57.5,28.4,40,34.64,-15,🔴 Sous-performe BTC,False,False,,0,,,,40,4,⚠️ Surveiller,Volume ×0.2 (épuisement)|Double sommet,69349697,69349697,1000000000.0,1000000000.0,,100.0,,,
JTOUSDT,JTO,Mid,143,0.4901,1858390.73129,-0.061,40.03181477223583,-0.010022100373852077,0.559264,0.46625050000000007,0.9048905340726938,0.4131386861313868,0.40401459854014593,0.2433335666023893,0.22112087218427307,0.5019138888888891,0.768313888888889,macd_bearish_cross|double_top_90d|morning_star_4h,1,2,baissier,365,0,0,30,,,31.0,36.0,62.5,68.0,14.6,39,35.47,-16,🔴 Sous-performe BTC,False,False,,0,,,,39,7,🔴 Sortie,Volume ×0.2 (épuisement)|Double sommet|MACD cross baissier,252330195,489326310,515668562.6,1000000000.0,,51.6,1057717968,$1.1B,12.62
SNDKBUSDT,SNDKB,Mid,471,1495.16,1775498.687706,0.474,49.412727846215134,-11.301065511495569,1451.8901999999998,,1.1298590914171638,0.5646750827011243,0.3553797782272848,0.03717466127965324,,1223.1096875,2161.3043750000006,macd_bearish_cross|uptrend|bearish_engulfing_4h|evening_star_4h,1,3,baissier,81,0,0,30,,,23.2,45.0,39.0,68.0,6.8,39,29.38,-16,🔴 Sous-performe BTC,False,False,,0,,,,39,7,🔴 Sortie,Volume ×0.0 (épuisement)|Étoile du soir 4h|Engloutissement baissier 4h,47200239,47200239,31600.29519598,31600.29519598,,100.0,,,
STORJUSDT,STORJ,Speculative,,0.0358,277789.8247,-2.981,38.286484684028025,-1.5360255605051734e-05,0.053313999999999986,0.08366949999999994,1.6672008421366202,0.5963923337091319,0.5963923337091319,0.7433651097143136,0.3791365541147726,0.040866666666666676,0.0819138888888889,rsi_bullish_divergence|macd_bearish_cross|downtrend,1,2,baissier,365,0,0,30,,,17.0,37.0,34.0,47.0,25.2,38,23.31,-17,🔴 Sous-performe BTC,False,False,,0,,,,38,3,,MACD cross baissier,,,,,,,,,
SYNUSDT,SYN,Speculative,783,0.09846,545435.148397,-3.014,37.845321396063014,0.0024095677049410825,0.1385952,0.10630515000000006,1.8418273222259867,0.8482966643009227,0.8254080908445707,0.08599628978672641,0.03137708372761143,0.046544444444444444,0.41908694444444444,uptrend|bearish_engulfing_4h|evening_star_4h,1,2,baissier,365,0,0,30,,,17.0,36.0,22.0,57.5,19.2,34,22.95,-21,🔴 Sous-performe BTC,False,False,,0,,,,34,6,⚠️ Surveiller,Volume ×0.1 (épuisement)|Étoile du soir 4h|Engloutissement baissier 4h,21569933,24615733,219066529.0,250000000.0,250000000.0,87.6,11867245,$12M,0.76
EURIUSDT,EURI,Speculative,541,1.1579,8883899.01889,0.043,47.11267272878008,-0.0017273116841544506,1.1527900000000002,1.1591855,0.07986927234215867,0.0610542608994754,0.02221471408058112,4.256914563292933,0.18200200154830312,1.1337055555555557,1.166408333333334,macd_bearish_cross|uptrend,1,1,mixte,365,0,0,30,,,17.0,84.0,94.0,78.5,37.6,74,35.82,19,🟢 Surperforme BTC,False,True,,2,⚡ Volume ×4.3 vs médiane,,4.26,74,5,⚠️ Surveiller,Près du plus haut 90j (résistance)|MACD cross baissier,38355258,38355258,33139851.48990108,33139851.48990108,,100.0,,,
BFUSDUSDT,BFUSD,Etabli,62,0.9998,1013611.7674,0.02,53.803366802258395,-7.020690291597507e-06,0.9994439999999998,0.9994045000000001,0.004610762052699431,0.000900090009000912,0.00029994001199756744,0.7472737184242777,0.08854586961511524,0.9987944444444439,1.000041666666667,macd_bearish_cross|golden_cross|resistance_test|uptrend,2,2,mixte,365,0,0,30,,,45.0,82.0,94.0,68.0,28.3,64,53.21,9,🟢 Surperforme BTC,False,True,,0,,,,64,5,⚠️ Surveiller,Près du plus haut 90j (résistance)|MACD cross baissier,1319701612,1319701612,1320000000.0,1320000000.0,,100.0,,,
USDEUSDT,USDE,Etabli,24,1.0001,238759.7011,0.01,47.236364715096606,-2.1436007881987275e-05,1.0005239999999997,0.9999159999999994,0.0034525908903631744,0.0012987012987011558,0.0007992007992007113,0.058147328766363006,-0.19808271199399335,0.9969111111111112,1.0027388888888893,support_bounce|doji_4h,1,0,haussier,356,0,0,30,,,44.8,45.0,94.0,47.0,57.2,60,48.66,5,≈ Neutre vs BTC,False,True,,0,,,,60,5,⚠️ Surveiller,Volume ×0.1 (épuisement)|Près du plus haut 90j (résistance),4075767391,4075767391,4076103971.5198,4076103971.5198,,100.0,3355665,$3M,-60.45
FDUSDUSDT,FDUSD,Mid,122,0.9987,4976441.3229,0.02,52.520828913509604,3.2227135812320986e-05,0.9982480000000002,0.998832,0.005633926565136791,0.0018009004502251363,0.0009004502251125681,0.1329031589336323,0.4705922761000407,0.9976222222222229,0.999452777777778,resistance_test,0,1,baissier,365,0,0,30,,,31.0,57.0,100.0,68.0,35.9,60,41.51,5,≈ Neutre vs BTC,False,True,,0,,,,60,4,⚠️ Surveiller,Volume ×0.1 (épuisement)|Près du plus haut 90j (résistance),332009591,332009591,332456418.350601,332456418.350601,,100.0,,,
EURUSDT,EUR,Speculative,,1.158,3304700.79689,0.026,47.118026884615944,-0.0016982415195840924,1.153262,1.159749,0.08007658662710092,0.0227119216480918,0.02228976697061802,0.10369520809813366,0.3431681433639439,1.1391833333333332,1.167147222222222,macd_bearish_cross|uptrend,1,1,mixte,365,0,0,30,,,17.0,57.0,100.0,68.0,37.6,60,32.1,5,≈ Neutre vs BTC,False,True,,0,,,,60,7,🔴 Sortie,Volume ×0.1 (épuisement)|Près du plus haut 90j (résistance)|MACD cross baissier,,,,,,,,,
USDPUSDT,USDP,Speculative,657,0.9991,71060.4596,0.05,46.24835526997105,-0.0001032534748990536,1.000168,1.0001685000000007,0.01860167221051579,0.0035953260761011157,0.0023964053919122005,2.403358617612461,-0.19918603248222969,0.9965722222222221,1.0052333333333334,macd_bearish_cross|death_cross|doji_4h,0,2,baissier,365,0,0,30,,,17.0,64.0,94.0,47.0,17.7,60,29.7,5,≈ Neutre vs BTC,False,True,,0,,,,60,5,⚠️ Surveiller,Près du plus haut 90j (résistance)|MACD cross baissier,29133274,29133274,29168261.410694428,29168261.41069442,,100.0,,,
USDSUSDT,USDS,Etabli,13,1.0001,273045.4021,0.02,41.288088861969925,-3.656412163927886e-05,1.000572,,0.0033013153111442223,0.0015979227004894094,0.0012983121941476867,1.0005548494233107,-0.26162535849096175,0.9999333333333335,1.0012833333333337,support_bounce|resistance_test|squeeze_breakout,2,1,haussier,144,0,0,30,,,38.9,54.0,94.0,47.0,48.5,58,45.27,3,≈ Neutre vs BTC,False,True,,0,,,,58,3,,Près du plus haut 90j (résistance),9840425959,9832513794,9841653850.281195,9833740697.072765,,100.1,,,
XUSDUSDT,XUSD,Mid,480,1.0003,2253018.1507,0.0,45.80654320087844,-4.142513005127177e-06,1.000834,1.0004965,0.00781736363014135,0.001697453819271128,0.0011982026959561555,0.6536287605698767,-0.13732178387647842,1.0002749999999996,1.0024638888888886,downtrend|doji_4h,0,1,baissier,365,0,0,30,,,31.0,54.0,94.0,68.0,32.1,57,40.57,2,≈ Neutre vs BTC,False,True,,0,,,,57,3,,Près du plus haut 90j (résistance),46190371,46190371,46182309.341,46182309.341,,100.0,,,
USD1USDT,USD1,Etabli,23,0.9998,86532770.51599,0.006,46.150567137709345,-1.6815210957834908e-05,0.9999387999999999,0.9998814499999995,0.0034751112427824473,0.0016281927060961426,0.0013085475122613123,0.3315388286652848,-0.20001267470196535,0.9993816666666666,1.000785277777778,resistance_test|morning_star_4h,1,1,mixte,365,0,0,30,,,45.0,45.0,94.0,78.5,38.2,56,50.21,1,≈ Neutre vs BTC,False,True,,0,,,,56,5,⚠️ Surveiller,Volume ×0.3 (épuisement)|Près du plus haut 90j (résistance),4161790072,4161790072,4163671136.947221,4163671136.947221,,100.0,,,
TUSDUSDT,TUSD,Mid,104,0.9983,21854.1017,0.02,53.838073315823465,-5.0676480850063855e-05,0.9975639999999999,0.9989029999999999,0.008673656482748086,0.0040000000000000036,0.0017000000000000348,0.19447382582716324,-0.08146975025209952,0.9961527777777781,0.999766666666667,macd_bearish_cross|resistance_test|doji_4h,0,2,baissier,365,0,0,30,,,31.0,57.0,94.0,47.0,19.8,55,38.51,0,≈ Neutre vs BTC,False,True,,0,,,,55,7,🔴 Sortie,Volume ×0.2 (épuisement)|Près du plus haut 90j (résistance)|MACD cross baissier,493791413,493791413,494515083.0,494515083.0,,100.0,,,
KGSTUSDT,KGST,Speculative,,0.0114,128872.070406,-0.009,45.81339981711884,-8.796744343225404e-07,0.011430979999999995,0.011416329999999999,0.04648844697851853,0.0109170305676856,0.0043668122270742096,0.16939343605555437,-0.028582920134040322,0.011380750000000002,0.0114493888888889,resistance_test,0,1,baissier,250,0,0,30,,,13.8,45.0,94.0,47.0,35.9,55,26.37,0,≈ Neutre vs BTC,False,True,,0,,,,55,5,⚠️ Surveiller,Volume ×0.2 (épuisement)|Près du plus haut 90j (résistance),,,,,,,,,
FRAXUSDT,FRAX,Mid,162,0.3002,127428.24024,0.941,52.13384823162969,-0.0014982862741329747,0.28234000000000004,0.40056400000000025,0.7340588045364812,0.39604743083003957,0.21080368906455868,0.30310360355937427,0.5345169114807619,0.23927222222222222,0.3210138888888888,double_top_90d|morning_star_4h,1,1,mixte,228,0,0,30,,,27.2,57.0,73.0,47.0,30.7,54,35.35,-1,≈ Neutre vs BTC,False,True,,0,,,,54,5,⚠️ Surveiller,Volume ×0.3 (épuisement)|Double sommet,217307261,217307261,219320045.8726003,219320045.8726003,,100.0,45707507,$46M,-1.33
USDCUSDT,USDC,Etabli,6,1.00003,865689408.24752,0.009,39.99993266637565,-3.3376068296519265e-05,1.0005821999999998,1.0003598500000002,0.0029764520608425143,0.001468106143075404,0.0012583766940646953,0.28400028215842094,-0.2980541629278273,1.0000855555555554,1.001578888888889,resistance_test,0,1,baissier,365,0,0,30,,,45.0,36.0,94.0,78.5,35.9,49,48.99,-6,≈ Neutre vs BTC,False,True,,0,,,,49,5,⚠️ Surveiller,Volume ×0.3 (épuisement)|Près du plus haut 90j (résistance),73976567697,73991716797,73983701526.3763,74000125746.1816,,100.0,,,
RLUSDUSDT,RLUSD,Etabli,41,1.0003,40313904.3542,-0.01,42.35850148217608,-9.661513183021036e-06,1.0008160000000004,1.0005130000000002,0.0033138033559600225,0.00129805292061915,0.0011982026959561555,0.43903895157603084,-0.24788759475307615,1.0002472222222218,1.001538888888889,resistance_test|downtrend,0,2,baissier,221,0,0,30,,,41.1,36.0,94.0,78.5,18.0,45,45.24,-10,🔴 Sous-performe BTC,False,True,,0,,,,45,5,⚠️ Surveiller,Volume ×0.4 (épuisement)|Près du plus haut 90j (résistance),2369564833,2369564833,2369090622.35721,2369090622.357213,,100.0,,,
UUSDT,U,Etabli,63,0.9995,12309866.9298,-0.01,37.79090649375261,-1.4713149463501518e-05,1.0002539999999995,1.0002955,0.003451384297381604,0.001997203914519785,0.0018973437187937015,0.34255739602502094,-0.2380253539096141,0.999755555555556,1.001191666666667,death_cross|resistance_test,0,2,baissier,230,0,0,30,,,41.3,28.0,94.0,78.5,19.7,43,44.55,-12,🔴 Sous-performe BTC,False,True,,0,,,,43,5,⚠️ Surveiller,Volume ×0.3 (épuisement)|Près du plus haut 90j (résistance),1276697665,1276697665,1277349207.8,1277349207.8,,100.0,,,
