symbol,base,tier,rank_mcap,price,vol_24h_usd,change_24h_pct,rsi_14,macd_hist,ma_50,ma_200,vol_30d_ann,drawdown_90d,dist_to_high_90d,vol_ratio_vs_med90,corr_btc_90d,support_90d,resistance_90d,patterns,bull_signals,bear_signals,bias,age_days,n_red_flags,audit_score,team_score,github_commits_30d,github_contrib_90d,score_solidity,score_momentum,score_risk,score_antiscam,score_signal,score,score_quality,alpha_vs_btc,vs_btc_label,suspect,stablecoin,categories,catalyst_score,catalyst_flags,trending_rank,vol_spike_ratio,bull_prob_7d,exit_risk,exit_label,exit_reasons,market_cap,fdv,circulating_supply,total_supply,max_supply,circ_ratio_pct,tvl,tvl_fmt,tvl_change_7d
PROMUSDT,PROM,Mid,481,2.425,4617466.5121,30.027,58.88716958619138,-0.01902074579605864,1.7527599999999999,1.4245100000000002,2.1350255132881024,0.29088872292755785,0.0937266616878267,2.2294150959976653,0.10263704900771713,1.0218333333333331,2.2559999999999993,uptrend,1,0,haussier,365,0,0,30,,,31.0,100.0,50.5,68.0,50,72,44.55,25,🟢 Surperforme BTC,False,False,,0,,,,72,1,,,44753259,47205492,18250000.0,19250000.0,19250000.0,94.8,,,
XPLUSDT,XPL,Mid,145,0.09535,198682687.321107,16.451,70.5624506119129,0.0022643807051569652,0.084262,0.09412819999999994,0.7934031891801452,0.35983263598326365,0.15385980479148176,15.088066202754929,0.40062391362501976,0.07175722222222222,0.10353833333333334,breakout_30d,1,0,haussier,331,0,0,30,,,30.1,75.0,73.0,78.5,50,70,43.11,23,🟢 Surperforme BTC,False,False,,3,⚡ Volume ×15.1 vs médiane,,15.09,70,0,,,257046155,955956775,2688888888.8889,10000000000.0,,26.9,,,
PYTHUSDT,PYTH,Mid,115,0.04969,14237627.311171,16.835,71.40690053008444,0.0009110434783903195,0.04305020000000002,0.04401170000000004,0.7722889969284382,0.2665094339622642,0.019223147047166045,3.915994155003773,0.5466915326229008,0.033441666666666654,0.04782249999999998,breakout_30d|macd_bullish_cross,2,0,haussier,365,0,0,30,,,31.0,75.0,77.5,78.5,50,69,44.01,22,🟢 Surperforme BTC,False,False,,2,⚡ Volume ×3.9 vs médiane,,3.92,69,2,,Près du plus haut 90j (résistance),393322538,499459198,7874968343.421721,10000000000.0,10000000000.0,78.7,,,
SANTOSUSDT,SANTOS,Speculative,,0.508,6218621.6162,4.312,53.159458759433825,0.008781661935442272,0.5031400000000003,0.9828449999999997,0.8414872570803545,0.4738636363636363,0.42159090909090907,5.3603615190079035,0.4420184146108386,0.47297222222222207,0.768277777777778,downtrend|doji_4h,0,1,baissier,365,0,0,30,,,17.0,84.0,68.5,78.5,28.1,69,33.72,22,🟢 Surperforme BTC,False,False,,3,⚡ Volume ×5.4 vs médiane,,5.36,69,0,,,,,,,,,,,
IOSTUSDT,IOST,Speculative,819,0.000573,524884.15697,3.058,45.51495394298346,4.551755395455549e-06,0.0006329799999999999,0.0009536799999999998,0.3938784442665287,0.49573459715639806,0.45118483412322274,3.673850399378339,0.62655500175953,0.0005711388888888888,0.0009571944444444443,macd_bullish_cross,1,0,haussier,365,0,0,30,,,17.0,64.0,79.0,57.5,50,69,31.58,22,🟢 Surperforme BTC,False,False,,2,⚡ Volume ×3.7 vs médiane,,3.67,69,0,,,20060321,20060321,34761723387.0,34761723387.0,90000000000.0,100.0,,,
LDOUSDT,LDO,Mid,134,0.3479,4069840.318524,4.099,63.491896887981696,0.006402569428126709,0.32639799999999985,0.32516649999999997,0.8291273672492588,0.30744803695150114,0.1291374122367101,0.5298015758350738,0.43448964002927026,0.25279166666666664,0.37502222222222226,macd_bullish_cross|golden_cross,2,0,haussier,365,0,0,30,,,31.0,82.0,73.0,68.0,52.5,67,43.89,20,🟢 Surperforme BTC,False,False,,0,,,,67,2,,Volume ×0.5 (épuisement),290268263,347086512,836299460.6643007,1000000000.0,1000000000.0,83.6,22759875383,$22.8B,27.37
BMTUSDT,BMT,Speculative,,0.01694,2433412.354633,5.022,53.22031369739543,-0.00024749077088256823,0.013709200000000001,0.01483475,3.8096332464946463,0.5484554815263477,0.48758328285887337,3.6253361038419185,0.16050377564381074,0.011496944444444442,0.018638333333333333,uptrend,1,0,haussier,365,0,0,30,,,17.0,84.0,32.5,68.0,50,67,32.03,20,🟢 Surperforme BTC,False,False,,2,⚡ Volume ×3.6 vs médiane,,3.63,67,1,,,,,,,,,,,
UNIUSDT,UNI,Etabli,39,3.903,25803936.98117,8.477,57.91989616050431,0.005158549280327336,3.6711400000000003,3.4258050000000004,0.8515924561577607,0.29238038984051984,0.11910669975186106,0.6310976352549718,0.5126528445330825,2.614416666666666,4.029,macd_bullish_cross,1,0,haussier,365,0,0,30,,,45.0,82.0,73.0,78.5,50,66,54.1,19,🟢 Surperforme BTC,False,False,,0,,,,66,0,,,2454661341,3506517762,623662423.7271129,890910420.0329479,1000000000.0,70.0,1435422361,$1.4B,2.06
NEOUSDT,NEO,Mid,203,2.017,1903054.81747,11.313,66.93320203209504,0.03358030469259076,1.8911199999999995,2.46362,0.5383480687587647,0.416813225466057,0.2915933872669716,2.3735683341880196,0.7682011657709278,1.7594166666666669,2.556916666666668,macd_bullish_cross,1,0,haussier,365,0,0,30,,,31.0,75.0,75.5,68.0,50,66,43.05,19,🟢 Surperforme BTC,False,False,,0,,,,66,0,,,142274928,201722569,70530000.0,100000000.0,,70.5,,,
MUBARAKUSDT,MUBARAK,Speculative,766,0.02221,3853740.841344,14.899,64.15764430506535,0.0002908526719269612,0.0138536,0.013452949999999995,2.374169423828892,0.3786331500392773,0.12058130400628436,1.0099836740604609,0.22509403244207096,0.010050277777777778,0.017645277777777774,golden_cross|double_bottom_90d|uptrend,3,0,haussier,365,0,0,30,,,17.0,91.0,46.0,68.0,54.4,66,33.95,19,🟢 Surperforme BTC,False,False,,0,,,,66,0,,,22147109,22147109,1000000000.0,1000000000.0,1000000000.0,100.0,,,
STEEMUSDT,STEEM,Speculative,750,0.04111,755233.453777,12.139,68.86178995372217,0.0006222895347619785,0.0383778,0.050336349999999995,0.5047499774039087,0.360963058261349,0.24333762176070578,2.928168088330436,0.7056747605515367,0.03586,0.050013888888888886,squeeze_breakout,1,0,haussier,365,0,0,30,,,17.0,75.0,75.5,57.5,50,66,32.69,19,🟢 Surperforme BTC,False,False,,0,,,,66,0,,,22851395,22853775,555862263.933,555921034.276,,100.0,,,
ZAMAUSDT,ZAMA,Mid,252,0.046,5451536.5491,1.077,50.52112501165987,-0.0004084980131552698,0.04380920000000002,0.031130349999999994,0.9166240968168494,0.3329485488126649,0.241754617414248,0.5074275971293553,0.23915504661789158,0.030545000000000003,0.053649444444444444,uptrend,1,0,haussier,201,0,0,30,,,26.5,82.0,67.0,78.5,50,65,41.16,18,🟢 Surperforme BTC,False,False,,0,,,,65,3,,Volume ×0.5 (épuisement),101666294,508331468,2200000000.0,11000000000.0,,20.0,56344325,$56M,-0.91
MBLUSDT,MBL,Speculative,,0.000674,1244581.439644,14.821,63.723715728384725,8.829120684268066e-06,0.00066322,0.0008376750000000008,0.474815225536981,0.3872017353579176,0.26355748373101945,1.3761094727890677,0.7560807098191948,0.0006095,0.0008363055555555556,macd_bullish_cross|support_bounce|squeeze_breakout|uptrend,4,0,haussier,365,0,0,30,,,17.0,75.0,75.5,68.0,53.5,65,33.74,18,🟢 Surperforme BTC,False,False,,0,,,,65,0,,,,,,,,,,,
MTLUSDT,MTL,Speculative,821,0.215,823903.3436,8.586,60.815770173483926,0.0025906253512804544,0.2125,0.2624649999999999,0.5503341486057997,0.40390879478827363,0.2964169381107492,1.0486677261949955,0.7270163446723332,0.19697222222222227,0.2774444444444445,macd_bullish_cross|support_bounce,2,0,haussier,365,0,0,30,,,17.0,75.0,75.5,57.5,53.5,65,32.9,18,🟢 Surperforme BTC,False,False,,0,,,,65,0,,,20013274,20013274,92858285.0,92858285.0,,100.0,,,
POLUSDT,POL,Etabli,72,0.08679,12235663.290814,6.937,74.22027449086991,0.001210453026081104,0.07721260000000002,0.08834654999999998,0.4548217737106046,0.2717321997874602,0.0777895855472902,1.9045059132026034,0.49568689296539314,0.07142166666666666,0.08909472222222221,breakout_30d|squeeze_breakout,2,0,haussier,365,0,0,30,,,45.0,75.0,88.0,78.5,50,64,54.16,17,🟢 Surperforme BTC,False,False,,0,,,,64,2,,RSI 74 (surachat),935001168,935001168,10700162398.97388,10700162398.97388,,100.0,2713077748,$2.7B,6.99
NEXOUSDT,NEXO,Etabli,82,0.796,2174000.22304,5.43,70.04343734435837,0.008751938933935687,0.7417800000000001,0.8266249999999998,0.35785185138932135,0.18372093023255817,0.0732558139534883,1.9562731821006991,0.8053190794691591,0.708777777777778,0.834111111111111,macd_bullish_cross|squeeze_breakout,2,0,haussier,365,0,0,30,,,45.0,75.0,92.0,68.0,50,64,53.56,17,🟢 Surperforme BTC,False,False,,0,,,,64,0,,,794879140,794879140,1000000000.0,1000000000.0,1000000000.0,100.0,308990314,$309M,10.79
TRUMPUSDT,TRUMP,Mid,113,1.709,23838298.045357,4.271,63.5845476915951,0.03784603170572137,1.5450400000000009,2.396825000000001,0.9775264602930144,0.36122542295381793,0.21764974851394595,1.4391439499748353,0.42597573207269146,1.4336944444444446,2.023944444444444,macd_bullish_cross,1,0,haussier,365,0,0,30,,,31.0,75.0,73.0,78.5,50,64,43.74,17,🟢 Surperforme BTC,False,False,,0,,,,64,0,,,426102512,1716417071,248251149.93147004,1000000000.0,1000000000.0,24.8,,,
ACEUSDT,ACE,Speculative,685,0.2561,57711777.9654,35.431,64.99339086888068,0.012231317564776488,0.10309800000000001,0.1194635,4.416622380403929,0.4710059171597633,0.0,4.417481566353514,0.07980971502690759,0.06894166666666668,0.16740833333333335,rsi_bearish_divergence|uptrend,1,1,mixte,365,0,0,30,,,17.0,84.0,50.5,78.5,25.2,64,32.46,17,🟢 Surperforme BTC,False,False,,2,⚡ Volume ×4.4 vs médiane,,4.42,64,4,⚠️ Surveiller,Près du plus haut 90j (résistance)|Divergence RSI baissière,27066218,36798258,107613807.0,146307870.0,147000000.0,73.6,,,
AVGOBUSDT,AVGOB,Speculative,,367.63,1079462.24945,-0.22,32.910158624431034,-8.23613133268197,,,0.44664753040860156,0.14810061601642716,0.1421737913011014,4.4418971586925515,,367.4646666666667,426.1873333333333,,0,0,neutre,38,0,0,30,,,8.0,54.0,85.5,68.0,50,64,25.52,17,🟢 Surperforme BTC,False,False,,2,⚡ Volume ×4.4 vs médiane,,4.44,64,1,,,,,,,,,,,
OGUSDT,OG,Speculative,,2.706,809184.8311,4.802,64.40471206756513,0.019239911914189202,2.57362,2.8863399999999997,0.3528488620059284,0.21005025125628135,0.09078726968174201,0.44748899787751967,0.47688104426669464,2.4482222222222223,2.8415000000000004,macd_bullish_cross|uptrend|bullish_engulfing_4h,3,0,haussier,365,0,0,30,,,17.0,57.0,100.0,57.5,53.4,64,32.2,17,🟢 Surperforme BTC,False,False,,0,,,,64,2,,Volume ×0.4 (épuisement),,,,,,,,,
HUMAUSDT,HUMA,Speculative,542,0.02187,309397.65774,2.869,60.271320598582875,0.0003013636298255198,0.021241200000000002,0.019762250000000006,0.5769946581930753,0.3149171270718233,0.192633517495396,0.1694638341147829,0.2624518282915366,0.01976333333333333,0.02569166666666667,,0,0,neutre,365,0,0,30,,,17.0,73.0,77.5,47.0,50,64,31.73,17,🟢 Surperforme BTC,False,False,,0,,,,64,2,,Volume ×0.2 (épuisement),37964867,219028082,1733333333.0,10000000000.0,10000000000.0,17.3,,,
JSTUSDT,JST,Etabli,76,0.10662,2277061.971118,0.937,57.310935945592014,4.0130769956693655e-06,0.10160560000000003,0.07758765,0.33892094430804065,0.2377463626044783,0.015881809787626957,0.16319611242118642,0.1197339051964667,0.07864166666666667,0.10604555555555555,resistance_test,0,1,baissier,365,0,0,30,,,45.0,73.0,94.0,68.0,35.0,63,52.54,16,🟢 Surperforme BTC,False,False,,0,,,,63,4,⚠️ Surveiller,Volume ×0.2 (épuisement)|Près du plus haut 90j (résistance),872151200,872151200,8188743036.341737,8188743036.341737,9900000000.0,100.0,3611046443,$3.6B,9.89
REDUSDT,RED,Mid,424,0.1071,3074235.24367,-6.707,70.98935087175596,0.002650849934200873,0.09639000000000002,0.12461050000000005,0.5712280632523437,0.38315018315018323,0.21391941391941394,1.5318643909910916,0.5569931116852335,0.08673333333333332,0.12156111111111113,,0,0,neutre,365,0,0,30,,,31.0,75.0,83.5,68.0,50,63,43.53,16,🟢 Surperforme BTC,False,False,,0,,,,63,0,,,52370289,107461114,487341763.0,1000000000.0,1000000000.0,48.7,,,
JTOUSDT,JTO,Mid,131,0.587,2233178.93311,4.56,56.36136409632802,0.008459214026739575,0.5864360000000002,0.45348350000000015,0.6599316935609686,0.4110705596107056,0.2827250608272506,0.21165572057006599,0.10995534273969607,0.5006611111111111,0.768313888888889,,0,0,neutre,365,0,0,30,,,31.0,73.0,67.0,68.0,50,63,42.3,16,🟢 Surperforme BTC,False,False,,0,,,,63,2,,Volume ×0.2 (épuisement),303580167,592465337,512401566.0,1000000000.0,,51.2,897563127,$898M,18.38
MEMEUSDT,MEME,Mid,416,0.00053,1232504.988293,8.83,59.193270063639844,4.9871895954203316e-06,0.00052528,0.0005693900000000001,0.5795589232283479,0.29057187017001546,0.17465224111282848,0.6300732296898949,0.344427788445882,0.0004816111111111111,0.0006243055555555554,macd_bullish_cross,1,0,haussier,365,0,0,30,,,31.0,66.0,83.5,68.0,50,63,42.45,16,🟢 Surperforme BTC,False,False,,0,,,,63,0,,,53275082,53275082,100000000000.0,100000000000.0,100000000000.0,100.0,,,
CFXUSDT,CFX,Mid,148,0.04616,1151206.07971,5.702,63.65716659843935,0.0006065360577280268,0.043252999999999986,0.051294049999999994,0.5537038483335447,0.3184097421203439,0.17012893982808025,0.6197219458517114,0.5229954648969495,0.04082611111111111,0.05180499999999999,,0,0,neutre,365,0,0,30,,,31.0,66.0,83.5,68.0,50,63,42.45,16,🟢 Surperforme BTC,False,False,,0,,,,63,0,,,242907042,242915563,5233108350.8,5233291940.16,,100.0,,,
AWEUSDT,AWE,Mid,219,0.06489,174702.51263,2.512,63.08684095806306,0.0005967437572089564,0.058864200000000005,0.057033600000000025,0.5228209269671001,0.24041297935103248,0.04085545722713856,0.22410075970819274,0.14095752671606046,0.05195555555555556,0.06404055555555556,double_bottom_90d|uptrend|evening_star_4h,2,1,haussier,365,0,0,30,,,31.0,73.0,94.0,47.0,32.8,63,41.21,16,🟢 Surperforme BTC,False,False,,0,,,,63,6,⚠️ Surveiller,Volume ×0.2 (épuisement)|Près du plus haut 90j (résistance)|Étoile du soir 4h,126401843,130148808,1942420283.0270672,1942420283.0270672,2000000000.0,100.0,,,
TUTUSDT,TUT,Speculative,695,0.03235,15897177.59196,2.993,47.49630992345841,-0.005275685696636539,0.0285608,0.015101650000000001,6.065595826488163,0.852263701350278,0.8385623510722796,2.043274799725704,0.053962249646134386,0.0097625,0.059962499999999995,uptrend|bearish_engulfing_4h,1,1,mixte,365,0,0,30,,,17.0,100.0,22.0,78.5,29.7,63,32.94,16,🟢 Surperforme BTC,False,False,,0,,,,63,3,,Engloutissement baissier 4h,26640185,26640185,832114380.1969383,832114380.1969383,1000000000.0,100.0,,,
ALICEUSDT,ALICE,Speculative,958,0.15,2366055.774614,8.932,60.22245504773,0.002888984371984547,0.12402200000000002,0.12321250000000003,1.760659602865837,0.31920048455481526,0.0884312537855845,0.564690877947768,0.2630808239706153,0.1051972222222222,0.1439611111111111,golden_cross|uptrend,2,0,haussier,365,0,0,30,,,17.0,82.0,50.5,68.0,52.5,63,33.02,16,🟢 Surperforme BTC,False,False,,0,,,,63,2,,Volume ×0.6 (épuisement),14939056,15074544,99471241.61368,99471241.61368,100000000.0,100.0,,,
TSTUSDT,TST,Speculative,,0.0154,2280593.686593,2.667,55.65194217724395,-0.00012279421245049564,0.012417999999999995,0.012408900000000006,1.9256501920003588,0.4656652360515022,0.29803742583295295,0.8892863598389903,0.16121921581065277,0.010298333333333333,0.018114722222222223,golden_cross|uptrend,2,0,haussier,365,0,0,30,,,17.0,82.0,46.0,68.0,52.5,63,32.75,16,🟢 Surperforme BTC,False,False,,0,,,,63,1,,,,,,,,,,,
ANKRUSDT,ANKR,Speculative,548,0.0037,1292240.625765,6.017,63.29946082199351,2.9251268822576624e-05,0.0035124,0.004321199999999998,0.4336493553212633,0.30736842105263157,0.2210526315789473,0.541493017489119,0.6310170712942592,0.003359722222222224,0.004397777777777777,macd_bullish_cross|uptrend,2,0,haussier,365,0,0,30,,,17.0,66.0,83.5,68.0,50,63,32.93,16,🟢 Surperforme BTC,False,False,,0,,,,63,2,,Volume ×0.5 (épuisement),37116899,37116899,10000000000.0,10000000000.0,10000000000.0,100.0,24585938,$25M,17.18
BABABUSDT,BABAB,Speculative,,125.58,1104667.55068,-3.206,50.71923917820242,-0.7406093429085683,,,0.34644742028519826,0.07390614373158025,0.051008841532532406,1.477698004134561,,113.09600000000002,130.522,,0,0,neutre,38,0,0,30,,,8.0,63.0,90.0,68.0,50,63,26.87,16,🟢 Surperforme BTC,False,False,,0,,,,63,1,,,,,,,,,,,
METISUSDT,METIS,Speculative,810,2.64,401990.39217,8.197,59.89739256004089,0.03256156499446991,2.610799999999999,3.0988500000000005,0.5372010219926726,0.3284023668639053,0.21597633136094674,0.5259755252723151,0.6400141501162286,2.3994444444444447,3.202777777777779,macd_bullish_cross,1,0,haussier,365,0,0,30,,,17.0,66.0,83.5,47.0,50,63,31.25,16,🟢 Surperforme BTC,False,False,,0,,,,63,2,,Volume ×0.5 (épuisement),20452722,26459071,7729946.842,10000000.0,10000000.0,77.3,24539350,$25M,6.66
NEARUSDT,NEAR,Etabli,40,1.86,35326858.4143,7.452,63.56560985477375,0.03194613397237534,1.7935799999999993,1.6013100000000002,0.5897679508070501,0.43627973020944266,0.3400780972665957,0.5666050215623761,0.3708440710120038,1.6289166666666668,2.4606111111111115,downtrend,0,1,baissier,365,0,0,30,,,45.0,82.0,79.0,78.5,28.1,62,53.15,15,🟢 Surperforme BTC,False,False,,0,,,,62,2,,Volume ×0.6 (épuisement),2448151271,2448202753,1304141297.0,1304168778.0,,100.0,,,
XLMUSDT,XLM,Etabli,20,0.1881,33887813.7594,11.302,67.73528546328936,0.0035541537711478166,0.17709399999999997,0.1729995,0.547428206044736,0.40400153905348213,0.2770296267795306,0.5472987639394501,0.2801175557889243,0.15799444444444444,0.22663055555555556,double_bottom_90d,1,0,haussier,365,0,0,30,,,45.0,73.0,77.5,78.5,52.0,62,53.41,15,🟢 Surperforme BTC,False,False,,0,,,,62,2,,Volume ×0.5 (épuisement),6537720778,9455627801,34571762725.762215,50001786839.91247,,69.1,,,
ONDOUSDT,ONDO,Etabli,48,0.3711,22065155.70957,8.35,57.87070659667432,0.0025588609091833974,0.3558080000000001,0.3156274999999999,0.5924891920938766,0.29925017041581453,0.15655532833446947,0.7925948207879109,0.36126626134357315,0.3146083333333334,0.40813888888888894,macd_bullish_cross|double_top_90d|uptrend,2,1,haussier,365,0,0,30,,,45.0,82.0,83.5,78.5,25.2,62,53.24,15,🟢 Surperforme BTC,False,False,,0,,,,62,2,,Double sommet,1814132746,3725630640,4869330647.0,10000000000.0,10000000000.0,48.7,2506517652,$2.5B,-0.33
PLUMEUSDT,PLUME,Mid,277,0.01395,71561569.90026,10.802,65.70073689879807,0.0001472485443503596,0.0113576,0.011376200000000001,0.9647308476205216,0.3718459495351926,0.07370517928286852,1.5281695441769425,0.3742767488299234,0.009821944444444444,0.013484444444444445,uptrend,1,0,haussier,365,0,0,30,,,31.0,75.0,77.5,78.5,50,62,44.01,15,🟢 Surperforme BTC,False,False,,0,,,,62,0,,,89911269,140617614,6394026052.0,10000000000.0,10000000000.0,63.9,,,
COWUSDT,COW,Mid,359,0.1145,1432464.92972,6.81,49.32754356870364,0.0017369101246352244,0.12509800000000004,0.1721110000000001,1.408511426396596,0.38283627510651247,0.30249543517954963,2.4674220067038863,0.2793396719949317,0.10743055555555556,0.1620888888888889,,0,0,neutre,365,0,0,30,,,31.0,64.0,52.0,68.0,50,62,40.32,15,🟢 Surperforme BTC,False,False,,0,,,,62,0,,,65736464,114313769,575052894.4246459,1000000000.0,1000000000.0,57.5,,,
XNOUSDT,XNO,Mid,423,0.395,89570.71716,3.675,55.867098999191,-0.0007567742221053708,0.3712400000000002,0.43993000000000015,0.533995435480225,0.3274336283185841,0.17842323651452274,0.5017497841027054,0.20330703019154098,0.3164166666666666,0.44777777777777783,,0,0,neutre,365,0,0,30,,,31.0,66.0,77.5,47.0,50,62,40.41,15,🟢 Surperforme BTC,False,False,,0,,,,62,3,,Volume ×0.5 (épuisement),52596774,52596774,133248297.0,133248297.0,133248297.0,100.0,,,
COTIUSDT,COTI,Speculative,636,0.01011,1454814.88092,2.018,46.69080565142482,-0.0003250440059216764,0.0100512,0.011759849999999994,2.8036096442576466,0.4389820705610179,0.4135338345864662,1.83712697840492,0.03628711474936425,0.0076102777777777774,0.014028055555555557,,0,0,neutre,365,0,0,30,,,17.0,84.0,41.5,68.0,50,62,32.57,15,🟢 Surperforme BTC,False,False,,0,,,,62,1,,,30188212,30188578,2979560602.83,2979596663.294341,4910000000.0,100.0,,,
FLUXUSDT,FLUX,Speculative,865,0.0439,1171063.334146,7.862,60.51595379727775,0.0005361829265799243,0.04164199999999999,0.05655250000000001,0.6510080665735639,0.5420219244823387,0.46528623629719856,1.0617388728172696,0.6277346485843653,0.039155555555555555,0.06396944444444443,,0,0,neutre,365,0,0,30,,,17.0,75.0,59.5,68.0,50,62,32.57,15,🟢 Surperforme BTC,False,False,,0,,,,62,0,,,18338255,18340953,417267282.4991484,417329694.4991484,440000000.0,100.0,,,
LAZIOUSDT,LAZIO,Speculative,,0.369,977280.42241,2.786,57.314571744623514,0.0033629752774025565,0.3615800000000002,0.5712249999999993,0.453148470701674,0.37358490566037733,0.30188679245283023,0.5282507951774351,0.45996615801622426,0.3436388888888888,0.512888888888889,,0,0,neutre,365,0,0,30,,,17.0,66.0,79.0,57.5,50,62,31.82,15,🟢 Surperforme BTC,False,False,,0,,,,62,2,,Volume ×0.5 (épuisement),,,,,,,,,
ALGOUSDT,ALGO,Etabli,81,0.0897,3597824.9974,7.425,63.68381276710607,0.0008622097494265159,0.08390599999999998,0.09616699999999995,0.6198137732948376,0.39263322884012536,0.29545454545454547,0.521763016727644,0.5478043930293082,0.07959166666666667,0.10959444444444448,macd_bullish_cross,1,0,haussier,365,0,0,30,,,45.0,66.0,73.0,68.0,50,61,51.34,14,🟢 Surperforme BTC,False,False,,0,,,,61,2,,Volume ×0.5 (épuisement),814576659,814586058,9031625938.421646,9031731636.888012,10000000000.0,100.0,,,
QNTUSDT,QNT,Etabli,74,62.51,730162.85802,5.467,59.999565390102596,0.647054053284386,62.319,68.32979999999996,0.36982782283413435,0.30189857606794906,0.21771171621284036,0.2162239362594884,0.479158978193963,58.42138888888888,73.6811111111111,macd_bullish_cross|support_bounce,2,0,haussier,365,0,0,30,,,45.0,57.0,83.5,57.5,53.5,61,50.26,14,🟢 Surperforme BTC,False,False,,0,,,,61,2,,Volume ×0.2 (épuisement),910309027,914584926,14544176.164081175,14612493.0,14612493.0,99.5,,,
PENDLEUSDT,PENDLE,Mid,142,1.564,5916126.187,7.27,66.15850946910439,0.027432089921268877,1.4545400000000002,1.3872999999999995,0.6382183647211188,0.3891779396462019,0.18522372528616018,0.629734368194577,0.6044188476045478,1.2438611111111109,1.642333333333333,macd_bullish_cross,1,0,haussier,365,0,0,30,,,31.0,73.0,73.0,78.5,50,61,43.5,14,🟢 Surperforme BTC,False,False,,0,,,,61,0,,,271147864,443363808,172173652.67107055,281527448.4585314,,61.2,1166469755,$1.2B,-2.96
ZROUSDT,ZRO,Mid,129,0.868,4933783.86133,-2.142,59.346773874049404,0.010035618710861477,0.8319999999999999,1.3668400000000003,0.7343927124658032,0.4652725914861837,0.3487677371172517,0.6568823276480518,0.3085487176632239,0.7622499999999999,1.1569444444444446,macd_bullish_cross,1,0,haussier,365,0,0,30,,,31.0,66.0,68.5,68.0,50,61,41.55,14,🟢 Surperforme BTC,False,False,,0,,,,61,0,,,309141613,874978639,353313325.89,1000000000.0,1000000000.0,35.3,6941643513,$6.9B,2.78
EIGENUSDT,EIGEN,Mid,173,0.2099,3274398.042845,14.762,63.45656089927376,0.0051846184581490675,0.20427799999999993,0.19819949999999997,0.7962984827881655,0.4143859649122807,0.2599999999999999,0.6057830006220156,0.37810505910584535,0.1706861111111111,0.25251388888888887,downtrend,0,1,baissier,365,0,0,30,,,31.0,82.0,73.0,68.0,28.1,61,42.43,14,🟢 Surperforme BTC,False,False,,0,,,,61,0,,,184781123,386993366,876369057.0046605,1835409411.136551,,47.7,6309350521,$6.3B,25.65
XECUSDT,XEC,Mid,201,7.35e-06,804333.30490532,5.908,63.32608724999034,5.230244282623592e-08,6.465200000000001e-06,6.806349999999999e-06,0.794220273472954,0.31958762886597936,0.16265750286368835,1.0,0.12983554168590822,5.1175e-06,7.611666666666668e-06,macd_bullish_cross,1,0,haussier,365,0,0,30,,,31.0,66.0,67.0,57.5,50,61,40.62,14,🟢 Surperforme BTC,False,False,,0,,,,61,0,,,146446757,146447305,20072451547580.0,20072529672580.0,21000000000000.0,100.0,,,
ENJUSDT,ENJ,Mid,421,0.02647,601029.498321,5.669,58.888519923889646,0.00034939693448355843,0.0265546,0.0316004,0.4979235252210466,0.4256674014205241,0.34925300024491795,0.4156785637834549,0.5233235483895244,0.024453055555555558,0.037706388888888887,support_bounce|bullish_engulfing_4h,2,0,haussier,365,0,0,30,,,31.0,57.0,79.0,57.5,56.9,61,40.68,14,🟢 Surperforme BTC,False,False,,0,,,,61,2,,Volume ×0.4 (épuisement),52788409,53371985,1993762625.370987,2015803668.611377,,98.9,,,
HOTUSDT,HOT,Mid,370,0.000358,235170.581501,5.605,64.12513267666998,3.0635053771175757e-06,0.00034,0.0003770299999999999,0.3983885633426518,0.2538461538461538,0.07948717948717947,0.2721221980891896,0.5083504804017889,0.0002997222222222222,0.00038313888888888886,macd_bullish_cross|uptrend,2,0,haussier,365,0,0,30,,,31.0,57.0,88.0,47.0,50,61,39.96,14,🟢 Surperforme BTC,False,False,,0,,,,61,2,,Volume ×0.3 (épuisement),63351007,63351007,177619433541.1413,177619433541.1413,,100.0,,,
GLMUSDT,GLM,Mid,255,0.1001,157812.69952,10.608,64.89248850132897,0.0013011251965592626,0.09561799999999998,0.12576299999999999,0.5059525873148552,0.383737517831669,0.28459343794579167,1.114469695391398,0.528272106486292,0.0896861111111111,0.12845555555555555,double_bottom_90d|squeeze_breakout|downtrend,2,1,haussier,365,0,0,30,,,31.0,75.0,83.5,47.0,30.1,61,40.66,14,🟢 Surperforme BTC,False,False,,0,,,,61,0,,,100164479,100164479,1000000000.0,1000000000.0,,100.0,,,
EDENUSDT,EDEN,Speculative,737,0.05503,2693127.573467,0.991,57.41791745190635,0.000852453447474939,0.0441848,0.041938700000000016,2.3303485486574727,0.6026666666666667,0.387,0.5738975168866333,0.21506813572345965,0.039026388888888895,0.06275805555555555,bullish_engulfing_4h,1,0,haussier,326,0,0,30,,,15.9,82.0,32.5,68.0,53.4,61,31.27,14,🟢 Surperforme BTC,False,False,,0,,,,61,2,,Volume ×0.6 (épuisement),23259378,55177120,421540275.0574411,1000000000.0,1000000000.0,42.2,,,
ALPINEUSDT,ALPINE,Speculative,,0.345,1480930.34901,6.154,56.254691818675255,0.002709736893153694,0.31904,0.3885999999999997,0.9664048902949864,0.2962085308056872,0.18246445497630334,1.6522863601039295,0.24410019593920204,0.3049722222222221,0.3948055555555554,macd_bullish_cross|downtrend,1,1,mixte,365,0,0,30,,,17.0,84.0,67.0,68.0,28.1,61,32.79,14,🟢 Surperforme BTC,False,False,,0,,,,61,0,,,,,,,,,,,
LUNAUSDT,LUNA,Speculative,581,0.0473,947101.885547,6.772,61.07930135311869,0.0006386339558508002,0.04464399999999999,0.05617949999999999,0.8598754054675667,0.3653543307086614,0.2535433070866142,0.6636052851131401,0.5062211758657001,0.041286111111111114,0.05805833333333332,uptrend,1,0,haussier,365,0,0,30,,,17.0,66.0,73.0,57.5,50,61,31.46,14,🟢 Surperforme BTC,False,False,,0,,,,61,0,,,33604911,56169098,709984438.91686,1186707049.0,,59.8,,,
DOLOUSDT,DOLO,Speculative,,0.02529,792014.189506,7.709,60.42429068881263,0.0002493062329332343,0.022548400000000003,0.029550099999999982,0.7742693330137341,0.37865853658536597,0.2277439024390245,1.52071968740076,0.41916147373667756,0.021311666666666663,0.029287222222222225,rsi_bearish_divergence|squeeze_breakout|uptrend,2,1,haussier,360,0,0,30,,,16.9,84.0,73.0,57.5,25.2,61,32.04,14,🟢 Surperforme BTC,False,False,,0,,,,61,2,,Divergence RSI baissière,,,,,,,206737774,$207M,-2.42
BEAMXUSDT,BEAMX,Speculative,,0.001475,710088.693079,6.268,58.59124931426975,1.5298225671666902e-05,0.0014755999999999999,0.0017643949999999993,0.6947313567225198,0.3068181818181818,0.19805194805194806,0.74321506924473,0.49106248085920107,0.0013278888888888887,0.0017073611111111109,macd_bullish_cross,1,0,haussier,365,0,0,30,,,17.0,66.0,73.0,57.5,50,61,31.46,14,🟢 Surperforme BTC,False,False,,0,,,,61,0,,,,,,,,,,,
LSKUSDT,LSK,Speculative,832,0.0837,409748.91921,0.843,61.135196522854976,0.0011810874345660914,0.08148,0.1113484999999999,0.5643441421644916,0.40750000000000003,0.2958333333333333,0.4523759397291607,0.5239650488293532,0.07428888888888889,0.10856944444444445,support_bounce|uptrend,2,0,haussier,365,0,0,30,,,17.0,57.0,83.5,47.0,53.5,61,30.38,14,🟢 Surperforme BTC,False,False,,0,,,,61,2,,Volume ×0.5 (épuisement),19639459,33703558,233084697.0,400000000.0,400000000.0,58.3,,,
DOTUSDT,DOT,Etabli,56,0.863,8699884.46758,9.796,63.94465624375125,0.009317718814294404,0.8180200000000001,1.1451949999999997,0.5376229216546422,0.4031746031746032,0.31507936507936507,0.4988056931483339,0.6794505888906568,0.7710555555555554,1.1300277777777779,macd_bullish_cross,1,0,haussier,365,0,0,30,,,45.0,57.0,79.0,78.5,50,60,51.46,13,🟢 Surperforme BTC,False,False,,0,,,,60,2,,Volume ×0.5 (épuisement),1469246795,1469256984,1699008528.772917,1699022012.870018,2100000000.0,100.0,1960208,$2M,7.24
MORPHOUSDT,MORPHO,Etabli,55,2.282,4558662.62195,4.392,69.13157130950499,0.04106372126556074,2.0067999999999997,1.8418449999999995,0.49074483341507924,0.2668151447661471,0.013390928725702004,0.5285587827115381,0.3870420138910627,1.7608055555555555,2.197888888888889,double_bottom_90d|resistance_test,1,1,mixte,323,0,0,30,,,43.8,73.0,88.0,68.0,37.0,60,51.52,13,🟢 Surperforme BTC,False,False,,0,,,,60,4,⚠️ Surveiller,Volume ×0.5 (épuisement)|Près du plus haut 90j (résistance),1497549545,2279983001,656824872.869975,1000000000.0,1000000000.0,65.7,9035941521,$9.0B,13.11
INJUSDT,INJ,Mid,104,4.825,11334714.02763,4.732,56.642961762056295,0.05181944836011615,4.78548,4.139705000000002,0.7589556412576108,0.41602288984263236,0.30829756795422036,0.6419369000141132,0.44037482242169085,4.344027777777778,5.9985277777777775,macd_bullish_cross|downtrend,1,1,mixte,365,0,0,30,,,31.0,82.0,68.5,78.5,28.1,60,43.0,13,🟢 Surperforme BTC,False,False,,0,,,,60,0,,,484056550,484056550,100000000.0,100000000.0,,100.0,5423652,$5M,-12.85
ENSUSDT,ENS,Mid,162,4.83,1718877.482,15.827,71.06856257449034,0.07241719336874627,4.266800000000001,5.45245,0.6354760673124669,0.3908227848101266,0.23101265822784808,1.5171944334548964,0.7219923790535699,4.025,5.695833333333332,breakout_30d|macd_bullish_cross,2,0,haussier,365,0,0,30,,,31.0,75.0,65.0,68.0,50,60,42.42,13,🟢 Surperforme BTC,False,False,,0,,,,60,0,,,204064754,485491898,42032576.731430925,100000000.0,100000000.0,42.0,,,
RUNEUSDT,RUNE,Mid,192,0.463,1565314.6684,7.425,64.95220624553693,0.0021593994494575695,0.42622,0.42886,0.4021691937487898,0.28982300884955753,0.0,0.5439243784728939,0.49320271726144327,0.36986111111111103,0.44788888888888884,macd_bullish_cross|resistance_test,1,1,mixte,365,0,0,30,,,31.0,66.0,88.0,68.0,35.0,60,41.82,13,🟢 Surperforme BTC,False,False,,0,,,,60,4,⚠️ Surveiller,Volume ×0.5 (épuisement)|Près du plus haut 90j (résistance),156600816,163953207,338152395.0,354028538.0,354028717.0,95.5,59417066,$59M,10.06
QTUMUSDT,QTUM,Mid,284,0.816,1411719.0562,12.707,80.41781746414875,0.017479596868919676,0.6835,0.8254899999999998,0.5423873509910627,0.29944751381215473,0.09723756906077356,3.500346504971762,0.6656917065907432,0.647638888888889,0.8351111111111112,,0,0,neutre,365,0,0,30,,,31.0,66.0,88.0,68.0,50,60,42.72,13,🟢 Surperforme BTC,False,False,,2,⚡ Volume ×3.5 vs médiane,,3.5,60,4,⚠️ Surveiller,RSI 80 (surachat extrême),86653718,88068036,106090844.5,107822406.0,,98.4,,,
1INCHUSDT,1INCH,Mid,218,0.0905,981343.07354,4.988,74.01811708978306,0.0004380579114096673,0.07970600000000001,0.08711250000000005,0.3858747232955441,0.2748344370860928,0.0,1.4504597053660795,0.7231145388355046,0.06881388888888891,0.08735277777777775,macd_bullish_cross|double_bottom_90d,2,0,haussier,365,0,0,30,,,31.0,66.0,80.0,57.5,52.0,60,41.52,13,🟢 Surperforme BTC,False,False,,0,,,,60,4,⚠️ Surveiller,RSI 74 (surachat)|Près du plus haut 90j (résistance),127474038,136037705,1405573965.7275033,1499999999.997,1500000000.0,93.7,3062194,$3M,18.73
SNXUSDT,SNX,Mid,216,0.2195,791979.19128,8.022,59.68581684301899,0.0022228456874982,0.21697000000000005,0.2764974999999998,0.4842224404519743,0.403125,0.31093750000000003,0.42932765278141705,0.5079956405588212,0.20141666666666666,0.283111111111111,macd_bullish_cross,1,0,haussier,365,0,0,30,,,31.0,57.0,79.0,57.5,50,60,40.26,13,🟢 Surperforme BTC,False,False,,0,,,,60,2,,Volume ×0.4 (épuisement),128163879,128257333,580980590.4572881,581404223.5556631,,99.9,,,
WUSDT,W,Mid,389,0.00917,776376.191714,7.126,59.863823749802016,0.00013407889586970344,0.0089656,0.013104749999999991,0.5761120502551781,0.3977272727272727,0.3037878787878788,0.28690613719739383,0.411971440366922,0.008215833333333332,0.011823055555555554,,0,0,neutre,365,0,0,30,,,31.0,57.0,79.0,57.5,50,60,40.26,13,🟢 Surperforme BTC,False,False,,0,,,,60,2,,Volume ×0.3 (épuisement),58590592,91943509,6372455468.0,10000000000.0,10000000000.0,63.7,1530459909,$1.5B,12.24
ORCAUSDT,ORCA,Mid,330,1.177,523789.50875,5.466,62.33737009206217,0.01777078009162951,1.1421600000000003,1.120465,0.44415287415986204,0.325191905094208,0.176552686671319,0.29654412706135647,0.48719995591953763,1.03175,1.3080555555555555,macd_bullish_cross|downtrend,1,1,mixte,365,0,0,30,,,31.0,73.0,83.5,57.5,28.1,60,41.14,13,🟢 Surperforme BTC,False,False,,0,,,,60,2,,Volume ×0.3 (épuisement),71557281,88270913,60798773.518112004,74999541.855251,100000000.0,81.1,254808576,$255M,6.14
GNOUSDT,GNO,Mid,126,120.52,387022.48776,-0.896,71.9879545808108,2.339025649183051,108.454,116.796,0.520358603370083,0.2333869465842715,0.01723304880012885,0.9077221403664769,0.6800015355889248,98.98527777777778,119.95277777777775,macd_bullish_cross|doji_4h,1,0,haussier,365,0,0,30,,,31.0,57.0,100.0,47.0,50,60,40.68,13,🟢 Surperforme BTC,False,False,,0,,,,60,2,,Près du plus haut 90j (résistance),320393847,364140607,2639589.0,3000000.0,3000000.0,88.0,,,
ASTRUSDT,ASTR,Mid,483,0.00509,137029.770028,7.657,63.148342749818895,5.7625152862493013e-05,0.0049420800000000015,0.006775395000000002,0.4209143976232808,0.43374108053007143,0.35002548419979623,0.3805683144563821,0.6706846937080831,0.00466375,0.0069795,macd_bullish_cross,1,0,haussier,365,0,0,30,,,31.0,57.0,79.0,47.0,50,60,39.42,13,🟢 Surperforme BTC,False,False,,0,,,,60,2,,Volume ×0.4 (épuisement),44518813,44522772,8746401557.0,8747044140.0,10000000000.0,100.0,14790158,$15M,6.49
OSMOUSDT,OSMO,Speculative,655,0.0368,4159858.684852,19.87,59.92705467106773,0.001245420831454204,0.031742000000000006,0.03763300000000001,1.527909574178293,0.5684380032206119,0.40740740740740744,3.005280836383916,0.4029670728451438,0.02818888888888888,0.052569444444444446,downtrend,0,1,baissier,365,0,0,30,,,17.0,84.0,38.5,68.0,28.1,60,31.08,13,🟢 Surperforme BTC,False,False,,0,,,,60,0,,,29082327,36093798,785522670.482095,974904661.625344,1000000000.0,80.6,13219144,$13M,8.38
EULUSDT,EUL,Speculative,656,1.211,1274597.40159,-5.094,49.13422762031528,-0.0042181412635349975,1.2064599999999996,1.1190149999999996,2.6632526184570113,0.5154819014391627,0.4705625817706062,0.7176537147465908,0.288282715004831,0.9206666666666666,1.5482222222222226,,0,0,neutre,313,0,0,30,,,15.6,82.0,32.5,68.0,50,60,30.82,13,🟢 Surperforme BTC,False,False,,0,,,,60,1,,,29031605,32861174,24014992.63484756,27182818.28459,27182818.0,88.3,371529459,$372M,4.52
TURTLEUSDT,TURTLE,Speculative,,0.0449,987424.66521,3.218,60.950669334204086,-0.00018657151784092418,0.039116,0.0419545,0.6290271766877336,0.28,0.028138528138528046,0.25545357762996634,0.4698217669740073,0.033405555555555556,0.0448888888888889,,0,0,neutre,304,0,0,30,,,15.3,57.0,77.5,57.5,50,60,29.51,13,🟢 Surperforme BTC,False,False,,0,,,,60,5,⚠️ Surveiller,Volume ×0.3 (épuisement)|Près du plus haut 90j (résistance),,,,,,,,,
OGNUSDT,OGN,Speculative,,0.01791,932942.34098,7.374,67.86305841978077,0.0002093048270904049,0.016533199999999994,0.020034600000000003,0.5090494709705552,0.33133916244822825,0.17441325356649787,1.3103197980160364,0.4241376279274073,0.015163055555555555,0.020728055555555555,,0,0,neutre,365,0,0,30,,,17.0,66.0,83.5,57.5,50,60,32.09,13,🟢 Surperforme BTC,False,False,,0,,,,60,0,,,,,,,,,60177775,$60M,26.13
ASRUSDT,ASR,Speculative,,0.895,867591.7377,3.23,61.48650719885474,0.004634565471452542,0.86118,1.123405000000001,0.2825977968179955,0.2996575342465753,0.23287671232876705,0.41478891637707455,0.2225790213153139,0.8354444444444444,1.0829444444444445,macd_bullish_cross,1,0,haussier,365,0,0,30,,,17.0,57.0,77.5,57.5,50,60,30.65,13,🟢 Surperforme BTC,False,False,,0,,,,60,2,,Volume ×0.4 (épuisement),,,,,,,,,
DIAUSDT,DIA,Speculative,918,0.137,660773.84585,4.82,64.76090409901892,0.0010763528400750469,0.11435799999999995,0.15847400000000003,1.3858402052512795,0.44913841022790446,0.2351306281267371,1.0,0.33779294133265303,0.10123055555555555,0.15929999999999997,,0,0,neutre,365,0,0,30,,,17.0,66.0,62.5,57.5,50,60,30.83,13,🟢 Surperforme BTC,False,False,,0,,,,60,0,,,16437109,23186479,119676104.0,168817248.0,200000000.0,70.9,,,
1000CATUSDT,1000CAT,Speculative,,0.001875,653344.1030516,8.759,64.93213058536591,8.838389338276678e-06,0.0014594000000000007,0.001667650000000001,1.4421559263265453,0.3556701030927835,0.1122641509433962,0.7011957064086587,0.4173977522267356,0.001271666666666667,0.0018445,uptrend,1,0,haussier,365,0,0,30,,,17.0,66.0,62.5,57.5,50,60,30.83,13,🟢 Surperforme BTC,False,False,,0,,,,60,0,,,,,,,,,,,
YGGUSDT,YGG,Speculative,803,0.02183,544089.495717,9.259,64.9120829486121,0.0003668498804475301,0.019926400000000004,0.03252965000000002,0.6125054908430754,0.5539139450492484,0.43105235873509595,0.5587507807339321,0.6320479544558552,0.018056111111111113,0.03264916666666666,bullish_engulfing_4h,1,0,haussier,365,0,0,30,,,17.0,66.0,59.5,57.5,53.4,60,30.85,13,🟢 Surperforme BTC,False,False,,0,,,,60,2,,Volume ×0.6 (épuisement),20669353,21946944,941787279.6380658,1000000000.0,1000000000.0,94.2,,,
CITYUSDT,CITY,Speculative,,0.365,452697.53564,2.241,51.8933030708509,0.0013853917990906692,0.37593999999999994,0.49989000000000033,0.2540713033573522,0.2407809110629068,0.20390455531453366,0.5987089832994928,0.30610548738848525,0.35816666666666674,0.4437777777777778,macd_bullish_cross|support_bounce|doji_4h,2,0,haussier,365,0,0,30,,,17.0,46.0,95.5,47.0,53.5,60,29.78,13,🟢 Surperforme BTC,False,False,,0,,,,60,2,,Volume ×0.6 (épuisement),,,,,,,,,
USTCUSDT,USTC,Speculative,639,0.00533,433355.60985,5.545,59.770910416348315,5.657589390393196e-05,0.0052450000000000005,0.005463849999999999,0.4935768713479643,0.3267605633802817,0.2464788732394367,0.42445098085957744,0.4999907938133165,0.004917777777777779,0.00644722222222222,,0,0,neutre,365,0,0,30,,,17.0,57.0,83.5,47.0,50,60,30.17,13,🟢 Surperforme BTC,False,False,,0,,,,60,2,,Volume ×0.4 (épuisement),29800225,32492351,5573854609.245703,6077391747.639882,,91.7,,,
FOGOUSDT,FOGO,Speculative,557,0.00927,292652.82452,10.621,60.01778110090802,9.319493590599859e-05,0.008883600000000002,0.016168649999999996,0.5439604388427478,0.46837944664031617,0.3873517786561266,0.39563817735675694,0.35414844631812337,0.008328055555555557,0.01405361111111111,uptrend,1,0,haussier,219,0,0,30,,,13.0,57.0,79.0,47.0,50,60,27.18,13,🟢 Surperforme BTC,False,False,,0,,,,60,2,,Volume ×0.4 (épuisement),36015966,93379769,3876371240.9082503,10050371242.70746,,38.6,,,
MAGICUSDT,MAGIC,Speculative,962,0.0441,249185.53025,6.01,60.54133789003664,0.00040277533510118255,0.042024000000000006,0.05563649999999999,0.5258306974133118,0.3498349834983499,0.27062706270627057,0.4285037879715466,0.5266022502672321,0.04028888888888885,0.05514444444444445,uptrend,1,0,haussier,365,0,0,30,,,17.0,57.0,83.5,47.0,50,60,30.17,13,🟢 Surperforme BTC,False,False,,0,,,,60,2,,Volume ×0.4 (épuisement),14850076,15314092,337152151.56876665,347687042.9717532,347714007.0,97.0,,,
FTTUSDT,FTT,Speculative,,0.2195,244379.101549,6.244,64.03071828511747,0.002870049892326328,0.20877800000000005,0.27602649999999995,0.42137178638897155,0.4,0.3121495327102804,0.3451515065664443,0.39445032466027724,0.1972555555555556,0.2997972222222221,,0,0,neutre,365,0,0,30,,,17.0,57.0,79.0,47.0,50,60,29.9,13,🟢 Surperforme BTC,False,False,,0,,,,60,2,,Volume ×0.3 (épuisement),,,,,,,,,
BANDUSDT,BAND,Speculative,624,0.1716,241767.71395,6.32,60.77765513310439,0.0011602304254340282,0.16130199999999997,0.19677950000000002,0.5990287109142546,0.3349282296650717,0.17559808612440184,0.2457491625109173,0.5139712259895055,0.14746388888888887,0.1928888888888889,macd_bullish_cross|uptrend,2,0,haussier,365,0,0,30,,,17.0,57.0,83.5,47.0,50,60,30.17,13,🟢 Surperforme BTC,False,False,,0,,,,60,2,,Volume ×0.2 (épuisement),31060205,31066091,180945834.30612302,180980759.553482,,100.0,,,
AGLDUSDT,AGLD,Speculative,941,0.1675,160606.64338,4.753,61.72905262407514,0.0011166241375408672,0.15504599999999996,0.21353799999999995,0.4370069206695849,0.47319148936170213,0.285531914893617,0.19446624325094666,0.2220660657902644,0.14475555555555558,0.2211805555555556,,0,0,neutre,365,0,0,30,,,17.0,57.0,77.5,47.0,50,60,29.81,13,🟢 Surperforme BTC,False,False,,0,,,,60,2,,Volume ×0.2 (épuisement),15559367,15559367,92830001.0,92830001.0,96000000.0,100.0,,,
QKCUSDT,QKC,Speculative,949,0.002113,46880.763087,3.68,62.710631713218014,1.5075645850161794e-05,0.0019784799999999995,0.002713305000000001,0.33607005775550564,0.3684926845865941,0.2807077237155496,0.20161109921912707,0.5460245330042925,0.001903194444444445,0.0027285277777777776,,0,0,neutre,365,0,0,30,,,17.0,57.0,83.5,47.0,50,60,30.17,13,🟢 Surperforme BTC,False,False,,0,,,,60,2,,Volume ×0.2 (épuisement),15326094,21101745,7262950982.0,10000000000.0,,72.6,,,
SUIUSDT,SUI,Etabli,31,0.7771,62993711.78932,10.856,67.63276342768788,0.010081696988480118,0.7143999999999997,0.8677799999999997,0.5335616514534663,0.37516778523489935,0.25656759348034514,1.1579897489745357,0.7788960044380158,0.6706388888888889,0.879186111111111,double_bottom_90d|squeeze_breakout,2,0,haussier,365,0,0,30,,,45.0,66.0,75.5,78.5,52.0,59,52.45,12,🟢 Surperforme BTC,False,False,,0,🔥 Trending #9 sur CoinGecko,9,,59,0,,,3175751243,7794153759,4074529886.4415293,10000000000.0,10000000000.0,40.7,,,
TRXUSDT,TRX,Etabli,8,0.3389,50299097.30126,1.619,67.81173192576819,0.0005996457725768675,0.32928,0.32028200000000007,0.12298693223559887,0.16054313099041526,0.0979765708200213,0.30043737030170886,0.5116244071722117,0.31880833333333336,0.3473583333333334,resistance_test|uptrend,1,1,mixte,365,0,0,30,,,45.0,64.0,100.0,78.5,35.0,59,52.66,12,🟢 Surperforme BTC,False,False,,0,,,,59,2,,Volume ×0.3 (épuisement),32152332531,32152756078,94911376357.14629,94912594053.77899,,100.0,,,
WLFIUSDT,WLFI,Etabli,45,0.0604,8637605.50377,1.684,65.27903366990672,0.0007626061983842583,0.05666,0.075887,0.35116932916362753,0.18312101910828021,0.036624203821656,0.8554170093669702,0.07205817402700106,0.05361388888888888,0.061774999999999976,,0,0,neutre,355,0,0,30,,,44.7,57.0,94.0,78.5,50,59,52.17,12,🟢 Surperforme BTC,False,False,,0,,,,59,2,,Près du plus haut 90j (résistance),1923660469,6053716397,31776521114.0,100000000000.0,100000000000.0,31.8,,,
GPSUSDT,GPS,Mid,334,0.01207,3416868.119683,2.288,53.716964925567034,0.00020623632712806145,0.010046799999999998,0.008966099999999998,2.314872951234906,0.369047619047619,0.3468614718614718,1.4232022037160565,-0.03876127334335322,0.007025555555555555,0.011428055555555558,downtrend,0,1,baissier,365,0,0,30,,,31.0,91.0,41.5,68.0,28.1,59,41.62,12,🟢 Surperforme BTC,False,False,,0,,,,59,0,,,70360976,120536622,5837311111.239091,10000000000.0,10000000000.0,58.4,29520132,$30M,5.22
GASUSDT,GAS,Mid,322,1.139,3387286.4016,14.934,75.30260876527363,0.02418209713959705,0.9997400000000001,1.3879949999999999,0.5439217073519779,0.4091790562378797,0.26438267614738203,7.237335590762945,0.7008900416090812,0.9319166666666671,1.3659166666666664,,0,0,neutre,365,0,0,30,,,31.0,66.0,75.5,68.0,50,59,41.97,12,🟢 Surperforme BTC,False,False,,3,⚡ Volume ×7.2 vs médiane,,7.24,59,2,,RSI 75 (surachat),74055961,74055961,65093580.54427269,65093580.54427269,,100.0,,,
FFUSDT,FF,Mid,163,0.06653,1866029.141747,2.543,56.44590800577525,0.00012193346681820287,0.06309479999999999,0.07342969999999997,0.4841474364522784,0.4708817126269957,0.3954100145137881,0.4353018532609458,0.1538570179917892,0.05983305555555556,0.09586250000000002,,0,0,neutre,327,0,0,30,,,30.0,57.0,73.0,68.0,50,59,40.03,12,🟢 Surperforme BTC,False,False,,0,,,,59,2,,Volume ×0.4 (épuisement),203935961,665370182,3065000000.0,10000000000.0,10000000000.0,30.6,1173717694,$1.2B,0.04
DUSKUSDT,DUSK,Mid,487,0.0736,942933.8014,6.512,61.3338390307107,0.001605693170957653,0.06789000000000002,0.09958500000000005,0.8772740093213067,0.5848640705363704,0.4577516531961792,0.5784293079376964,0.5410826606482254,0.060791666666666654,0.11367777777777777,,0,0,neutre,365,0,0,30,,,31.0,66.0,59.5,57.5,50,59,40.17,12,🟢 Surperforme BTC,False,False,,0,,,,59,2,,Volume ×0.6 (épuisement),44234496,44235439,599759223.8394216,599768318.1950786,1000000000.0,100.0,,,
DGBUSDT,DGB,Mid,304,0.00417,238736.021534,3.474,61.00128559564213,-1.4753499456412046e-05,0.0034569999999999996,0.0036806999999999994,0.8506612186490494,0.36187845303867405,0.028037383177570166,0.2148569830969454,0.1543934618395949,0.002412777777777778,0.004099722222222222,morning_star_4h,1,0,haussier,365,0,0,30,,,31.0,57.0,71.5,47.0,50,59,38.97,12,🟢 Surperforme BTC,False,False,,0,,,,59,5,⚠️ Surveiller,Volume ×0.2 (épuisement)|Près du plus haut 90j (résistance),76834824,76839108,18435365208.068344,18436408853.22312,21000000000.0,100.0,,,
MSTRBUSDT,MSTRB,Speculative,,120.34,10992015.45351,11.199,71.05572778049174,2.294571385930245,97.83839999999998,,0.7930480342910415,0.21082267608322203,0.0,1.6738780837525702,,88.24791666666665,106.68166666666666,breakout_30d|macd_bullish_cross|uptrend,3,0,haussier,60,0,0,30,,,8.6,63.0,79.5,78.5,50,59,27.49,12,🟢 Surperforme BTC,False,False,,0,,,,59,2,,Près du plus haut 90j (résistance),,,,,,,,,
BNSOLUSDT,BNSOL,Speculative,,101.7,2554419.3986,5.062,80.55651249183943,1.853752087755156,86.32000000000002,90.14550000000004,0.4894307886116183,0.2700421940928269,0.0,3.5124333684615037,0.8456689557307175,74.83333333333331,93.04444444444444,breakout_30d,1,0,haussier,365,0,0,30,,,17.0,66.0,80.0,68.0,50,59,32.72,12,🟢 Surperforme BTC,False,False,,2,⚡ Volume ×3.5 vs médiane,,3.51,59,6,⚠️ Surveiller,RSI 81 (surachat extrême)|Près du plus haut 90j (résistance),,,,,,,,,
SXTUSDT,SXT,Speculative,555,0.0078,1009479.847935,4.0,59.179922922940555,6.743019326565791e-05,0.0073348000000000016,0.013270899999999985,0.6429173956952768,0.48917401764234164,0.37129109863672816,0.28228562330648077,0.30320698825842574,0.0066747222222222225,0.010965833333333334,macd_bullish_cross|double_bottom_90d,2,0,haussier,365,0,0,30,,,17.0,57.0,68.5,68.0,52.0,59,31.07,12,🟢 Surperforme BTC,False,False,,0,,,,59,2,,Volume ×0.3 (épuisement),36325790,39128217,4641891768.4065,5000000000.0,5000000000.0,92.8,,,
XAIUSDT,XAI,Speculative,938,0.00747,613259.018935,3.463,59.90715085781436,0.00011358168448836277,0.006811999999999998,0.009014999999999997,0.8642642593986221,0.41071428571428575,0.257936507936508,0.3538155459330554,0.3917703469704891,0.006301388888888888,0.009354166666666667,,0,0,neutre,365,0,0,30,,,17.0,57.0,73.0,57.5,50,59,30.38,12,🟢 Surperforme BTC,False,False,,0,,,,59,2,,Volume ×0.4 (épuisement),15660601,16534472,2098380438.927474,2215471385.278025,2500000000.0,94.7,,,
CELRUSDT,CELR,Speculative,909,0.002117,315196.5040598,3.319,64.44098462501387,1.7280695234118956e-05,0.00179788,0.0023330049999999982,0.6943171704238946,0.45370711914422723,0.21800073773515308,0.315613110590617,0.4168152878040813,0.0016237777777777778,0.0024364722222222223,,0,0,neutre,365,0,0,30,,,17.0,57.0,73.0,47.0,50,59,29.54,12,🟢 Surperforme BTC,False,False,,0,,,,59,2,,Volume ×0.3 (épuisement),16686692,21102563,7907424106.9911995,10000000000.0,10000000000.0,79.1,14312370,$14M,9.92
ACHUSDT,ACH,Speculative,,0.00466,291623.25237,5.192,61.8056939705389,5.0875226902913196e-05,0.004360399999999999,0.006009799999999999,0.757402724186512,0.37116564417177905,0.28220858895705514,0.183264298893794,0.472821761011898,0.004160833333333332,0.006020277777777778,macd_bullish_cross,1,0,haussier,365,0,0,30,,,17.0,57.0,73.0,47.0,50,59,29.54,12,🟢 Surperforme BTC,False,False,,0,,,,59,2,,Volume ×0.2 (épuisement),,,,,,,,,
CGPTUSDT,CGPT,Speculative,815,0.02166,219036.081176,4.285,60.96672311243498,9.788796872105049e-05,0.0192958,0.021841599999999985,0.9426344290735569,0.30196850393700786,0.14763779527559054,0.2539442376512563,0.40198868017130585,0.018091388888888893,0.02358555555555555,uptrend,1,0,haussier,365,0,0,30,,,17.0,57.0,73.0,47.0,50,59,29.54,12,🟢 Surperforme BTC,False,False,,0,,,,59,2,,Volume ×0.3 (épuisement),20218939,21625570,932866915.0,997766421.0,1000000000.0,93.5,,,
TUSDT,T,Speculative,507,0.00371,180656.217203,8.163,58.81890281784086,3.843487829953413e-05,0.0036525999999999998,0.005231099999999999,0.5493243212171677,0.4000000000000001,0.3111111111111111,0.2676282232128241,0.26381248964248233,0.0033122222222222225,0.004876111111111111,macd_bullish_cross,1,0,haussier,365,0,0,30,,,17.0,57.0,73.0,47.0,50,59,29.54,12,🟢 Surperforme BTC,False,False,,0,,,,59,2,,Volume ×0.3 (épuisement),41419676,41419676,11155000000.0,11155000000.0,,100.0,342635659,$343M,17.06
KERNELUSDT,KERNEL,Speculative,,0.0365,167699.33013,7.353,60.33134590559972,0.0004677084702471554,0.035468000000000006,0.06098649999999997,0.5553279130661818,0.512461059190031,0.42834890965732075,0.3076520416483372,0.5332603354689643,0.03239166666666668,0.058550000000000005,support_bounce,1,0,haussier,365,0,0,30,,,17.0,57.0,70.0,47.0,53.5,59,29.57,12,🟢 Surperforme BTC,False,False,,0,,,,59,2,,Volume ×0.3 (épuisement),,,,,,,1071527477,$1.1B,23.69
LQTYUSDT,LQTY,Speculative,809,0.2067,116180.87378,5.621,61.525763721972034,0.0008426446812364627,0.18279400000000007,0.24887850000000009,0.7585156817802496,0.45486111111111105,0.2784722222222221,0.21004012199764874,0.47607315695003555,0.16776388888888885,0.2434722222222222,uptrend,1,0,haussier,365,0,0,30,,,17.0,57.0,73.0,47.0,50,59,29.54,12,🟢 Surperforme BTC,False,False,,0,,,,59,2,,Volume ×0.2 (épuisement),20480342,20736847,98763043.59576525,100000000.0,100000000.0,98.8,173534098,$174M,24.04
RENDERUSDT,RENDER,Etabli,85,1.449,5881436.19576,5.844,63.61259621601312,0.02557252783858254,1.4259800000000005,1.6395,0.4640407605957845,0.45220427760803145,0.36839807944129194,0.5482536891109157,0.5493314848338801,1.298111111111111,1.9939722222222218,support_bounce|downtrend,1,1,mixte,365,0,0,30,,,45.0,66.0,79.0,78.5,31.7,58,51.44,11,🟢 Surperforme BTC,False,False,,0,,,,58,2,,Volume ×0.5 (épuisement),752746998,774164257,518772101.28269154,533532274.5626915,644245094.0,97.2,,,
ORDIUSDT,ORDI,Mid,274,4.355,10218236.96686,17.133,73.56139023048374,0.09035767665915827,3.5239,3.3890100000000016,0.8955657953763337,0.279617365710081,0.0,0.5767017090511197,0.3444853287736062,3.084694444444444,3.910833333333333,macd_bullish_cross|resistance_test,1,1,mixte,365,0,0,30,,,31.0,73.0,77.5,78.5,35.0,58,42.87,11,🟢 Surperforme BTC,False,False,,0,,,,58,6,⚠️ Surveiller,RSI 74 (surachat)|Volume ×0.6 (épuisement)|Près du plus haut 90j (résistance),91761789,91761789,21000000.0,21000000.0,,100.0,,,
SPKUSDT,SPK,Mid,400,0.017642,5402399.74594,21.059,68.52688696944755,0.0003476961576091652,0.016171539999999998,0.022059614999999998,0.776603676056928,0.5195153801508996,0.3547228670922809,3.463914801350833,0.5400204423657612,0.014597777777777777,0.023016527777777778,downtrend,0,1,baissier,365,0,0,30,,,31.0,75.0,59.5,78.5,28.1,58,41.62,11,🟢 Surperforme BTC,False,False,,0,,,,58,0,,,55430222,177613242,3120838353.9100046,10000000000.0,10000000000.0,31.2,4743464802,$4.7B,30.33
SEIUSDT,SEI,Mid,130,0.04522,3312230.770833,9.306,62.57908517756939,0.0007069882680526514,0.044343199999999985,0.057319250000000016,0.5104497922367657,0.4629835791817422,0.3698858892290564,0.528372986083887,0.5520876307618756,0.0405625,0.06215305555555555,support_bounce|downtrend,1,1,mixte,365,0,0,30,,,31.0,66.0,79.0,68.0,31.7,58,41.08,11,🟢 Surperforme BTC,False,False,,0,,,,58,2,,Volume ×0.5 (épuisement),303740060,451099098,6733333333.0,10000000000.0,,67.3,,,
TURBOUSDT,TURBO,Mid,343,0.000986,2896834.729749,17.943,71.98429276234423,1.7440311779198517e-05,0.0008266199999999998,0.00099252,0.7635589363699807,0.3228699551569507,0.11390134529147995,1.8944852230148834,0.6163524466301002,0.0007765555555555556,0.0010278888888888887,breakout_30d|macd_bullish_cross|resistance_test,2,1,haussier,365,0,0,30,,,31.0,75.0,73.0,68.0,35.0,58,42.0,11,🟢 Surperforme BTC,False,False,,0,,,,58,0,,,68432478,68432478,69000000000.0,69000000000.0,69000000000.0,100.0,,,
KAVAUSDT,KAVA,Mid,470,0.04279,2153660.861692,4.519,58.207794985725194,0.0003614769831138359,0.0432064,0.05182885000000003,0.2581970912803532,0.3286549707602339,0.2843776106934002,0.7348431939841545,0.5057889268451115,0.04054583333333333,0.053595277777777776,double_bottom_90d,1,0,haussier,365,0,0,30,,,31.0,46.0,83.5,68.0,52.0,58,40.17,11,🟢 Surperforme BTC,False,False,,0,,,,58,0,,,46330006,46330006,1082846942.0,1082846942.0,,100.0,,,
SSVUSDT,SSV,Mid,499,2.967,1600551.631112,31.808,83.56017113226555,0.0668476514777411,2.1268399999999996,2.491379999999999,0.9110307602195968,0.25321239606953894,0.0,4.446520220367212,0.45569302325413813,1.9822777777777771,2.4659999999999997,breakout_30d|macd_bullish_cross|uptrend,3,0,haussier,365,0,0,30,,,31.0,66.0,77.5,68.0,50,58,42.09,11,🟢 Surperforme BTC,False,False,,2,⚡ Volume ×4.5 vs médiane,,4.45,58,6,⚠️ Surveiller,RSI 84 (surachat extrême)|Près du plus haut 90j (résistance),42551573,42551573,14699173.1,14699173.1,,100.0,11896507534,$11.9B,25.66
ALTUSDT,ALT,Mid,480,0.00652,1098071.31728,6.536,66.25530919432288,7.645929766560535e-05,0.006130999999999998,0.006926999999999999,0.4849308775286603,0.26370757180156656,0.1475195822454308,0.5009778468106059,0.3313882530846955,0.0056458333333333326,0.007092777777777778,double_bottom_90d,1,0,haussier,365,0,0,30,,,31.0,57.0,83.5,68.0,52.0,58,41.49,11,🟢 Surperforme BTC,False,False,,0,,,,58,2,,Volume ×0.5 (épuisement),44920990,65239127,6885590274.0,10000000000.0,10000000000.0,68.9,,,
TRBUSDT,TRB,Mid,496,15.26,936546.66585,8.845,70.8412646769458,0.23988809312430187,14.485000000000003,15.59524999999999,0.4416795348256839,0.30027100271002705,0.16476964769647692,0.5018337050246312,0.5397118783338772,12.976944444444445,16.755000000000003,macd_bullish_cross|double_bottom_90d,2,0,haussier,365,0,0,30,,,31.0,57.0,83.5,57.5,52.0,58,40.65,11,🟢 Surperforme BTC,False,False,,0,,,,58,2,,Volume ×0.5 (épuisement),43009752,44272785,2803571.117754035,2885901.379699182,,97.1,,,
KMNOUSDT,KMNO,Mid,239,0.02121,652003.57442,6.103,72.78617787280139,0.000347641390838023,0.0186082,0.020586000000000007,0.5791151362141397,0.3027431421446384,0.0,0.5922503598954354,0.39914049024472165,0.016153611111111108,0.020601944444444444,macd_bullish_cross|uptrend,2,0,haussier,365,0,0,30,,,31.0,57.0,88.0,57.5,50,58,40.8,11,🟢 Surperforme BTC,False,False,,0,,,,58,6,⚠️ Surveiller,RSI 73 (surachat)|Volume ×0.6 (épuisement)|Près du plus haut 90j (résistance),113782622,212922206,5343835938.25,9999957107.184383,10000000000.0,53.4,1157172490,$1.2B,10.51
AUSDT,A,Mid,232,0.0707,568883.8666,7.774,67.6153627875513,0.001007636326149803,0.06704,0.07602699999999996,0.5055626430226118,0.24748743718592967,0.10929648241206029,0.18533407227520554,0.5445028930533635,0.06053888888888887,0.07728611111111108,macd_bullish_cross|double_bottom_90d|bullish_engulfing_4h,3,0,haussier,365,0,0,30,,,31.0,48.0,95.5,57.5,55.4,58,40.49,11,🟢 Surperforme BTC,False,False,,0,,,,58,2,,Volume ×0.2 (épuisement),117785852,148839783,1661856010.4536,2100000000.0,2100000000.0,79.1,,,
GMXUSDT,GMX,Mid,318,7.09,373910.31119,3.353,66.6763443791824,0.05064557775643187,6.358800000000001,6.400299999999998,0.5246739797284522,0.23775216138328534,0.0,0.36037682013838557,0.5154894995613902,5.44138888888889,6.854166666666668,double_bottom_90d|uptrend,2,0,haussier,365,0,0,30,,,31.0,48.0,100.0,47.0,52.0,58,39.72,11,🟢 Surperforme BTC,False,False,,0,,,,58,4,⚠️ Surveiller,Volume ×0.4 (épuisement)|Près du plus haut 90j (résistance),74326418,74326596,10452784.68481715,10452809.5019438,13250000.0,100.0,201512077,$202M,11.05
GIGGLEUSDT,GIGGLE,Speculative,546,37.12,5305559.49184,11.875,57.853618678785594,-0.07587821436218456,30.597600000000003,30.030750000000015,2.119818844369978,0.36526075212964887,0.2268855183877,0.5501063081781724,0.1882872226174933,24.901388888888885,36.98444444444445,golden_cross|double_bottom_90d|downtrend,2,1,haussier,301,0,0,30,,,15.2,82.0,46.0,78.5,32.5,58,31.2,11,🟢 Surperforme BTC,False,False,,0,,,,58,3,,Volume ×0.6 (épuisement),37174215,37174215,1000000.0,1000000.0,1000000.0,100.0,,,
BROCCOLI714USDT,BROCCOLI714,Speculative,,0.01834,1278869.72987,6.876,65.11758906414104,7.171833865085662e-05,0.014004800000000005,0.013941999999999996,1.238291172556543,0.25813008130081305,0.0890547263681592,0.41771850586637055,0.34553782282605966,0.011541666666666667,0.016560277777777774,macd_bullish_cross|golden_cross|uptrend,3,0,haussier,365,0,0,30,,,17.0,64.0,67.0,68.0,52.5,58,31.85,11,🟢 Surperforme BTC,False,False,,0,,,,58,2,,Volume ×0.4 (épuisement),,,,,,,,,
AVNTUSDT,AVNT,Speculative,599,0.0956,1232545.35685,3.8,53.55812070595652,0.0001545855883421307,0.09160600000000002,0.132964,0.922178275748079,0.48343079922027293,0.3768680961663418,0.412100337874638,0.3967003740740016,0.08445277777777777,0.13302222222222224,,0,0,neutre,341,0,0,30,,,16.3,57.0,68.5,68.0,50,58,30.5,11,🟢 Surperforme BTC,False,False,,0,,,,58,2,,Volume ×0.4 (épuisement),32589374,95780421,340250892.7129934,1000000000.0,1000000000.0,34.0,18458903,$18M,-8.93
CATIUSDT,CATI,Speculative,595,0.04849,1073545.19075,0.685,61.91812612153037,0.0005631070787395671,0.041928599999999996,0.04786754999999999,0.7848606861957833,0.4806299212598425,0.23448818897637796,0.17093185792299243,0.21810166601830547,0.037018888888888886,0.06119527777777779,,0,0,neutre,365,0,0,30,,,17.0,57.0,67.0,68.0,50,58,30.86,11,🟢 Surperforme BTC,False,False,,0,,,,58,2,,Volume ×0.2 (épuisement),32738246,48521673,674713880.73,1000000000.0,1000000000.0,67.5,,,
HOODBUSDT,HOODB,Speculative,,98.2,917434.08617,0.092,50.29755641240625,0.7445444130015744,,,0.5984640080082695,0.25637479471000085,0.14919180568761337,0.7477168631407796,,87.93933333333332,105.97133333333335,,0,0,neutre,38,0,0,30,,,8.0,54.0,73.5,57.5,50,58,23.96,11,🟢 Surperforme BTC,False,False,,0,,,,58,0,,,,,,,,,,,
HYPERUSDT,HYPER,Speculative,765,0.0656,888141.33909,0.768,54.11117433464357,0.000654521632655502,0.06558799999999998,0.08703050000000002,0.8167291647682401,0.44179104477611947,0.34527363184079607,0.4688770080959338,0.47049455242250593,0.060655555555555574,0.08925277777777778,uptrend,1,0,haussier,365,0,0,30,,,17.0,57.0,68.5,57.5,50,58,30.11,11,🟢 Surperforme BTC,False,False,,0,,,,58,2,,Volume ×0.5 (épuisement),22243901,53103557,338174017.0,807333335.0000001,1000000000.0,41.9,87121701,$87M,-7.68
RONINUSDT,RONIN,Speculative,,0.0549,605209.24818,9.8,59.503987062985374,0.0006832330099192574,0.05256799999999999,0.07943000000000003,0.6662629011769112,0.4788888888888889,0.3877777777777777,0.41248360835365266,0.5630672918403522,0.04856666666666667,0.07746111111111113,,0,0,neutre,365,0,0,30,,,17.0,57.0,68.5,57.5,50,58,30.11,11,🟢 Surperforme BTC,False,False,,0,,,,58,2,,Volume ×0.4 (épuisement),,,,,,,,,
IOTXUSDT,IOTX,Speculative,696,0.002798,511986.767993,6.388,61.14662372550554,3.538071107271123e-05,0.0024705600000000006,0.004031539999999997,1.0903037869636267,0.5351473922902493,0.364172335600907,0.6496693946472925,0.4047460265934193,0.002238888888888889,0.003973611111111112,uptrend,1,0,haussier,365,0,0,30,,,17.0,66.0,49.0,57.5,50,58,30.02,11,🟢 Surperforme BTC,False,False,,0,,,,58,0,,,26506711,26506711,9441368550.0,9441368555.0,10000000000.0,100.0,,,
REZUSDT,REZ,Speculative,710,0.002931,442027.7632128,6.273,61.7758457051485,2.0746438211447836e-05,0.00264318,0.003466375000000001,0.6612433069546714,0.4757303370786517,0.3395505617977528,0.3356427755539603,0.5447002600277618,0.002463861111111111,0.003866361111111111,,0,0,neutre,365,0,0,30,,,17.0,57.0,68.5,47.0,50,58,29.27,11,🟢 Surperforme BTC,False,False,,0,,,,58,2,,Volume ×0.3 (épuisement),25530751,28797641,8701228216.146433,9814629224.12962,10000000000.0,88.7,110778107,$111M,23.59
VELODROMEUSDT,VELODROME,Speculative,,0.02018,399769.072752,6.942,67.30896526763917,0.00039463281560930206,0.0189314,0.016641250000000003,0.6205450887548689,0.33938660209846655,0.18200161420500405,0.2470175005096053,0.523609106356306,0.01420361111111111,0.022400555555555562,,0,0,neutre,365,0,0,30,,,17.0,64.0,73.0,47.0,50,58,30.38,11,🟢 Surperforme BTC,False,False,,0,,,,58,2,,Volume ×0.2 (épuisement),,,,,,,,,
MEUSDT,ME,Speculative,519,0.06597,365817.3623682,9.113,57.446522412222244,0.00034859387915245446,0.06281179999999999,0.09240955,0.7225290923297998,0.427005076142132,0.3267005076142132,0.29299585760006736,0.4930801695632765,0.058352777777777774,0.08195027777777776,,0,0,neutre,365,0,0,30,,,17.0,57.0,68.5,47.0,50,58,29.27,11,🟢 Surperforme BTC,False,False,,0,,,,58,2,,Volume ×0.3 (épuisement),40506889,66206243,611823154.454556,999990719.515421,1000000000.0,61.2,,,
CTSIUSDT,CTSI,Speculative,719,0.02639,356732.27207,3.612,58.33273541156927,6.378137623515344e-05,0.0235862,0.02671235000000001,1.605320345604703,0.30154466084620557,0.13389941214892237,0.5684293768806683,0.3387052738922614,0.021413611111111112,0.028512500000000003,,0,0,neutre,365,0,0,30,,,17.0,66.0,52.0,47.0,50,58,29.36,11,🟢 Surperforme BTC,False,False,,0,,,,58,2,,Volume ×0.6 (épuisement),24696698,26451775,933649931.7900137,1000000000.0,1000000000.0,93.4,,,
SLPUSDT,SLP,Speculative,780,0.000595,305560.419911,5.684,65.55221643301584,6.133394788168495e-06,0.0005365399999999998,0.0005901250000000002,0.5899700801948103,0.298136645962733,0.07298136645962741,0.5999932691421354,0.47232524376663687,0.00047455555555555554,0.0006110833333333333,macd_bullish_cross,1,0,haussier,365,0,0,30,,,17.0,57.0,88.0,47.0,50,58,30.44,11,🟢 Surperforme BTC,False,False,,0,,,,58,2,,Volume ×0.6 (épuisement),21602270,21602261,36233673788.0,36233659090.0,,100.0,3192202,$3M,11.83
VTHOUSDT,VTHO,Speculative,552,0.000361,246857.650487,9.726,62.859536018904116,4.8082985212424075e-06,0.00034908000000000004,0.00048901,0.4936881520697889,0.45035460992907805,0.35992907801418444,0.9372501798096249,0.6354116550897102,0.0003251111111111111,0.00047177777777777767,macd_bullish_cross|support_bounce|squeeze_breakout|downtrend,3,1,haussier,365,0,0,30,,,17.0,66.0,79.0,47.0,31.7,58,29.88,11,🟢 Surperforme BTC,False,False,,0,,,,58,0,,,36969963,36976287,102381519198.0,102398445273.0,,100.0,,,
ARKUSDT,ARK,Speculative,826,0.0999,166318.0198,8.705,60.64701982689536,0.001377723441693261,0.09927999999999998,0.146823,0.479866526022565,0.4614420062695925,0.3730407523510972,0.9847803143920457,0.6462724233037183,0.09119722222222224,0.14456944444444444,support_bounce|downtrend,1,1,mixte,365,0,0,30,,,17.0,66.0,79.0,47.0,31.7,58,29.88,11,🟢 Surperforme BTC,False,False,,0,,,,58,0,,,19833637,19833795,198634410.0,198636280.0,,100.0,,,
WAXPUSDT,WAXP,Speculative,850,0.00405,164104.38164,6.299,58.189650550271,3.315611130315192e-05,0.003906799999999999,0.0056083,0.7732571949129079,0.43929712460063897,0.35143769968051114,0.43216947085272095,0.4818483568072238,0.003682777777777778,0.005581944444444444,macd_bullish_cross,1,0,haussier,365,0,0,30,,,17.0,57.0,68.5,47.0,50,58,29.27,11,🟢 Surperforme BTC,False,False,,0,,,,58,2,,Volume ×0.4 (épuisement),18922555,18922555,4665352144.79472,4665352144.79472,,100.0,,,
MSFTBUSDT,MSFTB,Speculative,,480.57,153000.835,-0.637,57.446348701283156,-5.443225135139482,435.12299999999993,,0.40507668565770694,0.051824212271973466,0.051824212271973466,0.11030390148248884,,380.50619047619045,500.5995238095238,,0,0,neutre,53,0,0,30,,,8.5,45.0,90.0,47.0,50,58,23.31,11,🟢 Surperforme BTC,False,False,,0,,,,58,3,,Volume ×0.1 (épuisement),,,,,,,,,
IBMBUSDT,IBMB,Speculative,,234.28,102682.15819,-1.018,55.91804297081619,-1.703396475979348,,,0.2956580069315679,0.04922735264180618,0.019969020806296353,0.07290467899703744,,208.24000000000004,238.48000000000005,,0,0,neutre,38,0,0,30,,,8.0,45.0,90.0,47.0,50,58,23.03,11,🟢 Surperforme BTC,False,False,,0,,,,58,5,⚠️ Surveiller,Volume ×0.1 (épuisement)|Près du plus haut 90j (résistance),,,,,,,,,
BTCUSDT,BTC,Etabli,1,76383.73,2983954654.68614,9.807,84.28274843798727,1243.0447495885387,64582.73719999999,69003.38960000001,0.3971715053811797,0.24181083756099972,0.012286540404213361,0.822743694470355,0.9999999999999998,60665.12472222223,71608.8013888889,macd_bullish_cross,1,0,haussier,365,0,0,30,,,45.0,48.0,86.0,78.5,50,57,50.8,10,🟢 Surperforme BTC,False,False,,7,🔥 Trending #1 sur CoinGecko,1,,57,6,⚠️ Surveiller,RSI 84 (surachat extrême)|Près du plus haut 90j (résistance),1537103411739,1537103411739,20071518.0,20071518.0,21000000.0,100.0,,,
HBARUSDT,HBAR,Etabli,29,0.07521,14123786.23758,5.766,69.9543888504801,0.0009735421402363465,0.069111,0.08438164999999997,0.3316245624160346,0.34835198064711226,0.24251587541578482,0.6242822258301073,0.5883534507730925,0.06629444444444445,0.08791500000000002,macd_bullish_cross|doji_4h,1,0,haussier,365,0,0,30,,,45.0,57.0,83.5,78.5,50,57,51.73,10,🟢 Surperforme BTC,False,False,,0,,,,57,0,,,3305930378,3771177101,43831545025.00925,50000000000.0,50000000000.0,87.7,,,
NEIROUSDT,NEIRO,Mid,493,0.00010421,19846801.79755607,48.532,81.74900003608545,3.165441229997293e-06,6.450859999999999e-05,7.21796e-05,1.3439375199003416,0.38733745470049036,0.0,4.140355281804802,0.5613969574284459,5.911388888888889e-05,8.1395e-05,breakout_30d|macd_bullish_cross|double_bottom_90d,3,0,haussier,365,0,0,30,,,31.0,66.0,67.0,78.5,52.0,57,42.42,10,🟢 Surperforme BTC,False,False,,2,⚡ Volume ×4.1 vs médiane,,4.14,57,6,⚠️ Surveiller,RSI 82 (surachat extrême)|Près du plus haut 90j (résistance),43600389,43600389,420690000000.0,420690000000.0,420690000000.0,100.0,,,
STXUSDT,STX,Mid,133,0.1576,2745174.57139,18.496,67.96639423052498,0.0041363745703351384,0.14807400000000004,0.21030249999999998,0.9330167446619032,0.5157384987893463,0.3619854721549637,2.189396478011896,0.7112621714408449,0.12748888888888887,0.2194222222222222,support_bounce|downtrend,1,1,mixte,365,0,0,30,,,31.0,75.0,51.5,68.0,31.7,57,40.51,10,🟢 Surperforme BTC,False,False,,0,,,,57,0,,,294146813,294148664,1860126922.295389,1860126922.295389,,100.0,,,
ARUSDT,AR,Mid,209,2.099,2491984.54428,12.547,71.28291714675149,0.035924864551833316,1.8714600000000001,1.936755000000001,0.5107974633337172,0.3213438735177865,0.17154150197628448,0.8467512266917725,0.39377311529989895,1.7544444444444443,2.2119999999999993,uptrend,1,0,haussier,365,0,0,30,,,31.0,57.0,83.5,68.0,50,57,41.37,10,🟢 Surperforme BTC,False,False,,0,,,,57,0,,,137522688,137522688,65652466.0,65652466.0,66000000.0,100.0,,,
BANANAS31USDT,BANANAS31,Mid,273,0.009206,851147.696496,3.648,60.167759593028734,6.027773493318182e-05,0.00781846,0.008874479999999994,1.3542478800685906,0.4266858448261274,0.2204924274473305,0.2734242548245107,0.16330672698199616,0.006959722222222224,0.01115297222222222,double_bottom_90d,1,0,haussier,365,0,0,30,,,31.0,57.0,56.5,57.5,52.0,57,39.03,10,🟢 Surperforme BTC,False,False,,0,,,,57,2,,Volume ×0.3 (épuisement),91995829,91995829,10000000000.0,10000000000.0,10000000000.0,100.0,,,
SUSHIUSDT,SUSHI,Mid,413,0.1863,651498.33208,7.131,73.10939641550863,0.0027187283450294027,0.162814,0.19110349999999993,0.5673355974736798,0.3601216333622937,0.1859252823631624,0.6636243346746429,0.4425662245007276,0.15135833333333334,0.19893055555555555,macd_bullish_cross|uptrend,2,0,haussier,365,0,0,30,,,31.0,57.0,83.5,57.5,50,57,40.53,10,🟢 Surperforme BTC,False,False,,0,,,,57,2,,RSI 73 (surachat),53669127,54560949,286749821.97119504,291514753.9009228,,98.4,38113073,$38M,15.85
FLOWUSDT,FLOW,Mid,436,0.03011,488219.1351867,4.949,56.2805579630172,-0.0001630770472773556,0.027667599999999994,0.0337217,0.846549836837026,0.3100057836899942,0.12550607287449392,0.6593253442693249,0.32935448210316925,0.025481111111111114,0.032240000000000005,macd_bearish_cross|uptrend,1,1,mixte,365,0,0,30,,,31.0,66.0,73.0,47.0,31.6,57,39.04,10,🟢 Surperforme BTC,False,False,,0,,,,57,3,,MACD cross baissier,50933278,50933278,1683842153.2628143,1683842153.262814,,100.0,4191706,$4M,-1.6
AXLUSDT,AXL,Mid,446,0.0407,354010.991867,7.672,64.73131288848023,0.0006875406635581639,0.039172,0.05038599999999997,0.5325770670133864,0.4047619047619047,0.3061224489795918,0.7502377939238535,0.5875530431327566,0.03614444444444445,0.05206111111111112,downtrend,0,1,baissier,365,0,0,30,,,31.0,66.0,79.0,47.0,28.1,57,39.19,10,🟢 Surperforme BTC,False,False,,0,,,,57,0,,,49852518,50959028,1224395763.1688652,1251572016.214313,,97.8,140665137,$141M,7.01
HEIUSDT,HEI,Speculative,,0.1364,4892959.01308,7.317,50.817586778837786,-0.003253000722744155,0.12088400000000002,0.09546549999999998,3.64294609462994,0.5561083471531233,0.4903129657228018,0.12499860037476626,-0.032020920072466354,0.07216111111111112,0.18097500000000002,uptrend,1,0,haussier,365,0,0,30,,,17.0,73.0,32.5,68.0,50,57,30.71,10,🟢 Surperforme BTC,False,False,,0,,,,57,3,,Volume ×0.1 (épuisement),,,,,,,,,
MRVLBUSDT,MRVLB,Speculative,,254.3,1748229.09707,5.663,64.69845598885364,2.453545752395529,,,1.1366983400838682,0.23734177215189875,0.0,0.737063986712577,,179.108,234.72466666666665,,0,0,neutre,38,0,0,30,,,8.0,54.0,69.0,68.0,50,57,24.53,10,🟢 Surperforme BTC,False,False,,0,,,,57,2,,Près du plus haut 90j (résistance),,,,,,,,,
ATUSDT,AT,Speculative,580,0.1462,1237073.85335,-2.142,48.87633404329576,-0.0008903603503620534,0.14628,0.14852349999999992,0.7746914274124032,0.17008985879332475,0.1189613526570048,1.616474330771548,0.03171262800547596,0.12060277777777778,0.1597027777777778,macd_bearish_cross,0,1,baissier,268,0,0,30,,,14.3,64.0,79.0,68.0,31.6,57,29.51,10,🟢 Surperforme BTC,False,False,,0,,,,57,3,,MACD cross baissier,33621548,146180643,230000000.0,1000000000.0,1000000000.0,23.0,,,
SAGAUSDT,SAGA,Speculative,,0.01445,836932.645214,6.406,56.22471322541759,3.40436105334715e-05,0.0132508,0.02134225000000001,1.1658841611459443,0.48828291435875587,0.38304218150830854,0.19910488072649032,0.31864858288902115,0.012257499999999998,0.017905,macd_bullish_cross|double_bottom_90d|uptrend,3,0,haussier,365,0,0,30,,,17.0,57.0,58.0,57.5,52.0,57,29.6,10,🟢 Surperforme BTC,False,False,,0,,,,57,2,,Volume ×0.2 (épuisement),,,,,,,,,
STOUSDT,STO,Speculative,,0.0419,740245.00781,5.013,59.26454983770227,0.0005583371967119964,0.040969999999999986,0.07004950000000003,0.7225650610683823,0.4944598337950139,0.4196675900277008,0.24051256618018685,0.24466997104212485,0.03776944444444443,0.060858333333333334,,0,0,neutre,365,0,0,30,,,17.0,57.0,62.5,57.5,50,57,29.75,10,🟢 Surperforme BTC,False,False,,0,,,,57,2,,Volume ×0.2 (épuisement),,,,,,,20315554,$20M,23.49
RPLUSDT,RPL,Speculative,549,1.625,493925.79989,6.767,62.078726836612375,0.02807669802349108,1.63608,1.7205699999999995,0.5888752359846491,0.3846153846153846,0.25972850678733034,0.7573226386322537,0.3057905154866485,1.3158333333333332,1.886388888888889,macd_bullish_cross,1,0,haussier,365,0,0,30,,,17.0,46.0,83.5,47.0,50,57,28.85,10,🟢 Surperforme BTC,False,False,,0,,,,57,0,,,37098303,37098303,22704416.62794435,22704416.62794435,,100.0,1241189979,$1.2B,25.04
BELUSDT,BEL,Speculative,,0.1152,468434.61871,5.495,61.35379731515631,0.0011880424424710904,0.10432999999999998,0.10421000000000001,0.5884824071445616,0.5190133607399794,0.40698869475847893,0.24546934410792773,0.22250736780098757,0.08681111111111112,0.14003055555555555,rsi_bearish_divergence|golden_cross|uptrend,2,1,haussier,365,0,0,30,,,17.0,73.0,64.0,47.0,27.6,57,29.58,10,🟢 Surperforme BTC,False,False,,0,,,,57,4,⚠️ Surveiller,Volume ×0.2 (épuisement)|Divergence RSI baissière,,,,,,,,,
C98USDT,C98,Speculative,935,0.01573,311161.00145,7.08,64.38234655783998,0.00014152278372474075,0.013311799999999995,0.01990295,1.0725335037342847,0.45097087378640777,0.23640776699029123,0.3331069579675462,0.47378498009230696,0.012067222222222222,0.018198055555555558,uptrend,1,0,haussier,365,0,0,30,,,17.0,57.0,62.5,47.0,50,57,28.91,10,🟢 Surperforme BTC,False,False,,0,,,,57,2,,Volume ×0.3 (épuisement),15738154,15738172,999998884.0,1000000000.0,1000000000.0,100.0,,,
GNSUSDT,GNS,Speculative,,0.535,189700.69726,2.885,55.9646408290159,0.003997065904820313,0.55162,0.6397349999999998,0.37120966445344833,0.2402496099843994,0.16536661466458655,1.2490574217883919,0.3853553355485836,0.4786944444444445,0.6215833333333332,squeeze_breakout|downtrend,1,1,mixte,365,0,0,30,,,17.0,55.0,95.5,47.0,28.1,57,29.34,10,🟢 Surperforme BTC,False,False,,0,,,,57,0,,,,,,,,,10450406,$10M,2.27
ADXUSDT,ADX,Speculative,,0.066,181965.6323,3.611,63.619548645081835,0.0004723768319802083,0.05862999999999999,0.067351,0.5876893567172816,0.2130898021308979,0.009036144578313303,0.13305514841957214,0.40737008798555546,0.0538861111111111,0.06524444444444444,double_top_90d|uptrend|doji_4h,1,1,mixte,365,0,0,30,,,17.0,57.0,100.0,47.0,25.2,57,29.67,10,🟢 Surperforme BTC,False,False,,0,,,,57,6,⚠️ Surveiller,Volume ×0.1 (épuisement)|Près du plus haut 90j (résistance)|Double sommet,,,,,,,,,
QCOMBUSDT,QCOMB,Speculative,,162.28,180021.02399,-0.619,46.87984186768326,0.7761487956739148,,,0.5812594467608277,0.22917102784174176,0.15061754239062172,0.1496125418542628,,151.90666666666672,185.8077777777778,,0,0,neutre,46,0,0,30,,,8.3,45.0,85.5,47.0,50,57,22.91,10,🟢 Surperforme BTC,False,False,,0,,,,57,2,,Volume ×0.1 (épuisement),,,,,,,,,
AVAXUSDT,AVAX,Etabli,30,7.483,34603791.91907,10.109,73.1562771785872,0.11336489757785512,6.575579999999998,8.197229999999998,0.6081305576427346,0.366702470461869,0.1972073039742213,0.7776629880551098,0.6593416808003674,6.192555555555555,8.278611111111111,macd_bullish_cross|uptrend,2,0,haussier,365,0,0,30,,,45.0,57.0,73.0,78.5,50,56,51.1,9,🟢 Surperforme BTC,False,False,,0,,,,56,2,,RSI 73 (surachat),3230663038,3467621896,431771961.1772119,463441061.1772119,720000000.0,93.2,127062829,$127M,8.3
SHIBUSDT,SHIB,Etabli,32,5.18e-06,8863401.55319331,7.917,67.06805115765212,4.7558169138581035e-08,4.519999999999999e-06,5.416650000000001e-06,0.856951560160629,0.2634408602150538,0.06989247311827951,0.853951226811603,0.6006285784880191,4.167777777777778e-06,5.351666666666667e-06,macd_bullish_cross|uptrend,2,0,haussier,365,0,0,30,,,45.0,57.0,77.5,78.5,50,56,51.37,9,🟢 Surperforme BTC,False,False,,0,,,,56,0,,,3065180602,5201835045,589239453153236.2,589496281071334.6,,100.0,,,
APTUSDT,APT,Etabli,100,0.596,7636351.93009,6.81,56.786139851878865,0.004245867302879288,0.5921199999999999,0.821365,0.5188292287865577,0.46604938271604934,0.3868312757201646,0.689195182885964,0.7251891892411326,0.5535833333333333,0.8440833333333333,macd_bullish_cross|downtrend,1,1,mixte,365,0,0,30,,,45.0,66.0,71.0,78.5,28.1,56,50.75,9,🟢 Surperforme BTC,False,False,,0,,,,56,0,,,513169775,722415369,857753474.7317698,1207503496.47587,2100000000.0,71.0,,,
SKYUSDT,SKY,Etabli,54,0.06458,2770906.6591,7.365,72.2585127290798,0.0013621476762150186,0.05745019999999999,0.06657300000000001,0.5133711427011386,0.2954382954382955,0.07450307450307458,1.2611034101684822,0.5464508129297401,0.052082500000000004,0.0662847222222222,breakout_30d|macd_bullish_cross|downtrend,2,1,haussier,339,0,0,30,,,44.3,66.0,88.0,68.0,28.1,56,50.44,9,🟢 Surperforme BTC,False,False,,0,,,,56,2,,RSI 72 (surachat),1516039824,1518468147,23425143818.421715,23462665147.36596,23462665147.3,99.8,5726634375,$5.7B,2.42
ATOMUSDT,ATOM,Etabli,79,1.551,2707160.9028,5.153,63.12523128634019,0.018833543407208896,1.45122,1.7762599999999993,0.6046038847499056,0.44815148782687103,0.3002705139765554,0.6669933765114981,0.5550569340527917,1.3340000000000003,2.013166666666667,downtrend,0,1,baissier,365,0,0,30,,,45.0,66.0,68.5,68.0,28.1,56,49.76,9,🟢 Surperforme BTC,False,False,,0,,,,56,0,,,821401632,821424221,526206683.507751,526215240.46996,,100.0,,,
OPUSDT,OP,Mid,154,0.0988,4357216.172479,10.391,62.57447814133704,0.001601088723612961,0.09356400000000001,0.1184265000000001,0.7120277178840592,0.36700077101002315,0.23747108712413265,0.7417655058888265,0.5251550884632218,0.08576944444444443,0.11859166666666668,downtrend,0,1,baissier,365,0,0,30,,,31.0,66.0,73.0,68.0,28.1,56,40.51,9,🟢 Surperforme BTC,False,False,,0,,,,56,0,,,226698496,425552808,2287994831.0,4294967296.0,4294967296.0,53.3,560745962,$561M,7.87
ZENUSDT,ZEN,Mid,286,4.63,2871253.89347,10.238,67.95233312595553,0.05697417251492143,4.1213999999999995,5.2503899999999994,0.5973226534549129,0.3878923766816143,0.25656630365150535,0.6453843387198258,0.7283709192637252,3.9317222222222217,5.453388888888888,macd_bullish_cross,1,0,haussier,365,0,0,30,,,31.0,57.0,75.5,68.0,50,56,40.89,9,🟢 Surperforme BTC,False,False,,0,,,,56,0,,,85554354,98425103,18253894.30053491,21000000.0,21000000.0,86.9,,,
FORMUSDT,FORM,Mid,261,0.2553,2806629.21535,20.254,69.6138189067754,0.003601877834609083,0.20675800000000003,0.2341865,0.877807799996808,0.3789222373806275,0.12687585266030016,0.7910189016236145,0.4077964836252689,0.19293333333333332,0.2561333333333333,macd_bullish_cross|uptrend,2,0,haussier,365,0,0,30,,,31.0,57.0,73.0,68.0,50,56,40.74,9,🟢 Surperforme BTC,False,False,,0,,,,56,0,,,98350173,147396752,381867255.14,572301922.1,580000000.0,66.7,,,
LUNCUSDT,LUNC,Mid,132,5.455e-05,2582757.36017804,8.148,61.73179051724715,8.890898534144293e-07,5.41716e-05,5.55093e-05,0.5578244438643759,0.47238922289022495,0.39133823201959483,0.4833713518284809,0.5654008885215621,4.8779722222222214e-05,7.884277777777779e-05,death_cross,0,1,baissier,365,0,0,30,,,31.0,57.0,79.0,68.0,32.7,56,40.06,9,🟢 Surperforme BTC,False,False,,0,,,,56,2,,Volume ×0.5 (épuisement),301834765,352879814,5518562485495.785,6451838655622.103,,85.5,,,
RSRUSDT,RSR,Mid,278,0.001437,1433339.6143578,14.776,69.92831434406563,2.3063329800582378e-05,0.0012310200000000002,0.001499295000000001,0.6395433315943104,0.36466389054134446,0.14515169541939327,1.9243674699322093,0.6961979224519306,0.001149861111111111,0.0015574999999999999,breakout_30d|macd_bullish_cross|downtrend,2,1,haussier,365,0,0,30,,,31.0,75.0,73.0,68.0,28.1,56,41.59,9,🟢 Surperforme BTC,False,False,,0,,,,56,0,,,89817476,143585801,62553174091.0,100000000000.0,100000000000.0,62.6,36562733,$37M,4.7
SANDUSDT,SAND,Mid,211,0.04547,1307982.0624,11.419,62.18130548019543,0.0007920621601599021,0.044544,0.06639125000000003,0.6097858009317937,0.46579167830215024,0.36260820999720744,0.9671550656750232,0.6557341228154684,0.04035805555555556,0.06415333333333331,support_bounce|downtrend,1,1,mixte,365,0,0,30,,,31.0,66.0,68.5,68.0,31.7,56,40.45,9,🟢 Surperforme BTC,False,False,,0,,,,56,0,,,134053317,136899005,2937639702.3733225,3000000000.0,3000000000.0,97.9,,,
MINAUSDT,MINA,Mid,373,0.0488,690065.2373,10.909,71.5623614550834,0.0010699036643249608,0.043237999999999985,0.05288,0.6041825679272516,0.32859680284191833,0.1296625222024867,0.6446403034340612,0.649572928285067,0.03894444444444445,0.05302500000000001,macd_bullish_cross,1,0,haussier,365,0,0,30,,,31.0,57.0,73.0,57.5,50,56,39.9,9,🟢 Surperforme BTC,False,False,,0,,,,56,0,,,63231302,63231302,1293631019.840039,1293631019.840039,,100.0,,,
SPYBUSDT,SPYB,Speculative,746,764.35,3853607.60825,-0.749,49.47773566907828,-1.6525451995482552,,,0.13902833595226283,0.03088956123082614,0.018226423818943075,0.874341767840645,,739.5727777777777,776.2816666666666,macd_bearish_cross,0,1,baissier,46,0,0,30,,,8.3,54.0,90.0,68.0,31.6,56,24.84,9,🟢 Surperforme BTC,False,False,,0,,,,56,5,⚠️ Surveiller,Près du plus haut 90j (résistance)|MACD cross baissier,23045490,23045490,30167.65940084,30167.65940084,,100.0,,,
NILUSDT,NIL,Speculative,761,0.04427,2757181.08329,3.121,56.980926631261795,0.00023125361186999462,0.03710100000000001,0.04396104999999997,1.5822562380128922,0.6720385836960358,0.4771203387836725,0.8783288906391592,0.3247913342151827,0.03252166666666666,0.061479166666666675,,0,0,neutre,365,0,0,30,,,17.0,66.0,38.5,68.0,50,56,30.23,9,🟢 Surperforme BTC,False,False,,0,,,,56,0,,,22341718,45170279,499634396.987688,1010156185.432901,,49.5,,,
SCRTUSDT,SCRT,Speculative,,0.0195,2184675.62449,-10.959,28.777314527861662,-0.0007208807299737253,0.036306000000000005,0.07116149999999999,1.723157629104535,0.7609756097560976,0.7609756097560976,5.99779698054008,0.11393060877196345,0.02876666666666667,0.07355833333333334,rsi_bullish_divergence|macd_bearish_cross,1,1,mixte,365,0,0,30,,,17.0,46.0,22.0,68.0,37.4,56,26.09,9,🟢 Surperforme BTC,False,False,,3,⚡ Volume ×6.0 vs médiane,,6.0,56,3,,MACD cross baissier,,,,,,,,,
LAUSDT,LA,Speculative,,0.0594,1057597.79574,6.643,58.461479344131135,0.0015245240384780202,0.05551799999999999,0.1326425000000001,1.5450579263866469,0.6168776371308017,0.4953586497890295,0.6446830490138922,0.3441958279790174,0.0490388888888889,0.09982777777777777,,0,0,neutre,365,0,0,30,,,17.0,66.0,38.5,68.0,50,56,30.23,9,🟢 Surperforme BTC,False,False,,0,,,,56,0,,,,,,,,,,,
PIXELUSDT,PIXEL,Speculative,,0.00534,842564.657469,6.375,70.21412391891849,0.00011396457521603065,0.0046061999999999995,0.006293550000000002,0.7703714031484413,0.45804676753782675,0.2475928473177442,0.5430248013813667,0.5156953946960552,0.004223055555555554,0.006460833333333334,uptrend,1,0,haussier,365,0,0,30,,,17.0,57.0,73.0,57.5,50,56,30.38,9,🟢 Surperforme BTC,False,False,,0,,,,56,2,,Volume ×0.5 (épuisement),,,,,,,,,
ENSOUSDT,ENSO,Speculative,899,0.831,781837.96625,-0.24,49.068239806465925,-0.013830650501677312,0.8037800000000003,0.9451700000000003,1.0603221896638095,0.28680203045685276,0.1732673267326733,0.22375641914810337,0.246780083664519,0.5898888888888888,0.9273888888888888,uptrend,1,0,haussier,312,0,0,30,,,15.5,57.0,56.5,57.5,50,56,28.4,9,🟢 Surperforme BTC,False,False,,0,,,,56,3,,Volume ×0.2 (épuisement),17155036,83317318,20590000.0,100000000.0,127339703.0,20.6,,,
RAREUSDT,RARE,Speculative,,0.01255,611815.906876,3.548,52.55747867651727,3.2237017638355786e-05,0.0124122,0.01510405000000001,0.7369514967679777,0.3012121212121212,0.23818181818181824,0.6503024423282938,0.44983673699694826,0.011769444444444449,0.015242222222222225,macd_bullish_cross|double_top_90d|bullish_engulfing_4h,2,1,haussier,365,0,0,30,,,17.0,66.0,73.0,57.5,28.5,56,30.17,9,🟢 Surperforme BTC,False,False,,0,,,,56,2,,Double sommet,,,,,,,,,
SAPIENUSDT,SAPIEN,Speculative,923,0.0787,518623.09955,2.075,50.61391777464227,-0.0001061870404395921,0.078222,0.08431149999999997,0.5442807660826257,0.36143497757847537,0.2923766816143498,0.5111567081810273,0.2947448303050241,0.07329722222222225,0.09648611111111112,double_top_90d,0,1,baissier,289,0,0,30,,,14.9,66.0,77.5,57.5,25.2,56,28.82,9,🟢 Surperforme BTC,False,False,,0,,,,56,5,⚠️ Surveiller,Volume ×0.5 (épuisement)|Double sommet,16309326,78773372,207041099.43012023,1000000000.0,1000000000.0,20.7,,,
SOLVUSDT,SOLV,Speculative,,0.00256,500951.68894,6.224,58.3098065796726,3.5936412398247295e-05,0.0025207999999999997,0.0036694500000000003,0.6703378127943398,0.4711538461538461,0.38221153846153844,0.5460793420355939,0.49037110579219695,0.0023244444444444454,0.0037841666666666666,macd_bullish_cross|downtrend,1,1,mixte,365,0,0,30,,,17.0,66.0,68.5,57.5,28.1,56,29.88,9,🟢 Surperforme BTC,False,False,,0,,,,56,2,,Volume ×0.5 (épuisement),,,,,,,488139619,$488M,18.53
TSMBUSDT,TSMB,Speculative,,421.39,499259.56604,1.396,50.8064242392641,-1.436355896571703,,,0.5016185921169192,0.1174337845791642,0.02492658450297137,0.9953955296014143,,392.934,429.156,macd_bearish_cross,0,1,baissier,38,0,0,30,,,8.0,54.0,90.0,47.0,31.6,56,23.01,9,🟢 Surperforme BTC,False,False,,0,,,,56,5,⚠️ Surveiller,Près du plus haut 90j (résistance)|MACD cross baissier,,,,,,,,,
XVGUSDT,XVG,Speculative,543,0.002276,442316.085878,7.257,63.547360754055276,2.3701235339911555e-05,0.0020968,0.003617189999999998,0.6097623153442523,0.43239182692307687,0.3088942307692307,0.6471588164394008,0.5687410494262003,0.0019786111111111115,0.003034805555555556,downtrend,0,1,baissier,365,0,0,30,,,17.0,66.0,68.5,47.0,28.1,56,29.04,9,🟢 Surperforme BTC,False,False,,0,,,,56,0,,,37901786,37977601,16521951234.841335,16555000000.0,,99.8,,,
CYBERUSDT,CYBER,Speculative,822,0.328,436514.6132,8.251,59.9289408363703,0.003884025047529823,0.32445999999999997,0.45209999999999967,0.49428880820104687,0.39112050739957716,0.3065539112050739,0.7213735728772303,0.6493505423468677,0.2991388888888888,0.4285277777777777,macd_bullish_cross|double_top_90d,1,1,mixte,365,0,0,30,,,17.0,66.0,79.0,47.0,25.2,56,29.49,9,🟢 Surperforme BTC,False,False,,0,,,,56,2,,Double sommet,20003533,32752550,61074734.21333333,100000000.0,100000000.0,61.1,,,
RADUSDT,RAD,Speculative,,0.235,364079.2385,1.732,56.40773474653378,0.00011222658258575654,0.2180400000000001,0.23428500000000024,1.062905639391236,0.3175675675675675,0.20270270270270271,0.3469169670861849,0.2307726688727748,0.20527777777777784,0.26355555555555554,uptrend,1,0,haussier,365,0,0,30,,,17.0,57.0,56.5,47.0,50,56,28.55,9,🟢 Surperforme BTC,False,False,,0,,,,56,2,,Volume ×0.3 (épuisement),,,,,,,,,
JOEUSDT,JOE,Speculative,,0.0306,170140.153916,6.62,64.75395459705138,0.0004029024104128448,0.027244,0.036525499999999995,0.811964349962101,0.4502369668246446,0.2725118483412322,0.571678961933017,0.5789531056679058,0.02518333333333333,0.03715833333333333,rsi_bearish_divergence,0,1,baissier,365,0,0,30,,,17.0,66.0,73.0,47.0,25.2,56,29.13,9,🟢 Surperforme BTC,False,False,,0,,,,56,4,⚠️ Surveiller,Volume ×0.6 (épuisement)|Divergence RSI baissière,,,,,,,9392381,$9M,7.97
PUMPUSDT,PUMP,Etabli,53,0.003914,41116374.112346,20.877,80.63977997092505,9.775855014962083e-05,0.0021463600000000004,0.0018888149999999994,1.3089103380039038,0.34514721919302066,0.0,0.6455720939078996,0.3817151166630847,0.0013758055555555557,0.002791750000000001,uptrend,1,0,haussier,345,0,0,30,,,44.5,64.0,67.0,78.5,50,55,51.21,8,🟢 Surperforme BTC,False,False,,4,🔥 Trending #4 sur CoinGecko,4,,55,6,⚠️ Surveiller,RSI 81 (surachat extrême)|Près du plus haut 90j (résistance),1526731415,3279393253,390473626402.6302,838735430073.8528,1000000000000.0,46.6,301373412,$301M,18.52
GRAMUSDT,GRAM,Etabli,23,1.478,12036233.17247,8.997,61.50704822999227,0.02055938902081545,1.4741999999999995,,0.40246387348818186,0.25955056179775277,0.17022471910112355,0.3930036748313788,,1.3265500000000001,1.7009999999999998,,0,0,neutre,51,0,0,30,,,36.4,45.0,73.5,78.5,50,55,43.84,8,🟢 Surperforme BTC,False,False,,0,,,,55,2,,Volume ×0.4 (épuisement),4088259118,7749229180,2761840279.8381,5235005160.309087,,52.8,,,
ICPUSDT,ICP,Etabli,58,2.444,6489448.08447,6.353,67.19807439018632,0.02663698777243517,2.1903200000000003,2.407754999999999,0.4847915898010577,0.3482603092783505,0.21327319587628862,0.38521505568607795,0.34769162114881774,2.084777777777778,2.6950833333333333,,0,0,neutre,365,0,0,30,,,45.0,48.0,83.5,78.5,50,55,50.65,8,🟢 Surperforme BTC,False,False,,0,,,,55,2,,Volume ×0.4 (épuisement),1364279261,1364279261,555992323.095179,555992323.095179,,100.0,,,
CAKEUSDT,CAKE,Etabli,98,1.691,3187599.11086,5.688,83.01381370076628,0.025930391161744372,1.4329999999999998,1.4118449999999996,0.3883726290304834,0.22414943295530357,0.0,0.564075107487511,0.6300801381352032,1.285527777777778,1.4963611111111108,golden_cross,1,0,haussier,365,0,0,30,,,45.0,64.0,100.0,68.0,52.5,55,52.87,8,🟢 Surperforme BTC,False,False,,0,,,,55,8,🔴 Sortie,RSI 83 (surachat extrême)|Volume ×0.6 (épuisement)|Près du plus haut 90j (résistance),544756024,565588421,321206649.69733906,333490138.4454298,400000000.0,96.3,1909573717,$1.9B,11.3
ROSEUSDT,ROSE,Mid,453,0.00612,1298447.562355,10.469,66.61030212294168,7.536748012241596e-05,0.005560600000000002,0.00910460000000001,0.607503835581485,0.4775510204081632,0.37448979591836734,0.6627194832655697,0.635405264183718,0.005266944444444444,0.008406944444444443,macd_bullish_cross,1,0,haussier,365,0,0,30,,,31.0,57.0,68.5,68.0,50,55,40.47,8,🟢 Surperforme BTC,False,False,,0,,,,55,0,,,48601209,61287659,7930015462.0,10000000000.0,10000000000.0,79.3,,,
TWTUSDT,TWT,Mid,181,0.4177,780516.378,3.905,64.72561827353971,0.0010980207138224264,0.36603200000000014,0.43141549999999973,0.5209077731948025,0.2794598126769767,0.0879982574602483,0.36152975790904807,0.48176556461407377,0.3377666666666667,0.4392250000000001,rsi_bearish_divergence|uptrend,1,1,mixte,365,0,0,30,,,31.0,57.0,88.0,57.5,25.2,55,39.31,8,🟢 Surperforme BTC,False,False,,0,,,,55,4,⚠️ Surveiller,Volume ×0.4 (épuisement)|Divergence RSI baissière,173778630,417085496,416649900.0,1000000000.0,,41.7,,,
LINEAUSDT,LINEA,Mid,391,0.002378,591950.042742,7.407,59.98293916004808,2.835793312083145e-05,0.00233236,0.0029737200000000013,0.49934789847238376,0.3440251572327044,0.24968553459119497,0.32126923733133467,0.5967884884277643,0.0021745833333333326,0.002909,macd_bullish_cross|downtrend,1,1,mixte,346,0,0,30,,,30.5,57.0,83.5,57.5,28.1,55,38.86,8,🟢 Surperforme BTC,False,False,,0,,,,55,2,,Volume ×0.3 (épuisement),58408897,170493682,24527101521.37352,71593816498.0,72009990000.0,34.3,,,
MANAUSDT,MANA,Mid,206,0.0721,470582.1778,8.912,67.2139373083044,0.0007970628306256854,0.068142,0.08245900000000005,0.4419186301372732,0.283410138248848,0.1670506912442396,0.3981293149378974,0.49476362207531355,0.06361111111111112,0.08115000000000001,macd_bullish_cross,1,0,haussier,365,0,0,30,,,31.0,48.0,83.5,47.0,50,55,38.61,8,🟢 Surperforme BTC,False,False,,0,,,,55,2,,Volume ×0.4 (épuisement),141496129,158460958,1958377569.0307715,2193179327.320146,,89.3,,,
LPTUSDT,LPT,Mid,350,1.344,455239.55774,7.779,58.45814313723857,0.02344980581968524,1.3873199999999999,1.9351450000000006,0.6589229268847371,0.4893893460372456,0.41403204850584674,0.648508239141951,0.5825943428521898,1.2305277777777777,2.0338611111111113,,0,0,neutre,365,0,0,30,,,31.0,46.0,68.5,47.0,50,55,37.47,8,🟢 Surperforme BTC,False,False,,0,,,,55,0,,,67176346,67176346,49688954.55,49688954.55,,100.0,,,
REQUSDT,REQ,Mid,494,0.0545,210474.1759,4.607,59.48476709818265,0.00040581095967992157,0.052596000000000004,0.06336600000000002,1.0974360532566465,0.42061611374407587,0.3542654028436019,0.328729593676322,0.29227404915658745,0.05030833333333333,0.06781944444444445,,0,0,neutre,365,0,0,30,,,31.0,57.0,52.0,47.0,50,55,37.8,8,🟢 Surperforme BTC,False,False,,0,,,,55,2,,Volume ×0.3 (épuisement),43440677,54494316,796694831.4790833,999416740.9347086,1000000000.0,79.7,,,
ZRXUSDT,ZRX,Mid,312,0.088,197623.7314,11.252,67.21795081483324,0.0011216135921898586,0.08280599999999999,0.09793999999999996,0.5131816248035822,0.2892483349191246,0.15889628924833485,0.38456162178210884,0.6032610250555537,0.07697222222222223,0.09864166666666668,macd_bullish_cross,1,0,haussier,365,0,0,30,,,31.0,48.0,83.5,47.0,50,55,38.61,8,🟢 Surperforme BTC,False,False,,0,,,,55,2,,Volume ×0.4 (épuisement),75028365,88435489,848396562.906836,1000000000.0,1000000000.0,84.8,,,
HEMIUSDT,HEMI,Speculative,,0.01121,14282999.230302,24.417,82.36637313539401,0.0005519962052133408,0.0052467999999999985,0.00699505,1.9105020174093115,0.4223433242506812,0.0,3.7334084790518394,0.3893696846865291,0.004377777777777777,0.0074669444444444445,breakout_30d|uptrend,2,0,haussier,333,0,0,30,,,16.1,66.0,56.5,78.5,50,55,31.55,8,🟢 Surperforme BTC,False,False,,2,⚡ Volume ×3.7 vs médiane,,3.73,55,6,⚠️ Surveiller,RSI 82 (surachat extrême)|Près du plus haut 90j (résistance),,,,,,,41807647,$42M,25.89
BBUSDT,BB,Speculative,,0.00977,3176375.977105,11.149,26.55736281928648,-0.00012781845303490823,0.015743599999999996,0.0240224,0.951262496795604,0.6800664451827243,0.6740863787375415,2.9531394586868447,0.37803716852285746,0.012226666666666667,0.02615833333333333,downtrend|bullish_engulfing_4h,1,1,mixte,365,0,0,30,,,17.0,46.0,55.0,68.0,31.5,55,27.71,8,🟢 Surperforme BTC,False,False,,0,,,,55,1,,,,,,,,,,,
TSLABUSDT,TSLAB,Speculative,963,349.66,1666915.0142,-0.504,56.801165936875,3.7439560213664578,353.36460000000005,,0.532515800135089,0.2988137072238862,0.1755383127756421,0.18608990280822804,,312.6867857142857,412.04928571428565,,0,0,neutre,72,0,0,30,,,9.0,45.0,73.5,68.0,50,55,24.35,8,🟢 Surperforme BTC,False,False,,0,,,,55,2,,Volume ×0.2 (épuisement),14821967,14825997,42449.26719854,42460.81018834,,100.0,,,
DODOUSDT,DODO,Speculative,804,0.02071,1111160.155776,2.83,49.63657959996393,-0.00018221095770767025,0.0199556,0.017395,1.946692323741206,0.3564280215550424,0.23068350668647847,0.2741939480177869,0.004823454502170953,0.015395277777777779,0.023993611111111108,macd_bearish_cross|uptrend,1,1,mixte,365,0,0,30,,,17.0,73.0,46.0,68.0,31.6,55,30.42,8,🟢 Surperforme BTC,False,False,,0,,,,55,5,⚠️ Surveiller,Volume ×0.3 (épuisement)|MACD cross baissier,20554851,20554851,1000000000.0,1000000000.0,1000000000.0,100.0,12447490,$12M,5.46
AIXBTUSDT,AIXBT,Speculative,812,0.02032,945367.252473,8.258,62.302006394901916,0.0002629155738004618,0.018368399999999997,0.02348329999999998,0.8121115132624243,0.4618122977346279,0.33851132686084145,0.6761115519618135,0.5170869728852222,0.017260000000000005,0.02691472222222223,rsi_bearish_divergence,0,1,baissier,365,0,0,30,,,17.0,66.0,68.5,57.5,25.2,55,29.7,8,🟢 Surperforme BTC,False,False,,0,,,,55,2,,Divergence RSI baissière,20355981,20355981,1000000000.0,1000000000.0,1000000000.0,100.0,,,
LISTAUSDT,LISTA,Speculative,605,0.0754,879932.13829,8.489,74.33025293175575,0.0014160354439258513,0.052930000000000005,0.07217299999999999,1.1342578396503775,0.41820580474934044,0.0065963060686015885,0.6062137789074513,0.46825611341993445,0.046302777777777776,0.06919444444444443,macd_bullish_cross|uptrend,2,0,haussier,365,0,0,30,,,17.0,57.0,67.0,57.5,50,55,30.02,8,🟢 Surperforme BTC,False,False,,0,,,,55,4,⚠️ Surveiller,RSI 74 (surachat)|Près du plus haut 90j (résistance),32206653,59906166,427723001.0560259,795588564.255041,1000000000.0,53.8,804705833,$805M,11.86
ZKCUSDT,ZKC,Speculative,,0.0408,485478.03234,6.527,58.25624138626172,0.0005010490661150341,0.040778,0.06416799999999999,0.5269753204351986,0.46412884333821375,0.4011713030746706,0.4453155675417892,0.5987386057756979,0.03745555555555555,0.061080555555555555,support_bounce|downtrend,1,1,mixte,341,0,0,30,,,16.3,57.0,79.0,47.0,31.7,55,28.35,8,🟢 Surperforme BTC,False,False,,0,,,,55,2,,Volume ×0.4 (épuisement),,,,,,,,,
JUVUSDT,JUV,Speculative,,0.322,445550.2475,3.871,60.00277764450508,0.002103460588351835,0.31652,0.4477349999999996,0.3093786260257394,0.2914691943127962,0.23459715639810422,0.24488046591506962,0.5438276126746378,0.30419444444444443,0.3954166666666667,macd_bullish_cross|downtrend,1,1,mixte,365,0,0,30,,,17.0,57.0,83.5,47.0,28.1,55,28.86,8,🟢 Surperforme BTC,False,False,,0,,,,55,2,,Volume ×0.2 (épuisement),,,,,,,,,
GUSDT,G,Speculative,645,0.0041,424522.19078,0.49,70.89409264018107,4.72128949595713e-05,0.003511,0.0035516999999999983,0.4258058320722494,0.2535612535612536,0.0024271844660195287,0.44694858244988167,0.2192478754994134,0.002715277777777777,0.0038713888888888895,,0,0,neutre,365,0,0,30,,,17.0,48.0,82.0,47.0,50,55,29.0,8,🟢 Surperforme BTC,False,False,,0,,,,55,4,⚠️ Surveiller,Volume ×0.4 (épuisement)|Près du plus haut 90j (résistance),29699662,49275643,7232700000.0,12000000000.0,12000000000.0,60.3,25019398,$25M,14.31
NOTUSDT,NOT,Speculative,502,0.000425,397068.015301,6.516,69.53132586764698,6.8518703043265925e-06,0.00037143999999999995,0.00040347999999999974,0.5731154117831228,0.3271604938271605,0.12345679012345678,0.3838373445311928,0.410664371865683,0.0003448055555555555,0.0004614722222222222,,0,0,neutre,365,0,0,30,,,17.0,48.0,83.5,47.0,50,55,29.09,8,🟢 Surperforme BTC,False,False,,0,,,,55,2,,Volume ×0.4 (épuisement),42340254,43627672,99429405866.9074,102452755868.5205,102456956842.91,97.0,,,
BARUSDT,BAR,Speculative,,0.279,312849.33925,4.494,62.313835033827324,0.0020685540484673345,0.27212,0.39884999999999965,0.24312145238246094,0.32105263157894737,0.26578947368421046,0.1849924926293687,0.47130176379640176,0.2620555555555555,0.34619444444444447,macd_bullish_cross|downtrend,1,1,mixte,365,0,0,30,,,17.0,57.0,83.5,47.0,28.1,55,28.86,8,🟢 Surperforme BTC,False,False,,0,,,,55,2,,Volume ×0.2 (épuisement),,,,,,,,,
GTCUSDT,GTC,Speculative,,0.08691,260389.006051,2.913,61.54696946879232,-0.00014020770795726903,0.07562959999999999,0.08614740000000007,0.6077695116322106,0.35294117647058815,0.14519607843137247,0.16693064324103044,0.49722910266700454,0.06715888888888889,0.09277416666666669,macd_bearish_cross|uptrend|bullish_engulfing_4h,2,1,haussier,365,0,0,30,,,17.0,57.0,73.0,47.0,35.0,55,28.64,8,🟢 Surperforme BTC,False,False,,0,,,,55,5,⚠️ Surveiller,Volume ×0.2 (épuisement)|MACD cross baissier,,,,,,,,,
BANANAUSDT,BANANA,Speculative,920,4.063,242832.939357,3.358,64.91519174880824,0.027523141446355107,3.5441599999999998,3.7122550000000003,0.5628440255014006,0.3221229637414608,0.0,0.20342075189258127,0.5504022795929099,2.7703611111111104,3.8809722222222223,rsi_bearish_divergence|uptrend,1,1,mixte,365,0,0,30,,,17.0,57.0,88.0,47.0,25.2,55,28.95,8,🟢 Surperforme BTC,False,False,,0,,,,55,6,⚠️ Surveiller,Volume ×0.2 (épuisement)|Près du plus haut 90j (résistance)|Divergence RSI baissière,16372587,34253701,4016415.7328564273,8402893.465936832,10000000.0,47.8,,,
LAYERUSDT,LAYER,Speculative,,0.0679,238634.596368,7.098,68.44767963092394,0.0010154206333818701,0.06327999999999998,0.07781200000000002,0.45510944572712897,0.34572072072072074,0.2342342342342342,0.30660754108536964,0.5151813991683943,0.05999444444444443,0.08251944444444444,,0,0,neutre,365,0,0,30,,,17.0,48.0,83.5,47.0,50,55,29.09,8,🟢 Surperforme BTC,False,False,,0,,,,55,2,,Volume ×0.3 (épuisement),,,,,,,9908965,$10M,8.98
ARPAUSDT,ARPA,Speculative,930,0.00918,235725.799831,4.2,67.69889502350549,5.6015599485618426e-05,0.0086216,0.0094304,0.2857950517562171,0.29487179487179477,0.15750915750915745,0.22006495834677234,0.4121184331279563,0.007972777777777777,0.010222777777777779,uptrend,1,0,haussier,365,0,0,30,,,17.0,48.0,83.5,47.0,50,55,29.09,8,🟢 Surperforme BTC,False,False,,0,,,,55,2,,Volume ×0.2 (épuisement),16005689,18366850,1742888888.987738,1999999999.987738,2000000000.0,87.1,,,
LTCUSDT,LTC,Etabli,27,49.3,22207128.463,5.409,71.11686553025143,0.4296399349365675,45.4286,50.73319999999998,0.3407152741962323,0.22441243366186497,0.06595905989385893,0.5915461830897957,0.7727061511289238,42.181666666666665,50.04944444444445,macd_bullish_cross|downtrend,1,1,mixte,365,0,0,30,,,45.0,57.0,92.0,78.5,28.1,54,50.93,7,≈ Neutre vs BTC,False,False,,0,,,,54,2,,Volume ×0.6 (épuisement),3840495250,3840664627,77517910.42116009,77517910.42116009,84000000.0,100.0,,,
FETUSDT,FET,Mid,122,0.1499,14934228.66176,15.664,60.01919121675796,0.0024954549270302427,0.14890600000000004,0.18791649999999993,0.7291998440160767,0.5648280802292264,0.45988538681948427,0.5802096359892227,0.525546194194106,0.13286944444444443,0.23565277777777782,macd_bullish_cross|downtrend,1,1,mixte,365,0,0,30,,,31.0,66.0,59.5,78.5,28.1,54,40.54,7,≈ Neutre vs BTC,False,False,,0,,,,54,2,,Volume ×0.6 (épuisement),339723396,407754943,2261505227.4031305,2714384546.672,2714384546.672,83.3,,,
ONTUSDT,ONT,Mid,434,0.05094,13910546.47606,26.152,77.64671007710908,0.0016467738367839403,0.0413448,0.052804449999999975,0.8928302485713544,0.3799472295514512,0.10395778364116093,13.212387304129287,0.5847116067058634,0.037281666666666664,0.052532222222222216,downtrend,0,1,baissier,365,0,0,30,,,31.0,66.0,73.0,78.5,28.1,54,41.35,7,≈ Neutre vs BTC,False,False,,3,⚡ Volume ×13.2 vs médiane,,13.21,54,2,,RSI 78 (surachat),51139654,51139654,1000000000.0,1000000000.0,,100.0,,,
ZKUSDT,ZK,Mid,272,0.00909,1582231.603279,10.048,64.49471707053499,0.00024427629971579155,0.0089438,0.01456159999999999,0.7072129533550015,0.511816340310601,0.3848750844024308,0.557650196081768,0.6664210755631225,0.007688333333333334,0.01336694444444444,downtrend,0,1,baissier,365,0,0,30,,,31.0,66.0,59.5,68.0,28.1,54,39.7,7,≈ Neutre vs BTC,False,False,,0,,,,54,2,,Volume ×0.6 (épuisement),92053590,191397813,10100039093.0,21000000000.0,21000000000.0,48.1,,,
SUNUSDT,SUN,Mid,124,0.0174,1135656.89847,1.576,36.105922488906884,-8.708363231843002e-05,0.018043800000000002,0.01782825,0.17665324855581693,0.20226377952755917,0.14320866141732297,0.4424232325877658,0.3698504718598245,0.016781666666666663,0.018928333333333335,support_bounce,1,0,haussier,365,0,0,30,,,31.0,36.0,95.5,68.0,53.5,54,39.78,7,≈ Neutre vs BTC,False,False,,0,,,,54,3,,Volume ×0.4 (épuisement),334345031,346147497,19222181989.37517,19900730000.0,19900730000.0,96.6,216826799,$217M,0.46
HOLOUSDT,HOLO,Mid,449,0.065,1073598.19494,9.428,50.0260803703263,-0.0005243280598687746,0.067502,0.06452399999999997,1.2755771213140192,0.34107579462102683,0.20415647921760383,0.3370308033176266,0.319938526806207,0.059802777777777746,0.07588055555555556,uptrend,1,0,haussier,345,0,0,30,,,30.5,45.0,62.5,68.0,50,54,38.3,7,≈ Neutre vs BTC,False,False,,0,,,,54,3,,Volume ×0.3 (épuisement),49564018,133056751,762885817.999999,2048000000.0,2048000000.0,37.3,,,
DCRUSDT,DCR,Mid,156,12.37,286442.6617,3.255,50.63248167113073,-0.041929578512253415,12.270800000000001,18.0952,0.7161899353744572,0.3476680799515446,0.24954572986069054,0.29272684409904565,0.5097007837426957,11.054722222222225,15.258333333333333,downtrend|bullish_engulfing_4h,1,1,mixte,365,0,0,30,,,31.0,57.0,73.0,47.0,31.5,54,37.95,7,≈ Neutre vs BTC,False,False,,0,,,,54,3,,Volume ×0.3 (épuisement),214608726,214608916,17567102.96130018,17567102.96130018,21000000.0,100.0,,,
KSMUSDT,KSM,Mid,379,3.24,276837.0383,5.882,63.57969243280453,0.039241422292311236,3.1308,4.112999999999999,0.5068970854875182,0.4094650205761317,0.32716049382716056,0.3585965798663295,0.6287072279538579,2.9316666666666666,4.277777777777779,macd_bullish_cross|downtrend,1,1,mixte,365,0,0,30,,,31.0,57.0,79.0,47.0,28.1,54,38.11,7,≈ Neutre vs BTC,False,False,,0,,,,54,2,,Volume ×0.4 (épuisement),60904881,60906549,18705316.1303292,18705327.30203419,,100.0,,,
NMRUSDT,NMR,Mid,382,8.63,170702.7669,3.106,54.60913600673291,0.06742443533274345,9.041599999999999,8.52035,0.37941259079439343,0.2432692307692308,0.16538461538461544,0.20646263719115382,0.36638093194231025,8.05222222222222,9.985000000000001,macd_bullish_cross|downtrend,1,1,mixte,365,0,0,30,,,31.0,45.0,95.5,47.0,28.1,54,37.66,7,≈ Neutre vs BTC,False,False,,0,,,,54,2,,Volume ×0.2 (épuisement),60166382,91869957,6958714.832359396,10625482.3948309,11000000.0,65.5,,,
1000SATSUSDT,1000SATS,Speculative,,1.234e-05,2356263.41455968,12.9,73.42478333287949,1.8181373689971682e-07,9.935399999999998e-06,1.1384350000000006e-05,0.9002416441319026,0.30733590733590727,0.03783783783783787,1.0167507838155518,0.3821942908817643,9.06027777777778e-06,1.1732222222222225e-05,downtrend,0,1,baissier,365,0,0,30,,,17.0,66.0,77.5,68.0,28.1,54,31.26,7,≈ Neutre vs BTC,False,False,,0,,,,54,4,⚠️ Surveiller,RSI 73 (surachat)|Près du plus haut 90j (résistance),,,,,,,,,
DOGSUSDT,DOGS,Speculative,785,4.121e-05,1226938.0549312,11.529,68.44400150567934,6.582462391288699e-07,3.6958e-05,3.715154999999999e-05,0.636623289344917,0.35722433460076036,0.21520912547528517,1.0754609471622512,0.5627480823466627,3.450638888888889e-05,4.841361111111112e-05,breakout_30d|death_cross|squeeze_breakout|uptrend,3,1,haussier,365,0,0,30,,,17.0,66.0,73.0,68.0,32.7,54,31.26,7,≈ Neutre vs BTC,False,False,,0,,,,54,0,,,21365956,22740737,516750000000.0,550000000000.0,550000000000.0,94.0,,,
ACTUSDT,ACT,Speculative,,0.01144,962009.631674,10.212,65.14772213960727,9.952195263559057e-05,0.0093402,0.012080550000000008,1.0330831908231661,0.3989155693261037,0.10999225406661499,0.5817136465786535,0.278864776043704,0.00827361111111111,0.012229444444444447,uptrend|bullish_engulfing_4h,2,0,haussier,365,0,0,30,,,17.0,57.0,56.5,57.5,53.4,54,29.59,7,≈ Neutre vs BTC,False,False,,0,,,,54,2,,Volume ×0.6 (épuisement),,,,,,,,,
CBRSBUSDT,CBRSB,Speculative,,211.8,852302.82985,-3.159,48.94396201265303,-2.639664676349077,,,1.2911274047730847,0.2110409356725147,0.16132097885483482,0.15203398536444104,,173.5355555555556,236.16499999999996,,0,0,neutre,46,0,0,30,,,8.3,45.0,64.5,57.5,50,54,22.49,7,≈ Neutre vs BTC,False,False,,0,,,,54,3,,Volume ×0.2 (épuisement),,,,,,,,,
OPGUSDT,OPG,Speculative,830,0.1038,763268.7762,4.217,57.92001166282837,0.002221817023148349,0.10398,,0.596108811602555,0.7043363994743759,0.6573587385019711,0.18103081622964254,0.11589621131461271,0.0931111111111111,0.19554444444444444,bullish_engulfing_4h,1,0,haussier,92,0,0,30,,,9.5,45.0,59.5,57.5,53.4,54,23.25,7,≈ Neutre vs BTC,False,False,,0,,,,54,2,,Volume ×0.2 (épuisement),19761562,104008221,190000000.0,1000000000.0,1000000000.0,19.0,,,
INITUSDT,INIT,Speculative,,0.05542,673226.782928,1.465,62.96261809066856,0.0005488897585852365,0.053235799999999986,0.07261395000000001,0.4446996142321289,0.41269841269841273,0.32197802197802194,0.2913125395342179,0.5315602545678353,0.05026388888888887,0.06884722222222221,downtrend,0,1,baissier,365,0,0,30,,,17.0,57.0,79.0,57.5,28.1,54,29.43,7,≈ Neutre vs BTC,False,False,,0,,,,54,2,,Volume ×0.3 (épuisement),,,,,,,,,
MANTAUSDT,MANTA,Speculative,664,0.06008,624278.386547,4.815,55.12691499572071,0.0005199414473213621,0.0595844,0.0684396,0.354139363561134,0.3608745684695052,0.30817031070195633,0.4115484753478926,0.09239949902399415,0.05672388888888888,0.08603861111111111,double_bottom_90d|downtrend,1,1,mixte,365,0,0,30,,,17.0,57.0,73.0,57.5,30.1,54,29.19,7,≈ Neutre vs BTC,False,False,,0,,,,54,2,,Volume ×0.4 (épuisement),28636605,59788692,478963572.0616427,1000000000.0,1000000000.0,47.9,25339530,$25M,16.51
USUALUSDT,USUAL,Speculative,841,0.01015,572104.034005,11.294,69.27673231822556,0.00015163323504912177,0.0087492,0.012134549999999997,0.637264008796763,0.450469992769342,0.2646420824295011,0.49153989638775847,0.6281461765251316,0.008156666666666666,0.012093611111111112,bullish_engulfing_4h,1,0,haussier,365,0,0,30,,,17.0,48.0,73.0,57.5,53.4,54,29.5,7,≈ Neutre vs BTC,False,False,,0,,,,54,2,,Volume ×0.5 (épuisement),19311895,19379282,1900673079.785149,1907305305.019484,3000000000.0,99.7,92643141,$93M,-0.06
WCTUSDT,WCT,Speculative,904,0.03863,547718.070014,7.365,59.30246560332114,0.0006431535746743329,0.0391908,0.05295039999999998,0.5463925482237373,0.45444116683054736,0.3651261881350377,0.3234863461273888,0.5260074316262853,0.035133611111111115,0.05422583333333334,,0,0,neutre,365,0,0,30,,,17.0,37.0,79.0,57.5,50,54,28.34,7,≈ Neutre vs BTC,False,False,,0,,,,54,2,,Volume ×0.3 (épuisement),16826929,38744238,434307918.0,1000000000.0,1000000000.0,43.4,,,
PORTOUSDT,PORTO,Speculative,,0.445,547269.64836,2.771,49.454532980281385,0.0009772746294848585,0.44865999999999995,0.7562800000000004,0.4031899553302579,0.47066848567530695,0.3942701227830832,0.3711659593146278,0.42672370481713073,0.4201388888888889,0.6514444444444445,macd_bullish_cross,1,0,haussier,365,0,0,30,,,17.0,37.0,79.0,57.5,50,54,28.34,7,≈ Neutre vs BTC,False,False,,0,,,,54,2,,Volume ×0.4 (épuisement),,,,,,,,,
GMTUSDT,GMT,Speculative,792,0.00679,533554.901226,7.098,54.43739070609953,5.1167366546695306e-05,0.006990399999999997,0.009699899999999997,0.5338734548584819,0.4983079526226734,0.42470389170896794,0.3253843881806507,0.5544662811980694,0.006428333333333334,0.009898333333333334,macd_bullish_cross,1,0,haussier,365,0,0,30,,,17.0,37.0,79.0,57.5,50,54,28.34,7,≈ Neutre vs BTC,False,False,,0,,,,54,2,,Volume ×0.3 (épuisement),21136900,34468554,3111400155.0,5073850155.102167,6000000000.0,61.3,,,
HIVEUSDT,HIVE,Speculative,732,0.0427,379880.0146,7.018,55.11956462189605,0.0005283268715170009,0.04479400000000002,0.056875000000000044,0.45533558802346225,0.4444444444444445,0.37426900584795325,0.3496872471086002,0.49988933085160614,0.040425000000000016,0.059791666666666674,macd_bullish_cross,1,0,haussier,365,0,0,30,,,17.0,37.0,79.0,47.0,50,54,27.5,7,≈ Neutre vs BTC,False,False,,0,,,,54,2,,Volume ×0.3 (épuisement),23507529,47791223,550140465.0,1118445313.0,,49.2,,,
API3USDT,API3,Speculative,615,0.2176,378017.448286,7.351,66.21724202928402,0.0042646496220031735,0.20865800000000007,0.27704100000000015,0.5201498798527651,0.43309002433090016,0.33454987834549876,0.402072794818174,0.6461902494824742,0.19001388888888887,0.2984833333333333,,0,0,neutre,365,0,0,30,,,17.0,48.0,79.0,47.0,50,54,28.82,7,≈ Neutre vs BTC,False,False,,0,,,,54,2,,Volume ×0.4 (épuisement),31684895,39471629,144900820.96588525,180510981.6817665,,80.3,17556153,$18M,-9.73
HAEDALUSDT,HAEDAL,Speculative,,0.0192,294802.961352,6.607,71.63214348153892,0.000334035832501361,0.016228,0.02442629999999999,0.5994294567165804,0.49842712338343237,0.32925550506815804,0.4270817629646165,0.42335501957206567,0.015087222222222224,0.025751111111111107,,0,0,neutre,365,0,0,30,,,17.0,48.0,79.0,47.0,50,54,28.82,7,≈ Neutre vs BTC,False,False,,0,,,,54,2,,Volume ×0.4 (épuisement),,,,,,,27951648,$28M,13.56
EDUUSDT,EDU,Speculative,598,0.0398,235392.5574,6.702,63.07424415420897,-0.00011875960634343333,0.033616,0.058063499999999976,0.7572922905765661,0.45530145530145527,0.1538461538461538,0.11847896377136011,0.4064152819053703,0.028236111111111115,0.04351944444444444,macd_bearish_cross,0,1,baissier,365,0,0,30,,,17.0,57.0,73.0,47.0,31.6,54,28.44,7,≈ Neutre vs BTC,False,False,,0,,,,54,5,⚠️ Surveiller,Volume ×0.1 (épuisement)|MACD cross baissier,32616222,40313255,809069444.0,1000000000.0,1000000000.0,80.9,,,
RKLBBUSDT,RKLBB,Speculative,,74.08,159135.6334,-3.416,45.77219229721533,-1.5135242884669027,,,1.0405017687786215,0.2198675496688742,0.13055229142185665,0.1981367770253777,,62.75066666666666,83.396,,0,0,neutre,38,0,0,30,,,8.0,45.0,64.5,47.0,50,54,21.5,7,≈ Neutre vs BTC,False,False,,0,,,,54,3,,Volume ×0.2 (épuisement),,,,,,,,,
ANIMEUSDT,ANIME,Speculative,959,0.00268,148150.811476,7.2,63.7851380157396,3.760375129587814e-05,0.0025912000000000005,0.003956499999999998,0.49017767175856297,0.4539170506912442,0.3778801843317972,0.369663978953667,0.6461573598235948,0.0024130555555555554,0.003713055555555555,downtrend,0,1,baissier,365,0,0,30,,,17.0,57.0,79.0,47.0,28.1,54,28.59,7,≈ Neutre vs BTC,False,False,,0,,,,54,2,,Volume ×0.4 (épuisement),14917034,26932837,5538604656.0,10000000000.0,10000000000.0,55.4,,,
NOKBUSDT,NOKB,Speculative,,10.44,133149.7489,1.953,52.4927504879582,0.06718384010447934,,,0.8772593068191599,0.2528940338379341,0.07034728406055217,0.1055232068087085,,8.844666666666667,11.014666666666667,,0,0,neutre,38,0,0,30,,,8.0,45.0,67.5,47.0,50,54,21.68,7,≈ Neutre vs BTC,False,False,,0,,,,54,2,,Volume ×0.1 (épuisement),,,,,,,,,
WOOUSDT,WOO,Speculative,763,0.01177,86063.004605,6.612,58.07396426126498,0.00012629481244204874,0.011695599999999999,0.015483600000000002,0.48599953527321305,0.39768786127167627,0.3179190751445087,0.27180795731945556,0.6972333274153241,0.010790833333333333,0.015605555555555558,macd_bullish_cross|downtrend,1,1,mixte,365,0,0,30,,,17.0,57.0,79.0,47.0,28.1,54,28.59,7,≈ Neutre vs BTC,False,False,,0,,,,54,2,,Volume ×0.3 (épuisement),22275622,22275622,1888782088.2947378,1888782088.294737,3000000000.0,100.0,3329209,$3M,30.36
POWRUSDT,POWR,Speculative,739,0.0409,76382.2042,6.234,57.72837165223077,0.0005162353181862732,0.041207999999999995,0.056130000000000006,0.5903273845354714,0.43525741029641185,0.36037441497659906,0.21103125847902768,0.45269235590726203,0.03770833333333332,0.058808333333333324,macd_bullish_cross,1,0,haussier,365,0,0,30,,,17.0,37.0,79.0,47.0,50,54,27.5,7,≈ Neutre vs BTC,False,False,,0,,,,54,2,,Volume ×0.2 (épuisement),23197433,40791575,568401106.1092739,999506122.99937,1000000000.0,56.9,,,
SOLUSDT,SOL,Etabli,7,90.19,408871780.80437,4.958,80.21612971665384,1.6225026587969507,76.87859999999999,81.17555,0.4839835340083374,0.27055236308197483,0.0,1.0623812944681006,0.8425440399642055,67.05749999999999,83.26388888888891,,0,0,neutre,365,0,0,30,,,45.0,57.0,80.0,78.5,50,53,51.52,6,≈ Neutre vs BTC,False,False,,3,🔥 Trending #5 sur CoinGecko,5,,53,6,⚠️ Surveiller,RSI 80 (surachat extrême)|Près du plus haut 90j (résistance),52796180315,57273845645,583063072.1534065,632512906.0281228,,92.2,,,
TAOUSDT,TAO,Etabli,43,221.1,29724828.28721,8.542,66.72146438215643,2.4149555394617837,200.37799999999993,231.93000000000026,0.5225905569675006,0.32880143112701254,0.20966010733452592,0.6982499190998773,0.6464413017377131,190.66111111111115,258.8361111111111,double_bottom_90d|downtrend,1,1,mixte,365,0,0,30,,,45.0,57.0,83.5,78.5,30.1,53,50.54,6,≈ Neutre vs BTC,False,False,,0,🔥 Trending #15 sur CoinGecko,15,,53,0,,,2133612001,4668496383,9597491.0,21000000.0,21000000.0,45.7,,,
FILUSDT,FIL,Etabli,92,0.7645,16369362.967298,13.867,60.809425368004874,0.008446008441495585,0.7305040000000003,0.8661710000000005,0.6893967896098915,0.3870029097963142,0.25819592628515997,0.46618898636548145,0.5979929040823323,0.6787361111111111,0.9141944444444443,macd_bullish_cross|double_top_90d,1,1,mixte,365,0,0,30,,,45.0,57.0,73.0,78.5,25.2,53,49.61,6,≈ Neutre vs BTC,False,False,,0,,,,53,4,⚠️ Surveiller,Volume ×0.5 (épuisement)|Double sommet,631158306,1503094809,821811778.0,1957133469.0,,42.0,,,
SPCXBUSDT,SPCXB,Mid,326,135.07,28949381.96901,-3.418,51.721937917830815,0.4661575206899471,131.57399999999998,,0.825766292465601,0.4752879428488118,0.34358750060747445,0.12874094032111316,,111.59107142857142,179.70214285714283,,0,0,neutre,71,0,0,30,,,22.9,45.0,58.5,78.5,50,53,33.79,6,≈ Neutre vs BTC,False,False,,0,,,,53,2,,Volume ×0.1 (épuisement),73300132,73325407,543422.77776191,543422.77776191,,100.0,,,
BERAUSDT,BERA,Mid,396,0.1766,1816171.1666354,14.527,64.68536249573134,0.004661474892905976,0.173106,0.36214150000000017,0.6881686021295127,0.6271052631578947,0.5326315789473685,0.7714933464105089,0.6524762591242548,0.14998333333333339,0.32016666666666665,downtrend|doji_4h,0,1,baissier,365,0,0,30,,,31.0,66.0,55.0,68.0,28.1,53,39.43,6,≈ Neutre vs BTC,False,False,,0,,,,53,0,,,56389130,98812390,317779243.69263,556854243.69263,,57.1,,,
RVNUSDT,RVN,Mid,431,0.00311,1453718.852714,9.507,46.946859615691274,1.9405524012682158e-05,0.003515799999999999,0.004961150000000001,0.958257421020019,0.5130597014925373,0.41791044776119407,1.6214767340448064,0.4931937097370881,0.003135277777777778,0.0049225,macd_bullish_cross|downtrend,1,1,mixte,365,0,0,30,,,31.0,64.0,59.5,68.0,28.1,53,39.46,6,≈ Neutre vs BTC,False,False,,0,,,,53,0,,,51348193,51348561,16413068990.91267,16413195240.91267,21000000000.0,100.0,,,
CKBUSDT,CKB,Mid,474,0.000921,1217725.948882,6.474,66.83059041180161,1.2199943751666063e-05,0.0008722999999999999,0.0012845649999999994,0.47044482480490374,0.42450142450142453,0.34045584045584054,1.3223996446188189,0.7311708858027516,0.0008224166666666667,0.0012522777777777777,downtrend,0,1,baissier,365,0,0,30,,,31.0,66.0,71.0,68.0,28.1,53,40.39,6,≈ Neutre vs BTC,False,False,,0,,,,53,0,,,45670238,46453994,49361633619.7596,50208610021.36807,,98.3,,,
QQQBUSDT,QQQB,Speculative,,715.11,3593309.91788,-0.567,48.86451251168354,-1.1949932446385096,710.4184000000002,,0.23438032159175085,0.09264045708066933,0.02708475037409872,0.37054105165559714,,683.1404761904762,731.5957142857142,macd_bearish_cross,0,1,baissier,53,0,0,30,,,8.5,45.0,90.0,68.0,31.6,53,23.89,6,≈ Neutre vs BTC,False,False,,0,,,,53,7,🔴 Sortie,Volume ×0.4 (épuisement)|Près du plus haut 90j (résistance)|MACD cross baissier,,,,,,,,,
YBUSDT,YB,Speculative,738,0.0888,2592374.94973,14.433,69.07879863846861,0.0013396440159648144,0.07432200000000001,0.11083649999999999,0.7133168499480492,0.5119139123750961,0.31360491929285156,1.6006471455883102,0.3843920658344475,0.06685833333333331,0.10449444444444442,double_top_90d,0,1,baissier,311,0,0,30,,,15.5,75.0,59.5,68.0,25.2,53,30.07,6,≈ Neutre vs BTC,False,False,,0,,,,53,2,,Double sommet,23241194,66503830,261232135.20282272,747496634.0963463,1000000000.0,34.9,151919896,$152M,16.03
NVDABUSDT,NVDAB,Speculative,,218.27,2161752.86801,-0.465,52.66576043635053,-1.0228025221995862,209.84060000000002,,0.4067094964524575,0.09774613353451536,0.033263941179076134,0.29602756233693067,,194.17142857142858,223.50357142857146,macd_bearish_cross|uptrend,1,1,mixte,72,0,0,30,,,9.0,45.0,90.0,68.0,31.6,53,24.24,6,≈ Neutre vs BTC,False,False,,0,,,,53,7,🔴 Sortie,Volume ×0.3 (épuisement)|Près du plus haut 90j (résistance)|MACD cross baissier,,,,,,,,,
0GUSDT,0G,Speculative,563,0.1658,1271894.072687,11.35,54.257798348859076,0.0030177676284082276,0.16925199999999996,0.4152480000000004,0.8212651922279846,0.7100840336134453,0.6504201680672269,0.628476932959486,0.482123481906357,0.14682777777777775,0.38902777777777786,,0,0,neutre,334,0,0,30,,,16.2,46.0,55.0,68.0,50,53,28.24,6,≈ Neutre vs BTC,False,False,,0,,,,53,0,,,35529108,166647064,213199722.0,1000000000.0,,21.3,,,
CELOUSDT,CELO,Speculative,506,0.06841,1040840.342422,9.561,65.96797052178411,0.0009554818793206027,0.06533660000000002,0.0751419,0.5104847292109951,0.26245889198077416,0.13028079939286621,0.5233448976327153,0.4492937262570181,0.059134166666666675,0.07589749999999998,macd_bullish_cross|double_bottom_90d|downtrend,2,1,haussier,365,0,0,30,,,17.0,57.0,83.5,68.0,30.1,53,30.66,6,≈ Neutre vs BTC,False,False,,0,,,,53,2,,Volume ×0.5 (épuisement),41626476,68768086,605316779.0,1000000000.0,1000000000.0,60.5,,,
FIDAUSDT,FIDA,Speculative,846,0.01909,688177.564218,5.82,57.46134956399964,0.00026241792093002563,0.0194352,0.01942990000000001,0.7691080896766919,0.539156626506024,0.47453450164293537,0.28163381587811936,0.47962295489710854,0.017336944444444446,0.028034444444444435,,0,0,neutre,365,0,0,30,,,17.0,45.0,59.5,57.5,50,53,28.13,6,≈ Neutre vs BTC,False,False,,0,,,,53,2,,Volume ×0.3 (épuisement),18944259,18944259,990910625.943402,990910625.943402,1000000000.0,100.0,,,
DRAMBUSDT,DRAMB,Speculative,838,59.2,592741.1807,3.208,56.7344601418106,0.7364932301990303,,,1.1264625048772665,0.3130833970925784,0.09487375669472067,0.08963454908928264,,48.60055555555555,62.251666666666665,,0,0,neutre,46,0,0,30,,,8.3,45.0,57.0,57.5,50,53,22.04,6,≈ Neutre vs BTC,False,False,,0,,,,53,2,,Volume ×0.1 (épuisement),19393904,19393904,328339.41996842,328339.41996842,,100.0,,,
MAVUSDT,MAV,Speculative,,0.01047,551852.27468,8.61,69.9008917046246,0.00017860874660536924,0.009028399999999999,0.012693450000000002,0.6120915783774848,0.4211298606016141,0.22890682318415256,1.3363860866072101,0.40998795475859207,0.008355,0.012389444444444446,double_top_90d,0,1,baissier,365,0,0,30,,,17.0,66.0,73.0,57.5,25.2,53,29.97,6,≈ Neutre vs BTC,False,False,,0,,,,53,2,,Double sommet,,,,,,,1106161,$1M,11.53
1000CHEEMSUSDT,1000CHEEMS,Speculative,,0.000547,482461.149708,7.255,67.73617004961503,4.674391675572109e-06,0.0004838800000000001,0.0005192100000000002,0.6089087021076784,0.35919540229885055,0.21264367816091956,0.3505729163732033,0.48816751102908884,0.0004598611111111112,0.0006158333333333335,macd_bullish_cross|uptrend,2,0,haussier,365,0,0,30,,,17.0,48.0,73.0,47.0,50,53,28.46,6,≈ Neutre vs BTC,False,False,,0,,,,53,2,,Volume ×0.4 (épuisement),,,,,,,,,
QIUSDT,QI,Speculative,,0.001267,439446.631705,-0.393,50.86475968793364,-6.365888940786213e-06,0.0012237199999999998,0.00154493,1.424644923856398,0.3305732484076433,0.1853503184713376,0.46194473390237073,0.31818614950958235,0.0011118055555555553,0.0015531666666666667,macd_bearish_cross,0,1,baissier,365,0,0,30,,,17.0,57.0,62.5,47.0,31.6,53,27.81,6,≈ Neutre vs BTC,False,False,,0,,,,53,5,⚠️ Surveiller,Volume ×0.5 (épuisement)|MACD cross baissier,,,,,,,165876349,$166M,14.06
SCRUSDT,SCR,Speculative,,0.02176,423938.460134,6.25,55.03516867979847,0.0003761874646988039,0.022473400000000004,0.03760809999999999,0.723108133856026,0.5722822339692024,0.4982762583314181,0.5331208390834159,0.48833742657105644,0.01951555555555556,0.039689166666666664,,0,0,neutre,365,0,0,30,,,17.0,46.0,59.5,47.0,50,53,27.41,6,≈ Neutre vs BTC,False,False,,0,,,,53,2,,Volume ×0.5 (épuisement),,,,,,,,,
AIUSDT,AI,Speculative,672,0.0182,364678.20917,4.0,50.65759048071679,0.00017917535775595946,0.018887999999999995,0.021407499999999993,0.4113785687531186,0.3992932862190812,0.36042402826855113,0.2529334900624184,0.19940777950086855,0.017366666666666676,0.025911111111111117,,0,0,neutre,365,0,0,30,,,17.0,37.0,73.0,47.0,50,53,27.14,6,≈ Neutre vs BTC,False,False,,0,,,,53,2,,Volume ×0.3 (épuisement),27969857,214381741,1304675313.0,10000000000.0,10000000000.0,13.0,,,
ILVUSDT,ILV,Speculative,681,3.27,312558.21389,6.169,62.17538764156509,0.03327004026490054,3.0058,3.7157999999999993,0.6471257089588268,0.3642691415313224,0.23897911832946633,0.4698137094636923,0.6199101032494627,2.836944444444445,3.8655555555555563,rsi_bearish_divergence|double_bottom_90d|uptrend,2,1,haussier,365,0,0,30,,,17.0,57.0,73.0,47.0,27.1,53,28.17,6,≈ Neutre vs BTC,False,False,,0,,,,53,4,⚠️ Surveiller,Volume ×0.5 (épuisement)|Divergence RSI baissière,27158155,31456214,8285709.241587486,9597008.438705713,,86.3,,,
SPELLUSDT,SPELL,Speculative,,8.37e-05,256143.6286491,5.151,59.41558614386414,1.1072283101116696e-06,8.327399999999999e-05,0.0001408135,0.3691132750677263,0.5134788189987163,0.46084724005134786,0.2975505190869577,0.4193275379530945,7.751388888888889e-05,0.00014559444444444447,downtrend,0,1,baissier,365,0,0,30,,,17.0,57.0,70.0,47.0,28.1,53,28.05,6,≈ Neutre vs BTC,False,False,,0,,,,53,2,,Volume ×0.3 (épuisement),,,,,,,4588821,$5M,16.61
CHRUSDT,CHR,Speculative,,0.01454,190873.42585,7.148,60.254474106975316,0.0001520758205318054,0.013932999999999997,0.01827540000000001,0.749096041726467,0.4444444444444444,0.3383219954648526,0.3526920157857688,0.5513065759282052,0.012805000000000002,0.019380833333333333,downtrend,0,1,baissier,365,0,0,30,,,17.0,57.0,68.5,47.0,28.1,53,27.96,6,≈ Neutre vs BTC,False,False,,0,,,,53,2,,Volume ×0.4 (épuisement),,,,,,,,,
AVAUSDT,AVA,Speculative,,0.1935,174271.5701,5.565,59.256958553401326,-0.00034974482148944237,0.17227599999999996,0.20503699999999994,0.8313086758169531,0.35686777920410784,0.17073170731707313,0.20153265202723833,0.5392440825031914,0.15689722222222222,0.2171861111111112,double_top_90d,0,1,baissier,365,0,0,30,,,17.0,57.0,73.0,47.0,25.2,53,28.05,6,≈ Neutre vs BTC,False,False,,0,,,,53,5,⚠️ Surveiller,Volume ×0.2 (épuisement)|Double sommet,,,,,,,,,
CTKUSDT,CTK,Speculative,848,0.1161,70847.84362,7.202,61.660363646229975,0.000888227678257359,0.104594,0.15302699999999989,0.6785805938716957,0.4446494464944649,0.28659286592865924,0.1588622529358326,0.5824356803170445,0.09869166666666668,0.14584166666666668,rsi_bearish_divergence,0,1,baissier,365,0,0,30,,,17.0,57.0,73.0,47.0,25.2,53,28.05,6,≈ Neutre vs BTC,False,False,,0,,,,53,4,⚠️ Surveiller,Volume ×0.2 (épuisement)|Divergence RSI baissière,18928073,18931254,162891940.0,162919804.0,,100.0,,,
CRVUSDT,CRV,Mid,103,0.3149,17252977.57064,17.764,77.51685841015097,0.005443615574434237,0.22295399999999999,0.2280005000000001,0.8189857540303618,0.27957828973057397,0.0,4.217647905640367,0.5269808303822022,0.19258333333333336,0.2539527777777778,breakout_30d|rsi_bearish_divergence,1,1,mixte,365,0,0,30,,,31.0,66.0,77.5,78.5,25.2,52,41.44,5,≈ Neutre vs BTC,False,False,,2,⚡ Volume ×4.2 vs médiane,,4.22,52,6,⚠️ Surveiller,RSI 78 (surachat)|Près du plus haut 90j (résistance)|Divergence RSI baissière,489060811,761146408,1549532630.0,2411604383.127701,3030303031.0,64.3,1303383747,$1.3B,2.58
MUBUSDT,MUB,Mid,403,984.5,8879414.21033,2.977,56.735294421872176,9.31921481053596,921.3042,,1.1644097504452653,0.40245201258526353,0.1998032536320843,0.18035680816559407,,828.8800000000001,1147.9814285714285,,0,0,neutre,72,0,0,30,,,23.0,45.0,52.5,78.5,50,52,33.45,5,≈ Neutre vs BTC,False,False,,0,,,,52,2,,Volume ×0.2 (épuisement),55208943,55217870,56175.08112918,56175.08112918,,100.0,,,
DASHUSDT,DASH,Mid,111,34.46,7171960.62567,8.263,65.43912764271283,0.47694871375206893,32.527599999999985,35.764800000000015,0.5066885949445546,0.3532359991283504,0.24776639790804092,0.6723179681795005,0.5904288280283765,30.257777777777772,40.230277777777786,downtrend,0,1,baissier,365,0,0,30,,,31.0,57.0,83.5,78.5,28.1,52,40.9,5,≈ Neutre vs BTC,False,False,,0,,,,52,0,,,443941597,443961156,12805739.66771417,12806354.4537754,18920000.0,100.0,,,
PNUTUSDT,PNUT,Mid,417,0.0531,6054565.87775,9.485,78.4705543111208,0.0014066078090857331,0.041999999999999996,0.046996,0.7809109901666852,0.323321554770318,0.056537102473498135,1.6720926402753997,0.5935575102354624,0.039166666666666676,0.051158333333333326,breakout_30d|double_bottom_90d,2,0,haussier,365,0,0,30,,,31.0,66.0,77.5,78.5,52.0,52,43.05,5,≈ Neutre vs BTC,False,False,,0,,,,52,2,,RSI 78 (surachat),53182964,53182964,999841681.784308,999841681.784308,1000000000.0,100.0,,,
AXSUSDT,AXS,Mid,182,0.987,2085650.42015,9.181,65.57320993795035,0.014088045947815117,0.9177200000000001,1.1235799999999996,0.5706961713950219,0.3123953098827471,0.169179229480737,0.905157925780583,0.49677017018867725,0.8454444444444446,1.1403333333333334,downtrend,0,1,baissier,365,0,0,30,,,31.0,57.0,83.5,68.0,28.1,52,40.06,5,≈ Neutre vs BTC,False,False,,0,,,,52,0,,,172972533,267749547,174426379.00134403,270000000.0,270000000.0,64.6,,,
CHZUSDT,CHZ,Mid,204,0.01348,1902163.52447,5.643,52.38030355273444,0.0002552654278265488,0.014491200000000006,0.030952449999999992,0.5592446375150845,0.6766304347826086,0.6323369565217392,0.4211319913679761,0.3967980773359733,0.01258111111111111,0.032243055555555566,,0,0,neutre,365,0,0,30,,,31.0,37.0,65.5,68.0,50,52,37.89,5,≈ Neutre vs BTC,False,False,,0,,,,52,2,,Volume ×0.4 (épuisement),141923690,141924585,10497133048.0,10497199208.0,,100.0,,,
RAYUSDT,RAY,Mid,170,0.7131,1218115.67857,6.401,72.59169703028037,0.010138502656955435,0.653484,0.6562329999999998,0.4676380901837268,0.27720207253886003,0.07305699481865285,0.5078962669727562,0.7649391958430977,0.5823694444444444,0.7287972222222222,downtrend,0,1,baissier,365,0,0,30,,,31.0,57.0,80.0,68.0,28.1,52,39.85,5,≈ Neutre vs BTC,False,False,,0,,,,52,4,⚠️ Surveiller,RSI 73 (surachat)|Volume ×0.5 (épuisement),192437044,396278593,269513824.807139,555000000.0,555000000.0,48.6,982524124,$983M,15.61
COMPUSDT,COMP,Mid,171,19.16,1092393.64017,2.57,74.73790486069217,0.33230464269716853,16.938,18.68820000000001,0.46562372841700894,0.2461538461538461,0.04615384615384614,0.7339926363861794,0.5623078274223866,15.865,18.708888888888893,macd_bullish_cross|resistance_test|downtrend|bullish_engulfing_4h,2,2,mixte,365,0,0,30,,,31.0,57.0,100.0,68.0,16.5,52,40.35,5,≈ Neutre vs BTC,False,False,,0,,,,52,4,⚠️ Surveiller,RSI 75 (surachat)|Près du plus haut 90j (résistance),192012010,192012010,10000000.0,10000000.0,10000000.0,100.0,1346620698,$1.3B,19.06
JASMYUSDT,JASMY,Mid,161,0.00414,1047875.276869,12.807,52.768475820031775,1.743910622291353e-05,0.004273,0.005183250000000003,0.5872760490049869,0.37275985663082434,0.2580645161290323,0.6700872664902966,0.6055017384150287,0.0039625,0.0052924999999999995,macd_bullish_cross|downtrend,1,1,mixte,365,0,0,30,,,31.0,46.0,83.5,68.0,28.1,52,38.74,5,≈ Neutre vs BTC,False,False,,0,,,,52,0,,,204409438,206703852,49444999677.59027,50000000000.0,50000000000.0,98.9,,,
KAIAUSDT,KAIA,Mid,178,0.0278,847349.51669,12.097,53.833116224420216,0.0003984433800416733,0.029594,0.04343399999999997,0.8331746637753297,0.568359375,0.45898437500000006,0.8559084318311886,0.7104873252285002,0.025425,0.04479166666666665,macd_bullish_cross,1,0,haussier,365,0,0,30,,,31.0,46.0,51.5,57.5,50,52,37.29,5,≈ Neutre vs BTC,False,False,,0,,,,52,0,,,177360433,177362390,6399080601.359371,6399118931.181583,,100.0,,,
SKHYBUSDT,SKHYB,Speculative,654,166.75,12145711.75874,1.689,56.63653682557571,2.261160066201116,,,1.2748611951869449,0.3235546958951214,0.10375026864388567,0.4729262037886209,,133.93375,174.89375,,0,0,neutre,40,0,0,30,,,8.1,45.0,52.5,78.5,50,52,23.34,5,≈ Neutre vs BTC,False,False,,0,,,,52,2,,Volume ×0.5 (épuisement),29335178,29335245,176202.8677878099,176203.2665856499,,100.0,,,
GOOGLBUSDT,GOOGLB,Speculative,731,341.86,3145236.77523,-1.048,42.56468849924924,-1.0520416498595546,,,0.3654600465961241,0.14247347925339066,0.09904094430099603,0.23288704925286116,,326.9283333333334,368.0561111111111,,0,0,neutre,46,0,0,30,,,8.3,36.0,90.0,68.0,50,52,23.78,5,≈ Neutre vs BTC,False,False,,0,,,,52,3,,Volume ×0.2 (épuisement),23628381,23634327,69178.78283138,69196.19106265,,100.0,,,
ICXUSDT,ICX,Speculative,873,0.01653,1342773.733617,7.129,24.142693189217027,-0.0003080128514313693,0.022151999999999998,0.03219800000000001,0.6622906152389135,0.568848167539267,0.5672774869109948,2.9208318296148326,0.3995253759071062,0.019613611111111113,0.03473055555555555,downtrend,0,1,baissier,365,0,0,30,,,17.0,37.0,55.0,68.0,28.1,52,26.43,5,≈ Neutre vs BTC,False,False,,0,,,,52,1,,,18061909,18251579,1097269583.3304436,1108792174.218095,,99.0,,,
METABUSDT,METAB,Speculative,,549.04,1046516.8798,-0.14,37.09074438157651,-3.6931760348730087,602.4662000000001,,0.49822975866755104,0.20293754410726886,0.193307457068925,1.3029925082396778,,549.7942857142856,660.89,macd_bearish_cross,0,1,baissier,53,0,0,30,,,8.5,54.0,85.5,68.0,31.6,52,24.7,5,≈ Neutre vs BTC,False,False,,0,,,,52,3,,MACD cross baissier,,,,,,,,,
KATUSDT,KAT,Speculative,968,0.00464,813683.12916,4.036,54.26113938401115,4.3773340965135835e-05,0.0046798000000000005,,0.5407297862446477,0.48547215496368035,0.4370460048426151,0.2487162054888742,0.3660046752467191,0.004369166666666667,0.007117777777777777,support_bounce|downtrend,1,1,mixte,157,0,0,30,,,11.3,45.0,79.0,57.5,31.7,52,24.32,5,≈ Neutre vs BTC,False,False,,0,,,,52,2,,Volume ×0.2 (épuisement),14749407,46498249,3172034865.0,10000000000.0,10000000000.0,31.7,,,
NOMUSDT,NOM,Speculative,,0.00179,761833.93425,5.917,65.18172269068415,2.1295139428722083e-05,0.0015899999999999998,0.0028312999999999993,0.7953557387506885,0.48846153846153845,0.30769230769230765,0.1556052433941311,0.3334205568196907,0.0014191666666666675,0.002169444444444444,uptrend,1,0,haussier,325,0,0,30,,,15.9,48.0,68.5,57.5,50,52,28.28,5,≈ Neutre vs BTC,False,False,,0,,,,52,2,,Volume ×0.2 (épuisement),,,,,,,,,
BTTCUSDT,BTTC,Speculative,,2.9e-07,596031.89091833,3.571,78.28217084106126,2.774945735096812e-09,2.7080000000000023e-07,3.0465000000000023e-07,0.4004419599630617,0.21212121212121215,0.090909090909091,1.2336040344048964,0.5082702834452979,2.583333333333332e-07,3.0305555555555566e-07,macd_bullish_cross,1,0,haussier,365,0,0,30,,,17.0,57.0,100.0,57.5,50,52,32.0,5,≈ Neutre vs BTC,False,False,,0,,,,52,2,,RSI 78 (surachat),,,,,,,,,
VANAUSDT,VANA,Speculative,644,0.964,588905.33913,7.951,55.252983246898815,0.02243117970713441,1.04542,1.2995449999999988,0.7926177461340542,0.4549638395792242,0.36423405654174884,0.31120965869315126,0.40318485281656574,0.8588055555555555,1.364638888888889,,0,0,neutre,365,0,0,30,,,17.0,37.0,68.5,57.5,50,52,27.71,5,≈ Neutre vs BTC,False,False,,0,,,,52,2,,Volume ×0.3 (épuisement),29703676,115728609,30800000.0,120000000.0,120000000.0,25.7,,,
MITOUSDT,MITO,Speculative,,0.02743,492996.467803,2.888,69.65861738436288,0.0003714490466845972,0.0232002,0.03434415000000004,0.580178140665853,0.5516231388821088,0.3290212350500366,0.13132028976342314,0.24971882126477402,0.020450277777777776,0.03243805555555555,uptrend,1,0,haussier,358,0,0,30,,,16.8,48.0,64.0,47.0,50,52,27.79,5,≈ Neutre vs BTC,False,False,,0,,,,52,2,,Volume ×0.1 (épuisement),,,,,,,1319942,$1M,10.35
CVCUSDT,CVC,Speculative,847,0.01893,418197.66308,8.11,57.1768850493833,0.00019338970065550126,0.018997199999999995,0.02670830000000002,0.5315255111131946,0.4463865546218488,0.36302521008403354,0.5434282022680584,0.669627878011228,0.017574444444444445,0.02683416666666667,macd_bullish_cross|support_bounce|downtrend,2,1,haussier,365,0,0,30,,,17.0,46.0,79.0,47.0,31.7,52,27.48,5,≈ Neutre vs BTC,False,False,,0,,,,52,2,,Volume ×0.5 (épuisement),18935735,18935735,1000000000.0,1000000000.0,,100.0,,,
SHELLUSDT,SHELL,Speculative,,0.0219,348127.48976,5.288,61.34364827542545,0.0003336548017258337,0.020268,0.0279315,0.7330941465974874,0.44891640866873067,0.31888544891640874,0.48011037287082603,0.46701392061299546,0.01870833333333333,0.02979722222222222,rsi_bearish_divergence,0,1,baissier,365,0,0,30,,,17.0,57.0,68.5,47.0,25.2,52,27.78,5,≈ Neutre vs BTC,False,False,,0,,,,52,4,⚠️ Surveiller,Volume ×0.5 (épuisement)|Divergence RSI baissière,,,,,,,,,
WDCBUSDT,WDCB,Speculative,,478.79,187897.53953,1.557,47.05733307411201,1.5442804419974507,,,1.2305639866570983,0.26150531797594606,0.19027667045512378,0.07345757163830106,,437.3661111111112,577.2622222222221,,0,0,neutre,46,0,0,30,,,8.3,45.0,52.5,47.0,50,52,20.93,5,≈ Neutre vs BTC,False,False,,0,,,,52,2,,Volume ×0.1 (épuisement),,,,,,,,,
ZECUSDT,ZEC,Etabli,12,625.28,171898893.36632,12.085,75.8875290048164,12.23053990109276,504.639,399.69340000000005,0.7079523930790484,0.4533468100834251,0.05720578695671845,0.7320076072819189,0.49815204706413546,402.77500000000003,584.5269444444443,breakout_30d|macd_bullish_cross,2,0,haussier,365,0,0,30,,,45.0,64.0,77.5,78.5,50,51,52.21,4,≈ Neutre vs BTC,False,False,,0,🔥 Trending #11 sur CoinGecko,11,,51,2,,RSI 76 (surachat),10838808802,10839392454,16887706.4155448,16888640.7905448,21000000.0,100.0,,,
ENAUSDT,ENA,Etabli,63,0.1326,65043931.669221,41.818,82.37263037142964,0.0038638421939679573,0.085838,0.09770649999999997,1.207339344849464,0.3625,0.0,1.6643633994315865,0.39439036299644853,0.07599444444444443,0.0994111111111111,breakout_30d|macd_bullish_cross|double_bottom_90d|uptrend,4,0,haussier,365,0,0,30,,,45.0,66.0,67.0,78.5,52.0,51,51.94,4,≈ Neutre vs BTC,False,False,,1,🔥 Trending #7 sur CoinGecko,7,,51,6,⚠️ Surveiller,RSI 82 (surachat extrême)|Près du plus haut 90j (résistance),1313592673,2004847323,9828125000.0,15000000000.0,15000000000.0,65.5,4067348804,$4.1B,2.75
ADAUSDT,ADA,Etabli,18,0.2101,56388403.26399,14.434,70.52483480066688,0.001242798364228271,0.17707799999999996,0.2238564999999999,0.6592883827253327,0.40993024210094375,0.13828477636438247,0.7284769894811698,0.7266363070201216,0.15166388888888893,0.22120833333333337,macd_bullish_cross|resistance_test,1,1,mixte,365,0,0,30,,,45.0,57.0,65.0,78.5,35.0,51,49.72,4,≈ Neutre vs BTC,False,False,,0,,,,51,0,,,7899707404,9483165306,37486094747.8024,45000000000.0,45000000000.0,83.3,,,
PAXGUSDT,PAXG,Etabli,44,4553.76,21436960.975536,1.72,70.11215443015527,14.751502315078696,4177.6128,4546.532699999998,0.27804588777497824,0.12618977679765347,0.0020496385182975627,0.5011789575801834,0.5858282611481436,4008.6836111111106,4491.382777777777,rsi_bearish_divergence|resistance_test|uptrend,1,2,baissier,365,0,0,30,,,45.0,57.0,100.0,78.5,10.2,51,50.33,4,≈ Neutre vs BTC,False,False,,0,,,,51,6,⚠️ Surveiller,Volume ×0.5 (épuisement)|Près du plus haut 90j (résistance)|Divergence RSI baissière,1998557636,1998557636,438958.690051,438958.690051,,100.0,1979065609,$2.0B,4.75
ARBUSDT,ARB,Etabli,93,0.0935,10554778.21001,5.53,69.6947162825918,0.00208261784906129,0.082852,0.09913199999999996,0.8161951242946404,0.3308823529411764,0.14062499999999994,0.6512945831675456,0.6495145223313287,0.0745611111111111,0.10004722222222223,macd_bullish_cross|downtrend,1,1,mixte,365,0,0,30,,,45.0,57.0,73.0,78.5,28.1,51,49.79,4,≈ Neutre vs BTC,False,False,,0,,,,51,0,,,625933359,937295959,6678075931.0,10000000000.0,10000000000.0,66.8,3207927642,$3.2B,18.53
ETCUSDT,ETC,Etabli,68,7.22,2913163.0371,9.893,69.18782374503613,0.1076526118661439,6.7368,7.915849999999997,0.5226455568229852,0.32067039106145245,0.18882681564245807,0.6181431370983771,0.7484713836159562,6.351666666666666,8.024166666666668,macd_bullish_cross|downtrend,1,1,mixte,365,0,0,30,,,45.0,57.0,75.5,68.0,28.1,51,49.1,4,≈ Neutre vs BTC,False,False,,0,,,,51,0,,,1150453509,1150456595,157910772.4899581,157911196.1187581,210700000.0,100.0,,,
BOMEUSDT,BOME,Mid,258,0.0014118,35733378.1657459,31.477,85.66701364473846,4.9308051571469097e-05,0.0005847640000000001,0.0004905719999999996,1.7751066988521325,0.2506641366223909,0.0,4.047606580057651,0.5049098655524781,0.0003998361111111111,0.0007939444444444447,breakout_30d|rsi_bearish_divergence|double_bottom_90d,2,1,haussier,365,0,0,30,,,31.0,73.0,56.5,78.5,27.1,51,41.14,4,≈ Neutre vs BTC,False,False,,2,⚡ Volume ×4.0 vs médiane,,4.05,51,8,🔴 Sortie,RSI 86 (surachat extrême)|Près du plus haut 90j (résistance)|Divergence RSI baissière,99993132,99993132,68999659569.0,68999659569.0,68999659569.0,100.0,,,
PENGUUSDT,PENGU,Mid,106,0.007534,16891121.637315,15.322,72.88181811988981,0.00013097076119583336,0.006236580000000002,0.007144200000000001,0.7036696086041593,0.35687150837988824,0.15486033519553064,0.8013142729861932,0.748052497839529,0.005877222222222223,0.007719499999999998,macd_bullish_cross|double_bottom_90d|resistance_test,2,1,haussier,365,0,0,30,,,31.0,57.0,65.0,78.5,37.0,51,40.32,4,≈ Neutre vs BTC,False,False,,0,,,,51,2,,RSI 73 (surachat),476676270,581796512,62860396090.0,76722844201.913,88888888888.0,81.9,,,
PEOPLEUSDT,PEOPLE,Mid,392,0.01136,11852548.767907,41.823,78.20300410662063,0.0002506909187921984,0.006610000000000001,0.006693650000000002,1.3955456901648569,0.2541353383458646,0.0,3.693188705671875,0.4874778861279499,0.005105833333333334,0.0080675,breakout_30d|rsi_bearish_divergence|macd_bullish_cross|double_bottom_90d,3,1,haussier,365,0,0,30,,,31.0,66.0,67.0,78.5,27.1,51,40.93,4,≈ Neutre vs BTC,False,False,,2,⚡ Volume ×3.7 vs médiane,,3.69,51,6,⚠️ Surveiller,RSI 78 (surachat)|Près du plus haut 90j (résistance)|Divergence RSI baissière,57899215,57899215,5066471892.014003,5066471892.014003,,100.0,,,
GALAUSDT,GALA,Mid,285,0.001739,5968609.480119,23.333,49.94079297896899,8.081859649262466e-06,0.0019081799999999998,0.00291778,0.8930690821549607,0.5762917933130699,0.47082066869300915,1.3961660077442557,0.5501217622391261,0.001669666666666667,0.0029775,downtrend,0,1,baissier,365,0,0,30,,,31.0,55.0,59.5,78.5,28.1,51,39.22,4,≈ Neutre vs BTC,False,False,,0,,,,51,0,,,86621025,86621027,49543444945.825905,49543444487.8259,50000000000.0,100.0,,,
WIFUSDT,WIF,Mid,183,0.1719,4876576.258233,15.214,74.74337792234903,0.003930429306071788,0.14955399999999994,0.18016650000000012,0.7012816832077641,0.3010309278350516,0.10927835051546389,0.9345685596349272,0.5454487044240974,0.13806944444444447,0.1853611111111111,downtrend,0,1,baissier,365,0,0,30,,,31.0,57.0,73.0,68.0,28.1,51,39.43,4,≈ Neutre vs BTC,False,False,,0,,,,51,2,,RSI 75 (surachat),172904961,172904961,998926392.0,998926392.0,998926392.0,100.0,,,
AEROUSDT,AERO,Mid,105,0.4863,3238934.42619,4.851,67.48738617193303,0.008654451279981573,,,0.616976122496173,0.1487004686834256,0.0,0.018627932308376043,,0.40037142857142866,0.4699714285714286,,0,0,neutre,36,0,0,30,,,22.0,36.0,79.5,68.0,50,51,32.48,4,≈ Neutre vs BTC,False,False,,0,,,,51,4,⚠️ Surveiller,Volume ×0.0 (épuisement)|Près du plus haut 90j (résistance),479329012,959312831,981416860.9822873,1964174426.298451,,50.0,132286899,$132M,0.67
XTZUSDT,XTZ,Mid,146,0.2244,1733471.8685,4.713,65.37630976317098,0.004027235404835839,0.21710000000000002,0.31194699999999986,0.4977983404793722,0.420017873100983,0.3297587131367292,0.886970725569071,0.617846426458872,0.19850833333333334,0.2987416666666667,downtrend|morning_star_4h,1,1,mixte,365,0,0,30,,,31.0,57.0,79.0,68.0,28.1,51,39.79,4,≈ Neutre vs BTC,False,False,,0,,,,51,0,,,245956244,250448353,1094005357.266879,1113984956.495542,,98.2,,,
VETUSDT,VET,Mid,110,0.005328,1685995.006534,10.494,71.40980830268956,8.17805665795773e-05,0.00471748,0.006230539999999998,0.5409804979711351,0.3419548872180451,0.19849624060150378,0.5854290380526826,0.767940170624856,0.0044564166666666676,0.005796833333333334,macd_bullish_cross|downtrend,1,1,mixte,365,0,0,30,,,31.0,57.0,75.5,68.0,28.1,51,39.58,4,≈ Neutre vs BTC,False,False,,0,,,,51,2,,Volume ×0.6 (épuisement),458766261,458766261,85985041177.0,85985041177.0,86712634466.0,100.0,,,
ARKMUSDT,ARKM,Mid,338,0.0995,1453608.44285,8.035,55.640245809574274,0.0011721984805231692,0.10247800000000006,0.11422949999999998,0.5421848940253333,0.43981782693558885,0.3513337670787248,0.6517733547942598,0.4848089306983669,0.09270277777777775,0.14096944444444445,downtrend,0,1,baissier,365,0,0,30,,,31.0,46.0,79.0,68.0,28.1,51,38.47,4,≈ Neutre vs BTC,False,False,,0,,,,51,0,,,69244398,99622972,695064568.0,1000000000.0,1000000000.0,69.5,,,
KITEUSDT,KITE,Mid,147,0.1015,1160443.92135,6.172,50.555234535425555,0.0009989496774351963,0.10665999999999999,0.16667750000000006,0.6804069133934509,0.5648456057007125,0.5168646080760095,0.19979765555004667,0.324429479034978,0.09531666666666663,0.199925,support_bounce,1,0,haussier,292,0,0,30,,,29.0,37.0,55.0,68.0,53.5,51,36.11,4,≈ Neutre vs BTC,False,False,,0,,,,51,2,,Volume ×0.2 (épuisement),243902003,1020000040,2391196012.0,10000000000.0,10000000000.0,23.9,1026743,$1M,18.73
IMXUSDT,IMX,Mid,251,0.1149,1002151.850082,11.122,54.65840111292713,0.0009461200264130982,0.12025399999999997,0.1480445000000001,0.5664903082687743,0.40463458110516937,0.31431966726084376,0.5100100208006891,0.6044038625436357,0.10761388888888893,0.15788888888888888,downtrend,0,1,baissier,365,0,0,30,,,31.0,46.0,79.0,68.0,28.1,51,38.47,4,≈ Neutre vs BTC,False,False,,0,,,,51,2,,Volume ×0.5 (épuisement),101732713,231349508,879472049.1198139,2000000000.0,2000000000.0,44.0,24834539,$25M,10.93
APEUSDT,APE,Mid,210,0.135,751436.080231,6.049,55.3009425785699,0.0012191101331544127,0.13981999999999994,0.1260625000000001,0.5374595595860088,0.2682926829268293,0.1927424152290304,0.3052013052331651,0.15155796488631237,0.12293888888888886,0.1546777777777778,macd_bullish_cross|downtrend,1,1,mixte,365,0,0,30,,,31.0,45.0,77.5,57.5,28.1,51,37.42,4,≈ Neutre vs BTC,False,False,,0,,,,51,2,,Volume ×0.3 (épuisement),135319611,135319611,1000000000.0,1000000000.0,1000000000.0,100.0,,,
SENTUSDT,SENT,Mid,269,0.01294,674201.73313,6.414,49.16450633329727,-4.2220180993758594e-05,0.013447799999999996,0.017243300000000003,0.6602636900100669,0.40906775343861446,0.33825776872134494,0.2982116134902085,0.2405066396231771,0.012414999999999999,0.016660555555555557,,0,0,neutre,212,0,0,30,,,26.8,37.0,62.5,57.5,50,51,34.02,4,≈ Neutre vs BTC,False,False,,0,,,,51,3,,Volume ×0.3 (épuisement),93693683,444783490,7237882055.0,34359738368.0,34359738368.0,21.1,,,
WALUSDT,WAL,Mid,383,0.0236,648606.43878,6.787,47.01458331850479,0.0003090896845897781,0.027350000000000006,0.056881999999999995,1.1862881575875104,0.686064318529862,0.6370597243491577,0.8374767948772021,0.4644030181971273,0.02326111111111111,0.05113055555555556,,0,0,neutre,316,0,0,30,,,29.7,46.0,44.5,57.5,50,51,35.96,4,≈ Neutre vs BTC,False,False,,0,,,,51,0,,,59357579,118232377,2510208333.0,5000000000.0,5000000000.0,50.2,3539591,$4M,5.23
COINBUSDT,COINB,Speculative,,180.83,3340374.65753,9.329,70.67798013042395,3.550310303405869,,,0.6706081113533653,0.18005759132742372,0.0,0.40997635399439863,,146.0105555555555,170.3022222222222,,0,0,neutre,46,0,0,30,,,8.3,36.0,79.5,68.0,50,51,23.15,4,≈ Neutre vs BTC,False,False,,0,,,,51,4,⚠️ Surveiller,Volume ×0.4 (épuisement)|Près du plus haut 90j (résistance),,,,,,,,,
HMSTRUSDT,HMSTR,Speculative,,0.0001885,958381.0176062,7.224,53.18196291796058,5.57757380392166e-07,0.000196334,0.00017149899999999998,0.9205218772749015,0.5827393075356415,0.5190936863543788,0.12494965300606337,0.1854258772139864,0.0001541222222222222,0.00024905277777777777,macd_bullish_cross,1,0,haussier,365,0,0,30,,,17.0,45.0,49.0,57.5,50,51,27.5,4,≈ Neutre vs BTC,False,False,,0,,,,51,2,,Volume ×0.1 (épuisement),,,,,,,,,
PHAUSDT,PHA,Speculative,813,0.0241,937785.4074,4.783,60.38346879610383,0.00035221944838655057,0.022750000000000006,0.030882500000000004,0.6592170071245949,0.632768361581921,0.544256120527307,0.35972861649406446,0.36914974252606547,0.020872222222222223,0.041069444444444436,support_bounce|downtrend,1,1,mixte,365,0,0,30,,,17.0,57.0,55.0,57.5,31.7,51,28.2,4,≈ Neutre vs BTC,False,False,,0,,,,51,2,,Volume ×0.4 (épuisement),20334556,24193512,840496260.4928192,1000000000.0,1000000000.0,84.0,,,
BARDUSDT,BARD,Speculative,518,0.1143,727180.04747,5.443,52.38093347729319,0.0012125225803208146,0.118988,0.3720665000000001,0.7216290669046067,0.5271389144434223,0.4728610855565778,0.3550055901792697,0.5175887102027977,0.10862777777777778,0.1878305555555556,,0,0,neutre,338,0,0,30,,,16.3,37.0,59.5,57.5,50,51,26.67,4,≈ Neutre vs BTC,False,False,,0,,,,51,2,,Volume ×0.4 (épuisement),40559055,114755946,353437500.0,1000000000.0,1000000000.0,35.3,652948521,$653M,12.71
OPNUSDT,OPN,Speculative,,0.057,588120.33431,5.36,55.27629819233446,0.0014137314398870366,0.057111999999999996,,0.9471353506671624,0.8230769230769232,0.7803846153846155,0.07603202687710749,-0.01952067078524647,0.049408333333333325,0.15732500000000002,double_bottom_90d,1,0,haussier,170,0,0,30,,,11.7,45.0,43.0,57.5,52.0,51,23.63,4,≈ Neutre vs BTC,False,False,,0,,,,51,2,,Volume ×0.1 (épuisement),,,,,,,3609232,$4M,-1.46
ZKPUSDT,ZKP,Speculative,,0.0439,582107.30954,8.933,51.893853059497296,0.00015955134105390774,0.04529199999999999,0.0674805,0.5704935027748402,0.46639784946236557,0.4086021505376344,0.8292151278700067,0.42634229213334407,0.04197222222222224,0.06612500000000002,macd_bullish_cross|downtrend,1,1,mixte,227,0,0,30,,,13.2,46.0,79.0,57.5,28.1,51,25.54,4,≈ Neutre vs BTC,False,False,,0,,,,51,0,,,,,,,,,,,
SOMIUSDT,SOMI,Speculative,913,0.1032,377940.04998,7.5,66.39411420638316,0.001965911951599142,0.09569,0.147074,0.661543280046926,0.5041567695961995,0.3847980997624703,0.2273340784914981,0.5693621149905652,0.08704999999999999,0.14201388888888888,,0,0,neutre,354,0,0,30,,,16.7,48.0,59.5,47.0,50,51,27.45,4,≈ Neutre vs BTC,False,False,,0,,,,51,2,,Volume ×0.2 (épuisement),16579780,103494258,160200000.0,1000000000.0,1000000000.0,16.0,,,
LUMIAUSDT,LUMIA,Speculative,806,0.0862,376821.412168,1.651,58.7186272320383,0.001624889784319497,0.08577600000000002,0.09066599999999997,0.5192319950329409,0.5181422351233672,0.37663280116110304,0.1625899890180715,0.20648621418415614,0.07035833333333334,0.12888333333333335,double_top_90d|uptrend|doji_4h,1,1,mixte,365,0,0,30,,,17.0,57.0,64.0,47.0,25.2,51,27.51,4,≈ Neutre vs BTC,False,False,,0,,,,51,4,⚠️ Surveiller,Volume ×0.2 (épuisement)|Double sommet,20517701,20517701,238888888.0,238888888.0,238888888.0,100.0,,,
PUNDIXUSDT,PUNDIX,Speculative,768,0.0849,276255.50529,9.548,67.78875610226672,0.0012573138683607179,0.07919,0.12520350000000002,0.4741304518356963,0.4996582365003418,0.4183185235816816,0.6280038517177419,0.4945661692012853,0.0747472222222222,0.12961944444444445,downtrend,0,1,baissier,365,0,0,30,,,17.0,57.0,79.0,47.0,28.1,51,28.59,4,≈ Neutre vs BTC,False,False,,0,,,,51,0,,,21991227,21991227,258386541.0999244,258386541.0999244,,100.0,,,
WINUSDT,WIN,Speculative,587,3.341e-05,184047.28855396,5.394,70.7041402999052,-1.0799669322695891e-07,2.5985999999999995e-05,2.1854349999999992e-05,0.7662370438334412,0.1614349775784753,0.0,0.3380904106701287,0.36555713012258206,1.794222222222222e-05,3.091638888888889e-05,rsi_bearish_divergence|resistance_test,0,2,baissier,365,0,0,30,,,17.0,64.0,89.5,47.0,10.2,51,28.98,4,≈ Neutre vs BTC,False,False,,0,,,,51,7,🔴 Sortie,Volume ×0.3 (épuisement)|Près du plus haut 90j (résistance)|Divergence RSI baissière,33280887,33280888,993701854154.286,993701859243.3864,,100.0,,,
TKOUSDT,TKO,Speculative,,0.0537,174494.45438,4.272,67.9393628039636,0.00019918409022430484,0.04762399999999999,0.054008500000000036,0.4012377408490491,0.1877323420074349,0.0,0.37262085665095546,0.6089734554660191,0.04446944444444443,0.05326666666666667,rsi_bearish_divergence,0,1,baissier,365,0,0,30,,,17.0,48.0,100.0,47.0,25.2,51,28.59,4,≈ Neutre vs BTC,False,False,,0,,,,51,6,⚠️ Surveiller,Volume ×0.4 (épuisement)|Près du plus haut 90j (résistance)|Divergence RSI baissière,,,,,,,,,
IQUSDT,IQ,Speculative,882,0.000655,152040.696393,6.678,53.397724002274416,5.616269537415657e-06,0.0006942599999999999,0.0009682700000000001,0.34986311820303534,0.44661095636026005,0.3853296193129062,0.8299918180204657,0.6337006510676726,0.0006327500000000001,0.000980388888888889,macd_bullish_cross|downtrend,1,1,mixte,365,0,0,30,,,17.0,46.0,79.0,47.0,28.1,51,27.27,4,≈ Neutre vs BTC,False,False,,0,,,,51,0,,,17707069,17707069,27071826122.928997,27071826122.92899,60000000000.0,100.0,,,
LINKUSDT,LINK,Etabli,15,11.643,51856730.02623,10.57,86.17150735293602,0.2780288857219286,8.544500000000001,8.789000000000005,0.6345029780567775,0.24247843467283828,0.0,1.593855119019428,0.8026739314832521,7.448277777777777,9.491916666666665,breakout_30d|double_bottom_90d|uptrend,3,0,haussier,365,0,0,30,,,45.0,57.0,81.5,78.5,52.0,50,51.73,3,≈ Neutre vs BTC,False,False,,0,,,,50,6,⚠️ Surveiller,RSI 86 (surachat extrême)|Près du plus haut 90j (résistance),8672987465,11593353573,748099970.424884,1000000000.0,1000000000.0,74.8,,,
VIRTUALUSDT,VIRTUAL,Mid,112,0.6646,7357522.64539,8.63,67.1187661941708,0.011283817286375461,0.5815320000000002,0.6518639999999999,0.6649802357166231,0.3414542257942987,0.1640085394951652,0.6022860287214793,0.5994059279511277,0.5321694444444445,0.7123083333333332,double_top_90d,0,1,baissier,365,0,0,30,,,31.0,57.0,73.0,78.5,25.2,50,40.09,3,≈ Neutre vs BTC,False,False,,0,,,,50,2,,Double sommet,437800162,665424741,657925885.6264099,1000000000.0,1000000000.0,65.8,,,
DEXEUSDT,DEXE,Mid,348,1.917,3551170.30197,2.623,29.82520180335831,0.8031593626888061,13.693040000000007,11.504564999999996,4.980575045244366,0.9651687270297361,0.959927330437688,1.0419450786216775,-0.010113394034181307,2.0118611111111107,33.84152777777778,,0,0,neutre,365,0,0,30,,,31.0,45.0,22.0,68.0,50,50,36.24,3,≈ Neutre vs BTC,False,False,,0,,,,50,0,,,67539763,184844216,35261572.55404574,96504599.33609451,,36.5,,,
TIAUSDT,TIA,Mid,123,0.3518,2513213.863318,8.916,61.13142830013523,0.00562143036880529,0.3507719999999999,0.35349200000000003,0.5853603295322143,0.36866554054054057,0.2550675675675676,0.28942321480044064,0.5300366246604027,0.30808055555555547,0.4221694444444446,macd_bullish_cross|death_cross|double_top_90d,1,2,baissier,365,0,0,30,,,31.0,57.0,83.5,68.0,7.9,50,38.84,3,≈ Neutre vs BTC,False,False,,0,,,,50,4,⚠️ Surveiller,Volume ×0.3 (épuisement)|Double sommet,339285427,416125313,958381298.774339,1175431321.572547,,81.5,,,
CVXUSDT,CVX,Mid,186,1.801,2134750.43727,10.153,67.30211969286728,0.005312561657939308,1.38444,1.6194299999999993,0.8273282593625579,0.365809922295278,0.0,1.4499554716365743,0.61587560517988,1.1389444444444445,1.6553055555555556,rsi_bearish_divergence|resistance_test|uptrend,1,2,baissier,365,0,0,30,,,31.0,66.0,77.5,68.0,10.2,50,39.7,3,≈ Neutre vs BTC,False,False,,0,,,,50,4,⚠️ Surveiller,Près du plus haut 90j (résistance)|Divergence RSI baissière,168572541,180858362,93194447.46809408,99986600.91495128,100000000.0,93.2,543467025,$543M,10.69
IOTAUSDT,IOTA,Mid,177,0.0394,835783.0749,12.251,69.76612896869786,0.0007340922481291685,0.035236,0.052185999999999975,0.6168035377579381,0.5137614678899082,0.39602446483180426,0.3882012559194569,0.7022724496704343,0.03277500000000001,0.054636111111111114,,0,0,neutre,365,0,0,30,,,31.0,48.0,51.5,57.5,50,50,37.53,3,≈ Neutre vs BTC,False,False,,0,,,,50,2,,Volume ×0.4 (épuisement),181988035,196170935,4603200784.0,4961942703.0,,92.8,,,
EGLDUSDT,EGLD,Mid,270,3.039,467227.75515,7.082,66.43330323550066,0.049177407420915274,2.8579000000000003,3.645974999999998,0.4891324152269069,0.36294416243654826,0.2225888324873096,0.3864582091483994,0.594750652718985,2.591388888888889,3.5216666666666665,macd_bullish_cross|downtrend,1,1,mixte,365,0,0,30,,,31.0,48.0,83.5,47.0,28.1,50,37.3,3,≈ Neutre vs BTC,False,False,,0,,,,50,2,,Volume ×0.4 (épuisement),93651953,93651953,30613308.0,30613308.0,,100.0,,,
BATUSDT,BAT,Mid,260,0.066,359224.8529,5.769,51.305989490994556,0.0011330672722472215,0.07256,0.09499149999999991,0.5801157799905857,0.5267111853088481,0.4474123539232054,0.6399922314946159,0.5331104738139861,0.06249722222222224,0.10311666666666668,macd_bullish_cross|downtrend,1,1,mixte,365,0,0,30,,,31.0,46.0,70.0,47.0,28.1,50,36.25,3,≈ Neutre vs BTC,False,False,,0,,,,50,0,,,98775632,99057970,1495724656.9526057,1500000000.0,1500000000.0,99.7,,,
YFIUSDT,YFI,Mid,296,2223.0,350190.01709,5.656,66.88026242631415,24.82958168410264,2072.78,2376.935,0.47896194440299455,0.3517186250999201,0.17272053372868792,0.4420384280242648,0.39983848564022445,1729.9166666666667,2326.5,macd_bullish_cross|downtrend,1,1,mixte,365,0,0,30,,,31.0,48.0,83.5,47.0,28.1,50,37.3,3,≈ Neutre vs BTC,False,False,,0,,,,50,2,,Volume ×0.4 (épuisement),80269851,81673290,36035.94701468851,36666.0,36666.0,98.3,183090582,$183M,7.37
ZILUSDT,ZIL,Mid,440,0.002587,298854.3915128,6.901,56.159341257872526,3.608879213142637e-05,0.0026441399999999993,0.003584585000000001,1.1041702629011396,0.4255754475703325,0.33631713554987214,0.4572865203746661,0.35847952120347065,0.002356333333333334,0.003612138888888888,macd_bullish_cross,1,0,haussier,365,0,0,30,,,31.0,37.0,58.0,47.0,50,50,35.76,3,≈ Neutre vs BTC,False,False,,0,,,,50,2,,Volume ×0.5 (épuisement),50535413,53228467,19513551525.0,20553403215.11333,21000000000.0,94.9,,,
ACMUSDT,ACM,Speculative,,0.288,866508.2046,2.491,59.80237587222535,0.003485174535053673,0.2783,0.3686199999999999,0.40538056373268183,0.31496062992125984,0.24671916010498696,0.41948001238296867,0.506645232483204,0.2663333333333334,0.35594444444444456,double_top_90d|evening_star_4h,0,2,baissier,365,0,0,30,,,17.0,57.0,83.5,57.5,6.0,50,28.37,3,≈ Neutre vs BTC,False,False,,0,,,,50,6,⚠️ Surveiller,Volume ×0.4 (épuisement)|Double sommet|Étoile du soir 4h,,,,,,,,,
CUSDT,C,Speculative,,0.0672,687420.48994,3.067,58.729679394969786,0.0008023102268605383,0.062524,0.07034199999999996,0.7872236414127639,0.5135640785781104,0.37043966323666977,0.1500096213587416,0.12741533533803273,0.05683333333333332,0.09819166666666664,downtrend,0,1,baissier,365,0,0,30,,,17.0,57.0,53.5,57.5,28.1,50,27.9,3,≈ Neutre vs BTC,False,False,,0,,,,50,2,,Volume ×0.2 (épuisement),,,,,,,,,
COOKIEUSDT,COOKIE,Speculative,,0.0116,647492.97838,2.655,55.48366235712282,-8.890306078618683e-05,0.009635999999999999,0.014239500000000002,1.9885660865943402,0.4402985074626866,0.24183006535947715,0.37417340648991826,0.23935647642257438,0.007980555555555557,0.01295833333333333,macd_bearish_cross,0,1,baissier,365,0,0,30,,,17.0,57.0,46.0,57.5,31.6,50,27.66,3,≈ Neutre vs BTC,False,False,,0,,,,50,5,⚠️ Surveiller,Volume ×0.4 (épuisement)|MACD cross baissier,,,,,,,,,
THEUSDT,THE,Speculative,,0.0693,589928.02993,9.479,68.71902629345566,0.0009965087731396587,0.056672,0.11931650000000005,0.8481017358485253,0.47624309392265196,0.23535911602209944,0.597094958357891,0.36942283924885966,0.051097222222222204,0.08286666666666666,rsi_bearish_divergence,0,1,baissier,365,0,0,30,,,17.0,57.0,73.0,57.5,25.2,50,28.89,3,≈ Neutre vs BTC,False,False,,0,,,,50,4,⚠️ Surveiller,Volume ×0.6 (épuisement)|Divergence RSI baissière,,,,,,,1399760,$1M,9.95
UMAUSDT,UMA,Speculative,610,0.353,477404.2461,5.689,58.80228280638151,0.0037958876891206056,0.3533799999999999,0.42001000000000005,0.49536656017858044,0.30196936542669583,0.22538293216630204,0.36514588592310704,0.5664567757889202,0.33033333333333337,0.4368888888888888,macd_bullish_cross|double_top_90d|support_bounce|downtrend,2,2,mixte,365,0,0,30,,,17.0,57.0,83.5,47.0,7.0,50,27.59,3,≈ Neutre vs BTC,False,False,,0,,,,50,4,⚠️ Surveiller,Volume ×0.4 (épuisement)|Double sommet,32058399,45734363,90761019.3808104,129479250.034277,,70.1,,,
SIGNUSDT,SIGN,Speculative,863,0.00723,442822.19096,4.329,55.02404826205881,0.00014076311637976522,0.007673799999999997,0.019402000000000003,0.5761333068019514,0.5034910783553141,0.4359968968192397,0.5310055019478699,0.612649556882979,0.00667611111111111,0.011144166666666667,downtrend,0,1,baissier,365,0,0,30,,,17.0,46.0,70.0,47.0,28.1,50,26.73,3,≈ Neutre vs BTC,False,False,,0,,,,50,2,,Volume ×0.5 (épuisement),18533814,72586738,2553333332.0,10000000000.0,10000000000.0,25.5,,,
GLMRUSDT,GLMR,Speculative,,0.007451,418047.9487926,3.228,45.2939110528575,-1.581787641744052e-05,0.008347920000000002,0.01148547999999999,1.2371942847663637,0.46819548872180444,0.4378195488721804,0.45264471252416244,0.3313781105712099,0.0074808333333333315,0.011625027777777776,doji_4h,0,0,neutre,365,0,0,30,,,17.0,37.0,58.0,47.0,50,50,26.24,3,≈ Neutre vs BTC,False,False,,0,,,,50,3,,Volume ×0.5 (épuisement),,,,,,,,,
MASKUSDT,MASK,Speculative,516,0.407,239437.7049,8.245,70.46947408291983,0.006569355613168629,0.3780000000000001,0.4286349999999997,0.46798130767287804,0.259825327510917,0.1113537117903931,0.3241915192753481,0.567732697402204,0.3470833333333333,0.4342222222222221,double_bottom_90d|downtrend,1,1,mixte,365,0,0,30,,,17.0,48.0,83.5,47.0,30.1,50,27.9,3,≈ Neutre vs BTC,False,False,,0,,,,50,2,,Volume ×0.3 (épuisement),40673390,40673390,100000000.0,100000000.0,100000000.0,100.0,,,
SCUSDT,SC,Speculative,714,0.000514,110209.238361,8.211,54.38284340999972,7.562112140426702e-06,0.0005477599999999999,0.0008511650000000001,0.48205136180734665,0.5172043010752688,0.44623655913978494,0.5383083206141515,0.6797107067546722,0.00048219444444444443,0.0008375277777777779,downtrend,0,1,baissier,365,0,0,30,,,17.0,46.0,70.0,47.0,28.1,50,26.73,3,≈ Neutre vs BTC,False,False,,0,,,,50,2,,Volume ×0.5 (épuisement),25422331,25422331,49751295000.0225,49751295000.0225,,100.0,,,
ASTERUSDT,ASTER,Etabli,47,0.677,12617193.52122,2.888,77.72375441404749,0.008233359471604768,0.61904,0.656915,0.32427336667668405,0.19597315436241614,0.09261744966442946,0.6020702571844844,0.45130579892079103,0.5985000000000001,0.69125,,0,0,neutre,320,0,0,30,,,43.8,48.0,100.0,78.5,50,49,50.8,2,≈ Neutre vs BTC,False,False,,0,,,,49,2,,RSI 78 (surachat),1840589062,5338992039,2692846387.659731,7811132707.271995,8000000000.0,34.5,123050165,$123M,7.76
BONKUSDT,BONK,Mid,144,2.93e-06,5432684.42326669,17.671,58.64652233603372,8.68578923307016e-08,3.113600000000001e-06,5.126499999999999e-06,0.8234862539473427,0.6320132013201321,0.5181518151815181,1.2169081569062943,0.5470684885883665,2.469722222222222e-06,5.337777777777778e-06,double_top_90d,0,1,baissier,365,0,0,30,,,31.0,55.0,55.0,78.5,25.2,49,38.77,2,≈ Neutre vs BTC,False,False,,0,,,,49,2,,Double sommet,257088885,257088885,87994585648790.61,87994585648991.94,87995282867000.55,100.0,11364942,$11M,8.15
CFGUSDT,CFG,Mid,409,0.1431,2721266.06191,8.739,38.112612514612074,-0.0011170203293351458,0.17207799999999995,,0.8039538233753843,0.5406420765027322,0.5109289617486339,1.550509142286792,0.3375575764104579,0.15556388888888883,0.26204722222222215,downtrend,0,1,baissier,159,0,0,30,,,25.4,63.0,55.0,68.0,28.1,49,35.23,2,≈ Neutre vs BTC,False,False,,0,,,,49,1,,,54532414,97485805,380384016.0,680000000.0,,55.9,1635212437,$1.6B,0.23
BABYUSDT,BABY,Mid,432,0.01192,1420654.26659,9.258,54.604110394004444,0.00014273330260892937,0.0121046,0.01394995000000001,1.0953790390805749,0.5051229508196721,0.39088114754098363,1.2454648745661692,0.17148026909496666,0.01069277777777778,0.01636694444444444,macd_bullish_cross|support_bounce|downtrend,2,1,haussier,365,0,0,30,,,31.0,55.0,43.0,68.0,31.7,49,37.6,2,≈ Neutre vs BTC,False,False,,0,,,,49,0,,,51282000,129959983,4314831161.98,10934727850.0,,39.5,3071743929,$3.1B,18.49
IOUSDT,IO,Mid,437,0.1327,1369037.610617,7.886,55.85743480039602,0.00313862691705634,0.14085000000000003,0.13371950000000005,0.7183958326102282,0.43143297380585516,0.31741140215716496,0.426900810520595,0.35458265123139615,0.11915555555555556,0.18955,macd_bullish_cross|downtrend,1,1,mixte,365,0,0,30,,,31.0,45.0,68.5,68.0,28.1,49,37.72,2,≈ Neutre vs BTC,False,False,,0,,,,49,2,,Volume ×0.4 (épuisement),50882123,106460545,381483051.2174219,798176088.0242608,800000000.0,47.8,,,
BLURUSDT,BLUR,Mid,498,0.0148,549147.364656,6.093,60.22590550055207,0.0002464299717289951,0.015087799999999998,0.019605599999999994,0.5377916114348069,0.4272445820433437,0.34365325077399383,0.4649811229192616,0.4103180436234061,0.01341111111111111,0.02083361111111111,support_bounce|downtrend,1,1,mixte,365,0,0,30,,,31.0,37.0,79.0,57.5,31.7,49,36.76,2,≈ Neutre vs BTC,False,False,,0,,,,49,2,,Volume ×0.5 (épuisement),42570515,44495767,2870195348.6015983,3000000000.0,3000000000.0,95.7,16882219,$17M,23.86
XVSUSDT,XVS,Mid,438,3.01,170716.3586,5.245,69.72929051012072,0.030805069270419004,2.7424,2.7587999999999995,0.4618034573446342,0.16423357664233582,0.0,0.3142561954502069,0.47944317411706866,2.425555555555556,2.858333333333333,macd_bullish_cross|resistance_test|downtrend,1,2,baissier,365,0,0,30,,,31.0,48.0,100.0,47.0,13.2,49,37.39,2,≈ Neutre vs BTC,False,False,,0,,,,49,4,⚠️ Surveiller,Volume ×0.3 (épuisement)|Près du plus haut 90j (résistance),50693041,89427069,16861448.958054163,29745107.91783775,30000000.0,56.7,1213962796,$1.2B,13.63
NBISBUSDT,NBISB,Speculative,,228.01,2639327.77408,-0.14,51.14779662759288,-1.4684698210602338,,,1.7235115786826958,0.3337899946968358,0.18207875031349655,0.5386850458431762,,172.47444444444443,259.6494444444445,macd_bearish_cross,0,1,baissier,46,0,0,30,,,8.3,54.0,42.0,68.0,31.6,49,21.96,2,≈ Neutre vs BTC,False,False,,0,,,,49,5,⚠️ Surveiller,Volume ×0.5 (épuisement)|MACD cross baissier,,,,,,,,,
AIGENSYNUSDT,AIGENSYN,Speculative,,0.02134,1105856.54867,3.794,47.320595211140265,0.00015493855034196522,0.0235292,,0.6624986880373123,0.4372688477951636,0.3903271692745377,0.28469408180037264,0.19130567020482742,0.02093805555555555,0.03159777777777778,macd_bullish_cross|support_bounce|downtrend,2,1,haussier,100,0,0,30,,,9.7,45.0,62.5,68.0,31.7,49,23.11,2,≈ Neutre vs BTC,False,False,,0,,,,49,2,,Volume ×0.3 (épuisement),,,,,,,,,
1MBABYDOGEUSDT,1MBABYDOGE,Speculative,,0.0003766,663840.8438386,8.875,69.91567937934381,3.2168641223477135e-06,0.00031610000000000004,0.0003719984999999996,0.5936873551611397,0.32848086405259447,0.11246771542615631,0.4912258608719352,0.6501759543943715,0.0002928944444444445,0.00038183888888888894,rsi_bearish_divergence|macd_bullish_cross,1,1,mixte,365,0,0,30,,,17.0,48.0,83.5,57.5,25.2,49,28.44,2,≈ Neutre vs BTC,False,False,,0,,,,49,4,⚠️ Surveiller,Volume ×0.5 (épuisement)|Divergence RSI baissière,,,,,,,,,
GUNUSDT,GUN,Speculative,,0.00325,619521.80963,7.261,50.945531021387715,6.11572770819649e-05,0.0034648,0.012727350000000005,0.9498690480332483,0.7590673575129533,0.7184801381692574,0.3636514287031851,0.3804692660599704,0.0029616666666666663,0.007989722222222223,,0,0,neutre,365,0,0,30,,,17.0,37.0,49.0,57.5,50,49,26.54,2,≈ Neutre vs BTC,False,False,,0,,,,49,2,,Volume ×0.4 (épuisement),,,,,,,,,
AMPUSDT,AMP,Speculative,559,0.000399,601940.904754,4.724,53.59323817692099,3.842913372074627e-06,0.00041111999999999995,0.0008546950000000007,0.3183045378797475,0.5453431372549019,0.5098039215686274,0.6387094147091348,0.6877553649766355,0.00038277777777777784,0.0006911666666666669,downtrend,0,1,baissier,365,0,0,30,,,17.0,46.0,65.5,57.5,28.1,49,27.3,2,≈ Neutre vs BTC,False,False,,0,,,,49,0,,,35856143,39825531,89781193103.18022,99720253743.71327,100000000000.0,90.0,,,
RLCUSDT,RLC,Speculative,687,0.3106,601046.75997,5.935,65.2709054479204,0.004757386067133269,0.28285,0.37803500000000023,0.8029337433941767,0.45939473111256257,0.3215763117787938,0.5827102269479221,0.5486132103253202,0.26690277777777777,0.4091583333333333,double_top_90d|uptrend,1,1,mixte,365,0,0,30,,,17.0,57.0,68.5,57.5,25.2,49,28.62,2,≈ Neutre vs BTC,False,False,,0,,,,49,4,⚠️ Surveiller,Volume ×0.6 (épuisement)|Double sommet,27018447,27018447,86999784.9868455,86999784.9868455,86999784.9868455,100.0,,,
AEVOUSDT,AEVO,Speculative,771,0.02343,571554.8317562,7.774,73.26894175236419,0.00036170817459499875,0.019457199999999997,0.023097750000000007,0.6361540016920558,0.31920000000000004,0.061200000000000004,0.3357205135059574,0.5154542669641673,0.01787861111111111,0.023523611111111106,macd_bullish_cross|double_top_90d|bullish_engulfing_4h,2,1,haussier,365,0,0,30,,,17.0,48.0,77.5,57.5,28.5,49,28.28,2,≈ Neutre vs BTC,False,False,,0,,,,49,6,⚠️ Surveiller,RSI 73 (surachat)|Volume ×0.3 (épuisement)|Double sommet,21865548,23443414,932694719.031211,1000000000.0,1000000000.0,93.3,15107080,$15M,3.02
TNSRUSDT,TNSR,Speculative,703,0.0349,548500.47931,6.079,66.63778765096932,0.00037852957440065286,0.032146,0.038552,0.537460982434864,0.3543478260869565,0.23913043478260862,0.4519558010144074,0.19674986020603472,0.02920000000000001,0.038949999999999985,downtrend,0,1,baissier,365,0,0,30,,,17.0,48.0,77.5,57.5,28.1,49,28.26,2,≈ Neutre vs BTC,False,False,,0,,,,49,2,,Volume ×0.5 (épuisement),25984246,34967916,743088205.2624216,1000000000.0,1000000000.0,74.3,,,
FUSDT,F,Speculative,,0.002988,419671.005001,6.791,54.57897282456544,4.109287970947625e-05,0.00308106,0.0046605649999999985,0.6383356052508292,0.5055555555555555,0.445,0.7176659072960416,0.6128179254329792,0.002780833333333333,0.004683611111111112,downtrend|bullish_engulfing_4h,1,1,mixte,301,0,0,30,,,15.2,46.0,59.5,47.0,31.5,49,25.11,2,≈ Neutre vs BTC,False,False,,0,,,,49,0,,,,,,,,,3110911,$3M,-0.95
RESOLVUSDT,RESOLV,Speculative,,0.01843,414153.562945,2.56,55.66860373454057,0.00025997325935755967,0.018614600000000002,0.036284150000000015,1.0611295837324335,0.4473684210526316,0.3060150375939849,0.26350044584876275,0.22487823106012803,0.015926388888888893,0.02388944444444445,,0,0,neutre,365,0,0,30,,,17.0,37.0,52.0,47.0,50,49,25.88,2,≈ Neutre vs BTC,False,False,,0,,,,49,2,,Volume ×0.3 (épuisement),,,,,,,6344166,$6M,-0.01
SKLUSDT,SKL,Speculative,754,0.00371,395174.66463,7.536,54.31712605131487,3.654165199875035e-05,0.0037843999999999994,0.005511349999999996,0.522749716232458,0.47840000000000005,0.4064,0.36546607698357464,0.4238778261136442,0.003436666666666666,0.005499444444444443,macd_bullish_cross|downtrend|bullish_engulfing_4h,2,1,haussier,365,0,0,30,,,17.0,37.0,79.0,47.0,31.5,49,26.39,2,≈ Neutre vs BTC,False,False,,0,,,,49,2,,Volume ×0.4 (épuisement),22638256,23606671,6094019337.0,6354708164.569789,7000000000.0,95.9,,,
GLWBUSDT,GLWB,Speculative,,154.21,307206.14308,-0.323,45.48241860730976,-0.1882596176670448,,,0.9402201398598052,0.3670161084121708,0.21304014318588607,0.30093509910921235,,136.88666666666668,188.08166666666668,macd_bearish_cross,0,1,baissier,46,0,0,30,,,8.3,45.0,63.0,47.0,31.6,49,20.46,2,≈ Neutre vs BTC,False,False,,0,,,,49,5,⚠️ Surveiller,Volume ×0.3 (épuisement)|MACD cross baissier,,,,,,,,,
QUICKUSDT,QUICK,Speculative,,0.00873,48030.77578,4.928,65.62084895193976,4.18376129000987e-05,0.007904999999999999,0.009064350000000006,0.40581721869081927,0.2526096033402923,0.08977035490605424,0.1428947266734576,0.194989939528375,0.007106111111111111,0.009344722222222223,macd_bullish_cross|downtrend,1,1,mixte,365,0,0,30,,,17.0,48.0,82.0,47.0,28.1,49,27.69,2,≈ Neutre vs BTC,False,False,,0,,,,49,2,,Volume ×0.1 (épuisement),,,,,,,181747415,$182M,-4.95
BNBUSDT,BNB,Etabli,4,670.2,190089991.59994,6.672,80.45424779516838,5.551748406229587,588.0475999999996,615.7367999999999,0.2972610480168176,0.2396137685393884,0.06795224977043163,0.9245776160382339,0.7372781547802536,558.7841666666666,652.1152777777776,uptrend,1,0,haussier,365,0,0,30,,,45.0,48.0,92.0,78.5,50,48,51.16,1,≈ Neutre vs BTC,False,False,,0,,,,48,4,⚠️ Surveiller,RSI 80 (surachat extrême),89368653984,89368651931,133163260.68,133163260.68,200000000.0,100.0,154197930088,$154.2B,11.1
DOGEUSDT,DOGE,Etabli,11,0.08419,138590921.02555,12.149,78.05496447873404,0.0015550002577337041,0.0722714,0.08936830000000008,0.507326687883038,0.32443531827515404,0.17776474039307716,1.1461337447871207,0.8239803625035711,0.06939416666666667,0.09539027777777778,,0,0,neutre,365,0,0,30,,,45.0,57.0,75.5,78.5,50,48,51.25,1,≈ Neutre vs BTC,False,False,,0,,,,48,2,,RSI 78 (surachat),13125492789,14451279121,155578756383.70514,155578756383.7051,,100.0,,,
REUSDT,RE,Mid,300,0.4833,86539770.09862,-10.234,54.476004802480716,0.014942577815704353,0.48131599999999997,,1.5405870790122675,0.6263933121019108,0.5186106687898089,1.1984498482237453,,0.37746153846153846,0.7790076923076925,bearish_engulfing_4h,0,1,baissier,65,0,0,30,,,22.8,63.0,24.0,78.5,29.7,48,32.56,1,≈ Neutre vs BTC,False,False,,0,,,,48,2,,Engloutissement baissier 4h,77875678,487942843,159600000.0,1000000000.0,1000000000.0,16.0,295296236,$295M,4.38
ONGUSDT,ONG,Mid,444,0.11891,35301475.42271,86.995,95.50449274857641,0.007785518839381302,0.048877,0.06080524999999999,2.2954662406803186,0.38481357987268866,0.0,24.060420578180484,0.4268586296716964,0.042081944444444436,0.06997999999999999,downtrend,0,1,baissier,365,0,0,30,,,31.0,57.0,56.5,78.5,28.1,48,39.28,1,≈ Neutre vs BTC,False,False,,3,⚡ Volume ×24.1 vs médiane,,24.06,48,6,⚠️ Surveiller,RSI 96 (surachat extrême)|Près du plus haut 90j (résistance),49901295,83415040,478583189.0,800000000.0,1000000000.0,59.8,,,
KAITOUSDT,KAITO,Mid,290,0.3497,5738801.73833,1.687,27.31126001975288,-0.02642934597404728,0.7659280000000004,0.5056504999999997,1.7317150318029617,0.7445685909373061,0.728429546865301,0.9090609574202348,0.10481019238449435,0.3989416666666667,1.0634388888888888,,0,0,neutre,365,0,0,30,,,31.0,36.0,28.0,78.5,50,48,36.36,1,≈ Neutre vs BTC,False,False,,0,,,,48,1,,,84456388,349876867,241388889.0,1000000000.0,1000000000.0,24.1,,,
MEGAUSDT,MEGA,Mid,486,0.03909,4507088.038383,12.392,58.86978374700081,0.0010008483574653194,0.04071459999999999,,0.7414198677884559,0.5979102167182663,0.49496904024767807,0.47886899625028634,0.4949205641952143,0.03417055555555556,0.06442861111111112,macd_bullish_cross|downtrend,1,1,mixte,114,0,0,30,,,24.1,45.0,59.5,68.0,28.1,48,32.5,1,≈ Neutre vs BTC,False,False,,0,,,,48,2,,Volume ×0.5 (épuisement),44355005,392594159,1129792788.0,10000000000.0,10000000000.0,11.3,,,
GRTUSDT,GRT,Mid,184,0.01553,926497.49246,11.326,61.332988289094935,0.0002832425521263924,0.015741399999999996,0.0223465,0.5482747812619626,0.5314834578441836,0.4429028815368196,0.5941190156989857,0.7252150659483253,0.013955277777777778,0.024136388888888888,downtrend,0,1,baissier,365,0,0,30,,,31.0,46.0,62.0,57.5,28.1,48,36.61,1,≈ Neutre vs BTC,False,False,,0,,,,48,2,,Volume ×0.6 (épuisement),171689937,182229784,10941320353.043917,11612995353.0437,,94.2,,,
THETAUSDT,THETA,Mid,188,0.1658,861947.22317,9.511,77.46399321035129,0.0036303808852112276,0.13843600000000003,0.17246450000000008,0.542062223473198,0.36340206185567014,0.1402061855670103,0.5950454377891372,0.5759870761387291,0.12823333333333334,0.17997500000000002,double_bottom_90d|bullish_engulfing_4h,2,0,haussier,365,0,0,30,,,31.0,48.0,83.5,57.5,55.4,48,39.77,1,≈ Neutre vs BTC,False,False,,0,,,,48,4,⚠️ Surveiller,RSI 77 (surachat)|Volume ×0.6 (épuisement),166032310,166032310,1000000000.0,1000000000.0,1000000000.0,100.0,,,
2ZUSDT,2Z,Mid,172,0.05504,813647.55984,4.619,51.27726095436522,0.0007800365688294245,0.06032059999999999,0.07597580000000001,0.6548452155364942,0.5522844580386159,0.4740967310265724,0.7409653070965883,0.5091993753305499,0.0524375,0.08673833333333335,macd_bullish_cross|downtrend,1,1,mixte,324,0,0,30,,,29.9,46.0,59.5,57.5,28.1,48,35.69,1,≈ Neutre vs BTC,False,False,,0,,,,48,0,,,190736100,549638614,3469567122.2,9998149622.2,10000000000.0,34.7,64364171,$64M,-43.9
POLYXUSDT,POLYX,Mid,490,0.0334,231653.96353,9.868,59.307734298463274,0.00047565450697432564,0.033898000000000005,0.04270549999999998,0.5615005684966059,0.507908611599297,0.4112478031634446,0.7398497383791659,0.7674152106188584,0.03057222222222223,0.047325000000000006,macd_bullish_cross|downtrend,1,1,mixte,365,0,0,30,,,31.0,46.0,62.0,47.0,28.1,48,35.77,1,≈ Neutre vs BTC,False,False,,0,,,,48,0,,,43842332,43842332,1310111781.79199,1310111781.79199,,100.0,,,
ROBOUSDT,ROBO,Speculative,640,0.01335,5690356.39235,2.692,49.83759580298205,-7.268030257791174e-05,0.0129734,,1.5486018430979815,0.5071003206596426,0.38754008245533667,0.5202949771672605,0.09434402041258373,0.011616666666666668,0.020726666666666664,macd_bearish_cross|uptrend|bullish_engulfing_4h,2,1,haussier,171,0,0,30,,,11.7,54.0,32.5,78.5,35.0,48,24.76,1,≈ Neutre vs BTC,False,False,,0,,,,48,5,⚠️ Surveiller,Volume ×0.5 (épuisement)|MACD cross baissier,29799158,133568616,2231000000.0,10000000000.0,10000000000.0,22.3,,,
TREEUSDT,TREE,Speculative,951,0.0367,1507699.18453,-0.811,54.00921855012882,0.0004456859938966732,0.038006,0.056287000000000004,0.5879556563818106,0.4938461538461539,0.4323076923076923,1.2644550513043544,0.5215734900954948,0.034458333333333334,0.05690277777777776,double_top_90d|downtrend,0,2,baissier,365,0,0,30,,,17.0,55.0,79.0,68.0,3.3,48,28.54,1,≈ Neutre vs BTC,False,False,,0,,,,48,2,,Double sommet,15309686,19034855,90972358.61282107,113107847.6678039,200000000.0,80.4,67102997,$67M,23.5
LITEBUSDT,LITEB,Speculative,,896.81,980448.36118,6.002,54.03438791647612,-4.660505227733495,799.2046,,1.262278917093195,0.30373891665792807,0.07732293028378504,0.36390002057797083,,682.4847619047617,927.1047619047617,macd_bearish_cross,0,1,baissier,53,0,0,30,,,8.5,45.0,57.0,57.5,31.6,48,21.07,1,≈ Neutre vs BTC,False,False,,0,,,,48,5,⚠️ Surveiller,Volume ×0.4 (épuisement)|MACD cross baissier,,,,,,,,,
EWYBUSDT,EWYB,Speculative,,181.94,620953.3228,1.455,57.393781952351006,1.2617655840095763,171.72079999999997,,0.7539348092375943,0.31255014867607495,0.14150186435078121,0.239129984657558,,157.01958333333337,196.98875,downtrend,0,1,baissier,60,0,0,30,,,8.6,45.0,63.0,57.5,28.1,48,21.34,1,≈ Neutre vs BTC,False,False,,0,,,,48,2,,Volume ×0.2 (épuisement),,,,,,,,,
AUCTIONUSDT,AUCTION,Speculative,756,3.023,490246.28432,5.699,54.17948021340228,0.02406556716574794,3.11048,4.200870000000002,0.5217653957469863,0.41099137931034474,0.34590517241379304,0.36999669711834265,0.6001885510630384,2.8818055555555553,4.282777777777778,macd_bullish_cross|downtrend,1,1,mixte,365,0,0,30,,,17.0,37.0,79.0,47.0,28.1,48,26.19,1,≈ Neutre vs BTC,False,False,,0,,,,48,2,,Volume ×0.4 (épuisement),22492507,23161263,7420409.148028981,7641035.648362741,10000000.0,97.1,,,
PROVEUSDT,PROVE,Speculative,594,0.168,417838.56457,4.869,54.839362783214376,0.003160873147883262,0.17793400000000006,0.23244350000000008,0.5424862619525554,0.4484848484848485,0.3625,0.3822172095787041,0.4685944763887419,0.1557638888888889,0.22603611111111105,downtrend,0,1,baissier,365,0,0,30,,,17.0,37.0,79.0,47.0,28.1,48,26.19,1,≈ Neutre vs BTC,False,False,,0,,,,48,2,,Volume ×0.4 (épuisement),32777577,168090139,195000000.0,1000000000.0,1000000000.0,19.5,,,
BREVUSDT,BREV,Speculative,886,0.0706,369555.25511,4.748,52.708370871498325,0.0003554671757123439,0.07230199999999999,0.1061905,0.5238890773758599,0.41885766092475063,0.3590208522212148,0.46193029900214777,0.4443111732088577,0.06788055555555553,0.10086944444444441,macd_bullish_cross|downtrend,1,1,mixte,228,0,0,30,,,13.2,37.0,79.0,47.0,28.1,48,23.63,1,≈ Neutre vs BTC,False,False,,0,,,,48,2,,Volume ×0.5 (épuisement),17655278,70621114,250000000.0,1000000000.0,1000000000.0,25.0,,,
IDUSDT,ID,Speculative,,0.0307,359524.6433,5.862,57.56955095828999,0.000424757656655954,0.031338,0.0352745,0.5242308653033307,0.4039900249376558,0.26139088729016785,0.0984972868410693,0.27877836962525215,0.026422222222222222,0.03991666666666667,downtrend,0,1,baissier,365,0,0,30,,,17.0,37.0,77.5,47.0,28.1,48,26.1,1,≈ Neutre vs BTC,False,False,,0,,,,48,2,,Volume ×0.1 (épuisement),,,,,,,,,
STRAXUSDT,STRAX,Speculative,825,0.00902,312127.68479,4.884,60.00983802532616,0.00010020579627232536,0.0090658,0.012006900000000003,0.35251271021889224,0.4859987554449285,0.4368388301182327,0.30554068487309927,0.1723662176391236,0.008369166666666667,0.012516666666666669,support_bounce|downtrend,1,1,mixte,365,0,0,30,,,17.0,37.0,73.0,47.0,31.7,48,26.04,1,≈ Neutre vs BTC,False,False,,0,,,,48,2,,Volume ×0.3 (épuisement),19847445,19847575,2198534509.5806084,2198549004.229937,,100.0,,,
STGUSDT,STG,Speculative,783,0.1525,257317.27336,2.143,59.44967612848415,0.0025986872233945213,0.14135799999999998,0.1901774999999999,1.0802990819014353,0.8163107397090683,0.7633859486227174,0.1534342839174322,0.09625634454646671,0.12714166666666668,0.3242888888888889,support_bounce|downtrend,1,1,mixte,365,0,0,30,,,17.0,57.0,32.5,47.0,31.7,48,26.01,1,≈ Neutre vs BTC,False,False,,0,,,,48,2,,Volume ×0.2 (épuisement),21533126,21533111,140963785.74200305,140963785.74200305,1000000000.0,100.0,69735565,$70M,8.93
KNCUSDT,KNC,Speculative,741,0.1105,69439.00521,4.739,65.62430463213404,0.0012360676612966773,0.10681199999999999,0.12940150000000006,0.3510028856100697,0.327027027027027,0.25202702702702695,0.22730815899604115,0.7216342199866027,0.10166944444444444,0.13489166666666666,downtrend,0,1,baissier,365,0,0,30,,,17.0,48.0,75.5,47.0,28.1,48,27.3,1,≈ Neutre vs BTC,False,False,,0,,,,48,2,,Volume ×0.2 (épuisement),23167554,26688159,209208102.60686168,240999936.7691974,252301550.0,86.8,1023301,$1M,5.22
XRPUSDT,XRP,Etabli,5,1.3124,551342683.1969,18.213,80.02088622524616,0.032264009284852076,1.08442,1.2752300000000003,0.6714040399753239,0.2645447816432272,0.02886750555144332,1.3693817966679083,0.8546530965003869,1.017763888888889,1.2812555555555556,macd_bullish_cross,1,0,haussier,365,0,0,30,,,45.0,57.0,69.5,78.5,50,47,50.89,0,≈ Neutre vs BTC,False,False,,0,🔥 Trending #12 sur CoinGecko,12,,47,6,⚠️ Surveiller,RSI 80 (surachat extrême)|Près du plus haut 90j (résistance),82632105533,131819186718,62676938832.0,99985629672.0,100000000000.0,62.7,,,
WLDUSDT,WLD,Etabli,59,0.3759,24144044.00521,4.388,59.39762672597357,0.007955517149046635,0.3575459999999998,0.35814049999999986,0.855984371657295,0.5559176418308399,0.4428973485409569,0.3501331591395971,0.1775323043759722,0.30719166666666664,0.5784305555555554,death_cross|downtrend|bullish_engulfing_4h,1,2,baissier,365,0,0,30,,,45.0,57.0,53.5,78.5,14.2,47,47.78,0,≈ Neutre vs BTC,False,False,,0,,,,47,2,,Volume ×0.4 (épuisement),1359752912,3769853154,3606912144.4197245,10000000000.0,10000000000.0,36.1,,,
ESPUSDT,ESP,Mid,390,0.08763,2441930.12854,3.926,66.1320112112974,0.0018191450133951941,0.070886,,2.0463892171367317,0.44703100845685184,0.2008729653541875,0.3421486911123499,0.3378160379017007,0.06055638888888889,0.08070999999999999,double_bottom_90d,1,0,haussier,191,0,0,30,,,26.2,36.0,52.0,68.0,52.0,47,33.84,0,≈ Neutre vs BTC,False,False,,0,,,,47,2,,Volume ×0.3 (épuisement),58431336,316193604,666721772.4531986,3601379682.0,,18.5,,,
STRKUSDT,STRK,Mid,174,0.02628,2292609.3916772,8.416,55.5790749561148,0.0004704044242426256,0.02720860000000001,0.036126149999999996,0.771450444369614,0.45195121951219513,0.3582926829268293,0.4623030026246501,0.5536656939882811,0.023884444444444444,0.03765,downtrend,0,1,baissier,365,0,0,30,,,31.0,37.0,68.5,68.0,28.1,47,36.76,0,≈ Neutre vs BTC,False,False,,0,,,,47,2,,Volume ×0.5 (épuisement),184173510,264029828,6975481203.348971,10000000000.0,10000000000.0,69.8,160841333,$161M,14.95
NIGHTUSDT,NIGHT,Mid,120,0.02084,1388382.22598,7.091,59.12594195312553,0.0006637016997150169,0.0229324,,0.6656486358075068,0.565450369992345,0.46312834906864,0.419806592537124,0.287046958157684,0.01769916666666667,0.03595277777777779,downtrend,0,1,baissier,164,0,0,30,,,25.5,45.0,53.5,68.0,28.1,47,33.07,0,≈ Neutre vs BTC,False,False,,0,,,,47,2,,Volume ×0.4 (épuisement),350005461,505806530,16607399400.634954,24000000000.0,24000000000.0,69.2,,,
SUPERUSDT,SUPER,Mid,369,0.0991,545930.5336,9.382,78.02112347599842,0.0014594635497195585,0.08590800000000001,0.10660550000000002,0.4194337240951923,0.36632891660171474,0.22681215900233828,0.527952890688004,0.645556861958246,0.08257777777777779,0.10924166666666667,uptrend,1,0,haussier,365,0,0,30,,,31.0,48.0,83.5,57.5,50,47,39.45,0,≈ Neutre vs BTC,False,False,,0,,,,47,4,⚠️ Surveiller,RSI 78 (surachat)|Volume ×0.5 (épuisement),63504580,99200401,640164549.0,1000000000.0,1000000000.0,64.0,,,
MANTRAUSDT,MANTRA,Speculative,711,0.00452,5780381.299,-8.871,32.91330589043703,-3.655954507338045e-05,0.005864199999999998,,0.870774766846209,0.5264864864864864,0.5113513513513513,1.9873413922237846,0.3272613222495746,0.005067222222222221,0.00852416666666667,downtrend,0,1,baissier,171,0,0,30,,,11.7,54.0,55.0,78.5,28.1,47,25.69,0,≈ Neutre vs BTC,False,False,,0,,,,47,1,,,25479093,34037982,5590587705.799524,7468567514.788486,10000000000.0,74.9,,,
BICOUSDT,BICO,Speculative,862,0.01857,5075177.1462269,6.418,43.81751268641546,-0.0024389579537059435,0.019974399999999996,0.0227255,3.0681258355671743,0.817384370015949,0.7058637584953374,1.9591372664720177,0.2212258166922849,0.012941944444444445,0.038983888888888894,doji_4h,0,0,neutre,365,0,0,30,,,17.0,55.0,22.0,78.5,50,47,28.76,0,≈ Neutre vs BTC,False,False,,0,,,,47,1,,,18572430,18572430,999999999.9,1000000000.0,1000000000.0,100.0,,,
STORJUSDT,STORJ,Speculative,892,0.0406,1301107.5047,-4.245,32.82142166403057,0.0007409306843248597,0.059373999999999996,0.08639799999999996,1.0813873386905977,0.6268656716417911,0.6203358208955224,2.121757284745713,0.3915193647286838,0.043224999999999986,0.09260555555555555,downtrend,0,1,baissier,365,0,0,30,,,17.0,46.0,44.5,68.0,28.1,47,26.88,0,≈ Neutre vs BTC,False,False,,0,,,,47,0,,,17373096,17373096,424999998.0,424999998.0,,100.0,,,
ERAUSDT,ERA,Speculative,,0.0594,1126284.04972,4.947,39.15893843162031,-4.470858108776392e-05,0.07271600000000002,0.11524149999999998,0.8278219997908974,0.6233243967828418,0.6005361930294906,0.8977674440391982,0.3723902491768297,0.06193611111111111,0.1221611111111111,,0,0,neutre,365,0,0,30,,,17.0,37.0,55.0,68.0,50,47,27.74,0,≈ Neutre vs BTC,False,False,,0,,,,47,1,,,,,,,,,,,
CETUSUSDT,CETUS,Speculative,729,0.02486,568764.381807,9.564,80.10734774695312,0.0005488498453046318,0.0189036,0.020563800000000004,0.5984093841095208,0.33916500994035786,0.011928429423459173,0.6718274604216036,0.663555819381123,0.017128333333333336,0.02313666666666667,uptrend,1,0,haussier,365,0,0,30,,,17.0,48.0,88.0,57.5,50,47,30.2,0,≈ Neutre vs BTC,False,False,,0,,,,47,6,⚠️ Surveiller,RSI 80 (surachat extrême)|Près du plus haut 90j (résistance),23864374,24836227,960869565.0,1000000000.0,1000000000.0,96.1,24733471,$25M,
NEWTUSDT,NEWT,Speculative,,0.04106,531581.35861,7.543,56.287802075186775,0.0006067539435785382,0.042754800000000016,0.0617257,0.45101341911322584,0.5206391478029294,0.451664447403462,0.4475999636974295,0.6290996115521832,0.038430000000000006,0.0657,downtrend,0,1,baissier,365,0,0,30,,,17.0,37.0,70.0,57.5,28.1,47,26.49,0,≈ Neutre vs BTC,False,False,,0,,,,47,2,,Volume ×0.4 (épuisement),,,,,,,,,
AUDIOUSDT,AUDIO,Speculative,868,0.01261,329392.541473,4.647,57.21413631745805,9.985111837685083e-05,0.012801599999999998,0.0172649,0.34734600231111384,0.397119341563786,0.3487654320987654,0.393846807717178,0.756212828270532,0.012069166666666666,0.017775,downtrend,0,1,baissier,365,0,0,30,,,17.0,37.0,71.0,47.0,28.1,47,25.71,0,≈ Neutre vs BTC,False,False,,0,,,,47,2,,Volume ×0.4 (épuisement),18274366,18274366,1449006112.0,1449006112.623409,,100.0,,,
BIGTIMEUSDT,BIGTIME,Speculative,914,0.00577,236054.14462,7.649,54.72322115051843,0.00013675181774637518,0.0061670000000000015,0.010896150000000007,0.6551337078798244,0.6036484245439468,0.5165837479270314,0.5545826784759397,0.6390270325600319,0.005257222222222222,0.010655555555555554,downtrend,0,1,baissier,365,0,0,30,,,17.0,46.0,55.0,47.0,28.1,47,25.83,0,≈ Neutre vs BTC,False,False,,0,,,,47,2,,Volume ×0.6 (épuisement),16530041,29123940,2837878477.2055063,5000000000.0,5000000000.0,56.8,,,
PLTRBUSDT,PLTRB,Speculative,,174.62,50178.5488,0.201,67.91606872989342,-0.7549692978624698,144.06720000000004,,0.7850939859292065,0.08817843866171003,0.019644160071841502,0.023263158039120893,,121.5485714285714,175.60142857142853,macd_bearish_cross|bull_flag,1,1,mixte,53,0,0,30,,,8.5,36.0,79.5,47.0,33.7,47,20.62,0,≈ Neutre vs BTC,False,False,,0,,,,47,7,🔴 Sortie,Volume ×0.0 (épuisement)|Près du plus haut 90j (résistance)|MACD cross baissier,,,,,,,,,
ETHFIUSDT,ETHFI,Etabli,96,0.5578,7748306.77557,2.574,75.27723417279033,0.01617103236910476,0.42504600000000003,0.4335914999999998,0.9724901862809185,0.2715736040609138,0.0,0.5272099908093191,0.36676649820084956,0.31208333333333327,0.47411111111111115,,0,0,neutre,365,0,0,30,,,45.0,48.0,77.5,78.5,50,46,50.29,-1,≈ Neutre vs BTC,False,False,,0,,,,46,6,⚠️ Surveiller,RSI 75 (surachat)|Volume ×0.5 (épuisement)|Près du plus haut 90j (résistance),572032559,572032559,1018168558.0,1018168558.0,1000000000.0,100.0,4154888176,$4.2B,26.18
CHIPUSDT,CHIP,Mid,355,0.03317,5822023.31012,15.938,68.63684761963528,0.0011463885407013209,0.028214400000000004,,1.121735616942829,0.5513535854515396,0.3126679065922712,1.144728626046661,0.3539824092634049,0.024264722222222226,0.04064333333333334,breakout_30d|downtrend,1,1,mixte,123,0,0,30,,,24.4,54.0,49.0,78.5,28.1,46,33.96,-1,≈ Neutre vs BTC,False,False,,0,,,,46,0,,,66116891,330584453,2000000000.0,10000000000.0,10000000000.0,20.0,177174242,$177M,1.28
SUSDT,S,Mid,259,0.02557,1693454.319553,6.32,65.21560003367132,0.00041418686545445667,0.023751599999999998,0.03650170000000001,0.6524812110533631,0.5649533723704185,0.44372153545868576,0.45115249277482455,0.49418285915412813,0.021400833333333334,0.03839138888888888,downtrend,0,1,baissier,365,0,0,30,,,31.0,48.0,59.5,68.0,28.1,46,37.54,-1,≈ Neutre vs BTC,False,False,,0,,,,46,2,,Volume ×0.5 (épuisement),99769358,99769358,3885497663.0,3885497663.0,,100.0,,,
AAOIBUSDT,AAOIB,Speculative,,131.57,590675.18093,4.437,51.92412637248014,-2.7889274598794245,,,1.6604191226038836,0.38138819146351344,0.15506166495375137,0.13724902192353206,,90.25933333333333,149.29800000000003,macd_bearish_cross,0,1,baissier,38,0,0,30,,,8.0,45.0,42.0,57.5,31.6,46,19.89,-1,≈ Neutre vs BTC,False,False,,0,,,,46,5,⚠️ Surveiller,Volume ×0.1 (épuisement)|MACD cross baissier,,,,,,,,,
PSGUSDT,PSG,Speculative,,0.496,366800.89191,2.905,47.4899768385947,0.0008202732454066133,0.5121000000000001,0.7026499999999999,0.3268310650603111,0.580301685891748,0.5598935226264419,0.14862515316227307,0.3185298706326294,0.4888055555555556,0.8250000000000002,macd_bullish_cross|downtrend,1,1,mixte,365,0,0,30,,,17.0,37.0,65.5,47.0,28.1,46,25.38,-1,≈ Neutre vs BTC,False,False,,0,,,,46,2,,Volume ×0.1 (épuisement),,,,,,,,,
DYMUSDT,DYM,Speculative,,0.01578,279855.90539,5.481,62.866264821060334,0.0001892208765379149,0.014744799999999997,0.023514450000000013,0.6459785884660519,0.5061068702290077,0.39580152671755725,0.21259576488760215,0.5291762024913561,0.01369666666666666,0.020867222222222225,rsi_bearish_divergence|downtrend|bullish_engulfing_4h,1,2,baissier,365,0,0,30,,,17.0,57.0,59.5,47.0,6.8,46,26.14,-1,≈ Neutre vs BTC,False,False,,0,,,,46,4,⚠️ Surveiller,Volume ×0.2 (épuisement)|Divergence RSI baissière,,,,,,,,,
ARMBUSDT,ARMB,Speculative,,253.45,198645.51779,0.245,43.43351510250078,-3.507131683365668,,,1.1510556486499663,0.27472678063654116,0.13138511082942203,0.23702182681785502,,234.5546666666666,290.92600000000004,,0,0,neutre,38,0,0,30,,,8.0,36.0,52.5,47.0,50,46,19.7,-1,≈ Neutre vs BTC,False,False,,0,,,,46,3,,Volume ×0.2 (épuisement),,,,,,,,,
ETHUSDT,ETH,Etabli,2,2375.99,1491402118.976301,5.726,85.63137926291826,50.49916389877737,1892.2444,2004.8199999999997,0.6444263756891595,0.2580063511294316,0.0,0.6969413445964278,0.8677828826656114,1613.9461111111111,2050.418333333333,macd_bullish_cross|double_bottom_90d,2,0,haussier,365,0,0,30,,,45.0,39.0,69.5,78.5,52.0,45,48.85,-2,≈ Neutre vs BTC,False,False,,2,🔥 Trending #6 sur CoinGecko,6,,45,6,⚠️ Surveiller,RSI 86 (surachat extrême)|Près du plus haut 90j (résistance),287213603008,287213603008,120681688.04317872,120681688.0431787,,100.0,,,
AAVEUSDT,AAVE,Etabli,50,102.04,17514921.0537,5.719,67.37164023920599,1.374494035704731,92.51,95.88825000000003,0.6551525211957985,0.29428108358416294,0.0,0.4990372309939336,0.5926445029290074,67.49194444444446,98.22166666666665,macd_bullish_cross|resistance_test|downtrend,1,2,baissier,365,0,0,30,,,45.0,48.0,77.5,78.5,13.2,45,48.08,-2,≈ Neutre vs BTC,False,False,,0,,,,45,4,⚠️ Surveiller,Volume ×0.5 (épuisement)|Près du plus haut 90j (résistance),1582099287,1641278284,15423093.601018557,16000000.0,16000000.0,96.4,16661173881,$16.7B,17.95
BIOUSDT,BIO,Mid,337,0.03201,9472082.204154,5.435,73.42691312405606,0.0009107148989940195,0.026156,0.028074749999999996,0.8713627357899734,0.3927003293084522,0.11964873765093312,0.7170005732545195,0.3066995024708239,0.02357361111111111,0.03365972222222222,double_top_90d|downtrend,0,2,baissier,365,0,0,30,,,31.0,57.0,73.0,78.5,3.3,45,38.78,-2,≈ Neutre vs BTC,False,False,,0,,,,45,4,⚠️ Surveiller,RSI 73 (surachat)|Double sommet,69441112,107478493,2145029070.25,3320000000.0,3320000000.0,64.6,4326910,$4M,24.72
METUSDT,MET,Mid,227,0.2208,3040739.48642,0.914,75.19983646189253,0.005775946742044742,0.165124,0.15926599999999996,0.9049741514145118,0.3246346555323591,0.0,0.7040234538856192,0.41546932365048317,0.10964166666666667,0.1841555555555556,macd_bullish_cross|downtrend,1,1,mixte,282,0,0,30,,,28.7,64.0,77.5,68.0,28.1,45,38.99,-2,≈ Neutre vs BTC,False,False,,0,,,,45,4,⚠️ Surveiller,RSI 75 (surachat)|Près du plus haut 90j (résistance),120153577,220186655,544453021.296434,997733843.178018,1000000000.0,54.6,193669863,$194M,13.15
SFPUSDT,SFP,Mid,207,0.2774,251743.955,2.551,75.54431739840561,0.004652490856351506,0.22624599999999995,0.26487349999999976,0.5459763898282229,0.33245815556284875,0.08893994092550053,0.43173582931927484,0.5180766465913408,0.21068888888888881,0.2719472222222222,uptrend,1,0,haussier,365,0,0,30,,,31.0,39.0,88.0,47.0,50,45,37.8,-2,≈ Neutre vs BTC,False,False,,0,,,,45,4,⚠️ Surveiller,RSI 76 (surachat)|Volume ×0.4 (épuisement),138706324,138706324,500000000.0,500000000.0,500000000.0,100.0,,,
TFUELUSDT,TFUEL,Mid,380,0.0082,198367.97163,6.494,68.78125766160507,0.00011495516083335621,0.0076554000000000014,0.010562249999999994,0.42154485528680236,0.33083411433926907,0.23149015932521086,0.5013429458898258,0.7416536899255864,0.0072563888888888895,0.009713611111111112,macd_bullish_cross|double_top_90d|downtrend|doji_4h,1,2,baissier,365,0,0,30,,,31.0,57.0,75.5,47.0,3.3,45,36.41,-2,≈ Neutre vs BTC,False,False,,0,,,,45,4,⚠️ Surveiller,Volume ×0.5 (épuisement)|Double sommet,60657226,60661778,7439647146.0,7440162466.0,,100.0,,,
MMTUSDT,MMT,Speculative,561,0.1742,1365761.80629,-4.18,48.299870723142945,-0.0014398553727825118,0.17645200000000005,0.14166,1.692102049268306,0.3975667189952905,0.3139717425431711,0.3536762776444123,0.20066517958337088,0.11574444444444443,0.21071111111111118,downtrend,0,1,baissier,291,0,0,30,,,15.0,45.0,41.5,68.0,28.1,45,25.2,-2,≈ Neutre vs BTC,False,False,,0,,,,45,3,,Volume ×0.4 (épuisement),35646352,174655324,204095424.0,1000000000.0,1000000000.0,20.4,4234516,$4M,4.39
TOWNSUSDT,TOWNS,Speculative,,0.00263,878813.65341,7.787,63.928964636480245,2.6256880496270425e-05,0.0021599999999999996,0.0029904000000000016,1.1255848148605903,0.4397590361445783,0.20481927710843376,0.350029865533494,0.3369483853746819,0.0019102777777777777,0.0028972222222222225,rsi_bearish_divergence|macd_bullish_cross|double_top_90d|uptrend,2,2,mixte,365,0,0,30,,,17.0,57.0,62.5,57.5,0.3,45,26.77,-2,≈ Neutre vs BTC,False,False,,0,,,,45,6,⚠️ Surveiller,Volume ×0.4 (épuisement)|Divergence RSI baissière|Double sommet,,,,,,,,,
MIRAUSDT,MIRA,Speculative,,0.04169,716327.394693,5.066,51.757778687178764,0.00021087537200511455,0.04258599999999999,0.06847550000000002,0.7306562764915033,0.5403128760529482,0.49735258724428394,0.2819009068981588,0.5355472898445175,0.039634444444444444,0.07291388888888889,macd_bullish_cross|double_top_90d,1,1,mixte,330,0,0,30,,,16.0,37.0,59.5,57.5,25.2,45,25.03,-2,≈ Neutre vs BTC,False,False,,0,,,,45,4,⚠️ Surveiller,Volume ×0.3 (épuisement)|Double sommet,,,,,,,,,
OPENUSDT,OPEN,Speculative,558,0.1675,578477.40338,5.879,44.76991520297169,-0.004679042812769591,0.17007800000000003,0.18093300000000004,0.9771568714606459,0.4193418940609952,0.3302568218298556,0.22787204209195594,0.24334146777262253,0.1502083333333334,0.22676666666666664,uptrend,1,0,haussier,348,0,0,30,,,16.5,28.0,62.5,57.5,50,45,25.95,-2,≈ Neutre vs BTC,False,False,,0,,,,45,3,,Volume ×0.2 (épuisement),35967282,166901539,215500000.0,1000000000.0,1000000000.0,21.6,,,
BCHUSDT,BCH,Etabli,21,259.0,29775846.4149,21.596,78.4008702580662,4.091226668063944,220.602,357.2790000000001,0.6404334677352749,0.45862951379016204,0.26442991185669606,2.9604581669867303,0.7281925116656535,195.95555555555555,287.01388888888897,breakout_30d|macd_bullish_cross|resistance_test|squeeze_breakout|downtrend,3,2,haussier,365,0,0,30,,,45.0,66.0,65.0,78.5,13.2,44,49.49,-3,≈ Neutre vs BTC,False,False,,0,,,,44,2,,RSI 78 (surachat),5197481908,5197481908,20078134.27165078,20078312.39665078,21000000.0,100.0,,,
XAUTUSDT,XAUT,Etabli,35,4544.83,18942168.032792,1.679,70.63872282679216,15.923342486446487,4171.5314,,0.2739395989091445,0.12352110169547374,0.001713709455941229,0.2655601890275501,0.5948354146325227,4007.5638888888893,4478.805833333335,rsi_bearish_divergence|resistance_test|uptrend,1,2,baissier,149,0,0,30,,,39.1,36.0,100.0,78.5,10.2,44,43.79,-3,≈ Neutre vs BTC,False,False,,0,,,,44,6,⚠️ Surveiller,Volume ×0.3 (épuisement)|Près du plus haut 90j (résistance)|Divergence RSI baissière,2784630053,3215955819,612823.6595320001,707747.089,,86.6,3219972195,$3.2B,4.68
WBTCUSDT,WBTC,Speculative,,76385.58,6457252.3120826,9.792,84.27301892145977,1235.7507530878704,64573.744399999996,68884.52089999994,0.39471153268141157,0.2404560187157768,0.010545588447207698,0.623178688840761,0.9995868216679323,60584.29444444444,71671.7847222222,macd_bullish_cross|resistance_test,1,1,mixte,365,0,0,30,,,17.0,48.0,86.0,78.5,35.0,44,30.86,-3,≈ Neutre vs BTC,False,False,,0,,,,44,6,⚠️ Surveiller,RSI 84 (surachat extrême)|Près du plus haut 90j (résistance),,,,,,,8582357440,$8.6B,18.78
BANKUSDT,BANK,Speculative,952,0.036,3771449.39124,0.84,38.820566164550826,0.0019108186700701746,0.09307,0.051111000000000024,4.108341504679741,0.9075585988938635,0.905451672372926,0.7772873534913992,0.06642694216318122,0.03322777777777778,0.19532222222222223,macd_bullish_cross|uptrend,2,0,haussier,282,0,0,30,,,14.7,45.0,22.0,68.0,50,44,25.17,-3,≈ Neutre vs BTC,False,False,,0,,,,44,0,,,15233963,15233963,425250000.0,425250000.0,2100000000.0,100.0,460991541,$461M,2.12
PARTIUSDT,PARTI,Speculative,,0.025,972799.87474,5.485,47.49045990190175,0.0006554594567882988,0.029528,0.058729500000000004,0.634481545826241,0.63915857605178,0.593851132686084,0.4456724947370491,-0.06725112015864354,0.023494444444444443,0.05921666666666665,downtrend,0,1,baissier,365,0,0,30,,,17.0,37.0,49.0,57.5,28.1,44,25.23,-3,≈ Neutre vs BTC,False,False,,0,,,,44,2,,Volume ×0.4 (épuisement),,,,,,,,,
SAHARAUSDT,SAHARA,Speculative,660,0.00811,643641.01334,5.052,47.17855140665854,0.00011585323592202363,0.008763,0.019654649999999992,0.5752613903800577,0.8055481461723127,0.7836756468391571,0.1716976730058964,0.26020604072965614,0.007749722222222221,0.03260972222222222,downtrend,0,1,baissier,365,0,0,30,,,17.0,37.0,53.5,57.5,28.1,44,25.5,-3,≈ Neutre vs BTC,False,False,,0,,,,44,2,,Volume ×0.2 (épuisement),28924893,80897006,3575520834.0,10000000000.0,10000000000.0,35.8,,,
TLMUSDT,TLM,Speculative,,0.001404,497808.419411,1.887,42.15305362765386,-1.7257180154237747e-05,0.00178226,0.0016325600000000001,1.172426377665696,0.5882885602173257,0.5753093872623,0.15104920896374255,0.23077642369557239,0.0009452500000000001,0.002353083333333333,,0,0,neutre,365,0,0,30,,,17.0,36.0,38.5,47.0,50,44,24.95,-3,≈ Neutre vs BTC,False,False,,0,,,,44,3,,Volume ×0.2 (épuisement),,,,,,,,,
CRCLBUSDT,CRCLB,Mid,298,86.96,18558997.694,7.358,72.3387262958833,1.870816242188143,66.78160000000001,,0.7600927165100886,0.2800190976366675,0.0,0.4288480787153779,,60.613214285714285,81.95892857142859,downtrend,0,1,baissier,72,0,0,30,,,23.0,36.0,67.5,78.5,28.1,43,31.96,-4,≈ Neutre vs BTC,False,False,,0,,,,43,6,⚠️ Surveiller,RSI 72 (surachat)|Volume ×0.4 (épuisement)|Près du plus haut 90j (résistance),79258816,79293516,906638.9171989601,906638.9171989601,,100.0,,,
ALLOUSDT,ALLO,Mid,315,0.3054,8189517.93199,6.634,49.55871870897853,0.006007276935552388,0.35086200000000006,0.20525150000000006,1.52641562680011,0.5149816354146529,0.40962690895031895,0.12854043405175972,-0.08518811217532765,0.18653611111111112,0.46900555555555556,macd_bullish_cross|double_top_90d,1,1,mixte,284,0,0,30,,,28.8,45.0,32.5,78.5,25.2,43,34.71,-4,≈ Neutre vs BTC,False,False,,0,,,,43,4,⚠️ Surveiller,Volume ×0.1 (épuisement)|Double sommet,74971910,240990258,245127681.3954348,787940197.9200388,1000000000.0,31.1,,,
RIFUSDT,RIF,Mid,307,0.0764,2549638.571,-0.261,48.29854723919555,0.002003994324225115,0.09586599999999997,0.06336650000000005,2.418160909535715,0.5297491039426523,0.4508960573476703,0.2759221321897233,-0.017814901462680204,0.06123611111111112,0.13254444444444438,double_top_90d,0,1,baissier,365,0,0,30,,,31.0,45.0,32.5,68.0,25.2,43,35.38,-4,≈ Neutre vs BTC,False,False,,0,,,,43,4,⚠️ Surveiller,Volume ×0.3 (épuisement)|Double sommet,76585345,76585345,1000000000.0,1000000000.0,,100.0,,,
SNDKBUSDT,SNDKB,Speculative,597,1615.13,45243685.163056,-0.067,55.63565249862743,35.283891634401805,1505.5193999999997,,1.7888396014119887,0.5646750827011243,0.30367162801530245,0.09537108809651405,,1207.0589285714284,2182.082142857143,downtrend,0,1,baissier,72,0,0,30,,,9.0,45.0,28.5,78.5,28.1,43,21.18,-4,≈ Neutre vs BTC,False,False,,0,,,,43,2,,Volume ×0.1 (épuisement),32627652,32645357,20275.26659948,20286.26889372,,99.9,,,
EPICUSDT,EPIC,Speculative,,0.3648,2655698.85746,10.178,39.14661305352166,-0.027642248424125236,0.5597979999999999,0.3875845000000001,3.1039284317943867,0.7198518892535555,0.6925860472944543,0.31622170380818,0.030692131016406946,0.2826111111111111,0.8578222222222223,support_bounce|uptrend,2,0,haussier,365,0,0,30,,,17.0,36.0,28.0,68.0,53.5,43,26.21,-4,≈ Neutre vs BTC,False,False,,0,,,,43,3,,Volume ×0.3 (épuisement),,,,,,,,,
INTCBUSDT,INTCB,Speculative,,93.24,1614257.1778,-0.819,41.86211356055582,-0.45209805224729793,101.16079999999998,,0.9776513431062996,0.41680997420464316,0.3318286041845801,0.3187265808148256,,89.57000000000001,130.2525,macd_bearish_cross,0,1,baissier,60,0,0,30,,,8.6,36.0,58.5,68.0,31.6,43,21.05,-4,≈ Neutre vs BTC,False,False,,0,,,,43,5,⚠️ Surveiller,Volume ×0.3 (épuisement)|MACD cross baissier,,,,,,,,,
ONEUSDT,ONE,Speculative,,0.000799,1501170.0779033,11.592,34.4137127831482,-2.012025138063155e-05,0.0011267399999999998,0.0018681349999999997,1.3856908579313039,0.6381909547738692,0.5969849246231156,1.8316334185916407,0.3258639537960742,0.0009290277777777779,0.0017738888888888889,downtrend,0,1,baissier,365,0,0,30,,,17.0,46.0,44.5,68.0,28.1,43,26.88,-4,≈ Neutre vs BTC,False,False,,0,,,,43,1,,,,,,,,,,,
MOVRUSDT,MOVR,Speculative,,0.775,1062055.987627,5.73,26.13006043894299,-0.011321130516523004,1.1597600000000003,1.470815,1.0176125693982767,0.6283716283716283,0.6138861138861138,0.6541237281046711,0.42237551321300104,0.9379444444444444,1.6615277777777784,downtrend,0,1,baissier,365,0,0,30,,,17.0,28.0,44.5,68.0,28.1,43,24.72,-4,≈ Neutre vs BTC,False,False,,0,,,,43,1,,,,,,,,,,,
AMDBUSDT,AMDB,Speculative,,474.35,213044.02026,0.247,44.51422489915907,-0.7754652583350117,506.1034,,0.8865429108466757,0.2601557239783851,0.18099891234915325,0.07018579175017559,,464.2870833333334,557.8266666666666,macd_bearish_cross,0,1,baissier,60,0,0,30,,,8.6,36.0,63.0,47.0,31.6,43,19.64,-4,≈ Neutre vs BTC,False,False,,0,,,,43,5,⚠️ Surveiller,Volume ×0.1 (épuisement)|MACD cross baissier,,,,,,,,,
PEPEUSDT,PEPE,Etabli,57,3.46e-06,66999401.40129663,18.089,75.702742452097,6.259862686020358e-08,2.792999999999999e-06,3.3353500000000027e-06,0.7863399345825783,0.3527777777777777,0.03888888888888887,1.0108667068051627,0.7451718584458642,2.481666666666666e-06,3.2919444444444446e-06,macd_bullish_cross|downtrend,1,1,mixte,365,0,0,30,,,45.0,57.0,69.5,78.5,28.1,42,49.58,-5,≈ Neutre vs BTC,False,False,,0,🔥 Trending #10 sur CoinGecko,10,,42,4,⚠️ Surveiller,RSI 76 (surachat)|Près du plus haut 90j (résistance),1464892582,1464892582,420690000000000.0,420690000000000.0,420690000000000.0,100.0,,,
币安人生USDT,币安人生,Etabli,99,0.5117,6203500.04686,14.27,46.63305726649355,0.004108921538157992,0.6079459999999999,0.3876345000000001,0.9690290314234746,0.47288715192965314,0.37554958475818273,0.46699282161110567,-0.008761354529307637,0.4599888888888889,0.7538222222222224,macd_bullish_cross|double_top_90d|downtrend,1,2,baissier,227,0,0,30,,,41.2,45.0,62.5,78.5,3.3,42,43.66,-5,≈ Neutre vs BTC,False,False,,0,,,,42,4,⚠️ Surveiller,Volume ×0.5 (épuisement)|Double sommet,515287043,515287043,1000000000.0,1000000000.0,1000000000.0,100.0,,,
DYDXUSDT,DYDX,Mid,253,0.11808,1218416.7601763,6.957,56.96242508975801,0.00122313338996305,0.1187862,0.12228419999999997,0.6545182632025818,0.4746908404946552,0.37817019492768816,0.30845726509601473,0.1336943593534324,0.10916277777777779,0.16910249999999996,macd_bullish_cross|death_cross|downtrend,1,2,baissier,365,0,0,30,,,31.0,37.0,62.5,68.0,10.8,42,35.36,-5,≈ Neutre vs BTC,False,False,,0,,,,42,2,,Volume ×0.3 (épuisement),100706567,113729090,848607938.8070294,958342751.0,1000000000.0,88.5,74980875,$75M,-1.11
WBETHUSDT,WBETH,Speculative,,2621.31,2027025.010456,5.738,86.25846861264586,55.9639137430612,2085.1166000000003,2197.246999999999,0.6443471750281708,0.256690189447531,0.0,0.6252103598334949,0.8649798664816554,1773.3702777777778,2256.368611111111,macd_bullish_cross|double_bottom_90d,2,0,haussier,365,0,0,30,,,17.0,39.0,69.5,68.0,52.0,42,28.97,-5,≈ Neutre vs BTC,False,False,,0,,,,42,6,⚠️ Surveiller,RSI 86 (surachat extrême)|Près du plus haut 90j (résistance),,,,,,,,,
GENIUSUSDT,GENIUS,Mid,243,0.3247,2111702.7116,-0.338,40.584428821272276,-0.0046440533902946364,0.3507260000000001,,0.7237617098624612,0.5706401766004415,0.5527041942604857,0.3906148397884743,0.011102070629162441,0.32658888888888893,0.5443444444444444,macd_bearish_cross|uptrend,1,1,mixte,92,0,0,30,,,23.5,36.0,49.0,68.0,31.6,41,30.59,-6,≈ Neutre vs BTC,False,False,,0,,,,41,5,⚠️ Surveiller,Volume ×0.4 (épuisement)|MACD cross baissier,108660716,309083229,335377059.0,953973324.2879035,1000000000.0,35.2,,,
NXPCUSDT,NXPC,Mid,367,0.2128,554139.37171,1.478,43.339455073883435,0.0022151851501039394,0.24140200000000006,0.29064249999999986,0.6987522892622767,0.5858959537572254,0.5065895953757226,0.7354423180490017,0.2594299894713347,0.21461944444444442,0.39031666666666665,macd_bullish_cross|downtrend,1,1,mixte,365,0,0,30,,,31.0,37.0,49.0,57.5,28.1,41,34.75,-6,≈ Neutre vs BTC,False,False,,0,,,,41,0,,,63939942,211628555,300487019.5175758,994552574.1697733,1000000000.0,30.2,,,
PORTALUSDT,PORTAL,Speculative,,0.01125,3217727.954871,3.974,48.27784878784563,-2.0677192583897592e-05,0.011251200000000001,0.011993550000000002,2.0108195574079026,0.7081664098613252,0.6533127889060093,0.35054422457300816,0.03869170618387897,0.009313333333333335,0.0193475,macd_bearish_cross,0,1,baissier,365,0,0,30,,,17.0,37.0,28.0,68.0,31.6,41,25.02,-6,≈ Neutre vs BTC,False,False,,0,,,,41,5,⚠️ Surveiller,Volume ×0.4 (épuisement)|MACD cross baissier,,,,,,,,,
BNTUSDT,BNT,Speculative,614,0.318,217905.45602,7.541,77.46429450262318,0.005937806657639676,0.27240200000000003,0.29138200000000003,0.5212498018336588,0.27705882352941186,0.06617647058823535,0.9007206132097122,0.767043945058473,0.2565361111111111,0.31444722222222227,downtrend,0,1,baissier,365,0,0,30,,,17.0,48.0,80.0,47.0,28.1,41,27.57,-6,≈ Neutre vs BTC,False,False,,0,,,,41,2,,RSI 77 (surachat),31687732,31687732,100424431.5162307,100424431.5162307,110542364.6372305,100.0,15818481,$16M,15.89
FLOKIUSDT,FLOKI,Mid,149,2.522e-05,3203186.94804138,14.221,76.15323630417991,4.864398294167084e-07,2.15612e-05,2.719560000000003e-05,0.6211359434578834,0.32239512855209745,0.14749661705006772,0.8755275545431528,0.6828406974956421,2.0374722222222224e-05,2.7618333333333336e-05,downtrend,0,1,baissier,365,0,0,30,,,31.0,48.0,73.0,68.0,28.1,40,38.35,-7,≈ Neutre vs BTC,False,False,,0,,,,40,2,,RSI 76 (surachat),242332445,502481611,9645425414139.46,9645425414139.46,20000000000000.0,100.0,11237242,$11M,12.76
ATMUSDT,ATM,Speculative,,1.374,624783.36839,1.552,36.85323406606564,0.0004440467774379786,1.9727,1.38203,1.0435250198511683,0.5309672929714683,0.5208768267223383,0.17534557856274355,0.05800573106009112,0.9650555555555557,2.658805555555555,downtrend,0,1,baissier,365,0,0,30,,,17.0,36.0,38.5,57.5,28.1,39,24.48,-8,🔴 Sous-performe BTC,False,False,,0,,,,39,2,,Volume ×0.2 (épuisement),,,,,,,,,
MOVEUSDT,MOVE,Speculative,662,0.0066,271220.63481,8.197,41.49291238530985,0.0001433680803117752,0.008889999999999999,0.015745500000000006,0.8657144031885712,0.6375000000000001,0.5812499999999999,0.3603021971860561,0.43926091432656306,0.0066944444444444464,0.01501388888888889,downtrend,0,1,baissier,365,0,0,30,,,17.0,28.0,55.0,47.0,28.1,39,23.67,-8,🔴 Sous-performe BTC,False,False,,0,,,,39,2,,Volume ×0.4 (épuisement),28857054,66625232,4331250000.0,10000000000.0,10000000000.0,43.3,,,
SOPHUSDT,SOPH,Speculative,,0.00363,178808.17858,4.011,42.847520778726576,2.097564842601604e-05,0.004235600000000002,0.007114899999999996,0.7684980565953959,0.577020202020202,0.5404040404040404,0.34442543897978783,0.5054441169256333,0.0037008333333333338,0.006863333333333334,downtrend,0,1,baissier,365,0,0,30,,,17.0,28.0,55.0,47.0,28.1,39,23.67,-8,🔴 Sous-performe BTC,False,False,,0,,,,39,2,,Volume ×0.3 (épuisement),,,,,,,,,
SOXLBUSDT,SOXLB,Speculative,947,126.35,5821130.30522,0.541,44.87079832805687,-0.11763540287869123,,,1.900004705725693,0.5300971861802269,0.3571973744466494,0.11002176943266234,,111.82611111111112,182.22388888888884,macd_bearish_cross,0,1,baissier,46,0,0,30,,,8.3,36.0,28.5,78.5,31.6,38,19.83,-9,🔴 Sous-performe BTC,False,False,,0,,,,38,5,⚠️ Surveiller,Volume ×0.1 (épuisement)|MACD cross baissier,15374640,15397375,122302.3302347,122483.18174873,,99.9,,,
ZBTUSDT,ZBT,Speculative,715,0.0783,1459496.88115,3.571,40.51849909384628,-0.0023669549671638743,0.10792399999999999,0.10999599999999989,2.4732795760060164,0.6067056945183609,0.5822245875465674,0.6030795563568614,-0.021706707610821475,0.08719166666666668,0.14237222222222223,death_cross,0,1,baissier,309,0,0,30,,,15.5,37.0,28.0,68.0,32.7,38,24.04,-9,🔴 Sous-performe BTC,False,False,,0,,,,38,1,,,25407786,78682178,322916660.0,1000000000.0,1000000000.0,32.3,54367737,$54M,2.81
HOMEUSDT,HOME,Speculative,691,0.00623,3832435.31603,1.964,35.503577586885015,-0.00014798828364905622,0.009565599999999999,0.019994500000000002,1.4795487854418679,0.9116626171468241,0.891877820201319,0.49121012003513154,-0.09844710862100303,0.006101388888888889,0.03885166666666667,macd_bearish_cross|doji_4h,0,1,baissier,365,0,0,30,,,17.0,28.0,32.5,68.0,31.6,36,24.21,-11,🔴 Sous-performe BTC,False,False,,0,,,,36,5,⚠️ Surveiller,Volume ×0.5 (épuisement)|MACD cross baissier,26930623,62487137,4309786716.11,10000000000.0,10000000000.0,43.1,,,
SYNUSDT,SYN,Speculative,751,0.10496,1853503.300051,-6.983,41.23891343783991,0.0054343594964545265,0.18461119999999995,0.10422770000000005,2.3026058925948,0.8482966643009227,0.8151880766501064,0.3466087010115899,0.02294940494360685,0.03905555555555555,0.41908694444444444,downtrend,0,1,baissier,365,0,0,30,,,17.0,36.0,22.0,68.0,28.1,36,24.33,-11,🔴 Sous-performe BTC,False,False,,0,,,,36,2,,Volume ×0.3 (épuisement),22836869,26061568,219066529.0,250000000.0,250000000.0,87.6,11771055,$12M,2.58
EURIUSDT,EURI,Speculative,532,1.1695,14180452.78224,0.0,74.20369865619503,0.0011382475728778747,1.148786,1.159992,0.05117966652168328,0.06475374732334038,0.0,4.604437811194202,0.21334092675058364,1.1337055555555557,1.1648194444444446,resistance_test|uptrend,1,1,mixte,365,0,0,30,,,17.0,75.0,94.0,78.5,35.0,68,34.58,21,🟢 Surperforme BTC,False,True,,2,⚡ Volume ×4.6 vs médiane,,4.6,68,4,⚠️ Surveiller,RSI 74 (surachat)|Près du plus haut 90j (résistance),38720712,38720712,33139851.48990108,33139851.48990108,,100.0,,,
BFUSDUSDT,BFUSD,Etabli,62,1.0002,4754470.5941,0.04,65.60623428396542,6.0108970174239354e-05,0.9993139999999998,0.9993985000000003,0.004475180030993071,0.000900090009000912,0.0,3.142061661192995,0.13545826256409751,0.9987944444444439,0.9999194444444447,breakout_30d|support_bounce|resistance_test|squeeze_breakout,3,1,haussier,365,0,0,30,,,45.0,75.0,94.0,68.0,38.6,66,53.0,19,🟢 Surperforme BTC,False,True,,0,,,,66,2,,Près du plus haut 90j (résistance),1319778559,1319778559,1320000000.0,1320000000.0,,100.0,,,
USDPUSDT,USDP,Speculative,634,0.9999,70600.7943,-0.02,49.238216833983905,-0.00011242685954212579,1.0003339999999996,1.0002225000000007,0.0145556625099785,0.0035953260761011157,0.0012983121941476867,1.4514893425262494,-0.10007238913242189,0.997341666666667,1.0020444444444445,support_bounce|morning_star_4h,2,0,haussier,365,0,0,30,,,17.0,63.0,94.0,47.0,53.5,65,31.73,18,🟢 Surperforme BTC,False,True,,0,,,,65,3,,Près du plus haut 90j (résistance),30246129,30246129,30260482.92069443,30260482.92069443,,100.0,,,
TUSDUSDT,TUSD,Mid,102,0.9985,67172.2293,-0.01,57.69693751899751,0.00016759967096035677,0.9976820000000002,0.9989384999999997,0.009538554417267114,0.0040000000000000036,0.0014999999999999458,0.873573446641899,-0.03949051815391178,0.9961527777777781,0.9999500000000001,resistance_test|uptrend,1,1,mixte,365,0,0,30,,,31.0,66.0,94.0,47.0,35.0,61,40.5,14,🟢 Surperforme BTC,False,True,,0,,,,61,2,,Près du plus haut 90j (résistance),493558316,493558316,494515083.0,494515083.0,,100.0,,,
FRAXUSDT,FRAX,Mid,155,0.3054,95504.16084,3.948,60.15845054856235,-0.0004678883460868394,0.27117399999999997,0.42054700000000017,0.756693779669273,0.4502278723914608,0.2660110338210602,0.19813959502703543,0.4947348648015264,0.23927222222222222,0.36742499999999995,uptrend,1,0,haussier,219,0,0,30,,,27.0,57.0,73.0,47.0,50,59,36.34,12,🟢 Surperforme BTC,False,True,,0,,,,59,3,,Volume ×0.2 (épuisement),217588924,217588924,219320045.8726003,219320045.8726003,,100.0,46665211,$47M,5.59
USD1USDT,USD1,Etabli,26,0.99998,395884474.64284,0.04,48.67134181402459,-3.982612985701274e-05,0.9999185999999998,0.9999273499999994,0.003036039891851134,0.0016281927060961426,0.0011387360030365484,0.7752477888599534,-0.16779605832538702,0.9993294444444446,1.000785277777778,death_cross|support_bounce|resistance_test|uptrend|morning_star_4h,3,2,haussier,365,0,0,30,,,45.0,66.0,94.0,78.5,21.3,58,51.72,11,🟢 Surperforme BTC,False,True,,0,,,,58,3,,Près du plus haut 90j (résistance),3984497448,3984497448,3986633279.489934,3986633279.489934,,100.0,,,
FDUSDUSDT,FDUSD,Mid,118,0.9992,59592747.8104,0.05,67.99076276303646,0.00012935511083726208,0.9981760000000002,0.9988670000000002,0.00620335627287139,0.0020010005002501267,0.00030015007503759675,0.9570351523261468,0.49604537664585985,0.997616666666667,0.9994916666666666,macd_bullish_cross|support_bounce|resistance_test,2,1,haussier,365,0,0,30,,,31.0,57.0,100.0,78.5,38.6,57,42.52,10,🟢 Surperforme BTC,False,True,,0,,,,57,2,,Près du plus haut 90j (résistance),351453954,351453954,351923621.359694,351923621.359694,,100.0,,,
XUSDUSDT,XUSD,Mid,404,1.0008,4859829.5144,-0.01,48.21288683852903,-2.904017711440144e-05,1.000884,1.0005199999999999,0.005691820502350721,0.001198322348711893,0.0006989515726411831,0.5880657424268606,-0.12582343530965087,1.0004166666666658,1.0024805555555552,macd_bearish_cross,0,1,baissier,365,0,0,30,,,31.0,54.0,94.0,68.0,31.6,57,40.54,10,🟢 Surperforme BTC,False,True,,0,,,,57,7,🔴 Sortie,Volume ×0.6 (épuisement)|Près du plus haut 90j (résistance)|MACD cross baissier,55200144,55200144,55182309.341,55182309.341,,100.0,,,
KGSTUSDT,KGST,Speculative,,0.011437,117014.504347,-0.035,50.134414576829194,1.313685603790725e-06,0.01143906,0.011416574999999995,0.033601757197920225,0.006026200873362412,0.0011353711790393762,0.1961453568179581,0.06418135327880463,0.011387888888888892,0.01145033333333334,macd_bullish_cross|resistance_test,1,1,mixte,241,0,0,30,,,13.6,45.0,94.0,47.0,35.0,55,26.15,8,🟢 Surperforme BTC,False,True,,0,,,,55,4,⚠️ Surveiller,Volume ×0.2 (épuisement)|Près du plus haut 90j (résistance),,,,,,,,,
USDSUSDT,USDS,Etabli,14,1.0005,184685.927,-0.01,45.58115638841603,-4.7305517819169645e-05,1.0007020000000002,,0.0034187484516451693,0.001198561725928975,0.0007989613502448156,0.24825530131391133,-0.22109256762871002,1.000258333333333,1.001644444444445,macd_bearish_cross|support_bounce|resistance_test,1,2,baissier,135,0,0,30,,,38.7,45.0,94.0,47.0,20.2,51,42.33,4,≈ Neutre vs BTC,False,True,,0,,,,51,7,🔴 Sortie,Volume ×0.2 (épuisement)|Près du plus haut 90j (résistance)|MACD cross baissier,9745231183,9750302898,9744823043.623703,9749894546.085215,,99.9,,,
USDEUSDT,USDE,Etabli,24,1.0002,1337284.4749,-0.02,37.421896682139895,-8.638969732885814e-05,1.0004779999999998,0.9998914999999994,0.0032776528956929515,0.0009996001599360265,0.0007992007992007113,0.040687509874666204,-0.1877590153919221,0.9969361111111115,1.0027500000000003,rsi_bullish_divergence|macd_bearish_cross|doji_4h,1,1,mixte,347,0,0,30,,,44.5,36.0,94.0,68.0,37.4,50,47.91,3,≈ Neutre vs BTC,False,True,,0,,,,50,7,🔴 Sortie,Volume ×0.0 (épuisement)|Près du plus haut 90j (résistance)|MACD cross baissier,4067257599,4067411143,4068455060.613771,4068608649.149771,,100.0,8738073,$9M,-15.45
USDCUSDT,USDC,Etabli,6,1.00047,4013979598.74081,-0.024,44.72469452693371,-5.32096096209835e-05,1.0006899999999996,1.0003989000000002,0.003566231242860197,0.0011187358285137893,0.0008089564461843995,0.8978170473280075,-0.2348536494962815,1.0002702777777779,1.0025055555555555,macd_bearish_cross|resistance_test|uptrend,1,2,baissier,365,0,0,30,,,45.0,45.0,94.0,78.5,16.7,48,48.92,1,≈ Neutre vs BTC,False,True,,0,,,,48,5,⚠️ Surveiller,Près du plus haut 90j (résistance)|MACD cross baissier,72798980224,72799347562,72818694161.42604,72828189155.51736,,100.0,,,
UUSDT,U,Etabli,65,1.0,37175558.1602,0.0,44.244361618713434,-2.1714891086545578e-05,1.0004659999999999,1.0003479999999998,0.003361976868828697,0.0015977631316157837,0.0012981825444378658,0.7458161708112471,-0.15552500182781587,1.000102777777778,1.001294444444445,macd_bearish_cross|support_bounce|resistance_test|doji_4h,1,2,baissier,221,0,0,30,,,41.1,45.0,94.0,78.5,20.2,48,46.45,1,≈ Neutre vs BTC,False,True,,0,,,,48,5,⚠️ Surveiller,Près du plus haut 90j (résistance)|MACD cross baissier,1271626572,1271626572,1272299207.8,1272299207.8,,100.0,,,
RLUSDUSDT,RLUSD,Etabli,46,1.0006,145193280.3457,-0.04,42.75491336912468,-4.628573592271134e-05,1.00089,1.0005375,0.003436454089500607,0.00129805292061915,0.0008986520219671721,0.5188827255660319,-0.25182895034951935,1.0003861111111103,1.0016361111111112,macd_bearish_cross|resistance_test|downtrend|doji_4h,0,3,baissier,212,0,0,30,,,40.8,45.0,94.0,78.5,0,44,45.07,-3,≈ Neutre vs BTC,False,True,,0,,,,44,7,🔴 Sortie,Volume ×0.5 (épuisement)|Près du plus haut 90j (résistance)|MACD cross baissier,1898911496,1898911392,1898473142.704782,1898473038.704782,,100.0,,,
EURUSDT,EUR,Speculative,,1.17,26193633.45222,0.026,75.76147222241754,0.0011769188595355546,1.1491919999999995,1.1605469999999998,0.051445006651699904,0.025869453486379992,0.0,0.400653657836228,0.5004086705512859,1.1391833333333332,1.1650833333333332,resistance_test|uptrend|doji_4h,1,1,mixte,365,0,0,30,,,17.0,39.0,100.0,78.5,35.0,43,30.62,-4,≈ Neutre vs BTC,False,True,,0,,,,43,6,⚠️ Surveiller,RSI 76 (surachat)|Volume ×0.4 (épuisement)|Près du plus haut 90j (résistance),,,,,,,,,
