symbol,base,tier,rank_mcap,price,vol_24h_usd,change_24h_pct,rsi_14,macd_hist,ma_50,ma_200,vol_30d_ann,drawdown_90d,dist_to_high_90d,vol_ratio_vs_med90,corr_btc_90d,support_90d,resistance_90d,patterns,bull_signals,bear_signals,bias,age_days,n_red_flags,audit_score,team_score,github_commits_30d,github_contrib_90d,score_solidity,score_momentum,score_risk,score_antiscam,score_signal,score,suspect,stablecoin,categories,catalyst_score,catalyst_flags,trending_rank,vol_spike_ratio,bull_prob_7d,market_cap,fdv,circulating_supply,total_supply,max_supply,circ_ratio_pct,tvl,tvl_fmt,tvl_change_7d
MORPHOUSDT,MORPHO,Etabli,60,2.005,6234971.78311,2.821,53.41742550481092,0.0014585525671050315,1.97694,1.5885550000000013,0.86807869912492,0.2645879732739421,0.1100222717149221,1.3659295522785935,0.6105055770670634,1.5616944444444445,2.1697222222222226,macd_bullish_cross,1,0,haussier,252,0,0,30,,,41.9,91.0,73.0,78.5,50,67.37,False,False,,0,,,,69,1293520197,2001489705,646278716.4672021,1000000000.0,1000000000.0,64.6,6451822525,$6.5B,-2.52
DEXEUSDT,DEXE,Etabli,72,20.417,6687155.88723,8.049,61.4814583166437,-0.07208474477683846,14.805760000000005,7.231644999999998,1.1773601645865024,0.3166955825437075,0.052904420273084965,1.0866128192565085,0.06015813310657349,6.5289166666666665,18.866027777777774,macd_bearish_cross|uptrend,1,1,mixte,365,0,0,30,,,45.0,91.0,61.0,78.5,19.9,64.99,False,False,,0,,,,60,955262989,1971896949,46750552.58384035,96504599.33609451,,48.4,,,
WLDUSDT,WLD,Etabli,49,0.4953,111752118.70719,1.579,59.82023133153008,0.0039024679708716675,0.31609199999999993,0.40747700000000014,2.284608218875383,0.4143107330497873,0.08822443706164629,1.9733256053821802,0.25559831761148827,0.24217500000000008,0.44090555555555555,double_bottom_90d,1,0,haussier,365,0,0,30,,,45.0,84.0,50.5,78.5,50,63.91,False,False,,0,,,,63,1675180826,4936576655,3393405881.748784,10000000000.0,10000000000.0,33.9,,,
IOUSDT,IO,Mid,383,0.1757,5574266.898021,3.171,57.019111667797844,-0.000799386536918141,0.14724599999999996,0.13972650000000006,1.3864774551238086,0.29012023000522735,0.08782017773131212,1.1288342987853592,0.37481757233119484,0.10127222222222222,0.1748222222222222,uptrend,1,0,haussier,365,0,0,30,,,31.0,91.0,67.0,78.5,50,63.14,False,False,,0,,,,68,60507911,139714057,346465684.407658,799996650.0546076,800000000.0,43.3,,,
NEARUSDT,NEAR,Etabli,37,2.016,71593148.3451,-1.079,47.91220900702503,-0.07705594991331784,1.8266999999999995,1.5155549999999998,1.6223282814031792,0.3400780972665957,0.2843450479233227,1.1484991183510544,0.29108879111660496,1.225083333333333,2.409583333333334,uptrend|bearish_engulfing_4h,1,1,mixte,365,0,0,30,,,45.0,91.0,46.0,78.5,15.1,62.87,False,False,,0,,,,56,2629365909,2629365961,1297903440.0,1297903466.0,,100.0,,,
INJUSDT,INJ,Etabli,97,5.225,11084552.61224,3.037,47.71574122472081,-0.17320357553524124,4.82834,4.207504999999997,1.3378521593310033,0.2931330472103005,0.25350500715307583,0.850428194653907,0.41600347534457643,2.875944444444444,5.964277777777778,uptrend|bearish_engulfing_4h,1,1,mixte,365,0,0,30,,,45.0,82.0,62.5,78.5,15.1,62.67,False,False,,0,,,,56,522428717,522428717,100000000.0,100000000.0,,100.0,12351044,$12M,-9.09
ATOMUSDT,ATOM,Etabli,67,1.912,6326664.10698,6.459,51.5581911611689,-0.007256413866248576,1.95178,2.0272899999999994,0.7060895770482877,0.2660054102795312,0.13796212804328226,1.8445765901492077,0.5607206361393172,1.685361111111111,2.0922500000000004,,0,0,neutre,365,0,0,30,,,45.0,64.0,73.0,78.5,50,61.74,False,False,,0,,,,61,982798686,982856258,513437205.631766,513467282.253968,,100.0,,,
ALLOUSDT,ALLO,Mid,281,0.3879,20759645.95927,-11.801,65.33442196341392,0.018996411963396992,0.154952,0.12209250000000002,4.141361144220804,0.38575667655786355,0.11469042723326472,2.164650950562273,-0.010380052901975403,0.08829166666666666,0.266475,uptrend,1,0,haussier,213,0,0,30,,,26.8,91.0,46.0,78.5,50,59.25,False,False,,0,,,,66,90967869,304726657,234989802.6614391,787175274.1852661,1000000000.0,29.9,,,
CRVUSDT,CRV,Mid,121,0.2488,14521148.24533,21.425,64.46268954640531,0.003979101115763741,0.229586,0.2869385,0.9283670623769799,0.3525230987917555,0.11371712864250169,2.8686401256946366,0.6483251198818888,0.2016361111111111,0.25604444444444446,macd_bullish_cross|downtrend|shooting_star_4h,1,2,baissier,365,0,0,30,,,31.0,84.0,73.0,78.5,0,58.99,False,False,,0,,,,59,381502970,598257369,1523690664.0,2389389437.873675,3030303031.0,63.8,1440838337,$1.4B,-5.12
STGUSDT,STG,Mid,415,0.4727,18094516.82174,13.33,73.79089619891562,0.0235139355859785,0.22925200000000004,0.17749550000000006,2.8123767462215254,0.470495258166491,0.0,6.31570603253818,0.19149714187459374,0.1710972222222222,0.29836111111111113,breakout_30d|rsi_bearish_divergence|uptrend,2,1,haussier,365,0,0,30,,,31.0,91.0,50.5,78.5,15.6,58.96,False,False,,3,⚡ Volume ×6.3 vs médiane,,6.32,63,55950333,55950333,117239300.93398955,117239300.93398955,1000000000.0,100.0,73803590,$74M,-0.17
XLMUSDT,XLM,Etabli,18,0.1896,20605703.3806,2.653,49.389283914526345,-0.004391676755798456,0.17505800000000005,0.1879035,1.5059726575841477,0.2962677953058869,0.2708734128510966,0.8616762164375606,0.34236128835143864,0.14957777777777778,0.21010277777777775,macd_bearish_cross,0,1,baissier,365,0,0,30,,,45.0,66.0,52.0,78.5,19.9,57.77,False,False,,0,,,,51,6388217130,9465189150,33747056310.69454,50001786839.91258,,67.5,,,
NXPCUSDT,NXPC,Mid,255,0.3799,1293922.27217,6.654,53.36336324310268,-0.005799877181547362,0.34326,0.34174850000000007,1.047570315649405,0.2813872832369942,0.12254335260115605,0.8120986349823549,0.3253971398013773,0.27920555555555554,0.390911111111111,golden_cross|uptrend,2,0,haussier,365,0,0,30,,,31.0,82.0,62.5,68.0,50,57.77,False,False,,0,,,,65,107342736,377040114,283147576.3429133,994552574.1697733,1000000000.0,28.5,,,
CATIUSDT,CATI,Speculative,691,0.0568,1100578.72847,20.594,57.505779387307015,0.00026715565718509523,0.054012000000000004,0.05240600000000001,1.2168140098133546,0.4117647058823529,0.20588235294117652,1.6738778419123514,0.22431124869653715,0.04339722222222222,0.06317222222222223,macd_bullish_cross,1,0,haussier,365,0,0,30,,,17.0,100.0,56.5,68.0,50,56.97,False,False,,0,,,,69,25709768,56660864,453748245.57,1000000000.0,1000000000.0,45.4,,,
HOMEUSDT,HOME,Mid,222,0.03482,132634805.53159,3.785,52.32010641296629,-0.00142945385641015,0.023779400000000006,0.023998050000000007,2.8231394722593204,0.4946199236376258,0.39673724401249566,92.90347612780133,-0.008209926189272547,0.014857777777777775,0.03724249999999999,macd_bearish_cross,0,1,baissier,365,0,0,30,,,31.0,84.0,41.5,78.5,19.9,56.42,False,False,,3,⚡ Volume ×92.9 vs médiane,,92.9,63,134507164,350735761,3835000000.01,10000000000.0,10000000000.0,38.4,,,
BABYUSDT,BABY,Mid,428,0.01474,34359524.6941,-5.513,46.02425228888526,5.8872630794951715e-05,0.016294199999999995,0.01585970000000001,1.5826545036900301,0.35101010101010105,0.25555555555555565,23.036328279521086,0.13352990493992223,0.012865833333333335,0.01887222222222222,,0,0,neutre,365,0,0,30,,,31.0,72.0,46.0,78.5,50,55.93,False,False,,3,⚡ Volume ×23.0 vs médiane,,23.04,67,54473449,159218282,3702788008.98,10822732093.0,,34.2,3231989599,$3.2B,-0.61
HBARUSDT,HBAR,Etabli,28,0.07883,7535396.15336,1.298,36.77191996634653,-0.0010631657959661793,0.08907960000000001,0.10159519999999997,0.5689072611674539,0.2253464951640244,0.2142785920829595,0.38901435601322615,0.6921283273147427,0.08323944444444446,0.0965225,doji_4h,0,0,neutre,365,0,0,30,,,45.0,28.0,95.5,78.5,50,55.65,False,False,,0,,,,51,3417425056,3939555493,43373231600.33044,50000000000.0,50000000000.0,86.7,,,
JSTUSDT,JST,Etabli,86,0.07709,5001346.18496,-1.983,38.89315306591202,-0.00146404314268664,0.08693019999999999,0.05794885000000002,0.9465752785627664,0.2377463626044783,0.20513878856671133,0.5628685726778523,-0.037407951336296846,0.05806249999999999,0.0934077777777778,bearish_engulfing_4h,0,1,baissier,365,0,0,30,,,45.0,45.0,79.0,78.5,15.1,55.6,False,False,,0,,,,45,657821222,657821222,8543764567.312736,8543764567.312736,9900000000.0,100.0,3045833325,$3.0B,-2.7
IDUSDT,ID,Speculative,982,0.0326,16227224.6716,26.848,54.54088832781514,-0.00022471752024175022,0.031138000000000002,0.04876150000000002,1.7719530086299888,0.44547563805104406,0.24825986078886314,13.317249371024845,0.5350721345111737,0.027780555555555555,0.040705555555555564,,0,0,neutre,365,0,0,30,,,17.0,84.0,52.0,78.5,50,55.12,False,False,,3,⚡ Volume ×13.3 vs médiane,,13.32,72,13906254,64494938,430506132.0,1996617244.0,2000000000.0,21.6,,,
TRXUSDT,TRX,Etabli,8,0.3215,28165062.6326,-0.31,33.07408390456557,-0.002810045904120954,0.3427400000000001,0.3068270000000001,0.3009452522370175,0.14723109691160813,0.14403620873269432,0.31968426191175064,0.26493605920521024,0.3072166666666667,0.35937222222222226,,0,0,neutre,365,0,0,30,,,45.0,27.0,89.5,78.5,50,54.68,False,False,,0,,,,49,30480664033,30480662873,94825918301.47896,94825914693.01477,,100.0,,,
ASTRUSDT,ASTR,Mid,422,0.006357,6225092.6050203,19.045,41.786644774232784,-7.084103173245573e-05,0.007788560000000001,0.008932104999999997,0.88575375432656,0.4372122226873169,0.33706571787358725,22.02173333413201,0.6733276216068548,0.006534138888888891,0.008880083333333335,,0,0,neutre,365,0,0,30,,,31.0,55.0,68.5,78.5,50,54.5,False,False,,3,⚡ Volume ×22.0 vs médiane,,22.02,63,54552574,54557435,8707699739.0,8708475751.0,10000000000.0,100.0,18805078,$19M,-3.55
RENDERUSDT,RENDER,Etabli,77,1.578,6043751.27763,2.468,38.1901002721383,-0.05577614946275158,1.8768400000000003,1.7288949999999994,0.9991022501256849,0.33828022697512,0.31209079004801393,0.28085680268761615,0.5445688694890211,1.6440277777777779,2.101722222222222,,0,0,neutre,365,0,0,30,,,45.0,36.0,68.5,78.5,50,54.33,False,False,,0,,,,49,817858715,841129834,518743261.0140742,533503434.2940742,644245094.0,97.2,,,
SENTUSDT,SENT,Mid,254,0.01488,3777621.02494,-1.652,49.3431422088877,0.00015059758897648383,0.016153200000000003,,0.9691832880697233,0.45,0.34736842105263155,3.1138517027990464,0.4011968321529075,0.014338888888888889,0.020420555555555556,macd_bullish_cross,1,0,haussier,141,0,0,30,,,24.9,72.0,68.5,68.0,50,54.08,False,False,,2,⚡ Volume ×3.1 vs médiane,,3.11,70,107619297,510891290,7237882055.0,34359738368.0,34359738368.0,21.1,,,
ONDOUSDT,ONDO,Etabli,47,0.3468,12509079.6469,1.641,46.660629677197456,-0.00587633820097419,0.3530420000000001,0.33619150000000014,1.166033929853646,0.28116006198804516,0.23489041399158728,0.42127906273714405,0.3673390679547838,0.25181388888888884,0.41719722222222216,downtrend,0,1,baissier,365,0,0,30,,,45.0,45.0,62.5,78.5,17.5,53.75,False,False,,0,🔥 Trending #10 sur CoinGecko,10,,46,1688076581,3466752832,4869330647.0,10000000000.0,10000000000.0,48.7,2642018419,$2.6B,0.5
ENAUSDT,ENA,Etabli,83,0.0763,31386098.041869,-1.548,36.06178688166666,-0.0016200839564244904,0.10313000000000003,0.1465515,1.1507606100759111,0.4553706505295008,0.42360060514372166,1.139095356929112,0.3859991912279173,0.08331666666666665,0.12194166666666668,macd_bearish_cross,0,1,baissier,365,0,0,30,,,45.0,46.0,58.0,78.5,19.9,53.6,False,False,,1,🔥 Trending #7 sur CoinGecko,7,,44,709217890,1144669089,9293750000.0,15000000000.0,15000000000.0,62.0,4464645878,$4.5B,-0.97
ASTERUSDT,ASTER,Etabli,48,0.629,10928649.08495,1.616,41.82509057810086,-0.006555455099780736,0.6694800000000001,0.7141900000000002,0.616666429104988,0.18386243386243387,0.1693121693121693,0.4075159228364891,0.5160199452456732,0.6356944444444446,0.7182777777777776,support_bounce,1,0,haussier,249,0,0,30,,,41.8,28.0,85.0,78.5,50,53.36,False,False,,0,,,,49,1682287767,4915182559,2677260279.249776,7822218820.515041,8000000000.0,34.2,120617310,$121M,-17.38
WLFIUSDT,WLFI,Etabli,44,0.0589,11813540.52708,-1.34,46.84186140256954,0.00036809507514071194,0.06337000000000001,0.11038699999999996,0.6900841802267694,0.49065420560747663,0.4485981308411215,0.4770815066390582,0.23386703488517868,0.05701944444444445,0.10149166666666669,double_bottom_90d|support_bounce,2,0,haussier,284,0,0,30,,,42.8,37.0,62.5,78.5,50,53.13,False,False,,0,,,,51,1874650746,5899972420,31773889983.0,100000000000.0,100000000000.0,31.8,,,
TONUSDT,TON,Etabli,22,1.668,20215243.47677,1.091,44.851404307216164,-0.02330639628521869,1.8237599999999994,1.5485400000000014,1.1409287572872273,0.4406779661016949,0.3857774502579219,0.3577837672146571,0.36663180135424944,1.2359444444444447,2.230916666666667,,0,0,neutre,365,0,0,30,,,45.0,36.0,58.0,78.5,50,53.05,False,False,,0,,,,47,4463105677,8660706878,2677290735.224942,5195312852.538218,,51.5,,,
BNBUSDT,BNB,Etabli,4,598.92,70939280.30977,2.867,42.255581859999644,-6.17531115681361,639.4526,719.7689000000001,0.5984628606495216,0.20385674931129474,0.16680579903720397,0.4713090672873666,0.7537017680753773,592.9986111111112,676.2580555555555,support_bounce|shooting_star_4h,1,1,mixte,365,0,0,30,,,45.0,28.0,87.5,78.5,19.3,52.73,False,False,,0,,,,42,80813551659,80813551659,134783899.1,134783899.1,200000000.0,100.0,138488805036,$138.5B,-1.59
FILUSDT,FIL,Etabli,92,0.754,8624890.34087,1.754,36.555402460856314,-0.015510782213969045,0.9542400000000001,1.1008600000000004,0.9426404156395466,0.432012432012432,0.41491841491841486,0.5222043470483995,0.5656725192939449,0.7983333333333332,1.0749166666666667,downtrend,0,1,baissier,365,0,0,30,,,45.0,37.0,68.5,78.5,17.5,52.52,False,False,,0,,,,41,594603691,1475514040,788919628.0,1957710667.0,,40.3,,,
TAOUSDT,TAO,Etabli,43,208.6,18740653.69915,2.205,36.859245343352114,-2.364341954544667,262.60200000000003,249.41549999999998,0.8612237162923515,0.4417867435158502,0.3988472622478386,0.23367609498744465,0.5245187063258452,224.2916666666667,325.5722222222223,downtrend|doji_4h,0,1,baissier,365,0,0,30,,,45.0,36.0,68.5,78.5,17.5,52.27,False,False,,0,,,,41,2002661559,4381967406,9597491.0,21000000.0,21000000.0,45.7,,,
币安人生USDT,币安人生,Etabli,82,0.728,7280046.55083,3.97,63.43991289687567,0.005608326728195667,0.47355799999999987,,1.530777960823226,0.3476874003189793,0.10967269174401563,0.10700286711843233,0.13422340290430093,0.04901666666666666,0.6276222222222222,uptrend,1,0,haussier,156,0,0,30,,,39.3,45.0,46.0,78.5,50,51.97,False,False,,0,,,,51,726635376,726635376,1000000000.0,1000000000.0,1000000000.0,100.0,,,
ZECUSDT,ZEC,Etabli,15,429.38,149783335.62107,3.615,43.28905784727906,-16.7388751085184,501.2058,376.19104999999996,1.9030658079566516,0.46200671081153305,0.36287377141669386,0.5202824322336369,0.48116899806533303,226.7211111111111,611.8483333333332,downtrend,0,1,baissier,365,0,0,30,,,45.0,45.0,47.5,78.5,17.5,51.92,False,False,,0,,,,40,7202395282,7203743706,16758467.3530448,16761604.8530448,21000000.0,100.0,,,
MOVEUSDT,MOVE,Mid,453,0.0126,2597544.6663,-0.787,38.806836059048585,2.3036972714593918e-05,0.016359999999999996,0.025826999999999992,0.9943941471068071,0.4933333333333333,0.44,1.9815318808803615,0.5312074064633857,0.014033333333333333,0.021233333333333333,macd_bullish_cross,1,0,haussier,365,0,0,30,,,31.0,55.0,68.5,68.0,50,51.88,False,False,,0,,,,54,50244643,125546219,4002083333.0,10000000000.0,10000000000.0,40.0,,,
XAUTUSDT,XAUT,Etabli,38,4081.85,164230140.706239,-1.742,24.574731124665647,-35.52715419460392,4531.509399999999,,0.23827743357079445,0.16002816292960934,0.1522605112527104,1.0280271911626027,,4350.069354838711,4770.878709677419,downtrend,0,1,baissier,78,0,0,30,,,37.1,36.0,85.5,78.5,17.5,51.82,False,False,,0,,,,50,2498450689,2885448652,612823.659532,707747.089,,86.6,2914298605,$2.9B,-7.99
NEXOUSDT,NEXO,Etabli,78,0.815,795333.51408,2.904,48.335354599718144,0.0018677024796620867,0.8644599999999998,0.89504,0.43503014349074115,0.2047413793103449,0.12176724137931044,0.9382735475276555,0.8203781423950753,0.803888888888889,0.9213611111111111,macd_bullish_cross|downtrend,1,1,mixte,365,0,0,30,,,45.0,46.0,87.5,57.5,17.5,51.79,False,False,,0,,,,50,813770041,813770041,1000000000.0,1000000000.0,1000000000.0,100.0,309699576,$310M,-0.59
EPICUSDT,EPIC,Speculative,804,0.606,3627326.8529,23.171,63.85821327418617,0.018958663679746912,0.34932,0.41279000000000055,2.6208641950159652,0.47282608695652173,0.13881019830028327,1.6482297816216411,0.11663708161841727,0.23488888888888898,0.46588888888888896,,0,0,neutre,365,0,0,30,,,17.0,84.0,46.0,68.0,50,51.77,False,False,,0,,,,63,20202766,20202766,33600000.0,33600000.0,33600000.0,100.0,,,
ADAUSDT,ADA,Etabli,19,0.1659,31219641.93906,4.078,25.960959778138175,-0.004034496565118874,0.23634,0.2995644999999999,0.7523935123289833,0.46039944903581265,0.4290633608815427,0.6948143450567807,0.7797449294449557,0.2020972222222223,0.2739472222222223,,0,0,neutre,365,0,0,30,,,45.0,28.0,60.5,78.5,50,51.4,False,False,,0,,,,51,6167847465,7467802558,37166640890.7697,45000000000.0,45000000000.0,82.6,,,
PAXGUSDT,PAXG,Etabli,45,4090.42,31267506.705805,-1.796,24.820259670582985,-35.9952229201715,4536.7432,4667.798050000001,0.2405686814789585,0.19290523045054384,0.18547583954109076,0.530432436620875,0.40795156658990267,4361.869999999999,4846.463055555556,downtrend,0,1,baissier,365,0,0,30,,,45.0,19.0,95.5,78.5,17.5,51.39,False,False,,0,,,,46,1866776013,1866776013,456894.511,456894.511,,100.0,1870103919,$1.9B,-8.95
LINKUSDT,LINK,Etabli,21,7.823,17258262.51862,2.436,36.578081702246095,-0.06796911665618854,9.239820000000002,10.393904999999993,0.5928658938700845,0.3128731343283583,0.27042910447761204,0.32149107200167554,0.8446743393154559,8.155916666666666,10.110166666666665,downtrend,0,1,baissier,365,0,0,30,,,45.0,28.0,75.5,78.5,17.5,51.16,False,False,,0,,,,40,5685054521,7818807251,727099970.4255477,1000000000.0,1000000000.0,72.7,,,
DOGEUSDT,DOGE,Etabli,10,0.08506,49716316.55265,2.26,33.14551313683337,-0.0008919899938295076,0.1015146,0.11055999999999991,0.550192236762966,0.2943010566429932,0.2632946474969686,0.2868387380865115,0.7745786061626607,0.08755027777777778,0.11079638888888892,bullish_engulfing_4h,1,0,haussier,365,0,0,30,,,45.0,19.0,75.5,78.5,50,51.01,False,False,,0,,,,45,13147519571,14483341706,154614716383.7052,170323973126.5791,,90.8,,,
LTCUSDT,LTC,Etabli,29,42.6,12981622.52384,1.308,26.878960695359922,-0.49962825669753785,52.8644,62.22514999999998,0.45247300337377805,0.31507529372828064,0.29554856859175904,0.41735418652256606,0.770762329000461,47.428888888888906,57.704166666666666,doji_4h,0,0,neutre,365,0,0,30,,,45.0,19.0,75.5,78.5,50,51.01,False,False,,0,,,,51,3288983612,3288995052,77267720.73347135,77267989.48347135,84000000.0,100.0,,,
CVXUSDT,CVX,Mid,237,1.351,1450242.218372,10.647,41.33318730814487,-0.008126050771535664,1.6365800000000004,1.822569999999999,0.7694899491999594,0.43917332080789107,0.3654297792390794,2.3625173664585244,0.7808357422387728,1.4182499999999998,1.9397222222222226,,0,0,neutre,365,0,0,30,,,31.0,55.0,60.5,68.0,50,50.91,False,False,,0,,,,57,122179926,135176711,90360893.86537892,99972956.16587506,100000000.0,90.4,528060842,$528M,-0.52
BCHUSDT,BCH,Etabli,26,200.9,13846122.7098,2.973,20.210270606773904,-3.7075001521389908,369.4059999999999,488.0914999999997,0.9012145703766964,0.5958021612635079,0.5827098919368245,2.161538427766332,0.6434735231268128,266.37500000000006,471.55555555555554,double_top_90d|doji_4h,0,1,baissier,365,0,0,30,,,45.0,37.0,55.0,78.5,17.9,50.9,False,False,,0,,,,49,4023333112,4023365726,20046374.89665078,20046537.39665078,21000000.0,100.0,,,
OPENUSDT,OPEN,Mid,480,0.2143,2050007.12672,6.247,56.135155272962706,0.0030619315099866037,0.206782,0.18293899999999996,1.3911857124558809,0.42691751085383495,0.22539797395079583,0.4641521500636982,0.21787134825816049,0.15676388888888884,0.24181111111111114,rsi_bearish_divergence|downtrend,0,2,baissier,277,0,0,30,,,28.6,73.0,56.5,68.0,0,50.9,False,False,,0,,,,49,46070265,213783134,215500000.0,1000000000.0,1000000000.0,21.6,,,
MEMEUSDT,MEME,Speculative,551,0.000575,1456096.846473,4.356,52.36014090941107,2.7575380252086116e-06,0.0005587800000000001,0.0007684849999999994,1.402947087165711,0.24882629107981222,0.10015649452269176,1.0,0.46765189587477557,0.0004956944444444445,0.0006287777777777777,,0,0,neutre,365,0,0,30,,,17.0,66.0,74.5,68.0,50,50.82,False,False,,0,,,,62,36506434,39658173,63516387916.66666,69000000000.0,69000000000.0,92.1,,,
ZKUSDT,ZK,Mid,252,0.0112,3809551.417188,7.9,36.13601615165131,-0.0001243443976119774,0.015152400000000002,0.02248925,0.9214008101651612,0.5207652823145124,0.4755016332244517,1.8552104314978288,0.6590799982451048,0.012477777777777775,0.019283055555555553,,0,0,neutre,365,0,0,30,,,31.0,55.0,59.5,68.0,50,50.79,False,False,,0,,,,53,108933430,235751999,9703425807.0,21000000000.0,21000000000.0,46.2,,,
PYTHUSDT,PYTH,Mid,139,0.0344,4451210.98165,13.158,40.42985478186908,-0.0002247592786932969,0.04435599999999999,0.052171499999999996,1.0153941939503255,0.479933110367893,0.42474916387959866,3.3911221003887912,0.5686079582338915,0.03537777777777777,0.05319166666666666,doji_4h,0,0,neutre,365,0,0,30,,,31.0,55.0,58.0,68.0,50,50.6,False,False,,2,⚡ Volume ×3.4 vs médiane,,3.39,60,271249221,344444246,7874981923.3626,10000000000.0,10000000000.0,78.7,,,
SOLUSDT,SOL,Etabli,7,65.48,206991859.71503,3.509,31.112955549415005,-0.9695391512627474,82.51700000000001,100.77395000000003,0.5854362395547058,0.361199548115436,0.3277190099620007,0.47802155471205404,0.8764739099342244,72.82444444444442,92.63277777777776,,0,0,neutre,365,0,0,30,,,45.0,19.0,71.0,78.5,50,50.47,False,False,,0,,,,44,37936373115,41108128505,579707154.2307808,628174868.4601918,,92.3,,,
PEPEUSDT,PEPE,Etabli,63,2.75e-06,22866874.09766735,1.476,27.28914639568886,-3.088742943130825e-08,3.6402000000000016e-06,4.089700000000003e-06,0.5967517053491137,0.3900226757369615,0.37414965986394566,0.3787353592640355,0.7471882860318431,3.039444444444444e-06,4.138333333333333e-06,,0,0,neutre,365,0,0,30,,,45.0,19.0,71.0,78.5,50,50.47,False,False,,0,,,,50,1157708165,1157708165,420690000000000.0,420690000000000.0,420690000000000.0,100.0,,,
JTOUSDT,JTO,Mid,138,0.5758,4889172.20291,-2.555,55.14310713852675,-0.0007285449082957626,0.47837399999999997,0.3768945,1.683873569321781,0.3094314155559305,0.10171875000000007,0.3646706669907444,0.2958164970108527,0.27787222222222224,0.5871583333333332,double_top_90d|uptrend|evening_star_4h,1,2,baissier,365,0,0,30,,,31.0,73.0,46.0,68.0,0,50.39,False,False,,0,,,,47,277453015,575827681,481833410.0,1000000000.0,,48.2,640964753,$641M,-4.59
BTCUSDT,BTC,Etabli,1,63140.01,1046907953.282109,3.373,31.08106204222466,-513.2413439396073,74752.04279999998,78042.00520000001,0.4125169869836658,0.25940191998376844,0.23213105158528644,0.42295883082277286,1.0000000000000002,64596.196111111116,80054.21583333332,,0,0,neutre,365,0,0,30,,,45.0,19.0,69.5,78.5,50,50.28,False,False,,0,🔥 Trending #13 sur CoinGecko,13,,44,1264446640811,1264446640811,20041215.0,20041215.0,21000000.0,100.0,,,
NIGHTUSDT,NIGHT,Etabli,95,0.03335,2231587.5176,8.139,49.13856833349741,-0.00039995362553739736,0.0334402,,1.0517191735446119,0.42576545349508954,0.3581744656268053,0.4646353877439614,0.3410450995550263,0.030888333333333334,0.048245833333333335,uptrend,1,0,haussier,93,0,0,30,,,37.5,45.0,58.0,68.0,50,50.25,False,False,,0,,,,53,552326852,798189055,16607399400.63495,24000000000.0,24000000000.0,69.2,,,
CUSDT,C,Speculative,946,0.0951,1875019.75928,0.742,53.17141372430291,0.0004810636318761728,0.08532000000000001,0.07434899999999994,1.3702675256200987,0.3746736292428199,0.11225444340505142,0.35580633721909666,-0.09816403776018816,0.06056666666666666,0.09798611111111107,uptrend,1,0,haussier,329,0,0,30,,,16.0,73.0,56.5,68.0,50,50.03,False,False,,0,,,,61,15212620,95078873,160000000.0,1000000000.0,,16.0,,,
ETHUSDT,ETH,Etabli,2,1660.62,470363086.406917,2.609,29.63764789204309,-15.583282287608768,2107.6033999999995,2428.229400000001,0.5947089927421689,0.351099627945432,0.31385696568830096,0.3299833354526893,0.9058858188143392,1829.6738888888892,2367.8763888888884,,0,0,neutre,365,0,0,30,,,45.0,19.0,65.0,78.5,50,49.74,False,False,,0,🔥 Trending #8 sur CoinGecko,8,,49,200413009520,200413009520,120684325.0427515,120684325.0427515,,100.0,,,
HEIUSDT,HEI,Speculative,,0.0837,2141575.05818,-0.829,50.13319857958579,0.0004265110761564356,0.082346,0.10292199999999997,2.5969696569365506,0.38552915766738666,0.2612533097969991,1.6189648626740858,0.16840572156970796,0.06909444444444443,0.10271388888888891,downtrend,0,1,baissier,365,0,0,30,,,17.0,84.0,46.0,68.0,17.5,49.71,False,False,,0,,,,55,,,,,,,,,
UNIUSDT,UNI,Etabli,52,2.526,10854805.49821,3.695,32.391941991943796,-0.03135710472884762,3.2248200000000002,4.145705,0.6147067373742982,0.4236228049073852,0.39259081068077945,0.6009285158989971,0.7493155091863967,2.7760000000000002,3.8076388888888886,downtrend,0,1,baissier,365,0,0,30,,,45.0,28.0,60.5,78.5,17.5,49.34,False,False,,0,,,,37,1571459618,2258607514,622353561.5538775,894488420.0329479,1000000000.0,69.6,1432558845,$1.4B,-3.83
HOLOUSDT,HOLO,Mid,486,0.0625,3785911.86163,-0.794,43.40960000012898,-0.000768585968374617,0.069576,0.06719750000000001,0.9739945949850738,0.3699421965317919,0.276300578034682,1.1147761630108066,0.4521939022471382,0.05358333333333334,0.077675,downtrend,0,1,baissier,274,0,0,30,,,28.5,54.0,73.0,68.0,17.5,49.33,False,False,,0,,,,47,45395534,128005295,726298493.999999,2048000000.0,2048000000.0,35.5,,,
SAHARAUSDT,SAHARA,Mid,408,0.01672,13351008.3937,-7.059,28.867205728053534,-0.0020983011957611377,0.03058379999999999,0.02748730000000002,2.442036988496947,0.6223029752441518,0.6186690892573246,2.8323383939069506,0.20299430791473239,0.020754444444444443,0.03800944444444445,morning_star_4h,1,0,haussier,351,0,0,30,,,30.6,54.0,28.0,78.5,50,49.21,False,False,,0,,,,58,56785128,166672955,3406979167.0,10000000000.0,10000000000.0,34.1,,,
PARTIUSDT,PARTI,Speculative,994,0.058,4000799.6087,5.455,55.97377053335598,0.0011252650500532542,0.05094600000000002,0.0815165,1.437739138889128,0.6183953033268103,0.4315068493150685,1.37485410884082,0.0245308963800613,0.04113333333333331,0.090375,,0,0,neutre,365,0,0,30,,,17.0,75.0,43.0,68.0,50,49.2,False,False,,0,,,,59,13523182,58039408,233000000.0,1000000000.0,1000000000.0,23.3,,,
XRPUSDT,XRP,Etabli,6,1.1204,120836748.24541,1.449,32.35519346463602,-0.010185490238261354,1.3401679999999998,1.5941235,0.4936660026810526,0.2913804277381724,0.27407647440051836,0.42885972177633547,0.8582708599222855,1.2164388888888888,1.4705666666666666,downtrend,0,1,baissier,365,0,0,30,,,45.0,19.0,75.5,78.5,17.5,48.96,False,False,,0,,,,37,69473046945,111939908144,62053900985.0,99985653167.0,100000000000.0,62.1,,,
STRAXUSDT,STRAX,Speculative,743,0.01076,11997713.46847,-16.718,47.835713549480644,1.139673145029974e-05,0.012369599999999994,0.016340950000000003,2.433098322196852,0.48164281269446174,0.3304293714996889,19.746762764622122,0.25697130343366265,0.010759722222222224,0.014680833333333334,macd_bullish_cross,1,0,haussier,365,0,0,30,,,17.0,64.0,41.5,78.5,50,48.94,False,False,,3,⚡ Volume ×19.8 vs médiane,,19.75,64,23360561,23360561,2174399827.633793,2174399827.633793,,100.0,,,
FETUSDT,FET,Mid,111,0.1886,14855333.33099,-2.532,40.56492207327668,-0.0066938148047768625,0.21610199999999996,0.21631599999999993,1.2293255291269882,0.3420487106017192,0.32557306590257884,0.5717865376426213,0.5663265101496795,0.19251388888888887,0.25613888888888886,,0,0,neutre,365,0,0,30,,,31.0,37.0,58.0,78.5,50,48.81,False,False,,0,,,,47,425342323,511112617,2258881093.9307284,2714384546.672,2714384546.672,83.2,,,
ZAMAUSDT,ZAMA,Mid,351,0.03124,3380160.29746,4.867,50.26267829878143,-0.0005356509262219424,0.030026800000000006,,0.8619094999838468,0.23911747167561118,0.16737739872068225,0.3365015302290688,0.21618965303282114,0.02218111111111111,0.03422,uptrend,1,0,haussier,130,0,0,30,,,24.6,45.0,79.0,68.0,50,48.64,False,False,,0,,,,56,68617591,343087957,2200000000.0,11000000000.0,,20.0,18433291,$18M,-0.17
QNTUSDT,QNT,Etabli,71,65.16,994743.57483,0.262,36.5718609825109,-0.7640837186458092,72.1024,73.72714999999998,0.6363871612335666,0.19567634342186538,0.19567634342186538,0.50062980215732,0.2736118181334974,67.12638888888888,78.97472222222221,rsi_bullish_divergence|downtrend|morning_star_4h,2,1,haussier,365,0,0,30,,,45.0,37.0,79.0,57.5,17.5,48.55,False,False,,0,,,,43,945170839,949610491,14544176.164081175,14612493.0,14612493.0,99.5,,,
ORDIUSDT,ORDI,Mid,363,3.146,9109910.27359,5.323,40.42807560441905,-0.004554018635235524,4.21104,3.649029999999999,1.2334081409225799,0.6552007513500823,0.6316036628316507,1.1602143876207531,0.2736263850676465,2.3026388888888887,5.558861111111111,downtrend|doji_4h,0,1,baissier,365,0,0,30,,,31.0,54.0,38.5,78.5,17.5,48.55,False,False,,0,,,,42,65926677,65926677,21000000.0,21000000.0,,100.0,,,
ICPUSDT,ICP,Etabli,61,2.281,4724384.593,2.701,39.97407888943428,-0.05526245714839327,2.6600599999999996,2.825024999999999,1.0320137397614897,0.38856669428334717,0.3703396851698426,0.368590484180202,0.36143267408169677,2.2628611111111105,3.0891388888888884,,0,0,neutre,365,0,0,30,,,45.0,28.0,58.0,68.0,50,48.47,False,False,,0,,,,45,1262658920,1262659036,553428928.2341648,553428979.0296807,,100.0,,,
HMSTRUSDT,HMSTR,Speculative,859,0.0002835,34562297.1948676,33.79,79.28092419249714,1.1769413467304445e-05,0.00016822599999999997,0.00018526649999999986,1.7446633644819336,0.33879270004679457,0.0,33.763206711925356,0.2613316977235625,0.00013596666666666665,0.0001928638888888889,breakout_30d|downtrend,1,1,mixte,365,0,0,30,,,17.0,66.0,50.5,78.5,17.5,48.46,False,False,,3,⚡ Volume ×33.8 vs médiane,,33.76,48,18419728,28613169,64375000000.0,100000000000.0,100000000000.0,64.4,,,
SKYUSDT,SKY,Etabli,57,0.05758,994733.63074,4.558,35.06766129780188,-0.0005647895143156027,0.07221500000000002,0.06756839999999997,0.608456412225449,0.3873491282968261,0.35650424675905235,0.5153288795385482,0.5278251945363096,0.0630213888888889,0.08327000000000001,downtrend,0,1,baissier,268,0,0,30,,,42.3,45.0,68.5,57.5,17.5,48.38,False,False,,0,,,,44,1339716271,1350674934,23272301484.669643,23462665147.36596,23462665147.3,99.2,5740671985,$5.7B,-2.0
SUIUSDT,SUI,Etabli,30,0.7516,29223515.02712,2.203,34.59496430379518,-0.008745339505857014,0.9636639999999997,1.1622855000000005,0.7172876923111627,0.4721951219512195,0.436172607879925,0.4286754387659581,0.6878074358228465,0.8011944444444443,1.1244083333333335,downtrend,0,1,baissier,365,0,0,30,,,45.0,19.0,68.5,78.5,17.5,48.11,False,False,,0,,,,36,3030976912,7522533703,4029196852.454399,10000000000.0,10000000000.0,40.3,,,
DOTUSDT,DOT,Etabli,51,0.95,5738416.94061,2.151,29.913465995756994,-0.016120354717789998,1.2072999999999998,1.5562749999999992,0.60326943645911,0.4414634146341463,0.42073170731707316,0.3462365142207013,0.5845063393739224,1.0739444444444444,1.4517222222222221,downtrend|doji_4h,0,1,baissier,365,0,0,30,,,45.0,19.0,68.5,78.5,17.5,48.11,False,False,,0,,,,42,1602838703,1602838703,1688056185.332216,1688058592.327827,2100000000.0,100.0,2253161,$2M,-8.45
AAVEUSDT,AAVE,Etabli,70,63.16,10763193.30604,4.07,26.351803467936676,-0.9792463983795283,86.00600000000003,124.39784999999998,0.6600691706529513,0.5016757949807896,0.484182130303278,0.47361405905344617,0.7322439189164269,73.46444444444445,112.03194444444446,,0,0,neutre,365,0,0,30,,,45.0,19.0,51.5,78.5,50,48.1,False,False,,0,,,,47,957586699,1009319903,15179911.874935383,16000000.0,16000000.0,94.9,11605864264,$11.6B,-3.31
POLUSDT,POL,Etabli,81,0.07367,3379139.667775,-0.821,30.745428012908675,-0.0015826112535495475,0.091339,0.10519725000000005,0.6053564095705842,0.30861244019138756,0.2955980861244019,0.30761690690772453,0.6044622991600094,0.08212388888888889,0.09966388888888887,,0,0,neutre,365,0,0,30,,,45.0,19.0,73.0,68.0,50,48.09,False,False,,0,,,,44,784497219,784497219,10659024544.96288,10659024544.96288,,100.0,2208690532,$2.2B,-4.68
ARBUSDT,ARB,Mid,102,0.0813,6482147.64734,3.699,27.968953337681384,-0.0010326951536557792,0.113216,0.1399239999999999,0.6353342367523998,0.4614850798056905,0.43719639139486466,0.6294965614514988,0.685875632064838,0.08672777777777778,0.133975,,0,0,neutre,365,0,0,30,,,31.0,28.0,68.5,78.5,50,47.88,False,False,,0,,,,52,507413320,811105816,6255821492.0,10000000000.0,10000000000.0,62.6,2718886858,$2.7B,-4.55
PORTALUSDT,PORTAL,Speculative,,0.01546,2140503.587767,0.914,51.53256966821435,-0.00039439008045143446,0.012281200000000003,0.015015599999999992,4.385531346230612,0.5411402157164868,0.5235747303543913,2.001859212887243,0.13247038810737813,0.008226388888888887,0.018166666666666664,macd_bearish_cross|uptrend,1,1,mixte,365,0,0,30,,,17.0,84.0,28.0,68.0,19.9,47.67,False,False,,0,,,,56,,,,,,,,,
GALAUSDT,GALA,Mid,225,0.0027,3517359.23507,7.57,39.629340222308166,-1.956812736875191e-05,0.0032539999999999995,0.0045698,0.7072130283857888,0.40144230769230765,0.3509615384615384,1.3299937633097,0.6158527109896891,0.0027311111111111104,0.0037427777777777776,downtrend,0,1,baissier,365,0,0,30,,,31.0,46.0,68.5,68.0,17.5,47.62,False,False,,0,,,,44,130730813,130730814,48487193098.62327,48487193491.95733,50000000000.0,100.0,,,
ALGOUSDT,ALGO,Etabli,80,0.0893,2033609.866,0.0,34.383945764070376,-0.0024889001164662677,0.11215800000000002,0.110298,0.7572792681555879,0.35254491017964074,0.33158682634730535,0.3041847943455221,0.4814174539009954,0.08665000000000002,0.12518055555555557,double_top_90d,0,1,baissier,365,0,0,30,,,45.0,27.0,68.5,68.0,17.9,47.47,False,False,,0,,,,38,795936394,795966996,8924208418.379782,8924551539.520634,10000000000.0,100.0,,,
HIVEUSDT,HIVE,Speculative,664,0.0505,2911992.0909,4.339,39.63211159956857,-0.000935515117180537,0.060035999999999985,0.07561449999999999,0.9633518302860077,0.35743519781718963,0.31105047748976805,11.367173509698198,0.4702643741613149,0.05437222222222222,0.06882222222222222,,0,0,neutre,365,0,0,30,,,17.0,55.0,68.5,68.0,50,47.39,False,False,,3,⚡ Volume ×11.4 vs médiane,,11.37,63,27725783,56367008,550140465.0,1118445313.0,,49.2,,,
BANKUSDT,BANK,Speculative,839,0.0448,3378850.48387,19.786,61.354476791082305,0.0011890908557289752,0.036304,0.04008850000000001,1.9176311714283119,0.5678571428571428,0.19642857142857148,3.0482209634527444,0.17027826464282236,0.031030555555555544,0.04371111111111111,macd_bullish_cross|downtrend,1,1,mixte,211,0,0,30,,,12.8,84.0,37.0,68.0,17.5,47.26,False,False,,2,⚡ Volume ×3.0 vs médiane,,3.05,60,19265027,19265027,425250000.0,425250000.0,2100000000.0,100.0,,,
AVAXUSDT,AVAX,Etabli,33,6.578,20269817.16199,1.953,23.53701743916784,-0.17369972113623267,8.890579999999998,10.489545,0.6444379815869978,0.3915157292659676,0.3734032411820781,0.5468623279101174,0.8198427634918761,7.810972222222222,9.930833333333334,downtrend,0,1,baissier,365,0,0,30,,,45.0,19.0,60.5,78.5,17.5,47.13,False,False,,0,,,,41,2837541896,3045666569,431771961.1772119,463441061.1772119,720000000.0,93.2,116159501,$116M,-4.05
PENGUUSDT,PENGU,Mid,113,0.006716,9426230.306538,2.785,38.8975069548117,-4.2900631077868686e-05,0.00871716,0.008643220000000002,0.8749506478182134,0.4329952915610286,0.39233973198116623,0.43256177952062885,0.7029380845952371,0.0063555833333333355,0.01020036111111111,downtrend,0,1,baissier,365,0,0,30,,,31.0,36.0,60.5,78.5,17.5,46.81,False,False,,5,🔥 Trending #3 sur CoinGecko,3,,47,422112235,533538966,62860396090.0,79453917529.89455,88888888888.0,79.1,,,
CHZUSDT,CHZ,Mid,137,0.027,10942432.27475,-0.917,35.348961692351594,-0.00022224759816089025,0.0395334,0.03964895000000001,1.185981415789713,0.5083499005964215,0.4640159045725646,1.0477298621350897,0.33630193303853634,0.03064611111111112,0.04769333333333334,death_cross|downtrend,0,2,baissier,365,0,0,30,,,31.0,46.0,49.0,78.5,0,46.76,False,False,,0,,,,37,280864310,280864310,10407581304.0,10407581304.0,,100.0,,,
KAITOUSDT,KAITO,Mid,263,0.4263,651856.06233,1.452,41.00274889631298,-0.004891236816087743,0.46480600000000005,0.45755300000000004,0.8456474632347153,0.20793950850661633,0.19489603024574673,0.37563737858648105,0.33340455687210113,0.3744916666666667,0.5067611111111112,golden_cross,1,0,haussier,365,0,0,30,,,31.0,36.0,85.0,57.5,50,46.61,False,False,,0,,,,51,102727177,425567131,241388889.0,1000000000.0,1000000000.0,24.1,,,
BIOUSDT,BIO,Mid,364,0.0307,3819208.655297,5.826,46.42956697690991,0.00023584635479760932,0.0376802,0.034978550000000004,1.2586844302766498,0.5712396694214875,0.49305785123966944,0.5268829505520284,0.1767949417354803,0.01721111111111111,0.049316666666666675,macd_bullish_cross|downtrend,1,1,mixte,365,0,0,30,,,31.0,54.0,43.0,68.0,17.5,46.48,False,False,,0,,,,45,65811629,101860907,2145029070.25,3320000000.0,3320000000.0,64.6,4134341,$4M,2.63
TRUMPUSDT,TRUMP,Mid,115,1.71,9163971.169583,5.166,35.91999031010657,-0.0042556685030956665,2.16742,3.6961050000000015,0.7397807438428727,0.6101778656126482,0.5783102766798419,0.66801599254494,0.5657003740240448,1.8370555555555559,3.4089722222222227,downtrend,0,1,baissier,365,0,0,30,,,31.0,37.0,55.0,78.5,17.5,46.39,False,False,,0,,,,39,405324631,1707247939,237414040.342428,1000000000.0,1000000000.0,23.7,,,
SHIBUSDT,SHIB,Etabli,34,4.72e-06,2739774.55434556,2.165,31.30421970896515,-3.06310529758438e-08,5.757000000000002e-06,6.653300000000001e-06,0.49766579068579186,0.3101361573373676,0.28441754916792744,0.19950027860924316,0.7642384746684119,5.102500000000001e-06,6.395000000000001e-06,downtrend,0,1,baissier,365,0,0,30,,,45.0,19.0,75.5,68.0,17.5,46.34,False,False,,0,,,,37,2782713401,2783925441,589243202888610.2,589499854092577.6,,100.0,,,
ETCUSDT,ETC,Etabli,64,7.13,1190958.8799,3.333,33.26536264728752,-0.059752838889786886,8.494000000000002,9.900950000000002,0.479370602204088,0.31963927855711427,0.28456913827655317,0.21455621281354526,0.7573455913400884,7.5261111111111125,9.33527777777778,downtrend,0,1,baissier,365,0,0,30,,,45.0,19.0,75.5,68.0,17.5,46.34,False,False,,0,,,,37,1115892544,1115892544,156559601.6228963,156559601.6228963,210700000.0,100.0,,,
SPKUSDT,SPK,Mid,414,0.02007,5807155.932348,-3.861,32.097695933069076,0.00011080766738127534,0.03023590000000001,0.024503019999999983,0.7435851583622226,0.6412507701786814,0.6136783733826249,0.7922381964486456,0.30941535327204517,0.019785944444444443,0.03926633333333334,macd_bullish_cross|support_bounce|downtrend,2,1,haussier,360,0,0,30,,,30.9,36.0,55.0,78.5,17.5,46.1,False,False,,0,,,,39,55754795,200724593,2777676323.262269,10000000000.0,10000000000.0,27.8,3323529215,$3.3B,-5.88
LUNCUSDT,LUNC,Mid,119,7.019e-05,3109311.35221749,3.495,46.32336685490055,-7.558408493108317e-07,7.852860000000002e-05,4.9284300000000025e-05,1.230218966352116,0.4822096563723358,0.388777729447586,0.22664795073281357,0.39512965405400163,3.68861111111111e-05,9.281972222222223e-05,downtrend,0,1,baissier,365,0,0,30,,,31.0,45.0,58.0,68.0,17.5,46.09,False,False,,0,,,,45,387670634,453583462,5517804787688.206,6455957151395.974,,85.5,,,
PUMPUSDT,PUMP,Mid,104,0.001442,8147334.583573,-0.552,40.081886233366106,-2.371118626756347e-05,0.0017741,0.0020964849999999986,1.064366579458688,0.37437300501595994,0.3429092567259462,0.5513621127610195,0.6399359345524467,0.0015753055555555555,0.0020405833333333335,downtrend,0,1,baissier,274,0,0,30,,,28.5,37.0,58.0,78.5,17.5,45.96,False,False,,0,,,,40,503158990,1238980274,349056831206.4481,859518634877.6707,1000000000000.0,40.6,194960621,$195M,-5.05
KITEUSDT,KITE,Mid,110,0.1837,2548116.98025,3.376,46.218807113095,-0.0026917906730004313,0.18458,0.158771,0.9715138942300459,0.49323786793953855,0.2669053301511536,0.24337215991984437,0.27869711814468007,0.13512500000000002,0.2266638888888889,downtrend,0,1,baissier,221,0,0,30,,,27.1,45.0,67.0,68.0,17.5,45.93,False,False,,0,,,,46,429276726,1840630978,2332225913.0,10000000000.0,10000000000.0,23.3,1021909,$1M,-0.39
FIDAUSDT,FIDA,Speculative,760,0.02269,1907190.992552,5.388,47.8719576053129,-0.0006387268747149259,0.022291399999999996,0.02562845000000001,2.798551102847493,0.5453205600589537,0.44485384426430863,0.9604375297322695,0.22361055121037027,0.014353888888888892,0.030468888888888886,uptrend,1,0,haussier,365,0,0,30,,,17.0,66.0,32.5,68.0,50,45.71,False,False,,0,,,,55,22541813,22541813,990910747.563349,990910747.563349,1000000000.0,100.0,,,
SUNUSDT,SUN,Mid,130,0.01711,523112.46626,-0.407,29.4024423424854,-0.0001105030185804182,0.019008799999999996,0.01869324999999999,0.3158098476954501,0.17111003393116814,0.17111003393116814,0.4368704669863631,0.3570072275457507,0.017014722222222226,0.020182500000000003,rsi_bullish_divergence,1,0,haussier,365,0,0,30,,,31.0,27.0,95.5,57.5,50,45.68,False,False,,0,,,,56,328369477,339801464,19231207016.78254,19900730000.0,19900730000.0,96.6,102682936,$103M,-1.54
AWEUSDT,AWE,Mid,261,0.05405,327325.58323,-0.111,52.063413533101254,0.00015828864655146585,0.0542756,0.056194600000000004,0.5702165051912237,0.2022819885900571,0.119478402607987,0.4167860263712398,0.32922143386438124,0.04868083333333333,0.05798277777777778,double_bottom_90d|uptrend,2,0,haussier,365,0,0,30,,,31.0,37.0,95.5,47.0,50,45.51,False,False,,0,,,,56,104580824,104580824,1942420283.0270672,1942420283.0270672,2000000000.0,100.0,,,
FLOWUSDT,FLOW,Mid,463,0.02915,1473627.0618052,9.628,41.3030122926024,9.143377887053245e-05,0.035759400000000004,0.07262179999999996,0.67470455612497,0.41991534862998436,0.35152595232791267,0.5114203905991056,0.42294260438744935,0.02837444444444444,0.0423825,macd_bullish_cross|downtrend,1,1,mixte,365,0,0,30,,,31.0,37.0,68.5,68.0,17.5,45.41,False,False,,0,,,,41,48535356,48535356,1668166978.022744,1668166978.022744,,100.0,,,
APTUSDT,APT,Etabli,98,0.632,4617637.66282,-0.785,22.06631293179892,-0.021439993247166236,0.93182,1.2269800000000004,0.7816282222302231,0.4614050303555941,0.45186470078057245,0.3052142723636717,0.6533970247817098,0.7629444444444443,1.0665833333333332,,0,0,neutre,365,0,0,30,,,45.0,10.0,68.5,68.0,50,45.34,False,False,,0,,,,47,517849351,760048390,820350716.9043868,1204030170.658594,2100000000.0,68.1,,,
NOTUSDT,NOT,Speculative,508,0.000413,1680349.478535,11.622,45.39379977538708,-3.398805139595918e-06,0.00046678000000000014,0.0004681950000000002,0.9417814372283835,0.46320346320346323,0.40404040404040403,1.030948429724368,0.41112713184237154,0.0003526944444444444,0.0005622777777777779,downtrend,0,1,baissier,365,0,0,30,,,17.0,55.0,68.5,68.0,17.5,45.34,False,False,,0,,,,50,41061484,42310022,99429447866.9074,102452755868.5205,102456956842.91,97.0,,,
ROBOUSDT,ROBO,Mid,484,0.02061,1391902.37568,3.257,52.28326574509889,0.00016514372563993535,0.020452400000000003,,0.9625130148765593,0.5963211533681332,0.4857071836937609,0.22318382276555715,0.24869805357339242,0.017777222222222222,0.028126111111111116,,0,0,neutre,100,0,0,30,,,23.7,45.0,53.5,68.0,50,45.28,False,False,,0,,,,52,46149916,206857536,2231000000.0,10000000000.0,10000000000.0,22.3,,,
SXTUSDT,SXT,Speculative,671,0.0105,4717178.28149,36.187,48.53046098983416,-1.6051427255503545e-06,0.012894399999999995,0.020714300000000012,1.3791047606867424,0.578494623655914,0.4306451612903225,8.292094089917478,0.4311191205796024,0.010138611111111112,0.017828333333333328,downtrend,0,1,baissier,365,0,0,30,,,17.0,64.0,49.0,68.0,17.5,45.17,False,False,,3,⚡ Volume ×8.3 vs médiane,,8.29,58,27260433,52447840,2598813644.2665,5000000000.0,5000000000.0,52.0,,,
OSMOUSDT,OSMO,Speculative,572,0.0454,1151575.729193,2.483,47.53927681442457,-0.0006399718853872089,0.047822,0.04637800000000001,2.328182096508388,0.5825688073394495,0.4782110091743119,1.0851266470891396,0.2417002315302736,0.030394444444444432,0.06725833333333335,golden_cross,1,0,haussier,365,0,0,30,,,17.0,63.0,32.5,68.0,50,44.98,False,False,,0,,,,54,35065774,44183143,776270484.789603,978106724.667758,1000000000.0,79.4,15345618,$15M,2.22
CAKEUSDT,CAKE,Mid,112,1.308,2403523.86885,1.711,44.8251595037784,0.0009041588161043182,1.4378,1.6335700000000009,0.6907216488307147,0.2860650705954573,0.19643953345610807,0.613675822138421,0.6991590495626686,1.2996388888888886,1.5722777777777779,macd_bullish_cross|double_top_90d|downtrend,1,2,baissier,365,0,0,30,,,31.0,37.0,73.0,68.0,0,44.85,False,False,,0,,,,38,424369247,440562823,324497914.0244137,336880483.4500047,400000000.0,96.3,1796106941,$1.8B,-0.17
ARKMUSDT,ARKM,Mid,316,0.121,1198850.94287,8.036,46.675593097780556,-0.0028301004312762416,0.128656,0.14680300000000013,1.3328896490695463,0.2830188679245283,0.20754716981132074,0.33371533736019193,0.4872251989839539,0.09722222222222227,0.14577500000000002,downtrend|doji_4h,0,1,baissier,365,0,0,30,,,31.0,37.0,62.5,68.0,17.5,44.68,False,False,,0,,,,43,77890851,121545618,640836360.0,1000000000.0,1000000000.0,64.1,,,
BANANAS31USDT,BANANAS31,Mid,272,0.010026,1275195.870089,0.26,45.03650078656858,-1.8715079613390844e-05,0.011031039999999999,0.007335725,1.5415772903107867,0.4064549986880084,0.3400026239832065,0.20097557769357244,0.1766357076510916,0.009274583333333333,0.013803583333333334,evening_star_4h,0,1,baissier,365,0,0,30,,,31.0,45.0,41.5,68.0,25.4,44.59,False,False,,0,,,,44,100469485,100469485,10000000000.0,10000000000.0,10000000000.0,100.0,,,
DASHUSDT,DASH,Mid,107,34.76,5917970.66266,2.205,41.70682901889671,-0.39463552299596305,41.1464,41.90114999999999,1.2736895144058153,0.3955495875695377,0.3341645885286783,0.2518662833108806,0.550765646615649,31.24888888888889,48.073611111111106,downtrend,0,1,baissier,365,0,0,30,,,31.0,28.0,58.0,78.5,17.5,44.55,False,False,,0,,,,37,442272348,442325470,12727352.29810455,12728880.99693385,18920000.0,100.0,,,
ALTUSDT,ALT,Speculative,518,0.00623,2539799.68405,1.136,43.31461469409413,-3.0315335131238404e-05,0.0072506,0.009127399999999997,1.0365002858212835,0.3176895306859206,0.25150421179302046,1.8542898503446503,0.37704062480193073,0.00611861111111111,0.008275277777777779,bearish_engulfing_4h,0,1,baissier,365,0,0,30,,,17.0,55.0,62.5,68.0,15.1,44.46,False,False,,0,,,,45,39823548,62185495,6403993052.0,10000000000.0,10000000000.0,64.0,,,
SFPUSDT,SFP,Mid,236,0.2444,245613.1122,7.287,41.288004015732504,-0.0013480494416704698,0.29228400000000004,0.30368349999999994,0.7705396788896862,0.41596417281348785,0.3553740779768177,1.1495595520652468,0.5341446646742021,0.2546694444444444,0.3309527777777778,,0,0,neutre,365,0,0,30,,,31.0,46.0,68.5,47.0,50,44.43,False,False,,0,,,,52,122202735,122202735,500000000.0,500000000.0,500000000.0,100.0,,,
FLOKIUSDT,FLOKI,Mid,152,2.474e-05,1672131.0084212,4.388,36.30260490109842,-8.863334888222287e-08,3.0418999999999995e-05,3.546465000000001e-05,0.6435218523901096,0.3760042849491162,0.33770755222281734,0.2898282486514688,0.7388503336608446,2.5680833333333326e-05,3.456305555555555e-05,doji_4h,0,0,neutre,365,0,0,30,,,31.0,28.0,60.5,68.0,50,44.29,False,False,,0,,,,45,238468893,247070129,9651870652367.0,10000000000000.0,10000000000000.0,96.5,9906840,$10M,-3.07
DOGSUSDT,DOGS,Speculative,756,4.4e-05,2352413.9971493,13.402,45.908597503117335,-5.678222218674087e-07,4.906999999999999e-05,3.9098e-05,1.1160983052300146,0.547646383467279,0.494833524684271,1.3071646491521294,0.2316018145070976,2.692222222222222e-05,6.450833333333333e-05,downtrend,0,1,baissier,365,0,0,30,,,17.0,63.0,43.0,68.0,17.5,44.2,False,False,,0,,,,48,22772267,24237536,516750000000.0,550000000000.0,550000000000.0,94.0,,,
RUNEUSDT,RUNE,Mid,214,0.413,1298938.5421,7.273,50.242394342210986,0.004265527307522797,0.46864000000000006,0.4936800000000002,1.1615117216265671,0.48966613672496023,0.343402225755167,0.3925782910850143,0.5878503921252314,0.37322222222222223,0.5556666666666668,macd_bullish_cross|downtrend,1,1,mixte,365,0,0,30,,,31.0,37.0,58.0,68.0,17.5,44.13,False,False,,0,,,,43,139196930,145711313,338372737.0,354208499.0,354208499.0,95.5,50684630,$51M,-12.61
XNOUSDT,XNO,Mid,447,0.383,173647.58273,1.055,38.45407120669495,-0.003317903670688755,0.44232,0.5738699999999998,0.5899187041408386,0.3009345794392524,0.28224299065420566,0.8712062947365012,0.5232481096777742,0.40266666666666656,0.5093055555555556,doji_4h,0,0,neutre,365,0,0,30,,,31.0,37.0,83.5,47.0,50,44.05,False,False,,0,,,,51,51058773,51058773,133248297.0,133248297.0,133248297.0,100.0,,,
XVSUSDT,XVS,Mid,500,2.51,136335.8195,4.149,46.99506351253582,-0.0013181279085986014,2.6304,3.4638500000000003,0.5514185581160288,0.2975460122699386,0.23006134969325154,0.2535802423462429,0.5546012168320154,2.47611111111111,2.9672222222222215,support_bounce|doji_4h,1,0,haussier,365,0,0,30,,,31.0,37.0,83.5,47.0,50,44.05,False,False,,0,,,,54,41891621,74055086,16826268.97479825,29745107.921051685,30000000.0,56.6,1041321537,$1.0B,1.02
ARUSDT,AR,Mid,235,1.87,2908565.75674,0.592,42.588304660179396,-0.04579124228344587,2.1528199999999997,2.577305,1.2360542955687486,0.34891304347826085,0.3228260869565217,0.37784622168132964,0.43752672046899393,1.6808333333333334,2.4195833333333336,,0,0,neutre,365,0,0,30,,,31.0,28.0,58.0,68.0,50,43.99,False,False,,0,,,,45,122751379,122751379,65652466.0,65652466.0,66000000.0,100.0,,,
DYDXUSDT,DYDX,Mid,277,0.11826,1530000.0307524,-6.202,36.895190021120456,-0.006338736912257933,0.15508399999999994,0.1459714,1.2127430551093639,0.4069522291355993,0.39265696508458886,0.25889535391441215,0.34619911161292577,0.08861805555555555,0.17431083333333333,downtrend,0,1,baissier,365,0,0,30,,,31.0,36.0,58.0,68.0,17.5,43.89,False,False,,0,,,,39,99561173,113038173,844084129.0970294,958342751.0,1000000000.0,88.1,96099313,$96M,-1.44
SUSHIUSDT,SUSHI,Mid,467,0.1756,843302.26142,5.592,41.60345059760345,-0.0025141389628819833,0.21032000000000006,0.24657250000000008,1.0405282200547104,0.3423244744149147,0.3034510115033716,1.005453717934112,0.4996016243133287,0.1819388888888889,0.23521666666666668,downtrend,0,1,baissier,365,0,0,30,,,31.0,46.0,58.0,57.5,17.5,43.72,False,False,,0,,,,42,47894233,51140103,273012266.12632084,291514753.9009228,,93.7,35362122,$35M,5.19
WBTCUSDT,WBTC,Speculative,,63056.55,5791834.2703936,3.397,31.26264533431514,-506.4808902820014,74566.999,77871.59309999998,0.41538957425961986,0.25876944840793126,0.23047751568051913,1.146278658783443,0.9996275154074887,64588.741111111114,79842.35444444444,downtrend,0,1,baissier,365,0,0,30,,,17.0,37.0,69.5,78.5,17.5,43.67,False,False,,0,,,,41,,,,,,,7175894244,$7.2B,-0.72
HEMIUSDT,HEMI,Speculative,,0.00572,5319941.01934,16.973,41.382722633963446,-6.400181585283727e-05,0.0073782000000000006,0.010796350000000003,1.216015358683759,0.501010101010101,0.42121212121212126,2.6185323722774045,0.33581275927070847,0.005869166666666665,0.00887722222222222,double_top_90d|downtrend|doji_4h,0,2,baissier,262,0,0,30,,,14.2,55.0,49.0,78.5,0,43.58,False,False,,0,,,,43,,,,,,,29226142,$29M,-5.76
PLUMEUSDT,PLUME,Mid,395,0.01021,1713242.97193,-0.293,35.676028023354846,-0.00030211769298010686,0.012695000000000001,0.013800600000000001,1.075950859119336,0.3549007046764894,0.34529147982062786,0.4399837742787584,0.4919991422211023,0.009763333333333334,0.014485277777777777,,0,0,neutre,298,0,0,30,,,29.2,28.0,58.0,68.0,50,43.4,False,False,,0,,,,45,58770298,102072920,5757677709.0,10000000000.0,10000000000.0,57.6,,,
DGBUSDT,DGB,Mid,490,0.00245,216653.736674,-0.407,25.096211732175703,-4.642292666398254e-05,0.0035032000000000015,0.004698149999999998,0.679096558172509,0.5,0.4979508196721311,1.5447452837130977,0.5982175127963207,0.0029627777777777777,0.0046500000000000005,,0,0,neutre,365,0,0,30,,,31.0,46.0,59.5,47.0,50,43.34,False,False,,0,,,,56,44872908,44901768,18316666800.61387,18328447158.91291,21000000000.0,99.9,,,
VIRTUALUSDT,VIRTUAL,Mid,122,0.5733,3820899.8844,3.671,37.46680051771214,-0.012982079412684831,0.72734,0.7437359999999995,0.9664097356599508,0.41858720120055737,0.38642941365634037,0.31918556960807754,0.6355011295305409,0.6093333333333333,0.8333388888888889,downtrend,0,1,baissier,365,0,0,30,,,31.0,28.0,68.5,68.0,17.5,43.2,False,False,,0,,,,39,376245269,572621466,657057570.8827373,1000000000.0,1000000000.0,65.7,,,
SEIUSDT,SEI,Mid,131,0.04858,2476771.512684,4.115,36.239582628694485,-0.0015235947298126236,0.060994200000000005,0.08291914999999996,0.9501088807680682,0.3882894736842106,0.3614473684210527,0.21654703670698522,0.6360634791168218,0.0507461111111111,0.06908583333333335,downtrend,0,1,baissier,365,0,0,30,,,31.0,28.0,68.5,68.0,17.5,43.2,False,False,,0,,,,39,326684166,485174503,6733333333.0,10000000000.0,,67.3,,,
PENDLEUSDT,PENDLE,Mid,170,1.233,2166328.3851,4.58,37.02103209909131,-0.016517477688457266,1.6135199999999998,1.635525,0.9520575856911883,0.4529356943150047,0.42544268406337366,0.35127385320802923,0.6087463460845995,1.0758055555555557,1.9700555555555554,downtrend,0,1,baissier,365,0,0,30,,,31.0,28.0,68.5,68.0,17.5,43.2,False,False,,0,,,,39,210043052,346490125,170662538.9624903,281527448.4585314,,60.6,1135185569,$1.1B,-7.84
WIFUSDT,WIF,Mid,203,0.1546,1683884.877589,3.135,37.07172659123649,-0.002580868088926578,0.189508,0.251127,0.8573846000587722,0.36379310344827587,0.33405172413793105,0.19878134004773323,0.6308212758187192,0.16361944444444443,0.21738888888888894,downtrend,0,1,baissier,365,0,0,30,,,31.0,28.0,68.5,68.0,17.5,43.2,False,False,,0,,,,39,154216440,154216440,998926392.0,998926392.0,998926392.0,100.0,,,
OPUSDT,OP,Mid,174,0.0939,3250899.401555,0.321,33.787178164989456,-0.0021701048112044707,0.12578599999999998,0.19125599999999984,0.8421643726026776,0.470314318975553,0.45401629802095467,0.35944175234331277,0.5505173821377053,0.10204166666666667,0.1450138888888889,,0,0,neutre,365,0,0,30,,,31.0,19.0,68.5,68.0,50,43.06,False,False,,0,,,,44,202126087,403306383,2152519691.0,4294967296.0,4294967296.0,50.1,580867360,$581M,-2.14
AXSUSDT,AXS,Mid,197,0.921,1105083.7782,2.676,29.455537971217495,-0.015985711664485078,1.2195800000000003,1.2411349999999997,0.6881434364902216,0.43029150823827633,0.41634980988593157,0.28083910058263206,0.34208152240180534,1.017,1.4153055555555552,doji_4h,0,0,neutre,365,0,0,30,,,31.0,19.0,68.5,68.0,50,43.06,False,False,,0,,,,50,159638853,248594364,173384825.001344,270000000.0,270000000.0,64.2,,,
STRKUSDT,STRK,Mid,164,0.0343,1793665.864525,1.479,42.191007535744255,-0.00013024713313898595,0.040434,0.058569500000000024,0.8526647649016565,0.43493761140819964,0.38859180035650626,0.3924290785440639,0.5003989210586508,0.03288333333333334,0.04680833333333334,bearish_engulfing_4h,0,1,baissier,365,0,0,30,,,31.0,28.0,68.5,68.0,15.1,43.05,False,False,,0,,,,38,218186389,343321598,6355160584.348971,10000000000.0,10000000000.0,63.6,181028763,$181M,-0.62
RADUSDT,RAD,Speculative,,0.22,1915743.5093,3.286,38.71225312767297,-0.0028382066545770118,0.26052,0.26101,0.842660058724496,0.3791044776119404,0.3432835820895523,0.7177912504454846,0.3222222868019494,0.21374999999999994,0.3066388888888889,,0,0,neutre,365,0,0,30,,,17.0,37.0,68.5,68.0,50,42.98,False,False,,0,,,,49,,,,,,,,,
CHIPUSDT,CHIP,Mid,368,0.03197,6185362.34778,-2.974,37.516753452582165,0.00046024921844427507,0.05271799999999999,,1.1758122709156857,0.7302375044310528,0.716767103863878,0.05900479332346696,,0.03251199999999999,0.0821875,macd_bullish_cross,1,0,haussier,52,0,0,30,,,22.4,36.0,34.5,78.5,50,42.96,False,False,,0,,,,43,64075312,320376562,2000000000.0,10000000000.0,10000000000.0,20.0,,,
BNSOLUSDT,BNSOL,Speculative,,73.2,800515.2154,3.683,31.948327592317966,-1.0712103373027677,91.72599999999998,110.67500000000013,0.5949357505095326,0.36162361623616235,0.3247232472324723,1.5592973986378462,0.8755017908914268,80.86388888888888,102.54166666666667,,0,0,neutre,365,0,0,30,,,17.0,46.0,71.0,57.5,50,42.87,False,False,,0,,,,52,,,,,,,,,
OPNUSDT,OPN,Speculative,877,0.0973,20020880.87186,13.271,39.03416611507054,-0.00818399128675891,0.16991,,3.2563489402158576,0.7239927841250752,0.7068550811785929,4.768786419587301,0.04171451342231956,0.1333,0.267975,macd_bearish_cross|uptrend,1,1,mixte,99,0,0,30,,,9.7,63.0,28.0,78.5,19.9,42.81,False,False,,2,⚡ Volume ×4.8 vs médiane,,4.77,50,17449646,96017366,181734276.26,1000000000.0,1000000000.0,18.2,5747925,$6M,-10.63
SSVUSDT,SSV,Speculative,596,2.237,678149.745365,10.852,45.80519947146117,-0.0032596548878302267,2.6076800000000007,3.114109999999999,0.9663919788274208,0.38463930348258707,0.3053482587064677,1.1057661047197276,0.5564497585651411,2.122861111111111,2.9761666666666673,downtrend,0,1,baissier,365,0,0,30,,,17.0,55.0,68.5,57.5,17.5,42.72,False,False,,0,,,,50,32858009,32858009,14699173.1,14699173.1,,100.0,12206633466,$12.2B,-6.43
BMTUSDT,BMT,Speculative,,0.01327,457654.074638,7.103,40.073890100650395,-0.0001503113486636538,0.015569,0.01883435,0.6513817218588362,0.3200654307524536,0.2693565976008723,1.6290850317778212,0.5894227000505099,0.013516666666666665,0.01763277777777778,,0,0,neutre,365,0,0,30,,,17.0,55.0,73.0,47.0,50,42.7,False,False,,0,,,,55,,,,,,,,,
MANTAUSDT,MANTA,Speculative,533,0.08111,881765.09246,4.604,53.8299373164596,-3.677000525861363e-05,0.07473200000000002,0.07510895,1.0693009414220747,0.1887430658909485,0.07620564149226568,0.46850360824666976,0.289659119102215,0.06205361111111112,0.08202722222222221,macd_bearish_cross|downtrend|bearish_engulfing_4h,0,3,baissier,365,0,0,30,,,17.0,57.0,73.0,57.5,0,42.65,False,False,,0,,,,47,38434576,81162197,473552675.7985375,1000000000.0,1000000000.0,47.4,21087372,$21M,-5.08
KAIAUSDT,KAIA,Mid,169,0.036,990942.46126,0.84,26.542863935840074,-0.0010247515409407934,0.04639800000000001,0.05591250000000005,0.6866660957664776,0.3732142857142857,0.3571428571428572,0.5293516057163601,0.5993691467163449,0.04162500000000001,0.05306388888888888,uptrend|doji_4h,1,0,haussier,365,0,0,30,,,31.0,28.0,68.5,57.5,50,42.64,False,False,,0,,,,52,210678967,210678974,5856641747.106198,5856641936.044253,,100.0,,,
IOTAUSDT,IOTA,Mid,172,0.0454,866219.875,2.252,35.61802102477789,-0.0009608328849049063,0.055900000000000005,0.072586,0.7919705467191059,0.34513274336283184,0.33038348082595864,0.3174264286421118,0.5840747012751399,0.05020833333333334,0.06398055555555554,,0,0,neutre,365,0,0,30,,,31.0,28.0,68.5,57.5,50,42.64,False,False,,0,,,,46,203573409,222652784,4487659971.0,4908253946.0,,91.4,,,
PHAUSDT,PHA,Speculative,666,0.0329,1043989.9296,8.581,45.85878408811174,-0.0008764716250286048,0.03524399999999999,0.03564650000000002,1.6177253918906207,0.42372881355932207,0.3785310734463277,0.6434311129973475,0.3413517766386605,0.030894444444444447,0.042986111111111114,,0,0,neutre,365,0,0,30,,,17.0,46.0,47.5,68.0,50,42.64,False,False,,0,,,,51,27666867,32942485,839853671.6689329,1000000000.0,1000000000.0,84.0,,,
PROMUSDT,PROM,Speculative,799,1.127,1027874.35668,13.609,45.28444181655758,0.0362959694594778,1.54124,3.293340000000001,1.6938516486517274,0.5875776397515527,0.5325051759834368,1.9078709823887432,0.15173403676687375,0.9885833333333337,2.2298055555555556,downtrend,0,1,baissier,365,0,0,30,,,17.0,64.0,28.0,68.0,17.5,42.62,False,False,,0,,,,46,20565039,21691891,18250000.0,19250000.0,19250000.0,94.8,,,
PUNDIXUSDT,PUNDIX,Speculative,705,0.0979,981881.95134,3.708,27.956769539480007,-0.0035465118395135546,0.139088,0.1785765000000001,0.8825973757938401,0.43830570902394106,0.4002455494168201,1.9378793787114692,0.5310735622522542,0.12111944444444446,0.15863333333333332,,0,0,neutre,365,0,0,30,,,17.0,46.0,68.5,57.5,50,42.57,False,False,,0,,,,58,25206542,25206542,258386541.0999244,258386541.0999244,,100.0,,,
ZROUSDT,ZRO,Mid,159,0.909,4074673.28657,11.671,34.20405991740003,-0.016862491975855348,1.2940000000000003,1.6000299999999998,1.028619294849241,0.648508430609598,0.6070038910505837,1.3035275118145633,0.5051479997641217,1.0641111111111112,2.116166666666667,downtrend,0,1,baissier,365,0,0,30,,,31.0,37.0,44.5,68.0,17.5,42.49,False,False,,0,,,,37,228284684,904700941,252331652.6536562,1000000000.0,1000000000.0,25.2,7476307903,$7.5B,-0.45
APEUSDT,APE,Mid,232,0.125,1453680.909326,7.204,43.25364513494353,-0.0017792808772315307,0.14526800000000004,0.15306200000000003,0.813582002225564,0.3541436464088397,0.30939226519337015,0.46041689245079787,0.2137577481476392,0.08608888888888885,0.16868055555555556,downtrend,0,1,baissier,365,0,0,30,,,31.0,28.0,62.5,68.0,17.5,42.48,False,False,,0,,,,38,125020518,125020518,1000000000.0,1000000000.0,1000000000.0,100.0,,,
EIGENUSDT,EIGEN,Mid,224,0.1781,1976714.014544,-0.28,44.108980063433336,-0.0038203000708155396,0.197584,0.2729395000000001,1.327358135761702,0.35440000000000005,0.28680000000000005,0.17832325786475445,0.5975873016124688,0.15931111111111107,0.2283083333333333,bearish_engulfing_4h,0,1,baissier,365,0,0,30,,,31.0,28.0,62.5,68.0,15.1,42.32,False,False,,0,,,,37,132059800,326042338,741228566.6979554,1830018638.917401,,40.5,4621021569,$4.6B,-7.2
FFUSDT,FF,Mid,163,0.07696,1989527.593697,0.104,38.06162254573285,-0.0033372720341453567,0.08101260000000002,0.08525289999999998,1.1275031036371248,0.4353809697411593,0.30188679245283023,0.3161148946014457,0.15031718225515467,0.06501333333333333,0.10109861111111113,uptrend|doji_4h,1,0,haussier,256,0,0,30,,,28.0,28.0,52.0,68.0,50,42.3,False,False,,0,,,,44,221033336,768811604,2875000000.0,10000000000.0,10000000000.0,28.7,1295312888,$1.3B,-5.04
CKBUSDT,CKB,Mid,425,0.001122,250100.544361,8.197,37.29091047384385,-5.6113589482227865e-06,0.0014076,0.0018547100000000005,0.6844216083829509,0.4053899082568808,0.35607798165137616,0.6013294866909223,0.6497661533953324,0.00119275,0.0016298611111111112,,0,0,neutre,365,0,0,30,,,31.0,37.0,68.5,47.0,50,42.23,False,False,,0,,,,49,54684587,55592177,48932222835.76543,49744341309.60523,,98.4,,,
WALUSDT,WAL,Mid,313,0.0324,944489.21881,-1.22,17.180902389890377,-0.0014071259653593016,0.06413800000000001,0.09553149999999995,0.8784382685819258,0.6391752577319588,0.6288659793814433,1.582808247633271,0.6429124223874189,0.04804166666666668,0.08530277777777778,,0,0,neutre,245,0,0,30,,,27.7,37.0,55.0,57.5,50,42.15,False,False,,0,,,,53,77991915,162271864,2403125000.0,5000000000.0,5000000000.0,48.1,3357110,$3M,-0.16
AVNTUSDT,AVNT,Speculative,576,0.1072,2757527.68328,1.515,35.47609083695896,-0.0026145206610883806,0.141236,0.2122205,0.9688662618755866,0.43777777777777777,0.40555555555555556,1.0582924217808745,0.568035050711613,0.11837777777777782,0.1626361111111111,bearish_engulfing_4h,0,1,baissier,270,0,0,30,,,14.4,46.0,68.5,68.0,15.1,42.15,False,False,,0,,,,43,34735297,107204089,324010939.64508533,1000000000.0,1000000000.0,32.4,35482851,$35M,-12.32
ETHFIUSDT,ETHFI,Mid,140,0.304,1339987.8874,2.013,36.56385986587484,-0.0031540589246964595,0.39114000000000004,0.5485499999999999,0.9415493369007094,0.5094017094017094,0.4803418803418803,0.24225524052859154,0.625634971050615,0.3356388888888889,0.5418888888888889,downtrend,0,1,baissier,365,0,0,30,,,31.0,28.0,59.5,68.0,17.5,42.11,False,False,,0,,,,37,267636606,303457684,880665741.0,998535999.0,1000000000.0,88.2,2767023963,$2.8B,-7.64
TIAUSDT,TIA,Mid,135,0.3218,3506813.010481,3.009,38.99131641856485,-0.007500544485140669,0.3865440000000001,0.41294549999999997,1.0689635471111187,0.36317567567567577,0.3211570945945946,0.48101379855642645,0.5813384472935733,0.29459444444444444,0.44571666666666665,downtrend,0,1,baissier,365,0,0,30,,,31.0,28.0,58.0,68.0,17.5,41.93,False,False,,0,,,,37,298387637,375984246,928717524.49665,1170233330.84346,,79.4,,,
FTTUSDT,FTT,Speculative,,0.2907,516018.254654,5.288,50.115089194188485,0.002625483228104339,0.30705400000000005,0.38220850000000006,1.2600461714798175,0.3855356171832518,0.20908102229472544,0.9033116622315801,0.42245182586549385,0.2676472222222222,0.35329722222222215,macd_bullish_cross,1,0,haussier,365,0,0,30,,,17.0,46.0,62.5,57.5,50,41.84,False,False,,0,,,,54,,,,,,,,,
GPSUSDT,GPS,Speculative,618,0.00716,1068356.979874,1.273,48.59894522435946,1.4667963324750455e-05,0.007493200000000001,0.007670700000000002,1.1770984563817373,0.3026455026455026,0.24021164021164024,0.9431502917099552,0.20313523969653213,0.006866388888888889,0.009018611111111111,death_cross|support_bounce|bullish_engulfing_4h,2,1,haussier,365,0,0,30,,,17.0,46.0,56.5,68.0,17.5,41.68,False,False,,0,,,,45,31580544,71625828,4409100001.78,10000000000.0,10000000000.0,44.1,29656090,$30M,-1.8
COWUSDT,COW,Mid,300,0.1396,215023.21447,2.572,35.60604103465178,-0.00024350579885447365,0.16925000000000004,0.1987724999999998,0.5746010401544793,0.4690763052208835,0.44136546184738956,0.533362935433112,0.5772371714199388,0.14854722222222227,0.22744166666666665,downtrend,0,1,baissier,365,0,0,30,,,31.0,37.0,79.0,47.0,17.5,41.45,False,False,,0,,,,43,80880728,139210676,580995150.6113118,1000000000.0,1000000000.0,58.1,,,
FORMUSDT,FORM,Mid,285,0.2298,1038054.61749,3.467,44.007601814418365,-0.0016817570036620584,0.25652200000000003,0.2812574999999998,1.1937098996091284,0.28576051779935274,0.25792880258899675,0.40178550531870094,0.43424062079843434,0.213775,0.29074722222222216,macd_bearish_cross|downtrend,0,2,baissier,365,0,0,30,,,31.0,28.0,62.5,68.0,0,41.37,False,False,,0,,,,33,87445893,131054580,381867255.14,572301922.1,580000000.0,66.7,,,
RIFUSDT,RIF,Mid,398,0.0584,650570.928,1.565,43.15878781371957,-0.0022946523119259784,0.062662,0.04284299999999999,2.1351905712882804,0.4174757281553398,0.3225058004640371,0.43295841232577714,0.12138815423793985,0.034861111111111114,0.07651666666666668,,0,0,neutre,365,0,0,30,,,31.0,36.0,41.5,57.5,50,41.32,False,False,,0,,,,44,58319385,58319385,1000000000.0,1000000000.0,,100.0,,,
TWTUSDT,TWT,Mid,193,0.3895,524453.0886,4.789,40.088696979399316,-0.005416384915105099,0.4453279999999998,0.6250710000000005,0.8809321099274184,0.3710714942106231,0.28487410402499547,0.3108917864081983,0.4092409065989298,0.38277500000000003,0.511913888888889,support_bounce|downtrend,1,1,mixte,365,0,0,30,,,31.0,28.0,73.0,57.5,17.5,41.13,False,False,,0,,,,39,162064406,388970227,416649900.0,1000000000.0,,41.7,,,
SUSDT,S,Mid,243,0.03035,1738929.548285,-0.427,30.849398630453678,-0.0006273344203681043,0.043074200000000014,0.05749229999999999,0.8616146485713453,0.46518814760952554,0.4477367751317942,0.4345294674525342,0.6038802300651022,0.03546861111111111,0.05002694444444444,downtrend,0,1,baissier,365,0,0,30,,,31.0,19.0,68.5,68.0,17.5,41.0,False,False,,0,,,,36,115024497,118085570,3784775845.0,3885497663.0,,97.4,,,
LDOUSDT,LDO,Mid,162,0.264,1683406.094164,3.206,32.352299556190815,-0.0031436203216226137,0.34879599999999994,0.42206150000000003,0.641254641770739,0.42892266428252124,0.41014751899865887,0.29775248990076414,0.6529957111871019,0.27889166666666676,0.405813888888889,downtrend,0,1,baissier,365,0,0,30,,,31.0,19.0,68.5,68.0,17.5,41.0,False,False,,0,,,,36,222672513,263657978,844550635.8560835,1000000000.0,1000000000.0,84.5,14793072950,$14.8B,-6.2
WCTUSDT,WCT,Speculative,,0.04745,1126746.693749,5.939,37.48542141092894,-0.00038714100910841164,0.059679800000000026,0.06754844999999998,0.7982266300366351,0.3912863070539419,0.3438450899031812,0.6136282846913671,0.5103684096637351,0.049829166666666674,0.06832527777777779,downtrend,0,1,baissier,365,0,0,30,,,17.0,37.0,68.5,68.0,17.5,40.93,False,False,,0,,,,41,,,,,,,,,
USTCUSDT,USTC,Speculative,595,0.00591,557961.40973,-1.99,45.09680105019245,-3.771138194475914e-05,0.0064531999999999975,0.0060015,0.7694998507495889,0.3034825870646766,0.26492537313432835,0.24694209594347544,0.4278577106698614,0.004535833333333333,0.007286388888888888,downtrend,0,1,baissier,365,0,0,30,,,17.0,45.0,73.0,57.5,17.5,40.81,False,False,,0,,,,47,32923502,35893676,5576455997.860869,6079532597.931653,,91.7,,,
YBUSDT,YB,Speculative,823,0.0926,1423501.79198,10.898,44.866942066417906,-0.000504221049740277,0.11122000000000004,0.22258450000000007,1.454335493030139,0.48837209302325574,0.4037467700258398,1.4331821372590634,0.33225503017131847,0.09463055555555555,0.1395888888888889,downtrend,0,1,baissier,240,0,0,30,,,13.6,46.0,58.0,68.0,17.5,40.76,False,False,,0,,,,42,19588295,68245961,211719193.3638124,737633371.6076804,1000000000.0,28.7,118464847,$118M,2.98
BROCCOLI714USDT,BROCCOLI714,Speculative,,0.01364,1320098.09797,12.448,50.60835723196993,0.00013737612139064377,0.015305400000000002,0.0153952,1.0204381763983001,0.4892723880597015,0.36194029850746273,0.8012039582155759,0.45930543156009357,0.011829444444444445,0.01846111111111111,macd_bullish_cross|death_cross|support_bounce|downtrend,2,2,mixte,365,0,0,30,,,17.0,46.0,58.0,68.0,0,40.75,False,False,,0,,,,41,,,,,,,,,
NMRUSDT,NMR,Mid,397,8.32,247598.2311,-2.347,46.87526131532461,0.026975332549150466,8.807599999999997,8.930349999999999,0.7386725328829163,0.26269531250000006,0.18847656249999997,0.1440562054017295,0.4505578481807733,7.014722222222222,9.423888888888888,macd_bullish_cross|downtrend,1,1,mixte,365,0,0,30,,,31.0,37.0,73.0,47.0,17.5,40.72,False,False,,0,,,,45,58511624,88412064,7038023.995916728,10634574.58738823,11000000.0,66.2,,,
ZKPUSDT,ZKP,Speculative,,0.0545,843469.21439,5.01,32.568857856487256,-0.0007278613152616777,0.07392399999999999,,0.6925294233722229,0.4854854854854855,0.4544544544544545,1.8678100660552077,0.4641578430923164,0.06094444444444444,0.08822777777777777,downtrend,0,1,baissier,156,0,0,30,,,11.3,54.0,68.5,57.5,17.5,40.64,False,False,,0,,,,46,,,,,,,,,
AUSDT,A,Mid,253,0.0659,778752.24451,5.104,36.55197989440364,-0.00033599543434484087,0.08190999999999997,0.1087814999999999,0.6629451051666738,0.3765182186234818,0.33198380566801616,0.3648924169358635,0.6599683197110778,0.06921388888888888,0.09297500000000002,double_top_90d,0,1,baissier,365,0,0,30,,,31.0,28.0,68.5,57.5,17.9,40.61,False,False,,0,,,,39,108398621,138205835,1647087500.7476,2100000000.0,2100000000.0,78.4,,,
COMPUSDT,COMP,Mid,188,17.92,714509.41117,0.112,44.41640817892968,0.19448823798446924,20.901799999999998,22.308699999999984,0.8116875334129797,0.3888677087304613,0.31681280975981696,0.3714927878429073,0.431532549335667,16.894166666666663,24.454444444444444,macd_bullish_cross|downtrend,1,1,mixte,365,0,0,30,,,31.0,28.0,68.5,57.5,17.5,40.58,False,False,,0,,,,39,173109948,179051054,9668189.278360886,10000000.0,10000000.0,96.7,1045672788,$1.0B,-1.28
JASMYUSDT,JASMY,Mid,157,0.00467,632403.205192,1.522,36.142292745677736,-3.7947716353619796e-05,0.005651599999999999,0.0061198,0.6057448152694057,0.3908355795148249,0.3706199460916443,0.3316984468605924,0.5822956654762201,0.004946111111111111,0.0063475,downtrend|doji_4h,0,1,baissier,365,0,0,30,,,31.0,28.0,68.5,57.5,17.5,40.58,False,False,,0,,,,39,230733626,233323519,49444999677.59027,50000000000.0,50000000000.0,98.9,,,
IMXUSDT,IMX,Mid,240,0.1406,614405.370093,2.928,41.00316640221607,-0.0010561867325719863,0.166206,0.19679400000000005,0.878847709043499,0.37728395061728404,0.30666666666666675,0.3418770829631465,0.6998781734467255,0.13641111111111107,0.18576666666666664,downtrend,0,1,baissier,365,0,0,30,,,31.0,28.0,68.5,57.5,17.5,40.58,False,False,,0,,,,39,118280605,280803292,842444578.3296283,2000000000.0,2000000000.0,42.1,25060935,$25M,-0.86
THETAUSDT,THETA,Mid,202,0.156,539882.07685,5.548,35.49590984328259,-0.001933902189594312,0.197952,0.23075799999999996,0.7420148999696639,0.3951417004048583,0.36761133603238866,0.27443391430604286,0.60442095405776,0.15120555555555554,0.2277777777777778,downtrend,0,1,baissier,365,0,0,30,,,31.0,28.0,68.5,57.5,17.5,40.58,False,False,,0,,,,39,155841784,155841784,1000000000.0,1000000000.0,1000000000.0,100.0,,,
AVAUSDT,AVA,Speculative,,0.1835,752669.81676,6.872,32.38602984086175,-0.001994147064926545,0.23929199999999995,0.252027,0.7007803658851799,0.3937931034482758,0.36999999999999994,2.019913338408949,0.5465988336846506,0.18755833333333335,0.2757027777777778,downtrend|bullish_engulfing_4h,1,1,mixte,365,0,0,30,,,17.0,46.0,68.5,57.5,17.5,40.51,False,False,,0,,,,48,,,,,,,,,
CFXUSDT,CFX,Mid,158,0.04415,896950.66769,1.099,33.844038609173694,-0.000396106382311032,0.057423,0.06170839999999999,0.8909625691831664,0.4350886339937435,0.42400938477580813,0.21579739677239962,0.5441956682564161,0.048124722222222235,0.06709416666666668,doji_4h,0,0,neutre,365,0,0,30,,,31.0,19.0,68.5,57.5,50,40.44,False,False,,0,,,,44,230324988,230401284,5213885114.89,5215612229.47,,100.0,,,
ACXUSDT,ACX,Speculative,635,0.04236,234754.831798,4.955,52.707090357064565,0.0001389774209348209,0.042752,0.04506449999999999,0.4345704002010627,0.15783898305084743,0.10021186440677962,0.673544962761467,0.2929012598875484,0.04077638888888892,0.04545555555555556,macd_bullish_cross|downtrend|bullish_engulfing_4h,2,1,haussier,365,0,0,30,,,17.0,46.0,89.5,47.0,17.5,40.44,False,False,,0,,,,50,29810387,42304781,704657633.0,1000000000.0,1000000000.0,70.5,20185795,$20M,-9.76
OGUSDT,OG,Speculative,,2.725,810134.321,0.739,46.50888474904077,0.014743603241907655,3.02298,5.039754999999998,0.9179405693494193,0.4030379746835443,0.3081012658227848,0.3080102978673852,0.40680459440811134,2.5407500000000005,3.3768611111111118,macd_bullish_cross|doji_4h,1,0,haussier,365,0,0,30,,,17.0,37.0,68.5,57.5,50,40.36,False,False,,0,,,,52,,,,,,,,,
WBETHUSDT,WBETH,Speculative,,1822.43,1352953.422432,2.505,29.996027391015076,-17.15315080696908,2310.4132,2647.8504000000003,0.5936787136204196,0.34930710266963716,0.3109202129668089,0.9963171054790753,0.9054582018780304,2006.4474999999995,2592.958611111111,,0,0,neutre,365,0,0,30,,,17.0,28.0,65.0,68.0,50,40.35,False,False,,0,,,,52,,,,,,,,,
BOMEUSDT,BOME,Speculative,637,0.000429,927837.216934,6.188,37.63890917334066,-5.2272841488921286e-06,0.0005329600000000001,0.0005287649999999998,0.8766318502655855,0.3761609907120743,0.3359133126934984,0.5652247954525762,0.485654350778142,0.00038141666666666673,0.0006284722222222223,downtrend|doji_4h,0,1,baissier,365,0,0,30,,,17.0,45.0,68.5,57.5,17.5,40.27,False,False,,0,,,,44,29584333,29584333,68999659569.0,68999659569.0,68999659569.0,100.0,,,
CFGUSDT,CFG,Mid,322,0.1986,1938750.70624,6.602,36.691738297235254,-0.006990915973775961,0.25103200000000003,,1.2726440901318274,0.3882807469414037,0.3593045717965228,0.14353218226178843,,0.14615428571428568,0.3019314285714286,downtrend,0,1,baissier,88,0,0,30,,,23.4,36.0,48.0,68.0,17.5,40.24,False,False,,0,,,,38,75537641,135036158,380384016.0,680000000.0,,55.9,1634174679,$1.6B,18.13
ESPUSDT,ESP,Speculative,581,0.06552,556567.20363,0.552,48.62402675573693,0.00035477684940464493,0.06830780000000002,,0.9627210105583662,0.4608995893990295,0.3880179171332587,0.39901219200832894,0.5007361850681685,0.06343277777777777,0.09589194444444443,,0,0,neutre,120,0,0,30,,,10.3,45.0,68.5,57.5,50,40.17,False,False,,0,,,,54,33994054,234441753,520550000.0,3590000000.0,,14.5,,,
REQUSDT,REQ,Speculative,506,0.0554,431262.8218,4.528,39.76914847933929,-0.000723726162792618,0.067474,0.08204349999999999,1.2534209000995795,0.46740220661985954,0.4423269809428285,2.3401922967412054,0.2842603433242877,0.060358333333333326,0.08293888888888888,,0,0,neutre,365,0,0,30,,,17.0,55.0,52.0,47.0,50,40.15,False,False,,0,,,,56,41251589,55391666,744291192.2591633,999416740.9347086,1000000000.0,74.5,,,
WUSDT,W,Mid,431,0.00901,1425338.160516,2.503,33.37885986638132,-0.00024752584367018977,0.012554200000000005,0.022617049999999993,1.037454876216875,0.5406417112299465,0.5181818181818182,0.3688659358088428,0.445871479261732,0.010751944444444446,0.01670833333333333,,0,0,neutre,365,0,0,30,,,31.0,19.0,44.5,68.0,50,40.14,False,False,,0,,,,40,53761622,90095671,5967170383.0,10000000000.0,10000000000.0,59.7,2040898883,$2.0B,9.56
BONKUSDT,BONK,Mid,120,4.37e-06,2682128.57386523,3.066,29.96385798724613,-6.038646954234739e-08,5.941600000000001e-06,7.1559500000000005e-06,0.709370118232058,0.4533678756476684,0.433937823834197,0.2809562815993856,0.7660027908797281,4.969722222222223e-06,6.885000000000001e-06,downtrend,0,1,baissier,365,0,0,30,,,31.0,19.0,60.5,68.0,17.5,40.03,False,False,,7,🔥 Trending #1 sur CoinGecko,1,,51,384347656,384347656,87994725270955.53,87994725282722.72,87995282867000.55,100.0,,,
XTZUSDT,XTZ,Mid,144,0.235,377514.07714,2.13,25.567695457997374,-0.005420529647749271,0.33750399999999997,0.41737449999999987,0.7530438672908147,0.43512775986107666,0.41677003225006204,0.508432933415842,0.6882579311699281,0.2860750000000001,0.39322777777777784,,0,0,neutre,365,0,0,30,,,31.0,28.0,68.5,47.0,50,40.02,False,False,,0,,,,52,255506814,260201854,1087516488.158183,1107500040.045732,,98.2,,,
SUPERUSDT,SUPER,Mid,390,0.0934,376053.2248,1.743,36.03165953817059,-0.0011740314578845938,0.11635599999999993,0.153671,0.8242837955715123,0.34183673469387743,0.3192419825072886,0.21174712478373478,0.5096439997107299,0.09842777777777778,0.1337361111111111,doji_4h,0,0,neutre,365,0,0,30,,,31.0,28.0,68.5,47.0,50,40.02,False,False,,0,,,,46,59608564,93114440,640164549.0,1000000000.0,1000000000.0,64.0,,,
AXLUSDT,AXL,Mid,451,0.0428,317107.171828,3.883,35.56050772066813,-0.0005570910842512804,0.059466000000000026,0.06830600000000002,0.8869977447729473,0.4981773997569866,0.4787363304981774,0.17706193200901765,0.33117025292255814,0.043694444444444445,0.07274444444444444,support_bounce,1,0,haussier,365,0,0,30,,,31.0,28.0,68.5,47.0,50,40.02,False,False,,0,,,,46,50595045,53114811,1184697407.218837,1243698463.55103,,95.3,142628454,$143M,-2.9
ARDRUSDT,ARDR,Speculative,649,0.02883,212027.45541,2.452,29.62488016091082,-0.000570073706462817,0.03891980000000001,0.04840814999999998,0.7931640221812338,0.40723601177955404,0.3908287757677745,2.3003998247924717,0.42256041900412217,0.03429722222222223,0.046782222222222225,,0,0,neutre,365,0,0,30,,,17.0,46.0,68.5,47.0,50,39.95,False,False,,0,,,,62,28718210,28718210,998466231.0,998466231.0,,100.0,,,
LAUSDT,LA,Speculative,979,0.0728,1152508.59008,1.818,28.936293114709628,-0.0009681140319143938,0.12175999999999998,0.226977,1.035872408004379,0.7271634615384616,0.7099358974358974,1.0825544164216172,0.4830010934220266,0.09244722222222222,0.21561666666666668,,0,0,neutre,338,0,0,30,,,16.3,37.0,44.5,68.0,50,39.83,False,False,,0,,,,51,14003784,72558465,193000000.0,1000000000.0,,19.3,,,
ZENUSDT,ZEN,Mid,311,4.317,2342174.0755,1.888,33.87690332048142,-0.10315139286302705,5.98726,7.077419999999998,1.1302604277375272,0.45068565400843874,0.43011603375527424,0.28578500358036346,0.6760395791499116,4.8445277777777775,6.944833333333334,downtrend|doji_4h,0,1,baissier,365,0,0,30,,,31.0,19.0,58.0,68.0,17.5,39.72,False,False,,0,,,,34,78011957,90504446,18101332.87278685,21000000.0,21000000.0,86.2,,,
LINEAUSDT,LINEA,Mid,343,0.002378,758242.464664,0.72,30.78383942113119,-4.194014068916303e-05,0.0033252,0.0046522199999999994,0.7613373260298821,0.4664662349676225,0.45027752081406097,0.3073294703658256,0.6015862563708385,0.0027353333333333344,0.003837,,0,0,neutre,275,0,0,30,,,28.5,19.0,68.5,57.5,50,39.65,False,False,,0,,,,44,71416441,171285282,30024162995.373516,72009990000.0,72009990000.0,41.7,,,
STXUSDT,STX,Mid,127,0.1835,887594.73556,3.614,32.963657252608954,-0.0037245688744847565,0.23090000000000002,0.26230800000000004,0.7390157040214977,0.3529845246868091,0.326086956521739,0.5536865694491752,0.7246603721561006,0.1997972222222222,0.2652027777777778,downtrend,0,1,baissier,365,0,0,30,,,31.0,28.0,60.5,57.5,17.5,39.61,False,False,,0,,,,37,337692496,337692496,1848479722.95754,1848479722.95754,,100.0,,,
ACHUSDT,ACH,Speculative,,0.00526,726189.57352,4.781,31.744824963033935,-5.3167967253562145e-05,0.006848400000000002,0.007748399999999999,0.5148324884408808,0.42954545454545456,0.40227272727272734,0.7846737753574424,0.36486884721402546,0.005615555555555558,0.008081944444444444,,0,0,neutre,365,0,0,30,,,17.0,28.0,79.0,57.5,50,39.43,False,False,,0,,,,48,,,,,,,,,
XPLUSDT,XPL,Mid,192,0.0646,4818877.66422,2.377,36.83809823163426,-0.001962081625678666,0.08897600000000003,0.1186775,1.3353568439555281,0.5656493967352733,0.5422285308729595,0.37169539813562386,0.4906909729260652,0.07664444444444443,0.12915833333333332,downtrend,0,1,baissier,260,0,0,30,,,28.1,28.0,44.5,68.0,17.5,39.36,False,False,,0,,,,35,162111933,645578493,2511111111.1111,10000000000.0,,25.1,,,
NFPUSDT,NFP,Speculative,,0.00751,1404872.25521,-4.087,35.804620132766146,-9.641261591999636e-05,0.011904599999999996,0.018135899999999993,1.4536783040229104,0.5816618911174785,0.569054441260745,0.6225578010784534,0.2742548149398269,0.00921611111111111,0.016764722222222226,doji_4h,0,0,neutre,365,0,0,30,,,17.0,37.0,38.5,68.0,50,39.33,False,False,,0,,,,44,,,,,,,,,
ZRXUSDT,ZRX,Mid,337,0.0864,257629.5797,1.647,34.788444450557776,-0.0009050380318771211,0.10626400000000003,0.11723550000000003,0.5933226253455658,0.3528481012658229,0.31487341772151906,0.5747761461356146,0.6978446722016922,0.09322499999999999,0.11793611111111109,downtrend,0,1,baissier,365,0,0,30,,,31.0,28.0,79.0,47.0,17.5,39.24,False,False,,0,,,,40,73436736,86559445,848396562.906836,1000000000.0,1000000000.0,84.8,,,
BERAUSDT,BERA,Mid,353,0.246,1617424.54509,3.361,31.267679779879714,-0.006480879180403715,0.35474000000000006,0.5506399999999999,1.0878102592410983,0.6523031203566122,0.635958395245171,0.507140415926201,0.6404037601999267,0.30197222222222214,0.5428333333333334,downtrend|shooting_star_4h,0,2,baissier,365,0,0,30,,,31.0,28.0,44.5,68.0,0,39.18,False,False,,0,,,,31,67768365,132859010,276566827.0530437,542205715.9419327,,51.0,,,
HOTUSDT,HOT,Mid,421,0.000309,273514.692858,1.645,27.99942162075797,-3.0952408657973358e-06,0.00039593999999999995,0.0004382399999999997,0.5043223366052739,0.3526881720430108,0.335483870967742,0.2470397346997165,0.6929485702432976,0.0003443055555555556,0.0004577222222222222,,0,0,neutre,365,0,0,30,,,31.0,19.0,79.0,47.0,50,39.09,False,False,,0,,,,51,54908469,54908469,177619433541.1413,177619433541.1413,,100.0,,,
EDENUSDT,EDEN,Speculative,,0.0397,1027273.97564,0.761,41.32440041521094,-0.0023620785960005615,0.050996,0.04964299999999998,3.022120643756508,0.6852003270645953,0.6745707277187244,0.61941172950871,0.21578957347725905,0.030088888888888887,0.07594444444444443,golden_cross|uptrend,2,0,haussier,255,0,0,30,,,14.0,45.0,28.0,68.0,50,39.05,False,False,,0,,,,45,,,,,,,,,
QUICKUSDT,QUICK,Speculative,,0.0078,485874.13788,12.392,43.73385468113088,-3.712945878717481e-05,0.009433999999999996,0.010477200000000004,1.1269483711946588,0.4144067796610169,0.338135593220339,3.196547370106919,0.5164789462814675,0.008116666666666668,0.011600555555555558,macd_bearish_cross,0,1,baissier,365,0,0,30,,,17.0,55.0,58.0,47.0,19.9,38.97,False,False,,2,⚡ Volume ×3.2 vs médiane,,3.2,53,,,,,,,356516709,$357M,-7.75
RAYUSDT,RAY,Mid,201,0.581,1293120.8077,2.469,33.74719073491815,-0.009062859962708558,0.7310999999999999,0.7967499999999993,0.7518419955860489,0.3644646924829157,0.3394077448747153,0.4336800481340372,0.707436027865409,0.5788055555555556,0.8228333333333331,double_top_90d|downtrend|doji_4h,0,2,baissier,365,0,0,30,,,31.0,19.0,60.5,68.0,0,38.92,False,False,,0,,,,30,156053377,321995255,268977952.317238,555000000.0,555000000.0,48.5,795527363,$796M,-7.67
PONDUSDT,POND,Speculative,969,0.00176,446502.67023,0.571,49.15707410738074,1.593038356634472e-05,0.0018961999999999996,0.0028404999999999984,2.6293568642955,0.45200000000000007,0.3,1.0722985373285925,0.1108611119776949,0.0015244444444444446,0.002523333333333333,,0,0,neutre,365,0,0,30,,,17.0,55.0,41.5,47.0,50,38.87,False,False,,0,,,,53,14375424,17525888,8202394162.0,10000000000.0,10000000000.0,82.0,,,
PNUTUSDT,PNUT,Speculative,504,0.0416,1104201.38825,1.711,33.013381850608795,-0.0007216998509791705,0.05429000000000001,0.06004500000000001,0.907660294501183,0.43758765778401126,0.4179523141654979,0.24997955859504542,0.4939124305562237,0.03979999999999999,0.06391944444444445,doji_4h,0,0,neutre,365,0,0,30,,,17.0,19.0,68.5,68.0,50,38.57,False,False,,0,,,,44,41460209,41460209,999841970.61814,999841970.61814,1000000000.0,100.0,,,
GMXUSDT,GMX,Mid,411,5.44,151880.10423,-0.183,34.20470235522569,-0.06834792024544434,6.723000000000001,7.088350000000002,0.7310839128996033,0.28964613368283093,0.28702490170380074,0.5069993346520386,0.5949569187195316,5.763888888888889,7.349999999999999,downtrend,0,1,baissier,365,0,0,30,,,31.0,28.0,73.0,47.0,17.5,38.51,False,False,,0,,,,39,56486245,56486291,10414752.28694751,10414760.80970433,13250000.0,100.0,160936988,$161M,-8.13
GRTUSDT,GRT,Mid,171,0.01937,680268.38778,2.759,30.36668040682737,-0.0005363171538046046,0.0248878,0.030810949999999986,0.6965681113305124,0.3522295195298998,0.329415831316972,0.3548290246152312,0.6883400846180556,0.02190916666666667,0.027854444444444442,double_top_90d,0,1,baissier,365,0,0,30,,,31.0,19.0,68.5,57.5,17.9,38.4,False,False,,0,,,,36,209143654,209151306,10799867657.47347,10800262816.04821,10800262823.318213,100.0,,,
ZBTUSDT,ZBT,Speculative,707,0.103,5767001.77462,-9.251,34.09255442513074,-0.0010831748249043281,0.15260200000000004,0.10934100000000008,1.1883685829702693,0.5277650298301974,0.5277650298301974,0.6509202098616089,0.1787610640781142,0.072775,0.18884166666666669,rsi_bullish_divergence|bearish_engulfing_4h,1,1,mixte,238,0,0,30,,,13.5,36.0,38.5,78.5,15.1,38.39,False,False,,0,,,,36,25225002,102962474,244992188.30119348,1000000000.0,1000000000.0,24.5,56764304,$57M,-2.4
LPTUSDT,LPT,Mid,287,1.73,418238.3679,0.581,32.135657122273,-0.029134056718636267,2.09528,2.587619999999999,0.6406032982052012,0.2997532894736842,0.2886513157894737,0.26982228890547694,0.6501850006387894,1.8990833333333335,2.3533055555555555,,0,0,neutre,365,0,0,30,,,31.0,19.0,73.0,47.0,50,38.36,False,False,,0,,,,44,85806190,85806190,49688954.55,49688954.55,,100.0,,,
BATUSDT,BAT,Mid,217,0.092,316239.3666,-0.541,43.39357149290069,-0.0013039802575570518,0.10192600000000002,0.14422300000000002,0.9128286373655023,0.3046744574290484,0.2303839732888147,0.2846324215164004,0.5687634563828315,0.09179166666666666,0.11255555555555555,bearish_engulfing_4h,0,1,baissier,365,0,0,30,,,31.0,28.0,73.0,47.0,15.1,38.36,False,False,,0,,,,39,137741701,138135419,1495724656.9526057,1500000000.0,1500000000.0,99.7,,,
TREEUSDT,TREE,Speculative,908,0.0443,1344560.09799,0.911,29.267352128377752,-0.0010595767061795129,0.063096,0.08131900000000003,0.7941446052166908,0.44458930899608873,0.4224250325945242,0.968012280664762,0.5301387155978492,0.05175277777777779,0.07436944444444447,double_top_90d,0,1,baissier,318,0,0,30,,,15.7,28.0,68.5,68.0,17.9,38.33,False,False,,0,,,,45,16549956,18562017,101361867.09737062,113684931.04551382,200000000.0,89.2,66549259,$67M,-9.71
TUTUSDT,TUT,Speculative,,0.01008,386300.65224,1.818,45.50590513218003,5.9894364080979076e-05,0.011251200000000006,0.012138350000000003,0.7806415080581968,0.32461103253182466,0.28429985855728424,0.31712491451318614,0.30004990579575114,0.008785000000000001,0.013018611111111111,,0,0,neutre,365,0,0,30,,,17.0,37.0,73.0,47.0,50,38.29,False,False,,0,,,,53,,,,,,,,,
MTLUSDT,MTL,Speculative,759,0.251,97180.5546,4.149,38.043458676976734,-0.0020106387049151388,0.2924600000000001,0.3188199999999998,0.6245712486926578,0.2857142857142858,0.2529761904761905,0.6602470607214936,0.6835705067114634,0.25816666666666666,0.3194722222222221,,0,0,neutre,365,0,0,30,,,17.0,37.0,73.0,47.0,50,38.29,False,False,,0,,,,50,22615164,22615164,90635915.0,90635915.0,,100.0,,,
GNOUSDT,GNO,Mid,145,96.59,209425.76006,3.493,31.844752048109754,-0.6573663414229305,118.04979999999998,125.1327499999999,0.4829168170372409,0.37557746673102116,0.3351030821209405,0.7347503519318119,0.7190421576368874,105.03444444444446,137.71833333333336,downtrend,0,1,baissier,365,0,0,30,,,31.0,28.0,71.0,47.0,17.5,38.27,False,False,,0,,,,39,254282728,289002638,2639589.0,3000000.0,3000000.0,88.0,,,
TSTUSDT,TST,Speculative,964,0.01573,719105.613691,4.38,47.384192069108245,-0.00012797089440009287,0.016753800000000003,0.013648950000000007,1.2438639733797365,0.4976976208749041,0.39716039907904843,0.2792939065269516,0.2876135317141691,0.008344722222222222,0.021232499999999998,downtrend,0,1,baissier,365,0,0,30,,,17.0,45.0,52.0,57.5,17.5,38.26,False,False,,0,,,,44,14754746,14754746,940135195.5453386,940135195.5453386,1000000000.0,100.0,,,
KATUSDT,KAT,Speculative,953,0.00641,9342250.7687,-3.754,42.87262730531378,9.386136134731946e-05,0.0090092,,1.07096962073903,0.7947474747474748,0.7414141414141414,0.664361439300234,,0.006499999999999999,0.013637647058823532,macd_bullish_cross|downtrend,1,1,mixte,86,0,0,30,,,9.4,45.0,28.5,78.5,17.5,38.19,False,False,,0,,,,37,14939388,63789016,2342000000.0,10000000000.0,10000000000.0,23.4,,,
DUSKUSDT,DUSK,Mid,434,0.0912,575653.9957,8.961,31.91264711359365,-0.002275917313505963,0.127192,0.10024549999999989,1.0679207388442382,0.4787430683918669,0.43930991990141716,0.3189019526575317,0.2538173644602582,0.09125833333333334,0.15428333333333336,uptrend|bearish_engulfing_4h,1,1,mixte,365,0,0,30,,,31.0,27.0,52.0,57.5,15.1,38.18,False,False,,0,,,,35,53383684,53383684,587649215.5885338,587649215.5885338,1000000000.0,100.0,,,
HUMAUSDT,HUMA,Speculative,540,0.02168,330214.50989,-2.911,42.43082954454151,-0.0004935371156881713,0.0235236,0.0216496,0.9312000217899934,0.3833253473885961,0.23779416930101857,0.07129293471898976,0.35820494710928225,0.01452888888888889,0.026013333333333336,uptrend,1,0,haussier,365,0,0,30,,,17.0,36.0,73.0,47.0,50,38.04,False,False,,0,,,,49,37534718,216546450,1733333333.0,10000000000.0,10000000000.0,17.3,,,
KAVAUSDT,KAVA,Mid,478,0.04296,372478.376537,2.579,27.437200290118113,-0.0008724470743908109,0.05747379999999999,0.06823860000000007,0.6788005909368663,0.3790523690773067,0.3686372304532785,0.5162486949384063,0.5424041482768576,0.04804722222222223,0.06453666666666669,downtrend,0,1,baissier,365,0,0,30,,,31.0,28.0,68.5,47.0,17.5,37.96,False,False,,0,,,,45,46446697,46446697,1082847018.0,1082847018.0,,100.0,,,
PROVEUSDT,PROVE,Speculative,539,0.1929,1196491.89411,1.956,41.42624033369441,-0.002012488066181154,0.23933599999999988,0.3132735000000001,1.6655718078526571,0.4730053989202159,0.4205158968206358,0.9594178031854836,0.435801602458421,0.20180277777777772,0.28604722222222223,double_top_90d,0,1,baissier,311,0,0,30,,,15.5,37.0,47.5,68.0,17.9,37.92,False,False,,0,,,,38,37663905,193148229,195000000.0,1000000000.0,1000000000.0,19.5,,,
POLYXUSDT,POLYX,Mid,464,0.0376,335021.67509,1.075,28.392405414248614,-0.0009740722132620212,0.04937000000000001,0.051079499999999986,0.6966156680182974,0.3532513181019332,0.33743409490333925,0.30836024265122897,0.4289868144796914,0.04097500000000001,0.05626111111111112,,0,0,neutre,365,0,0,30,,,31.0,19.0,68.5,47.0,50,37.82,False,False,,0,,,,50,48388574,48388574,1285428510.271184,1285428510.271184,,100.0,,,
GLMUSDT,GLM,Mid,259,0.107,121251.27914,1.614,30.33474696174926,-0.0023169838345240444,0.133784,0.173574,0.6410442062075578,0.32054616384915474,0.3062418725617685,0.183585712017876,0.5863722383112947,0.1190583333333333,0.14511666666666667,doji_4h,0,0,neutre,365,0,0,30,,,31.0,19.0,68.5,47.0,50,37.82,False,False,,0,,,,44,106613390,106613390,1000000000.0,1000000000.0,,100.0,,,
MANTRAUSDT,MANTRA,Speculative,517,0.00763,1402257.01408,-0.78,40.79508489628602,3.359778392953447e-05,0.009361000000000001,,0.839127925201973,0.5574193548387096,0.5070967741935484,0.5994252723055895,0.5708911816585508,0.00794583333333333,0.013359166666666665,macd_bullish_cross|double_top_90d|downtrend|doji_4h,1,2,baissier,100,0,0,30,,,9.7,45.0,55.0,68.0,0,37.81,False,False,,0,,,,37,40067020,55290405,5235606388.304579,7224864661.779181,10000000000.0,72.5,,,
GNSUSDT,GNS,Speculative,,0.526,120693.71449,5.411,54.46944165705743,0.008616825551736672,0.53608,0.8614350000000005,0.8174311567626303,0.48587570621468923,0.4045197740112994,0.2102275977629035,0.4386150053325712,0.4723611111111113,0.7937777777777778,,0,0,neutre,365,0,0,30,,,17.0,37.0,68.5,47.0,50,37.74,False,False,,0,,,,52,,,,,,,13247379,$13M,-8.42
ONTUSDT,ONT,Mid,471,0.04761,468369.37962,1.492,35.65593637653785,0.00018900693226985617,0.06024139999999998,0.060231349999999975,0.624843515816781,0.5938981837702424,0.5744833139482866,0.26148626377809164,0.22703973971283933,0.04432277777777777,0.09134250000000002,macd_bullish_cross|downtrend,1,1,mixte,365,0,0,30,,,31.0,36.0,49.0,47.0,17.5,37.55,False,False,,0,,,,38,47394492,47394492,1000000000.0,1000000000.0,,100.0,,,
1000CHEEMSUSDT,1000CHEEMS,Speculative,,0.000543,556177.801221,3.232,44.462708981962564,-6.031947219314436e-06,0.0006093599999999998,0.0007012949999999997,1.0048734746574062,0.34065934065934067,0.25412087912087916,0.2686764780748361,0.5913431167608308,0.00042805555555555565,0.0006714444444444445,,0,0,neutre,365,0,0,30,,,17.0,28.0,62.5,57.5,50,37.43,False,False,,0,,,,45,,,,,,,,,
SANDUSDT,SAND,Mid,218,0.05167,782085.48706,4.447,28.869654756591757,-0.0010590088443573013,0.07032759999999998,0.09592239999999999,0.693068783213899,0.4472222222222222,0.4245555555555555,0.281205938851815,0.755482799555517,0.0608961111111111,0.08389444444444444,downtrend,0,1,baissier,365,0,0,30,,,31.0,19.0,60.5,57.5,17.5,37.41,False,False,,0,,,,41,137953932,155161950,2667289212.2233224,3000000000.0,3000000000.0,88.9,,,
VETUSDT,VET,Mid,114,0.004794,751393.4339537,2.239,27.94282322440847,-5.677131692042789e-05,0.006578479999999998,0.008594999999999998,0.644754957789087,0.41009542943244603,0.39728779507785045,0.23532265749861178,0.7014854023196581,0.005525361111111109,0.007632833333333333,downtrend|doji_4h,0,1,baissier,365,0,0,30,,,31.0,19.0,60.5,57.5,17.5,37.41,False,False,,0,,,,41,412467779,412467779,85985041177.0,85985041177.0,86712634466.0,100.0,,,
ENJUSDT,ENJ,Mid,410,0.02865,354388.130617,0.774,26.08612885026446,-0.00041555856688636327,0.044646599999999995,0.032292,0.7149863092834862,0.6859688195991092,0.6807349665924276,0.1075362723656523,0.04306071725976155,0.020000833333333332,0.0646361111111111,,0,0,neutre,365,0,0,30,,,31.0,27.0,49.0,47.0,50,37.4,False,False,,0,,,,49,56513422,57177187,1973531196.328522,1996710846.458525,,98.8,,,
ANKRUSDT,ANKR,Speculative,532,0.00385,553108.829467,4.62,34.15989826276707,-4.42497732849034e-05,0.0046722000000000005,0.005507900000000002,0.5666220947569948,0.3260869565217391,0.3025362318840579,1.0,0.35240821322468935,0.0041786111111111095,0.005453333333333334,downtrend,0,1,baissier,365,0,0,30,,,17.0,28.0,79.0,57.5,17.5,37.38,False,False,,0,,,,40,38535711,38535711,10000000000.0,10000000000.0,10000000000.0,100.0,17580569,$18M,-5.4
TKOUSDT,TKO,Speculative,,0.0502,179874.78,3.08,43.9309567910269,0.0002737914398491647,0.05653599999999999,0.06801499999999994,0.5780630325520425,0.30678466076696165,0.2595870206489675,0.39817799323871833,0.6143296348122227,0.04932222222222222,0.06514444444444445,macd_bullish_cross,1,0,haussier,365,0,0,30,,,17.0,28.0,83.5,47.0,50,37.36,False,False,,0,,,,49,,,,,,,,,
BTTCUSDT,BTTC,Speculative,,2.7e-07,119283.70776169,3.846,35.33319898260147,-2.2434326246459865e-09,3.1360000000000016e-07,3.5284999999999956e-07,0.5609385761967881,0.2777777777777778,0.24999999999999997,0.2184200531435589,0.5548784630219356,2.8972222222222237e-07,3.4166666666666675e-07,doji_4h,0,0,neutre,365,0,0,30,,,17.0,28.0,83.5,47.0,50,37.36,False,False,,0,,,,49,,,,,,,,,
ATMUSDT,ATM,Speculative,,0.971,425267.6371,3.629,48.3391471764729,0.0038151413242994772,1.03516,1.045375,0.7459326858221944,0.28393005828476275,0.19233971690258125,0.621566845727937,0.4572224739035767,0.9555555555555557,1.189,macd_bullish_cross|death_cross|downtrend,1,2,baissier,365,0,0,30,,,17.0,46.0,73.0,47.0,0,37.33,False,False,,0,,,,43,,,,,,,,,
ASRUSDT,ASR,Speculative,,0.999,422456.7444,1.318,46.354030239487244,0.014916419277063962,1.13998,1.3403300000000007,0.9400669094653458,0.4032140248356465,0.2717311906501096,0.6781488570390932,0.37747462515486435,0.9791388888888888,1.345305555555556,macd_bullish_cross|double_top_90d|downtrend,1,2,baissier,365,0,0,30,,,17.0,46.0,73.0,47.0,0,37.33,False,False,,0,,,,43,,,,,,,,,
TURTLEUSDT,TURTLE,Speculative,,0.0363,777148.35037,3.419,36.88300055600051,-0.0003874945258057214,0.0464,0.05066100000000001,0.7409490487610503,0.4103448275862069,0.3724137931034483,0.8605453497904019,0.38298058933368123,0.038316666666666666,0.053699999999999984,downtrend,0,1,baissier,233,0,0,30,,,13.4,37.0,68.5,57.5,17.5,37.15,False,False,,0,,,,41,,,,,,,,,
MEGAUSDT,MEGA,Mid,446,0.04521,3209047.538066,2.82,21.123372858084764,0.0017485009402686894,,,0.9324251266578952,0.7445378151260504,0.7291116446578632,0.21156870924322715,,0.04744941176470588,0.14914764705882355,,0,0,neutre,43,0,0,30,,,22.2,18.0,45.0,68.0,50,37.13,False,False,,0,,,,46,51014865,451541781,1129792788.0,10000000000.0,10000000000.0,11.3,,,
NEOUSDT,NEO,Mid,206,2.166,414792.68675,1.69,26.64554130425556,-0.036683495993622084,2.7599000000000005,3.1331500000000005,0.5299990394359644,0.35675182481751816,0.34124087591240876,0.21275847670178122,0.6731122879995464,2.4002499999999993,3.06275,downtrend,0,1,baissier,365,0,0,30,,,31.0,19.0,79.0,47.0,17.5,37.03,False,False,,0,,,,44,152723047,216536293,70530000.0,100000000.0,,70.5,,,
RSRUSDT,RSR,Mid,289,0.001362,351259.9565594,2.792,34.744605812803556,-1.3159164572075897e-05,0.00171994,0.00203331,0.599871882702489,0.39402298850574713,0.3756321839080459,0.2618968871021289,0.5830025634840806,0.001417277777777778,0.0019665833333333336,downtrend,0,1,baissier,365,0,0,30,,,31.0,19.0,79.0,47.0,17.5,37.03,False,False,,0,,,,38,84918637,135754321,62553174091.0,100000000000.0,100000000000.0,62.6,51862033,$52M,-6.4
QTUMUSDT,QTUM,Mid,335,0.694,153015.393,1.76,28.05498510622759,-0.011685711261845262,0.8736799999999999,1.069905,0.5851576721613895,0.3448275862068965,0.3352490421455939,0.24311044472034218,0.6410341425276658,0.774361111111111,0.9875000000000002,downtrend,0,1,baissier,365,0,0,30,,,31.0,19.0,79.0,47.0,17.5,37.03,False,False,,0,,,,44,73411638,74643475,106043018.75,107822406.0,,98.3,,,
TFUELUSDT,TFUEL,Mid,376,0.0084,132550.02127,4.089,27.763909017165815,-0.00010930530720956711,0.010698199999999998,0.014617749999999994,0.4845662662870955,0.39687267311988084,0.37527922561429633,0.4940390050636066,0.6789158555910938,0.009441111111111112,0.012594444444444445,downtrend,0,1,baissier,365,0,0,30,,,31.0,19.0,79.0,47.0,17.5,37.03,False,False,,0,,,,44,61815759,61817203,7361428049.0,7361599990.0,,100.0,,,
LAYERUSDT,LAYER,Speculative,992,0.0646,570793.027256,0.467,37.13325634539755,-0.0012865444170780801,0.08627999999999998,0.11663649999999999,1.1256868682029075,0.49193548387096775,0.4790322580645161,0.528233184623975,0.5553084479482102,0.07251666666666669,0.1010861111111111,downtrend,0,1,baissier,365,0,0,30,,,17.0,37.0,58.0,57.5,17.5,37.03,False,False,,0,,,,40,13564426,64592504,210000000.0,1000000000.0,1000000000.0,21.0,9634754,$10M,-5.1
STEEMUSDT,STEEM,Speculative,733,0.04393,384584.83422,1.315,32.614769013912266,-0.00039798152875426297,0.054103200000000025,0.06087619999999998,0.5853373937867182,0.3849992870383573,0.3735919007557394,1.0236912373591978,0.5434510901799677,0.04848166666666666,0.06340194444444446,downtrend|doji_4h,0,1,baissier,365,0,0,30,,,17.0,37.0,79.0,47.0,17.5,36.96,False,False,,0,,,,43,24135958,24136194,549664924.858,549670295.787,,100.0,,,
AIXBTUSDT,AIXBT,Speculative,766,0.02218,677457.886589,5.268,37.63962492266306,-0.0004414630957857734,0.029289,0.029185749999999996,1.0723360177533372,0.42674094707520893,0.38077994428969364,0.24663608484531654,0.5014701794132129,0.022167222222222224,0.034038888888888896,golden_cross|downtrend,1,1,mixte,365,0,0,30,,,17.0,36.0,58.0,57.5,17.5,36.78,False,False,,0,,,,39,22047277,22165677,994658423.1010208,1000000000.0,1000000000.0,99.5,,,
NEIROUSDT,NEIRO,Speculative,651,6.817e-05,1948123.48908627,2.511,39.97167761341233,-6.993728249739584e-07,8.6932e-05,9.278855000000003e-05,1.046111999565542,0.46221878756654644,0.4137901425382106,0.332745777505537,0.48380135766193266,5.665972222222222e-05,0.00010238472222222221,downtrend|shooting_star_4h,0,2,baissier,365,0,0,30,,,17.0,28.0,58.0,68.0,0,36.34,False,False,,0,,,,33,28764115,28764115,420690000000.0,420690000000.0,420690000000.0,100.0,,,
GIGGLEUSDT,GIGGLE,Speculative,673,27.24,1947935.62758,-0.183,42.3256581083462,-0.1557802238946342,32.54339999999999,44.865000000000016,1.0025792156566449,0.48581203461461053,0.4520024149728315,0.22074620994120062,0.41505001924060486,23.795833333333334,39.127777777777766,downtrend|doji_4h,0,1,baissier,230,0,0,30,,,13.3,28.0,58.0,68.0,17.5,36.26,False,False,,0,,,,37,27214892,27214892,1000000.0,1000000.0,1000000.0,100.0,,,
BLURUSDT,BLUR,Mid,457,0.01769,257361.735762,2.789,35.07213949446495,-7.575007239882378e-05,0.0236602,0.025484300000000012,0.7811888807946885,0.513142523364486,0.48335280373831774,0.30810361626219523,0.2843853715766938,0.017565833333333333,0.030059166666666668,support_bounce|downtrend,1,1,mixte,365,0,0,30,,,31.0,28.0,53.5,47.0,17.5,36.14,False,False,,0,,,,36,49756714,52957761,2818664110.445205,3000000000.0,3000000000.0,94.0,13218876,$13M,-4.96
USUALUSDT,USUAL,Speculative,873,0.00999,595512.875057,6.277,34.28284641925303,-0.00017978648428350168,0.013599400000000001,0.018258349999999993,0.8930796258752892,0.4699421965317919,0.4219653179190751,0.602350277673114,0.6313293383707353,0.011058333333333331,0.015848888888888888,downtrend,0,1,baissier,365,0,0,30,,,17.0,28.0,68.5,57.5,17.5,36.1,False,False,,0,,,,39,17854163,18327714,1790016387.4638243,1837493588.966941,3000000000.0,97.4,95067577,$95M,-0.59
MUBARAKUSDT,MUBARAK,Speculative,,0.01087,528906.842513,7.305,41.248958871452864,-4.244913235899037e-05,0.0135496,0.015239350000000002,0.9874137281747206,0.42019733023795697,0.36796285548461977,0.3526650521448255,0.5052894944621843,0.010793055555555556,0.016123333333333337,support_bounce|downtrend,1,1,mixte,365,0,0,30,,,17.0,28.0,68.5,57.5,17.5,36.1,False,False,,0,,,,39,,,,,,,,,
ADXUSDT,ADX,Speculative,,0.0563,500815.9552,2.364,39.89819387064068,6.250672674661117e-05,0.06834599999999998,0.08227699999999992,0.8474953290737698,0.35217903415783275,0.336866902237927,0.2987071231836874,0.42436388173661355,0.058880555555555554,0.07983888888888889,macd_bullish_cross|downtrend,1,1,mixte,365,0,0,30,,,17.0,28.0,68.5,57.5,17.5,36.1,False,False,,0,,,,39,,,,,,,,,
MANAUSDT,MANA,Mid,227,0.0666,296775.9074,3.256,27.200952569855488,-0.0011764495552485828,0.086226,0.10879550000000002,0.5321266964270369,0.36227544910179643,0.3353293413173652,0.3352051525568719,0.7125765269095276,0.0751611111111111,0.09659166666666669,double_top_90d,0,1,baissier,365,0,0,30,,,31.0,19.0,71.0,47.0,17.9,36.09,False,False,,0,,,,42,128941564,146137049,1935114851.6807714,2193179327.320146,,88.2,,,
ORCAUSDT,ORCA,Mid,379,1.005,452368.16314,3.822,31.69421776913738,-0.017299521988559496,1.4083599999999996,1.1174099999999998,0.640098690639026,0.5502325581395349,0.5330232558139535,0.27376025180786595,0.3650609237028724,0.8595277777777778,1.7775833333333333,downtrend,0,1,baissier,365,0,0,30,,,31.0,27.0,55.0,47.0,17.5,36.08,False,False,,0,,,,36,61101295,75372721,60798785.346479,74999553.683618,100000000.0,81.1,235899823,$236M,-2.15
1INCHUSDT,1INCH,Mid,269,0.0717,298574.24422,4.064,31.082382960445557,-0.0007298335036142033,0.089696,0.11577099999999993,0.5476719913925153,0.34608030592734224,0.31453154875717015,0.49988645220747957,0.8634552703290876,0.07873055555555557,0.10012777777777776,downtrend,0,1,baissier,365,0,0,30,,,31.0,19.0,71.0,47.0,17.5,36.06,False,False,,0,,,,36,100648013,107409516,1405573965.7275033,1499999999.997,1500000000.0,93.7,2426246,$2M,-3.94
ZILUSDT,ZIL,Mid,385,0.0031,222139.512107,2.31,30.38880193413827,-4.4289376156776065e-05,0.003875999999999998,0.0044298,0.5744762220238018,0.3265765765765766,0.3018018018018019,0.1966191038919065,0.7678282591732862,0.0034305555555555556,0.004314166666666667,downtrend,0,1,baissier,365,0,0,30,,,31.0,19.0,71.0,47.0,17.5,36.06,False,False,,0,,,,36,60337836,63326935,19513551525.0,20480240508.22646,21000000000.0,95.3,,,
MITOUSDT,MITO,Speculative,,0.0198,998859.373792,3.125,27.85023838410443,-0.0006243429253488756,0.041808999999999985,0.05184085000000002,1.3572134598799954,0.7702372218146246,0.7575201760821717,1.3443251017432147,0.3170933136328502,0.02841583333333333,0.057903333333333334,,0,0,neutre,287,0,0,30,,,14.9,37.0,38.5,57.5,50,36.03,False,False,,0,,,,50,,,,,,,,,
XAIUSDT,XAI,Speculative,924,0.00777,573379.986293,1.969,32.17680624664895,-0.00013774601433367022,0.0102742,0.012390799999999997,0.807529185325779,0.4210931485758276,0.4018475750577367,0.28947386840892203,0.527699376856064,0.008550555555555556,0.011744166666666667,,0,0,neutre,365,0,0,30,,,17.0,19.0,68.5,57.5,50,35.95,False,False,,0,,,,44,16075217,17112817,2072572545.1018238,2206349923.402446,2500000000.0,93.9,,,
RVNUSDT,RVN,Mid,354,0.00416,194902.9826,0.971,26.247764944281712,-5.42915833783615e-05,0.0054573999999999985,0.006272550000000001,0.5501204228015266,0.36406250000000007,0.3500000000000001,0.24784766922861926,0.6865829953880573,0.004750555555555556,0.006187500000000001,double_top_90d|downtrend|doji_4h,0,2,baissier,365,0,0,30,,,31.0,19.0,79.0,47.0,0,35.93,False,False,,0,,,,39,67592066,67613938,16286309415.55053,16291579410.55053,21000000000.0,100.0,,,
XECUSDT,XEC,Mid,257,5.35e-06,174160.48091755,2.294,23.863359475675807,-1.058109320487556e-07,6.972400000000001e-06,8.5864e-06,0.5281134565511895,0.39049826187717274,0.3812282734646582,0.4483755976163243,0.7031492023161803,6.103333333333335e-06,7.773611111111112e-06,,0,0,neutre,365,0,0,30,,,31.0,10.0,71.0,47.0,50,35.91,False,False,,0,,,,47,106814918,106816966,20040217172580.0,20040601547580.0,21000000000000.0,100.0,,,
NILUSDT,NIL,Speculative,895,0.03655,1049806.508184,2.842,37.256546126697735,-0.003093961784027279,0.052617800000000006,0.05629860000000002,2.0423683725991446,0.6246753246753246,0.6044372294372294,0.27746210187086157,0.20529727047747903,0.03337499999999999,0.0699086111111111,,0,0,neutre,365,0,0,30,,,17.0,28.0,28.0,68.0,50,35.85,False,False,,0,,,,40,17025562,36387707,467893249.996,1000000000.0,,46.8,,,
JUVUSDT,JUV,Speculative,,0.357,443890.67679,5.0,36.07411101429881,-3.532132756463649e-05,0.4450400000000002,0.5853999999999998,0.5852284230601146,0.4464882943143812,0.40468227424749165,0.6872249413561382,0.588156936037321,0.3813055555555557,0.5567222222222221,double_top_90d|downtrend,0,2,baissier,365,0,0,30,,,17.0,37.0,79.0,47.0,0,35.85,False,False,,0,,,,39,,,,,,,,,
TURBOUSDT,TURBO,Mid,391,0.000861,335122.056821,4.745,34.39522190978056,-1.2033847082630532e-05,0.0011228000000000002,0.0013415599999999999,0.8137923511704224,0.3983859134262656,0.36683785766691124,0.214968913780901,0.5186040927387744,0.0009235277777777781,0.0013018333333333332,downtrend,0,1,baissier,365,0,0,30,,,31.0,19.0,68.5,47.0,17.5,35.76,False,False,,0,,,,36,59397751,59397751,69000000000.0,69000000000.0,69000000000.0,100.0,,,
KMNOUSDT,KMNO,Mid,352,0.01432,327332.47649,-0.625,31.888738417003424,-0.0002209327898166104,0.019753399999999997,0.03333390000000001,0.8545640021734233,0.46168656141701964,0.45051983057373896,0.301922823609596,0.6208814087738579,0.01601277777777778,0.02334444444444444,downtrend|doji_4h,0,1,baissier,365,0,0,30,,,31.0,19.0,68.5,47.0,17.5,35.76,False,False,,0,,,,36,68582091,142614195,4808904383.5,9999957986.63694,10000000000.0,48.1,1058863298,$1.1B,-14.2
KSMUSDT,KSM,Mid,361,3.62,305703.0194,4.023,29.724155108700515,-0.05840157870729812,4.746200000000001,5.627299999999998,0.6133427259737866,0.4223706176961603,0.3973288814691152,0.3348798311738098,0.6060965788002965,3.8922222222222214,5.471111111111111,downtrend,0,1,baissier,365,0,0,30,,,31.0,19.0,68.5,47.0,17.5,35.76,False,False,,0,,,,42,66270252,66270252,18344925.34563418,18344925.34563418,,100.0,,,
SNXUSDT,SNX,Mid,291,0.244,234611.7608,1.245,32.89975812491066,-0.003034787128986971,0.30424,0.361615,0.6320817981724243,0.360655737704918,0.3333333333333333,0.13218998046558636,0.6518503078562933,0.26152777777777786,0.3393055555555556,downtrend,0,1,baissier,365,0,0,30,,,31.0,19.0,68.5,47.0,17.5,35.76,False,False,,0,,,,36,83847274,83950377,344516234.4572882,344939867.5556631,344939867.0,99.9,32633643,$33M,-5.03
ARKUSDT,ARK,Speculative,738,0.121,489715.5982,2.716,30.826022176273113,-0.001845470317976305,0.16051,0.20616499999999988,0.7079774917823133,0.39059196617336156,0.35835095137420725,1.1454288803955721,0.6657246315745979,0.1388972222222222,0.18292499999999998,downtrend,0,1,baissier,365,0,0,30,,,17.0,37.0,68.5,47.0,17.5,35.68,False,False,,0,,,,41,23834585,23834585,197111654.0,197111654.0,,100.0,,,
CVCUSDT,CVC,Speculative,871,0.02234,284046.61506,1.315,27.48485239306862,-0.000381488119587526,0.029289599999999995,0.03547995,0.6413434930978291,0.3534432018834609,0.34314302530900537,1.0240167588766202,0.6528625196216041,0.025799722222222224,0.033310277777777786,downtrend|doji_4h,0,1,baissier,365,0,0,30,,,17.0,37.0,68.5,47.0,17.5,35.68,False,False,,0,,,,47,17888413,22304753,802000010.0,1000000000.0,,80.2,,,
ROSEUSDT,ROSE,Mid,465,0.00629,869917.079006,2.11,24.863655204622006,-0.00017983053590208634,0.009498199999999998,0.01193444999999999,0.8815534905929604,0.5400907715582451,0.5249621785173979,0.5560705343766236,0.6072593234184339,0.007946944444444444,0.012084722222222224,double_top_90d|downtrend,0,2,baissier,365,0,0,30,,,31.0,19.0,55.0,57.5,0,35.63,False,False,,0,,,,36,48128832,62763041,7668339748.0,10000000000.0,10000000000.0,76.7,,,
2ZUSDT,2Z,Mid,150,0.0697,457925.36434,2.349,33.60355394095117,-0.001682054989329212,0.0893524,0.09656920000000006,1.0232418354695014,0.3969884853852967,0.3827280779450841,0.3467162880538607,0.5953675153371999,0.07192222222222223,0.10266111111111112,uptrend,1,0,haussier,253,0,0,30,,,27.9,19.0,58.0,47.0,50,35.56,False,False,,0,,,,42,241645592,696313755,3469790297.2,9998372797.2,10000000000.0,34.7,341509680,$342M,-4.38
LUNAUSDT,LUNA,Speculative,553,0.0511,395677.13471,1.188,36.03601365878813,-0.0004815661506147738,0.06309799999999999,0.07445500000000004,0.6909374257650915,0.3382157123834887,0.3195739014647137,0.1635802278435653,0.51897101502773,0.05295555555555555,0.07072222222222221,,0,0,neutre,365,0,0,30,,,17.0,28.0,68.5,47.0,50,35.54,False,False,,0,,,,46,36170505,60457371,709984438.91686,1186707049.0,,59.8,,,
CELOUSDT,CELO,Speculative,550,0.06078,336655.929067,4.974,31.32186574250018,-0.0007207463721046635,0.081653,0.09977755000000002,0.6596649242749415,0.43221411192214104,0.40710462287104615,0.7068011005156106,0.5975168083266346,0.06780305555555555,0.09403749999999997,,0,0,neutre,365,0,0,30,,,17.0,28.0,68.5,47.0,50,35.54,False,False,,0,,,,46,36620970,60810854,602211072.0,1000000000.0,1000000000.0,60.2,,,
SOPHUSDT,SOPH,Speculative,856,0.00536,320999.01914,2.095,25.538815706468,-0.00011311257587262775,0.007867199999999998,0.0103942,0.7240145453220307,0.46951219512195125,0.45426829268292684,0.5644610175116281,0.6808417651645264,0.006525277777777778,0.009441944444444444,,0,0,neutre,365,0,0,30,,,17.0,28.0,68.5,47.0,50,35.54,False,False,,0,,,,52,18500720,53582866,3452730697.0,10000000000.0,10000000000.0,34.5,,,
CTKUSDT,CTK,Speculative,833,0.1227,276060.01264,4.872,25.561211332898708,-0.0016720207292881869,0.16714199999999996,0.20697750000000006,0.709059556941365,0.4003006012024048,0.3862725450901804,0.8527202796727478,0.5580965579566963,0.140475,0.19056388888888892,,0,0,neutre,365,0,0,30,,,17.0,28.0,68.5,47.0,50,35.54,False,False,,0,,,,52,19321058,19619242,157764712.0,160199510.0,,98.5,,,
VTHOUSDT,VTHO,Speculative,519,0.000395,247838.315063,3.947,31.896976187853497,-5.880294166930823e-06,0.0005254999999999999,0.0006651100000000001,0.8663864186723454,0.3920634920634921,0.373015873015873,0.8619422772699202,0.6183097226411345,0.0004501111111111111,0.0006131944444444446,,0,0,neutre,365,0,0,30,,,17.0,28.0,68.5,47.0,50,35.54,False,False,,0,,,,46,39700023,39765855,100503365802.0,100670023230.0,,99.8,,,
1000CATUSDT,1000CAT,Speculative,,0.00151,149053.662323,4.138,38.5254375966853,-1.9486974587403722e-05,0.0018625999999999996,0.0022029500000000004,0.8673647784913087,0.35964912280701755,0.33333333333333326,0.1986407794313322,0.6038582655464846,0.001539722222222222,0.0021105555555555556,,0,0,neutre,365,0,0,30,,,17.0,28.0,68.5,47.0,50,35.54,False,False,,0,,,,46,,,,,,,,,
WINUSDT,WIN,Speculative,890,1.741e-05,73038.31557452,2.231,38.166896948172266,-1.423819666668626e-07,1.9711199999999995e-05,2.3997349999999995e-05,0.5499286427686237,0.2673051806704397,0.24074880278624292,0.1453830416073396,0.5925080003336517,1.8200000000000005e-05,2.2004722222222224e-05,downtrend|doji_4h,0,1,baissier,365,0,0,30,,,17.0,28.0,83.5,47.0,17.5,35.3,False,False,,0,,,,41,17236745,17236745,993701854154.286,993701859243.3864,,100.0,,,
MBLUSDT,MBL,Speculative,990,0.000703,696054.9267,1.737,28.584925301281814,-1.131777446554424e-05,0.00089288,0.0010363,0.5937379325142429,0.4001759014951627,0.3825857519788918,0.4766451632161468,0.5124771966048592,0.0008006388888888889,0.0010075833333333334,downtrend,0,1,baissier,365,0,0,30,,,17.0,19.0,79.0,57.5,17.5,35.17,False,False,,0,,,,44,13631121,21020664,19453887214.0,30000000000.0,30000000000.0,64.8,,,
GLMRUSDT,GLMR,Speculative,,0.0091,335282.2354,2.247,25.775123661719192,-9.67528333606488e-05,0.014224000000000004,0.017269500000000014,0.5657004573570342,0.5445026178010471,0.5183246073298429,0.7727791035872152,0.44515507860047315,0.009902777777777781,0.017849999999999998,,0,0,neutre,365,0,0,30,,,17.0,28.0,65.5,47.0,50,35.17,False,False,,0,,,,52,,,,,,,,,
AUCTIONUSDT,AUCTION,Speculative,668,3.71,169281.8759,1.366,26.00191232425412,-0.05557972809525047,4.597600000000002,4.973499999999996,0.48169898546702045,0.30871212121212127,0.29924242424242425,0.22876403015822866,0.6417028305298305,4.143055555555555,5.034444444444444,,0,0,neutre,365,0,0,30,,,17.0,19.0,83.5,47.0,50,35.15,False,False,,0,,,,52,27495612,28313122,7420409.148028981,7641035.648362741,10000000.0,97.1,,,
EDUUSDT,EDU,Speculative,774,0.0279,1224518.5316,5.682,25.982402451417244,-0.0013484442622665018,0.04436400000000001,0.10054,1.009687721633397,0.7062780269058296,0.6872197309417041,0.5641070530605504,0.2876148053554536,0.0373527777777778,0.07621666666666667,downtrend,0,1,baissier,365,0,0,30,,,17.0,28.0,38.5,68.0,17.5,35.07,False,False,,0,,,,40,21568579,27844147,774618056.0,1000000000.0,1000000000.0,77.5,,,
PSGUSDT,PSG,Speculative,,0.554,580333.87019,0.727,27.36670563890428,-0.028616560977526226,0.86414,0.8207149999999999,1.0894060220011086,0.5414175918018788,0.5277540563620836,0.43342377407758614,0.3342058559573604,0.6726111111111112,1.089972222222222,,0,0,neutre,365,0,0,30,,,17.0,27.0,44.5,57.5,50,34.99,False,False,,0,,,,48,,,,,,,,,
DODOUSDT,DODO,Speculative,935,0.0158,259443.003313,-0.504,44.17122142299994,-0.00010431703555971146,0.018418399999999998,0.01759815,1.5416420729375593,0.3785166240409208,0.32736572890025584,0.22431526344229694,0.37549916952543133,0.014427222222222221,0.020803055555555554,,0,0,neutre,365,0,0,30,,,17.0,36.0,47.5,47.0,50,34.94,False,False,,0,,,,45,15759708,15759708,1000000000.0,1000000000.0,1000000000.0,100.0,11024002,$11M,-3.25
ATUSDT,AT,Speculative,658,0.1227,235486.1875,0.0,45.48345888194519,0.0013850197347563533,0.14413599999999996,,1.599732176059016,0.43656908063687727,0.3656908063687725,0.3769726901723722,0.09701169510886182,0.11865555555555558,0.1718361111111111,uptrend,1,0,haussier,197,0,0,30,,,12.4,45.0,41.5,47.0,50,34.94,False,False,,0,,,,50,28335748,123198905,230000000.0,1000000000.0,1000000000.0,23.0,,,
ENSUSDT,ENS,Mid,179,4.71,489290.5987,4.204,32.07205477588654,-0.07774746776362851,6.035200000000001,7.479,0.6729742396492995,0.38565629228687415,0.36129905277401897,0.30401043916943454,0.7899919715998507,5.158888888888887,6.791666666666666,downtrend,0,1,baissier,365,0,0,30,,,31.0,19.0,60.5,47.0,17.5,34.78,False,False,,0,,,,35,190153032,470575095,40408647.500078425,100000000.0,100000000.0,40.4,,,
EGLDUSDT,EGLD,Mid,286,2.87,246122.7885,1.056,27.205787139499193,-0.03674234725996789,3.8901999999999983,4.957800000000001,0.6299562942123926,0.41493775933609967,0.4045643153526971,0.2109459335287802,0.7078305942611899,3.282777777777779,4.483888888888888,downtrend,0,1,baissier,365,0,0,30,,,31.0,19.0,60.5,47.0,17.5,34.78,False,False,,0,,,,41,86388432,86388432,30119302.0,30119302.0,,100.0,,,
YFIUSDT,YFI,Mid,357,1870.0,219131.17235,1.41,30.747043230850025,-19.197652829955103,2458.44,2919.58,0.6733275004857757,0.37389770723104054,0.33897707231040564,0.27974311945866936,0.716509482126121,2111.0555555555557,2785.8611111111113,downtrend,0,1,baissier,365,0,0,30,,,31.0,19.0,60.5,47.0,17.5,34.78,False,False,,0,,,,35,66955398,68544512,35815.94701468851,36666.0,36666.0,97.7,153680718,$154M,-5.32
IOSTUSDT,IOST,Speculative,674,0.000801,150827.889386,2.824,26.969446532604124,-1.5990584182921168e-05,0.0010377799999999999,0.0013259699999999997,0.5717298621558943,0.3793103448275863,0.3576583801122695,0.6305933177495149,0.6977943880718989,0.0009256944444444443,0.0011734444444444444,double_top_90d,0,1,baissier,365,0,0,30,,,17.0,28.0,79.0,47.0,17.9,34.78,False,False,,0,,,,46,27226494,27226494,33999051873.0,33999051873.0,90000000000.0,100.0,,,
ACMUSDT,ACM,Speculative,,0.311,399547.4924,1.967,31.347474231433694,-0.002070344286831633,0.39279999999999987,0.4586300000000002,0.5246192645174674,0.3476394849785408,0.32832618025751076,0.5452379365342088,0.6142524191762808,0.34383333333333344,0.45183333333333336,downtrend,0,1,baissier,365,0,0,30,,,17.0,28.0,79.0,47.0,17.5,34.75,False,False,,0,,,,40,,,,,,,,,
CITYUSDT,CITY,Speculative,,0.408,269783.98478,1.493,35.00917607198208,0.00503119441676958,0.5265399999999998,0.5905099999999995,0.5658765500059729,0.4973474801061008,0.4615384615384615,0.44635864283496807,0.31182013028849614,0.42344444444444446,0.694138888888889,macd_bullish_cross|downtrend|doji_4h,1,1,mixte,365,0,0,30,,,17.0,28.0,79.0,47.0,17.5,34.75,False,False,,0,,,,40,,,,,,,,,
QIUSDT,QI,Speculative,,0.00136,68269.62982,3.817,36.26687784021284,-6.466992144394854e-06,0.0016202000000000002,0.0022972499999999994,0.5848592215891316,0.32307692307692304,0.3076923076923076,0.24791770869619892,0.5700805529512338,0.0013738888888888885,0.0019466666666666664,downtrend,0,1,baissier,365,0,0,30,,,17.0,28.0,79.0,47.0,17.5,34.75,False,False,,0,,,,40,,,,,,,174621806,$175M,-15.2
WAXPUSDT,WAXP,Speculative,790,0.00453,252846.66779,2.027,21.12532484548838,-0.00010068715701958897,0.0062207999999999986,0.00716295,0.552182993497949,0.46489104116222757,0.4515738498789346,0.7081694676279889,0.534570860601822,0.005432222222222223,0.007167777777777777,,0,0,neutre,365,0,0,30,,,17.0,19.0,79.0,47.0,50,34.61,False,False,,0,,,,51,20919964,20919964,4621180525.8668,4621180525.8668,,100.0,,,
IQUSDT,IQ,Speculative,797,0.000786,110155.245058,0.512,20.375244523765815,-1.9655304385616634e-05,0.00104102,0.001298170000000001,0.48743222337880604,0.3683781581092095,0.3594132029339853,0.5511266447520473,0.6457742949688834,0.0009345000000000001,0.0011780833333333333,,0,0,neutre,365,0,0,30,,,17.0,19.0,79.0,47.0,50,34.61,False,False,,0,,,,51,20662836,20662836,26331959476.929,26331959476.929,60000000000.0,100.0,,,
BARDUSDT,BARD,Mid,462,0.1511,456542.54406,1.819,25.863228703347673,0.00040875709180889994,0.23567200000000002,0.605902,0.6917176194001774,0.8643975740019916,0.8629492169819861,0.1918415172496331,0.5710971156818083,0.178925,0.6261694444444446,macd_bullish_cross,1,0,haussier,267,0,0,30,,,28.3,19.0,49.0,47.0,50,34.58,False,False,,0,,,,47,48663867,150895713,322500000.0,1000000000.0,1000000000.0,32.2,548537197,$549M,-8.06
HFTUSDT,HFT,Speculative,,0.01,439338.52474,7.527,37.198506196693245,-4.3997498265187186e-05,0.013262000000000001,0.019856000000000006,0.939375341194579,0.4540229885057471,0.425287356321839,0.7051699850368889,0.3302985081004201,0.010752777777777778,0.016019444444444444,double_top_90d|downtrend,0,2,baissier,365,0,0,30,,,17.0,37.0,68.5,47.0,0,34.58,False,False,,0,,,,37,,,,,,,,,
METUSDT,MET,Mid,420,0.1039,280668.44343,4.422,33.36959382061612,-0.001537597132673615,0.14404399999999995,0.20016699999999996,0.9082824285031513,0.47348484848484845,0.43885281385281383,0.3288646551674217,0.45131590122285375,0.11699166666666666,0.17541944444444446,downtrend|doji_4h,0,1,baissier,211,0,0,30,,,26.8,19.0,68.5,47.0,17.5,34.41,False,False,,0,,,,36,54915506,103540898,529173277.229763,997734160.016254,1000000000.0,53.0,177337716,$177M,-5.2
BBUSDT,BB,Speculative,,0.0211,424711.58828,1.932,36.6627090522614,-0.0004168863377033514,0.028585999999999997,0.04061450000000002,1.322567126020526,0.4587912087912088,0.42032967032967034,0.16654507480470396,0.5100036345987324,0.022191666666666658,0.0335,doji_4h,0,0,neutre,365,0,0,30,,,17.0,28.0,58.0,47.0,50,34.26,False,False,,0,,,,45,,,,,,,,,
QKCUSDT,QKC,Speculative,874,0.002469,82896.497058,2.918,33.05438017268936,-1.667778906927806e-05,0.0029375399999999998,0.0034660749999999977,0.47310190263884006,0.2836266030420519,0.2657321801371905,0.3157032646052572,0.7315989357869059,0.002659472222222222,0.003278638888888889,,0,0,neutre,365,0,0,30,,,17.0,19.0,75.5,47.0,50,34.18,False,False,,0,,,,45,17848673,24642532,7243035522.0,10000000000.0,,72.4,,,
HIGHUSDT,HIGH,Speculative,,0.05,1417665.580814,-20.635,18.191819120476993,-0.005039733376533198,0.16938000000000006,0.17937999999999993,1.5497235781896819,0.8471337579617835,0.8471337579617835,2.5952041726144457,0.17022246024287382,0.09905555555555556,0.2605555555555556,breakdown_30d|death_cross|downtrend,0,3,baissier,365,0,0,30,,,17.0,37.0,22.0,68.0,0,34.16,False,False,,0,,,,40,,,,,,,,,
AMPUSDT,AMP,Mid,489,0.00052,336545.966676,1.761,16.700887506619182,-1.1349512660970576e-05,0.0007946400000000003,0.0014181449999999996,0.6468675138896197,0.6392045454545454,0.6299715909090909,0.39100597330762016,0.5513740975331703,0.000661388888888889,0.0012464722222222226,,0,0,neutre,365,0,0,30,,,31.0,10.0,55.0,47.0,50,33.97,False,False,,0,,,,45,45233396,51977680,86781193103.18022,99720238122.2857,100000000000.0,87.0,,,
VICUSDT,VIC,Speculative,,0.0346,716080.742106,1.17,37.071349582133145,-0.0014188961790359078,0.050882000000000024,0.065109,2.213454952055143,0.5152394775036285,0.49492017416545725,0.7276111763938939,0.15282194010035588,0.040469444444444426,0.06325277777777777,double_top_90d,0,1,baissier,365,0,0,30,,,17.0,37.0,32.5,57.5,17.9,33.95,False,False,,0,,,,36,,,,,,,,,
PYRUSDT,PYR,Speculative,,0.18,510083.037354,1.695,23.63706032058508,-0.004153682364964859,0.25358,0.35725000000000023,0.6241749749515957,0.44859813084112155,0.4392523364485982,0.6348312107743412,0.5969522847791869,0.21808333333333335,0.3057222222222223,double_top_90d,0,1,baissier,365,0,0,30,,,17.0,19.0,68.5,57.5,17.9,33.92,False,False,,0,,,,42,,,,,,,,,
PIXELUSDT,PIXEL,Speculative,,0.00528,1145654.463227,3.937,32.310874022118256,-9.811121080230428e-05,0.0072185999999999995,0.007855550000000001,0.8866020794959316,0.5822368421052632,0.5666118421052632,0.3485921685106718,0.3462701057253328,0.006015833333333334,0.009733055555555557,double_top_90d|downtrend,0,2,baissier,365,0,0,30,,,17.0,19.0,55.0,68.0,0,33.76,False,False,,0,,,,30,,,,,,,,,
INITUSDT,INIT,Speculative,,0.0583,640215.54319,7.763,37.9497668195683,-0.00012939164213794565,0.08172400000000002,0.08632000000000001,1.0686602679560875,0.5140781108083561,0.46866485013623976,0.4498307391263523,0.3917098961000213,0.06388333333333335,0.10039444444444443,downtrend,0,1,baissier,365,0,0,30,,,17.0,28.0,49.0,57.5,17.5,33.73,False,False,,0,,,,35,,,,,,,,,
SAGAUSDT,SAGA,Speculative,,0.01221,1371319.716002,1.16,33.560116380311456,-0.00042958041160716994,0.019070999999999998,0.03858240000000001,1.83030634378682,0.7284034373586613,0.7236544549977385,0.4653604071037446,0.22122346103265303,0.015476666666666666,0.03311222222222222,,0,0,neutre,365,0,0,30,,,17.0,19.0,28.0,68.0,50,33.65,False,False,,0,,,,37,,,,,,,,,
CETUSUSDT,CETUS,Speculative,902,0.01774,233314.800545,0.91,28.025700005353286,-0.0003037516789894672,0.026077999999999994,0.023128999999999986,0.733439385081983,0.5315508021390375,0.5259358288770054,0.35108016515421986,0.43445077821519407,0.018151666666666667,0.031165277777777778,uptrend,1,0,haussier,365,0,0,30,,,17.0,27.0,55.0,47.0,50,33.65,False,False,,0,,,,50,16771791,17695009,947826087.0,1000000000.0,1000000000.0,94.8,25135470,$25M,-10.91
0GUSDT,0G,Mid,375,0.29,824471.27523,2.113,20.45457191887381,-0.007207290181777418,0.47473999999999994,0.6809799999999998,0.8030654903115273,0.558252427184466,0.5307443365695793,0.4148616349245225,0.40788051111486895,0.37300000000000005,0.601638888888889,downtrend,0,1,baissier,263,0,0,30,,,28.2,10.0,55.0,57.5,17.5,33.64,False,False,,0,,,,37,61845106,290080612,213199722.0,1000000000.0,,21.3,,,
BNTUSDT,BNT,Speculative,653,0.2677,163572.23867,1.787,31.28791271200933,-0.004283440201510783,0.3173500000000001,0.3447625000000001,0.5320311553769447,0.24942528735632183,0.22931034482758617,0.2540448356816098,0.872661484918409,0.27526944444444446,0.3447722222222222,downtrend,0,1,baissier,365,0,0,30,,,17.0,19.0,87.5,47.0,17.5,33.58,False,False,,0,,,,39,28602066,28602066,107864987.046354,107864987.046354,110542364.6372305,100.0,16309821,$16M,-5.25
GASUSDT,GAS,Mid,342,1.099,219926.2261,0.549,22.75777084092286,-0.020551935414234612,1.5147599999999999,1.743654999999999,0.6106813419118922,0.4100877192982456,0.3974780701754386,0.37324474037340916,0.5639325267534526,1.305,1.7721944444444442,downtrend,0,1,baissier,365,0,0,30,,,31.0,10.0,68.5,47.0,17.5,33.55,False,False,,0,,,,39,71536053,71536053,65093580.54427269,65093580.54427269,,100.0,,,
FUSDT,F,Speculative,911,0.00384,442953.36556,4.632,29.53530739053012,-7.847409101391183e-05,0.005187600000000001,0.0060669499999999954,0.7072981967179965,0.3990147783251231,0.3694581280788177,1.1483518206586625,0.700429697251746,0.004421111111111111,0.005972777777777778,downtrend|doji_4h,0,1,baissier,230,0,0,30,,,13.3,37.0,60.5,47.0,17.5,33.53,False,False,,0,,,,46,16449149,38366156,4287411353.0,10000000000.0,10000000000.0,42.9,4748797,$5M,-17.21
BEAMXUSDT,BEAMX,Speculative,,0.001412,429553.100775,-0.353,32.40724892749925,-1.4941537235502156e-05,0.0018088000000000002,0.0023306349999999993,0.6877285299355337,0.3554413825315274,0.3395609528257824,0.5486837943350457,0.6837828752021967,0.0015535277777777778,0.002063472222222222,downtrend,0,1,baissier,365,0,0,30,,,17.0,28.0,68.5,47.0,17.5,33.48,False,False,,0,,,,39,,,,,,,,,
LAZIOUSDT,LAZIO,Speculative,,0.473,266818.50224,2.826,35.89028035336308,0.0011968467258216264,0.5701199999999998,0.8076049999999995,0.6350795436646802,0.4095112285336856,0.3778071334214003,0.4983141731384431,0.49996328823790365,0.4912222222222222,0.7188611111111111,macd_bullish_cross|downtrend,1,1,mixte,365,0,0,30,,,17.0,28.0,68.5,47.0,17.5,33.48,False,False,,0,,,,39,,,,,,,,,
CELRUSDT,CELR,Speculative,,0.002132,251491.2225045,2.451,36.57169634276936,-2.9560412671360254e-05,0.00263146,0.0030676900000000023,0.8507464617599173,0.3332269390360676,0.3214171720395787,0.33194486893538316,0.580013019563958,0.0022696666666666672,0.0029484444444444445,downtrend,0,1,baissier,365,0,0,30,,,17.0,28.0,68.5,47.0,17.5,33.48,False,False,,0,,,,39,,,,,,,15012762,$15M,-14.61
RLCUSDT,RLC,Speculative,716,0.3439,193615.7675,3.584,32.206544606364275,-0.006912078668272346,0.4327839999999999,0.509916,0.646128607582331,0.3562256809338521,0.3299610894941635,0.9901426255111558,0.5960742112362115,0.37195277777777774,0.48315555555555556,downtrend,0,1,baissier,365,0,0,30,,,17.0,28.0,68.5,47.0,17.5,33.48,False,False,,0,,,,39,24871178,29893768,72382548.06525737,86999784.9868455,86999784.9868455,83.2,,,
PIVXUSDT,PIVX,Speculative,,0.0504,185598.2699,0.8,32.6089170663665,-0.0004224515250552648,0.06595000000000001,0.10412350000000004,0.8605616077895869,0.47608926673751334,0.46439957492029754,0.5584279252932574,0.5066367835733879,0.056794444444444446,0.0909333333333333,downtrend,0,1,baissier,365,0,0,30,,,17.0,28.0,68.5,47.0,17.5,33.48,False,False,,0,,,,39,,,,,,,,,
SCUSDT,SC,Speculative,559,0.000712,110010.526055,2.89,30.24297844723236,-1.1626685806765008e-05,0.0008973999999999999,0.0011972199999999997,0.6271201594265345,0.3809954751131222,0.35475113122171953,0.5965215444104497,0.6906415719356882,0.0008064722222222221,0.0010384722222222223,downtrend,0,1,baissier,365,0,0,30,,,17.0,28.0,68.5,47.0,17.5,33.48,False,False,,0,,,,39,35535290,35535290,49751295000.0225,49751295000.0225,,100.0,,,
TOWNSUSDT,TOWNS,Speculative,,0.00229,527346.01477,5.046,33.84034374779954,-4.869103312216488e-05,0.0031601999999999997,0.004589150000000001,0.9963281908649193,0.49534883720930234,0.4674418604651163,0.41998500042316966,0.46186459563095994,0.0026794444444444444,0.004018055555555556,downtrend,0,1,baissier,311,0,0,30,,,15.5,19.0,68.5,57.5,17.5,33.42,False,False,,0,,,,36,,,,,,,,,
PEOPLEUSDT,PEOPLE,Speculative,679,0.00532,387075.606607,3.301,31.483244977840442,-3.6851509997034096e-05,0.007020399999999999,0.007936999999999998,0.6242630337318503,0.406392694063927,0.39155251141552516,0.40509456172397657,0.5713029261681185,0.005797222222222221,0.008266944444444443,,0,0,neutre,365,0,0,30,,,17.0,19.0,68.5,47.0,50,33.33,False,False,,0,,,,44,26930001,26930001,5066374892.014003,5066374892.014003,,100.0,,,
BELUSDT,BEL,Speculative,,0.0823,244426.96194,2.109,34.53732949282691,-0.001324123391739404,0.103802,0.11393200000000006,0.6984746609574954,0.3629160063391443,0.34786053882725837,0.41973419333178497,0.5469788748901463,0.0889138888888889,0.1187194444444444,,0,0,neutre,365,0,0,30,,,17.0,19.0,68.5,47.0,50,33.33,False,False,,0,,,,44,,,,,,,,,
AEVOUSDT,AEVO,Speculative,891,0.01881,215210.4977157,2.062,30.36679609512595,-0.000334283970788976,0.025554199999999992,0.03053355000000001,0.7600727301999707,0.4175159235668789,0.4006369426751592,0.2948534405159026,0.4854007614035456,0.021009444444444438,0.02961944444444445,doji_4h,0,0,neutre,365,0,0,30,,,17.0,19.0,68.5,47.0,50,33.33,False,False,,0,,,,44,17239174,18796557,917145270.756793,1000000000.0,1000000000.0,91.7,15744146,$16M,-0.94
LISTAUSDT,LISTA,Speculative,829,0.0503,205575.15582,1.411,27.597534676557643,-0.0009023020518140988,0.07632200000000003,0.11142499999999997,0.9425994214343724,0.4773445732349842,0.46891464699683877,0.1682759374806946,0.4532127321837284,0.06157500000000001,0.09410833333333334,,0,0,neutre,365,0,0,30,,,17.0,19.0,68.5,47.0,50,33.33,False,False,,0,,,,50,19375365,40052621,384864172.79923636,795588564.255041,1000000000.0,48.4,624773416,$625M,5.18
ILVUSDT,ILV,Speculative,677,3.26,172259.76624,2.839,28.954951622861927,-0.04342120367633956,4.3712,4.833499999999999,0.6685156293350454,0.38653846153846155,0.375,0.19852536958017789,0.5523316293867073,3.4283333333333337,5.049444444444446,,0,0,neutre,365,0,0,30,,,17.0,19.0,68.5,47.0,50,33.33,False,False,,0,,,,50,26976869,31246694,8285635.176656635,9597062.740389714,,86.3,,,
SLPUSDT,SLP,Speculative,866,0.000501,104976.737655,3.086,30.294636604966314,-8.097896889068453e-06,0.0006566400000000001,0.0007079050000000002,0.6846687888619478,0.39776951672862454,0.38042131350681535,0.14010133182964205,0.5739154182121264,0.0005484999999999999,0.0007512777777777779,,0,0,neutre,365,0,0,30,,,17.0,19.0,68.5,47.0,50,33.33,False,False,,0,,,,44,18142793,18142793,36309758633.0,36309758633.0,,100.0,5657704,$6M,-3.82
STOUSDT,STO,Speculative,,0.0515,1805568.56031,7.292,36.27079179293216,4.995757741957721e-05,0.073644,0.08983499999999996,1.3920887168840195,0.8879714349475563,0.8852934612809641,0.4727028358204315,0.05025690278618328,0.05786666666666667,0.20718333333333336,downtrend|evening_star_4h,0,2,baissier,365,0,0,30,,,17.0,28.0,32.5,68.0,0,33.23,False,False,,0,,,,29,,,,,,,,,
ENSOUSDT,ENSO,Speculative,,0.574,869187.4555,2.683,27.472687657852305,-0.005014075243081437,0.8093600000000001,0.9631600000000003,0.6548797946446319,0.5676923076923077,0.5592307692307693,0.38163404886885555,0.47802483123501643,0.6626111111111109,1.1572500000000003,doji_4h,0,0,neutre,241,0,0,30,,,13.6,19.0,55.0,57.5,50,33.22,False,False,,0,,,,48,,,,,,,,,
NEWTUSDT,NEWT,Speculative,,0.0511,431470.03538,0.196,27.304120496732992,-0.0013418484211427774,0.071964,0.082656,0.7697160392946163,0.4079718640093786,0.40328253223915594,0.3491271312662931,0.5426190770831046,0.05999166666666668,0.082625,,0,0,neutre,353,0,0,30,,,16.7,19.0,68.5,47.0,50,33.22,False,False,,0,,,,50,,,,,,,,,
HAEDALUSDT,HAEDAL,Speculative,,0.01877,790365.479262,0.374,29.67513971393352,-0.0006558451707478628,0.029555800000000004,0.03450535,1.1754082364169791,0.5204373860973704,0.5108044780005206,0.8843447186616787,0.3630524932333185,0.02418333333333333,0.03547194444444444,downtrend,0,1,baissier,365,0,0,30,,,17.0,28.0,44.5,57.5,17.5,33.18,False,False,,0,,,,41,,,,,,,28787299,$29M,-4.27
SYNUSDT,SYN,Speculative,,0.028,505561.13037,-2.439,23.801500790744058,-0.0015028338031944375,0.04880000000000001,0.05313499999999999,1.1480097389259418,0.5301003344481605,0.5301003344481605,1.2323650057363844,0.32772198168428646,0.040336111111111114,0.05726666666666666,downtrend|doji_4h,0,1,baissier,365,0,0,30,,,17.0,28.0,44.5,57.5,17.5,33.18,False,False,,0,,,,41,,,,,,,11702390,$12M,-10.38
KNCUSDT,KNC,Speculative,798,0.1212,166054.64775,1.423,34.26590681408993,-0.0011902192241967533,0.141806,0.17523450000000004,0.5177597966493589,0.29940476190476195,0.2785714285714286,0.1721033739310121,0.3390819911210549,0.125675,0.15821111111111114,double_top_90d,0,1,baissier,365,0,0,30,,,17.0,19.0,83.5,47.0,17.9,33.12,False,False,,0,,,,38,20613110,29191340,170152851.23024455,240962655.9416953,252301550.0,70.6,,,
ERAUSDT,ERA,Speculative,896,0.0974,277289.99451,2.634,34.077232247483565,-0.001723038420409868,0.12912800000000002,0.16416600000000015,0.975471788440396,0.37869822485207105,0.35963182117028275,0.2943834622488901,0.5592904505733219,0.11099444444444442,0.14845,,0,0,neutre,330,0,0,30,,,16.0,19.0,68.5,47.0,50,33.02,False,False,,0,,,,44,16998367,97272486,174750000.0,1000000000.0,1000000000.0,17.5,,,
MIRAUSDT,MIRA,Speculative,963,0.0522,911383.102,-5.435,23.72435343435758,-0.0020726244774063336,0.07778999999999998,0.10244199999999994,0.8713668261602658,0.43564356435643564,0.4268426842684268,0.9870914998607985,0.6560697125060666,0.06686666666666666,0.08920833333333332,downtrend,0,1,baissier,259,0,0,30,,,14.1,19.0,68.5,57.5,17.5,32.96,False,False,,0,,,,42,14717705,52090600,282540524.0,1000000000.0,1000000000.0,28.3,,,
AUDIOUSDT,AUDIO,Speculative,781,0.01497,509225.145464,0.672,24.802826601200664,-0.00022643084482617008,0.0190894,0.023411149999999995,0.4582454499470029,0.42018131651556956,0.40993299172250686,0.2549735081469603,0.3279816001517369,0.01607527777777778,0.02253694444444445,downtrend|doji_4h,0,1,baissier,365,0,0,30,,,17.0,10.0,79.0,57.5,17.5,32.96,False,False,,0,,,,41,21332036,21332036,1426964319.0,1426964319.674828,,100.0,,,
REZUSDT,REZ,Speculative,675,0.003156,254343.9790079,3.475,27.27308050845157,-4.836398973334118e-05,0.00462664,0.004334059999999998,0.6531286723843412,0.5542691751085383,0.5434153400868307,0.14871524625640728,0.2975520456478074,0.0032546944444444437,0.005849722222222224,,0,0,neutre,365,0,0,30,,,17.0,27.0,49.0,47.0,50,32.92,False,False,,0,,,,49,27186290,30955548,8619564876.655636,9814629224.12962,10000000000.0,87.8,122910142,$123M,-8.85
LUMIAUSDT,LUMIA,Speculative,,0.0792,207156.512569,2.062,33.37265181898984,-0.0012981274863921545,0.114998,0.09821150000000003,0.8616874876652023,0.5886712546320805,0.5802011646373744,0.13440340260488376,0.26885492905351605,0.06846666666666666,0.14721666666666666,,0,0,neutre,365,0,0,30,,,17.0,27.0,49.0,47.0,50,32.92,False,False,,0,,,,43,,,,,,,,,
UMAUSDT,UMA,Speculative,568,0.389,189024.4934,2.1,38.52324611809193,-0.002137855668943957,0.45256000000000013,0.5539850000000001,0.6081913771594013,0.3260473588342441,0.28961748633879786,0.1996651230906867,0.6862993151786256,0.3888611111111111,0.5033055555555556,double_top_90d|downtrend|doji_4h,0,2,baissier,365,0,0,30,,,17.0,28.0,73.0,47.0,0,32.92,False,False,,0,,,,35,35187160,50040925,90632299.56570747,128891450.6429841,,70.3,,,
VELODROMEUSDT,VELODROME,Speculative,,0.01379,98661.278171,2.834,42.27677676110488,-8.694385365112681e-05,0.016100200000000005,0.0183195,0.9442802342763807,0.35437144335230214,0.2886704604242111,0.13706887453322888,0.6687655978487446,0.013518888888888891,0.017826944444444447,downtrend|shooting_star_4h,0,2,baissier,365,0,0,30,,,17.0,28.0,73.0,47.0,0,32.92,False,False,,0,,,,35,,,,,,,,,
NOMUSDT,NOM,Speculative,,0.00167,773439.78366,3.086,37.46888024777062,-2.7650696556333305e-05,0.0023214000000000004,0.005383950000000001,1.3274887833423221,0.8067632850241546,0.7983091787439613,0.23673821386689167,0.22310513566534027,0.0019124999999999995,0.0054675,,0,0,neutre,254,0,0,30,,,14.0,28.0,32.5,57.5,50,32.8,False,False,,0,,,,41,,,,,,,,,
TRBUSDT,TRB,Speculative,541,13.36,607782.87707,3.888,32.07614472916147,-0.19116107687705353,17.524399999999993,17.826500000000014,0.6672480840656266,0.4539249146757679,0.4287542662116041,0.3787109670526299,0.43121748653485303,14.073611111111113,20.353611111111107,death_cross|downtrend,0,2,baissier,365,0,0,30,,,17.0,19.0,68.5,57.5,0,32.79,False,False,,0,,,,32,37319230,38304983,2792362.187680037,2866119.851591851,,97.4,,,
SOLVUSDT,SOLV,Speculative,,0.00334,297940.57607,4.05,37.46173768476763,-3.4948265675151615e-05,0.0041214,0.007755000000000004,0.6882072042560372,0.42397137745974955,0.4007155635062612,0.1733558731550004,0.06051940689850582,0.003256666666666667,0.005062777777777779,downtrend,0,1,baissier,365,0,0,30,,,17.0,28.0,62.5,47.0,17.5,32.75,False,False,,0,,,,38,,,,,,,403351879,$403M,0.71
ZKCUSDT,ZKC,Speculative,981,0.0479,356400.31279,1.483,25.34664942743815,-0.0008383628674827007,0.067984,0.09222649999999998,0.7053171765568421,0.43749999999999994,0.42427884615384615,0.5257481779711566,0.6981921072736054,0.05725833333333335,0.08126388888888889,downtrend,0,1,baissier,270,0,0,30,,,14.4,28.0,68.5,47.0,17.5,32.64,False,False,,0,,,,45,13909304,50339115,290641046.0,1051857986.043204,,27.6,,,
POWRUSDT,POWR,Speculative,690,0.0487,46651.0834,1.247,28.437955857134554,-0.000855024313615455,0.06154400000000001,0.07182000000000001,0.5642113496048481,0.31805157593123207,0.30372492836676224,0.12263932250733718,0.694345466087674,0.05503333333333333,0.06818611111111111,double_top_90d,0,1,baissier,365,0,0,30,,,17.0,19.0,79.0,47.0,17.9,32.57,False,False,,0,,,,44,25747713,48578423,529761884.726046,999506122.99937,1000000000.0,53.0,,,
SPELLUSDT,SPELL,Speculative,788,0.0001227,110944.0727671,2.678,26.0515051498909,-1.676707546904513e-06,0.000157196,0.00019890649999999992,0.48759612656240614,0.34527687296416937,0.3355048859934854,0.15491184625913693,0.6052098072824823,0.00013896944444444445,0.0001808888888888889,downtrend,0,1,baissier,365,0,0,30,,,17.0,19.0,79.0,47.0,17.5,32.55,False,False,,0,,,,44,20984742,23982157,171510541047.0,196008739620.0,210000000000.0,87.5,6004100,$6M,-1.94
MBOXUSDT,MBOX,Speculative,,0.0049,713949.73323,-7.547,22.74448375621408,-0.0007031931631030187,0.011222000000000003,0.0208985,1.678360510439276,0.7587939698492463,0.7587939698492463,1.0959359894599068,0.26114607700644693,0.009386111111111105,0.017394444444444445,uptrend,1,0,haussier,365,0,0,30,,,17.0,28.0,22.0,57.5,50,32.5,False,False,,0,,,,45,,,,,,,,,
1MBABYDOGEUSDT,1MBABYDOGE,Speculative,,0.0003328,270672.187768,3.45,36.333872885728674,-3.870297688438287e-06,0.00040373400000000005,0.0004900575,0.7299659896184209,0.32435254803675856,0.30534670008354214,0.1750753214954082,0.7540168891587857,0.00035648611111111113,0.000451625,downtrend,0,1,baissier,365,0,0,30,,,17.0,28.0,60.5,47.0,17.5,32.5,False,False,,0,,,,37,,,,,,,,,
LSKUSDT,LSK,Speculative,778,0.092,199132.066,2.222,31.24736209825423,-0.0011876811446408838,0.11898000000000002,0.15137500000000004,0.605703579447163,0.3776223776223776,0.3566433566433566,0.7339162258721624,0.7055682509970864,0.1043055555555556,0.13580555555555557,downtrend,0,1,baissier,365,0,0,30,,,17.0,28.0,60.5,47.0,17.5,32.5,False,False,,0,,,,37,21309850,36570140,233084697.0,400000000.0,400000000.0,58.3,,,
MINAUSDT,MINA,Mid,432,0.0413,442479.65406,0.243,23.05630000504361,-0.0009512033235312234,0.057184,0.06878500000000001,0.6420010642285245,0.4130434782608696,0.40144927536231884,0.40840983592375335,0.6274953836720886,0.04879722222222222,0.06488611111111112,double_top_90d|downtrend,0,2,baissier,365,0,0,30,,,31.0,10.0,68.5,47.0,0,32.44,False,False,,0,,,,35,53285756,53285756,1289796168.840039,1289796168.840039,,100.0,,,
COTIUSDT,COTI,Speculative,667,0.00962,289458.64045,0.944,31.591188653497923,-0.00014904333453921834,0.0128948,0.01619370000000001,0.8142383547396207,0.3776908023483366,0.3724722765818656,0.6628571934145756,0.5710114544837559,0.011058888888888887,0.014953888888888886,double_top_90d|downtrend,0,2,baissier,365,0,0,30,,,17.0,28.0,68.5,47.0,0,32.37,False,False,,0,,,,34,27585430,27585730,2872600612.043533,2872631864.02316,4910000000.0,100.0,,,
RPLUSDT,RPL,Speculative,636,1.32,36903.8492,3.125,28.567180764934037,-0.014938111525321512,1.739,1.9216500000000003,0.6278128219944696,0.38571428571428573,0.37142857142857144,0.2102138645616098,0.7169770589396777,1.4777777777777785,2.0250000000000004,doji_4h,0,0,neutre,365,0,0,30,,,17.0,19.0,60.5,47.0,50,32.36,False,False,,0,,,,48,29687745,29687745,22535094.65392216,22535094.65392216,,100.0,887205181,$887M,-7.69
AIUSDT,AI,Speculative,555,0.0217,410979.96958,0.463,38.7909990145659,-0.0005446244003642067,0.02449,0.02875249999999998,1.213746278608333,0.3096774193548387,0.3,0.2385347260096681,0.30718835993652216,0.018349999999999998,0.029488888888888884,downtrend,0,1,baissier,365,0,0,30,,,17.0,28.0,58.0,47.0,17.5,32.2,False,False,,0,,,,37,35912045,275256571,1304675313.0,10000000000.0,10000000000.0,13.0,,,
SOMIUSDT,SOMI,Speculative,907,0.1035,722615.30974,0.681,23.542322375117152,-0.0032433193004139157,0.16224800000000003,0.2015480000000001,0.8535140390841283,0.5,0.48510427010923535,0.641484681834959,0.6380895171524439,0.13273333333333331,0.19309722222222217,downtrend|doji_4h,0,1,baissier,283,0,0,30,,,14.8,19.0,59.5,57.5,17.5,32.08,False,False,,0,,,,40,16571718,103443931,160200000.0,1000000000.0,1000000000.0,16.0,,,
DYMUSDT,DYM,Speculative,,0.0158,599376.78686,7.483,37.58633210008439,-0.0004333169995049649,0.020959999999999993,0.043951500000000004,1.3500492044277634,0.6021220159151194,0.5809018567639257,0.332785435787585,0.34747347659082517,0.016747222222222222,0.0325,downtrend|shooting_star_4h,0,2,baissier,365,0,0,30,,,17.0,28.0,44.5,57.5,0,32.07,False,False,,0,,,,31,,,,,,,,,
STORJUSDT,STORJ,Speculative,,0.0761,203985.2548,2.285,32.786414867575175,-0.0014013521456077262,0.10045,0.11127599999999999,1.131637225571172,0.4368858654572941,0.42479213907785335,0.21199788134477357,0.3961103851505407,0.08468611111111107,0.11714166666666664,,0,0,neutre,365,0,0,30,,,17.0,19.0,58.0,47.0,50,32.05,False,False,,0,,,,42,,,,,,,,,
BICOUSDT,BICO,Speculative,,0.0182,118744.523717,2.825,33.86732832624179,-0.00044327051187508784,0.024437999999999994,0.03144899999999999,1.0596435587852184,0.40728476821192056,0.3973509933774834,0.18843304093157387,0.5392671455122516,0.019902777777777783,0.02773055555555555,,0,0,neutre,365,0,0,30,,,17.0,19.0,58.0,47.0,50,32.05,False,False,,0,,,,42,,,,,,,,,
DCRUSDT,DCR,Mid,168,12.12,137980.02457,2.106,23.09156557261015,-0.1673404435307535,17.029600000000002,20.705750000000027,0.6408362977282742,0.5648351648351648,0.5553113553113553,0.25326543928883305,0.5775999583287337,14.34361111111111,24.561944444444446,downtrend|bullish_engulfing_4h,1,1,mixte,365,0,0,30,,,31.0,10.0,55.0,47.0,17.5,31.91,False,False,,0,,,,37,211387870,211392088,17460715.08383953,17461063.52275893,21000000.0,100.0,,,
PORTOUSDT,PORTO,Speculative,,0.557,261337.39467,2.202,28.4639692142715,-0.0018507987068661774,0.76068,0.98142,0.6336570190376026,0.5492142266335814,0.5409429280397022,0.9490825642001957,0.6063507890019072,0.6283333333333334,1.0683055555555558,downtrend|doji_4h,0,1,baissier,365,0,0,30,,,17.0,28.0,55.0,47.0,17.5,31.84,False,False,,0,,,,42,,,,,,,,,
CGPTUSDT,CGPT,Speculative,818,0.02132,449713.634044,4.715,42.844517181859466,-0.00011194927650593498,0.026699400000000005,0.026670700000000006,1.530766705141855,0.5469005847953217,0.49754385964912284,0.3737408409816768,0.32152104583122537,0.018967777777777785,0.03189000000000001,golden_cross|downtrend,1,1,mixte,365,0,0,30,,,17.0,36.0,38.5,47.0,17.5,31.79,False,False,,0,,,,36,20020190,21414561,932798644.0,997766421.0,1000000000.0,93.5,,,
BARUSDT,BAR,Speculative,,0.294,390121.27733,-0.676,20.446447657786976,-0.0011801048232619182,0.39398000000000016,0.5035850000000001,0.43605883204266443,0.5017421602787456,0.4912891986062718,0.666431183446591,0.48616155342641126,0.33158333333333334,0.56,double_top_90d,0,1,baissier,365,0,0,30,,,17.0,19.0,70.0,47.0,17.9,31.48,False,False,,0,,,,42,,,,,,,,,
BREVUSDT,BREV,Speculative,817,0.0798,416434.24547,2.046,28.95622386567119,-0.001421242106581672,0.11153400000000001,,0.8115104567672844,0.4580098800282287,0.43895553987297103,0.24457070025385866,0.5448497010097302,0.09367222222222218,0.1346166666666667,downtrend,0,1,baissier,157,0,0,30,,,11.3,27.0,68.5,47.0,17.5,31.41,False,False,,0,,,,44,19895547,79582189,250000000.0,1000000000.0,1000000000.0,25.0,,,
CYBERUSDT,CYBER,Speculative,750,0.345,404186.29266,1.77,27.175983300937105,-0.0067444939237003565,0.4863199999999997,0.6055450000000001,0.7085260600420809,0.4278350515463917,0.4072164948453608,0.47073336748104494,0.6964799493445942,0.4106944444444444,0.5714166666666667,double_top_90d,0,1,baissier,365,0,0,30,,,17.0,19.0,68.5,47.0,17.9,31.3,False,False,,0,,,,42,22968434,34341119,66883183.763333336,100000000.0,100000000.0,66.9,,,
SHELLUSDT,SHELL,Speculative,,0.0255,248783.66627,2.823,32.473671179947715,-0.0003434957454133674,0.03348000000000001,0.03834099999999998,0.7090534855235503,0.3960880195599022,0.3765281173594132,0.2620559369809277,0.44433147040669774,0.027050000000000005,0.039233333333333335,double_top_90d,0,1,baissier,365,0,0,30,,,17.0,19.0,68.5,47.0,17.9,31.3,False,False,,0,,,,36,,,,,,,,,
ARPAUSDT,ARPA,Speculative,,0.00826,69285.165509,1.474,28.818190727454052,-0.00015975031638883154,0.010236599999999995,0.011159649999999997,0.6437639722020375,0.3385118560915781,0.3246116107931316,0.10302843592364187,0.5622126920144702,0.008730277777777776,0.011433333333333332,double_top_90d,0,1,baissier,365,0,0,30,,,17.0,19.0,68.5,47.0,17.9,31.3,False,False,,0,,,,42,,,,,,,,,
ICXUSDT,ICX,Speculative,616,0.0288,67126.53699,2.491,31.042557292257,-0.0006977414587078768,0.036266,0.04466350000000001,0.7063451172390656,0.321256038647343,0.30434782608695654,0.2592927579690532,0.6420138229938381,0.032147222222222216,0.03988888888888889,double_top_90d,0,1,baissier,365,0,0,30,,,17.0,19.0,68.5,47.0,17.9,31.3,False,False,,0,,,,36,31538651,31874337,1097114897.622499,1108792174.218095,,98.9,,,
VANAUSDT,VANA,Speculative,589,1.088,473470.49043,1.493,29.168535996526828,-0.021629910160219007,1.4365799999999995,1.8150000000000006,0.6227643222311557,0.3884726224783862,0.3729106628242075,0.1861108498019595,0.6151583798276887,1.176277777777778,1.6194444444444445,downtrend,0,1,baissier,365,0,0,30,,,17.0,19.0,68.5,47.0,17.5,31.27,False,False,,0,,,,42,33461930,130371156,30800000.0,120000000.0,120000000.0,25.7,,,
ACEUSDT,ACE,Speculative,,0.0837,423739.69796,3.589,29.62928533223176,-0.002376512526362798,0.11617599999999997,0.176014,0.8841687998592185,0.4718954248366013,0.45424836601307184,0.4973055729443464,0.5434208141368421,0.10076944444444447,0.14408333333333334,downtrend|doji_4h,0,1,baissier,365,0,0,30,,,17.0,19.0,68.5,47.0,17.5,31.27,False,False,,0,,,,42,,,,,,,,,
SCRUSDT,SCR,Speculative,,0.03306,394712.251896,3.604,31.435115537183037,-0.0005858408123755924,0.044055799999999985,0.05735980000000006,0.7989430954685536,0.4020295202952029,0.38892988929889305,0.25281824980678036,0.5489657509092188,0.037504722222222224,0.050945,downtrend|doji_4h,0,1,baissier,365,0,0,30,,,17.0,19.0,68.5,47.0,17.5,31.27,False,False,,0,,,,36,,,,,,,,,
MASKUSDT,MASK,Speculative,563,0.354,360835.4714,2.907,30.202416310151293,-0.00518372094419399,0.46525999999999995,0.51811,0.6276713959643762,0.39361702127659565,0.3741134751773049,0.39122928534322554,0.6246589028144242,0.38816666666666666,0.5323333333333333,downtrend|doji_4h,0,1,baissier,365,0,0,30,,,17.0,19.0,68.5,47.0,17.5,31.27,False,False,,0,,,,36,35296600,35296600,100000000.0,100000000.0,100000000.0,100.0,,,
TNSRUSDT,TNSR,Speculative,,0.0287,349688.05937,2.867,32.62644543153908,-0.0005944493491009378,0.037962,0.057700499999999995,0.8163837632086446,0.46317829457364346,0.4437984496124031,0.22106564497552755,0.377506032507856,0.03308888888888888,0.04548055555555555,downtrend,0,1,baissier,365,0,0,30,,,17.0,19.0,68.5,47.0,17.5,31.27,False,False,,0,,,,36,,,,,,,,,
ACTUSDT,ACT,Speculative,,0.00982,342051.599855,3.26,32.20164389665827,-7.530779234900297e-05,0.013259599999999998,0.017916899999999993,0.7864182592416759,0.43905325443786974,0.4177514792899408,0.26576561900315715,0.5549314940271226,0.010760555555555556,0.015899999999999997,downtrend,0,1,baissier,365,0,0,30,,,17.0,19.0,68.5,47.0,17.5,31.27,False,False,,0,,,,36,,,,,,,,,
MAGICUSDT,MAGIC,Speculative,944,0.0454,338922.96761,1.566,25.945481641425587,-0.0007677713310471962,0.06122999999999999,0.07520300000000003,0.6414444323758436,0.388283378746594,0.3828337874659401,0.3526708749279476,0.6859690996410815,0.05191666666666666,0.06975555555555554,downtrend,0,1,baissier,365,0,0,30,,,17.0,19.0,68.5,47.0,17.5,31.27,False,False,,0,,,,42,15235533,15764579,336018972.3417761,347687042.9717532,347714007.0,96.6,,,
API3USDT,API3,Speculative,560,0.2489,313651.760868,2.724,29.86127712495231,-0.0038287531124352875,0.33096,0.3605104999999999,0.6064396622287448,0.37764584408879714,0.356995353639649,0.2655430193143196,0.41210614440410814,0.2611611111111112,0.3888722222222223,downtrend,0,1,baissier,365,0,0,30,,,17.0,19.0,68.5,47.0,17.5,31.27,False,False,,0,,,,42,35518387,42752345,142794939.4039844,171877693.7539821,,83.1,16124573,$16M,-0.72
ALICEUSDT,ALICE,Speculative,,0.1006,277706.594291,0.903,34.273020085871124,-0.0012592211609588882,0.132082,0.14697300000000008,0.7623828854634384,0.4,0.3865853658536586,0.16734297167296025,0.3630909825039873,0.10478333333333335,0.1592583333333334,downtrend,0,1,baissier,365,0,0,30,,,17.0,19.0,68.5,47.0,17.5,31.27,False,False,,0,,,,36,,,,,,,,,
MAVUSDT,MAV,Speculative,,0.01043,271797.5929,3.165,31.83666280012966,-0.0001369485596520246,0.014037800000000003,0.019129649999999995,0.7109634681261651,0.4076470588235294,0.3858823529411765,0.3596455346665914,0.5287880813548096,0.011767222222222224,0.01645777777777778,downtrend,0,1,baissier,365,0,0,30,,,17.0,19.0,68.5,47.0,17.5,31.27,False,False,,0,,,,36,,,,,,,1068266,$1M,-3.28
RAREUSDT,RARE,Speculative,,0.0125,253280.38937,2.459,33.22708747623162,-0.00022112869660559755,0.016122,0.01901849999999999,0.7029245858769693,0.49372384937238495,0.47698744769874474,0.20299396962393235,0.44755642387291833,0.013611111111111112,0.01856944444444445,downtrend,0,1,baissier,365,0,0,30,,,17.0,19.0,68.5,47.0,17.5,31.27,False,False,,0,,,,36,,,,,,,,,
FLUXUSDT,FLUX,Speculative,784,0.0515,199244.981379,3.831,33.16300721026556,-0.0013006840928171644,0.068496,0.0790535,0.9408136647312927,0.4186046511627906,0.4023255813953488,0.25914694885004064,0.45497567530413935,0.049625,0.07857222222222222,downtrend,0,1,baissier,365,0,0,30,,,17.0,19.0,68.5,47.0,17.5,31.27,False,False,,0,,,,36,21177324,21184043,411493094.4991484,411623658.4991484,440000000.0,100.0,,,
ALPINEUSDT,ALPINE,Speculative,,0.34,187674.63885,2.102,33.15349582665763,-0.004188957867985791,0.42568000000000006,0.47654499999999983,0.6117410198898708,0.3597678916827853,0.3442940038684719,0.2395369060325059,0.5966467828887337,0.37233333333333335,0.47913888888888895,downtrend|doji_4h,0,1,baissier,365,0,0,30,,,17.0,19.0,68.5,47.0,17.5,31.27,False,False,,0,,,,36,,,,,,,,,
METISUSDT,METIS,Speculative,854,2.5,180628.02001,2.881,30.571497403514314,-0.04216275022137145,3.3498000000000006,4.161350000000001,0.7107342479214129,0.44393592677345534,0.4279176201372998,0.19539099207774854,0.5729890313909058,2.6999999999999997,3.9099999999999997,downtrend,0,1,baissier,365,0,0,30,,,17.0,19.0,68.5,47.0,17.5,31.27,False,False,,0,,,,36,18623219,24856032,7492434.342,10000000.0,10000000.0,74.9,23592033,$24M,-10.69
ONEUSDT,ONE,Speculative,763,0.00149,173316.853202,4.93,30.763125624223974,-1.8285072282650723e-05,0.0020543999999999996,0.002801049999999998,0.7439937213902155,0.44866920152091255,0.43346007604562736,0.2703666708424747,0.5638945573729776,0.0017058333333333335,0.002484722222222222,downtrend,0,1,baissier,365,0,0,30,,,17.0,19.0,68.5,47.0,17.5,31.27,False,False,,0,,,,36,22241261,22241263,14870211425.762915,14870212769.762915,,100.0,,,
LQTYUSDT,LQTY,Speculative,826,0.197,142838.5148,2.073,30.955541461457457,-0.004382242401975316,0.2766400000000001,0.32535500000000006,0.8895753306249737,0.44314868804664725,0.4256559766763849,0.285112448995221,0.6158563834973055,0.2308333333333333,0.32547222222222216,downtrend|doji_4h,0,1,baissier,365,0,0,30,,,17.0,19.0,68.5,47.0,17.5,31.27,False,False,,0,,,,36,19443470,19694622,98724772.86443336,100000000.0,100000000.0,98.7,123724743,$124M,-7.13
BANDUSDT,BAND,Speculative,641,0.165,124449.1805,0.61,33.1378561863247,-0.002499331186849897,0.20946000000000006,0.2611799999999999,0.7258469019227426,0.35317460317460314,0.34523809523809523,0.22664792871670952,0.5965634377876008,0.18544444444444444,0.23977777777777776,downtrend|doji_4h,0,1,baissier,365,0,0,30,,,17.0,19.0,68.5,47.0,17.5,31.27,False,False,,0,,,,36,29210532,29224159,177452620.936194,177535403.238534,,100.0,,,
OGNUSDT,OGN,Speculative,,0.01718,103944.52998,2.874,30.119488714795708,-0.00026754114975320554,0.0219326,0.025587300000000007,0.649353528935995,0.33067411248504186,0.31471878739529313,0.1677596052084826,0.6287614399233438,0.019168888888888888,0.024951666666666664,downtrend,0,1,baissier,365,0,0,30,,,17.0,19.0,68.5,47.0,17.5,31.27,False,False,,0,,,,36,,,,,,,,,
IOTXUSDT,IOTX,Speculative,617,0.00335,101632.22271,3.395,29.799535786606313,-5.2373510002392946e-05,0.0043820000000000005,0.005919599999999997,0.7013812479105674,0.40036231884057966,0.39492753623188404,0.17827431375241587,0.5331807191250963,0.0038288888888888886,0.00524861111111111,downtrend,0,1,baissier,365,0,0,30,,,17.0,19.0,68.5,47.0,17.5,31.27,False,False,,0,,,,42,31528885,31528885,9441368550.0,9441368555.0,10000000000.0,100.0,,,
SCRTUSDT,SCRT,Speculative,808,0.059,95704.67269,3.691,27.866179514259457,-0.0009379909000594624,0.088952,0.10082600000000004,0.8098256370411896,0.4978165938864629,0.48471615720524025,0.15132542381942174,0.5811423092499575,0.06851388888888887,0.11159166666666669,downtrend,0,1,baissier,365,0,0,30,,,17.0,19.0,68.5,47.0,17.5,31.27,False,False,,0,,,,42,20210791,21055806,343326952.233182,357681486.276936,,96.0,,,
ALCXUSDT,ALCX,Speculative,,3.35,87729.156969,0.601,28.94832638539286,-0.02786595342832121,4.703400000000001,6.078850000000001,0.857458224655741,0.42003514938488584,0.41124780316344467,0.3472561276816173,0.6102519856659834,3.8516666666666675,5.573611111111112,downtrend|doji_4h,0,1,baissier,365,0,0,30,,,17.0,19.0,68.5,47.0,17.5,31.27,False,False,,0,,,,42,,,,,,,29481650,$29M,-5.97
GTCUSDT,GTC,Speculative,,0.076,272072.4891,4.11,38.547237612388564,-0.001286226828656008,0.09707999999999997,0.1079700000000001,0.8814607462168271,0.5898876404494382,0.5730337078651685,0.18118577590822288,0.18100526640747752,0.07508333333333331,0.12036111111111111,downtrend,0,1,baissier,365,0,0,30,,,17.0,28.0,49.0,47.0,17.5,31.11,False,False,,0,,,,35,,,,,,,,,
SAPIENUSDT,SAPIEN,Speculative,811,0.0806,488040.58553,5.085,40.3802487766093,-0.0014383668669976854,0.09997799999999996,0.10410750000000002,1.2104567613013062,0.459795321637427,0.40862573099415206,0.22509119420314963,0.44494514891463144,0.06818333333333332,0.11953333333333334,downtrend,0,1,baissier,218,0,0,30,,,13.0,28.0,58.0,47.0,17.5,30.91,False,False,,0,,,,37,20151881,80607525,250000000.0,1000000000.0,1000000000.0,25.0,,,
FOGOUSDT,FOGO,Mid,495,0.01138,336074.17763,1.426,33.701073835288824,-6.342434989327415e-05,0.016642,,1.7126097592201108,0.5374264087468461,0.5218671152228763,0.1907119361789862,0.23035543632106117,0.012961944444444443,0.02181194444444445,downtrend,0,1,baissier,148,0,0,30,,,25.1,27.0,28.0,47.0,17.5,30.89,False,False,,0,,,,32,43595280,113733339,3837492482.803715,10011423967.44121,,38.3,,,
MOVRUSDT,MOVR,Speculative,957,1.216,413161.150616,0.829,27.834439372965633,-0.023226809495713596,2.0665800000000005,1.984660000000001,0.8569440772768,0.5925291295407814,0.5825908156271419,0.2656383690006158,0.28907873472853446,1.117083333333333,2.680305555555555,downtrend,0,1,baissier,365,0,0,30,,,17.0,27.0,49.0,47.0,17.5,30.86,False,False,,0,,,,41,14826903,15257931,12183050.0,12537219.0,,97.2,,,
C98USDT,C98,Speculative,966,0.0145,347031.16116,2.113,29.895801296959192,-0.00029148907064692063,0.0196,0.023819500000000004,0.8462243024204414,0.5407166123778503,0.527687296416938,0.54367684910285,0.491158530414177,0.016911111111111113,0.028297222222222227,double_top_90d|downtrend|doji_4h,0,2,baissier,365,0,0,30,,,17.0,28.0,55.0,47.0,0,30.73,False,False,,0,,,,38,14509425,14509441,999998884.0,1000000000.0,1000000000.0,100.0,,,
DOLOUSDT,DOLO,Speculative,,0.02244,255487.906235,1.907,29.84751744157151,-0.00047771775071456723,0.030961199999999994,0.037659299999999986,0.9184288391829302,0.42485022141182605,0.4149518103672831,0.24535421582204794,0.5138754222687031,0.026520833333333323,0.03692555555555555,downtrend,0,1,baissier,289,0,0,30,,,14.9,19.0,68.5,47.0,17.5,30.6,False,False,,0,,,,42,,,,,,,112378353,$112M,-23.11
CTSIUSDT,CTSI,Speculative,785,0.02287,216748.74696,1.016,34.100432379089284,-0.0002498791691723716,0.030036600000000014,0.03095424999999999,0.7263341267632636,0.4751120547298891,0.4593064401981599,0.2353627757521626,0.1567032603316178,0.022785277777777776,0.03807833333333334,downtrend,0,1,baissier,365,0,0,30,,,17.0,19.0,62.5,47.0,17.5,30.54,False,False,,0,,,,35,21187666,22880640,926008431.7900137,1000000000.0,1000000000.0,92.6,,,
BIGTIMEUSDT,BIGTIME,Speculative,917,0.00851,192263.01248,1.189,27.24635617472083,-0.0001551484541590408,0.012286000000000002,0.016179249999999996,0.775423141190226,0.4622823984526112,0.45132172791747255,0.27649294660510554,0.7183088137685709,0.010218611111111109,0.014442499999999997,downtrend,0,1,baissier,365,0,0,30,,,17.0,19.0,60.5,47.0,17.5,30.3,False,False,,0,,,,41,16254904,42591237,1908245059.7925065,5000000000.0,5000000000.0,38.2,,,
WOOUSDT,WOO,Speculative,725,0.013,104411.022205,3.093,31.7877823463502,-0.000217686594669034,0.0174028,0.020722199999999996,0.7560712769068721,0.39082125603864737,0.37198067632850246,0.20721656729550203,0.7326564899729405,0.014805277777777777,0.019975000000000007,downtrend|doji_4h,0,1,baissier,365,0,0,30,,,17.0,19.0,60.5,47.0,17.5,30.3,False,False,,0,,,,35,24506847,24506847,1888782088.294737,1888782088.294737,3000000000.0,100.0,5290340,$5M,0.8
HYPERUSDT,HYPER,Speculative,739,0.0695,856837.85506,-2.525,32.46588595972881,-0.0010891018715678928,0.10201399999999998,0.10848949999999992,1.064150589073371,0.5997490589711417,0.5646173149309912,0.43144516303317626,0.29579562351533584,0.07724166666666665,0.12425277777777777,downtrend|doji_4h,0,1,baissier,365,0,0,30,,,17.0,19.0,38.5,57.5,17.5,30.24,False,False,,0,,,,31,23457602,56001063,338174017.0,807333335.0000001,1000000000.0,41.9,96084666,$96M,-40.25
1000SATSUSDT,1000SATS,Speculative,,9.5e-06,378847.22280057,3.712,33.56621585940928,-8.137204328602894e-08,1.30218e-05,1.3717699999999986e-05,0.8400746653989384,0.5037837837837837,0.48648648648648646,0.20577761792642593,0.4676620609911918,1.0016666666666668e-05,1.6011111111111112e-05,downtrend,0,1,baissier,365,0,0,30,,,17.0,19.0,59.5,47.0,17.5,30.18,False,False,,0,,,,34,,,,,,,,,
YGGUSDT,YGG,Speculative,837,0.02504,277635.563916,2.037,28.778105719302815,-0.0006296425759483434,0.037757799999999994,0.04945224999999998,0.8957286336273774,0.5003097253768326,0.48441048936609543,0.24203626048421795,0.6281026638859819,0.030271111111111113,0.04470361111111112,downtrend|doji_4h,0,1,baissier,365,0,0,30,,,17.0,19.0,59.5,47.0,17.5,30.18,False,False,,0,,,,40,19191075,24961003,768842275.5193819,1000000000.0,1000000000.0,76.9,,,
JOEUSDT,JOE,Speculative,997,0.0295,153044.510428,1.724,28.36534583740901,-0.0005916732973194573,0.04235599999999999,0.049361499999999996,0.8232942175163742,0.5103448275862069,0.4931034482758621,0.23883052765136778,0.5479806282476773,0.033908333333333325,0.05123611111111111,downtrend,0,1,baissier,365,0,0,30,,,17.0,19.0,59.5,47.0,17.5,30.18,False,False,,0,,,,40,13430069,14679311,457181657.224341,499707918.0306486,500000000.0,91.5,10837781,$11M,-7.48
BANANAUSDT,BANANA,Speculative,,2.925,169036.722457,2.993,30.66850356990855,-0.04960358942168519,3.74814,5.071884999999998,0.600639399960738,0.398093220338983,0.3807203389830508,0.16689304141490025,0.6117087500318205,3.1443055555555564,4.288,double_top_90d|downtrend,0,2,baissier,365,0,0,30,,,17.0,19.0,68.5,47.0,0,30.16,False,False,,0,,,,32,,,,,,,,,
MMTUSDT,MMT,Speculative,783,0.1042,239055.88225,1.659,34.11026596777718,-0.0017300438800784716,0.12761199999999998,0.1612105,0.7088273343406806,0.32516556291390725,0.3125827814569536,0.2030211581972397,0.5079496147586762,0.1071083333333333,0.14446666666666666,downtrend,0,1,baissier,220,0,0,30,,,13.0,19.0,68.5,47.0,17.5,30.0,False,False,,0,,,,36,21195503,103850946,204095424.0,1000000000.0,1000000000.0,20.4,5626456,$6M,-2.74
GMTUSDT,GMT,Speculative,721,0.00793,448803.000489,0.891,33.487395868343626,-0.0001725758534510762,0.010677800000000005,0.012988249999999995,1.1965548690488252,0.4219219219219219,0.4046546546546547,0.3999454041096244,0.49245095799426986,0.009016388888888891,0.012381944444444447,downtrend,0,1,baissier,365,0,0,30,,,17.0,19.0,58.0,47.0,17.5,29.99,False,False,,0,,,,34,24627450,40160695,3111400155.0,5073850155.102167,6000000000.0,61.3,,,
CHRUSDT,CHR,Speculative,951,0.01548,144097.23901,3.131,31.835355155031266,-0.0003590009633524984,0.0220976,0.029215100000000004,1.0348558669737224,0.47150799166087565,0.4617790132036136,0.13546112681869207,0.4716286040112801,0.014842222222222222,0.026222777777777786,downtrend|doji_4h,0,1,baissier,365,0,0,30,,,17.0,19.0,58.0,47.0,17.5,29.99,False,False,,0,,,,34,15050218,15050218,974831915.3782,974831915.3782,978064789.0,100.0,,,
MEUSDT,ME,Speculative,594,0.0583,471986.10961,-2.017,22.501238363613965,-0.001497018105553161,0.09505599999999999,0.15762200000000004,0.8821320559662053,0.5426975259377494,0.5347166799680767,0.6805293978190462,0.6636431885694498,0.07556666666666667,0.11886111111111111,downtrend,0,1,baissier,365,0,0,30,,,17.0,19.0,55.0,47.0,17.5,29.63,False,False,,0,,,,40,33032380,58335845,566239837.892404,999990915.031049,1000000000.0,56.6,,,
SANTOSUSDT,SANTOS,Speculative,,0.625,352897.24338,3.993,26.03174464862346,-0.0015667159202495118,0.9913200000000002,1.48095,0.8437390283374068,0.5677276091783864,0.5381199111769059,0.16288256198445436,0.3297337628613061,0.736777777777778,1.2941388888888892,downtrend,0,1,baissier,365,0,0,30,,,17.0,19.0,55.0,47.0,17.5,29.63,False,False,,0,,,,40,,,,,,,,,
XVGUSDT,XVG,Speculative,509,0.00249,170578.865653,3.405,31.667638557166512,-4.2417543605155706e-05,0.0032431399999999994,0.0050463999999999995,0.8320867141104502,0.5744301994301995,0.5564458689458689,0.17394946044824586,0.46042182857232244,0.002845472222222222,0.0050680000000000005,downtrend,0,1,baissier,365,0,0,30,,,17.0,19.0,55.0,47.0,17.5,29.63,False,False,,0,,,,34,41039473,41121564,16521951235.74134,16555000000.0,,99.8,,,
GUSDT,G,Speculative,825,0.00271,157690.6262,2.652,28.08028937224951,-4.3456484796042895e-05,0.003493,0.004053650000000001,0.616842229791264,0.5383275261324042,0.5278745644599303,0.21061503888795874,0.4845823858186889,0.0030866666666666672,0.004242222222222222,downtrend|doji_4h,0,1,baissier,365,0,0,30,,,17.0,19.0,55.0,47.0,17.5,29.63,False,False,,0,,,,40,19503864,32359474,7232700000.0,12000000000.0,12000000000.0,60.3,16696282,$17M,-9.09
KERNELUSDT,KERNEL,Speculative,988,0.0477,131872.23239,4.835,32.54972422603677,-0.0010275793459558194,0.061344,0.07361050000000001,0.8266227819406218,0.6150627615062761,0.601673640167364,0.17853975715535816,0.4212368426124165,0.05530833333333333,0.10298333333333333,downtrend,0,1,baissier,365,0,0,30,,,17.0,19.0,55.0,47.0,17.5,29.63,False,False,,0,,,,34,13707880,47628555,287808020.0,1000000000.0,1000000000.0,28.8,,,
VANRYUSDT,VANRY,Speculative,,0.003394,108859.385252,0.952,23.491781717984978,-6.219596099241734e-05,0.00490784,0.0064743649999999976,0.6858003169658746,0.5750726101780528,0.5711579744917288,0.25718552695427777,0.47380016371867323,0.00409738888888889,0.006127416666666666,,0,0,neutre,365,0,0,30,,,17.0,10.0,55.0,47.0,50,29.48,False,False,,0,,,,45,,,,,,,,,
DUSDT,D,Speculative,,0.00485,564301.00552,-5.273,27.303033395789654,-0.000534443138589065,0.011637799999999998,0.011238550000000007,2.1870559359031416,0.7702573879885606,0.7664442326024785,0.33680126819637246,0.17016510512946142,0.005689166666666668,0.01563166666666667,bearish_engulfing_4h|evening_star_4h,0,2,baissier,365,0,0,30,,,17.0,27.0,22.0,57.5,0,29.09,False,False,,0,,,,33,,,,,,,,,
SKLUSDT,SKL,Speculative,696,0.00421,368104.09852,0.238,24.10521390254432,-8.7220718519022e-05,0.0061922,0.008052500000000006,0.6838879316898203,0.46382428940568476,0.4560723514211886,0.3271841683776984,0.6494130503153701,0.005121111111111112,0.007411388888888888,downtrend,0,1,baissier,365,0,0,30,,,17.0,10.0,68.5,47.0,17.5,29.07,False,False,,0,,,,39,25648507,26180590,6094019337.0,6220440895.395961,7000000000.0,98.0,,,
AGLDUSDT,AGLD,Speculative,959,0.1695,242966.51752,-3.253,24.534189674541977,-0.00412503091893527,0.23796800000000004,0.2565020000000002,0.7167840913374335,0.39640287769784177,0.391726618705036,0.2995518295883508,0.5555453012642182,0.20714166666666667,0.2727777777777778,downtrend,0,1,baissier,365,0,0,30,,,17.0,10.0,68.5,47.0,17.5,29.07,False,False,,0,,,,39,14829453,15745375,87430001.0,92830001.0,96000000.0,94.2,,,
DIAUSDT,DIA,Speculative,954,0.1247,242070.30984,3.83,24.141638086830042,-0.0025361946369488603,0.17647599999999997,0.22291150000000004,0.6873329968941279,0.4375578168362627,0.4241443108233118,0.38401236860302695,0.5912977978056638,0.14715833333333334,0.20625000000000002,downtrend,0,1,baissier,365,0,0,30,,,17.0,10.0,68.5,47.0,17.5,29.07,False,False,,0,,,,39,14943061,21078948,119676104.0,168817248.0,200000000.0,70.9,,,
EULUSDT,EUL,Speculative,787,0.873,265616.82445,3.436,33.43654716983707,-0.027709789690303438,1.2728399999999997,1.7608649999999977,1.0659224656560407,0.4894387447193724,0.47254073627036813,0.1778730781269257,0.5478516421994252,0.8260833333333334,1.5021666666666667,downtrend,0,1,baissier,242,0,0,30,,,13.6,19.0,58.0,47.0,17.5,28.92,False,False,,0,,,,34,21042482,23688663,24146317.188470602,27182818.28459,27182818.0,88.8,268697781,$269M,1.26
REDUSDT,RED,Speculative,528,0.0946,371075.00483,3.388,30.029506808082573,-0.0016598964793482652,0.12743,0.17665999999999987,0.7132389056106754,0.543597409068261,0.5301444942700548,0.3300707703581257,0.2745103411387452,0.10126388888888889,0.16367777777777778,downtrend,0,1,baissier,365,0,0,30,,,17.0,19.0,49.0,47.0,17.5,28.9,False,False,,0,,,,33,38963468,94192933,413655961.0,1000000000.0,1000000000.0,41.4,,,
THEUSDT,THE,Speculative,,0.067,356757.0981,4.199,31.983702100304882,-0.001064785477740483,0.09235600000000002,0.17135800000000004,0.9174186377064878,0.770057306590258,0.7600286532951289,0.3495508234362858,0.3073994951408981,0.07838333333333333,0.1637833333333334,downtrend,0,1,baissier,365,0,0,30,,,17.0,19.0,49.0,47.0,17.5,28.9,False,False,,0,,,,33,,,,,,,1357420,$1M,-5.85
ONGUSDT,ONG,Speculative,767,0.04674,272808.97465,0.43,25.74676874100615,-0.0008419844623572008,0.0657966,0.07451835000000004,0.6666206100103113,0.5532659409020217,0.5469479004665629,0.3316790687010841,0.28140204852697215,0.05415416666666666,0.08898999999999999,downtrend,0,1,baissier,365,0,0,30,,,17.0,19.0,49.0,47.0,17.5,28.9,False,False,,0,,,,39,22008516,37262221,472511097.0,800000000.0,1000000000.0,59.1,,,
GUNUSDT,GUN,Speculative,976,0.00602,634218.02345,0.838,27.91660865110046,9.876388835057602e-05,0.0117856,0.017986300000000007,1.2973739282828043,0.7737730061349694,0.7687883435582822,0.33689828849432885,0.1490204260689471,0.007564166666666667,0.020487222222222212,macd_bullish_cross|downtrend|evening_star_4h,1,2,baissier,365,0,0,30,,,17.0,19.0,32.5,57.5,0,28.41,False,False,,0,,,,32,14052242,60235167,2332896668.0,10000000000.0,10000000000.0,23.3,,,
COOKIEUSDT,COOKIE,Speculative,,0.0093,137554.4322,5.682,27.360165019750752,-0.00012045451022615981,0.015026000000000006,0.025947000000000005,1.2348616253327613,0.5572139303482587,0.5422885572139303,0.12387401722448674,0.4807189781633441,0.011297222222222222,0.019352777777777774,downtrend|doji_4h,0,1,baissier,365,0,0,30,,,17.0,19.0,44.5,47.0,17.5,28.35,False,False,,0,,,,38,,,,,,,,,
COSUSDT,COS,Speculative,,0.000476,547270.1486689,-7.573,16.12860596712531,-6.409174344078298e-05,0.0011026999999999999,0.0012344799999999994,1.6968894969778838,0.7942955920484011,0.7942955920484011,0.8968807114707776,0.06094473641525137,0.0009360277777777777,0.0017081666666666669,downtrend|doji_4h,0,1,baissier,365,0,0,30,,,17.0,19.0,22.0,57.5,17.5,28.24,False,False,,0,,,,34,,,,,,,,,
TUSDT,T,Speculative,503,0.00373,147425.293934,2.473,23.877337540216118,-5.1705229777920466e-05,0.0053486,0.007385399999999999,0.6226139635797528,0.4828571428571429,0.4671428571428572,0.31703192839628125,0.7380793356804171,0.004411388888888888,0.00661888888888889,downtrend,0,1,baissier,365,0,0,30,,,17.0,10.0,60.5,47.0,17.5,28.09,False,False,,0,,,,38,41545565,41545565,11155000000.0,11155000000.0,,100.0,326863520,$327M,4.48
ANIMEUSDT,ANIME,Speculative,916,0.00295,256691.067979,4.61,22.649572470278116,-6.179065893805759e-05,0.004282599999999998,0.0054798,0.605391541639162,0.49911190053285964,0.4795737122557726,0.4076306957165241,0.5478150599813261,0.0035591666666666666,0.005168055555555557,downtrend|bearish_engulfing_4h,0,2,baissier,365,0,0,30,,,17.0,10.0,68.5,47.0,0,27.96,False,False,,0,,,,35,16250441,29340316,5538604656.0,10000000000.0,10000000000.0,55.4,,,
TLMUSDT,TLM,Speculative,,0.000977,286866.828978,1.665,21.299941411194226,-2.647914822690654e-05,0.0016389799999999995,0.0019002899999999996,0.8857218116074989,0.5413461538461538,0.53125,0.4954650348858671,0.5830169133211117,0.0012624166666666667,0.001984,downtrend,0,1,baissier,365,0,0,30,,,17.0,10.0,55.0,47.0,17.5,27.42,False,False,,0,,,,37,,,,,,,,,
RONINUSDT,RONIN,Speculative,,0.0588,342766.521426,-0.508,30.76603462613957,-0.0015073385486547644,0.09081199999999999,0.11374150000000008,1.7182089906862434,0.5472136222910218,0.5448916408668731,0.26977919109542897,0.3401924567625749,0.07335,0.1087361111111111,downtrend,0,1,baissier,365,0,0,30,,,17.0,19.0,34.0,47.0,17.5,27.08,False,False,,0,,,,30,,,,,,,,,
RESOLVUSDT,RESOLV,Speculative,,0.0171,272746.59187,3.636,28.52465465044976,-0.00012694246902010108,0.026872000000000004,0.059127,1.0587753634411234,0.7594202898550725,0.7521739130434782,0.18003659714943474,0.18455593013146096,0.020474999999999997,0.054886111111111115,downtrend|doji_4h,0,1,baissier,365,0,0,30,,,17.0,19.0,32.5,47.0,17.5,26.89,False,False,,0,,,,36,,,,,,,21016796,$21M,-25.51
SIGNUSDT,SIGN,Speculative,834,0.0084,306464.3012,1.083,19.687643572793988,-1.1446778243170887e-06,0.013555599999999996,0.03004665000000001,0.6971145154099322,0.8533827945592651,0.8516163222045575,0.2784692702879047,0.16273326693460036,0.01048416666666667,0.04278694444444445,bearish_engulfing_4h,0,1,baissier,365,0,0,30,,,17.0,10.0,43.0,47.0,15.1,25.81,False,False,,0,,,,35,19312073,83844024,2303333333.0,10000000000.0,10000000000.0,23.0,,,
USDCUSDT,USDC,Etabli,5,1.00081,1904206556.52704,0.029,55.783592166970365,-4.4499914579927574e-05,1.0003536000000002,1.0002610000000005,0.00440610741745743,0.0011992804317409343,0.000319638808146892,0.6346132604394836,-0.05021026080241114,0.999537222222222,1.0021016666666664,golden_cross|support_bounce|uptrend|evening_star_4h,3,1,haussier,365,0,0,30,,,45.0,82.0,94.0,78.5,25.4,67.15,False,True,,0,,,,64,74945042627,74979831714,74961554300.96289,74996351052.27303,,100.0,,,
USDEUSDT,USDE,Etabli,23,0.9999,3079364.2525,0.0,48.95010672345016,-4.088497836855434e-05,0.9998499999999996,0.9996670000000006,0.005839435362341773,0.0010993403957624214,0.0006995802518488137,0.8466892716359586,0.0653719681710205,0.9992027777777783,1.0004611111111106,support_bounce|resistance_test|doji_4h,1,1,mixte,276,0,0,30,,,42.6,82.0,94.0,68.0,30.8,64.09,False,True,,0,,,,65,4465097429,4465097429,4469807229.609765,4469807229.609765,,100.0,26132573,$26M,-6.26
BFUSDUSDT,BFUSD,Etabli,59,0.9996,1526728.1864,-0.03,51.85516814966862,7.688319454552383e-06,0.9994740000000003,0.9994560000000021,0.004891077954327071,0.000900090009000912,0.000300030003000267,0.4769430922593405,0.21571453579456323,0.9991555555555551,0.9997222222222225,golden_cross|support_bounce|resistance_test,2,1,haussier,303,0,0,30,,,43.3,73.0,94.0,68.0,30.8,62.12,False,True,,0,,,,62,1318163298,1318163298,1320000000.0,1320000000.0,,100.0,,,
USD1USDT,USD1,Etabli,24,0.99964,192366877.88512,0.041,47.08458257777785,-1.484104297110419e-06,0.9998796,0.9998703999999994,0.004795682895139092,0.0015993602558975759,0.001198992846009331,0.6230077690884613,-0.04150985366974876,0.999006944444444,1.0003961111111106,support_bounce|resistance_test,1,1,mixte,365,0,0,30,,,45.0,54.0,94.0,78.5,30.8,60.63,False,True,,0,,,,57,4419712486,4419712486,4424722883.389181,4424722883.389181,,100.0,,,
XUSDUSDT,XUSD,Mid,492,1.0007,2488277.0356,0.02,50.46271498543519,-7.987047260011337e-05,1.0004459999999997,1.0003630000000008,0.005369276008571119,0.00149880095923256,0.0006990213700820301,0.3961623462831749,-0.008719645421343732,0.999577777777778,1.0031888888888887,golden_cross|support_bounce,2,0,haussier,365,0,0,30,,,31.0,73.0,94.0,68.0,50,59.39,False,True,,0,,,,67,44599552,44599552,44615140.561,44615140.561,,100.0,,,
UUSDT,U,Etabli,65,1.0007,20450650.3146,0.01,52.11012331445269,-5.7386756949651636e-05,1.000388,,0.004678670614677092,0.001199160587588556,0.0004994007191372023,0.7077907779342101,0.026772627292878326,0.9995861111111114,1.0010500000000004,support_bounce|resistance_test|uptrend,2,1,haussier,150,0,0,30,,,39.1,54.0,94.0,78.5,30.8,58.74,False,True,,0,,,,57,999558361,999558361,999858683.01,999858683.01,,100.0,,,
RLUSDUSDT,RLUSD,Etabli,50,1.0011,8458766.7141,0.04,54.84420561514794,-4.676482903366152e-05,1.0005539999999997,,0.004807049109275781,0.00129805292061915,0.0004992511233151941,0.09570302759599386,0.05606335059526493,0.99965,1.001255555555556,support_bounce|resistance_test|uptrend|evening_star_4h,2,2,mixte,141,0,0,30,,,38.9,45.0,94.0,78.5,6.2,54.9,False,True,,0,,,,48,1650796704,1650796704,1650725515.43621,1650725515.43621,,100.0,,,
USDSUSDT,USDS,Etabli,12,1.0006,774282.0874,0.03,54.87984072833989,-5.269237347529388e-05,1.0002539999999998,,0.004023968513702715,0.001198561725928975,0.0004994007191372023,0.8164518947296241,,0.9975320000000002,1.0018080000000003,,0,0,neutre,64,0,0,30,,,36.8,54.0,90.0,57.5,50,53.47,False,True,,0,,,,61,10564738684,10564738684,10567526435.59988,10567526435.59988,,100.0,,,
FDUSDUSDT,FDUSD,Mid,128,0.9985,13876727.8222,0.03,48.58347653552689,-3.853728482211061e-05,0.9986639999999999,0.9990950000000005,0.0069169259936239106,0.0030981411153306825,0.002198680791525065,0.19488109464314712,0.4971608427146628,0.9980416666666666,0.9999888888888889,support_bounce|resistance_test,1,1,mixte,365,0,0,30,,,31.0,37.0,100.0,78.5,30.8,52.7,False,True,,0,,,,52,336638704,336638704,337517619.684278,337517619.684278,,100.0,,,
TUSDUSDT,TUSD,Mid,106,0.9997,206115.4864,-0.04,45.64813373154077,-1.801887337627995e-05,0.9997279999999997,0.9989709999999993,0.0020029868014061498,0.003394907638542256,0.0017973040439341226,0.5897103900221964,-0.05917393884805189,0.9984027777777776,1.0004055555555553,resistance_test|doji_4h,0,1,baissier,365,0,0,30,,,31.0,54.0,94.0,47.0,30.8,48.28,False,True,,0,,,,57,494095269,494095269,494515083.0,494515083.0,,100.0,,,
EURIUSDT,EURI,Mid,405,1.1542,1755949.55422,-0.043,36.91482571547649,-0.0006483635887956614,1.1659780000000004,1.1685940000000001,0.04601604305586034,0.025749618837879216,0.022361511096053024,0.42757593458934845,0.4575610032664807,1.1486333333333334,1.1766972222222225,support_bounce|evening_star_4h,1,1,mixte,365,0,0,30,,,31.0,28.0,100.0,68.0,25.4,47.54,False,True,,0,,,,45,57210517,57210517,49618527.99990108,49618527.99990108,,100.0,,,
EURUSDT,EUR,Speculative,,1.1545,23278776.10289,-0.035,36.921426499878024,-0.0006241753912742763,1.1661180000000004,1.1687604999999992,0.047379463540662706,0.025249957634299127,0.02177597017454655,0.37349818264942697,0.44711303125190444,1.149,1.176711111111111,support_bounce|evening_star_4h,1,1,mixte,365,0,0,30,,,17.0,28.0,100.0,78.5,25.4,45.67,False,True,,0,,,,45,,,,,,,,,
AEURUSDT,AEUR,Speculative,,1.1497,983.55686,0.113,48.693784166875055,0.0004911073508536076,1.1556480000000002,1.1586305000000003,0.06117277194132611,0.02469766649633786,0.020865269971044088,0.047344440895105845,0.3903879334210089,1.140263888888889,1.1712638888888884,macd_bullish_cross|support_bounce|morning_star_4h,3,0,haussier,365,0,0,30,,,17.0,37.0,100.0,47.0,50,41.57,False,True,,0,,,,57,,,,,,,,,
USDPUSDT,USDP,Speculative,612,1.0,26494.1385,-0.02,44.0755837807957,-7.95438239679149e-05,1.00021,1.0001214999999997,0.005073326793285092,0.0011986814504046446,0.0010987913295376094,0.4910231362467866,-0.026912771145377736,0.9994333333333336,1.0008361111111113,resistance_test,0,1,baissier,365,0,0,30,,,17.0,36.0,94.0,47.0,30.8,39.38,False,True,,0,,,,48,31916449,31916449,31954027.03052443,31954027.03052443,,100.0,,,
KGSTUSDT,KGST,Speculative,,0.0114,52816.42147,0.088,42.346911274507384,-8.822023122703616e-07,0.011411000000000003,,0.025431249907878838,0.009606986899563382,0.006113537117903984,0.4910766336004853,0.18044322608471414,0.011360833333333329,0.01145916666666667,rsi_bullish_divergence|resistance_test,1,1,mixte,170,0,0,30,,,11.7,36.0,94.0,47.0,30.8,37.67,False,True,,0,,,,48,,,,,,,,,
FRAXUSDT,FRAX,Mid,151,0.2816,208277.32758,4.296,22.004245771621555,-0.006970361625834642,0.419086,,0.6245421643680722,0.5807387057387058,0.5699023199023199,0.39214467748877446,0.40067331301250914,0.34691944444444445,0.5382916666666665,doji_4h,0,0,neutre,148,0,0,30,,,25.1,18.0,55.0,47.0,50,34.02,False,True,,0,,,,47,240058520,240058520,241847684.0102676,241847684.0102676,,100.0,59161754,$59M,-4.68
