symbol,base,tier,rank_mcap,price,vol_24h_usd,change_24h_pct,rsi_14,macd_hist,ma_50,ma_200,vol_30d_ann,drawdown_90d,dist_to_high_90d,vol_ratio_vs_med90,corr_btc_90d,support_90d,resistance_90d,patterns,bull_signals,bear_signals,bias,age_days,n_red_flags,audit_score,team_score,github_commits_30d,github_contrib_90d,score_solidity,score_momentum,score_risk,score_antiscam,score_signal,score,suspect,stablecoin,categories,catalyst_score,catalyst_flags,trending_rank,vol_spike_ratio,bull_prob_7d,market_cap,fdv,circulating_supply,total_supply,max_supply,circ_ratio_pct,tvl,tvl_fmt,tvl_change_7d
DEXEUSDT,DEXE,Etabli,64,22.984,11178298.14666,-0.122,61.789877315297204,0.33955155716393914,16.339859999999998,8.121735,2.022898086041161,0.35214070816940524,0.014915777292014872,0.5344884835823407,0.08694936945033424,8.324944444444446,20.09888888888889,macd_bullish_cross,1,0,haussier,365,0,0,30,,,45.0,82.0,50.5,78.5,50,61.99,False,False,,0,,,,63,1074179565,2217369910,46750552.58384035,96504599.33609451,,48.4,,,
XLMUSDT,XLM,Etabli,16,0.1912,11431350.6173,-0.572,45.5397243698703,-0.003091557134282076,0.18632400000000002,0.18509449999999997,1.5831571241693434,0.2962677953058869,0.2651019622931897,0.46913906268091865,0.2685754147558947,0.14965555555555557,0.22562222222222225,macd_bearish_cross|golden_cross,1,1,mixte,365,0,0,30,,,45.0,73.0,46.0,78.5,24.0,58.64,False,False,,0,,,,53,6453393574,9531066352,33855730091.07563,50001786839.91258,,67.7,,,
TRXUSDT,TRX,Etabli,8,0.3312,26781921.19396,0.424,51.38465099210395,0.002262126175266336,0.341188,0.30959850000000005,0.3079573894995618,0.16027689030883913,0.11847710330138442,0.2684743499770527,0.3049528172143142,0.31550000000000006,0.35937222222222226,,0,0,neutre,365,0,0,30,,,45.0,45.0,95.5,78.5,50,58.43,False,False,,0,,,,59,31339904091,31340328383,94840632803.41127,94841916792.42296,,100.0,,,
WLDUSDT,WLD,Etabli,45,0.5271,70627358.04546,-6.476,51.5778770588179,-0.01157820586560833,0.40294399999999997,0.4049054999999999,2.3821943286686817,0.28035659391331075,0.21818989779291953,1.0104158153516591,0.2074829136611841,0.24217500000000008,0.5762499999999999,macd_bearish_cross|shooting_star_4h,0,2,baissier,365,0,0,30,,,45.0,75.0,46.0,78.5,0,57.54,False,False,,0,,,,48,1822655900,5257802250,3466573700.70012,10000000000.0,10000000000.0,34.7,,,
DYDXUSDT,DYDX,Mid,228,0.14837,7419510.831897,10.972,57.37983599225776,0.0035561865041729987,0.14782559999999997,0.1385565,1.2571059207710442,0.4069522291355993,0.23844294749832876,1.0624777631292628,0.3005737946237595,0.0967047222222222,0.17431083333333333,macd_bullish_cross|downtrend,1,1,mixte,365,0,0,30,,,31.0,91.0,62.5,78.5,19.4,56.68,False,False,,0,,,,60,124755810,141643258,844084129.0970293,958342751.0,1000000000.0,88.1,96513103,$97M,0.39
UNIUSDT,UNI,Etabli,46,2.9,7470273.11919,1.505,47.91126820506337,0.03652711138962658,3.1405800000000004,3.946955,0.8326272529960936,0.40010015022533807,0.2756634952428644,0.23639957965544042,0.5920882160277413,2.6480000000000006,3.664027777777777,,0,0,neutre,365,0,0,30,,,45.0,37.0,73.0,78.5,50,55.72,False,False,,0,,,,53,1796700189,2583271153,621615561.5538775,893750420.0329479,1000000000.0,69.6,1429514805,$1.4B,-4.44
ALLOUSDT,ALLO,Mid,274,0.3946,7500573.67679,-1.743,60.38003493124901,-0.0054901826181702335,0.22505000000000003,0.13676000000000005,4.151683022693914,0.3757798165137615,0.09664153529814944,0.7406763923470948,-0.005634154662515939,0.08829166666666666,0.4058972222222222,uptrend,1,0,haussier,226,0,0,30,,,27.2,82.0,50.5,78.5,50,54.71,False,False,,0,,,,63,93084340,311684750,235132142.8864032,787319360.7547973,1000000000.0,29.9,,,
SYNUSDT,SYN,Mid,392,0.2718,25953720.11633,1.607,89.86762734846339,0.025154819437923158,0.068966,0.05770699999999998,3.361007283971806,0.5267558528428093,0.03810868031051509,4.328863060842225,0.06582917039783405,0.03891111111111112,0.1145111111111111,golden_cross,1,0,haussier,365,0,0,30,,,31.0,73.0,41.5,78.5,53.1,54.39,False,False,,2,⚡ Volume ×4.3 vs médiane,,4.33,55,59469156,67866548,219066529.0,250000000.0,250000000.0,87.6,11437284,$11M,-0.71
LINKUSDT,LINK,Etabli,20,7.597,14798674.73596,0.649,35.57351744930615,0.015274372110518686,8.894920000000003,10.042629999999996,0.5779945826968822,0.3128731343283583,0.29104477611940305,0.289015587660785,0.8191308906788096,7.793583333333335,10.078527777777776,,0,0,neutre,365,0,0,30,,,45.0,28.0,75.5,78.5,50,54.35,False,False,,0,,,,47,5671015758,7580558725,748099970.4250377,1000000000.0,1000000000.0,74.8,,,
NEARUSDT,NEAR,Etabli,38,1.958,22644158.5695,-1.904,43.701601033019415,-0.03864400706384719,2.0398,1.5373700000000006,1.3727326138608409,0.3400780972665957,0.3045793397231097,0.23213699380833433,0.26466499062427273,1.2339166666666663,2.4715833333333337,,0,0,neutre,365,0,0,30,,,45.0,36.0,52.0,78.5,50,54.29,False,False,,0,,,,46,2536237345,2536237362,1299056164.0,1299056173.0,,100.0,,,
HBARUSDT,HBAR,Etabli,29,0.07686,6221269.90681,-0.569,36.95775155148968,-2.06367604335244e-06,0.08653159999999999,0.09752264999999995,0.588464063065898,0.2261868763229513,0.2261868763229513,0.5877669050651871,0.6457673048218753,0.07930305555555556,0.09469027777777778,rsi_bullish_divergence|macd_bearish_cross|bearish_engulfing_4h,1,2,baissier,365,0,0,30,,,45.0,37.0,95.5,78.5,0,54.07,False,False,,0,,,,41,3335230530,3835956028,43473263317.52034,50000000000.0,50000000000.0,86.9,,,
BTCUSDT,BTC,Etabli,1,62612.42,906480532.4750919,0.292,37.024103144927544,337.3289572011299,71156.1394,76357.48480000002,0.4265489139813191,0.25940191998376844,0.23838794931083265,0.3538984044261392,1.0,62942.46444444443,80054.21583333332,rsi_bullish_divergence,1,0,haussier,365,0,0,30,,,45.0,28.0,69.5,78.5,50,53.99,False,False,,0,🔥 Trending #9 sur CoinGecko,9,,47,1252450199660,1252450199660,20047315.0,20047315.0,21000000.0,100.0,,,
JSTUSDT,JST,Etabli,82,0.0844,2563049.960045,3.419,52.78116602411414,0.000808577739567805,0.08620999999999998,0.0606166,1.0002045310873235,0.2377463626044783,0.12743782891342484,0.3486358590306294,-0.05039657516905188,0.06297111111111112,0.0934077777777778,uptrend,1,0,haussier,365,0,0,30,,,45.0,45.0,68.5,68.0,50,53.64,False,False,,0,,,,54,722074979,722074979,8543764567.312736,8543764567.312736,9900000000.0,100.0,3042942081,$3.0B,-2.21
AAVEUSDT,AAVE,Etabli,62,72.48,11004009.29683,0.513,46.65517855256404,1.2062540674743296,80.40359999999998,117.13945,0.7794116804457722,0.47202494370344705,0.37285640048501645,0.4064415767624988,0.694463787155303,67.40416666666667,102.02083333333333,downtrend,0,1,baissier,365,0,0,30,,,45.0,37.0,68.5,78.5,19.4,53.62,False,False,,0,🔥 Trending #12 sur CoinGecko,12,,45,1098929893,1158299102,15179911.874935383,16000000.0,16000000.0,94.9,12170588261,$12.2B,-3.62
ASTERUSDT,ASTER,Etabli,48,0.631,11162759.17629,2.269,45.38504687495141,-0.0004476956070371147,0.6648600000000002,0.6872300000000005,0.7525276549045369,0.17181208053691274,0.15302013422818792,0.3413444518570459,0.4380820945806072,0.6271111111111111,0.7121666666666666,macd_bearish_cross|doji_4h,0,1,baissier,262,0,0,30,,,42.2,37.0,85.0,78.5,21.0,53.54,False,False,,0,,,,48,1687041421,4929071429,2677260279.249776,7822218820.515041,8000000000.0,34.2,114253885,$114M,-0.86
ADAUSDT,ADA,Etabli,21,0.1461,27862302.8563,-4.385,26.28263444374349,0.0005482128768357145,0.214362,0.28278699999999996,0.8317033675210179,0.4815864022662889,0.4815864022662889,0.5882558098725909,0.7576773810952664,0.1633833333333333,0.26645277777777776,,0,0,neutre,365,0,0,30,,,45.0,28.0,60.5,78.5,50,53.45,False,False,,0,🔥 Trending #10 sur CoinGecko,10,,51,5481831565,6623784111,37241917348.40765,45000000000.0,45000000000.0,82.8,,,
ONDOUSDT,ONDO,Etabli,53,0.3045,6428745.32807,-2.902,35.87728578843253,-0.006045797688924758,0.372466,0.3266010000000001,0.9582678999277796,0.32742970998450294,0.32742970998450294,0.19822839300920822,0.33998849234538575,0.2538250000000001,0.4179,downtrend,0,1,baissier,365,0,0,30,,,45.0,36.0,68.5,78.5,19.4,53.45,False,False,,0,,,,41,1478723667,3036810959,4869330647.0,10000000000.0,10000000000.0,48.7,2582260582,$2.6B,-1.28
ENAUSDT,ENA,Etabli,80,0.0837,12931598.956212,-1.529,43.99466962170853,0.0006636443198914737,0.09848000000000003,0.13447050000000002,1.2713763676751861,0.4553706505295008,0.3668683812405447,0.3118104675120195,0.32385361253433514,0.08159722222222221,0.12119444444444448,,0,0,neutre,365,0,0,30,,,45.0,28.0,58.0,78.5,50,53.3,False,False,,0,,,,45,775563308,1251749790,9293750000.0,15000000000.0,15000000000.0,62.0,4483855623,$4.5B,-0.49
JTOUSDT,JTO,Mid,127,0.6707,5096353.23987,2.789,55.29091866396913,-0.003979317226985392,0.5578440000000001,0.3891045,1.7800642442145183,0.3094314155559305,0.15872816388085959,0.48719427902293,0.18473115436567267,0.2843861111111112,0.6750194444444444,macd_bearish_cross|uptrend,1,1,mixte,365,0,0,30,,,31.0,73.0,46.0,78.5,21.0,52.73,False,False,,0,,,,52,326149188,670169025,486667059.3,1000000000.0,,48.7,684126097,$684M,-4.29
BNBUSDT,BNB,Etabli,4,576.57,42992597.29634,0.755,38.767521951523456,-0.8758429813962287,631.6881999999999,701.2209000000003,0.6138463849287679,0.20385674931129474,0.19769318529649113,0.19941301969090028,0.7517734365242282,584.6102777777779,671.738611111111,rsi_bullish_divergence|downtrend,1,1,mixte,365,0,0,30,,,45.0,28.0,77.0,78.5,19.4,52.6,False,False,,0,,,,40,77535290609,77535290609,134783118.09,134783118.09,200000000.0,100.0,136748614002,$136.7B,-3.25
IOUSDT,IO,Mid,378,0.1798,1605503.029838,-0.222,53.42379700005556,9.745233480476425e-05,0.163328,0.1374475,1.2497545556590661,0.29012023000522735,0.08063687724704684,0.37672857129516096,0.30558969520417395,0.10168888888888888,0.1884972222222222,,0,0,neutre,365,0,0,30,,,31.0,73.0,67.0,68.0,50,52.57,False,False,,0,,,,63,62223598,142294147,349537102.231732,799328319.0385339,800000000.0,43.7,,,
PAXGUSDT,PAXG,Etabli,44,4058.89,23625339.217376,-1.651,32.196816445538886,-6.264017345669856,4429.2678000000005,4668.2992,0.2864814459543286,0.1605431889041962,0.15886100206130047,0.766495941029168,0.4868014459181609,4212.078888888889,4771.099999999999,downtrend|bearish_engulfing_4h,0,2,baissier,365,0,0,30,,,45.0,28.0,95.5,78.5,0,52.55,False,False,,0,,,,39,1834459531,1834459531,452354.995,452354.995,,100.0,1844608989,$1.8B,-6.41
XRPUSDT,XRP,Etabli,6,1.0966,66990987.96694,-0.706,35.94075849869577,0.0009569096923031442,1.2763940000000003,1.5296109999999998,0.5355047950710519,0.26380285483436583,0.2615809318610289,0.2812646688572068,0.8438692895355449,1.1341222222222223,1.4490249999999998,rsi_bullish_divergence|downtrend,1,1,mixte,365,0,0,30,,,45.0,28.0,75.5,78.5,19.4,52.51,False,False,,0,,,,40,67336619850,108497545052,62053900985.0,99985653167.0,100000000000.0,62.1,,,
QNTUSDT,QNT,Etabli,67,69.23,1231914.76556,2.336,46.040185054403224,0.2738994711369235,72.30019999999999,72.32485,0.5520482142015358,0.18838789376158122,0.14638665843113044,0.27112706374336204,0.3410732861676062,67.26055555555556,78.41611111111109,downtrend,0,1,baissier,365,0,0,30,,,45.0,37.0,95.5,68.0,19.4,52.07,False,False,,0,,,,49,1004124604,1008841174,14544176.164081175,14612493.0,14612493.0,99.5,,,
SOLUSDT,SOL,Etabli,7,69.2,115204676.76,0.333,42.11998421940497,0.6660985820754131,78.9436,96.48185000000005,0.6650664511994888,0.361199548115436,0.2891034199445415,0.2709205462220755,0.8495202263329383,67.78166666666668,90.49138888888886,downtrend,0,1,baissier,365,0,0,30,,,45.0,28.0,65.0,78.5,19.4,51.88,False,False,,3,🔥 Trending #5 sur CoinGecko,5,,43,40053347021,43403698228,580519370.4927913,629078179.5685812,,92.3,,,
TAOUSDT,TAO,Etabli,42,220.5,23799714.21953,0.091,42.0635015249978,-0.3114059921590444,256.22799999999995,246.11000000000004,1.1070625132054532,0.42248062015503873,0.3422778771615981,0.2876653936937139,0.5418279203346776,217.3638888888889,319.55,macd_bearish_cross|downtrend,0,2,baissier,365,0,0,30,,,45.0,36.0,58.0,78.5,0,51.65,False,False,,0,,,,35,2106787379,4609802183,9597491.0,21000000.0,21000000.0,45.7,,,
AVAXUSDT,AVAX,Etabli,34,6.415,22733557.89242,3.301,37.62702957806804,0.06762120314628439,8.174339999999999,9.996184999999999,0.7539498606967933,0.42365591397849467,0.37282502443792764,0.45977026713112873,0.7207824352498415,6.481277777777777,9.787833333333335,macd_bullish_cross|downtrend,1,1,mixte,365,0,0,30,,,45.0,28.0,60.5,78.5,19.4,51.61,False,False,,0,,,,38,2761775540,2964342991,431771961.1772119,463441061.1772119,720000000.0,93.2,125512900,$126M,9.03
AWEUSDT,AWE,Mid,233,0.06126,1144377.91431,1.273,66.22353267192824,0.0008283536204858032,0.05425599999999999,0.0561119,0.5047223005694123,0.2022819885900571,0.019977625059932894,0.9253627756170105,0.25874482020013667,0.04876694444444445,0.058717500000000006,uptrend|morning_star_4h,2,0,haussier,365,0,0,30,,,31.0,57.0,94.0,68.0,50,51.48,False,False,,0,,,,59,118995238,118995238,1942420283.0270672,1942420283.0270672,2000000000.0,100.0,,,
XPLUSDT,XPL,Mid,158,0.0873,29276627.65014,3.191,49.57521526762956,0.00027627583450114297,0.088476,0.11184300000000004,1.77171349600974,0.5656493967352733,0.3797019162526614,2.029255162052567,0.39737850973862365,0.07634722222222219,0.12836944444444442,,0,0,neutre,273,0,0,30,,,28.5,64.0,38.5,78.5,50,51.47,False,False,,0,,,,59,218605773,870553962,2511111111.1111,10000000000.0,,25.1,,,
ETHUSDT,ETH,Etabli,2,1666.24,299691839.596449,0.685,37.02485082592289,13.174449039868264,1953.1632000000006,2344.3102000000003,0.6337408464769478,0.351099627945432,0.3110334849111203,0.2196689131024669,0.896388907661888,1676.0597222222223,2363.3494444444445,bearish_engulfing_4h,0,1,baissier,365,0,0,30,,,45.0,28.0,60.5,78.5,14.3,51.31,False,False,,0,🔥 Trending #14 sur CoinGecko,14,,37,200855235066,200855235066,120683784.0482219,120683784.0482219,,100.0,,,
WLFIUSDT,WLFI,Etabli,43,0.0588,3808207.03051,2.439,47.16991419811585,0.00023802659078781018,0.06140999999999999,0.1039639999999999,0.624506450535885,0.4577114427860697,0.4149253731343284,0.28437236718050807,0.14513627274454635,0.05655277777777781,0.09470277777777777,double_bottom_90d,1,0,haussier,297,0,0,30,,,43.1,37.0,62.5,68.0,50,51.16,False,False,,0,,,,51,1863297529,5864194781,31774141182.0,100000000000.0,100000000000.0,31.8,,,
POLUSDT,POL,Etabli,77,0.07664,2696219.61302,-0.091,40.125597188015576,0.0005898331927307451,0.0870176,0.10176140000000007,0.6361217109385162,0.30861244019138756,0.2684210526315789,0.3064345929541576,0.5352201626568674,0.07673638888888887,0.09834638888888887,,0,0,neutre,365,0,0,30,,,45.0,28.0,73.0,68.0,50,51.03,False,False,,0,,,,47,813694890,813694890,10666544916.29205,10666544916.29205,,100.0,2831745453,$2.8B,24.98
ZECUSDT,ZEC,Etabli,15,414.77,60172656.49213,-1.973,42.40395591816812,-2.482425883891228,521.3228,378.5085999999999,1.775925899917474,0.46200671081153305,0.3840009502034029,0.20083793525394172,0.46494706126005725,261.70888888888896,611.8483333333332,macd_bearish_cross|downtrend,0,2,baissier,365,0,0,30,,,45.0,36.0,47.5,78.5,0,51.02,False,False,,0,🔥 Trending #15 sur CoinGecko,15,,33,6934446906,6934811648,16783961.1030448,16784843.9155448,21000000.0,100.0,,,
ALICEUSDT,ALICE,Speculative,967,0.1374,6088323.619413,14.214,57.647726395532864,0.003980796403698415,0.12417199999999999,0.13940250000000007,1.730927236619418,0.4,0.1580860084797092,6.641924923686253,0.31546843508613504,0.10354444444444445,0.1617888888888889,,0,0,neutre,365,0,0,30,,,17.0,84.0,52.0,78.5,50,50.97,False,False,,3,⚡ Volume ×6.6 vs médiane,,6.64,72,13773134,13773134,99463720.572178,99463720.572178,100000000.0,100.0,,,
HEIUSDT,HEI,Speculative,,0.1297,26250834.89425,48.059,64.34491741425167,0.004221046850717704,0.085572,0.09651699999999998,3.239218338443688,0.38552915766738666,0.01811320754716991,13.971759283112245,0.025665078730961265,0.06831944444444443,0.11069166666666669,bullish_engulfing_4h,1,0,haussier,365,0,0,30,,,17.0,84.0,50.5,78.5,50,50.88,False,False,,3,⚡ Volume ×14.0 vs médiane,,13.97,72,,,,,,,,,
LTCUSDT,LTC,Etabli,30,42.09,13439725.07242,-3.175,31.918416834728035,0.19619511374204768,49.87640000000002,59.66669999999997,0.49796322149646033,0.31507529372828064,0.3031606817805726,0.3187275604450985,0.729092835625697,43.337500000000006,57.375,rsi_bullish_divergence|downtrend,1,1,mixte,365,0,0,30,,,45.0,19.0,71.0,78.5,19.4,50.72,False,False,,0,,,,37,3240343677,3240439814,77311895.73347135,77314189.48347135,84000000.0,100.0,,,
PEPEUSDT,PEPE,Etabli,61,2.65e-06,9579389.39419937,-2.214,28.34224283939882,1.3392410058613724e-08,3.3592000000000004e-06,3.977100000000005e-06,0.5785076476656141,0.4013605442176871,0.4013605442176871,0.1817720405807657,0.7657322202687563,2.7858333333333335e-06,4.128888888888888e-06,downtrend,0,1,baissier,365,0,0,30,,,45.0,19.0,71.0,78.5,19.4,50.72,False,False,,0,,,,43,1109287939,1109287939,420690000000000.0,420690000000000.0,420690000000000.0,100.0,,,
币安人生USDT,币安人生,Etabli,85,0.706,3309713.75689,-0.423,59.1094852327208,-0.008218108761572945,0.5567639999999998,,1.4344970667615402,0.31631589914565533,0.1377625793844651,0.05303571565769089,0.09422372065878573,0.07508888888888889,0.7213500000000002,,0,0,neutre,169,0,0,30,,,39.6,45.0,56.5,68.0,50,50.72,False,False,,0,,,,53,705126543,705126543,1000000000.0,1000000000.0,1000000000.0,100.0,,,
SUIUSDT,SUI,Etabli,33,0.699,19691701.8728,1.114,34.565250494936606,0.003050472906036085,0.9145999999999996,1.1099105000000007,0.6762555927704721,0.47962476547842403,0.4751969981238274,0.2439600754479706,0.663966643225018,0.7316638888888889,1.1195666666666666,downtrend,0,1,baissier,365,0,0,30,,,45.0,19.0,68.5,78.5,19.4,50.57,False,False,,0,,,,36,2808124785,6969440531,4029196852.454399,10000000000.0,10000000000.0,40.3,,,
XAUTUSDT,XAUT,Etabli,39,4052.91,15367307.847359,-1.617,32.08561003757383,-5.831083494113713,4421.8124,,0.2827469825342434,0.16002816292960934,0.1580031735218616,0.4739470598324897,0.49205560515219804,4202.447777777778,4763.354999999999,downtrend,0,1,baissier,91,0,0,30,,,37.5,27.0,95.5,78.5,19.4,50.47,False,False,,0,,,,43,2481563623,2865945861,612823.659532,707747.089,,86.6,2904488083,$2.9B,-5.4
NMRUSDT,NMR,Mid,377,8.88,1308816.4912,-1.552,54.56522833350893,0.0646604522905109,8.757800000000001,8.774750000000001,0.6163346489648661,0.26269531250000006,0.1298828125,0.3443658500486087,0.36177746468984096,7.355555555555554,9.454999999999998,,0,0,neutre,365,0,0,30,,,31.0,57.0,73.0,68.0,50,50.22,False,False,,0,,,,59,62483759,94423535,7035929.130864968,10632479.72233647,11000000.0,66.2,,,
BCHUSDT,BCH,Etabli,27,193.4,6566432.8013,1.682,27.748056799658926,5.138502184994792,305.298,465.6659999999998,0.9827973837877579,0.5989193682460515,0.5989193682460515,0.5954019547974119,0.6684571903432324,203.725,462.3999999999999,rsi_bullish_divergence|downtrend|bearish_engulfing_4h,1,2,baissier,365,0,0,30,,,45.0,28.0,55.0,78.5,0,50.12,False,False,,0,,,,38,3858813975,3858866896,20052115.52165078,20052390.52165078,21000000.0,100.0,,,
ETCUSDT,ETC,Etabli,63,7.03,2167375.5476,0.142,37.24909331651768,0.03825905446930966,8.174200000000003,9.481300000000003,0.52125465313708,0.31963927855711427,0.2955911823647295,0.36326188644917834,0.696438393951274,7.09861111111111,9.320277777777779,rsi_bullish_divergence|evening_star_4h,1,1,mixte,365,0,0,30,,,45.0,28.0,83.5,68.0,24.0,50.1,False,False,,0,,,,43,1098516136,1098516136,156559601.6228963,156559601.6228963,210700000.0,100.0,,,
ATMUSDT,ATM,Speculative,,1.459,1154301.59487,8.395,68.19529762964555,0.03519204725965325,1.0873400000000002,1.0710149999999996,1.0035235577780521,0.28393005828476275,0.049575994781474134,1.5963458378195243,0.3887517764014306,0.9554722222222224,1.3234722222222226,golden_cross,1,0,haussier,365,0,0,30,,,17.0,91.0,67.0,68.0,53.1,50.07,False,False,,0,,,,66,,,,,,,,,
SKYUSDT,SKY,Etabli,58,0.05512,2212408.4232,-2.975,33.935394078356154,0.00044680389664830504,0.06548019999999999,0.06796374999999998,0.6309103614263796,0.3873491282968261,0.3851139919535092,0.624220762615159,0.5107673272020501,0.05701666666666667,0.08318972222222223,rsi_bullish_divergence,1,0,haussier,281,0,0,30,,,42.7,28.0,68.5,68.0,50,49.82,False,False,,0,,,,46,1282293059,1291153035,23301662805.416183,23462665147.36596,23462665147.3,99.3,5709706656,$5.7B,-1.88
EIGENUSDT,EIGEN,Mid,181,0.246,3493224.616616,-6.178,57.38542964084019,0.006278154202863614,0.21020000000000005,0.25050249999999996,1.3745133208384235,0.35440000000000005,0.13929824561403506,0.3450307063542718,0.5273890728857782,0.15931111111111107,0.2434861111111111,,0,0,neutre,365,0,0,30,,,31.0,57.0,62.5,68.0,50,49.59,False,False,,0,,,,57,181707037,449194616,741228566.6979554,1832377467.972903,,40.5,4614228623,$4.6B,-7.1
ATOMUSDT,ATOM,Etabli,74,1.663,2013219.23207,-5.511,36.75047342911813,-0.019044180152750542,1.9350800000000006,1.9935549999999993,0.8002541293121211,0.2660054102795312,0.2502254283137962,0.5157066607586054,0.540633257832668,1.684027777777778,2.094583333333334,macd_bearish_cross|downtrend,0,2,baissier,365,0,0,30,,,45.0,37.0,73.0,68.0,0,49.56,False,False,,0,,,,38,855852816,855852816,515766482.661428,515773261.01282,,100.0,,,
DOGEUSDT,DOGE,Etabli,11,0.07874,28524354.59993,-0.568,27.211986274166037,-0.00012026266864089558,0.0964388,0.10646914999999992,0.5350237435999097,0.3178589987874588,0.3178589987874588,0.13467006622482325,0.7438376127635905,0.0838511111111111,0.11079638888888892,macd_bearish_cross|downtrend,0,2,baissier,365,0,0,30,,,45.0,19.0,71.0,78.5,0,49.55,False,False,,0,,,,38,12159127177,12159207300,154790666383.7052,154791686383.7052,,100.0,,,
BELUSDT,BEL,Speculative,,0.1528,5421046.35392,-11.214,65.15945920208111,0.008153504451660703,0.106444,0.11190650000000005,1.6206035076271597,0.3629160063391443,0.1514983351831298,4.431591249639939,0.3789959697230303,0.08633333333333333,0.1338361111111111,doji_4h,0,0,neutre,365,0,0,30,,,17.0,75.0,52.0,78.5,50,49.44,False,False,,2,⚡ Volume ×4.4 vs médiane,,4.43,65,,,,,,,,,
IDUSDT,ID,Speculative,881,0.0402,6385284.411,11.357,62.64338315895929,0.0011547651763796254,0.031052000000000003,0.04569150000000004,2.2137705751320995,0.4039900249376558,0.004987531172069796,3.6385360926032377,0.42575930272799584,0.02714722222222222,0.03765833333333333,downtrend,0,1,baissier,365,0,0,30,,,17.0,84.0,56.5,78.5,19.4,49.4,False,False,,2,⚡ Volume ×3.6 vs médiane,,3.64,64,17161480,79592144,430506132.0,1996617244.0,2000000000.0,21.6,,,
RENDERUSDT,RENDER,Etabli,75,1.601,3540357.40851,2.431,40.36908725069277,-0.006214058507525516,1.8559199999999998,1.7270999999999999,0.98554813117511,0.33828022697512,0.3042339589698821,0.3625724551782765,0.5243563209161135,1.630972222222222,2.1013333333333333,macd_bearish_cross|downtrend,0,2,baissier,365,0,0,30,,,45.0,36.0,68.5,68.0,0,49.12,False,False,,0,,,,37,826046100,849548874,518772101.2826915,533532274.5626915,644245094.0,97.2,,,
FILUSDT,FIL,Etabli,90,0.777,4458934.93915,3.187,40.30291653691274,0.007327046034759754,0.9168600000000002,1.049425,0.8923465077859482,0.432012432012432,0.39782439782439777,0.22177520106305557,0.48647963768304514,0.7662222222222224,1.0738333333333334,downtrend,0,1,baissier,365,0,0,30,,,45.0,28.0,68.5,68.0,19.4,48.93,False,False,,0,,,,39,611422946,1513163943,791037976.0,1957679461.0,,40.4,,,
ICPUSDT,ICP,Etabli,59,2.184,3528925.68465,1.064,38.26517378259442,-0.008671489779762107,2.6329800000000008,2.7230149999999993,0.98661823867897,0.3993371996685999,0.3993371996685999,0.18549891210713168,0.33149056935719656,2.2303611111111112,3.083444444444444,downtrend,0,1,baissier,365,0,0,30,,,45.0,28.0,68.5,68.0,19.4,48.93,False,False,,0,,,,39,1204042503,1204042503,554216063.0381074,554216063.0381074,,100.0,,,
GUSDT,G,Speculative,743,0.00321,10255075.93231,18.45,61.306291951819254,6.746025632284862e-05,0.0032624,0.003897099999999999,0.7983571030323021,0.37170263788968827,0.2254196642685852,17.503375017735237,0.5163769625171654,0.002715277777777777,0.003994166666666665,,0,0,neutre,365,0,0,30,,,17.0,64.0,73.0,78.5,50,48.84,False,False,,3,⚡ Volume ×17.5 vs médiane,,17.5,69,22966902,38105109,7232700000.0,12000000000.0,12000000000.0,60.3,19515962,$20M,14.63
MEGAUSDT,MEGA,Mid,391,0.05286,428790453.722475,0.839,38.37333833243932,0.001965270321601497,0.07323099999999999,,1.4787696931141536,0.7445378151260504,0.6824129651860744,20.024885907723494,,0.047864545454545444,0.1425009090909091,,0,0,neutre,56,0,0,30,,,22.5,63.0,34.5,78.5,50,48.62,False,False,,3,⚡ Volume ×20.0 vs médiane,,20.02,60,59756848,528918653,1129792788.0,10000000000.0,10000000000.0,11.3,,,
HOMEUSDT,HOME,Mid,293,0.02033,4280602.03876,1.548,39.38199219239188,-0.0016009694578570084,0.026390200000000003,0.02404600000000001,2.907486684571535,0.6475182228392918,0.6475182228392918,1.7106851120615771,-0.08824779578050489,0.014857777777777775,0.03885166666666667,,0,0,neutre,365,0,0,30,,,31.0,63.0,28.0,68.0,50,48.53,False,False,,0,,,,50,83506086,202862480,4116388889.38,10000000000.0,10000000000.0,41.2,,,
SAHARAUSDT,SAHARA,Mid,461,0.0141,11484348.38709,22.822,31.36529521624246,-7.856024807805645e-06,0.028213999999999982,0.02481135000000002,2.3352185020864926,0.7170111287758347,0.6808993867817397,4.613422790113831,0.20331611999136273,0.015318888888888889,0.03800944444444445,downtrend,0,1,baissier,364,0,0,30,,,31.0,54.0,28.0,78.5,19.4,48.33,False,False,,2,🔥 Trending #13 sur CoinGecko|⚡ Volume ×4.6 vs médiane,13,4.61,47,47722578,140072997,3406979167.0,10000000000.0,10000000000.0,34.1,,,
NIGHTUSDT,NIGHT,Etabli,100,0.03086,1130639.99651,-4.694,44.59202712954786,-3.10313776363619e-05,0.033053999999999986,,1.0934514697122806,0.4174643485055675,0.39480367259230315,0.2737660003254539,0.2717764502037984,0.030585000000000005,0.04414583333333334,,0,0,neutre,106,0,0,30,,,37.9,36.0,52.0,68.0,50,48.22,False,False,,0,,,,46,513577632,742191048,16607399400.63495,24000000000.0,24000000000.0,69.2,,,
PHAUSDT,PHA,Speculative,619,0.0375,1556717.019,3.022,53.444865797290745,0.00033968363567463724,0.03637600000000001,0.03514050000000002,1.14763095631907,0.42372881355932207,0.295668549905838,0.7842674858249744,0.3611726607715775,0.031119444444444446,0.042649999999999993,double_bottom_90d|uptrend,2,0,haussier,365,0,0,30,,,17.0,82.0,62.5,68.0,50,48.09,False,False,,0,,,,65,31369349,37323437,840473227.8481659,1000000000.0,1000000000.0,84.0,,,
DOTUSDT,DOT,Etabli,52,0.901,3791426.26782,0.446,28.6054010697856,0.001936667269094007,1.1378999999999995,1.4727900000000007,0.5559869873333876,0.3499638467100506,0.3499638467100506,0.31838235174337515,0.6037702896576899,0.9541388888888888,1.3424166666666666,downtrend,0,1,baissier,365,0,0,30,,,45.0,19.0,79.0,68.0,19.4,48.03,False,False,,0,,,,44,1519444437,1519444437,1690153453.810461,1690153453.810461,2100000000.0,100.0,2153757,$2M,-11.48
ALGOUSDT,ALGO,Etabli,78,0.0912,4720323.795,0.885,42.857817301177846,0.0006397888690781199,0.10702799999999996,0.107255,0.7839592583002943,0.35254491017964074,0.312125748502994,0.3221670741575881,0.4155390888605302,0.08823888888888888,0.12518055555555557,death_cross|double_top_90d|downtrend,0,3,baissier,365,0,0,30,,,45.0,28.0,68.5,68.0,0,47.76,False,False,,0,,,,34,812987019,812988211,8927326023.66482,8927339113.518452,10000000000.0,100.0,,,
METUSDT,MET,Mid,301,0.1516,1248518.88646,-6.535,61.06468916697883,0.006767757335386277,0.13614999999999997,0.18738499999999983,1.3732878002358349,0.47348484848484845,0.18019480519480519,0.678796464198072,0.41058011495399827,0.1094972222222222,0.17578055555555552,downtrend,0,1,baissier,224,0,0,30,,,27.1,66.0,62.5,68.0,19.4,47.69,False,False,,0,,,,52,80269581,151039973,530241766.410576,997734156.047109,1000000000.0,53.1,191924294,$192M,0.46
SHIBUSDT,SHIB,Etabli,36,4.55e-06,1860227.23286983,0.664,29.457822735009785,3.006766253287726e-09,5.397199999999998e-06,6.4122499999999995e-06,0.5013365462738641,0.3131618759455371,0.3131618759455371,0.134374301272372,0.744430582346535,4.7202777777777775e-06,6.384722222222222e-06,downtrend,0,1,baissier,365,0,0,30,,,45.0,19.0,71.0,68.0,19.4,47.55,False,False,,0,,,,43,2673335216,2674499695,589243153879845.0,589499822615633.5,,100.0,,,
AXSUSDT,AXS,Mid,182,1.032,2274003.41505,-0.769,48.61237378781066,0.016723315059824655,1.1286,1.2350949999999994,1.0142091821400074,0.43029150823827633,0.3479087452471484,0.8392972741088223,0.3505661870100029,0.9613333333333335,1.4144166666666664,uptrend,1,0,haussier,365,0,0,30,,,31.0,46.0,58.0,68.0,50,47.45,False,False,,0,,,,53,179338234,278462186,173888325.001344,270000000.0,270000000.0,64.4,,,
APTUSDT,APT,Etabli,98,0.64,2420751.62385,1.911,31.84242264351319,0.009096751113630619,0.8478600000000001,1.1364,0.7685760055613774,0.4614050303555941,0.44752818733738076,0.18163955890327652,0.6503601685825268,0.6519444444444444,1.0508055555555555,bearish_engulfing_4h,0,1,baissier,365,0,0,30,,,45.0,19.0,68.5,68.0,14.3,47.1,False,False,,0,,,,35,531010427,768587050,832288324.3706126,1204658129.645824,2100000000.0,69.1,,,
MORPHOUSDT,MORPHO,Etabli,65,1.645,1605554.29545,-3.632,32.09795195090372,-0.028970760058941933,1.9519599999999997,1.6156950000000014,0.7312617219503907,0.267706013363029,0.267706013363029,0.29319542376045443,0.5987676641811123,1.564861111111111,2.1697222222222226,macd_bearish_cross|downtrend,0,2,baissier,265,0,0,30,,,42.3,27.0,73.0,68.0,0,46.74,False,False,,0,,,,35,1065497613,1648055992,646517847.9879137,1000000000.0,1000000000.0,64.7,6748501271,$6.7B,-4.9
DASHUSDT,DASH,Mid,107,35.65,5928988.29529,3.513,46.0036550116149,0.17458938560370774,40.661600000000014,40.748950000000015,0.9807728380827909,0.3955495875695377,0.3165164013044312,0.29067951080897,0.5189861306848461,31.70138888888889,48.073611111111106,death_cross|downtrend,0,2,baissier,365,0,0,30,,,31.0,37.0,68.5,78.5,0,46.72,False,False,,0,,,,40,452734165,452734165,12746875.91440785,12746875.91440785,18920000.0,100.0,,,
BICOUSDT,BICO,Speculative,867,0.0249,4783270.267518,-10.108,48.78054882029921,0.0007823551666230203,0.024852000000000003,0.029480499999999993,3.5476828415639976,0.6028708133971292,0.6028708133971292,5.960006823879449,0.3117948567250659,0.01915555555555555,0.03181666666666666,,0,0,neutre,365,0,0,30,,,17.0,84.0,34.0,68.0,50,46.72,False,False,,3,⚡ Volume ×6.0 vs médiane,,5.96,69,18021396,25097701,718049656.9789356,1000000000.0,1000000000.0,71.8,,,
APEUSDT,APE,Mid,216,0.1354,1238410.243529,2.343,51.34810207551157,0.0012068769043917507,0.139074,0.14485700000000004,0.8578429821030138,0.3541436464088397,0.2546961325966851,0.396851345513616,0.18569905686621688,0.08665277777777775,0.16868055555555556,,0,0,neutre,365,0,0,30,,,31.0,37.0,67.0,68.0,50,46.47,False,False,,0,,,,52,134837823,134837823,1000000000.0,1000000000.0,1000000000.0,100.0,,,
BIOUSDT,BIO,Mid,363,0.03056,3497083.574384,7.681,45.788096936561494,9.782111043955995e-06,0.0355188,0.0334297,1.2441990648189467,0.5712396694214875,0.4976859504132231,0.43970931838249216,0.12403594462786928,0.01735277777777778,0.049316666666666675,doji_4h,0,0,neutre,365,0,0,30,,,31.0,45.0,43.0,68.0,50,46.38,False,False,,0,,,,50,65134158,100812342,2145029070.25,3320000000.0,3320000000.0,64.6,4206047,$4M,-6.98
RIFUSDT,RIF,Mid,314,0.0782,913807.0548,-8.858,48.92845517296277,-0.001616827294851902,0.07396800000000002,0.046390000000000015,2.8184231005744103,0.4174757281553398,0.3639317627944761,0.3515202259295036,0.14170341807470868,0.03501666666666667,0.09169999999999999,macd_bearish_cross|uptrend,1,1,mixte,365,0,0,30,,,31.0,73.0,41.5,57.5,21.0,46.13,False,False,,0,,,,52,78105259,78105259,1000000000.0,1000000000.0,,100.0,,,
ZAMAUSDT,ZAMA,Mid,330,0.03366,2053676.26916,-0.355,54.18899820909255,2.8353369368531805e-05,0.0313616,,0.7961884849548702,0.23911747167561118,0.10367803837953087,0.2203169487204385,0.16500378588953868,0.023255277777777777,0.03528861111111112,,0,0,neutre,143,0,0,30,,,24.9,45.0,79.0,68.0,50,46.05,False,False,,0,,,,56,73804445,369022225,2200000000.0,11000000000.0,,20.0,21760351,$22M,18.38
WUSDT,W,Mid,385,0.01016,2032859.992252,-2.682,45.8626226312053,0.00020820160608953932,0.011775799999999996,0.020437950000000007,1.1256161959310644,0.4793939393939394,0.3872727272727273,0.4270547579563712,0.4132170548187639,0.009646944444444442,0.014925,uptrend,1,0,haussier,365,0,0,30,,,31.0,37.0,58.0,68.0,50,45.93,False,False,,0,,,,50,60979983,101020156,6036417435.0,10000000000.0,10000000000.0,60.4,2113119898,$2.1B,0.42
INJUSDT,INJ,Mid,108,4.476,2626280.91746,-2.057,36.84224150930548,-0.1251807737535986,5.224599999999999,4.163384999999996,1.2083695973513997,0.3603719599427754,0.3603719599427754,0.20392101693471254,0.3729419432945403,2.891277777777778,6.02486111111111,,0,0,neutre,365,0,0,30,,,31.0,36.0,58.0,68.0,50,45.76,False,False,,0,,,,47,447069757,447069757,100000000.0,100000000.0,,100.0,11800378,$12M,-4.35
MMTUSDT,MMT,Speculative,528,0.1895,5154125.42028,-6.788,76.06728540205455,0.007495640340545545,0.13189399999999998,0.15388849999999996,1.047300249099025,0.32516556291390725,0.003141361256544447,2.049953107063148,0.419003768012178,0.1076861111111111,0.15524444444444443,downtrend,0,1,baissier,233,0,0,30,,,13.4,66.0,67.0,78.5,19.4,45.5,False,False,,0,,,,46,38822942,190219559,204095424.0,1000000000.0,1000000000.0,20.4,5361926,$5M,-5.84
KAIAUSDT,KAIA,Mid,164,0.0362,2228288.93224,1.117,32.707090836686746,0.000264342661622001,0.043941999999999995,0.05317900000000002,0.5916665429351736,0.3475836431226766,0.32899628252788105,1.0834903024987392,0.6040151381710714,0.037030555555555546,0.050975,rsi_bullish_divergence|downtrend,1,1,mixte,365,0,0,30,,,31.0,37.0,79.0,68.0,19.4,45.35,False,False,,0,,,,43,211315138,211315145,5856641747.106198,5856641936.044253,,100.0,,,
LUMIAUSDT,LUMIA,Speculative,891,0.1216,1375133.770366,-0.816,56.72166906575087,0.004176773930495613,0.104222,0.09719700000000002,1.9286685231946241,0.5886712546320805,0.3562731604023293,0.45016805512786773,0.30182068543768314,0.073425,0.14937777777777775,,0,0,neutre,365,0,0,30,,,17.0,73.0,38.5,68.0,50,45.13,False,False,,0,,,,58,16832956,29034813,138496021.73127738,238888888.0,238888888.0,58.0,,,
ZENUSDT,ZEN,Mid,313,4.334,1340109.0931,0.58,38.623102722659056,0.04983547697516888,5.51828,6.686795000000002,0.9503741743485492,0.45068565400843874,0.42932489451476785,0.2002846602431543,0.6601908414919193,4.402305555555555,6.89063888888889,,0,0,neutre,365,0,0,30,,,31.0,28.0,68.5,68.0,50,45.03,False,False,,0,,,,46,78545581,90741130,18177613.58666088,21000000.0,21000000.0,86.6,,,
FLOKIUSDT,FLOKI,Mid,150,2.372e-05,1279623.50069162,-1.084,35.228590541183564,3.160580667007605e-08,2.8601799999999998e-05,3.4007600000000016e-05,0.6175375980680737,0.3760042849491162,0.3663631494376004,0.12691327728197113,0.658233394191143,2.4681111111111112e-05,3.454888888888888e-05,,0,0,neutre,365,0,0,30,,,31.0,28.0,68.5,68.0,50,45.03,False,False,,0,,,,46,227996116,236244907,9650837296551.0,10000000000000.0,10000000000000.0,96.5,9452328,$9M,-6.85
ROBOUSDT,ROBO,Mid,500,0.01908,1439763.25124,-1.344,45.77045850403633,-6.727595935453499e-05,0.020307399999999996,,0.9202339236029256,0.30981725456863574,0.2292171105730428,0.4567766211122516,0.26018782794705625,0.017776111111111114,0.023233888888888887,uptrend,1,0,haussier,113,0,0,30,,,24.1,45.0,67.0,68.0,50,45.0,False,False,,0,,,,54,42556110,190749038,2231000000.0,10000000000.0,10000000000.0,22.3,,,
TIAUSDT,TIA,Mid,124,0.3725,3801190.070141,-0.214,49.98082683611662,0.003945749210407797,0.3907799999999998,0.3968059999999998,0.9399272775555153,0.36317567567567577,0.21748310810810817,0.41856514890307683,0.5185068237676949,0.2945972222222222,0.4462805555555556,double_bottom_90d|downtrend,1,1,mixte,365,0,0,30,,,31.0,37.0,73.0,68.0,19.4,44.99,False,False,,0,,,,45,346292983,434162670,934155565.561594,1171191721.399505,,79.8,,,
LAYERUSDT,LAYER,Speculative,947,0.0707,4499566.807022,-14.51,47.374349445227864,0.0012581339831939367,0.082114,0.106988,1.2031601641304246,0.49193548387096775,0.43145161290322587,2.341768666817588,0.5392937835752946,0.06663333333333334,0.10128055555555555,,0,0,neutre,365,0,0,30,,,17.0,64.0,58.0,68.0,50,44.77,False,False,,0,,,,62,14810693,70527112,210000000.0,1000000000.0,1000000000.0,21.0,10119020,$10M,-5.5
ORDIUSDT,ORDI,Mid,359,3.187,1733282.28135,0.791,43.60591437193713,0.02736937803072509,3.8349599999999993,3.601745,1.306486174159541,0.6552007513500823,0.6277295139704157,0.26578295307545546,0.261187348009184,2.3372777777777776,5.558861111111111,,0,0,neutre,365,0,0,30,,,31.0,36.0,38.5,68.0,50,44.59,False,False,,0,,,,44,66522437,66522437,21000000.0,21000000.0,,100.0,,,
PENDLEUSDT,PENDLE,Mid,160,1.265,1729647.0448,-2.991,39.81822339510834,0.009301383506102573,1.5829400000000005,1.555225,0.8928479874581927,0.4529356943150047,0.4109972041006523,0.16177945117032658,0.5514456004221471,1.076138888888889,1.9700555555555554,downtrend,0,1,baissier,365,0,0,30,,,31.0,36.0,68.5,68.0,19.4,44.55,False,False,,0,,,,41,216064228,355690624,171013815.6700811,281527448.4585314,,60.7,1028895250,$1.0B,-13.26
BONKUSDT,BONK,Mid,118,4.37e-06,1077945.11267043,-0.228,35.92093720361815,4.427422505518445e-08,5.4994e-06,6.825950000000001e-06,0.7021711498923878,0.4533678756476684,0.43523316062176176,0.11621609636421835,0.7660673867175112,4.437222222222224e-06,6.835833333333334e-06,rsi_bullish_divergence,1,0,haussier,365,0,0,30,,,31.0,28.0,60.5,68.0,50,44.55,False,False,,0,,,,45,383308824,383308824,87994718265362.02,87994718267025.08,87995282867000.55,100.0,,,
CAKEUSDT,CAKE,Mid,110,1.327,1427426.42862,0.227,45.00386246841252,0.0026714554754445983,1.4044000000000003,1.5682400000000003,0.6863059574803932,0.2860650705954573,0.18723143032535294,0.2289546623629852,0.7157826440315422,1.2951388888888893,1.5711666666666668,double_top_90d,0,1,baissier,365,0,0,30,,,31.0,37.0,65.0,68.0,17.6,44.4,False,False,,0,,,,44,427932982,444282617,323636192.1731306,336001057.4500047,400000000.0,96.3,1710141951,$1.7B,-4.24
ARUSDT,AR,Mid,223,1.974,1687290.67072,2.174,46.37466407200808,0.004868663429782212,2.15732,2.43998,1.2351150510897055,0.34891304347826085,0.2858695652173912,0.19399193174199403,0.36274041044327543,1.7013888888888893,2.4195833333333336,downtrend,0,1,baissier,365,0,0,30,,,31.0,37.0,62.5,68.0,19.4,44.36,False,False,,0,,,,44,129475493,129475493,65652466.0,65652466.0,66000000.0,100.0,,,
RESOLVUSDT,RESOLV,Speculative,,0.0212,18011354.63748,-17.188,52.04854635031713,0.0010701292142649796,0.024076,0.05450899999999999,1.7389344517592744,0.6549295774647887,0.5023474178403756,6.220351883219784,0.20809699164953704,0.01738611111111111,0.04026388888888889,downtrend,0,1,baissier,365,0,0,30,,,17.0,64.0,28.0,78.5,19.4,44.3,False,False,,3,⚡ Volume ×6.2 vs médiane,,6.22,55,,,,,,,13778929,$14M,-2.03
ETHFIUSDT,ETHFI,Mid,130,0.348,1816898.1278,7.407,49.82292590596228,0.004762390795093873,0.36894000000000005,0.5189249999999999,1.0201790495999778,0.44054580896686163,0.32553606237816773,0.3981407906041559,0.5656106142722467,0.31641666666666673,0.4730833333333335,downtrend,0,1,baissier,365,0,0,30,,,31.0,37.0,58.0,68.0,19.4,44.09,False,False,,0,,,,43,320843967,345466782,927366299.0,998535999.0,1000000000.0,92.9,2783297058,$2.8B,-6.25
DOLOUSDT,DOLO,Speculative,,0.0245,2800655.889385,2.425,45.627853209076,0.0004033740461352074,0.029008799999999998,0.03620709999999999,1.2073642236772932,0.42485022141182605,0.3631153946340193,1.8358366238842372,0.41739552514280304,0.023796944444444443,0.03647833333333332,,0,0,neutre,302,0,0,30,,,15.3,64.0,58.0,68.0,50,44.07,False,False,,0,,,,58,,,,,,,196992239,$197M,23.95
SPKUSDT,SPK,Mid,427,0.017189,1052947.083351,2.267,29.988045886706317,0.00014604609968949314,0.025031580000000005,0.02382109999999999,0.7202276531838641,0.6707678681454098,0.6692082563154652,0.291756379496822,0.3324559589529998,0.018605416666666666,0.03926633333333334,,0,0,neutre,365,0,0,30,,,31.0,27.0,55.0,68.0,50,44.05,False,False,,0,,,,50,52566746,171560791,3064030302.6682878,10000000000.0,10000000000.0,30.6,3360057543,$3.4B,-3.34
HYPERUSDT,HYPER,Speculative,693,0.0762,12860121.76267,-4.271,43.77176116550354,0.0015116742155894553,0.09086400000000001,0.10471599999999995,0.9106302609325784,0.5997490589711417,0.5213299874529485,7.6968157256626375,0.2701381116258863,0.07267777777777779,0.12366388888888886,downtrend|doji_4h,0,1,baissier,365,0,0,30,,,17.0,55.0,49.0,78.5,19.4,44.04,False,False,,3,⚡ Volume ×7.7 vs médiane,,7.7,52,25890041,61808098,338174017.0,807333335.0000001,1000000000.0,41.9,90894897,$91M,-8.9
FETUSDT,FET,Mid,115,0.1731,4918051.3272,0.992,36.741997933678945,-0.00283068833039069,0.21308999999999997,0.21220849999999994,1.2291744400931437,0.3818051575931232,0.3818051575931232,0.1797118811282423,0.4990552496010978,0.18787500000000004,0.2537583333333333,downtrend,0,1,baissier,365,0,0,30,,,31.0,36.0,58.0,68.0,19.4,43.92,False,False,,0,,,,40,389862990,468473561,2258906718.0977173,2714384546.672,2714384546.672,83.2,,,
WCTUSDT,WCT,Speculative,,0.04538,1961507.677872,3.113,41.37789219321297,0.00037862503634269887,0.05550080000000001,0.06400669999999996,0.9087315450516343,0.3912863070539419,0.3727524204702628,1.6149891250506896,0.457729652715781,0.046092499999999995,0.06788777777777777,,0,0,neutre,365,0,0,30,,,17.0,55.0,68.5,68.0,50,43.88,False,False,,0,,,,54,,,,,,,,,
NEXOUSDT,NEXO,Etabli,81,0.77,335395.05941,1.583,36.04065534563978,-0.0006234183635188805,0.8370799999999999,0.88345,0.4050415743274446,0.2047413793103449,0.1745689655172414,0.1891418588430709,0.7975239965442076,0.7801944444444443,0.9170833333333336,macd_bearish_cross,0,1,baissier,365,0,0,30,,,45.0,28.0,87.5,47.0,21.0,43.83,False,False,,0,,,,42,765883080,765883080,1000000000.0,1000000000.0,1000000000.0,100.0,297550281,$298M,-6.09
TNSRUSDT,TNSR,Speculative,,0.0357,1982805.49144,1.133,52.7060843017323,0.0011859940914231448,0.03611399999999999,0.05144150000000001,1.7888836739757232,0.46317829457364346,0.31007751937984496,1.8910870523460364,0.24480910848887524,0.029880555555555563,0.04448888888888888,doji_4h,0,0,neutre,365,0,0,30,,,17.0,64.0,41.5,68.0,50,43.78,False,False,,0,,,,56,,,,,,,,,
STRAXUSDT,STRAX,Speculative,749,0.01038,1132603.53166,3.078,49.43699466092669,0.00017053423606172666,0.011520600000000002,0.015390800000000003,2.5538449782763353,0.48164281269446174,0.3553204729309273,3.3896608644805575,0.2144982562196504,0.009389722222222221,0.01425,,0,0,neutre,365,0,0,30,,,17.0,64.0,41.5,68.0,50,43.78,False,False,,2,⚡ Volume ×3.4 vs médiane,,3.39,63,22534041,22534477,2178824655.814509,2178866875.828698,,100.0,,,
ARBUSDT,ARB,Mid,103,0.0781,2322921.21656,0.386,29.235445619375113,0.0006247402921697662,0.10271000000000001,0.13153099999999998,0.646767728796185,0.4614850798056905,0.45940319222761977,0.1846498425041213,0.6420355292662284,0.08209166666666672,0.133975,,0,0,neutre,365,0,0,30,,,31.0,19.0,68.5,68.0,50,43.51,False,False,,0,,,,50,495192705,778257232,6362841042.0,10000000000.0,10000000000.0,63.6,2697020002,$2.7B,-5.85
RSRUSDT,RSR,Mid,306,0.001278,528243.176331,3.734,35.89934794330139,1.688514163639536e-06,0.0016063800000000001,0.0019019349999999998,0.6385361195145637,0.41885057471264364,0.4128735632183908,0.5380251440500385,0.5932297097531475,0.0013336944444444446,0.0019593333333333333,,0,0,neutre,365,0,0,30,,,31.0,37.0,68.5,57.5,50,43.39,False,False,,0,,,,49,79872982,127688135,62553174091.0,100000000000.0,100000000000.0,62.6,39375982,$39M,-8.65
CRVUSDT,CRV,Mid,132,0.1967,1219610.9196,-3.908,38.15776745242956,-0.002570290144315962,0.22734,0.274698,0.9469901462612152,0.3525230987917555,0.3009950248756218,0.23167559896827541,0.5994492808615384,0.2004138888888889,0.25550555555555554,macd_bearish_cross,0,1,baissier,365,0,0,30,,,31.0,28.0,68.5,68.0,21.0,43.29,False,False,,0,,,,39,300069486,470688832,1525847614.0,2393443733.739709,3030303031.0,63.8,1413294097,$1.4B,-2.73
SEIUSDT,SEI,Mid,121,0.05266,1922289.793905,0.19,42.93283764017758,0.00037646626689540595,0.05959739999999998,0.07765804999999995,0.9646915580871672,0.3882894736842106,0.3078947368421052,0.25592940388754065,0.6021241705532495,0.05031444444444444,0.06814222222222222,bull_flag|downtrend,1,1,mixte,365,0,0,30,,,31.0,28.0,68.5,68.0,19.4,43.2,False,False,,0,,,,39,353660962,525239053,6733333333.0,10000000000.0,,67.3,,,
OPUSDT,OP,Mid,157,0.102,1908896.590327,5.263,41.91550356418362,0.0006838584519107873,0.12100200000000003,0.17735349999999997,0.8718376427047424,0.470314318975553,0.4080325960419092,0.3948125447024089,0.5036107660296487,0.09909722222222223,0.14428055555555555,downtrend,0,1,baissier,365,0,0,30,,,31.0,28.0,68.5,68.0,19.4,43.2,False,False,,0,,,,39,219425642,436412259,2159485520.0,4294967296.0,4294967296.0,50.3,611742372,$612M,-12.4
WIFUSDT,WIF,Mid,197,0.1542,1581698.807929,-0.708,37.625037969336226,0.000554803801919402,0.184082,0.23711049999999997,0.8102242664772883,0.36379310344827587,0.33706896551724147,0.27106341829909397,0.6031241919362983,0.15844166666666662,0.21738888888888894,downtrend,0,1,baissier,365,0,0,30,,,31.0,28.0,68.5,68.0,19.4,43.2,False,False,,0,,,,39,153827675,153827675,998926392.0,998926392.0,998926392.0,100.0,,,
VIRTUALUSDT,VIRTUAL,Mid,120,0.5658,1313527.88171,0.587,37.61039151158313,0.0008282783744300685,0.6991640000000001,0.7234924999999994,0.9189049613272103,0.41858720120055737,0.39425447529209984,0.11984099998369756,0.6073410594349591,0.5848722222222222,0.8284222222222222,downtrend,0,1,baissier,365,0,0,30,,,31.0,28.0,68.5,68.0,19.4,43.2,False,False,,0,,,,39,369740898,562711294,657070334.6451555,1000000000.0,1000000000.0,65.7,,,
BREVUSDT,BREV,Speculative,808,0.0807,1665004.68762,-8.087,42.47313237575891,0.001171272173136586,0.10071,,0.9394297160128989,0.43362831858407086,0.40634218289085544,1.5475302024663737,0.49089784829471467,0.08056944444444444,0.13239166666666669,,0,0,neutre,170,0,0,30,,,11.7,63.0,68.5,68.0,50,43.05,False,False,,0,,,,57,20070853,80283413,250000000.0,1000000000.0,1000000000.0,25.0,,,
LUNCUSDT,LUNC,Mid,125,6.26e-05,1646851.94587133,-2.142,38.14666193952585,-6.588436063176081e-07,7.754e-05,5.167470000000003e-05,1.02910799555144,0.4822096563723358,0.4576772509786864,0.11265136050970656,0.37600251807353885,3.742222222222223e-05,9.281972222222223e-05,macd_bearish_cross|downtrend,0,2,baissier,365,0,0,30,,,31.0,36.0,58.0,68.0,0,42.76,False,False,,0,,,,35,343807870,402334632,5516559825257.041,6455649402214.153,,85.5,,,
BANANAS31USDT,BANANAS31,Mid,279,0.009079,1268400.273344,-3.477,45.008003017551914,-3.932755912235147e-05,0.01086356,0.00767891,1.8374814211265356,0.5125140607424072,0.36311867266591685,0.1565094288081214,0.18244173598090452,0.008943111111111113,0.013340166666666663,macd_bearish_cross|downtrend,0,2,baissier,365,0,0,30,,,31.0,45.0,32.5,68.0,0,42.75,False,False,,0,,,,37,90525313,90525313,10000000000.0,10000000000.0,10000000000.0,100.0,,,
TRUMPUSDT,TRUMP,Mid,112,1.73,4968275.975767,-0.575,39.760254293719335,-0.0020940094551214206,2.02042,3.43008,1.1000229529688264,0.4861608596548356,0.4376424617388473,0.30000068513756717,0.4091571200508698,1.7637500000000002,2.980611111111111,rsi_bullish_divergence|macd_bearish_cross,1,1,mixte,365,0,0,30,,,31.0,28.0,58.0,68.0,21.0,42.66,False,False,,0,,,,38,409149075,1723356689,237414040.342428,1000000000.0,1000000000.0,23.7,,,
AVNTUSDT,AVNT,Speculative,549,0.1143,3418451.34221,13.618,48.12460691970648,0.0011407686155004235,0.130696,0.19531850000000003,0.9329790831028122,0.43777777777777777,0.36777777777777776,2.379244238897865,0.5352385961409265,0.10696944444444444,0.16030555555555553,downtrend,0,1,baissier,283,0,0,30,,,14.8,64.0,68.5,68.0,19.4,42.65,False,False,,0,,,,57,36815810,113522458,324304203.6100361,1000000000.0,1000000000.0,32.4,32810484,$33M,-4.75
ENJUSDT,ENJ,Mid,381,0.03119,630206.934419,0.939,39.2908376396715,0.00041604988895091476,0.0383814,0.032330750000000005,0.8021867475775671,0.6859688195991092,0.6523385300668152,0.2856977931971647,0.08344894417425011,0.02287527777777778,0.0646361111111111,,0,0,neutre,365,0,0,30,,,31.0,36.0,49.0,57.5,50,42.05,False,False,,0,,,,46,61553785,62276575,1976978659.812124,2000193140.201482,,98.8,,,
TONUSDT,TON,Speculative,760,1.588,8337977.40541,2.65,42.49674225347825,-0.0028590642079850542,1.8925799999999995,1.553705000000001,0.9724641064210308,0.4406779661016949,0.4148857774502579,0.1481545185119448,0.3446292340975644,1.2464722222222222,2.230916666666667,downtrend|doji_4h,0,1,baissier,365,0,0,30,,,17.0,36.0,68.5,78.5,19.4,41.99,False,False,,0,,,,41,22006102,36882289,62508490.25863481,104764406.2769786,,59.7,,,
VICUSDT,VIC,Speculative,,0.041,5517771.736038,4.859,50.21929429885251,0.001042586922613939,0.047018,0.06052999999999997,2.0766301303619734,0.5152394775036285,0.4063860667634253,1.1572366858869023,0.10016072503497755,0.03682777777777778,0.06325277777777777,double_top_90d|support_bounce|downtrend,1,2,baissier,365,0,0,30,,,17.0,55.0,32.5,78.5,0,41.88,False,False,,0,,,,40,,,,,,,,,
SANDUSDT,SAND,Mid,212,0.05178,894054.03749,-1.051,39.60015695488713,0.0007618354722188064,0.06460179999999999,0.08946845000000003,0.9206505025596635,0.40773809523809523,0.3846428571428572,0.40956617203690554,0.6620621434366869,0.05216638888888889,0.081475,,0,0,neutre,365,0,0,30,,,31.0,28.0,68.5,57.5,50,41.87,False,False,,0,,,,46,137772630,154958033,2667289212.2233224,3000000000.0,3000000000.0,88.9,,,
ZKUSDT,ZK,Mid,250,0.01084,853536.717206,-0.55,36.81037777507196,0.00013303367001491254,0.013890600000000001,0.020796149999999996,0.8502182780948623,0.4810510358767054,0.45325922182920664,0.33926134335248104,0.622939755664341,0.011023888888888892,0.01820611111111111,rsi_bullish_divergence|doji_4h,1,0,haussier,365,0,0,30,,,31.0,28.0,68.5,57.5,50,41.87,False,False,,0,,,,46,107886793,226930113,9983790276.0,21000000000.0,21000000000.0,47.5,,,
PNUTUSDT,PNUT,Mid,499,0.0432,714856.01366,1.647,36.955320526061435,0.0004119024434779562,0.051303999999999995,0.057175,0.7182852145975585,0.43758765778401126,0.4011220196353436,0.3556210601926406,0.4605573752857828,0.03984722222222222,0.06391944444444445,,0,0,neutre,365,0,0,30,,,31.0,28.0,68.5,57.5,50,41.87,False,False,,0,,,,46,42615593,42615593,999841951.696456,999841951.696456,1000000000.0,100.0,,,
TUSDT,T,Speculative,527,0.00351,1396301.15496,1.445,29.61909590414163,3.386709727953125e-05,0.004741800000000002,0.006891800000000001,0.6448754657015773,0.4796380090497737,0.473604826546003,1.8237072758476476,0.7334760070098463,0.0037138888888888894,0.006394166666666664,,0,0,neutre,365,0,0,30,,,17.0,46.0,60.5,68.0,50,41.87,False,False,,0,,,,56,39009080,39009080,11155000000.0,11155000000.0,,100.0,319753386,$320M,-5.17
ZROUSDT,ZRO,Mid,143,0.947,2338875.68778,-1.045,42.82791712240515,0.012293082098557728,1.1649200000000002,1.5751800000000002,1.1711703129186948,0.610632183908046,0.5474137931034484,0.39292469532224616,0.44344057221104016,0.9267222222222221,1.9862222222222223,downtrend,0,1,baissier,365,0,0,30,,,31.0,28.0,44.5,68.0,19.4,41.76,False,False,,0,,,,35,238126309,943703678,252331652.6536562,1000000000.0,1000000000.0,25.2,7409947534,$7.4B,-2.75
PUMPUSDT,PUMP,Mid,106,0.001406,3827084.360232,1.59,40.224991038230755,2.7600413180627618e-06,0.00169022,0.002000689999999998,1.0325759443626732,0.37437300501595994,0.3611491108071136,0.4433983599596569,0.5897935320937056,0.0014644444444444444,0.001997805555555556,macd_bullish_cross|downtrend,1,1,mixte,287,0,0,30,,,28.9,28.0,58.0,68.0,19.4,41.69,False,False,,0,,,,37,483595438,1198177266,345456586753.5147,855918390424.7373,1000000000000.0,40.4,211335834,$211M,-3.38
PENGUUSDT,PENGU,Mid,116,0.006218,4154831.59936,-1.223,34.17240860253922,1.3072754892034394e-05,0.00796038,0.008352060000000001,0.7931114212330799,0.4390619340818544,0.4390619340818544,0.13141647092287384,0.6743948626244842,0.00630627777777778,0.01020036111111111,downtrend,0,1,baissier,365,0,0,30,,,31.0,19.0,68.5,68.0,19.4,41.67,False,False,,1,🔥 Trending #7 sur CoinGecko,7,,38,389522661,492607077,62860396090.0,79495955233.2402,88888888888.0,79.1,,,
LDOUSDT,LDO,Mid,161,0.2557,1716241.601165,0.078,31.68394775986512,0.001891503201651698,0.31936,0.39836749999999993,0.6036088748779859,0.43071077335717484,0.43071077335717484,0.17550096890500796,0.6142287829776923,0.2649944444444444,0.405813888888889,downtrend,0,1,baissier,365,0,0,30,,,31.0,19.0,68.5,68.0,19.4,41.67,False,False,,0,,,,36,214843819,254906251,842834643.4560835,1000000000.0,1000000000.0,84.3,15073316366,$15.1B,-6.23
RUNEUSDT,RUNE,Mid,209,0.419,952609.2541,-1.643,52.93787675562753,0.006227436954410583,0.4428400000000001,0.47784000000000043,0.9094255333753257,0.48966613672496023,0.33545310015898255,0.22941240037746052,0.5055164157482911,0.37074999999999997,0.5556666666666668,downtrend,0,1,baissier,365,0,0,30,,,31.0,37.0,68.5,57.5,19.4,41.56,False,False,,0,,,,45,141559645,148190575,338348776.0,354197695.0,354197695.0,95.5,53058566,$53M,-1.81
FORMUSDT,FORM,Mid,286,0.2296,603198.19196,-2.256,44.822768677088405,-6.6827323457658e-05,0.24830199999999997,0.2726049999999999,1.1848426066780609,0.28576051779935274,0.256957928802589,0.28398494244180716,0.4088097443849611,0.21358333333333332,0.2892444444444444,,0,0,neutre,365,0,0,30,,,31.0,28.0,62.5,57.5,50,41.51,False,False,,0,,,,45,87556932,131220993,381867255.14,572301922.1,580000000.0,66.7,,,
PORTALUSDT,PORTAL,Speculative,,0.01446,1362642.536879,-2.297,49.63754865978858,-0.00018510363341265104,0.013030599999999998,0.014696249999999996,4.569307122410392,0.633281972265023,0.5553158705701079,0.7532726833924139,0.11130327452307527,0.008226388888888887,0.01922194444444444,downtrend,0,1,baissier,365,0,0,30,,,17.0,66.0,28.0,68.0,19.4,41.48,False,False,,0,,,,47,,,,,,,,,
KITEUSDT,KITE,Mid,119,0.1596,1227888.61434,0.631,33.05674715229853,-0.0030541209953059995,0.19280999999999998,0.16381149999999997,0.7734845811798581,0.33721413721413723,0.33721413721413723,0.0895898288217457,0.25493519285236554,0.13512500000000002,0.21585833333333332,downtrend,0,1,baissier,234,0,0,30,,,27.4,27.0,62.5,68.0,19.4,41.2,False,False,,0,,,,38,371546148,1593096733,2332225913.0,10000000000.0,10000000000.0,23.3,1046339,$1M,-4.42
MEMEUSDT,MEME,Speculative,586,0.000529,1337618.473706,2.519,45.48158530220112,-6.862706261117778e-06,0.0005585200000000001,0.0007230399999999993,1.476790647666493,0.24882629107981222,0.1737089201877934,0.49993575172333454,0.4327214865036389,0.0004955833333333334,0.0006316666666666666,doji_4h,0,0,neutre,365,0,0,30,,,17.0,37.0,74.5,68.0,50,41.19,False,False,,0,,,,53,33510206,36403270,63516387916.66666,69000000000.0,69000000000.0,92.1,,,
GNOUSDT,GNO,Mid,134,107.14,73040.80004,1.555,49.43407441769691,1.147734814837552,112.7676,123.59674999999996,0.5716845768444045,0.3634190918037396,0.25186278644734983,0.22559956701511877,0.6471817489508099,100.25972222222221,134.4313888888889,bull_flag,1,0,haussier,365,0,0,30,,,31.0,37.0,83.5,47.0,50,41.13,False,False,,0,,,,54,279918413,318138634,2639589.0,3000000.0,3000000.0,88.0,,,
ENSOUSDT,ENSO,Speculative,997,0.636,1747587.86819,-4.648,45.872070110493084,0.010374415911209127,0.73504,0.9544850000000004,0.8735037602646069,0.46931067044381486,0.4003777148253069,0.7660176168055252,0.5395205431255558,0.6077222222222222,1.015138888888889,hammer_4h,1,0,haussier,254,0,0,30,,,14.0,46.0,68.5,68.0,50,41.11,False,False,,0,,,,55,13029156,63279050,20590000.0,100000000.0,127339703.0,20.6,,,
CHIPUSDT,CHIP,Mid,371,0.03199,1746206.3877,-1.931,40.124852384093316,0.0006522358390121338,0.04350199999999999,,1.2351155345707916,0.7302375044310528,0.717298830202056,0.026145680651042093,,0.031243846153846153,0.07826923076923077,,0,0,neutre,65,0,0,30,,,22.8,36.0,34.5,68.0,50,40.99,False,False,,0,,,,43,63704007,318520033,2000000000.0,10000000000.0,10000000000.0,20.0,195785753,$196M,-0.45
PARTIUSDT,PARTI,Speculative,969,0.0588,1451142.64187,-1.672,53.32527028779333,-0.00018735028099515897,0.05499999999999998,0.077891,1.3913134061713157,0.6119402985074627,0.4139303482587065,0.19990786692497614,-0.012521026403076745,0.04113333333333331,0.08202499999999999,macd_bearish_cross,0,1,baissier,365,0,0,30,,,17.0,57.0,43.0,68.0,21.0,40.94,False,False,,0,,,,47,13685381,58735542,233000000.0,1000000000.0,1000000000.0,23.3,,,
BERAUSDT,BERA,Mid,389,0.218,1258137.694615,-0.909,28.789834893612095,0.0010430997179575394,0.3195,0.5046999999999998,0.9742220236919574,0.5145413870246085,0.5145413870246085,0.39482196142839016,0.6386853596140541,0.24091666666666672,0.43583333333333335,downtrend,0,1,baissier,365,0,0,30,,,31.0,19.0,55.0,68.0,19.4,40.86,False,False,,0,,,,40,60271711,117941344,277623956.2597347,543262202.1639421,,51.1,,,
GENIUSUSDT,GENIUS,Mid,215,0.4023,1647837.45395,7.309,40.052541436559515,0.0038343726563454597,,,1.6983077432889924,0.4591611479028697,0.442742825607064,0.041006127687182446,,0.39040769230769234,0.6954153846153847,,0,0,neutre,34,0,0,30,,,21.9,36.0,37.5,68.0,50,40.82,False,False,,0,,,,44,134947437,383855279,335377059.0,953973324.2879035,1000000000.0,35.2,,,
XVSUSDT,XVS,Mid,489,2.61,386620.24,-5.776,50.58216821077116,0.0191474426039976,2.6382000000000003,3.3275000000000006,0.5056804340200136,0.26129032258064516,0.15483870967741933,0.5154048670882582,0.527819767318114,2.46,2.8405555555555546,downtrend|doji_4h,0,1,baissier,365,0,0,30,,,31.0,46.0,83.5,47.0,19.4,40.82,False,False,,0,,,,50,43988511,77751547,16828514.143194724,29745107.921051685,30000000.0,56.6,1023689259,$1.0B,-4.61
AMPUSDT,AMP,Mid,492,0.000488,920029.998774,-0.813,19.375520068694513,7.166744598147583e-06,0.00069918,0.0013095699999999997,0.6795120203015198,0.5711775043936731,0.5711775043936731,1.86685154700576,0.5050004337434698,0.0005296666666666668,0.001009027777777778,downtrend,0,1,baissier,365,0,0,30,,,31.0,37.0,55.0,57.5,19.4,40.75,False,False,,0,,,,46,43793101,48641127,89781193103.18022,99720238122.2857,100000000000.0,90.0,,,
HMSTRUSDT,HMSTR,Speculative,,0.0001652,1148325.6695633,-4.176,48.19007108163789,-2.3255011292819868e-06,0.00017040600000000006,0.00018049000000000003,2.1907514059805284,0.42680643953575437,0.38038187944590035,0.5556484943890877,0.15066370180904298,0.0001361916666666667,0.00020257777777777774,,0,0,neutre,365,0,0,30,,,17.0,46.0,41.5,68.0,50,40.73,False,False,,0,,,,50,,,,,,,,,
VELODROMEUSDT,VELODROME,Speculative,,0.02048,688454.650934,-2.662,65.26120983318827,0.0006153215167982104,0.0163452,0.017539750000000007,1.1211548170805647,0.35437144335230214,0.0487918215613384,1.1635567739569463,0.5726727153755485,0.013511388888888892,0.01894222222222222,downtrend,0,1,baissier,365,0,0,30,,,17.0,66.0,67.0,57.5,19.4,40.65,False,False,,0,,,,50,,,,,,,,,
QKCUSDT,QKC,Speculative,942,0.002102,1555654.978152,5.734,30.400213188835238,-2.4103903029361746e-05,0.00273206,0.0033312699999999995,0.6919601188491067,0.40441395764986576,0.37727408291082615,18.64313785441061,0.6319630651581367,0.0023601111111111114,0.0032393611111111113,downtrend,0,1,baissier,365,0,0,30,,,17.0,46.0,68.5,68.0,19.4,40.52,False,False,,3,⚡ Volume ×18.6 vs médiane,,18.64,53,14873673,20524816,7246677708.0,10000000000.0,,72.5,,,
THEUSDT,THE,Speculative,,0.0634,1093831.5951,2.755,35.07688568209471,0.0006873696110985608,0.08324399999999998,0.16543550000000004,0.8472490675121636,0.477195945945946,0.4653716216216217,1.2824403230952561,0.46463227561688636,0.06630833333333332,0.11139722222222222,downtrend,0,1,baissier,365,0,0,30,,,17.0,46.0,68.5,68.0,19.4,40.52,False,False,,0,,,,44,,,,,,,1418425,$1M,-0.46
GALAUSDT,GALA,Mid,237,0.0024,1456773.84087,-0.826,33.50839293545451,-6.393272352428958e-07,0.0030768,0.004249349999999999,0.6930287372413592,0.4230769230769231,0.4230769230769231,0.2590011038159072,0.5929505847927615,0.002580833333333333,0.0037086111111111117,macd_bearish_cross|downtrend|doji_4h,0,2,baissier,365,0,0,30,,,31.0,19.0,68.5,68.0,0,40.51,False,False,,0,,,,32,116021872,116021874,48376165678.7923,48376166405.91553,50000000000.0,100.0,,,
ORCAUSDT,ORCA,Mid,350,1.125,812007.2092,-3.017,43.65253609729625,0.011436419452194268,1.3004999999999998,1.11133,0.9976918489160568,0.5502325581395349,0.47813953488372085,0.3661177078923706,0.28308347718792204,0.8611111111111112,1.7775833333333333,downtrend,0,1,baissier,365,0,0,30,,,31.0,36.0,53.5,57.5,19.4,40.49,False,False,,0,,,,39,68111007,84019691,60798782.944072,74999551.281211,100000000.0,81.1,243405428,$243M,-0.75
FFUSDT,FF,Mid,174,0.06716,639405.472595,2.238,33.58921315790201,-0.0010849775230667939,0.08280219999999999,0.08211505,0.9973435170017331,0.4353809697411593,0.3915094339622642,0.09633750273580825,0.12374099091843027,0.06472833333333333,0.10109861111111113,golden_cross|uptrend|doji_4h,2,0,haussier,269,0,0,30,,,28.4,27.0,62.5,57.5,53.1,40.45,False,False,,0,,,,46,192631231,670021673,2875000000.0,10000000000.0,10000000000.0,28.7,1298729140,$1.3B,0.08
MITOUSDT,MITO,Speculative,,0.02621,1395646.170727,-0.531,48.61409666688029,0.0013002117610882878,0.036302000000000015,0.04753905,1.6805997236273194,0.7753729518219614,0.6791391538273417,1.0269202818354344,0.22973444316904817,0.022218611111111106,0.057903333333333334,,0,0,neutre,300,0,0,30,,,15.2,55.0,22.0,68.0,50,40.36,False,False,,0,,,,50,,,,,,,,,
WBETHUSDT,WBETH,Speculative,,1830.56,1459775.274847,0.706,37.08608655696075,14.402229965260204,2142.4272000000005,2558.4867,0.6310842896654848,0.34930710266963716,0.30938337801608584,0.5901185500981735,0.8953309853838585,1840.739444444444,2588.4638888888894,rsi_bullish_divergence,1,0,haussier,365,0,0,30,,,17.0,37.0,60.5,68.0,50,40.35,False,False,,0,,,,48,,,,,,,,,
CUSDT,C,Speculative,955,0.0896,321093.89758,-1.43,47.65774348166835,-0.0011010095016151485,0.08877600000000001,0.07521249999999992,1.2592427205492853,0.2379310344827586,0.16463985032740872,0.09543426210420777,-0.11112082692723255,0.07016388888888886,0.0997722222222222,,0,0,neutre,342,0,0,30,,,16.4,73.0,68.5,47.0,50,40.34,False,False,,0,,,,63,14278783,89242396,160000000.0,1000000000.0,,16.0,,,
FOGOUSDT,FOGO,Mid,478,0.01185,707023.05284,-2.549,39.07683728857348,0.00013811013652481933,0.015100200000000001,,0.8716186024139728,0.5053956834532374,0.4685251798561151,0.1857104053658484,0.24392784141732077,0.01209777777777778,0.02078388888888889,,0,0,neutre,161,0,0,30,,,25.4,36.0,53.5,57.5,50,40.04,False,False,,0,,,,46,45403262,118315626,3844597699.352957,10018574843.0928,,38.4,,,
JASMYUSDT,JASMY,Mid,153,0.00455,739667.799014,1.563,38.3956187570761,1.8984036229902968e-06,0.005417599999999999,0.005962950000000002,0.6761050632691091,0.3908355795148249,0.38814016172506743,0.35005404487778347,0.5156357871044547,0.0046944444444444455,0.0063033333333333335,rsi_bullish_divergence|downtrend,1,1,mixte,365,0,0,30,,,31.0,28.0,68.5,57.5,19.4,40.03,False,False,,0,,,,39,224411273,226930200,49444999677.59027,50000000000.0,50000000000.0,98.9,,,
KAVAUSDT,KAVA,Mid,436,0.04718,680810.599349,0.704,43.97326790896105,0.000713608763946797,0.053866999999999984,0.06345560000000003,0.6597752623272413,0.3790523690773067,0.30937362476162533,0.3951672468975435,0.4834084108548951,0.045183055555555546,0.06451055555555557,downtrend,0,1,baissier,365,0,0,30,,,31.0,28.0,68.5,57.5,19.4,40.03,False,False,,0,,,,39,50976925,50976925,1082847010.0,1082847010.0,,100.0,,,
RAYUSDT,RAY,Mid,191,0.595,533155.1329,-0.335,40.06024534608781,0.004712159058893391,0.6920400000000001,0.7638749999999996,0.6504056072530354,0.3644646924829157,0.3246013667425968,0.12205981942986928,0.6843481259385992,0.5785277777777778,0.8228333333333331,double_top_90d,0,1,baissier,365,0,0,30,,,31.0,28.0,68.5,57.5,17.6,39.92,False,False,,0,,,,39,159411836,328771049,269103893.541476,555000000.0,555000000.0,48.5,825735896,$826M,-4.13
CATIUSDT,CATI,Speculative,668,0.0607,231244.88517,-2.097,57.60900173096297,0.00038464448135324064,0.05651400000000001,0.052281000000000015,1.1372943406728437,0.4117647058823529,0.15126050420168072,0.18429610332021001,0.18110693016979706,0.04559722222222221,0.06466666666666666,,0,0,neutre,365,0,0,30,,,17.0,73.0,56.5,47.0,50,39.88,False,False,,0,,,,61,27508213,60624389,453748290.57,1000000000.0,1000000000.0,45.4,,,
KMNOUSDT,KMNO,Mid,272,0.01923,439849.93164,-6.149,55.271243067023974,0.00045092134913763267,0.019246199999999998,0.030596400000000013,1.0275144930730427,0.46168656141701964,0.26068540623796693,0.28142294904433496,0.5690390191115159,0.01592416666666667,0.022936666666666664,,0,0,neutre,365,0,0,30,,,31.0,37.0,62.5,47.0,50,39.87,False,False,,0,,,,51,94160689,191895612,4906849597.75,9999957649.60174,10000000000.0,49.1,1073625229,$1.1B,-3.19
SUNUSDT,SUN,Mid,126,0.0173,380971.62582,0.058,43.59317637395549,0.00011142300599328544,0.0186038,0.018450399999999992,0.33746901982252514,0.1861366941347552,0.1609306834706738,0.13936409587014978,0.3619788777199761,0.01703277777777778,0.020182500000000003,downtrend,0,1,baissier,365,0,0,30,,,31.0,36.0,95.5,47.0,19.4,39.84,False,False,,0,,,,46,332113741,343676082,19231207016.78254,19900730000.0,19900730000.0,96.6,213461868,$213M,2.05
TOWNSUSDT,TOWNS,Speculative,,0.00225,2076995.84465,13.065,43.6240305725328,2.561189173008323e-05,0.0028551999999999996,0.004213150000000001,1.0112257603209867,0.4793814432989691,0.42268041237113413,3.2082665876382412,0.4628980855647955,0.0021952777777777778,0.003729444444444444,double_top_90d|downtrend,0,2,baissier,324,0,0,30,,,15.9,55.0,58.0,68.0,0,39.79,False,False,,2,⚡ Volume ×3.2 vs médiane,,3.21,48,,,,,,,,,
STGUSDT,STG,Speculative,703,0.1816,1652916.63343,-2.208,42.905462019330706,-0.018317028465538936,0.24277400000000005,0.18705049999999995,4.2017744662734495,0.7195914577530176,0.7195914577530176,0.8132160357508715,0.10440138899335191,0.17550555555555553,0.3398861111111111,uptrend|doji_4h,1,0,haussier,365,0,0,30,,,17.0,45.0,28.0,68.0,50,39.75,False,False,,0,,,,45,25194612,25194612,139397334.6710938,139397334.6710938,1000000000.0,100.0,71158913,$71M,-2.69
SUSDT,S,Mid,284,0.02347,2194914.143255,-3.733,22.97315142004068,-0.00039630628745518284,0.0390194,0.052564449999999964,0.8659188117173047,0.5766224322850391,0.5766224322850391,0.5057328410499895,0.4988534267235467,0.029329444444444446,0.04953333333333333,macd_bearish_cross|downtrend,0,2,baissier,365,0,0,30,,,31.0,19.0,55.0,68.0,0,39.7,False,False,,0,,,,36,88019976,90362395,3784775845.0,3885497663.0,,97.4,,,
EPICUSDT,EPIC,Speculative,952,0.431,879504.9334,-4.222,47.77699577988672,-0.023006614951498514,0.39821999999999996,0.40801500000000024,3.1019345860293406,0.47282608695652173,0.38526912181303113,0.3984700205752126,0.04104888894725034,0.23500000000000007,0.576,,0,0,neutre,365,0,0,30,,,17.0,57.0,41.5,57.5,50,39.43,False,False,,0,,,,54,14538393,14538393,33600000.0,33600000.0,33600000.0,100.0,,,
PYTHUSDT,PYTH,Mid,135,0.035,972665.59924,0.865,42.05835859831489,0.00017102498399100964,0.041392,0.049802000000000006,1.0240353564109106,0.479933110367893,0.41638795986622074,0.3824159043218328,0.5667399737409309,0.03448888888888889,0.05300555555555555,downtrend,0,1,baissier,365,0,0,30,,,31.0,28.0,58.0,57.5,19.4,39.4,False,False,,0,,,,37,274963152,349160363,7874981850.151221,10000000000.0,10000000000.0,78.7,,,
EDUUSDT,EDU,Speculative,727,0.0308,2895412.5035,10.394,42.265826101786466,0.0008150430686016462,0.039821999999999996,0.09192699999999998,0.9968735241650449,0.6406035665294925,0.5802469135802469,1.0592785909298306,0.290525080765222,0.029013888888888895,0.05769722222222221,downtrend,0,1,baissier,365,0,0,30,,,17.0,46.0,49.0,68.0,19.4,39.35,False,False,,0,,,,41,23960784,30932385,774618056.0,1000000000.0,1000000000.0,77.5,,,
SAPIENUSDT,SAPIEN,Speculative,778,0.0846,1096863.05533,-0.704,48.152841529923876,0.0013075332674145918,0.09724000000000001,0.10032850000000006,0.8172369926208949,0.459795321637427,0.3808479532163743,0.487379554726965,0.42453426377111997,0.06854999999999999,0.11953333333333334,,0,0,neutre,231,0,0,30,,,13.3,37.0,68.5,68.0,50,39.33,False,False,,0,,,,52,21110174,84440695,250000000.0,1000000000.0,1000000000.0,25.0,,,
MANTAUSDT,MANTA,Speculative,546,0.07889,312086.385954,1.362,49.12530976961594,-0.000450862254194656,0.07846800000000002,0.07345575000000001,0.9545864722510571,0.16025932666060044,0.10168334849863517,0.2407383527249575,0.2364972666044972,0.06210388888888891,0.0836708333333333,double_top_90d,0,1,baissier,365,0,0,30,,,17.0,73.0,79.0,47.0,17.6,39.28,False,False,,0,,,,57,37338303,78632197,474847512.5925673,1000000000.0,1000000000.0,47.5,21119409,$21M,-5.01
OPGUSDT,OPG,Speculative,600,0.1709,9750580.12596,2.397,48.02937639780532,0.00023246796349504772,,,3.168075045983749,0.5180683311432326,0.43856767411300923,0.15006908440476505,,0.1476846153846154,0.2416153846153846,,0,0,neutre,34,0,0,30,,,7.9,45.0,28.5,78.5,50,39.24,False,False,,0,,,,48,32386737,170456513,190000000.0,1000000000.0,1000000000.0,19.0,,,
WALUSDT,WAL,Mid,305,0.0334,550707.85418,-3.468,33.65374927404943,0.001224782538791656,0.054514000000000014,0.08757349999999998,1.075764258814322,0.6391752577319588,0.6185567010309279,0.8019854045530658,0.554496008179894,0.03445277777777778,0.08165555555555554,,0,0,neutre,258,0,0,30,,,28.1,28.0,44.5,57.5,50,39.23,False,False,,0,,,,43,79888870,166218716,2403125000.0,5000000000.0,5000000000.0,48.1,3353563,$3M,-1.16
ANIMEUSDT,ANIME,Speculative,941,0.0027,556436.987048,3.053,29.273573936405015,2.1209115651501566e-05,0.0037985999999999996,0.005251550000000001,0.695431163508018,0.4844961240310077,0.4786821705426356,1.9008969874743427,0.6683023206506762,0.0029172222222222225,0.004948888888888889,,0,0,neutre,365,0,0,30,,,17.0,46.0,68.5,57.5,50,39.19,False,False,,0,,,,58,14897753,26898026,5538604656.0,10000000000.0,10000000000.0,55.4,,,
TUTUSDT,TUT,Speculative,,0.01076,829617.04478,3.362,53.59783626075091,5.3993613056861416e-05,0.0110132,0.011816100000000001,0.7363253004626162,0.32461103253182466,0.23762376237623764,0.7466786377206543,0.24812912066781687,0.0088975,0.013002222222222222,doji_4h,0,0,neutre,365,0,0,30,,,17.0,46.0,67.0,57.5,50,39.1,False,False,,0,,,,55,,,,,,,,,
COWUSDT,COW,Mid,283,0.153,84410.55876,0.724,47.01829994316242,0.0013079035138913804,0.161248,0.19660249999999987,0.5895088124664041,0.41556145004420864,0.3231653404067197,0.19243084412261055,0.5636959482358292,0.14508333333333331,0.21225833333333335,downtrend,0,1,baissier,365,0,0,30,,,31.0,37.0,79.0,47.0,19.4,39.02,False,False,,0,,,,46,88278586,152828213,577632782.4760736,1000000000.0,1000000000.0,57.8,,,
GMXUSDT,GMX,Mid,405,5.51,105646.98733,-0.721,39.529230662850914,0.01997308473055348,6.356200000000001,6.892349999999998,0.7321048438409797,0.28964613368283093,0.2817824377457404,0.18497185442926806,0.606784268072493,5.595555555555555,7.349722222222222,rsi_bullish_divergence,1,0,haussier,365,0,0,30,,,31.0,28.0,73.0,47.0,50,38.97,False,False,,0,,,,47,57089456,57089456,10421305.69219059,10421305.69219059,13250000.0,100.0,172022564,$172M,5.32
KAITOUSDT,KAITO,Mid,255,0.4407,332669.77907,-1.52,43.66286404339264,-0.0015761417973453955,0.47034600000000004,0.4431719999999999,0.7284692748669216,0.21361058601134222,0.16710775047258986,0.1560772486577183,0.2683343044929346,0.3995055555555555,0.5096583333333335,macd_bearish_cross,0,1,baissier,365,0,0,30,,,31.0,36.0,79.0,47.0,21.0,38.95,False,False,,0,,,,43,106215371,440017648,241388889.0,1000000000.0,1000000000.0,24.1,,,
NEWTUSDT,NEWT,Speculative,,0.0534,973940.88648,7.661,41.38222151457042,0.0006538627681834915,0.06573000000000001,0.07852,0.7244255547341816,0.4091441969519343,0.37866354044548656,1.6035427055055789,0.5537949180621411,0.05249444444444444,0.08259722222222224,downtrend,0,1,baissier,365,0,0,30,,,17.0,55.0,68.5,57.5,19.4,38.88,False,False,,0,,,,47,,,,,,,,,
STRKUSDT,STRK,Mid,165,0.0316,821069.415507,-1.558,36.54388876802821,-6.784510769674039e-05,0.039052,0.05236,0.7232788845206356,0.4367201426024955,0.4367201426024955,0.19970936257050056,0.4970536903026201,0.03260000000000002,0.04678611111111111,macd_bearish_cross|downtrend|doji_4h,0,2,baissier,365,0,0,30,,,31.0,28.0,68.5,57.5,0,38.87,False,False,,0,,,,34,205525765,315301235,6518393918.348971,10000000000.0,10000000000.0,65.2,172124383,$172M,-6.73
MINAUSDT,MINA,Mid,433,0.0402,537230.25048,0.5,30.30999135144502,0.00032793129760891326,0.052392000000000015,0.06476850000000002,0.6315336044426828,0.4173913043478261,0.4173913043478261,0.8929057458662493,0.6337518408455307,0.04215277777777778,0.064725,rsi_bullish_divergence|double_top_90d|downtrend|doji_4h,1,2,baissier,365,0,0,30,,,31.0,28.0,68.5,57.5,0,38.87,False,False,,0,,,,34,51727276,51727276,1291760010.840039,1291760010.840039,,100.0,,,
PROVEUSDT,PROVE,Speculative,517,0.2046,650181.02606,3.647,47.954522513168406,0.002331354549420772,0.22771800000000003,0.2961280000000001,0.8457509848861384,0.4730053989202159,0.38632273545290935,0.5472832113585905,0.4188421533427483,0.19322222222222224,0.2747333333333333,,0,0,neutre,324,0,0,30,,,15.9,46.0,68.5,57.5,50,38.73,False,False,,0,,,,55,39843458,204325428,195000000.0,1000000000.0,1000000000.0,19.5,,,
IMXUSDT,IMX,Mid,239,0.1374,429779.982359,4.487,40.80725998231504,0.0004555058642484247,0.158972,0.18601849999999995,0.710770528580595,0.37728395061728404,0.3239506172839507,0.15115106391356734,0.6686574574142589,0.13496111111111106,0.18447222222222223,,0,0,neutre,365,0,0,30,,,31.0,28.0,68.5,47.0,50,38.7,False,False,,0,,,,46,115083010,273212061,842444578.3296283,2000000000.0,2000000000.0,42.1,24152380,$24M,-9.59
FIDAUSDT,FIDA,Speculative,758,0.02227,2293349.997537,-4.009,47.27978325696651,-2.9608708913194618e-05,0.023915200000000008,0.02410125000000001,1.5834908887178958,0.5453205600589537,0.45443380004912803,0.3740579123475375,0.23368291701903965,0.015093333333333332,0.030973611111111108,,0,0,neutre,365,0,0,30,,,17.0,37.0,32.5,68.0,50,38.67,False,False,,0,,,,46,22028659,22028659,990910740.53924,990910740.53924,1000000000.0,100.0,,,
EDENUSDT,EDEN,Speculative,,0.0443,1408480.56932,-3.905,45.99981122098333,0.0004398130046608848,0.05348200000000002,0.0475645,1.8491820665849033,0.6852003270645953,0.6369582992641046,0.3011095651139249,0.17532151057830703,0.03044444444444444,0.07663611111111111,,0,0,neutre,268,0,0,30,,,14.3,45.0,28.0,68.0,50,38.67,False,False,,0,,,,48,,,,,,,,,
ATUSDT,AT,Speculative,597,0.1433,636836.26018,1.631,52.8212488967926,0.0012271364383954087,0.13694799999999996,0.14777949999999998,1.4294586344012645,0.43656908063687727,0.2670775552131485,0.4192727612407111,0.07444730301533083,0.1186388888888889,0.17203055555555555,uptrend,1,0,haussier,210,0,0,30,,,12.8,57.0,56.5,57.5,50,38.6,False,False,,0,,,,56,32746472,142375966,230000000.0,1000000000.0,1000000000.0,23.0,,,
0GUSDT,0G,Mid,435,0.241,670277.34918,-2.823,18.4536003287471,0.0017463296941426926,0.4042399999999999,0.6223149999999997,0.8083151689066965,0.6116504854368933,0.6116504854368933,0.6207460738284267,0.45647214895295174,0.2829166666666666,0.5967500000000001,doji_4h,0,0,neutre,276,0,0,30,,,28.6,19.0,55.0,57.5,50,38.54,False,False,,0,,,,48,51096302,239664020,213199722.0,1000000000.0,,21.3,,,
ARKMUSDT,ARKM,Mid,311,0.1206,746114.9228,1.345,43.57424107138532,-0.0007521916127108195,0.13163000000000002,0.13973200000000013,1.1324282562188435,0.2830188679245283,0.21665582303188036,0.14219509500095956,0.4469391797533301,0.09758333333333337,0.14623055555555556,macd_bearish_cross|downtrend,0,2,baissier,365,0,0,30,,,31.0,28.0,62.5,57.5,0,38.51,False,False,,0,,,,33,79213376,120218367,658912429.0,1000000000.0,1000000000.0,65.9,,,
SNXUSDT,SNX,Mid,317,0.226,543896.2976,-3.419,33.952149914485105,0.00045633198838882644,0.28615999999999997,0.3417750000000002,0.6304934135760462,0.38524590163934425,0.38524590163934425,0.3146306592195709,0.6519919187902536,0.24069444444444443,0.3370555555555556,rsi_bullish_divergence|downtrend,1,1,mixte,365,0,0,30,,,31.0,19.0,68.5,57.5,19.4,38.51,False,False,,0,,,,36,77455252,77550495,344516234.4572882,344939867.5556631,344939867.0,99.9,29919717,$30M,-11.41
BABYUSDT,BABY,Mid,464,0.01287,474214.65783,-3.523,40.07234939176031,-0.00029667443241631497,0.015845400000000003,0.015551250000000008,1.678043754384122,0.3550505050505051,0.3550505050505051,0.19537791128351156,0.1277687987725467,0.013124444444444444,0.019050277777777777,,0,0,neutre,365,0,0,30,,,31.0,36.0,41.5,47.0,50,38.44,False,False,,0,,,,44,47332931,137827256,3723811559.98,10843248424.0,,34.3,3216776533,$3.2B,-4.17
MANAUSDT,MANA,Mid,219,0.0694,398697.9237,-2.116,42.630554763802664,0.0010817336563304623,0.080618,0.1028065,0.7679269128362403,0.36227544910179643,0.3093812375249501,0.5012907210246431,0.5958561643306561,0.06774444444444444,0.09596944444444445,double_top_90d,0,1,baissier,365,0,0,30,,,31.0,37.0,68.5,47.0,17.6,38.28,False,False,,0,,,,41,133876257,151730660,1935104211.0557714,2193179327.320146,,88.2,,,
BARDUSDT,BARD,Mid,451,0.147,760613.49659,-2.326,33.51809026408715,0.002324495189528108,0.20147199999999996,0.5667504999999999,0.7493458653237495,0.614081524616199,0.611699311805188,0.5290515101943201,0.6719622392108718,0.15566944444444444,0.34692222222222224,downtrend|doji_4h,0,1,baissier,280,0,0,30,,,28.7,28.0,55.0,57.5,19.4,38.27,False,False,,0,,,,37,48881040,146872608,332812500.0,1000000000.0,1000000000.0,33.3,560784415,$561M,-6.16
DGBUSDT,DGB,Mid,465,0.00257,44175.807766,-0.772,37.98855482968224,3.8921688598579337e-05,0.0031639999999999997,0.004439849999999999,0.7370350794073206,0.5081967213114754,0.4713114754098361,0.13485066160122888,0.559892450271537,0.0025713888888888887,0.004621666666666667,,0,0,neutre,365,0,0,30,,,31.0,28.0,59.5,47.0,50,38.16,False,False,,0,,,,45,47141604,47142818,18347537354.85034,18348010083.70755,21000000000.0,100.0,,,
TSTUSDT,TST,Speculative,,0.01125,4056748.985711,-0.794,38.181230567172975,-0.00018164517470605455,0.016558000000000003,0.013462350000000003,1.5392202213099062,0.5805832693783576,0.5694551036070606,0.5491938963602397,0.23554020543859067,0.008475555555555557,0.021259999999999994,downtrend,0,1,baissier,365,0,0,30,,,17.0,45.0,28.0,68.0,19.4,37.92,False,False,,0,,,,38,,,,,,,,,
LINEAUSDT,LINEA,Mid,398,0.002399,287106.691975,0.714,35.34917130507252,2.0212226913768756e-05,0.0030526800000000003,0.004187835000000001,0.7331871166919437,0.4664662349676225,0.44542090656799255,0.1475468119161991,0.5634181255478922,0.0024660000000000003,0.003830166666666667,rsi_bullish_divergence|doji_4h,1,0,haussier,288,0,0,30,,,28.9,28.0,68.5,47.0,50,37.84,False,False,,0,,,,46,57789262,171180517,24169536843.4717,71593816498.0,72009990000.0,33.8,,,
CFGUSDT,CFG,Mid,309,0.2096,715196.71733,-2.01,40.61896844182448,0.000847730947332862,0.253174,,1.0345110430059965,0.3882807469414037,0.32807469414037344,0.12130884658685702,0.3815378740732619,0.1701861111111111,0.299125,downtrend,0,1,baissier,101,0,0,30,,,23.8,36.0,58.0,57.5,19.4,37.8,False,False,,0,,,,40,79334988,141824550,380384016.0,680000000.0,,55.9,1634895869,$1.6B,-0.05
SOPHUSDT,SOPH,Speculative,847,0.00542,508166.4596,7.115,37.17099317649234,7.852341472859938e-05,0.006999400000000002,0.009684799999999995,0.7311211387677088,0.46951219512195125,0.4502032520325203,1.6114417976194493,0.6417017293938602,0.005391388888888887,0.00925,double_top_90d|downtrend,0,2,baissier,365,0,0,30,,,17.0,55.0,68.5,57.5,0,37.71,False,False,,0,,,,42,18636267,53975444,3452730697.0,10000000000.0,10000000000.0,34.5,,,
2ZUSDT,2Z,Mid,148,0.06738,422605.23326,-3.522,38.67760736310235,0.0004824132530831214,0.08561259999999998,0.09329450000000007,0.7548042870062545,0.4025686448184234,0.4025686448184234,0.32405304554494424,0.5100527287164489,0.06949861111111111,0.10266111111111112,rsi_bullish_divergence,1,0,haussier,266,0,0,30,,,28.3,28.0,68.5,47.0,50,37.59,False,False,,0,,,,46,233652191,673284265,3469759593.7,9998342093.7,10000000000.0,34.7,363078344,$363M,-4.62
CELOUSDT,CELO,Speculative,541,0.0631,441957.912354,3.664,42.006830794202095,0.0007800631302832153,0.0747666,0.09287664999999999,0.6603629908492301,0.43221411192214104,0.3916301703163017,1.6308225344357725,0.6500097092956193,0.0614263888888889,0.09403749999999997,,0,0,neutre,365,0,0,30,,,17.0,55.0,68.5,47.0,50,37.55,False,False,,0,,,,54,37665430,62545230,602211072.0,1000000000.0,1000000000.0,60.2,,,
CHZUSDT,CHZ,Mid,166,0.0196,2737355.62121,3.104,24.97006103442314,-5.7251218862325315e-05,0.0338536,0.039189,1.1515287250185826,0.6117296222664016,0.6113320079522863,0.45620987085515224,0.3188862569291009,0.02357,0.04769333333333334,downtrend|evening_star_4h,0,2,baissier,365,0,0,30,,,31.0,10.0,44.5,68.0,0,37.54,False,False,,0,,,,31,203721469,203721469,10429823561.0,10429823561.0,,100.0,,,
WBTCUSDT,WBTC,Speculative,,62526.62,2538755.1802823,0.261,37.008612910765144,331.35621713727005,71005.19140000001,76190.25739999999,0.43036412269812546,0.25876944840793126,0.2372954722851797,0.4239072941807811,0.9995794247346883,62845.76305555555,79842.35444444444,rsi_bullish_divergence|downtrend,1,1,mixte,365,0,0,30,,,17.0,28.0,69.5,68.0,19.4,37.53,False,False,,0,,,,39,,,,,,,7148542891,$7.1B,-3.58
SAGAUSDT,SAGA,Speculative,,0.0139,1332514.81606,-4.99,44.24618139322875,0.00040496711553244407,0.018099199999999996,0.03438025000000001,1.1328543871607044,0.7284034373586613,0.6858887381275441,0.2995452167779701,0.18458756382082347,0.013349444444444445,0.03063333333333334,,0,0,neutre,365,0,0,30,,,17.0,28.0,38.5,68.0,50,37.5,False,False,,0,,,,42,,,,,,,,,
GPSUSDT,GPS,Speculative,530,0.00882,499553.556937,-1.342,58.61147664774439,7.121870092562441e-05,0.007695199999999998,0.007812600000000001,1.1824515592909843,0.3026455026455026,0.06772486772486772,0.2268974033517421,0.19922867115162815,0.006853611111111111,0.009236944444444443,,0,0,neutre,365,0,0,30,,,17.0,57.0,61.0,47.0,50,37.44,False,False,,0,,,,57,38819291,88043572,4409100001.78,10000000000.0,10000000000.0,44.1,26526959,$27M,-4.91
HOLOUSDT,HOLO,Mid,467,0.0649,478884.96356,1.406,46.52858778102581,-5.711649574965472e-06,0.07063000000000001,0.06593,1.0890325122347735,0.3699421965317919,0.25317919075144496,0.2490886728020556,0.3725019151509408,0.05388055555555555,0.0776861111111111,macd_bearish_cross|downtrend,0,2,baissier,287,0,0,30,,,28.9,45.0,62.5,47.0,0,37.35,False,False,,0,,,,42,46952310,132395056,726298493.999999,2048000000.0,2048000000.0,35.5,,,
STORJUSDT,STORJ,Speculative,,0.0744,558993.2979,0.677,37.452473233530874,0.0005490781075441695,0.09477800000000002,0.10647350000000001,0.7244665638607646,0.45502645502645506,0.4399092970521542,1.38500072433552,0.3821917076947935,0.07657222222222222,0.11711388888888889,downtrend,0,1,baissier,365,0,0,30,,,17.0,46.0,68.5,57.5,19.4,37.35,False,False,,0,,,,44,,,,,,,,,
IOTAUSDT,IOTA,Mid,178,0.0417,534677.9896,0.0,31.14933498510422,-0.0001808795119722091,0.05316800000000001,0.06846349999999997,0.7667555043448376,0.363914373088685,0.363914373088685,0.1488121136547459,0.5548504654322383,0.045258333333333345,0.06235277777777778,macd_bearish_cross|downtrend,0,2,baissier,365,0,0,30,,,31.0,19.0,68.5,57.5,0,37.34,False,False,,0,,,,32,187543058,204518552,4510000963.0,4918224527.0,,91.7,,,
1INCHUSDT,1INCH,Mid,270,0.0699,177063.06829,-0.285,33.64514722589041,0.00032023295880186185,0.084038,0.1080025,0.5476586764864344,0.3435700575815739,0.33013435700575816,0.14666788943174128,0.8303988732275525,0.0716361111111111,0.09876111111111112,rsi_bullish_divergence,1,0,haussier,365,0,0,30,,,31.0,19.0,71.0,47.0,50,37.33,False,False,,0,,,,44,97843765,104416879,1405573965.7275033,1499999999.997,1500000000.0,93.7,2410904,$2M,-5.76
WINUSDT,WIN,Speculative,787,2.089e-05,273448.95229336,5.292,71.10200647112005,3.690205721270202e-07,1.9474399999999994e-05,2.3131949999999998e-05,0.474047882052989,0.2589167767503303,0.07529722589167777,0.9869463189157887,0.5655129452752504,1.7883333333333332e-05,2.1350555555555556e-05,downtrend,0,1,baissier,365,0,0,30,,,17.0,57.0,88.0,47.0,19.4,37.22,False,False,,0,,,,51,20854767,20854767,993701854154.286,993701859243.3864,,100.0,,,
XTZUSDT,XTZ,Mid,142,0.2206,210226.93306,0.182,29.067547164308408,0.0019077570060383638,0.302188,0.4005139999999999,0.7636756939948437,0.4504616920389318,0.4504616920389318,0.24746987526095293,0.6691800020717249,0.23525833333333335,0.38260277777777785,rsi_bullish_divergence,1,0,haussier,365,0,0,30,,,31.0,19.0,68.5,47.0,50,37.18,False,False,,0,,,,50,239241655,243633290,1088735759.254839,1108721115.355947,,98.2,,,
ASTRUSDT,ASTR,Mid,476,0.005269,180925.0073804,2.41,30.76304687076143,2.2401709505316984e-05,0.007100780000000002,0.008436615000000001,0.8015121933213092,0.44997907074089577,0.4490372540812056,0.44047755292518526,0.6191954826566487,0.005595833333333335,0.008843194444444445,bullish_engulfing_4h|morning_star_4h,2,0,haussier,365,0,0,30,,,31.0,19.0,68.5,47.0,50,37.18,False,False,,0,,,,44,45803319,45807392,8716571264.0,8717346188.0,10000000000.0,100.0,15592685,$16M,-10.94
CKBUSDT,CKB,Mid,452,0.000997,143549.553775,-0.4,28.97968197317232,2.2270720786309777e-07,0.0012967400000000002,0.0017545750000000013,0.6404403328631483,0.42889908256880743,0.42889908256880743,0.18425053314977027,0.620158616174194,0.0010674444444444444,0.0016165555555555558,,0,0,neutre,365,0,0,30,,,31.0,19.0,68.5,47.0,50,37.18,False,False,,0,,,,50,48766509,49581380,49010656796.72275,49829606939.90773,,98.4,,,
BATUSDT,BAT,Mid,221,0.0879,233342.3743,1.736,41.614906717847624,0.00013513109203863423,0.09878199999999998,0.13385500000000009,0.907442393960857,0.3046744574290484,0.26794657762938234,0.23107439825819093,0.5075224814844495,0.08887222222222223,0.11169999999999998,rsi_bullish_divergence|downtrend,1,1,mixte,365,0,0,30,,,31.0,28.0,73.0,47.0,19.4,37.14,False,False,,0,,,,40,130953782,131328097,1495724656.9526057,1500000000.0,1500000000.0,99.7,,,
OPENUSDT,OPEN,Speculative,545,0.1736,1573758.45801,-5.292,37.79154208848122,-0.006011725448732294,0.20153600000000002,0.18202249999999995,1.2455731834696377,0.42691751085383495,0.37192474674384945,0.33312387742025357,0.25448591624954325,0.1661194444444444,0.24839444444444445,macd_bearish_cross,0,1,baissier,290,0,0,30,,,14.9,36.0,52.0,68.0,21.0,37.09,False,False,,0,,,,39,37341322,173277596,215500000.0,1000000000.0,1000000000.0,21.6,,,
OPNUSDT,OPN,Speculative,980,0.0735,3642623.87956,4.108,36.584017673623784,0.0013721524121561648,0.14322800000000002,,3.2168073453319668,0.7203846153846154,0.7173076923076923,0.9098030405911703,0.007933251835884591,0.08365,0.21418888888888887,macd_bullish_cross,1,0,haussier,112,0,0,30,,,10.1,45.0,28.0,68.0,50,36.92,False,False,,0,,,,45,13322297,73306460,181734276.26,1000000000.0,1000000000.0,18.2,5244712,$5M,-2.5
COMPUSDT,COMP,Mid,189,16.7,376783.59655,-2.567,36.821199562720054,0.04629473524685146,19.4476,21.33605,0.6268653490588832,0.3888677087304613,0.3652306519252765,0.31309568049084036,0.40789326937532655,16.769444444444442,24.454444444444444,downtrend,0,1,baissier,365,0,0,30,,,31.0,28.0,68.5,47.0,19.4,36.87,False,False,,0,,,,39,160768063,166285598,9668189.278360886,10000000.0,10000000.0,96.7,1064272618,$1.1B,-2.93
POLYXUSDT,POLYX,Mid,466,0.0366,240407.81767,1.95,33.80737866377541,6.168033190452876e-05,0.046827999999999995,0.04936900000000002,0.6888285005197562,0.36731107205623903,0.3585237258347979,0.5333991646164935,0.5660573488892774,0.03858055555555555,0.05577222222222222,downtrend,0,1,baissier,365,0,0,30,,,31.0,28.0,68.5,47.0,19.4,36.87,False,False,,0,,,,39,47020632,47020632,1289966829.606079,1289966829.606079,,100.0,,,
TURBOUSDT,TURBO,Mid,396,0.000845,199018.183351,0.118,35.22968223168634,6.28758747207865e-06,0.0010475800000000002,0.0012651350000000006,0.6766908769670031,0.3983859134262656,0.3829787234042554,0.10218666716585884,0.58287992318437,0.0008669722222222222,0.00129825,rsi_bullish_divergence|downtrend,1,1,mixte,365,0,0,30,,,31.0,28.0,68.5,47.0,19.4,36.87,False,False,,0,,,,39,57989652,57989652,69000000000.0,69000000000.0,69000000000.0,100.0,,,
FLOWUSDT,FLOW,Mid,469,0.02812,131253.2499217,1.995,39.856814767592105,0.00019317084574307008,0.0326576,0.05962650000000002,0.6167965451266083,0.41085972850678737,0.36674208144796383,0.09747557344383811,0.49883914332415963,0.02776111111111111,0.04164583333333334,downtrend,0,1,baissier,365,0,0,30,,,31.0,28.0,68.5,47.0,19.4,36.87,False,False,,0,,,,39,46606401,46606401,1669729396.899536,1669729396.899536,,100.0,,,
ENSUSDT,ENS,Mid,183,4.39,565509.2368,0.0,30.12565169563284,-0.02753537419843799,5.7312,7.054000000000002,0.7051274059962122,0.4059539918809202,0.4059539918809202,0.2950463011244767,0.7144667648888012,4.772222222222221,6.73361111111111,macd_bearish_cross|downtrend|doji_4h,0,2,baissier,365,0,0,30,,,31.0,19.0,60.5,57.5,0,36.86,False,False,,0,,,,30,176818048,437574774,40408647.500078425,100000000.0,100000000.0,40.4,,,
ACEUSDT,ACE,Speculative,,0.0802,802927.94775,4.427,38.97092813120514,0.0006439402216805133,0.10593199999999997,0.16603800000000002,1.028452857131348,0.456338028169014,0.4352112676056338,1.104203971738948,0.5460436292770147,0.08329444444444446,0.13523611111111114,macd_bullish_cross|downtrend,1,1,mixte,365,0,0,30,,,17.0,46.0,58.0,57.5,19.4,36.72,False,False,,0,,,,43,,,,,,,,,
VETUSDT,VET,Mid,114,0.004637,422625.8913419,-1.193,32.82564979197413,2.8879220324645998e-05,0.00599724,0.008055155000000001,0.7006380939749591,0.4191361125062783,0.4191361125062783,0.15489909056730605,0.701106611822754,0.00488113888888889,0.007587722222222222,,0,0,neutre,365,0,0,30,,,31.0,19.0,60.5,47.0,50,36.7,False,False,,0,,,,42,397574410,397574410,85985041177.0,85985041177.0,86712634466.0,100.0,,,
SUSHIUSDT,SUSHI,Mid,490,0.1633,218940.12962,-0.488,35.301185101234026,-0.0006842193587053968,0.19962799999999994,0.23373000000000002,1.0526444831934352,0.3696945656485521,0.3696945656485521,0.5120391250490709,0.4389277226954851,0.17286388888888882,0.23496111111111107,macd_bearish_cross|downtrend,0,2,baissier,365,0,0,30,,,31.0,37.0,58.0,47.0,0,36.6,False,False,,0,,,,35,43938233,46915999,273012266.12632084,291514753.9009228,,93.7,32029646,$32M,-4.64
CFXUSDT,CFX,Mid,144,0.04573,340261.95339,-0.522,40.557654126026215,0.0003614571635083702,0.054034000000000006,0.05972585000000001,0.6613994335667044,0.4350886339937435,0.40419708029197077,0.12140162345083645,0.515390511802534,0.045875555555555544,0.06617666666666668,bearish_engulfing_4h,0,1,baissier,365,0,0,30,,,31.0,28.0,68.5,47.0,14.3,36.56,False,False,,0,,,,38,238003846,238230413,5213885114.89,5218848460.66,,99.9,,,
MOVEUSDT,MOVE,Mid,485,0.0112,230866.34872,2.752,35.865718377111875,4.874024562692876e-05,0.014807999999999997,0.023408,1.0173991880893831,0.46411483253588515,0.46411483253588515,0.14418058966313896,0.48265911937338124,0.01196111111111111,0.01996666666666667,evening_star_4h,0,1,baissier,365,0,0,30,,,31.0,28.0,58.0,47.0,24.0,36.51,False,False,,0,,,,38,44628956,111514309,4002083333.0,10000000000.0,10000000000.0,40.0,,,
DYMUSDT,DYM,Speculative,,0.0175,620739.49933,-1.13,46.24083121713154,0.0003120730923722697,0.020644,0.038959499999999994,1.0538679360731826,0.5222929936305732,0.4426751592356687,0.20750323861386347,0.3266967693010458,0.01638055555555555,0.02672777777777778,doji_4h,0,0,neutre,365,0,0,30,,,17.0,37.0,49.0,57.5,50,36.49,False,False,,0,,,,49,,,,,,,,,
GNSUSDT,GNS,Speculative,,0.541,44789.11996,-0.734,47.704719466490374,-0.00333964863726364,0.5294800000000002,0.804625,0.762272113835526,0.3925233644859813,0.2790387182910547,0.10825619597375058,0.3957230028476773,0.4723611111111113,0.728638888888889,macd_bearish_cross,0,1,baissier,365,0,0,30,,,17.0,57.0,73.0,47.0,21.0,36.42,False,False,,0,,,,52,,,,,,,14093110,$14M,5.04
MASKUSDT,MASK,Speculative,512,0.403,387354.1341,3.866,53.02141041769869,0.006747834394669958,0.43132000000000015,0.4977000000000001,0.6624797872963362,0.39361702127659565,0.28191489361702116,0.550090373539688,0.5773044051147367,0.3678888888888889,0.5323333333333333,,0,0,neutre,365,0,0,30,,,17.0,46.0,73.0,47.0,50,36.29,False,False,,0,,,,55,40412536,40412536,100000000.0,100000000.0,100000000.0,100.0,,,
1000CHEEMSUSDT,1000CHEEMS,Speculative,,0.000489,627789.350327,0.411,37.52882620455863,-4.63702271993687e-06,0.0005928,0.0006579749999999996,0.8828407135753673,0.34065934065934067,0.3296703296703297,0.32377023640839886,0.5051188552444347,0.0004338055555555556,0.0006715555555555556,,0,0,neutre,365,0,0,30,,,17.0,28.0,68.5,57.5,50,36.14,False,False,,0,,,,46,,,,,,,,,
DODOUSDT,DODO,Speculative,892,0.01663,389488.463701,1.962,52.22519632318318,0.00019871484329652062,0.017484000000000003,0.0170868,0.9256619593235289,0.3785166240409208,0.2864450127877238,0.34304056245375275,0.3510368102349931,0.014566944444444445,0.020803055555555554,,0,0,neutre,365,0,0,30,,,17.0,45.0,73.0,47.0,50,36.13,False,False,,0,,,,55,16709687,16709687,1000000000.0,1000000000.0,1000000000.0,100.0,11076699,$11M,0.03
GIGGLEUSDT,GIGGLE,Speculative,686,26.11,2403966.19262,3.776,41.52685320775223,0.012957165205544685,30.883599999999984,39.70220000000003,0.9742221060487276,0.48581203461461053,0.47434091366472125,0.2744253919907102,0.38154820466992223,24.006666666666675,39.127777777777766,downtrend|doji_4h,0,1,baissier,243,0,0,30,,,13.7,28.0,68.5,68.0,19.4,36.1,False,False,,0,,,,39,26094146,26094146,1000000.0,1000000.0,1000000.0,100.0,,,
NXPCUSDT,NXPC,Mid,296,0.2865,406318.88065,-3.013,33.60072116799128,-0.007034981031023152,0.35004599999999997,0.33316550000000006,1.0451066897836125,0.3364161849710983,0.3364161849710983,0.274008675769391,0.3091541811177604,0.28003055555555556,0.39142222222222217,downtrend,0,1,baissier,365,0,0,30,,,31.0,27.0,58.0,47.0,19.4,36.07,False,False,,0,,,,37,82353604,285560738,286821602.3429133,994552574.1697733,1000000000.0,28.8,,,
SUPERUSDT,SUPER,Mid,407,0.0894,366166.763,1.246,34.53738249269368,0.000192132399983563,0.10883999999999999,0.14419299999999996,0.5980502294021639,0.35131195335276966,0.35131195335276966,0.3406638228075466,0.5024575361212466,0.09335555555555558,0.13328055555555557,downtrend,0,1,baissier,365,0,0,30,,,31.0,19.0,79.0,47.0,19.4,35.97,False,False,,0,,,,38,56968160,88989871,640164549.0,1000000000.0,1000000000.0,64.0,,,
KSMUSDT,KSM,Mid,382,3.35,215707.84098,2.446,27.178535887523807,0.012253066928529954,4.4266000000000005,5.302,0.5661849453059055,0.4424040066777964,0.4424040066777964,0.24332623153562236,0.5835854754634744,3.568055555555557,5.471111111111111,downtrend,0,1,baissier,365,0,0,30,,,31.0,19.0,79.0,47.0,19.4,35.97,False,False,,0,,,,44,61553085,61553085,18411707.93212937,18411707.93212937,,100.0,,,
EGLDUSDT,EGLD,Mid,302,2.66,161403.7361,0.0,26.466104652241185,0.010635018158428017,3.5487999999999977,4.6509,0.579971439935271,0.44813278008298757,0.44813278008298757,0.29439634535688736,0.6767474169527734,2.8625,4.453333333333333,downtrend,0,1,baissier,365,0,0,30,,,31.0,19.0,79.0,47.0,19.4,35.97,False,False,,0,,,,44,80210076,80210076,30209087.0,30209087.0,,100.0,,,
TFUELUSDT,TFUEL,Mid,404,0.00781,106468.73714,1.56,28.19713763348618,2.8938947127761473e-05,0.009829,0.01378215,0.4978031481058842,0.375,0.375,0.4534004854152503,0.661023708738012,0.008249722222222226,0.011979444444444445,downtrend,0,1,baissier,365,0,0,30,,,31.0,19.0,79.0,47.0,19.4,35.97,False,False,,0,,,,44,57095326,57095326,7376026794.0,7376026796.0,,100.0,,,
XECUSDT,XEC,Mid,257,5.21e-06,89605.67211395,0.579,30.70092038664113,2.7793235714698973e-08,6.542399999999999e-06,8.1508e-06,0.5344171176189855,0.3986095017381228,0.39745075318655854,0.31012925591822954,0.6953461802715337,5.398888888888888e-06,7.7475e-06,downtrend,0,1,baissier,365,0,0,30,,,31.0,19.0,79.0,47.0,19.4,35.97,False,False,,0,,,,38,104108229,104108456,20046185922580.0,20046229672580.0,21000000000000.0,100.0,,,
XNOUSDT,XNO,Mid,482,0.341,66638.25568,1.791,34.59526185034646,-0.0013146689007156945,0.4136799999999999,0.5419549999999997,0.5898245858444117,0.37009345794392523,0.3663551401869159,0.12964093292858944,0.4763690028810938,0.3614166666666666,0.5019444444444445,downtrend,0,1,baissier,365,0,0,30,,,31.0,19.0,79.0,47.0,19.4,35.97,False,False,,0,,,,38,45143028,45143028,133248297.0,133248297.0,133248297.0,100.0,,,
ZRXUSDT,ZRX,Mid,345,0.0816,65240.0634,1.493,29.036076795242366,2.852049088924828e-05,0.09956199999999998,0.11280749999999994,0.5558150803453729,0.3583860759493671,0.3583860759493671,0.1703637798498692,0.6472901149332206,0.08524722222222222,0.11780833333333335,downtrend,0,1,baissier,365,0,0,30,,,31.0,19.0,79.0,47.0,19.4,35.97,False,False,,0,,,,44,68840546,81141944,848396562.906836,1000000000.0,1000000000.0,84.8,,,
RVNUSDT,RVN,Mid,368,0.00396,158046.533124,1.02,28.44332275240285,5.8960557421568476e-06,0.0050241999999999995,0.006024500000000003,0.5705520626376638,0.38281249999999994,0.38281249999999994,0.2727124145454739,0.6848765529406348,0.004196944444444443,0.006137500000000001,double_top_90d|doji_4h,0,1,baissier,365,0,0,30,,,31.0,19.0,79.0,47.0,17.6,35.86,False,False,,0,,,,44,64241664,64244592,16313945643.21267,16314741893.21267,21000000000.0,100.0,,,
SCRUSDT,SCR,Speculative,,0.0313,853816.239662,-0.318,36.55484426044734,0.00017723471272334916,0.04051060000000001,0.05327209999999999,0.7152750164534358,0.4487084870848708,0.42324723247232465,0.5046664532824742,0.563987734444051,0.032403888888888885,0.05078222222222223,downtrend,0,1,baissier,365,0,0,30,,,17.0,37.0,68.5,57.5,19.4,35.83,False,False,,0,,,,42,,,,,,,,,
DUSKUSDT,DUSK,Mid,456,0.0824,132632.474,3.518,31.325103475192563,0.00046861662379269614,0.11591799999999998,0.1028024999999999,0.7474935513661949,0.5015403573629083,0.496611213801602,0.08190554575085562,0.2635117630518096,0.08872500000000001,0.15428333333333336,downtrend,0,1,baissier,365,0,0,30,,,31.0,27.0,53.5,47.0,19.4,35.8,False,False,,0,,,,36,48279742,48279742,589862638.7874175,589862638.7874175,1000000000.0,100.0,,,
NEOUSDT,NEO,Mid,206,2.054,394555.3988,0.0,25.91838345576501,0.00589164412804602,2.5973000000000006,2.998320000000001,0.48279437714795237,0.3765206812652068,0.3765206812652068,0.36950005625312304,0.7235771712390598,2.1644722222222215,3.0492777777777773,downtrend,0,1,baissier,365,0,0,30,,,31.0,19.0,71.0,47.0,19.4,35.49,False,False,,0,,,,43,144446201,204801080,70530000.0,100000000.0,,70.5,,,
ZILUSDT,ZIL,Mid,394,0.00303,180173.496033,0.664,32.03313195901566,1.426629008654455e-05,0.003637800000000001,0.004266100000000002,0.5615124053315318,0.3265765765765766,0.31981981981981983,0.2541294451449469,0.7400555500163841,0.0031080555555555553,0.004251666666666667,rsi_bullish_divergence|downtrend,1,1,mixte,365,0,0,30,,,31.0,19.0,71.0,47.0,19.4,35.49,False,False,,0,,,,37,58775158,61729730,19513551525.0,20494479210.58991,21000000000.0,95.2,,,
HOTUSDT,HOT,Mid,428,0.000298,55804.457512,0.337,32.13878427219787,1.7222171431295184e-06,0.0003634800000000001,0.00042345499999999967,0.5221229460068889,0.3522975929978118,0.3522975929978118,0.08665428718193159,0.7406172255831764,0.00030766666666666675,0.0004470555555555556,rsi_bullish_divergence|downtrend,1,1,mixte,365,0,0,30,,,31.0,19.0,71.0,47.0,19.4,35.49,False,False,,0,,,,37,52521237,52521237,177619433541.1413,177619433541.1413,,100.0,,,
THETAUSDT,THETA,Mid,205,0.1453,265365.5052,-0.548,32.63654251404458,0.00020372580251054595,0.18408000000000002,0.21827000000000002,0.6560517148085625,0.41295546558704455,0.41295546558704455,0.1915077159094842,0.5872660514113685,0.1491472222222222,0.2277777777777778,downtrend,0,1,baissier,365,0,0,30,,,31.0,19.0,68.5,47.0,19.4,35.34,False,False,,0,,,,36,144682914,144682914,1000000000.0,1000000000.0,1000000000.0,100.0,,,
STXUSDT,STX,Mid,129,0.1749,249724.91162,-0.738,34.506483481920014,0.0007399882727641763,0.21964799999999995,0.25413500000000017,0.6963586800823658,0.3570375829034635,0.3570375829034635,0.14181100403002897,0.6975473465158551,0.18206111111111112,0.26121944444444445,rsi_bullish_divergence|downtrend,1,1,mixte,365,0,0,30,,,31.0,19.0,68.5,47.0,19.4,35.34,False,False,,0,,,,36,323322425,323322425,1850254653.14855,1850254653.14855,,100.0,,,
AXLUSDT,AXL,Mid,445,0.0418,235056.20132,1.211,37.56144335530159,0.00019748579554981207,0.054132,0.06325600000000002,0.935835333582877,0.4981773997569866,0.4933171324422843,0.19696664576179518,0.29774836803941807,0.04278888888888889,0.07274444444444444,rsi_bullish_divergence|downtrend|shooting_star_4h,1,2,baissier,365,0,0,30,,,31.0,28.0,62.5,47.0,0,35.34,False,False,,0,,,,33,49402909,51606908,1191933731.467083,1245109160.772056,,95.7,136691688,$137M,-5.08
GASUSDT,GAS,Mid,354,1.044,108967.568,-0.287,27.608138082300954,0.0073297874136071944,1.37814,1.6732949999999998,0.6343227872243181,0.4276315789473684,0.4276315789473684,0.1566993628872933,0.6047701965140494,1.1050555555555555,1.7575277777777776,rsi_bullish_divergence|downtrend|doji_4h,1,1,mixte,365,0,0,30,,,31.0,19.0,68.5,47.0,19.4,35.34,False,False,,0,,,,42,67611194,67611194,65093580.54427269,65093580.54427269,,100.0,,,
QTUMUSDT,QTUM,Mid,335,0.684,56548.9995,0.0,32.375861592631296,0.001417432105350211,0.8323,1.017085,0.6007987473159256,0.34770114942528735,0.34770114942528735,0.1401385579315732,0.6334319388638057,0.7125555555555557,0.980527777777778,downtrend,0,1,baissier,365,0,0,30,,,31.0,19.0,68.5,47.0,19.4,35.34,False,False,,0,,,,36,72120953,73325085,106051764.75,107822406.0,,98.4,,,
SENTUSDT,SENT,Mid,261,0.01405,395680.60844,1.079,43.60659983460114,-0.0001859925721873348,0.015621799999999998,,1.4088013593115694,0.3924418604651162,0.31879844961240306,0.16785197363979626,0.30278990757173496,0.014088611111111113,0.0187375,macd_bearish_cross|doji_4h,0,1,baissier,154,0,0,30,,,25.2,36.0,58.0,47.0,21.0,35.32,False,False,,0,,,,40,101545845,482059341,7237882055.0,34359738368.0,34359738368.0,21.1,,,
STOUSDT,STO,Speculative,,0.0476,1664096.25871,2.586,37.27144350966618,0.0006435777443035227,0.06339399999999999,0.08547449999999993,1.4053700451664632,0.894220040169605,0.894220040169605,0.20785835906856542,0.08432351442858162,0.0503888888888889,0.20718333333333336,rsi_bullish_divergence|downtrend,1,1,mixte,365,0,0,30,,,17.0,28.0,32.5,68.0,19.4,35.31,False,False,,0,,,,33,,,,,,,,,
KATUSDT,KAT,Speculative,,0.00543,1734078.90013,3.232,38.01708008412785,6.562052946306482e-05,0.0072917999999999985,,1.0832353472361171,0.7947474747474748,0.7810101010101009,0.5805036516450017,0.14790410285970643,0.005594722222222223,0.012636944444444445,downtrend,0,1,baissier,99,0,0,30,,,9.7,45.0,32.5,68.0,19.4,35.21,False,False,,0,,,,38,,,,,,,,,
PLUMEUSDT,PLUME,Mid,384,0.01024,442205.74295,-1.158,38.39019585050028,-1.3317868782266934e-05,0.012326800000000002,0.013050749999999995,0.7272554129361208,0.3549007046764894,0.34401024983984624,0.12330562941512026,0.44166189400531375,0.009771388888888888,0.014464999999999999,macd_bearish_cross|downtrend,0,2,baissier,311,0,0,30,,,29.5,28.0,68.5,47.0,0,35.1,False,False,,0,,,,34,61001865,102184208,5969793823.0,10000000000.0,10000000000.0,59.7,,,
YFIUSDT,YFI,Mid,380,1729.0,105505.48988,-1.313,30.06480018403684,3.723734576569939,2241.38,2782.995,0.7213301103511173,0.3915343915343915,0.3915343915343915,0.27302730110966306,0.7218627966788534,1849.1666666666667,2776.4166666666665,downtrend,0,1,baissier,365,0,0,30,,,31.0,19.0,60.5,47.0,19.4,34.86,False,False,,0,,,,35,61731426,63196555,35815.94701468851,36666.0,36666.0,97.7,144531636,$145M,-4.4
OSMOUSDT,OSMO,Speculative,620,0.0402,613518.513322,-1.229,40.906928799168846,-0.0003678156787501785,0.051228000000000024,0.04430349999999998,1.605625188474615,0.5825688073394495,0.5412844036697247,0.6224511565704584,0.2357066304691821,0.03041666666666666,0.06729444444444446,macd_bearish_cross,0,1,baissier,365,0,0,30,,,17.0,45.0,28.0,57.5,21.0,34.85,False,False,,0,,,,38,31314910,39296400,778462265.611509,976875396.345889,1000000000.0,79.7,14484688,$14M,-8.83
GRTUSDT,GRT,Mid,168,0.0187,423437.53688,-0.796,30.790582960117533,0.00010597730197325667,0.023585799999999994,0.028872449999999987,0.5662789312560566,0.3549948150708607,0.3549948150708607,0.2713536997787418,0.6459256447122536,0.019541388888888882,0.027596666666666665,double_top_90d|downtrend,0,2,baissier,365,0,0,30,,,31.0,19.0,79.0,47.0,0,34.81,False,False,,0,,,,33,201376540,201383909,10799867657.47347,10800262816.04821,10800262823.318213,100.0,,,
LPTUSDT,LPT,Mid,298,1.634,348030.63057,-1.149,30.50324354183944,-0.004496365918381984,1.9985799999999996,2.442989999999999,0.5471344380758624,0.31867671691792293,0.3144891122278057,0.25473628594076464,0.6034979918033067,1.7558333333333336,2.316611111111111,macd_bearish_cross|downtrend,0,2,baissier,365,0,0,30,,,31.0,19.0,79.0,47.0,0,34.81,False,False,,0,,,,33,81206100,81206100,49688954.55,49688954.55,,100.0,,,
ONTUSDT,ONT,Mid,487,0.04438,257615.50749,1.139,33.021017444257964,0.0001422533149876195,0.053493799999999994,0.05860599999999998,0.5217906975431797,0.6078554173749665,0.6041871700814172,0.2599089510785715,0.23145065634769632,0.04635888888888889,0.09134250000000002,downtrend,0,1,baissier,365,0,0,30,,,31.0,19.0,59.5,47.0,19.4,34.8,False,False,,0,,,,35,44186600,44186600,1000000000.0,1000000000.0,,100.0,,,
MOVRUSDT,MOVR,Speculative,954,1.164,1146935.291683,-8.274,31.68470339531676,0.011739456545126759,1.7891200000000007,1.8684200000000006,0.8922130822478239,0.6034955448937629,0.6034955448937629,0.44809656749575266,0.29790676303932034,1.1389444444444443,2.680305555555555,downtrend,0,1,baissier,365,0,0,30,,,17.0,19.0,49.0,68.0,19.4,34.77,False,False,,0,,,,33,14392265,14512983,12454463.0,12558927.0,,99.2,,,
BTTCUSDT,BTTC,Speculative,,2.8e-07,300560.32247175,0.0,50.2279629264311,3.431013002602977e-09,2.996000000000002e-07,3.4369999999999925e-07,0.6438988089375972,0.2571428571428571,0.1999999999999999,0.30248909994242806,0.46714768212950397,2.6527777777777793e-07,3.327777777777779e-07,doji_4h,0,0,neutre,365,0,0,30,,,17.0,37.0,73.0,47.0,50,34.77,False,False,,0,,,,53,,,,,,,,,
MBLUSDT,MBL,Speculative,986,0.000682,884072.711748,-1.587,31.904596747583568,3.685385577413994e-06,0.0008354199999999999,0.00099275,0.6086644698833183,0.40193491644678975,0.40193491644678975,0.4552054751694212,0.4898446010824181,0.00070525,0.0010010833333333334,rsi_bullish_divergence,1,0,haussier,365,0,0,30,,,17.0,19.0,68.5,57.5,50,34.62,False,False,,0,,,,44,13232366,20405740,19453887214.0,30000000000.0,30000000000.0,64.8,,,
ACXUSDT,ACX,Speculative,658,0.04025,136792.052358,1.411,43.145994389890085,-0.00017027903195188462,0.0421188,0.04390670000000001,0.46941218727224576,0.15783898305084743,0.14936440677966104,0.27341489411368464,0.39334698143848795,0.04045,0.045210555555555546,morning_star_4h,1,0,haussier,365,0,0,30,,,17.0,28.0,95.5,47.0,50,34.6,False,False,,0,,,,51,28224266,40053872,704657633.0,1000000000.0,1000000000.0,70.5,19816882,$20M,-9.28
DCRUSDT,DCR,Mid,172,11.2,141715.24342,1.357,29.44230441398915,0.09411731225204667,15.095200000000002,20.052450000000018,0.6214764007244509,0.5154146765089015,0.5154146765089015,0.24328778464410777,0.6503054011613613,11.94111111111111,21.50277777777778,rsi_bullish_divergence|downtrend|doji_4h,1,1,mixte,365,0,0,30,,,31.0,19.0,55.0,47.0,19.4,34.53,False,False,,0,,,,40,195364999,195366198,17481164.48156517,17481271.69354037,21000000.0,100.0,,,
OGUSDT,OG,Speculative,,2.622,381849.1637,3.636,45.883375275298164,0.004188219378303951,2.9225800000000004,4.399879999999998,0.8296302005337975,0.4030379746835443,0.3349367088607596,0.30035417705414097,0.3994398272476684,2.5368888888888894,3.3767777777777783,,0,0,neutre,365,0,0,30,,,17.0,37.0,68.5,47.0,50,34.5,False,False,,0,,,,52,,,,,,,,,
HUMAUSDT,HUMA,Speculative,531,0.02246,405673.75531,-0.133,45.41501660741214,-0.00018956127749890334,0.02364679999999999,0.02147459999999999,0.9176851226246923,0.2806462943449244,0.2118018967334035,0.18986345206390806,0.39045635104666604,0.01483722222222222,0.026092777777777784,macd_bearish_cross|bullish_engulfing_4h,1,1,mixte,365,0,0,30,,,17.0,45.0,73.0,47.0,21.0,34.38,False,False,,0,,,,48,38770629,223676703,1733333333.0,10000000000.0,10000000000.0,17.3,,,
NFPUSDT,NFP,Speculative,,0.00714,560204.33085,0.422,37.08950222004877,9.918356917630491e-05,0.009902999999999997,0.01671184999999999,1.4410616355132468,0.5919770773638969,0.5919770773638969,0.2710961379961505,0.2702209415511131,0.007677777777777777,0.015903611111111108,,0,0,neutre,365,0,0,30,,,17.0,28.0,38.5,57.5,50,34.34,False,False,,0,,,,42,,,,,,,,,
RAREUSDT,RARE,Speculative,,0.0123,553573.92465,-8.209,39.62791598780619,3.544111707200334e-05,0.015,0.018222499999999996,0.9502949774975962,0.49372384937238495,0.4895397489539749,0.32163800836128137,0.44777926421059916,0.012833333333333332,0.018522222222222228,rsi_bullish_divergence|downtrend,1,1,mixte,365,0,0,30,,,17.0,28.0,68.5,57.5,19.4,34.3,False,False,,0,,,,39,,,,,,,,,
BNSOLUSDT,BNSOL,Speculative,,77.4,438586.3854,0.519,42.26561824799056,0.7353907579085641,87.89000000000001,106.1645000000001,0.6732164698926805,0.36162361623616235,0.2878228782287823,0.5095974911176941,0.8488086464611192,75.62222222222223,100.45277777777778,,0,0,neutre,365,0,0,30,,,17.0,37.0,65.0,47.0,50,34.29,False,False,,0,,,,48,,,,,,,,,
AIGENSYNUSDT,AIGENSYN,Speculative,,0.02416,1127353.08584,-1.508,39.82402437483428,0.00034478032864254573,,,1.3273164421455617,0.43976959679439015,0.3949411470072627,0.1274691426798578,,0.023519375,0.038649375,evening_star_4h,0,1,baissier,42,0,0,30,,,8.2,36.0,48.0,68.0,24.0,34.25,False,False,,0,,,,39,,,,,,,,,
NOMUSDT,NOM,Speculative,,0.00156,1252492.78505,1.299,37.48440761637569,1.6906277079036246e-05,0.0020502000000000007,0.0047699000000000005,1.2203318992430459,0.8128019323671497,0.8115942028985508,0.32065543229674376,0.20118484959736518,0.0016505555555555553,0.005461111111111111,downtrend|doji_4h,0,1,baissier,267,0,0,30,,,14.3,28.0,32.5,68.0,19.4,34.21,False,False,,0,,,,33,,,,,,,,,
PUNDIXUSDT,PUNDIX,Speculative,724,0.0933,462894.68816,1.745,31.289061209390354,0.0007267083867594157,0.12587399999999996,0.1686555,0.8774142908311242,0.43830570902394106,0.4284837323511356,2.600814622887059,0.5098702643923716,0.09785833333333335,0.1574888888888889,downtrend,0,1,baissier,365,0,0,30,,,17.0,46.0,68.5,47.0,19.4,34.19,False,False,,0,,,,48,24021883,24021883,258386541.0999244,258386541.0999244,,100.0,,,
ROSEUSDT,ROSE,Mid,450,0.00631,376693.300828,1.447,34.5046093180822,9.30212933754241e-05,0.008576599999999998,0.011437399999999993,0.8036266945998423,0.49206349206349204,0.47368421052631576,0.07769314276047534,0.5833767157191382,0.006483055555555554,0.011332777777777775,rsi_bullish_divergence|double_top_90d|downtrend,1,2,baissier,365,0,0,30,,,31.0,19.0,68.5,47.0,0,34.18,False,False,,0,,,,32,49017387,62936613,7788373968.0,10000000000.0,10000000000.0,77.9,,,
AUSDT,A,Mid,258,0.0629,275686.3949,-0.475,34.955742867584135,-0.00022624612185353013,0.076668,0.100565,0.8000608117015371,0.3765182186234818,0.3663967611336032,0.1948435049274767,0.613967160433698,0.06573055555555557,0.09297500000000002,macd_bearish_cross|double_top_90d,0,2,baissier,365,0,0,30,,,31.0,19.0,68.5,47.0,0,34.18,False,False,,0,,,,32,103094532,131227657,1649793358.9355,2100000000.0,2100000000.0,78.6,,,
TWTUSDT,TWT,Mid,199,0.3619,99961.1427,-0.931,34.462016515024516,-0.001281395135750766,0.43460799999999994,0.5829530000000003,0.8971544829675812,0.33874396135265694,0.30183574879227043,0.06820631616070261,0.3956092220274492,0.37423055555555546,0.48363611111111127,macd_bearish_cross|downtrend,0,2,baissier,365,0,0,30,,,31.0,19.0,68.5,47.0,0,34.18,False,False,,0,,,,32,150430013,361046559,416649900.0,1000000000.0,,41.7,,,
GLMUSDT,GLM,Mid,263,0.1011,95711.23156,-0.785,29.98901982013838,-0.00012755913894348537,0.12633800000000003,0.16553900000000005,0.6134741635006353,0.3452535760728218,0.3452535760728218,0.3183297517915425,0.5906393930139807,0.10841111111111108,0.14416944444444446,macd_bearish_cross|downtrend,0,2,baissier,365,0,0,30,,,31.0,19.0,68.5,47.0,0,34.18,False,False,,0,,,,38,100381689,100381689,1000000000.0,1000000000.0,,100.0,,,
SFPUSDT,SFP,Mid,247,0.2205,51980.3747,-1.956,33.33358592611211,-0.00028476359246052546,0.2687340000000001,0.2975789999999999,0.7685202086561331,0.4201791359325606,0.4201791359325606,0.20785305176836164,0.5528068618622652,0.23428888888888894,0.3309527777777778,macd_bearish_cross|downtrend,0,2,baissier,365,0,0,30,,,31.0,19.0,68.5,47.0,0,34.18,False,False,,0,,,,32,109770193,109770193,500000000.0,500000000.0,500000000.0,100.0,,,
FTTUSDT,FTT,Speculative,,0.2483,794559.390312,2.858,39.46772649393525,-0.00045497813425051867,0.29673000000000005,0.36025349999999995,1.2293527751829558,0.3855356171832518,0.3281674823273519,0.5988282742914571,0.3803420745028915,0.2538944444444444,0.35329166666666656,macd_bearish_cross|double_top_90d,0,2,baissier,365,0,0,30,,,17.0,37.0,58.0,57.5,0,34.03,False,False,,0,,,,35,,,,,,,,,
TKOUSDT,TKO,Speculative,,0.0497,147421.91914,-0.6,41.47790768726984,7.238466903905234e-05,0.05384600000000002,0.06477549999999997,0.4498414478687965,0.30678466076696165,0.26843657817109146,0.26665491954781867,0.609545385427531,0.049186111111111125,0.06514444444444445,,0,0,neutre,365,0,0,30,,,17.0,28.0,83.5,47.0,50,33.88,False,False,,0,,,,49,,,,,,,,,
LISTAUSDT,LISTA,Speculative,769,0.0525,375048.80977,3.346,42.13125435784322,0.001012561426734779,0.067758,0.10253100000000004,1.0390830489921024,0.4773445732349842,0.4436248682824025,0.6860862159172283,0.47451827003217734,0.05182499999999999,0.09262222222222222,doji_4h,0,0,neutre,365,0,0,30,,,17.0,37.0,58.0,47.0,50,33.87,False,False,,0,,,,47,21708430,41713253,414040571.1870494,795588564.255041,1000000000.0,52.0,630979242,$631M,-2.29
ACTUSDT,ACT,Speculative,,0.00813,711260.096997,-0.245,30.61707212804417,-8.508850969341647e-05,0.0119646,0.017071649999999997,0.9529482995159869,0.5207100591715976,0.5207100591715976,1.0312899095192574,0.5015259775610754,0.009552777777777778,0.015883333333333333,rsi_bullish_divergence|macd_bearish_cross|downtrend|evening_star_4h,1,3,baissier,365,0,0,30,,,17.0,37.0,55.0,57.5,0,33.85,False,False,,0,,,,35,,,,,,,,,
CVXUSDT,CVX,Mid,251,1.178,341695.654678,1.639,34.295998046572194,-0.0007205306784432985,1.51612,1.7882349999999994,0.8677827440064104,0.3967280163599182,0.3967280163599182,0.18122345017324587,0.7424701166315429,1.2521388888888891,1.8646666666666667,macd_bearish_cross|downtrend,0,2,baissier,365,0,0,30,,,31.0,19.0,60.5,47.0,0,33.7,False,False,,0,,,,30,107890990,117659905,91674782.99989839,99975412.73815735,100000000.0,91.7,495658782,$496M,-5.78
ASRUSDT,ASR,Speculative,,0.861,701050.96,1.056,36.105241336167474,-0.019349035415237692,1.0756199999999996,1.3167450000000003,1.205444076116053,0.3970479704797048,0.36531365313653136,0.8076314495174074,0.27676273192610884,0.9345833333333334,1.3258333333333336,macd_bearish_cross|double_top_90d|evening_star_4h,0,3,baissier,365,0,0,30,,,17.0,37.0,52.0,57.5,0,33.67,False,False,,0,,,,34,,,,,,,,,
HEMIUSDT,HEMI,Speculative,,0.00513,736110.906965,-1.724,37.490431369676294,1.0797065166417616e-05,0.006748999999999998,0.009999600000000004,1.1456521731469782,0.501010101010101,0.4838383838383839,0.5033610063562484,0.31764820714386893,0.005445,0.008873888888888886,downtrend|morning_star_4h,1,1,mixte,275,0,0,30,,,14.5,37.0,49.0,57.5,19.4,33.65,False,False,,0,,,,39,,,,,,,29451546,$29M,-6.12
PEOPLEUSDT,PEOPLE,Speculative,672,0.00536,206027.786569,-1.289,37.00328785017476,4.6022371295907215e-05,0.0064437999999999995,0.007647150000000003,0.588440075661901,0.406392694063927,0.3881278538812786,0.19977709700357002,0.5556222847060018,0.005425555555555555,0.008266944444444443,rsi_bullish_divergence,1,0,haussier,365,0,0,30,,,17.0,28.0,79.0,47.0,50,33.61,False,False,,0,,,,48,27092128,27092128,5066374892.014003,5066374892.014003,,100.0,,,
PSGUSDT,PSG,Speculative,,0.52,397129.55012,0.386,27.688811744034254,0.010490172624309568,0.8012600000000001,0.797495,0.9737883746004573,0.5593509820666097,0.5533731853116994,0.726925351041098,0.32162765723857384,0.5510000000000002,1.089972222222222,,0,0,neutre,365,0,0,30,,,17.0,36.0,55.0,47.0,50,33.52,False,False,,0,,,,53,,,,,,,,,
PIXELUSDT,PIXEL,Speculative,,0.00514,579209.447052,0.391,36.7473577398922,3.207850569796912e-05,0.006552200000000001,0.0074534499999999995,0.8829649557887547,0.4342984409799554,0.4298440979955456,0.21343944645581195,0.4371347186417548,0.005345,0.008639722222222222,double_top_90d|downtrend,0,2,baissier,365,0,0,30,,,17.0,28.0,68.5,57.5,0,33.14,False,False,,0,,,,34,,,,,,,,,
OGNUSDT,OGN,Speculative,,0.01588,528820.5317,0.761,29.05827727182995,-1.2366590941523346e-05,0.020273800000000005,0.02434275000000001,0.6067530125031025,0.36936577582768243,0.36936577582768243,1.0,0.6671215341854135,0.01710861111111111,0.024501388888888885,macd_bearish_cross|downtrend,0,2,baissier,365,0,0,30,,,17.0,28.0,68.5,57.5,0,33.14,False,False,,0,,,,40,,,,,,,,,
REDUSDT,RED,Speculative,504,0.0986,509741.59574,-4.826,43.09139670502243,0.0015242568682192386,0.11879400000000001,0.16587849999999996,0.9252280317765093,0.543597409068261,0.510214250124564,0.30383076383958574,0.26339789059310537,0.09694166666666665,0.16367777777777778,downtrend,0,1,baissier,365,0,0,30,,,17.0,28.0,49.0,57.5,19.4,33.13,False,False,,0,,,,36,41923244,98146944,427147728.0,1000000000.0,1000000000.0,42.7,,,
ALTUSDT,ALT,Speculative,537,0.00595,563904.7232,-0.998,39.302370352880054,-1.8705990928888876e-05,0.0069278,0.008663200000000003,0.8404300913421748,0.3176895306859206,0.28399518652226224,0.24454766988350554,0.29754977749898953,0.006040833333333333,0.008230277777777777,macd_bearish_cross|downtrend,0,2,baissier,365,0,0,30,,,17.0,28.0,67.0,57.5,0,33.05,False,False,,0,,,,34,38060915,59433098,6403993052.0,10000000000.0,10000000000.0,64.0,,,
BLURUSDT,BLUR,Mid,495,0.01536,306530.186648,4.99,29.58828698923803,-4.985819665190945e-05,0.020741799999999998,0.02413720000000002,0.7869669223901155,0.5575350467289719,0.5519859813084113,0.40308976434196675,0.2660461142685777,0.016543055555555554,0.030059166666666668,macd_bearish_cross|downtrend|doji_4h,0,2,baissier,365,0,0,30,,,31.0,19.0,49.0,47.0,0,33.01,False,False,,0,,,,35,43267864,45897965,2828090345.462328,3000000000.0,3000000000.0,94.3,13049319,$13M,-8.02
MUBARAKUSDT,MUBARAK,Speculative,,0.01031,381063.38118,1.576,39.38574497633593,8.101196346286524e-05,0.012608200000000003,0.014841600000000009,0.8510689323435953,0.42019733023795697,0.4016250725478816,0.20664949434735205,0.4971556072866255,0.010430555555555556,0.01588138888888889,,0,0,neutre,365,0,0,30,,,17.0,28.0,68.5,47.0,50,32.98,False,False,,0,,,,46,,,,,,,,,
MAGICUSDT,MAGIC,Speculative,946,0.0443,316097.28605,1.839,33.454848528532196,0.0003331129804127163,0.05617399999999999,0.07151450000000004,0.6259943833580679,0.399182561307902,0.399182561307902,0.57163238495631,0.674134635706206,0.04594722222222222,0.06966666666666665,rsi_bullish_divergence,1,0,haussier,365,0,0,30,,,17.0,28.0,68.5,47.0,50,32.98,False,False,,0,,,,46,14820024,15332492,336066063.3317761,347687042.9717532,347714007.0,96.7,,,
PONDUSDT,POND,Speculative,,0.00144,475970.22223,0.699,40.7720566669644,-2.6190591343190816e-05,0.0017105999999999996,0.0026403999999999998,1.808502001226819,0.45200000000000007,0.424,0.6706515388682144,0.10939705506569594,0.0014769444444444448,0.0025125,doji_4h,0,0,neutre,365,0,0,30,,,17.0,37.0,41.5,47.0,50,32.88,False,False,,0,,,,45,,,,,,,,,
NEIROUSDT,NEIRO,Speculative,687,6.224e-05,918503.15843569,-2.015,33.78560876956752,2.032731377310069e-07,8.085520000000004e-05,8.851895000000003e-05,0.8003938702173852,0.46625450798557444,0.46625450798557444,0.20313425973411073,0.45405582558012,5.680583333333333e-05,0.00010238472222222221,downtrend,0,1,baissier,365,0,0,30,,,17.0,19.0,68.5,57.5,19.4,32.78,False,False,,0,,,,36,26063669,26063669,420690000000.0,420690000000.0,420690000000.0,100.0,,,
BANKUSDT,BANK,Speculative,889,0.0397,343768.03514,8.174,52.97066134319041,-0.00014412588750434144,0.037648,0.03970200000000002,2.1151407836007516,0.5678571428571428,0.28928571428571426,0.26112695577074396,0.20285773926261455,0.03103888888888888,0.04399722222222222,macd_bearish_cross,0,1,baissier,224,0,0,30,,,13.1,57.0,37.0,47.0,21.0,32.67,False,False,,0,,,,46,16922759,16922759,425250000.0,425250000.0,2100000000.0,100.0,,,
METISUSDT,METIS,Speculative,752,3.0,132460.11604,1.351,48.32369952127419,0.038738594771195595,3.2212000000000005,3.889800000000002,0.8506667736290422,0.44393592677345534,0.3157894736842105,0.05546318944531007,0.5385618898423938,2.663333333333333,3.9099999999999997,downtrend,0,1,baissier,365,0,0,30,,,17.0,37.0,68.5,47.0,19.4,32.66,False,False,,0,,,,45,22467256,29915510,7510236.842,10000000.0,10000000.0,75.1,26929763,$27M,-1.09
NOTUSDT,NOT,Speculative,529,0.000391,315804.855399,-0.761,41.10167991831206,-1.762626007663424e-06,0.00046938,0.00045724000000000014,0.9859723481475865,0.46320346320346323,0.4357864357864358,0.24421540655587223,0.35918209778722593,0.00035311111111111106,0.0005645277777777779,macd_bearish_cross|doji_4h,0,1,baissier,365,0,0,30,,,17.0,36.0,68.5,47.0,21.0,32.59,False,False,,0,,,,42,38811407,39991529,99429447866.9074,102452755868.5205,102456956842.91,97.0,,,
GUNUSDT,GUN,Speculative,,0.00516,500589.73925,0.0,25.481830050612757,0.0001690798676482585,0.009445399999999998,0.017531750000000002,1.2255749871376784,0.798985167837627,0.798985167837627,0.25426877985925517,0.2032743117276156,0.005907777777777779,0.01809527777777778,,0,0,neutre,365,0,0,30,,,17.0,19.0,32.5,57.5,50,32.46,False,False,,0,,,,44,,,,,,,,,
JOEUSDT,JOE,Speculative,976,0.0296,81399.448247,-1.003,36.14931926564634,0.00035658915825276596,0.038107999999999996,0.04644600000000001,0.8309796309989209,0.5103448275862069,0.4913793103448276,0.2212439332433253,0.537305382639029,0.030538888888888886,0.05123611111111111,rsi_bullish_divergence,1,0,haussier,365,0,0,30,,,17.0,28.0,59.5,47.0,50,32.44,False,False,,0,,,,45,13483318,14737513,457181657.224341,499707918.0306486,500000000.0,91.5,10364993,$10M,-5.47
FUSDT,F,Speculative,939,0.00351,472444.69391,-1.127,29.991339393454936,7.700180530017555e-06,0.0047348,0.0057592500000000005,0.7152033685348823,0.42528735632183906,0.42528735632183906,2.0477788099763203,0.7232456883558542,0.0038005555555555553,0.005882500000000001,downtrend,0,1,baissier,243,0,0,30,,,13.7,46.0,60.5,47.0,19.4,32.34,False,False,,0,,,,53,14951054,34871985,4287411353.0,10000000000.0,10000000000.0,42.9,4649226,$5M,-3.31
ACHUSDT,ACH,Speculative,,0.00477,271422.22646,0.633,29.3743468024623,6.688542493663409e-07,0.006341000000000001,0.0074642,0.5599899129758504,0.4590909090909091,0.4590909090909091,0.22283822236711107,0.3259970911159827,0.0051958333333333336,0.008048333333333333,,0,0,neutre,365,0,0,30,,,17.0,19.0,79.0,47.0,50,32.08,False,False,,0,,,,51,,,,,,,,,
LUNAUSDT,LUNA,Speculative,567,0.0489,171500.138151,-1.212,33.02032958659683,8.178544165037211e-05,0.059079999999999994,0.07265550000000001,0.5458878826210347,0.3501997336884154,0.3501997336884154,0.08714424387239005,0.5095469327422432,0.05118333333333333,0.07072222222222221,doji_4h,0,0,neutre,365,0,0,30,,,17.0,19.0,79.0,47.0,50,32.08,False,False,,0,,,,45,34589156,57814218,709984438.91686,1186707049.0,,59.8,,,
ACMUSDT,ACM,Speculative,,0.294,170330.044,0.685,34.66865293658327,0.001805659362052868,0.35973999999999995,0.4424499999999999,0.539125002681935,0.3798283261802576,0.3712446351931331,0.33098752110643803,0.607008395259728,0.30527777777777776,0.44605555555555554,,0,0,neutre,365,0,0,30,,,17.0,19.0,79.0,47.0,50,32.08,False,False,,0,,,,45,,,,,,,,,
CTKUSDT,CTK,Speculative,873,0.1101,63628.20746,-1.959,25.03554270971169,0.00012014454990213683,0.15198199999999992,0.1986185000000001,0.5666341775786341,0.4493987975951904,0.4493987975951904,0.24285005493598433,0.5499516236093249,0.12196944444444442,0.19056388888888892,doji_4h,0,0,neutre,365,0,0,30,,,17.0,19.0,79.0,47.0,50,32.08,False,False,,0,,,,51,17590195,17643427,160206203.0,160691023.0,,99.7,,,
LSKUSDT,LSK,Speculative,817,0.085,44634.1766,0.0,31.24637511429144,0.00029882781542682046,0.10910000000000002,0.14357,0.5895027859834716,0.4055944055944055,0.4055944055944055,0.1138855579796632,0.6852176577332719,0.0908611111111111,0.13436111111111113,rsi_bullish_divergence|doji_4h,1,0,haussier,365,0,0,30,,,17.0,19.0,79.0,47.0,50,32.08,False,False,,0,,,,45,19803376,33984858,233084697.0,400000000.0,400000000.0,58.3,,,
ZKCUSDT,ZKC,Speculative,973,0.0467,289274.42109,-0.426,36.689572806324314,0.0003633108975056435,0.06154600000000001,0.08595150000000004,0.9393298291349759,0.4311814859926919,0.4311814859926919,0.45705783000346667,0.6517318193283976,0.049008333333333334,0.07881944444444444,rsi_bullish_divergence,1,0,haussier,283,0,0,30,,,14.8,28.0,68.5,47.0,50,32.06,False,False,,0,,,,46,13542522,49139402,290641046.0,1054598754.036989,,27.6,,,
QUICKUSDT,QUICK,Speculative,,0.00702,405656.69485,-1.681,39.79456094091852,3.7532809261869545e-05,0.008611599999999999,0.010128050000000005,1.1441603438047239,0.41141396933560476,0.399488926746167,0.7145735337513098,0.4273620467286128,0.007288055555555555,0.011489444444444448,macd_bullish_cross|downtrend,1,1,mixte,365,0,0,30,,,17.0,37.0,58.0,47.0,19.4,32.03,False,False,,0,,,,40,,,,,,,320392858,$320M,-1.0
REZUSDT,REZ,Speculative,674,0.003136,155227.8039498,-0.634,34.862171434249746,5.033660612655693e-05,0.00428924,0.00411871,0.6123891861612241,0.5542691751085383,0.5473227206946455,0.12419589013186066,0.4069822356529984,0.0031872499999999995,0.005838611111111112,rsi_bullish_divergence,1,0,haussier,365,0,0,30,,,17.0,27.0,55.0,47.0,50,32.0,False,False,,0,,,,44,26928183,30656641,8620974689.040634,9814629224.12962,10000000000.0,87.8,90904258,$91M,-10.47
SPELLUSDT,SPELL,Speculative,840,0.0001105,312068.0025653,-1.427,25.262518338078877,-5.635629813053302e-07,0.000145366,0.0001896144999999999,0.5526322335468958,0.4017372421281217,0.4017372421281217,0.6701577539838636,0.5621537180891586,0.00012244999999999997,0.00017656666666666666,macd_bearish_cross,0,1,baissier,365,0,0,30,,,17.0,28.0,79.0,47.0,21.0,31.86,False,False,,0,,,,47,18905584,21606018,171510541047.0,196008739620.0,210000000000.0,87.5,5292656,$5M,-14.51
TLMUSDT,TLM,Speculative,,0.000988,395169.036803,3.239,37.7791910706863,2.3663069510403855e-05,0.0014217400000000003,0.0018087099999999994,0.9887845782615355,0.5461538461538461,0.5254807692307691,0.8524215501709886,0.5918562175128084,0.0010218333333333331,0.00198025,downtrend,0,1,baissier,365,0,0,30,,,17.0,37.0,55.0,47.0,19.4,31.85,False,False,,0,,,,40,,,,,,,,,
QIUSDT,QI,Speculative,,0.00122,62179.86826,-1.613,35.26583137130534,-3.421542826115322e-06,0.0015175999999999996,0.0021313499999999997,0.5971803986646366,0.37435897435897436,0.3692307692307692,0.157701040808375,0.5682198361666506,0.0013111111111111114,0.0019383333333333331,downtrend|doji_4h,0,1,baissier,365,0,0,30,,,17.0,28.0,79.0,47.0,19.4,31.77,False,False,,0,,,,41,,,,,,,168010109,$168M,-7.51
ESPUSDT,ESP,Speculative,555,0.05804,177103.33768,-1.427,37.43715254684387,-0.0011659532289153708,0.06730779999999999,,0.9733664101880516,0.3420273348519362,0.33917995444191346,0.12934075572928116,0.4548788772335512,0.06168444444444443,0.0822322222222222,,0,0,neutre,133,0,0,30,,,10.6,36.0,68.5,47.0,50,31.73,False,False,,0,,,,49,35948945,208640212,620521794.0,3601379682.0,,17.2,,,
MANTRAUSDT,MANTRA,Speculative,539,0.00709,634371.42588,1.576,36.84081597424531,-3.716377915646493e-06,0.0086872,,0.7961135992352645,0.44000000000000006,0.4220408163265306,0.4524076455687074,0.5282189417049706,0.007406944444444442,0.011378333333333336,macd_bearish_cross|double_top_90d|downtrend,0,3,baissier,113,0,0,30,,,10.1,36.0,68.5,57.5,0,31.67,False,False,,0,,,,37,37880000,51581790,5338821397.013342,7269956804.412659,10000000000.0,73.4,,,
REQUSDT,REQ,Speculative,516,0.0544,195374.5663,5.222,38.88630834666349,0.00014257893338202095,0.063248,0.07852400000000004,1.25518643124853,0.46740220661985954,0.45937813440320957,0.5207374897435963,0.27008722209017905,0.055672222222222206,0.08292499999999997,downtrend|doji_4h,0,1,baissier,365,0,0,30,,,17.0,37.0,52.0,47.0,19.4,31.67,False,False,,0,,,,39,40035726,53759033,744291192.2591633,999416740.9347086,1000000000.0,74.5,,,
RPLUSDT,RPL,Speculative,640,1.29,25216.2045,0.781,32.060633395508134,0.005830047298414243,1.604400000000001,1.8460999999999996,0.5733902817391996,0.38571428571428573,0.38571428571428573,0.12620810482123637,0.7097962165239385,1.3377777777777777,1.9888888888888887,doji_4h,0,0,neutre,365,0,0,30,,,17.0,19.0,71.0,47.0,50,31.6,False,False,,0,,,,44,29052629,29052629,22535094.65392216,22535094.65392216,,100.0,889842789,$890M,-7.18
BOMEUSDT,BOME,Speculative,654,0.000413,458824.833247,0.732,35.45232566343914,1.5066062633018517e-06,0.0005094400000000001,0.0005104849999999999,0.7039079178350999,0.3761609907120743,0.3622291021671827,0.21420415639459783,0.43815734112352434,0.00038252777777777775,0.0006284722222222223,death_cross,0,1,baissier,365,0,0,30,,,17.0,28.0,68.5,47.0,25.4,31.5,False,False,,0,,,,40,28374965,28374965,68999659569.0,68999659569.0,68999659569.0,100.0,,,
PROMUSDT,PROM,Speculative,811,1.094,211079.05864,4.99,45.970646861869,0.015963240772335734,1.28124,2.7724600000000006,0.640716418021828,0.5875776397515527,0.5457556935817806,0.25050067941451354,0.1632064143754065,0.9890277777777781,2.2298055555555556,downtrend,0,1,baissier,365,0,0,30,,,17.0,37.0,49.0,47.0,19.4,31.49,False,False,,0,,,,42,19998095,21093881,18250000.0,19250000.0,19250000.0,94.8,,,
ILVUSDT,ILV,Speculative,694,3.13,204952.30313,0.643,34.091661379134024,0.01919677444018389,4.005,4.5611500000000005,0.6607127179344283,0.4,0.4,0.40707430690835233,0.553164385638566,3.276944444444444,5.049444444444446,rsi_bullish_divergence,1,0,haussier,365,0,0,30,,,17.0,19.0,68.5,47.0,50,31.45,False,False,,0,,,,44,25849420,29940732,8285645.141783357,9597053.963798663,,86.3,,,
VANRYUSDT,VANRY,Speculative,,0.003189,148673.296365,1.335,28.51727593290451,2.499126666037941e-05,0.0044254,0.006022619999999998,0.6180599663416345,0.49968661861485425,0.49968661861485425,0.2572221384521972,0.589014336637032,0.0034407499999999994,0.005766277777777776,rsi_bullish_divergence,1,0,haussier,365,0,0,30,,,17.0,19.0,68.5,47.0,50,31.45,False,False,,0,,,,50,,,,,,,,,
VTHOUSDT,VTHO,Speculative,543,0.000373,106757.58572,0.811,32.09116100987249,2.346741346895433e-06,0.0004785600000000001,0.0006262550000000001,0.8744379561584207,0.4066985645933014,0.4066985645933014,0.29735285952900636,0.6156929256551333,0.0003923888888888888,0.0006022222222222223,rsi_bullish_divergence,1,0,haussier,365,0,0,30,,,17.0,19.0,68.5,47.0,50,31.45,False,False,,0,,,,44,37548175,37550185,100974868022.0,100980271630.0,,100.0,,,
BMTUSDT,BMT,Speculative,,0.01204,97566.755172,-0.249,34.42847365370338,1.6392516302953138e-05,0.014767199999999998,0.017834549999999994,0.6182288430368705,0.3440567066521264,0.3440567066521264,0.2089456999167967,0.5968578541353678,0.012713611111111113,0.017458333333333333,rsi_bullish_divergence,1,0,haussier,365,0,0,30,,,17.0,19.0,68.5,47.0,50,31.45,False,False,,0,,,,44,,,,,,,,,
ALCXUSDT,ALCX,Speculative,,3.4,56875.986964,-2.857,34.283515555169416,0.03135450474469742,4.2752,5.660950000000003,0.822378323676932,0.42003514938488584,0.40246045694200355,0.17015232383855655,0.6184092340661729,3.5183333333333326,5.561944444444445,rsi_bullish_divergence,1,0,haussier,365,0,0,30,,,17.0,19.0,68.5,47.0,50,31.45,False,False,,0,,,,44,,,,,,,29682653,$30M,-5.26
ZBTUSDT,ZBT,Speculative,689,0.1065,819711.39428,-2.917,38.602807539040526,-0.00024012782437968054,0.13641400000000004,0.10945600000000004,1.3572375756327772,0.5263882514915099,0.5121615419917394,0.13946828778536446,0.10838459316215165,0.09300277777777777,0.18884166666666669,macd_bearish_cross|downtrend|doji_4h,0,2,baissier,251,0,0,30,,,13.9,36.0,38.5,57.5,0,31.42,False,False,,0,,,,32,26020970,106211427,244992188.30119348,1000000000.0,1000000000.0,24.5,56101112,$56M,-0.93
RADUSDT,RAD,Speculative,,0.215,188490.4485,0.939,36.965079022720865,0.0010850874835379096,0.25412,0.2548499999999999,0.5835865001663993,0.3791044776119404,0.36119402985074633,0.25841727590656904,0.2970477192775988,0.21327777777777776,0.3066388888888889,downtrend,0,1,baissier,365,0,0,30,,,17.0,28.0,73.0,47.0,19.4,31.41,False,False,,0,,,,40,,,,,,,,,
DOGSUSDT,DOGS,Speculative,795,3.97e-05,454575.3036136,-0.501,40.591222162202556,7.753207495509676e-08,5.0892e-05,3.876250000000001e-05,0.923339335570911,0.547646383467279,0.5442020665901263,0.1899653524490954,0.21278671768881668,2.7275e-05,6.450833333333333e-05,macd_bullish_cross|downtrend,1,1,mixte,365,0,0,30,,,17.0,36.0,49.0,47.0,19.4,31.33,False,False,,0,,,,38,20470861,21788047,516750000000.0,550000000000.0,550000000000.0,94.0,,,
USTCUSDT,USTC,Speculative,626,0.00558,253734.99019,0.36,38.33693680038922,-4.067233499134604e-05,0.0063212,0.005959300000000002,0.6599829793795174,0.30721393034825867,0.30721393034825867,0.101441526227772,0.4208226981210128,0.004582777777777777,0.007286388888888888,macd_bearish_cross|downtrend|bullish_engulfing_4h,1,2,baissier,365,0,0,30,,,17.0,36.0,68.5,47.0,0,31.33,False,False,,0,,,,37,31039020,33839439,5576236958.373989,6079339350.8883,,91.7,,,
ADXUSDT,ADX,Speculative,,0.0554,482138.093,2.403,40.548718649377605,-5.781169300963628e-05,0.06444199999999999,0.07914399999999994,0.881785456773875,0.35217903415783275,0.3486454652532391,0.23823283198447373,0.4050555557829909,0.056855555555555576,0.07994166666666667,macd_bearish_cross,0,1,baissier,365,0,0,30,,,17.0,28.0,68.5,47.0,21.0,31.23,False,False,,0,,,,39,,,,,,,,,
BROCCOLI714USDT,BROCCOLI714,Speculative,,0.01224,491082.67586,3.378,43.27314468247883,4.334088103830801e-05,0.014082199999999996,0.015291949999999993,0.9544215633890042,0.4892723880597015,0.42863805970149255,0.4515675073802641,0.4561269308162351,0.011737500000000001,0.01846111111111111,downtrend,0,1,baissier,365,0,0,30,,,17.0,28.0,68.5,47.0,19.4,31.14,False,False,,0,,,,39,,,,,,,,,
TRBUSDT,TRB,Speculative,544,13.47,400414.7791,2.278,38.92893167582717,0.11851458855064245,16.1114,17.34550000000001,0.6460721650555917,0.4539249146757679,0.4261945392491468,0.2938940724465618,0.4042583652466413,13.423611111111112,20.353611111111107,downtrend,0,1,baissier,365,0,0,30,,,17.0,28.0,68.5,47.0,19.4,31.14,False,False,,0,,,,39,37527836,38518420,2794274.713821704,2868032.377733518,,97.4,,,
GMTUSDT,GMT,Speculative,721,0.00779,344222.443765,0.257,37.23488140068698,7.08454815318664e-05,0.009894000000000002,0.01236794999999999,0.729102611196441,0.4219219219219219,0.4166666666666667,0.2769296201461056,0.4801167735913262,0.008054444444444446,0.012335833333333336,rsi_bullish_divergence|downtrend,1,1,mixte,365,0,0,30,,,17.0,28.0,68.5,47.0,19.4,31.14,False,False,,0,,,,39,24180439,39431741,3111400155.0,5073850155.102167,6000000000.0,61.3,,,
HIVEUSDT,HIVE,Speculative,677,0.0484,298102.9516,0.0,39.037037931934705,0.00016189302299222377,0.057064,0.07195400000000003,0.906194973997288,0.35743519781718963,0.33833560709413374,0.3891870596870298,0.45055845544663004,0.049675,0.06798333333333334,downtrend,0,1,baissier,365,0,0,30,,,17.0,28.0,68.5,47.0,19.4,31.14,False,False,,0,,,,39,26594870,54067843,550140465.0,1118445313.0,,49.2,,,
BBUSDT,BB,Speculative,,0.0206,193182.72505,-1.435,36.143002258660616,0.00013841871689477896,0.02661599999999999,0.03676000000000001,0.8573371850576342,0.4587912087912088,0.4368131868131868,0.14097638899859688,0.4826277041473735,0.021352777777777776,0.033430555555555554,downtrend,0,1,baissier,365,0,0,30,,,17.0,28.0,68.5,47.0,19.4,31.14,False,False,,0,,,,39,,,,,,,,,
SCUSDT,SC,Speculative,578,0.000681,181961.258345,0.147,32.012390966033394,3.5701230907075703e-06,0.0008393799999999998,0.001135185,0.6517994232708983,0.34803451581975076,0.34803451581975076,0.9150600368894961,0.6839188030030259,0.0007076666666666668,0.0009959722222222223,rsi_bullish_divergence|downtrend,1,1,mixte,365,0,0,30,,,17.0,28.0,68.5,47.0,19.4,31.14,False,False,,0,,,,39,33721979,33721979,49751295000.0225,49751295000.0225,,100.0,,,
SSVUSDT,SSV,Speculative,607,2.194,135793.212514,-0.634,42.306254481752305,0.0070830504429059485,2.47702,3.02514,0.87980781021405,0.38463930348258707,0.3193407960199005,0.1832546086251225,0.5235018483175845,2.114472222222222,2.9554444444444448,downtrend,0,1,baissier,365,0,0,30,,,17.0,28.0,68.5,47.0,19.4,31.14,False,False,,0,,,,39,32167365,32167365,14699173.1,14699173.1,,100.0,8230777553,$8.2B,-37.08
AVAUSDT,AVA,Speculative,995,0.179,57557.44659,-0.886,35.980741465249594,0.0006787105448077188,0.22156000000000006,0.24441800000000005,0.7148629232009265,0.3937931034482758,0.3841379310344827,0.09384962738858678,0.5452049277023603,0.18421666666666664,0.2757027777777778,downtrend,0,1,baissier,365,0,0,30,,,17.0,28.0,68.5,47.0,19.4,31.14,False,False,,0,,,,39,13078399,13078399,73278967.0,73278967.0,100000000.0,100.0,,,
SLPUSDT,SLP,Speculative,877,0.000479,76602.99234,0.0,35.234619181278646,2.5302052223409905e-06,0.0006046,0.0006819699999999995,0.6519214167904444,0.4114002478314746,0.4076827757125155,0.1651012978539262,0.6096395139974794,0.0005005833333333333,0.0007509166666666668,shooting_star_4h,0,1,baissier,365,0,0,30,,,17.0,28.0,68.5,47.0,17.7,31.04,False,False,,0,,,,39,17345287,17345287,36300296611.0,36300296611.0,,100.0,5046498,$5M,-13.54
ARPAUSDT,ARPA,Speculative,,0.00837,112542.484613,-0.357,41.43669117271771,8.103242807544877e-05,0.009842199999999995,0.010764150000000004,0.6237289634476638,0.3385118560915781,0.31561733442354856,0.12702216256474025,0.5505596072735375,0.008373611111111111,0.011429166666666666,double_top_90d,0,1,baissier,365,0,0,30,,,17.0,28.0,68.5,47.0,17.6,31.03,False,False,,0,,,,39,,,,,,,,,
BIGTIMEUSDT,BIGTIME,Speculative,933,0.00798,132775.70528,1.013,29.77266130861466,4.552778449030644e-05,0.011005999999999998,0.015198199999999995,0.7522421198856254,0.49000644745325594,0.486782720825274,0.38470475351255845,0.7021255395121002,0.008613055555555556,0.014329444444444442,doji_4h,0,0,neutre,365,0,0,30,,,17.0,19.0,60.5,47.0,50,30.97,False,False,,0,,,,48,15174508,39760374,1908245059.7925065,5000000000.0,5000000000.0,38.2,,,
WOOUSDT,WOO,Speculative,748,0.01198,37336.720355,0.0,30.666468760206513,1.542093039970274e-05,0.015782,0.019829500000000014,0.6999286791831301,0.4227053140096618,0.4227053140096618,0.08991298603800194,0.7141040724987578,0.012954166666666668,0.019883333333333343,,0,0,neutre,365,0,0,30,,,17.0,19.0,60.5,47.0,50,30.97,False,False,,0,,,,42,22536613,22536613,1888782088.294737,1888782088.294737,3000000000.0,100.0,5318758,$5M,3.11
AEVOUSDT,AEVO,Speculative,885,0.01856,120000.7017073,2.203,35.314155284650326,0.00015072776909031663,0.023562800000000005,0.02879270000000002,0.7110683272885053,0.4175159235668789,0.4105095541401274,0.14628345238445065,0.4843546900046664,0.01913444444444444,0.029597222222222226,rsi_bullish_divergence|bearish_engulfing_4h,1,1,mixte,365,0,0,30,,,17.0,28.0,68.5,47.0,14.3,30.84,False,False,,0,,,,38,16970315,18503366,917147457.6533713,1000000000.0,1000000000.0,91.7,15210466,$15M,-4.12
EULUSDT,EUL,Speculative,719,1.011,275383.68165,-0.688,45.67654431811431,0.01726233933709223,1.1687599999999998,1.5600499999999986,1.1395036409149049,0.4894387447193724,0.3904646952323476,0.23025251388938336,0.5471506819345834,0.8541111111111112,1.5021666666666667,downtrend,0,1,baissier,255,0,0,30,,,14.0,37.0,58.0,47.0,19.4,30.8,False,False,,0,,,,43,24405388,27474468,24146317.188470602,27182818.28459,27182818.0,88.8,271983543,$272M,-4.76
YBUSDT,YB,Speculative,902,0.0744,296503.96288,1.639,37.72408852003503,-0.0004883754503895435,0.10167800000000002,0.19670050000000003,1.3454886584345664,0.4713144517066085,0.46042120551924465,0.5062599302015134,0.366130687584723,0.08358333333333334,0.1327111111111111,downtrend,0,1,baissier,253,0,0,30,,,13.9,37.0,58.0,47.0,19.4,30.78,False,False,,0,,,,40,16430551,54822152,221612582.307083,739432217.4326932,1000000000.0,30.0,118216159,$118M,-5.9
BNTUSDT,BNT,Speculative,657,0.2616,31881.76373,0.538,34.029509399780025,0.0005075785875520034,0.30604000000000003,0.33255049999999997,0.5066256682416515,0.24942528735632183,0.24827586206896546,0.07920404123044529,0.8615577741104433,0.26783611111111116,0.3447722222222222,rsi_bullish_divergence|downtrend,1,1,mixte,365,0,0,30,,,17.0,19.0,87.5,47.0,19.4,30.76,False,False,,0,,,,39,28248947,28248947,107866669.5563529,107866669.5563529,110542364.6372305,100.0,16142628,$16M,-6.58
MEUSDT,ME,Speculative,552,0.061,323619.625376,0.993,34.079235146452504,0.001289663690357234,0.08364,0.1394090000000001,0.7274241246015996,0.5299425758818703,0.5012305168170631,0.49491807374941404,0.6391410052438311,0.0615638888888889,0.11461944444444445,,0,0,neutre,365,0,0,30,,,17.0,19.0,55.0,47.0,50,30.64,False,False,,0,,,,42,36585369,60735129,602370252.499893,999990868.638538,1000000000.0,60.2,,,
GLMRUSDT,GLMR,Speculative,,0.0088,168901.90871,0.0,31.526102547340557,0.00015076420087337485,0.012128000000000002,0.016129500000000012,0.6373938237358071,0.5445026178010471,0.5392670157068062,0.2739848204132313,0.43775779904486695,0.00914722222222222,0.017849999999999998,rsi_bullish_divergence,1,0,haussier,365,0,0,30,,,17.0,19.0,55.0,47.0,50,30.64,False,False,,0,,,,42,,,,,,,,,
PIVXUSDT,PIVX,Speculative,,0.0372,104721.6044,1.639,23.461767414263406,-0.0007793802359038569,0.059266,0.09536600000000002,0.9249188458935431,0.6036131774707758,0.6036131774707758,0.6333539708526686,0.5281388594018817,0.047191666666666666,0.08630555555555557,,0,0,neutre,365,0,0,30,,,17.0,19.0,55.0,47.0,50,30.64,False,False,,0,,,,48,,,,,,,,,
IQUSDT,IQ,Speculative,812,0.000758,239453.794916,-7.561,25.36112157146009,4.767700093953476e-06,0.0009697999999999998,0.0012316150000000008,0.5094078332774878,0.3564775613886536,0.3564775613886536,0.8932721976020943,0.6490385956365152,0.00080875,0.0011435833333333333,rsi_bullish_divergence|double_top_90d|downtrend,1,2,baissier,365,0,0,30,,,17.0,28.0,79.0,47.0,0,30.61,False,False,,0,,,,42,19944432,19944432,26331959476.929,26331959476.929,60000000000.0,100.0,,,
CITYUSDT,CITY,Speculative,,0.36,333743.79717,-2.703,26.267542359465736,0.0014584250314326197,0.46240000000000003,0.5777049999999997,0.4537998083079289,0.519893899204244,0.519893899204244,0.5608379551449159,0.2930035604411039,0.3936666666666667,0.6931111111111111,downtrend,0,1,baissier,365,0,0,30,,,17.0,28.0,59.5,47.0,19.4,30.6,False,False,,0,,,,44,,,,,,,,,
1000SATSUSDT,1000SATS,Speculative,,9.38e-06,199912.02088401,1.078,37.30035978973903,1.0710184472136472e-07,1.1800599999999998e-05,1.3218849999999988e-05,0.7960050520206914,0.5037837837837837,0.494054054054054,0.133287840634302,0.44175066150887166,9.504444444444444e-06,1.6011111111111112e-05,rsi_bullish_divergence|downtrend,1,1,mixte,365,0,0,30,,,17.0,28.0,59.5,47.0,19.4,30.6,False,False,,0,,,,38,,,,,,,,,
WAXPUSDT,WAXP,Speculative,845,0.00405,412410.52721,0.248,25.122333564824686,1.2921606912329848e-05,0.0056114,0.006845550000000001,0.6025009815586894,0.44581618655692723,0.44581618655692723,0.6127351324014394,0.7105846429222572,0.0044441666666666674,0.006954999999999999,rsi_bullish_divergence|macd_bullish_cross|shooting_star_4h,2,1,haussier,365,0,0,30,,,17.0,28.0,60.5,47.0,17.7,30.56,False,False,,0,,,,43,18682429,18682429,4629233769.91156,4629233769.91156,,100.0,,,
ANKRUSDT,ANKR,Speculative,560,0.00355,108644.079895,0.852,28.670870639784425,-6.654836889113112e-06,0.004374600000000001,0.00523895,0.5535224117718919,0.34870848708487084,0.34870848708487084,0.12135080925827824,0.43987233934757713,0.0037858333333333333,0.005344722222222224,macd_bearish_cross,0,1,baissier,365,0,0,30,,,17.0,19.0,79.0,47.0,21.0,30.34,False,False,,0,,,,44,35204854,35204854,10000000000.0,10000000000.0,10000000000.0,100.0,18683583,$19M,-6.06
RONINUSDT,RONIN,Speculative,,0.0598,363226.898895,1.356,39.4807792435721,0.001020404745289841,0.081212,0.10639350000000006,0.8991860234563356,0.5518575851393188,0.5386996904024768,0.3721821833990915,0.3440661162537388,0.06086944444444445,0.108475,downtrend,0,1,baissier,365,0,0,30,,,17.0,28.0,55.0,47.0,19.4,30.33,False,False,,0,,,,37,,,,,,,,,
CGPTUSDT,CGPT,Speculative,872,0.01901,124693.233545,-0.731,35.49542765180753,5.4754491004404843e-05,0.025031999999999995,0.025527049999999985,0.7770017934065168,0.5564912280701755,0.5564912280701755,0.16485164277109982,0.30058516050882844,0.018881388888888892,0.03189000000000001,downtrend,0,1,baissier,365,0,0,30,,,17.0,28.0,55.0,47.0,19.4,30.33,False,False,,0,,,,37,17653728,18882312,932846409.0,997766421.0,1000000000.0,93.5,,,
ZKPUSDT,ZKP,Speculative,,0.0539,468125.23291,-1.821,37.715290907396934,0.0005699460451050482,0.066844,,0.7728743906634493,0.4854854854854855,0.46046046046046046,0.20913659422301553,0.4335221330736515,0.05494444444444444,0.08678888888888886,downtrend,0,1,baissier,169,0,0,30,,,11.6,36.0,68.5,47.0,19.4,30.3,False,False,,0,,,,41,,,,,,,,,
CVCUSDT,CVC,Speculative,899,0.02066,308417.87332,-1.006,26.674254735764322,3.403864090646604e-05,0.026990599999999997,0.033818150000000005,0.5509406564620123,0.3949381989405534,0.3949381989405534,0.42263623854012106,0.6761826547351155,0.022275833333333328,0.03247111111111112,downtrend,0,1,baissier,365,0,0,30,,,17.0,19.0,79.0,47.0,19.4,30.25,False,False,,0,,,,44,16482928,20552279,802000010.0,1000000000.0,,80.2,,,
VANAUSDT,VANA,Speculative,591,1.075,226038.38074,-0.371,33.15412311188051,0.006634632897365517,1.34598,1.7027900000000002,0.5885974409612557,0.3884726224783862,0.38155619596541795,0.07488313693220192,0.5884890901065838,1.1153333333333333,1.6138055555555557,rsi_bullish_divergence|downtrend,1,1,mixte,365,0,0,30,,,17.0,19.0,79.0,47.0,19.4,30.25,False,False,,0,,,,38,33039703,128726115,30800000.0,120000000.0,120000000.0,25.7,,,
UMAUSDT,UMA,Speculative,557,0.394,158246.5702,-0.756,41.92086613718014,0.000448073052795578,0.4393400000000002,0.527365,0.6653094624831671,0.3260473588342441,0.2841530054644809,0.13750504514347114,0.6506956592269127,0.38741666666666663,0.5033055555555556,rsi_bullish_divergence|double_top_90d|downtrend|doji_4h,1,2,baissier,365,0,0,30,,,17.0,28.0,73.0,47.0,0,30.25,False,False,,0,,,,35,35602383,50621702,90690987.88330877,128950138.9605854,,70.3,,,
AUCTIONUSDT,AUCTION,Speculative,688,3.53,133819.7455,-0.282,26.154711187368463,0.006142127491433086,4.321200000000001,4.842249999999998,0.484437913806545,0.33333333333333337,0.33333333333333337,0.1519501467568068,0.6760448657915832,3.7208333333333337,4.970277777777778,downtrend|doji_4h,0,1,baissier,365,0,0,30,,,17.0,19.0,79.0,47.0,19.4,30.25,False,False,,0,,,,44,26064915,26839887,7420409.148028981,7641035.648362741,10000000.0,97.1,,,
CETUSUSDT,CETUS,Speculative,898,0.01742,95497.897067,-0.343,33.827307012113906,0.00017979547257949632,0.023523400000000003,0.02239425,0.6711531788747076,0.5334224598930482,0.5334224598930482,0.08273794269315606,0.46427495215719594,0.01798888888888889,0.031165277777777778,rsi_bullish_divergence|downtrend,1,1,mixte,365,0,0,30,,,17.0,27.0,55.0,47.0,19.4,30.16,False,False,,0,,,,37,16497404,17405518,947826087.0,1000000000.0,1000000000.0,94.8,24877682,$25M,-9.29
JUVUSDT,JUV,Speculative,,0.313,332441.89759,0.0,28.189252545603225,0.0002088553992377097,0.4034,0.5641599999999999,0.5817508023191781,0.422509225092251,0.422509225092251,0.49298828469264805,0.5865207263203261,0.3423611111111111,0.530888888888889,double_top_90d,0,1,baissier,365,0,0,30,,,17.0,19.0,79.0,47.0,17.6,30.14,False,False,,0,,,,44,,,,,,,,,
BEAMXUSDT,BEAMX,Speculative,,0.001359,127386.669107,0.592,35.52020002745351,1.1568255207922688e-06,0.0016775400000000004,0.00220382,0.663706854277986,0.3671181690798692,0.3671181690798692,0.26694161777143893,0.6542073671092583,0.0014337222222222223,0.002043416666666667,rsi_bullish_divergence|downtrend|evening_star_4h,1,2,baissier,365,0,0,30,,,17.0,28.0,68.5,47.0,0,29.98,False,False,,0,,,,34,,,,,,,,,
INITUSDT,INIT,Speculative,,0.058,215138.17092,1.754,41.37860001526987,0.0010077424070030613,0.07353799999999999,0.08312750000000001,1.038332186749473,0.5140781108083561,0.4732061762034514,0.15589924831268412,0.3705928131431505,0.057344444444444455,0.09951944444444444,downtrend,0,1,baissier,365,0,0,30,,,17.0,28.0,49.0,47.0,19.4,29.97,False,False,,0,,,,36,,,,,,,,,
GTCUSDT,GTC,Speculative,,0.072,126477.7945,0.0,38.41249384112451,0.00018885525436325434,0.09232000000000001,0.10330500000000009,0.7406370642058828,0.5955056179775281,0.5898876404494382,0.16718349517257053,0.1998813268586088,0.07408333333333333,0.11999999999999998,downtrend|doji_4h,0,1,baissier,365,0,0,30,,,17.0,28.0,49.0,47.0,19.4,29.97,False,False,,0,,,,36,,,,,,,,,
TURTLEUSDT,TURTLE,Speculative,,0.0348,309821.36228,4.505,37.47361879705894,0.0001704802990557027,0.042718000000000006,0.048113,0.6494810322395121,0.4103448275862069,0.4000000000000001,0.4683503269271278,0.40989642295992124,0.03581111111111112,0.05362777777777776,downtrend|doji_4h,0,1,baissier,246,0,0,30,,,13.7,28.0,68.5,47.0,19.4,29.81,False,False,,0,,,,39,,,,,,,,,
XAIUSDT,XAI,Speculative,926,0.00743,487195.687832,-1.849,34.4664162036202,4.4679245175291036e-05,0.009543000000000001,0.011682750000000006,0.6936725798024922,0.4257120862201694,0.4257120862201694,0.40192758338009604,0.5724956217890022,0.007850000000000001,0.011644444444444445,rsi_bullish_divergence|downtrend,1,1,mixte,365,0,0,30,,,17.0,19.0,68.5,47.0,19.4,29.62,False,False,,0,,,,36,15445069,16441218,2074190126.2095878,2207967504.51021,2500000000.0,93.9,,,
API3USDT,API3,Speculative,566,0.2428,231402.666989,-1.221,33.189793610649886,0.00028744009685584965,0.305148,0.342824,0.616139055505821,0.37764584408879714,0.3755807950438823,0.20806689938262832,0.39424608231212854,0.25440277777777776,0.3888722222222223,rsi_bullish_divergence|downtrend,1,1,mixte,365,0,0,30,,,17.0,19.0,68.5,47.0,19.4,29.62,False,False,,0,,,,36,34630470,41829130,142956105.725558,172672489.2781211,,82.8,16187966,$16M,1.32
USUALUSDT,USUAL,Speculative,888,0.00949,216455.903605,-0.105,32.812786555417816,9.860783894787733e-05,0.012485999999999999,0.017101699999999994,0.8159980536571292,0.4699421965317919,0.4526011560693642,0.26970129638399815,0.6413065461128868,0.009853055555555556,0.015803888888888888,downtrend,0,1,baissier,365,0,0,30,,,17.0,19.0,68.5,47.0,19.4,29.62,False,False,,0,,,,36,16922113,17469211,1790016387.4638243,1847888240.462872,3000000000.0,96.9,95110148,$95M,0.02
FLUXUSDT,FLUX,Speculative,827,0.0471,119852.615364,-0.633,31.05587797394419,0.00017616300284789728,0.064104,0.07483650000000003,0.7458435010468962,0.45465116279069767,0.45465116279069767,0.1876006024294944,0.45801009575765855,0.04998611111111111,0.07857222222222222,downtrend,0,1,baissier,365,0,0,30,,,17.0,19.0,68.5,47.0,19.4,29.62,False,False,,0,,,,36,19353985,19362932,412475278.4991484,412665958.4991484,440000000.0,100.0,,,
MAVUSDT,MAV,Speculative,,0.0097,90048.65689,0.207,29.25213273463895,3.48858774155454e-05,0.012697199999999997,0.017812699999999994,0.6517836814782763,0.4305882352941177,0.4305882352941177,0.11379498347191012,0.5319607684159281,0.010433055555555555,0.016402222222222228,downtrend,0,1,baissier,365,0,0,30,,,17.0,19.0,68.5,47.0,19.4,29.62,False,False,,0,,,,42,,,,,,,1104901,$1M,-0.67
AGLDUSDT,AGLD,Speculative,988,0.1514,79226.00214,2.923,27.583898323383934,-0.00020632678360382045,0.21284799999999993,0.24805700000000008,0.6647513144723773,0.4640287769784173,0.45719424460431657,0.24952773170463755,0.5237970711250527,0.16860555555555556,0.2727777777777778,downtrend|doji_4h,0,1,baissier,365,0,0,30,,,17.0,19.0,68.5,47.0,19.4,29.62,False,False,,0,,,,42,13198691,14013891,87430001.0,92830001.0,96000000.0,94.2,,,
IOTXUSDT,IOTX,Speculative,666,0.00293,72135.55138,-1.014,27.545402266507878,2.420135501849535e-06,0.0039932,0.005560150000000001,0.6590041909180994,0.4601113172541744,0.4601113172541744,0.1896338185540329,0.642070463036831,0.0032211111111111104,0.0049747222222222215,rsi_bullish_divergence|macd_bullish_cross|downtrend,2,1,haussier,365,0,0,30,,,17.0,19.0,68.5,47.0,19.4,29.62,False,False,,0,,,,42,27524389,27524389,9441368550.0,9441368555.0,10000000000.0,100.0,,,
LQTYUSDT,LQTY,Speculative,861,0.184,68529.2031,-0.541,27.92779266541949,0.0006842802391840916,0.24803999999999998,0.30742000000000014,0.8601853554506382,0.4664723032069971,0.4664723032069971,0.16718425902205622,0.584489843332951,0.1983888888888889,0.32341666666666663,downtrend,0,1,baissier,365,0,0,30,,,17.0,19.0,68.5,47.0,19.4,29.62,False,False,,0,,,,42,18099923,18332735,98730070.35445473,100000000.0,100000000.0,98.7,123803839,$124M,-7.22
1000CATUSDT,1000CAT,Speculative,,0.00133,68244.230397,0.0,32.372199640640105,-3.6214187786482723e-06,0.0017422000000000002,0.002077,0.8272167532710276,0.4122807017543859,0.4122807017543859,0.15626714622616963,0.5734506659752912,0.001454444444444444,0.0021105555555555556,downtrend|doji_4h,0,1,baissier,365,0,0,30,,,17.0,19.0,68.5,47.0,19.4,29.62,False,False,,0,,,,36,,,,,,,,,
RLCUSDT,RLC,Speculative,765,0.3057,65757.8075,-0.326,28.065774809798782,-0.0011001857240815656,0.40265999999999996,0.48480999999999985,0.6434796335910214,0.40972762645914396,0.40972762645914396,0.18341728034060562,0.5670692217297966,0.3354472222222222,0.4818638888888889,downtrend,0,1,baissier,365,0,0,30,,,17.0,19.0,68.5,47.0,19.4,29.62,False,False,,0,,,,42,21928727,26357106,72382548.06525737,86999784.9868455,86999784.9868455,83.2,,,
ARKUSDT,ARK,Speculative,773,0.1089,63198.8757,-1.09,26.922695071234287,0.00023995217464740232,0.145676,0.19510449999999988,0.6854913579140239,0.42653276955602537,0.42653276955602537,0.365378903481408,0.6263687731672376,0.11772222222222223,0.1805,downtrend,0,1,baissier,365,0,0,30,,,17.0,19.0,68.5,47.0,19.4,29.62,False,False,,0,,,,42,21377020,21377020,197391526.0,197391526.0,,100.0,,,
CYBERUSDT,CYBER,Speculative,737,0.347,356636.06137,-1.7,34.14680641252896,0.004711138886337597,0.43951999999999997,0.5733299999999998,0.6890668656354801,0.4278350515463917,0.4054982817869416,0.46313484804405486,0.6703583182979421,0.3535,0.5626666666666666,double_top_90d,0,1,baissier,365,0,0,30,,,17.0,19.0,68.5,47.0,17.6,29.51,False,False,,0,,,,36,23204969,34508455,67244300.43333334,100000000.0,100000000.0,67.2,,,
PYRUSDT,PYR,Speculative,,0.173,303715.262455,0.0,34.38466550958812,0.0017887362355119146,0.22856,0.3304800000000002,0.7194411015133879,0.4212328767123287,0.4075342465753425,0.1928006033471511,0.567561300973513,0.18149999999999994,0.2935000000000001,double_top_90d,0,1,baissier,365,0,0,30,,,17.0,19.0,68.5,47.0,17.6,29.51,False,False,,0,,,,36,,,,,,,,,
ERAUSDT,ERA,Speculative,940,0.0856,116715.91703,-0.233,29.166424243939048,-0.00016440946317472505,0.11728399999999999,0.15369000000000008,0.7241746424036761,0.43852728468113084,0.43852728468113084,0.21563185825210746,0.5581281823045168,0.09548055555555554,0.14791944444444446,downtrend,0,1,baissier,343,0,0,30,,,16.4,19.0,68.5,47.0,19.4,29.37,False,False,,0,,,,42,14943134,85511494,174750000.0,1000000000.0,1000000000.0,17.5,,,
AIXBTUSDT,AIXBT,Speculative,775,0.02153,291072.135496,0.607,38.56190841132002,0.00014025064451911578,0.027417799999999985,0.027783449999999998,1.0151709278147656,0.42674094707520893,0.4033426183844011,0.08639447581221354,0.44004599602333927,0.021728888888888884,0.034038888888888896,rsi_bullish_divergence|death_cross|downtrend,1,2,baissier,365,0,0,30,,,17.0,28.0,58.0,47.0,0,29.35,False,False,,0,,,,33,21284186,21398488,994658423.1010208,1000000000.0,1000000000.0,99.5,,,
HFTUSDT,HFT,Speculative,,0.0093,152896.92814,-2.105,38.38985953213519,3.256676825900875e-05,0.012083999999999998,0.018209500000000003,1.0468949736194701,0.47126436781609193,0.47126436781609193,0.14638605952365866,0.3422741149166521,0.009997222222222223,0.01586944444444445,rsi_bullish_divergence|double_top_90d|downtrend,1,2,baissier,365,0,0,30,,,17.0,28.0,58.0,47.0,0,29.35,False,False,,0,,,,33,,,,,,,,,
NILUSDT,NIL,Speculative,870,0.03662,384358.396969,-0.055,37.362026197297425,0.00021287557158646258,0.05231059999999999,0.05339155000000002,1.168493155941209,0.6246753246753246,0.6038961038961038,0.11563448474361404,0.19151403681497756,0.03345277777777777,0.06978666666666666,downtrend,0,1,baissier,365,0,0,30,,,17.0,28.0,38.5,47.0,19.4,29.34,False,False,,0,,,,34,17812185,36547627,487369124.996,1000000000.0,,48.7,,,
AIUSDT,AI,Speculative,617,0.0197,152354.04094,-1.5,31.050018902645036,-0.00010688697051819364,0.024512,0.02701549999999998,0.6888893788610294,0.36774193548387096,0.36774193548387096,0.07490282497412329,0.28077153481818257,0.018352777777777777,0.029488888888888884,downtrend|doji_4h,0,1,baissier,365,0,0,30,,,17.0,19.0,62.5,47.0,19.4,29.26,False,False,,0,,,,35,31427601,240884460,1304675313.0,10000000000.0,10000000000.0,13.0,,,
CTSIUSDT,CTSI,Speculative,782,0.02251,46629.50647,-0.044,34.8446653018495,0.00013345667501624115,0.027528400000000005,0.02979899999999999,0.7162052694319465,0.4751120547298891,0.47062986553432407,0.057387519636372494,0.14739729352443934,0.022557499999999994,0.03807833333333334,downtrend,0,1,baissier,365,0,0,30,,,17.0,19.0,62.5,47.0,19.4,29.26,False,False,,0,,,,35,20951956,22592629,927380131.7900137,1000000000.0,1000000000.0,92.7,,,
AUDIOUSDT,AUDIO,Speculative,796,0.01427,200061.897872,1.421,29.291548503042847,5.606344200942924e-05,0.017655000000000004,0.022182500000000004,0.48033754749059676,0.4426487977926685,0.4379188017343319,0.17615772644668445,0.34577619968355033,0.01497666666666667,0.022329722222222223,downtrend|shooting_star_4h,0,2,baissier,365,0,0,30,,,17.0,19.0,79.0,47.0,0,29.08,False,False,,0,,,,39,20424374,20424374,1430848071.0,1430848071.71425,,100.0,,,
LAZIOUSDT,LAZIO,Speculative,,0.406,149330.23903,0.744,27.102094412148148,-0.0018339758626897198,0.52196,0.7650549999999998,0.5936322004494707,0.4349650349650349,0.4349650349650349,0.2633884981773349,0.5297739710065131,0.44883333333333336,0.6948611111111112,macd_bearish_cross|downtrend,0,2,baissier,365,0,0,30,,,17.0,19.0,79.0,47.0,0,29.08,False,False,,0,,,,39,,,,,,,,,
BANANAUSDT,BANANA,Speculative,,2.737,140598.882057,-0.761,29.513341542856566,0.007995355864401588,3.497280000000001,4.713569999999997,0.557848685732079,0.421186440677966,0.421186440677966,0.2568997903979281,0.6022606669278233,2.910861111111111,4.209833333333333,double_top_90d|downtrend,0,2,baissier,365,0,0,30,,,17.0,19.0,79.0,47.0,0,29.08,False,False,,0,,,,39,,,,,,,,,
ALPINEUSDT,ALPINE,Speculative,,0.316,115807.43718,-0.315,30.82436271119164,-0.00021129128854911403,0.3948400000000001,0.4604099999999998,0.5952719475886351,0.38878143133462284,0.38878143133462284,0.3229033746173529,0.6260519818430949,0.33872222222222226,0.4780833333333333,macd_bearish_cross|downtrend,0,2,baissier,365,0,0,30,,,17.0,19.0,79.0,47.0,0,29.08,False,False,,0,,,,33,,,,,,,,,
STEEMUSDT,STEEM,Speculative,754,0.04032,111315.163204,1.459,27.57848568797833,-6.608621219249614e-05,0.050450600000000005,0.058766199999999984,0.5418995938711475,0.34570916788796613,0.34570916788796613,0.11836988991203894,0.6161377612023965,0.04359500000000001,0.06089583333333334,macd_bearish_cross|downtrend|bearish_engulfing_4h,0,3,baissier,365,0,0,30,,,17.0,19.0,79.0,47.0,0,29.08,False,False,,0,,,,39,22186309,22186309,550826165.603,550826165.603,,100.0,,,
KNCUSDT,KNC,Speculative,841,0.1113,66540.48577,0.18,28.32996511563789,-0.0002853848960397568,0.134398,0.16496999999999995,0.4241673691009496,0.3416666666666667,0.3416666666666667,0.08253776973178446,0.3233603830716152,0.11845833333333333,0.15771388888888893,macd_bearish_cross|downtrend,0,2,baissier,365,0,0,30,,,17.0,19.0,79.0,47.0,0,29.08,False,False,,0,,,,39,18856306,26704668,170152851.23024455,240973791.0778032,252301550.0,70.6,,,
POWRUSDT,POWR,Speculative,740,0.0436,48946.6236,0.926,25.093922996132648,-3.485379367569553e-05,0.057170000000000026,0.06887299999999999,0.5452445693102798,0.37679083094555876,0.37679083094555876,0.22555683055285844,0.6853118583677988,0.04746388888888889,0.06775555555555554,double_top_90d|downtrend,0,2,baissier,365,0,0,30,,,17.0,19.0,79.0,47.0,0,29.08,False,False,,0,,,,39,23016116,43424697,529761884.726046,999506122.99937,1000000000.0,53.0,,,
MTLUSDT,MTL,Speculative,779,0.233,29958.9736,-0.851,34.34359574103023,-2.8222036925543842e-05,0.2786600000000001,0.3078349999999998,0.5404859370596623,0.30654761904761907,0.30654761904761907,0.18337033682054196,0.6644845633805783,0.2458055555555555,0.31933333333333325,macd_bearish_cross|downtrend|doji_4h,0,2,baissier,365,0,0,30,,,17.0,19.0,79.0,47.0,0,29.08,False,False,,0,,,,33,21082996,21082996,90635915.0,90635915.0,,100.0,,,
PORTOUSDT,PORTO,Speculative,,0.453,150597.8367,-0.44,21.999204822101177,-0.0016627053966416505,0.6649399999999999,0.9417949999999996,0.6492345552722831,0.5502487562189055,0.5502487562189055,0.5553361636324824,0.5866737388006881,0.5294444444444444,0.9915555555555557,macd_bearish_cross,0,1,baissier,365,0,0,30,,,17.0,19.0,55.0,47.0,21.0,28.9,False,False,,0,,,,41,,,,,,,,,
1MBABYDOGEUSDT,1MBABYDOGE,Speculative,,0.0003104,215914.0350924,-0.672,33.28378042348044,7.61256956683282e-08,0.0003809640000000002,0.0004648769999999997,0.7006488690774672,0.35275689223057644,0.35275689223057644,0.14725091746364047,0.7309397641266547,0.0003283972222222223,0.0004487777777777777,bearish_engulfing_4h,0,1,baissier,365,0,0,30,,,17.0,19.0,60.5,47.0,14.3,28.83,False,False,,0,,,,34,,,,,,,,,
YGGUSDT,YGG,Speculative,848,0.02333,421183.55539,-2.507,30.592759530744786,0.0002296161121302068,0.0334726,0.0457852,0.8695181952590617,0.518893247986785,0.518893247986785,0.3963915340978036,0.5997320766961216,0.025402222222222225,0.0446075,rsi_bullish_divergence|downtrend,1,1,mixte,365,0,0,30,,,17.0,19.0,55.0,47.0,19.4,28.81,False,False,,0,,,,34,18552094,23277646,796991860.1014752,1000000000.0,1000000000.0,79.7,,,
SXTUSDT,SXT,Speculative,825,0.00748,243532.422234,2.889,27.49597637362325,0.00011039893560614556,0.010663400000000003,0.019008300000000013,0.7576784702756911,0.585595567867036,0.585595567867036,0.17136052504656993,0.4066793562232944,0.00804,0.017415,downtrend,0,1,baissier,365,0,0,30,,,17.0,19.0,55.0,47.0,19.4,28.81,False,False,,0,,,,40,19392050,37309428,2598813644.2665,5000000000.0,5000000000.0,52.0,,,
COOKIEUSDT,COOKIE,Speculative,,0.0087,239598.14812,2.353,34.37039268799529,0.00018870818324680152,0.013096000000000002,0.022964499999999995,0.8684819455119754,0.582089552238806,0.5671641791044776,0.3723945223012911,0.4776657950193183,0.00913611111111111,0.01868888888888888,downtrend,0,1,baissier,365,0,0,30,,,17.0,19.0,55.0,47.0,19.4,28.81,False,False,,0,,,,34,,,,,,,,,
CHRUSDT,CHR,Speculative,962,0.01443,200400.65323,0.487,33.70848202456648,8.926910912386175e-05,0.019934399999999998,0.026619050000000012,0.8946806036038213,0.5006949270326615,0.5006949270326615,0.12878104706360932,0.47887533652356645,0.015004166666666664,0.026222777777777786,rsi_bullish_divergence|downtrend,1,1,mixte,365,0,0,30,,,17.0,19.0,55.0,47.0,19.4,28.81,False,False,,0,,,,34,14022303,14022303,974831915.3782,974831915.3782,978064789.0,100.0,,,
SKLUSDT,SKL,Speculative,735,0.00383,190271.60852,0.262,27.65187686073442,2.5088852590830172e-05,0.005471000000000001,0.007447050000000007,0.6617772713626382,0.5064599483204134,0.5064599483204134,0.14621619639934813,0.6478687627687283,0.004186111111111113,0.007406666666666666,rsi_bullish_divergence|downtrend,1,1,mixte,365,0,0,30,,,17.0,19.0,55.0,47.0,19.4,28.81,False,False,,0,,,,40,23241377,23820044,6094019337.0,6245749056.361523,7000000000.0,97.6,,,
SANTOSUSDT,SANTOS,Speculative,,0.554,171341.58217,0.911,26.025366621292335,0.005609506454871779,0.8395200000000002,1.3923649999999999,0.8795343213102808,0.5914137675795706,0.5891931902294596,0.29339747205433797,0.3654737499902869,0.6169166666666667,1.266527777777778,downtrend,0,1,baissier,365,0,0,30,,,17.0,19.0,55.0,47.0,19.4,28.81,False,False,,0,,,,40,,,,,,,,,
ONEUSDT,ONE,Speculative,832,0.00129,139983.581738,-2.273,25.932801430873027,1.7611495538083824e-06,0.0018361999999999999,0.0026243000000000004,0.7090910602876977,0.5038461538461538,0.5038461538461538,0.3130408988445449,0.5475133733264781,0.001450277777777778,0.0024197222222222215,downtrend,0,1,baissier,365,0,0,30,,,17.0,19.0,55.0,47.0,19.4,28.81,False,False,,0,,,,40,19256896,19256898,14870211425.762915,14870212769.762915,,100.0,,,
XVGUSDT,XVG,Speculative,520,0.002393,133144.485068,-0.87,34.49612848688888,1.3736733048312107e-05,0.0030297400000000004,0.004772499999999999,0.6820200104238722,0.5246618933969769,0.5240652346857597,0.1585436534816447,0.43586289037969267,0.002509833333333333,0.004633333333333335,rsi_bullish_divergence|downtrend,1,1,mixte,365,0,0,30,,,17.0,19.0,55.0,47.0,19.4,28.81,False,False,,0,,,,34,39416413,39495257,16521951234.84134,16555000000.0,,99.8,,,
SCRTUSDT,SCRT,Speculative,858,0.0532,54355.54591,-0.561,28.123728041477264,0.000451390532103778,0.07644400000000001,0.09563600000000007,0.7180630059874067,0.537117903930131,0.537117903930131,0.18951867803291164,0.5899981540844597,0.05826666666666666,0.11159166666666669,downtrend,0,1,baissier,365,0,0,30,,,17.0,19.0,55.0,47.0,19.4,28.81,False,False,,0,,,,40,18175973,18975308,343735971.084556,358852644.334945,,95.8,,,
SOLVUSDT,SOLV,Speculative,,0.00304,156387.75639,-0.328,31.80993277287446,-2.399086926982907e-06,0.003841199999999999,0.006813750000000005,0.5980503736620814,0.45796064400715564,0.45796064400715564,0.10260162353185025,0.0647709884198582,0.003196944444444445,0.005059444444444445,macd_bearish_cross|downtrend,0,2,baissier,365,0,0,30,,,17.0,19.0,73.0,47.0,0,28.72,False,False,,0,,,,32,,,,,,,403266025,$403M,-4.02
LAUSDT,LA,Speculative,981,0.0695,328023.47829,0.289,31.99340390834712,0.0016278551300471008,0.10099199999999998,0.2060084999999999,0.9667916679986482,0.6505900461775269,0.6449461262185735,0.39229199210886867,0.5022422704437614,0.07311666666666669,0.17755277777777778,rsi_bullish_divergence|downtrend,1,1,mixte,351,0,0,30,,,16.6,19.0,55.0,47.0,19.4,28.65,False,False,,0,,,,34,13338945,69113704,193000000.0,1000000000.0,,19.3,,,
CELRUSDT,CELR,Speculative,,0.00193,289482.5663382,0.521,29.54238134322007,-1.1762257367424749e-05,0.00246086,0.002921110000000002,0.7343238288203946,0.38493456750718164,0.38493456750718164,0.3337622542900309,0.5774518574722203,0.0021156111111111115,0.002924055555555556,macd_bearish_cross|downtrend,0,2,baissier,365,0,0,30,,,17.0,19.0,68.5,47.0,0,28.45,False,False,,0,,,,38,,,,,,,12958067,$13M,-14.7
SHELLUSDT,SHELL,Speculative,,0.0226,195312.89133,0.0,27.625873796776844,-3.104729560104644e-05,0.03065,0.03602799999999998,0.6167213183751443,0.4474327628361858,0.4474327628361858,0.2054263492554671,0.42960723448680216,0.025030555555555552,0.03898055555555555,macd_bearish_cross|double_top_90d|downtrend,0,3,baissier,365,0,0,30,,,17.0,19.0,68.5,47.0,0,28.45,False,False,,0,,,,38,,,,,,,,,
C98USDT,C98,Speculative,987,0.0133,194765.33788,0.758,31.03848644590083,0.00010315671072725166,0.01782,0.02292550000000001,0.7534095314368096,0.48031496062992124,0.48031496062992124,0.35365972193742296,0.5636273295829102,0.014138888888888892,0.02425277777777778,rsi_bullish_divergence|double_top_90d|downtrend,1,2,baissier,365,0,0,30,,,17.0,19.0,68.5,47.0,0,28.45,False,False,,0,,,,32,13231774,13231789,999998884.0,1000000000.0,1000000000.0,100.0,,,
COTIUSDT,COTI,Speculative,698,0.00887,163000.29767,-1.115,30.420799133200788,6.4021387593111946e-06,0.0117586,0.015005049999999999,0.7800262231234703,0.4220482713633399,0.4220482713633399,0.15430472633401096,0.5991338137842919,0.00965777777777778,0.014929166666666664,double_top_90d|downtrend|doji_4h,0,2,baissier,365,0,0,30,,,17.0,19.0,68.5,47.0,0,28.45,False,False,,0,,,,32,25641318,25641604,2895959097.89377,2895991373.969497,4910000000.0,100.0,,,
IOSTUSDT,IOST,Speculative,710,0.000736,157472.971103,-2.902,27.285694798403284,7.868986485931164e-07,0.0009634599999999998,0.0012453399999999997,0.6260460875578597,0.41218925421010427,0.41218925421010427,0.4872258521854712,0.6700726482894863,0.0007929444444444444,0.0011521944444444444,double_top_90d|downtrend,0,2,baissier,365,0,0,30,,,17.0,19.0,68.5,47.0,0,28.45,False,False,,0,,,,38,24956273,24956273,33999051873.0,33999051873.0,90000000000.0,100.0,,,
ONGUSDT,ONG,Speculative,781,0.04442,93996.59778,0.294,28.590742325645707,0.0003428596827028292,0.05866059999999999,0.07134055000000003,0.6347348437429022,0.5697900466562986,0.5697900466562986,0.1554687930111692,0.27552567812981316,0.047249722222222214,0.08898999999999999,downtrend,0,1,baissier,365,0,0,30,,,17.0,19.0,49.0,47.0,19.4,28.45,False,False,,0,,,,39,20955796,35367115,474017645.0,800000000.0,1000000000.0,59.3,,,
BANDUSDT,BAND,Speculative,675,0.151,73281.2562,-0.658,29.640283652702408,-0.00011173906332294543,0.19424000000000008,0.2452549999999999,0.6314579009283586,0.4007936507936508,0.4007936507936508,0.12591288083455715,0.594030251607969,0.16447222222222224,0.2366666666666667,macd_bearish_cross|evening_star_4h,0,2,baissier,365,0,0,30,,,17.0,19.0,68.5,47.0,0,28.45,False,False,,0,,,,38,26743349,26756401,178077227.650395,178164142.174828,,100.0,,,
ICXUSDT,ICX,Speculative,653,0.0259,69915.74794,-0.766,27.232797080037955,-4.594728563654454e-05,0.033918000000000004,0.04207650000000003,0.6696551357388493,0.3743961352657005,0.3743961352657005,0.3318837874017093,0.6278947165235833,0.028366666666666665,0.03965833333333334,double_top_90d|downtrend,0,2,baissier,365,0,0,30,,,17.0,19.0,68.5,47.0,0,28.45,False,False,,0,,,,38,28410329,28711574,1097158607.775632,1108792174.218095,,99.0,,,
ARDRUSDT,ARDR,Speculative,700,0.02586,65976.85279,1.174,24.20260231418777,7.784079757263557e-06,0.0352794,0.04630120000000001,0.7997343059614243,0.4232411777927625,0.4232411777927625,1.0,0.4009763915974267,0.028369444444444447,0.04548277777777777,bearish_engulfing_4h|evening_star_4h,0,2,baissier,365,0,0,30,,,17.0,19.0,68.5,47.0,0,28.45,False,False,,0,,,,38,25442513,25442513,998466231.0,998466231.0,,100.0,,,
SOMIUSDT,SOMI,Speculative,894,0.1044,368923.67403,3.881,33.93161553963786,0.0012105514503397523,0.14401200000000003,0.19185850000000004,0.7978524363278116,0.5,0.4821251241310824,0.4914121789841145,0.6105817044867841,0.10876944444444442,0.1912583333333333,downtrend|doji_4h,0,1,baissier,296,0,0,30,,,15.1,19.0,59.5,47.0,19.4,28.3,False,False,,0,,,,35,16702003,104257196,160200000.0,1000000000.0,1000000000.0,16.0,,,
HAEDALUSDT,HAEDAL,Speculative,,0.01661,114231.288138,0.423,30.059772019999244,9.240433678140087e-05,0.025894400000000005,0.03202719999999998,1.212906335566075,0.5680812288466545,0.5680812288466545,0.11856797528124953,0.3703961490039888,0.01876972222222222,0.03544916666666667,rsi_bullish_divergence|macd_bullish_cross|downtrend,2,1,haussier,365,0,0,30,,,17.0,19.0,44.5,47.0,19.4,28.18,False,False,,0,,,,32,,,,,,,26189619,$26M,-13.38
SIGNUSDT,SIGN,Speculative,791,0.00868,359739.10155,-2.8,33.953289201490236,0.0002240290137414582,0.01165,0.028115399999999995,0.7421346719678059,0.7715386732727773,0.7610789980732178,0.415503337398606,0.22900270387194968,0.00881444444444444,0.03306527777777778,downtrend,0,1,baissier,365,0,0,30,,,17.0,19.0,43.0,47.0,19.4,28.09,False,False,,0,,,,32,20676010,86631326,2386666666.0,10000000000.0,10000000000.0,23.9,,,
DIAUSDT,DIA,Speculative,991,0.1104,77280.5357,0.091,23.38380137624017,0.0006019055552280647,0.15822999999999998,0.20781550000000007,0.6289618038576288,0.49121184088806663,0.49121184088806663,0.24232244313294063,0.5638698728198754,0.12161666666666665,0.20570833333333333,downtrend,0,1,baissier,365,0,0,30,,,17.0,10.0,68.5,47.0,19.4,28.09,False,False,,0,,,,40,13137640,18532190,119676104.0,168817248.0,200000000.0,70.9,,,
TREEUSDT,TREE,Speculative,880,0.0439,216027.48187,2.093,33.54240469712488,0.0004243055835790933,0.05685800000000002,0.07549550000000002,0.7266238953003858,0.44458930899608873,0.43415906127770537,0.25468514710815554,0.5196485033456437,0.045113888888888884,0.07386666666666669,double_top_90d|downtrend,0,2,baissier,331,0,0,30,,,16.1,19.0,68.5,47.0,0,28.07,False,False,,0,,,,32,17177692,19246914,101361867.09737062,113571900.30321626,200000000.0,89.2,56281674,$56M,-17.73
BARUSDT,BAR,Speculative,,0.263,137876.96888,1.154,18.884835521043,0.0016908871567438595,0.35154,0.48449500000000006,0.4707829726097401,0.5338078291814947,0.5338078291814947,0.1867101824276247,0.4971727563720464,0.2825555555555555,0.5445833333333334,downtrend,0,1,baissier,365,0,0,30,,,17.0,10.0,65.5,47.0,19.4,27.91,False,False,,0,,,,39,,,,,,,,,
KERNELUSDT,KERNEL,Speculative,,0.042,260971.91679,-0.238,28.21120165195221,-0.0003105208873697353,0.057106000000000004,0.07113000000000004,0.7622724382508242,0.6493723849372386,0.6493723849372386,0.3897038522157736,0.3667680656087013,0.048186111111111096,0.09706666666666668,macd_bearish_cross|downtrend,0,2,baissier,365,0,0,30,,,17.0,19.0,55.0,47.0,0,27.64,False,False,,0,,,,36,,,,,,,,,
MIRAUSDT,MIRA,Speculative,979,0.0454,451335.47499,2.022,24.516141059667305,3.9982570601714354e-05,0.06923599999999999,0.09519599999999995,0.8084190235271091,0.5038503850385038,0.5005500550055005,0.45957136048563646,0.6325357917046291,0.052027777777777784,0.08884999999999998,downtrend,0,1,baissier,272,0,0,30,,,14.5,10.0,55.0,47.0,19.4,26.24,False,False,,0,,,,37,13440545,45359729,296310083.0,1000000000.0,1000000000.0,29.6,,,
USDCUSDT,USDC,Etabli,5,1.00109,1330553717.02999,0.016,59.97177848750763,5.4760253910572984e-05,1.0005584,1.0003186000000004,0.0046378694659532605,0.0011992804317409343,3.995485101838922e-05,0.26934382385076616,-0.06428047833311469,0.9995538888888889,1.0021891666666665,support_bounce,1,0,haussier,365,0,0,30,,,45.0,73.0,94.0,78.5,50,63.08,False,True,,0,,,,67,74037579284,74048582196,74059219109.7968,74070225237.50734,,100.0,,,
USD1USDT,USD1,Etabli,23,1.00047,140027889.81203,0.018,52.099474005554285,-1.8845011979324e-05,1.0000946000000004,0.9999706499999994,0.005421339942040803,0.0015993602558975759,0.0006293014753622564,0.3576397085250751,-0.06093801161750071,0.9991038888888889,1.0007666666666668,macd_bearish_cross|support_bounce|resistance_test|downtrend,1,3,baissier,365,0,0,30,,,45.0,73.0,94.0,78.5,0,60.08,False,True,,0,,,,55,4732638340,4732638340,4736831577.616041,4736831577.616041,,100.0,,,
UUSDT,U,Etabli,66,1.0011,10314325.2379,0.01,62.39556943149889,5.893137543290473e-05,1.000608,,0.004256668744618741,0.001199160587588556,0.0,0.2482791501429814,-0.008836174263545457,0.9996222222222225,1.0011750000000004,support_bounce|resistance_test|morning_star_4h,2,1,haussier,163,0,0,30,,,39.5,45.0,94.0,78.5,30.2,54.88,False,True,,0,,,,54,1016356690,1016356690,1016558549.2,1016558549.2,,100.0,,,
RLUSDUSDT,RLUSD,Etabli,50,1.0011,34478486.7468,-0.01,57.06858371526309,4.231703050250037e-05,1.000752,,0.004592934533168995,0.00129805292061915,0.000399400898651978,0.35285298052975794,0.014727382448886817,0.9996833333333333,1.0013444444444448,support_bounce|resistance_test|doji_4h,1,1,mixte,154,0,0,30,,,39.2,45.0,94.0,78.5,30.2,54.78,False,True,,0,,,,54,1596809904,1596809904,1597102435.510979,1597102435.510979,,100.0,,,
FDUSDUSDT,FDUSD,Mid,122,0.9987,14886360.2705,0.04,49.702250007112966,6.690082013661482e-05,0.9986740000000002,0.9991985000000004,0.007702118855741009,0.0023004600920183724,0.0011002200440087917,0.14957549001606657,0.4206146485855826,0.9979722222222223,0.999727777777778,resistance_test|doji_4h,0,1,baissier,365,0,0,30,,,31.0,57.0,100.0,78.5,30.2,53.81,False,True,,0,,,,58,351621399,351621399,352517619.46479,352517619.46479,,100.0,,,
XUSDUSDT,XUSD,Mid,468,1.0012,4587343.2329,0.02,57.73134324863288,3.5400396872153176e-05,1.000698,1.0004205000000008,0.00490494202045741,0.00149880095923256,0.00019972039145194523,0.715042313502297,0.0195903340282964,0.9995916666666665,1.0039027777777774,rsi_bearish_divergence|macd_bullish_cross|support_bounce,2,1,haussier,365,0,0,30,,,31.0,82.0,94.0,68.0,15.3,53.63,False,True,,0,,,,61,46611864,46611864,46615140.561,46615140.561,,100.0,,,
USDEUSDT,USDE,Etabli,25,0.9998,2352048.189,0.0,46.664161915938536,-8.276898697952614e-06,1.0000319999999998,0.9997135000000007,0.0048834623755099485,0.0010993403957624214,0.0007995202878272156,0.18080536886806495,0.02219854246455058,0.9992138888888894,1.0004749999999993,resistance_test,0,1,baissier,289,0,0,30,,,42.9,45.0,94.0,68.0,30.2,53.13,False,True,,0,,,,54,4482266146,4482266146,4489339212.884414,4489339212.884414,,100.0,24303525,$24M,-2.77
BFUSDUSDT,BFUSD,Etabli,57,0.9993,1387377.4585,-0.02,42.7584900882966,-4.083022654544852e-05,0.9994859999999997,0.9994665000000019,0.004967704332420599,0.000900090009000912,0.000700070007000734,0.2553519406347352,0.18705751892151404,0.9992138888888894,0.9997916666666669,rsi_bullish_divergence|macd_bearish_cross|resistance_test|doji_4h,1,2,baissier,316,0,0,30,,,43.7,36.0,94.0,68.0,1.2,50.17,False,True,,0,,,,41,1317533338,1317533338,1320000000.0,1320000000.0,,100.0,,,
USDSUSDT,USDS,Etabli,12,1.001,794242.1996,0.03,59.04914273485323,4.1523199913803355e-05,1.0004880000000005,,0.00440993809260525,0.001198561725928975,0.00019976028765501398,0.48003401080809,,0.9978733333333337,1.0017033333333336,doji_4h,0,0,neutre,77,0,0,30,,,37.1,45.0,90.0,57.5,50,48.54,False,True,,0,,,,58,10297387992,10297387992,10302493914.08138,10302493914.08138,,100.0,,,
EURIUSDT,EURI,Mid,411,1.1355,1109084.68915,-0.552,24.106108785893483,-0.0016001049778367974,1.1606000000000003,1.1679945000000003,0.05529776978176887,0.038455022869727344,0.038455022869727344,0.5302759371531292,0.5074531781999996,1.147775,1.1766972222222225,downtrend,0,1,baissier,365,0,0,30,,,31.0,19.0,100.0,68.0,19.4,43.56,False,True,,0,,,,47,56228302,56228302,49618527.99990108,49618527.99990108,,100.0,,,
TUSDUSDT,TUSD,Mid,104,0.9997,42148.0542,0.01,54.41844268951088,3.74455543314148e-05,0.9996560000000005,0.999122499999999,0.002625013557926148,0.003394907638542256,0.001897154268597117,0.14017672580242146,-0.1685799844805018,0.9984222222222221,1.0003944444444444,macd_bullish_cross|support_bounce|resistance_test,2,1,haussier,365,0,0,30,,,31.0,45.0,94.0,47.0,30.2,41.93,False,True,,0,,,,54,493677601,493677601,494515083.0,494515083.0,,100.0,,,
USDPUSDT,USDP,Speculative,611,1.0011,18403.3701,0.04,63.24418786619339,6.955304889926032e-05,1.0003880000000003,1.0002034999999998,0.004245740624819069,0.0011986814504046446,0.0,0.13158846070421518,-0.09025655057581408,0.9995277777777779,1.000933333333334,support_bounce|resistance_test|doji_4h,1,1,mixte,365,0,0,30,,,17.0,73.0,94.0,47.0,30.2,40.94,False,True,,0,,,,62,31927984,31927984,31954027.03052443,31954027.03052443,,100.0,,,
EURUSDT,EUR,Speculative,,1.1359,24786328.97965,-0.569,24.42036013099124,-0.0015674746989144776,1.160832,1.1681399999999993,0.056280404185511994,0.037451279444162024,0.037451279444162024,0.3892590517347598,0.49438361434134276,1.1482472222222224,1.176711111111111,downtrend,0,1,baissier,365,0,0,30,,,17.0,10.0,100.0,78.5,19.4,39.47,False,True,,0,,,,45,,,,,,,,,
FRAXUSDT,FRAX,Mid,141,0.2496,127873.60969,-1.616,23.04529176941952,0.002269007259935181,0.36744200000000005,,0.5944031348435511,0.5110936579619085,0.5110936579619085,0.15003318186991657,0.44500823085038327,0.27466666666666667,0.48769999999999997,rsi_bullish_divergence,1,0,haussier,161,0,0,30,,,25.4,18.0,65.5,47.0,50,34.54,False,True,,0,,,,49,239362768,239362768,241747684.0102676,241747684.0102676,,100.0,46798496,$47M,-17.1
AEURUSDT,AEUR,Speculative,,1.1394,4028.95505,0.868,44.65684296323565,-0.0003633623171182825,1.1490180000000005,1.1569945,0.04465510366011424,0.03534321239993176,0.02963719979560547,0.18691469707587435,0.35741488513877223,1.138322222222222,1.1707027777777776,support_bounce|downtrend|doji_4h,1,1,mixte,365,0,0,30,,,17.0,28.0,100.0,47.0,19.4,33.03,False,True,,0,,,,44,,,,,,,,,
KGSTUSDT,KGST,Speculative,,0.01144,48031.35117,0.0,54.772624841072115,9.9847346735081e-07,0.0114182,,0.025976232513806527,0.009606986899563382,0.0008733624454148116,0.2914066027700629,0.09396726368644052,0.011363888888888885,0.011458055555555562,resistance_test|evening_star_4h,0,2,baissier,183,0,0,30,,,12.0,45.0,94.0,47.0,4.2,32.6,False,True,,0,,,,48,,,,,,,,,
