symbol,base,tier,rank_mcap,price,vol_24h_usd,change_24h_pct,rsi_14,macd_hist,ma_50,ma_200,vol_30d_ann,drawdown_90d,dist_to_high_90d,vol_ratio_vs_med90,corr_btc_90d,support_90d,resistance_90d,patterns,bull_signals,bear_signals,bias,age_days,n_red_flags,audit_score,team_score,github_commits_30d,github_contrib_90d,score_solidity,score_momentum,score_risk,score_antiscam,score_signal,score,suspect,stablecoin,categories,catalyst_score,catalyst_flags,trending_rank,vol_spike_ratio,bull_prob_7d,market_cap,fdv,circulating_supply,total_supply,max_supply,circ_ratio_pct,tvl,tvl_fmt,tvl_change_7d
RENDERUSDT,RENDER,Etabli,70,1.977,12685516.65098,10.262,58.30746320088073,0.004899243684523194,1.8716600000000003,1.7470899999999994,0.5216593130065043,0.18283764017552423,0.03508771929824565,0.5720398636128321,0.6601446949169946,1.421888888888889,2.004388888888889,macd_bullish_cross|double_top_90d,1,1,mixte,365,0,0,30,,,45.0,82.0,100.0,78.5,27.3,63.3,False,False,,0,,,,65,1025575049,1054756470,518743261.0140742,533503434.2940742,644245094.0,97.2,,,
ASTERUSDT,ASTER,Etabli,49,0.689,10700779.526,3.144,55.31893014603574,0.0015517062760987852,0.6716599999999999,0.7582249999999999,0.42806381035533003,0.14417989417989416,0.08465608465608473,0.5955324642315384,0.5211054728549765,0.6486388888888891,0.7218055555555555,uptrend,1,0,haussier,231,0,0,30,,,41.3,66.0,100.0,78.5,50,60.98,False,False,,0,,,,66,1799301041,5455407232,2579922243.4698935,7822218820.515041,8000000000.0,33.0,159873094,$160M,-0.47
JSTUSDT,JST,Etabli,80,0.09305,2644052.694199,-0.086,62.37109961892652,-0.000208748744565303,0.08124960000000002,0.05343695000000003,0.4696691063026159,0.17961042246395148,0.007457121551081201,0.30866993622512373,-0.24547018825537723,0.04848583333333335,0.08997500000000001,uptrend,1,0,haussier,365,0,0,30,,,45.0,73.0,94.0,68.0,50,60.77,False,False,,0,,,,67,794534293,794534293,8543764567.312736,8543764567.312736,9900000000.0,100.0,3544342545,$3.5B,-1.18
TRXUSDT,TRX,Etabli,8,0.3633,32240772.82576,0.917,76.89966648937637,0.0001685366112249573,0.336822,0.3021960000000002,0.13585979154962646,0.030321224857400172,0.005747126436781584,0.20926338859164914,0.08876292414324137,0.2852000000000001,0.3545027777777777,,0,0,neutre,365,0,0,30,,,45.0,55.0,94.0,78.5,50,60.43,False,False,,0,,,,51,34398130008,34399190123,94804720740.6219,94807642525.1023,,100.0,,,
ONDOUSDT,ONDO,Etabli,46,0.4405,43191257.87331,13.736,64.96685770445598,0.001673851938206572,0.31323200000000007,0.3551170000000002,1.3084781426871572,0.23776843037414214,0.025459375691830884,1.5843376402401994,0.5230030705907647,0.24814722222222216,0.39775277777777773,rsi_bearish_divergence|macd_bullish_cross|double_bottom_90d|uptrend,3,1,haussier,365,0,0,30,,,45.0,84.0,79.0,78.5,19.8,59.6,False,False,,0,,,,61,2124986712,4364022216,4869330647.0,10000000000.0,10000000000.0,48.7,2691298270,$2.7B,-0.11
LINKUSDT,LINK,Etabli,18,9.607,24545409.96634,4.663,48.259134617334,-0.08463435474147249,9.497360000000002,10.911289999999994,0.42855103759826524,0.15120967741935484,0.10354477611940309,0.33135944957778884,0.8741099070353776,8.544722222222221,10.108833333333331,,0,0,neutre,365,0,0,30,,,45.0,57.0,87.5,78.5,50,59.59,False,False,,0,,,,61,6976378547,9594799657,727099970.4255477,1000000000.0,1000000000.0,72.7,,,
ZECUSDT,ZEC,Etabli,13,639.94,149640587.50258,8.116,63.55867451094529,0.680068877824489,437.36800000000005,383.4872999999997,1.3291165974000865,0.2285549174702929,0.0501380764319862,0.2616692118924669,0.5813280570147219,212.17972222222218,584.1355555555555,macd_bullish_cross|resistance_test|uptrend,2,1,haussier,365,0,0,30,,,45.0,73.0,79.0,78.5,39.1,59.44,False,False,,1,🔥 Trending #7 sur CoinGecko,7,,63,10663933898,10663933898,16688225.1655448,16688225.1655448,21000000.0,100.0,,,
BTCUSDT,BTC,Etabli,1,76908.92,876988175.5119103,2.985,46.382480877870805,-536.1392873546644,76780.61319999998,80558.17289999999,0.26313247979025384,0.11849875281549622,0.06452518529664321,0.12481351301081543,1.0000000000000002,66374.47694444442,80054.21583333332,,0,0,neutre,365,0,0,30,,,45.0,57.0,86.0,78.5,50,59.34,False,False,,2,🔥 Trending #6 sur CoinGecko,6,,64,1539603039971,1539603039971,20033700.0,20033700.0,21000000.0,100.0,,,
PENGUUSDT,PENGU,Etabli,94,0.009219,12473098.3934,8.255,51.232834792092454,-9.317056023450456e-05,0.00863166,0.009170395000000003,0.8929800865016613,0.24239406012314385,0.16497645780514314,0.23029451341344784,0.6933898267712392,0.006383111111111113,0.01020036111111111,uptrend,1,0,haussier,365,0,0,30,,,45.0,57.0,85.0,78.5,50,59.17,False,False,,6,🔥 Trending #2 sur CoinGecko,2,,70,579539726,733602613,62860396090.0,79570991854.92317,88888888888.0,79.0,,,
BNBUSDT,BNB,Etabli,4,658.63,55813471.03203,2.974,55.755786260808065,-1.2790743145171373,633.9961999999999,746.1078500000002,0.2404620589395224,0.14151623486486892,0.031072074855453064,0.21474147911817448,0.8630209804491948,599.0636111111112,666.5816666666666,double_top_90d|uptrend,1,1,mixte,365,0,0,30,,,45.0,57.0,92.0,78.5,27.3,58.97,False,False,,0,,,,56,88679830289,88679830289,134784961.94,134784961.94,200000000.0,100.0,154010655919,$154.0B,-1.23
SUIUSDT,SUI,Etabli,26,1.0636,83612029.24013,6.264,50.572191180690915,-0.012916476849950786,1.0005620000000002,1.2473935000000003,0.9767566619410196,0.2165853658536585,0.20180112570356468,0.5106524391275163,0.7322419856238933,0.8697694444444442,1.1240583333333334,uptrend,1,0,haussier,365,0,0,30,,,45.0,66.0,77.0,78.5,50,58.92,False,False,,0,,,,62,4256278343,10626301550,4005418369.566699,10000000000.0,10000000000.0,40.1,,,
DOTUSDT,DOT,Etabli,43,1.28,11475740.39219,5.35,49.58330533109931,-0.0034316182389362592,1.2721200000000001,1.7111849999999997,0.44299549401611027,0.29825616355983164,0.22970535177390264,0.3244364269466169,0.5422703648177365,1.2080555555555554,1.5632777777777778,uptrend,1,0,haussier,365,0,0,30,,,45.0,57.0,83.5,78.5,50,58.92,False,False,,0,,,,60,2157015180,2157015180,1685271888.925796,1685271888.925796,2100000000.0,100.0,3034307,$3M,-0.09
ETCUSDT,ETC,Etabli,58,9.02,2369752.8121,4.277,50.961453671803525,-0.062361618198581534,8.7832,10.556849999999997,0.4405898989831523,0.1387978142076503,0.09519038076152316,0.21539050108939675,0.7994308316215343,8.074722222222224,9.358888888888888,morning_star_4h,1,0,haussier,365,0,0,30,,,45.0,57.0,92.0,68.0,53.8,58.75,False,False,,0,,,,63,1411954568,1411954568,156559601.6228963,156559601.6228963,210700000.0,100.0,,,
DOGEUSDT,DOGE,Etabli,10,0.10279,53095047.14288,3.265,44.30610669679063,-0.0013993280095081968,0.10209199999999999,0.11675939999999992,0.43679232486274916,0.12548524844720507,0.10973497315087466,0.11117421783181737,0.7884653797813582,0.08997361111111113,0.11079638888888892,,0,0,neutre,365,0,0,30,,,45.0,48.0,87.5,78.5,50,58.51,False,False,,0,,,,55,15896734358,17514718570,154368786383.7052,170080583126.579,,90.8,,,
SOLUSDT,SOL,Etabli,7,86.57,183933838.82466,5.522,48.17252206435463,-0.5861073107006318,86.46500000000002,107.15720000000003,0.40048156222109343,0.17941787941787946,0.11101982130019515,0.16163309033108691,0.8709286593982455,80.59027777777779,93.06166666666665,double_top_90d|uptrend,1,1,mixte,365,0,0,30,,,45.0,57.0,87.5,78.5,27.3,58.23,False,False,,0,,,,56,50084641134,54321923863,578099034.0976393,627007621.5818436,,92.2,,,
NEARUSDT,NEAR,Etabli,35,2.375,154071098.1769,15.179,81.47364139740904,0.08874769847962752,1.4829599999999998,1.5211999999999992,1.0084675495518363,0.2201342281879195,0.031810766721043986,1.1441406560332588,0.49480342272129857,1.1574166666666663,1.7017777777777772,uptrend,1,0,haussier,365,0,0,30,,,45.0,57.0,79.0,78.5,50,58.18,False,False,,4,🔥 Trending #4 sur CoinGecko,4,,55,3072940671,3072940685,1296324474.0,1296324480.0,,100.0,,,
QNTUSDT,QNT,Etabli,63,82.64,2483217.12933,10.349,65.90792642094456,0.5774954510765233,73.74779999999998,74.69185,0.5030592885274895,0.15588161524956098,0.0,0.8047402788206411,0.3476460610449485,63.71916666666665,78.50805555555556,rsi_bearish_divergence,0,1,baissier,365,0,0,30,,,45.0,57.0,100.0,68.0,19.8,58.03,False,False,,0,,,,53,1200076953,1205713949,14544176.164081175,14612493.0,14612493.0,99.5,,,
ATOMUSDT,ATOM,Etabli,66,2.121,2312178.67588,4.431,62.12283231617643,0.004632953437816237,1.9114600000000008,2.1084200000000006,0.44102406009714673,0.1736947791164659,0.0,0.2919591475761926,0.5090322744080232,1.70175,2.0612777777777778,rsi_bearish_divergence|uptrend,1,1,mixte,365,0,0,30,,,45.0,57.0,100.0,68.0,19.8,58.03,False,False,,0,,,,56,1079786583,1079786583,510265943.353211,510265943.353211,,100.0,,,
TAOUSDT,TAO,Etabli,38,280.7,31361799.14061,8.003,50.43179678387104,-2.2145579869663523,275.7640000000001,258.9495,0.7441963489566619,0.3103746397694524,0.1910662824207493,0.16872125314972813,0.47766648435455006,187.7361111111111,325.5722222222223,downtrend,0,1,baissier,365,0,0,30,,,45.0,73.0,73.0,78.5,26.2,57.67,False,False,,0,,,,58,2696942966,5901105017,9597491.0,21000000.0,21000000.0,45.7,,,
FILUSDT,FIL,Etabli,83,0.974,7636847.11921,4.731,47.52274226808038,-0.012164782345416332,0.9682599999999999,1.2156099999999999,0.9178619559119631,0.27117327117327117,0.24320124320124317,0.18241370567190743,0.591094489157795,0.8410277777777779,1.0804999999999998,uptrend,1,0,haussier,365,0,0,30,,,45.0,57.0,73.0,78.5,50,57.18,False,False,,0,,,,59,762642879,1906805326,783033511.0,1957787203.0,,40.0,,,
APTUSDT,APT,Etabli,81,0.965,6786348.91202,5.811,47.07272847642757,-0.009727321909402986,0.9621399999999999,1.4125450000000006,0.6083060378341714,0.27174887892376676,0.16305290546400697,0.1925795651640475,0.6285867089556503,0.8540555555555556,1.0705833333333334,,0,0,neutre,365,0,0,30,,,45.0,57.0,73.0,78.5,50,57.18,False,False,,0,,,,59,789923713,1159773042,819462076.906806,1203141531.610463,2100000000.0,68.1,,,
DEXEUSDT,DEXE,Etabli,87,14.57,3218339.10855,4.715,65.66595498693663,0.08059272153743235,11.95336,6.061364999999998,0.8970687470765117,0.3166955825437075,0.026024289336714305,0.712537499350502,0.05848160807810779,3.7365833333333325,14.081777777777775,,0,0,neutre,365,0,0,30,,,45.0,73.0,71.5,68.0,50,57.04,False,False,,0,,,,60,679381647,1402410240,46750552.58384035,96504599.33609451,,48.4,,,
LTCUSDT,LTC,Etabli,27,53.51,10059896.52495,2.785,40.42524926409786,-0.4633461433973756,55.569799999999994,66.53494999999997,0.3249815088337611,0.12874400132384578,0.11434717855369844,0.14390568359621908,0.8091419723858521,52.68555555555556,57.84888888888889,support_bounce|uptrend|morning_star_4h,3,0,haussier,365,0,0,30,,,45.0,28.0,87.5,78.5,57.8,56.57,False,False,,0,,,,51,4126516494,4126592996,77202401.98347135,77203833.23347135,84000000.0,100.0,,,
SUPERUSDT,SUPER,Mid,342,0.1267,9761263.6269,18.301,55.330334087790305,-0.0005493491038077148,0.12182399999999997,0.16808249999999994,0.6789081799585681,0.22249190938511323,0.07725947521865889,14.471700719289723,0.5116307106293086,0.10520833333333333,0.13353333333333336,,0,0,neutre,365,0,0,30,,,31.0,84.0,89.5,78.5,50,56.42,False,False,,3,⚡ Volume ×14.5 vs médiane,,14.47,78,80814341,126239951,640164549.0,1000000000.0,1000000000.0,64.0,,,
MORPHOUSDT,MORPHO,Etabli,59,2.19,1546636.19394,13.944,62.67363289844758,0.018044663600789858,1.9162800000000004,1.5765200000000001,0.7709345500034489,0.2590725806451613,0.02316258351893098,0.27521232347313784,0.4862689587238572,1.5642777777777779,2.0999999999999996,macd_bullish_cross,1,0,haussier,234,0,0,30,,,41.4,73.0,77.5,68.0,50,56.31,False,False,,0,,,,64,1387089182,2190859380,633125610.1667111,1000000000.0,1000000000.0,63.3,7376770588,$7.4B,-1.12
UNIUSDT,UNI,Etabli,41,3.462,9407724.72873,4.371,48.16245357598287,-0.03049134529591102,3.3759999999999994,4.521670000000001,0.5635852067704186,0.27399566995429403,0.1676689920615829,0.17801525384663064,0.7500616211101042,3.1460555555555545,3.9878611111111115,double_top_90d,0,1,baissier,365,0,0,30,,,45.0,57.0,75.5,78.5,27.3,56.23,False,False,,0,,,,54,2200483849,3099213915,635699562.7428479,895334420.0329479,1000000000.0,71.0,1724030289,$1.7B,-17.33
PAXGUSDT,PAXG,Etabli,44,4541.4,11925070.086282,0.853,43.848216786529605,-6.743423242794478,4661.758000000001,4638.6726,0.2070352554255803,0.18851456373184697,0.1646368494145996,0.23698134144841085,0.29452810295336096,4480.808611111112,5199.871666666665,support_bounce|shooting_star_4h|doji_4h,1,1,mixte,365,0,0,30,,,45.0,36.0,89.5,78.5,29.0,56.14,False,False,,0,,,,47,2133202232,2133202232,470301.37,470301.37,,100.0,2133535634,$2.1B,0.15
XRPUSDT,XRP,Etabli,5,1.3648,96617721.65302,4.143,44.29653454859091,-0.008888613559828385,1.3977380000000006,1.6836505000000002,0.3447869702531433,0.14756966947504863,0.11548930654569016,0.1468019030797885,0.8804258784548944,1.320844444444444,1.4754694444444445,uptrend,1,0,haussier,365,0,0,30,,,45.0,28.0,87.5,78.5,50,56.11,False,False,,0,,,,49,84355843898,136349884442,61858321245.0,99985662685.0,100000000000.0,61.9,,,
ADAUSDT,ADA,Etabli,15,0.2455,23797559.43491,3.238,41.78839055070133,-0.0025014878706576425,0.25375800000000004,0.3265859999999999,0.39838802688306557,0.20531807472231564,0.173342308986873,0.17888490810302662,0.8127925775193154,0.2417111111111111,0.2814416666666667,uptrend,1,0,haussier,365,0,0,30,,,45.0,28.0,87.5,78.5,50,56.11,False,False,,0,,,,49,9076566767,11038744238,37001084154.71531,45000000000.0,45000000000.0,82.2,,,
PEPEUSDT,PEPE,Etabli,55,3.63e-06,19889067.76865547,4.011,40.28150022430578,-5.276472848480541e-08,3.8406e-06,4.274800000000002e-06,0.46188146458819546,0.22946859903381647,0.17687074829931976,0.1142284906765336,0.7288400131388213,3.291944444444444e-06,4.16111111111111e-06,,0,0,neutre,365,0,0,30,,,45.0,28.0,87.5,78.5,50,56.11,False,False,,0,🔥 Trending #15 sur CoinGecko,15,,49,1523160148,1523160148,420690000000000.0,420690000000000.0,420690000000000.0,100.0,,,
HBARUSDT,HBAR,Etabli,29,0.08935,8748375.1308,4.247,46.4266287272076,-0.0004548507445627457,0.09003860000000002,0.10807940000000002,0.34835326941546385,0.17113341779553654,0.12893480167624993,0.27382451397606816,0.8032567590449184,0.08677277777777775,0.09924194444444447,double_top_90d|support_bounce|uptrend|hammer_4h,3,1,haussier,365,0,0,30,,,45.0,37.0,87.5,78.5,31.3,56.07,False,False,,0,,,,51,3872312132,4463915729,43373490530.13338,50000000000.0,50000000000.0,86.7,,,
AVAXUSDT,AVAX,Etabli,28,9.348,21521412.60308,5.413,48.231098634604564,-0.040806166113225496,9.396680000000002,11.177269999999998,0.36950804155773564,0.18017159199237373,0.10877025738798855,0.15183285894210974,0.8413436094193074,8.750944444444444,9.973055555555558,double_top_90d|uptrend,1,1,mixte,365,0,0,30,,,45.0,37.0,87.5,78.5,27.3,55.83,False,False,,0,,,,50,4034073616,4329960085,431771961.1772119,463441061.1772119,720000000.0,93.2,134377326,$134M,-0.64
WLDUSDT,WLD,Etabli,68,0.3013,33270923.63637,14.563,65.69449967867678,0.0060915805816640755,0.2643419999999999,0.4337585,0.7458029708001648,0.4426190476190476,0.28261904761904755,0.7110052773691733,0.6112282589642589,0.24217500000000008,0.3915416666666667,macd_bullish_cross|double_bottom_90d|downtrend,2,1,haussier,365,0,0,30,,,45.0,57.0,73.0,78.5,26.2,55.75,False,False,,0,,,,50,1029573340,3015257117,3414545758.127662,10000000000.0,10000000000.0,34.1,,,
TONUSDT,TON,Etabli,23,1.776,22898736.34789,-0.056,44.688548583723794,-0.06764967357499252,1.6647599999999994,1.5543350000000018,1.4776685704068924,0.34524686809137806,0.34524686809137806,0.3670584010156468,0.31602798631768964,1.2278888888888888,2.188638888888889,uptrend|doji_4h,1,0,haussier,365,0,0,30,,,45.0,64.0,58.0,78.5,50,55.53,False,False,,0,,,,55,4780551247,9200379279,2694204618.878144,5185114240.588972,,52.0,,,
DASHUSDT,DASH,Etabli,93,45.66,15519121.74687,5.426,53.2409597550574,-0.28298461169522326,40.7112,45.45104999999999,1.2564672180424619,0.27508650519031136,0.12334548244772682,0.3570062599201957,0.5753118727297701,31.043888888888887,47.823611111111106,uptrend,1,0,haussier,365,0,0,30,,,45.0,57.0,62.5,78.5,50,55.44,False,False,,0,,,,57,580066473,580077923,12712104.75401168,12712355.67868448,18920000.0,100.0,,,
AAVEUSDT,AAVE,Etabli,62,86.84,6936129.44343,3.975,38.21531674910712,-0.6581868737599663,94.6346,134.59774999999996,0.45522012958056635,0.2955938853919725,0.28987165862830044,0.20863357914751302,0.6975016233407645,89.02944444444444,117.38055555555555,uptrend,1,0,haussier,365,0,0,30,,,45.0,28.0,83.5,78.5,50,55.44,False,False,,0,,,,49,1318310779,1389531944,15179911.874935383,16000000.0,16000000.0,94.9,13814027939,$13.8B,-3.11
ALGOUSDT,ALGO,Etabli,71,0.1135,1682235.5068,3.464,48.55012167340005,-0.0008432108695272675,0.11379599999999998,0.11534949999999997,0.6555965054320725,0.19386227544910176,0.15044910179640714,0.12262268399729942,0.4852873176713321,0.08369166666666666,0.12330277777777779,,0,0,neutre,365,0,0,30,,,45.0,37.0,85.0,68.0,50,54.96,False,False,,0,,,,55,1011678191,1011696118,8917352824.722261,8917510835.190422,10000000000.0,100.0,,,
VETUSDT,VET,Etabli,95,0.006739,1597441.3929098,4.529,43.166685009295115,-5.918200037595826e-05,0.007163100000000001,0.009472035,0.5094059990922876,0.18106479156202918,0.15356604721245617,0.26166392067020755,0.7259787597451602,0.00667711111111111,0.007693027777777778,support_bounce|uptrend|bullish_engulfing_4h,3,0,haussier,365,0,0,30,,,45.0,28.0,87.5,68.0,54.0,54.53,False,False,,0,,,,50,578806935,578806935,85985041177.0,85985041177.0,86712634466.0,100.0,,,
SHIBUSDT,SHIB,Etabli,33,5.64e-06,4002107.08569998,2.545,36.93756672521806,-6.203704846798917e-08,6.0832e-06,7.006299999999998e-06,0.3753437869580789,0.15088282504012834,0.14523449319213314,0.17851417083383478,0.7682074427925077,5.545833333333334e-06,6.4066666666666674e-06,rsi_bullish_divergence|doji_4h,1,0,haussier,365,0,0,30,,,45.0,28.0,87.5,68.0,50,54.29,False,False,,0,,,,49,3325572420,3327020771,589243266197270.2,589499893114273.9,,100.0,,,
INJUSDT,INJ,Mid,101,5.225,17169404.06191,7.356,64.9151555003785,0.013528587031538808,3.8559399999999995,4.287414999999997,0.8883746878620559,0.17542805647341544,0.020587684821261523,0.7886073668932149,0.545009566692996,2.846166666666667,4.817361111111111,double_bottom_90d,1,0,haussier,365,0,0,30,,,31.0,66.0,89.5,78.5,50,54.26,False,False,,0,,,,64,521900395,521900395,100000000.0,100000000.0,,100.0,14979120,$15M,-5.29
PUMPUSDT,PUMP,Etabli,89,0.001776,5677871.281185,8.359,46.65277628058828,-1.413720703586003e-05,0.0018459200000000002,0.002261184999999999,0.7518667252672249,0.2422273781902552,0.1896944824441405,0.14391582349149284,0.7018020478806508,0.0016760833333333335,0.00209,morning_star_4h,1,0,haussier,256,0,0,30,,,42.0,37.0,77.0,78.5,53.8,54.23,False,False,,0,,,,54,627947698,1534136427,353726883134.5673,864188686805.7899,1000000000000.0,40.9,244292537,$244M,2.24
POLUSDT,POL,Etabli,73,0.09157,3702444.933914,3.974,44.5811450728391,-0.0006143197766774924,0.09253820000000001,0.11168155000000006,0.34844997106873365,0.2830850131463628,0.19763365468886931,0.23760878784745654,0.5651109864150067,0.08712555555555558,0.10495833333333332,morning_star_4h,1,0,haussier,365,0,0,30,,,45.0,28.0,83.5,68.0,53.8,53.85,False,False,,0,,,,50,973968917,973968917,10648620284.29958,10648620284.29958,,100.0,2391756393,$2.4B,-1.15
ARBUSDT,ARB,Etabli,88,0.1076,5512094.94219,2.574,35.117353610207246,-0.002712166084171496,0.12117000000000003,0.15390349999999997,0.6556141802670683,0.25260235947258847,0.25260235947258847,0.4129946636435786,0.650785402094992,0.09250833333333332,0.133975,uptrend,1,0,haussier,365,0,0,30,,,45.0,28.0,73.0,78.5,50,53.7,False,False,,0,,,,47,672654178,1075245161,6255821492.0,10000000000.0,10000000000.0,62.6,3231114368,$3.2B,-2.04
ETHUSDT,ETH,Etabli,2,2121.45,592208495.47752,4.554,39.467163351133706,-14.90441699749536,2264.756,2547.9667,0.30785196710748036,0.15653833240542792,0.12300124018189333,0.18703482677967817,0.9347455005979295,1968.156388888889,2367.8763888888884,downtrend,0,1,baissier,365,0,0,30,,,45.0,28.0,81.5,78.5,26.2,53.68,False,False,,0,,,,43,255849375735,255849375735,120685539.9707651,120685539.9707651,,100.0,,,
ICPUSDT,ICP,Etabli,57,2.619,7492302.39473,6.507,47.3844647937341,-0.04856190769377629,2.6154800000000007,3.1138850000000007,1.154186145895677,0.3170394918530793,0.2783761391880696,0.3276628909468426,0.4327393963420016,2.2660555555555555,3.003888888888889,,0,0,neutre,365,0,0,30,,,45.0,37.0,62.5,78.5,50,53.04,False,False,,0,,,,51,1443691762,1443691762,553021928.2030879,553021928.2030879,,100.0,,,
XLMUSDT,XLM,Etabli,21,0.1495,4229235.5256,6.179,42.956593725713624,-0.000707384311207919,0.160158,0.19315449999999992,0.4125726631622737,0.19877163595756572,0.16582914572864324,0.17464734260456202,0.7710906727607575,0.14858055555555552,0.17489444444444446,double_top_90d,0,1,baissier,365,0,0,30,,,45.0,28.0,87.5,68.0,27.3,52.93,False,False,,0,,,,44,5000609648,7457596485,33528150545.7437,50001786839.91458,,67.1,,,
LPTUSDT,LPT,Mid,278,2.195,2191723.63416,4.974,53.04095503459287,5.850199139419837e-05,2.14572,2.8363299999999976,0.5081455011866305,0.1776315789473684,0.09703947368421043,0.5337333434801076,0.7103042256388358,2.025555555555555,2.398111111111111,macd_bullish_cross,1,0,haussier,365,0,0,30,,,31.0,66.0,92.0,68.0,50,52.87,False,False,,0,,,,65,108982106,108982106,49688954.55,49688954.55,,100.0,,,
BONKUSDT,BONK,Etabli,100,6.08e-06,3061340.20545045,5.373,43.88767327841036,-8.901021387521967e-08,6.298200000000001e-06,7.70495e-06,0.6089381313615182,0.23316062176165808,0.2124352331606218,0.10369001540307878,0.7994566298569261,5.665e-06,6.908333333333334e-06,uptrend,1,0,haussier,365,0,0,30,,,45.0,28.0,77.0,68.0,50,52.55,False,False,,0,,,,48,534711291,534711291,87994731471052.55,87994731471052.55,87995282867000.55,100.0,,,
XAUTUSDT,XAUT,Etabli,39,4512.78,13976750.348378,0.263,41.85828849846694,-11.431710249055556,4657.3298,,0.20152197724380663,0.06698041887165514,0.06257736497993706,0.24416753989045986,,4483.837500000001,4783.762916666666,evening_star_4h,0,1,baissier,60,0,0,30,,,36.6,36.0,90.0,78.5,33.2,52.46,False,False,,0,,,,48,2672404766,3190470999,592823.659532,707747.089,,83.8,3220192660,$3.2B,-0.31
NXPCUSDT,NXPC,Mid,294,0.356,1785295.97679,3.639,63.130374825221175,0.0004925566123335744,0.30896799999999996,0.3433225000000001,0.6212775057067772,0.12670186162823,0.010836343428730244,0.8644589537090775,0.44821251443318616,0.27175277777777784,0.33918333333333334,macd_bullish_cross|uptrend,2,0,haussier,365,0,0,30,,,31.0,66.0,89.5,68.0,50,52.45,False,False,,0,,,,64,99372358,353657730,279453908.3429133,994552574.1697733,1000000000.0,28.1,,,
ENAUSDT,ENA,Etabli,77,0.1009,10525017.612022,5.324,41.746119725851,-0.002108744217205685,0.10702199999999999,0.16413550000000005,0.8061276160062567,0.3336120401337793,0.23600605143721637,0.18535727945924596,0.7183673098833796,0.08819166666666667,0.12266666666666667,uptrend,1,0,haussier,365,0,0,30,,,45.0,28.0,65.0,78.5,50,52.37,False,False,,0,,,,46,910656800,1513295012,9026562500.0,15000000000.0,15000000000.0,60.2,4448567863,$4.4B,2.59
SKYUSDT,SKY,Etabli,53,0.07035,615910.38112,1.15,36.01922932884943,-0.0002253453841570231,0.0772966,0.06647869999999999,0.38985684887961636,0.2282074206526599,0.2137907912382656,0.14105790853033626,0.6241390428868281,0.06853055555555555,0.0835252777777778,support_bounce|downtrend,1,1,mixte,250,0,0,30,,,41.8,36.0,95.5,57.5,30.2,52.06,False,False,,0,,,,48,1633495676,1650049564,23227279297.954273,23462665147.36596,23462665147.3,99.0,5761909123,$5.8B,-1.91
BCHUSDT,BCH,Etabli,17,353.4,8014542.8506,2.316,23.489389402252783,-7.3841443484944165,433.434,509.8454999999999,0.4307930410573605,0.2830188679245283,0.2830188679245283,0.31738589082112223,0.6179435141683142,404.0666666666668,478.46666666666664,rsi_bullish_divergence|double_top_90d|uptrend,2,1,haussier,365,0,0,30,,,45.0,10.0,83.5,78.5,27.3,51.92,False,False,,0,,,,44,7074405529,7074423181,20038631.14665078,20038681.14665078,21000000.0,100.0,,,
GRTUSDT,GRT,Mid,159,0.02648,1920743.18723,3.721,53.26382422155489,-8.536726190016536e-05,0.025356600000000003,0.033974950000000004,0.5474395476385563,0.16660733357066573,0.08468717594192882,0.42914261541838516,0.6835285786972091,0.0237975,0.027900277777777777,double_top_90d|uptrend,1,1,mixte,365,0,0,30,,,31.0,57.0,100.0,68.0,27.3,51.75,False,False,,0,,,,58,285860920,285871379,10799867657.47347,10800262816.04821,10800262823.318213,100.0,,,
NEXOUSDT,NEXO,Etabli,78,0.871,451671.71353,2.11,43.143918077131524,-0.0027722414690762778,0.89482,0.9138600000000001,0.25071522711668004,0.08522114347357072,0.0614224137931035,0.2371408704500853,0.8732279108643197,0.8467499999999999,0.9228611111111109,support_bounce,1,0,haussier,365,0,0,30,,,45.0,28.0,92.0,47.0,54.0,51.65,False,False,,0,,,,51,870379403,870379403,1000000000.0,1000000000.0,1000000000.0,100.0,345683900,$346M,-5.08
KAITOUSDT,KAITO,Mid,257,0.5017,3374892.45404,0.44,55.45606971462595,-0.00021607696965234534,0.45430200000000004,0.4877130000000004,0.9020367737680871,0.17697664891437942,0.052362948960302566,0.859673222868346,0.2656381725576463,0.34223888888888887,0.5014361111111112,double_bottom_90d|uptrend|doji_4h,2,0,haussier,365,0,0,30,,,31.0,66.0,83.5,68.0,50,51.45,False,False,,0,,,,63,120881295,500774065,241388889.0,1000000000.0,1000000000.0,24.1,,,
KAIAUSDT,KAIA,Mid,149,0.0523,969040.41033,2.75,61.0883612433563,0.0005130226765399305,0.048170000000000004,0.06011900000000006,0.4977328009382849,0.2101576182136602,0.08406304728546408,0.4194846980101496,0.5878185371813016,0.04584166666666666,0.05539444444444445,uptrend,1,0,haussier,365,0,0,30,,,31.0,57.0,100.0,57.5,50,51.3,False,False,,0,,,,63,305649934,305649944,5856641747.106198,5856641936.044253,,100.0,,,
TIAUSDT,TIA,Mid,122,0.4284,5164220.047146,6.541,56.25706398160785,-0.0019389293535477439,0.3747099999999999,0.45575650000000034,0.8656940968739475,0.25722468107263735,0.07793326157158237,0.347882193916605,0.6105381915022517,0.2953527777777778,0.4320833333333334,uptrend,1,0,haussier,365,0,0,30,,,31.0,57.0,77.5,78.5,50,51.19,False,False,,0,,,,60,394378929,500432118,921187929.175959,1168906328.53509,,78.8,,,
SUSDT,S,Mid,203,0.04679,1103394.283491,5.836,50.471088782887406,-0.00031274015954805683,0.045365,0.06605674999999998,0.7557326357225723,0.2063261225231777,0.1492455917105981,0.13760715864271372,0.6496641349420096,0.03959555555555555,0.05002583333333334,uptrend|morning_star_4h,2,0,haussier,365,0,0,30,,,31.0,57.0,85.0,68.0,53.8,50.85,False,False,,0,,,,62,176887484,181594878,3784775845.0,3885497663.0,,97.4,,,
SUNUSDT,SUN,Mid,124,0.02006,557968.71261,-0.249,59.55373778658445,-5.381069266731863e-05,0.019002799999999993,0.019046249999999983,0.25667898521173826,0.09741969457609273,0.027629665535627613,0.15119083937580058,0.26649474892867864,0.015981944444444448,0.020085,uptrend,1,0,haussier,365,0,0,30,,,31.0,57.0,94.0,57.5,50,50.3,False,False,,0,,,,62,385312498,398823795,19226535882.26254,19900730000.0,19900730000.0,96.6,110085272,$110M,-0.75
MEUSDT,ME,Mid,476,0.1017,10614164.490176,9.473,47.39898716465944,-0.0008994802643172272,0.106046,0.1863225,0.777297425391547,0.2713487629688746,0.1883479648842777,4.766006120756042,0.6239993224868371,0.09762222222222222,0.12139166666666669,support_bounce|downtrend,1,1,mixte,365,0,0,30,,,31.0,64.0,73.0,78.5,30.2,50.1,False,False,,2,⚡ Volume ×4.8 vs médiane,,4.77,63,53566453,101820211,526083842.716631,999990937.767496,1000000000.0,52.6,,,
2ZUSDT,2Z,Mid,125,0.10928,1349785.05532,1.779,62.668640574445035,0.00098876917665261,0.09023500000000002,0.10325675000000006,0.9366819425673661,0.20711592836946277,0.0329495128432241,0.5564352144926713,0.5303691806128137,0.07210972222222223,0.10155305555555555,macd_bullish_cross|resistance_test|uptrend,2,1,haussier,235,0,0,30,,,27.4,66.0,89.5,68.0,39.1,50.08,False,False,,0,,,,62,378618835,1091000412,3469831864.3,9998414364.3,10000000000.0,34.7,613582122,$614M,-0.67
EIGENUSDT,EIGEN,Mid,207,0.2335,5203810.853571,20.547,65.41244613469752,0.0019223669264846121,0.1864699999999999,0.31776750000000026,0.9865305512481961,0.34061135371179047,0.0,0.6593924535760978,0.6201890018623109,0.16064166666666663,0.21741666666666667,macd_bullish_cross|double_top_90d|uptrend,2,1,haussier,365,0,0,30,,,31.0,57.0,77.5,78.5,27.3,49.83,False,False,,0,,,,51,173105326,425728074,741228566.6979554,1822946853.685264,,40.7,6624079627,$6.6B,-7.04
ALTUSDT,ALT,Speculative,504,0.00798,8891368.36257,-1.115,57.18412628345376,7.457633933195991e-05,0.0074037999999999994,0.009933599999999999,0.7588692510366801,0.24783147459727395,0.0385078219013236,3.115367417190569,0.48332377380224517,0.006399722222222222,0.008266111111111111,macd_bullish_cross,1,0,haussier,365,0,0,30,,,17.0,84.0,89.5,78.5,50,49.69,False,False,,2,⚡ Volume ×3.1 vs médiane,,3.12,77,49127907,79711759,6163194441.0,10000000000.0,10000000000.0,61.6,,,
MTLUSDT,MTL,Speculative,741,0.312,1503165.391,-2.5,53.5960478401009,-0.0008184075522245013,0.30150000000000005,0.33430499999999996,0.4663776708501957,0.142857142857143,0.07440476190476196,6.208130881245811,0.6659669084919696,0.2666111111111111,0.31944444444444436,uptrend,1,0,haussier,365,0,0,30,,,17.0,84.0,100.0,68.0,50,49.62,False,False,,3,⚡ Volume ×6.2 vs médiane,,6.21,80,27889653,27889653,90635915.0,90635915.0,,100.0,,,
VIRTUALUSDT,VIRTUAL,Mid,105,0.7658,7251424.17913,9.729,51.40183570020946,-0.006674095805319085,0.734184,0.7904959999999999,0.7653600421454767,0.24718619358988095,0.17847572087040411,0.3538166119096168,0.7354084918434342,0.6380500000000001,0.8301888888888889,uptrend|shooting_star_4h,1,1,mixte,365,0,0,30,,,31.0,57.0,77.0,78.5,25.0,49.61,False,False,,0,,,,53,502208208,764412313,656986027.2170838,1000000000.0,1000000000.0,65.7,,,
GLMUSDT,GLM,Mid,236,0.1394,110073.69071,4.419,51.029964437080096,-0.0005580354747521963,0.13583799999999996,0.18213249999999997,0.4813029149043903,0.1867109634551495,0.09427828348504542,0.14241201877755907,0.5213670698569868,0.1251111111111111,0.14653888888888889,,0,0,neutre,365,0,0,30,,,31.0,57.0,100.0,47.0,50,49.49,False,False,,0,,,,63,139425749,139425749,1000000000.0,1000000000.0,,100.0,,,
POLYXUSDT,POLYX,Mid,376,0.057,739670.34202,7.547,62.024221392197845,0.0001447496065164033,0.05136400000000001,0.0535365,0.5578520825450792,0.18215613382899634,0.0,0.7775432949570957,0.3679358956397918,0.040830555555555564,0.05579166666666667,rsi_bearish_divergence|double_top_90d|uptrend,1,2,baissier,365,0,0,30,,,31.0,66.0,100.0,57.5,0,49.38,False,False,,0,,,,54,72984981,72984981,1279180098.821618,1279180098.821618,,100.0,,,
PLUMEUSDT,PLUME,Mid,310,0.01627,8151118.22633,28.211,64.91892876150999,0.00023147278481304036,0.012259999999999995,0.01604200000000002,1.3027811419016464,0.3177083333333334,0.0,2.446344057965149,0.36665561846146705,0.009372499999999999,0.01432777777777778,rsi_bearish_divergence|macd_bullish_cross|resistance_test,1,2,baissier,280,0,0,30,,,28.7,84.0,67.0,78.5,8.8,49.1,False,False,,0,🔥 Trending #14 sur CoinGecko,14,,60,93449320,162303840,5757677709.0,10000000000.0,10000000000.0,57.6,,,
ARKMUSDT,ARKM,Mid,309,0.1457,3816929.07464,17.595,61.54933696366589,0.0010508756708587615,0.12068999999999998,0.16147750000000002,1.009600427951903,0.24193548387096772,0.0,0.7716348650672005,0.5500001298803388,0.09675000000000006,0.13791111111111115,rsi_bearish_divergence|macd_bullish_cross|doji_4h,1,1,mixte,365,0,0,30,,,31.0,66.0,79.0,68.0,19.8,48.89,False,False,,0,,,,55,93519746,145933895,640836360.0,1000000000.0,1000000000.0,64.1,,,
SEIUSDT,SEI,Mid,119,0.06199,4343737.383672,5.623,48.94774427990959,-0.0006774880215694617,0.060308200000000006,0.0920705499999999,0.7086801857585932,0.297752808988764,0.18368421052631578,0.1945917906492131,0.6634741911545464,0.053682499999999994,0.07004166666666665,uptrend|morning_star_4h,2,0,haussier,365,0,0,30,,,31.0,57.0,73.0,68.0,53.8,48.85,False,False,,0,,,,60,416640004,618772283,6733333333.0,10000000000.0,,67.3,,,
SAHARAUSDT,SAHARA,Mid,275,0.03374,15344131.20835,-1.89,52.68561672004936,-0.0008190123400774445,0.0274844,0.03177454999999999,1.576958569474279,0.3002001334222816,0.23347717465364518,1.7339115526963969,0.11096436796211247,0.019978888888888886,0.03669194444444445,uptrend,1,0,haussier,333,0,0,30,,,30.1,84.0,46.0,78.5,50,48.78,False,False,,0,,,,63,110360510,337042977,3274375000.0,10000000000.0,10000000000.0,32.7,,,
QTUMUSDT,QTUM,Mid,301,0.921,315197.0939,3.6,49.77412379015143,-0.004207804168837856,0.9200999999999999,1.156555,0.5205015739198621,0.15878023133543628,0.11590038314176244,0.2451721991574312,0.6698453260580254,0.847972222222222,0.9912222222222223,uptrend|bullish_engulfing_4h,2,0,haussier,365,0,0,30,,,31.0,57.0,95.5,47.0,50,48.74,False,False,,0,,,,62,97625906,99275483,106030811.25,107822406.0,,98.3,,,
OPUSDT,OP,Mid,162,0.129,4011345.084462,5.22,46.02481053622556,-0.0023075658666949416,0.128536,0.21540900000000002,0.8360821298752519,0.2665890570430734,0.24854481955762522,0.46812147825374145,0.5883633747401311,0.1084888888888889,0.144925,uptrend,1,0,haussier,365,0,0,30,,,31.0,57.0,73.0,68.0,50,48.63,False,False,,0,,,,59,277157018,553439785,2150875957.0,4294967296.0,4294967296.0,50.1,522438958,$522M,-3.74
IOTAUSDT,IOTA,Mid,170,0.0571,1483826.6055,2.883,47.473612608184744,-0.00021768858068433474,0.057699999999999994,0.07962449999999999,0.5430004253919157,0.24894514767932482,0.19690576652601968,0.3452494722396547,0.599561979982966,0.05473611111111112,0.06685833333333334,double_top_90d|doji_4h,0,1,baissier,365,0,0,30,,,31.0,37.0,95.5,68.0,27.3,48.61,False,False,,0,,,,51,253832108,279239477,4449113470.0,4894448267.0,,90.9,,,
AWEUSDT,AWE,Mid,295,0.05114,788994.95094,7.959,43.99517219872156,-0.0006442567634869099,0.053616800000000006,0.05660505,0.6132926742159042,0.2022819885900571,0.16593317033414834,2.3857576250351267,0.4362333785697924,0.04858472222222223,0.057862222222222225,,0,0,neutre,365,0,0,30,,,31.0,55.0,85.0,57.5,50,48.57,False,False,,0,,,,61,99214387,99214387,1942420283.0270672,1942420283.0270672,2000000000.0,100.0,,,
STXUSDT,STX,Mid,111,0.2475,711449.32323,5.814,51.96047074460851,-0.0015161542641876366,0.236134,0.276224,0.653443534859762,0.21335807050092773,0.08769344141488575,0.16773526686426218,0.7261633396800665,0.21691666666666662,0.27158611111111114,morning_star_4h,1,0,haussier,365,0,0,30,,,31.0,57.0,81.5,57.5,53.8,48.45,False,False,,0,,,,61,456233172,456233172,1846346657.36762,1846346657.36762,,100.0,,,
WIFUSDT,WIF,Mid,196,0.192,1308007.0849,4.918,45.01122239228199,-0.0026376303867589215,0.19782,0.273115,0.6230940544611324,0.23720930232558135,0.1681034482758621,0.06974681182566961,0.6777119881785751,0.17080555555555557,0.2209444444444445,uptrend,1,0,haussier,365,0,0,30,,,31.0,37.0,85.0,68.0,50,48.22,False,False,,0,,,,55,192141955,192141955,998926392.0,998926392.0,998926392.0,100.0,,,
JTOUSDT,JTO,Mid,167,0.5467,4313072.9799,13.967,62.69784800125827,0.0004452767448745801,0.39221599999999995,0.3844709999999999,1.769359275987736,0.3094314155559305,0.07862324953602155,1.4409053109115233,0.34034493120477743,0.26428333333333337,0.5046611111111111,rsi_bearish_divergence|macd_bullish_cross|golden_cross|double_bottom_90d|uptrend,4,1,haussier,365,0,0,30,,,31.0,91.0,56.5,68.0,19.8,48.15,False,False,,0,,,,59,258952564,545219937,474950651.2,1000000000.0,,47.5,849319249,$849M,-0.78
LUNCUSDT,LUNC,Mid,113,8.054e-05,6342184.06252554,2.966,51.5675896894379,-2.0298243236855934e-06,6.634679999999999e-05,4.547815000000001e-05,1.8684614498841239,0.34754240974336675,0.29969551979121356,0.27985628440507254,0.288841357301416,3.644222222222221e-05,9.1005e-05,uptrend,1,0,haussier,365,0,0,30,,,31.0,73.0,46.0,78.5,50,47.88,False,False,,0,,,,59,445421490,519199339,5541310954116.49,6459151722165.396,,85.8,,,
CHZUSDT,CHZ,Mid,123,0.03748,11925724.16127,-0.557,35.70463693174176,-0.00099948221111804,0.0429854,0.039664750000000006,0.7610052150460714,0.25427435387673947,0.25427435387673947,0.6022556732824668,0.40431851328726737,0.03456138888888889,0.04769333333333334,macd_bearish_cross|uptrend,1,1,mixte,365,0,0,30,,,31.0,45.0,73.0,78.5,28.5,47.72,False,False,,0,,,,47,389045183,389045183,10377845312.0,10377845312.0,,100.0,,,
FETUSDT,FET,Mid,108,0.2147,16552136.05802,11.013,54.15838039865019,0.0003333543627025296,0.21626200000000004,0.22304250000000006,0.6278141585662906,0.2721324095458044,0.1732101616628175,0.6371998927346068,0.6477519155889468,0.1546611111111111,0.24653333333333327,macd_bullish_cross|downtrend,1,1,mixte,365,0,0,30,,,31.0,46.0,73.0,78.5,26.2,47.7,False,False,,0,🔥 Trending #13 sur CoinGecko,13,,50,483940744,581527412,2258881093.9307284,2714384546.672,2714384546.672,83.2,,,
FLOKIUSDT,FLOKI,Mid,157,2.971e-05,1692967.67632511,4.982,41.210967945938066,-5.628443654801385e-07,3.15762e-05,3.8066300000000025e-05,0.5839474472168538,0.22522763792179967,0.20460632029994638,0.1437347245382139,0.7455591941581566,2.722638888888889e-05,3.456305555555555e-05,uptrend,1,0,haussier,365,0,0,30,,,31.0,28.0,87.5,68.0,50,47.56,False,False,,0,,,,49,286532575,296859305,9652133861420.0,10000000000000.0,10000000000000.0,96.5,11246709,$11M,-1.88
ENSUSDT,ENS,Mid,169,6.3,711942.9141,4.305,47.9009146953464,-0.07309086048647015,6.229200000000002,8.151849999999992,0.6577177836907706,0.1732070365358592,0.14749661705006764,0.19539208828618515,0.8101780979369879,5.632777777777778,6.821388888888888,uptrend,1,0,haussier,365,0,0,30,,,31.0,57.0,77.0,57.5,50,47.48,False,False,,0,,,,59,254282363,629277094,40408647.500078425,100000000.0,100000000.0,40.4,,,
RAYUSDT,RAY,Mid,187,0.776,920464.4741,6.301,53.06634929947894,-0.004540243029657862,0.7306,0.8552399999999991,0.7431176751782991,0.20273348519362192,0.11389521640091113,0.16865115835440844,0.6839666136048359,0.5777222222222221,0.8221944444444441,double_top_90d,0,1,baissier,365,0,0,30,,,31.0,57.0,85.0,57.5,27.3,47.45,False,False,,0,,,,55,209055271,431357567,268977952.317238,555000000.0,555000000.0,48.5,1014411452,$1.0B,-0.4
PROVEUSDT,PROVE,Mid,483,0.2691,2928400.96805,2.397,52.6602080285027,0.0023910175442893953,0.24755199999999994,0.34251600000000015,1.525739055248355,0.3148148148148147,0.19286142771445702,1.5594017086305705,0.3460254703599991,0.2231166666666667,0.29661388888888884,macd_bullish_cross|uptrend,2,0,haussier,293,0,0,30,,,29.0,84.0,52.0,68.0,50,47.43,False,False,,0,,,,64,52421719,268829328,195000000.0,1000000000.0,1000000000.0,19.5,,,
NEOUSDT,NEO,Mid,189,2.898,488116.04238,4.659,48.33102793824894,-0.023534309916808892,2.8944399999999995,3.345710000000003,0.4882205536877674,0.146897810218978,0.11922141119221409,0.14261390052256503,0.6923967390258113,2.547527777777777,3.06275,double_top_90d|uptrend,1,1,mixte,365,0,0,30,,,31.0,57.0,95.5,47.0,27.3,47.38,False,False,,0,,,,57,203903345,289101581,70530000.0,100000000.0,,70.5,,,
GMXUSDT,GMX,Mid,393,6.81,112751.83109,0.442,48.096234679434936,-0.03759817936437813,6.782000000000002,7.351500000000002,0.5650827967062718,0.23733333333333337,0.10222804718217565,0.20874431968786344,0.6630402035030644,6.013888888888888,7.39361111111111,double_top_90d|uptrend|doji_4h,1,1,mixte,365,0,0,30,,,31.0,57.0,95.5,47.0,27.3,47.38,False,False,,0,,,,57,70863736,70863736,10399507.36015461,10399507.36015461,13250000.0,100.0,199722881,$200M,-2.23
GMTUSDT,GMT,Speculative,610,0.01184,22019922.185936,-7.137,53.18489916046032,-7.594569696390738e-07,0.0112778,0.014101800000000003,1.1384612709635706,0.24399399399399394,0.11186186186186187,4.759058039297089,0.5406311145998631,0.010005277777777781,0.012455833333333336,,0,0,neutre,365,0,0,30,,,17.0,84.0,74.5,78.5,50,47.2,False,False,,2,⚡ Volume ×4.8 vs médiane,,4.76,74,36712507,59868146,3111400155.0,5073850155.102167,6000000000.0,61.3,,,
IOUSDT,IO,Mid,499,0.1496,798478.189379,6.705,56.029143951631916,-0.0005483177681128472,0.12666999999999998,0.14958750000000012,1.0965069460753734,0.23199999999999998,0.1042540443379269,0.17330256878053402,0.5394770650763443,0.10033333333333334,0.15184444444444442,uptrend,1,0,haussier,365,0,0,30,,,31.0,57.0,74.5,57.5,50,47.06,False,False,,0,,,,59,49835410,119536245,333523714.3514058,799996881.285894,800000000.0,41.7,,,
KSMUSDT,KSM,Mid,314,4.93,395927.17319,2.923,45.837162386612235,-0.07426377250289337,4.86,6.190600000000001,0.624858686246086,0.23925233644859803,0.1769616026711186,0.26004487827953116,0.5995360740254048,4.168333333333334,5.513055555555557,uptrend,1,0,haussier,365,0,0,30,,,31.0,57.0,85.0,47.0,50,46.99,False,False,,0,,,,61,90010139,90010139,18255137.85797693,18255137.85797693,,100.0,,,
PENDLEUSDT,PENDLE,Mid,141,1.873,3481156.2779,8.078,54.419130982644155,-0.03299387313299189,1.53636,1.73328,1.0700696162596939,0.26415094339622636,0.13140726933830374,0.2145426558414335,0.6406438096072178,1.0758055555555557,1.960444444444445,uptrend,1,0,haussier,365,0,0,30,,,31.0,57.0,62.5,68.0,50,46.89,False,False,,0,,,,57,317792227,524817032,170473192.0373551,281527448.4585314,,60.6,1588462437,$1.6B,4.12
CRVUSDT,CRV,Mid,131,0.2324,1870117.87745,3.611,45.80823555947607,-0.0034281034076272966,0.23466000000000004,0.307534,0.698735599275499,0.18869936034115134,0.17448471926083858,0.1491387338574223,0.7037129253038656,0.2125027777777778,0.26090555555555556,uptrend,1,0,haussier,365,0,0,30,,,31.0,37.0,77.0,68.0,50,46.89,False,False,,0,,,,53,352238341,553384255,1517146653.0,2383514150.257616,3030303031.0,63.7,1660599361,$1.7B,-1.75
ARUSDT,AR,Mid,240,2.07,1706615.9221,3.5,45.86919563226665,-0.03877225280397404,2.0592000000000006,2.820899999999999,1.0571844792072203,0.25724637681159424,0.25,0.15076215475289528,0.47722077058426754,1.6094444444444438,2.3438888888888894,uptrend|doji_4h,1,0,haussier,365,0,0,30,,,31.0,57.0,62.5,68.0,50,46.89,False,False,,0,,,,57,136127616,136127616,65652466.0,65652466.0,66000000.0,100.0,,,
DYDXUSDT,DYDX,Mid,255,0.147,1547892.292201,2.468,49.04745328743692,-0.0017839081667144654,0.13946479999999997,0.15812919999999997,1.1836530895710926,0.30308016660667453,0.24471640870057074,0.17936174080783965,0.3945885048016038,0.08511111111111111,0.16466805555555558,doji_4h,0,0,neutre,365,0,0,30,,,31.0,57.0,62.5,68.0,50,46.89,False,False,,0,,,,57,123326461,140764333,839623345.8570294,958342751.0,1000000000.0,87.6,99709592,$100M,0.61
IMXUSDT,IMX,Mid,234,0.1675,648709.46686,3.204,46.07883317357844,-0.002385196383496797,0.16761600000000004,0.21808299999999994,0.7291413840910062,0.27922077922077915,0.17185185185185198,0.27181210186260635,0.6806625010522485,0.1408722222222222,0.18624999999999997,uptrend,1,0,haussier,365,0,0,30,,,31.0,57.0,73.0,57.5,50,46.82,False,False,,0,,,,59,140944839,334609167,842444578.3296283,2000000000.0,2000000000.0,42.1,28735527,$29M,-2.77
TWTUSDT,TWT,Mid,199,0.4567,414261.4763,3.914,46.92623761513875,-0.006149622007902261,0.44052400000000014,0.6925035000000008,0.41827825341903335,0.334313545304172,0.1600808674875942,0.15683866915543918,0.3494775081372175,0.39589166666666675,0.5175111111111111,uptrend|doji_4h,1,0,haussier,365,0,0,30,,,31.0,57.0,83.5,47.0,50,46.75,False,False,,0,,,,60,190075407,456199334,416649900.0,1000000000.0,,41.7,,,
WLFIUSDT,WLFI,Etabli,47,0.0623,4584117.31607,2.805,42.141553578958884,0.00029559462533619704,0.07255599999999998,0.11768399999999994,1.0002112393717355,0.5309810671256454,0.46471600688468157,0.16047169756937585,0.3492762045173442,0.061394444444444446,0.10787222222222224,macd_bullish_cross|doji_4h,1,0,haussier,266,0,0,30,,,42.3,28.0,49.0,68.0,50,46.59,False,False,,0,,,,43,1975726680,6218230782,31773132087.0,100000000000.0,100000000000.0,31.8,,,
TRUMPUSDT,TRUMP,Mid,106,2.114,5859170.218531,5.647,36.58898110991266,0.0010838864271108806,2.5449399999999995,4.179615000000002,0.5949425461690526,0.5017292490118578,0.47727272727272724,0.22737991224704832,0.4233670169251423,2.198861111111111,3.5991111111111116,macd_bullish_cross,1,0,haussier,365,0,0,30,,,31.0,28.0,70.0,78.5,50,46.47,False,False,,0,,,,47,502017848,2114524680,237414040.342428,1000000000.0,1000000000.0,23.7,,,
CVXUSDT,CVX,Mid,222,1.703,596662.74124,4.8,45.234386433264326,-0.01097630534931346,1.7725799999999996,1.8659799999999993,0.5273875655992909,0.2914681680381118,0.26288436552620187,0.2782984394148986,0.6868110588626103,1.6677222222222223,2.0907500000000003,support_bounce,1,0,haussier,365,0,0,30,,,31.0,37.0,83.5,57.5,54.0,46.4,False,False,,0,,,,55,153541797,169868859,90360893.86537892,99969534.41654809,100000000.0,90.4,581311421,$581M,-3.88
REDUSDT,RED,Mid,474,0.1367,1791799.61234,7.723,50.438001669168926,-0.00042284566359884,0.141676,0.19301999999999997,0.6249536535119807,0.37618335824613847,0.31938216243148976,1.931471047321598,0.23233603459559002,0.11204722222222226,0.16892777777777776,downtrend,0,1,baissier,365,0,0,30,,,31.0,64.0,62.5,68.0,26.2,46.3,False,False,,0,,,,53,53907131,136482368,394975054.0,1000000000.0,1000000000.0,39.5,,,
NIGHTUSDT,NIGHT,Etabli,97,0.03346,1421085.63533,2.418,51.149916315768955,0.00040748072079772814,0.03497959999999999,,0.671009034773758,0.4234546504910456,0.35470826112073944,0.0040789445185182,,0.03123800000000001,0.04991800000000001,downtrend,0,1,baissier,75,0,0,30,,,37.1,45.0,58.5,68.0,26.2,46.27,False,False,,0,,,,47,555686866,803044743,16607399400.63495,24000000000.0,24000000000.0,69.2,,,
ZENUSDT,ZEN,Mid,271,6.151,3174278.94437,5.325,47.879430260991604,-0.0627241248814493,6.220580000000001,7.904864999999997,0.9741106509646636,0.2574823943661972,0.1805116033755274,0.3339198554738506,0.6715021507454181,5.209916666666668,6.9390277777777785,uptrend,1,0,haussier,365,0,0,30,,,31.0,37.0,73.0,68.0,50,46.23,False,False,,0,,,,53,112559312,130584061,18101332.87278685,21000000.0,21000000.0,86.2,,,
CAKEUSDT,CAKE,Mid,109,1.416,1940560.65496,2.609,41.34997521292557,-0.010109801771483472,1.50368,1.7268599999999994,0.40309765474946807,0.14119091467157766,0.1295273173726213,0.26366035908107066,0.7652419120291908,1.3128333333333329,1.5711666666666668,double_top_90d,0,1,baissier,365,0,0,30,,,31.0,28.0,87.5,68.0,27.3,46.2,False,False,,0,,,,44,461484758,479090355,325808307.9496637,338237862.4500047,400000000.0,96.3,1823099196,$1.8B,2.82
COMPUSDT,COMP,Mid,194,20.05,1204535.74512,1.88,37.60104915408278,-0.3500604368184812,22.198999999999998,23.606100000000016,0.6742330674032205,0.24628288219595884,0.23408311094166986,0.37228891206158815,0.4450406227743414,16.998055555555553,24.454444444444444,evening_star_4h,0,1,baissier,365,0,0,30,,,31.0,28.0,85.0,68.0,33.2,46.14,False,False,,0,,,,45,193904423,200559192,9668189.278360886,10000000.0,10000000.0,96.7,1233842232,$1.2B,-1.21
AVNTUSDT,AVNT,Mid,487,0.1615,2493167.51462,16.02,57.007258394644,0.000688737896050064,0.14617000000000002,0.24409050000000002,1.1786720809424505,0.3212719298245615,0.11787280701754396,1.1761381119028365,0.5407307494426857,0.13036944444444443,0.17482222222222224,macd_bullish_cross|downtrend,1,1,mixte,252,0,0,30,,,27.9,75.0,62.5,68.0,26.2,46.13,False,False,,0,,,,57,51879892,160528232,323182354.1313942,1000000000.0,1000000000.0,32.3,45404185,$45M,-2.05
SANDUSDT,SAND,Mid,198,0.07144,1305586.01897,4.613,43.40591663819408,-0.00044968786691622744,0.07670439999999999,0.10682559999999999,0.5799300389783401,0.22,0.20611111111111108,0.13005793468187038,0.762859618689128,0.07186611111111113,0.08603611111111112,downtrend,0,1,baissier,365,0,0,30,,,31.0,28.0,87.5,68.0,26.2,46.13,False,False,,0,,,,44,190374415,214121229,2667289212.2233224,3000000000.0,3000000000.0,88.9,,,
BANANAS31USDT,BANANAS31,Mid,270,0.011214,4570525.23642,3.393,49.08540035224914,-0.00015605875069432895,0.010726800000000003,0.006614850000000001,1.5530446841347274,0.4064549986880084,0.26377591183416427,0.11645783326501437,0.03955615313937482,0.005956138888888888,0.013803583333333334,uptrend|hammer_4h,2,0,haussier,365,0,0,30,,,31.0,73.0,46.0,68.0,50,46.07,False,False,,0,,,,59,112051976,112051976,10000000000.0,10000000000.0,10000000000.0,100.0,,,
APEUSDT,APE,Mid,237,0.1389,979523.719219,4.989,46.12608845629935,-0.003070209079846765,0.131416,0.17258949999999998,1.0030810387129145,0.24658780709736122,0.23259668508287293,0.12816365885911693,0.2602342043991595,0.08608888888888885,0.1683472222222222,uptrend,1,0,haussier,365,0,0,30,,,31.0,57.0,68.5,57.5,50,46.07,False,False,,0,,,,58,138769615,138769615,1000000000.0,1000000000.0,1000000000.0,100.0,,,
FFUSDT,FF,Mid,190,0.08672,3571527.213451,8.103,61.875477615837205,0.000699452349929219,0.07514319999999995,0.08861045000000006,0.8220428365787931,0.4353809697411593,0.209533357637623,0.23991829869497763,0.10035157518795167,0.06501333333333333,0.0898288888888889,,0,0,neutre,238,0,0,30,,,27.5,57.0,67.0,68.0,50,45.96,False,False,,0,,,,58,202663400,866082905,2340000000.0,10000000000.0,10000000000.0,23.4,1614993722,$1.6B,-0.2
LDOUSDT,LDO,Mid,150,0.35,2255915.249799,5.708,43.554914210449745,-0.004078842928153403,0.36959800000000004,0.4621465000000001,0.8958447399246785,0.23826553419758612,0.21725525257040681,0.3758425301623402,0.6511600995135135,0.2897305555555556,0.405813888888889,downtrend|morning_star_4h,1,1,mixte,365,0,0,30,,,31.0,28.0,85.0,68.0,30.0,45.94,False,False,,0,,,,44,297157896,349987882,849051956.2816839,1000000000.0,1000000000.0,84.9,18850495481,$18.9B,-2.43
RVNUSDT,RVN,Mid,320,0.00545,188286.579986,2.444,39.67041759772286,-4.840505905550453e-05,0.005846999999999998,0.006701100000000002,0.3798154804912823,0.15625,0.14687500000000012,0.1632981873166387,0.6983969371955524,0.00540888888888889,0.006207222222222223,support_bounce,1,0,haussier,365,0,0,30,,,31.0,28.0,95.5,47.0,54.0,45.5,False,False,,0,,,,52,88662585,88663492,16259138266.05053,16259304516.05053,21000000000.0,100.0,,,
HOTUSDT,HOT,Mid,399,0.000394,223601.446816,3.141,40.425546159161456,-3.375696228340214e-06,0.00042028000000000025,0.0004616699999999998,0.404277749296116,0.21383647798742136,0.16981132075471703,0.09077163264503565,0.4411922868015227,0.0003853611111111111,0.0004619444444444444,uptrend|morning_star_4h,2,0,haussier,365,0,0,30,,,31.0,28.0,95.5,47.0,53.8,45.48,False,False,,0,,,,52,69988017,69988017,177619433541.1413,177619433541.1413,,100.0,,,
CFXUSDT,CFX,Mid,153,0.05603,1997413.03019,2.977,41.329119819752194,-0.0013468168915221708,0.05991120000000001,0.06548734999999999,0.8171972503312404,0.2742440041710114,0.2698123044838373,0.27679567312299935,0.5814601171819824,0.04889777777777778,0.06709416666666668,support_bounce,1,0,haussier,365,0,0,30,,,31.0,28.0,73.0,68.0,54.0,45.39,False,False,,0,,,,48,290365704,291555444,5189835932.13,5211100684.0,,99.6,,,
RSRUSDT,RSR,Mid,281,0.001697,556746.609829,4.174,41.555192413136695,-3.482295672728949e-05,0.00175458,0.002254705,0.7880339334539274,0.23080459770114936,0.2202298850574712,0.1741395279660882,0.5279069202475155,0.0014587222222222221,0.0019665833333333336,uptrend,1,0,haussier,365,0,0,30,,,31.0,28.0,85.0,57.5,50,45.33,False,False,,0,,,,49,105990039,169439906,62553174091.0,100000000000.0,100000000000.0,62.6,68287702,$68M,-17.2
TURBOUSDT,TURBO,Mid,353,0.001132,541659.497158,5.4,44.208419137366256,-1.8592263607370918e-05,0.0011645,0.0014156149999999988,0.6643277835118669,0.19116397621070522,0.1702127659574468,0.09382402128024167,0.4754526731699616,0.0009431666666666666,0.0013076666666666666,,0,0,neutre,365,0,0,30,,,31.0,28.0,85.0,57.5,50,45.33,False,False,,0,,,,49,77990604,77990604,69000000000.0,69000000000.0,69000000000.0,100.0,,,
ORCAUSDT,ORCA,Mid,322,1.458,1221472.26261,5.423,49.862369297924204,-0.030113642572434082,1.3147400000000002,1.1289799999999999,1.6603387216858982,0.35953488372093023,0.3218604651162791,0.3125257445333393,0.2973035678111107,0.8514166666666667,1.7770277777777774,uptrend,1,0,haussier,365,0,0,30,,,31.0,73.0,41.5,68.0,50,45.32,False,False,,0,,,,59,88545470,109227029,60798788.084239,74999556.421378,100000000.0,81.1,257587255,$258M,2.22
NMRUSDT,NMR,Mid,438,8.57,387678.2115,4.385,42.94481337743083,-0.13607425675288662,8.840600000000002,9.165749999999997,0.5493606127010041,0.2222222222222222,0.1630859375,0.29971244848943357,0.41919485057186806,6.990555555555554,9.423888888888888,uptrend,1,0,haussier,365,0,0,30,,,31.0,28.0,95.5,47.0,50,45.26,False,False,,0,,,,51,60268595,91065581,7038320.414925938,10634871.00639744,11000000.0,66.2,,,
ASTRUSDT,ASTR,Mid,404,0.007898,220637.402304,4.044,42.58928880497949,-0.0001149138891523507,0.00820148,0.009595754999999996,0.5364820858337471,0.1937002930096275,0.17245709501883635,0.19791487955475234,0.5549107856317685,0.007201777777777777,0.008880083333333335,uptrend,1,0,haussier,365,0,0,30,,,31.0,28.0,95.5,47.0,50,45.26,False,False,,0,,,,51,68557748,68563856,8697761392.0,8698536318.0,10000000000.0,100.0,24108039,$24M,1.11
GASUSDT,GAS,Mid,286,1.557,189347.1615,2.84,41.03603591186402,-0.009048006361603952,1.6629800000000003,1.8370149999999998,0.35407607725941603,0.15899122807017546,0.14638157894736847,0.1641469505315664,0.522540642208538,1.5221944444444437,1.7721944444444442,doji_4h,0,0,neutre,365,0,0,30,,,31.0,28.0,95.5,47.0,50,45.26,False,False,,0,,,,51,101217183,101217183,65093580.54427269,65093580.54427269,,100.0,,,
GALAUSDT,GALA,Mid,221,0.00326,1625271.78619,4.823,43.28388619733585,-5.568487259486947e-05,0.003340400000000001,0.0051202999999999995,0.758865967520042,0.2853470437017995,0.2163461538461538,0.15238736611472525,0.5917778813805714,0.0029211111111111113,0.003821666666666667,uptrend|doji_4h,1,0,haussier,365,0,0,30,,,31.0,28.0,73.0,68.0,50,45.15,False,False,,0,,,,47,156147978,156147978,47847407806.34932,47847407607.34932,50000000000.0,100.0,,,
PNUTUSDT,PNUT,Mid,472,0.0541,1514841.84755,3.244,43.57255550995674,-0.001056684164916073,0.05491999999999998,0.06494700000000005,0.7433217139390825,0.27068723702664804,0.24263674614305752,0.18446550525708638,0.4973271473310141,0.04026666666666669,0.06390555555555555,uptrend,1,0,haussier,365,0,0,30,,,31.0,28.0,73.0,68.0,50,45.15,False,False,,0,,,,47,53953990,53953990,999842179.456456,999842179.456456,1000000000.0,100.0,,,
ROSEUSDT,ROSE,Mid,363,0.00983,1166806.088958,5.246,44.257020981901135,-8.859476593238108e-05,0.01048,0.012989299999999992,0.7129131281944789,0.2874432677760969,0.25718608169440244,0.27344814176793086,0.5618577690184532,0.009719166666666666,0.012564722222222222,,0,0,neutre,365,0,0,30,,,31.0,28.0,73.0,68.0,50,45.15,False,False,,0,,,,47,75353322,98284979,7666819799.0,10000000000.0,10000000000.0,76.7,,,
PHAUSDT,PHA,Speculative,663,0.0393,2545417.7914,22.05,61.930977633810684,0.0003611792213772854,0.034827999999999984,0.0370935,0.9069092842532197,0.3822314049586777,0.19214876033057843,1.9074073803713527,0.38418313496541195,0.027658333333333337,0.04189444444444444,macd_bullish_cross|double_bottom_90d,2,0,haussier,365,0,0,30,,,17.0,84.0,73.0,68.0,50,45.13,False,False,,0,,,,67,33001674,39334789,838994551.6915468,1000000000.0,1000000000.0,83.9,,,
EGLDUSDT,EGLD,Mid,258,4.01,210585.0133,4.974,45.51831447521395,-0.03914064373609208,4.139199999999999,5.4483000000000015,0.5699998224192175,0.20124481327800833,0.16597510373443997,0.19689644634616868,0.7107602227928518,3.766944444444445,4.553888888888888,,0,0,neutre,365,0,0,30,,,31.0,37.0,87.5,47.0,50,45.01,False,False,,0,,,,55,120321432,120321432,29995538.0,29995538.0,,100.0,,,
KAVAUSDT,KAVA,Mid,413,0.06075,445332.043452,4.741,50.47711916883005,-0.0003805933386865935,0.059149000000000014,0.07577705000000004,0.6231492658035624,0.26102189781021906,0.11211678832116796,0.33472999046449564,0.5272356416672154,0.050500833333333335,0.06618555555555557,uptrend,1,0,haussier,365,0,0,30,,,31.0,57.0,73.0,47.0,50,45.0,False,False,,0,,,,59,65758503,65758503,1082847018.0,1082847018.0,,100.0,,,
ETHFIUSDT,ETHFI,Mid,137,0.375,1855126.3426,6.534,37.74708618182049,-0.0036319138984976136,0.4308200000000001,0.5975299999999995,0.5815775351533796,0.37777777777777777,0.3589743589743589,0.1929088356232383,0.6348806217023977,0.39583333333333326,0.5665,downtrend,0,1,baissier,365,0,0,30,,,31.0,28.0,79.0,68.0,26.2,44.72,False,False,,0,,,,42,329507095,373609056,880665741.0,998535999.0,1000000000.0,88.2,3693137422,$3.7B,-22.26
ZKUSDT,ZK,Mid,231,0.01494,1795711.228444,5.063,40.15235208120558,-0.00028236412668079087,0.016330999999999995,0.025905500000000012,0.808804313403627,0.3191787214185721,0.30284647690153993,0.18460502801511042,0.6235046330378871,0.015000555555555552,0.019822777777777773,support_bounce|uptrend,2,0,haussier,365,0,0,30,,,31.0,28.0,68.5,68.0,54.0,44.64,False,False,,0,,,,47,144831566,313442174,9703425807.0,21000000000.0,21000000000.0,46.2,,,
PYTHUSDT,PYTH,Mid,138,0.0418,1105582.36351,7.179,41.06891556897929,-0.0010905261313873139,0.047279999999999996,0.057073999999999986,0.9972631294112518,0.3511705685618729,0.3010033444816054,0.32866000745990953,0.5655694698059672,0.03924444444444445,0.05383611111111111,support_bounce,1,0,haussier,365,0,0,30,,,31.0,28.0,68.5,68.0,54.0,44.64,False,False,,0,,,,47,329034516,417822561,7874982031.884853,10000000000.0,10000000000.0,78.7,,,
HOLOUSDT,HOLO,Speculative,514,0.0746,2154498.69066,3.467,52.725922666199125,-0.0009264668157780648,0.066646,0.07035150000000001,0.7704277923460859,0.21633888048411506,0.13757225433526005,1.0550775871379416,0.4068969320400251,0.053533333333333336,0.07752222222222221,uptrend,1,0,haussier,256,0,0,30,,,14.0,75.0,85.0,68.0,50,44.61,False,False,,0,,,,66,47794826,152776940,640697508.3643444,2048000000.0,2048000000.0,31.3,,,
WUSDT,W,Mid,375,0.0124,1019983.67046,5.085,43.192734196384606,-0.00017831747096850548,0.013233999999999998,0.026634500000000005,0.8733649843539647,0.398989898989899,0.3737373737373738,0.15865675031896997,0.5327701703575343,0.012252777777777779,0.01875,doji_4h,0,0,neutre,365,0,0,30,,,31.0,28.0,68.5,68.0,50,44.4,False,False,,0,,,,46,72828216,123633801,5890639598.0,10000000000.0,10000000000.0,58.9,1989809683,$2.0B,-15.87
HOMEUSDT,HOME,Mid,328,0.02278,1749968.62986,0.841,71.94412951757657,0.0008054349330038562,0.017362600000000002,0.022693549999999986,0.9397174135077159,0.5465901417960838,0.23261309925725862,0.29195964001393143,0.3469712330686368,0.014857777777777775,0.027023611111111113,downtrend,0,1,baissier,347,0,0,30,,,30.5,48.0,64.0,68.0,26.2,44.39,False,False,,0,,,,46,87110207,227145258,3835000000.01,10000000000.0,10000000000.0,38.4,,,
BERAUSDT,BERA,Mid,293,0.382,2019544.674365,5.525,47.56199660307765,0.0008656641107609268,0.39370000000000005,0.6473550000000001,0.6790378691159645,0.4665676077265974,0.4323922734026746,0.37302917268404434,0.5016249940747659,0.37116666666666664,0.6137777777777779,macd_bullish_cross|support_bounce|downtrend|doji_4h,2,1,haussier,365,0,0,30,,,31.0,37.0,68.5,68.0,30.2,44.29,False,False,,0,,,,47,99849400,206269900,261696918.3190057,540616137.3420509,,48.4,,,
SPKUSDT,SPK,Mid,362,0.027801,2590629.710994,1.341,39.086744733781096,-0.0008516016844206198,0.03066870000000001,0.02563518499999999,0.8434774158105837,0.46838416512630937,0.4652456869993839,0.35873987523057743,0.2946830458741951,0.01971480555555556,0.03926633333333334,,0,0,neutre,342,0,0,30,,,30.4,36.0,62.5,68.0,50,44.06,False,False,,0,,,,48,75298396,277783342,2710687942.7086406,10000000000.0,10000000000.0,27.1,3314270345,$3.3B,2.47
WBTCUSDT,WBTC,Speculative,,76665.01,1989563.2486257,2.949,46.194129804927485,-535.462816678684,76583.0416,80387.86804999996,0.25892147608672805,0.11750558206030245,0.06440411098327078,0.1478923737439908,0.9996573861921401,66250.11027777777,79842.35444444444,bullish_engulfing_4h,1,0,haussier,365,0,0,30,,,17.0,57.0,86.0,68.0,50,44.05,False,False,,0,,,,61,,,,,,,8767018714,$8.8B,-1.9
币安人生USDT,币安人生,Mid,115,0.4455,5275355.73746,7.091,58.616800518528805,-0.0018783277136273126,0.34424399999999994,,1.3416403171989215,0.4575596816976127,0.07126484684309232,0.037745787914816406,0.041019772098168907,0.048797222222222214,0.44320000000000004,uptrend,1,0,haussier,138,0,0,30,,,24.8,45.0,61.0,78.5,50,44.02,False,False,,0,,,,53,444899127,444899127,1000000000.0,1000000000.0,1000000000.0,100.0,,,
VTHOUSDT,VTHO,Mid,486,0.000518,185095.446917,2.574,36.995290717862815,-5.401243307164173e-06,0.00056718,0.0007219099999999998,0.40423480701049525,0.18730158730158739,0.1746031746031747,0.2621778072682349,0.7162060500250899,0.000528222222222222,0.0006206944444444448,uptrend,1,0,haussier,365,0,0,30,,,31.0,28.0,87.5,47.0,50,43.93,False,False,,0,,,,49,51881920,51908202,100191142599.0,100241896848.0,,99.9,,,
YFIUSDT,YFI,Mid,317,2504.0,167832.00453,3.514,41.697358479905745,-16.040084724144236,2642.08,3140.825,0.36720749777608735,0.14978601997146934,0.1164021164021164,0.09497884330419168,0.7409448869132288,2445.4166666666665,2798.3611111111113,,0,0,neutre,365,0,0,30,,,31.0,28.0,87.5,47.0,50,43.93,False,False,,0,,,,49,89285514,91660528,35715.948082478506,36666.0,36666.0,97.4,175021679,$175M,-1.34
ZRXUSDT,ZRX,Mid,313,0.1065,155310.4023,3.298,43.63720028728846,-0.0010415352516984608,0.11056399999999998,0.1254685000000001,0.512186697897735,0.17484177215189878,0.15822784810126594,0.14056329764771494,0.7447442792747252,0.1002527777777778,0.11817499999999999,,0,0,neutre,365,0,0,30,,,31.0,28.0,87.5,47.0,50,43.93,False,False,,0,,,,49,90190845,106307414,848396562.906836,1000000000.0,1000000000.0,84.8,,,
WCTUSDT,WCT,Speculative,,0.06321,1041711.793274,1.266,48.82513651662907,-0.0003408743688515448,0.062306599999999976,0.07448215000000002,0.8430349089073722,0.20152671755725196,0.12544951590594755,0.23234573363757585,0.47780871570609584,0.05528333333333334,0.0683725,uptrend,1,0,haussier,365,0,0,30,,,17.0,57.0,85.0,68.0,50,43.89,False,False,,0,,,,61,,,,,,,,,
ZAMAUSDT,ZAMA,Mid,395,0.03227,2245934.36735,6.326,63.564031259119155,0.0004670556695275221,0.0277882,,0.924279102990038,0.23911747167561118,0.04084675014907582,0.20868019327129814,0.004546291873708235,0.02039722222222222,0.03094916666666667,rsi_bearish_divergence|macd_bullish_cross|doji_4h,1,1,mixte,112,0,0,30,,,24.1,45.0,83.5,68.0,19.8,43.78,False,False,,0,,,,50,70639653,353198263,2200000000.0,11000000000.0,,20.0,32335253,$32M,0.09
SNXUSDT,SNX,Mid,282,0.308,237725.9072,4.407,44.97145143919815,-0.0036364703383848867,0.31173999999999996,0.40262499999999996,0.610869429679761,0.2493150684931506,0.15846994535519124,0.066928901359563,0.6211530134296166,0.28208333333333335,0.34855555555555556,uptrend|morning_star_4h,2,0,haussier,365,0,0,30,,,31.0,28.0,85.0,47.0,53.8,43.74,False,False,,0,,,,50,105861941,105992114,344516234.4572882,344939867.5556631,344939867.0,99.9,40726601,$41M,-3.22
BABYUSDT,BABY,Mid,470,0.0159,662714.30344,0.379,45.2837409870133,-0.00031622937072489193,0.016116,0.016823150000000012,1.2888506931805739,0.24646464646464655,0.19797979797979814,0.1588908421604298,0.26434740560020625,0.011975000000000001,0.018541944444444444,,0,0,neutre,365,0,0,30,,,31.0,37.0,68.5,57.5,50,43.67,False,False,,0,,,,52,54378317,171374846,3425067363.98,10794199262.0,,31.7,3965222014,$4.0B,-1.61
ZILUSDT,ZIL,Mid,356,0.00397,189575.061131,3.655,45.910725843828544,-2.4021626481875558e-05,0.004057799999999999,0.00474215,0.43671600347183137,0.16628701594533024,0.10585585585585602,0.15769625766754647,0.7878561176917103,0.0038111111111111123,0.004364166666666666,double_top_90d|doji_4h,0,1,baissier,365,0,0,30,,,31.0,37.0,87.5,47.0,27.3,43.65,False,False,,0,,,,50,77527358,81292813,19513551525.0,20461312301.39923,21000000000.0,95.4,,,
THETAUSDT,THETA,Mid,193,0.197,629913.8486,4.233,44.01394871205865,-0.0033626748612911603,0.20343999999999998,0.25326999999999994,0.7282524205683456,0.2850000000000001,0.20242914979757082,0.11491051171446147,0.6460622965702075,0.15566666666666665,0.2277777777777778,support_bounce,1,0,haussier,365,0,0,30,,,31.0,28.0,73.0,57.5,54.0,43.58,False,False,,0,,,,48,196791987,196791987,1000000000.0,1000000000.0,1000000000.0,100.0,,,
CKBUSDT,CKB,Mid,402,0.001416,286327.335026,3.132,41.26496682968692,-1.834580619955114e-05,0.0015188600000000001,0.0020162400000000007,0.6230876674948577,0.19438073394495417,0.18635321100917443,0.3083171169906935,0.6434843843467162,0.0013944722222222219,0.0016416111111111113,,0,0,neutre,365,0,0,30,,,31.0,28.0,85.0,47.0,50,43.51,False,False,,0,,,,49,69095894,70234413,48822811289.3984,49627283255.21535,,98.4,,,
XECUSDT,XEC,Mid,232,7.18e-06,137704.34344938,2.865,44.65485833466848,-8.408501983766245e-08,7.271799999999998e-06,9.221399999999993e-06,0.6134449715583572,0.17497103128621097,0.1680185399768251,0.1567762286891805,0.6762997574961973,6.723611111111111e-06,7.859722222222221e-06,uptrend,1,0,haussier,365,0,0,30,,,31.0,28.0,85.0,47.0,50,43.51,False,False,,0,,,,49,143392908,143393445,20032460922580.0,20032535922580.0,21000000000000.0,100.0,,,
TFUELUSDT,TFUEL,Mid,349,0.01073,131203.74088,1.131,39.120818074000915,-6.653909131392949e-05,0.011460399999999999,0.01576049999999999,0.4041363645315699,0.2526242127361792,0.24982505248425474,0.19191013933666468,0.6683294676747056,0.010891111111111108,0.013644722222222221,support_bounce|uptrend,2,0,haussier,365,0,0,30,,,31.0,28.0,83.5,47.0,54.0,43.51,False,False,,0,,,,50,78768182,78769843,7341057572.0,7341212315.0,,100.0,,,
STRKUSDT,STRK,Mid,172,0.0402,2098679.715864,3.077,44.89738985296714,-0.0008751374860592636,0.04010199999999999,0.07077550000000007,1.059567929939797,0.2923351158645276,0.28520499108734404,0.14121082647184843,0.4865012656879156,0.033519444444444435,0.047219444444444446,uptrend,1,0,haussier,365,0,0,30,,,31.0,28.0,62.5,68.0,50,43.41,False,False,,0,,,,45,251990707,400630692,6289850275.348971,10000000000.0,10000000000.0,62.9,212462760,$212M,-4.77
DUSKUSDT,DUSK,Mid,346,0.1352,1486965.6458,3.049,47.237583880697954,-0.0010487118130498014,0.138294,0.09631749999999999,1.078885063249325,0.2532347504621072,0.1632778804682686,0.2317289472319696,0.15821357934193198,0.08475833333333332,0.15428333333333336,macd_bearish_cross|uptrend|morning_star_4h,2,1,haussier,365,0,0,30,,,31.0,45.0,56.5,68.0,32.3,43.39,False,False,,0,,,,48,79283850,79283850,585350190.2777778,585350190.2777778,1000000000.0,100.0,,,
RUNEUSDT,RUNE,Mid,220,0.448,832663.6978,5.91,41.16088455406611,-0.013576883961144719,0.47525999999999996,0.5239050000000001,0.908298603631308,0.3275039745627981,0.2861685214626391,0.14681733390497545,0.6735701208109509,0.39055555555555554,0.5556666666666668,uptrend,1,0,haussier,365,0,0,30,,,31.0,28.0,73.0,57.5,50,43.34,False,False,,0,,,,47,156529197,160984575,350133422.0,360099464.0,360099464.0,97.2,69578777,$70M,-2.3
MOVEUSDT,MOVE,Mid,424,0.0164,694585.19835,3.797,41.29985858581336,-0.00017919563961339908,0.017953999999999998,0.02957450000000001,0.6481354904708116,0.3039647577092511,0.2775330396475771,0.2691819944738031,0.6726447029582492,0.016766666666666662,0.022283333333333332,uptrend|doji_4h,1,0,haussier,365,0,0,30,,,31.0,28.0,73.0,57.5,50,43.34,False,False,,0,,,,47,62941268,164016333,3837500000.0,10000000000.0,10000000000.0,38.4,,,
JASMYUSDT,JASMY,Mid,163,0.00557,534215.657957,5.094,42.3063141327198,-0.00010878447864165613,0.005791200000000001,0.006442599999999998,0.7754115764495563,0.2668463611859838,0.24932614555256064,0.13251656084663938,0.5691093603724388,0.005253611111111112,0.006376388888888888,,0,0,neutre,365,0,0,30,,,31.0,28.0,73.0,57.5,50,43.34,False,False,,0,,,,47,275310784,278401037,49444999677.59027,50000000000.0,50000000000.0,98.9,,,
TUSDT,T,Mid,443,0.00532,227222.66147,2.111,36.34132860589717,-5.227604191228557e-05,0.006021799999999999,0.008073099999999996,0.4446834360236281,0.25428571428571434,0.24,0.3207611350439509,0.6837611727611633,0.005662777777777778,0.006815277777777778,doji_4h,0,0,neutre,365,0,0,30,,,31.0,28.0,83.5,47.0,50,43.27,False,False,,0,,,,49,59331356,59331356,11155000000.0,11155000000.0,,100.0,378297217,$378M,-6.63
XPLUSDT,XPL,Mid,186,0.0836,5153573.82322,5.29,39.62183736871725,-0.0004440719674708507,0.10421399999999997,0.13422099999999998,0.7640723552694914,0.4201561391057488,0.4066713981547197,0.17780729054456357,0.5565949752298075,0.08593611111111109,0.13016388888888886,downtrend,0,1,baissier,242,0,0,30,,,27.6,28.0,68.5,78.5,26.2,43.17,False,False,,0,,,,41,209360450,842504283,2505729166.6667,10083506944.4444,,24.8,,,
XNOUSDT,XNO,Mid,444,0.444,86815.4424,3.497,47.95312908112734,0.0006349777833427848,0.46386000000000005,0.6321749999999997,0.7243718472413516,0.22851919561243153,0.1864716636197441,0.3608965596646392,0.5322182072089396,0.42672222222222217,0.538111111111111,macd_bullish_cross|downtrend,1,1,mixte,365,0,0,30,,,31.0,37.0,85.0,47.0,26.2,43.17,False,False,,0,,,,49,59288102,59288102,133248297.0,133248297.0,133248297.0,100.0,,,
BATUSDT,BAT,Mid,227,0.0997,294588.9996,4.727,46.91249872732689,-0.0005193264967985285,0.101838,0.15243849999999995,0.582199429513619,0.2599512591389115,0.19008935824532902,0.13913599923449782,0.5921585365132374,0.09421944444444444,0.11202777777777778,double_top_90d,0,1,baissier,365,0,0,30,,,31.0,37.0,83.5,47.0,27.3,42.98,False,False,,0,,,,49,148755494,149180693,1495724656.9526057,1500000000.0,1500000000.0,99.7,,,
1INCHUSDT,1INCH,Mid,248,0.0919,208705.08263,3.608,44.04225011250918,-0.000694825161560881,0.09503,0.12614549999999994,0.38352236393377653,0.17495219885277244,0.12045889101338432,0.15866795158619768,0.9045372069437928,0.08833888888888887,0.10063611111111109,,0,0,neutre,365,0,0,30,,,31.0,28.0,81.5,47.0,50,42.93,False,False,,0,,,,48,129083100,137754863,1405573965.7275033,1499999999.997,1500000000.0,93.7,2999064,$3M,-1.9
HIVEUSDT,HIVE,Speculative,651,0.0616,859152.8233,5.119,49.746176854312964,-0.0002666346540251876,0.06163799999999999,0.08077949999999998,0.9215565725120268,0.208731241473397,0.1596180081855389,2.663770236572742,0.5012205907390612,0.057830555555555545,0.06836388888888889,,0,0,neutre,365,0,0,30,,,17.0,64.0,85.0,57.5,50,42.91,False,False,,0,,,,67,33685678,,546694219.025,,,,,,
KITEUSDT,KITE,Mid,110,0.2016,4751781.82925,3.597,54.279496238868845,-0.0016776073775558974,0.16505800000000004,0.14894149999999995,0.9279576339974202,0.5760399334442595,0.32845257903494174,0.08728305833660892,0.1463545121673222,0.13512500000000002,0.2659972222222223,macd_bearish_cross|evening_star_4h,0,2,baissier,203,0,0,30,,,26.6,73.0,53.5,68.0,11.8,42.88,False,False,,0,,,,51,457383038,2012017457,2273255814.0,10000000000.0,10000000000.0,22.7,1206079,$1M,-2.96
PSGUSDT,PSG,Speculative,985,1.025,1373637.78408,3.015,57.844451690150116,-0.003112202811533564,0.8984399999999999,0.8365149999999996,1.1983366657206163,0.20515574650913002,0.12297181895815552,0.9162415208227087,0.3136521688499562,0.7029166666666665,1.0531944444444443,macd_bearish_cross|evening_star_4h,0,2,baissier,365,0,0,30,,,17.0,82.0,74.5,68.0,11.8,42.85,False,False,,0,,,,57,16337450,20417429,15915415.9143673,19890000.0,19890000.0,80.0,,,
MANTAUSDT,MANTA,Speculative,595,0.08121,867363.855471,8.977,61.04794911299007,-7.375154840381275e-05,0.06986819999999999,0.07827995,0.7381791962450878,0.1887430658909485,0.07700181983621472,0.37338020923878495,0.5221468168151776,0.06141638888888888,0.0781372222222222,uptrend,1,0,haussier,365,0,0,30,,,17.0,57.0,89.5,57.5,50,42.82,False,False,,0,,,,61,38121428,80951554,470916573.3880926,1000000000.0,1000000000.0,47.1,25633514,$26M,-2.47
BOMEUSDT,BOME,Speculative,606,0.000537,1082512.61278,1.512,44.22670373779992,-1.2168405739433583e-05,0.0005306,0.00056093,0.8791272101049608,0.23590814196242169,0.16873065015479868,0.25742570351561134,0.499576302815871,0.00037463888888888887,0.0006284722222222223,,0,0,neutre,365,0,0,30,,,17.0,48.0,85.0,68.0,50,42.81,False,False,,0,,,,55,37005304,37005304,68999659569.0,68999659569.0,68999659569.0,100.0,,,
BTTCUSDT,BTTC,Speculative,,3.2e-07,172174.28551305,0.0,52.939357783840485,-1.0056962812889853e-10,3.2400000000000015e-07,3.6619999999999993e-07,0.5298258864340473,0.1388888888888889,0.08333333333333327,0.09606197369973073,0.4055724657610437,3.1472222222222244e-07,3.4944444444444445e-07,,0,0,neutre,365,0,0,30,,,17.0,57.0,100.0,47.0,50,42.75,False,False,,0,,,,63,,,,,,,,,
ICXUSDT,ICX,Speculative,560,0.0379,104887.41292,4.696,51.26891650325328,-6.173266917409743e-05,0.037610000000000005,0.0483875,0.4958019081254602,0.16153846153846155,0.08695652173913042,0.29651347007194706,0.6303218020152009,0.03427499999999998,0.04043611111111112,,0,0,neutre,365,0,0,30,,,17.0,57.0,100.0,47.0,50,42.75,False,False,,0,,,,63,41474034,41916975,1097075554.609225,1108792274.218095,,98.9,,,
BICOUSDT,BICO,Speculative,889,0.0287,1928544.487287,12.549,59.496085639759315,0.00036781979447340365,0.025150000000000002,0.0348795,1.021606369824755,0.25746268656716415,0.049668874172185476,2.0791875645269036,0.5262971289487549,0.020149999999999998,0.027680555555555552,macd_bullish_cross|downtrend,1,1,mixte,365,0,0,30,,,17.0,84.0,67.0,68.0,26.2,42.71,False,False,,0,,,,64,20560409,28633687,718049656.9789356,1000000000.0,1000000000.0,71.8,,,
KMNOUSDT,KMNO,Mid,303,0.02064,326172.08635,4.242,46.96389370305035,-0.0002460594656936567,0.0209956,0.036933899999999985,0.8130981906765643,0.32352941176470584,0.20485175202156328,0.2505378062595753,0.6006189084318744,0.017913055555555557,0.024049166666666663,,0,0,neutre,365,0,0,30,,,31.0,37.0,73.0,47.0,50,42.6,False,False,,0,,,,53,96310959,206087361,4673287933.0,9999958306.117537,10000000000.0,46.7,1377611496,$1.4B,-16.19
MANAUSDT,MANA,Mid,210,0.0869,192140.3075,4.322,43.01087027874957,-0.0007668145582507928,0.09122999999999999,0.12030550000000001,0.4685984121275097,0.20079920079920074,0.13073852295409183,0.10823268675751016,0.7330351615477173,0.08415833333333332,0.0985833333333333,double_top_90d,0,1,baissier,365,0,0,30,,,31.0,28.0,87.5,47.0,27.3,42.57,False,False,,0,,,,44,168061417,190472412,1935129725.1807714,2193179327.320146,,88.2,,,
COWUSDT,COW,Mid,304,0.1664,120922.80041,4.654,38.37058786583206,-0.0007276523566936855,0.18979599999999996,0.2031674999999998,0.5093322633022305,0.3469879518072289,0.3309236947791165,0.12454365273080349,0.6422482168484714,0.17371111111111104,0.23855833333333326,,0,0,neutre,365,0,0,30,,,31.0,28.0,79.0,47.0,50,42.52,False,False,,0,,,,48,96287716,166279515,579071428.3666438,1000000000.0,1000000000.0,57.9,,,
MINAUSDT,MINA,Mid,371,0.0573,407633.15216,3.243,41.776504872786674,-0.0007472928780598757,0.060135999999999995,0.07679550000000003,0.5166477201929206,0.182608695652174,0.17101449275362324,0.1861484655900748,0.6542138064979016,0.054191666666666666,0.06490555555555556,double_top_90d|downtrend,0,2,baissier,365,0,0,30,,,31.0,28.0,95.5,47.0,3.5,42.47,False,False,,0,,,,40,73600181,73600181,1287545988.840039,1287545988.840039,,100.0,,,
GNOUSDT,GNO,Mid,146,118.65,152874.74849,3.624,41.273031219531816,-1.0348359733928847,124.06040000000002,126.94264999999987,0.6585622984395642,0.19395987037164722,0.1826518651313521,0.21151783228115342,0.7235969263242933,117.6277777777778,138.8152777777778,support_bounce|uptrend|doji_4h,2,0,haussier,365,0,0,30,,,31.0,28.0,77.0,47.0,54.0,42.43,False,False,,0,,,,49,312764425,355469459,2639589.0,3000000.0,3000000.0,88.0,,,
DGBUSDT,DGB,Mid,414,0.00358,143924.383626,1.13,38.73204134806975,4.338523042030421e-06,0.004069599999999999,0.0051790999999999955,0.3873159068315644,0.27868852459016386,0.26434426229508196,0.26385205435183656,0.6778268899522911,0.003629444444444445,0.004669444444444445,evening_star_4h,0,1,baissier,365,0,0,30,,,31.0,28.0,83.5,47.0,33.2,42.26,False,False,,0,,,,45,65475637,65479300,18300082200.20543,18301105986.29686,21000000000.0,100.0,,,
SUSHIUSDT,SUSHI,Mid,463,0.2055,276270.5246,2.647,42.57800494815324,-0.003100065245788471,0.21503799999999998,0.27130499999999996,0.6393290349107668,0.19436731455771517,0.18405394684648949,0.13948472356911928,0.7290637072320535,0.19024999999999995,0.2345472222222222,,0,0,neutre,365,0,0,30,,,31.0,28.0,77.0,47.0,50,42.19,False,False,,0,,,,48,56095310,59896981,273012266.12632084,291514753.9009228,,93.7,42864847,$43M,7.69
AUSDT,A,Mid,245,0.0811,454859.50178,5.599,43.14737481565209,-0.001176440328106625,0.08567,0.12508749999999988,0.626584795157882,0.21052631578947367,0.1771255060728745,0.3166705962800093,0.6158307490265132,0.07521111111111112,0.09297500000000002,double_top_90d|uptrend,1,1,mixte,362,0,0,30,,,30.9,28.0,85.0,47.0,27.3,42.11,False,False,,0,,,,44,133090224,170076537,1643315862.1131,2100000000.0,2100000000.0,78.3,,,
0GUSDT,0G,Mid,284,0.483,691554.26815,3.648,36.5361779018548,-0.004482433083094126,0.54616,0.7634500000000002,0.4756097673467793,0.2915407854984895,0.27190332326283995,0.14293428004314607,0.30602544733014736,0.48624999999999996,0.6350555555555556,downtrend,0,1,baissier,245,0,0,30,,,27.7,28.0,83.5,57.5,26.2,42.07,False,False,,0,,,,43,102820551,482273384,213199722.0,1000000000.0,,21.3,,,
VANAUSDT,VANA,Speculative,521,1.514,274841.35821,3.77,49.76840258824819,-0.011998735658087442,1.4616600000000002,1.956435,0.5665600023425746,0.221639344262295,0.12622478386167152,0.11337221712316521,0.6182097435693324,1.2552222222222218,1.6184444444444446,uptrend,1,0,haussier,365,0,0,30,,,17.0,57.0,95.5,47.0,50,42.0,False,False,,0,,,,62,46531642,181292112,30800000.0,120000000.0,120000000.0,25.7,,,
CATIUSDT,CATI,Speculative,827,0.0544,1868257.12129,3.619,49.36681588019134,-0.001094190976019533,0.05297399999999999,0.053522000000000014,0.903918624828481,0.3137254901960784,0.2366946778711485,0.6013224766534947,0.19101269336731336,0.03936944444444445,0.06253333333333333,uptrend|bullish_engulfing_4h,2,0,haussier,365,0,0,30,,,17.0,66.0,67.0,68.0,50,41.98,False,False,,0,,,,61,23147818,54368257,425759791.57,1000000000.0,1000000000.0,42.6,,,
LINEAUSDT,LINEA,Mid,306,0.003183,736476.175077,3.378,36.96374445301144,-7.361745229015652e-05,0.00352508,0.005402819999999999,0.7766382356283689,0.26387604070305265,0.26387604070305265,0.10382773751366649,0.6346234940012243,0.0029967499999999994,0.003837,uptrend|doji_4h,1,0,haussier,257,0,0,30,,,28.0,28.0,73.0,57.5,50,41.91,False,False,,0,,,,47,95516276,229086356,30024162995.373516,72009990000.0,72009990000.0,41.7,,,
FORMUSDT,FORM,Mid,327,0.2287,605724.48064,3.672,39.84626469478915,-0.00480882989187724,0.25443400000000005,0.2963439999999999,0.8692448436964755,0.38904193449647995,0.2999693908784818,0.18785546718700466,0.416688866269736,0.20458333333333337,0.30244999999999994,downtrend,0,1,baissier,365,0,0,30,,,31.0,28.0,73.0,57.5,26.2,41.91,False,False,,0,,,,41,87281718,130808532,381867255.14,572301922.1,580000000.0,66.7,,,
NEIROUSDT,NEIRO,Speculative,574,9.619e-05,2155028.04522095,6.287,53.03358111510874,-4.3627835693153317e-07,8.661780000000003e-05,9.911379999999996e-05,0.8359936872305396,0.28916929547844383,0.17353597801820375,0.11603635151331457,0.46542348458257904,5.6711944444444444e-05,0.00010235000000000001,doji_4h,0,0,neutre,365,0,0,30,,,17.0,57.0,73.0,68.0,50,41.89,False,False,,0,,,,59,40492040,40492040,420690000000.0,420690000000.0,420690000000.0,100.0,,,
DIAUSDT,DIA,Speculative,852,0.1861,373651.09924,6.586,47.76475642284318,-0.001568289984584898,0.18984199999999998,0.24728850000000002,0.5874863267872169,0.18408880666049954,0.1396854764107308,1.1965126404193889,0.5777164769594888,0.1718305555555556,0.20681944444444447,,0,0,neutre,365,0,0,30,,,17.0,55.0,95.5,47.0,50,41.76,False,False,,0,,,,62,22217233,31340025,119676104.0,168817248.0,200000000.0,70.9,,,
NILUSDT,NIL,Speculative,712,0.06291,8570107.126258,18.967,56.845416999759166,0.0002564139777807778,0.045876,0.06660650000000003,3.237197771752192,0.49242424242424243,0.3174242424242424,2.5471591299288763,0.17957273258915332,0.03346722222222222,0.061766388888888885,macd_bullish_cross|uptrend,2,0,haussier,365,0,0,30,,,17.0,84.0,41.5,78.5,50,41.72,False,False,,0,,,,66,29668472,63408635,467893249.996,1000000000.0,,46.8,,,
STEEMUSDT,STEEM,Speculative,714,0.05397,1281167.794316,1.792,41.35792550477707,-0.00041721545276897603,0.05772079999999999,0.06361804999999997,0.5036967739114357,0.3460277427490541,0.31941992433795713,2.368332276203473,0.24799092213726798,0.054726111111111114,0.06591416666666666,,0,0,neutre,365,0,0,30,,,17.0,55.0,73.0,68.0,50,41.65,False,False,,0,,,,59,29562614,29562614,548233184.251,548233184.251,,100.0,,,
WBETHUSDT,WBETH,Speculative,,2328.65,3682623.710927,4.616,39.82331522191906,-15.873993128276517,2480.6136,2774.9025499999975,0.30661783570200085,0.15677387478164784,0.12077181588188654,1.7330558583636682,0.9353285112170628,2150.4874999999997,2592.958611111111,downtrend,0,1,baissier,365,0,0,30,,,17.0,55.0,81.5,68.0,26.2,41.64,False,False,,0,,,,51,,,,,,,,,
BLURUSDT,BLUR,Mid,422,0.0227,732386.03531,5.729,42.01601498407363,-0.00029188917562312025,0.0254298,0.027569899999999994,0.7599272141294622,0.36711448598130847,0.33732476635514025,0.20134611606732267,0.2536547090557146,0.018240277777777775,0.030059166666666668,uptrend,1,0,haussier,365,0,0,30,,,31.0,28.0,62.5,57.5,50,41.59,False,False,,0,,,,45,63602056,68011521,2805497740.15411,3000000000.0,3000000000.0,93.5,16498326,$16M,-4.38
AXLUSDT,AXL,Mid,403,0.0585,601611.681109,2.812,43.56560056566231,-0.0013461319178030321,0.060115999999999975,0.07726050000000002,1.1000931780626844,0.2976913730255164,0.2891859052247873,0.14058768609492492,0.3397116127742178,0.045675,0.07292777777777777,uptrend,1,0,haussier,365,0,0,30,,,31.0,28.0,62.5,57.5,50,41.59,False,False,,0,,,,45,68628967,72547620,1174670834.672417,1241743481.645412,,94.6,151686324,$152M,5.06
SFPUSDT,SFP,Mid,233,0.2861,115034.3008,4.036,42.913323138792215,-0.0021146707553712446,0.30811199999999994,0.3115155,0.7129675326403193,0.2805584826132771,0.24683877766069548,0.16955192782697293,0.524118728622635,0.26470555555555547,0.3309527777777778,,0,0,neutre,365,0,0,30,,,31.0,28.0,73.0,47.0,50,41.52,False,False,,0,,,,47,142858285,142858285,500000000.0,500000000.0,500000000.0,100.0,,,
AMPUSDT,AMP,Mid,387,0.000823,301431.815818,2.618,33.10215820815948,-2.9300946966187046e-06,0.0008837200000000001,0.00157779,0.3496067625575979,0.4516988674217189,0.45103264490339773,0.13443545696607867,0.49356183262946807,0.0008490277777777779,0.0014332777777777781,,0,0,neutre,365,0,0,30,,,31.0,19.0,79.0,47.0,50,41.44,False,False,,0,,,,45,71431679,82082073,86781188162.63327,99720178909.70996,100000000000.0,87.0,1408636,$1M,-6.15
BNTUSDT,BNT,Speculative,613,0.3395,124496.23694,4.752,57.35213556050583,-0.0006783577748219732,0.31925800000000004,0.36167749999999976,0.3610913504123861,0.16369778869778875,0.020689655172413748,0.1712150178265824,0.8958987247193566,0.2779166666666667,0.3433277777777778,double_bottom_90d|uptrend,2,0,haussier,365,0,0,30,,,17.0,57.0,92.0,47.0,50,41.42,False,False,,0,,,,62,36611376,36611376,107977618.8339567,107977618.8339567,110542364.6372305,100.0,20530395,$21M,-0.66
ZROUSDT,ZRO,Mid,135,1.321,2290659.68656,5.511,40.080941765039164,0.0072642764522639625,1.5844800000000003,1.6365850000000004,0.6363306661585214,0.4492001729355815,0.4288802421098142,0.19214958724703557,0.5524157481069037,1.3546944444444442,2.1340555555555563,macd_bullish_cross|death_cross|downtrend,1,2,baissier,365,0,0,30,,,31.0,28.0,68.5,68.0,0,41.4,False,False,,0,,,,34,333066369,1319954770,252331652.6536562,1000000000.0,1000000000.0,25.2,,,
XTZUSDT,XTZ,Mid,129,0.3422,487324.83257,2.67,42.09829167799441,-0.0031278721030617226,0.363976,0.4428644999999998,0.4863465799903039,0.17166956090300184,0.15058298189034985,0.1458897697131764,0.7388160874378845,0.34236666666666665,0.39775,double_top_90d|support_bounce|bearish_engulfing_4h,1,2,baissier,365,0,0,30,,,31.0,28.0,87.5,47.0,7.6,41.39,False,False,,0,,,,39,371259257,378092917,1085716420.97001,1105700884.770396,,98.2,,,
LAYERUSDT,LAYER,Speculative,924,0.0897,1644965.576032,1.932,46.90959757396264,-0.001353039036383764,0.08878400000000002,0.13010149999999993,1.0779823432564817,0.2758064516129032,0.2758064516129032,0.8964311168981253,0.5748681775640802,0.07853611111111111,0.10338055555555553,uptrend|doji_4h,1,0,haussier,365,0,0,30,,,17.0,66.0,62.5,68.0,50,41.23,False,False,,0,,,,60,18821992,89628534,210000000.0,1000000000.0,1000000000.0,21.0,13352176,$13M,-2.46
ONTUSDT,ONT,Mid,451,0.05841,557603.08647,2.258,38.89999736894785,0.00010388129611028007,0.0711846,0.06290834999999996,0.6684247120622365,0.4948555068444126,0.47740896483850764,0.25074957454726166,0.22878364082013428,0.04097833333333333,0.09134250000000002,macd_bullish_cross|downtrend,1,1,mixte,365,0,0,30,,,31.0,36.0,62.5,57.5,26.2,41.12,False,False,,0,,,,42,58264125,58264125,1000000000.0,1000000000.0,,100.0,,,
CUSDT,C,Speculative,,0.0903,952187.54418,5.862,59.0086064222657,0.0008158553691167613,0.07907399999999999,0.07441299999999998,0.8237802408406045,0.3746736292428199,0.019543973941368035,0.2680665986563134,-0.05776074121138929,0.049208333333333326,0.09053055555555553,macd_bullish_cross|uptrend,2,0,haussier,311,0,0,30,,,15.5,73.0,71.5,57.5,50,41.04,False,False,,0,,,,63,,,,,,,,,
NEWTUSDT,NEWT,Speculative,979,0.0768,517346.82537,4.632,50.46738122068511,-0.00021712841452858225,0.07546600000000002,0.08803399999999996,0.6124777364930136,0.17183462532299731,0.09847596717467766,0.3678849496635502,0.39726801655793736,0.06503333333333335,0.08271111111111112,downtrend,0,1,baissier,335,0,0,30,,,16.2,57.0,89.5,57.5,26.2,41.0,False,False,,0,,,,56,16525563,76863083,215000000.0,1000000000.0,1000000000.0,21.5,,,
COSUSDT,COS,Speculative,,0.00123,7924443.7921679,-9.559,52.20958386101493,-1.0957268248750522e-06,0.0012018400000000002,0.0013022550000000004,1.1212104421137412,0.5254969749351772,0.4662921348314607,1.032469655105009,0.0004291834628967253,0.0010043611111111113,0.001708527777777778,bullish_engulfing_4h,1,0,haussier,365,0,0,30,,,17.0,75.0,43.0,78.5,50,40.89,False,False,,0,,,,59,,,,,,,,,
HUMAUSDT,HUMA,Speculative,543,0.02549,2043218.87661,6.608,62.33503312203296,2.74143509846719e-05,0.020949600000000002,0.021673650000000003,0.8632294393118337,0.3833253473885961,0.10713031260976456,0.42296035081048744,0.1830424934247043,0.013048055555555556,0.024412222222222217,macd_bullish_cross|uptrend,2,0,haussier,364,0,0,30,,,17.0,57.0,67.0,68.0,50,40.88,False,False,,0,,,,58,43694539,252083880,1733333333.0,10000000000.0,10000000000.0,17.3,,,
DODOUSDT,DODO,Speculative,947,0.01776,2424856.053239,-0.727,46.002634523686375,-0.00020520850390036172,0.01830159999999999,0.018482049999999993,1.3111817792989953,0.24339300937766423,0.24339300937766423,0.5827821012956588,0.36055353003967844,0.014063333333333336,0.020803055555555554,,0,0,neutre,365,0,0,30,,,17.0,46.0,74.5,68.0,50,40.82,False,False,,0,,,,56,17750720,17750720,1000000000.0,1000000000.0,1000000000.0,100.0,11921273,$12M,-1.32
XVGUSDT,XVG,Mid,469,0.003306,319740.793503,3.087,44.54360220892953,1.0553443588423675e-05,0.0037563199999999996,0.005448570000000002,0.8334778871585585,0.48873685966961455,0.44518605039212417,0.0738753124124444,0.4488463248096461,0.00326325,0.005547305555555556,macd_bullish_cross,1,0,haussier,365,0,0,30,,,31.0,28.0,68.5,47.0,50,40.77,False,False,,0,,,,46,54666873,54776223,16521951235.74134,16555000000.0,,99.8,,,
XVSUSDT,XVS,Speculative,533,2.71,153978.9854,2.264,49.378100974142114,-0.004363925801473741,2.6966,3.6191500000000008,0.4821464291023574,0.23312883435582818,0.16871165644171776,0.23387151524631505,0.4920605615434985,2.5794444444444444,3.105,macd_bearish_cross,0,1,baissier,365,0,0,30,,,17.0,57.0,95.5,47.0,28.5,40.71,False,False,,0,,,,57,45461867,80374298,16824633.78072846,29745107.921051685,30000000.0,56.6,1169712599,$1.2B,-1.65
CFGUSDT,CFG,Mid,209,0.298,3147713.80856,11.485,57.51812211045425,-0.001290573378705473,0.241172,,1.2756375554750439,0.2913978494623656,0.04088860270444298,0.1430524573744359,,0.14231428571428567,0.30173928571428565,uptrend,1,0,haussier,70,0,0,30,,,22.9,45.0,57.0,68.0,50,40.64,False,False,,0,,,,53,171520359,202083692,577156141.0,680000000.0,,84.9,1454560372,$1.5B,-7.39
UMAUSDT,UMA,Speculative,557,0.464,232441.5402,4.505,48.213282198631916,-0.0039413256022509235,0.46002000000000004,0.601395,0.5907239793485692,0.17668488160291443,0.15300546448087435,0.16430285746104584,0.5768377269233139,0.40083333333333354,0.5055000000000001,double_top_90d,0,1,baissier,365,0,0,30,,,17.0,57.0,95.5,47.0,27.3,40.64,False,False,,0,,,,57,41959508,59725568,90430911.87833138,128720232.563528,,70.3,,,
PYRUSDT,PYR,Speculative,,0.258,601038.809522,4.032,40.918097304557875,-0.0021484073262346484,0.27103999999999995,0.39942500000000014,0.4259685485544927,0.22118380062305298,0.19626168224299065,0.1415951567860379,0.6040427097366265,0.25544444444444436,0.32099999999999995,support_bounce|uptrend,2,0,haussier,365,0,0,30,,,17.0,28.0,95.5,57.5,54.0,40.58,False,False,,0,,,,52,,,,,,,,,
POWRUSDT,POWR,Speculative,644,0.0648,140624.9333,3.021,49.05705664232101,-0.00013801431542581475,0.065222,0.07568900000000003,0.39869183926424395,0.15925394548063126,0.0744985673352435,0.21452756007744347,0.6964101275779241,0.06078055555555557,0.06834444444444444,uptrend,1,0,haussier,365,0,0,30,,,17.0,37.0,100.0,47.0,50,40.35,False,False,,0,,,,57,34125778,64385386,529761884.726046,999506122.99937,1000000000.0,53.0,,,
VELODROMEUSDT,VELODROME,Speculative,,0.01632,165241.626888,3.357,48.78961508588266,-5.950261199004496e-05,0.0163106,0.02019325,0.798286399148143,0.2333160889808588,0.1557165028453181,0.18452572192541572,0.6416569456383525,0.013996944444444446,0.01786916666666667,uptrend|doji_4h,1,0,haussier,365,0,0,30,,,17.0,57.0,85.0,47.0,50,40.26,False,False,,0,,,,61,,,,,,,,,
ENJUSDT,ENJ,Mid,341,0.04141,415176.298811,0.803,38.8564276248738,-0.0005570803928006721,0.049072999999999985,0.03270605000000001,0.594996091220394,0.5409799554565702,0.5385300668151448,0.06234656106542136,0.005312804599506781,0.018567777777777773,0.0646361111111111,,0,0,neutre,365,0,0,30,,,31.0,36.0,59.5,47.0,50,40.24,False,False,,0,,,,47,81487145,82543290,1966412773.137864,1991899215.496959,,98.7,,,
DYMUSDT,DYM,Speculative,,0.0274,5780030.47153,14.167,58.68274412478161,0.0003250061349265301,0.020998000000000003,0.05069950000000002,1.5526943074834436,0.5710659898477157,0.30456852791878164,2.8547075711566685,0.2905295470401831,0.017947222222222222,0.03751388888888889,uptrend,1,0,haussier,365,0,0,30,,,17.0,84.0,32.5,78.5,50,40.22,False,False,,0,,,,64,,,,,,,,,
METUSDT,MET,Mid,386,0.1371,204796.11118,3.394,37.74876336719966,-0.0028497920292456375,0.15349,,0.7018587496982839,0.3181085437936592,0.26329930145083286,0.0968308055578551,0.4669638515656592,0.1326388888888889,0.1831388888888889,,0,0,neutre,193,0,0,30,,,26.3,36.0,73.0,47.0,50,40.21,False,False,,0,,,,49,71566728,136536223,522971624.838613,997734178.943804,1000000000.0,52.4,211271117,$211M,
AXSUSDT,AXS,Mid,188,1.181,750556.16653,4.606,43.66778333024266,-0.01449684174165767,1.2415200000000004,1.2614049999999999,1.4071980803517057,0.28517110266159706,0.25158428390367554,0.08073451895049563,0.3450460956478022,1.08775,1.424611111111111,downtrend,0,1,baissier,365,0,0,30,,,31.0,28.0,62.5,57.5,26.2,40.16,False,False,,0,,,,40,204497356,318449358,173384825.001344,270000000.0,270000000.0,64.2,,,
BBUSDT,BB,Speculative,,0.0303,1087825.20024,3.767,49.683487704247234,-0.0003820204881955692,0.02885,0.04572599999999999,1.259643924517975,0.25,0.1648351648351649,0.29486660819718924,0.45326815771891676,0.023427777777777787,0.033541666666666664,uptrend,1,0,haussier,365,0,0,30,,,17.0,57.0,62.5,68.0,50,40.15,False,False,,0,,,,57,,,,,,,,,
ARPAUSDT,ARPA,Speculative,,0.011,163235.596288,2.23,51.1912757279829,-9.032774277349252e-05,0.010291599999999998,0.011793100000000003,0.5152470514516158,0.16138328530259374,0.09975470155355674,0.09346962546096707,0.4843691311337977,0.009119166666666668,0.01143388888888889,macd_bearish_cross|double_top_90d,0,2,baissier,365,0,0,30,,,17.0,57.0,100.0,47.0,5.8,40.1,False,False,,0,,,,53,,,,,,,,,
RADUSDT,RAD,Speculative,,0.299,1193405.9787,-0.993,56.511316819033304,-0.0015920348567500797,0.25626,0.27404499999999987,1.2719969134179483,0.15820895522388073,0.10746268656716426,0.25507461626532096,0.2845544418546293,0.21736111111111117,0.30108333333333337,macd_bearish_cross|morning_star_4h,1,1,mixte,365,0,0,30,,,17.0,57.0,68.5,68.0,32.3,40.08,False,False,,0,,,,54,,,,,,,,,
FIDAUSDT,FIDA,Speculative,621,0.03619,11545280.901855,14.417,69.88592113112009,0.0017877691589192539,0.019372200000000003,0.028036849999999988,2.4074060057200484,0.2534617700180614,0.11078359125521985,2.336452539421771,0.17449565789233487,0.014111944444444444,0.024818888888888894,downtrend,0,1,baissier,365,0,0,30,,,17.0,75.0,46.0,78.5,26.2,39.96,False,False,,0,,,,55,35356854,35356854,990910775.601922,990910775.601922,1000000000.0,100.0,,,
FOGOUSDT,FOGO,Mid,419,0.01675,1510021.80447,9.049,44.86522054348193,-0.00038421260292917207,0.018763000000000002,,1.72292765947848,0.488217723199469,0.4437437769664786,1.229617012055256,0.14167200303682975,0.016579999999999998,0.02541083333333334,,0,0,neutre,130,0,0,30,,,24.6,54.0,41.5,68.0,50,39.94,False,False,,0,,,,50,64046799,167355642,3827585911.088607,10001563093.89079,,38.3,,,
SENTUSDT,SENT,Mid,262,0.0163,244882.54612,4.554,47.875505836713465,5.025105377193679e-05,0.016767000000000004,,0.5481750362427319,0.3979183346677342,0.34707766212970365,0.05625858130844792,0.32677574404262283,0.015675833333333333,0.02312694444444445,macd_bullish_cross|downtrend|doji_4h,1,1,mixte,123,0,0,30,,,24.4,45.0,79.0,47.0,26.2,39.94,False,False,,0,,,,50,117808490,559261518,7237882055.0,34359738368.0,34359738368.0,21.1,,,
BIOUSDT,BIO,Mid,382,0.0339,1621249.45426,3.04,43.14376565151417,-0.0019049166602645897,0.03519999999999999,0.03850299999999998,2.1869935291049836,0.4429752066115702,0.43801652892561976,0.08930715230249961,0.16433910558544854,0.01721111111111111,0.049316666666666675,uptrend,1,0,haussier,365,0,0,30,,,31.0,28.0,41.5,68.0,50,39.92,False,False,,0,,,,42,72547835,112286968,2145029070.25,3320000000.0,3320000000.0,64.6,4670414,$5M,-15.96
MBLUSDT,MBL,Speculative,943,0.00093,817742.519221,2.198,46.54290073736476,-4.100623256403887e-06,0.00095054,0.0010788150000000003,0.7185352435660488,0.19173262972735267,0.18205804749340365,0.3359119398246889,0.4280244498777151,0.0008996944444444447,0.0010110277777777778,support_bounce,1,0,haussier,365,0,0,30,,,17.0,37.0,85.0,57.5,54.0,39.91,False,False,,0,,,,56,17987152,27844051,19379887214.0,30000000000.0,30000000000.0,64.6,,,
1000CHEEMSUSDT,1000CHEEMS,Speculative,,0.000733,1247773.755429,0.411,65.58815290911991,8.768513045506098e-06,0.0005809599999999998,0.0007568949999999998,0.8306120595231032,0.25698324022346375,0.0,0.4585363724377248,0.6501020438767752,0.00042111111111111114,0.0006631388888888889,rsi_bearish_divergence|macd_bullish_cross,1,1,mixte,365,0,0,30,,,17.0,48.0,77.5,68.0,19.8,39.75,False,False,,0,,,,47,,,,,,,,,
WALUSDT,WAL,Mid,223,0.0654,432973.94011,7.038,37.758181923396485,-0.001497962027569639,0.073196,0.10865400000000003,0.6813623443590376,0.26918671248568166,0.25200458190148917,0.2986711308946553,0.6394392269003236,0.06774444444444441,0.08581111111111112,,0,0,neutre,227,0,0,30,,,27.2,28.0,73.0,47.0,50,39.7,False,False,,0,,,,47,153284710,326195516,2349583333.0,5000000000.0,5000000000.0,47.0,3562597,$4M,-0.54
EDENUSDT,EDEN,Speculative,978,0.091,14215381.5167,-6.186,65.32870218867188,0.0056825615876199,0.04471,0.05403499999999996,2.5552171394017376,0.3725961538461538,0.2567457072771873,2.2197987481861214,0.16791808251440454,0.02996111111111112,0.06544166666666668,uptrend,1,0,haussier,237,0,0,30,,,13.5,75.0,46.0,78.5,50,39.7,False,False,,0,,,,61,16753869,91118012,183870000.0,1000000000.0,1000000000.0,18.4,,,
CELOUSDT,CELO,Speculative,506,0.08157,734501.388158,4.07,43.116910956847185,-0.0011459486333083577,0.08705679999999999,0.1120597000000001,0.6392825844362643,0.2299756690997567,0.20554744525547447,0.6368346663105044,0.5625571142243082,0.07453888888888888,0.09403749999999997,,0,0,neutre,365,0,0,30,,,17.0,37.0,85.0,57.5,50,39.67,False,False,,0,,,,52,48972997,81532217,600658220.0,1000000000.0,1000000000.0,60.1,,,
DOGSUSDT,DOGS,Speculative,772,4.97e-05,1483582.7151354,-1.972,46.43398356436184,-2.3846669243334253e-06,4.3555999999999994e-05,3.9315500000000013e-05,2.4571002780264615,0.4305396096440873,0.4305396096440873,0.8409291572185553,0.25909788769490927,2.614166666666666e-05,6.411944444444444e-05,uptrend,1,0,haussier,365,0,0,30,,,17.0,82.0,41.5,68.0,50,39.66,False,False,,0,,,,61,25613876,27261988,516750000000.0,550000000000.0,550000000000.0,94.0,,,
BNSOLUSDT,BNSOL,Speculative,,96.3,392041.053,5.361,48.463746739371665,-0.6483170168724597,95.93999999999997,117.37500000000011,0.40448651471095504,0.17813383600376995,0.11162361623616243,0.23423926040867177,0.870217414471241,88.98611111111113,102.91388888888888,double_top_90d|uptrend,1,1,mixte,365,0,0,30,,,17.0,57.0,87.5,47.0,27.3,39.31,False,False,,0,,,,56,,,,,,,,,
ORDIUSDT,ORDI,Mid,336,4.021,3024393.08757,4.987,43.444759556762676,-0.10719419402097789,4.31198,3.753904999999999,1.1362432579922983,0.531697581591923,0.5281756280817094,0.23921002131959457,0.2681763492013083,2.2768888888888887,5.558861111111111,downtrend,0,1,baissier,365,0,0,30,,,31.0,36.0,38.5,68.0,26.2,38.95,False,False,,0,,,,38,84269010,84269010,21000000.0,21000000.0,,100.0,,,
DCRUSDT,DCR,Mid,154,16.59,347051.85067,1.53,36.862763674592266,-0.06392585788116034,19.435999999999993,22.183550000000015,0.549899836596659,0.5204439252336448,0.5108060747663552,0.41211771948690373,0.4603875809232961,17.807777777777776,29.780277777777783,downtrend,0,1,baissier,365,0,0,30,,,31.0,28.0,65.5,47.0,26.2,38.85,False,False,,0,,,,40,290761448,290778154,17432070.29438292,17433071.92226352,21000000.0,100.0,,,
AUCTIONUSDT,AUCTION,Speculative,633,4.7,306593.8249,2.174,44.82262004737658,-0.02414079191922644,4.806999999999999,5.149949999999995,0.31609327921865515,0.13068181818181826,0.10984848484848486,0.14315306771061148,0.6416706724546319,4.555277777777775,5.0536111111111115,support_bounce|uptrend,2,0,haussier,365,0,0,30,,,17.0,28.0,95.5,47.0,54.0,38.76,False,False,,0,,,,52,34791757,35923021,7400408.012770892,7641034.513104652,10000000.0,96.9,,,
IOTXUSDT,IOTX,Speculative,564,0.00435,75618.11762,3.819,41.49244537079135,-4.814162420868753e-05,0.0046632,0.006493950000000001,0.5647988463190743,0.22644927536231874,0.20833333333333334,0.06235668771753325,0.4557563374853617,0.004385277777777777,0.005424166666666666,support_bounce|bullish_engulfing_4h,2,0,haussier,365,0,0,30,,,17.0,28.0,95.5,47.0,54.0,38.76,False,False,,0,,,,52,41137913,41137913,9441368550.0,9441368555.0,10000000000.0,100.0,,,
ALLOUSDT,ALLO,Speculative,878,0.0911,7987919.02876,8.066,43.1437032476278,0.0007138030406793451,0.10492799999999997,,0.7318684738732402,0.38575667655786355,0.32492581602373893,2.9904301274393807,0.3148225552607129,0.09028333333333334,0.1273861111111111,macd_bullish_cross|double_top_90d|downtrend|doji_4h,1,2,baissier,195,0,0,30,,,12.3,63.0,68.5,78.5,3.5,38.65,False,False,,0,,,,50,20905951,71497828,230115890.1375253,786990560.159851,1000000000.0,29.2,,,
ACHUSDT,ACH,Speculative,656,0.00675,595872.53333,4.006,40.201557744419254,-0.00016852621941052662,0.006947599999999999,0.008203050000000002,0.9439799790471415,0.2329545454545455,0.2329545454545455,0.21700290465224545,0.3998831837031431,0.005993333333333334,0.008085555555555554,rsi_bullish_divergence,1,0,haussier,365,0,0,30,,,17.0,28.0,85.0,57.5,50,38.59,False,False,,0,,,,49,33267318,103268679,4943691067.145604,15346246087.99998,15346246087.99998,32.2,,,
OGUSDT,OG,Speculative,,3.005,544965.3065,1.692,43.80668050979276,-0.04932489921758732,3.05938,6.088825000000002,0.8917573927665066,0.23822784810126588,0.23822784810126588,0.21867520315475913,0.3594135716548157,2.5811111111111114,3.3768611111111118,uptrend,1,0,haussier,365,0,0,30,,,17.0,28.0,85.0,57.5,50,38.59,False,False,,0,,,,49,,,,,,,,,
CYBERUSDT,CYBER,Speculative,677,0.477,401856.86119,3.922,38.515907510882926,-0.006292032808131547,0.52564,0.6487100000000002,0.4898839567972153,0.19759450171821297,0.17869415807560135,0.2682931252628229,0.6762106784176002,0.4830833333333333,0.5765277777777775,,0,0,neutre,365,0,0,30,,,17.0,28.0,95.5,47.0,50,38.52,False,False,,0,,,,51,31905379,47703140,66883183.763333336,100000000.0,100000000.0,66.9,,,
METISUSDT,METIS,Speculative,783,3.4,208367.2995,1.493,44.71072692980855,-0.04726693636038706,3.484999999999999,4.699349999999999,0.5775561196367857,0.23569794050343254,0.21967963386727687,0.046284076384622154,0.5775354074080223,2.886666666666667,3.9116666666666666,,0,0,neutre,365,0,0,30,,,17.0,28.0,95.5,47.0,50,38.52,False,False,,0,,,,51,25045128,34035947,7358434.342,10000000.0,10000000.0,73.6,31382508,$31M,-2.68
SPELLUSDT,SPELL,Speculative,755,0.0001573,151861.3274882,2.878,40.423217433969675,-1.4406577299933148e-06,0.00016581200000000002,0.00021265800000000004,0.5307368531373482,0.15563991323210422,0.14587852494577008,0.13896676631188024,0.5798782128449207,0.00015805000000000002,0.00018395555555555563,,0,0,neutre,365,0,0,30,,,17.0,28.0,95.5,47.0,50,38.52,False,False,,0,,,,51,26970023,30822364,171510541047.0,196008739620.0,210000000000.0,87.5,7009885,$7M,-2.99
BMTUSDT,BMT,Speculative,,0.01524,143095.82137,2.626,41.18953437571567,-0.00022625378331696722,0.0159332,0.020460800000000008,0.49025092556830424,0.17829880043620494,0.16902944383860408,0.20357265184597592,0.5626371839295088,0.01427166666666667,0.017666944444444443,uptrend|doji_4h,1,0,haussier,365,0,0,30,,,17.0,28.0,95.5,47.0,50,38.52,False,False,,0,,,,51,,,,,,,,,
BELUSDT,BEL,Speculative,,0.1043,140671.32131,2.759,44.64385517106224,-0.001117641674289462,0.10880000000000001,0.1213705,0.5834729037808952,0.19255150554675118,0.17274167987321712,0.1496064412356201,0.5386724710314109,0.09296944444444445,0.11867222222222219,,0,0,neutre,365,0,0,30,,,17.0,28.0,95.5,47.0,50,38.52,False,False,,0,,,,51,,,,,,,,,
ALPINEUSDT,ALPINE,Speculative,,0.413,137362.52155,2.993,40.50422556982652,-0.005241755756842561,0.44316,0.5022299999999998,0.5187748357568769,0.2127659574468086,0.20116054158607358,0.12501034051642976,0.5953112354344221,0.3986944444444444,0.481,doji_4h,0,0,neutre,365,0,0,30,,,17.0,28.0,95.5,47.0,50,38.52,False,False,,0,,,,51,,,,,,,,,
IQUSDT,IQ,Speculative,740,0.001076,121322.674359,1.991,43.873533305355494,-4.719722405798287e-06,0.00109528,0.0013955349999999996,0.2975290837469748,0.17033414832925833,0.12387938060309699,0.41973492975573723,0.6538910521114072,0.0010469166666666663,0.0011936944444444445,,0,0,neutre,365,0,0,30,,,17.0,28.0,95.5,47.0,50,38.52,False,False,,0,,,,51,27926918,27926918,25973959486.92899,25973959486.92899,60000000000.0,100.0,,,
BANDUSDT,BAND,Speculative,608,0.209,113153.1439,3.98,44.579173298774904,-0.0018227322309229007,0.21948000000000004,0.28297500000000025,0.5941193004173758,0.20238095238095233,0.17063492063492067,0.07300600098265787,0.6328979390368857,0.20111111111111116,0.24205555555555552,doji_4h,0,0,neutre,365,0,0,30,,,17.0,28.0,95.5,47.0,50,38.52,False,False,,0,,,,51,36956389,36963576,176651717.519141,176686070.3755999,,100.0,,,
ARKUSDT,ARK,Speculative,681,0.1611,59417.462,2.481,41.00557824617693,-0.0015320854958893078,0.17210199999999998,0.21990899999999997,0.4726906128008648,0.16446324695928075,0.14693446088794934,0.2004440373019684,0.6989873349876112,0.16154166666666667,0.18536944444444445,uptrend,1,0,haussier,365,0,0,30,,,17.0,28.0,95.5,47.0,50,38.52,False,False,,0,,,,51,31651770,31651770,196721732.0,196721732.0,,100.0,,,
FTTUSDT,FTT,Speculative,,0.3257,175493.094087,3.991,49.69011913914852,-0.0036433279965724305,0.31215799999999994,0.41991250000000013,1.0762166071819297,0.1682070240295748,0.1158238172920066,0.14334675082728585,0.4279274132293478,0.27889722222222224,0.3501638888888888,,0,0,neutre,365,0,0,30,,,17.0,57.0,74.5,47.0,50,38.51,False,False,,0,,,,59,,,,,,,,,
ZBTUSDT,ZBT,Speculative,604,0.1522,1698487.3499,0.264,47.27235899632834,-0.0029265060028928007,0.14691600000000007,0.11088300000000001,1.448058714211835,0.3295089490592015,0.3001376778338688,0.19380506484291918,0.10078619977097256,0.07056944444444445,0.18884166666666669,,0,0,neutre,220,0,0,30,,,13.0,73.0,52.0,68.0,50,38.42,False,False,,0,,,,60,37332009,152380406,244992188.30119348,1000000000.0,1000000000.0,24.5,58302928,$58M,-0.02
AIXBTUSDT,AIXBT,Speculative,725,0.0287,1093404.66385,3.61,42.58478199065402,-0.0006956588140575339,0.029342,0.03190350000000002,0.9792979782304905,0.272108843537415,0.20055710306406688,0.12416476913928925,0.46007614832393406,0.021811111111111108,0.03406111111111112,doji_4h,0,0,neutre,365,0,0,30,,,17.0,28.0,73.0,68.0,50,38.41,False,False,,0,,,,47,28694422,28848519,994658423.1010208,1000000000.0,1000000000.0,99.5,,,
IDUSDT,ID,Speculative,,0.0313,1367412.6247,5.034,48.90946887396151,-1.8673524680620757e-05,0.031720000000000005,0.05419450000000002,0.6410653769010984,0.37719298245614036,0.31359649122807015,0.5205408946779025,0.6421952276252295,0.03000555555555554,0.04313888888888891,downtrend,0,1,baissier,365,0,0,30,,,17.0,46.0,68.5,68.0,26.2,38.4,False,False,,0,,,,49,,,,,,,,,
SSVUSDT,SSV,Speculative,586,2.665,444745.777848,5.545,48.18413227972354,-0.026043084651444604,2.6550599999999998,3.2784449999999974,0.7149190329857374,0.32196847861048566,0.17133084577114432,0.22946969180869725,0.6424637836228828,2.210027777777778,3.019166666666667,,0,0,neutre,365,0,0,30,,,17.0,57.0,73.0,47.0,50,38.27,False,False,,0,,,,59,39128385,39128385,14699173.1,14699173.1,,100.0,15618934303,$15.6B,-2.86
FLUXUSDT,FLUX,Speculative,737,0.0686,175203.381403,3.625,45.8527749089878,-0.0013402114459297215,0.06778,0.08723699999999994,0.8532476417400409,0.2951070336391437,0.20232558139534884,0.11562926813654316,0.40505159390255036,0.05082500000000001,0.07748055555555555,uptrend|doji_4h,1,0,haussier,365,0,0,30,,,17.0,57.0,73.0,47.0,50,38.27,False,False,,0,,,,59,28098409,28102102,410114010.4991484,410167910.4991484,440000000.0,100.0,,,
ACMUSDT,ACM,Speculative,,0.383,378058.6514,0.789,37.50122102856772,-0.003438174977287243,0.42090000000000005,0.47880000000000034,0.45178083661096036,0.17811158798283264,0.17811158798283264,0.517566252427543,0.5622950483454806,0.3972777777777778,0.45472222222222236,rsi_bullish_divergence|double_top_90d,1,1,mixte,365,0,0,30,,,17.0,37.0,95.5,47.0,27.3,38.24,False,False,,0,,,,48,,,,,,,,,
CVCUSDT,CVC,Speculative,803,0.03014,116913.75466,3.503,45.78122293216322,-0.00022704242317274953,0.030979200000000005,0.03792260000000001,0.5730827857008028,0.13596233078281347,0.11330194231901125,0.15848639981519919,0.5968385327182153,0.029238611111111108,0.033600000000000005,double_top_90d|uptrend,1,1,mixte,365,0,0,30,,,17.0,37.0,95.5,47.0,27.3,38.24,False,False,,0,,,,51,24150774,30113184,802000010.0,1000000000.0,,80.2,,,
LSKUSDT,LSK,Speculative,744,0.121,112423.0707,5.217,42.966449960607655,-0.0008766587716797095,0.12796000000000002,0.16230999999999998,0.49788329145464505,0.1818181818181817,0.1608391608391608,0.6367571916067591,0.6670408987922276,0.11977777777777776,0.13677777777777778,double_top_90d,0,1,baissier,365,0,0,30,,,17.0,37.0,95.5,47.0,27.3,38.24,False,False,,0,,,,48,27680856,47503515,233084697.0,400000000.0,400000000.0,58.3,,,
BEAMXUSDT,BEAMX,Speculative,,0.001907,619243.835295,6.417,51.17676210550193,-7.043008302412299e-07,0.0019209399999999999,0.0025357149999999996,0.5861018083952055,0.25047258979206044,0.10882765063054653,0.646162874213706,0.6093466797336622,0.0017078333333333336,0.002083194444444445,double_top_90d|evening_star_4h,0,2,baissier,365,0,0,30,,,17.0,46.0,83.5,57.5,10.6,38.14,False,False,,0,,,,48,,,,,,,,,
LUNAUSDT,LUNA,Speculative,539,0.0626,391912.423019,2.961,45.22918658161884,-0.0008762170873277442,0.06323800000000002,0.07666300000000005,0.8750006191839489,0.21605839416058403,0.16644474034620502,0.14113063440247117,0.4097210311338973,0.05501944444444447,0.07103888888888889,uptrend|doji_4h,1,0,haussier,365,0,0,30,,,17.0,37.0,85.0,47.0,50,37.86,False,False,,0,,,,55,44435406,74271782,709984438.91686,1186707049.0,,59.8,,,
TKOUSDT,TKO,Speculative,,0.0523,234266.20357,0.771,37.13609472165085,-0.0007081206123731175,0.059878000000000015,0.07359849999999996,0.6815266341531968,0.23008849557522118,0.23008849557522118,0.6190347370530586,0.60082651414958,0.051286111111111116,0.06514444444444445,rsi_bullish_divergence,1,0,haussier,365,0,0,30,,,17.0,37.0,85.0,47.0,50,37.86,False,False,,0,,,,52,,,,,,,,,
RLCUSDT,RLC,Speculative,688,0.4296,86427.75937,3.718,45.31594273003722,-0.004204982768635209,0.44609599999999994,0.545429,0.6122114271885496,0.19455252918287944,0.16167315175097277,0.061612116543169004,0.6046251111799466,0.38166666666666665,0.4820555555555555,,0,0,neutre,365,0,0,30,,,17.0,37.0,85.0,47.0,50,37.86,False,False,,0,,,,55,31063747,37336890,72382548.06525737,86999784.9868455,86999784.9868455,83.2,,,
SOMIUSDT,SOMI,Speculative,750,0.17,3248204.71614,4.938,47.58884872393347,-0.0010950621743303916,0.17478799999999992,0.21877599999999997,0.7365553016462418,0.3148063781321184,0.22505694760820044,0.7758718401064895,0.47461704938385807,0.15648888888888887,0.2043555555555555,downtrend,0,1,baissier,265,0,0,30,,,14.3,46.0,73.0,68.0,26.2,37.83,False,False,,0,,,,50,27227351,169958496,160200000.0,1000000000.0,1000000000.0,16.0,,,
MIRAUSDT,MIRA,Speculative,835,0.0813,592605.1856,4.231,48.52806831538524,-0.00011139165067043742,0.08289999999999999,0.1134925,0.5594005288195228,0.31514581373471307,0.2361241768579493,0.4383251530306072,0.4576940452726358,0.07618333333333333,0.09494722222222224,,0,0,neutre,241,0,0,30,,,13.6,37.0,83.5,57.5,50,37.79,False,False,,0,,,,54,22977111,81323240,282540524.0,1000000000.0,1000000000.0,28.3,,,
ANKRUSDT,ANKR,Speculative,519,0.00469,267566.424355,4.222,43.31715544386675,-2.4070792622635906e-05,0.005022800000000001,0.005934349999999998,0.44169831456414776,0.18115942028985507,0.1503623188405797,0.124391249446747,0.2524079369383562,0.004280555555555555,0.005454444444444446,morning_star_4h,1,0,haussier,365,0,0,30,,,17.0,28.0,89.5,47.0,53.8,37.75,False,False,,0,,,,51,46806431,46806431,10000000000.0,10000000000.0,10000000000.0,100.0,21899340,$22M,-4.25
GNSUSDT,GNS,Speculative,,0.493,1124516.0093,7.407,39.67008849619693,-0.00046297902181370587,0.61552,0.9471250000000004,1.0541419214995864,0.48587570621468923,0.44180790960451977,5.100694946900136,0.5469894016218018,0.5107222222222223,0.8268055555555557,downtrend|doji_4h,0,1,baissier,365,0,0,30,,,17.0,55.0,58.0,68.0,26.2,37.73,False,False,,3,⚡ Volume ×5.1 vs médiane,,5.1,56,,,,,,,13874102,$14M,-3.95
KNCUSDT,KNC,Speculative,787,0.1464,115175.94519,3.026,49.80226126722239,-0.0002973804526211253,0.14413199999999995,0.18958599999999987,0.8347990319206143,0.20894607843137264,0.12797619047619058,0.12753080653097862,0.38140537416361653,0.12940000000000002,0.15917500000000004,double_top_90d|downtrend,0,2,baissier,365,0,0,30,,,17.0,57.0,85.0,47.0,3.5,37.47,False,False,,0,,,,50,24858583,35202203,170152851.23024455,240953200.2657752,252301550.0,70.6,1059959,$1M,-1.28
MAVUSDT,MAV,Speculative,,0.01385,298525.9261,4.292,41.15789014966319,-0.0001559158367712716,0.015144799999999996,0.020799749999999992,0.524740336287092,0.20352941176470593,0.18176470588235297,0.2547970245226905,0.4707197106143407,0.01312888888888889,0.016530000000000003,double_top_90d|support_bounce,1,1,mixte,365,0,0,30,,,17.0,28.0,95.5,47.0,31.3,37.4,False,False,,0,,,,46,,,,,,,1213986,$1M,-1.12
PUNDIXUSDT,PUNDIX,Speculative,609,0.1422,183550.58195,2.376,44.80900982240098,-0.0008990949749425083,0.14881600000000003,0.19245100000000012,0.48330835449832094,0.18078078078078086,0.14354354354354357,0.18325496061538302,0.6701347551846519,0.1404361111111111,0.16018055555555552,double_top_90d|support_bounce,1,1,mixte,365,0,0,30,,,17.0,28.0,95.5,47.0,31.3,37.4,False,False,,0,,,,46,36749608,36749608,258386541.0999244,258386541.0999244,,100.0,,,
RIFUSDT,RIF,Speculative,517,0.0469,2063545.9164,3.077,37.43008159986418,-0.003748695322997861,0.05194800000000002,0.040267,1.9010485816930671,0.4320388349514563,0.4320388349514563,1.6330592444128962,0.2680639070770265,0.03291666666666667,0.06832222222222221,,0,0,neutre,365,0,0,30,,,17.0,63.0,41.5,68.0,50,37.38,False,False,,0,,,,53,46806450,46806450,1000000000.0,1000000000.0,,100.0,,,
MOVRUSDT,MOVR,Speculative,798,2.12,778521.085468,2.863,45.4576279593933,-0.06577560362893221,2.06454,2.1616150000000007,1.1854157451503613,0.4318026045236464,0.27416038382453745,0.17232637052653288,0.2537014632540791,1.1171111111111107,2.680305555555555,uptrend|doji_4h,1,0,haussier,365,0,0,30,,,17.0,57.0,56.5,57.5,50,37.34,False,False,,0,,,,56,24426713,26468892,11542006.0,12506968.0,,92.3,,,
SKLUSDT,SKL,Speculative,596,0.00624,249291.78064,5.228,42.45683989672736,-6.001249212418767e-05,0.0067374,0.009015550000000006,0.5118934838679134,0.2209302325581396,0.1925064599483204,0.11287930679709748,0.5450378363474255,0.006051944444444445,0.007439166666666667,support_bounce|downtrend,1,1,mixte,365,0,0,30,,,17.0,28.0,95.5,47.0,30.2,37.33,False,False,,0,,,,46,38008389,38695191,6094019337.0,6204136634.881546,7000000000.0,98.2,,,
ANIMEUSDT,ANIME,Speculative,797,0.00442,148546.501313,5.995,43.27159342727064,-3.133650347748442e-05,0.0046882,0.005793000000000003,0.44050694394381784,0.24156305506216685,0.2131438721136767,0.18020366176623226,0.4766295253575358,0.004403611111111112,0.0052230555555555554,support_bounce|downtrend|doji_4h,1,1,mixte,365,0,0,30,,,17.0,28.0,95.5,47.0,30.2,37.33,False,False,,0,,,,46,24491439,44219511,5538604656.0,10000000000.0,10000000000.0,55.4,,,
1MBABYDOGEUSDT,1MBABYDOGE,Speculative,,0.0003995,481407.49929,4.883,42.75724554583261,-5.0136330866066345e-06,0.00041877200000000004,0.000527551,0.5282820783462251,0.18609022556390978,0.16436925647451955,0.1678918357266279,0.7854132825019776,0.0003764416666666668,0.0004520083333333332,uptrend,1,0,haussier,365,0,0,30,,,17.0,28.0,87.5,47.0,50,37.19,False,False,,0,,,,49,,,,,,,,,
STRAXUSDT,STRAX,Speculative,756,0.01238,99046.37227,1.226,40.216061453104125,-7.820498203127567e-05,0.013125999999999997,0.017754850000000003,0.35897849792055037,0.20300261096605743,0.1925587467362924,0.16239301513220067,0.8100890583398922,0.012556944444444447,0.01476361111111111,,0,0,neutre,365,0,0,30,,,17.0,28.0,87.5,47.0,50,37.19,False,False,,0,,,,49,26755511,26755511,2168169034.117201,2168169034.117201,,100.0,,,
WOOUSDT,WOO,Speculative,676,0.0169,97368.55632,5.625,41.26587381147297,-0.00021216138229679875,0.018462000000000006,0.022134499999999988,0.5500365474171762,0.21890547263681598,0.17874396135265694,0.14233232042512922,0.7893263729419474,0.016197222222222227,0.019975000000000007,,0,0,neutre,365,0,0,30,,,17.0,28.0,87.5,47.0,50,37.19,False,False,,0,,,,49,32016058,32016058,1888782088.294737,1888782088.294737,3000000000.0,100.0,6476622,$6M,7.92
COTIUSDT,COTI,Speculative,617,0.01262,197038.87003,3.868,38.95460687075849,-0.0001576056269494805,0.013961000000000006,0.018378300000000014,0.499556608192082,0.18721461187214608,0.17677756033920422,0.12444431659084423,0.667939905708433,0.011822222222222222,0.014953888888888886,double_top_90d,0,1,baissier,365,0,0,30,,,17.0,28.0,95.5,47.0,27.3,37.16,False,False,,0,,,,45,35860397,35860771,2839618662.029785,2839648239.712675,4910000000.0,100.0,,,
SOPHUSDT,SOPH,Speculative,770,0.00799,122676.57461,4.993,43.01935021674128,-6.955547107234387e-05,0.0086376,0.0115943,0.5840461875400651,0.23678861788617883,0.18699186991869915,0.141857420352619,0.599382181826492,0.008002222222222221,0.009627777777777777,double_top_90d,0,1,baissier,362,0,0,30,,,16.9,28.0,95.5,47.0,27.3,37.12,False,False,,0,,,,45,25747682,79780704,3227306968.0,10000000000.0,10000000000.0,32.3,,,
MAGICUSDT,MAGIC,Speculative,885,0.0617,309945.20005,3.697,43.163177051496696,-0.0007170148116603441,0.06480200000000001,0.08126600000000003,0.526331995931047,0.17711171662125344,0.15803814713896464,0.23371462430130277,0.6075991411849399,0.0577972222222222,0.07004999999999999,downtrend,0,1,baissier,365,0,0,30,,,17.0,28.0,95.5,47.0,26.2,37.09,False,False,,0,,,,45,20704562,21431321,335896595.3884427,347687042.9717532,347714007.0,96.6,,,
LISTAUSDT,LISTA,Speculative,717,0.0766,131227.84224,4.218,39.92413600294217,-0.0010134896554820677,0.08460799999999999,0.12623499999999988,0.6128519955138921,0.2223415682062298,0.1907270811380401,0.132349315802837,0.4446732363017832,0.07774444444444444,0.09443611111111111,support_bounce|uptrend,2,0,haussier,365,0,0,30,,,17.0,28.0,85.0,47.0,54.0,37.02,False,False,,0,,,,50,29367938,60905614,383623018.41490376,795588564.255041,1000000000.0,48.2,628040455,$628M,3.5
IOSTUSDT,IOST,Speculative,628,0.001069,145619.157366,2.101,45.803716579976786,-6.618736608146784e-06,0.0010997200000000004,0.0014183000000000004,0.4736660652764189,0.17156862745098048,0.14033680834001605,0.25504539868062326,0.7142339659732226,0.00104725,0.0012005000000000002,double_top_90d,0,1,baissier,365,0,0,30,,,17.0,37.0,87.5,47.0,27.3,36.91,False,False,,0,,,,50,35088926,35088926,32913539824.0,32913539824.0,90000000000.0,100.0,,,
GUSDT,G,Speculative,762,0.0036,79862.80174,3.448,45.29162849056929,-2.0319956066811514e-05,0.0037426,0.004301500000000001,0.5034575375134748,0.40940766550522656,0.3745644599303136,0.06967710593797576,0.4565410114516519,0.003345555555555556,0.004242222222222222,,0,0,neutre,365,0,0,30,,,17.0,37.0,79.0,47.0,50,36.86,False,False,,0,,,,54,25979071,43102693,7232700000.0,12000000000.0,12000000000.0,60.3,22173766,$22M,1.81
FLOWUSDT,FLOW,Mid,454,0.03477,475181.7404986,4.383,39.18388809000462,-0.0005431500238404161,0.037355200000000005,0.09340444999999996,0.6883984841799073,0.5625958883092973,0.46716784289659413,0.12724086382823485,0.2555166020808117,0.03025666666666667,0.04721972222222221,downtrend,0,1,baissier,365,0,0,30,,,31.0,28.0,53.5,47.0,26.2,36.85,False,False,,0,,,,38,57714307,57714307,1663488610.243628,1663488610.243628,,100.0,,,
BANANAUSDT,BANANA,Speculative,,3.88,137950.089767,3.467,47.85085295117177,-0.03105265000820357,3.84828,5.567419999999998,0.6523513074088596,0.3221052631578947,0.18147368421052634,0.10675889838158281,0.5367336524972075,3.340277777777778,4.5936111111111115,downtrend,0,1,baissier,365,0,0,30,,,17.0,57.0,73.0,47.0,26.2,36.84,False,False,,0,,,,53,,,,,,,,,
OSMOUSDT,OSMO,Speculative,546,0.0561,965760.061695,4.664,51.71091609638772,-0.0018625939467469465,0.04193,0.050678999999999974,3.0645979728799753,0.3589449541284404,0.3589449541284404,1.9632573831643763,0.18051195863514743,0.030394444444444432,0.06217222222222223,macd_bearish_cross,0,1,baissier,365,0,0,30,,,17.0,84.0,41.5,57.5,28.5,36.8,False,False,,0,,,,57,43223971,54611205,774687531.973782,978776795.721991,1000000000.0,79.1,17744141,$18M,-3.87
SCRUSDT,SCR,Speculative,,0.04417,428205.78554,2.936,43.639634278251556,-0.000656084613696212,0.04607879999999999,0.06617469999999998,0.6470982625188462,0.20239852398523986,0.1850553505535055,0.2576292335257305,0.5267079436442632,0.0404575,0.050950833333333334,doji_4h,0,0,neutre,365,0,0,30,,,17.0,28.0,85.0,47.0,50,36.78,False,False,,0,,,,49,,,,,,,,,
SYNUSDT,SYN,Speculative,,0.0448,401753.22892,-2.82,34.52519686908681,-0.0011247795438030599,0.05182800000000001,0.055535500000000015,0.7170981230327854,0.24916387959866215,0.24916387959866215,0.8494517499154501,0.3797496752545779,0.045505555555555556,0.05726666666666666,uptrend,1,0,haussier,365,0,0,30,,,17.0,28.0,85.0,47.0,50,36.78,False,False,,0,,,,49,,,,,,,17673745,$18M,-4.18
API3USDT,API3,Speculative,522,0.3273,371210.118699,3.576,43.41401954309401,-0.0054672137430072845,0.33584800000000015,0.38866250000000024,0.70784520650925,0.17062467733608686,0.15539494062984002,0.15612352660610784,0.3483181753855554,0.2701166666666667,0.3888722222222223,,0,0,neutre,365,0,0,30,,,17.0,28.0,85.0,47.0,50,36.78,False,False,,0,,,,49,46526140,55421352,142379270.404272,169600392.681119,,83.9,13684648,$14M,-5.92
CELRUSDT,CELR,Speculative,,0.002578,351407.2470859,2.342,43.45243445139743,-3.223909902595623e-05,0.0026793399999999997,0.003318715000000002,0.6730078188325569,0.2023619533992978,0.17746568783913186,0.2858736042287256,0.5782166938363015,0.002377305555555556,0.0029484444444444445,,0,0,neutre,365,0,0,30,,,17.0,28.0,85.0,47.0,50,36.78,False,False,,0,,,,49,,,,,,,18451630,$18M,0.17
AEVOUSDT,AEVO,Speculative,840,0.0248,302119.44544,2.058,39.83084399986938,-0.0005536294701103229,0.026444000000000002,0.03351300000000001,0.7296833263682789,0.2133757961783439,0.2038216560509553,0.15739704107562977,0.3957885807414186,0.022497222222222227,0.02961944444444445,,0,0,neutre,365,0,0,30,,,17.0,28.0,85.0,47.0,50,36.78,False,False,,0,,,,49,22747511,24803346,917114594.1277325,1000000000.0,1000000000.0,91.7,16221322,$16M,-0.21
BIGTIMEUSDT,BIGTIME,Speculative,816,0.01234,233224.08518,3.523,42.54480053806244,-0.00014855654463379248,0.013281000000000005,0.017703750000000008,0.6074291005472359,0.23794002607561923,0.20373952288845903,0.2926114830797856,0.6816871158050397,0.012074444444444445,0.014753611111111108,,0,0,neutre,365,0,0,30,,,17.0,28.0,85.0,47.0,50,36.78,False,False,,0,,,,49,23495673,61563562,1908245059.7925065,5000000000.0,5000000000.0,38.2,,,
SLPUSDT,SLP,Speculative,826,0.000638,215855.313051,4.078,41.574816389538384,-1.1968346170562896e-05,0.0006751400000000001,0.0007501500000000002,0.6325859801295058,0.23296158612143744,0.2069392812887236,0.2658588509945815,0.5878339577094815,0.0005477222222222222,0.0007512777777777779,,0,0,neutre,365,0,0,30,,,17.0,28.0,85.0,47.0,50,36.78,False,False,,0,,,,49,23169456,23169456,36323976123.0,36323976123.0,,100.0,8373968,$8M,0.46
ILVUSDT,ILV,Speculative,615,4.34,182279.19337,2.844,41.86221676474931,-0.07292670083936137,4.5738,5.280950000000001,0.631228468074123,0.18795180722891572,0.16538461538461544,0.2007752258937506,0.4829279200863178,3.5052777777777777,5.050833333333334,,0,0,neutre,365,0,0,30,,,17.0,28.0,85.0,47.0,50,36.78,False,False,,0,,,,49,36059063,41766504,8285614.070174918,9597063.760971887,,86.3,,,
AVAUSDT,AVA,Speculative,964,0.2347,102488.70167,0.816,41.88510267002289,-0.00413320455434454,0.24433,0.2642720000000001,0.6014119104769639,0.20551724137931032,0.1872413793103448,0.28041179583521253,0.5481936540166568,0.1910805555555556,0.2757027777777778,doji_4h,0,0,neutre,365,0,0,30,,,17.0,28.0,85.0,47.0,50,36.78,False,False,,0,,,,49,17170984,17170984,73278967.0,73278967.0,100000000.0,100.0,,,
1000CATUSDT,1000CAT,Speculative,,0.00185,98379.76406,4.52,44.25427994498001,-2.8741171464155748e-05,0.0018946000000000002,0.0024051000000000007,0.6166896849754799,0.2149122807017544,0.1885964912280701,0.07500282167419349,0.6159898237311214,0.0015805555555555553,0.002102777777777778,doji_4h,0,0,neutre,365,0,0,30,,,17.0,28.0,85.0,47.0,50,36.78,False,False,,0,,,,49,,,,,,,,,
TSTUSDT,TST,Speculative,1004,0.01702,821596.216877,-1.789,49.2672043229199,-0.0006200011035866115,0.014531600000000002,0.013674050000000009,2.798994759319696,0.3676132003069838,0.3468917881811205,0.25350048220698373,0.2605035959753225,0.008344722222222222,0.021018333333333326,golden_cross|uptrend,2,0,haussier,365,0,0,30,,,17.0,73.0,41.5,57.5,50,36.77,False,False,,0,,,,59,16029296,16029296,942230397.1986927,942230397.1986927,1000000000.0,100.0,,,
HEIUSDT,HEI,Speculative,,0.0655,2183711.47093,-5.072,25.09446788499747,-0.0022668759470657342,0.083838,0.11515999999999997,0.7160107072239474,0.2948164146868251,0.2948164146868251,1.4113707194914573,0.458154987101056,0.0733611111111111,0.09192777777777777,double_top_90d|downtrend,0,2,baissier,365,0,0,30,,,17.0,37.0,73.0,68.0,3.5,36.71,False,False,,0,,,,45,,,,,,,,,
TLMUSDT,TLM,Speculative,,0.001477,576101.896731,0.068,27.155564390131644,-5.757841621660591e-05,0.0017988400000000003,0.0020402799999999994,0.7047996095613117,0.2903846153846153,0.2903846153846153,0.5131233902244896,0.47066970744882786,0.0015756944444444445,0.001999777777777778,uptrend|hammer_4h,2,0,haussier,365,0,0,30,,,17.0,28.0,73.0,57.5,50,36.6,False,False,,0,,,,53,,,,,,,,,
TNSRUSDT,TNSR,Speculative,,0.0383,532216.2519,3.514,44.60799505512781,-0.0003343303956963243,0.040230000000000016,0.061218999999999996,0.6227286282666508,0.2771317829457364,0.25581395348837216,0.15192818522492632,0.30788426880102104,0.037102777777777776,0.04840833333333334,,0,0,neutre,365,0,0,30,,,17.0,28.0,73.0,57.5,50,36.6,False,False,,0,,,,47,,,,,,,,,
PEOPLEUSDT,PEOPLE,Speculative,650,0.00666,395014.254904,5.38,36.95770692984087,-0.00013168027718144632,0.007483200000000002,0.008392449999999994,0.5755172015630058,0.25114155251141557,0.2397260273972603,0.11477778780119874,0.6334969105712118,0.006319999999999998,0.008284999999999995,uptrend|doji_4h,1,0,haussier,365,0,0,30,,,17.0,28.0,83.5,47.0,50,36.53,False,False,,0,,,,49,33688762,33688762,5066374892.014003,5066374892.014003,,100.0,,,
MEMEUSDT,MEME,Speculative,667,0.000518,394586.138717,5.499,41.59235406769789,-6.921459999426884e-06,0.0005572600000000001,0.00085115,0.5420695875675537,0.25076452599388377,0.20795107033639137,0.10811870127739957,0.5005517139295267,0.0005045000000000002,0.0006418611111111112,uptrend,1,0,haussier,365,0,0,30,,,17.0,28.0,83.5,47.0,50,36.53,False,False,,0,,,,49,32752314,35708198,63288258966.66666,69000000000.0,69000000000.0,91.7,,,
JOEUSDT,JOE,Speculative,959,0.0429,147179.534326,2.632,43.46617570940194,-0.00039927860543009655,0.04645799999999999,0.054318500000000026,0.5923398456261341,0.28448275862068967,0.2603448275862069,0.11208989926770974,0.5386973257958536,0.0363138888888889,0.05123611111111111,doji_4h,0,0,neutre,365,0,0,30,,,17.0,28.0,83.5,47.0,50,36.53,False,False,,0,,,,49,17302743,21424355,403574247.6492458,499707918.0306486,500000000.0,80.8,20367286,$20M,16.97
WAXPUSDT,WAXP,Speculative,724,0.00628,114133.10169,3.63,40.692733554017835,-5.40106245193081e-05,0.0066606,0.0076579999999999955,0.38392450132495337,0.2602905569007264,0.23849878934624702,0.14689069049251535,0.5033356729963684,0.006180000000000001,0.007167777777777777,,0,0,neutre,365,0,0,30,,,17.0,28.0,83.5,47.0,50,36.53,False,False,,0,,,,49,28861720,28861720,4610066397.67013,4610066397.67013,,100.0,,,
AGLDUSDT,AGLD,Speculative,877,0.24,58292.5844,3.004,44.54405339070712,-0.001121116146112871,0.25632,0.26696500000000006,0.5450262648685846,0.2809364548494983,0.19397993311036787,0.041655628432910444,0.31004406316337946,0.2276388888888889,0.2824166666666667,doji_4h,0,0,neutre,365,0,0,30,,,17.0,28.0,83.5,47.0,50,36.53,False,False,,0,,,,49,20976146,22271710,87430001.0,92830001.0,96000000.0,94.2,,,
USTCUSDT,USTC,Speculative,642,0.00616,366620.32958,3.183,46.19438504043032,-0.00012995123740707984,0.006025799999999999,0.006047500000000001,1.1951395610818891,0.2537313432835821,0.23383084577114435,0.15912024306715708,0.371706320198048,0.004531666666666667,0.007173611111111111,,0,0,neutre,365,0,0,30,,,17.0,57.0,62.5,47.0,50,36.52,False,False,,0,,,,57,34342798,37440085,5577131694.974002,6080118619.249606,,91.7,,,
NOTUSDT,NOT,Speculative,528,0.000462,648076.994513,3.82,44.93331235359378,-1.4738666172336892e-05,0.00044970000000000014,0.0004912450000000002,1.2766237063665897,0.3405483405483406,0.33189033189033196,0.26766956817930654,0.45092407330505324,0.00034891666666666665,0.0005588888888888889,uptrend|doji_4h,1,0,haussier,365,0,0,30,,,17.0,48.0,58.0,57.5,50,36.51,False,False,,0,,,,51,46071170,47472036,99429447866.9074,102452755868.5205,102456956842.91,97.0,,,
ERAUSDT,ERA,Speculative,844,0.1295,314203.75272,3.023,44.98759392117143,-0.0008629887186172623,0.135454,0.1761855000000001,0.54232269284987,0.19453697534976694,0.14792899408284035,0.37051664691493613,0.5254028066071792,0.12358055555555558,0.14913055555555557,double_top_90d,0,1,baissier,312,0,0,30,,,15.5,28.0,95.5,47.0,27.3,36.46,False,False,,0,,,,45,22593618,129291087,174750000.0,1000000000.0,1000000000.0,17.5,,,
YBUSDT,YB,Speculative,796,0.1234,812863.57569,0.735,54.51018483319362,0.001256043790162614,0.11851599999999998,0.2554285000000001,0.8503113559157376,0.47357180993059267,0.34223171382808326,0.38182243205671573,0.24944498611957347,0.10711111111111112,0.1678,macd_bullish_cross|doji_4h,1,0,haussier,222,0,0,30,,,13.1,57.0,62.5,57.5,50,36.45,False,False,,0,,,,57,24485808,90528010,198790178.252138,734959574.5383538,1000000000.0,27.0,153146550,$153M,-1.81
WINUSDT,WIN,Speculative,909,1.982e-05,424901.70607099,3.175,47.02470418484625,-1.2503492463087903e-07,2.01182e-05,2.5430749999999997e-05,0.5256056813579796,0.267238021036229,0.22867160109076742,0.21037740103900998,0.40591181523834907,1.9029722222222223e-05,2.3040277777777772e-05,double_top_90d|uptrend,1,1,mixte,365,0,0,30,,,17.0,37.0,83.5,47.0,27.3,36.25,False,False,,0,,,,49,19672864,19672864,993701854154.286,993701859243.3864,,100.0,,,
SAPIENUSDT,SAPIEN,Speculative,702,0.1209,793830.37571,4.314,57.418640924413715,-0.0007717134784946964,0.09627999999999998,0.11322300000000006,1.0950963089805763,0.3124324324324324,0.11622807017543868,0.27689538494871646,0.42114389357990617,0.06828055555555554,0.11875000000000001,uptrend,1,0,haussier,200,0,0,30,,,12.5,57.0,62.5,57.5,50,36.16,False,False,,0,,,,57,30173240,120692961,250000000.0,1000000000.0,1000000000.0,25.0,,,
FUSDT,F,Speculative,856,0.00541,452674.28854,4.642,47.5537631750974,-2.788070245350602e-05,0.0055108,0.0066162999999999925,0.4618544414932158,0.18196994991652754,0.11165845648604271,0.4239974329848916,0.6479548583842859,0.005059166666666666,0.00601888888888889,downtrend|doji_4h,0,1,baissier,212,0,0,30,,,12.8,37.0,95.5,47.0,26.2,36.16,False,False,,0,,,,51,22110874,54055193,4090425537.0,10000000000.0,10000000000.0,40.9,6173366,$6M,117.33
AIUSDT,AI,Speculative,526,0.0287,1631864.1542,-4.967,59.4751236709754,-2.93868600359363e-05,0.022997999999999998,0.03159349999999999,1.9062995503516251,0.2809917355371901,0.07096774193548389,0.3747193483229924,0.3230109978252181,0.01826666666666667,0.02854444444444444,macd_bearish_cross|double_bottom_90d|bearish_engulfing_4h|evening_star_4h,1,3,baissier,365,0,0,30,,,17.0,57.0,56.5,68.0,0,36.15,False,False,,0,,,,44,46388393,355555079,1304675313.0,10000000000.0,10000000000.0,13.0,,,
STORJUSDT,STORJ,Speculative,,0.1037,331530.6544,1.171,45.802941674146474,-0.0017035252212442903,0.10433400000000001,0.11825199999999995,1.0965072200287076,0.21541950113378683,0.21541950113378683,0.20493752507285226,0.3645451413562474,0.0905222222222222,0.1169,rsi_bullish_divergence|uptrend|doji_4h,2,0,haussier,365,0,0,30,,,17.0,37.0,74.5,47.0,50,36.11,False,False,,0,,,,53,,,,,,,,,
QKCUSDT,QKC,Speculative,867,0.002953,99557.542843,1.373,41.50214469978769,-1.9749270758451104e-05,0.003099400000000001,0.0036473600000000005,0.3716695593885446,0.13719057560393674,0.11929615269907551,0.39147392189455443,0.7315387845638273,0.002947166666666667,0.003331861111111111,double_top_90d|support_bounce,1,1,mixte,365,0,0,30,,,17.0,28.0,87.5,47.0,31.3,36.07,False,False,,0,,,,45,21356908,29506885,7237940571.0,10000000000.0,,72.4,,,
ASRUSDT,ASR,Speculative,,1.105,178051.8138,0.913,31.891686184143055,-0.012359678912459426,1.2489999999999997,1.3809900000000002,0.3625186214150695,0.20115774240231535,0.199710564399421,0.24720003629599382,0.45545278225731844,1.1754444444444447,1.3723055555555557,downtrend,0,1,baissier,365,0,0,30,,,17.0,19.0,95.5,47.0,26.2,36.01,False,False,,0,,,,42,,,,,,,,,
SCUSDT,SC,Speculative,530,0.000922,106873.889878,1.878,43.84595085819926,-3.7711349641695213e-06,0.0009554599999999999,0.0012900650000000002,0.3762880410720025,0.21899736147757254,0.18909410729991208,0.22100610633850074,0.7194009584426893,0.0009129444444444446,0.0010864722222222226,support_bounce|downtrend|doji_4h,1,1,mixte,365,0,0,30,,,17.0,28.0,87.5,47.0,30.2,36.01,False,False,,0,,,,45,45920297,45920297,49751295000.0225,49751295000.0225,,100.0,,,
GTCUSDT,GTC,Speculative,,0.105,708086.4456,-7.895,50.28879707502116,-0.0010628179881274303,0.09794000000000003,0.11556500000000007,2.4488089019857435,0.46067415730337075,0.4101123595505618,0.6776181303671656,0.1432502117664256,0.07680555555555559,0.12150000000000001,uptrend|doji_4h,1,0,haussier,365,0,0,30,,,17.0,66.0,41.5,57.5,50,35.93,False,False,,0,,,,56,,,,,,,,,
TREEUSDT,TREE,Speculative,961,0.0658,326063.22036,5.449,48.663375563376896,-0.0002870159743568609,0.06704,0.08970350000000003,0.6861452820289938,0.243279569892473,0.14080834419817476,0.11439216097481571,0.4267750343194489,0.05885833333333332,0.07521944444444445,double_top_90d|support_bounce,1,1,mixte,300,0,0,30,,,15.2,37.0,85.0,47.0,31.3,35.88,False,False,,0,,,,50,17261307,19401678,101361867.09737062,113930558.42422761,200000000.0,89.0,88326856,$88M,-0.38
ARDRUSDT,ARDR,Speculative,590,0.03917,38813.42843,1.529,35.453651182183805,-0.00019922597086649227,0.042406200000000005,0.05090154999999997,0.29745693072749035,0.1809265442404006,0.1763355592654424,0.38110301928006507,0.7274343656967912,0.04059527777777779,0.04741055555555554,downtrend,0,1,baissier,365,0,0,30,,,17.0,28.0,87.5,47.0,26.2,35.77,False,False,,0,,,,44,38902255,38902255,998466231.0,998466231.0,,100.0,,,
MMTUSDT,MMT,Speculative,765,0.1271,353041.25521,4.955,46.89467578909502,-0.0009426927053930772,0.13180399999999998,0.18791650000000007,0.6226807573860665,0.21986754966887415,0.15827814569536428,0.2045285667345764,0.42963976994257214,0.11052222222222222,0.14454722222222224,,0,0,neutre,202,0,0,30,,,12.5,37.0,85.0,47.0,50,35.71,False,False,,0,,,,55,25902532,126913829,204095424.0,1000000000.0,1000000000.0,20.4,7325076,$7M,1.9
DOLOUSDT,DOLO,Speculative,,0.03093,145766.179112,1.945,43.31143022979306,-0.00031877607047276423,0.0333894,0.04024389999999999,0.9103294338697498,0.21443569553805783,0.19223756186506905,0.1320482583614961,0.3815996797596817,0.03072833333333335,0.037482222222222215,,0,0,neutre,271,0,0,30,,,14.4,28.0,85.0,47.0,50,35.54,False,False,,0,,,,49,,,,,,,177743199,$178M,4.57
OGNUSDT,OGN,Speculative,,0.02196,93825.72425,2.857,43.35015052443009,-0.0001694417004332627,0.022885600000000002,0.02740465,0.4247377702581129,0.3149741824440619,0.24406196213425127,0.06274068103230859,0.2518486480116151,0.01980916666666667,0.025715555555555554,,0,0,neutre,365,0,0,30,,,17.0,28.0,77.5,47.0,50,35.53,False,False,,0,,,,48,,,,,,,,,
LQTYUSDT,LQTY,Speculative,778,0.256,66728.8467,1.587,34.05969869291805,-0.005243194950624669,0.29474000000000006,0.34838999999999987,0.597368511965513,0.25655976676384845,0.25364431486880473,0.07657993093425555,0.514675160408129,0.2644722222222222,0.32547222222222216,uptrend|doji_4h,1,0,haussier,365,0,0,30,,,17.0,19.0,83.5,47.0,50,35.45,False,False,,0,,,,46,25235855,25564143,98715825.6972661,100000000.0,100000000.0,98.7,160054762,$160M,-3.13
ONGUSDT,ONG,Speculative,685,0.06668,678250.77754,0.09,42.045418398133776,1.7255388353050547e-05,0.07611840000000002,0.07880935000000001,0.5410603292025248,0.37082037325038886,0.35099144634525664,0.25811017370463535,0.24898088015455067,0.05924027777777777,0.08898999999999999,macd_bullish_cross|support_bounce|downtrend,2,1,haussier,365,0,0,30,,,17.0,28.0,73.0,57.5,30.2,35.41,False,False,,0,,,,42,31240274,53062485,470996021.0,800000000.0,1000000000.0,58.9,,,
TRBUSDT,TRB,Speculative,505,17.59,600440.44367,4.083,44.94948761036681,-0.18864234673359243,18.19,18.673450000000003,0.64131824478059,0.2807167235494881,0.24914675767918087,0.1602709940259954,0.40710305386938017,14.410555555555554,20.353611111111107,downtrend|morning_star_4h,1,1,mixte,365,0,0,30,,,17.0,28.0,73.0,57.5,30.0,35.4,False,False,,0,,,,42,49050626,50275968,2789241.0119217043,2858919.505875185,,97.6,,,
MASKUSDT,MASK,Speculative,523,0.465,451585.6146,4.966,44.47603828010929,-0.004815517322584248,0.4843200000000001,0.5491900000000001,0.6321331519960343,0.2074468085106382,0.17553191489361689,0.1561109018496138,0.6874410967780141,0.4151944444444444,0.5323333333333333,downtrend|doji_4h,0,1,baissier,365,0,0,30,,,17.0,28.0,85.0,47.0,26.2,35.35,False,False,,0,,,,43,46501994,46501994,100000000.0,100000000.0,100000000.0,100.0,,,
ACTUSDT,ACT,Speculative,,0.01273,369563.830124,3.412,38.08304517021242,-0.0002700419601123629,0.014108999999999997,0.018700249999999988,0.7402370138017674,0.24674556213017745,0.24674556213017745,0.20652756005226908,0.5122457553680247,0.011997777777777777,0.015902777777777776,rsi_bullish_divergence|downtrend,1,1,mixte,365,0,0,30,,,17.0,28.0,85.0,47.0,26.2,35.35,False,False,,0,,,,43,,,,,,,,,
LUMIAUSDT,LUMIA,Speculative,,0.1091,1151678.141312,11.668,47.30874350708629,-0.001183468219823327,0.11456200000000001,0.10337550000000009,1.5675708883235937,0.48650079407093705,0.42297511911064056,0.9785877231584239,0.241028282479902,0.061113888888888884,0.14721666666666666,evening_star_4h,0,1,baissier,365,0,0,30,,,17.0,54.0,41.5,68.0,33.2,35.3,False,False,,0,,,,49,,,,,,,,,
DUSDT,D,Speculative,,0.01247,793385.12187,-5.027,46.66791251994345,-0.00025901374629098923,0.0121908,0.012105250000000005,1.686230908866379,0.602001906577693,0.4046711153479504,0.0782807306277006,0.03700078058180586,0.006078611111111111,0.01563166666666667,golden_cross,1,0,haussier,365,0,0,30,,,17.0,73.0,32.5,57.5,50,35.27,False,False,,0,,,,57,,,,,,,,,
BARDUSDT,BARD,Mid,391,0.2204,339575.15569,2.416,27.92034746282394,-0.0005068052736385657,0.28662999999999994,0.6582269999999998,0.5312882291666495,0.871556392747822,0.8701436307982106,0.07484642907422549,0.4093446306251287,0.25104166666666666,1.1432694444444447,downtrend,0,1,baissier,249,0,0,30,,,27.8,19.0,59.5,47.0,26.2,35.24,False,False,,0,,,,43,71016678,220206752,322500000.0,1000000000.0,1000000000.0,32.2,743692552,$744M,-4.13
AUDIOUSDT,AUDIO,Speculative,746,0.01943,315216.606742,2.425,45.28494298296176,-0.0001367123678088088,0.0197276,0.025159149999999998,0.349412639007718,0.2554197871501774,0.23295230587307839,0.10054619521419322,0.281952575213003,0.01696777777777778,0.02291416666666667,downtrend,0,1,baissier,365,0,0,30,,,17.0,37.0,77.5,47.0,26.2,35.19,False,False,,0,,,,48,27654136,27654136,1423001380.0,1423001380.984007,,100.0,,,
ACXUSDT,ACX,Speculative,720,0.0415,187848.21058,0.242,41.72589726996806,-0.0002131698527045999,0.043454000000000007,0.047291499999999986,0.40784812517848096,0.3239669421487603,0.31404958677685946,0.35162992529950066,0.13480465990485613,0.03471944444444444,0.047508333333333354,support_bounce|uptrend,2,0,haussier,365,0,0,30,,,17.0,28.0,73.0,47.0,54.0,35.03,False,False,,0,,,,48,29224268,41473002,704657633.0,1000000000.0,1000000000.0,70.5,27728308,$28M,1.22
ATMUSDT,ATM,Speculative,,1.021,105760.45579,2.202,43.23925885377679,-0.0010127414086308767,1.0824199999999997,1.0457599999999998,0.4856990964268884,0.3187803187803188,0.29244629244629256,0.101113265459771,0.3393091126856611,1.002138888888889,1.290166666666667,double_top_90d|support_bounce|downtrend,1,2,baissier,365,0,0,30,,,17.0,36.0,83.5,47.0,7.9,34.97,False,False,,0,,,,41,,,,,,,,,
MUBARAKUSDT,MUBARAK,Speculative,,0.0132,715057.847813,4.762,41.6899514666173,-0.0003052584245895597,0.014043799999999997,0.015848099999999997,1.0139879657327806,0.31167192429022084,0.23505513639001732,0.11692838974480277,0.4400637773867364,0.011478333333333333,0.016243055555555556,,0,0,neutre,365,0,0,30,,,17.0,28.0,62.5,57.5,50,34.86,False,False,,0,,,,45,,,,,,,,,
TUTUSDT,TUT,Speculative,,0.01088,598623.11461,2.064,43.053490384527926,-0.000244493707269664,0.011325600000000002,0.012794950000000003,1.0513037452025347,0.2713656387665199,0.23125884016973128,0.2075704229433446,0.42801753283645944,0.008808333333333333,0.013023055555555557,rsi_bullish_divergence|uptrend,2,0,haussier,365,0,0,30,,,17.0,28.0,62.5,57.5,50,34.86,False,False,,0,,,,45,,,,,,,,,
XAIUSDT,XAI,Speculative,879,0.01018,419521.008739,3.772,43.46975767116507,-0.00019620639406259108,0.010569600000000002,0.013505049999999992,0.7019902320737265,0.2631578947368421,0.2147806004618937,0.14342943493681917,0.5221202437319992,0.009083055555555556,0.012020833333333335,uptrend,1,0,haussier,365,0,0,30,,,17.0,28.0,73.0,47.0,50,34.79,False,False,,0,,,,47,20864634,22313002,2048927311.9426248,2191158499.593247,2500000000.0,93.5,,,
YGGUSDT,YGG,Speculative,735,0.03814,383503.426524,5.534,44.05374699892656,-0.0004354019002895176,0.0405628,0.05603450000000001,0.7296426020325163,0.25190997315713404,0.21247160850712368,0.15882577385176724,0.5415144863605628,0.03540250000000001,0.04482000000000001,,0,0,neutre,365,0,0,30,,,17.0,28.0,73.0,47.0,50,34.79,False,False,,0,,,,47,28305287,38072903,743449645.1867926,1000000000.0,1000000000.0,74.3,,,
USUALUSDT,USUAL,Speculative,788,0.01391,358933.976763,3.42,44.31422588238803,-0.00019295422128276247,0.014237600000000001,0.019929899999999993,0.6461663845570628,0.254364089775561,0.19537572254335256,0.12504388998805327,0.5252815377073428,0.012280555555555557,0.016160555555555556,,0,0,neutre,365,0,0,30,,,17.0,28.0,73.0,47.0,50,34.79,False,False,,0,,,,47,24855283,25335874,1788427938.080804,1823008190.701259,3000000000.0,98.1,96946716,$97M,-2.34
ACEUSDT,ACE,Speculative,,0.1164,345936.30962,3.283,43.971693819135076,-0.0012442921615457249,0.12207800000000005,0.19002449999999993,0.686968142020344,0.2967741935483871,0.2483870967741935,0.1582997249206072,0.4563005206142112,0.1137388888888889,0.15563888888888888,,0,0,neutre,365,0,0,30,,,17.0,28.0,73.0,47.0,50,34.79,False,False,,0,,,,47,,,,,,,,,
HAEDALUSDT,HAEDAL,Speculative,,0.02985,302411.594732,7.645,44.71894571397737,-0.0005430940543285483,0.03138799999999999,0.038435999999999984,0.8059475170865568,0.26972142671179383,0.2233793282999219,0.46346787210390733,0.3513538693255022,0.025669444444444432,0.035531944444444435,uptrend,1,0,haussier,365,0,0,30,,,17.0,28.0,73.0,47.0,50,34.79,False,False,,0,,,,47,,,,,,,39719955,$40M,-0.81
GLMRUSDT,GLMR,Speculative,,0.014,262045.7691,2.19,37.10754799282252,-0.0003117188693428027,0.014789999999999996,0.01921250000000001,0.6926906336741218,0.27225130890052357,0.27225130890052357,0.14366639808755016,0.38285441469903214,0.010622222222222224,0.017849999999999998,rsi_bullish_divergence|doji_4h,1,0,haussier,365,0,0,30,,,17.0,28.0,73.0,47.0,50,34.79,False,False,,0,,,,47,,,,,,,,,
ONEUSDT,ONE,Speculative,721,0.00196,215538.60645,2.618,37.02460112476684,-3.590341984550371e-05,0.0022318000000000004,0.0031021499999999993,0.6060410764141491,0.25855513307984795,0.2509505703422053,0.2062463005516101,0.6042780384378638,0.002049444444444444,0.002527222222222222,uptrend|doji_4h,1,0,haussier,365,0,0,30,,,17.0,28.0,73.0,47.0,50,34.79,False,False,,0,,,,47,29199604,29199606,14870211425.762915,14870212769.762915,,100.0,,,
SCRTUSDT,SCRT,Speculative,732,0.0824,176320.57036,4.172,38.21778311446065,-0.0015259662758126064,0.09812799999999999,0.11136849999999995,0.8200387789721569,0.3170305676855895,0.28034934497816594,0.22753615092312116,0.6203187319870487,0.07462222222222223,0.11159166666666669,doji_4h,0,0,neutre,365,0,0,30,,,17.0,28.0,73.0,47.0,50,34.79,False,False,,0,,,,47,28345046,29266770,344825686.82479,356038722.360652,,96.9,,,
QIUSDT,QI,Speculative,,0.00156,103545.50945,1.961,41.12073941433427,-2.867445308840264e-05,0.0016594000000000001,0.0025418000000000003,0.6611025768950717,0.3131313131313131,0.21212121212121213,0.19096787859218914,0.5870750827577795,0.0014186111111111114,0.0020122222222222225,doji_4h,0,0,neutre,365,0,0,30,,,17.0,28.0,73.0,47.0,50,34.79,False,False,,0,,,,47,,,,,,,249146049,$249M,-1.38
LAZIOUSDT,LAZIO,Speculative,,0.532,165230.53764,3.301,31.04172682017156,-0.006418377777449514,0.64024,0.8484149999999997,0.5158804775102831,0.3027522935779816,0.3027522935779816,0.26666013113818127,0.5960447619693814,0.5833055555555556,0.7462222222222222,rsi_bullish_divergence,1,0,haussier,365,0,0,30,,,17.0,19.0,79.0,47.0,50,34.7,False,False,,0,,,,45,,,,,,,,,
OPENUSDT,OPEN,Speculative,577,0.1864,1243025.27281,-0.268,44.64752896680407,-0.0004678231922153747,0.208958,0.1891105,1.4918962801671396,0.42691751085383495,0.3259768451519537,0.278111174165296,0.2480542798486143,0.14691388888888887,0.24162500000000003,,0,0,neutre,259,0,0,30,,,14.1,36.0,52.0,68.0,50,34.49,False,False,,0,,,,46,40099546,186076780,215500000.0,1000000000.0,1000000000.0,21.6,,,
RAREUSDT,RARE,Speculative,,0.0159,244513.89821,3.922,43.414898511918864,-0.00018858133830645387,0.016694,0.020413499999999994,0.473820653568012,0.35146443514644354,0.33472803347280333,0.326694176224693,0.3813339804433158,0.014430555555555554,0.018827777777777777,downtrend|doji_4h,0,1,baissier,365,0,0,30,,,17.0,28.0,79.0,47.0,26.2,34.35,False,False,,0,,,,42,,,,,,,,,
REQUSDT,REQ,Speculative,501,0.0666,109587.95,2.462,43.32707647516598,-0.0002513277318416166,0.071094,0.08735700000000005,0.5387486157966888,0.34002006018054165,0.33299899699097285,0.2185229546066387,0.3057620774390533,0.06293333333333333,0.08160277777777775,downtrend,0,1,baissier,365,0,0,30,,,17.0,28.0,79.0,47.0,26.2,34.35,False,False,,0,,,,42,49498066,66464841,744291192.2591633,999416740.9347086,1000000000.0,74.5,,,
VANRYUSDT,VANRY,Speculative,,0.004946,240227.3778,3.886,40.69329586434606,-7.354105022921846e-05,0.005339939999999999,0.007215119999999992,0.6980557027612656,0.3865387043818664,0.37555246874605386,0.0916091403647082,0.427401810353143,0.004886333333333334,0.006142361111111112,support_bounce,1,0,haussier,365,0,0,30,,,17.0,28.0,68.5,47.0,54.0,34.28,False,False,,0,,,,47,,,,,,,,,
C98USDT,C98,Speculative,917,0.0193,174394.45691,3.763,41.70062394481139,-0.00014254932080295143,0.021168,0.025103500000000004,0.6446577754682878,0.38436482084690554,0.36807817589576547,0.2479438213842576,0.36125456094681174,0.01961944444444444,0.02899166666666667,support_bounce,1,0,haussier,365,0,0,30,,,17.0,28.0,68.5,47.0,54.0,34.28,False,False,,0,,,,47,19300807,19300829,999998884.0,1000000000.0,1000000000.0,100.0,,,
PIVXUSDT,PIVX,Speculative,,0.0648,59417.3433,3.514,41.451053406908734,-0.00038280311593616055,0.075624,0.12128200000000007,0.8836043992979302,0.33368756641870345,0.31137088204038266,0.047796601335490324,0.5440107708876909,0.06628333333333333,0.09186666666666665,support_bounce,1,0,haussier,365,0,0,30,,,17.0,28.0,68.5,47.0,54.0,34.28,False,False,,0,,,,47,,,,,,,,,
BROCCOLI714USDT,BROCCOLI714,Speculative,,0.0147,573501.68337,4.181,43.396329018695916,-0.0002084149231669019,0.015744400000000006,0.015748350000000005,1.3803615642861466,0.34001865671641796,0.3143656716417911,0.15311254164899285,0.41545019030268376,0.0120675,0.01846111111111111,,0,0,neutre,365,0,0,30,,,17.0,28.0,58.0,57.5,50,34.11,False,False,,0,,,,45,,,,,,,,,
HMSTRUSDT,HMSTR,Speculative,,0.0001449,228749.0836101,1.684,39.99735248846244,-2.9470631496819324e-06,0.00015779,0.00019536450000000002,0.8942285152637497,0.32147870846981746,0.32147870846981746,0.1402926428960669,0.4097382732748299,0.00013746666666666666,0.00018064166666666666,rsi_bullish_divergence,1,0,haussier,365,0,0,30,,,17.0,28.0,68.5,47.0,50,34.04,False,False,,0,,,,46,,,,,,,,,
KERNELUSDT,KERNEL,Speculative,945,0.0627,204840.28283,0.0,44.47353839064629,0.0006060983220981574,0.071032,0.07749,0.6376688553566494,0.4970711297071129,0.4753138075313807,0.16541324232068907,0.3050040772406123,0.062125000000000014,0.10456944444444445,,0,0,neutre,365,0,0,30,,,17.0,28.0,68.5,47.0,50,34.04,False,False,,0,,,,46,17927044,62614535,286308020.0,1000000000.0,1000000000.0,28.6,,,
RONINUSDT,RONIN,Speculative,,0.0884,1155303.500297,-0.897,42.96273387137203,-0.0022018204885390744,0.09710400000000002,0.13037950000000012,1.6566956698024145,0.3165634674922601,0.3165634674922601,0.899282468926156,0.37077355245626964,0.08555555555555555,0.11069999999999999,rsi_bullish_divergence|macd_bearish_cross,1,1,mixte,365,0,0,30,,,17.0,37.0,47.5,68.0,28.5,33.97,False,False,,0,,,,41,,,,,,,,,
GIGGLEUSDT,GIGGLE,Speculative,689,31.1,2057187.74291,2.034,43.67739028832391,-0.5111553260923322,33.84839999999999,54.925399999999996,1.197274046626251,0.4041054538136446,0.37472328436305086,0.1302934539939204,0.46700029262907067,23.698055555555555,39.127777777777766,uptrend,1,0,haussier,212,0,0,30,,,12.8,28.0,58.0,68.0,50,33.91,False,False,,0,,,,45,31040419,31040419,1000000.0,1000000.0,1000000.0,100.0,,,
HYPERUSDT,HYPER,Speculative,623,0.1055,1241978.65639,1.54,46.212614385504445,-0.0010348067085803531,0.10686999999999999,0.11534949999999994,2.1207762516878557,0.34629861982434124,0.33877038895859474,0.6246851527407306,0.2150487246965498,0.08516944444444444,0.12425277777777777,downtrend,0,1,baissier,365,0,0,30,,,17.0,46.0,41.5,68.0,26.2,33.91,False,False,,0,,,,45,35563412,84901639,338174017.0,807333335.0000001,1000000000.0,41.9,148014281,$148M,10.63
TOWNSUSDT,TOWNS,Speculative,,0.0032,408415.51962,0.629,43.773630648887696,-2.86802292168455e-05,0.0033583999999999997,0.005186249999999999,0.8242237228485528,0.286046511627907,0.2581395348837209,0.18568794496670923,0.3080737043698409,0.00312,0.004066944444444446,,0,0,neutre,293,0,0,30,,,15.0,28.0,73.0,47.0,50,33.84,False,False,,0,,,,47,,,,,,,,,
RPLUSDT,RPL,Speculative,591,1.71,67252.3685,3.636,39.37706494275259,-0.026492600992381862,1.8564,2.0594,0.5752064246336337,0.2571428571428572,0.18571428571428578,0.281463560623218,0.7223902266373743,1.6775000000000004,2.0602777777777783,double_top_90d|doji_4h,0,1,baissier,365,0,0,30,,,17.0,28.0,75.5,47.0,27.3,33.84,False,False,,0,,,,42,38426141,38426141,22450907.78720867,22450907.78720867,,100.0,610100229,$610M,-43.82
TURTLEUSDT,TURTLE,Speculative,,0.0451,355725.90718,-0.442,41.58586449277601,-0.000828444646382118,0.04777600000000001,0.05545600000000001,0.9509258393140065,0.2293103448275863,0.2224137931034483,0.20839041936361552,0.2959679713764086,0.03999166666666667,0.053699999999999984,,0,0,neutre,215,0,0,30,,,12.9,28.0,79.0,47.0,50,33.81,False,False,,0,,,,48,,,,,,,1287221,$1M,-2.64
CHIPUSDT,CHIP,Mid,302,0.04862,4105097.34157,5.329,43.74741601542724,-4.030010790796127e-05,,,1.3480388002077872,0.5837468982630273,0.5680609712867777,0.012838089450255094,,0.045467692307692306,0.08940461538461539,bearish_engulfing_4h,0,1,baissier,34,0,0,30,,,21.9,36.0,34.5,68.0,24.2,33.8,False,False,,0,,,,37,97305045,486525225,2000000000.0,10000000000.0,10000000000.0,20.0,,,
INITUSDT,INIT,Speculative,995,0.0821,287541.69868,2.753,41.29262486071523,-0.001602600882435668,0.08938800000000002,0.0915575,0.8481703382212723,0.26430517711171664,0.25158946412352406,0.08426673436483115,0.17704625407143385,0.07735555555555555,0.10045277777777777,uptrend|doji_4h,1,0,haussier,365,0,0,30,,,17.0,28.0,67.0,47.0,50,33.79,False,False,,0,,,,46,16119080,82045915,196464142.624958,1000000000.0,1000000000.0,19.6,,,
EULUSDT,EUL,Speculative,713,1.229,502140.62368,6.963,43.739230073643306,-0.02482243835197826,1.3000800000000001,2.105649999999999,0.7950382702539128,0.37670068027210885,0.2582981291490645,0.11742679642189958,0.5001658882962505,0.8372499999999998,1.500361111111111,evening_star_4h,0,1,baissier,224,0,0,30,,,13.1,28.0,73.0,57.5,33.2,33.74,False,False,,0,,,,43,29637331,33364350,24146317.188470602,27182818.28459,27182818.0,88.8,330503529,$331M,1.74
EDUUSDT,EDU,Speculative,626,0.0467,896388.3477,4.944,46.67445941587049,-3.299535162852845e-05,0.048069999999999995,0.11182250000000007,0.7807953158449332,0.6416382252559726,0.6015358361774745,0.18500744091017413,0.2495953916180342,0.04431944444444445,0.10389722222222224,,0,0,neutre,365,0,0,30,,,17.0,37.0,49.0,57.5,50,33.69,False,False,,0,,,,49,35325845,46641407,757392361.0,1000000000.0,1000000000.0,75.7,,,
VICUSDT,VIC,Speculative,,0.055,916754.714912,3.383,50.43762538515534,-0.0005657314948038961,0.05293399999999998,0.07204250000000004,1.7346647024968374,0.3316582914572865,0.20029027576197386,0.7297087791974256,0.22304343513518543,0.042880555555555554,0.0622277777777778,macd_bearish_cross|double_top_90d|downtrend|doji_4h,0,3,baissier,365,0,0,30,,,17.0,66.0,46.0,57.5,0,33.68,False,False,,0,,,,45,,,,,,,,,
ZKCUSDT,ZKC,Speculative,904,0.0685,306576.21708,4.103,42.26215020866021,-0.000709133928889638,0.073588,0.1025275,0.694921121536257,0.2533936651583711,0.2251131221719457,0.1720488099264519,0.6431237536416494,0.06824166666666666,0.08581944444444445,support_bounce|uptrend,2,0,haussier,252,0,0,30,,,13.9,28.0,73.0,47.0,54.0,33.54,False,False,,0,,,,48,19855842,71620182,290641046.0,1048344605.200841,,27.7,,,
CETUSUSDT,CETUS,Speculative,794,0.02605,223289.665326,5.551,44.45192537480828,-0.0007164342642638746,0.0261432,0.024489799999999992,1.0600304265584288,0.323373676248109,0.301336898395722,0.10296279452022743,0.4340309360971967,0.016339444444444448,0.031165277777777778,support_bounce|uptrend,2,0,haussier,365,0,0,30,,,17.0,36.0,58.0,47.0,54.0,33.49,False,False,,0,,,,48,24660680,26018148,947826087.0,1000000000.0,1000000000.0,94.8,32989625,$33M,
SHELLUSDT,SHELL,Speculative,,0.0331,387071.78831,5.079,42.2450720148971,-0.0006678481277058097,0.03427000000000001,0.043838,0.6394556286926096,0.25626740947075205,0.19070904645476777,0.2940614445247647,0.4149094270611556,0.02779722222222222,0.03927222222222222,double_top_90d,0,1,baissier,365,0,0,30,,,17.0,28.0,73.0,47.0,27.3,33.42,False,False,,0,,,,42,,,,,,,,,
SXTUSDT,SXT,Speculative,694,0.01185,679517.63074,5.24,34.99397644315708,-3.417740150612114e-05,0.0152484,0.023595099999999994,0.7254289518761384,0.49017857142857146,0.4714285714285714,0.44976403649192154,0.41824792991975845,0.012829722222222223,0.019860000000000003,downtrend,0,1,baissier,365,0,0,30,,,17.0,19.0,68.5,57.5,26.2,33.34,False,False,,0,,,,38,30739956,59142286,2598813644.2665,5000000000.0,5000000000.0,52.0,,,
BARUSDT,BAR,Speculative,,0.377,413754.85609,1.344,26.804011044025913,-0.0024630331591516293,0.4640199999999998,0.5296150000000004,0.5043775400012911,0.34320557491289194,0.34320557491289194,0.4328406485035955,0.46284630383502035,0.4105555555555555,0.5600555555555556,double_top_90d|doji_4h,0,1,baissier,365,0,0,30,,,17.0,19.0,79.0,47.0,27.3,33.34,False,False,,0,,,,46,,,,,,,,,
CTSIUSDT,CTSI,Speculative,743,0.03047,164894.15965,3.745,44.411437368569715,-0.0001848510215666818,0.032811,0.032652350000000004,0.6775828731744918,0.30761972163246043,0.28190610993158766,0.11511405246557269,0.10556193377974958,0.0230138888888889,0.03807833333333334,downtrend,0,1,baissier,365,0,0,30,,,17.0,36.0,67.0,47.0,26.2,33.32,False,False,,0,,,,43,27852691,30464070,914280031.7900137,1000000000.0,1000000000.0,91.4,,,
JUVUSDT,JUV,Speculative,,0.424,312159.78246,2.415,32.557276379080804,-0.004877146749690794,0.49501999999999996,0.6164649999999997,0.5093492177854181,0.31884057971014496,0.3172302737520129,0.31001059943478193,0.5578785704149656,0.46041666666666664,0.6003611111111113,downtrend,0,1,baissier,365,0,0,30,,,17.0,19.0,79.0,47.0,26.2,33.27,False,False,,0,,,,40,,,,,,,,,
CTKUSDT,CTK,Speculative,780,0.1595,262992.42488,0.378,34.598618021296375,-0.004145777762413925,0.17942599999999997,0.21890599999999993,0.6021565182341944,0.33869602032176116,0.32472480948348853,0.23434656205922005,0.37236674761791055,0.1595611111111111,0.19838055555555556,support_bounce|uptrend,2,0,haussier,365,0,0,30,,,17.0,19.0,68.5,47.0,54.0,33.2,False,False,,0,,,,45,25157212,25436214,157764712.0,159514379.0,,98.9,,,
SOLVUSDT,SOLV,Speculative,,0.0042,476197.05629,3.448,47.10509795058829,-4.6036568679538116e-05,0.0042974,0.008862100000000005,1.2117411176826027,0.3792486583184258,0.25044722719141327,0.21817448216258634,0.04981724618074117,0.003373333333333334,0.005099722222222223,doji_4h,0,0,neutre,365,0,0,30,,,17.0,37.0,56.5,47.0,50,33.12,False,False,,0,,,,50,,,,,,,486521542,$487M,-3.23
SAGAUSDT,SAGA,Speculative,,0.01919,2828245.841206,-0.208,44.7981722058013,-0.0005488089159125588,0.022287600000000008,0.0452979,2.682293877944721,0.5664857530529173,0.5664857530529173,1.2724621694267986,0.1973201187355038,0.017720833333333328,0.03464555555555555,uptrend,1,0,haussier,365,0,0,30,,,17.0,46.0,28.0,68.0,50,33.1,False,False,,0,,,,45,,,,,,,,,
CHRUSDT,CHR,Speculative,872,0.02185,276672.61695,3.899,44.924789058039714,-0.0005098808813552246,0.022145799999999997,0.03355594999999999,1.070338974005418,0.2727272727272728,0.2400972897845726,0.08742617262681594,0.3585089754787716,0.01493888888888889,0.026222777777777786,,0,0,neutre,365,0,0,30,,,17.0,28.0,62.5,47.0,50,33.04,False,False,,0,,,,45,21268847,21268847,974831915.3782,974831915.3782,978064789.0,100.0,,,
PORTALUSDT,PORTAL,Speculative,,0.0084,224486.344154,3.067,36.260705484317896,-0.0001471477803220429,0.010152000000000001,0.015476599999999998,0.8380458270394946,0.4336344683808201,0.4148714384989576,0.11740737445609276,0.22485208822266267,0.00846111111111111,0.013490555555555556,,0,0,neutre,365,0,0,30,,,17.0,28.0,62.5,47.0,50,33.04,False,False,,0,,,,45,,,,,,,,,
EPICUSDT,EPIC,Speculative,,0.24,736307.4619,3.896,30.621315031984622,-0.0110417213086187,0.30052,0.43402000000000035,1.1144923671753972,0.35054347826086957,0.35054347826086957,0.35008197246966244,0.4424815779462786,0.24661111111111111,0.34099999999999997,uptrend,1,0,haussier,365,0,0,30,,,17.0,19.0,58.0,57.5,50,33.03,False,False,,0,,,,42,,,,,,,,,
PONDUSDT,POND,Speculative,,0.00142,238013.7918,2.899,24.896440629534055,-1.8672397107107356e-05,0.0020875999999999994,0.0031484999999999964,0.824453215826648,0.45200000000000007,0.432,0.7027769014042115,0.5594591870139543,0.0016983333333333334,0.0024852777777777777,doji_4h,0,0,neutre,365,0,0,30,,,17.0,19.0,68.5,47.0,50,32.96,False,False,,0,,,,50,,,,,,,,,
BANKUSDT,BANK,Speculative,994,0.038,422948.86124,-5.473,50.82880629324936,-0.00010791570227113869,0.03632799999999999,,0.8768694955948149,0.49464285714285716,0.325,0.2460833470770522,0.031382354924688535,0.03213055555555555,0.04351111111111112,uptrend,1,0,haussier,193,0,0,30,,,12.3,45.0,62.5,47.0,50,32.81,False,False,,0,,,,54,16088200,16088200,425250000.0,425250000.0,2100000000.0,100.0,,,
BREVUSDT,BREV,Speculative,726,0.1149,231119.79293,5.607,45.55462302068664,-0.000546524589897881,0.12197600000000001,,0.739202706906642,0.335811648079306,0.2893432465923172,0.10193810874965199,0.4829354430657413,0.1107861111111111,0.14388333333333336,support_bounce|downtrend|doji_4h,1,1,mixte,139,0,0,30,,,10.8,45.0,73.0,47.0,30.2,32.66,False,False,,0,,,,50,28666368,114665474,250000000.0,1000000000.0,1000000000.0,25.0,,,
ALCXUSDT,ALCX,Speculative,,4.35,186736.459904,1.163,24.092182137730575,-0.11135419653773987,5.211600000000001,6.735349999999996,0.5741425686141698,0.3803418803418804,0.3803418803418804,0.4187248756351625,0.2229691164553634,4.505277777777777,5.8197222222222225,,0,0,neutre,365,0,0,30,,,17.0,10.0,73.0,47.0,50,32.63,False,False,,0,,,,48,,,,,,,35278964,$35M,0.42
1000SATSUSDT,1000SATS,Speculative,,1.291e-05,307658.74324408,3.862,41.87058750396849,-2.2629665482127155e-07,1.3841799999999998e-05,1.458799999999998e-05,0.7016420380856723,0.3162162162162162,0.30108108108108106,0.1228206616086845,0.4405754192022208,1.0549722222222225e-05,1.601277777777778e-05,downtrend,0,1,baissier,365,0,0,30,,,17.0,28.0,68.5,47.0,26.2,32.61,False,False,,0,,,,41,,,,,,,,,
PORTOUSDT,PORTO,Speculative,,0.724,296592.5083,1.401,32.55066772405594,-0.002654226899106174,0.8855000000000001,1.0161000000000002,0.6895156078125305,0.40033085194375523,0.40033085194375523,0.907024346831677,0.5611188252841526,0.7810277777777778,1.1186944444444447,rsi_bullish_divergence|downtrend,1,1,mixte,365,0,0,30,,,17.0,28.0,68.5,47.0,26.2,32.61,False,False,,0,,,,41,,,,,,,,,
NOMUSDT,NOM,Speculative,,0.00227,6858348.64214,10.732,43.13702979930284,2.726552480645218e-05,0.0030774000000000014,0.006390400000000001,1.0422908117278717,0.754830917874396,0.7246376811594203,1.1280567517216018,0.20713208756364812,0.002225277777777778,0.005664166666666666,downtrend,0,1,baissier,236,0,0,30,,,13.5,46.0,32.5,78.5,26.2,32.53,False,False,,0,,,,40,,,,,,,,,
SANTOSUSDT,SANTOS,Speculative,,0.901,597540.47937,1.236,26.633630827600427,-0.021959824643689403,1.1384199999999995,1.555654999999999,0.6540224989431461,0.4250159540523293,0.4250159540523293,0.21588841105090087,0.22877847652308086,0.9975,1.3708888888888886,double_top_90d|doji_4h,0,1,baissier,365,0,0,30,,,17.0,19.0,62.5,57.5,27.3,32.41,False,False,,0,,,,43,,,,,,,,,
CGPTUSDT,CGPT,Speculative,820,0.02521,705679.699263,1.694,43.01233768781942,-0.0012876922143089645,0.026040799999999996,0.028570049999999993,1.5127907006350838,0.41520467836257313,0.40982456140350887,0.40456979807650023,0.3084917855033349,0.018908055555555563,0.03189000000000001,uptrend,1,0,haussier,365,0,0,30,,,17.0,28.0,47.5,57.5,50,32.36,False,False,,0,,,,43,23346692,25155253,926031054.0,997766421.0,1000000000.0,92.8,,,
ALICEUSDT,ALICE,Speculative,,0.1258,323725.450253,2.36,42.29112157294741,-0.0018833907049651366,0.13613200000000003,0.15989150000000002,0.9041991239596027,0.31523178807947017,0.23109756097560985,0.10311565164341902,0.08977210164933903,0.10683055555555553,0.16151944444444444,downtrend,0,1,baissier,365,0,0,30,,,17.0,28.0,67.0,47.0,26.2,32.36,False,False,,0,,,,40,,,,,,,,,
COOKIEUSDT,COOKIE,Speculative,,0.014,409596.06389,0.0,35.89006419553088,-0.0005340433363932643,0.017018000000000002,0.03056,1.1340144759684005,0.375,0.375,0.27497069229684,0.47491007470548185,0.015475000000000008,0.020188888888888885,,0,0,neutre,365,0,0,30,,,17.0,28.0,58.0,47.0,50,32.29,False,False,,0,,,,45,,,,,,,,,
ADXUSDT,ADX,Speculative,,0.0635,254950.5976,2.09,34.84734023166406,-0.0012588209594794212,0.074916,0.08835599999999998,0.6256062200364041,0.2756183745583039,0.2532391048292109,0.11303569351345989,0.530887493380555,0.06625555555555557,0.07977222222222223,downtrend,0,1,baissier,365,0,0,30,,,17.0,19.0,73.0,47.0,26.2,32.28,False,False,,0,,,,39,,,,,,,,,
STGUSDT,STG,Speculative,897,0.1712,144022.8195,3.008,36.315445843356144,-0.0054644019913756975,0.21306599999999995,0.16582900000000003,1.0135782122758112,0.4106155547364541,0.3667526723184666,0.042580963779537254,0.21399664362742155,0.1585222222222223,0.2531055555555556,,0,0,neutre,365,0,0,30,,,17.0,36.0,52.0,47.0,50,32.26,False,False,,0,,,,46,20146647,20146647,117820426.95725833,117820426.95725833,1000000000.0,100.0,82988090,$83M,-18.01
ZKPUSDT,ZKP,Speculative,,0.0752,398172.16073,4.59,46.34734848754053,-0.0003436725538738081,0.077606,,1.1589478386963974,0.29929929929929927,0.24624624624624622,0.13954087943217672,0.3298407077535661,0.06894722222222223,0.09081388888888889,,0,0,neutre,138,0,0,30,,,10.8,45.0,62.5,47.0,50,32.09,False,False,,0,,,,54,,,,,,,,,
PHBUSDT,PHB,Speculative,,0.064,1438989.1973,4.918,38.17278749533163,-0.002575330157610068,0.09946000000000002,0.19596,2.328782701940605,0.6433121019108281,0.5923566878980892,0.7698661368213569,0.10969537964421999,0.07863888888888891,0.1554444444444445,,0,0,neutre,365,0,0,30,,,17.0,37.0,28.0,68.0,50,32.02,False,False,,0,,,,43,,,,,,,,,
CITYUSDT,CITY,Speculative,,0.467,272519.40001,2.637,28.914411859016795,-0.01054693097410847,0.5995199999999998,0.6096149999999997,0.6456346517144694,0.389920424403183,0.38063660477453576,0.4097058024770137,0.29685293420145403,0.4981388888888889,0.7008333333333334,uptrend,1,0,haussier,365,0,0,30,,,17.0,19.0,62.5,47.0,50,31.96,False,False,,0,,,,49,,,,,,,,,
HEMIUSDT,HEMI,Speculative,,0.00698,540868.0388,-0.428,40.565000888139274,-0.00014777491808863396,0.007810599999999998,0.012705500000000002,1.1497969231173588,0.4118268215417106,0.29393939393939406,0.18454816680994315,0.3199696581775103,0.006523333333333336,0.00912833333333333,double_top_90d|doji_4h,0,1,baissier,244,0,0,30,,,13.7,28.0,62.5,57.5,27.3,31.9,False,False,,0,,,,40,,,,,,,37371537,$37M,-2.94
MBOXUSDT,MBOX,Speculative,,0.0113,396826.56837,2.727,44.25116991385168,-1.2290593946192826e-05,0.012241999999999996,0.02371050000000002,0.7100538778206225,0.4827586206896551,0.4433497536945813,0.12605915004763657,0.13075686418119434,0.011336111111111111,0.01935833333333334,support_bounce|downtrend|doji_4h,1,1,mixte,365,0,0,30,,,17.0,28.0,62.5,47.0,30.2,31.85,False,False,,0,,,,41,,,,,,,,,
ATUSDT,AT,Speculative,757,0.1162,1726601.83326,-1.609,32.7776213343966,-0.00425964479169936,0.156954,,1.6647927725931442,0.43656908063687727,0.4031843862352337,0.9972016886524301,0.1182634088633987,0.13212777777777773,0.1718361111111111,,0,0,neutre,179,0,0,30,,,11.9,36.0,41.5,68.0,50,31.69,False,False,,0,,,,44,26721477,116180334,230000000.0,1000000000.0,1000000000.0,23.0,,,
PARTIUSDT,PARTI,Speculative,,0.0498,3185038.03553,-0.994,43.53040748844423,-0.0008656968573579799,0.051549999999999985,0.08330549999999998,1.2573037108844105,0.6183953033268103,0.512720156555773,0.2385590487477197,0.10027724787677815,0.04119722222222221,0.095775,macd_bearish_cross|uptrend,1,1,mixte,365,0,0,30,,,17.0,28.0,38.5,68.0,28.5,31.4,False,False,,0,,,,36,,,,,,,,,
REZUSDT,REZ,Speculative,593,0.00446,274261.126612,1.595,39.17353871761291,-0.0002316529370679186,0.004638,0.004650749999999998,1.0242114969945944,0.36179450072358904,0.3545586107091172,0.052012232598980156,0.21230729977666568,0.003017222222222223,0.005849722222222224,,0,0,neutre,365,0,0,30,,,17.0,28.0,52.0,47.0,50,31.3,False,False,,0,,,,44,38142213,43707530,8564924115.802736,9814629224.12962,10000000000.0,87.3,167876428,$168M,-11.12
PIXELUSDT,PIXEL,Speculative,,0.00696,494312.07219,5.775,41.01828171305221,-0.00010459505351494695,0.007673999999999999,0.00852165,0.6456839164296029,0.5665976535541752,0.5196687370600414,0.11382296677478755,0.21252049090077854,0.005360833333333334,0.010520277777777778,support_bounce|uptrend,2,0,haussier,365,0,0,30,,,17.0,28.0,49.0,47.0,54.0,31.04,False,False,,0,,,,44,,,,,,,,,
MANTRAUSDT,MANTRA,Speculative,509,0.0095,1548643.72495,7.103,42.60756937069549,-5.647147913383281e-05,0.010348600000000001,,0.6847241474498714,0.6293677204658902,0.6052412645590682,0.3412579785369238,,0.00968375,0.017293437499999998,,0,0,neutre,82,0,0,30,,,9.2,36.0,45.0,68.0,50,30.99,False,False,,0,,,,45,48363502,68222490,5097557296.288122,7190712685.712103,10000000000.0,70.9,,,
GPSUSDT,GPS,Speculative,722,0.00663,448281.533763,0.76,37.00954993398604,-0.00011227205359695252,0.007954399999999999,0.0075777000000000014,1.1439278125189112,0.3356854838709677,0.3326612903225806,0.18485000723538741,0.2013747359060475,0.007207777777777776,0.009626388888888887,macd_bearish_cross|uptrend,1,1,mixte,365,0,0,30,,,17.0,36.0,52.0,47.0,28.5,30.97,False,False,,0,,,,41,29160822,66137809,4409100001.78,10000000000.0,10000000000.0,44.1,32546018,$33M,-1.53
QUICKUSDT,QUICK,Speculative,,0.00849,129299.87658,0.951,32.764596990366314,-0.00017426110007370317,0.010364199999999997,0.0112016,0.8188639264296691,0.2805084745762712,0.2805084745762712,0.4764714084845783,0.6405324749057343,0.009095277777777779,0.01158305555555556,rsi_bullish_divergence|double_top_90d|downtrend,1,2,baissier,365,0,0,30,,,17.0,19.0,73.0,47.0,3.5,30.92,False,False,,0,,,,33,,,,,,,411191471,$411M,-3.69
ENSOUSDT,ENSO,Speculative,980,0.802,910246.25216,2.036,38.23757166717387,-0.007095829071697039,0.8886200000000001,0.9899299999999996,0.9063385599154886,0.7071161048689139,0.7,0.12147085731314432,0.09902102116131624,0.8161111111111112,1.4902222222222221,rsi_bullish_divergence,1,0,haussier,223,0,0,30,,,13.1,28.0,49.0,57.5,50,30.74,False,False,,0,,,,43,16476178,80020290,20590000.0,100000000.0,127339703.0,20.6,,,
HFTUSDT,HFT,Speculative,,0.0121,196821.97446,0.833,33.579148299177405,-0.0003677804359909511,0.014514,0.022609000000000004,0.8161853849900266,0.30459770114942525,0.30459770114942525,0.0878585471498716,0.2867329211426091,0.012708333333333332,0.016194444444444442,rsi_bullish_divergence|double_top_90d,1,1,mixte,365,0,0,30,,,17.0,19.0,62.5,47.0,27.3,30.6,False,False,,0,,,,37,,,,,,,,,
THEUSDT,THE,Speculative,,0.0898,335845.41029,2.629,36.18951832331117,-0.000804004412125742,0.10105600000000005,0.17920150000000004,0.6982908343175119,0.6827975980219004,0.6827975980219004,0.09338615459364404,0.3191931233107359,0.09480277777777776,0.275713888888889,downtrend,0,1,baissier,365,0,0,30,,,17.0,28.0,55.0,47.0,26.2,30.37,False,False,,0,,,,38,,,,,,,1802073,$2M,-6.96
GUNUSDT,GUN,Speculative,810,0.01167,538354.17265,1.127,34.01565839215529,-0.0002064455315077822,0.015272800000000005,0.018524000000000002,0.7303072531306251,0.6280623608017818,0.6280623608017818,0.11034771938318054,0.13898874851071147,0.01342388888888889,0.02519472222222222,downtrend|doji_4h,0,1,baissier,365,0,0,30,,,17.0,19.0,49.0,57.5,26.2,30.11,False,False,,0,,,,35,23847018,116704372,2043369700.0,10000000000.0,10000000000.0,20.4,,,
HIGHUSDT,HIGH,Speculative,,0.171,338872.109739,1.786,41.20198410060042,-0.004812350390639535,0.1934,0.19357499999999983,1.356770686666668,0.45859872611464964,0.45859872611464964,0.15625826634125686,0.12549061147333518,0.12255555555555556,0.2605555555555556,downtrend,0,1,baissier,365,0,0,30,,,17.0,28.0,52.0,47.0,26.2,29.87,False,False,,0,,,,38,,,,,,,,,
RESOLVUSDT,RESOLV,Speculative,,0.0272,179162.14841,0.741,35.44541689801494,-0.00030086184028642066,0.03254,0.06883049999999998,0.789023161146595,0.772765246449457,0.772765246449457,0.09497955223463503,0.06177201274003964,0.028819444444444446,0.08136111111111109,,0,0,neutre,348,0,0,30,,,16.5,28.0,43.0,47.0,50,29.58,False,False,,0,,,,42,,,,,,,30981885,$31M,-8.96
MLNUSDT,MLN,Speculative,,2.09,171836.71453,0.0,33.688368796110296,-0.05871149735191167,2.9470000000000005,4.066699999999999,1.6759279323967573,0.4559585492227979,0.4559585492227979,0.28033215308378334,0.38299556942520857,2.5894444444444447,3.7247222222222223,rsi_bullish_divergence,1,0,haussier,365,0,0,30,,,17.0,19.0,47.5,47.0,50,29.47,False,False,,0,,,,40,,,,,,,86471798,$86M,-0.4
MITOUSDT,MITO,Speculative,,0.03752,823828.033154,3.732,40.325089118023705,-0.0027607966235105334,0.045023799999999975,0.05690344999999999,1.8246731199300028,0.5468329664954756,0.541452677916361,0.7722401232082758,0.25759671788499433,0.03576861111111111,0.057883611111111115,uptrend|doji_4h,1,0,haussier,269,0,0,30,,,14.4,37.0,28.0,57.5,50,28.94,False,False,,0,,,,43,,,,,,,,,
FARMUSDT,FARM,Speculative,,7.22,215759.76491,-2.695,30.31212826669406,-0.23386847282156698,10.9284,15.150550000000003,1.4581763406263781,0.516175413371675,0.49388928828181167,0.4720471951260499,0.27966246291531194,9.21861111111111,13.637500000000003,,0,0,neutre,365,0,0,30,,,17.0,19.0,43.0,47.0,50,28.72,False,False,,0,,,,40,,,,,,,12116906,$12M,-2.18
LAUSDT,LA,Speculative,851,0.1161,238401.83617,4.595,34.91636938956118,-0.000383270871199215,0.14835799999999996,0.25727199999999995,0.7704877795197098,0.563301282051282,0.5352564102564102,0.14481699895571407,0.40324260475492396,0.12713333333333335,0.24394166666666667,downtrend,0,1,baissier,320,0,0,30,,,15.8,19.0,55.0,47.0,26.2,28.69,False,False,,0,,,,36,22368420,115898548,193000000.0,1000000000.0,,19.3,,,
ROBOUSDT,ROBO,Speculative,529,0.02062,824454.66333,2.997,48.47138593160706,5.643913532939687e-06,0.0202394,,1.2163319552476268,0.631578947368421,0.530852994555354,0.02153007627380462,,0.0179590625,0.0394671875,,0,0,neutre,82,0,0,30,,,9.2,45.0,34.5,57.5,50,28.51,False,False,,0,,,,49,45960999,206010751,2231000000.0,10000000000.0,10000000000.0,22.3,,,
OPNUSDT,OPN,Speculative,795,0.1735,529935.4287,2.784,46.749294534938144,-0.0002596934755573952,0.17949200000000004,,1.1335537730048235,0.5834013605442177,0.5268027210884354,0.01327444872862363,,0.160309375,0.320625,,0,0,neutre,81,0,0,30,,,9.2,45.0,34.5,57.5,50,28.5,False,False,,0,,,,49,24634880,173443445,142034080.26,1000000000.0,1000000000.0,14.2,7298501,$7M,-7.08
NFPUSDT,NFP,Speculative,,0.0105,147565.47036,1.843,37.51175132690483,-0.00014707909297222567,0.013617200000000001,0.02047520000000001,1.7110945430893625,0.4057306590257879,0.3982808022922636,0.14338468741994878,0.3712240454689507,0.011738055555555554,0.016879722222222227,double_top_90d|downtrend,0,2,baissier,365,0,0,30,,,17.0,28.0,47.5,47.0,3.5,27.76,False,False,,0,,,,32,,,,,,,,,
STOUSDT,STO,Speculative,,0.0675,521831.95565,3.053,34.862915861262124,1.744485944303164e-05,0.095502,0.09875949999999997,0.602941948900083,0.8500334746708325,0.8493639812541843,0.08002795436720327,0.044489017374093755,0.061547222222222225,0.20718333333333336,macd_bullish_cross|death_cross|downtrend|bearish_engulfing_4h,1,3,baissier,365,0,0,30,,,17.0,19.0,43.0,57.5,0,27.54,False,False,,0,,,,28,,,,,,,,,
SIGNUSDT,SIGN,Speculative,710,0.01289,225411.35316,2.955,28.005918604870217,0.00020457718707854802,0.019422,0.03258440000000001,0.6001606092576939,0.7737148913619502,0.7719484190072425,0.055797123201530914,0.022781992091476532,0.014368055555555552,0.04933138888888889,downtrend,0,1,baissier,365,0,0,30,,,17.0,19.0,43.0,47.0,26.2,27.29,False,False,,0,,,,40,29749133,129156873,2303333333.0,10000000000.0,10000000000.0,23.0,,,
ATAUSDT,ATA,Speculative,,0.0037,287184.1981,-2.632,19.008467357011654,-0.00038761994722528157,0.00875,0.014281000000000002,1.6460707293505281,0.7096774193548386,0.7016129032258064,1.5231872455363749,0.25284149113724025,0.006266666666666666,0.01175277777777778,double_top_90d,0,1,baissier,365,0,0,30,,,17.0,37.0,28.0,47.0,27.3,27.03,False,False,,0,,,,43,,,,,,,,,
ESPUSDT,ESP,Speculative,640,0.06611,342849.36915,4.472,43.601893093905105,-0.0003136741087372947,0.07187120000000001,,0.6793487337336138,0.6424010217113666,0.6324615470042756,0.20014657018824783,0.16902891112510451,0.06672000000000002,0.1263,downtrend,0,1,baissier,102,0,0,30,,,9.8,36.0,49.0,47.0,26.2,26.86,False,False,,0,,,,40,34411258,237319023,520550000.0,3590000000.0,,14.5,,,
PROMUSDT,PROM,Speculative,895,1.113,573744.06329,-1.938,28.54558008940971,-0.08033685957253356,1.71282,4.037014999999999,1.780326990459059,0.5544513457556935,0.537888198757764,0.3654839281320831,0.1623135222962854,1.0034444444444446,2.2298055555555556,downtrend|doji_4h,0,1,baissier,365,0,0,30,,,17.0,19.0,28.0,57.5,26.2,26.62,False,False,,0,,,,37,20310057,21422937,18250000.0,19250000.0,19250000.0,94.8,,,
SYSUSDT,SYS,Speculative,,0.00381,149028.54157,2.419,24.972038958209097,-0.0002677824497342731,0.0088024,0.01508255000000001,1.891074350651133,0.6962540716612378,0.6889250814332247,0.48027912726316674,0.3040672708269477,0.006389999999999999,0.012017222222222223,evening_star_4h,0,1,baissier,365,0,0,30,,,17.0,10.0,34.0,47.0,33.2,25.14,False,False,,0,,,,37,,,,,,,,,
KATUSDT,KAT,Speculative,913,0.00833,508292.55694,3.094,42.75894943300122,-3.3547827703983134e-05,0.0097996,,1.8849413932623384,0.6731313131313131,0.6634343434343434,0.02160035559722907,,0.008086296296296298,0.014320740740740742,downtrend,0,1,baissier,68,0,0,30,,,8.9,36.0,24.0,57.5,26.2,24.08,False,False,,0,,,,36,19515244,83327258,2342000000.0,10000000000.0,10000000000.0,23.4,,,
USD1USDT,USD1,Etabli,22,1.00016,148849986.29142,-0.012,51.77783736669295,3.3167910815938285e-05,0.9998161999999999,0.9998550499999999,0.003972877577360402,0.0015993602558975759,0.0006494544582551051,0.46286234673283666,-0.04031721867302676,0.9989805555555553,1.0003933333333328,resistance_test|doji_4h,0,1,baissier,365,0,0,30,,,45.0,57.0,94.0,78.5,39.1,60.01,False,True,,0,,,,60,4781429984,4781429984,4786437855.854012,4786437855.854012,,100.0,,,
USDCUSDT,USDC,Etabli,6,1.00093,922563907.80908,0.011,73.25673665981898,7.212807966836376e-05,0.9999785999999999,1.0002331500000003,0.0022793666469127075,0.0011992804317409343,2.997122762145789e-05,0.19491470402734873,-0.1830524822423185,0.9995199999999996,1.000559722222222,support_bounce|resistance_test|downtrend,1,2,baissier,365,0,0,30,,,45.0,48.0,94.0,78.5,19.3,57.74,False,True,,0,,,,49,76425756788,76431124569,76444379161.45544,76449748249.73549,,100.0,,,
USDEUSDT,USDE,Etabli,24,1.0006,1114301.2237,0.03,60.951647844524544,2.053620414980834e-05,0.999718,0.9996059999999999,0.004507835997738245,0.0010997800439911916,0.0,0.15512394086722495,0.10370048960882697,0.9991388888888884,1.000344444444444,rsi_bearish_divergence|support_bounce|resistance_test|doji_4h,1,2,baissier,258,0,0,30,,,42.1,73.0,94.0,68.0,12.8,57.13,False,True,,0,,,,58,4448602285,4448602285,4451957782.005281,4451957782.005281,,100.0,30984750,$31M,-6.55
UUSDT,U,Etabli,69,1.0011,9115269.2008,0.02,66.65231534570472,8.962076485558918e-05,1.0000079999999998,,0.0035725201731150896,0.001199160587588556,0.00019976028765501398,0.20279128868690766,-0.12797224635042187,0.9995361111111111,1.0006305555555548,support_bounce|resistance_test,1,1,mixte,132,0,0,30,,,38.6,36.0,94.0,78.5,43.1,54.66,False,True,,0,,,,51,1027389283,1027389283,1027858682.01,1027858682.01,,100.0,,,
RLUSDUSDT,RLUSD,Etabli,51,1.0014,25234629.1417,0.03,72.6331943486654,0.00010125326305724798,1.0001620000000002,,0.003240748040175239,0.0009994003597840195,0.0,0.20440760490417503,-0.08942668423610604,0.9995916666666671,1.000772222222222,support_bounce|resistance_test,1,1,mixte,123,0,0,30,,,38.4,36.0,94.0,78.5,43.1,54.54,False,True,,0,,,,51,1759462541,1759462541,1759463365.596746,1759463365.596746,,100.0,,,
BFUSDUSDT,BFUSD,Etabli,61,0.9994,412471.7119,0.0,47.153190679994026,-6.470852557588885e-06,0.9994520000000002,0.9995010000000022,0.002380125168878684,0.0008001600320064242,0.0004000800160032676,0.02710153974198918,-0.14446929590873123,0.9990999999999995,0.9995972222222222,resistance_test|doji_4h,0,1,baissier,285,0,0,30,,,42.8,37.0,94.0,47.0,39.1,51.12,False,True,,0,,,,54,1318033665,1318033665,1320000000.0,1320000000.0,,100.0,,,
FDUSDUSDT,FDUSD,Mid,128,0.9985,19228656.7773,0.03,46.160319777879565,8.336839460806216e-07,0.9989339999999999,0.9989825000000008,0.005793567484583063,0.0025981812731087598,0.0021984610772457966,0.2961338385403518,0.40624716501931385,0.9983694444444448,1.005958333333333,death_cross|support_bounce|resistance_test|doji_4h,1,2,baissier,365,0,0,30,,,31.0,37.0,100.0,78.5,15.6,50.46,False,True,,0,,,,49,373153065,373153065,374148542.730216,374148542.730216,,100.0,,,
TUSDUSDT,TUSD,Mid,107,0.9999,11722.4923,0.0,54.829799329834536,5.304707760495314e-06,0.9994159999999995,0.9986674999999998,0.009857571549324753,0.003394907638542256,0.0015976035946081335,0.01887138961544883,0.1044702652381768,0.998291666666667,1.000897222222222,resistance_test|uptrend|doji_4h,1,1,mixte,365,0,0,30,,,31.0,73.0,94.0,47.0,39.1,49.75,False,True,,0,,,,64,493962414,493962414,494515083.0,494515083.0,,100.0,,,
XUSDUSDT,XUSD,Mid,427,1.001,390862.4004,0.0,61.292692063857785,7.426228140724726e-05,1.0000340000000003,1.0003230000000007,0.005107331492224851,0.00149880095923256,0.00019976028765501398,0.01686272814077013,-0.028584072078089155,0.999577777777778,1.0028888888888892,support_bounce,1,0,haussier,365,0,0,30,,,31.0,57.0,94.0,47.0,54.0,48.73,False,True,,0,,,,63,62243980,62243980,62260886.001,62260886.001,,100.0,,,
USDSUSDT,USDS,Etabli,12,1.0008,359413.5805,-0.01,71.07203813997499,6.84436706630254e-05,,,0.002441317884073905,0.00029999999999996696,0.00019980019980017782,0.40348542882783306,,0.996761111111111,1.001027777777778,doji_4h,0,0,neutre,46,0,0,30,,,36.3,36.0,90.0,47.0,50,47.84,False,True,,0,,,,52,11115680116,11115680116,11119956234.62665,11119956234.62665,,100.0,,,
EURUSDT,EUR,Speculative,,1.1619,10662922.96615,0.069,40.86640582534841,-0.0008690281145649623,1.1699700000000002,1.1685024999999993,0.04462588603114905,0.03454406908813813,0.016425366184065773,0.06544042128254048,0.3869319533446448,1.1489222222222222,1.178563888888889,support_bounce|resistance_test|doji_4h,1,1,mixte,365,0,0,30,,,17.0,36.0,100.0,78.5,43.1,45.26,False,True,,0,,,,52,,,,,,,,,
EURIUSDT,EURI,Mid,450,1.1617,363647.78569,0.069,40.76156364419413,-0.0008471556659256398,1.16991,1.1682994999999996,0.04412202190333751,0.034865024964034784,0.01692476940001694,0.055440530406025826,0.40301182826587484,1.1486361111111114,1.1785388888888892,support_bounce|resistance_test|downtrend|doji_4h,1,2,baissier,365,0,0,30,,,31.0,36.0,100.0,47.0,19.3,45.12,False,True,,0,,,,46,58275610,58275610,50218627.99990108,50218627.99990108,,100.0,,,
USDPUSDT,USDP,Speculative,570,1.0009,22244.8477,0.0,61.560218384227525,8.350922431336338e-05,0.9999820000000001,1.0000864999999992,0.004478948421978638,0.0014991005396761403,0.00019978024173429227,0.12202570301565084,0.042477121871449156,0.9994333333333336,1.000569444444444,resistance_test|uptrend|doji_4h,1,1,mixte,365,0,0,30,,,17.0,57.0,94.0,47.0,39.1,41.1,False,True,,0,,,,60,40540494,40540494,40569459.92052442,40569459.92052442,,100.0,,,
AEURUSDT,AEUR,Speculative,,1.1451,6195.63987,-0.061,39.9381949879712,-0.0009933661506373124,1.1595839999999997,1.1600800000000004,0.06657179990397448,0.03001025991792058,0.02376085845682151,0.3738726181496179,0.40662823387957187,1.140183333333333,1.1722694444444444,,0,0,neutre,365,0,0,30,,,17.0,28.0,100.0,47.0,50,39.27,False,True,,0,,,,51,,,,,,,,,
FRAXUSDT,FRAX,Mid,165,0.4251,91247.91539,1.601,42.5230154214442,-0.0036945326479752294,0.45069600000000015,,0.6149544496830145,0.4061412796853729,0.3550143699894116,0.07145153537465417,0.26973717106179557,0.4086888888888889,0.6322027777777776,,0,0,neutre,130,0,0,30,,,24.6,36.0,62.5,47.0,50,37.64,False,True,,0,,,,48,273699005,273699005,275847684.0102677,275847684.0102677,,100.0,67141205,$67M,-1.36
KGSTUSDT,KGST,Speculative,,0.01141,41146.207,-0.088,45.464325301171144,7.452878971417356e-07,0.011413799999999998,,0.03389137012694006,0.009606986899563382,0.0043668122270742096,0.16444277801304788,0.19857079545680814,0.0113575,0.01145916666666667,resistance_test|doji_4h,0,1,baissier,152,0,0,30,,,11.2,45.0,94.0,47.0,39.1,36.85,False,True,,0,,,,56,,,,,,,,,
