symbol,base,tier,rank_mcap,price,vol_24h_usd,change_24h_pct,rsi_14,macd_hist,ma_50,ma_200,vol_30d_ann,drawdown_90d,dist_to_high_90d,vol_ratio_vs_med90,corr_btc_90d,support_90d,resistance_90d,patterns,bull_signals,bear_signals,bias,age_days,n_red_flags,audit_score,team_score,github_commits_30d,github_contrib_90d,score_solidity,score_momentum,score_risk,score_antiscam,score_signal,score,suspect,stablecoin,categories,catalyst_score,catalyst_flags,trending_rank,vol_spike_ratio,bull_prob_7d,exit_risk,exit_label,exit_reasons,market_cap,fdv,circulating_supply,total_supply,max_supply,circ_ratio_pct,tvl,tvl_fmt,tvl_change_7d
TRXUSDT,TRX,Etabli,8,0.3301,27628825.00057,-0.091,53.818040776337206,0.0011569400962828688,0.3299140000000002,0.3138430000000001,0.18695875603519177,0.16054313099041526,0.12113951011714587,0.3482093692120826,0.47160596601535276,0.3186861111111111,0.35937222222222226,,0,0,neutre,365,0,0,30,,,45.0,73.0,95.5,78.5,50,65.04,False,False,,0,,,,67,2,,Volume ×0.3 (épuisement),31288325635,31288330191,94866220114.4218,94866233926.1617,,100.0,,,
ZECUSDT,ZEC,Etabli,15,514.23,108253438.89845,-1.896,59.412648074226986,11.435922557491118,472.0866,381.5334,0.948864202560807,0.46200671081153305,0.23584345398936948,0.3903685435111564,0.4295889321514427,336.0008333333333,611.8483333333332,,0,0,neutre,365,0,0,30,,,45.0,73.0,73.0,78.5,50,63.69,False,False,,0,,,,64,2,,Volume ×0.4 (épuisement),8627098970,8627899360,16791065.7905448,16792623.6030448,21000000.0,100.0,,,
ETHUSDT,ETH,Etabli,2,1783.94,425618326.768248,-0.942,55.10886542415861,17.751707698542447,1756.6558000000002,2217.319600000001,0.43840165205168896,0.3518644067796611,0.26243489045059937,0.5615326482867696,0.8809737681639982,1613.9461111111111,2357.5663888888885,double_bottom_90d,1,0,haussier,365,0,0,30,,,45.0,66.0,75.5,78.5,50,63.0,False,False,,0,🔥 Trending #8 sur CoinGecko,8,,62,2,,Volume ×0.6 (épuisement),214870352280,214870352280,120683010.8076807,120683010.8076807,,100.0,,,
AAVEUSDT,AAVE,Etabli,53,96.04,15985491.53373,-1.87,62.340619427055856,0.5551709816498449,79.936,108.72129999999996,0.846856232305753,0.47202494370344705,0.16828338818638483,0.40762272954926587,0.5314739720737597,67.49194444444446,101.1911111111111,uptrend|morning_star_4h,2,0,haussier,365,0,0,30,,,45.0,57.0,73.0,78.5,50,61.77,False,False,,0,🔥 Trending #13 sur CoinGecko,13,,59,2,,Volume ×0.4 (épuisement),1457418246,1536154632,15179911.874935383,16000000.0,16000000.0,94.9,13110355555,$13.1B,2.4
UNIUSDT,UNI,Etabli,39,3.557,12860071.64859,-2.146,68.49830410621207,0.055262404358581596,2.9781600000000013,3.7210899999999985,0.8334450264515502,0.40010015022533807,0.10891337005508263,0.5133161158724153,0.5266155863272772,2.614416666666666,3.6770833333333335,morning_star_4h,1,0,haussier,365,0,0,30,,,45.0,57.0,73.0,78.5,50,61.77,False,False,,5,🔥 Trending #3 sur CoinGecko,3,,63,2,,Volume ×0.5 (épuisement),2208960324,3177028569,620963561.5538775,893098420.0329479,1000000000.0,69.5,1467785636,$1.5B,1.12
ARBUSDT,ARB,Etabli,94,0.0939,7897767.58586,-1.778,65.02858245467664,0.00257641608288143,0.08621000000000001,0.12036849999999999,0.6578316297118316,0.49132546842470504,0.35045107564191535,0.8149159564801353,0.6018624877016142,0.07640277777777778,0.133975,,0,0,neutre,365,0,0,30,,,45.0,57.0,68.5,78.5,50,61.5,False,False,,0,🔥 Trending #15 sur CoinGecko,15,,55,0,,,591624876,929812441,6362841042.0,10000000000.0,10000000000.0,63.6,2786778359,$2.8B,-0.0
DEXEUSDT,DEXE,Etabli,41,44.22,36129658.3264,1.817,77.05487902718785,2.1453440445933873,21.961980000000004,10.441350000000002,2.098011388706147,0.35214070816940524,0.07624039425325753,1.0,0.1533640828708227,11.386944444444444,28.28102777777778,,0,0,neutre,365,0,0,30,,,45.0,64.0,50.5,78.5,50,61.26,False,False,,2,🔥 Trending #6 sur CoinGecko,6,,49,2,,RSI 77 (surachat),2060039493,4252448558,46750309.420346804,96504599.33609451,,48.4,,,
BCHUSDT,BCH,Etabli,22,238.4,6255290.596,-2.614,55.14510649510013,4.452123569751625,233.016,432.0884999999999,0.5692286692917503,0.5911531028559157,0.48808245651707105,0.4393006366640992,0.7210387357773272,196.375,456.2972222222222,morning_star_4h,1,0,haussier,365,0,0,30,,,45.0,57.0,62.0,78.5,50,61.11,False,False,,0,,,,57,2,,Volume ×0.4 (épuisement),4775456568,4775523520,20060731.14665078,20061012.39665078,21000000.0,100.0,,,
JSTUSDT,JST,Etabli,75,0.10044,3604389.66451,-0.986,72.12544936910864,0.0011277559469240056,0.08725959999999996,0.06563490000000001,0.3962488457920534,0.2377463626044783,0.019709239925846365,0.6748636376474602,0.045413775761733735,0.07396916666666667,0.09618250000000002,uptrend|bullish_engulfing_4h,2,0,haussier,365,0,0,30,,,45.0,73.0,94.0,68.0,50,60.77,False,False,,0,,,,64,4,⚠️ Surveiller,RSI 72 (surachat)|Près du plus haut 90j (résistance),850208164,850208164,8543764567.312736,8543764567.312736,9900000000.0,100.0,3283021067,$3.3B,2.77
SOLUSDT,SOL,Etabli,7,76.31,100643422.99384,-0.56,49.936910453612114,-0.2544114476641557,74.26200000000001,91.57385000000008,0.5203945165621041,0.361199548115436,0.21587758036356178,0.3207107346710478,0.8067780660043552,67.06722222222221,90.4711111111111,macd_bearish_cross|uptrend,1,1,mixte,365,0,0,30,,,45.0,57.0,75.5,78.5,27.9,60.6,False,False,,1,🔥 Trending #7 sur CoinGecko,7,,55,5,⚠️ Surveiller,Volume ×0.3 (épuisement)|MACD cross baissier,44390753959,48046889189,582272829.8347019,630230298.8285782,,92.4,,,
SUIUSDT,SUI,Etabli,30,0.7328,11043910.91075,-0.919,47.98828884052458,0.006029157191479801,0.7691060000000001,1.0354110000000005,0.486160270517858,0.48863039399624764,0.44923076923076927,0.18117686665984695,0.6245026861385347,0.6965527777777778,1.1195666666666666,double_bottom_90d,1,0,haussier,365,0,0,30,,,45.0,37.0,79.0,78.5,50,59.73,False,False,,0,,,,54,2,,Volume ×0.2 (épuisement),2970487521,7330312503,4052334085.342099,10000000000.0,10000000000.0,40.5,,,
NEARUSDT,NEAR,Etabli,36,1.919,18860136.1591,1.804,47.19247645965604,0.0016594426223091527,2.11724,1.5681550000000002,0.7005320986057825,0.3674121405750799,0.3180688675896344,0.29222553173539373,0.2650116458733287,1.3399999999999999,2.4715833333333337,,0,0,neutre,365,0,0,30,,,45.0,45.0,62.5,78.5,50,59.7,False,False,,0,,,,54,2,,Volume ×0.3 (épuisement),2489697456,2489697494,1300740380.0,1300740400.0,,100.0,,,
PUMPUSDT,PUMP,Etabli,92,0.001503,7658809.277462,6.899,50.36824869792865,7.406609324153965e-07,0.0015333600000000012,0.0019157549999999982,0.9880414928781708,0.4523483812129503,0.31509347925216596,0.9968156413053765,0.5227206272624554,0.0013789722222222222,0.0019873055555555564,,0,0,neutre,306,0,0,30,,,43.4,46.0,68.5,78.5,50,59.6,False,False,,0,,,,55,0,,,599589825,1268677451,401701071821.4911,849962875492.7137,1000000000000.0,47.3,234917250,$235M,-7.76
LINKUSDT,LINK,Etabli,19,7.988,8943765.12171,-0.399,53.44532861561168,0.06754734259628177,8.03086,9.534509999999997,0.3916052577684776,0.3282649253731344,0.25438432835820896,0.25797401732025643,0.8112129430501681,7.448277777777777,10.078527777777776,double_bottom_90d,1,0,haussier,365,0,0,30,,,45.0,37.0,75.5,78.5,50,59.52,False,False,,0,,,,53,2,,Volume ×0.3 (épuisement),5968283620,7977922546,748099970.424884,1000000000.0,1000000000.0,74.8,,,
AVAXUSDT,AVAX,Etabli,33,6.659,9839439.77359,3.901,47.92248890768651,0.027273508055192852,7.068159999999999,9.418325000000001,0.6201193094846299,0.42365591397849467,0.34828934506353865,0.44982414952150424,0.6557253867190168,6.305444444444444,9.752083333333335,,0,0,neutre,365,0,0,30,,,45.0,37.0,68.5,78.5,50,59.1,False,False,,0,,,,52,2,,Volume ×0.4 (épuisement),2856428709,3065938669,431771961.1772119,463441061.1772119,720000000.0,93.2,133375433,$133M,-0.36
WLDUSDT,WLD,Etabli,52,0.423,34049469.51444,2.297,47.822092626815305,-0.0004858302990786052,0.4614960000000001,0.39278750000000007,1.1818525238553919,0.4645237742556659,0.372093023255814,0.44284855157993963,0.11689706314842663,0.24407222222222222,0.5784305555555554,double_bottom_90d,1,0,haussier,365,0,0,30,,,45.0,45.0,52.0,78.5,50,59.07,False,False,,0,,,,52,3,,Volume ×0.4 (épuisement),1496610624,4237877136,3531510177.706869,10000000000.0,10000000000.0,35.3,,,
XECUSDT,XEC,Mid,216,6.73e-06,7862599.33993571,30.426,72.9182541937517,1.2658728213386616e-07,5.6507999999999985e-06,7.610900000000001e-06,1.1167502260456763,0.4287369640787949,0.22247972190034765,38.80819074943634,0.4109473665255116,5.1175e-06,7.781944444444445e-06,breakout_30d|squeeze_breakout,2,0,haussier,365,0,0,30,,,31.0,75.0,62.5,78.5,61.8,58.95,False,False,,3,⚡ Volume ×38.8 vs médiane,,38.81,71,2,,RSI 73 (surachat),134650235,134651935,20054673422580.0,20054926547580.0,21000000000000.0,100.0,,,
XLMUSDT,XLM,Etabli,17,0.1838,8477432.5292,-1.183,44.38417235957322,-0.000977806059921983,0.19899400000000003,0.18146099999999998,0.7590469572188463,0.33435936898807245,0.2924201616006156,0.365399571443849,0.2420361551319537,0.1509472222222222,0.22663055555555556,,0,0,neutre,365,0,0,30,,,45.0,36.0,67.0,78.5,50,58.89,False,False,,0,,,,49,3,,Volume ×0.4 (épuisement),6271483194,9178511743,34165164745.53818,50001786839.91257,,68.3,,,
ENAUSDT,ENA,Etabli,82,0.0791,6266011.153124,-3.654,47.205493232388235,0.0008223112172718911,0.08475800000000001,0.12011250000000002,0.7797850882684292,0.4599092284417549,0.40090771558245086,0.2855955639367587,0.2378002557372128,0.0763611111111111,0.12119444444444448,double_bottom_90d,1,0,haussier,365,0,0,30,,,45.0,37.0,62.5,78.5,50,58.74,False,False,,0,,,,51,2,,Volume ×0.3 (épuisement),755089436,1184647587,9560937500.0,15000000000.0,15000000000.0,63.7,3905125177,$3.9B,-11.75
MORPHOUSDT,MORPHO,Etabli,59,1.944,2175386.65468,-2.361,48.62610519540161,0.004357449545654431,1.94294,1.690145,0.7878189360168639,0.2668151447661471,0.133718347401155,0.3830049819886359,0.46236063771115055,1.7271111111111102,2.199277777777778,uptrend,1,0,haussier,284,0,0,30,,,42.8,73.0,73.0,68.0,50,58.71,False,False,,0,,,,64,2,,Volume ×0.4 (épuisement),1278581163,1955118913,653965932.5889571,1000000000.0,1000000000.0,65.4,7116077849,$7.1B,1.15
TAOUSDT,TAO,Etabli,42,208.3,10891987.1363,-0.857,43.03572890294082,0.9503537193386338,226.14399999999995,241.72350000000006,0.44488144275789604,0.39600873090115374,0.35048331774243835,0.3140818075724929,0.6607771466521624,204.07222222222222,299.93611111111096,,0,0,neutre,365,0,0,30,,,45.0,28.0,79.0,78.5,50,58.65,False,False,,0,,,,48,2,,Volume ×0.3 (épuisement),1999294088,4374599136,9597491.0,21000000.0,21000000.0,45.7,,,
BTCUSDT,BTC,Etabli,1,63097.66,866091098.645353,-1.274,48.88513929602264,449.15501765702527,64662.65779999999,73789.79745000003,0.30185610343339087,0.2868913747427779,0.2324825900282046,0.6224967988437381,1.0000000000000002,60692.94194444445,80054.21583333332,downtrend,0,1,baissier,365,0,0,30,,,45.0,46.0,69.5,78.5,23.4,58.64,False,False,,0,🔥 Trending #9 sur CoinGecko,9,,49,0,,,1264273547172,1264274114515,20055675.0,20055684.0,21000000.0,100.0,,,
BNBUSDT,BNB,Etabli,4,570.04,50692375.47036,-0.787,45.4087127557838,2.498277067084996,597.8380000000001,672.6911,0.2972655391616473,0.2396137685393884,0.20676461585552497,0.34566997514076947,0.7348122584570417,561.973888888889,671.738611111111,downtrend|doji_4h,0,1,baissier,365,0,0,30,,,45.0,37.0,87.5,78.5,23.4,58.64,False,False,,0,,,,49,2,,Volume ×0.3 (épuisement),76716348796,76716348796,134782041.6,134782041.6,200000000.0,100.0,136167600106,$136.2B,-0.61
DCRUSDT,DCR,Mid,140,14.85,5120356.12921,34.389,74.44080982876653,0.4146913777418048,12.579799999999995,19.397600000000015,0.993071928670667,0.491741387446909,0.29164700330344506,15.323261199605675,0.4200018017643892,11.103055555555557,20.312222222222225,breakout_30d|squeeze_breakout|downtrend|doji_4h,2,1,haussier,365,0,0,30,,,31.0,75.0,73.0,78.5,35.1,57.98,False,False,,3,⚡ Volume ×15.3 vs médiane,,15.32,66,2,,RSI 74 (surachat),262886088,262890450,17509734.37013136,17510024.90396936,21000000.0,100.0,,,
LTCUSDT,LTC,Etabli,27,43.77,7233791.90243,-1.685,47.13550467074687,0.20586830450665744,45.09800000000002,56.27499999999999,0.3679601623611016,0.32285288763859005,0.2748634784047658,0.26974025603850493,0.7147464049068382,42.19777777777777,57.375,downtrend,0,1,baissier,365,0,0,30,,,45.0,37.0,75.5,78.5,23.4,57.92,False,False,,0,,,,47,2,,Volume ×0.3 (épuisement),3383029717,3383156232,77379572.59328538,77382466.35129589,84000000.0,100.0,,,
PAXGUSDT,PAXG,Etabli,44,4065.14,6470005.463296,-0.864,41.1043500637377,7.83348195733781,4229.885200000001,4643.960249999998,0.20674192205761324,0.16929877878019087,0.1566924380625609,0.26281570202864357,0.5041443722195897,4062.635833333333,4744.039444444444,shooting_star_4h,0,1,baissier,365,0,0,30,,,45.0,28.0,95.5,78.5,21.0,57.91,False,False,,0,,,,44,4,⚠️ Surveiller,Volume ×0.3 (épuisement)|Étoile filante 4h,1822264848,1822264848,448890.635333,448890.635333,,100.0,1825986363,$1.8B,-2.52
TUSDT,T,Mid,399,0.00504,9339819.180413,-6.839,70.37391040209363,0.000231057833732226,0.003947599999999998,0.006315299999999999,1.3645686338387015,0.5067873303167421,0.2398190045248868,11.901230877338506,0.3956640419904296,0.0034297222222222216,0.006318333333333334,,0,0,neutre,365,0,0,30,,,31.0,75.0,53.5,78.5,50,57.7,False,False,,3,⚡ Volume ×11.9 vs médiane,,11.9,67,0,,,56092573,56092573,11155000000.0,11155000000.0,,100.0,326341510,$326M,0.39
ADAUSDT,ADA,Etabli,20,0.1598,12585538.93143,-2.798,42.87597182843791,0.000697243076337515,0.17744800000000008,0.2609835,0.7378034592111529,0.4907932011331444,0.4337818696883853,0.3759299331946567,0.7211573042992939,0.15247777777777777,0.2651972222222222,,0,0,neutre,365,0,0,30,,,45.0,28.0,60.5,78.5,50,57.54,False,False,,0,,,,45,2,,Volume ×0.4 (épuisement),5951044543,7185351218,37269855891.6933,45000000000.0,45000000000.0,82.8,,,
PEPEUSDT,PEPE,Etabli,61,2.73e-06,12202265.53580151,0.0,51.24018357099864,4.421597229051039e-08,2.8336e-06,3.820250000000006e-06,0.7039879439043634,0.47165532879818595,0.38095238095238093,0.3202460600538732,0.6935593006929962,2.5052777777777784e-06,4.128888888888888e-06,downtrend,0,1,baissier,365,0,0,30,,,45.0,37.0,68.5,78.5,23.4,57.5,False,False,,0,,,,46,2,,Volume ×0.3 (épuisement),1149336519,1149336519,420690000000000.0,420690000000000.0,420690000000000.0,100.0,,,
DOGEUSDT,DOGE,Etabli,11,0.07227,20148221.33919,-0.986,33.899641844471844,0.0003736947770726271,0.0834802,0.10080430000000001,0.35730668279562205,0.3757145331716611,0.37398233154339167,0.23501447760277588,0.7307653456179843,0.07377777777777778,0.11079638888888892,,0,0,neutre,365,0,0,30,,,45.0,19.0,71.0,78.5,50,57.09,False,False,,0,,,,44,2,,Volume ×0.2 (épuisement),11188762296,12322618116,155050836383.7052,170763503126.579,,90.8,,,
XRPUSDT,XRP,Etabli,6,1.0778,54836832.33836,-1.553,41.564332220513926,0.003321812639383557,1.1548880000000001,1.4477015000000002,0.4077808747532794,0.2996902774037167,0.273969835712362,0.3812910405952808,0.8392425282255287,1.071394444444444,1.4490249999999998,downtrend,0,1,baissier,365,0,0,30,,,45.0,28.0,75.5,78.5,23.4,56.84,False,False,,0,,,,41,2,,Volume ×0.4 (épuisement),67273081383,107679182884,62466503703.0,99985639695.0,100000000000.0,62.5,,,
OPUSDT,OP,Mid,157,0.0998,5172573.876354,-1.965,44.081174488288895,0.00013121570618494002,0.10616400000000002,0.159426,0.532189116021205,0.470314318975553,0.41850989522700816,1.7333705392955552,0.4059885294550151,0.09674166666666667,0.14428055555555555,uptrend,1,0,haussier,365,0,0,30,,,31.0,55.0,79.0,78.5,50,56.83,False,False,,0,,,,56,0,,,215530851,428665971,2159485520.0,4294967296.0,4294967296.0,50.3,607761836,$608M,2.46
SKYUSDT,SKY,Etabli,57,0.05947,1178684.88895,-3.332,55.003134191057946,0.0008847109596269605,0.05850359999999998,0.06753065,0.710264127627486,0.44937416182387124,0.3354939651318731,0.41034932161882465,0.4784757324715251,0.05352305555555556,0.08292527777777778,uptrend,1,0,haussier,300,0,0,30,,,43.2,57.0,68.5,68.0,50,56.67,False,False,,0,,,,58,2,,Volume ×0.4 (épuisement),1380068100,1388158045,23325928785.06761,23462665147.36596,23462665147.3,99.4,5869552976,$5.9B,0.86
POLUSDT,POL,Etabli,72,0.08222,3785548.303622,3.735,65.14727403237146,0.0013791392726464102,0.07921039999999999,0.09802935,0.40002346052996157,0.3442105263157895,0.21291866028708128,0.7164202838421994,0.5422911497191522,0.07241472222222226,0.09827166666666666,downtrend,0,1,baissier,365,0,0,30,,,45.0,57.0,83.5,68.0,23.4,56.62,False,False,,0,,,,51,0,,,877988521,877988521,10677545891.24876,10677545891.24876,,100.0,2898988349,$2.9B,3.25
XAUTUSDT,XAUT,Etabli,37,4064.03,7258020.344864,-0.798,41.226102028450605,7.808196358647123,4222.127200000001,,0.2018013625192431,0.16880519394206245,0.15601141470952307,0.32564459200985924,0.5125104805690235,4059.245000000001,4740.82111111111,shooting_star_4h,0,1,baissier,110,0,0,30,,,38.0,36.0,95.5,78.5,21.0,56.34,False,False,,0,,,,46,4,⚠️ Surveiller,Volume ×0.3 (épuisement)|Étoile filante 4h,2486582558,2871742205,612823.659532,707747.089,,86.6,2900760393,$2.9B,-1.94
HOTUSDT,HOT,Mid,364,0.000363,2259030.039857,0.554,58.25162364569889,5.887736247186211e-06,0.0003294199999999999,0.0004077999999999999,0.974166935367521,0.3632385120350109,0.20568927789934358,2.4043266829653267,0.5224752686942107,0.00029977777777777777,0.0004476944444444445,,0,0,neutre,365,0,0,30,,,31.0,84.0,73.0,68.0,50,55.77,False,False,,0,,,,71,0,,,64054788,64054788,177619433541.1413,177619433541.1413,,100.0,,,
ONDOUSDT,ONDO,Etabli,50,0.3205,3227356.78422,-2.018,44.40754782337976,0.0011633344825023612,0.34640800000000005,0.31692650000000006,0.41514245984969844,0.3172459597077706,0.2900154970112907,0.16140939322142722,0.30618651390553353,0.26273611111111106,0.4179,,0,0,neutre,365,0,0,30,,,45.0,36.0,83.5,68.0,50,55.7,False,False,,0,,,,51,2,,Volume ×0.2 (épuisement),1558423185,3200487496,4869330647.0,10000000000.0,10000000000.0,48.7,2551400833,$2.6B,-0.1
ICPUSDT,ICP,Etabli,60,2.223,2800877.40273,-1.332,46.399263383592995,0.016233710711786198,2.3795599999999992,2.631514999999999,0.43170832434351925,0.42004971002485497,0.3858050262358464,0.2670014027544192,0.28397575890235627,2.166861111111111,3.083444444444444,,0,0,neutre,365,0,0,30,,,45.0,37.0,73.0,68.0,50,55.19,False,False,,0,,,,53,2,,Volume ×0.3 (épuisement),1230888799,1230888799,554408921.5484246,554408921.5484246,,100.0,,,
DODOUSDT,DODO,Speculative,824,0.01951,7737871.806182,19.473,56.37422542046899,0.0002562408259584052,0.016985399999999998,0.01696495,1.6522904082658327,0.3785166240409208,0.16410912190963353,6.8070636555770765,0.20345565758245474,0.015398333333333332,0.02126611111111111,macd_bullish_cross|uptrend,2,0,haussier,365,0,0,30,,,17.0,100.0,46.0,78.5,50,55.19,False,False,,3,⚡ Volume ×6.8 vs médiane,,6.81,76,0,,,19958850,19958850,1000000000.0,1000000000.0,1000000000.0,100.0,11443733,$11M,-2.02
KAITOUSDT,KAITO,Mid,191,0.675,1415688.5858,2.35,63.778934575723326,0.0036156005638753666,0.5161159999999998,0.4477785,0.99502468336317,0.21361058601134222,0.0007426110203476251,0.3586663281552154,0.23210649634949218,0.41810833333333325,0.6200000000000001,uptrend,1,0,haussier,365,0,0,30,,,31.0,73.0,83.5,68.0,50,55.08,False,False,,0,,,,65,4,⚠️ Surveiller,Volume ×0.4 (épuisement)|Près du plus haut 90j (résistance),162580695,673521865,241388889.0,1000000000.0,1000000000.0,24.1,,,
XPLUSDT,XPL,Mid,149,0.09099,6072864.846635,-1.087,47.40028288234322,-0.0016933812320202237,0.0904214,0.10751485,1.5246740486175419,0.5656493967352733,0.3524485450674237,0.5387347080763102,0.3561472278617019,0.07632777777777776,0.11404416666666667,uptrend,1,0,haussier,292,0,0,30,,,29.0,66.0,38.5,78.5,50,55.0,False,False,,0,,,,56,3,,Volume ×0.5 (épuisement),235052119,904046613,2600000000.0,10000000000.0,,26.0,,,
ETCUSDT,ETC,Etabli,63,6.99,1564906.1592,1.895,44.93347584302001,0.010709628831501311,7.3452,8.952450000000002,0.3722540764799988,0.31963927855711427,0.2985971943887776,0.4651335375453921,0.662681235076522,6.891111111111112,9.313611111111111,,0,0,neutre,365,0,0,30,,,45.0,28.0,83.5,68.0,50,54.74,False,False,,0,,,,49,2,,Volume ×0.5 (épuisement),1094272929,1094272929,156559601.6228963,156559601.6228963,210700000.0,100.0,,,
DOTUSDT,DOT,Etabli,55,0.833,4305184.26179,-1.537,38.79755649582478,0.007512385916333672,0.9638800000000003,1.3701449999999995,0.4704191391131976,0.4143167028199566,0.39624005784526395,0.45132706438158904,0.6213328353020786,0.8422499999999999,1.3337777777777777,,0,0,neutre,365,0,0,30,,,45.0,28.0,79.0,68.0,50,54.47,False,False,,0,,,,48,2,,Volume ×0.5 (épuisement),1411158920,1411158920,1693061265.869743,1693061265.869743,2100000000.0,100.0,1978264,$2M,-4.07
FILUSDT,FIL,Etabli,91,0.761,4281654.90696,-3.304,44.775907378137454,0.003725983495614253,0.8087799999999997,0.9948500000000001,0.3973371726284038,0.4428904428904429,0.40870240870240865,0.29219626220560535,0.46070050563346493,0.7352222222222221,1.0738333333333334,,0,0,neutre,365,0,0,30,,,45.0,28.0,79.0,68.0,50,54.47,False,False,,0,,,,48,2,,Volume ×0.3 (épuisement),606224633,1487649661,797691360.0,1957500929.0,,40.8,,,
ATOMUSDT,ATOM,Etabli,77,1.547,1310185.4735,-0.897,36.90450033673397,0.009807373481975676,1.76608,1.946755,0.40508622198880384,0.3178539224526601,0.30252479711451763,0.393877168429788,0.5205877886092931,1.565305555555556,2.094583333333334,,0,0,neutre,365,0,0,30,,,45.0,28.0,79.0,68.0,50,54.47,False,False,,0,,,,48,2,,Volume ×0.4 (épuisement),802202600,802202600,519161282.226379,519161282.226379,,100.0,,,
ASTERUSDT,ASTER,Etabli,46,0.623,2694003.63145,0.322,45.51138465155872,-0.00019728834106113452,0.6458600000000001,0.6697500000000011,0.561229276030724,0.17315436241610738,0.16241610738255033,0.1807861819117824,0.4225646969197964,0.6156111111111111,0.7113611111111111,macd_bearish_cross,0,1,baissier,281,0,0,30,,,42.7,37.0,95.5,68.0,27.9,54.38,False,False,,0,,,,51,5,⚠️ Surveiller,Volume ×0.2 (épuisement)|MACD cross baissier,1669612372,4870973096,2680197404.779776,7819281690.206728,8000000000.0,34.3,112857285,$113M,0.01
KITEUSDT,KITE,Mid,126,0.1372,7700284.2159,21.309,52.36568553736993,0.003979682087858542,0.16166799999999998,0.16702099999999995,0.993270136805885,0.5754677754677755,0.42577962577962575,2.3030198651823275,0.318542187713563,0.11865833333333334,0.21547777777777777,death_cross|support_bounce,1,1,mixte,253,0,0,30,,,27.9,64.0,59.5,78.5,26.8,54.25,False,False,,0,,,,57,0,,,334940696,1400724552,2391196012.0,10000000000.0,10000000000.0,23.9,,,
RUNEUSDT,RUNE,Mid,209,0.407,1021724.9272,0.743,53.106802258995906,0.0014486373397371811,0.39828,0.45734000000000063,0.4699653279315257,0.48966613672496023,0.35135135135135137,0.5249963869177761,0.4789900896001908,0.36986111111111103,0.5556666666666668,macd_bullish_cross,1,0,haussier,365,0,0,30,,,31.0,66.0,79.0,68.0,50,53.97,False,False,,0,,,,62,2,,Volume ×0.5 (épuisement),138160884,144647155,338265870.0,354146516.0,354146621.0,95.5,52302114,$52M,-1.28
BLURUSDT,BLUR,Mid,432,0.01806,1281793.907904,4.092,53.24558301052103,0.0002867563781815694,0.017614799999999996,0.022774200000000026,1.5386382101794833,0.5917056074766355,0.4745911214953271,2.2947930003607464,0.3156935303888108,0.01502555555555555,0.030059166666666668,,0,0,neutre,365,0,0,30,,,31.0,84.0,38.5,68.0,50,53.7,False,False,,0,,,,65,0,,,50926193,53759103,2841910842.893836,3000000000.0,3000000000.0,94.7,13382450,$13M,-0.98
WLFIUSDT,WLFI,Etabli,43,0.0576,1878143.48152,0.174,45.63408241472131,4.399501342047102e-05,0.05857799999999999,0.09627949999999996,0.37657916195134916,0.33698296836982966,0.2992700729927007,0.18417149366593066,0.12359760315775488,0.05600555555555552,0.07689722222222223,downtrend,0,1,baissier,316,0,0,30,,,43.7,37.0,77.5,68.0,23.4,53.37,False,False,,0,,,,47,2,,Volume ×0.2 (épuisement),1830720604,5761609171,31774466990.0,100000000000.0,100000000000.0,31.8,,,
CAKEUSDT,CAKE,Mid,109,1.392,1932606.65401,-1.764,52.09700972309208,0.0026551726299806153,1.3595800000000002,1.5055999999999992,0.4022747033690934,0.2860650705954573,0.1442602823818294,0.3863771254021533,0.6291017622409529,1.285527777777778,1.563666666666667,uptrend,1,0,haussier,365,0,0,30,,,31.0,57.0,83.5,68.0,50,53.16,False,False,,0,,,,60,2,,Volume ×0.4 (épuisement),449246103,466411971,322752398.775139,335084893.5388313,400000000.0,96.3,1665875343,$1.7B,-1.13
SYNUSDT,SYN,Mid,357,0.29921,4691174.514561,-7.052,48.781188138489874,-0.02629996901747776,0.19685860000000002,0.08960114999999998,3.6706706303457644,0.5267558528428093,0.46914478353442157,0.6555972176836928,0.005816069844659602,0.039011111111111114,0.4184777777777777,doji_4h,0,0,neutre,365,0,0,30,,,31.0,82.0,32.5,68.0,50,53.1,False,False,,0,,,,60,1,,,64940791,74110810,219066529.0,250000000.0,250000000.0,87.6,11372700,$11M,-1.5
VANRYUSDT,VANRY,Speculative,,0.005871,7726503.064066,-13.151,58.18037623796914,0.00016014544562150258,0.00415514,0.0056622550000000015,2.1857007639550763,0.5363522406769038,0.2159592984335252,6.471990831508113,0.3184481428822661,0.0031535000000000005,0.00639513888888889,,0,0,neutre,365,0,0,30,,,17.0,84.0,43.0,78.5,50,53.09,False,False,,3,⚡ Volume ×6.5 vs médiane,,6.47,71,0,,,,,,,,,,,
SHIBUSDT,SHIB,Etabli,38,4.2e-06,2064243.98567989,-2.552,34.52767144206891,2.0669672920045507e-08,4.7196e-06,6.077449999999994e-06,0.32702758652072483,0.36913767019667176,0.3630862329803328,0.36569385102943297,0.7313950228747654,4.2674999999999985e-06,6.384722222222222e-06,doji_4h,0,0,neutre,365,0,0,30,,,45.0,19.0,71.0,68.0,50,52.91,False,False,,0,,,,44,2,,Volume ×0.4 (épuisement),2474868124,2475946245,589242946513513.1,589499637009920.8,,100.0,,,
ALLOUSDT,ALLO,Mid,281,0.3858,6186233.83629,4.837,54.4122268729248,-1.8705037247462863e-05,0.3236419999999999,0.15845500000000007,1.907023002972769,0.4822938085446653,0.1169750970984692,0.25663691481285367,0.031058656937122037,0.08830277777777777,0.4269527777777778,macd_bearish_cross|downtrend,0,2,baissier,245,0,0,30,,,27.7,73.0,46.0,78.5,1.3,52.9,False,False,,0,,,,48,5,⚠️ Surveiller,Volume ×0.3 (épuisement)|MACD cross baissier,92931772,304914475,240020091.62331,787519690.135374,1000000000.0,30.5,,,
TIAUSDT,TIA,Mid,114,0.4094,3565738.663885,0.368,57.23711353264558,0.0023607989020150615,0.37687200000000004,0.3843815000000002,0.8125900034874054,0.36317567567567577,0.1355574324324325,0.39369466644993445,0.45997688245927304,0.3283222222222222,0.4472944444444445,,0,0,neutre,365,0,0,30,,,31.0,57.0,73.0,68.0,50,52.53,False,False,,0,,,,59,2,,Volume ×0.4 (épuisement),387535032,482346859,942103471.733435,1172592446.05834,,80.3,,,
ETHFIUSDT,ETHFI,Mid,117,0.411,2510819.8952,-6.378,57.99859602984725,0.0037387639121640795,0.35674000000000006,0.48235999999999984,0.9916829192465583,0.44054580896686163,0.20077972709551664,0.4946381776252291,0.4553378856282793,0.31208333333333327,0.4632777777777778,,0,0,neutre,365,0,0,30,,,31.0,57.0,73.0,68.0,50,52.53,False,False,,0,,,,59,2,,Volume ×0.5 (épuisement),380206015,409384505,927366299.0,998535999.0,1000000000.0,92.9,2956590528,$3.0B,0.67
LDOUSDT,LDO,Mid,139,0.313,1647432.669893,1.623,62.941011480174076,0.006200630197146194,0.28228999999999993,0.37099599999999994,0.6400042445867393,0.46379079123826555,0.29883772910147527,0.40958904575498684,0.5144422598869478,0.25279166666666664,0.405813888888889,uptrend,1,0,haussier,365,0,0,30,,,31.0,57.0,73.0,68.0,50,52.53,False,False,,0,,,,59,2,,Volume ×0.4 (épuisement),262446122,313794767,836362327.7060835,1000000000.0,1000000000.0,83.6,16404817413,$16.4B,1.06
REDUSDT,RED,Mid,435,0.1126,1320854.64893,-0.618,60.3181836557843,0.0024337485699181135,0.10411,0.15304899999999994,0.8900928002116698,0.4334600760456274,0.28517110266159695,0.2616965895168715,0.5137603213275829,0.09263888888888891,0.14915833333333334,,0,0,neutre,365,0,0,30,,,31.0,57.0,73.0,68.0,50,52.53,False,False,,0,,,,59,2,,Volume ×0.3 (épuisement),50271063,112496836,446866463.0,1000000000.0,1000000000.0,44.7,,,
币安人生USDT,币安人生,Etabli,88,0.7026,4258485.061,0.114,51.825181174770364,-0.0063565510039813675,0.6679780000000001,,0.7915373623627758,0.31631589914565533,0.14252564728871522,0.07369605129808574,0.027664458410464065,0.3537277777777778,0.7469194444444446,double_top_90d,0,1,baissier,188,0,0,30,,,40.2,45.0,67.0,68.0,20.8,52.28,False,False,,0,,,,47,5,⚠️ Surveiller,Volume ×0.1 (épuisement)|Double sommet,700688286,700688286,1000000000.0,1000000000.0,1000000000.0,100.0,,,
HBARUSDT,HBAR,Etabli,31,0.06732,3456240.02187,-0.576,34.44688589052225,-0.00015321548770872882,0.07879299999999997,0.09300354999999998,0.45813551855294266,0.32143937103114606,0.32143937103114606,0.3025861999090318,0.5994217915734454,0.07111777777777777,0.09453,rsi_bullish_divergence|macd_bearish_cross,1,1,mixte,365,0,0,30,,,45.0,19.0,79.0,68.0,31.6,52.28,False,False,,0,,,,41,5,⚠️ Surveiller,Volume ×0.3 (épuisement)|MACD cross baissier,2943635998,3361089683,43789905598.28691,50000000000.0,50000000000.0,87.6,,,
PENDLEUSDT,PENDLE,Mid,144,1.495,1500754.1979,-2.031,56.03764600647934,0.013643115917718083,1.3920199999999996,1.497415,0.6266369428904085,0.4529356943150047,0.30288909599254427,0.20374230905250132,0.5415230298927922,1.2199722222222218,1.9700555555555554,uptrend,1,0,haussier,365,0,0,30,,,31.0,57.0,68.5,68.0,50,52.26,False,False,,0,🔥 Trending #14 sur CoinGecko,14,,58,2,,Volume ×0.2 (épuisement),255694936,420612639,171143556.2634302,281527448.4585314,,60.8,1040152421,$1.0B,5.02
JTOUSDT,JTO,Mid,128,0.6614,4355303.40689,10.732,48.691209281472574,-0.019439064354602652,0.64369,0.421348,1.5933001957844182,0.3094314155559305,0.19282238442822383,0.6254702580243879,0.14165679538669654,0.34005277777777765,0.768313888888889,double_top_90d|uptrend,1,1,mixte,365,0,0,30,,,31.0,82.0,46.0,68.0,20.8,52.15,False,False,,0,,,,55,3,,Double sommet,327293088,662710711,493870225.6,1000000000.0,,49.4,766501101,$767M,-5.32
EIGENUSDT,EIGEN,Mid,175,0.2428,1749690.608083,3.938,55.38424818731028,0.00038976566986701194,0.21772799999999998,0.23178200000000002,1.2163490913408428,0.35440000000000005,0.14947368421052623,0.32747708303744666,0.4144757671345361,0.17315000000000003,0.2502166666666666,uptrend,1,0,haussier,365,0,0,30,,,31.0,57.0,62.5,68.0,50,51.9,False,False,,0,,,,57,2,,Volume ×0.3 (épuisement),179446569,440915572,741228566.6979554,1821261998.093281,,40.7,4840609445,$4.8B,0.31
TREEUSDT,TREE,Speculative,884,0.0426,7143858.45132,-4.698,44.06899953609028,0.0005392654554742203,0.047332,0.06893700000000001,0.4949402486251586,0.47196870925684486,0.44589308996088656,8.52241884486659,0.5381854500547408,0.04178055555555554,0.07286666666666668,,0,0,neutre,350,0,0,30,,,16.6,55.0,79.0,78.5,50,51.63,False,False,,3,⚡ Volume ×8.5 vs médiane,,8.52,65,0,,,17082689,19116336,101361867.09737062,113428716.40365808,200000000.0,89.4,57768491,$58M,-0.26
OGNUSDT,OGN,Speculative,,0.01739,5430240.22246,4.069,51.936924765213874,0.00021455441453440023,0.0176876,0.02279945000000001,1.0135353444624664,0.4204228161148783,0.3071400079776625,6.2332358688589204,0.44464854891885797,0.015714166666666668,0.024425,bullish_engulfing_4h,1,0,haussier,365,0,0,30,,,17.0,64.0,58.0,78.5,50,51.59,False,False,,3,⚡ Volume ×6.2 vs médiane,,6.23,67,0,,,,,,,,,,,
TLMUSDT,TLM,Speculative,,0.001834,6487401.503116,-4.23,51.48005818064183,-4.2617913992871624e-05,0.0014031599999999997,0.0017726800000000004,3.0688469861330616,0.5956730769230769,0.44461213401750677,1.9809123399809543,0.4063933812631312,0.0009452500000000001,0.002393249999999999,macd_bearish_cross|doji_4h,0,1,baissier,365,0,0,30,,,17.0,84.0,38.5,78.5,27.9,51.5,False,False,,0,,,,56,3,,MACD cross baissier,,,,,,,,,
RENDERUSDT,RENDER,Etabli,78,1.523,1575686.68321,-1.679,40.30497348666049,0.004252537807866406,1.7202199999999999,1.7402549999999994,0.45159194885631676,0.34439109559144476,0.33435181143605414,0.19943653339551298,0.513075441597921,1.5372500000000002,2.0763611111111113,death_cross|downtrend,0,2,baissier,365,0,0,30,,,45.0,28.0,79.0,68.0,0.2,51.48,False,False,,0,,,,36,2,,Volume ×0.2 (épuisement),789509354,811972580,518772101.2826915,533532274.5626915,644245094.0,97.2,,,
ALGOUSDT,ALGO,Etabli,83,0.083,1131310.6231,-1.19,38.756213586185524,0.00015650599875385515,0.09475000000000006,0.10401650000000004,0.5524586342457539,0.37874251497005984,0.37799401197604793,0.2558516477410444,0.4705500602818021,0.08532777777777777,0.12394166666666669,double_top_90d|downtrend,0,2,baissier,365,0,0,30,,,45.0,28.0,79.0,68.0,0,51.47,False,False,,0,,,,36,4,⚠️ Surveiller,Volume ×0.3 (épuisement)|Double sommet,743615870,743620662,8962741916.034248,8962799673.38326,10000000000.0,100.0,,,
PYTHUSDT,PYTH,Mid,115,0.04895,1519531.548166,3.423,70.26982673834839,0.0011064622201925971,0.0383434,0.047780350000000006,0.7963991247224469,0.479933110367893,0.17892976588628765,0.47147354214598985,0.5478054817387761,0.033441666666666654,0.05302749999999999,uptrend,1,0,haussier,365,0,0,30,,,31.0,48.0,73.0,68.0,50,51.45,False,False,,0,,,,53,2,,Volume ×0.5 (épuisement),384618880,488406061,7874981714.7107,10000000000.0,10000000000.0,78.7,,,
SNXUSDT,SNX,Mid,218,0.23,1474161.1318,-2.954,48.75504282114923,0.0030975779059847167,0.24667999999999995,0.32083499999999965,1.1682127112133955,0.45355191256830596,0.3715846994535519,1.335812454080228,0.48844681136610835,0.2190277777777778,0.33699999999999997,,0,0,neutre,365,0,0,30,,,31.0,55.0,58.0,68.0,50,51.39,False,False,,0,,,,56,0,,,133732716,133830230,580980590.4572881,581404223.5556631,,99.9,1251320,$1M,-8.99
INJUSDT,INJ,Mid,106,4.767,2858770.54311,-3.149,47.19198900369494,0.03896335876437704,5.216519999999999,4.135314999999997,0.7650655856348123,0.3899856938483548,0.31759656652360524,0.21497626471550668,0.3454153021613197,3.4224722222222215,6.02486111111111,,0,0,neutre,365,0,0,30,,,31.0,45.0,68.5,68.0,50,50.82,False,False,,0,,,,54,2,,Volume ×0.2 (épuisement),476518051,476518051,100000000.0,100000000.0,,100.0,10490879,$10M,-0.18
CRVUSDT,CRV,Mid,130,0.2072,1133488.39045,0.631,49.48375913388871,0.0010413510043637175,0.20984799999999992,0.258208,0.5767881557460535,0.3525230987917555,0.26403695806680877,0.2708131431376167,0.5784907324482779,0.19295555555555555,0.25550555555555554,,0,0,neutre,365,0,0,30,,,31.0,37.0,83.5,68.0,50,50.76,False,False,,0,,,,54,2,,Volume ×0.3 (épuisement),317595212,496073725,1536008021.0,2399196185.062315,3030303031.0,64.0,1270449499,$1.3B,-0.32
RIFUSDT,RIF,Mid,234,0.1156,1193835.2629,-11.077,53.68755371316584,0.0009594245331522692,0.089272,0.0533735,2.62587773682492,0.5158407798537774,0.1720430107526882,0.308804738631687,0.10544156296074073,0.04494722222222222,0.11974999999999997,downtrend,0,1,baissier,365,0,0,30,,,31.0,73.0,37.0,68.0,23.4,50.69,False,False,,0,,,,51,2,,Volume ×0.3 (épuisement),116061961,116061961,1000000000.0,1000000000.0,,100.0,,,
CFXUSDT,CFX,Mid,152,0.04294,1228783.11074,-1.469,42.14115594413398,0.00020202697182507387,0.046600600000000034,0.05700495000000001,0.5212649054259663,0.4511209593326381,0.44017205422314903,0.5280547857621501,0.46898927991900946,0.042911944444444454,0.06617666666666668,,0,0,neutre,365,0,0,30,,,31.0,37.0,79.0,68.0,50,50.49,False,False,,0,,,,51,2,,Volume ×0.5 (épuisement),223719013,224128174,5213885114.89,5223420807.81,,99.8,,,
ORDIUSDT,ORDI,Mid,331,3.494,1753281.66671,2.224,51.34351866285871,0.012832599092989262,3.3879599999999988,3.5383200000000015,1.0761595943176792,0.6552007513500823,0.5905142052124913,0.21399927286999307,0.22836952449620276,3.0722777777777774,5.558861111111111,uptrend,1,0,haussier,365,0,0,30,,,31.0,57.0,38.5,68.0,50,50.46,False,False,,0,,,,53,2,,Volume ×0.2 (épuisement),73150586,73150586,21000000.0,21000000.0,,100.0,,,
SXTUSDT,SXT,Speculative,809,0.00785,13292370.564803,-15.135,50.73242881921126,0.0002662610326017406,0.008473800000000002,0.017181550000000007,1.4218761009223415,0.6470914127423822,0.5656509695290859,9.56748706992912,0.2891744738191587,0.007013888888888891,0.01711333333333333,doji_4h,0,0,neutre,365,0,0,30,,,17.0,64.0,38.5,78.5,50,50.42,False,False,,3,⚡ Volume ×9.6 vs médiane,,9.57,64,0,,,20535323,39509034,2598813644.2665,5000000000.0,5000000000.0,52.0,,,
LUNCUSDT,LUNC,Mid,127,5.995e-05,1313390.70881991,-1.382,39.657497460198954,2.583525200169513e-07,6.843280000000001e-05,5.3248450000000014e-05,0.4905303615939661,0.4822966507177034,0.47925184862983905,0.18750759288938737,0.36514978729621067,5.052944444444444e-05,9.281972222222223e-05,,0,0,neutre,365,0,0,30,,,31.0,36.0,79.0,68.0,50,50.37,False,False,,0,,,,50,2,,Volume ×0.2 (épuisement),330884186,386244724,5529218846912.449,6454317543611.06,,85.7,,,
EGLDUSDT,EGLD,Mid,279,3.06,862858.7155,0.0,59.813024155124126,0.0658317461552386,2.9742000000000006,4.2465,0.6102801394124034,0.4792531120331951,0.36514522821576767,1.2748985911917528,0.6304073802450689,2.646944444444445,4.453333333333333,,0,0,neutre,365,0,0,30,,,31.0,75.0,68.5,57.5,50,50.23,False,False,,0,,,,63,0,,,93169505,93169505,30340898.0,30340898.0,,100.0,,,
DASHUSDT,DASH,Mid,110,33.99,3415228.04938,-2.074,45.64981005324523,0.11670774741943468,36.06439999999999,40.00470000000002,0.6343727840428532,0.3955495875695377,0.34663341645885287,0.21897437596335617,0.5204949693912527,33.060833333333335,47.734444444444435,,0,0,neutre,365,0,0,30,,,31.0,37.0,68.5,68.0,50,49.86,False,False,,0,,,,52,2,,Volume ×0.2 (épuisement),434052606,434067129,12764406.17454188,12764833.25424249,18920000.0,100.0,,,
VIRTUALUSDT,VIRTUAL,Mid,119,0.5656,3125930.71462,-7.973,48.278073482551406,0.007423408526726301,0.606984,0.7044189999999996,0.7178098913969396,0.4378818737270876,0.39318254904062594,0.32317403726359806,0.5486244220394233,0.5372111111111111,0.8284222222222222,,0,0,neutre,365,0,0,30,,,31.0,37.0,68.5,68.0,50,49.86,False,False,,0,,,,52,2,,Volume ×0.3 (épuisement),371306085,564740263,657481164.240174,1000000000.0,1000000000.0,65.7,,,
SUNUSDT,SUN,Mid,122,0.01836,578202.1413,-0.917,60.79664003548728,0.00016875842006668247,0.0176252,0.018181799999999998,0.3315532624975844,0.21425109064469222,0.1095492001938923,0.34040366358862123,0.4129087450100404,0.016788611111111112,0.020182500000000003,,0,0,neutre,365,0,0,30,,,31.0,57.0,95.5,57.5,50,49.69,False,False,,0,,,,62,2,,Volume ×0.3 (épuisement),352740912,365021376,19231207016.78254,19900730000.0,19900730000.0,96.6,214323183,$214M,0.38
HOLOUSDT,HOLO,Mid,420,0.0723,897702.85171,-1.094,55.4685552679713,0.000526497282785283,0.067768,0.06581999999999996,0.8764074056417368,0.3699421965317919,0.16416184971098255,0.31333408894203013,0.3043922477453198,0.05936388888888887,0.07784166666666666,uptrend,1,0,haussier,306,0,0,30,,,29.4,73.0,73.0,57.5,50,49.68,False,False,,0,,,,64,2,,Volume ×0.3 (épuisement),52363449,147653263,726298493.999999,2048000000.0,2048000000.0,35.5,,,
ZAMAUSDT,ZAMA,Mid,328,0.03338,2402782.26091,-1.301,51.68419403225023,7.65752398208825e-05,0.032868800000000004,,0.6799596544425398,0.23911747167561118,0.11087420042643915,0.35201008066041184,0.21310181636368625,0.026768333333333335,0.03545916666666668,double_bottom_90d|uptrend,2,0,haussier,162,0,0,30,,,25.4,45.0,79.0,68.0,50,49.44,False,False,,0,,,,56,2,,Volume ×0.4 (épuisement),73531002,367655010,2200000000.0,11000000000.0,,20.0,50471342,$50M,39.59
SEIUSDT,SEI,Mid,129,0.04829,1204439.340786,-2.108,42.05966354400838,0.00014495741690093936,0.053950000000000026,0.07095054999999997,0.5590618887371896,0.3882894736842106,0.36381578947368426,0.19798598492599334,0.5397295286175865,0.04808527777777777,0.06814222222222222,macd_bullish_cross,1,0,haussier,365,0,0,30,,,31.0,28.0,79.0,68.0,50,49.41,False,False,,0,,,,48,2,,Volume ×0.2 (épuisement),325152685,482900027,6733333333.0,10000000000.0,,67.3,,,
DYDXUSDT,DYDX,Mid,251,0.12718,1075375.5209726,-3.542,44.73495883157563,-0.0012109907983446175,0.14211399999999996,0.13477384999999997,1.3331937375595113,0.4069522291355993,0.3458116933203065,0.34668378263354827,0.08464984353629988,0.11970027777777778,0.17732916666666665,rsi_bullish_divergence|uptrend,2,0,haussier,365,0,0,30,,,31.0,36.0,52.0,68.0,53.7,48.97,False,False,,0,,,,47,3,,Volume ×0.3 (épuisement),107964327,121925362,848607938.8070294,958342751.0,1000000000.0,88.5,89908241,$90M,-0.31
CELOUSDT,CELO,Mid,480,0.0725,704940.861673,2.041,59.325105340256364,0.000910325206620164,0.06615840000000003,0.08591539999999999,0.9952591033480406,0.43221411192214104,0.29197080291970806,1.2893292123041376,0.49421870106636245,0.060177777777777774,0.09430694444444442,downtrend,0,1,baissier,365,0,0,30,,,31.0,75.0,73.0,57.5,23.4,48.9,False,False,,0,,,,58,0,,,43809701,72560979,603763925.0,1000000000.0,1000000000.0,60.4,,,
BIOUSDT,BIO,Mid,373,0.02886,1184149.549246,0.104,45.58477960713549,2.0573958974544598e-05,0.03044580000000001,0.03187145,0.7809800258628788,0.5712396694214875,0.523801652892562,0.18454751838406225,0.06352277847850044,0.02733,0.049316666666666675,macd_bullish_cross,1,0,haussier,365,0,0,30,,,31.0,37.0,49.0,68.0,50,48.69,False,False,,0,,,,49,2,,Volume ×0.2 (épuisement),61576386,95305748,2145029070.25,3320000000.0,3320000000.0,64.6,3969050,$4M,-1.19
ANKRUSDT,ANKR,Speculative,558,0.00358,1511655.410031,-2.981,45.399037625400226,3.830097150862456e-05,0.003871,0.0049206499999999995,0.522822794635691,0.3837638376383764,0.3394833948339484,3.1854046535351737,0.6756691353533774,0.0035119444444444434,0.005200555555555556,doji_4h,0,0,neutre,365,0,0,30,,,17.0,64.0,79.0,68.0,50,48.67,False,False,,2,⚡ Volume ×3.2 vs médiane,,3.19,69,0,,,35656357,35656357,10000000000.0,10000000000.0,10000000000.0,100.0,19254672,$19M,-0.78
PLUMEUSDT,PLUME,Mid,383,0.00994,1198334.42787,-2.069,44.11974122634977,3.952365365134851e-05,0.011057999999999997,0.01228959999999999,0.6628784205536491,0.39397821909032676,0.3632286995515696,0.45300303906789,0.44528705783517386,0.009875000000000002,0.01446138888888889,,0,0,neutre,330,0,0,30,,,30.0,28.0,68.5,68.0,50,48.43,False,False,,0,,,,46,2,,Volume ×0.5 (épuisement),59236307,99226721,5969793823.0,10000000000.0,10000000000.0,59.7,,,
TRUMPUSDT,TRUMP,Mid,120,1.554,4640456.772454,-1.271,35.96365578549566,-0.006355395602887448,1.7973599999999996,3.0821999999999985,0.5554106186089861,0.49365027678280693,0.49365027678280693,0.38111837239636065,0.38753686816146093,1.6135555555555556,2.7578055555555556,macd_bearish_cross|morning_star_4h,1,1,mixte,365,0,0,30,,,31.0,28.0,79.0,68.0,27.9,48.08,False,False,,0,,,,43,5,⚠️ Surveiller,Volume ×0.4 (épuisement)|MACD cross baissier,368230805,1551006857,237414040.342428,1000000000.0,1000000000.0,23.7,,,
IOUSDT,IO,Mid,393,0.1579,1039327.627616,-4.477,41.35824204630949,-0.0018972144526883034,0.17149800000000004,0.13842850000000004,0.7023945080794576,0.29012023000522735,0.19157678479712376,0.2590245535299228,0.28252409226997893,0.1174916666666667,0.19075277777777777,downtrend,0,1,baissier,365,0,0,30,,,31.0,36.0,67.0,68.0,23.4,48.05,False,False,,0,,,,42,3,,Volume ×0.3 (épuisement),57563348,125796696,365523456.380176,798800710.5657544,800000000.0,45.8,,,
FETUSDT,FET,Mid,121,0.1601,4216141.20672,-0.062,37.43704960427001,-0.00043369468441250766,0.197878,0.2071984999999999,0.525330733740553,0.43266475644699137,0.4258595988538682,0.2698168467394988,0.4516466559006974,0.16855277777777777,0.24584722222222222,downtrend,0,1,baissier,365,0,0,30,,,31.0,28.0,79.0,68.0,23.4,47.81,False,False,,0,,,,42,3,,Volume ×0.3 (épuisement),359520431,434217701,2247436483.218724,2714384546.672,2714384546.672,82.8,,,
ZENUSDT,ZEN,Mid,323,4.104,1186846.7148,-0.894,40.372325358157426,0.03030710261303604,4.60852,6.292370000000003,0.47582169194566093,0.47020042194092826,0.4582014767932489,0.39336068378296474,0.6170914640120716,4.084694444444444,6.878250000000001,downtrend,0,1,baissier,365,0,0,30,,,31.0,28.0,79.0,68.0,23.4,47.81,False,False,,0,,,,42,2,,Volume ×0.4 (épuisement),74567881,86145824,18177613.58666088,21000000.0,21000000.0,86.6,,,
BONKUSDT,BONK,Mid,125,3.93e-06,1053702.29027306,-1.995,39.141862506125825,-2.5845592493236054e-08,4.609e-06,6.4064999999999996e-06,0.8304314006325095,0.4909326424870467,0.4909326424870467,0.24699058218982964,0.6666455039819942,4.104444444444445e-06,6.835833333333334e-06,rsi_bullish_divergence|macd_bearish_cross,1,1,mixte,365,0,0,30,,,31.0,28.0,68.5,68.0,31.6,47.67,False,False,,0,,,,42,5,⚠️ Surveiller,Volume ×0.2 (épuisement)|MACD cross baissier,345521154,345521154,87994604387837.64,87994604389582.17,87995282867000.55,100.0,,,
HEIUSDT,HEI,Speculative,,0.1019,2449496.15275,-4.139,45.96281388620377,-0.004438462063122582,0.10184000000000001,0.09645750000000002,2.968717525870617,0.4367053620784964,0.4367053620784964,0.15755167989838567,-0.04527783780092547,0.06972222222222224,0.14025555555555555,uptrend,1,0,haussier,365,0,0,30,,,17.0,73.0,41.5,68.0,50,47.5,False,False,,0,,,,59,3,,Volume ×0.2 (épuisement),,,,,,,,,
SKLUSDT,SKL,Speculative,688,0.00436,1437062.94892,-6.438,55.85779135920475,0.0001647966304173605,0.0043716,0.006757900000000001,0.9902170437013936,0.5529715762273902,0.43798449612403106,1.970802764372993,0.6239080741777318,0.0036149999999999993,0.007362777777777778,,0,0,neutre,365,0,0,30,,,17.0,64.0,59.5,68.0,50,47.5,False,False,,0,,,,59,0,,,26487868,27445217,6094019337.0,6314274983.883265,7000000000.0,96.5,,,
WIFUSDT,WIF,Mid,198,0.1498,1215195.472407,-0.597,38.911943128969,-0.0020931617671721206,0.16715,0.21804250000000014,0.6742768764434753,0.3806034482758621,0.3538793103448276,0.4439612635857249,0.5038496536331185,0.15241666666666667,0.21683333333333338,macd_bearish_cross|doji_4h,0,1,baissier,365,0,0,30,,,31.0,28.0,68.5,68.0,27.9,47.45,False,False,,0,,,,41,5,⚠️ Surveiller,Volume ×0.4 (épuisement)|MACD cross baissier,149922034,149922034,998926392.0,998926392.0,998926392.0,100.0,,,
SENTUSDT,SENT,Mid,273,0.01331,1314965.98227,-1.188,45.31880368891679,-3.5781700747276424e-06,0.014610799999999995,,1.573354225876714,0.3924418604651162,0.35416666666666663,0.9525140540946319,0.30636114981284074,0.013071944444444443,0.01842583333333333,macd_bearish_cross|uptrend|doji_4h,1,1,mixte,173,0,0,30,,,25.7,54.0,47.5,68.0,27.9,47.41,False,False,,0,,,,48,3,,MACD cross baissier,96463712,457933395,7237882055.0,34359738368.0,34359738368.0,21.1,,,
BANKUSDT,BANK,Speculative,867,0.0418,1312683.16547,5.025,62.47343140815054,0.0006053129304529829,0.03712,0.039352500000000026,0.7180858202178657,0.4358974358974359,0.11205073995771668,0.7264092875261888,0.337842579236807,0.03233055555555556,0.04241111111111112,macd_bullish_cross,1,0,haussier,243,0,0,30,,,13.7,66.0,73.0,68.0,50,47.34,False,False,,0,,,,61,0,,,17836056,17836056,425250000.0,425250000.0,2100000000.0,100.0,,,
APTUSDT,APT,Mid,101,0.601,3453195.04999,-3.531,37.94059491416248,0.0066192348274919065,0.6936,1.0379399999999996,0.4294000268023722,0.5039028620988726,0.4787510841283608,0.48714700009057793,0.6319914960452447,0.6006666666666667,1.049611111111111,downtrend,0,1,baissier,365,0,0,30,,,31.0,28.0,70.0,68.0,23.4,47.27,False,False,,0,,,,40,2,,Volume ×0.5 (épuisement),506883098,723593602,844514527.6278551,1205574274.273065,2100000000.0,70.1,,,
QNTUSDT,QNT,Etabli,67,65.88,396446.58645,0.519,44.37338948357578,0.026954249368630112,68.9138,71.18350000000001,0.4286333552956607,0.20148239654107475,0.18628783199505866,0.21482975965101164,0.33904669555292277,65.31888888888886,77.67527777777777,,0,0,neutre,365,0,0,30,,,45.0,28.0,95.5,47.0,50,47.09,False,False,,0,,,,51,2,,Volume ×0.2 (épuisement),957050082,961545533,14544176.164081175,14612493.0,14612493.0,99.5,,,
PENGUUSDT,PENGU,Mid,118,0.005957,2671944.474861,-1.651,38.69003717559282,-7.345982574784494e-06,0.006761699999999998,0.007982419999999999,0.5755396811576293,0.4689424121695038,0.46006881564650487,0.19970451629918692,0.6268593381027,0.006118666666666668,0.01020036111111111,rsi_bullish_divergence|macd_bearish_cross|downtrend,1,2,baissier,365,0,0,30,,,31.0,28.0,79.0,68.0,7.1,46.83,False,False,,0,🔥 Trending #10 sur CoinGecko,10,,38,5,⚠️ Surveiller,Volume ×0.2 (épuisement)|MACD cross baissier,374182072,473173519,62860396090.0,79490379267.94511,88888888888.0,79.1,,,
HMSTRUSDT,HMSTR,Speculative,,0.0002053,3705824.0094071,0.885,48.85990647972285,-7.2055550222012734e-06,0.000191588,0.0001811505,2.6769528315064406,0.5104378818737271,0.47861507128309577,0.7059363106983431,0.1914268626357307,0.00014604166666666663,0.0002482805555555556,macd_bearish_cross|uptrend|doji_4h,1,1,mixte,365,0,0,30,,,17.0,82.0,32.5,68.0,27.9,46.71,False,False,,0,,,,54,3,,MACD cross baissier,,,,,,,,,
NEXOUSDT,NEXO,Etabli,85,0.734,353671.27576,-0.945,39.422612087716786,0.0007322341821094282,0.78148,0.8647999999999996,0.3329379169481401,0.22952586206896558,0.21012931034482765,0.4330340808261542,0.7888541036534771,0.7352222222222221,0.9159444444444446,,0,0,neutre,365,0,0,30,,,45.0,28.0,87.5,47.0,50,46.61,False,False,,0,,,,49,2,,Volume ×0.4 (épuisement),732477201,732477201,1000000000.0,1000000000.0,1000000000.0,100.0,286491412,$286M,-4.17
AXLUSDT,AXL,Mid,439,0.0417,716998.609862,-2.113,43.62015420407563,0.0002834259994835427,0.045316,0.05726900000000001,0.5121281209677669,0.5127582017010935,0.4933171324422843,1.0912918648511671,0.2906811475787113,0.04096944444444445,0.07274444444444444,morning_star_4h,1,0,haussier,365,0,0,30,,,31.0,46.0,64.0,57.5,50,46.48,False,False,,0,,,,51,0,,,49980714,51836773,1202614544.721762,1247274228.17013,,96.4,133174497,$133M,-0.86
PUNDIXUSDT,PUNDIX,Speculative,777,0.0851,1488764.12207,-2.743,44.181892258081916,0.001734674805201378,0.10105199999999998,0.15477950000000007,0.9321475511226672,0.5199508901166359,0.4775936157151627,1.5454316525050342,0.4444220553318497,0.08249999999999998,0.1574888888888889,uptrend,1,0,haussier,365,0,0,30,,,17.0,55.0,59.5,68.0,50,46.42,False,False,,0,,,,53,0,,,21868083,21868083,258386541.0999244,258386541.0999244,,100.0,,,
APEUSDT,APE,Mid,200,0.1496,769468.878117,-3.546,52.875405457180165,0.000620190953617151,0.138188,0.1383705,0.8543986424432409,0.3541436464088397,0.17458563535911598,0.24717676808847328,0.07963369500568934,0.11144166666666663,0.17049999999999998,bearish_engulfing_4h,0,1,baissier,365,0,0,30,,,31.0,57.0,67.0,57.5,22.2,46.32,False,False,,0,,,,51,4,⚠️ Surveiller,Volume ×0.2 (épuisement)|Engloutissement baissier 4h,149366057,149366057,1000000000.0,1000000000.0,1000000000.0,100.0,,,
STXUSDT,STX,Mid,133,0.166,733521.74128,-5.575,39.81811010142341,0.0014481825716697767,0.18758800000000003,0.2444429999999999,0.4604053243129892,0.4060427413411937,0.3883566691230655,0.820331111530877,0.6784097120625768,0.1670777777777778,0.26121944444444445,,0,0,neutre,365,0,0,30,,,31.0,37.0,79.0,57.5,50,46.3,False,False,,0,,,,51,0,,,307087965,307087965,1852584110.5804,1852584110.5804,,100.0,,,
AGLDUSDT,AGLD,Speculative,946,0.1699,4254266.13826,0.354,50.34982038167166,0.0019751236030216366,0.18090599999999996,0.23849149999999997,2.6221603100224855,0.5546762589928058,0.38956834532374107,2.850138960493673,0.25023372268212674,0.1522916666666667,0.27298055555555556,macd_bullish_cross|uptrend,2,0,haussier,365,0,0,30,,,17.0,64.0,32.5,68.0,50,45.88,False,False,,0,,,,58,0,,,14805716,15720171,87430001.0,92830001.0,96000000.0,94.2,,,
GALAUSDT,GALA,Mid,269,0.002033,1223824.197942,-3.283,32.474843278801046,-6.302578680923948e-06,0.0025622000000000006,0.003828949999999998,0.6054910149110122,0.510576923076923,0.510576923076923,0.4049285162593377,0.547282422968728,0.002220055555555555,0.0037086111111111117,rsi_bullish_divergence|macd_bearish_cross,1,1,mixte,365,0,0,30,,,31.0,19.0,55.0,68.0,31.6,45.78,False,False,,0,,,,37,5,⚠️ Surveiller,Volume ×0.4 (épuisement)|MACD cross baissier,99401603,99401603,48760463621.462,48760463769.54044,50000000000.0,100.0,,,
NMRUSDT,NMR,Mid,350,9.51,212798.2768,-1.041,52.79416880142181,-0.02594939561346349,8.856599999999998,8.70245,0.590823531315385,0.26269531250000006,0.08461538461538469,0.20802082696024268,0.3476614361112334,8.141666666666666,9.857222222222227,macd_bearish_cross|uptrend,1,1,mixte,365,0,0,30,,,31.0,73.0,88.0,47.0,27.9,45.65,False,False,,0,,,,61,5,⚠️ Surveiller,Volume ×0.2 (épuisement)|MACD cross baissier,66869109,101053524,7035315.337199338,10631865.92867084,11000000.0,66.2,,,
CHZUSDT,CHZ,Mid,179,0.01675,1038112.4778,-2.673,28.840071343177726,0.0003826408093900455,0.023833400000000005,0.03773250000000001,0.609912278625329,0.6669980119284293,0.6669980119284293,0.1742775448335456,0.30522591379662506,0.017618333333333333,0.047678888888888896,rsi_bullish_divergence|downtrend,1,1,mixte,365,0,0,30,,,31.0,19.0,55.0,68.0,27.1,45.51,False,False,,0,,,,42,2,,Volume ×0.2 (épuisement),175046837,175046837,10459935491.0,10459935491.0,,100.0,,,
STORJUSDT,STORJ,Speculative,,0.0738,1733571.6265,-1.862,44.237818547221735,0.0004577256382014743,0.08004800000000001,0.10152200000000003,0.5112675602164898,0.46258503401360546,0.4421768707482993,0.7334622006819939,0.3533252356101053,0.07307777777777777,0.11704444444444444,uptrend,1,0,haussier,365,0,0,30,,,17.0,37.0,79.0,68.0,50,45.43,False,False,,0,,,,51,0,,,,,,,,,,,
GPSUSDT,GPS,Mid,479,0.00998,279979.855884,-3.854,58.14985557050338,8.215992570014029e-06,0.0084774,0.0082232,1.018050886722988,0.3026455026455026,0.080110497237569,0.1189040202307649,0.16209349578104668,0.006861666666666666,0.009839166666666666,macd_bullish_cross|uptrend,2,0,haussier,365,0,0,30,,,31.0,73.0,61.0,47.0,50,45.36,False,False,,0,,,,62,2,,Volume ×0.1 (épuisement),44046615,99899332,4409100001.78,10000000000.0,10000000000.0,44.1,26054695,$26M,-2.01
FFUSDT,FF,Mid,176,0.06045,1996834.378325,2.51,37.40125088241234,0.0004753365303513269,0.0763694,0.07824779999999995,0.5626315549877142,0.4708817126269957,0.4521044992743106,0.39418877233442223,-0.011251779675103523,0.06090499999999999,0.09800861111111113,macd_bullish_cross|death_cross|downtrend,1,2,baissier,288,0,0,30,,,28.9,28.0,73.0,68.0,0.2,45.3,False,False,,0,,,,35,2,,Volume ×0.4 (épuisement),179440711,604177478,2970000000.0,10000000000.0,10000000000.0,29.7,1258316525,$1.3B,-0.03
IOTAUSDT,IOTA,Mid,183,0.0376,964289.2716,-1.312,39.928693085733336,0.0005729644645932398,0.045050000000000014,0.0631555,0.5913711250165667,0.4648318042813455,0.42660550458715596,0.37996007920680347,0.6066897153785005,0.03759166666666666,0.061705555555555555,,0,0,neutre,365,0,0,30,,,31.0,28.0,79.0,57.5,50,45.22,False,False,,0,,,,48,2,,Volume ×0.4 (épuisement),170163918,185010899,4536944023.0,4932797175.0,,92.0,,,
JASMYUSDT,JASMY,Mid,158,0.00433,618430.423363,-3.778,41.38307872353338,9.479749997292402e-06,0.0047768,0.005780649999999999,0.49258063769756105,0.4258760107816712,0.41509433962264153,0.22694628361298044,0.5460779424467328,0.004409444444444444,0.0063033333333333335,,0,0,neutre,365,0,0,30,,,31.0,28.0,79.0,57.5,50,45.22,False,False,,0,,,,48,2,,Volume ×0.2 (épuisement),214161836,216565717,49444999677.59027,50000000000.0,50000000000.0,98.9,,,
STRKUSDT,STRK,Mid,167,0.0298,551361.501259,-2.614,40.200792881537495,0.0001688876579270717,0.033348,0.046251999999999995,0.4948384431988259,0.4937611408199643,0.4688057040998217,0.13761449825831407,0.47760544121004495,0.03000000000000001,0.04678611111111111,,0,0,neutre,365,0,0,30,,,31.0,28.0,79.0,57.5,50,45.22,False,False,,0,,,,48,2,,Volume ×0.1 (épuisement),195754764,297332257,6583704227.348971,10000000000.0,10000000000.0,65.8,167697073,$168M,-2.41
ATMUSDT,ATM,Speculative,753,2.658,1284551.60976,-0.15,66.50464399435398,0.004075345003127229,1.5891600000000004,1.210535,1.654591020507215,0.28393005828476275,0.06075591663723071,0.43574329787222793,0.15144695378824322,0.9623888888888891,2.3925555555555564,macd_bullish_cross|uptrend|shooting_star_4h,2,1,haussier,365,0,0,30,,,17.0,64.0,50.5,68.0,21.0,45.22,False,False,,0,,,,47,4,⚠️ Surveiller,Volume ×0.4 (épuisement)|Étoile filante 4h,23123257,26489525,8729208.0,10000000.0,10000000.0,87.3,,,
AWEUSDT,AWE,Mid,230,0.06239,271836.57305,2.044,57.842967041244165,0.0005624202733591859,0.056124799999999996,0.056347950000000015,0.9196057727130542,0.24041297935103248,0.0855457227138643,0.31077439371208504,0.14146099801588263,0.050598333333333335,0.06225388888888888,,0,0,neutre,365,0,0,30,,,31.0,57.0,83.5,47.0,50,44.79,False,False,,0,,,,60,2,,Volume ×0.3 (épuisement),120435963,120435963,1942420283.0270672,1942420283.0270672,2000000000.0,100.0,,,
GNOUSDT,GNO,Mid,135,111.79,129314.9667,2.494,60.37609514305435,0.7268314237009644,105.832,122.06954999999996,0.3511138941547462,0.3634190918037396,0.21418529453114007,0.46927132023794,0.5935519729177761,99.32277777777779,133.87083333333337,,0,0,neutre,365,0,0,30,,,31.0,57.0,83.5,47.0,50,44.79,False,False,,0,,,,60,2,,Volume ×0.5 (épuisement),294991902,335270266,2639589.0,3000000.0,3000000.0,88.0,,,
XVSUSDT,XVS,Mid,466,2.68,128007.5516,1.901,57.67671474289247,0.01893113594942202,2.565,3.1525499999999997,0.4580127834479638,0.26129032258064516,0.13548387096774192,0.42846933951745975,0.5226365836044183,2.423611111111111,2.8305555555555544,,0,0,neutre,365,0,0,30,,,31.0,57.0,83.5,47.0,50,44.79,False,False,,0,,,,60,2,,Volume ×0.4 (épuisement),45089669,79558118,16858079.234876666,29745107.918202892,30000000.0,56.7,1031679606,$1.0B,-1.4
SAPIENUSDT,SAPIEN,Speculative,825,0.0797,1004338.02396,1.399,52.392000083726465,0.0010796614813488943,0.08220599999999997,0.09453950000000001,0.6256288311232225,0.4795321637426901,0.41812865497076024,0.5225706600432922,0.42866397889950036,0.07371388888888888,0.11953333333333334,,0,0,neutre,250,0,0,30,,,13.8,46.0,68.5,68.0,50,44.74,False,False,,0,,,,55,2,,Volume ×0.5 (épuisement),19799939,79199755,250000000.0,1000000000.0,1000000000.0,25.0,,,
EPICUSDT,EPIC,Speculative,,0.399,1907127.7741,2.046,47.82224661112384,-0.007456658328382548,0.4427599999999999,0.393475,3.3665031697414642,0.5659340659340659,0.4546703296703296,0.8062367342040933,0.06512524193083892,0.25344444444444436,0.599638888888889,uptrend,1,0,haussier,365,0,0,30,,,17.0,54.0,32.5,68.0,50,44.68,False,False,,0,,,,51,1,,,,,,,,,,,
CVXUSDT,CVX,Mid,239,1.239,520342.884246,-0.721,51.015676811907724,0.01900349567775214,1.2900800000000001,1.7309100000000006,0.6649287777245368,0.4575664621676892,0.3660531697341513,0.651503101522372,0.7254314439919471,1.1423611111111112,1.8531388888888891,downtrend|doji_4h,0,1,baissier,365,0,0,30,,,31.0,46.0,60.5,57.5,23.4,44.67,False,False,,0,,,,47,0,,,113887265,123733053,92022934.62418646,99978506.24177466,100000000.0,92.0,482517310,$483M,-0.48
OPNUSDT,OPN,Speculative,,0.0616,109411051.86933,-4.496,40.567555887892006,0.0026120048679574223,0.09715400000000002,,1.1631201890518728,0.7746153846153847,0.7634615384615385,99.17790433759319,0.012968436901880412,0.06309166666666667,0.21002222222222222,downtrend|evening_star_4h,0,2,baissier,131,0,0,30,,,10.6,63.0,32.5,78.5,0,44.63,False,False,,3,⚡ Volume ×99.2 vs médiane,,99.18,48,2,,Étoile du soir 4h,,,,,,,4524114,$5M,-3.17
SPELLUSDT,SPELL,Speculative,936,9e-05,1761970.9163766,0.784,36.64295369160356,1.1442415057753114e-06,0.000117498,0.00017472899999999996,0.9735716012553488,0.5173724212812161,0.511400651465798,1.6208674143420267,0.4047353490138746,9.376944444444444e-05,0.00017634722222222222,downtrend,0,1,baissier,365,0,0,30,,,17.0,55.0,55.0,68.0,23.4,44.55,False,False,,0,,,,46,0,,,15405781,17606310,171510541047.0,196008739620.0,210000000000.0,87.5,3920449,$4M,-14.67
TNSRUSDT,TNSR,Speculative,,0.031,1046360.98171,-0.641,42.46720190494388,-0.00042552919680769537,0.03362199999999999,0.04586299999999998,1.7494972271532734,0.4004329004329004,0.3268398268398268,1.1174870444348928,0.23485058240190715,0.029588888888888894,0.04368333333333333,uptrend,1,0,haussier,365,0,0,30,,,17.0,46.0,41.5,68.0,50,44.26,False,False,,0,,,,47,1,,,,,,,,,,,
AUSDT,A,Mid,229,0.0738,163751.55669,-0.539,55.814057172211406,0.0008415299728433234,0.06963599999999999,0.09113199999999999,0.6760764169644623,0.3917004048582996,0.25,0.12774821191399713,0.5725266818596632,0.0623722222222222,0.09282500000000002,uptrend,1,0,haussier,365,0,0,30,,,31.0,57.0,73.0,47.0,50,44.16,False,False,,0,,,,59,2,,Volume ×0.1 (épuisement),121963672,154873720,1653758374.3011,2100000000.0,2100000000.0,78.8,,,
PARTIUSDT,PARTI,Speculative,,0.032,4034938.25788,-1.84,29.430161269814946,-0.0016690647254544383,0.050628,0.07225900000000002,1.3629939525941321,0.512461059190031,0.5,1.974648071460876,-0.06183458642630182,0.03961111111111111,0.06136666666666665,,0,0,neutre,365,0,0,30,,,17.0,46.0,38.5,68.0,50,44.08,False,False,,0,,,,53,1,,,,,,,,,,,
SPKUSDT,SPK,Mid,419,0.01699,624054.250302,-0.521,37.4950000857668,0.00012289394680489848,0.019393280000000002,0.02343002499999999,0.5414850152289334,0.6757355206407887,0.673078404189772,0.23326235435553733,0.2943663029421547,0.017182472222222224,0.03926633333333334,,0,0,neutre,365,0,0,30,,,31.0,28.0,59.5,57.5,50,44.05,False,False,,0,,,,45,2,,Volume ×0.2 (épuisement),52434417,169644436,3090842120.1230707,10000000000.0,10000000000.0,30.9,3418358990,$3.4B,-6.8
YFIUSDT,YFI,Mid,324,2082.0,363088.93287,-2.528,52.8486171854095,29.233831054733372,1980.12,2637.295,1.6351580259264378,0.42786596119929454,0.2656084656084656,0.5950719691818069,0.42161659182787775,1729.9166666666667,2781.6111111111113,,0,0,neutre,365,0,0,30,,,31.0,66.0,52.0,47.0,50,43.98,False,False,,0,,,,58,2,,Volume ×0.6 (épuisement),74404773,76170691,35815.94701468851,36666.0,36666.0,97.7,146260263,$146M,1.83
CHIPUSDT,CHIP,Mid,381,0.03011,1484471.8171,-7.808,41.293616584319814,0.0003131149633967844,0.03421300000000001,,0.8429134342198686,0.7423785891527827,0.7333392414037575,0.04120500046621056,,0.029611515151515153,0.07473303030303032,downtrend,0,1,baissier,84,0,0,30,,,23.3,36.0,45.0,68.0,23.4,43.95,False,False,,0,,,,39,2,,Volume ×0.0 (épuisement),60097928,300489641,2000000000.0,10000000000.0,10000000000.0,20.0,195727937,$196M,-0.77
MEGAUSDT,MEGA,Mid,403,0.04844,2593174.764531,4.284,44.14413840495453,0.0005632226855169955,0.053143199999999995,,0.8916513075738635,0.7445378151260504,0.7082833133253301,0.13289694842794308,,0.04554833333333332,0.1336206666666667,downtrend|doji_4h,0,1,baissier,75,0,0,30,,,23.1,36.0,45.0,68.0,23.4,43.86,False,False,,0,,,,39,2,,Volume ×0.1 (épuisement),54843645,485431005,1129792788.0,10000000000.0,10000000000.0,11.3,,,
PYRUSDT,PYR,Speculative,,0.138,1685893.645562,-13.208,41.843003634830026,0.0018489145360209257,0.18353999999999998,0.29774999999999996,1.7298098339907424,0.5582191780821918,0.5239726027397259,1.3003700555775426,0.41785980403919953,0.15216666666666667,0.2907222222222223,macd_bullish_cross,1,0,haussier,365,0,0,30,,,17.0,46.0,34.0,68.0,50,43.81,False,False,,0,,,,46,0,,,,,,,,,,,
AIUSDT,AI,Speculative,610,0.0203,1540442.73146,0.0,47.10373653160908,8.237300499655504e-05,0.022072,0.02521249999999999,1.034209789598377,0.42258064516129035,0.3451612903225807,0.31830421449246127,0.1761224640913604,0.019025,0.029497222222222223,support_bounce,1,0,haussier,365,0,0,30,,,17.0,37.0,52.0,68.0,50,43.81,False,False,,0,,,,49,2,,Volume ×0.3 (épuisement),31784870,243622839,1304675313.0,10000000000.0,10000000000.0,13.0,,,
GIGGLEUSDT,GIGGLE,Speculative,680,27.31,2111436.30701,0.294,51.70218331168464,0.21857503515623233,27.607000000000006,35.34305,0.8141548641167675,0.40483831152801775,0.3290545544310047,0.3313109667510299,0.35638687191571206,25.149722222222223,38.21555555555554,double_bottom_90d|support_bounce|uptrend|doji_4h,3,0,haussier,262,0,0,30,,,14.2,37.0,68.5,68.0,50,43.78,False,False,,0,,,,52,2,,Volume ×0.3 (épuisement),27183282,27183282,1000000.0,1000000.0,1000000.0,100.0,,,
BELUSDT,BEL,Speculative,,0.1058,1027774.02819,-1.214,47.85464638270377,-0.0011735728210480396,0.107298,0.11020200000000002,2.584054336038203,0.5179856115107914,0.4573484069886947,0.5183961358243392,0.28217292735525545,0.08697222222222221,0.14381944444444444,,0,0,neutre,365,0,0,30,,,17.0,46.0,32.5,68.0,50,43.72,False,False,,0,,,,49,3,,Volume ×0.5 (épuisement),,,,,,,,,
ARUSDT,AR,Mid,222,1.936,620824.41279,-2.024,46.21716268794616,-0.000422510201763723,2.0325399999999996,2.2781849999999992,0.5655730504586933,0.34891304347826085,0.29746376811594194,0.1340101256906828,0.3043092873997155,1.8595277777777781,2.4195833333333336,macd_bearish_cross|downtrend,0,2,baissier,365,0,0,30,,,31.0,37.0,83.5,57.5,1.3,43.65,False,False,,0,,,,43,5,⚠️ Surveiller,Volume ×0.1 (épuisement)|MACD cross baissier,127103701,127103701,65652466.0,65652466.0,66000000.0,100.0,,,
ZKUSDT,ZK,Mid,258,0.0103,770410.098511,-1.53,41.483017391733526,7.68948656800921e-05,0.011429000000000002,0.0189585,0.5228239491022673,0.49772612430520463,0.4800404244567963,0.3777447998539682,0.6005199808574913,0.01018027777777778,0.01795194444444444,downtrend,0,1,baissier,365,0,0,30,,,31.0,28.0,79.0,57.5,23.4,43.62,False,False,,0,,,,42,2,,Volume ×0.4 (épuisement),102599777,215809352,9983790276.0,21000000000.0,21000000000.0,47.5,,,
FLOKIUSDT,FLOKI,Mid,159,2.212e-05,643769.36904084,-2.684,40.406997919904164,1.0336666083690806e-07,2.46806e-05,3.201375000000001e-05,0.5971821773506726,0.42474558114622385,0.4078735940010712,0.1509144031527329,0.604105922396859,2.231388888888889e-05,3.454888888888888e-05,downtrend,0,1,baissier,365,0,0,30,,,31.0,28.0,79.0,57.5,23.4,43.62,False,False,,0,,,,42,2,,Volume ×0.2 (épuisement),213255069,213255069,9647492703459.79,9647492703459.79,20000000000000.0,100.0,9259202,$9M,-4.01
C98USDT,C98,Speculative,992,0.01362,630371.553841,-1.873,49.90883506219326,0.00022940809361835012,0.014794999999999994,0.021832750000000005,0.5274613776439303,0.4802575107296138,0.41630901287553657,1.3973441320097177,0.599515337169413,0.012763611111111113,0.022291666666666668,support_bounce,1,0,haussier,365,0,0,30,,,17.0,55.0,79.0,57.5,50,43.4,False,False,,0,,,,59,0,,,13577103,13577118,999998884.0,1000000000.0,1000000000.0,100.0,,,
USUALUSDT,USUAL,Speculative,928,0.00877,1622924.50068,-7.489,40.704097593116785,6.617844489194703e-05,0.010179199999999998,0.015594599999999991,0.5729492419797635,0.5080924855491329,0.49190751445086706,0.6219458822914185,0.6557803281556828,0.00893472222222222,0.015803888888888888,downtrend,0,1,baissier,365,0,0,30,,,17.0,37.0,70.0,68.0,23.4,43.29,False,False,,0,,,,43,0,,,15708073,16332276,1790016387.4638243,1861147572.854053,3000000000.0,96.2,94754077,$95M,-0.16
2ZUSDT,2Z,Mid,146,0.07187,726902.17499,1.282,52.20697501782383,0.0009831584679021058,0.07363919999999997,0.08863860000000008,0.6601559934150555,0.45907883082373785,0.36306465899025686,0.18948821835533397,0.4732196774968119,0.06586416666666667,0.10266111111111112,downtrend,0,1,baissier,285,0,0,30,,,28.8,37.0,68.5,57.5,23.4,43.28,False,False,,0,,,,46,2,,Volume ×0.2 (épuisement),248901703,717235570,3469694198.3,9998276698.3,10000000000.0,34.7,401036755,$401M,-4.64
AXSUSDT,AXS,Mid,182,0.985,599335.86259,-1.303,44.78770919255673,-0.0006288057346737555,1.0265199999999997,1.2413699999999996,0.9130354165417938,0.43029150823827633,0.3770595690747782,0.19231387327732222,0.33518420463765564,0.9460277777777778,1.4144166666666664,macd_bearish_cross,0,1,baissier,365,0,0,30,,,31.0,28.0,68.5,57.5,27.9,43.27,False,False,,0,,,,41,5,⚠️ Surveiller,Volume ×0.2 (épuisement)|MACD cross baissier,170883707,265334667,173888325.001344,270000000.0,270000000.0,64.4,,,
WBTCUSDT,WBTC,Speculative,,63082.52,2054198.7916586,-1.281,49.22554116131818,450.5319857598689,64581.57560000001,73635.52539999997,0.298492841989065,0.28535481735715956,0.22959885011966935,0.410303283073314,0.9994335293904567,60609.51027777778,79842.35444444444,downtrend,0,1,baissier,365,0,0,30,,,17.0,37.0,69.5,68.0,23.4,43.26,False,False,,0,,,,46,2,,Volume ×0.4 (épuisement),,,,,,,7180666627,$7.2B,-0.04
STRAXUSDT,STRAX,Speculative,812,0.00936,2482952.81443,-2.905,43.099862635587876,-1.0303774190544761e-05,0.0103596,0.014345799999999999,0.8600174836750947,0.48164281269446174,0.4169259489732421,0.7792361332724852,0.1861534936255434,0.009140555555555556,0.014128333333333333,rsi_bullish_divergence|downtrend|doji_4h,1,1,mixte,365,0,0,30,,,17.0,37.0,62.5,68.0,27.1,43.06,False,False,,0,,,,43,1,,,20396075,20396075,2185381099.291396,2185381099.291396,,100.0,,,
WUSDT,W,Mid,384,0.00958,624306.497271,-1.542,44.738585781681856,2.0711310121112084e-06,0.010304200000000001,0.01788405,0.9742568546846755,0.4793939393939394,0.41939393939393943,0.1805866127263535,0.4277757349651174,0.009281388888888888,0.0144,downtrend,0,1,baissier,365,0,0,30,,,31.0,28.0,68.5,57.5,23.4,42.99,False,False,,0,,,,40,2,,Volume ×0.2 (épuisement),59116767,95895388,6164714313.0,10000000000.0,10000000000.0,61.6,2599302635,$2.6B,18.3
TUTUSDT,TUT,Speculative,,0.01232,593846.11304,3.356,62.50719677633471,0.00022505621229526905,0.010482999999999998,0.011593749999999991,0.8283356476679563,0.32461103253182466,0.12800565770862796,0.41368288003656245,0.2110463801895603,0.00975388888888889,0.013106666666666666,macd_bullish_cross|doji_4h,1,0,haussier,365,0,0,30,,,17.0,57.0,67.0,57.5,50,42.92,False,False,,0,,,,58,2,,Volume ×0.4 (épuisement),,,,,,,,,
KMNOUSDT,KMNO,Mid,277,0.01876,169318.22089,-0.636,47.69372294000118,-0.000185285767809258,0.0183118,0.027057499999999988,0.8469451902026555,0.46168656141701964,0.2772429726607625,0.25075507563534116,0.4185296303395026,0.016271944444444447,0.022931388888888887,macd_bearish_cross|support_bounce|uptrend,2,1,haussier,365,0,0,30,,,31.0,57.0,73.0,47.0,27.9,42.83,False,False,,0,,,,53,5,⚠️ Surveiller,Volume ×0.3 (épuisement)|MACD cross baissier,94620537,187366589,5050000295.5,9999957290.773436,10000000000.0,50.5,1014178509,$1.0B,-3.13
TRBUSDT,TRB,Mid,498,15.02,383966.58619,-0.464,49.620682957972036,-0.025048764906036358,14.726600000000001,16.85835000000001,0.8468691223908124,0.4539249146757679,0.3592150170648465,0.23031316559663648,0.3499820861439162,13.189722222222217,20.353611111111107,macd_bearish_cross|double_bottom_90d|uptrend,2,1,haussier,365,0,0,30,,,31.0,57.0,68.5,47.0,27.9,42.56,False,False,,0,,,,53,5,⚠️ Surveiller,Volume ×0.2 (épuisement)|MACD cross baissier,41964799,43132399,2797625.899956717,2875465.108410198,,97.3,,,
NILUSDT,NIL,Speculative,896,0.03437,1073285.45063,-1.547,42.11197597514201,0.00039109151736746407,0.043268,0.050400599999999976,0.7223546238171129,0.6415584415584416,0.628030303030303,0.20201947425557498,0.22734569232715776,0.034469166666666676,0.06978666666666666,,0,0,neutre,365,0,0,30,,,17.0,28.0,49.0,68.0,50,42.55,False,False,,0,,,,43,2,,Volume ×0.2 (épuisement),16721401,34309521,487369124.996,1000000000.0,,48.7,,,
HOMEUSDT,HOME,Mid,413,0.01379,648288.82342,-7.138,33.69442163258668,0.00013744120280776394,0.02586079999999999,0.023606349999999998,1.136011266247658,0.7608469281499479,0.7608469281499479,0.3041150707835801,-0.14008217604851136,0.014543333333333333,0.03885166666666667,rsi_bullish_divergence|macd_bullish_cross,2,0,haussier,365,0,0,30,,,31.0,27.0,32.5,57.5,53.7,42.53,False,False,,0,,,,41,2,,Volume ×0.3 (épuisement),53468594,137635031,3884809942.01,10000000000.0,10000000000.0,38.8,,,
METUSDT,MET,Mid,298,0.1494,360096.46822,-1.775,46.67796912750709,-0.004095463070339242,0.13906000000000002,0.1786819999999998,1.375125555741766,0.47348484848484845,0.220250521920668,0.42019761719608417,0.42751390069889034,0.10964166666666667,0.18201666666666666,doji_4h,0,0,neutre,243,0,0,30,,,27.7,57.0,62.5,47.0,50,42.32,False,False,,0,,,,57,3,,Volume ×0.4 (épuisement),80226997,149191783,536525622.838984,997734146.261015,1000000000.0,53.8,179291576,$179M,-14.52
PNUTUSDT,PNUT,Mid,489,0.0427,485495.95925,-0.698,45.39778512982826,6.956853919492482e-05,0.04500200000000002,0.05388599999999998,0.5345544055452843,0.44319775596072936,0.40252454417952316,0.25410434990194847,0.3831474295979587,0.041211111111111094,0.06391944444444445,,0,0,neutre,365,0,0,30,,,31.0,37.0,79.0,47.0,50,42.12,False,False,,0,,,,54,2,,Volume ×0.3 (épuisement),42577202,42577202,999841746.025393,999841746.025393,1000000000.0,100.0,,,
ENSUSDT,ENS,Mid,186,4.09,420289.9496,-1.208,36.30015975331527,0.033566410659290946,4.805399999999999,6.483849999999998,0.5333752382451498,0.4492557510148849,0.4451962110960758,0.5096018236714298,0.6763464220847056,4.151111111111111,6.73361111111111,,0,0,neutre,365,0,0,30,,,31.0,37.0,79.0,47.0,50,42.12,False,False,,0,,,,51,2,,Volume ×0.5 (épuisement),167262495,408990212,40896454.15143091,100000000.0,100000000.0,40.9,,,
KAVAUSDT,KAVA,Mid,449,0.04443,337240.545472,0.248,44.60624723291922,0.00028967242585346874,0.0469652,0.0592485,0.411319950626123,0.3875605104884846,0.3482470294851107,0.6116274465378337,0.5615741224358991,0.04291083333333333,0.06446500000000001,,0,0,neutre,365,0,0,30,,,31.0,37.0,79.0,47.0,50,42.12,False,False,,0,,,,51,0,,,48047746,48047746,1082847009.0,1082847009.0,,100.0,,,
SUSHIUSDT,SUSHI,Mid,477,0.1615,277574.82434,-0.92,46.31134238533307,0.001765500410248276,0.17430199999999998,0.21951849999999998,0.5759935917857333,0.41570805236017455,0.3585878619595398,0.3235750236765819,0.43876339186232677,0.1554,0.23496111111111107,,0,0,neutre,365,0,0,30,,,31.0,37.0,79.0,47.0,50,42.12,False,False,,0,,,,54,2,,Volume ×0.3 (épuisement),44032554,47016712,273012266.12632084,291514753.9009228,,93.7,32498356,$32M,-1.62
COMPUSDT,COMP,Mid,188,16.91,268988.47126,-0.471,48.63829508958828,0.13189787857437163,17.2396,20.289050000000003,0.4392729122793447,0.4208921082729699,0.35608082348455966,0.2286752727062491,0.45942617822202675,16.121111111111112,24.449444444444442,,0,0,neutre,365,0,0,30,,,31.0,37.0,79.0,47.0,50,42.12,False,False,,0,,,,54,2,,Volume ×0.2 (épuisement),163226723,168828638,9668189.278360886,10000000.0,10000000.0,96.7,1146769863,$1.1B,1.75
ONTUSDT,ONT,Mid,471,0.04471,192809.78613,-1.062,45.06165611849189,0.0003688621253717715,0.0470254,0.057051399999999974,0.4043815049669362,0.47857760217310785,0.4468452895419188,0.2811902580530267,0.44234958908220545,0.04359583333333331,0.07679583333333335,,0,0,neutre,365,0,0,30,,,31.0,37.0,79.0,47.0,50,42.12,False,False,,0,,,,54,2,,Volume ×0.3 (épuisement),44656703,44656703,1000000000.0,1000000000.0,,100.0,,,
ASTRUSDT,ASTR,Mid,474,0.005071,172054.9778488,-2.966,39.743538879905266,6.044530870738654e-05,0.0057927,0.007864225,0.40816725788659985,0.4936165759732105,0.46944328170782756,0.5037099006366752,0.5997429559320286,0.00507125,0.008843194444444445,,0,0,neutre,365,0,0,30,,,31.0,37.0,79.0,47.0,50,42.12,False,False,,0,,,,51,2,,Volume ×0.5 (épuisement),44186950,44190892,8725321204.0,8726099731.0,10000000000.0,100.0,15623042,$16M,-1.14
ZRXUSDT,ZRX,Mid,332,0.0857,49500.2039,-2.392,48.303691185777694,0.0006268618844327086,0.08875,0.10847849999999994,0.521561971453698,0.3971518987341772,0.32041139240506333,0.11195267793994727,0.5696535465742529,0.08113333333333331,0.11741666666666666,,0,0,neutre,365,0,0,30,,,31.0,37.0,79.0,47.0,50,42.12,False,False,,0,,,,54,2,,Volume ×0.1 (épuisement),72825526,85839016,848396562.906836,1000000000.0,1000000000.0,84.8,,,
ENSOUSDT,ENSO,Speculative,955,0.701,574336.31386,-2.909,57.51737471835694,0.008286225866028764,0.6525799999999999,0.9512150000000006,0.7445859828254512,0.44685039370078733,0.3100393700787402,0.19680245778987013,0.5160784634521981,0.5898888888888888,0.9692499999999998,,0,0,neutre,273,0,0,30,,,14.5,57.0,68.5,57.5,50,42.1,False,False,,0,,,,58,2,,Volume ×0.2 (épuisement),14444890,70154880,20590000.0,100000000.0,127339703.0,20.6,,,
MMTUSDT,MMT,Speculative,591,0.1623,808532.21363,-7.784,50.81521139678055,-0.00010749462384414786,0.14425999999999994,0.14979050000000002,1.617357128637783,0.32516556291390725,0.20618556701030918,0.5042535234816754,0.3322637162344774,0.11419722222222221,0.17749166666666666,uptrend,1,0,haussier,252,0,0,30,,,13.9,66.0,52.0,57.5,50,41.98,False,False,,0,,,,58,3,,Volume ×0.5 (épuisement),32903352,161215528,204095424.0,1000000000.0,1000000000.0,20.4,4741895,$5M,-4.7
GMXUSDT,GMX,Mid,385,5.67,105834.76724,-4.223,46.28206846079504,0.015524953030985694,5.8538,6.6415500000000005,0.6348996388733849,0.30668414154652685,0.25688073394495414,0.2651756920059671,0.6337684737434008,5.443888888888889,7.349722222222222,,0,0,neutre,365,0,0,30,,,31.0,37.0,73.0,47.0,50,41.76,False,False,,0,,,,53,2,,Volume ×0.3 (épuisement),59005645,59005645,10435488.31087281,10435488.31087281,13250000.0,100.0,173357645,$173M,-1.45
VETUSDT,VET,Mid,112,0.004821,351181.2529314,-1.632,48.71294620229315,6.0229620494698884e-05,0.0050568,0.007438230000000002,0.489716727131934,0.45052737317930697,0.3947764942240081,0.2188392430655292,0.7138343840743018,0.004578111111111112,0.0075348333333333335,,0,0,neutre,365,0,0,30,,,31.0,37.0,71.0,47.0,50,41.64,False,False,,0,,,,52,2,,Volume ×0.2 (épuisement),414143581,414143581,85985041177.0,85985041177.0,86712634466.0,100.0,,,
1INCHUSDT,1INCH,Mid,262,0.0721,243025.17852,-1.368,49.05235107301619,0.0006541968610835533,0.074356,0.09924649999999996,0.3977092739712727,0.36948176583493286,0.3080614203454895,0.4251992318572404,0.809220640623512,0.06884722222222223,0.09873611111111112,double_bottom_90d|doji_4h,1,0,haussier,365,0,0,30,,,31.0,37.0,71.0,47.0,50,41.64,False,False,,0,,,,52,2,,Volume ×0.4 (épuisement),101262471,108065253,1405573965.7275033,1499999999.997,1500000000.0,93.7,2503416,$3M,0.31
TWTUSDT,TWT,Mid,202,0.3546,453801.9265,2.014,46.579598585694185,0.003461054432791979,0.38459399999999994,0.5288655000000001,0.5217506739797757,0.36077294685990335,0.31536231884057964,0.5184079780582884,0.44814023420702553,0.3459194444444445,0.4828111111111112,downtrend,0,1,baissier,365,0,0,30,,,31.0,46.0,79.0,47.0,23.4,41.6,False,False,,0,,,,50,2,,Volume ×0.5 (épuisement),147427931,353841272,416649900.0,1000000000.0,,41.7,,,
DGBUSDT,DGB,Mid,462,0.00249,35019.404621,-1.969,45.350824115945514,2.5216159248370686e-05,0.0026942,0.004115099999999998,0.4964591203516639,0.5074626865671642,0.46908315565031977,0.1699046309379549,0.5174157758446791,0.002413888888888889,0.004252777777777776,,0,0,neutre,365,0,0,30,,,31.0,37.0,70.0,47.0,50,41.58,False,False,,0,,,,52,2,,Volume ×0.2 (épuisement),45778275,45796221,18371597516.28052,18378799694.71173,21000000000.0,100.0,,,
ZROUSDT,ZRO,Mid,134,0.86,872673.89881,-3.262,43.17950418010412,0.00669639914836255,0.96674,1.5270749999999997,1.0082401272266677,0.6104417670682731,0.5687751004016064,0.19218445905565718,0.37821030824378493,0.8400277777777778,1.6500277777777776,downtrend|doji_4h,0,1,baissier,365,0,0,30,,,31.0,28.0,44.5,57.5,23.4,41.55,False,False,,0,,,,36,2,,Volume ×0.2 (épuisement),303292914,858424779,353313325.89,1000000000.0,1000000000.0,35.3,7050686871,$7.1B,-4.54
SUSDT,S,Mid,276,0.02527,728043.689738,-2.206,43.53379877590295,0.0004981720155672795,0.030013,0.046935299999999985,1.0249500981913073,0.6353390292674059,0.540992546809671,0.3502000990707324,0.4890073239369614,0.02402611111111111,0.04948972222222223,downtrend,0,1,baissier,365,0,0,30,,,31.0,28.0,44.5,57.5,23.4,41.55,False,False,,0,,,,36,2,,Volume ×0.4 (épuisement),95451151,97991332,3784775845.0,3885497663.0,,97.4,,,
THETAUSDT,THETA,Mid,205,0.1439,476296.36341,-3.939,48.3813492012276,0.002373826808054651,0.15507000000000007,0.20162249999999995,0.6241340924535984,0.4846153846153846,0.4174089068825911,0.37559871967136693,0.5430514354238882,0.1359027777777778,0.2277777777777778,,0,0,neutre,365,0,0,30,,,31.0,37.0,68.5,47.0,50,41.49,False,False,,0,,,,52,2,,Volume ×0.4 (épuisement),143729458,143729458,1000000000.0,1000000000.0,1000000000.0,100.0,,,
IMXUSDT,IMX,Mid,243,0.1333,437302.981098,0.0,47.67920814698196,0.0010821983956130184,0.140348,0.17429449999999985,0.6315910897625754,0.43654320987654327,0.3417283950617284,0.3135650136201233,0.6418384189366434,0.12640833333333334,0.18493333333333328,,0,0,neutre,365,0,0,30,,,31.0,37.0,68.5,47.0,50,41.49,False,False,,0,,,,52,2,,Volume ×0.3 (épuisement),112170501,266297640,842444578.3296283,2000000000.0,2000000000.0,42.1,23313150,$23M,-3.91
TURBOUSDT,TURBO,Mid,389,0.000844,403961.377052,-0.823,45.174459327121966,2.631953232635386e-06,0.0009046200000000003,0.0011665100000000004,0.6267307328459041,0.4159941305942773,0.37931034482758624,0.24575290765733315,0.5132682344952674,0.0008264444444444446,0.001298138888888889,uptrend,1,0,haussier,365,0,0,30,,,31.0,37.0,68.5,47.0,50,41.49,False,False,,0,,,,52,2,,Volume ×0.2 (épuisement),58283387,58283387,69000000000.0,69000000000.0,69000000000.0,100.0,,,
BERAUSDT,BERA,Mid,397,0.189,699213.046698,-3.077,33.733833620348534,0.0014699305991664677,0.2493,0.45980499999999963,0.6576945329964499,0.5752808988764045,0.5752808988764045,0.25528445522221,0.6420512378948913,0.2035,0.40905555555555556,rsi_bullish_divergence|downtrend|doji_4h,1,1,mixte,365,0,0,30,,,31.0,19.0,55.0,57.5,27.1,41.33,False,False,,0,,,,36,2,,Volume ×0.3 (épuisement),56495869,104251341,298545448.0562059,550903346.0062921,,54.2,,,
IDUSDT,ID,Speculative,940,0.0348,887179.6285,-8.661,48.81282062223078,-0.0002792847665171465,0.032884,0.04280450000000003,1.3793045302819469,0.4039900249376558,0.16546762589928066,0.4051448268870936,0.39065085674573247,0.02714722222222222,0.03991666666666667,macd_bearish_cross,0,1,baissier,365,0,0,30,,,17.0,57.0,62.5,57.5,27.9,41.33,False,False,,0,,,,52,5,⚠️ Surveiller,Volume ×0.4 (épuisement)|MACD cross baissier,14943342,69304784,430506132.0,1996617244.0,2000000000.0,21.6,,,
KAIAUSDT,KAIA,Mid,166,0.0342,440372.28645,-2.006,37.79413964694211,0.0002029582038108402,0.038432,0.050061500000000016,0.433366582877574,0.3736059479553903,0.3643122676579926,0.2566082360489493,0.6304335309403393,0.03460277777777779,0.0509111111111111,rsi_bullish_divergence,1,0,haussier,365,0,0,30,,,31.0,28.0,79.0,47.0,53.7,41.26,False,False,,0,,,,49,2,,Volume ×0.3 (épuisement),200272684,200272691,5856641747.106198,5856641936.044253,,100.0,,,
KATUSDT,KAT,Speculative,,0.0051,1137604.46814,-2.299,45.552913821354196,9.582037103095237e-05,0.005765400000000001,,0.8113424238434476,0.8145454545454546,0.7943434343434344,0.5463530482373847,0.1460729398484812,0.0049169444444444425,0.012073333333333332,downtrend|doji_4h,0,1,baissier,118,0,0,30,,,10.2,54.0,43.0,68.0,23.4,41.26,False,False,,0,,,,47,2,,Volume ×0.5 (épuisement),,,,,,,,,
AUDIOUSDT,AUDIO,Speculative,836,0.0134,717249.613566,-0.593,36.13681418879332,0.00012323102350869685,0.0151212,0.020509800000000005,0.3026404547307924,0.4871895940086716,0.4718171068190776,0.5974254824904768,0.32834616418146445,0.013474444444444445,0.022329722222222223,,0,0,neutre,365,0,0,30,,,17.0,37.0,79.0,57.5,50,41.24,False,False,,0,,,,51,2,,Volume ×0.6 (épuisement),19359201,19359201,1439177975.0,1439177975.909992,,100.0,,,
RAYUSDT,RAY,Mid,174,0.6755,264817.34158,-0.633,52.056423841212556,-0.0003053544086339191,0.6496159999999999,0.7327790000000002,0.6412334373367072,0.3644646924829157,0.2284738041002278,0.10108710340640913,0.6850935620644624,0.584763888888889,0.8228333333333331,macd_bearish_cross|double_top_90d,0,2,baissier,365,0,0,30,,,31.0,57.0,73.0,47.0,0,41.16,False,False,,0,,,,47,7,🔴 Sortie,Volume ×0.1 (épuisement)|Double sommet|MACD cross baissier,181831692,374717353,269313892.480486,555000000.0,555000000.0,48.5,853610228,$854M,-7.18
ALTUSDT,ALT,Speculative,502,0.00628,580938.89559,-2.028,49.770325615650826,4.87907983446051e-05,0.0063636,0.008094600000000002,0.5750472731649349,0.32129963898916963,0.24308062575210593,0.23242855102591956,0.2749993840603923,0.005811666666666666,0.008218333333333334,double_bottom_90d,1,0,haussier,365,0,0,30,,,17.0,37.0,77.5,57.5,50,41.15,False,False,,0,,,,54,2,,Volume ×0.2 (épuisement),41653559,62686027,6644791663.0,10000000000.0,10000000000.0,66.4,,,
NXPCUSDT,NXPC,Mid,325,0.2546,125721.36362,-2.75,33.89681537073591,0.001757871793104264,0.32384,0.31826650000000006,0.4626841054684987,0.41156069364161846,0.41156069364161846,0.1601280047764227,0.3261154301235464,0.26595833333333335,0.39142222222222217,rsi_bullish_divergence,1,0,haussier,365,0,0,30,,,31.0,27.0,79.0,47.0,53.7,41.14,False,False,,0,,,,49,2,,Volume ×0.2 (épuisement),74394433,253130951,292296040.3429133,994552574.1697733,1000000000.0,29.4,,,
WINUSDT,WIN,Speculative,804,2.097e-05,123172.43907842,-0.238,57.675558927695505,-4.823068369752024e-08,1.9557799999999998e-05,2.1846000000000004e-05,0.39508172867944014,0.2589167767503303,0.07529722589167777,0.5912037556567425,0.561498584353532,1.7916666666666664e-05,2.1656388888888886e-05,uptrend,1,0,haussier,365,0,0,30,,,17.0,66.0,88.0,47.0,50,41.08,False,False,,0,,,,64,3,,Volume ×0.6 (épuisement),20760585,20760585,993701854154.286,993701859243.3864,,100.0,,,
GASUSDT,GAS,Mid,348,1.047,107924.4708,-1.412,42.734884381285895,0.009116511663428403,1.15694,1.5888399999999998,0.5493625541654892,0.44929971988795514,0.41344537815126053,0.27087511606192816,0.6991472860075709,1.0361111111111112,1.710861111111111,uptrend,1,0,haussier,365,0,0,30,,,31.0,28.0,79.0,47.0,50,41.04,False,False,,0,,,,48,2,,Volume ×0.3 (épuisement),68050552,68050552,65093580.54427269,65093580.54427269,,100.0,,,
POLYXUSDT,POLYX,Mid,459,0.0358,57137.56251,-2.717,40.92724723730153,0.0002453504629773525,0.040138,0.04761900000000001,0.5298430558666761,0.398945518453427,0.3708260105448155,0.12777058246388734,0.6761608851905311,0.035955555555555546,0.0554361111111111,,0,0,neutre,365,0,0,30,,,31.0,28.0,79.0,47.0,50,41.04,False,False,,0,,,,48,2,,Volume ×0.1 (épuisement),46326736,46326736,1296636212.113578,1296636212.113578,,100.0,,,
GLMUSDT,GLM,Mid,266,0.0999,54920.50566,-1.285,44.076612102663645,0.0007807527735672216,0.11061600000000002,0.15504749999999992,0.5935533901863905,0.40182054616384916,0.3498049414824447,0.12840504457213797,0.4903404031853188,0.09891944444444445,0.14416944444444446,uptrend,1,0,haussier,365,0,0,30,,,31.0,28.0,79.0,47.0,50,41.04,False,False,,0,,,,48,2,,Volume ×0.1 (épuisement),99816911,99816911,1000000000.0,1000000000.0,,100.0,,,
XNOUSDT,XNO,Mid,496,0.316,35282.17468,-1.863,39.62297562319378,0.002703492931432622,0.36548,0.504095,0.5766644140451088,0.4317757009345795,0.40560747663551405,0.12410071382563037,0.44860809997543827,0.3201111111111111,0.5002777777777778,,0,0,neutre,365,0,0,30,,,31.0,28.0,79.0,47.0,50,41.04,False,False,,0,,,,48,2,,Volume ×0.1 (épuisement),42091960,42091960,133248297.0,133248297.0,133248297.0,100.0,,,
QTUMUSDT,QTUM,Mid,337,0.681,25801.5892,-1.304,40.271852614585406,0.0023767395945678976,0.7369199999999998,0.9540150000000002,0.35062342635716065,0.3611111111111111,0.34770114942528735,0.10813869042387927,0.6363676899172359,0.6795555555555557,0.9679722222222222,,0,0,neutre,365,0,0,30,,,31.0,28.0,79.0,47.0,50,41.04,False,False,,0,,,,48,2,,Volume ×0.1 (épuisement),72034514,73228339,106064602.0,107822406.0,,98.4,,,
LAUSDT,LA,Speculative,,0.0594,800996.58405,0.508,35.3439859214953,0.0007999392714748395,0.075288,0.1812134999999999,0.5295340324085407,0.6653108657757119,0.6554328878558978,1.6796341276677458,0.49274675215097874,0.061819444444444475,0.16174444444444439,downtrend,0,1,baissier,365,0,0,30,,,17.0,55.0,65.5,57.5,23.4,40.99,False,False,,0,,,,48,0,,,,,,,,,,,
NIGHTUSDT,NIGHT,Mid,103,0.03011,630960.75749,-1.44,41.07151061102364,-0.00023576213034223108,0.032804,,0.6066565737513384,0.2390916050012759,0.2311814238326104,0.1770681080787004,0.2746085071967199,0.030153888888888893,0.037444444444444454,macd_bearish_cross|shooting_star_4h,0,2,baissier,125,0,0,30,,,24.4,36.0,79.0,57.5,0,40.81,False,False,,0,,,,38,7,🔴 Sortie,Volume ×0.2 (épuisement)|Étoile filante 4h|MACD cross baissier,499886834,722405943,16607399400.63495,24000000000.0,24000000000.0,69.2,,,
ERAUSDT,ERA,Speculative,979,0.0797,885052.78453,0.759,36.075419324486205,0.0007518471702130849,0.09695400000000001,0.14162450000000001,0.5294629603787112,0.48191978961209736,0.4760026298487838,1.4037955685858454,0.5929698020065881,0.08164444444444444,0.14791944444444446,downtrend,0,1,baissier,362,0,0,30,,,16.9,46.0,79.0,57.5,23.4,40.7,False,False,,0,,,,47,0,,,13936628,79751805,174750000.0,1000000000.0,1000000000.0,17.5,,,
ACHUSDT,ACH,Speculative,,0.00444,716620.30571,0.68,40.09240743108158,5.453582807355144e-05,0.0051244,0.007087899999999997,0.4466058975700653,0.5193181818181818,0.4954545454545454,0.5898160986763799,0.3907241842821251,0.0043886111111111105,0.008048333333333333,,0,0,neutre,365,0,0,30,,,17.0,37.0,70.0,57.5,50,40.7,False,False,,0,,,,49,2,,Volume ×0.6 (épuisement),,,,,,,,,
1MBABYDOGEUSDT,1MBABYDOGE,Speculative,,0.0003068,722024.3234474,-3.492,47.11215130598745,3.9238855662367315e-06,0.0003319400000000001,0.00043349699999999976,0.510984807344258,0.40267335004177107,0.3583959899749373,0.5629824664324022,0.6703132124577535,0.0002966861111111111,0.0004487777777777777,bearish_engulfing_4h,0,1,baissier,365,0,0,30,,,17.0,46.0,79.0,57.5,22.2,40.66,False,False,,0,,,,50,4,⚠️ Surveiller,Volume ×0.6 (épuisement)|Engloutissement baissier 4h,,,,,,,,,
RAREUSDT,RARE,Speculative,,0.0125,545688.92092,-1.575,46.74359239797396,0.00010146590362115774,0.013282,0.017307,0.8129842189761816,0.497907949790795,0.47698744769874474,0.23941452717609174,0.4453619309228175,0.012172222222222227,0.018500000000000003,,0,0,neutre,365,0,0,30,,,17.0,37.0,68.5,57.5,50,40.61,False,False,,0,,,,52,2,,Volume ×0.2 (épuisement),,,,,,,,,
NEOUSDT,NEO,Mid,210,1.937,203225.49575,-1.775,36.915809418717345,0.018167338965657448,2.19662,2.8211,0.37089495359375957,0.4276155717761557,0.4108880778588807,0.28078747158139705,0.729332036378057,1.9384999999999997,3.0434444444444444,,0,0,neutre,365,0,0,30,,,31.0,28.0,71.0,47.0,50,40.56,False,False,,0,,,,47,2,,Volume ×0.3 (épuisement),136467339,193488357,70530000.0,100000000.0,,70.5,,,
TFUELUSDT,TFUEL,Mid,396,0.0077,109833.12866,-4.11,41.137879911103624,6.345894090623768e-05,0.008489400000000001,0.012672399999999995,0.41149635384399064,0.4080645161290322,0.38064516129032255,0.44548846844954987,0.701609790918635,0.007731666666666666,0.011941111111111112,,0,0,neutre,365,0,0,30,,,31.0,28.0,71.0,47.0,50,40.56,False,False,,0,,,,47,2,,Volume ×0.4 (épuisement),56777620,56778740,7396793056.0,7396938978.0,,100.0,,,
ZILUSDT,ZIL,Mid,391,0.00297,96058.609138,-0.336,41.17804715990175,1.3367820161414717e-05,0.003206399999999998,0.004080300000000001,0.3647683964140044,0.3558558558558559,0.3333333333333334,0.2478520027432574,0.7099143327672143,0.0029441666666666674,0.004251666666666667,,0,0,neutre,365,0,0,30,,,31.0,28.0,71.0,47.0,50,40.56,False,False,,0,,,,47,2,,Volume ×0.2 (épuisement),57866482,60837254,19513551525.0,20515345839.51046,21000000000.0,95.1,,,
XTZUSDT,XTZ,Mid,147,0.2269,321525.40849,-1.09,43.81704451096429,0.001734568058919363,0.25025400000000003,0.3779455,0.725632445469534,0.49438482655353133,0.4337409533316696,0.43557827092294255,0.5969706847804096,0.21922777777777772,0.38248888888888893,,0,0,neutre,365,0,0,30,,,31.0,28.0,68.5,47.0,50,40.41,False,False,,0,,,,46,2,,Volume ×0.4 (épuisement),247120302,251649394,1090441281.450115,1110426323.396695,,98.2,,,
RVNUSDT,RVN,Mid,375,0.00376,267273.197077,-1.828,41.2883166112614,2.6459111893474086e-05,0.004272000000000001,0.005697099999999999,0.5727988969943845,0.425,0.41250000000000003,0.6847970721910541,0.6612966814447748,0.003816388888888889,0.006132500000000001,double_top_90d,0,1,baissier,365,0,0,30,,,31.0,37.0,79.0,47.0,20.8,40.36,False,False,,0,,,,44,2,,Double sommet,61345849,61350286,16347329243.11267,16348511743.11267,21000000000.0,100.0,,,
DUSKUSDT,DUSK,Mid,469,0.0753,195856.1523,-3.089,38.25236654637017,0.0009049385510445053,0.09147399999999997,0.10611499999999989,0.5625723916832225,0.540973505853358,0.5360443622920518,0.1834138420098604,0.3764834767714148,0.07731111111111111,0.15176111111111112,,0,0,neutre,365,0,0,30,,,31.0,28.0,65.5,47.0,50,40.23,False,False,,0,,,,46,2,,Volume ×0.2 (épuisement),44733902,44733902,593118179.8325723,593118179.8325723,1000000000.0,100.0,,,
CYBERUSDT,CYBER,Speculative,749,0.346,853663.45265,-8.466,43.686923198888394,0.0019075028233373733,0.37498,0.5358949999999999,0.5399069859456108,0.4278350515463917,0.4054982817869416,0.36337081824989387,0.6280412263066126,0.34072222222222226,0.5626666666666666,,0,0,neutre,365,0,0,30,,,17.0,28.0,79.0,57.5,50,40.16,False,False,,0,,,,48,2,,Volume ×0.4 (épuisement),23273141,34609834,67244300.43333334,100000000.0,100000000.0,67.2,,,
MANTAUSDT,MANTA,Speculative,660,0.06033,650796.353385,3.802,40.00045953089973,-0.00034010027298879506,0.07457900000000002,0.07225535000000002,0.9533743582087811,0.3620336669699727,0.31005459508644223,0.4352615753775178,0.13029724905331683,0.06105916666666668,0.08689694444444443,,0,0,neutre,365,0,0,30,,,17.0,36.0,62.5,57.5,50,40.13,False,False,,0,,,,48,3,,Volume ×0.4 (épuisement),28848158,60562562,476336481.4485875,1000000000.0,1000000000.0,47.6,22110821,$22M,2.98
CKBUSDT,CKB,Mid,475,0.000902,142608.588243,-1.313,35.43351836109527,8.87689295973756e-06,0.00106126,0.0016062200000000002,0.4700664622734858,0.5005733944954128,0.4827981651376147,0.41013926062459066,0.7145529157267969,0.0009184999999999999,0.0016104444444444445,,0,0,neutre,365,0,0,30,,,31.0,28.0,62.0,47.0,50,40.02,False,False,,0,,,,45,2,,Volume ×0.4 (épuisement),44298648,45045211,49126007269.92874,49953924783.55273,,98.3,,,
GENIUSUSDT,GENIUS,Mid,245,0.332,945646.24796,-2.611,30.29103768385005,5.5587861990134824e-05,0.4325939999999999,,0.7305193704680364,0.5419426048565121,0.5419426048565121,0.06995959122587353,,0.35727619047619047,0.6306904761904759,,0,0,neutre,53,0,0,30,,,22.5,27.0,45.0,57.5,50,39.97,False,False,,0,,,,42,2,,Volume ×0.1 (épuisement),111290827,316564528,335377059.0,953973324.2879035,1000000000.0,35.2,,,
ORCAUSDT,ORCA,Mid,341,1.144,238185.12895,-1.549,42.76955893870859,-0.007115328391963107,1.1828399999999997,1.116805,0.5453792523798784,0.5502325581395349,0.4665116279069767,0.15834405427963527,0.23419835496429586,0.9607222222222221,1.7775833333333333,macd_bearish_cross,0,1,baissier,365,0,0,30,,,31.0,36.0,64.0,47.0,27.9,39.77,False,False,,0,,,,43,5,⚠️ Surveiller,Volume ×0.2 (épuisement)|MACD cross baissier,69676518,85950858,60798782.211565,74999550.548704,100000000.0,81.1,240513196,$241M,-3.03
MINAUSDT,MINA,Mid,395,0.0444,337967.51682,2.778,49.22963406775638,0.00016570497402573677,0.045316,0.06084100000000003,0.7352368252009892,0.4521739130434783,0.36231884057971026,0.46269720734796715,0.6213774603524314,0.040055555555555566,0.06456388888888889,double_top_90d,0,1,baissier,365,0,0,30,,,31.0,37.0,68.5,47.0,20.8,39.73,False,False,,0,,,,45,4,⚠️ Surveiller,Volume ×0.5 (épuisement)|Double sommet,57175443,57175443,1293631019.840039,1293631019.840039,,100.0,,,
ARKMUSDT,ARKM,Mid,335,0.1098,439605.26443,-1.877,40.42021510836198,-0.0001039512101911823,0.12487400000000001,0.13147250000000005,0.5140262935198252,0.2934287573194535,0.28497072218607683,0.28439726978818675,0.4041637963325606,0.11023888888888891,0.14623055555555556,downtrend,0,1,baissier,365,0,0,30,,,31.0,28.0,83.5,47.0,23.4,39.71,False,False,,0,,,,42,3,,Volume ×0.3 (épuisement),72303928,109732226,658912429.0,1000000000.0,1000000000.0,65.9,,,
FLOWUSDT,FLOW,Mid,478,0.02633,173863.7858177,-2.662,37.94966743951671,-7.3047664565578044e-06,0.028660199999999997,0.04427840000000001,0.4661170469940239,0.41085972850678737,0.4045248868778281,0.23397972041077766,0.4246400329480306,0.02675222222222222,0.04164583333333334,macd_bearish_cross,0,1,baissier,365,0,0,30,,,31.0,28.0,79.0,47.0,27.9,39.71,False,False,,0,,,,43,5,⚠️ Surveiller,Volume ×0.2 (épuisement)|MACD cross baissier,44043539,44043539,1674429099.718878,1674429099.718878,,100.0,,,
VICUSDT,VIC,Speculative,,0.0399,665338.284529,-0.499,49.59211947382988,0.00027049226508685497,0.04075800000000001,0.05531650000000001,0.8783736903037911,0.5152394775036285,0.4223512336719884,0.10464069506190729,0.10872210576867243,0.03596111111111111,0.06319722222222222,uptrend,1,0,haussier,365,0,0,30,,,17.0,37.0,53.5,57.5,50,39.71,False,False,,0,,,,50,2,,Volume ×0.1 (épuisement),,,,,,,,,
BTTCUSDT,BTTC,Speculative,,2.6e-07,495762.28120656,0.0,42.26279088183588,2.9447332155834626e-10,2.754e-07,3.3064999999999906e-07,0.47810866739084085,0.2571428571428571,0.2571428571428571,2.0820220570244485,0.42025253370022614,2.5916666666666653e-07,3.327777777777779e-07,rsi_bullish_divergence|doji_4h,1,0,haussier,365,0,0,30,,,17.0,55.0,83.5,47.0,53.7,39.71,False,False,,0,,,,62,0,,,,,,,,,,,
MANAUSDT,MANA,Mid,211,0.0696,321845.313,-1.834,49.31711057062776,0.0005606565741474934,0.07135999999999998,0.09641800000000003,0.8527022629491311,0.37924151696606784,0.30538922155688625,0.5522648958187512,0.5097666118063576,0.06471666666666667,0.09585555555555555,double_top_90d|downtrend,0,2,baissier,365,0,0,30,,,31.0,46.0,68.5,47.0,0,39.57,False,False,,0,,,,43,4,⚠️ Surveiller,Volume ×0.6 (épuisement)|Double sommet,136260373,152593787,1958424637.4807715,2193179327.320146,,89.3,,,
SUPERUSDT,SUPER,Mid,405,0.0854,172362.5026,-1.839,37.57157218880545,0.00038233036539892136,0.09525399999999999,0.12957449999999995,0.3825276242315706,0.3899416909620991,0.3775510204081632,0.241949039962281,0.5842716142948232,0.086425,0.13182222222222226,downtrend|doji_4h,0,1,baissier,365,0,0,30,,,31.0,28.0,79.0,47.0,23.4,39.44,False,False,,0,,,,42,2,,Volume ×0.2 (épuisement),54673626,85405582,640164549.0,1000000000.0,1000000000.0,64.0,,,
BATUSDT,BAT,Mid,227,0.083,100925.7197,-1.542,42.734277519557715,0.0003243118357806893,0.09150400000000002,0.11938650000000006,0.45458767578098774,0.3489148580968281,0.3071786310517529,0.1407334775000874,0.5173404824689242,0.08289722222222223,0.11169999999999998,downtrend,0,1,baissier,365,0,0,30,,,31.0,28.0,79.0,47.0,23.4,39.44,False,False,,0,,,,42,2,,Volume ×0.1 (épuisement),123850627,124204639,1495724656.9526057,1500000000.0,1500000000.0,99.7,,,
SFPUSDT,SFP,Mid,247,0.22,85879.3574,-2.222,43.13807065782676,0.001268180281826339,0.2389579999999999,0.2883374999999999,0.5523615516648724,0.4544257112750263,0.42123287671232873,0.3862576190782639,0.4620416799132978,0.2179388888888889,0.3309527777777778,downtrend,0,1,baissier,365,0,0,30,,,31.0,28.0,79.0,47.0,23.4,39.44,False,False,,0,,,,42,2,,Volume ×0.4 (épuisement),109650583,109650583,500000000.0,500000000.0,500000000.0,100.0,,,
COWUSDT,COW,Mid,299,0.1379,74740.36484,-1.359,36.97195151486744,-0.00048780398341297364,0.148694,0.19125499999999998,0.3819219042863819,0.37934272300469474,0.35117370892018784,0.18616313883985597,0.49091184635802126,0.1386333333333334,0.1931527777777778,downtrend,0,1,baissier,365,0,0,30,,,31.0,28.0,79.0,47.0,23.4,39.44,False,False,,0,,,,42,3,,Volume ×0.2 (épuisement),79913737,138140482,578496150.8601468,1000000000.0,1000000000.0,57.8,,,
ZKPUSDT,ZKP,Speculative,,0.0435,630025.32134,-4.814,38.939250031977046,-9.978428173577913e-05,0.055082000000000006,,1.325258977743801,0.5655655655655656,0.5655655655655656,1.6567955831552827,0.3964095456846296,0.04681944444444444,0.08678888888888886,rsi_bullish_divergence|macd_bearish_cross|uptrend,2,1,haussier,188,0,0,30,,,12.2,63.0,44.5,57.5,31.6,39.44,False,False,,0,,,,49,3,,MACD cross baissier,,,,,,,,,
KSMUSDT,KSM,Mid,377,3.28,123623.56489,-1.502,45.37330381448361,0.04273993304958981,3.6330000000000013,4.904299999999999,0.6015644535996811,0.5041736227045075,0.45242070116861444,0.2539984655901415,0.5502558155168783,3.1841666666666666,5.471111111111111,downtrend|doji_4h,0,1,baissier,365,0,0,30,,,31.0,37.0,59.5,47.0,23.4,39.35,False,False,,0,,,,44,2,,Volume ×0.3 (épuisement),60778681,60778681,18505704.45732644,18505704.45732644,,100.0,,,
MOVEUSDT,MOVE,Mid,468,0.0107,432208.17786,-3.604,38.11883211977353,-4.571431250556676e-06,0.012404000000000002,0.020940000000000004,0.6614372613457415,0.4880382775119617,0.4880382775119617,0.45266413470997413,0.4393695358449438,0.011116666666666672,0.019875,rsi_bullish_divergence|macd_bearish_cross,1,1,mixte,365,0,0,30,,,31.0,28.0,68.5,47.0,31.6,39.3,False,False,,0,,,,42,5,⚠️ Surveiller,Volume ×0.5 (épuisement)|MACD cross baissier,44693935,107265444,4166666667.0,10000000000.0,10000000000.0,41.7,,,
BICOUSDT,BICO,Speculative,,0.01378,685353.8112606,-2.889,40.358118194451556,-0.00016189692069379022,0.021052199999999993,0.026677549999999984,3.5933586518861262,0.7818181818181819,0.7802232854864434,1.0614039903632837,0.347626073131315,0.01563222222222222,0.03181666666666666,,0,0,neutre,365,0,0,30,,,17.0,46.0,28.0,57.5,50,39.26,False,False,,0,,,,45,1,,,,,,,,,,,
WBETHUSDT,WBETH,Speculative,,1963.41,348442.107941,-1.021,55.33592624011083,19.310402951285408,1930.2188000000003,2422.917349999999,0.4322491504262646,0.34930710266963716,0.2589283691424688,0.14005402642108977,0.8764442162037999,1773.3702777777778,2582.464444444445,double_bottom_90d,1,0,haussier,365,0,0,30,,,17.0,57.0,75.5,47.0,50,39.25,False,False,,0,,,,59,2,,Volume ×0.1 (épuisement),,,,,,,,,
GLMRUSDT,GLMR,Speculative,,0.0087,621271.08359,-1.136,44.525048654943575,4.6943416530229336e-05,0.009613999999999998,0.014390000000000016,1.020936103273474,0.581151832460733,0.5445026178010471,0.7667249050059752,0.39867380003019715,0.008575000000000001,0.017849999999999998,,0,0,neutre,365,0,0,30,,,17.0,37.0,44.5,57.5,50,39.17,False,False,,0,,,,45,0,,,,,,,,,,,
AIGENSYNUSDT,AIGENSYN,Speculative,,0.02434,1218454.96306,-9.077,42.38066190541511,-0.0002869514725090275,0.026906400000000007,,1.4881520629094718,0.45805159028299525,0.3904332582018532,0.1093530609943436,,0.02281791666666666,0.03781083333333333,macd_bearish_cross,0,1,baissier,61,0,0,30,,,8.7,36.0,48.0,68.0,27.9,39.11,False,False,,0,,,,40,5,⚠️ Surveiller,Volume ×0.1 (épuisement)|MACD cross baissier,,,,,,,,,
BANANAUSDT,BANANA,Speculative,987,3.441,349616.711612,1.355,62.48444742506723,0.07136013284879228,3.0983799999999997,4.317724999999999,0.7539964670017337,0.45338983050847453,0.2713983050847457,0.31367747529049667,0.6080981390176756,2.7703611111111104,4.220916666666667,,0,0,neutre,365,0,0,30,,,17.0,57.0,73.0,47.0,50,39.1,False,False,,0,,,,59,2,,Volume ×0.3 (épuisement),13804450,28880806,4016415.732856428,8402893.465936832,10000000.0,47.8,,,
BEAMXUSDT,BEAMX,Speculative,,0.001556,285775.669085,-6.434,54.742726501317804,1.9936097402430834e-05,0.0015078999999999997,0.0020587550000000007,0.6190303996938897,0.3956095282578235,0.27463801961700146,0.46093871845057705,0.5564784898208979,0.0013703333333333332,0.002043416666666667,,0,0,neutre,365,0,0,30,,,17.0,57.0,73.0,47.0,50,39.1,False,False,,0,,,,59,2,,Volume ×0.5 (épuisement),,,,,,,,,
VELODROMEUSDT,VELODROME,Speculative,,0.02092,135464.007324,-2.425,52.587140191370125,-0.00031977216043540396,0.017957400000000002,0.0172862,1.1800823676312153,0.35437144335230214,0.15698143664245365,0.29480847299197466,0.5317026967877214,0.013998055555555555,0.02198583333333334,macd_bearish_cross|uptrend,1,1,mixte,365,0,0,30,,,17.0,73.0,62.5,47.0,27.9,39.06,False,False,,0,,,,57,5,⚠️ Surveiller,Volume ×0.3 (épuisement)|MACD cross baissier,,,,,,,,,
EDENUSDT,EDEN,Speculative,875,0.04357,552864.899036,1.562,47.2327456146436,0.00012813485456704345,0.04698819999999999,0.04544704999999997,1.3018099112986958,0.6852003270645953,0.6438266557645135,0.0919758007778742,0.18703272730854564,0.03525833333333333,0.07663944444444444,macd_bullish_cross,1,0,haussier,287,0,0,30,,,14.9,45.0,38.5,57.5,50,39.0,False,False,,0,,,,50,2,,Volume ×0.1 (épuisement),17400752,43547460,399581333.9644727,1000000000.0,1000000000.0,40.0,,,
RPLUSDT,RPL,Speculative,505,1.83,360510.5395,-0.543,56.523534887379306,0.003713290416456294,1.5281999999999993,1.809649999999999,1.910761379939318,0.4,0.171945701357466,0.9959613038905164,0.3324522537522497,1.3213888888888885,2.0500000000000003,,0,0,neutre,365,0,0,30,,,17.0,66.0,52.0,47.0,50,38.92,False,False,,0,,,,58,0,,,41258173,41258173,22619597.20624596,22619597.20624596,,100.0,944630515,$945M,0.62
LINEAUSDT,LINEA,Mid,392,0.002388,495651.850209,-0.042,44.799012022223216,1.5319673753388103e-05,0.00256716,0.0037460799999999993,0.4095472594671321,0.47363552266419984,0.44680851063829785,0.47010411260828633,0.5322647416347203,0.0023304722222222225,0.003830166666666667,downtrend,0,1,baissier,307,0,0,30,,,29.4,28.0,79.0,47.0,23.4,38.86,False,False,,0,,,,42,2,,Volume ×0.5 (épuisement),57672724,170799980,24174536833.4717,71593816498.0,72009990000.0,33.8,,,
MUBARAKUSDT,MUBARAK,Speculative,,0.01173,354300.047106,-9.421,53.936895857348276,0.00018723668829562126,0.011243200000000002,0.014380650000000012,0.6265610747570023,0.4335461404526988,0.30644225188624485,0.3295041346592641,0.41522389640336005,0.010085,0.0158775,double_bottom_90d,1,0,haussier,365,0,0,30,,,17.0,57.0,68.5,47.0,50,38.83,False,False,,0,,,,58,2,,Volume ×0.3 (épuisement),,,,,,,,,
FORMUSDT,FORM,Mid,313,0.1995,366806.11419,-2.206,38.323461790960756,-0.0004948574198185658,0.23042800000000002,0.261252,0.6132661924092431,0.35372168284789646,0.35372168284789646,0.2965116606298068,0.3587580038100856,0.2095583333333333,0.2883666666666666,downtrend|doji_4h,0,1,baissier,365,0,0,30,,,31.0,28.0,68.5,47.0,23.4,38.81,False,False,,0,,,,40,3,,Volume ×0.3 (épuisement),76118217,114077867,381867255.14,572301922.1,580000000.0,66.7,,,
SANDUSDT,SAND,Mid,220,0.04807,386866.79048,-1.294,40.96240594515535,0.0003592276491244228,0.05425379999999998,0.08220290000000001,0.8000325257722054,0.44607142857142856,0.4282142857142857,0.17306972110927915,0.6413268865845745,0.047956388888888875,0.08090555555555556,double_top_90d|doji_4h,0,1,baissier,365,0,0,30,,,31.0,28.0,68.5,47.0,20.8,38.65,False,False,,0,,,,39,4,⚠️ Surveiller,Volume ×0.2 (épuisement)|Double sommet,127975333,143938646,2667289212.2233224,3000000000.0,3000000000.0,88.9,,,
ROSEUSDT,ROSE,Mid,473,0.00561,297958.114654,-3.442,35.039537917837094,5.248429610758013e-05,0.006806200000000002,0.010900149999999999,0.5882282827742356,0.5346700083542189,0.531328320802005,0.2803849444650655,0.5985504818840452,0.005816944444444444,0.011228055555555554,downtrend,0,1,baissier,365,0,0,30,,,31.0,28.0,65.5,47.0,23.4,38.63,False,False,,0,,,,39,2,,Volume ×0.3 (épuisement),44470470,56103933,7926444383.0,10000000000.0,10000000000.0,79.3,,,
CFGUSDT,CFG,Mid,349,0.1777,461470.71676,-4.36,33.35643638481433,-0.0008011902825814359,0.21922999999999998,,0.5923975747215916,0.42852543464262716,0.42852543464262716,0.19750147694416129,0.33865030350747427,0.19055833333333333,0.299125,doji_4h,0,0,neutre,120,0,0,30,,,24.3,27.0,79.0,47.0,50,38.49,False,False,,0,,,,48,3,,Volume ×0.2 (épuisement),67400885,120490345,380384016.0,680000000.0,,55.9,1639052306,$1.6B,0.11
BNTUSDT,BNT,Speculative,658,0.2655,205424.22913,-3.49,46.06354187401286,0.0018217167573814936,0.2791,0.3176699999999999,0.4517725308569028,0.2936781609195402,0.2370689655172413,1.7451872761309535,0.7416929474590495,0.2587777777777778,0.34436666666666665,downtrend,0,1,baissier,365,0,0,30,,,17.0,64.0,75.5,47.0,23.4,38.49,False,False,,0,,,,55,0,,,28906252,28906252,107781825.4842947,107781825.4842947,110542364.6372305,100.0,16821521,$17M,0.3
GRTUSDT,GRT,Mid,171,0.01727,357577.88058,-1.595,33.842375500986634,6.860111573132844e-05,0.020302399999999995,0.026774699999999978,0.3768970756391308,0.40338748703767713,0.40338748703767713,0.31612772142190915,0.6093399704403346,0.01783416666666667,0.027596666666666665,rsi_bullish_divergence|double_top_90d,1,1,mixte,365,0,0,30,,,31.0,19.0,79.0,47.0,24.5,38.42,False,False,,0,,,,39,4,⚠️ Surveiller,Volume ×0.3 (épuisement)|Double sommet,186515240,186522065,10799867657.47347,10800262816.04821,10800262823.318213,100.0,,,
RSRUSDT,RSR,Mid,314,0.001216,241274.0445711,-2.875,44.93244572851112,1.8009234007045454e-05,0.00134436,0.0017496099999999995,0.6341126141812479,0.5089655172413793,0.440919540229885,0.28945351097168165,0.56147069292643,0.0011880277777777776,0.0019588333333333337,downtrend,0,1,baissier,365,0,0,30,,,31.0,28.0,59.5,47.0,23.4,38.27,False,False,,0,,,,39,2,,Volume ×0.3 (épuisement),76080953,121626047,62553174091.0,100000000000.0,100000000000.0,62.6,38984755,$39M,-0.11
0GUSDT,0G,Speculative,537,0.178,825816.3567,-5.319,26.82623118667817,0.0029246790158643787,0.28326,0.5585049999999996,0.852828192001404,0.7119741100323624,0.7119741100323624,0.9344021512339923,0.6109682940571112,0.2046666666666667,0.58175,rsi_bullish_divergence,1,0,haussier,295,0,0,30,,,15.1,28.0,55.0,57.5,53.7,38.25,False,False,,0,,,,51,0,,,37996391,178219701,213199722.0,1000000000.0,,21.3,,,
LUMIAUSDT,LUMIA,Speculative,898,0.1214,417257.565731,0.747,50.92887539955544,-0.00145386278969439,0.10916800000000002,0.09854549999999992,1.4838060915415165,0.5886712546320805,0.36103758602435154,0.24500651831246417,0.3077127249372693,0.08814166666666666,0.15204444444444443,macd_bearish_cross,0,1,baissier,365,0,0,30,,,17.0,73.0,49.0,47.0,27.9,38.25,False,False,,0,,,,54,5,⚠️ Surveiller,Volume ×0.2 (épuisement)|MACD cross baissier,16689959,28788161,138496021.73127738,238888888.0,238888888.0,58.0,,,
TSTUSDT,TST,Speculative,,0.01093,589555.344178,3.016,45.6672389793161,0.00019517109276555701,0.013161600000000002,0.012986750000000002,1.2048493395843858,0.6178050652340752,0.5813507290867229,0.19083034594390655,0.1772526770697711,0.010253333333333333,0.021259999999999994,downtrend,0,1,baissier,365,0,0,30,,,17.0,45.0,38.5,57.5,23.4,38.17,False,False,,0,,,,43,2,,Volume ×0.2 (épuisement),,,,,,,,,
PEOPLEUSDT,PEOPLE,Speculative,668,0.00561,471615.760005,2.747,54.09066472559246,6.217083418174746e-05,0.005593999999999999,0.007255599999999998,0.4572429253992849,0.4337899543378996,0.3618721461187214,0.9451058775304012,0.49227311157199155,0.005141111111111112,0.008266944444444443,double_bottom_90d,1,0,haussier,365,0,0,30,,,17.0,46.0,79.0,47.0,50,38.14,False,False,,0,,,,56,0,,,28285570,28285570,5066374892.014003,5066374892.014003,,100.0,,,
ONGUSDT,ONG,Speculative,768,0.04731,192355.07759,-3.802,46.38139941430461,0.0005752319462820246,0.050228599999999984,0.06784610000000002,0.49697269831805047,0.4813459268004723,0.4413223140495868,0.5791632812325711,0.3665651556580102,0.04536361111111112,0.07928861111111112,doji_4h,0,0,neutre,365,0,0,30,,,17.0,46.0,79.0,47.0,50,38.14,False,False,,0,,,,56,2,,Volume ×0.6 (épuisement),22466954,37797098,475527590.0,800000000.0,1000000000.0,59.4,,,
LPTUSDT,LPT,Mid,315,1.527,145769.76439,-1.293,36.91594544331609,0.0077302357307073855,1.76356,2.274314999999999,0.44128956304056044,0.36599664991624786,0.35971524288107204,0.1584060509043323,0.6145403075358927,1.563666666666667,2.2908055555555555,double_top_90d|downtrend|doji_4h,0,2,baissier,365,0,0,30,,,31.0,28.0,79.0,47.0,0,38.04,False,False,,0,,,,36,4,⚠️ Surveiller,Volume ×0.2 (épuisement)|Double sommet,75930236,75930236,49688954.55,49688954.55,,100.0,,,
NEIROUSDT,NEIRO,Speculative,707,6.114e-05,691792.01389997,-1.02,42.00218654462256,8.009917420787804e-08,6.841300000000001e-05,8.312820000000004e-05,0.622395060994176,0.48377125193199383,0.47501287995878416,0.22639964032150695,0.3677430684410038,6.154888888888889e-05,0.00010238472222222221,downtrend,0,1,baissier,365,0,0,30,,,17.0,28.0,68.5,57.5,23.4,37.93,False,False,,0,,,,40,2,,Volume ×0.2 (épuisement),25757513,25757513,420690000000.0,420690000000.0,420690000000.0,100.0,,,
PROMUSDT,PROM,Speculative,732,1.323,407689.11138,2.399,65.03616422622734,0.02315847408104381,1.10868,2.08751,0.6818007100456729,0.5875776397515527,0.4567287784679089,0.5176776035871188,0.0896464980170394,1.0208888888888887,2.2298055555555556,doji_4h,0,0,neutre,365,0,0,30,,,17.0,57.0,53.5,47.0,50,37.93,False,False,,0,,,,53,2,,Volume ×0.5 (épuisement),23936557,25248149,18250000.0,19250000.0,19250000.0,94.8,,,
BNSOLUSDT,BNSOL,Speculative,,85.5,221581.0803,-0.581,50.26396131137618,-0.2802093793602629,82.898,101.04900000000004,0.5225872890985571,0.36162361623616235,0.21125461254612551,0.19328585772220244,0.8074284848793649,74.83333333333331,100.43055555555556,macd_bearish_cross|bull_flag|uptrend,2,1,haussier,365,0,0,30,,,17.0,57.0,75.5,47.0,27.9,37.92,False,False,,0,,,,54,5,⚠️ Surveiller,Volume ×0.2 (épuisement)|MACD cross baissier,,,,,,,,,
ZBTUSDT,ZBT,Speculative,655,0.12,902719.7374,3.004,47.92669023971604,-0.0006196234557340056,0.121674,0.11216499999999999,1.1746669506603016,0.5282239559430931,0.4497475906379073,0.18692570035188538,0.06932623275569455,0.10666944444444443,0.18884166666666669,macd_bearish_cross|doji_4h,0,1,baissier,270,0,0,30,,,14.4,45.0,43.0,57.5,27.9,37.78,False,False,,0,,,,45,5,⚠️ Surveiller,Volume ×0.2 (épuisement)|MACD cross baissier,29351880,119807413,244992188.30119348,1000000000.0,1000000000.0,24.5,54587579,$55M,-0.18
MASKUSDT,MASK,Speculative,516,0.397,255569.9353,-2.217,48.11374225963349,-0.000697016713940941,0.39659999999999995,0.4794100000000006,0.6079798589114951,0.39361702127659565,0.29609929078014174,0.2334519466597006,0.5464534774806052,0.36469444444444443,0.5316666666666667,macd_bearish_cross|uptrend,1,1,mixte,365,0,0,30,,,17.0,57.0,73.0,47.0,27.9,37.77,False,False,,0,,,,53,5,⚠️ Surveiller,Volume ×0.2 (épuisement)|MACD cross baissier,39683787,39683787,100000000.0,100000000.0,100000000.0,100.0,,,
BANANAS31USDT,BANANAS31,Mid,317,0.00755,425519.862395,-1.923,39.97589767949166,-3.7406410813290206e-05,0.009449140000000002,0.008142144999999998,1.505499766167445,0.5125140607424072,0.469206974128234,0.12940829410383242,0.18487662100750626,0.008067666666666664,0.012660833333333336,downtrend|doji_4h,0,1,baissier,365,0,0,30,,,31.0,36.0,32.5,47.0,23.4,37.61,False,False,,0,,,,37,3,,Volume ×0.1 (épuisement),75457053,75457053,10000000000.0,10000000000.0,10000000000.0,100.0,,,
OPGUSDT,OPG,Speculative,793,0.1114,1442695.35675,-2.707,38.0880894616062,-3.637322665055523e-05,0.15411599999999998,,3.1114593531032857,0.6396189224704336,0.6337056504599212,0.09902380193714845,,0.11953809523809522,0.2215904761904762,macd_bearish_cross,0,1,baissier,53,0,0,30,,,8.5,36.0,24.0,68.0,27.9,37.59,False,False,,0,,,,36,5,⚠️ Surveiller,Volume ×0.1 (épuisement)|MACD cross baissier,21124811,111183218,190000000.0,1000000000.0,1000000000.0,19.0,,,
RESOLVUSDT,RESOLV,Speculative,,0.0197,887263.73344,-1.99,46.104431833245286,-0.00017637337533923732,0.020197999999999997,0.049168500000000004,1.7171427520364584,0.5882352941176472,0.4453781512605042,0.41223073569789087,0.3093107855753863,0.017191666666666664,0.033638888888888885,macd_bearish_cross|doji_4h,0,1,baissier,365,0,0,30,,,17.0,37.0,38.5,57.5,27.9,37.49,False,False,,0,,,,42,5,⚠️ Surveiller,Volume ×0.4 (épuisement)|MACD cross baissier,,,,,,,8485273,$8M,-4.16
STGUSDT,STG,Speculative,790,0.1509,597241.14451,-2.645,40.970081029697,0.0025766399854336743,0.22461399999999998,0.1910934999999999,1.5236766577932948,0.766480965645311,0.766480965645311,0.7734891132307035,0.1339024228728482,0.15750277777777782,0.3327916666666667,rsi_bullish_divergence|downtrend|bullish_engulfing_4h,2,1,haussier,365,0,0,30,,,17.0,45.0,22.0,57.5,27.1,37.41,False,False,,0,,,,39,0,,,21306735,21306735,140911695.12337494,140911695.12337494,1000000000.0,100.0,71538724,$72M,-1.24
BANDUSDT,BAND,Speculative,636,0.1703,86887.60812,0.769,55.459386158432665,0.002819290181618005,0.169618,0.22799949999999997,0.600550260055636,0.4484126984126984,0.32301587301587303,0.36299327585966873,0.5579449523610773,0.15198611111111104,0.2365555555555556,downtrend,0,1,baissier,365,0,0,30,,,17.0,57.0,68.5,47.0,23.4,37.23,False,False,,0,,,,52,2,,Volume ×0.4 (épuisement),30482748,30569492,178573348.409427,179081511.869726,,99.7,,,
WALUSDT,WAL,Mid,320,0.0305,137660.34325,-3.175,36.298539570445605,0.0004350191228383823,0.038234000000000004,0.07733849999999999,0.8174646304250418,0.6506300114547537,0.6494845360824743,0.29005762676441843,0.5417712557268728,0.031397222222222215,0.08067777777777778,downtrend,0,1,baissier,277,0,0,30,,,28.6,28.0,55.0,47.0,23.4,37.13,False,False,,0,,,,38,2,,Volume ×0.3 (épuisement),74886871,152415613,2456666667.0,5000000000.0,5000000000.0,49.1,3360716,$3M,0.04
ADXUSDT,ADX,Speculative,,0.0593,109947.0892,-3.42,52.91497485280826,0.0008792438716613555,0.05826000000000001,0.07491049999999996,0.8358999705052608,0.3910482921083628,0.3015312131919906,0.12139595852881775,0.4567890635824461,0.0544361111111111,0.07968333333333336,double_top_90d|doji_4h,0,1,baissier,365,0,0,30,,,17.0,57.0,68.5,47.0,20.8,37.07,False,False,,0,,,,51,4,⚠️ Surveiller,Volume ×0.1 (épuisement)|Double sommet,,,,,,,,,
STEEMUSDT,STEEM,Speculative,770,0.04046,247827.56305,-1.1,41.87410892029694,0.0002605714340457139,0.04427660000000002,0.05625029999999997,0.4084871084680621,0.3727405959941378,0.34147532975085493,0.8355153861043799,0.6446118284045741,0.040315833333333335,0.060235000000000004,doji_4h,0,0,neutre,365,0,0,30,,,17.0,37.0,79.0,47.0,50,37.06,False,False,,0,,,,51,0,,,22289928,22304405,552279517.458,552638213.294,,99.9,,,
ARKUSDT,ARK,Speculative,794,0.1071,96554.1581,-2.459,40.03929504948287,0.0010129991867432117,0.12136599999999997,0.17986750000000012,0.49884264215368146,0.44926004228329813,0.4339323467230444,0.6886690969490077,0.5871089067183219,0.10707777777777779,0.1805,,0,0,neutre,365,0,0,30,,,17.0,37.0,79.0,47.0,50,37.06,False,False,,0,,,,51,0,,,21116716,21116716,197797094.0,197797094.0,,100.0,,,
USTCUSDT,USTC,Speculative,631,0.00549,187887.62744,-3.175,41.953921873194204,8.445594914482563e-06,0.005902999999999999,0.005754700000000004,0.45686338831242945,0.3407960199004975,0.318407960199005,0.09161633357467595,0.3756029864214406,0.005342222222222222,0.007298055555555554,uptrend,1,0,haussier,365,0,0,30,,,17.0,36.0,79.0,47.0,50,36.94,False,False,,0,,,,50,2,,Volume ×0.1 (épuisement),30568837,33327251,5575870331.305477,6079015384.229351,,91.7,,,
ENJUSDT,ENJ,Mid,401,0.02824,327387.189944,-1.051,37.996423102597035,0.00011933323182003854,0.03203160000000001,0.032290450000000005,0.5857015462914398,0.6885300668151448,0.6871937639198218,0.22744768099351312,0.15147324165036968,0.028603611111111118,0.0640625,death_cross|support_bounce|downtrend,1,2,baissier,365,0,0,30,,,31.0,28.0,59.5,47.0,0.2,36.88,False,False,,0,,,,33,2,,Volume ×0.2 (épuisement),55667153,56320587,1982028071.451261,2005293568.34002,,98.8,,,
FIDAUSDT,FIDA,Speculative,792,0.02134,194864.014369,-1.523,45.33032343181042,1.7247044091823853e-05,0.023222599999999996,0.0222016,0.7851239901251464,0.5453205600589537,0.4735937116187669,0.06839798314159448,0.3677702439038335,0.016630555555555555,0.030930833333333334,,0,0,neutre,365,0,0,30,,,17.0,45.0,59.5,47.0,50,36.85,False,False,,0,,,,53,2,,Volume ×0.1 (épuisement),21194641,21194641,990910735.156861,990910735.156861,1000000000.0,100.0,,,
PROVEUSDT,PROVE,Speculative,531,0.1965,175920.08755,-1.405,46.794962933401294,0.0008933667999110281,0.20226399999999994,0.27732550000000006,0.5045625382203028,0.4730053989202159,0.41091781643671266,0.21074396050052888,0.4101343104842913,0.18700833333333333,0.2730111111111111,uptrend|morning_star_4h,2,0,haussier,343,0,0,30,,,16.4,37.0,79.0,47.0,50,36.84,False,False,,0,,,,54,2,,Volume ×0.2 (épuisement),38287755,196347463,195000000.0,1000000000.0,1000000000.0,19.5,,,
AVNTUSDT,AVNT,Speculative,623,0.0944,597364.8506,-2.176,42.7454681352167,0.0010546326209628044,0.109384,0.1771865000000001,0.627479006517093,0.5033333333333333,0.475,0.20552183102716381,0.49409192158111814,0.09439999999999997,0.15955277777777777,downtrend|doji_4h,0,1,baissier,302,0,0,30,,,15.3,28.0,59.5,57.5,23.4,36.77,False,False,,0,,,,39,2,,Volume ×0.2 (épuisement),31066319,94361210,329227642.82142705,1000000000.0,1000000000.0,32.9,29688899,$30M,-3.23
ROBOUSDT,ROBO,Speculative,645,0.01342,531204.56218,1.667,34.79421399501831,-6.745820213311434e-05,0.017835600000000007,,0.9967859067579984,0.4854721549636804,0.45843422114608556,0.3237467378234853,0.18724167495488545,0.01479416666666667,0.022658888888888885,,0,0,neutre,132,0,0,30,,,10.6,27.0,62.5,57.5,50,36.75,False,False,,0,,,,45,3,,Volume ×0.3 (épuisement),29823836,133679230,2231000000.0,10000000000.0,10000000000.0,22.3,,,
GNSUSDT,GNS,Speculative,957,0.605,28451.6627,-1.305,56.475499695630916,-0.00126956480841392,0.5515400000000001,0.7368549999999999,0.5029805319558909,0.3636363636363636,0.15244755244755243,0.08693345248592677,0.3766682308153657,0.4723611111111113,0.6844166666666666,macd_bearish_cross|double_top_90d|bull_flag|uptrend,2,2,mixte,365,0,0,30,,,17.0,57.0,83.5,47.0,0,36.73,False,False,,0,,,,48,7,🔴 Sortie,Volume ×0.1 (épuisement)|Double sommet|MACD cross baissier,14368527,14368527,23805116.0,23805116.0,,100.0,11750176,$12M,-8.9
ACXUSDT,ACX,Speculative,656,0.04149,168781.632318,-1.191,47.215603719230685,-7.485764945820277e-05,0.041734,0.04291549999999997,0.4970203398338418,0.18326271186440674,0.12097457627118643,0.45566889062775473,0.36666478130727237,0.040110555555555545,0.04511055555555554,macd_bearish_cross,0,1,baissier,365,0,0,30,,,17.0,37.0,95.5,47.0,27.9,36.72,False,False,,0,,,,51,5,⚠️ Surveiller,Volume ×0.5 (épuisement)|MACD cross baissier,29181877,41412844,704657633.0,1000000000.0,1000000000.0,70.5,20743144,$21M,2.99
BABYUSDT,BABY,Mid,433,0.01271,279598.98887,-3.051,40.16700301809398,-1.9136633863210348e-05,0.014383599999999996,0.015130250000000005,1.1266946583262711,0.3752525252525253,0.3585858585858587,0.22971413070566074,0.1278648522098662,0.013055277777777778,0.019050277777777777,macd_bearish_cross|downtrend,0,2,baissier,365,0,0,30,,,31.0,28.0,52.0,47.0,1.3,36.49,False,False,,0,,,,32,5,⚠️ Surveiller,Volume ×0.2 (épuisement)|MACD cross baissier,50800087,137982048,4003149399.98,10873319157.0,,36.8,2552671206,$2.6B,-20.6
BROCCOLI714USDT,BROCCOLI714,Speculative,,0.0124,285995.35465,-3.125,48.70250219830084,7.29538889511713e-05,0.012648799999999998,0.015244999999999993,0.660217260709257,0.4892723880597015,0.42024253731343286,0.1687696627700088,0.363590243183434,0.011609444444444447,0.018308333333333336,,0,0,neutre,365,0,0,30,,,17.0,37.0,68.5,47.0,50,36.43,False,False,,0,,,,52,2,,Volume ×0.2 (épuisement),,,,,,,,,
METISUSDT,METIS,Speculative,787,2.84,131099.08881,-3.072,48.99612569877062,0.01735409386213533,2.8942,3.59545,0.6469284859001663,0.44393592677345534,0.34782608695652173,0.16695464208423264,0.5112179981383255,2.6208333333333336,3.9099999999999997,macd_bullish_cross,1,0,haussier,365,0,0,30,,,17.0,37.0,68.5,47.0,50,36.43,False,False,,0,,,,52,2,,Volume ×0.2 (épuisement),21448470,28445353,7540236.842,10000000.0,10000000.0,75.4,26014052,$26M,2.19
POWRUSDT,POWR,Speculative,750,0.0441,130137.5162,-1.342,43.532870474296516,0.0003424119389060236,0.049224000000000004,0.06533499999999998,0.9843544762023919,0.4111747851002866,0.3696275071633238,0.9338422367432742,0.492044896993883,0.04328333333333333,0.06765,,0,0,neutre,365,0,0,30,,,17.0,37.0,68.5,47.0,50,36.43,False,False,,0,,,,49,0,,,23235995,43839544,529761884.726046,999506122.99937,1000000000.0,53.0,,,
AEVOUSDT,AEVO,Speculative,879,0.01878,90531.0768947,-1.881,46.99933945078808,0.0001585924145721342,0.019949000000000005,0.026810250000000004,0.6036172317167637,0.4579617834394904,0.4019108280254776,0.1368439429680356,0.502623199869831,0.018058055555555556,0.02949722222222223,uptrend|doji_4h,1,0,haussier,365,0,0,30,,,17.0,37.0,68.5,47.0,50,36.43,False,False,,0,,,,52,2,,Volume ×0.1 (épuisement),17202646,18756190,917171641.975501,1000000000.0,1000000000.0,91.7,15085997,$15M,1.5
GUSDT,G,Speculative,727,0.00336,347086.02011,-1.176,51.72593728231344,-1.0938819510297293e-05,0.0031358,0.0037585499999999977,1.3376717492434234,0.37170263788968827,0.19424460431654675,0.8917801976736456,0.2590703460061693,0.002715277777777777,0.003956111111111111,macd_bearish_cross|downtrend|doji_4h,0,2,baissier,365,0,0,30,,,17.0,66.0,56.5,47.0,1.3,36.26,False,False,,0,,,,47,3,,MACD cross baissier,24289498,40299470,7232700000.0,12000000000.0,12000000000.0,60.3,20596149,$21M,-4.4
CETUSUSDT,CETUS,Speculative,881,0.01795,64386.797667,-1.536,45.23991284906732,0.00012774134113749402,0.019180000000000003,0.0216499,0.4947464197761323,0.5556149732620321,0.5195187165775401,0.18945094283016478,0.586530325148441,0.017357222222222222,0.03109333333333333,,0,0,neutre,365,0,0,30,,,17.0,37.0,65.5,47.0,50,36.25,False,False,,0,,,,52,2,,Volume ×0.2 (épuisement),17174581,17955244,956521739.0,1000000000.0,1000000000.0,95.7,26067047,$26M,-1.04
NEWTUSDT,NEWT,Speculative,,0.0462,395523.07793,-3.347,36.50621277589649,0.0002236169917285342,0.054459999999999974,0.0731725,0.5070275058499926,0.4583821805392732,0.4583821805392732,0.3904306576565349,0.5993668263982577,0.04791666666666667,0.08212222222222222,rsi_bullish_divergence|doji_4h,1,0,haussier,365,0,0,30,,,17.0,28.0,79.0,47.0,53.7,36.2,False,False,,0,,,,49,2,,Volume ×0.4 (épuisement),,,,,,,,,
UMAUSDT,UMA,Speculative,583,0.369,236146.4441,-3.15,38.963171302476525,-0.0004440548590314425,0.4012199999999999,0.49282,0.5219461220806879,0.3278688524590165,0.3278688524590165,0.383542732605597,0.6307436298861696,0.37555555555555553,0.5033055555555556,rsi_bullish_divergence,1,0,haussier,365,0,0,30,,,17.0,28.0,79.0,47.0,53.7,36.2,False,False,,0,,,,49,3,,Volume ×0.4 (épuisement),33806198,47607259,91690352.87669536,129122073.359892,,71.0,,,
ALPINEUSDT,ALPINE,Speculative,,0.304,84983.41051,-1.935,35.98602055265279,0.0009837966487868458,0.34384,0.43728500000000003,0.3776927684912607,0.4119922630560929,0.4119922630560929,0.22179416402100818,0.6046388329168619,0.3120277777777778,0.4780833333333333,rsi_bullish_divergence,1,0,haussier,365,0,0,30,,,17.0,28.0,79.0,47.0,53.7,36.2,False,False,,0,,,,49,2,,Volume ×0.2 (épuisement),,,,,,,,,
MTLUSDT,MTL,Speculative,813,0.221,27976.5533,-1.778,37.21581299311741,0.0007172966124112,0.24712000000000006,0.29413499999999965,0.38558608675345896,0.3422619047619048,0.3422619047619048,0.20188490810000337,0.6640905503964599,0.22677777777777777,0.31933333333333325,rsi_bullish_divergence,1,0,haussier,365,0,0,30,,,17.0,28.0,79.0,47.0,53.7,36.2,False,False,,0,,,,49,2,,Volume ×0.2 (épuisement),20309643,20309643,92068885.0,92068885.0,,100.0,,,
SAHARAUSDT,SAHARA,Speculative,580,0.00971,714507.6808,-4.146,25.434074531865477,0.0004939969776130665,0.018776800000000003,0.023009250000000012,0.5503722083639231,0.7787871905518965,0.7787871905518965,0.2788494153769484,0.20039641282149068,0.010619722222222223,0.03800944444444445,rsi_bullish_divergence|downtrend,1,1,mixte,365,0,0,30,,,17.0,19.0,53.5,57.5,27.1,36.18,False,False,,0,,,,42,2,,Volume ×0.3 (épuisement),33912673,97136191,3491250000.0,10000000000.0,10000000000.0,34.9,,,
ARPAUSDT,ARPA,Speculative,,0.0086,446810.894578,-1.376,48.52794752913187,8.875421202971483e-06,0.008839800000000002,0.010347750000000006,1.1396601594250297,0.3704006541291905,0.29599345870809485,0.41812953502792954,0.4251252218655259,0.008038611111111113,0.011536388888888888,doji_4h,0,0,neutre,365,0,0,30,,,17.0,37.0,62.5,47.0,50,36.07,False,False,,0,,,,51,2,,Volume ×0.4 (épuisement),,,,,,,,,
API3USDT,API3,Speculative,611,0.2208,339942.027999,-4.91,37.11532597646727,0.0016829636759481646,0.256554,0.3211420000000001,0.4998859147174386,0.44527620030975734,0.43030459473412497,0.4130543051123447,0.3894808449700265,0.2248305555555555,0.3888722222222223,,0,0,neutre,365,0,0,30,,,17.0,28.0,79.0,47.0,50,35.98,False,False,,0,,,,48,2,,Volume ×0.4 (épuisement),31634043,38593524,143513155.2998737,175086007.1216392,,82.0,18304406,$18M,5.25
GMTUSDT,GMT,Speculative,743,0.00756,321300.02093,-1.818,40.593260884566455,5.0675291583394825e-05,0.008382,0.01162704999999999,0.4712002924152671,0.45045045045045046,0.43243243243243246,0.27852942291241606,0.4722601684674877,0.007533055555555555,0.012335833333333336,uptrend,1,0,haussier,365,0,0,30,,,17.0,28.0,79.0,47.0,50,35.98,False,False,,0,,,,48,2,,Volume ×0.3 (épuisement),23504484,38329442,3111400155.0,5073850155.102167,6000000000.0,61.3,,,
SSVUSDT,SSV,Speculative,647,2.022,249342.975231,-1.558,40.93937692937313,0.01059437443311069,2.1961599999999994,2.878375,0.4200062574828275,0.3855721393034826,0.371268656716418,0.263813778652928,0.48391026385155217,2.006583333333333,2.9554444444444448,,0,0,neutre,365,0,0,30,,,17.0,28.0,79.0,47.0,50,35.98,False,False,,0,,,,48,2,,Volume ×0.3 (épuisement),29720312,29720312,14699173.1,14699173.1,,100.0,8689979507,$8.7B,-0.28
BARUSDT,BAR,Speculative,,0.269,206267.92188,-2.182,41.01843290437753,0.0021461509304831414,0.29554,0.45597499999999996,0.3898756881624229,0.4933078393881453,0.4856596558317399,0.30509387807374605,0.46204011575641374,0.2694999999999999,0.4842777777777778,doji_4h,0,0,neutre,365,0,0,30,,,17.0,28.0,79.0,47.0,50,35.98,False,False,,0,,,,48,2,,Volume ×0.3 (épuisement),,,,,,,,,
HIVEUSDT,HIVE,Speculative,685,0.0484,164045.1857,-1.626,41.77153061844142,3.8968722314606683e-05,0.05215600000000002,0.06757950000000003,0.40620625971775054,0.35743519781718963,0.33969986357435206,0.18103914524736142,0.43523030444319394,0.04814166666666666,0.06798333333333334,,0,0,neutre,365,0,0,30,,,17.0,28.0,79.0,47.0,50,35.98,False,False,,0,,,,48,2,,Volume ×0.2 (épuisement),26614482,54107713,550140465.0,1118445313.0,,49.2,,,
BBUSDT,BB,Speculative,,0.0187,157283.7209,-2.604,38.582079007989094,0.00012203701646569705,0.021922,0.03229699999999999,0.4880741418086459,0.4917582417582418,0.4835164835164835,0.2496247883861858,0.5021252058860496,0.01914166666666668,0.033430555555555554,,0,0,neutre,365,0,0,30,,,17.0,28.0,79.0,47.0,50,35.98,False,False,,0,,,,48,2,,Volume ×0.2 (épuisement),,,,,,,,,
VTHOUSDT,VTHO,Speculative,548,0.000366,149832.691714,-1.348,41.10701949329564,3.183861498655474e-06,0.00040451999999999996,0.0005766900000000001,0.3989390483546924,0.4401913875598085,0.4178628389154705,0.3711706804966235,0.6231786147313059,0.00036300000000000004,0.0006002222222222222,uptrend,1,0,haussier,365,0,0,30,,,17.0,28.0,79.0,47.0,50,35.98,False,False,,0,,,,48,2,,Volume ×0.4 (épuisement),36946944,36973735,101367763963.0,101441266602.0,,99.9,,,
FLUXUSDT,FLUX,Speculative,857,0.0437,141283.029029,-1.798,37.650300421225566,0.0004294837611847533,0.05238,0.06883850000000004,0.4902805134901321,0.49883720930232556,0.491860465116279,0.37419365117144227,0.558057668219507,0.04458611111111112,0.07857222222222222,,0,0,neutre,365,0,0,30,,,17.0,28.0,79.0,47.0,50,35.98,False,False,,0,,,,48,2,,Volume ×0.4 (épuisement),18077857,18109492,413471014.4991484,414194562.4991484,440000000.0,99.8,,,
CTSIUSDT,CTSI,Speculative,786,0.023,122366.58616,-1.667,44.55136923565783,0.00013745870949361146,0.024161399999999986,0.028664199999999994,0.4195452989774576,0.4867762687634024,0.45341910888730047,0.22486180956894652,0.467501962614682,0.02229388888888889,0.035793055555555564,double_bottom_90d|uptrend,2,0,haussier,365,0,0,30,,,17.0,28.0,79.0,47.0,50,35.98,False,False,,0,,,,48,2,,Volume ×0.2 (épuisement),21439836,23067355,929444931.7900137,1000000000.0,1000000000.0,92.9,,,
1000CATUSDT,1000CAT,Speculative,,0.00129,112497.187484,-1.527,37.457787592918855,5.6629274836378254e-06,0.0014859999999999995,0.0019268,0.5731816665541992,0.45175438596491224,0.4342105263157895,0.33089445669556505,0.5439049785121658,0.0013113888888888893,0.0021105555555555556,doji_4h,0,0,neutre,365,0,0,30,,,17.0,28.0,79.0,47.0,50,35.98,False,False,,0,,,,48,2,,Volume ×0.3 (épuisement),,,,,,,,,
CVCUSDT,CVC,Speculative,917,0.02019,90179.05826,-0.981,38.918185406446895,0.00011916021329799059,0.022908400000000002,0.03162615,0.5236931008397142,0.4199529134785169,0.4055326662742791,0.3978187079019651,0.6677133622485026,0.020456111111111112,0.03245555555555556,uptrend,1,0,haussier,365,0,0,30,,,17.0,28.0,79.0,47.0,50,35.98,False,False,,0,,,,48,2,,Volume ×0.4 (épuisement),16162113,20152260,802000010.0,1000000000.0,,80.2,,,
KNCUSDT,KNC,Speculative,849,0.1087,78819.57857,-1.984,39.45589306389457,0.0006440952751944735,0.11989599999999999,0.15262500000000004,0.3599379026942905,0.3690476190476191,0.35238095238095246,0.29508637664610265,0.46792153647376467,0.10908055555555557,0.15531944444444445,,0,0,neutre,365,0,0,30,,,17.0,28.0,79.0,47.0,50,35.98,False,False,,0,,,,48,2,,Volume ×0.3 (épuisement),18494299,26193903,170152851.23024455,240991422.3336721,252301550.0,70.6,,,
RLCUSDT,RLC,Speculative,795,0.2908,53317.5534,-3.292,40.61463929777657,0.0032946498974629184,0.3421559999999999,0.44838049999999996,0.5803180019480546,0.44785992217898835,0.4334630350194552,0.17974020637629723,0.572452981786773,0.2933333333333332,0.4818638888888889,,0,0,neutre,365,0,0,30,,,17.0,28.0,79.0,47.0,50,35.98,False,False,,0,,,,48,2,,Volume ×0.2 (épuisement),21077532,25334018,72382548.06525737,86999784.9868455,86999784.9868455,83.2,,,
LSKUSDT,LSK,Speculative,822,0.0859,31069.63875,-2.275,41.88225647863863,0.0005051843117895435,0.09409000000000001,0.1330175,0.5282305542115147,0.4286713286713287,0.3993006993006992,0.1553464086005456,0.6202635413356714,0.08583888888888888,0.13425,uptrend,1,0,haussier,365,0,0,30,,,17.0,28.0,79.0,47.0,50,35.98,False,False,,0,,,,48,2,,Volume ×0.2 (épuisement),19947148,34231588,233084697.0,400000000.0,400000000.0,58.3,,,
MEUSDT,ME,Speculative,536,0.06282,248060.9108837,-2.027,47.12969531099812,0.0006903433352120571,0.0668784,0.12184310000000002,0.7120166014756266,0.5369975389663658,0.4846595570139458,0.37412939255567645,0.6064279686292968,0.05925055555555555,0.11371944444444443,uptrend,1,0,haussier,365,0,0,30,,,17.0,37.0,59.5,47.0,50,35.89,False,False,,0,,,,51,2,,Volume ×0.4 (épuisement),38097451,62746737,607156699.975937,999990834.809022,1000000000.0,60.7,,,
ANIMEUSDT,ANIME,Speculative,938,0.00274,220136.468668,-3.18,44.00421513736107,3.678287937738711e-05,0.0030691999999999994,0.0048487,0.6526583389637429,0.505813953488372,0.46705426356589147,0.5506907511661,0.63124200775202,0.002689166666666667,0.004942222222222223,,0,0,neutre,365,0,0,30,,,17.0,37.0,59.5,47.0,50,35.89,False,False,,0,,,,48,2,,Volume ×0.6 (épuisement),15229585,27497151,5538604656.0,10000000000.0,10000000000.0,55.4,,,
MEMEUSDT,MEME,Speculative,563,0.000551,275104.774809,-0.181,45.0231453159995,-5.865604651473243e-06,0.0005632599999999999,0.0006794999999999997,0.896039246875759,0.24882629107981222,0.14992272024729517,0.17042901307125252,0.3353815340924388,0.0005018055555555556,0.0006401111111111109,downtrend,0,1,baissier,365,0,0,30,,,17.0,37.0,85.0,47.0,23.4,35.82,False,False,,0,,,,48,3,,Volume ×0.2 (épuisement),35142762,37949600,63896602833.33333,69000000000.0,69000000000.0,92.6,,,
SLPUSDT,SLP,Speculative,843,0.000518,306849.315368,-4.604,50.64615471277817,4.262596033956292e-06,0.00052648,0.0006521749999999997,1.0290602630027315,0.4399008674101611,0.3581164807930607,0.1991220581691344,0.4739439144387121,0.0004749722222222222,0.0007509166666666668,uptrend|doji_4h,1,0,haussier,365,0,0,30,,,17.0,37.0,58.0,47.0,50,35.8,False,False,,0,,,,50,2,,Volume ×0.2 (épuisement),18782634,18782634,36278871288.0,36278871288.0,,100.0,3058145,$3M,-38.89
ZKCUSDT,ZKC,Speculative,,0.0435,277778.12123,-2.466,39.64939990387605,0.00037252391203960577,0.05036399999999999,0.07907299999999996,0.8561973803571549,0.484774665042631,0.47015834348355673,0.590315955338774,0.6476346391072405,0.04405277777777778,0.07834722222222222,,0,0,neutre,302,0,0,30,,,15.3,37.0,68.5,47.0,50,35.8,False,False,,0,,,,49,2,,Volume ×0.6 (épuisement),,,,,,,,,
HUMAUSDT,HUMA,Speculative,529,0.02223,349901.08671,-4.469,46.59359803724352,-2.672237080271234e-05,0.02362060000000001,0.020828549999999987,1.0757933274645481,0.2806462943449244,0.2209343168247278,0.13699107610503586,0.3151150192799828,0.0200425,0.026225000000000005,macd_bearish_cross|uptrend,1,1,mixte,365,0,0,30,,,17.0,45.0,62.5,47.0,27.9,35.7,False,False,,0,,,,48,5,⚠️ Surveiller,Volume ×0.1 (épuisement)|MACD cross baissier,38419650,221651826,1733333333.0,10000000000.0,10000000000.0,17.3,,,
EDUUSDT,EDU,Speculative,736,0.0301,455459.393,-2.273,45.84771156756308,0.00022491000175270002,0.032874,0.08140450000000002,0.719580598085119,0.6406035665294925,0.5871056241426612,0.2286787980702144,0.30661559650612424,0.028311111111111113,0.0529,uptrend,1,0,haussier,365,0,0,30,,,17.0,37.0,55.0,47.0,50,35.62,False,False,,0,,,,50,2,,Volume ×0.2 (épuisement),23868936,30143492,791843750.0,1000000000.0,1000000000.0,79.2,,,
MOVRUSDT,MOVR,Speculative,907,1.317,299484.122104,-3.304,48.2390786367554,0.017482570230248434,1.3688799999999999,1.7343750000000007,0.8495933520688892,0.6298834818368746,0.5486634681288555,0.09861620294864748,0.3050520571183457,1.179166666666667,2.680305555555555,,0,0,neutre,365,0,0,30,,,17.0,37.0,55.0,47.0,50,35.62,False,False,,0,,,,50,2,,Volume ×0.1 (épuisement),16390517,16540225,12476856.0,12590817.0,,99.1,,,
RADUSDT,RAD,Speculative,,0.214,167290.0471,-0.465,39.034734973952496,0.0007497925964654564,0.22598,0.24881000000000003,0.24688209103538872,0.38208955223880603,0.3671641791044777,0.19522381438035422,0.29497638960848865,0.2108888888888889,0.3066388888888889,,0,0,neutre,365,0,0,30,,,17.0,28.0,73.0,47.0,50,35.62,False,False,,0,,,,47,2,,Volume ×0.2 (épuisement),,,,,,,,,
ACEUSDT,ACE,Speculative,,0.0716,85615.6284,-2.319,37.644796005347,0.0005293716405079668,0.086534,0.1490795,0.8544694880485119,0.4950704225352112,0.4950704225352112,0.12075894981529592,0.5371290015220718,0.07389166666666663,0.1347361111111111,rsi_bullish_divergence|doji_4h,1,0,haussier,365,0,0,30,,,17.0,28.0,68.5,47.0,53.7,35.57,False,False,,0,,,,47,2,,Volume ×0.1 (épuisement),,,,,,,,,
QKCUSDT,QKC,Speculative,978,0.001932,77586.293535,-1.929,35.18567770285347,1.620819969544779e-05,0.002309,0.0031361699999999998,0.7496317658334061,0.4464658514762899,0.42499254399045633,0.4636450692788643,0.5790538356952358,0.0019855833333333336,0.0032393611111111113,rsi_bullish_divergence,1,0,haussier,365,0,0,30,,,17.0,28.0,68.5,47.0,53.7,35.57,False,False,,0,,,,47,2,,Volume ×0.5 (épuisement),13961791,19252254,7252029282.0,10000000000.0,,72.5,,,
JOEUSDT,JOE,Speculative,,0.0275,45066.183307,-2.135,36.51095561512331,6.995486385774413e-05,0.031716000000000015,0.04306999999999998,0.6073475798253232,0.4770992366412214,0.4770992366412214,0.1489089351909686,0.6140483200264591,0.028422222222222224,0.04937222222222223,rsi_bullish_divergence,1,0,haussier,365,0,0,30,,,17.0,28.0,68.5,47.0,53.7,35.57,False,False,,0,,,,47,2,,Volume ×0.1 (épuisement),,,,,,,9053295,$9M,-4.44
CELRUSDT,CELR,Speculative,,0.001821,415148.2946888,1.11,38.999264536178174,7.056275809334676e-06,0.0021138000000000003,0.002732930000000001,0.5318882644068876,0.43951484200446855,0.4216406000638366,0.7885960377467467,0.5239317470386997,0.0018545277777777774,0.002924055555555556,downtrend,0,1,baissier,365,0,0,30,,,17.0,37.0,79.0,47.0,23.4,35.46,False,False,,0,,,,44,0,,,,,,,,,13450101,$13M,0.56
OGUSDT,OG,Speculative,,2.59,384342.8008,-2.042,48.32676253938431,0.01605055200616699,2.6526799999999997,3.46156,0.5964278943915794,0.4030379746835443,0.3448101265822785,0.1950288096590835,0.4473300192914236,2.490805555555556,3.3625277777777782,downtrend,0,1,baissier,365,0,0,30,,,17.0,37.0,79.0,47.0,23.4,35.46,False,False,,0,,,,47,2,,Volume ×0.2 (épuisement),,,,,,,,,
1000SATSUSDT,1000SATS,Speculative,,9.41e-06,294578.9599289,-0.738,44.366598769969904,4.122021863381934e-08,9.981199999999999e-06,1.2609549999999987e-05,0.5589288874102069,0.5151351351351351,0.49135135135135133,0.4251578593568002,0.4072576414027177,9.1625e-06,1.6011111111111112e-05,uptrend,1,0,haussier,365,0,0,30,,,17.0,28.0,70.0,47.0,50,35.44,False,False,,0,,,,47,2,,Volume ×0.4 (épuisement),,,,,,,,,
VANAUSDT,VANA,Speculative,552,1.177,278090.5125,-2.243,51.725859776017586,0.011400182998857946,1.18394,1.5487499999999996,0.5419400207779543,0.39481268011527376,0.32219020172910673,0.12621019444739998,0.56144503133251,1.0813055555555557,1.6138055555555557,bearish_engulfing_4h,0,1,baissier,365,0,0,30,,,17.0,37.0,79.0,47.0,22.2,35.39,False,False,,0,,,,47,4,⚠️ Surveiller,Volume ×0.1 (épuisement)|Engloutissement baissier 4h,36176898,140948952,30800000.0,120000000.0,120000000.0,25.7,,,
MAVUSDT,MAV,Speculative,,0.00933,238380.83094,-1.374,43.487747014266695,5.65318725058522e-05,0.010645400000000001,0.016033899999999986,0.8597071291485473,0.46176470588235297,0.45117647058823535,0.3202706620671839,0.45169090344198914,0.009453888888888888,0.01639055555555556,uptrend|doji_4h,1,0,haussier,365,0,0,30,,,17.0,28.0,68.5,47.0,50,35.35,False,False,,0,,,,46,2,,Volume ×0.3 (épuisement),,,,,,,1030831,$1M,-7.87
MAGICUSDT,MAGIC,Speculative,962,0.0426,106313.04535,-1.617,42.43525767157603,0.00034315997257185877,0.04731800000000003,0.06586599999999998,0.6822764311871301,0.4455040871934605,0.4196185286103543,0.21101412448604934,0.619951643101601,0.042402777777777775,0.06938888888888889,,0,0,neutre,365,0,0,30,,,17.0,28.0,68.5,47.0,50,35.35,False,False,,0,,,,46,2,,Volume ×0.2 (épuisement),14310880,14788469,336458592.9651094,347687042.9717532,347714007.0,96.8,,,
GUNUSDT,GUN,Speculative,,0.00394,564533.9932,-3.431,29.063880974289916,0.00012003828784474548,0.0057516,0.016626100000000005,0.6179781411631257,0.849336455893833,0.8462138953942233,0.299159830132521,0.22345204792294796,0.00428638888888889,0.01713333333333333,downtrend,0,1,baissier,365,0,0,30,,,17.0,19.0,43.0,57.5,23.4,35.32,False,False,,0,,,,39,2,,Volume ×0.3 (épuisement),,,,,,,,,
PSGUSDT,PSG,Speculative,,0.521,243256.81886,-2.434,36.42422072505611,0.007100370578300857,0.6210000000000001,0.7678999999999999,0.31722777764835475,0.5593509820666097,0.5533731853116994,0.1911362043874522,0.30303987020711337,0.5281388888888888,1.089972222222222,,0,0,neutre,365,0,0,30,,,17.0,28.0,65.5,47.0,50,35.17,False,False,,0,,,,46,2,,Volume ×0.2 (épuisement),,,,,,,,,
HAEDALUSDT,HAEDAL,Speculative,,0.01606,72546.360988,-3.253,38.68450730897469,0.00025724394793644255,0.0198676,0.02945769999999999,0.5792655627165139,0.5904712314501431,0.580577974485811,0.21929683607126946,0.41570077291713015,0.01632611111111111,0.03542833333333333,,0,0,neutre,365,0,0,30,,,17.0,28.0,65.5,47.0,50,35.17,False,False,,0,,,,46,2,,Volume ×0.2 (épuisement),,,,,,,26425234,$26M,-3.3
DIAUSDT,DIA,Speculative,,0.1028,38363.09588,-2.744,36.66631063619751,0.0011997797698000238,0.124998,0.18968249999999998,0.5634649459167281,0.5328399629972248,0.5240518038852914,0.155408977867898,0.6293595813639543,0.10525833333333331,0.20570833333333333,,0,0,neutre,365,0,0,30,,,17.0,28.0,65.5,47.0,50,35.17,False,False,,0,,,,46,2,,Volume ×0.2 (épuisement),,,,,,,,,
ATUSDT,AT,Speculative,553,0.1575,287726.18928,0.511,57.25988007128573,0.0007653211239256386,0.13759200000000002,0.15233549999999998,1.075439566050815,0.43656908063687727,0.19363122752953266,0.28037633280637253,0.03717851275064524,0.1186388888888889,0.1715861111111111,macd_bullish_cross|downtrend,1,1,mixte,229,0,0,30,,,13.3,57.0,56.5,47.0,23.4,35.16,False,False,,0,,,,50,2,,Volume ×0.3 (épuisement),36097928,156947514,230000000.0,1000000000.0,1000000000.0,23.0,,,
REQUSDT,REQ,Speculative,515,0.054,72897.443,-1.818,45.15621975940086,0.00023844710698315685,0.05750599999999999,0.07367600000000002,0.41419464053444416,0.4844533600802407,0.45937813440320957,0.22599211476106726,0.25221628945566144,0.05315833333333334,0.08292499999999997,downtrend|doji_4h,0,1,baissier,365,0,0,30,,,17.0,37.0,73.0,47.0,23.4,35.1,False,False,,0,,,,46,2,,Volume ×0.2 (épuisement),39839267,53495233,744291192.2591633,999416740.9347086,1000000000.0,74.5,,,
PIVXUSDT,PIVX,Speculative,,0.038,426904.4913,0.0,43.45038232530329,0.00030774455625535123,0.047597999999999974,0.0861595,2.3808722400809526,0.5885225885225885,0.5372405372405372,1.3671361228349883,0.2934940898486468,0.03810277777777779,0.07933611111111111,,0,0,neutre,365,0,0,30,,,17.0,46.0,28.0,47.0,50,35.08,False,False,,0,,,,45,0,,,,,,,,,,,
COOKIEUSDT,COOKIE,Speculative,,0.0096,247581.84933,2.128,51.71016247093494,0.00010819644335126338,0.009851999999999998,0.019503499999999997,1.2779170500318544,0.6069651741293532,0.5174129353233831,0.4188197171658219,0.40867203167387955,0.0086,0.018680555555555547,uptrend,1,0,haussier,365,0,0,30,,,17.0,37.0,44.5,47.0,50,34.99,False,False,,0,,,,48,2,,Volume ×0.4 (épuisement),,,,,,,,,
BOMEUSDT,BOME,Speculative,673,0.0004039,173441.1271543,-1.751,41.196036765918265,-6.308377385481238e-07,0.0004417900000000001,0.0004904874999999999,0.5696143974555782,0.381578947368421,0.3741486068111455,0.13040280355288789,0.35008515336926305,0.00040475555555555547,0.0006284722222222223,rsi_bullish_divergence|macd_bearish_cross,1,1,mixte,365,0,0,30,,,17.0,28.0,79.0,47.0,31.6,34.87,False,False,,0,,,,44,5,⚠️ Surveiller,Volume ×0.1 (épuisement)|MACD cross baissier,27865586,27865586,68999659569.0,68999659569.0,68999659569.0,100.0,,,
WCTUSDT,WCT,Speculative,,0.04397,303684.449223,-1.08,45.113326609893896,0.0004196182433098346,0.0470884,0.06068970000000001,0.7846340360130727,0.43692946058091287,0.39142461964038733,0.30352543593629444,0.4063484944699367,0.042741944444444444,0.06788777777777777,downtrend,0,1,baissier,365,0,0,30,,,17.0,37.0,68.5,47.0,23.4,34.83,False,False,,0,,,,46,2,,Volume ×0.3 (épuisement),,,,,,,,,
CHRUSDT,CHR,Speculative,967,0.01453,370085.08331,-7.334,42.22152469198783,0.0001169110735983552,0.016373199999999997,0.023691200000000006,0.7065720278143975,0.5121612230715775,0.4954829742876998,0.35192077779221537,0.5540984179329898,0.0145125,0.026222777777777786,,0,0,neutre,365,0,0,30,,,17.0,28.0,59.5,47.0,50,34.81,False,False,,0,,,,45,2,,Volume ×0.4 (épuisement),14177199,14177199,974831915.3782,974831915.3782,978064789.0,100.0,,,
QUICKUSDT,QUICK,Speculative,,0.00765,229275.29801,-0.391,49.95857253273143,3.8263216825992514e-05,0.007724399999999999,0.009806600000000002,1.553762278880396,0.41141396933560476,0.3475298126064736,0.34594172851213606,0.23763972343039166,0.007107222222222221,0.01149777777777778,uptrend,1,0,haussier,365,0,0,30,,,17.0,37.0,41.5,47.0,50,34.81,False,False,,0,,,,48,2,,Volume ×0.3 (épuisement),,,,,,,263299658,$263M,-2.49
CGPTUSDT,CGPT,Speculative,876,0.0185,136758.679231,-1.7,43.17152281208996,0.0001205985717736656,0.020583,0.02427134999999999,0.5103596093500791,0.5745029239766082,0.5616374269005848,0.1825330013131026,0.27513860865565093,0.018645277777777775,0.03189000000000001,morning_star_4h,1,0,haussier,365,0,0,30,,,17.0,28.0,59.5,47.0,50,34.81,False,False,,0,,,,45,2,,Volume ×0.2 (épuisement),17448360,18660737,932942133.0,997766421.0,1000000000.0,93.5,,,
ONEUSDT,ONE,Speculative,886,0.00116,189644.108156,-2.521,32.506611066165206,9.110506200107519e-06,0.0014541999999999997,0.0023906499999999994,0.6483916795593142,0.5576923076923077,0.5576923076923077,0.7642441000801825,0.587980532907778,0.0012197222222222223,0.0024158333333333328,rsi_bullish_divergence,1,0,haussier,365,0,0,30,,,17.0,28.0,55.0,47.0,53.7,34.76,False,False,,0,,,,45,0,,,17022120,17022122,14870211425.762915,14870212769.762915,,100.0,,,
NOTUSDT,NOT,Speculative,541,0.000378,188327.059816,-1.305,42.3185375770021,-6.339164988093911e-07,0.00041279999999999995,0.00044240499999999994,0.5953359681738398,0.46320346320346323,0.45454545454545453,0.14530773232988375,0.31681348179642566,0.0003728888888888889,0.0005645277777777779,macd_bearish_cross|uptrend,1,1,mixte,365,0,0,30,,,17.0,28.0,79.0,47.0,27.9,34.65,False,False,,0,,,,43,5,⚠️ Surveiller,Volume ×0.1 (épuisement)|MACD cross baissier,37533310,38674569,99429447866.9074,102452755868.5205,102456956842.91,97.0,,,
1000CHEEMSUSDT,1000CHEEMS,Speculative,,0.000459,476351.999196,-1.502,37.52746496469898,5.958279965502671e-07,0.0005298999999999999,0.000605225,0.5323114388954886,0.3708791208791209,0.3708791208791209,0.35850112670368983,0.4263322132929268,0.0004715555555555557,0.0006715555555555556,rsi_bullish_divergence|downtrend,1,1,mixte,365,0,0,30,,,17.0,28.0,79.0,47.0,27.1,34.6,False,False,,0,,,,43,2,,Volume ×0.4 (épuisement),,,,,,,,,
ACMUSDT,ACM,Speculative,,0.281,150885.4255,-1.404,36.56852112399092,0.0005440564473229645,0.31238000000000005,0.4193450000000001,0.4151602604327191,0.4012875536480687,0.4012875536480687,0.25966841732505397,0.5855459606530238,0.2886666666666667,0.44605555555555554,rsi_bullish_divergence|downtrend,1,1,mixte,365,0,0,30,,,17.0,28.0,79.0,47.0,27.1,34.6,False,False,,0,,,,43,2,,Volume ×0.3 (épuisement),,,,,,,,,
IOSTUSDT,IOST,Speculative,748,0.000682,131754.900862,-2.987,29.621593526212095,4.886080263364064e-06,0.0008093400000000001,0.0011573149999999997,0.33787104714014154,0.45388933440256624,0.45388933440256624,0.5647075862066454,0.6565740300395292,0.0007083611111111112,0.0011494444444444443,rsi_bullish_divergence|downtrend,1,1,mixte,365,0,0,30,,,17.0,28.0,79.0,47.0,27.1,34.6,False,False,,0,,,,49,2,,Volume ×0.6 (épuisement),23241844,23241844,34196139647.0,34196139647.0,90000000000.0,100.0,,,
TKOUSDT,TKO,Speculative,,0.0448,95414.65199,-2.183,36.810744904944706,-4.844964036861783e-05,0.04934399999999999,0.06098200000000003,0.40698754487157934,0.3392330383480826,0.3392330383480826,0.214663899381956,0.5879700743586161,0.04629444444444445,0.06514444444444445,rsi_bullish_divergence|downtrend|morning_star_4h,2,1,haussier,365,0,0,30,,,17.0,28.0,79.0,47.0,27.1,34.6,False,False,,0,,,,43,3,,Volume ×0.2 (épuisement),,,,,,,,,
SCUSDT,SC,Speculative,637,0.00061,79704.759407,-1.771,32.37709884728285,3.559274432912333e-06,0.0007164999999999999,0.0010517899999999997,0.35753862164185934,0.41323106423777567,0.41323106423777567,0.5846864923602006,0.6453382779479124,0.0006275277777777778,0.0009872777777777781,rsi_bullish_divergence|downtrend,1,1,mixte,365,0,0,30,,,17.0,28.0,79.0,47.0,27.1,34.6,False,False,,0,,,,43,2,,Volume ×0.6 (épuisement),30292489,30292489,49751295000.0225,49751295000.0225,,100.0,,,
ICXUSDT,ICX,Speculative,694,0.0238,50657.78423,-3.252,33.32988613140465,0.00019471937122761125,0.028856000000000003,0.03883600000000002,0.44456422194230477,0.42512077294685985,0.42512077294685985,0.538609762225362,0.6531102244624746,0.024666666666666663,0.03960833333333334,rsi_bullish_divergence|downtrend,1,1,mixte,365,0,0,30,,,17.0,28.0,79.0,47.0,27.1,34.6,False,False,,0,,,,43,2,,Volume ×0.5 (épuisement),26147105,26423216,1097205765.352115,1108792174.218095,,99.0,,,
DYMUSDT,DYM,Speculative,,0.01543,171776.104632,-1.782,42.54667212143623,8.895720036732166e-05,0.017234399999999997,0.03348159999999997,0.6504603848699021,0.5283439490445859,0.5089171974522293,0.08464222943391561,0.35112847357724264,0.015252777777777778,0.025913888888888896,,0,0,neutre,365,0,0,30,,,17.0,28.0,55.0,47.0,50,34.54,False,False,,0,,,,44,2,,Volume ×0.1 (épuisement),,,,,,,,,
INITUSDT,INIT,Speculative,,0.0546,118150.19036,-2.847,42.929169915542936,0.00035677375320594283,0.05922199999999999,0.08008950000000002,0.6466946164390351,0.5258855585831063,0.5031789282470481,0.09852327756926177,0.4378476084748241,0.05393611111111113,0.09937499999999999,,0,0,neutre,365,0,0,30,,,17.0,28.0,55.0,47.0,50,34.54,False,False,,0,,,,44,2,,Volume ×0.1 (épuisement),,,,,,,,,
LISTAUSDT,LISTA,Speculative,834,0.0468,114169.80149,-3.306,38.02732142160039,0.000382506565094557,0.054046,0.09193000000000008,0.682784575983596,0.5184404636459431,0.5068493150684932,0.368078291633559,0.5175763375319719,0.04767222222222223,0.091275,,0,0,neutre,365,0,0,30,,,17.0,28.0,55.0,47.0,50,34.54,False,False,,0,,,,44,2,,Volume ×0.4 (épuisement),19424062,37221845,415174526.1536133,795588564.255041,1000000000.0,52.2,632357064,$632M,-1.43
ESPUSDT,ESP,Speculative,519,0.06276,289246.20473,-3.372,43.844547198076924,-0.00027677548856360466,0.0659834,,0.770594529639616,0.26144208642290967,0.19572999232932758,0.23431194078863748,0.3363280507067802,0.06116388888888889,0.07626611111111109,,0,0,neutre,152,0,0,30,,,11.2,36.0,73.0,47.0,50,34.47,False,False,,0,,,,49,3,,Volume ×0.2 (épuisement),39005137,226377717,620521794.0,3601379682.0,,17.2,,,
OSMOUSDT,OSMO,Speculative,687,0.0341,124485.707686,-1.729,36.41041255449098,0.0001597994855204927,0.04269999999999998,0.04204700000000001,0.5851051335167475,0.6100917431192661,0.6100917431192661,0.15319949814522507,0.24668175344410032,0.03156666666666666,0.06729444444444446,rsi_bullish_divergence|downtrend,1,1,mixte,365,0,0,30,,,17.0,36.0,59.5,47.0,27.1,34.39,False,False,,0,,,,42,2,,Volume ×0.2 (épuisement),26551344,33196743,780775812.034632,976192159.380334,1000000000.0,80.0,13103917,$13M,-8.11
MBLUSDT,MBL,Speculative,999,0.000693,422523.088398,-1.563,43.71112690400444,4.782075791218129e-06,0.00073448,0.0009449950000000004,0.3629117390272471,0.4300791556728232,0.3922603342128408,0.3227062788749647,0.543216140601786,0.0006770277777777777,0.0009977222222222223,downtrend,0,1,baissier,365,0,0,30,,,17.0,28.0,79.0,47.0,23.4,34.38,False,False,,0,,,,42,2,,Volume ×0.3 (épuisement),13416674,20611560,19527887214.0,30000000000.0,30000000000.0,65.1,,,
LUNAUSDT,LUNA,Speculative,589,0.047,295741.438251,-3.093,39.67972974182258,0.00015092578552844968,0.052172000000000024,0.06460749999999997,0.4583579784335061,0.3848202396804261,0.374167776298269,0.31360502129077966,0.5039732645018883,0.04786388888888889,0.07072222222222221,downtrend,0,1,baissier,365,0,0,30,,,17.0,28.0,79.0,47.0,23.4,34.38,False,False,,0,,,,42,2,,Volume ×0.3 (épuisement),33343832,55732715,709984438.91686,1186707049.0,,59.8,,,
JUVUSDT,JUV,Speculative,,0.318,249141.31744,-1.548,41.873018901234694,0.0025584349879510648,0.34636,0.5270199999999996,0.4189212642385657,0.42804428044280446,0.4132841328413284,0.2276109068404948,0.5775864400028096,0.3181388888888889,0.5226388888888889,downtrend|doji_4h,0,1,baissier,365,0,0,30,,,17.0,28.0,79.0,47.0,23.4,34.38,False,False,,0,,,,42,2,,Volume ×0.2 (épuisement),,,,,,,,,
XAIUSDT,XAI,Speculative,956,0.00693,188632.095227,-1.422,38.197072723943165,3.521010568273116e-05,0.007992000000000004,0.0108198,0.4880048770321977,0.4695919938414164,0.4665127020785219,0.1885645913072707,0.5394251621341426,0.007088055555555554,0.011644444444444445,downtrend|doji_4h,0,1,baissier,365,0,0,30,,,17.0,28.0,79.0,47.0,23.4,34.38,False,False,,0,,,,42,2,,Volume ×0.2 (épuisement),14433132,15300927,2084376992.2538247,2209700561.214447,2500000000.0,94.3,,,
AVAUSDT,AVA,Speculative,,0.1623,175429.15774,-2.464,36.806558510499585,0.0001283421168994589,0.18801400000000004,0.2331425,0.5663999204478122,0.4437931034482758,0.4393103448275862,0.48859520545426743,0.5754030664327845,0.16872222222222225,0.2757027777777778,downtrend,0,1,baissier,365,0,0,30,,,17.0,28.0,79.0,47.0,23.4,34.38,False,False,,0,,,,42,2,,Volume ×0.5 (épuisement),,,,,,,,,
AUCTIONUSDT,AUCTION,Speculative,723,3.31,165938.3965,-0.301,39.42826227884486,0.0342685081477338,3.7264000000000004,4.665649999999997,0.5023083679035983,0.40340909090909094,0.3731060606060606,0.43301976367085965,0.6069376630854093,3.2827777777777776,4.966666666666666,downtrend,0,1,baissier,365,0,0,30,,,17.0,28.0,79.0,47.0,23.4,34.38,False,False,,0,,,,42,2,,Volume ×0.4 (épuisement),24608284,25339947,7420409.148028981,7641035.648362741,10000000.0,97.1,,,
ILVUSDT,ILV,Speculative,713,3.07,64661.42379,-1.917,43.10154216278338,0.0279282180435097,3.3627999999999996,4.258499999999999,0.5531307707610856,0.46153846153846156,0.4115384615384616,0.1813269560675097,0.6343908090921838,3.0225000000000004,5.011388888888891,downtrend,0,1,baissier,365,0,0,30,,,17.0,28.0,79.0,47.0,23.4,34.38,False,False,,0,,,,42,2,,Volume ×0.2 (épuisement),25330956,29340062,8285662.406694815,9597026.407235082,,86.3,,,
WOOUSDT,WOO,Speculative,784,0.01137,25524.818696,-2.487,39.19751408197965,0.00012836946669593085,0.0131454,0.018452850000000017,0.5088975487217909,0.4859903381642512,0.4492753623188406,0.12768624840923937,0.691570734940333,0.011365000000000002,0.019883333333333343,downtrend,0,1,baissier,365,0,0,30,,,17.0,28.0,79.0,47.0,23.4,34.38,False,False,,0,,,,42,2,,Volume ×0.1 (épuisement),21523798,21523798,1888782088.294737,1888782088.294737,3000000000.0,100.0,4140055,$4M,-5.05
SOMIUSDT,SOMI,Speculative,912,0.1014,371875.15049,-1.839,41.79128343845834,0.000843092866918034,0.11587600000000002,0.17692050000000006,0.7057288243218955,0.5302879841112215,0.4965243296921549,0.41668777919614003,0.5927594120045079,0.10100555555555556,0.1912583333333333,,0,0,neutre,315,0,0,30,,,15.6,28.0,59.5,47.0,50,34.31,False,False,,0,,,,45,2,,Volume ×0.4 (épuisement),16246462,101413621,160200000.0,1000000000.0,1000000000.0,16.0,,,
SOPHUSDT,SOPH,Speculative,880,0.00468,127693.59508,-2.296,33.06560520432771,3.9271305741914815e-05,0.005609000000000002,0.0087819,0.4319952610342069,0.524390243902439,0.524390243902439,0.49175775528884286,0.6706952932377495,0.004841944444444445,0.009147777777777777,rsi_bullish_divergence|doji_4h,1,0,haussier,365,0,0,30,,,17.0,19.0,65.5,47.0,53.7,34.31,False,False,,0,,,,44,2,,Volume ×0.5 (épuisement),17174181,46692388,3678154426.0,10000000000.0,10000000000.0,36.8,,,
SANTOSUSDT,SANTOS,Speculative,,0.507,96681.76299,-2.312,30.74336677648344,0.0035131475251521035,0.6302199999999999,1.2841600000000002,0.5387500703589694,0.6247224278312361,0.6247224278312361,0.2380089437208774,0.3498252769926783,0.5409444444444444,1.2664722222222222,rsi_bullish_divergence|doji_4h,1,0,haussier,365,0,0,30,,,17.0,19.0,65.5,47.0,53.7,34.31,False,False,,0,,,,44,2,,Volume ×0.2 (épuisement),,,,,,,,,
LQTYUSDT,LQTY,Speculative,893,0.17,26055.1706,-2.857,32.254586591337244,0.0004637432407810834,0.20514,0.28556500000000007,0.423967344905692,0.5043731778425656,0.5043731778425656,0.10220138688980561,0.5849338232779391,0.17991666666666667,0.32325,rsi_bullish_divergence,1,0,haussier,365,0,0,30,,,17.0,19.0,65.5,47.0,53.7,34.31,False,False,,0,,,,44,2,,Volume ×0.1 (épuisement),16780896,16993541,98748668.39464158,100000000.0,100000000.0,98.7,131120850,$131M,-0.21
EULUSDT,EUL,Speculative,726,1.008,351618.19567,-0.297,47.7535852218253,-4.172546271528563e-05,1.0416399999999997,1.3475000000000004,0.7919307952719896,0.4894387447193724,0.39227519613759815,0.39001322678893235,0.5264137890145646,0.9276666666666666,1.5021666666666667,macd_bearish_cross,0,1,baissier,274,0,0,30,,,14.5,37.0,68.5,47.0,27.9,34.2,False,False,,0,,,,47,5,⚠️ Surveiller,Volume ×0.4 (épuisement)|MACD cross baissier,24302805,27358985,24146317.188470602,27182818.28459,27182818.0,88.8,278384144,$278M,-7.35
SAGAUSDT,SAGA,Speculative,,0.01263,406254.847701,-1.788,41.005229833228654,3.6441664986692135e-05,0.014461400000000003,0.02954765000000002,0.7854757626353908,0.7284034373586613,0.71438263229308,0.11065980204936764,0.19605118910931804,0.01265722222222222,0.026013611111111112,,0,0,neutre,365,0,0,30,,,17.0,28.0,49.0,47.0,50,34.18,False,False,,0,,,,43,2,,Volume ×0.1 (épuisement),,,,,,,,,
GTCUSDT,GTC,Speculative,,0.068,190431.3523,-2.857,39.39145715931701,0.00011656676203121658,0.07787999999999999,0.09744500000000009,0.7194620106816707,0.6292134831460674,0.6179775280898876,0.18289387201360513,0.1931777307582346,0.06922222222222224,0.11999999999999998,,0,0,neutre,365,0,0,30,,,17.0,28.0,49.0,47.0,50,34.18,False,False,,0,,,,43,2,,Volume ×0.2 (épuisement),,,,,,,,,
ALICEUSDT,ALICE,Speculative,,0.1184,458834.439752,-4.976,47.22366033295084,-0.0012042791815458967,0.11891,0.13224150000000004,1.8087890386499388,0.4,0.28164748637189585,0.37689111635192746,0.3389312128612397,0.10533055555555555,0.1620611111111111,macd_bearish_cross,0,1,baissier,365,0,0,30,,,17.0,37.0,52.0,47.0,27.9,34.11,False,False,,0,,,,44,5,⚠️ Surveiller,Volume ×0.4 (épuisement)|MACD cross baissier,,,,,,,,,
XVGUSDT,XVG,Speculative,567,0.002117,88554.600103,-2.172,34.69787830787266,1.348615944383151e-05,0.0025438,0.004459854999999998,0.5202187113664717,0.5533461620697028,0.5488561043403891,0.1303902121460438,0.4009611028527344,0.0021948611111111114,0.0038679722222222223,doji_4h,0,0,neutre,365,0,0,30,,,17.0,19.0,65.5,47.0,50,34.09,False,False,,0,,,,43,2,,Volume ×0.1 (épuisement),34894272,34964071,16521951234.84133,16555000000.0,,99.8,,,
WAXPUSDT,WAXP,Speculative,853,0.00396,133745.57236,-3.178,37.95643484853401,2.7065006307487572e-05,0.0046458,0.006465850000000002,0.6030562675127686,0.48148148148148145,0.4567901234567901,0.44095668670469085,0.5934432445307594,0.0040500000000000015,0.00695111111111111,rsi_bullish_divergence|downtrend|doji_4h,1,1,mixte,365,0,0,30,,,17.0,28.0,68.5,47.0,27.1,33.97,False,False,,0,,,,41,2,,Volume ×0.4 (épuisement),18325001,18325001,4641034670.42649,4641034670.42649,,100.0,,,
BREVUSDT,BREV,Speculative,848,0.0742,191282.40393,-1.461,44.47531897549545,0.00031237494813174567,0.08374000000000002,,1.2624802042863201,0.4882005899705014,0.4528023598820059,0.1959167635137951,0.4341178905191604,0.07389722222222223,0.13142222222222225,uptrend,1,0,haussier,189,0,0,30,,,12.2,36.0,58.0,47.0,50,33.94,False,False,,0,,,,47,2,,Volume ×0.2 (épuisement),18535206,74140823,250000000.0,1000000000.0,1000000000.0,25.0,,,
THEUSDT,THE,Speculative,,0.0523,284293.47223,-3.148,40.4943890450169,0.00023225549557704186,0.06666800000000003,0.15365400000000004,1.4384429447351152,0.5996621621621622,0.5582770270270271,0.23175920812901182,0.49105054499025397,0.055511111111111094,0.10761111111111113,uptrend,1,0,haussier,365,0,0,30,,,17.0,28.0,44.5,47.0,50,33.91,False,False,,0,,,,43,2,,Volume ×0.2 (épuisement),,,,,,,1267020,$1M,-4.21
DOGSUSDT,DOGS,Speculative,831,3.795e-05,160363.04462244,-2.241,41.92719442155147,-8.680538446368956e-08,4.234719999999998e-05,3.82733e-05,0.7741880062669894,0.5694603903559128,0.5646383467278989,0.08299506741499682,0.1993307773542373,3.207222222222222e-05,6.450833333333333e-05,macd_bearish_cross,0,1,baissier,365,0,0,30,,,17.0,36.0,49.0,47.0,27.9,33.81,False,False,,0,,,,40,5,⚠️ Surveiller,Volume ×0.1 (épuisement)|MACD cross baissier,19587052,20847370,516750000000.0,550000000000.0,550000000000.0,94.0,,,
IOTXUSDT,IOTX,Speculative,745,0.00248,115007.32751,-2.362,30.75528526212102,3.935572314519502e-06,0.003238200000000001,0.00509185,0.5951654306602306,0.5398886827458256,0.5398886827458256,0.5573263410388951,0.5971250907831941,0.0026872222222222224,0.004950555555555555,rsi_bullish_divergence|downtrend,1,1,mixte,365,0,0,30,,,17.0,28.0,65.5,47.0,27.1,33.79,False,False,,0,,,,40,2,,Volume ×0.6 (épuisement),23375983,23375983,9441368550.0,9441368555.0,10000000000.0,100.0,,,
MANTRAUSDT,MANTRA,Speculative,572,0.00638,320254.94679,-0.778,34.87772461182989,2.481001579865606e-05,0.007371400000000001,,0.45398828749921516,0.44035087719298244,0.44035087719298244,0.3494303589850033,0.5400728129282124,0.0065975,0.010923333333333334,rsi_bullish_divergence,1,0,haussier,132,0,0,30,,,10.6,27.0,79.0,47.0,53.7,33.77,False,False,,0,,,,49,2,,Volume ×0.3 (épuisement),34349669,46698003,5395633600.989401,7335305466.840795,10000000000.0,73.6,,,
AIXBTUSDT,AIXBT,Speculative,844,0.01886,284070.67349,-2.784,41.05209479323326,0.0001853480865258066,0.022377000000000008,0.026466750000000004,0.6737042324160506,0.49526462395543175,0.47548746518105856,0.20636622565708773,0.41290083470462285,0.019079166666666664,0.034038888888888896,downtrend|doji_4h,0,1,baissier,365,0,0,30,,,17.0,28.0,68.5,47.0,23.4,33.75,False,False,,0,,,,40,2,,Volume ×0.2 (épuisement),18740518,18841160,994658423.1010208,1000000000.0,1000000000.0,99.5,,,
BMTUSDT,BMT,Speculative,,0.01186,125847.609232,-1.331,41.86616583577117,3.156029818287854e-05,0.013080800000000004,0.01670235,0.6306845655016832,0.38386041439476554,0.3527808069792802,0.3044644389659356,0.5818936588464652,0.01195472222222222,0.017381944444444443,downtrend,0,1,baissier,365,0,0,30,,,17.0,28.0,68.5,47.0,23.4,33.75,False,False,,0,,,,40,2,,Volume ×0.3 (épuisement),,,,,,,,,
QIUSDT,QI,Speculative,,0.00113,98865.55542,-3.419,41.264043910923576,6.543203621122935e-06,0.001305,0.0019230499999999995,0.8067464369364471,0.4512820512820513,0.4205128205128205,0.3820490770177853,0.5327369054545575,0.001162222222222223,0.0019383333333333331,downtrend,0,1,baissier,365,0,0,30,,,17.0,28.0,68.5,47.0,23.4,33.75,False,False,,0,,,,40,2,,Volume ×0.4 (épuisement),,,,,,,149099925,$149M,-6.75
BARDUSDT,BARD,Speculative,503,0.1248,321548.54106,-4.514,32.270137649806586,0.0013606370771409807,0.15501200000000004,0.5020749999999999,0.5932435633289599,0.6254130369480324,0.6254130369480324,0.47944161415775266,0.6825960815447273,0.13207777777777774,0.30443333333333344,rsi_bullish_divergence,1,0,haussier,299,0,0,30,,,15.2,19.0,65.5,47.0,53.7,33.66,False,False,,0,,,,44,2,,Volume ×0.5 (épuisement),41515853,124742469,332812500.0,1000000000.0,1000000000.0,33.3,594702728,$595M,1.88
TURTLEUSDT,TURTLE,Speculative,,0.033,144945.89514,-2.941,39.60847117261717,-5.900810700106853e-06,0.03684400000000001,0.04574450000000001,0.5661033350913109,0.4379310344827587,0.4310344827586207,0.37836429009764055,0.4605601140926071,0.033774999999999986,0.053486111111111095,macd_bearish_cross|doji_4h,0,1,baissier,265,0,0,30,,,14.3,28.0,79.0,47.0,27.9,33.66,False,False,,0,,,,43,5,⚠️ Surveiller,Volume ×0.4 (épuisement)|MACD cross baissier,,,,,,,,,
LAYERUSDT,LAYER,Speculative,989,0.0654,174338.017915,-1.802,44.37618419049281,0.00029317733368547155,0.07058599999999998,0.09594349999999997,0.691866245958265,0.49274193548387096,0.47258064516129034,0.13500825983475415,0.5192462915945819,0.06423611111111108,0.10121666666666666,uptrend|shooting_star_4h,1,1,mixte,365,0,0,30,,,17.0,28.0,68.5,47.0,21.0,33.61,False,False,,0,,,,39,4,⚠️ Surveiller,Volume ×0.1 (épuisement)|Étoile filante 4h,13708261,65277433,210000000.0,1000000000.0,1000000000.0,21.0,10967327,$11M,-5.18
KERNELUSDT,KERNEL,Speculative,,0.0386,139047.59454,-4.218,34.44403464697626,0.00043653839178138185,0.048026,0.06832850000000003,0.5695040066741245,0.5379061371841155,0.5342960288808664,0.6076940024608886,0.45284010409011866,0.03989722222222224,0.07224166666666668,downtrend,0,1,baissier,365,0,0,30,,,17.0,28.0,65.5,47.0,23.4,33.57,False,False,,0,,,,39,0,,,,,,,,,,,
YGGUSDT,YGG,Speculative,877,0.02169,97505.220528,-1.543,36.930967070251384,0.00022778108904789084,0.026344000000000003,0.04141615000000001,0.5670413059615741,0.5589510633904604,0.5521371051001446,0.20324513599018904,0.6291070599261723,0.02220805555555556,0.0446075,downtrend,0,1,baissier,365,0,0,30,,,17.0,28.0,65.5,47.0,23.4,33.57,False,False,,0,,,,39,2,,Volume ×0.2 (épuisement),17276279,21676858,796991860.1014752,1000000000.0,1000000000.0,79.7,,,
SOLVUSDT,SOLV,Speculative,,0.00266,109567.53195,-2.206,32.50039251443049,2.0867453327841454e-06,0.0032509999999999987,0.005657799999999998,0.5171465143305677,0.48846153846153845,0.48846153846153845,0.1419026745496791,0.309078537296332,0.0028383333333333333,0.004712222222222223,rsi_bullish_divergence|downtrend|doji_4h,1,1,mixte,365,0,0,30,,,17.0,19.0,79.0,47.0,27.1,33.52,False,False,,0,,,,40,2,,Volume ×0.1 (épuisement),,,,,,,409027761,$409M,0.81
COTIUSDT,COTI,Speculative,754,0.00788,99900.36359,-1.99,32.47673300011287,3.882253995383055e-05,0.0097044,0.013635050000000006,0.47471488607464024,0.4859752120026093,0.4859752120026093,0.2552764762119165,0.5895452894647931,0.008301944444444445,0.014916666666666665,rsi_bullish_divergence|downtrend|doji_4h,1,1,mixte,365,0,0,30,,,17.0,19.0,79.0,47.0,27.1,33.52,False,False,,0,,,,40,2,,Volume ×0.3 (épuisement),23045195,23045456,2929913398.502005,2929946664.926872,4910000000.0,100.0,,,
CTKUSDT,CTK,Speculative,906,0.1018,22305.46462,-3.598,34.14962321667579,0.0006780656381634087,0.12321200000000003,0.18432050000000003,0.550074495559754,0.4889779559118237,0.4889779559118237,0.10858606391643404,0.5887100561719549,0.10673611111111113,0.19056388888888892,rsi_bullish_divergence|downtrend,1,1,mixte,365,0,0,30,,,17.0,19.0,79.0,47.0,27.1,33.52,False,False,,0,,,,40,2,,Volume ×0.1 (épuisement),16407265,16455150,160947895.0,161417626.0,,99.7,,,
SIGNUSDT,SIGN,Speculative,814,0.00852,187038.17609,-3.292,40.738248401420954,9.793605209833413e-05,0.0093408,0.0255392,0.5686485404213949,0.7172031844929041,0.704742125302873,0.4233768593933566,0.364487898973131,0.008390277777777778,0.018575555555555553,double_top_90d,0,1,baissier,365,0,0,30,,,17.0,28.0,65.5,47.0,20.8,33.41,False,False,,0,,,,39,4,⚠️ Surveiller,Volume ×0.4 (épuisement)|Double sommet,20326078,85165130,2386666666.0,10000000000.0,10000000000.0,23.9,,,
ASRUSDT,ASR,Speculative,,0.853,84185.8572,-2.291,41.792836853614816,0.0058154361660106985,0.9439399999999999,1.2664100000000003,0.8607803509903112,0.3970479704797048,0.370479704797048,0.0988098673964751,0.2495043452550033,0.8524722222222223,1.3163055555555558,downtrend,0,1,baissier,365,0,0,30,,,17.0,28.0,62.5,47.0,23.4,33.39,False,False,,0,,,,39,2,,Volume ×0.1 (épuisement),,,,,,,,,
CATIUSDT,CATI,Speculative,874,0.0385,219463.874825,-2.778,28.313139120096167,-0.0016948434238024555,0.0533594,0.05130584999999999,0.9382466176584453,0.46050420168067235,0.46036414565826334,0.1926803734950802,0.28163364496897014,0.04301722222222223,0.06489527777777777,downtrend,0,1,baissier,365,0,0,30,,,17.0,27.0,62.5,47.0,23.4,33.27,False,False,,0,,,,45,3,,Volume ×0.2 (épuisement),17456521,38471816,453748290.57,1000000000.0,1000000000.0,45.4,,,
CUSDT,C,Speculative,,0.065,149441.33658,-2.402,34.597297239480284,-0.0001240100884218661,0.08401600000000001,0.07411999999999991,0.7198236225671284,0.4013096351730589,0.3928905519176801,0.1306281212863482,0.07998934221663129,0.06973333333333336,0.09911388888888886,downtrend,0,1,baissier,361,0,0,30,,,16.9,27.0,62.5,47.0,23.4,33.23,False,False,,0,,,,39,3,,Volume ×0.1 (épuisement),,,,,,,,,
HEMIUSDT,HEMI,Speculative,,0.00436,349013.343223,-2.022,40.12489016225193,2.911220283411417e-05,0.005467200000000001,0.008999450000000006,1.0674358722650528,0.5676767676767677,0.5595959595959596,0.13410653768814584,0.4167161756988732,0.004554722222222222,0.008634722222222219,,0,0,neutre,294,0,0,30,,,15.1,28.0,44.5,47.0,50,33.21,False,False,,0,,,,43,2,,Volume ×0.1 (épuisement),,,,,,,31516109,$32M,0.87
YBUSDT,YB,Speculative,885,0.074,233360.9104,-1.987,45.35383391599548,0.0011596618571372867,0.08414200000000001,0.16248750000000003,0.8018771637161355,0.5119825708061002,0.4611474219317356,0.43166057466898416,0.47818107881621946,0.07165555555555557,0.13013888888888892,double_top_90d,0,1,baissier,272,0,0,30,,,14.5,37.0,59.5,47.0,20.8,33.21,False,False,,0,,,,44,4,⚠️ Surveiller,Volume ×0.4 (épuisement)|Double sommet,17077531,54844550,231070544.6859415,742083844.6034601,1000000000.0,31.1,126252495,$126M,3.28
RONINUSDT,RONIN,Speculative,,0.0534,181968.968928,-3.436,36.4625073694743,7.610141623499902e-05,0.06418000000000001,0.09688700000000003,0.721873836249303,0.586687306501548,0.586687306501548,0.2403826131255041,0.3402924865732263,0.05654999999999999,0.108475,rsi_bullish_divergence|downtrend,1,1,mixte,365,0,0,30,,,17.0,28.0,55.0,47.0,27.1,33.16,False,False,,0,,,,39,2,,Volume ×0.2 (épuisement),,,,,,,,,
SHELLUSDT,SHELL,Speculative,,0.0205,165731.65415,-2.844,35.518112769451136,3.661421779850289e-05,0.025136000000000002,0.03346199999999999,0.7259616848569689,0.5012224938875305,0.5012224938875305,0.30018332293002664,0.5047494107800972,0.02168333333333333,0.03897777777777778,rsi_bullish_divergence|double_top_90d,1,1,mixte,365,0,0,30,,,17.0,28.0,55.0,47.0,24.5,33.01,False,False,,0,,,,38,4,⚠️ Surveiller,Volume ×0.3 (épuisement)|Double sommet,,,,,,,,,
IQUSDT,IQ,Speculative,817,0.000755,26444.908928,-1.307,39.93675115686067,6.315694704548221e-06,0.0008350600000000002,0.0011475600000000004,0.384484374996871,0.39373412362404747,0.36155800169348007,0.08776311294384462,0.6454503545291262,0.0007490277777777776,0.001142111111111111,double_top_90d|downtrend|morning_star_4h,1,2,baissier,365,0,0,30,,,17.0,28.0,79.0,47.0,0,32.98,False,False,,0,,,,36,4,⚠️ Surveiller,Volume ×0.1 (épuisement)|Double sommet,20112550,20112550,26701892799.92899,26701892799.92899,60000000000.0,100.0,,,
OPENUSDT,OPEN,Speculative,622,0.1447,491825.36885,-2.428,34.74082880650997,-0.0003052311769358093,0.18651,0.17913400000000002,0.7676406319049256,0.47684515195369026,0.47684515195369026,0.19529628064649335,0.172890417289613,0.15510555555555555,0.24839444444444445,rsi_bullish_divergence|downtrend,1,1,mixte,309,0,0,30,,,15.5,27.0,62.5,47.0,27.1,32.94,False,False,,0,,,,40,3,,Volume ×0.2 (épuisement),31113495,144378169,215500000.0,1000000000.0,1000000000.0,21.6,,,
DOLOUSDT,DOLO,Speculative,,0.02196,50081.112071,-2.357,41.085331065856764,1.9101001863717072e-05,0.024934800000000003,0.03482994999999999,1.057912234401615,0.4284970044282365,0.4284970044282365,0.11496479409548328,0.463565070757125,0.022435833333333335,0.03579944444444444,rsi_bullish_divergence|downtrend,1,1,mixte,321,0,0,30,,,15.8,28.0,58.0,47.0,27.1,32.91,False,False,,0,,,,39,2,,Volume ×0.1 (épuisement),,,,,,,239858829,$240M,-3.06
CITYUSDT,CITY,Speculative,,0.384,311663.99153,-2.041,44.272038043409324,0.0017028590670197605,0.40141999999999994,0.5543150000000001,0.7080790546911218,0.5145888594164456,0.4907161803713528,0.3687261564987245,0.26287805507806694,0.38075000000000003,0.6889444444444445,downtrend,0,1,baissier,365,0,0,30,,,17.0,28.0,53.5,47.0,23.4,32.85,False,False,,0,,,,38,2,,Volume ×0.4 (épuisement),,,,,,,,,
FUSDT,F,Speculative,947,0.0033,134272.60067,-3.226,40.71499861096237,3.144202346162483e-05,0.003912999999999997,0.005399000000000003,0.6618934166718914,0.4729064039408867,0.458128078817734,0.44967196758679373,0.6910045441384827,0.0033813888888888886,0.005856388888888888,downtrend,0,1,baissier,262,0,0,30,,,14.2,28.0,68.5,47.0,23.4,32.73,False,False,,0,,,,40,2,,Volume ×0.4 (épuisement),14815350,33037552,4484397169.0,10000000000.0,10000000000.0,44.8,4580411,$5M,-0.82
TOWNSUSDT,TOWNS,Speculative,,0.00191,180166.89608,-2.551,39.9221667893808,1.461964680364724e-05,0.0022972,0.0037689500000000014,0.761411329117513,0.520618556701031,0.5051546391752577,0.10172979944727659,0.48204411411298465,0.0019522222222222228,0.003671111111111111,downtrend,0,1,baissier,343,0,0,30,,,16.4,28.0,55.0,47.0,23.4,32.72,False,False,,0,,,,38,2,,Volume ×0.1 (épuisement),,,,,,,,,
BIGTIMEUSDT,BIGTIME,Speculative,1003,0.00701,158512.6966,-2.232,30.52409930070347,6.471178352139063e-05,0.008708600000000004,0.013908899999999988,0.4663107494844031,0.5480335267569311,0.5480335267569311,0.47845314397625544,0.6719010155319108,0.0073375,0.014317222222222219,rsi_bullish_divergence|downtrend,1,1,mixte,365,0,0,30,,,17.0,19.0,65.5,47.0,27.1,32.71,False,False,,0,,,,38,2,,Volume ×0.5 (épuisement),13385697,35073316,1908245059.7925065,5000000000.0,5000000000.0,38.2,,,
FOGOUSDT,FOGO,Speculative,543,0.0097,178352.15842,-0.308,43.23768218394917,0.00016375608581756815,0.011689799999999998,,1.1739164718294994,0.5998201438848921,0.5629496402877698,0.22756335426180144,0.1724990645933149,0.009591666666666667,0.020640833333333337,uptrend,1,0,haussier,180,0,0,30,,,11.9,36.0,38.5,47.0,50,32.68,False,False,,0,,,,44,2,,Volume ×0.2 (épuisement),37404996,97310597,3855024972.896985,10029002093.12167,,38.4,,,
HYPERUSDT,HYPER,Speculative,756,0.0677,398948.32971,-0.587,37.31732657954762,-0.0006664875737896255,0.07742399999999999,0.09909100000000003,0.6706113727494519,0.5997490589711417,0.5752823086574654,0.25330129057650097,0.26556704311215057,0.06925277777777777,0.12366388888888886,downtrend,0,1,baissier,365,0,0,30,,,17.0,28.0,49.0,47.0,23.4,32.58,False,False,,0,,,,37,3,,Volume ×0.3 (épuisement),22869563,54597219,338174017.0,807333335.0000001,1000000000.0,41.9,95461852,$95M,2.37
STOUSDT,STO,Speculative,,0.0432,286249.54038,-2.483,36.553097411202664,0.00020212093564046883,0.051418,0.07862950000000002,0.6780702693133367,0.6438582028029678,0.6438582028029678,0.17633481617930724,0.17667183511371892,0.04533055555555555,0.09728611111111111,downtrend,0,1,baissier,365,0,0,30,,,17.0,28.0,49.0,47.0,23.4,32.58,False,False,,0,,,,37,2,,Volume ×0.2 (épuisement),,,,,,,,,
SCRTUSDT,SCRT,Speculative,970,0.0404,285223.44316,-3.81,34.4414337923957,-0.0002272967515921931,0.058531999999999994,0.08923250000000009,1.2801878317190731,0.6620087336244542,0.646288209606987,0.918714127962393,0.5281200107233778,0.046425,0.11159166666666669,macd_bearish_cross,0,1,baissier,365,0,0,30,,,17.0,28.0,44.5,47.0,27.9,32.58,False,False,,0,,,,37,3,,MACD cross baissier,14155008,14553457,350669582.135023,360540563.750174,,97.3,,,
LAZIOUSDT,LAZIO,Speculative,,0.354,246520.24138,-3.542,24.036201424079906,0.00046224722062659235,0.43945999999999996,0.7053250000000006,0.38815373489480903,0.5062937062937063,0.5062937062937063,0.8271176365560647,0.521014882587868,0.3839722222222222,0.6748055555555555,downtrend,0,1,baissier,365,0,0,30,,,17.0,19.0,65.5,47.0,23.4,32.49,False,False,,0,,,,43,0,,,,,,,,,,,
PORTALUSDT,PORTAL,Speculative,,0.01142,370236.612626,-3.302,42.590150180848724,-9.376857524591171e-05,0.014090799999999999,0.013807800000000002,1.6107059057185296,0.6489984591679506,0.648382126348228,0.10853052521392569,0.13107893652306196,0.008497777777777778,0.01932944444444444,golden_cross|downtrend,1,1,mixte,365,0,0,30,,,17.0,36.0,28.0,47.0,26.6,32.47,False,False,,0,,,,37,3,,Volume ×0.1 (épuisement),,,,,,,,,
PIXELUSDT,PIXEL,Speculative,,0.0046,212842.992494,-2.748,36.907045556667825,-9.03919464181267e-07,0.005496199999999999,0.007076499999999999,0.6638349045817377,0.4922048997772829,0.48775055679287305,0.23242797891093203,0.5199358021374232,0.00483277777777778,0.00846972222222222,macd_bearish_cross|downtrend,0,2,baissier,365,0,0,30,,,17.0,28.0,68.5,47.0,1.3,32.42,False,False,,0,,,,35,5,⚠️ Surveiller,Volume ×0.2 (épuisement)|MACD cross baissier,,,,,,,,,
HFTUSDT,HFT,Speculative,,0.0087,189022.39915,-2.247,43.0482996939306,4.511214772261478e-05,0.009919999999999998,0.0162235,1.3547498292575648,0.5517241379310345,0.5,0.24416979940089087,0.4096088429876125,0.008819444444444442,0.015836111111111113,downtrend|doji_4h,0,1,baissier,365,0,0,30,,,17.0,28.0,44.5,47.0,23.4,32.31,False,False,,0,,,,36,2,,Volume ×0.2 (épuisement),,,,,,,,,
FTTUSDT,FTT,Speculative,,0.2151,154794.788876,-2.537,34.06690536539169,0.00014375352441048546,0.255788,0.329428,0.4039913137077141,0.4129961935834693,0.4129961935834693,0.3318372326604664,0.3592337068830485,0.22645277777777778,0.3522055555555555,rsi_bullish_divergence|double_top_90d|downtrend,1,2,baissier,365,0,0,30,,,17.0,19.0,79.0,47.0,6.2,32.27,False,False,,0,,,,35,4,⚠️ Surveiller,Volume ×0.3 (épuisement)|Double sommet,,,,,,,,,
NOMUSDT,NOM,Speculative,,0.00156,438671.4631,-1.266,45.759760153045086,-1.488182030645355e-06,0.0017530000000000004,0.0041598500000000005,1.8811644736789843,0.580441640378549,0.5078864353312303,0.19619971792432736,0.345461814652934,0.0014947222222222222,0.002927222222222222,macd_bearish_cross|uptrend|doji_4h,1,1,mixte,286,0,0,30,,,14.8,37.0,34.0,47.0,27.9,32.25,False,False,,0,,,,41,5,⚠️ Surveiller,Volume ×0.2 (épuisement)|MACD cross baissier,,,,,,,,,
ACTUSDT,ACT,Speculative,,0.00856,340365.07472,-3.386,43.404195482718386,-2.0283431289230196e-05,0.010001199999999998,0.015362549999999997,1.778481148520554,0.5408284023668639,0.4940828402366863,0.41061224506263083,0.3214272734894258,0.008579722222222221,0.015953055555555554,macd_bearish_cross|uptrend,1,1,mixte,365,0,0,30,,,17.0,28.0,38.5,47.0,27.9,32.22,False,False,,0,,,,36,5,⚠️ Surveiller,Volume ×0.4 (épuisement)|MACD cross baissier,,,,,,,,,
MIRAUSDT,MIRA,Speculative,,0.0414,335548.9724,-5.046,37.081238712377505,0.0003520423025000054,0.05479199999999999,0.08669700000000004,0.8667989564409401,0.5500550055005501,0.5445544554455445,0.34863978402351226,0.5906187455389638,0.04359722222222221,0.0881361111111111,downtrend,0,1,baissier,291,0,0,30,,,15.0,28.0,55.0,47.0,23.4,32.21,False,False,,0,,,,38,2,,Volume ×0.3 (épuisement),,,,,,,,,
SCRUSDT,SCR,Speculative,,0.0255,203236.090247,-2.968,30.775240952225857,4.859794222662056e-05,0.032703199999999995,0.048264299999999975,0.703662264386541,0.529889298892989,0.529889298892989,0.2555347745594951,0.5659628416144596,0.027708611111111104,0.05078222222222223,rsi_bullish_divergence|downtrend,1,1,mixte,365,0,0,30,,,17.0,19.0,55.0,47.0,27.1,32.08,False,False,,0,,,,36,2,,Volume ×0.3 (épuisement),,,,,,,,,
AMPUSDT,AMP,Speculative,520,0.000435,291967.044387,-1.136,24.13412395500022,5.5128049652323124e-06,0.00054044,0.0011690499999999998,0.3248434636503164,0.5387885228480341,0.5377258235919234,0.3585259278039751,0.667079684260403,0.0004530833333333332,0.000933666666666667,downtrend|doji_4h,0,1,baissier,365,0,0,30,,,17.0,10.0,65.5,47.0,23.4,31.41,False,False,,0,,,,40,2,,Volume ×0.4 (épuisement),38983524,43299122,89781193103.18022,99720253743.71327,100000000000.0,90.0,,,
PORTOUSDT,PORTO,Speculative,,0.396,97139.06119,-2.703,23.469821121192197,0.001725932142447699,0.5255399999999999,0.8831500000000001,0.5027055302744778,0.6061814556331007,0.6061814556331007,0.3225434538829001,0.6030031193053744,0.43547222222222215,0.9607777777777778,downtrend,0,1,baissier,365,0,0,30,,,17.0,10.0,65.5,47.0,23.4,31.41,False,False,,0,,,,40,2,,Volume ×0.3 (épuisement),,,,,,,,,
REZUSDT,REZ,Speculative,785,0.002477,486356.8368962,-5.566,24.283429572509462,-2.200378973180381e-05,0.0032666799999999997,0.003919920000000001,0.5506987482281592,0.6413892908827786,0.6413892908827786,0.9528625299781517,0.42522044529519404,0.0028633611111111112,0.005838611111111112,macd_bearish_cross|downtrend,0,2,baissier,365,0,0,30,,,17.0,19.0,65.5,47.0,1.3,31.16,False,False,,0,,,,37,3,,MACD cross baissier,21534279,24366428,8673858884.226868,9814629224.12962,10000000000.0,88.4,93554082,$94M,2.1
PHAUSDT,PHA,Speculative,818,0.0239,332038.6908,-5.159,27.59821623179394,-7.077149985879874e-05,0.033336000000000005,0.03406150000000002,0.6221095892614908,0.5499058380414312,0.5499058380414312,0.28472323495450697,0.39508605887949955,0.026694444444444444,0.04170277777777777,rsi_bullish_divergence|death_cross|downtrend,1,2,baissier,365,0,0,30,,,17.0,19.0,55.0,47.0,6.9,30.87,False,False,,0,,,,37,3,,Volume ×0.3 (épuisement),20067011,23875194,840496260.4928192,1000000000.0,1000000000.0,84.0,,,
MITOUSDT,MITO,Speculative,,0.02169,402217.596949,0.231,42.30973528696573,2.897992306139614e-05,0.0250738,0.04265935,1.5773130104428368,0.7753729518219614,0.7347762289068231,0.21316677706582657,0.21232029392821367,0.02098,0.057903333333333334,downtrend,0,1,baissier,319,0,0,30,,,15.7,28.0,22.0,47.0,23.4,30.5,False,False,,0,,,,33,2,,Volume ×0.2 (épuisement),,,,,,,,,
USDCUSDT,USDC,Etabli,5,1.00072,1312881359.43964,0.026,50.74771394450866,-3.547664745581123e-05,1.0007354000000002,1.000389,0.003293550956203062,0.0011187358285137893,0.0005692656473149231,0.42158570579141286,-0.15083667169790202,0.9996619444444447,1.0024319444444445,support_bounce|uptrend,2,0,haussier,365,0,0,30,,,45.0,45.0,94.0,78.5,50,61.59,False,True,,0,,,,59,5,⚠️ Surveiller,Volume ×0.4 (épuisement)|Près du plus haut 90j (résistance),73289282167,73296517974,73304921572.36084,73312158924.33531,,100.0,,,
USDEUSDT,USDE,Etabli,26,1.0004,1637010.4232,0.0,60.132664689643256,0.0001193343211704853,0.9999039999999999,0.9997530000000004,0.0051589907912037766,0.0011992804317409343,0.0001998800719568039,0.5396362065507506,0.009936215916180942,0.9979861111111111,1.0023333333333329,macd_bullish_cross|resistance_test,1,1,mixte,308,0,0,30,,,43.4,82.0,94.0,68.0,30.8,60.13,False,True,,0,,,,65,4,⚠️ Surveiller,Volume ×0.5 (épuisement)|Près du plus haut 90j (résistance),3905030605,3905030605,3906437836.524024,3887146442.097024,,100.5,21361485,$21M,-4.99
USD1USDT,USD1,Etabli,24,0.9998,81519240.74425,0.004,44.951200171521904,-1.5106863828285487e-05,1.0000883999999999,1.0000229999999992,0.004058724804689478,0.0016281927060961426,0.0013085475122613123,0.41220466192800914,-0.19225060957723095,0.9992341666666668,1.000843888888889,resistance_test,0,1,baissier,365,0,0,30,,,45.0,36.0,94.0,78.5,30.8,59.36,False,True,,0,,,,48,5,⚠️ Surveiller,Volume ×0.4 (épuisement)|Près du plus haut 90j (résistance),4454852475,4454852475,4460141824.442811,4430141824.442811,,100.7,,,
RLUSDUSDT,RLUSD,Etabli,51,1.0009,13197098.6873,0.02,50.486198809516225,-3.84698829625812e-05,1.0009279999999998,,0.004342819081634783,0.00129805292061915,0.0005991013479781887,0.2610319075915865,-0.1296775061132696,0.9997444444444447,1.001575,support_bounce|resistance_test,1,1,mixte,173,0,0,30,,,39.7,45.0,94.0,78.5,30.8,58.54,False,True,,0,,,,54,5,⚠️ Surveiller,Volume ×0.3 (épuisement)|Près du plus haut 90j (résistance),1540076339,1540076339,1540281095.000364,1540281095.000364,,100.0,,,
UUSDT,U,Etabli,64,1.0005,6509863.5518,0.01,44.531568934965804,-5.646954410442144e-05,1.0007959999999994,,0.003526714144382143,0.000998801438274183,0.0008987417615339753,0.24741259206196603,-0.09039970271228409,0.9997222222222223,1.0012888888888893,resistance_test,0,1,baissier,182,0,0,30,,,40.0,36.0,94.0,78.5,30.8,57.55,False,True,,0,,,,48,5,⚠️ Surveiller,Volume ×0.2 (épuisement)|Près du plus haut 90j (résistance),1038685237,1038685237,1039009209.0,1039009209.0,,100.0,,,
XUSDUSDT,XUSD,Mid,442,1.0009,3122588.7351,0.02,51.046092628546795,-2.0781872748840733e-05,1.0008919999999997,1.000489,0.0050313661844977285,0.001198322348711893,0.0004993009786300848,0.6215386282537242,-0.02713471963522115,0.9996611111111109,1.0040249999999995,support_bounce|uptrend,2,0,haussier,365,0,0,30,,,31.0,82.0,94.0,68.0,50,56.79,False,True,,0,,,,70,3,,Près du plus haut 90j (résistance),49542564,49542564,49540240.561,49540240.561,,100.0,,,
FDUSDUSDT,FDUSD,Mid,123,0.9979,12025201.0068,0.01,45.633179027785374,-4.271949051312858e-05,0.9984440000000001,0.9991270000000008,0.008424622845236531,0.0020010005002501267,0.001600800400200146,0.3809823076028999,0.4140263602913531,0.9977083333333341,0.9995749999999999,resistance_test,0,1,baissier,365,0,0,30,,,31.0,37.0,100.0,78.5,30.8,54.78,False,True,,0,,,,52,5,⚠️ Surveiller,Volume ×0.4 (épuisement)|Près du plus haut 90j (résistance),347070511,347070511,348156619.433034,348156619.433034,,100.0,,,
BFUSDUSDT,BFUSD,Etabli,58,0.999,562364.6636,-0.04,42.29604826132501,-2.6190262799613727e-05,0.9994220000000003,0.9994610000000015,0.003575873994729147,0.000900090009000912,0.000900090009000912,0.25530027514834946,0.15234323234594074,0.9991249999999998,0.9998388888888893,rsi_bullish_divergence|resistance_test,1,1,mixte,335,0,0,30,,,44.2,28.0,94.0,57.5,34.5,49.96,False,True,,0,,,,47,5,⚠️ Surveiller,Volume ×0.3 (épuisement)|Près du plus haut 90j (résistance),1317616052,1317616052,1320000000.0,1320000000.0,,100.0,,,
EURUSDT,EUR,Speculative,,1.1439,11656367.86625,0.184,47.894910865540616,0.0006881425131675246,1.1509019999999999,1.1652604999999994,0.05108453672046945,0.03643450262667339,0.030588035926114237,0.44381109796491847,0.32009334407092965,1.1411805555555556,1.176275,support_bounce|downtrend,1,1,mixte,365,0,0,30,,,17.0,37.0,100.0,78.5,23.4,49.28,False,True,,0,,,,51,4,⚠️ Surveiller,Volume ×0.4 (épuisement)|Près du plus haut 90j (résistance),,,,,,,,,
USDSUSDT,USDS,Etabli,12,1.0006,156804.3922,0.01,50.30286868717275,-3.002362014094048e-05,1.0007119999999996,,0.0035707290930439466,0.001198561725928975,0.0005992210126836672,0.13296779139151274,-0.06262815776921575,0.9995472222222224,1.001427777777778,support_bounce|resistance_test,1,1,mixte,96,0,0,30,,,37.6,45.0,94.0,47.0,30.8,45.22,False,True,,0,,,,54,5,⚠️ Surveiller,Volume ×0.1 (épuisement)|Près du plus haut 90j (résistance),10908977611,10908977611,10912234555.28349,10918403096.28113,,99.9,,,
KGSTUSDT,KGST,Speculative,,0.011443,118665.951779,0.0,52.54872525859632,-9.372733466098404e-07,0.011427059999999996,0.011407164999999988,0.028150998787732338,0.006113537117903984,0.0006113537117903984,1.0776452668246121,0.13858793758119492,0.011371777777777776,0.011455000000000005,support_bounce|resistance_test,1,1,mixte,202,0,0,30,,,12.5,91.0,94.0,47.0,30.8,41.67,False,True,,0,,,,68,3,,Près du plus haut 90j (résistance),,,,,,,,,
TUSDUSDT,TUSD,Mid,104,0.9987,28241.801,0.05,38.21296949663833,-2.3756874601457332e-05,0.999378,0.9993079999999993,0.0026611936526855545,0.003394907638542256,0.0027958062905641783,0.11612973920666228,-0.15499864001863117,0.9985277777777775,1.0003777777777776,macd_bearish_cross|resistance_test,0,2,baissier,365,0,0,30,,,31.0,36.0,94.0,47.0,8.7,40.42,False,True,,0,,,,43,7,🔴 Sortie,Volume ×0.1 (épuisement)|Près du plus haut 90j (résistance)|MACD cross baissier,493243332,493243332,494515083.0,494515083.0,,100.0,,,
FRAXUSDT,FRAX,Mid,148,0.2527,150629.42652,-2.77,46.45448677655067,0.0055834761261533885,0.28753800000000007,,0.6204691324984464,0.5499705478107206,0.5046141763204397,0.45193515256960043,0.522436645392264,0.2406166666666666,0.48769999999999997,doji_4h,0,0,neutre,180,0,0,30,,,25.9,45.0,55.0,47.0,50,39.81,False,True,,0,,,,52,2,,Volume ×0.5 (épuisement),237336476,237336476,239570045.8726003,239570045.8726003,,100.0,43089796,$43M,-7.91
AEURUSDT,AEUR,Speculative,,1.1308,9781.62081,-0.903,48.76300166014034,0.0015723090990944614,1.1387159999999998,1.1549234999999995,0.20897277922408897,0.049821154828819623,0.03696133537727805,0.6371665899577005,0.1179216304304519,1.1244916666666667,1.1698138888888887,,0,0,neutre,365,0,0,30,,,17.0,46.0,94.0,47.0,50,39.04,False,True,,0,,,,59,2,,Près du plus haut 90j (résistance),,,,,,,,,
USDPUSDT,USDP,Speculative,609,1.0003,5450.2561,-0.02,43.76103532281787,-4.496940487803789e-05,1.0005359999999996,1.0002915000000006,0.0045107903218250854,0.0011986814504046446,0.0010985718565865383,0.06675059736389095,-0.04069766546601004,0.9995916666666671,1.0011444444444448,rsi_bullish_divergence|resistance_test|doji_4h,1,1,mixte,365,0,0,30,,,17.0,36.0,94.0,47.0,34.5,36.91,False,True,,0,,,,49,5,⚠️ Surveiller,Volume ×0.1 (épuisement)|Près du plus haut 90j (résistance),31929962,31929962,31954026.97069443,31954026.97069443,,100.0,,,
EURIUSDT,EURI,Speculative,526,1.1435,319274.44711,0.202,49.77793401629995,0.0009427942634113958,1.149232,1.1647855000000003,0.22649257694327707,0.07513128917499576,0.031763510079620604,0.12575928102786407,0.15173959482043153,1.1357972222222221,1.176177777777778,support_bounce|downtrend,1,1,mixte,365,0,0,30,,,17.0,37.0,94.0,47.0,23.4,36.36,False,True,,0,,,,50,4,⚠️ Surveiller,Volume ×0.1 (épuisement)|Près du plus haut 90j (résistance),38668963,38668963,33853952.48990108,33853952.48990108,,100.0,,,
