symbol,base,tier,rank_mcap,price,vol_24h_usd,change_24h_pct,rsi_14,macd_hist,ma_50,ma_200,vol_30d_ann,drawdown_90d,dist_to_high_90d,vol_ratio_vs_med90,corr_btc_90d,support_90d,resistance_90d,patterns,bull_signals,bear_signals,bias,age_days,n_red_flags,audit_score,team_score,github_commits_30d,github_contrib_90d,score_solidity,score_momentum,score_risk,score_antiscam,score_signal,score,suspect,stablecoin,categories,catalyst_score,catalyst_flags,trending_rank,vol_spike_ratio,bull_prob_7d,market_cap,fdv,circulating_supply,total_supply,max_supply,circ_ratio_pct,tvl,tvl_fmt,tvl_change_7d
RENDERUSDT,RENDER,Etabli,72,1.873,3899399.16147,3.825,51.29813175587257,-0.012284669321653358,1.8658200000000005,1.7492799999999997,0.44612954400034455,0.18283764017552423,0.0872319688109162,0.2290916570365106,0.6515487056162629,1.3935277777777777,1.9939166666666663,double_top_90d|downtrend,0,2,baissier,365,0,0,30,,,45.0,73.0,100.0,68.0,11.3,64.56,False,False,,0,,,,59,968954841,996525206,518743261.0140742,533503434.2940742,644245094.0,97.2,,,
ALGOUSDT,ALGO,Etabli,69,0.1153,5874109.6533,5.586,50.66424822738229,-0.0015872825689649294,0.11370600000000002,0.11633450000000004,0.6451681648417928,0.19386227544910176,0.1362275449101796,0.5893281066907267,0.48811348321816106,0.08356944444444443,0.12308333333333334,uptrend,1,0,haussier,365,0,0,30,,,45.0,66.0,85.0,78.5,52.9,64.04,False,False,,0,,,,64,1025120356,1025150836,8913645212.01452,8913910247.382248,10000000000.0,100.0,,,
JSTUSDT,JST,Etabli,80,0.09391,3051542.049441,2.814,66.69750697952958,-5.846213819207975e-05,0.07883180000000004,0.05228610000000002,0.5893588254493877,0.17961042246395148,0.0,0.473503938894414,-0.2564612113416971,0.04657361111111111,0.0883622222222222,macd_bearish_cross|uptrend,1,1,mixte,365,0,0,30,,,45.0,64.0,94.0,68.0,31.8,63.37,False,False,,0,,,,57,801936799,801936799,8543764567.312736,8543764567.312736,9900000000.0,100.0,3529222353,$3.5B,-2.91
BNBUSDT,BNB,Etabli,4,644.67,49637958.1507,0.772,49.93836532541906,-2.594863090487035,628.941,752.8285000000001,0.22781678354277857,0.14151623486486892,0.05163966985920469,0.2949251348096202,0.8667329277237744,597.9630555555557,665.3622222222223,macd_bearish_cross|uptrend,1,1,mixte,365,0,0,30,,,45.0,57.0,92.0,78.5,31.8,63.23,False,False,,0,,,,57,86792365498,86792365498,134785229.25,134785229.25,200000000.0,100.0,153883874602,$153.9B,-3.79
DOGEUSDT,DOGE,Etabli,10,0.10395,44785081.46595,-0.144,45.376825725673605,-0.001481027275693359,0.10114299999999998,0.11810709999999994,0.41964261531126673,0.12548524844720507,0.09994803395115187,0.2576355909840397,0.7866467846699591,0.0899638888888889,0.11077555555555557,macd_bearish_cross|uptrend,1,1,mixte,365,0,0,30,,,45.0,57.0,92.0,78.5,31.8,63.23,False,False,,0,,,,57,16010533494,16010572920,154314976383.7052,154315356383.7052,,100.0,,,
BTCUSDT,BTC,Etabli,1,77611.66,876134238.868818,1.099,47.82003332967249,-654.6242515209179,76031.16479999997,81136.93815,0.25655437581686114,0.11849875281549622,0.05593487513147724,0.2669433933187345,1.0,66154.91861111108,80050.99583333332,uptrend,1,0,haussier,365,0,0,30,,,45.0,57.0,86.0,78.5,52.9,63.22,False,False,,2,🔥 Trending #6 sur CoinGecko,6,,65,1552826605729,1552826605729,20031921.0,20031921.0,21000000.0,100.0,,,
TRXUSDT,TRX,Etabli,8,0.358,28405166.99566,0.703,79.5359298417318,4.0304786709443804e-05,0.33299,0.30068950000000016,0.1520843916627608,0.034755677907777005,0.0,0.324565728367154,0.1449098386232453,0.28423333333333334,0.3497138888888889,rsi_bearish_divergence,0,1,baissier,365,0,0,30,,,45.0,55.0,94.0,78.5,26.5,63.13,False,False,,0,,,,45,33893536234,33893549290,94803376990.6895,94803413507.6617,,100.0,,,
PENGUUSDT,PENGU,Etabli,97,0.008842,6972720.942815,3.186,46.381012079528496,-0.0002470814927791926,0.008402419999999999,0.009301445,0.844163065443227,0.24239406012314385,0.20028975009054695,0.25913356094706974,0.6918672267394232,0.006362944444444446,0.010149583333333333,doji_4h,0,0,neutre,365,0,0,30,,,45.0,57.0,85.0,78.5,50,62.69,False,False,,3,🔥 Trending #5 sur CoinGecko,5,,65,554003873,701414228,62860396090.0,79586404236.06058,88888888888.0,79.0,,,
ZECUSDT,ZEC,Etabli,14,587.91,111818851.80998,4.709,66.38081549825836,-3.8711759547098836,404.8450000000001,379.33024999999986,1.110796414484616,0.2411126500461681,0.0417883181914564,0.40606325233027907,0.5707496281149507,212.17972222222218,538.7680555555556,golden_cross|uptrend,2,0,haussier,365,0,0,30,,,45.0,64.0,79.0,78.5,60.4,62.67,False,False,,0,,,,61,9789839792,9789839792,16688225.1655448,16688225.1655448,21000000.0,100.0,,,
KAIAUSDT,KAIA,Mid,150,0.0511,2617248.09675,0.393,60.824890053138844,0.0004577543326453472,0.04781599999999999,0.06092850000000006,0.46745315538294757,0.2101576182136602,0.1050788091068301,1.7451892881472595,0.6079271503061495,0.04584166666666666,0.05581111111111111,,0,0,neutre,365,0,0,30,,,31.0,84.0,95.5,68.0,50,62.47,False,False,,0,,,,70,298623243,298623253,5856641747.106198,5856641936.044253,,100.0,,,
ASTERUSDT,ASTER,Etabli,50,0.664,5015976.68153,1.374,47.8868755904052,-0.003050224325806766,0.66952,0.7653499999999995,0.36589761235684304,0.14417989417989416,0.12169312169312166,0.2029155893722887,0.48985961883621576,0.6486388888888891,0.7234166666666666,support_bounce,1,0,haussier,227,0,0,30,,,41.2,37.0,95.5,78.5,54.7,62.2,False,False,,0,,,,58,1709907943,5184371011,2579922243.4698935,7822218820.515041,8000000000.0,33.0,157683915,$158M,-5.13
NEARUSDT,NEAR,Etabli,42,1.642,30842194.6926,1.483,65.06475655793054,0.007105960409574938,1.4009600000000004,1.5160349999999994,0.6952833799125946,0.2201342281879195,0.0,0.6057334904154744,0.5806836208600038,1.1152500000000005,1.5455000000000005,rsi_bearish_divergence,0,1,baissier,365,0,0,30,,,45.0,57.0,89.5,78.5,26.5,62.07,False,False,,0,🔥 Trending #8 sur CoinGecko,8,,53,2126167554,2126167577,1295978167.0,1295978181.0,,100.0,,,
LINKUSDT,LINK,Etabli,19,9.589,17553829.04325,-0.01,47.225564221748996,-0.10830668248292039,9.427600000000002,11.03229999999999,0.4059961745800751,0.15120967741935484,0.1054104477611941,0.3056824147386621,0.8749052375140963,8.511111111111111,10.08472222222222,macd_bearish_cross|uptrend,1,1,mixte,365,0,0,30,,,45.0,57.0,87.5,78.5,31.8,61.92,False,False,,0,,,,57,6966566511,9581304902,727099970.4255477,1000000000.0,1000000000.0,72.7,,,
CHZUSDT,CHZ,Mid,109,0.0465,7077539.91995,-5.507,54.8844486913618,0.0002582320572306427,0.0430044,0.03946565000000001,0.7052741184136068,0.2079522862823061,0.07634194831013909,0.6149087698675024,0.3940409339573717,0.03432916666666666,0.04768805555555557,,0,0,neutre,365,0,0,30,,,31.0,82.0,89.5,78.5,50,61.79,False,False,,0,,,,69,480044311,480044311,10370318000.0,10370318000.0,,100.0,,,
ETCUSDT,ETC,Etabli,57,9.05,2445068.6657,1.8,50.93684122969201,-0.0754349676126368,8.7236,10.679499999999996,0.42714180571521704,0.1387978142076503,0.09318637274549095,0.1673495058073394,0.7686165034653785,8.069166666666668,9.355555555555556,macd_bearish_cross,0,1,baissier,365,0,0,30,,,45.0,57.0,92.0,68.0,28.8,61.68,False,False,,0,,,,57,1413485033,1413485033,156559601.6228963,156559601.6228963,210700000.0,100.0,,,
PAXGUSDT,PAXG,Etabli,43,4494.89,20980829.680551,-0.973,37.523528488154824,-16.58653897301455,4673.533800000001,4627.3053,0.20668401789451568,0.18851456373184697,0.17326196322968102,0.2715380457157617,0.25708142095602343,4486.684166666666,5220.4877777777765,,0,0,neutre,365,0,0,30,,,45.0,36.0,89.5,78.5,50,61.39,False,False,,0,,,,52,2111139402,2111139402,470301.37,470301.37,,100.0,2109037668,$2.1B,-4.82
ONDOUSDT,ONDO,Etabli,47,0.3759,24018266.95835,-0.265,57.619276546416955,-0.004535151817399646,0.3002600000000001,0.3592730000000003,1.2009303402973894,0.23776843037414214,0.16847465131724595,1.4946711937264396,0.5284061899323664,0.24795277777777772,0.37280277777777776,macd_bearish_cross|uptrend|doji_4h,1,1,mixte,365,0,0,30,,,45.0,75.0,74.5,78.5,31.8,60.38,False,False,,0,🔥 Trending #10 sur CoinGecko,10,,60,1824639421,3747207888,4869330647.0,10000000000.0,10000000000.0,48.7,2673050580,$2.7B,-2.76
GASUSDT,GAS,Mid,287,1.56,1017840.798,0.193,38.761860784582325,-0.015873065362641763,1.67484,1.8524350000000005,0.320738228150139,0.1524122807017544,0.14199561403508779,2.414785060461884,0.5239312510367493,1.520944444444444,1.7721944444444442,morning_star_4h,1,0,haussier,365,0,0,30,,,31.0,55.0,95.5,68.0,62.5,59.89,False,False,,0,,,,66,101680195,101680195,65093580.54427269,65093580.54427269,,100.0,,,
SUIUSDT,SUI,Etabli,27,1.0589,37894931.46076,-0.563,50.85328945055457,-0.013836468435890079,0.9838460000000002,1.267927,0.9278819168167227,0.2165853658536585,0.20532833020637903,0.5229848711374956,0.7351245607387669,0.8687805555555552,1.1088805555555554,macd_bearish_cross,0,1,baissier,365,0,0,30,,,45.0,66.0,77.0,78.5,28.8,59.75,False,False,,0,,,,57,4234006717,10570697805,4005418369.566699,10000000000.0,10000000000.0,40.1,,,
ATOMUSDT,ATOM,Etabli,70,2.008,2621097.82052,-2.43,53.97157399930423,-0.0007670367637406805,1.87966,2.120415000000001,0.45752525766902225,0.30195080576759975,0.14843087362171334,0.30145140102820284,0.5555792850431057,1.70175,2.1066944444444444,macd_bearish_cross|uptrend,1,1,mixte,365,0,0,30,,,45.0,57.0,83.5,68.0,31.8,59.45,False,False,,0,,,,56,1022345025,1022345025,509573626.730473,509573626.730473,,100.0,,,
ENAUSDT,ENA,Etabli,75,0.1062,8772456.146821,1.724,45.296958939950805,-0.002453963447488828,0.10545399999999999,0.16887750000000004,0.7982675866571751,0.3336120401337793,0.19667170953101368,0.36434333309277456,0.693807616392038,0.0882111111111111,0.12266666666666667,uptrend,1,0,haussier,365,0,0,30,,,45.0,57.0,73.0,78.5,52.9,59.44,False,False,,0,,,,59,955121840,1587185332,9026562500.0,15000000000.0,15000000000.0,60.2,4441905972,$4.4B,11.91
QNTUSDT,QNT,Etabli,66,72.7,883223.41039,-1.942,47.61500758412672,0.0002651001257456542,73.33319999999999,74.68159999999999,0.4715599815115886,0.15588161524956098,0.1026559604694256,0.3884856223529902,0.3867650350347128,63.341388888888886,77.86055555555554,double_top_90d,0,1,baissier,365,0,0,30,,,45.0,37.0,95.5,57.5,31.4,59.12,False,False,,0,,,,52,1056021398,1060981736,14544176.164081175,14612493.0,14612493.0,99.5,,,
NEXOUSDT,NEXO,Etabli,77,0.893,433769.52096,1.708,48.514303033745904,-0.0033226277386799613,0.8937200000000002,0.9182250000000002,0.23988307510548457,0.08695652173913052,0.0387931034482759,0.2986972322339271,0.8650651431829857,0.8449166666666666,0.9232777777777778,uptrend|bullish_engulfing_4h,2,0,haussier,365,0,0,30,,,45.0,37.0,92.0,47.0,58.4,59.0,False,False,,0,,,,58,892344717,892344717,1000000000.0,1000000000.0,1000000000.0,100.0,349601155,$350M,-7.53
VETUSDT,VET,Etabli,94,0.006595,2594770.3485292,-1.67,37.54077932672687,-0.00012076883664631629,0.0071898000000000005,0.00963881,0.4827259559476898,0.17792566549472635,0.17202410848819694,0.1937049414408354,0.7164792014341589,0.006725305555555555,0.007734416666666666,uptrend|doji_4h,1,0,haussier,365,0,0,30,,,45.0,28.0,87.5,68.0,52.9,58.74,False,False,,0,,,,50,566352106,566352106,85985041177.0,85985041177.0,86712634466.0,100.0,,,
BONKUSDT,BONK,Etabli,99,6.02e-06,2364105.12640409,1.007,40.62548547553262,-1.4749635100842982e-07,6.2673999999999995e-06,7.83255e-06,0.5687268281284733,0.23316062176165808,0.22020725388601042,0.18560057860331722,0.7973958514853605,5.666388888888889e-06,6.910277777777778e-06,uptrend,1,0,haussier,365,0,0,30,,,45.0,28.0,87.5,68.0,52.9,58.74,False,False,,0,,,,50,529261185,529261187,87994733082971.44,87994733486614.3,87995282867000.55,100.0,,,
SHIBUSDT,SHIB,Etabli,33,5.74e-06,2292691.03286089,0.175,37.77502733104631,-8.89797411559625e-08,6.102999999999999e-06,7.0788999999999976e-06,0.361618886743621,0.17601246105919005,0.13010590015128595,0.11629864132318278,0.7635858515808989,5.563333333333333e-06,6.431111111111112e-06,uptrend|doji_4h,1,0,haussier,365,0,0,30,,,45.0,28.0,87.5,68.0,52.9,58.74,False,False,,0,,,,50,3381684290,3383157080,589243272661363.4,589499899559984.4,,100.0,,,
DASHUSDT,DASH,Etabli,92,46.82,15943623.15252,11.027,58.50581373531847,-0.5924597282592301,39.415800000000004,46.68494999999998,1.019785419090106,0.27508650519031136,0.10070976405140993,1.154966514815338,0.5814963337322308,31.0175,46.73999999999998,uptrend,1,0,haussier,365,0,0,30,,,45.0,75.0,62.5,78.5,52.9,58.63,False,False,,0,,,,63,595081091,595149919,12700590.88382939,12702059.86418151,18920000.0,100.0,,,
TONUSDT,TON,Etabli,21,1.944,27182320.55887,-2.8,52.15256965715649,-0.05838124675601172,1.61156,1.5572350000000015,1.4025743665252997,0.2969786293294031,0.2829771554900516,0.7268039678433608,0.2792206576394902,1.2278888888888888,2.126888888888889,golden_cross|uptrend|doji_4h,2,0,haussier,365,0,0,30,,,45.0,82.0,56.5,78.5,60.4,58.37,False,False,,0,,,,66,5226196907,10062065267,2691956580.476608,5182859217.117682,,51.9,,,
XRPUSDT,XRP,Etabli,5,1.3717,128209554.88508,-0.117,43.40113618707965,-0.008896027090952212,1.3952259999999999,1.703439,0.32537386495684323,0.14756966947504863,0.11108230719377836,0.2706832562444143,0.8760240367568725,1.3220722222222219,1.476261111111111,macd_bearish_cross|uptrend,1,1,mixte,365,0,0,30,,,45.0,28.0,87.5,78.5,31.8,58.32,False,False,,1,🔥 Trending #7 sur CoinGecko,7,,47,84725378441,137012036544,61829045420.0,99985666473.0,100000000000.0,61.8,,,
XAUTUSDT,XAUT,Etabli,37,4493.5,24072968.454292,-1.019,38.390066361185355,-19.843057845397453,4668.6262,,0.20165829782467473,0.06698041887165514,0.06684334266559223,0.21865769608809987,,4487.00681818182,4787.967272727272,,0,0,neutre,56,0,0,30,,,36.5,36.0,90.0,78.5,50,58.32,False,False,,0,,,,52,2660030186,3175965380,592773.659532,707747.089,,83.8,3198746267,$3.2B,-4.49
ADAUSDT,ADA,Etabli,15,0.25,18740070.63222,0.0,43.45498413486517,-0.002677002831858754,0.25371800000000005,0.3328134999999999,0.37879832412198755,0.20531807472231564,0.15886906765398845,0.2593639469276552,0.8071395734021344,0.2423,0.28318333333333334,macd_bearish_cross|uptrend,1,1,mixte,365,0,0,30,,,45.0,28.0,87.5,78.5,31.8,58.32,False,False,,0,,,,45,9238441064,11235612614,37001084154.71531,45000000000.0,45000000000.0,82.2,,,
LTCUSDT,LTC,Etabli,28,54.18,14870406.70136,0.0,40.60948382106106,-0.48517252184047743,55.556400000000004,67.27414999999998,0.3098310431462575,0.10919931856899495,0.10325997021347016,0.4293086347280656,0.804303836878477,52.67472222222222,57.84888888888889,macd_bearish_cross|uptrend,1,1,mixte,365,0,0,30,,,45.0,28.0,87.5,78.5,31.8,58.32,False,False,,0,,,,45,4175666321,4175819825,77186520.73347135,77189358.23347135,84000000.0,100.0,,,
SKYUSDT,SKY,Etabli,53,0.06904,752149.00533,0.349,30.23654202322608,-0.0009907355190988472,0.0776498,0.06613769999999998,0.4351361549471395,0.22921323200715243,0.22921323200715243,0.24454636707541533,0.6274978824629155,0.06714333333333333,0.0835252777777778,rsi_bullish_divergence,1,0,haussier,246,0,0,30,,,41.7,27.0,95.5,57.5,50,58.16,False,False,,0,,,,50,1601265716,1617344921,23229405682.39722,23462665147.36596,23462665147.3,99.0,5679384274,$5.7B,-3.38
FILUSDT,FIL,Etabli,83,0.958,4499141.87369,0.314,45.22547822466016,-0.022123837798093397,0.956,1.22527,0.8846157790076913,0.27117327117327117,0.2564102564102564,0.21537128878628142,0.5930412969099522,0.8410277777777779,1.0787222222222221,uptrend|doji_4h,1,0,haussier,365,0,0,30,,,45.0,57.0,73.0,68.0,52.9,58.13,False,False,,0,,,,59,747967262,1872756100,781930917.0,1957794103.0,,39.9,,,
ARBUSDT,ARB,Etabli,86,0.1132,2179303.95102,-2.33,37.50700691644919,-0.0030251401098809667,0.11986200000000002,0.157191,0.6374370002355967,0.21443442054129083,0.21443442054129083,0.1532693780132733,0.63927590808794,0.09211111111111109,0.133975,uptrend,1,0,haussier,365,0,0,30,,,45.0,28.0,85.0,68.0,52.9,58.02,False,False,,0,,,,50,706726231,1129709715,6255821492.0,10000000000.0,10000000000.0,62.6,3231346762,$3.2B,-5.89
UNIUSDT,UNI,Etabli,40,3.654,10405263.75155,4.579,55.40940682934501,-0.019020171809873393,3.358719999999999,4.559545,0.5342147659895904,0.27399566995429403,0.12196295405340392,0.7368287882848771,0.7407847654602739,3.1460555555555545,3.9878611111111115,macd_bearish_cross|double_top_90d,0,2,baissier,365,0,0,30,,,45.0,66.0,75.5,78.5,10.3,57.8,False,False,,0,🔥 Trending #12 sur CoinGecko,12,,52,2315252423,3260654454,635835562.7428479,895470420.0329479,1000000000.0,71.0,1730911570,$1.7B,-19.11
SUNUSDT,SUN,Mid,125,0.01981,574229.35276,0.202,57.32729856776598,-9.631170203220019e-05,0.018780400000000003,0.01907779999999999,0.2679085875791933,0.11326291079812204,0.038778477944740604,0.34843329471485024,0.28777930344613345,0.015981944444444448,0.019910555555555553,bull_flag|uptrend,2,0,haussier,365,0,0,30,,,31.0,57.0,94.0,57.5,52.9,57.61,False,False,,0,,,,63,380776998,394158718,19225098610.10254,19900730000.0,19900730000.0,96.6,111818384,$112M,1.1
POLUSDT,POL,Etabli,74,0.09014,2984084.755769,-0.836,39.72692901127343,-0.001272647592486933,0.09261020000000002,0.11331455000000007,0.3548281846905918,0.2830850131463628,0.21025416301489921,0.3068392115723536,0.5385888196511198,0.08721111111111114,0.10659166666666665,uptrend,1,0,haussier,365,0,0,30,,,45.0,28.0,83.5,68.0,52.9,57.58,False,False,,0,,,,49,958149566,958149566,10646309543.48188,10646309543.48188,,100.0,2385651799,$2.4B,-2.68
APTUSDT,APT,Etabli,82,0.944,2772301.4143,0.212,43.16197785930659,-0.019400871842936963,0.954,1.4502450000000007,0.5895319876471459,0.27174887892376676,0.18126626192541204,0.14298544465845925,0.6252763956216862,0.8473055555555555,1.0705833333333334,uptrend,1,0,haussier,365,0,0,30,,,45.0,28.0,83.5,68.0,52.9,57.58,False,False,,0,,,,49,771993605,1133530906,819273622.1339455,1202952931.543282,2100000000.0,68.1,,,
POLYXUSDT,POLYX,Mid,398,0.0539,614926.07304,1.316,55.54862797895241,-4.502273191581054e-05,0.050684000000000014,0.053873500000000005,0.5375081448158862,0.18215613382899634,0.042553191489361694,0.46822597698631807,0.37134495166870096,0.04071388888888889,0.055111111111111104,macd_bearish_cross,0,1,baissier,365,0,0,30,,,31.0,57.0,100.0,57.5,28.8,57.39,False,False,,0,,,,58,68540552,68540552,1277793682.190544,1277793682.190544,,100.0,,,
COMPUSDT,COMP,Mid,175,22.82,2889079.71297,1.921,51.91125015109656,-0.15935093039203185,21.8968,23.85395000000001,0.6673150625736901,0.19290888295844447,0.13038505528021355,0.581800932119206,0.43359305089464967,16.96805555555555,24.454444444444444,,0,0,neutre,365,0,0,30,,,31.0,66.0,85.0,68.0,50,57.19,False,False,,0,,,,63,220828010,228406792,9668189.278360886,10000000.0,10000000.0,96.7,1229838577,$1.2B,-5.21
XLMUSDT,XLM,Etabli,22,0.143,6780771.1976,-1.786,32.07204694558044,-0.0020348074882973436,0.16153199999999998,0.1958744999999999,0.3945870144232607,0.20156337241764388,0.20156337241764388,0.3188612156571855,0.7650336629249388,0.15004444444444442,0.17489444444444446,double_top_90d,0,1,baissier,365,0,0,30,,,45.0,19.0,87.5,78.5,31.4,57.18,False,False,,0,,,,42,4791999476,7147961563,33521240188.75952,50001786863.25703,,67.0,,,
QTUMUSDT,QTUM,Mid,303,0.884,1405970.9714,-0.45,42.17207008483152,-0.011400868813245212,0.9209599999999999,1.1734099999999998,0.4896786283207535,0.16839916839916833,0.15325670498084293,4.930320802941287,0.6748752955026044,0.8478333333333332,0.9928333333333335,macd_bearish_cross,0,1,baissier,365,0,0,30,,,31.0,55.0,95.5,68.0,28.8,57.14,False,False,,2,⚡ Volume ×4.9 vs médiane,,4.93,61,93611458,95195592,106028151.25,107822406.0,,98.3,,,
SOLUSDT,SOL,Etabli,7,85.04,127652947.8185,0.532,43.45519659083213,-0.9712658615284481,85.9876,108.78695000000003,0.36973319805223664,0.17941787941787946,0.1268357810413886,0.20630021943558385,0.8750941188927789,80.44111111111113,93.06166666666665,macd_bearish_cross|double_top_90d|uptrend,1,2,baissier,365,0,0,30,,,45.0,28.0,87.5,78.5,13.2,56.81,False,False,,0,,,,41,49072902389,53230931709,577790027.865546,626747145.9443743,,92.2,,,
INJUSDT,INJ,Mid,104,4.971,9905727.40339,-0.759,64.93430449964373,0.019292288370145627,3.663339999999999,4.321304999999998,0.8261569073320528,0.27361735908970625,0.03855841891106372,0.6952938950119567,0.557161813506494,2.846166666666667,4.520888888888889,double_bottom_90d,1,0,haussier,365,0,0,30,,,31.0,66.0,77.5,78.5,53.9,56.64,False,False,,0,,,,63,495799187,495799187,100000000.0,100000000.0,,100.0,15244002,$15M,-7.35
PEPEUSDT,PEPE,Etabli,55,3.7e-06,12201482.25121504,1.093,40.66592192092153,-7.465723150483371e-08,3.8174e-06,4.320100000000002e-06,0.41532366386341135,0.25117370892018775,0.16099773242630386,0.13819125372837904,0.7173784054262771,3.291944444444444e-06,4.201111111111112e-06,uptrend,1,0,haussier,365,0,0,30,,,45.0,28.0,75.5,78.5,52.9,56.57,False,False,,0,,,,48,1553011531,1553011531,420690000000000.0,420690000000000.0,420690000000000.0,100.0,,,
AVAXUSDT,AVAX,Etabli,29,9.229,8045000.43218,0.534,44.605304209795854,-0.081336633804214,9.363960000000002,11.33039,0.3339918384002557,0.18017159199237373,0.1203050524308866,0.17206118215787922,0.8468728521280616,8.725555555555555,9.973055555555558,macd_bearish_cross|double_top_90d,0,2,baissier,365,0,0,30,,,45.0,28.0,87.5,78.5,10.3,56.57,False,False,,0,,,,40,3978022483,4269797779,431771961.1772119,463441061.1772119,720000000.0,93.2,134188542,$134M,-3.96
ETHUSDT,ETH,Etabli,2,2133.13,380384553.056401,0.902,36.85252033812576,-24.515158318799106,2262.3872,2576.8989,0.2913931417183833,0.15653833240542792,0.11828028110789578,0.2024538774275059,0.9356347627693582,1948.7624999999996,2367.8763888888884,downtrend,0,1,baissier,365,0,0,30,,,45.0,28.0,81.5,78.5,29.8,56.42,False,False,,0,,,,44,257124730988,257124730988,120685660.6105114,120685660.6105114,,100.0,,,
NMRUSDT,NMR,Mid,412,9.2,607017.0615,-1.288,51.66714935771764,-0.027662059225440128,8.729000000000001,9.233049999999999,0.5545660258167072,0.23264311814859936,0.10156250000000008,0.322856475733652,0.41530374148250715,6.990555555555554,9.403055555555554,double_top_90d,0,1,baissier,365,0,0,30,,,31.0,57.0,95.5,57.5,31.4,56.29,False,False,,0,,,,58,64711179,97775531,7038910.898120408,10635461.48959191,11000000.0,66.2,,,
DOTUSDT,DOT,Etabli,44,1.241,3613474.95352,0.486,43.74050314084065,-0.011260827924443093,1.26916,1.7392699999999999,0.40950124514934677,0.29825616355983164,0.2531569452796152,0.17781767074432075,0.5461655602466868,1.2090277777777776,1.5632777777777778,macd_bearish_cross|uptrend,1,1,mixte,365,0,0,30,,,45.0,28.0,83.5,68.0,31.8,55.85,False,False,,0,,,,44,2087120826,2087120826,1684682715.856606,1684682715.856606,2100000000.0,100.0,2953121,$3M,-11.03
HOLOUSDT,HOLO,Mid,485,0.0794,2187205.49137,0.0,61.53771555077394,-0.00016057291084888622,0.064874,0.07107400000000003,0.7843317826026546,0.21633888048411506,0.08208092485549127,1.0,0.42346259760320704,0.05335000000000001,0.07632777777777777,macd_bearish_cross|uptrend,1,1,mixte,252,0,0,30,,,27.9,66.0,89.5,68.0,31.8,55.83,False,False,,0,,,,60,50811786,162420699,640697508.3643444,2048000000.0,2048000000.0,31.3,,,
KAITOUSDT,KAITO,Mid,270,0.4716,1807596.85341,4.893,51.362922374328264,-0.005057265139174217,0.44775000000000004,0.49600700000000036,0.7992873047783264,0.17697664891437942,0.11039697542533082,0.7117906126061659,0.2641190289994461,0.32875277777777767,0.4943416666666666,uptrend,1,0,haussier,365,0,0,30,,,31.0,66.0,79.0,68.0,52.9,55.68,False,False,,0,,,,63,113706933,471052885,241388889.0,1000000000.0,1000000000.0,24.1,,,
AAVEUSDT,AAVE,Etabli,60,87.95,8420048.16169,-0.554,38.824056391229306,-0.8305285888906795,95.3088,136.96329999999998,0.45945758564553607,0.2852938772173628,0.2812883184827924,0.37388585832289106,0.6597946871303008,90.14750000000002,118.81805555555555,macd_bearish_cross|double_top_90d|uptrend,1,2,baissier,365,0,0,30,,,45.0,28.0,83.5,78.5,13.2,55.65,False,False,,0,,,,40,1332401328,1404383729,15179911.874935383,16000000.0,16000000.0,94.9,14089270759,$14.1B,-5.16
KSMUSDT,KSM,Mid,308,4.92,239033.50723,-0.203,44.51221821631419,-0.1022776502947371,4.7962,6.285150000000001,0.5906003529783768,0.23925233644859803,0.17863105175292157,0.12916882168779525,0.5945211249452443,4.168333333333334,5.511111111111111,uptrend|doji_4h,1,0,haussier,365,0,0,30,,,31.0,48.0,95.5,47.0,52.9,55.62,False,False,,0,,,,57,89559027,89559033,18236031.26216684,18236032.37757339,,100.0,,,
HBARUSDT,HBAR,Etabli,30,0.0892,4973054.11608,-0.613,44.62212221834374,-0.0005615216799950251,0.08994040000000002,0.10986445000000003,0.3296994169443778,0.17113341779553654,0.13049410388851002,0.21088223814863782,0.8082698308538302,0.08686861111111108,0.0998252777777778,macd_bearish_cross|double_top_90d|uptrend,1,2,baissier,365,0,0,30,,,45.0,28.0,87.5,68.0,13.2,55.5,False,False,,0,,,,41,3862490326,4452593369,43373490526.45844,50000000000.0,50000000000.0,86.7,,,
GMXUSDT,GMX,Mid,391,6.73,144385.47774,-0.148,45.03547573647328,-0.10972956073451465,6.723999999999998,7.394350000000004,0.5459562611095976,0.23733333333333337,0.11533420707732633,0.2563578303740304,0.6608937932483718,6.01,7.39361111111111,double_top_90d|uptrend,1,1,mixte,365,0,0,30,,,31.0,57.0,95.5,47.0,34.4,55.22,False,False,,0,,,,59,69924784,69924784,10399232.16942453,10399232.16942453,13250000.0,100.0,202146727,$202M,-3.23
DEXEUSDT,DEXE,Etabli,89,14.09,633909.81092,1.207,64.60960178327656,0.13570423367092066,11.49608,5.912854999999999,1.0062945214883725,0.3166955825437075,0.06052315494461497,0.08522359768055332,0.011149063564774615,3.300638888888889,13.797722222222223,,0,0,neutre,365,0,0,30,,,45.0,73.0,61.0,57.5,50,55.09,False,False,,0,,,,62,657246731,1356718347,46750552.58384035,96504599.33609451,,48.4,,,
NXPCUSDT,NXPC,Mid,310,0.3183,321937.47109,0.157,49.3546497384597,-0.0030156410604486907,0.304114,0.34298150000000016,0.5894836059124815,0.12670186162823,0.1158655181994999,0.2118694234267202,0.4691944500902878,0.2698027777777778,0.3317222222222222,macd_bearish_cross|uptrend,1,1,mixte,365,0,0,30,,,31.0,57.0,95.5,47.0,31.8,55.01,False,False,,0,,,,58,89167620,316183331,280476159.1697733,994552574.1697733,1000000000.0,28.2,,,
XECUSDT,XEC,Mid,230,7.27e-06,218398.28227762,-0.954,45.359948128581536,-9.007707719329793e-08,7.235999999999998e-06,9.349599999999993e-06,0.5871802602160356,0.1754385964912281,0.15758980301274628,0.2807017639108364,0.6791234038282916,6.723611111111111e-06,7.956666666666666e-06,rsi_bullish_divergence|macd_bearish_cross|uptrend,2,1,haussier,365,0,0,30,,,31.0,57.0,95.5,47.0,31.8,55.01,False,False,,0,,,,58,145085913,145086049,20030732797580.0,20030751547580.0,21000000000000.0,100.0,,,
TAOUSDT,TAO,Etabli,39,262.8,12053904.00181,1.506,42.586988510391365,-6.122732810093905,277.8300000000001,262.07800000000003,0.6740497580507964,0.3103746397694524,0.24265129682997114,0.19112015268498997,0.46514711973180817,180.4138888888889,325.5722222222223,downtrend,0,1,baissier,365,0,0,30,,,45.0,36.0,73.0,78.5,29.8,54.95,False,False,,0,,,,45,2516799925,5506939098,9597491.0,21000000.0,21000000.0,45.7,,,
DODOUSDT,DODO,Speculative,920,0.01906,1392676.009078,2.308,52.17914480149104,-0.00020888876838291113,0.017936799999999996,0.01862939999999999,0.8222154306213876,0.1909090909090909,0.08635496183206103,1.1335187418579857,0.3829312036057339,0.01403277777777778,0.02043805555555556,uptrend,1,0,haussier,365,0,0,30,,,17.0,75.0,89.5,68.0,52.9,54.54,False,False,,0,,,,68,19067687,19067687,1000000000.0,1000000000.0,1000000000.0,100.0,11998459,$12M,-3.01
PUMPUSDT,PUMP,Etabli,91,0.001711,2704100.655899,0.47,40.5596070694112,-3.750363076162829e-05,0.0018365200000000006,0.002306304999999999,0.6846834489538665,0.2422273781902552,0.22024623803009583,0.15667216060427075,0.7166537538663366,0.001680194444444444,0.0021071111111111113,uptrend,1,0,haussier,252,0,0,30,,,41.9,28.0,77.0,68.0,52.9,54.52,False,False,,0,,,,48,606434040,1478874861,354822248118.1738,865284051789.3964,1000000000000.0,41.0,238202015,$238M,-7.51
2ZUSDT,2Z,Mid,136,0.09418,633920.17602,4.761,53.29709226594468,-0.0012892783040932701,0.087503,0.10437555000000007,0.7247988319588009,0.20711592836946277,0.09824159021406725,0.7621648048430073,0.5615016622393084,0.07130694444444446,0.09682861111111112,macd_bearish_cross|uptrend,1,1,mixte,231,0,0,30,,,27.3,66.0,89.5,57.5,31.8,54.3,False,False,,0,,,,60,326681734,941341580,3469835660.3,9998418160.3,10000000000.0,34.7,604817180,$605M,-18.99
MORPHOUSDT,MORPHO,Etabli,62,1.813,1236546.37131,3.6,43.011291034206316,-0.04314201884302601,1.8708400000000005,1.5713500000000002,0.6671107470404457,0.2590725806451613,0.19198218262806238,0.263236388515059,0.48179399473263257,1.54125,2.0848888888888886,uptrend,1,0,haussier,230,0,0,30,,,41.3,36.0,73.0,68.0,52.9,54.12,False,False,,0,,,,50,1146795272,1811913747,632919350.5486753,1000000000.0,1000000000.0,63.3,7385904290,$7.4B,-1.96
WLDUSDT,WLD,Etabli,78,0.2403,5373077.07105,-1.516,41.76907292878773,-0.0015276910958637478,0.26278399999999996,0.44306850000000003,0.5748989974793228,0.4426190476190476,0.4278571428571428,0.20681200528689717,0.6328252702329439,0.24203888888888894,0.3953305555555555,macd_bearish_cross|downtrend,0,2,baissier,365,0,0,30,,,45.0,28.0,79.0,78.5,8.7,53.97,False,False,,0,,,,38,817835724,2400365733,3407129642.367467,10000000000.0,10000000000.0,34.1,,,
ZENUSDT,ZEN,Mid,269,6.343,2400470.81583,5.858,49.56200772031516,-0.1159357171160408,6.130199999999999,8.155259999999998,0.7499828016504976,0.2574823943661972,0.16442510548523206,0.530457164491479,0.6938394088674346,5.208250000000001,6.889333333333335,uptrend,1,0,haussier,365,0,0,30,,,31.0,66.0,73.0,68.0,52.9,53.94,False,False,,0,,,,62,113898455,132696846,18025052.15891282,21000000.0,21000000.0,85.8,,,
LDOUSDT,LDO,Mid,146,0.3587,1132094.769457,1.528,45.100909162290804,-0.005777383062985731,0.36716,0.47071399999999997,0.8919690708350281,0.2199374161823872,0.1980330800178811,0.17684130832489212,0.6405080336503653,0.2894833333333333,0.405813888888889,,0,0,neutre,365,0,0,30,,,31.0,37.0,85.0,68.0,50,53.59,False,False,,0,,,,55,304259576,358352128,849051956.2816839,1000000000.0,1000000000.0,84.9,18889573339,$18.9B,-6.37
ARKMUSDT,ARKM,Mid,357,0.1184,437604.62378,-0.504,45.60618494029386,-0.0027377099643266668,0.11727400000000002,0.16494350000000002,0.881614269818781,0.24193548387096772,0.17891816920943127,0.08584099051320294,0.554486974543404,0.09672222222222228,0.13521111111111114,,0,0,neutre,365,0,0,30,,,31.0,57.0,85.0,47.0,50,53.45,False,False,,0,,,,61,75827889,118326445,640836360.0,1000000000.0,1000000000.0,64.1,,,
FLOKIUSDT,FLOKI,Mid,153,3.049e-05,2180596.36710217,1.363,41.840693171103595,-7.417525915696178e-07,3.13618e-05,3.8710350000000025e-05,0.5716187580290505,0.20648098553829672,0.18371719335832884,0.3579668609812658,0.7416779538964227,2.721305555555555e-05,3.456305555555555e-05,uptrend,1,0,haussier,365,0,0,30,,,31.0,28.0,87.5,68.0,52.9,53.43,False,False,,0,,,,50,293619812,304200398,9652183684269.0,10000000000000.0,10000000000000.0,96.5,11208933,$11M,-10.02
RAYUSDT,RAY,Mid,184,0.742,1378970.8112,5.849,47.8165867884198,-0.0172622258905367,0.7191399999999998,0.8685899999999995,0.6641652703346189,0.20273348519362192,0.1548974943052392,0.6937625534073247,0.7167735909013624,0.5767777777777776,0.8179444444444441,double_top_90d,0,1,baissier,365,0,0,30,,,31.0,66.0,77.0,68.0,31.4,53.35,False,False,,0,,,,58,199745137,412147353,268977952.317238,555000000.0,555000000.0,48.5,996991548,$997M,-10.04
ARUSDT,AR,Mid,233,2.16,2095236.3278,2.857,49.327816587394295,-0.04651577836494472,2.0256,2.8611999999999993,1.03736834647497,0.2427536231884058,0.21739130434782597,0.22875437852195912,0.48190537079596807,1.6094444444444438,2.3325000000000005,uptrend,1,0,haussier,365,0,0,30,,,31.0,57.0,74.5,68.0,52.9,53.26,False,False,,0,,,,60,141473191,141473191,65652466.0,65652466.0,66000000.0,100.0,,,
BOMEUSDT,BOME,Speculative,538,0.000627,2137249.881631,-1.415,58.921151844945676,-3.390069518640298e-06,0.00051604,0.0005671200000000001,0.8338141900542878,0.23590814196242169,0.027863777089783288,0.7431599275102546,0.49981894884192113,0.0003739166666666667,0.0006241111111111112,,0,0,neutre,365,0,0,30,,,17.0,66.0,89.5,68.0,50,53.18,False,False,,0,,,,64,43877393,43877393,68999659569.0,68999659569.0,68999659569.0,100.0,,,
TURBOUSDT,TURBO,Mid,349,0.001126,418395.03697,0.0,41.32301803668391,-2.9208069541417362e-05,0.0011525799999999998,0.0014317199999999994,0.5976593454421752,0.19116397621070522,0.1753484959647836,0.166087295284132,0.4774668961825273,0.0009419166666666667,0.0013071666666666668,uptrend,1,0,haussier,365,0,0,30,,,31.0,28.0,95.5,47.0,52.9,53.14,False,False,,0,,,,51,77571942,77571942,69000000000.0,69000000000.0,69000000000.0,100.0,,,
ASTRUSDT,ASTR,Mid,401,0.007809,186583.1561968,-1.114,39.07404170969237,-0.00018238292012580357,0.00814716,0.009737994999999996,0.5385947666509189,0.1937002930096275,0.18281707827542906,0.2106329660783155,0.5580478800646445,0.007177666666666669,0.008880083333333335,uptrend,1,0,haussier,365,0,0,30,,,31.0,28.0,95.5,47.0,52.9,53.14,False,False,,0,,,,51,67814367,67817387,8694562452.0,8694949662.0,10000000000.0,100.0,22064560,$22M,-11.39
HOTUSDT,HOT,Mid,386,0.000399,116856.418789,-1.238,40.969943787098764,-5.30783974453278e-06,0.00042094000000000007,0.00046539,0.4116621533595492,0.21383647798742136,0.1572327044025157,0.14359142963963123,0.445236631919659,0.00038275000000000006,0.0004619444444444444,uptrend,1,0,haussier,365,0,0,30,,,31.0,28.0,95.5,47.0,52.9,53.14,False,False,,0,,,,51,70944934,70944934,177619433541.1413,177619433541.1413,,100.0,,,
BCHUSDT,BCH,Etabli,17,369.7,18401920.4055,-1.806,22.915122826799873,-8.722971499842856,440.0399999999999,512.6384999999999,0.40778561793931145,0.3520238303837393,0.3520238303837393,0.6466136721198877,0.6229691773396362,420.4,498.07499999999993,double_top_90d|uptrend|bearish_engulfing_4h,1,2,baissier,365,0,0,30,,,45.0,19.0,79.0,78.5,10.3,52.99,False,False,,0,,,,42,7404106260,7404108570,20036834.27165078,20036840.52165078,21000000.0,100.0,,,
SUPERUSDT,SUPER,Mid,384,0.1113,297117.2774,0.633,38.07935121315881,-0.002432999318876388,0.12038600000000005,0.1722215,0.5455629055353137,0.22249190938511323,0.18731778425655968,0.11103354156321701,0.5243596598375191,0.10519166666666667,0.13311944444444446,doji_4h,0,0,neutre,365,0,0,30,,,31.0,28.0,95.5,47.0,50,52.9,False,False,,0,,,,51,71203673,111227142,640164549.0,1000000000.0,1000000000.0,64.0,,,
AWEUSDT,AWE,Mid,296,0.05061,204568.75122,-2.241,38.60715376370053,-0.0007477797923675924,0.053464,0.056912950000000004,0.5472062359649236,0.22382372432074213,0.1750611246943765,0.2485725231816175,0.36157893352390824,0.0487988888888889,0.05850361111111112,,0,0,neutre,365,0,0,30,,,31.0,28.0,95.5,47.0,50,52.9,False,False,,0,,,,51,98095335,98095335,1942420283.0270672,1942420283.0270672,2000000000.0,100.0,,,
CKBUSDT,CKB,Mid,396,0.001421,160002.780138,-0.907,39.654725317613114,-2.668199000361808e-05,0.0015201799999999999,0.00204954,0.5965285575084457,0.18979357798165145,0.18348623853211019,0.20874715224221246,0.6468804318114362,0.0014001944444444444,0.0016470277777777779,,0,0,neutre,365,0,0,30,,,31.0,28.0,95.5,47.0,50,52.9,False,False,,0,,,,51,69386513,70527398,48798608556.54804,49600977215.39216,,98.4,,,
GALAUSDT,GALA,Mid,214,0.00337,1180861.3899,0.0,46.19660445659287,-6.347945226359457e-05,0.0033090000000000007,0.0052387,0.8063831770177795,0.2890025575447571,0.18990384615384603,0.2043134967802176,0.5862892327360851,0.0029211111111111113,0.0038649999999999986,,0,0,neutre,365,0,0,30,,,31.0,57.0,73.0,68.0,50,52.59,False,False,,0,,,,59,160815104,160815104,47826669407.16701,47826669417.16701,50000000000.0,100.0,,,
PYTHUSDT,PYTH,Mid,140,0.0403,6032499.38438,-7.143,35.40836856941024,-0.001846208491460082,0.047138000000000006,0.05817800000000001,0.9860249025268717,0.3511705685618729,0.3260869565217391,1.6086089951487224,0.5618149896212727,0.03943888888888889,0.054338888888888874,uptrend,1,0,haussier,365,0,0,30,,,31.0,55.0,68.5,78.5,52.9,52.58,False,False,,0,,,,55,317040442,402591956,7874982037.967077,10000000000.0,10000000000.0,78.7,,,
RSRUSDT,RSR,Mid,275,0.001757,248922.8801652,0.057,44.229646476546485,-4.0021233586638566e-05,0.0017342599999999996,0.0023161500000000008,0.7677367068961451,0.22240348015225658,0.1921839080459769,0.124152749397325,0.5310490436214003,0.0014455000000000002,0.0019663333333333334,uptrend|doji_4h,1,0,haussier,365,0,0,30,,,31.0,48.0,85.0,47.0,52.9,52.57,False,False,,0,,,,56,109860981,175628147,62553174091.0,100000000000.0,100000000000.0,62.6,70168915,$70M,-19.04
ARPAUSDT,ARPA,Speculative,,0.01145,442650.161397,-6.454,59.03125015520839,2.5932962987860347e-05,0.0101312,0.011900800000000003,0.47345735331057187,0.22674933569530556,0.06377759607522482,0.17858844817774414,0.42306192264625664,0.009119166666666668,0.011325000000000002,,0,0,neutre,365,0,0,30,,,17.0,57.0,100.0,47.0,50,52.5,False,False,,0,,,,63,,,,,,,,,
CRVUSDT,CRV,Mid,130,0.2376,1352722.25552,1.106,47.34143709161644,-0.0039380274782032975,0.23299,0.311712,0.6796699897890538,0.18730407523510967,0.1563610518834399,0.09445272403155051,0.7017084643632314,0.21244166666666667,0.26100833333333334,macd_bearish_cross|uptrend,1,1,mixte,365,0,0,30,,,31.0,57.0,77.0,68.0,31.8,52.26,False,False,,0,,,,55,359309187,564932759,1515227106.0,2382353306.150593,3030303031.0,63.6,1670648720,$1.7B,-1.89
STXUSDT,STX,Mid,115,0.239,1458707.24496,0.929,46.86687180235737,-0.0035073531123516292,0.23363199999999995,0.278834,0.6067476978897987,0.21335807050092773,0.11974944731024309,0.30848131042586124,0.7281261363745455,0.21691666666666662,0.27158611111111114,macd_bearish_cross,0,1,baissier,365,0,0,30,,,31.0,57.0,77.0,68.0,28.8,52.02,False,False,,0,,,,54,440176349,440176349,1845794407.85921,1845794407.85921,,100.0,,,
VTHOUSDT,VTHO,Mid,482,0.000516,174735.962447,-0.769,31.010416431764156,-9.847211870244963e-06,0.0005689800000000001,0.0007319049999999998,0.37478318108662656,0.1825396825396825,0.18095238095238103,0.28937802658946293,0.6765693952206335,0.0005350277777777778,0.000626277777777778,uptrend,1,0,haussier,365,0,0,30,,,31.0,19.0,95.5,47.0,52.9,52.02,False,False,,0,,,,49,51562698,51581074,100112814710.0,100148491771.0,,100.0,,,
FETUSDT,FET,Mid,116,0.1908,5634891.26619,-0.728,37.65062806255468,-0.0035086917925467994,0.218782,0.22341550000000004,0.5858425850709469,0.2721324095458044,0.2659738260200153,0.23757569571222584,0.6612972780931026,0.15249166666666658,0.24653333333333327,downtrend,0,1,baissier,365,0,0,30,,,31.0,28.0,83.5,78.5,29.8,51.7,False,False,,0,🔥 Trending #14 sur CoinGecko,14,,44,430129776,516868994,2258865649.66999,2714384546.672,2714384546.672,83.2,,,
CAKEUSDT,CAKE,Mid,111,1.416,1106298.69104,0.426,38.89251446368081,-0.017049187318219257,1.4981799999999998,1.743824999999999,0.3603092861359321,0.14119091467157766,0.13075506445672197,0.14216493935557015,0.7773056749153453,1.2969166666666672,1.5711666666666668,double_top_90d,0,1,baissier,365,0,0,30,,,31.0,28.0,87.5,68.0,31.4,51.68,False,False,,0,,,,45,460402686,477976105,325802102.9067521,338237862.4500047,400000000.0,96.3,1768050246,$1.8B,-2.84
VANAUSDT,VANA,Speculative,524,1.5,1147683.9169,1.557,48.60032638324964,-0.02305031244990144,1.4374400000000003,1.9823899999999997,0.5752386293799177,0.3070636310566258,0.13487031700288196,0.6984570737953824,0.5522972361234482,1.2552222222222218,1.642888888888889,uptrend,1,0,haussier,365,0,0,30,,,17.0,66.0,83.5,68.0,52.9,51.68,False,False,,0,,,,64,46163061,179856080,30800000.0,120000000.0,120000000.0,25.7,,,
PNUTUSDT,PNUT,Mid,445,0.0575,718865.2114,0.174,49.251954064365,-0.0009439422694767702,0.053617999999999985,0.0660945,0.7076977367083291,0.27068723702664804,0.19495091164095374,0.16604562654658298,0.5035748837566733,0.04026666666666669,0.06377222222222222,uptrend,1,0,haussier,365,0,0,30,,,31.0,57.0,73.0,57.5,52.9,51.52,False,False,,0,,,,59,57335978,57335978,999842181.337282,999842181.337282,1000000000.0,100.0,,,
TWTUSDT,TWT,Mid,189,0.4614,397251.0317,-3.25,47.85550829730012,-0.0036510880353056233,0.435428,0.707110000000001,0.43541727940359554,0.334313545304172,0.15291306745083633,0.25624556320012143,0.3536504083047128,0.39589166666666675,0.5205000000000001,macd_bearish_cross|uptrend|doji_4h,1,1,mixte,365,0,0,30,,,31.0,57.0,83.5,47.0,31.8,51.52,False,False,,0,,,,56,191647468,459972432,416649900.0,1000000000.0,,41.7,,,
OPUSDT,OP,Mid,164,0.1273,1575742.335247,-0.857,43.574634925179836,-0.0034766805797844308,0.126868,0.2202625,0.8160950998238059,0.2665890570430734,0.25902211874272413,0.14017593060625214,0.5367960569830904,0.1084888888888889,0.14498055555555553,,0,0,neutre,365,0,0,30,,,31.0,48.0,73.0,68.0,50,51.47,False,False,,0,,,,53,273434542,546006576,2150875957.0,4294967296.0,4294967296.0,50.1,530735447,$531M,-5.16
SUSDT,S,Mid,208,0.04421,675388.085053,-0.09,43.76869707571404,-0.0009140926230036692,0.04502439999999999,0.06768235,0.6854588578365146,0.2063261225231777,0.197600436284312,0.12152458225152529,0.6585513304808408,0.03952527777777776,0.0498038888888889,uptrend,1,0,haussier,365,0,0,30,,,31.0,28.0,85.0,57.5,52.9,51.4,False,False,,0,,,,50,166916068,171358098,3784775845.0,3885497663.0,,97.4,,,
MINAUSDT,MINA,Mid,376,0.057,200353.00345,-0.175,38.218372427435725,-0.0011865952944397672,0.06009600000000001,0.07838000000000003,0.4854473235370199,0.17971014492753634,0.1753623188405798,0.11991333518544295,0.6660129346080585,0.054213888888888895,0.06502500000000001,double_top_90d,0,1,baissier,365,0,0,30,,,31.0,28.0,95.5,47.0,31.4,51.38,False,False,,0,,,,46,73253190,73253190,1287162316.840039,1287163036.840039,,100.0,,,
WBTCUSDT,WBTC,Speculative,,77344.44,1416854.715742,1.053,47.71236980422467,-655.0696337005692,75840.51880000002,80969.86634999997,0.25228282485173353,0.11750558206030245,0.05563454053845604,0.28867843679815935,0.9996690430579188,66029.75972222221,79842.35444444444,uptrend,1,0,haussier,365,0,0,30,,,17.0,57.0,86.0,68.0,52.9,51.29,False,False,,0,,,,62,,,,,,,8852960130,$8.9B,-5.21
GRTUSDT,GRT,Mid,165,0.02495,549714.61867,0.08,44.65734476651054,-0.000353348390844916,0.025184199999999993,0.0346163,0.5283530372083678,0.16660733357066573,0.13826477704804702,0.13918515942990875,0.6960440450130031,0.0237975,0.027993333333333332,macd_bearish_cross|double_top_90d|uptrend,1,2,baissier,365,0,0,30,,,31.0,28.0,95.5,57.5,13.2,51.2,False,False,,0,,,,42,269312622,269322475,10799867657.47347,10800262816.04821,10800262823.318213,100.0,,,
TIAUSDT,TIA,Mid,128,0.4005,2923283.341596,1.986,51.176196674734555,-0.006890975189854806,0.363662,0.4640625000000002,0.8328649053012794,0.25722468107263735,0.13842841765339078,0.31777594379148444,0.6142251030508369,0.2948888888888889,0.4229833333333332,macd_bearish_cross|uptrend,1,1,mixte,365,0,0,30,,,31.0,57.0,73.0,68.0,31.8,51.1,False,False,,0,,,,54,367529806,467093720,919514685.77136,1168611439.13323,,78.7,,,
SEIUSDT,SEI,Mid,120,0.06083,1856126.356784,0.346,46.15483446481297,-0.0010423067460105253,0.059621999999999994,0.09424799999999993,0.7156194290378086,0.30167597765363124,0.19973684210526316,0.16932354417620601,0.6642573034920467,0.053682499999999994,0.07068333333333332,macd_bearish_cross|uptrend,1,1,mixte,365,0,0,30,,,31.0,57.0,73.0,68.0,31.8,51.1,False,False,,0,,,,54,408956287,607360822,6733333333.0,10000000000.0,,67.3,,,
IMXUSDT,IMX,Mid,235,0.1661,1003808.562943,-0.954,44.34099742497743,-0.003107089498556175,0.16473200000000002,0.2236444999999999,0.7069778164522479,0.27922077922077915,0.18024691358024691,0.6740276370888323,0.6749159990637503,0.1408722222222222,0.1860722222222222,macd_bearish_cross|uptrend,1,1,mixte,365,0,0,30,,,31.0,57.0,73.0,68.0,31.8,51.1,False,False,,0,,,,51,139778571,331840395,842444578.3296283,2000000000.0,2000000000.0,42.1,28318668,$28M,-10.79
XNOUSDT,XNO,Mid,443,0.43,158203.94367,-3.371,41.78792915714991,-0.0027992584435060815,0.46402,0.6387549999999996,0.704323649470551,0.22851919561243153,0.2175502742230348,0.5723288390918251,0.5276269890235068,0.4277500000000001,0.5408888888888889,doji_4h,0,0,neutre,365,0,0,30,,,31.0,37.0,85.0,47.0,50,50.97,False,False,,0,,,,52,57370565,57370565,133248297.0,133248297.0,133248297.0,100.0,,,
IOTAUSDT,IOTA,Mid,170,0.056,971236.1921,0.539,44.54569363427907,-0.0005922819236496222,0.057976,0.0811015,0.5387094326096913,0.24894514767932482,0.2123769338959212,0.2599428929273677,0.6223321790707256,0.05478611111111112,0.06766666666666667,macd_bearish_cross|double_top_90d,0,2,baissier,365,0,0,30,,,31.0,28.0,95.5,57.5,10.3,50.96,False,False,,0,,,,41,248751340,273667330,4446045532.0,4891380329.0,,90.9,,,
LPTUSDT,LPT,Mid,289,2.036,373482.09595,0.394,39.54530396157882,-0.029837742250010405,2.13566,2.895554999999996,0.4048093790935507,0.1776315789473684,0.16282894736842102,0.2571991917856579,0.7295082486125773,2.026722222222222,2.4019999999999992,uptrend,1,0,haussier,365,0,0,30,,,31.0,28.0,87.5,47.0,52.9,50.82,False,False,,0,,,,50,101045900,101045900,49688954.55,49688954.55,,100.0,,,
XTZUSDT,XTZ,Mid,129,0.3373,322800.74291,-0.325,36.02876781179579,-0.006021491784331678,0.36428400000000005,0.44681299999999985,0.4339709579921984,0.17166956090300184,0.16422723889853644,0.10885112080553525,0.7392802631613555,0.3443277777777778,0.39841666666666664,uptrend,1,0,haussier,365,0,0,30,,,31.0,28.0,87.5,47.0,52.9,50.82,False,False,,0,,,,50,365346929,372074291,1085274951.285264,1105258798.38357,,98.2,,,
EGLDUSDT,EGLD,Mid,261,3.9,201926.6748,0.0,40.13236397682351,-0.08206970621568602,4.118999999999998,5.54385,0.5350872888284754,0.20129870129870134,0.18879668049792533,0.17521754367292355,0.7136300210186669,3.77,4.586388888888889,uptrend,1,0,haussier,365,0,0,30,,,31.0,28.0,87.5,47.0,52.9,50.82,False,False,,0,,,,50,116846455,116846455,29968068.0,29968068.0,,100.0,,,
YFIUSDT,YFI,Mid,317,2478.0,187065.75559,0.243,37.32412192620457,-33.519291703589786,2638.34,3181.155,0.3579026278578107,0.16672492135616918,0.1328206920657113,0.20904980492700828,0.7454518894370186,2450.0833333333335,2811.0555555555557,uptrend,1,0,haussier,365,0,0,30,,,31.0,28.0,87.5,47.0,52.9,50.82,False,False,,0,,,,50,88484802,90838517,35715.948082478506,36666.0,36666.0,97.4,173377401,$173M,-3.83
ZRXUSDT,ZRX,Mid,315,0.1046,157725.7351,-0.665,39.01973692276988,-0.0019062836643845252,0.110228,0.12711100000000009,0.5359555363324843,0.17484177215189878,0.17246835443037983,0.20344810804748978,0.7471030722017464,0.10019166666666669,0.11823055555555552,uptrend|doji_4h,1,0,haussier,365,0,0,30,,,31.0,28.0,87.5,47.0,52.9,50.82,False,False,,0,,,,50,88544042,104366338,848396562.906836,1000000000.0,1000000000.0,84.8,,,
BTTCUSDT,BTTC,Speculative,,3.3e-07,120620.12027519,0.0,52.25212016677072,-5.4099714359941416e-11,3.234000000000001e-07,3.6875e-07,0.5180737334667012,0.1388888888888889,0.08333333333333327,0.142777279671195,0.4059721933825526,3.1472222222222244e-07,3.505555555555555e-07,macd_bearish_cross,0,1,baissier,365,0,0,30,,,17.0,57.0,100.0,47.0,28.8,50.77,False,False,,0,,,,58,,,,,,,,,
JASMYUSDT,JASMY,Mid,162,0.00559,1401888.419165,0.0,40.57816421248275,-0.00013725441290630955,0.0057678,0.006514200000000002,0.7469167236098067,0.24663072776280323,0.24663072776280323,0.4992951971828458,0.5369886626264477,0.005256666666666667,0.006381111111111111,macd_bearish_cross,0,1,baissier,365,0,0,30,,,31.0,28.0,85.0,68.0,28.8,50.74,False,False,,0,,,,44,275775787,278871260,49444999677.59027,50000000000.0,50000000000.0,98.9,,,
BANANAS31USDT,BANANAS31,Mid,253,0.01218,6117686.700861,24.68,54.695950254381366,-0.00021065574942988048,0.01080526,0.00643043,1.263420355676596,0.4064549986880084,0.19916032537391762,0.6569558909314718,0.006007690457975106,0.005213777777777778,0.013711055555555556,macd_bearish_cross|uptrend,1,1,mixte,365,0,0,30,,,31.0,82.0,56.5,78.5,31.8,50.72,False,False,,0,,,,59,122348096,122348096,10000000000.0,10000000000.0,10000000000.0,100.0,,,
ALTUSDT,ALT,Speculative,546,0.00691,1570786.26359,3.288,40.5566419719039,-0.0001538049458507263,0.007268000000000001,0.010120099999999996,0.542770568083037,0.2633495145631069,0.16847172081829115,1.9998300357845753,0.5969194463478859,0.0063999999999999994,0.00814361111111111,support_bounce|uptrend,2,0,haussier,365,0,0,30,,,17.0,55.0,83.5,68.0,57.6,50.7,False,False,,0,,,,59,42823948,69483363,6163194441.0,10000000000.0,10000000000.0,61.6,,,
XVSUSDT,XVS,Speculative,515,2.77,340607.2703,0.362,53.777860327058896,0.00424665404176406,2.6896000000000004,3.652000000000001,0.4437507276720559,0.23312883435582818,0.147239263803681,0.5348788242709581,0.4862358549829461,2.579722222222222,3.1152777777777785,downtrend,0,1,baissier,365,0,0,30,,,17.0,66.0,95.5,47.0,29.8,50.66,False,False,,0,,,,60,47417048,83832676,16824289.574958123,29745107.921051685,30000000.0,56.6,1174662208,$1.2B,-3.75
RVNUSDT,RVN,Mid,312,0.00547,119123.030106,0.0,36.31097098176646,-8.442183882973481e-05,0.0058698,0.0067829,0.3573853188845051,0.15312499999999998,0.14687500000000012,0.1563459987682846,0.7071826322315856,0.005422222222222222,0.006225000000000001,,0,0,neutre,365,0,0,30,,,31.0,28.0,87.5,47.0,50,50.58,False,False,,0,,,,49,88655728,88662489,16250971116.05053,16252210516.05053,21000000000.0,100.0,,,
KITEUSDT,KITE,Etabli,100,0.2298,10980268.89698,3.514,72.01915518973297,0.005702572221247201,0.15984,,0.8320793877135947,0.5760399334442595,0.23494176372712147,0.4386084751788571,0.13101536738599853,0.13512500000000002,0.2699194444444445,,0,0,neutre,199,0,0,30,,,40.5,36.0,58.0,78.5,50,50.52,False,False,,0,,,,47,522070410,2296575718,2273255814.0,10000000000.0,10000000000.0,22.7,1210051,$1M,-8.15
HOMEUSDT,HOME,Mid,331,0.022,8117318.14325,15.607,75.4965839352833,0.0007852157526144554,0.0171136,0.022686449999999993,0.8806302552802695,0.5545605306799336,0.26932006633499167,3.8140715811270742,0.3559795678483708,0.014857777777777775,0.028201388888888894,breakout_30d|downtrend,1,1,mixte,343,0,0,30,,,30.4,66.0,64.0,78.5,29.8,50.52,False,False,,2,⚡ Volume ×3.8 vs médiane,,3.81,51,84435373,220170465,3835000000.01,10000000000.0,10000000000.0,38.4,,,
VIRTUALUSDT,VIRTUAL,Mid,110,0.7225,2813221.87734,0.795,44.11690183524434,-0.018862308034614424,0.7253639999999999,0.8048519999999998,0.6948326148704287,0.24718619358988095,0.22639082431128735,0.1562010118461554,0.7417084476082058,0.6311472222222221,0.8270805555555556,uptrend|doji_4h,1,0,haussier,365,0,0,30,,,31.0,28.0,77.0,68.0,52.9,50.39,False,False,,0,,,,48,473011325,719971667,656986027.2170838,1000000000.0,1000000000.0,65.7,,,
LINEAUSDT,LINEA,Mid,333,0.003368,770072.150561,-0.59,40.476809524495586,-8.267377640904911e-05,0.0035113600000000007,0.005585539999999997,0.7268578273934138,0.22826086956521732,0.22178538390379274,0.1697047687504824,0.6383915985809122,0.002999166666666666,0.003838388888888889,uptrend|doji_4h,1,0,haussier,253,0,0,30,,,27.9,28.0,85.0,57.5,52.9,50.24,False,False,,0,,,,50,83854291,242180245,24933275023.373516,72009990000.0,72009990000.0,34.6,,,
BNTUSDT,BNT,Speculative,620,0.3322,207928.04399,0.0,54.085087256489736,-0.0013366737663283185,0.31478600000000007,0.3656074999999997,0.3194924715656988,0.16369778869778875,0.04540229885057466,0.5343052190185721,0.8947083590306114,0.2770444444444444,0.340425,macd_bearish_cross|double_bottom_90d|bull_flag|uptrend,3,1,haussier,365,0,0,30,,,17.0,66.0,92.0,47.0,35.6,50.12,False,False,,0,,,,61,35560895,35560895,107976012.7391027,107976012.7391027,110542364.6372305,100.0,20441924,$20M,-5.34
POWRUSDT,POWR,Speculative,646,0.0636,80546.1287,0.315,45.59164080550424,-0.00039970916481513094,0.06515399999999999,0.07637650000000003,0.3544477638918964,0.15925394548063126,0.08595988538681956,0.23514729787485064,0.694776034774322,0.06072222222222223,0.06834444444444444,,0,0,neutre,365,0,0,30,,,17.0,37.0,100.0,47.0,50,50.01,False,False,,0,,,,57,33631177,63452219,529761884.726046,999506122.99937,1000000000.0,53.0,,,
PLUMEUSDT,PLUME,Mid,407,0.01201,1687495.64566,0.84,46.721814633116445,-0.00030699631783456105,0.011860199999999996,0.016876300000000018,1.0853501358176418,0.3177083333333334,0.2319026265214606,0.5520445462696318,0.38610555800892343,0.009331111111111111,0.01398,uptrend,1,0,haussier,276,0,0,30,,,28.6,66.0,62.5,68.0,52.9,49.97,False,False,,0,,,,61,66354256,119652905,5545561594.0,10000000000.0,10000000000.0,55.5,,,
ICPUSDT,ICP,Etabli,59,2.515,3635278.05546,-0.711,42.93228876755478,-0.08390222206610824,2.5915999999999997,3.159239999999999,1.1327154956345469,0.3170394918530793,0.3062689864678266,0.19994739312676996,0.4274794949738426,2.226999999999999,3.000861111111112,,0,0,neutre,365,0,0,30,,,45.0,28.0,58.0,68.0,50,49.94,False,False,,0,,,,45,1387953714,1387953714,552936831.7514516,552936831.7514516,,100.0,,,
ONTUSDT,ONT,Mid,435,0.05973,6930585.4828,-12.56,40.008027195136975,-0.00018221917492761098,0.0749128,0.06336224999999995,0.7204658597730234,0.4948555068444126,0.46577793683457097,1.9154699701896005,0.2284607821438912,0.040818333333333345,0.09134250000000002,downtrend,0,1,baissier,365,0,0,30,,,31.0,63.0,62.5,78.5,29.8,49.94,False,False,,0,,,,51,59615220,59615220,1000000000.0,1000000000.0,,100.0,,,
SANDUSDT,SAND,Mid,190,0.07133,1400109.55319,0.606,41.77861112105919,-0.00081780063552197,0.0770446,0.10912514999999995,0.5691863092913139,0.22,0.20744444444444438,0.33360502294308025,0.7614762066163454,0.0724838888888889,0.0863138888888889,macd_bearish_cross|downtrend,0,2,baissier,365,0,0,30,,,31.0,28.0,87.5,68.0,8.7,49.82,False,False,,0,,,,39,189960798,213656019,2667289212.2233224,3000000000.0,3000000000.0,88.9,,,
AVAUSDT,AVA,Speculative,957,0.2388,294859.06026,3.02,40.89066164593489,-0.007133501683235203,0.24080399999999996,0.2662875,0.524180961621505,0.20551724137931032,0.17586206896551723,1.0176693308905052,0.5393646910521033,0.19091111111111114,0.2757027777777778,,0,0,neutre,365,0,0,30,,,17.0,46.0,95.5,47.0,50,49.82,False,False,,0,,,,56,17480317,17480317,73278967.0,73278967.0,100000000.0,100.0,,,
STRKUSDT,STRK,Mid,166,0.0421,1769359.22772,3.186,48.56816396595767,-0.0010972484407119026,0.03946199999999999,0.07211750000000007,1.2290756328128054,0.30669546436285106,0.24955436720142601,0.3401207816041536,0.4966459590240222,0.033519444444444435,0.04744999999999999,uptrend,1,0,haussier,365,0,0,30,,,31.0,57.0,62.5,68.0,52.9,49.78,False,False,,0,,,,58,264423358,420396903,6289850275.348971,10000000000.0,10000000000.0,62.9,218941676,$219M,-11.75
DYDXUSDT,DYDX,Mid,248,0.15031,1383350.1828389,5.54,51.21379022261567,-0.0035343664570083562,0.13542759999999995,0.16086989999999993,1.237060238876366,0.30308016660667453,0.2282100066848357,0.22495164522421332,0.4019609629547389,0.08504166666666667,0.16384722222222223,uptrend,1,0,haussier,365,0,0,30,,,31.0,57.0,62.5,68.0,52.9,49.78,False,False,,0,,,,58,126007917,143824936,839623345.8570293,958342751.0,1000000000.0,87.6,98930866,$99M,0.17
DUSKUSDT,DUSK,Mid,334,0.1434,1260708.7251,-5.596,52.18467778698099,0.0006755572099908071,0.13565800000000006,0.09448749999999999,1.0414431610301793,0.2532347504621072,0.11706715958102273,0.2710679417112778,0.19694012090614185,0.08363611111111108,0.1533277777777778,,0,0,neutre,365,0,0,30,,,31.0,73.0,56.5,68.0,50,49.78,False,False,,0,,,,61,83720288,83720288,584670833.9675292,584670833.9675292,1000000000.0,100.0,,,
AXLUSDT,AXL,Mid,387,0.0606,1064264.572575,0.0,45.268592971879784,-0.0021406333202193687,0.058948,0.079335,1.0989196184677175,0.2976913730255164,0.2648845686512758,0.4692181572860736,0.3357890109853152,0.045675,0.07290555555555556,uptrend,1,0,haussier,365,0,0,30,,,31.0,57.0,62.5,68.0,52.9,49.78,False,False,,0,,,,58,70780912,74938419,1172438387.682497,1241309055.072546,,94.5,144479470,$144M,-1.21
RONINUSDT,RONIN,Speculative,,0.1063,8315116.956654,-15.366,52.4081939901003,0.00017258938120421913,0.096744,0.13449900000000015,1.611683688912782,0.22105263157894736,0.17724458204334367,3.0294618345491093,0.3677217537271325,0.08561666666666666,0.11118333333333334,macd_bullish_cross|uptrend,2,0,haussier,365,0,0,30,,,17.0,84.0,64.0,78.5,54.9,49.73,False,False,,2,⚡ Volume ×3.0 vs médiane,,3.03,74,,,,,,,,,
EPICUSDT,EPIC,Speculative,,0.313,512891.7236,4.682,48.71022903894118,-0.0057948677547037695,0.3005,0.4435100000000002,0.8838256527960311,0.2119565217391305,0.15217391304347824,0.3730691108604402,0.44374518268037605,0.24841666666666676,0.3408333333333333,uptrend,1,0,haussier,365,0,0,30,,,17.0,57.0,85.0,57.5,52.9,49.69,False,False,,0,,,,61,,,,,,,,,
UMAUSDT,UMA,Speculative,553,0.467,383153.3457,3.091,48.06332794511714,-0.006770079108397632,0.4548000000000001,0.6119699999999998,0.5577236054095465,0.21020408163265303,0.15118397085610202,0.2888394086345093,0.44114751465796864,0.40083333333333354,0.5078055555555555,double_top_90d,0,1,baissier,365,0,0,30,,,17.0,57.0,95.5,47.0,31.4,49.67,False,False,,0,,,,58,41530498,59120505,90402263.29343177,128691630.0116342,,70.2,,,
NEOUSDT,NEO,Mid,183,2.85,351798.19868,-1.076,44.83913833877432,-0.035819681641659634,2.884959999999999,3.387285000000004,0.4489317129520256,0.14172749391727488,0.1332116788321167,0.25680235875853574,0.6757111991486558,2.5455555555555547,3.0583611111111106,macd_bearish_cross|double_top_90d|doji_4h,0,2,baissier,365,0,0,30,,,31.0,28.0,95.5,47.0,10.3,49.66,False,False,,0,,,,41,200965007,284935499,70530000.0,100000000.0,,70.5,,,
SNXUSDT,SNX,Mid,279,0.309,270047.0855,0.325,44.322811151906045,-0.0054050161609875205,0.3092599999999999,0.41468499999999986,0.5804234008281415,0.36279069767441857,0.2813953488372093,0.17261203296864824,0.5934747559098419,0.28211111111111115,0.36391666666666667,uptrend,1,0,haussier,365,0,0,30,,,31.0,28.0,83.5,47.0,52.9,49.65,False,False,,0,,,,49,106385882,106516699,344516234.4572882,344939867.5556631,344939867.0,99.9,40742219,$41M,-12.73
ENSUSDT,ENS,Mid,168,6.25,437036.0349,0.16,46.01797817269715,-0.10337635789226962,6.1750000000000025,8.296799999999996,0.6305571429935448,0.18343195266272194,0.155615696887686,0.22730357688118133,0.7966446338661405,5.632777777777778,6.853888888888887,macd_bearish_cross|uptrend,1,1,mixte,365,0,0,30,,,31.0,57.0,77.0,47.0,31.8,49.64,False,False,,0,,,,55,252270321,624297859,40408647.500078425,100000000.0,100000000.0,40.4,,,
EIGENUSDT,EIGEN,Mid,234,0.1892,1292573.211902,2.436,47.86520675957939,-0.0034674131311778315,0.18168399999999998,0.32928600000000025,0.8387711941964207,0.34061135371179047,0.17423580786026208,0.1451024573398354,0.6092873961971882,0.16059444444444437,0.2147555555555555,macd_bearish_cross|double_top_90d|uptrend,1,2,baissier,365,0,0,30,,,31.0,57.0,73.0,68.0,13.2,49.58,False,False,,0,,,,50,139937463,343711427,741228566.6979554,1820589883.821052,,40.7,6794837919,$6.8B,-8.74
GLMUSDT,GLM,Mid,244,0.1326,150914.30247,0.837,43.56809560027755,-0.0019162122773724248,0.13479599999999992,0.18293349999999994,0.4466572852614674,0.27099463966646814,0.21024419297200714,0.29971027769448305,0.5439167989125772,0.1251111111111111,0.15185,,0,0,neutre,365,0,0,30,,,31.0,28.0,83.5,47.0,50,49.42,False,False,,0,,,,49,132317196,132317196,1000000000.0,1000000000.0,,100.0,,,
ZILUSDT,ZIL,Mid,356,0.00392,149077.791223,0.256,41.99643551748749,-4.981800713145277e-05,0.0040479999999999995,0.0048040999999999995,0.40572510381881255,0.16628701594533024,0.11711711711711723,0.21229641627961698,0.7529138654069424,0.003815,0.004380833333333333,double_top_90d|uptrend,1,1,mixte,365,0,0,30,,,31.0,28.0,87.5,47.0,34.4,49.3,False,False,,0,,,,46,76238868,79924862,19513551525.0,20456992069.8303,21000000000.0,95.4,,,
ZKUSDT,ZK,Mid,229,0.01502,1073114.008135,0.267,37.71911611599966,-0.00042926560023883706,0.016421799999999997,0.026867400000000017,0.771054990594908,0.3075128324778348,0.299113392440504,0.3173981147903991,0.5657376362532897,0.01511138888888889,0.019985833333333335,uptrend,1,0,haussier,365,0,0,30,,,31.0,28.0,73.0,68.0,52.9,49.23,False,False,,0,,,,48,145424288,314724935,9703425807.0,21000000000.0,21000000000.0,46.2,,,
PSGUSDT,PSG,Speculative,,0.988,1409972.97464,-1.2,55.120442077987086,-0.0013051568678820458,0.8815,0.8369900000000001,1.1913722459167457,0.20515574650913002,0.15542271562766868,0.9282893491942676,0.3092671922176036,0.7002222222222221,1.0304722222222218,macd_bearish_cross,0,1,baissier,365,0,0,30,,,17.0,82.0,74.5,68.0,28.8,49.09,False,False,,0,,,,61,,,,,,,,,
CVXUSDT,CVX,Mid,218,1.717,309928.195845,-0.232,45.147594925332584,-0.01402932497281807,1.7753399999999997,1.8723249999999994,0.5169842420711955,0.2914681680381118,0.256388046773495,0.22654641642543769,0.6914438348628398,1.6746944444444447,2.095777777777778,macd_bearish_cross|uptrend,1,1,mixte,365,0,0,30,,,31.0,37.0,83.5,47.0,31.8,49.04,False,False,,0,,,,50,154970608,171448273,90360893.86537892,99968758.1520843,100000000.0,90.4,590062560,$590M,-7.01
KMNOUSDT,KMNO,Mid,304,0.02011,726098.61033,-0.74,43.79437707255724,-0.0004763586680977598,0.020716799999999997,0.037702849999999996,0.8243310280714649,0.4052426496634786,0.28622033297910027,0.7955944391094223,0.6177141092160563,0.017913055555555557,0.0249975,uptrend,1,0,haussier,365,0,0,30,,,31.0,37.0,73.0,57.5,52.9,49.03,False,False,,0,,,,50,93407855,201172580,4643150944.0,9999958318.243206,10000000000.0,46.4,1624415277,$1.6B,-2.65
RIFUSDT,RIF,Mid,392,0.07,208977.903,0.0,60.800354634958474,-0.0005754368694503046,0.05033200000000001,0.040008000000000016,1.1765681607540568,0.16383495145631066,0.1529126213592233,0.07173620257409516,0.19316288418805574,0.0326888888888889,0.06645555555555555,macd_bearish_cross,0,1,baissier,365,0,0,30,,,31.0,73.0,68.5,47.0,28.8,48.92,False,False,,0,,,,58,69754000,69754000,1000000000.0,1000000000.0,,100.0,,,
1INCHUSDT,1INCH,Mid,246,0.0917,186011.25505,1.103,41.41751063779326,-0.0011272813801209963,0.09478200000000005,0.12761799999999995,0.3501355369735237,0.17495219885277244,0.12237093690248559,0.16533499455157147,0.9021555692272714,0.08833888888888887,0.10063611111111109,,0,0,neutre,365,0,0,30,,,31.0,28.0,81.5,47.0,50,48.84,False,False,,0,,,,48,128723621,137371235,1405573965.7275033,1499999999.997,1500000000.0,93.7,2997791,$3M,-6.64
MAGICUSDT,MAGIC,Speculative,866,0.0638,334006.26627,0.631,46.10743924937532,-0.0008903677538827225,0.064462,0.08238700000000002,0.5019221076559632,0.2020057306590258,0.1280653950953679,0.21299960387581382,0.6085707217801012,0.057816666666666655,0.07044166666666665,,0,0,neutre,365,0,0,30,,,17.0,37.0,95.5,47.0,50,48.71,False,False,,0,,,,56,20946024,22198728,328066595.3708609,347687042.9717532,347714007.0,94.4,,,
TFUELUSDT,TFUEL,Mid,347,0.01064,78365.21618,-0.375,33.907350538374246,-0.00012601110969490549,0.011490200000000004,0.01598899999999999,0.3735682492876868,0.26790633608815423,0.26790633608815423,0.17178862520618848,0.6769066368889793,0.010986666666666665,0.013907222222222222,uptrend,1,0,haussier,365,0,0,30,,,31.0,19.0,83.5,47.0,52.9,48.54,False,False,,0,,,,47,77816205,77824867,7335883649.0,7336700209.0,,100.0,,,
AUSDT,A,Mid,243,0.0808,461752.35214,0.124,39.49233065914977,-0.0018956374054713064,0.08551599999999997,0.1285869999999999,0.636042187895491,0.19230769230769235,0.1842105263157894,0.35687252366801003,0.602405321056882,0.07519444444444445,0.09297500000000002,double_top_90d|uptrend,1,1,mixte,358,0,0,30,,,30.8,28.0,85.0,47.0,34.4,48.5,False,False,,0,,,,45,132438767,169329199,1642489376.0023,2100000000.0,2100000000.0,78.2,,,
STORJUSDT,STORJ,Speculative,982,0.1132,3613115.5689,-4.874,53.172461600397405,-0.00024550342474649036,0.103246,0.1192295,1.0311531844879482,0.17033492822966503,0.144368858654573,1.1825385891433462,0.36892112532575666,0.0902972222222222,0.11584444444444444,macd_bearish_cross|uptrend,1,1,mixte,365,0,0,30,,,17.0,75.0,74.5,68.0,31.8,48.46,False,False,,0,,,,60,16231148,47975246,143787438.7,424999998.0,,33.8,,,
PROVEUSDT,PROVE,Speculative,541,0.2227,2951974.85869,-1.11,32.797167593851725,-0.005677961672641421,0.24210399999999996,0.3488265,0.4586899155086913,0.3206710984488762,0.29566318455207347,4.262709530887504,0.46344963927714256,0.2231166666666667,0.29616944444444443,uptrend,1,0,haussier,289,0,0,30,,,14.9,46.0,83.5,68.0,52.9,48.41,False,False,,2,⚡ Volume ×4.3 vs médiane,,4.26,62,43026696,220649721,195000000.0,1000000000.0,1000000000.0,19.5,,,
MMTUSDT,MMT,Speculative,767,0.1259,544445.12866,-0.159,44.513927392270176,-0.0021620587662156657,0.13042999999999996,,0.5852674149148248,0.21986754966887415,0.16688741721854305,0.3062633498440019,0.4249632024666714,0.1104861111111111,0.14454722222222224,uptrend,1,0,haussier,198,0,0,30,,,12.4,36.0,95.5,57.5,52.9,48.4,False,False,,0,,,,54,25666199,125755877,204095424.0,1000000000.0,1000000000.0,20.4,7333382,$7M,-10.25
RADUSDT,RAD,Speculative,,0.306,3261135.4294,-5.263,59.69362115801711,0.00147433984257761,0.24996000000000007,0.27668999999999994,1.2571102246763737,0.15820895522388073,0.08656716417910455,0.934625295148076,0.28897469002669773,0.21736111111111117,0.29150000000000004,doji_4h,0,0,neutre,365,0,0,30,,,17.0,66.0,73.0,68.0,50,48.39,False,False,,0,,,,61,,,,,,,,,
LUNAUSDT,LUNA,Speculative,532,0.0632,414967.040226,0.0,45.385418871026324,-0.001272320520868906,0.062572,0.07708100000000004,0.8825086414695318,0.21605839416058403,0.15845539280958715,0.1413896175017124,0.4061542772927821,0.05501944444444447,0.07103888888888889,uptrend|doji_4h,1,0,haussier,365,0,0,30,,,17.0,57.0,85.0,47.0,52.9,48.38,False,False,,0,,,,61,45162710,75487437,709984438.91686,1186707049.0,,59.8,,,
PYRUSDT,PYR,Speculative,,0.264,484500.517717,-0.377,39.74746695025435,-0.002539200408532223,0.27136,0.4051050000000004,0.33195708899129084,0.2363636363636364,0.2,0.1470476704672965,0.5853185082650686,0.2571944444444445,0.32511111111111124,support_bounce|uptrend,2,0,haussier,365,0,0,30,,,17.0,28.0,95.5,47.0,57.6,48.21,False,False,,0,,,,53,,,,,,,,,
GNOUSDT,GNO,Mid,141,120.67,96920.23788,3.225,41.20114866726288,-1.6890332100468937,124.27600000000002,127.04994999999988,0.6605222690757668,0.19395987037164722,0.1768599600082742,0.30531749114375434,0.7178072007587688,117.72583333333334,138.71,support_bounce|uptrend,2,0,haussier,365,0,0,30,,,31.0,28.0,77.0,47.0,57.6,48.15,False,False,,0,,,,50,316032747,359184040,2639589.0,3000000.0,3000000.0,88.0,,,
BATUSDT,BAT,Mid,226,0.0984,430051.8876,0.923,44.01324362340223,-0.0012139027984034796,0.10160999999999999,0.15439099999999997,0.5761883828048328,0.2599512591389115,0.20064987814784727,0.2027207780102244,0.5804893824906391,0.09427499999999998,0.11452222222222219,double_top_90d|uptrend,1,1,mixte,365,0,0,30,,,31.0,28.0,83.5,47.0,34.4,48.14,False,False,,0,,,,45,147047679,147467997,1495724656.9526057,1500000000.0,1500000000.0,99.7,,,
LUNCUSDT,LUNC,Mid,117,7.719e-05,6572967.14993676,-0.937,49.55387074805816,-3.495650407014936e-06,6.281279999999998e-05,4.4642850000000016e-05,1.9269382728262152,0.34754240974336675,0.3294475859069161,0.7533579037050286,0.29674380618534774,3.6072222222222214e-05,9.003444444444444e-05,uptrend,1,0,haussier,365,0,0,30,,,31.0,82.0,41.5,78.5,52.9,48.09,False,False,,0,🔥 Trending #13 sur CoinGecko,13,,62,426145546,496739730,5541426331715.416,6459404869905.391,,85.8,,,
PENDLEUSDT,PENDLE,Mid,148,1.755,2550832.5236,-2.985,50.776035092281205,-0.05053033506578164,1.4716199999999997,1.7510150000000002,1.0364569502550398,0.26415094339622636,0.1808014911463187,0.25704425074617004,0.6311295266616325,1.0748611111111113,1.9179722222222222,macd_bearish_cross|uptrend,1,1,mixte,365,0,0,30,,,31.0,57.0,62.5,68.0,31.8,48.05,False,False,,0,,,,53,298944908,493789590,170439391.3452559,281527448.4585314,,60.5,1552990356,$1.6B,7.8
MANTAUSDT,MANTA,Speculative,616,0.07613,774820.189355,-2.871,54.47163486765932,-0.00025564910353929274,0.06849500000000001,0.07869135,0.7134951153912431,0.1887430658909485,0.1340991810737033,0.22167598173658157,0.5344832865704957,0.06139138888888889,0.07673777777777777,macd_bearish_cross|uptrend,1,1,mixte,365,0,0,30,,,17.0,57.0,85.0,57.5,31.8,47.96,False,False,,0,,,,56,35784915,76164379,469837939.5562428,1000000000.0,1000000000.0,47.0,25698490,$26M,-5.69
IOUSDT,IO,Speculative,510,0.143,1795781.554512,1.49,54.41638185652801,-0.001805838457270139,0.12247,0.1521275000000001,1.0672117090931075,0.23199999999999998,0.14619532654284007,0.48978267630266603,0.5139550423051343,0.10033333333333334,0.14689166666666667,uptrend,1,0,haussier,365,0,0,30,,,17.0,57.0,74.5,68.0,52.9,47.95,False,False,,0,,,,60,47985887,115099942,333523714.3514058,799996881.285894,800000000.0,41.7,,,
ORCAUSDT,ORCA,Mid,318,1.451,1948734.27758,3.348,49.35336887485932,-0.04983049001007325,1.26716,1.128205,1.6473892931547307,0.35953488372093023,0.3227906976744186,1.2375681588655476,0.28217391840186296,0.8514166666666667,1.7770277777777774,uptrend,1,0,haussier,365,0,0,30,,,31.0,91.0,41.5,68.0,52.9,47.9,False,False,,0,,,,65,88147233,108735775,60798788.440238,74999556.777377,100000000.0,81.1,253080661,$253M,-1.99
JTOUSDT,JTO,Mid,181,0.4331,1800005.20025,5.172,51.20945834868924,-0.013571233196095947,0.37046399999999996,0.3903479999999999,1.5009887848979886,0.3094314155559305,0.26742028007423657,0.887838718417178,0.3824910114946726,0.264125,0.4754555555555555,uptrend,1,0,haussier,365,0,0,30,,,31.0,66.0,52.0,68.0,52.9,47.84,False,False,,0,,,,59,204802323,432562127,473463371.4,1000000000.0,,47.3,837364289,$837M,-10.7
AUCTIONUSDT,AUCTION,Speculative,639,4.6,491574.1797,-1.709,37.49591232061879,-0.052856063212830276,4.7989999999999995,5.1852499999999955,0.29208200480027047,0.14062499999999994,0.1287878787878789,0.254428118385544,0.6523702602715924,4.556666666666665,5.081111111111111,uptrend|doji_4h,1,0,haussier,365,0,0,30,,,17.0,28.0,95.5,47.0,52.9,47.83,False,False,,0,,,,51,34002784,35108395,7400406.985366665,7641033.485700425,10000000.0,96.9,,,
TLMUSDT,TLM,Speculative,,0.001777,293444.25598,1.196,41.87283283114543,-3.4574362709621965e-05,0.0018030000000000001,0.0020657899999999996,0.4877609521272685,0.1499999999999999,0.14567307692307688,0.10023286771600007,0.4921626047092429,0.0015910000000000002,0.0020018888888888886,uptrend,1,0,haussier,365,0,0,30,,,17.0,28.0,95.5,47.0,52.9,47.83,False,False,,0,,,,51,,,,,,,,,
BELUSDT,BEL,Speculative,,0.1026,243126.11642,-1.346,40.735060879152094,-0.0020045531738657283,0.10822800000000003,0.12320749999999998,0.5426319255965748,0.23278116826503925,0.1877971473851031,0.09614897631066033,0.4685845251540298,0.09269722222222224,0.11933055555555555,uptrend,1,0,haussier,365,0,0,30,,,17.0,28.0,95.5,47.0,52.9,47.83,False,False,,0,,,,51,,,,,,,,,
PEOPLEUSDT,PEOPLE,Speculative,629,0.00689,208019.736131,1.026,37.89036501247805,-0.00018580979659144585,0.007462800000000003,0.008466049999999996,0.5795494251941975,0.223744292237443,0.2134703196347032,0.18069849706748897,0.6283726469362175,0.006310277777777776,0.008284999999999995,uptrend|doji_4h,1,0,haussier,365,0,0,30,,,17.0,28.0,95.5,47.0,52.9,47.83,False,False,,0,,,,51,34898964,34898964,5066374892.014003,5066374892.014003,,100.0,,,
SYNUSDT,SYN,Speculative,,0.051,168437.14508,2.0,43.97596230844834,-0.0009602866951132188,0.052248,0.05598250000000001,0.5596496798499785,0.21616871704745164,0.14882943143812707,0.30932392751968707,0.38378021081282393,0.04562777777777778,0.05726666666666666,uptrend,1,0,haussier,365,0,0,30,,,17.0,28.0,95.5,47.0,52.9,47.83,False,False,,0,,,,51,,,,,,,18185896,$18M,-6.61
BMTUSDT,BMT,Speculative,,0.01525,153386.707178,0.066,37.78630041870572,-0.0003322311191323403,0.015869400000000002,0.020824699999999998,0.4903981497730861,0.17829880043620494,0.17175572519083962,0.28175439436343735,0.5665105875084682,0.01427166666666667,0.017689999999999997,uptrend,1,0,haussier,365,0,0,30,,,17.0,28.0,95.5,47.0,52.9,47.83,False,False,,0,,,,51,,,,,,,,,
ALPINEUSDT,ALPINE,Speculative,,0.407,89954.2001,-1.928,35.654112032793535,-0.00958154638173421,0.44212,0.5077950000000001,0.49912285257564915,0.2127659574468086,0.20889748549323026,0.0959876848645048,0.6067835142487698,0.3989444444444444,0.481,uptrend,1,0,haussier,365,0,0,30,,,17.0,28.0,95.5,47.0,52.9,47.83,False,False,,0,,,,51,,,,,,,,,
RLCUSDT,RLC,Speculative,695,0.4212,68967.76991,1.494,40.29245899651918,-0.00896644131533181,0.445612,0.5529779999999999,0.5759087293927087,0.19455252918287944,0.1797665369649806,0.22295069412917498,0.6036919242490523,0.38122222222222224,0.4820555555555555,uptrend,1,0,haussier,365,0,0,30,,,17.0,28.0,95.5,47.0,52.9,47.83,False,False,,0,,,,51,30388579,36525377,72382548.06525737,86999784.9868455,86999784.9868455,83.2,,,
DIAUSDT,DIA,Speculative,861,0.1774,41988.46908,0.283,39.12209209377137,-0.003703149353717806,0.18926600000000002,0.25294449999999996,0.5561740262653503,0.18408880666049954,0.17946345975948197,0.143535959006565,0.5713898632719114,0.1720027777777778,0.20701111111111115,uptrend,1,0,haussier,365,0,0,30,,,17.0,28.0,95.5,47.0,52.9,47.83,False,False,,0,,,,51,21207902,29916244,119676104.0,168817248.0,200000000.0,70.9,,,
SUSHIUSDT,SUSHI,Mid,448,0.2096,164289.02998,0.528,43.227417501219435,-0.004211568358510601,0.213826,0.2762565,0.6393530497056236,0.18048393494644976,0.16898056326854424,0.17704652395731382,0.7242875921442236,0.19004722222222217,0.2345472222222222,uptrend,1,0,haussier,365,0,0,30,,,31.0,28.0,77.0,47.0,52.9,47.77,False,False,,0,,,,48,57179369,61054508,273012266.12632084,291514753.9009228,,93.7,38958913,$39M,-7.1
WAXPUSDT,WAXP,Speculative,722,0.00623,141184.08646,-2.044,34.501422882014765,-8.737634526890435e-05,0.006675400000000001,0.007750599999999996,0.3424174227291757,0.24697336561743344,0.24455205811138014,0.2884583563290105,0.5055663267391366,0.0061938888888888885,0.007170277777777779,uptrend|morning_star_4h,2,0,haussier,365,0,0,30,,,17.0,19.0,95.5,47.0,65.4,47.73,False,False,,0,,,,52,28628495,28628495,4607600352.0911,4607600352.0911,,100.0,,,
DGBUSDT,DGB,Mid,414,0.00354,165155.625319,-1.393,33.67967214239218,-8.386702491688122e-06,0.004112399999999999,0.005285649999999994,0.369133316817992,0.27663934426229503,0.27049180327868855,0.7972746478156624,0.6329942238921065,0.0036738888888888884,0.0047,macd_bearish_cross,0,1,baissier,365,0,0,30,,,31.0,28.0,83.5,47.0,28.8,47.69,False,False,,0,,,,44,65274189,65301318,18287512948.03394,18295113533.43432,21000000000.0,100.0,,,
WUSDT,W,Mid,382,0.0122,1660104.21586,2.521,39.46572715763244,-0.00032587210365047156,0.013333999999999999,0.027573500000000008,0.8953345460814695,0.40499999999999997,0.395,0.3575712422672918,0.5292966934576367,0.012311111111111108,0.019108333333333335,doji_4h,0,0,neutre,365,0,0,30,,,31.0,28.0,68.5,68.0,50,47.68,False,False,,0,,,,46,71326068,121203636,5884812612.0,10000000000.0,10000000000.0,58.8,1911564758,$1.9B,-3.61
THETAUSDT,THETA,Mid,185,0.199,782411.3356,0.505,43.5054137771835,-0.004691427403831428,0.19946000000000003,0.258075,0.7020783326352834,0.29207920792079217,0.19433198380566796,0.18674200201986033,0.6370688406186843,0.15566666666666665,0.2277777777777778,doji_4h,0,0,neutre,365,0,0,30,,,31.0,28.0,73.0,57.5,50,47.68,False,False,,0,,,,47,199154172,199154172,1000000000.0,1000000000.0,1000000000.0,100.0,,,
WLFIUSDT,WLFI,Etabli,46,0.0618,2095057.54528,3.172,39.93552641892801,2.9421235550519155e-05,0.07554400000000001,0.11888649999999995,0.9854987515390773,0.5499587118084227,0.4888521882741536,0.16191335545655028,0.3570846760644314,0.06278055555555556,0.11101944444444443,downtrend,0,1,baissier,262,0,0,30,,,42.2,28.0,59.5,68.0,29.8,47.66,False,False,,0,,,,40,1962235363,6175787165,31773040594.0,100000000000.0,100000000000.0,31.8,,,
SKLUSDT,SKL,Speculative,599,0.00609,339613.467,-0.976,35.887995843374924,-0.0001363322771938038,0.006777,0.009218800000000004,0.46393430989454343,0.2209302325581396,0.21317829457364346,0.2325134282103683,0.5407364331669902,0.006078055555555556,0.00745,,0,0,neutre,365,0,0,30,,,17.0,28.0,95.5,47.0,50,47.59,False,False,,0,,,,51,37563118,38240607,6094019337.0,6203931114.491759,7000000000.0,98.2,,,
ANIMEUSDT,ANIME,Speculative,802,0.00432,270826.379999,0.0,36.43572710384347,-7.406588249069282e-05,0.0047009999999999994,0.005856700000000004,0.47250933391353334,0.24156305506216685,0.2326820603907637,0.314936746579848,0.4837151720082293,0.0044399999999999995,0.005237777777777779,doji_4h,0,0,neutre,365,0,0,30,,,17.0,28.0,95.5,47.0,50,47.59,False,False,,0,,,,51,23869171,43096000,5538604656.0,10000000000.0,10000000000.0,55.4,,,
BANDUSDT,BAND,Speculative,615,0.204,188440.7616,0.493,38.59862804125863,-0.004293902429864112,0.21928000000000009,0.2882200000000002,0.512830249857485,0.20238095238095233,0.1944444444444444,0.4545571104013813,0.642446609558349,0.20113888888888895,0.2427777777777778,doji_4h,0,0,neutre,365,0,0,30,,,17.0,28.0,95.5,47.0,50,47.59,False,False,,0,,,,51,35815203,36009327,175540988.1000239,176492447.2743629,,99.5,,,
IOTXUSDT,IOTX,Speculative,558,0.00434,130799.70563,0.231,37.90741689227751,-8.233418137482555e-05,0.0046718,0.006613950000000002,0.5370715175842451,0.22644927536231874,0.21376811594202894,0.21554513329376687,0.3878733983971109,0.004400000000000003,0.0054399999999999995,,0,0,neutre,365,0,0,30,,,17.0,28.0,95.5,47.0,50,47.59,False,False,,0,,,,51,40830711,40830711,9441368550.0,9441368555.0,10000000000.0,100.0,,,
1000CATUSDT,1000CAT,Speculative,,0.00181,123883.378194,-0.549,39.95308225727288,-5.096459597092485e-05,0.0018744,0.0024564000000000005,0.5571213516772359,0.2149122807017544,0.20614035087719296,0.09276736762469799,0.6182860110353248,0.0015802777777777775,0.002101944444444445,doji_4h,0,0,neutre,365,0,0,30,,,17.0,28.0,95.5,47.0,50,47.59,False,False,,0,,,,51,,,,,,,,,
ILVUSDT,ILV,Speculative,607,4.39,115875.66344,-0.903,41.23903131104324,-0.09699290993424671,4.525200000000001,5.3838000000000035,0.5874543855999528,0.18795180722891572,0.1538461538461538,0.10440896292516752,0.48691402664529865,3.497222222222222,5.050833333333334,,0,0,neutre,365,0,0,30,,,17.0,28.0,95.5,47.0,50,47.59,False,False,,0,,,,51,36670716,42475005,8285608.431149164,9597065.374003917,,86.3,,,
SPELLUSDT,SPELL,Speculative,743,0.0001583,89122.3220916,-0.378,39.126776510559054,-2.179280198262706e-06,0.00016600800000000001,0.00021536450000000007,0.5157979055907983,0.16922263352723424,0.16287678476996295,0.1307891897613115,0.5744090706408848,0.00015886111111111114,0.00018588611111111119,,0,0,neutre,365,0,0,30,,,17.0,28.0,95.5,47.0,50,47.59,False,False,,0,,,,51,27180231,31062598,171510541047.0,196008739620.0,210000000000.0,87.5,7044942,$7M,-6.34
IQUSDT,IQ,Speculative,733,0.001064,86346.920461,-0.468,39.48760879908229,-8.96165370885915e-06,0.0010919600000000001,0.001415905,0.2922386181430344,0.17033414832925833,0.13447432762836187,0.2997335967029048,0.6683532002359955,0.0010476944444444442,0.0012037222222222223,,0,0,neutre,365,0,0,30,,,17.0,28.0,95.5,47.0,50,47.59,False,False,,0,,,,51,27684379,27684379,25973959486.92899,25973959486.92899,60000000000.0,100.0,,,
MANAUSDT,MANA,Mid,205,0.0893,269202.3653,1.018,44.57856879991833,-0.000924117249895482,0.09116399999999998,0.12282700000000002,0.44177189045008186,0.20079920079920074,0.11077844311377244,0.2675373711550413,0.7320022739058708,0.0843861111111111,0.09897777777777776,macd_bearish_cross|double_top_90d|uptrend,1,2,baissier,365,0,0,30,,,31.0,28.0,87.5,47.0,13.2,47.57,False,False,,0,,,,41,172559348,195569894,1935132175.0557714,2193179327.320146,,88.2,,,
AIXBTUSDT,AIXBT,Speculative,686,0.0314,1005234.66777,-0.317,50.04882233890758,-0.0005426842773711088,0.028752,0.032622000000000005,0.9274749393079886,0.272108843537415,0.1253481894150419,0.22662302400408568,0.45655779361335813,0.020975000000000004,0.03395555555555556,uptrend,1,0,haussier,365,0,0,30,,,17.0,57.0,73.0,68.0,52.9,47.52,False,False,,0,,,,59,30877882,31043704,994658423.1010208,1000000000.0,1000000000.0,99.5,,,
LAYERUSDT,LAYER,Speculative,906,0.0928,8192643.298196,2.541,49.94000075733385,-0.001354715291248235,0.08766199999999998,0.1327159999999999,1.0525211530424103,0.2741935483870968,0.25241935483870964,6.5082601247200875,0.5708911788714126,0.07847777777777779,0.10278888888888887,macd_bearish_cross|uptrend,1,1,mixte,365,0,0,30,,,17.0,84.0,62.5,78.5,31.8,47.4,False,False,,3,⚡ Volume ×6.5 vs médiane,,6.51,69,19459227,92662985,210000000.0,1000000000.0,1000000000.0,21.0,13162934,$13M,-13.49
COOKIEUSDT,COOKIE,Speculative,,0.0175,941460.11809,2.339,48.878877189395254,-0.00013884405602492168,0.017112000000000002,0.031717,0.7658633886615874,0.33035714285714285,0.21874999999999992,0.6599721477595792,0.4939181086534668,0.015752777777777786,0.020188888888888885,uptrend,1,0,haussier,365,0,0,30,,,17.0,66.0,73.0,57.5,52.9,47.32,False,False,,0,,,,62,,,,,,,,,
NEIROUSDT,NEIRO,Speculative,593,9.281e-05,1286328.3044472,4.645,51.83302776155196,-1.716064401414927e-06,8.314299999999999e-05,0.00010036689999999996,0.7406308105641027,0.28916929547844383,0.2046196118839087,0.22914527481508973,0.45605487353224766,5.6711944444444444e-05,0.00010111611111111111,,0,0,neutre,365,0,0,30,,,17.0,57.0,73.0,68.0,50,47.28,False,False,,0,,,,59,38112474,38112474,420690000000.0,420690000000.0,420690000000.0,100.0,,,
CFXUSDT,CFX,Mid,147,0.05807,1394501.19856,0.781,43.25333194592266,-0.0012967076155938051,0.059574600000000005,0.06621074999999997,0.811646981632488,0.2570999248685199,0.24270072992700728,0.3305090653411454,0.5893189414343167,0.04874944444444445,0.06709416666666668,macd_bearish_cross,0,1,baissier,365,0,0,30,,,31.0,28.0,73.0,68.0,28.8,47.26,False,False,,0,,,,42,301024458,302200769,5189835932.13,5210116220.63,,99.6,,,
ADXUSDT,ADX,Speculative,,0.0677,708510.735,-0.587,36.75172356682437,-0.0013367310089912503,0.07564,0.08967199999999996,0.5128774881116916,0.2249705535924618,0.20259128386336875,0.35416844618364685,0.5357574407432395,0.0674111111111111,0.07983333333333335,downtrend,0,1,baissier,365,0,0,30,,,17.0,28.0,95.5,57.5,29.8,47.25,False,False,,0,,,,46,,,,,,,,,
ACMUSDT,ACM,Speculative,,0.394,395857.9172,-1.5,36.80584421023878,-0.005474826222375143,0.4220400000000001,0.48262000000000027,0.406074552964452,0.17659574468085099,0.1617021276595744,0.5670688211029762,0.5661986832645596,0.4007777777777778,0.45816666666666667,double_top_90d|doji_4h,0,1,baissier,365,0,0,30,,,17.0,37.0,95.5,47.0,31.4,47.19,False,False,,0,,,,49,,,,,,,,,
ZAMAUSDT,ZAMA,Mid,427,0.02785,2097312.3726,2.427,51.36519734195935,-0.00018963766381395523,0.02706879999999999,,1.0287111686824273,0.23911747167561118,0.1705426356589147,0.2883687686196378,0.013490173807333238,0.02028583333333333,0.0302775,,0,0,neutre,108,0,0,30,,,24.0,45.0,68.5,68.0,50,47.12,False,False,,0,,,,54,61173289,305866447,2200000000.0,11000000000.0,,20.0,32326399,$32M,-19.95
API3USDT,API3,Speculative,513,0.3339,253734.062512,0.18,43.71516277271483,-0.007448891905801573,0.33088000000000006,0.39437000000000005,0.8598611743533517,0.16562754133911625,0.13887454827052145,0.1494956038705907,0.34080972773411533,0.2701166666666667,0.3888722222222223,,0,0,neutre,365,0,0,30,,,17.0,48.0,85.0,47.0,50,47.02,False,False,,0,,,,55,47517864,56406767,142261284.3754473,168873312.2305105,,84.2,14436795,$14M,17.09
ACHUSDT,ACH,Speculative,633,0.00702,184371.21544,0.717,43.68456742294884,-0.00020789491554945623,0.0068936,0.008289050000000003,0.9414462487604636,0.2291390728476822,0.20340909090909098,0.07433093067731783,0.395400886464213,0.005993333333333334,0.008100277777777777,,0,0,neutre,365,0,0,30,,,17.0,48.0,85.0,47.0,50,47.02,False,False,,0,,,,55,34740424,107841507,4943691067.145604,15346246087.99998,15346246087.99998,32.2,,,
USUALUSDT,USUAL,Speculative,777,0.01405,674575.385352,2.331,43.5681364313448,-0.00030875881792707927,0.014098000000000001,0.020248899999999993,0.5894412695695721,0.254364089775561,0.18843930635838146,0.549087658965216,0.5295299834759067,0.012270277777777778,0.01618777777777778,uptrend,1,0,haussier,365,0,0,30,,,17.0,37.0,83.5,57.5,52.9,46.77,False,False,,0,,,,52,25056005,25524030,1786719936.8840415,1820094402.625024,3000000000.0,98.2,97604414,$98M,-1.74
LQTYUSDT,LQTY,Speculative,760,0.263,99388.8572,-0.379,32.79823143257987,-0.00781146851282977,0.29556000000000004,0.35333499999999984,0.5898821862320234,0.2361516034985423,0.23323615160349856,0.233169473368879,0.4829450372109115,0.26622222222222236,0.32547222222222216,uptrend|doji_4h,1,0,haussier,365,0,0,30,,,17.0,19.0,95.5,47.0,52.9,46.71,False,False,,0,,,,49,25933809,26271399,98714989.1094503,100000000.0,100000000.0,98.7,161152120,$161M,-7.17
WALUSDT,WAL,Mid,217,0.0663,443995.61946,-2.212,35.56545752713956,-0.001880742430071231,0.07358,0.111701,0.6121530673935487,0.24398625429553264,0.24054982817869422,0.46407405364650695,0.6353786029176929,0.06862499999999999,0.08595000000000001,macd_bearish_cross,0,1,baissier,223,0,0,30,,,27.1,28.0,85.0,47.0,28.8,46.65,False,False,,0,,,,44,155660692,331251695,2349583333.0,5000000000.0,5000000000.0,47.0,3571561,$4M,-1.47
SOPHUSDT,SOPH,Speculative,785,0.00765,182355.37046,0.0,33.85346086994427,-0.00018123447674497548,0.008651800000000001,0.011895199999999995,0.5263359905003921,0.23678861788617883,0.2225609756097561,0.42748132092038116,0.6036773634133967,0.008075833333333334,0.009665555555555554,uptrend,1,0,haussier,358,0,0,30,,,16.8,19.0,95.5,47.0,52.9,46.64,False,False,,0,,,,49,24658380,76405438,3227306968.0,10000000000.0,10000000000.0,32.3,,,
BABYUSDT,BABY,Mid,479,0.01532,818036.69176,-4.667,40.857039104257694,-0.000412539489350888,0.015934,0.01699050000000001,1.2076883418255984,0.22676767676767678,0.22676767676767678,0.24808803412838792,0.28483571828974263,0.011939722222222221,0.018513611111111113,uptrend,1,0,haussier,365,0,0,30,,,31.0,28.0,68.5,57.5,52.9,46.61,False,False,,0,,,,47,52316363,165093773,3418598578.98,10788007921.0,,31.7,4000036552,$4.0B,-2.96
MOVEUSDT,MOVE,Mid,423,0.0163,501380.08068,0.0,37.498202373206524,-0.00029210252307427696,0.018077999999999997,0.030408500000000015,0.6045495114836383,0.3360655737704919,0.3319672131147542,0.36062781036326674,0.6794675341932002,0.01701388888888888,0.022761111111111107,uptrend,1,0,haussier,365,0,0,30,,,31.0,28.0,68.5,57.5,52.9,46.61,False,False,,0,,,,47,62241305,162192325,3837500000.0,10000000000.0,10000000000.0,38.4,,,
KAVAUSDT,KAVA,Mid,418,0.05801,287062.914386,0.975,43.821217739785155,-0.0011113433592460581,0.05847980000000001,0.07697295000000003,0.6186991856249366,0.26102189781021906,0.15270072992700734,0.2528031562045171,0.5479792350689847,0.05019166666666667,0.06618555555555557,uptrend|doji_4h,1,0,haussier,365,0,0,30,,,31.0,28.0,73.0,47.0,52.9,46.61,False,False,,0,,,,48,62778958,62778958,1082847035.0,1082847035.0,,100.0,,,
BERAUSDT,BERA,Mid,295,0.379,2908141.112221,-1.558,45.85306011257491,-8.851205043125011e-05,0.39568,0.6720999999999999,0.6124751419164189,0.4665676077265974,0.436849925705795,0.6482232443856546,0.504753430351382,0.3729166666666667,0.6206666666666667,macd_bearish_cross|downtrend,0,2,baissier,365,0,0,30,,,31.0,46.0,68.5,68.0,8.7,46.54,False,False,,0,,,,45,99049567,204750279,261370152.1257704,540291223.9053063,,48.4,,,
RUNEUSDT,RUNE,Mid,216,0.445,523156.3533,-1.766,37.096624492260304,-0.02040236064154359,0.47208,0.531035,0.9522853133403155,0.3052464228934817,0.29411764705882354,0.1062190011845741,0.6838803237096955,0.38952777777777775,0.5556666666666668,uptrend|evening_star_4h,1,1,mixte,365,0,0,30,,,31.0,28.0,73.0,57.5,35.4,46.49,False,False,,0,,,,44,156000227,160149893,350768876.0,360099464.0,360099464.0,97.4,70244139,$70M,-16.26
CYBERUSDT,CYBER,Speculative,674,0.47,275829.53177,-1.468,30.910560610907837,-0.01135512681407019,0.5263199999999999,0.6569150000000004,0.441854537112725,0.2124789207419898,0.20741989881956155,0.1440244067924697,0.6831565426776796,0.48736111111111113,0.5834444444444444,,0,0,neutre,365,0,0,30,,,17.0,19.0,95.5,47.0,50,46.47,False,False,,0,,,,48,31476067,47061257,66883183.763333336,100000000.0,100000000.0,66.9,,,
FORMUSDT,FORM,Mid,309,0.2338,525099.22659,2.052,39.923226324237426,-0.007055082184021789,0.25270800000000004,0.30117699999999986,0.8583917282300491,0.38904193449647995,0.285889194980104,0.17347995563810806,0.4235898194740003,0.2016722222222222,0.30244999999999994,support_bounce|downtrend,1,1,mixte,365,0,0,30,,,31.0,28.0,73.0,57.5,34.5,46.41,False,False,,0,,,,43,89045935,133452552,381867255.14,572301922.1,580000000.0,66.7,,,
SFPUSDT,SFP,Mid,238,0.2758,52944.8434,-0.072,35.141718054661084,-0.0058783582066255745,0.30862599999999996,0.31259,0.7025157331426752,0.2805584826132771,0.27265542676501575,0.15153821376939153,0.502770992855131,0.26286388888888884,0.3309527777777778,,0,0,neutre,365,0,0,30,,,31.0,28.0,73.0,47.0,50,46.37,False,False,,0,,,,47,137786901,137786901,500000000.0,500000000.0,500000000.0,100.0,,,
FFUSDT,FF,Mid,178,0.09182,3091133.035533,4.579,69.1590468776366,0.0023203946992894197,0.07381379999999994,0.08926770000000006,0.8321061265236928,0.4353809697411593,0.1620488516223114,0.6197031566333465,0.1137182020158716,0.06501333333333333,0.08800972222222224,rsi_bearish_divergence|downtrend|bullish_engulfing_4h,1,2,baissier,234,0,0,30,,,27.4,57.0,67.0,68.0,11.8,46.36,False,False,,0,,,,46,214335551,915963892,2340000000.0,10000000000.0,10000000000.0,23.4,1616385867,$1.6B,-0.2
XPLUSDT,XPL,Mid,179,0.0842,2867224.1808,1.691,36.84035982031109,-0.0012884694359877697,0.10641199999999999,0.13796699999999998,0.6495152377022273,0.4201561391057488,0.4031227821149752,0.17174434519532972,0.5423983759266979,0.08676666666666667,0.13016388888888886,,0,0,neutre,238,0,0,30,,,27.5,28.0,68.5,68.0,50,46.36,False,False,,0,,,,46,210380764,846610209,2505729166.6667,10083506944.4444,,24.8,,,
QKCUSDT,QKC,Speculative,860,0.002959,63772.981959,0.305,36.46563541314106,-3.449354899796079e-05,0.003100140000000001,0.0036842050000000003,0.31192228750446954,0.12421242124212417,0.11929615269907551,0.22324869506885986,0.6921479400901103,0.002956222222222223,0.0033422777777777773,support_bounce|downtrend,1,1,mixte,365,0,0,30,,,17.0,28.0,95.5,47.0,34.5,46.33,False,False,,0,,,,47,21289562,29418358,7236828906.0,10000000000.0,,72.4,,,
MAVUSDT,MAV,Speculative,,0.01378,222790.89634,0.291,36.43101162155572,-0.0002906359517735049,0.015126999999999995,0.021130749999999997,0.5487874470369618,0.220392653578214,0.1894117647058824,0.16162803823534777,0.4615947279125165,0.013145555555555554,0.016544722222222228,double_top_90d|uptrend,1,1,mixte,365,0,0,30,,,17.0,28.0,95.5,47.0,34.4,46.31,False,False,,0,,,,47,,,,,,,1211961,$1M,-3.83
CVCUSDT,CVC,Speculative,807,0.02945,200105.79663,-1.141,41.036561229203706,-0.0003535593602463611,0.03092440000000001,0.03836835,0.541667159254218,0.14069456812110412,0.13272513243084177,0.33314242192817173,0.6024119937889746,0.029275555555555555,0.03382611111111112,double_top_90d|uptrend,1,1,mixte,365,0,0,30,,,17.0,28.0,95.5,47.0,34.4,46.31,False,False,,0,,,,47,23615735,29446054,802000010.0,1000000000.0,,80.2,,,
PUNDIXUSDT,PUNDIX,Speculative,621,0.1377,134160.91955,-0.362,35.27906869911749,-0.002341969341142619,0.14891800000000002,0.19534250000000003,0.4355148469840654,0.18078078078078086,0.1729729729729731,0.2722579256472,0.6802575612353127,0.14110277777777777,0.16196666666666665,double_top_90d|uptrend|doji_4h,1,1,mixte,365,0,0,30,,,17.0,28.0,95.5,47.0,34.4,46.31,False,False,,0,,,,47,35556749,35556749,258386541.0999244,258386541.0999244,,100.0,,,
ETHFIUSDT,ETHFI,Mid,135,0.379,1157250.6109,1.337,34.68325235405982,-0.006572996739411498,0.4363800000000001,0.6077299999999997,0.5131635688953109,0.3658119658119658,0.3521367521367521,0.1824572416878994,0.5993367838883341,0.40688888888888886,0.5665,macd_bearish_cross|downtrend,0,2,baissier,365,0,0,30,,,31.0,19.0,79.0,68.0,8.7,46.24,False,False,,0,,,,35,333443274,378072063,880665741.0,998535999.0,1000000000.0,88.2,4632908503,$4.6B,-8.2
ENJUSDT,ENJ,Mid,314,0.04515,13391832.52304,3.224,44.920865748119596,-0.0007775769538483285,0.047310599999999994,0.03267375,0.6529250900935267,0.5409799554565702,0.49721603563474387,1.0852751016443654,0.016874178466714136,0.018533888888888888,0.0646361111111111,downtrend,0,1,baissier,365,0,0,30,,,31.0,54.0,53.5,78.5,29.8,46.21,False,False,,0,,,,47,88561746,89709690,1965356426.535923,1990831538.105991,,98.7,,,
ROSEUSDT,ROSE,Mid,373,0.00959,546457.578286,0.0,39.91426593818335,-0.00018226910977251404,0.010492999999999999,0.013129799999999995,0.6705994399526146,0.291196388261851,0.27840481565086533,0.19780096691131693,0.5615866454161929,0.009778611111111113,0.012760277777777778,macd_bearish_cross|uptrend,1,1,mixte,365,0,0,30,,,31.0,28.0,73.0,57.5,31.8,46.19,False,False,,0,,,,43,73519563,95897318,7666487943.0,10000000000.0,10000000000.0,76.7,,,
COTIUSDT,COTI,Speculative,613,0.01259,195077.15871,2.192,36.019462357517305,-0.000273760791340172,0.013996000000000001,0.018708500000000006,0.46318371299565625,0.18721461187214608,0.17547292889758642,0.22200965939218184,0.6206425508778389,0.011739444444444448,0.014953888888888886,double_top_90d,0,1,baissier,365,0,0,30,,,17.0,28.0,95.5,47.0,31.4,46.08,False,False,,0,,,,46,35949132,35949504,2832351636.0528,2832380903.313596,4910000000.0,100.0,,,
LSKUSDT,LSK,Speculative,737,0.119,126298.1514,0.0,38.8771757636644,-0.001859745711338632,0.12810000000000002,0.16369499999999998,0.4503963095920876,0.19863013698630128,0.18493150684931506,0.2756317249706958,0.6565792895008883,0.12038888888888888,0.13849999999999998,double_top_90d,0,1,baissier,365,0,0,30,,,17.0,28.0,95.5,47.0,31.4,46.08,False,False,,0,,,,46,27542045,47265299,233084697.0,400000000.0,400000000.0,58.3,,,
WIFUSDT,WIF,Mid,188,0.193,948814.84872,1.047,44.67947432062711,-0.0037305227118874956,0.19672,0.27834000000000003,0.6336698645468588,0.2711111111111111,0.16379310344827588,0.06713382557069737,0.6833782437375558,0.17080555555555557,0.22352777777777785,macd_bearish_cross,0,1,baissier,365,0,0,30,,,31.0,28.0,73.0,57.5,28.8,45.95,False,False,,0,,,,42,192924837,192924837,998926392.0,998926392.0,998926392.0,100.0,,,
SLPUSDT,SLP,Speculative,817,0.000636,179893.438289,-3.049,37.397152658964146,-1.801943708702819e-05,0.0006715599999999998,0.0007577600000000002,0.5839106056319268,0.2312404287901992,0.2118959107806692,0.16012433232932424,0.5984981196434237,0.0005477222222222222,0.0007512777777777779,downtrend|doji_4h,0,1,baissier,365,0,0,30,,,17.0,28.0,95.5,47.0,29.8,45.94,False,False,,0,,,,46,23077592,23077592,36328729696.0,36328729696.0,,100.0,8301713,$8M,-9.18
ICXUSDT,ICX,Speculative,583,0.0355,49117.40901,0.0,39.85735241117211,-0.0005028903212733538,0.037514000000000006,0.049171000000000006,0.41047866167399194,0.16368286445012795,0.14251207729468604,0.11870039778660507,0.6373121701697992,0.03426944444444443,0.040502777777777776,downtrend|doji_4h,0,1,baissier,365,0,0,30,,,17.0,28.0,95.5,47.0,29.8,45.94,False,False,,0,,,,46,38891728,39307276,1097070349.362639,1108792274.218095,,98.9,,,
REDUSDT,RED,Mid,496,0.1278,520070.69977,1.268,41.6652023631268,-0.002304292921639554,0.139378,0.19633049999999996,0.636969278851002,0.41571753986332577,0.3632286995515695,0.5944111423551546,0.24232971194689232,0.11204722222222226,0.17270277777777776,,0,0,neutre,365,0,0,30,,,31.0,37.0,62.5,57.5,50,45.75,False,False,,0,,,,48,49888714,127650162,390823742.0,1000000000.0,1000000000.0,39.1,,,
ERAUSDT,ERA,Speculative,846,0.1256,209678.25478,0.722,38.43424581832528,-0.002362364173124611,0.13493199999999997,0.1787550000000001,0.5408844507866383,0.2381852551984878,0.20856962822936367,0.35068865757312534,0.5350277974579973,0.12370555555555557,0.15118333333333334,double_top_90d|uptrend,1,1,mixte,308,0,0,30,,,15.4,28.0,95.5,47.0,34.4,45.72,False,False,,0,,,,47,21927211,125477604,174750000.0,1000000000.0,1000000000.0,17.5,,,
WCTUSDT,WCT,Speculative,,0.06096,290824.840547,-0.878,45.22411090005974,-0.0011416695783528718,0.06149899999999998,0.07564025000000003,0.8322544490096087,0.20152671755725196,0.1583679114799447,0.17438239222759766,0.4895171588614008,0.05526111111111112,0.06807777777777778,,0,0,neutre,365,0,0,30,,,17.0,37.0,85.0,47.0,50,45.66,False,False,,0,,,,55,,,,,,,,,
WBETHUSDT,WBETH,Speculative,,2339.33,2483484.394473,0.951,37.25360569085248,-26.528490879968047,2477.6478,2805.528149999998,0.29218444774415914,0.15677387478164784,0.11621417513121624,0.5153525335305912,0.936333654373177,2127.398055555555,2592.958611111111,downtrend,0,1,baissier,365,0,0,30,,,17.0,37.0,81.5,68.0,29.8,45.61,False,False,,0,,,,46,,,,,,,,,
1MBABYDOGEUSDT,1MBABYDOGE,Speculative,,0.0003994,356778.7573486,0.681,40.05162425319348,-7.42927492908032e-06,0.00041734200000000007,0.0005367225000000001,0.48023400961484886,0.17460317460317454,0.16583124477861316,0.2238450278192506,0.7730812394447893,0.00037487777777777786,0.0004520083333333332,uptrend,1,0,haussier,365,0,0,30,,,17.0,28.0,87.5,47.0,52.9,45.51,False,False,,0,,,,50,,,,,,,,,
MTLUSDT,MTL,Speculative,756,0.289,25613.1615,-1.365,37.42001051924097,-0.004781522638605777,0.29954000000000003,0.33658999999999994,0.31704101226169923,0.142857142857143,0.1398809523809525,0.1129603593238232,0.7118766626687096,0.26600000000000007,0.3160277777777777,uptrend|doji_4h,1,0,haussier,365,0,0,30,,,17.0,28.0,87.5,47.0,52.9,45.51,False,False,,0,,,,50,26077676,26077676,90635915.0,90635915.0,,100.0,,,
NEWTUSDT,NEWT,Speculative,,0.0727,798469.34957,0.553,43.47406677386511,-0.0011184014264797632,0.07448800000000001,0.08892649999999996,0.678378911734645,0.17183462532299731,0.1477139507620164,0.3446773541683854,0.40603633395740363,0.06493888888888891,0.08257777777777778,,0,0,neutre,331,0,0,30,,,16.1,28.0,85.0,57.5,50,45.5,False,False,,0,,,,49,,,,,,,,,
TRUMPUSDT,TRUMP,Mid,107,2.041,4464606.594457,-0.293,26.468259468707558,-0.021431422789847276,2.6081599999999994,4.287425000000002,0.5639257722663477,0.5017292490118578,0.4955533596837945,0.19929786577538713,0.4221850659067229,2.276083333333334,3.6342777777777786,macd_bearish_cross,0,1,baissier,365,0,0,30,,,31.0,19.0,70.0,68.0,28.8,45.27,False,False,,0,,,,45,483950358,2038423496,237414040.342428,1000000000.0,1000000000.0,23.7,,,
WOOUSDT,WOO,Speculative,672,0.017,209395.63156,1.19,38.25861943870892,-0.0003796411167441813,0.018462000000000006,0.02247749999999998,0.5474020510693796,0.21890547263681598,0.17874396135265694,0.2794754540378228,0.7796819533526854,0.016205555555555563,0.019977777777777782,doji_4h,0,0,neutre,365,0,0,30,,,17.0,28.0,87.5,47.0,50,45.27,False,False,,0,,,,49,31742094,31742094,1888782088.294737,1888782088.294737,3000000000.0,100.0,6851514,$7M,5.62
STRAXUSDT,STRAX,Speculative,,0.01227,58803.94893,0.409,35.856438852460954,-0.00014459291368977418,0.013159399999999998,0.0180435,0.3405837536511498,0.23304020100502512,0.22927135678391963,0.15487020671762303,0.8127219522245962,0.012658333333333334,0.015054444444444445,,0,0,neutre,365,0,0,30,,,17.0,28.0,87.5,47.0,50,45.27,False,False,,0,,,,49,,,,,,,,,
AMPUSDT,AMP,Mid,380,0.000835,307971.486349,-0.477,34.268275743592184,-3.911237225394195e-06,0.0008946400000000003,0.0016085600000000002,0.3487252496330375,0.44841269841269843,0.4470899470899471,0.4624324445677502,0.5011452327298024,0.0008593611111111112,0.0014579722222222225,macd_bearish_cross,0,1,baissier,365,0,0,30,,,31.0,19.0,79.0,47.0,28.8,45.26,False,False,,0,,,,40,72394737,83188722,86781188162.63327,99720178909.70996,100000000000.0,87.0,1425944,$1M,-9.56
COWUSDT,COW,Mid,298,0.1665,165126.19144,1.277,34.05008761184007,-0.0016719070318898877,0.19275599999999998,0.20386149999999983,0.4965769850953076,0.33694779116465867,0.33132530120481923,0.15202061914577014,0.5987314367083353,0.17760277777777778,0.2396166666666667,macd_bearish_cross,0,1,baissier,365,0,0,30,,,31.0,19.0,79.0,47.0,28.8,45.26,False,False,,0,,,,40,96335625,166415575,578885872.0493532,1000000000.0,1000000000.0,57.9,,,
SPKUSDT,SPK,Mid,351,0.028738,29327986.56267,1.541,40.19752443022036,-0.0012876825844752233,0.030048480000000002,0.02571277499999999,1.8547742505778295,0.46838416512630937,0.4464533271719039,14.143222502259169,0.29577197564337393,0.019697944444444445,0.03926633333333334,,0,0,neutre,338,0,0,30,,,30.3,63.0,41.5,78.5,50,45.21,False,False,,3,⚡ Volume ×14.1 vs médiane,,14.14,61,77479241,285835177,2710626523.0531025,10000000000.0,10000000000.0,27.1,3221674064,$3.2B,-3.95
SAHARAUSDT,SAHARA,Mid,271,0.03465,7984984.69622,2.941,54.89884046247256,-0.0003583414040520174,0.02650600000000001,0.03260724999999999,1.5567676447081207,0.3002001334222816,0.2132636838519192,0.9551286710121392,0.10979452048233408,0.018534444444444444,0.03536444444444445,macd_bearish_cross|doji_4h,0,1,baissier,329,0,0,30,,,30.0,66.0,46.0,78.5,28.8,45.07,False,False,,0,,,,52,113302181,346026894,3274375000.0,10000000000.0,10000000000.0,32.7,,,
APEUSDT,APE,Mid,228,0.1464,1570004.390084,3.683,50.380457551956574,-0.003810127540258725,0.12715600000000002,0.17736000000000007,2.254232837723096,0.2520325203252033,0.1961325966850829,0.41913559195893474,0.2574161786553064,0.08608888888888885,0.1683472222222222,uptrend,1,0,haussier,365,0,0,30,,,31.0,57.0,46.0,68.0,52.9,44.99,False,False,,0,,,,55,145699568,145699568,1000000000.0,1000000000.0,1000000000.0,100.0,,,
0GUSDT,0G,Mid,285,0.481,872109.13989,-1.636,31.29478125693666,-0.008059188867958755,0.5487400000000001,0.776375,0.42684311691199006,0.3183139534883721,0.29941860465116277,0.40972309531277784,0.2960945904140151,0.49216666666666664,0.6494166666666668,rsi_bullish_divergence|downtrend,1,1,mixte,241,0,0,30,,,27.6,19.0,77.5,57.5,29.8,44.93,False,False,,0,,,,40,102568716,481092167,213199722.0,1000000000.0,,21.3,,,
OGUSDT,OG,Speculative,,3.194,497165.3249,-1.145,49.94657429321122,-0.03410634546086219,3.0219599999999995,6.288025000000004,0.8916766945201966,0.2543885748289201,0.1911392405063292,0.14245041848753356,0.3700294178132221,2.5811111111111114,3.400944444444445,uptrend,1,0,haussier,365,0,0,30,,,17.0,57.0,73.0,47.0,52.9,44.9,False,False,,0,,,,59,,,,,,,,,
SSVUSDT,SSV,Speculative,586,2.621,218740.242239,3.311,45.80907488334127,-0.05749004364570581,2.6257599999999996,3.310869999999998,0.8575694062841401,0.326517571884984,0.18221393034825878,0.26809782687872147,0.6278594093640714,2.210027777777778,3.0496388888888886,uptrend,1,0,haussier,365,0,0,30,,,17.0,57.0,73.0,47.0,52.9,44.9,False,False,,0,,,,59,38533488,38533488,14699173.1,14699173.1,,100.0,15682374118,$15.7B,-7.95
MUBARAKUSDT,MUBARAK,Speculative,,0.01387,528756.376076,0.434,44.71367285322746,-0.0003526552063484008,0.013852399999999997,0.015937149999999994,0.9539614019979211,0.33312958435207823,0.19500870574579215,0.15021467384234852,0.431141596799644,0.011478333333333333,0.01634388888888889,,0,0,neutre,365,0,0,30,,,17.0,48.0,73.0,57.5,50,44.85,False,False,,0,,,,53,,,,,,,,,
ASRUSDT,ASR,Speculative,,1.136,144120.3847,-1.56,32.69138722827893,-0.01646641961244933,1.2587399999999997,1.3880400000000006,0.358045920059731,0.21751216122307168,0.21056289089645597,0.10245716484230745,0.4644138145408715,1.1985833333333327,1.3888888888888888,downtrend,0,1,baissier,365,0,0,30,,,17.0,19.0,95.5,47.0,29.8,44.83,False,False,,0,,,,43,,,,,,,,,
LISTAUSDT,LISTA,Speculative,724,0.0785,299166.97623,0.128,39.78921686349926,-0.0014127017434674798,0.08567,0.12967099999999993,0.7580235440649825,0.2223415682062298,0.172813487881981,0.2723655127420396,0.4394854306825796,0.07840833333333333,0.09444166666666666,uptrend,1,0,haussier,365,0,0,30,,,17.0,28.0,85.0,47.0,52.9,44.78,False,False,,0,,,,50,28582787,62268719,365193619.3706865,795588564.255041,1000000000.0,45.9,600041817,$600M,-4.77
CELRUSDT,CELR,Speculative,,0.002517,283799.6510446,-0.317,38.233410733856715,-6.30982739036106e-05,0.0026663000000000004,0.0033697650000000024,0.6106535250491627,0.2023619533992978,0.19661666134695174,0.2900499488981918,0.5833441926978516,0.0023729166666666673,0.0029484444444444445,uptrend,1,0,haussier,365,0,0,30,,,17.0,28.0,85.0,47.0,52.9,44.78,False,False,,0,,,,50,,,,,,,18264032,$18M,-16.98
SCRUSDT,SCR,Speculative,,0.04362,255532.732034,-0.434,40.41778712349802,-0.0011077196813942722,0.0459342,0.06862674999999999,0.6307362760813738,0.20239852398523986,0.19594095940959405,0.2679609278692193,0.5226524417125376,0.040396388888888884,0.05088666666666666,uptrend,1,0,haussier,365,0,0,30,,,17.0,28.0,85.0,47.0,52.9,44.78,False,False,,0,,,,50,,,,,,,,,
CELOUSDT,CELO,Speculative,506,0.0804,225291.970736,0.199,38.31241041059943,-0.0020518777198419574,0.0870532,0.11511530000000009,0.6316756944548173,0.22150851581508507,0.21732360097323591,0.23891469597810885,0.5583111137265626,0.0741722222222222,0.09403749999999997,uptrend|doji_4h,1,0,haussier,365,0,0,30,,,17.0,28.0,85.0,47.0,52.9,44.78,False,False,,0,,,,50,48451975,80664800,600658220.0,1000000000.0,1000000000.0,60.1,,,
VELODROMEUSDT,VELODROME,Speculative,,0.01485,53906.685061,-1.0,38.29207819140483,-0.0004217249081769598,0.016086399999999997,0.020550150000000003,0.6512674225748565,0.2333160889808588,0.2302121055354371,0.1434508875189928,0.6728552673096438,0.013932222222222223,0.017833611111111113,uptrend,1,0,haussier,365,0,0,30,,,17.0,28.0,85.0,47.0,52.9,44.78,False,False,,0,,,,50,,,,,,,,,
1000CHEEMSUSDT,1000CHEEMS,Speculative,,0.000585,493151.661297,2.094,47.06138338050782,-1.0797577570425414e-05,0.0005559599999999999,0.0007683399999999998,0.6306135056146873,0.25698324022346375,0.10687022900763354,0.22644971415179146,0.6781784189934308,0.0004210833333333334,0.0006366666666666668,,0,0,neutre,365,0,0,30,,,17.0,57.0,73.0,47.0,50,44.66,False,False,,0,,,,59,,,,,,,,,
BANANAUSDT,BANANA,Speculative,,3.836,199066.781724,1.481,45.717280089289986,-0.06243893413563839,3.7993799999999993,5.703344999999998,0.6277733032990301,0.3221052631578947,0.19178947368421054,0.18217383962663336,0.53846022610246,3.340277777777778,4.624444444444445,,0,0,neutre,365,0,0,30,,,17.0,57.0,73.0,47.0,50,44.66,False,False,,0,,,,59,,,,,,,,,
FLUXUSDT,FLUX,Speculative,729,0.0691,157095.654407,0.876,46.29578260710971,-0.0017518482304141989,0.06665000000000001,0.08781999999999995,0.8654087684592412,0.3220588235294118,0.19418604651162782,0.15438376112533655,0.38266412035263525,0.05082500000000001,0.07707222222222224,,0,0,neutre,365,0,0,30,,,17.0,57.0,73.0,47.0,50,44.66,False,False,,0,,,,59,28092667,28095003,409802034.4991484,409836110.4991484,440000000.0,100.0,,,
ORDIUSDT,ORDI,Mid,321,4.181,2030437.9345,1.505,45.12359489693857,-0.15941884411252089,4.175039999999999,3.757094999999997,1.1897671438299724,0.5232448931674102,0.5093918760272365,0.27265780156873437,0.27064119894473043,2.2753055555555552,5.558861111111111,doji_4h,0,0,neutre,365,0,0,30,,,31.0,73.0,38.5,68.0,50,44.56,False,False,,0,,,,58,87660895,87660895,21000000.0,21000000.0,,100.0,,,
AEVOUSDT,AEVO,Speculative,809,0.0257,360278.982982,-1.533,40.68324740281707,-0.0006509595458719671,0.026252,0.034083999999999996,0.7174963857863913,0.2126865671641791,0.18152866242038207,0.27142225653391766,0.4000777504643066,0.02247500000000001,0.02961944444444445,,0,0,neutre,365,0,0,30,,,17.0,28.0,85.0,47.0,50,44.54,False,False,,0,,,,49,23519850,25646104,917092509.9777629,1000000000.0,1000000000.0,91.7,16215055,$16M,-0.65
MASKUSDT,MASK,Speculative,530,0.455,247100.9414,1.111,38.55858856974487,-0.010484913913203114,0.4825600000000001,0.5555,0.6457029792966319,0.2074468085106382,0.1950354609929077,0.16738094260502595,0.6923447972182639,0.4144722222222222,0.5323333333333333,,0,0,neutre,365,0,0,30,,,17.0,28.0,85.0,47.0,50,44.54,False,False,,0,,,,49,45305762,45305762,100000000.0,100000000.0,100000000.0,100.0,,,
HIVEUSDT,HIVE,Speculative,668,0.0588,183454.9783,0.17,43.12264325056392,-0.0009079905661135944,0.061461999999999996,0.08185700000000001,0.9063217148091623,0.208731241473397,0.1964529331514325,0.16870610259800617,0.504704319175875,0.057872222222222214,0.06875000000000002,,0,0,neutre,365,0,0,30,,,17.0,28.0,85.0,47.0,50,44.54,False,False,,0,,,,49,31982303,,545446738.806,,,,,,
TKOUSDT,TKO,Speculative,,0.0533,86541.69518,-1.296,35.46169508805481,-0.001239980758330204,0.05971400000000002,0.07475799999999995,0.6284314551317457,0.21828908554572274,0.21091445427728614,0.23113937713616398,0.5965616308635091,0.05139444444444444,0.06514444444444445,,0,0,neutre,365,0,0,30,,,17.0,28.0,85.0,47.0,50,44.54,False,False,,0,,,,49,,,,,,,,,
NOTUSDT,NOT,Speculative,504,0.000488,1214046.498709,0.0,48.50804167058642,-1.4973045382988492e-05,0.0004403600000000001,0.0004957350000000002,1.2590216858179992,0.29870129870129875,0.29581529581529586,0.3750015674275874,0.4328087556902993,0.00034836111111111114,0.0005551111111111111,uptrend|doji_4h,1,0,haussier,365,0,0,30,,,17.0,57.0,62.5,68.0,52.9,44.47,False,False,,0,,,,58,48710903,50192034,99429447866.9074,102452755868.5205,102456956842.91,97.0,,,
ARKUSDT,ARK,Speculative,679,0.1592,78771.3413,-0.872,34.77422374454109,-0.0028021380946331434,0.17232200000000003,0.22235399999999994,0.438694397669338,0.16929547844374346,0.16351209253417465,0.40507766936198436,0.7100273161799834,0.1624361111111111,0.18671111111111113,uptrend,1,0,haussier,365,0,0,30,,,17.0,19.0,87.5,47.0,52.9,44.39,False,False,,0,,,,47,31280524,31280654,196631818.0,196632638.0,,100.0,,,
GMTUSDT,GMT,Speculative,673,0.01025,588946.502335,-1.82,39.01946110376789,-0.0002614853793536552,0.011178400000000002,0.014333850000000004,0.688734891044751,0.24399399399399394,0.23123123123123118,0.46245392723157547,0.6455334703690682,0.010033611111111113,0.012361388888888889,macd_bearish_cross|uptrend|doji_4h,1,1,mixte,365,0,0,30,,,17.0,28.0,85.0,57.5,31.8,44.36,False,False,,0,,,,45,31731588,51745618,3111400155.0,5073850155.102167,6000000000.0,61.3,,,
MEMEUSDT,MEME,Speculative,657,0.000515,415013.604898,0.98,37.23594700840944,-1.2282798627402601e-05,0.0005568000000000001,0.0008692899999999999,0.47223623627891315,0.2898550724637681,0.2550724637681159,0.19673873422304416,0.49371507363660183,0.0005070277777777779,0.000654111111111111,uptrend,1,0,haussier,365,0,0,30,,,17.0,28.0,83.5,47.0,52.9,44.35,False,False,,0,,,,49,32758490,35714931,63288258966.66666,69000000000.0,69000000000.0,91.7,,,
ONEUSDT,ONE,Speculative,717,0.00197,275794.764086,-3.431,33.94007390100339,-5.316058797325309e-05,0.0022476000000000006,0.0031663499999999983,0.5851586662649586,0.2509505703422053,0.2509505703422053,0.6059403020583546,0.6007515182727784,0.002081111111111111,0.002534444444444444,uptrend,1,0,haussier,365,0,0,30,,,17.0,28.0,83.5,47.0,52.9,44.35,False,False,,0,,,,49,29144229,29144231,14870211425.762915,14870212769.762915,,100.0,,,
TUSDT,T,Mid,434,0.00537,126415.457708,0.374,31.935847950142957,-8.624242731613989e-05,0.006081999999999999,0.008214199999999994,0.38805976396236247,0.2531645569620254,0.2461322081575246,0.25793538451559,0.70055570264652,0.005801388888888889,0.00689388888888889,downtrend,0,1,baissier,365,0,0,30,,,31.0,19.0,75.5,47.0,29.8,44.33,False,False,,0,,,,40,59814626,59814626,11155000000.0,11155000000.0,,100.0,388976952,$389M,-9.65
FUSDT,F,Speculative,865,0.00514,145638.70499,0.982,36.77996498308024,-9.522388908988703e-05,0.0054785999999999975,0.006751099999999998,0.4005064718351114,0.18604651162790703,0.15435139573070605,0.1969586903274352,0.6593341159496614,0.005060833333333332,0.006045277777777778,downtrend,0,1,baissier,208,0,0,30,,,12.7,28.0,95.5,47.0,29.8,44.31,False,False,,0,,,,46,21025539,51401838,4090425537.0,10000000000.0,10000000000.0,40.9,4045025,$4M,-9.28
SENTUSDT,SENT,Mid,256,0.01659,867244.46269,2.852,48.95966352962036,-4.245507533107097e-05,0.016815199999999995,,0.8552110054047435,0.3979183346677342,0.33746997598078465,0.383674355646325,0.23300008440400713,0.015725277777777782,0.02350777777777778,,0,0,neutre,119,0,0,30,,,24.3,45.0,62.5,57.5,50,44.18,False,False,,0,,,,54,119878429,569087951,7237882055.0,34359738368.0,34359738368.0,21.1,,,
KNCUSDT,KNC,Speculative,797,0.1412,210874.43591,-1.12,45.54716174202729,-0.0016786169105857866,0.142856,0.19220249999999983,0.8392940066808021,0.20894607843137264,0.15892857142857142,0.17647619853229826,0.39632892364114086,0.1292944444444445,0.15894444444444447,double_top_90d,0,1,baissier,365,0,0,30,,,17.0,37.0,85.0,47.0,31.4,44.14,False,False,,0,,,,50,23982710,33961695,170152851.23024455,240951888.4064145,252301550.0,70.6,1059305,$1M,-2.43
MBLUSDT,MBL,Speculative,951,0.000916,681063.063929,-1.399,43.39466006011203,-7.91530842433979e-06,0.0009510199999999997,0.0010851500000000002,0.7191471046141255,0.1961301671064204,0.1961301671064204,0.3770731693058984,0.46214509677860294,0.0008994444444444446,0.0010111388888888887,macd_bearish_cross,0,1,baissier,365,0,0,30,,,17.0,28.0,85.0,57.5,28.8,44.12,False,False,,0,,,,44,17707976,27411887,19379887214.0,30000000000.0,30000000000.0,64.6,,,
ANKRUSDT,ANKR,Speculative,528,0.00455,231540.183471,-0.438,35.92472060515708,-6.391182545926202e-05,0.005051600000000001,0.00602095,0.41565861295823114,0.18115942028985507,0.17572463768115934,0.13339872514170528,0.2661279216996963,0.004263055555555554,0.005454444444444446,macd_bearish_cross,0,1,baissier,365,0,0,30,,,17.0,28.0,89.5,47.0,28.8,44.12,False,False,,0,,,,45,45482762,45482762,10000000000.0,10000000000.0,10000000000.0,100.0,22047216,$22M,-9.08
BIGTIMEUSDT,BIGTIME,Speculative,822,0.0121,132091.53176,0.749,37.55127920985472,-0.0003048079758621432,0.013261000000000005,0.018017150000000006,0.5748690261612092,0.25446428571428564,0.22831632653061223,0.07463780043736437,0.6877341412592896,0.0121175,0.01499333333333333,,0,0,neutre,365,0,0,30,,,17.0,28.0,83.5,47.0,50,44.11,False,False,,0,,,,49,23051671,60400186,1908245059.7925065,5000000000.0,5000000000.0,38.2,,,
TUTUSDT,TUT,Speculative,,0.01106,1261949.0549,0.912,43.37052803101722,-0.00034051571201130734,0.011149399999999997,0.012930000000000002,0.9975697120813677,0.2713656387665199,0.21428571428571427,0.26704854012057544,0.43838387912553545,0.008808333333333333,0.01300722222222222,uptrend,1,0,haussier,365,0,0,30,,,17.0,28.0,73.0,68.0,52.9,43.92,False,False,,0,,,,48,,,,,,,,,
AXSUSDT,AXS,Mid,180,1.191,1778936.9753,0.591,42.94915431144805,-0.028269216088523834,1.23626,1.26333,1.3896749932037515,0.28517110266159706,0.24588086185044367,0.30253582330409684,0.3556149314147241,1.08775,1.428833333333333,shooting_star_4h,0,1,baissier,365,0,0,30,,,31.0,28.0,62.5,68.0,25.0,43.9,False,False,,0,,,,39,206115680,320969460,173384825.001344,270000000.0,270000000.0,64.2,,,
CUSDT,C,Speculative,,0.0823,740589.80925,3.392,53.52113253388082,-0.0005589290957442586,0.078054,0.07451650000000001,1.0013053964369902,0.3746736292428199,0.08940397350993373,0.16369916515282784,-0.03978275817874983,0.049161111111111114,0.08897777777777777,,0,0,neutre,307,0,0,30,,,15.4,73.0,61.0,57.5,50,43.87,False,False,,0,,,,62,,,,,,,,,
ZROUSDT,ZRO,Mid,134,1.342,1500723.5046,1.13,39.167845656870135,0.002485888314116072,1.6304199999999998,1.6397800000000005,0.6131462088208065,0.4492001729355815,0.41980112408127973,0.1500754635764345,0.5552646492810974,1.3783055555555555,2.1340555555555563,death_cross|downtrend,0,2,baissier,365,0,0,30,,,31.0,28.0,68.5,68.0,2.3,43.79,False,False,,0,,,,35,338075753,1339807151,252331652.6536562,1000000000.0,1000000000.0,25.2,,,
JOEUSDT,JOE,Speculative,963,0.0427,921238.82622,2.153,41.179065487601164,-0.0008105353261519671,0.045939999999999995,0.05547300000000001,0.6811138534900083,0.28448275862068967,0.2637931034482759,0.5032027884215399,0.5368085469412497,0.03589166666666667,0.05123611111111111,uptrend|doji_4h,1,0,haussier,365,0,0,30,,,17.0,37.0,73.0,57.5,52.9,43.72,False,False,,0,,,,50,17224304,21327231,403574247.6492458,499707918.0306486,500000000.0,80.8,20957825,$21M,-4.19
BLURUSDT,BLUR,Mid,419,0.02235,219391.871341,0.903,37.37823749947822,-0.0006392867422202385,0.025241799999999995,0.02799465,0.8485523184731824,0.36039719626168226,0.34754672897196265,0.11160430846085213,0.2446944259121804,0.018236111111111106,0.030059166666666668,uptrend,1,0,haussier,365,0,0,30,,,31.0,28.0,62.5,47.0,52.9,43.56,False,False,,0,,,,46,62574081,66980718,2802631104.594749,3000000000.0,3000000000.0,93.4,16627146,$17M,-7.7
QIUSDT,QI,Speculative,,0.00151,923661.58278,-5.625,35.82019106024937,-4.4340300470245783e-05,0.0016449999999999995,0.0025991000000000005,0.6862627063473477,0.3131313131313131,0.23737373737373735,0.7164543511357792,0.5772732147026352,0.0014186111111111114,0.0020224999999999996,,0,0,neutre,365,0,0,30,,,17.0,37.0,73.0,57.5,50,43.49,False,False,,0,,,,50,,,,,,,249609220,$250M,-8.55
TRBUSDT,TRB,Speculative,509,17.61,799137.98708,2.862,44.030941523256516,-0.39691422808520554,17.9618,18.789500000000004,0.6183597582773868,0.2807167235494881,0.24914675767918087,0.5869682694653646,0.40727045765784586,14.347777777777777,20.353611111111107,,0,0,neutre,365,0,0,30,,,17.0,37.0,73.0,57.5,50,43.49,False,False,,0,,,,50,47921429,49118826,2788628.0272217034,2858306.521175184,,97.6,,,
BNSOLUSDT,BNSOL,Speculative,,94.7,480397.5772,0.638,44.223998996583795,-1.0691138055893072,95.35599999999998,119.07850000000008,0.37309822206274984,0.17813383600376995,0.12638376383763839,0.5050069568638349,0.8740670135440454,88.74166666666669,102.91388888888888,macd_bearish_cross|double_top_90d|uptrend,1,2,baissier,365,0,0,30,,,17.0,37.0,87.5,47.0,13.2,43.38,False,False,,0,,,,43,,,,,,,,,
FTTUSDT,FTT,Speculative,,0.3265,132628.072301,-0.092,49.96053470932128,-0.003053232758370418,0.309802,0.42967100000000025,1.0743517518065335,0.2259174311926605,0.11337683523654163,0.11524270628569196,0.44073340627896085,0.27889722222222224,0.35258888888888884,macd_bearish_cross,0,1,baissier,365,0,0,30,,,17.0,57.0,74.5,47.0,28.8,43.36,False,False,,0,,,,54,,,,,,,,,
CETUSUSDT,CETUS,Speculative,784,0.02634,221471.32497,-1.126,43.63857720774134,-0.0009887752409215868,0.025543799999999995,0.024779349999999988,1.2350738440397762,0.323373676248109,0.2989304812834225,0.18614487548453013,0.4336973158265263,0.01613638888888889,0.031144166666666664,golden_cross|uptrend,2,0,haussier,365,0,0,30,,,17.0,64.0,62.5,47.0,60.4,43.33,False,False,,0,,,,59,24888007,26257989,947826087.0,1000000000.0,1000000000.0,94.8,32989625,$33M,
HEIUSDT,HEI,Speculative,,0.0758,122692.18791,-1.94,33.78855248448885,-0.0015787032916715598,0.08470799999999999,0.11839249999999998,0.4922049592110592,0.18250539956803455,0.18250539956803455,0.3435726053841777,0.4781077377372009,0.07483333333333334,0.09192777777777777,double_top_90d|downtrend,0,2,baissier,365,0,0,30,,,17.0,19.0,95.5,47.0,11.3,43.31,False,False,,0,,,,39,,,,,,,,,
KERNELUSDT,KERNEL,Speculative,927,0.0651,2034357.4242,2.198,47.95224937508763,0.001001583544172731,0.07501999999999998,0.078362,0.6730907303861071,0.4970711297071129,0.4543933054393306,0.9678366513638306,0.2594325651346469,0.062483333333333335,0.10456944444444445,uptrend,1,0,haussier,365,0,0,30,,,17.0,46.0,62.5,68.0,52.9,43.1,False,False,,0,,,,55,18627060,65059510,286308020.0,1000000000.0,1000000000.0,28.6,,,
NILUSDT,NIL,Speculative,804,0.05363,5213622.329602,10.123,53.28333039582507,-0.0011672003060107941,0.043567400000000006,0.06913935000000004,2.9614899811206383,0.49242424242424243,0.42067099567099564,1.9613872484113168,0.1550628800951228,0.03346722222222222,0.0595725,uptrend,1,0,haussier,365,0,0,30,,,17.0,84.0,41.5,78.5,52.9,43.03,False,False,,0,,,,63,23806246,53089482,448417374.996,1000000000.0,,44.8,,,
FOGOUSDT,FOGO,Mid,420,0.01634,9835927.48685,-3.485,41.66557455357814,-0.0002784742597944153,0.0188338,,1.6287358312841487,0.45768337205443077,0.45768337205443077,6.215121581367813,0.12248167130907259,0.01689194444444444,0.026092777777777784,rsi_bullish_divergence,1,0,haussier,126,0,0,30,,,24.5,63.0,41.5,78.5,50,43.01,False,False,,3,⚡ Volume ×6.2 vs médiane,,6.22,61,62516534,163414529,3825418788.855697,9999418793.078606,,38.3,,,
TOWNSUSDT,TOWNS,Speculative,,0.00329,873061.49117,-3.519,46.16014989380145,-3.346002658638676e-05,0.0033702000000000003,0.005315499999999998,0.8121053657667262,0.286046511627907,0.23255813953488372,0.4832010478820936,0.315416986550741,0.0031255555555555555,0.004069722222222223,uptrend,1,0,haussier,289,0,0,30,,,14.9,37.0,73.0,57.5,52.9,42.93,False,False,,0,,,,53,,,,,,,,,
OPENUSDT,OPEN,Speculative,521,0.2126,4387866.51718,1.771,52.2873315324763,0.0009183680846931754,0.2065600000000001,0.19139300000000004,1.5060013123138607,0.42691751085383495,0.2315484804630969,1.0650760111158024,0.2627526989224464,0.1465138888888889,0.24102500000000004,macd_bullish_cross|uptrend,2,0,haussier,255,0,0,30,,,14.0,91.0,46.0,68.0,54.9,42.92,False,False,,0,,,,66,46392687,215279288,215500000.0,1000000000.0,1000000000.0,21.6,,,
ACTUSDT,ACT,Speculative,,0.01314,495535.68293,-1.94,39.251659935162415,-0.00037753962093975266,0.014030999999999998,0.018801249999999988,0.7261078053796626,0.24260355029585787,0.22189349112426027,0.31388655076128563,0.5085758584769529,0.012013888888888886,0.01592222222222222,downtrend,0,1,baissier,365,0,0,30,,,17.0,28.0,85.0,47.0,29.8,42.9,False,False,,0,,,,44,,,,,,,,,
WINUSDT,WIN,Speculative,918,1.927e-05,106889.53443013,0.785,39.72602434065647,-3.0219116373007513e-07,2.0087000000000003e-05,2.5741499999999997e-05,0.4515867320105691,0.267238021036229,0.2500973899493572,0.2543814017607816,0.4037725468478371,1.9065833333333336e-05,2.3067222222222213e-05,double_top_90d|uptrend,1,1,mixte,365,0,0,30,,,17.0,28.0,83.5,47.0,34.4,42.83,False,False,,0,,,,45,19113423,19113423,993701854154.286,993701859243.3864,,100.0,,,
HYPERUSDT,HYPER,Speculative,582,0.1179,4248981.15618,7.279,56.08216792862646,-0.00013405074267722975,0.10489999999999997,0.11645849999999998,2.0565250984443333,0.34629861982434124,0.25784190715181926,1.6778570500298333,0.20431691833379095,0.08516944444444444,0.12356944444444445,,0,0,neutre,365,0,0,30,,,17.0,84.0,46.0,68.0,50,42.79,False,False,,0,,,,63,38938578,92959276,338174017.0,807333335.0000001,1000000000.0,41.9,137678734,$138M,-5.38
MIRAUSDT,MIRA,Speculative,836,0.0785,232304.68285,0.9,41.65791296738042,-0.000848542414753669,0.08247600000000002,0.11627850000000002,0.4987423074699415,0.31514581373471307,0.26152398871119475,0.14902017175605323,0.4548600748971832,0.07623055555555557,0.09505277777777779,,0,0,neutre,237,0,0,30,,,13.5,28.0,83.5,47.0,50,42.78,False,False,,0,,,,49,22155540,78415441,282540524.0,1000000000.0,1000000000.0,28.3,,,
CTKUSDT,CTK,Speculative,732,0.1747,407278.5993,-7.468,41.8551152942145,-0.001917487412142645,0.17945199999999997,0.22132299999999994,0.5421202065576023,0.370668815471394,0.2953263497179694,0.41811861036249914,0.3813740096341057,0.160425,0.20872499999999994,macd_bearish_cross|uptrend,1,1,mixte,365,0,0,30,,,17.0,28.0,83.5,47.0,31.8,42.62,False,False,,0,,,,44,27774693,28055186,157764712.0,159357956.0,,99.0,,,
AIUSDT,AI,Speculative,533,0.0273,1366465.53453,-6.507,56.1174889444207,0.00023901354893727774,0.022236000000000006,0.03226749999999999,1.9756223444043497,0.2809917355371901,0.11935483870967736,0.7034982257676315,0.3312013674366123,0.01826666666666667,0.027416666666666662,double_bottom_90d|doji_4h,1,0,haussier,365,0,0,30,,,17.0,66.0,52.0,68.0,53.9,42.61,False,False,,0,,,,59,44633621,342105200,1304675313.0,10000000000.0,10000000000.0,13.0,,,
OGNUSDT,OGN,Speculative,,0.02187,91095.78943,0.876,39.31154731819513,-0.0003503459831099918,0.022778000000000007,0.027795099999999996,0.33894820131945425,0.3149741824440619,0.2471600688468158,0.07301864078902963,0.2520535080693709,0.019713888888888895,0.025715555555555554,uptrend,1,0,haussier,365,0,0,30,,,17.0,28.0,77.5,47.0,52.9,42.6,False,False,,0,,,,49,,,,,,,,,
BIOUSDT,BIO,Mid,363,0.0352,4584535.08838,-1.401,43.8820812891814,-0.0025468712022228713,0.03378799999999999,0.039379999999999984,2.2064240975787475,0.496875,0.41818181818181815,0.2857347692862426,0.17910886852428914,0.01721111111111111,0.049316666666666675,uptrend,1,0,haussier,365,0,0,30,,,31.0,48.0,41.5,68.0,52.9,42.56,False,False,,0,,,,49,75376501,116665077,2145029070.25,3320000000.0,3320000000.0,64.6,4818954,$5M,-18.4
TREEUSDT,TREE,Speculative,946,0.0612,334893.32555,0.328,39.606129231622475,-0.001392583454093629,0.066342,0.09147400000000003,0.7040901516590201,0.243279569892473,0.20208604954367673,0.18976586909377355,0.41794461768783003,0.05885555555555555,0.07552222222222223,double_top_90d|uptrend,1,1,mixte,296,0,0,30,,,15.1,28.0,85.0,47.0,34.4,42.55,False,False,,0,,,,45,17839081,20058676,101361867.09737062,113973628.35544546,200000000.0,88.9,87404956,$87M,-6.78
DCRUSDT,DCR,Mid,152,17.05,179150.60637,1.127,35.377579898083084,-0.1885581235451259,19.679199999999994,22.468400000000006,0.5015774260879516,0.5204439252336448,0.5032126168224299,0.25110110663048124,0.39403345729024963,18.264166666666664,29.835833333333344,downtrend,0,1,baissier,365,0,0,30,,,31.0,28.0,65.5,47.0,29.8,42.54,False,False,,0,,,,41,296094237,296095157,17426999.13363652,17427053.27568412,21000000.0,100.0,,,
METISUSDT,METIS,Speculative,779,3.4,173676.23139,0.0,43.40441843438483,-0.07291794062142712,3.4344,4.800349999999999,0.6257876086904257,0.24316939890710385,0.22196796338672772,0.1538414313847403,0.5883652124311068,2.886666666666667,3.9169444444444443,shooting_star_4h,0,1,baissier,365,0,0,30,,,17.0,28.0,85.0,47.0,25.0,42.5,False,False,,0,,,,43,25018305,33999495,7358434.342,10000000.0,10000000.0,73.6,31187627,$31M,-13.23
ARDRUSDT,ARDR,Speculative,576,0.03954,20438.70431,0.051,34.13592417901346,-0.0003480234906431182,0.04265359999999999,0.05126364999999997,0.2985913518726175,0.1809265442404006,0.17487479131886474,0.13124700029067607,0.7321695730704783,0.04108361111111111,0.047603055555555544,downtrend,0,1,baissier,365,0,0,30,,,17.0,19.0,87.5,47.0,29.8,42.5,False,False,,0,,,,42,39262181,39262181,998466231.0,998466231.0,,100.0,,,
PHAUSDT,PHA,Speculative,734,0.0329,762988.0692,0.612,46.24889123538409,-0.0003025627858628658,0.03500799999999999,0.0374445,0.7712366747453028,0.3822314049586777,0.3223140495867768,0.3285414836417757,0.38320585824079956,0.026116666666666663,0.041841666666666666,uptrend|doji_4h,1,0,haussier,365,0,0,30,,,17.0,37.0,68.5,57.5,52.9,42.42,False,False,,0,,,,53,27622599,32932022,838776263.1097254,1000000000.0,1000000000.0,83.9,,,
ACEUSDT,ACE,Speculative,,0.1184,522584.2207,-0.504,44.64872088984412,-0.001917942154643362,0.12201000000000004,0.19274249999999993,0.6921797180613745,0.31875000000000003,0.2593750000000001,0.3879952034181695,0.45490738103754136,0.11408333333333337,0.15819444444444442,,0,0,neutre,365,0,0,30,,,17.0,28.0,73.0,57.5,50,42.37,False,False,,0,,,,47,,,,,,,,,
AUDIOUSDT,AUDIO,Speculative,742,0.01911,238723.7249,0.42,41.5303570523876,-0.00025740143902049735,0.019513999999999997,0.025502550000000002,0.41342473346923436,0.2554197871501774,0.2459597950335041,0.12815299291624055,0.27908306878350037,0.01696777777777778,0.02294611111111112,,0,0,neutre,365,0,0,30,,,17.0,28.0,77.5,47.0,50,42.37,False,False,,0,,,,48,27210647,27210647,1421182185.0,1421182185.163147,,100.0,,,
ALCXUSDT,ALCX,Speculative,,5.07,78584.229795,0.996,41.39259767796645,-0.056198696387489235,5.2543999999999995,6.800999999999997,0.35034697906310897,0.3333333333333333,0.2777777777777777,0.12901479077607952,0.20663166109506176,4.564444444444444,5.8197222222222225,doji_4h,0,0,neutre,365,0,0,30,,,17.0,28.0,77.5,47.0,50,42.37,False,False,,0,,,,48,,,,,,,34624906,$35M,-5.27
IOSTUSDT,IOST,Speculative,634,0.001054,127651.21849,0.0,42.00801004636644,-1.2833891882179618e-05,0.0010998400000000004,0.0014374250000000002,0.4442867195733599,0.17627944760357445,0.15477145148356056,0.18552789634757277,0.7298097040181822,0.0010483888888888889,0.0012098055555555555,macd_bearish_cross|double_top_90d|uptrend,1,2,baissier,365,0,0,30,,,17.0,28.0,87.5,47.0,13.2,42.26,False,False,,0,,,,41,34588007,34588007,32913539824.0,32913539824.0,90000000000.0,100.0,,,
币安人生USDT,币安人生,Mid,113,0.4431,42980851.96367,-4.484,58.96219673603744,-0.001774015523957742,0.3133899999999999,,1.813927808402178,0.5399325084364455,0.07668264221712857,0.9468042427285529,0.07436629561416927,0.048666666666666664,0.4323416666666666,uptrend,1,0,haussier,134,0,0,30,,,24.7,54.0,41.5,78.5,52.9,42.22,False,False,,0,,,,54,442147174,442147174,1000000000.0,1000000000.0,1000000000.0,100.0,,,
EDENUSDT,EDEN,Speculative,,0.08,31260862.37056,22.324,82.86957961079267,0.004113029396456841,0.038031999999999996,0.05390349999999997,2.1120127015748493,0.3725961538461538,0.03381642512077291,7.59250755077675,0.19052240828890368,0.02993888888888889,0.04725555555555556,macd_bullish_cross|uptrend,2,0,haussier,233,0,0,30,,,13.4,66.0,50.5,78.5,54.9,42.2,False,False,,3,⚡ Volume ×7.6 vs médiane,,7.59,57,,,,,,,,,
FIDAUSDT,FIDA,Speculative,766,0.02601,13185680.619246,27.438,69.86010981184486,0.0006198648639767451,0.017752000000000004,0.02831449999999999,1.677859610636451,0.3608247422680413,0.0,7.707337413259727,0.18359952618645284,0.014111944444444444,0.020376388888888885,rsi_bearish_divergence|macd_bullish_cross|resistance_test,1,2,baissier,365,0,0,30,,,17.0,75.0,50.5,78.5,23.1,42.09,False,False,,3,⚡ Volume ×7.7 vs médiane,,7.71,60,25700136,25700136,990910778.993585,990910778.993585,1000000000.0,100.0,,,
DOGSUSDT,DOGS,Speculative,712,5.63e-05,1924834.0480538,3.303,53.942713799408445,-2.135286122361761e-06,4.1425999999999986e-05,3.9195e-05,2.3928886498446484,0.3800229621125144,0.35361653272101035,0.9688339540082214,0.2513746935776593,2.6102777777777772e-05,6.189444444444445e-05,golden_cross|uptrend,2,0,haussier,365,0,0,30,,,17.0,82.0,41.5,68.0,60.4,42.09,False,False,,0,,,,64,29228468,31109158,516750000000.0,550000000000.0,550000000000.0,94.0,,,
SCUSDT,SC,Speculative,529,0.000911,73611.249338,-0.328,39.813036090584916,-7.76629654676862e-06,0.00095506,0.0013076550000000004,0.3652554590773975,0.24489795918367344,0.22363945578231292,0.28486971587367,0.7226251013070993,0.0009154722222222223,0.0011051944444444447,macd_bearish_cross|downtrend,0,2,baissier,365,0,0,30,,,17.0,28.0,87.5,47.0,8.7,41.89,False,False,,0,,,,39,45327687,45327687,49751295000.0225,49751295000.0225,,100.0,,,
CFGUSDT,CFG,Mid,210,0.2828,3975080.09553,-0.737,57.12813050616724,-0.002418216490914459,0.22994599999999998,,1.1077036700456016,0.2913978494623656,0.08400908206292583,0.17443857702641236,,0.14112692307692304,0.29596153846153844,macd_bearish_cross|uptrend,1,1,mixte,66,0,0,30,,,22.8,45.0,57.0,68.0,31.8,41.86,False,False,,0,,,,48,162675146,191662345,577156141.0,680000000.0,,84.9,1519951600,$1.5B,-4.95
RPLUSDT,RPL,Speculative,579,1.71,106024.9287,-1.724,36.89417045323661,-0.03838791113902015,1.858,2.0840000000000005,0.5229921779398,0.35537190082644626,0.2892561983471074,0.3514631114949969,0.7159712379234365,1.686111111111111,2.1394444444444445,doji_4h,0,0,neutre,365,0,0,30,,,17.0,28.0,75.5,47.0,50,41.78,False,False,,0,,,,47,38845223,38845223,22450907.78720867,22450907.78720867,,100.0,727815261,$728M,-36.58
BEAMXUSDT,BEAMX,Speculative,,0.001726,168753.099777,0.174,34.71535957276011,-3.725365878952023e-05,0.0019107599999999996,0.0025851999999999993,0.45431448406755487,0.3137170056252705,0.2531371700562527,0.24006337875213968,0.6421179204112487,0.0017092777777777777,0.0021239166666666667,double_top_90d|uptrend,1,1,mixte,365,0,0,30,,,17.0,19.0,83.5,47.0,34.4,41.71,False,False,,0,,,,42,,,,,,,,,
LAZIOUSDT,LAZIO,Speculative,,0.561,152437.09728,-1.058,31.950206374325006,-0.007638705899009824,0.65128,0.8546449999999998,0.457726376045866,0.36520737327188935,0.35483870967741926,0.17748132077573595,0.6126812952497928,0.6031111111111112,0.771611111111111,,0,0,neutre,365,0,0,30,,,17.0,19.0,79.0,47.0,50,41.68,False,False,,0,,,,45,,,,,,,,,
OSMOUSDT,OSMO,Speculative,508,0.0626,1447231.294893,-6.706,56.18512479209977,0.00047864926248540954,0.03974200000000001,0.05153699999999997,3.032945658031109,0.2970183486238532,0.28096330275229353,1.0136304894277395,0.1772815329064007,0.030394444444444432,0.056913888888888896,,0,0,neutre,365,0,0,30,,,17.0,75.0,46.0,68.0,50,41.67,False,False,,0,,,,60,47981922,60671814,774200469.568914,978955101.407847,1000000000.0,79.1,17680797,$18M,-1.96
EULUSDT,EUL,Speculative,662,1.303,550940.57309,4.911,47.276880331835635,-0.029674681067602026,1.2760200000000002,2.2263299999999986,1.1359586221604256,0.37670068027210885,0.21303560651780323,0.19170331099215074,0.48990141628789835,0.8356944444444444,1.500361111111111,uptrend,1,0,haussier,220,0,0,30,,,13.0,57.0,62.5,57.5,52.9,41.65,False,False,,0,,,,58,32127366,36167518,24146317.188470602,27182818.28459,27182818.0,88.8,343578327,$344M,-13.1
CGPTUSDT,CGPT,Speculative,791,0.02647,2193537.245748,-10.271,44.212681579740455,-0.0009520265087829957,0.0254522,0.028966449999999998,1.507371080292704,0.3847953216374269,0.3847953216374269,1.8387810968808087,0.3042072441560275,0.018877222222222226,0.031865277777777784,macd_bearish_cross|uptrend|morning_star_4h,2,1,haussier,365,0,0,30,,,17.0,75.0,47.5,68.0,44.3,41.64,False,False,,0,,,,56,24353175,26240354,926008073.0,997766421.0,1000000000.0,92.8,,,
USTCUSDT,USTC,Speculative,638,0.00616,279969.74243,-0.324,45.9214748324249,-0.00020277758434846362,0.005880200000000001,0.006063150000000001,1.2178922208129968,0.2537313432835821,0.23507462686567165,0.12274992646525588,0.3782966514960541,0.0045275,0.007155277777777778,,0,0,neutre,365,0,0,30,,,17.0,57.0,62.5,47.0,50,41.61,False,False,,0,,,,57,34031341,37100267,5577346256.301507,6080308086.253566,,91.7,,,
TURTLEUSDT,TURTLE,Speculative,,0.045,233245.24774,0.0,39.74251854741372,-0.0013529657211642223,0.04757200000000002,0.056614000000000005,0.9675780487154919,0.2293103448275863,0.2224137931034483,0.19178225354568884,0.29734776181208944,0.0398361111111111,0.053699999999999984,uptrend,1,0,haussier,211,0,0,30,,,12.8,28.0,79.0,47.0,52.9,41.44,False,False,,0,,,,49,,,,,,,1314602,$1M,-9.84
QUICKUSDT,QUICK,Speculative,,0.00939,92794.35129,-0.424,37.72794176821226,-0.00014975706378118328,0.010417399999999997,0.011360400000000007,0.7116239543646565,0.23813559322033898,0.2025423728813559,0.3884636568967202,0.5992228059417488,0.009124166666666668,0.01158305555555556,double_top_90d|downtrend,0,2,baissier,365,0,0,30,,,17.0,28.0,85.0,47.0,11.3,41.38,False,False,,0,,,,40,,,,,,,414016666,$414M,-10.91
C98USDT,C98,Speculative,911,0.0193,195388.3116,1.579,38.52722274440662,-0.0002817123749670627,0.021574,0.02536749999999999,0.5632369735407006,0.38436482084690554,0.3713355048859935,0.27703584526936775,0.3675775341885481,0.019888888888888893,0.029086111111111115,macd_bearish_cross|uptrend,1,1,mixte,365,0,0,30,,,17.0,28.0,79.0,47.0,31.8,41.31,False,False,,0,,,,44,19233774,19233796,999998884.0,1000000000.0,1000000000.0,100.0,,,
YGGUSDT,YGG,Speculative,740,0.03656,238914.415036,-0.273,36.81727749102241,-0.001108760047048693,0.0403124,0.05744840000000002,0.6960503689871644,0.2968684759916492,0.2457154656204832,0.15018537329940349,0.4810064394417052,0.03545138888888889,0.04565750000000001,uptrend,1,0,haussier,365,0,0,30,,,17.0,28.0,73.0,47.0,52.9,41.3,False,False,,0,,,,48,27246568,36648860,743449268.6544169,1000000000.0,1000000000.0,74.3,,,
HAEDALUSDT,HAEDAL,Speculative,,0.02888,192346.992239,-0.138,39.1592521878034,-0.0008398556568084119,0.031361599999999996,0.0392854,0.9551755146328622,0.25748502994011974,0.24681072637334026,0.20273062116132753,0.36301406010325826,0.025655555555555543,0.035531944444444435,uptrend,1,0,haussier,365,0,0,30,,,17.0,28.0,73.0,47.0,52.9,41.3,False,False,,0,,,,48,,,,,,,39996045,$40M,-20.4
ACXUSDT,ACX,Speculative,716,0.0416,111940.87049,-0.24,39.41806039412907,-0.0003659348498029825,0.04354599999999999,0.04773349999999998,0.40289154757023055,0.31404958677685946,0.31404958677685946,0.183437807942349,0.14571614655660575,0.033788888888888896,0.047508333333333354,uptrend,1,0,haussier,365,0,0,30,,,17.0,28.0,73.0,47.0,52.9,41.3,False,False,,0,,,,48,29140753,41354484,704657633.0,1000000000.0,1000000000.0,70.5,27580632,$28M,-2.43
GIGGLEUSDT,GIGGLE,Speculative,654,33.15,2285942.49905,-0.54,47.72644022217913,-0.478908405461954,33.0224,56.82995,1.2046714568207892,0.4041054538136446,0.333065003018716,0.15754569715150837,0.47083252103789475,23.672222222222224,39.1261111111111,,0,0,neutre,208,0,0,30,,,12.7,57.0,58.0,68.0,50,41.29,False,False,,0,,,,56,32961326,32961326,1000000.0,1000000.0,1000000.0,100.0,,,
SOMIUSDT,SOMI,Speculative,774,0.1576,598338.49343,-0.505,35.30430862210817,-0.0042870658501005885,0.173738,0.22257899999999992,0.6165410372747337,0.3148063781321184,0.28063781321184506,0.34108206335280145,0.4936976739520212,0.15673055555555554,0.20831944444444442,,0,0,neutre,261,0,0,30,,,14.2,28.0,73.0,57.5,50,41.29,False,False,,0,,,,47,25273765,157763826,160200000.0,1000000000.0,1000000000.0,16.0,,,
METUSDT,MET,Mid,365,0.1436,181605.33256,0.209,39.57428871456603,-0.0038371317784354425,0.152622,,1.018109512387029,0.40478424015009373,0.3273921200750469,0.21217746022310263,0.4748956853926255,0.13313333333333335,0.1912222222222222,,0,0,neutre,189,0,0,30,,,26.2,36.0,58.0,47.0,50,41.18,False,False,,0,,,,47,74967920,143115042,522642885.086467,997734209.271874,1000000000.0,52.4,211271117,$211M,
REQUSDT,REQ,Speculative,503,0.0668,81540.8217,0.15,42.28685846279799,-0.000578587185606472,0.07093400000000001,0.08846100000000007,0.5669370592055154,0.34002006018054165,0.33199598796389157,0.20929604226671217,0.3034532282862549,0.06284444444444443,0.08160277777777775,downtrend,0,1,baissier,365,0,0,30,,,17.0,28.0,79.0,47.0,29.8,41.15,False,False,,0,,,,43,49082556,65906904,744291192.2591633,999416740.9347086,1000000000.0,74.5,,,
ONGUSDT,ONG,Speculative,682,0.06748,823152.18652,-1.128,41.510377314870794,-0.0003584470347078265,0.07745220000000001,0.07950070000000002,0.5073047361136566,0.37082037325038886,0.34360419906687395,0.3716949145828134,0.24571673855884543,0.05923027777777777,0.08898999999999999,support_bounce|downtrend,1,1,mixte,365,0,0,30,,,17.0,28.0,73.0,57.5,34.5,41.1,False,False,,0,,,,43,31319652,53197310,470996021.0,800000000.0,1000000000.0,58.9,,,
GUSDT,G,Speculative,773,0.0035,105480.52501,0.575,39.72506451635804,-5.304939042632125e-05,0.0037481999999999997,0.00435685,0.46784569940887083,0.40940766550522656,0.3902439024390244,0.14149700636202536,0.45779289909078713,0.0033452777777777786,0.004242222222222222,macd_bearish_cross,0,1,baissier,365,0,0,30,,,17.0,28.0,79.0,47.0,28.8,41.07,False,False,,0,,,,43,25277089,41938013,7232700000.0,12000000000.0,12000000000.0,60.3,21504395,$22M,-15.47
BICOUSDT,BICO,Speculative,962,0.0241,220571.60936,2.553,44.87163135910873,-0.0003436275563862505,0.024686000000000003,0.03549,0.9396440942136121,0.25746268656716415,0.19666666666666663,0.20016463271003138,0.5376524102148118,0.020122222222222222,0.027213888888888885,,0,0,neutre,365,0,0,30,,,17.0,28.0,73.0,47.0,50,41.06,False,False,,0,,,,47,17278031,24062446,718049656.9789356,1000000000.0,1000000000.0,71.8,,,
STEEMUSDT,STEEM,Speculative,708,0.05417,200433.77698,-1.419,36.21010958647048,-0.0005387936503736571,0.058106200000000004,0.06410499999999997,0.41879760626344226,0.31702395964691044,0.31702395964691044,0.30196554966837447,0.2486000264423027,0.05364833333333334,0.0658461111111111,,0,0,neutre,365,0,0,30,,,17.0,28.0,73.0,47.0,50,41.06,False,False,,0,,,,47,29580501,29580596,547876920.749,547878664.344,,100.0,,,
AGLDUSDT,AGLD,Speculative,878,0.234,146980.5583,0.0,38.92620754296455,-0.0037806500004169312,0.25592000000000004,0.2688450000000001,0.4958242048515309,0.44587628865979384,0.39432989690721654,0.1382615757524369,0.23961326861442603,0.22619444444444448,0.29269444444444453,,0,0,neutre,365,0,0,30,,,17.0,28.0,73.0,47.0,50,41.06,False,False,,0,,,,47,20462429,21726264,87430001.0,92830001.0,96000000.0,94.2,,,
TSTUSDT,TST,Speculative,,0.01637,4615943.679968,-4.325,47.941029002927785,-0.0008604233043910193,0.013782400000000004,0.013651800000000007,2.6749615342139728,0.37221795855717577,0.37221795855717577,0.40389309005951984,0.2599845343677438,0.008344722222222222,0.02066666666666666,golden_cross|uptrend,2,0,haussier,365,0,0,30,,,17.0,73.0,41.5,68.0,60.4,40.97,False,False,,0,,,,61,,,,,,,,,
ATMUSDT,ATM,Speculative,,1.022,135085.64539,0.393,40.37343584480484,-0.006535852430477388,1.0809,1.04566,0.45364564599971263,0.3472775564409031,0.3220451527224436,0.21087980877229895,0.2868445320084672,1.0039722222222223,1.3523055555555556,double_top_90d|support_bounce|doji_4h,1,1,mixte,365,0,0,30,,,17.0,36.0,73.0,47.0,36.1,40.92,False,False,,0,,,,46,,,,,,,,,
TNSRUSDT,TNSR,Speculative,,0.0389,596267.04962,2.1,44.721198224632246,-0.0005823790175424112,0.04010200000000001,0.061422,0.6182910730343776,0.2862823061630218,0.24806201550387594,0.2723903371911594,0.2901993753129324,0.03720277777777777,0.04902222222222222,uptrend,1,0,haussier,365,0,0,30,,,17.0,28.0,67.0,57.5,52.9,40.87,False,False,,0,,,,47,,,,,,,,,
DYMUSDT,DYM,Speculative,,0.0258,3191175.80682,2.381,57.184917416938006,0.00013918958191135966,0.020612,0.051841000000000026,1.5309996870901184,0.6023529411764706,0.3929411764705883,1.5932035213273745,0.3050629558536406,0.017947222222222222,0.038724999999999996,uptrend,1,0,haussier,365,0,0,30,,,17.0,84.0,38.5,68.0,52.9,40.85,False,False,,0,,,,62,,,,,,,,,
FLOWUSDT,FLOW,Mid,437,0.03556,302212.7652328,-0.754,39.424749112671506,-0.0007896050163462759,0.03697840000000001,0.09764849999999992,0.6764343500231188,0.5625958883092973,0.4536667689475299,0.1234280875472821,0.2634677066886444,0.03025666666666667,0.04721972222222221,,0,0,neutre,365,0,0,30,,,31.0,28.0,53.5,47.0,50,40.71,False,False,,0,,,,44,59100910,59100910,1661932437.677632,1661932437.677632,,100.0,,,
MBOXUSDT,MBOX,Speculative,,0.0114,1531821.59261,-6.557,43.81022364924947,-6.863123818401563e-05,0.012393999999999994,0.02433050000000002,0.6915754252521775,0.4827586206896551,0.438423645320197,0.6143289129938541,0.12831360599925687,0.011486111111111112,0.01970555555555555,macd_bearish_cross|support_bounce,1,1,mixte,365,0,0,30,,,17.0,37.0,62.5,68.0,33.5,40.4,False,False,,0,,,,44,,,,,,,,,
HMSTRUSDT,HMSTR,Speculative,,0.0001484,141587.8550197,0.406,40.576689210472885,-4.4572203319986786e-06,0.00015702400000000002,0.00019987849999999997,0.8686646731545473,0.31118390266729057,0.30463266261113703,0.1819272352186974,0.43190539966910535,0.0001375527777777778,0.00018361666666666664,support_bounce|uptrend,2,0,haussier,365,0,0,30,,,17.0,28.0,68.5,47.0,57.6,40.37,False,False,,0,,,,48,,,,,,,,,
BARUSDT,BAR,Speculative,,0.391,169745.24448,-1.759,29.86483338697029,-0.0032425796812569976,0.4760199999999999,0.5350450000000005,0.5056132324679171,0.3205574912891985,0.3205574912891985,0.28532758006346,0.4127874527876441,0.42327777777777764,0.5621388888888887,double_top_90d|doji_4h,0,1,baissier,365,0,0,30,,,17.0,19.0,79.0,47.0,31.4,40.17,False,False,,0,,,,47,,,,,,,,,
ZKCUSDT,ZKC,Speculative,903,0.0673,276468.08985,-0.444,36.00551180735871,-0.001388470931260495,0.07352199999999998,0.1051085,0.6190011886741302,0.2918454935622318,0.27789699570815457,0.3060447659410735,0.6359451271882822,0.06861666666666666,0.0872361111111111,uptrend,1,0,haussier,248,0,0,30,,,13.8,28.0,73.0,47.0,52.9,40.08,False,False,,0,,,,48,19552523,70473690,290641046.0,1047565448.964275,,27.7,,,
JUVUSDT,JUV,Speculative,,0.437,202320.38198,-1.354,32.885549009384405,-0.005932720788980349,0.49979999999999997,0.6233749999999997,0.5179926641786291,0.3154574132492114,0.3107255520504732,0.2361715564872016,0.5565552096650856,0.4730000000000001,0.6113055555555555,downtrend,0,1,baissier,365,0,0,30,,,17.0,19.0,79.0,47.0,29.8,40.04,False,False,,0,,,,41,,,,,,,,,
SCRTUSDT,SCRT,Speculative,747,0.0816,246577.64352,1.746,34.168498000697326,-0.003359838851695971,0.09790800000000001,0.11370199999999997,0.7604685719010642,0.3170305676855895,0.2873362445414847,0.37825685911713913,0.6216426585184871,0.07460833333333333,0.11159166666666669,,0,0,neutre,365,0,0,30,,,17.0,19.0,73.0,47.0,50,39.94,False,False,,0,,,,44,26907828,27843859,343673305.165428,355628530.549485,,96.6,,,
SAPIENUSDT,SAPIEN,Speculative,764,0.1032,397873.01528,-1.527,48.50564442808467,-0.0023109008320384428,0.09192600000000001,,0.9727080202842575,0.33052631578947367,0.24634502923976612,0.20840360506100725,0.41445189356921425,0.06828055555555554,0.11411666666666671,macd_bearish_cross|uptrend,1,1,mixte,196,0,0,30,,,12.4,45.0,73.0,47.0,31.8,39.92,False,False,,0,,,,51,25725414,102901654,250000000.0,1000000000.0,1000000000.0,25.0,,,
REZUSDT,REZ,Speculative,545,0.00498,263244.503242,-2.353,45.56696580146676,-0.00021501680012033533,0.004553000000000001,0.004716599999999998,1.0181803207856046,0.2793053545586107,0.2793053545586107,0.11208490930032315,0.20707120734441342,0.002952777777777777,0.00584888888888889,,0,0,neutre,365,0,0,30,,,17.0,57.0,56.5,47.0,50,39.87,False,False,,0,,,,56,42869297,49142784,8561709830.077737,9814629224.12962,10000000000.0,87.2,180388839,$180M,-9.3
NIGHTUSDT,NIGHT,Mid,102,0.03077,659980.82842,-2.038,37.655789117369316,8.371732106751337e-05,0.035955799999999996,,0.6130932573274364,0.4234546504910456,0.4080492971307529,0.003419693930117438,,0.03142857142857144,0.05017535714285715,rsi_bullish_divergence|downtrend,1,1,mixte,71,0,0,30,,,22.9,36.0,58.5,57.5,29.8,39.76,False,False,,0,,,,42,509946258,736943208,16607399400.63495,24000000000.0,24000000000.0,69.2,,,
GTCUSDT,GTC,Speculative,,0.105,1124906.5569,8.247,50.71948666888428,-0.0019843282035776066,0.09538000000000003,0.11684500000000005,2.480214681056647,0.46067415730337075,0.4101123595505618,1.733742061050083,0.15330518805807136,0.07680555555555559,0.1196388888888889,macd_bearish_cross,0,1,baissier,365,0,0,30,,,17.0,84.0,41.5,68.0,28.8,39.75,False,False,,0,,,,57,,,,,,,,,
RAREUSDT,RARE,Speculative,,0.016,205879.54781,1.266,42.5384572257859,-0.00029124513825834166,0.016574,0.020714499999999997,0.6866051090646462,0.34728033472803355,0.33054393305439334,0.14388015905422766,0.37647932102984655,0.014430555555555554,0.019088888888888888,,0,0,neutre,365,0,0,30,,,17.0,28.0,68.5,47.0,50,39.75,False,False,,0,,,,46,,,,,,,,,
PIVXUSDT,PIVX,Speculative,,0.0648,45392.125,0.0,38.2744020319422,-0.000866077679809452,0.07705999999999999,0.12611450000000005,0.7942818718779407,0.3262486716259299,0.31137088204038266,0.11171116630549759,0.544454264409179,0.06792499999999999,0.0921472222222222,doji_4h,0,0,neutre,365,0,0,30,,,17.0,28.0,68.5,47.0,50,39.75,False,False,,0,,,,46,,,,,,,,,
CTSIUSDT,CTSI,Speculative,741,0.02963,227000.53457,0.135,39.0687181157319,-0.0005296901149712282,0.033255,0.032949250000000006,0.6654283931804943,0.30761972163246043,0.30077848549186126,0.07751430325498891,0.09218163027928802,0.022987222222222232,0.03807833333333334,golden_cross,1,0,haussier,365,0,0,30,,,17.0,36.0,62.5,47.0,57.5,39.62,False,False,,0,,,,50,27211744,29778804,913795731.7900137,1000000000.0,1000000000.0,91.4,,,
MEUSDT,ME,Speculative,,0.0942,703616.81068,-1.361,34.94474129271235,-0.0024834752722762625,0.10618999999999999,0.19267999999999993,0.6273832589223809,0.29809885931558944,0.2844106463878327,0.3551125188158339,0.6643422806316791,0.0987833333333333,0.12348611111111113,downtrend,0,1,baissier,365,0,0,30,,,17.0,19.0,73.0,57.5,29.8,39.6,False,False,,0,,,,40,,,,,,,,,
XAIUSDT,XAI,Speculative,864,0.01029,348573.546433,-1.625,42.571200933905885,-0.00026267464338668357,0.010467400000000002,0.013741949999999992,0.686447613517455,0.2631578947368421,0.21016166281755194,0.15333452852550533,0.5200280852246606,0.009074722222222222,0.012020833333333335,macd_bearish_cross|uptrend,1,1,mixte,365,0,0,30,,,17.0,28.0,73.0,47.0,31.8,39.57,False,False,,0,,,,43,21041753,22502834,2048341609.7506118,2190572797.401234,2500000000.0,93.5,,,
INITUSDT,INIT,Speculative,978,0.0842,179900.65175,0.0,41.60791508941576,-0.0023341806865190915,0.089184,0.092367,0.9052541069095663,0.2522343594836146,0.23524069028156228,0.09592796780760428,0.1783569654293378,0.07737222222222222,0.10140833333333331,uptrend,1,0,haussier,365,0,0,30,,,17.0,28.0,67.0,47.0,52.9,39.56,False,False,,0,,,,47,16476418,84190831,195703228.82389,1000000000.0,1000000000.0,19.6,,,
SHELLUSDT,SHELL,Speculative,,0.0334,245873.10556,-0.299,39.46489997586091,-0.0009011512842037872,0.03397200000000001,0.045418000000000014,0.602277761330679,0.25626740947075205,0.18337408312958436,0.1238536803166434,0.4085579611919339,0.02777222222222222,0.03927222222222222,double_top_90d,0,1,baissier,365,0,0,30,,,17.0,28.0,73.0,47.0,31.4,39.54,False,False,,0,,,,43,,,,,,,,,
1000SATSUSDT,1000SATS,Speculative,,1.336e-05,205784.40992851,0.983,43.34676367310949,-3.1323636696872455e-07,1.36542e-05,1.4741299999999982e-05,0.6516718101253737,0.294054054054054,0.2778378378378378,0.13037483394192875,0.42986643651492645,1.051861111111111e-05,1.601277777777778e-05,downtrend,0,1,baissier,365,0,0,30,,,17.0,28.0,73.0,47.0,29.8,39.41,False,False,,0,,,,42,,,,,,,,,
HUMAUSDT,HUMA,Speculative,608,0.02144,865504.37636,-1.876,47.535105022859746,-0.0003519994830361007,0.020142600000000007,0.021618450000000004,1.1667965922712333,0.3833253473885961,0.24657534246575338,0.1023987818092392,0.18279656902877445,0.012685277777777778,0.024106388888888886,macd_bearish_cross,0,1,baissier,360,0,0,30,,,16.9,57.0,56.5,57.5,28.8,39.4,False,False,,0,,,,51,36392302,209955590,1733333333.0,10000000000.0,10000000000.0,17.3,,,
STGUSDT,STG,Speculative,905,0.1659,500640.97292,0.851,30.411235399609993,-0.008779105600016164,0.21997399999999995,0.16508200000000003,0.9888494826459889,0.39624032436417245,0.3907113896056026,0.39048156609411966,0.24579908582484306,0.1529527777777778,0.2531055555555556,,0,0,neutre,365,0,0,30,,,17.0,27.0,62.5,57.5,50,39.2,False,False,,0,,,,45,19493287,19493287,117819851.16266531,117819851.16266531,1000000000.0,100.0,83243543,$83M,-6.14
XVGUSDT,XVG,Mid,454,0.003385,316449.515586,4.154,44.542765000616015,-8.855193731921912e-06,0.00382808,0.005531200000000005,0.7733746205250086,0.503725299643667,0.45448655652737285,0.2742350686745866,0.4400058049482758,0.0032862777777777777,0.005718194444444445,macd_bearish_cross|downtrend,0,2,baissier,365,0,0,30,,,31.0,28.0,59.5,47.0,8.7,39.07,False,False,,0,,,,35,55674147,55785512,16521951235.74134,16555000000.0,,99.8,,,
ALICEUSDT,ALICE,Speculative,,0.1294,826349.74513,-1.895,42.91353373599094,-0.0025372886146081894,0.134808,0.162459,0.9002343708854096,0.31523178807947017,0.21219512195121948,0.21047203770496078,0.09843503335369196,0.1058138888888889,0.16151944444444444,downtrend,0,1,baissier,365,0,0,30,,,17.0,28.0,67.0,57.5,29.8,38.98,False,False,,0,,,,41,,,,,,,,,
SOLVUSDT,SOLV,Speculative,,0.00417,889839.38919,0.0,46.33456922238902,-7.452609639090466e-05,0.004334599999999999,0.009178950000000007,1.2417199278510278,0.3792486583184258,0.2522361359570663,0.15665277518689702,0.04568512210631238,0.003373333333333334,0.005109166666666668,uptrend,1,0,haussier,365,0,0,30,,,17.0,37.0,56.5,57.5,52.9,38.93,False,False,,0,,,,51,,,,,,,491154228,$491M,-5.85
PONDUSDT,POND,Speculative,,0.00147,165628.04166,3.521,19.649002886444478,-4.9205948937269285e-05,0.0021514,0.003225249999999997,0.759602709733785,0.424,0.41200000000000003,0.5348484806677586,0.5508049594749409,0.001841666666666667,0.0024933333333333326,,0,0,neutre,365,0,0,30,,,17.0,19.0,68.5,47.0,50,38.64,False,False,,0,,,,50,,,,,,,,,
DUSDT,D,Speculative,,0.01365,1008809.84762,0.59,53.5701091878984,-0.00018187418231845032,0.012249600000000003,0.012215050000000005,1.8787187116047523,0.602001906577693,0.34842707340324114,0.19722819967488828,0.05119592110327833,0.006078333333333333,0.015598611111111113,golden_cross|bullish_engulfing_4h,2,0,haussier,365,0,0,30,,,17.0,73.0,32.5,68.0,63.0,38.57,False,False,,0,,,,60,,,,,,,,,
CITYUSDT,CITY,Speculative,,0.486,598080.31169,-5.996,28.656339242316932,-0.014097513676924668,0.6029999999999999,0.6132799999999997,0.649918164059605,0.3726790450928382,0.356763925729443,0.4332211255319088,0.2740029697315219,0.5092500000000001,0.7072777777777779,uptrend|doji_4h,1,0,haussier,365,0,0,30,,,17.0,19.0,62.5,57.5,52.9,38.44,False,False,,0,,,,49,,,,,,,,,
MOVRUSDT,MOVR,Speculative,761,2.266,790690.826092,4.328,49.27997889218666,-0.07252019333228671,1.9895600000000004,2.1860350000000004,2.1099198653304647,0.4318026045236464,0.22309801233721735,0.29877167259276743,0.25500811998173417,1.1171111111111107,2.679861111111111,uptrend,1,0,haussier,365,0,0,30,,,17.0,57.0,46.0,57.5,52.9,38.37,False,False,,0,,,,55,25910730,28290972,11448623.0,12500330.0,,91.6,,,
BREVUSDT,BREV,Speculative,736,0.1106,190479.37891,-0.271,39.19827943929151,-0.0018331003340907345,0.121496,,0.7031628916314455,0.335811648079306,0.3141263940520445,0.15010251595361326,0.4699461027115907,0.11115000000000001,0.14463611111111116,,0,0,neutre,135,0,0,30,,,10.7,36.0,68.5,47.0,50,38.36,False,False,,0,,,,49,27565038,110260152,250000000.0,1000000000.0,1000000000.0,25.0,,,
MLNUSDT,MLN,Speculative,,2.31,739972.57767,4.054,38.59595228251748,-0.0764744262396938,3.039000000000001,4.153499999999998,1.7032849305808437,0.4326424870466321,0.3989637305699482,2.3238152360032602,0.4071591199330152,2.7816666666666667,3.7583333333333346,,0,0,neutre,365,0,0,30,,,17.0,55.0,47.5,57.5,50,38.32,False,False,,0,,,,55,,,,,,,85776864,$86M,-4.54
SXTUSDT,SXT,Speculative,698,0.01163,1073411.211099,-1.774,29.018654033082782,-0.00021435382966384037,0.015614400000000002,0.024315099999999992,0.7435987739244907,0.5056277056277056,0.49653679653679655,0.7577627115082348,0.33643808260764363,0.013492222222222225,0.020719166666666667,downtrend|doji_4h,0,1,baissier,365,0,0,30,,,17.0,28.0,59.5,68.0,29.8,38.11,False,False,,0,,,,46,30101655,57914224,2598813644.2665,5000000000.0,5000000000.0,52.0,,,
PORTOUSDT,PORTO,Speculative,,0.747,207396.50353,-0.665,28.97557197892145,-0.007041393512806103,0.90474,1.0202900000000001,0.6414141468374029,0.38792390405293636,0.38130686517783297,0.6376829184247932,0.5825462932824764,0.8039166666666667,1.124888888888889,downtrend,0,1,baissier,365,0,0,30,,,17.0,28.0,68.5,47.0,29.8,38.11,False,False,,0,,,,48,,,,,,,,,
BARDUSDT,BARD,Mid,375,0.228,860844.0672,1.604,25.898030279880828,-0.0014723685580828316,0.29408,0.6674235000000001,0.546178307799313,0.8676124323051565,0.8659642100306099,0.3138434453726953,0.3980030477407589,0.26369444444444445,1.1432694444444447,macd_bearish_cross|downtrend,0,2,baissier,245,0,0,30,,,27.7,19.0,59.5,57.5,8.7,38.02,False,False,,0,,,,38,73304688,227301359,322500000.0,1000000000.0,1000000000.0,32.2,754148288,$754M,-5.63
VANRYUSDT,VANRY,Speculative,,0.005041,139581.813023,-0.435,40.74183288454162,-8.944532302669278e-05,0.00536046,0.0073718899999999955,0.670029145632407,0.37719409016289945,0.36380856168708176,0.1424139352135647,0.4118171435881827,0.004905166666666666,0.006160750000000001,macd_bearish_cross,0,1,baissier,365,0,0,30,,,17.0,28.0,68.5,47.0,28.8,38.02,False,False,,0,,,,41,,,,,,,,,
GLMRUSDT,GLMR,Speculative,,0.0143,147810.69777,-0.694,39.193438514243525,-0.00044866906658553045,0.014501999999999998,0.01959650000000001,1.1109095625285137,0.2617801047120419,0.25130890052356014,0.1472953184082472,0.395152907028351,0.010622222222222224,0.017849999999999998,,0,0,neutre,365,0,0,30,,,17.0,28.0,62.5,47.0,50,38.01,False,False,,0,,,,45,,,,,,,,,
CATIUSDT,CATI,Speculative,868,0.0499,80499.12286,-0.992,38.49246394404116,-0.0022078763809324506,0.053217999999999994,0.053828000000000015,0.8411174719476907,0.3053221288515407,0.30112044817927175,0.12393827943144808,0.20185446635743756,0.03894444444444445,0.062483333333333335,,0,0,neutre,365,0,0,30,,,17.0,28.0,62.5,47.0,50,38.01,False,False,,0,,,,45,20879480,49857798,418780624.57,1000000000.0,1000000000.0,41.9,,,
ZBTUSDT,ZBT,Speculative,580,0.1594,3556317.62854,6.551,50.37631842125565,-0.0035761393420964205,0.1426620000000001,0.11120049999999998,1.70465454455303,0.3295089490592015,0.26847177604405703,0.3752236497703729,0.13653369424176318,0.07028055555555553,0.18880555555555556,shooting_star_4h,0,1,baissier,216,0,0,30,,,12.9,73.0,46.0,68.0,25.0,37.83,False,False,,0,,,,53,39024331,159288061,244992188.30119348,1000000000.0,1000000000.0,24.5,58265517,$58M,0.06
BBUSDT,BB,Speculative,,0.0277,581212.09891,-0.36,42.97658035013235,-0.0009070127372687082,0.028215999999999998,0.04695250000000001,1.0422521333514612,0.26923076923076916,0.23901098901098908,0.28898438171915,0.4840930490611819,0.023427777777777787,0.03335833333333333,macd_bearish_cross|uptrend,1,1,mixte,365,0,0,30,,,17.0,28.0,62.5,57.5,31.8,37.83,False,False,,0,,,,41,,,,,,,,,
HFTUSDT,HFT,Speculative,,0.0139,128076.05668,0.725,42.04678888662301,-0.00028186285679315765,0.014588,0.023204999999999996,0.661711853946735,0.30952380952380953,0.2068965517241379,0.07836888286658857,0.28906480174628635,0.012902777777777777,0.016324999999999996,double_top_90d|doji_4h,0,1,baissier,365,0,0,30,,,17.0,28.0,67.0,47.0,31.4,37.8,False,False,,0,,,,42,,,,,,,,,
ALLOUSDT,ALLO,Speculative,907,0.0846,585684.09288,3.297,33.10677909890738,-0.001481061036735766,0.10594599999999996,,0.7793635021646429,0.38575667655786355,0.37240356083086057,0.253962014757967,0.3338703728569028,0.0924777777777778,0.12950555555555554,double_top_90d|doji_4h,0,1,baissier,191,0,0,30,,,12.2,27.0,68.5,57.5,31.4,37.61,False,False,,0,,,,42,19431813,66464000,230078381.6538309,786953309.2911468,1000000000.0,29.2,,,
ZKPUSDT,ZKP,Speculative,,0.0744,1622824.75992,6.286,44.72550620437476,-0.0014231765907538585,0.07697599999999999,,1.2054699086090503,0.29929929929929927,0.25325325325325326,0.43648175919364735,0.3053458846371714,0.06894722222222223,0.09151388888888891,downtrend,0,1,baissier,134,0,0,30,,,10.7,36.0,62.5,68.0,29.8,37.58,False,False,,0,,,,43,,,,,,,,,
VICUSDT,VIC,Speculative,,0.058,1056668.040589,-5.537,54.334830492049875,0.0006496440719245306,0.052341999999999986,0.07340950000000004,1.6910945939370623,0.3316582914572865,0.15529753265602322,0.7322083066728333,0.22615233022454695,0.042866666666666664,0.061980555555555567,double_top_90d|downtrend,0,2,baissier,365,0,0,30,,,17.0,66.0,46.0,68.0,11.3,37.39,False,False,,0,,,,48,,,,,,,,,
HIGHUSDT,HIGH,Speculative,,0.184,2570241.031144,2.222,45.25335475001362,-0.004725148428101827,0.19004000000000001,0.19536499999999987,1.5093829776833172,0.4171974522292994,0.40764331210191085,1.733488328509516,0.13212513906296516,0.12255555555555556,0.2605555555555556,downtrend,0,1,baissier,365,0,0,30,,,17.0,64.0,41.5,68.0,29.8,37.35,False,False,,0,,,,51,,,,,,,,,
BROCCOLI714USDT,BROCCOLI714,Speculative,,0.01442,445520.68312,0.91,40.349410259905184,-0.0004935588075512381,0.015507800000000006,0.015794300000000004,1.3357711032446427,0.34001865671641796,0.32649253731343286,0.1229336999793845,0.41627162609730894,0.012060555555555554,0.01846111111111111,uptrend,1,0,haussier,365,0,0,30,,,17.0,28.0,58.0,47.0,52.9,36.94,False,False,,0,,,,45,,,,,,,,,
ATUSDT,AT,Speculative,701,0.1275,2843586.68007,-2.224,36.01118036319355,-0.005070124912146807,0.16002800000000003,,1.6260844974311337,0.43656908063687727,0.34565998972778633,1.963833911889464,0.16548235583315082,0.13660000000000003,0.1725611111111111,doji_4h,0,0,neutre,175,0,0,30,,,11.8,63.0,41.5,68.0,50,36.9,False,False,,0,,,,53,29824715,129672673,230000000.0,1000000000.0,1000000000.0,23.0,,,
AVNTUSDT,AVNT,Speculative,535,0.1372,434871.42139,0.808,42.20454603246259,-0.002646373544863006,0.14381000000000005,0.25223750000000006,1.081526739806289,0.35318704284221525,0.28369905956112845,0.18183584902403338,0.549586641319395,0.13036944444444443,0.17918055555555557,,0,0,neutre,248,0,0,30,,,13.8,28.0,62.5,47.0,50,36.8,False,False,,0,,,,45,44128264,136595815,323057217.22011274,1000000000.0,1000000000.0,32.3,45812058,$46M,-2.58
YBUSDT,YB,Speculative,873,0.106,260643.27682,0.379,40.58253217227901,-0.0018464757517564307,0.11802599999999996,0.26408900000000013,0.7391463098703106,0.47357180993059267,0.43406300053390284,0.21103951549813924,0.26073694238877804,0.10705,0.16845,uptrend,1,0,haussier,218,0,0,30,,,13.0,28.0,62.5,47.0,52.9,36.72,False,False,,0,,,,46,20662194,77611786,195497096.7356715,734330496.1941721,1000000000.0,26.6,153918398,$154M,-5.7
DOLOUSDT,DOLO,Speculative,,0.03183,153188.714861,0.0,44.85588105641462,-0.0003857097237067298,0.033516,0.04100989999999999,0.8831658716018134,0.27600387034349305,0.22931785195936144,0.11162990632585952,0.40793089778565594,0.03083527777777778,0.03842249999999999,macd_bearish_cross|downtrend,0,2,baissier,267,0,0,30,,,14.3,28.0,73.0,47.0,8.7,36.66,False,False,,0,,,,37,,,,,,,163264045,$163M,-5.44
BANKUSDT,BANK,Speculative,1002,0.0368,297524.98746,6.052,48.879700703755674,-0.00035711841703311227,0.03611399999999999,,0.9152472444049192,0.49464285714285716,0.34285714285714286,0.26112053889947523,0.04297702000792394,0.03213055555555555,0.04356111111111112,macd_bearish_cross,0,1,baissier,189,0,0,30,,,12.2,45.0,62.5,47.0,28.8,36.56,False,False,,0,,,,48,15637848,15637848,425250000.0,425250000.0,2100000000.0,100.0,,,
SANTOSUSDT,SANTOS,Speculative,977,1.029,303171.33766,-0.387,35.992557758677535,-0.017520224767010005,1.1467399999999994,1.5613949999999994,0.6766268491836445,0.4917184265010352,0.4673913043478261,0.18240284690340006,0.28988299012920093,1.0186944444444441,1.496138888888889,double_top_90d,0,1,baissier,365,0,0,30,,,17.0,28.0,62.5,47.0,31.4,36.5,False,False,,0,,,,41,16535400,30821155,16094854.291549,30000000.0,,53.6,,,
IDUSDT,ID,Speculative,,0.0293,169039.4359,2.091,41.0578942582424,-0.00048358718388478604,0.031898,0.05552450000000001,0.6130050342853511,0.4168377823408624,0.3942505133470226,0.2597179930129529,0.6701038906474359,0.0301361111111111,0.044419444444444435,macd_bearish_cross|downtrend,0,2,baissier,365,0,0,30,,,17.0,28.0,68.5,47.0,8.7,36.38,False,False,,0,,,,36,,,,,,,,,
PARTIUSDT,PARTI,Speculative,,0.0547,900589.30962,-2.669,49.9329347783922,0.00022661216767116553,0.05417199999999999,0.08344349999999996,1.2049143306586745,0.6457765667574932,0.5031789282470481,0.21070342282198307,0.10979793551311692,0.04119722222222221,0.09944444444444445,uptrend,1,0,haussier,365,0,0,30,,,17.0,57.0,38.5,57.5,52.9,36.19,False,False,,0,,,,54,,,,,,,,,
CHRUSDT,CHR,Speculative,862,0.02183,474200.04707,1.346,42.90397772918778,-0.0008649000998997788,0.021786,0.03454499999999999,1.0452125297596304,0.41379310344827586,0.2442668519805421,0.1407734359326002,0.3661260796482798,0.01493888888888889,0.026203333333333342,bearish_engulfing_4h,0,1,baissier,365,0,0,30,,,17.0,28.0,62.5,47.0,26.0,36.05,False,False,,0,,,,40,21179935,21179935,974831915.3782,974831915.3782,978064789.0,100.0,,,
GPSUSDT,GPS,Speculative,650,0.00731,709808.847756,-1.879,43.33956466393833,-1.917115004066957e-05,0.008050399999999997,0.007570200000000003,1.1340419044476548,0.48612153038259565,0.4516129032258065,0.49012663651881416,0.16645818772242374,0.007384166666666667,0.010567777777777778,rsi_bullish_divergence|macd_bearish_cross|uptrend,2,1,haussier,365,0,0,30,,,17.0,36.0,52.0,57.5,31.8,35.77,False,False,,0,,,,42,33091757,75053315,4409100001.78,10000000000.0,10000000000.0,44.1,32567814,$33M,-10.02
FARMUSDT,FARM,Speculative,,7.17,278610.55587,2.429,21.46699892354576,-0.4756257123525829,11.285600000000002,15.433300000000006,1.2271611460566778,0.49388928828181167,0.48166786484543495,0.9099467215895544,0.41484280707268256,10.06222222222222,13.637500000000003,,0,0,neutre,365,0,0,30,,,17.0,19.0,58.0,47.0,50,35.59,False,False,,0,,,,48,,,,,,,12209784,$12M,-0.45
LUMIAUSDT,LUMIA,Speculative,,0.1011,954675.707897,5.313,40.50070090757629,-0.004320304292906732,0.11209200000000001,0.10396750000000005,1.622126974951971,0.4854420328215988,0.4653255690841715,0.5963004240347782,0.23837804756655237,0.06054166666666665,0.14721666666666666,uptrend,1,0,haussier,365,0,0,30,,,17.0,45.0,41.5,57.5,52.9,35.57,False,False,,0,,,,48,,,,,,,,,
NFPUSDT,NFP,Speculative,,0.01067,668814.76503,3.693,36.151975883787216,-0.0003385423744186459,0.013891199999999998,0.020965100000000004,1.7170833819098388,0.4057306590257879,0.3879656160458453,1.6096836782944388,0.3747135348557563,0.012288055555555556,0.016938611111111113,double_top_90d|downtrend,0,2,baissier,365,0,0,30,,,17.0,55.0,47.5,57.5,11.3,35.15,False,False,,0,,,,42,,,,,,,,,
SAGAUSDT,SAGA,Speculative,,0.02096,5956488.807042,-1.457,47.552566234187175,-0.00028499978963668663,0.0229824,0.04666660000000001,2.677598467739309,0.5386702849389416,0.525101763907734,5.958035027207004,0.19848073656206433,0.017729166666666664,0.03470666666666666,macd_bearish_cross|uptrend,1,1,mixte,365,0,0,30,,,17.0,64.0,28.0,78.5,31.8,34.9,False,False,,3,⚡ Volume ×6.0 vs médiane,,5.96,58,,,,,,,,,
GNSUSDT,GNS,Speculative,,0.478,470767.88871,-2.449,32.1811720550337,-0.005415565575738024,0.63592,0.9659800000000004,1.0100631460464358,0.46214689265536724,0.4598870056497175,2.4247084568923847,0.5257776325845539,0.5323055555555556,0.8312222222222223,macd_bearish_cross|downtrend|evening_star_4h,0,3,baissier,365,0,0,30,,,17.0,46.0,58.0,47.0,0,34.85,False,False,,0,,,,42,,,,,,,14322315,$14M,2.84
HEMIUSDT,HEMI,Speculative,,0.00745,824887.193769,-3.871,44.20004865544785,-0.0001343543161019702,0.007847400000000001,0.013306250000000002,1.1503715858263126,0.44742063492063494,0.2619047619047619,0.15091820287234925,0.3360385640819456,0.006540555555555558,0.009407222222222221,macd_bearish_cross|double_top_90d|doji_4h,0,2,baissier,240,0,0,30,,,13.6,28.0,62.5,57.5,10.3,34.78,False,False,,0,,,,36,,,,,,,37546597,$38M,-7.44
LAUSDT,LA,Speculative,850,0.113,874400.02149,1.894,27.000608756404077,-0.0023256273782097728,0.15389799999999998,0.26221049999999996,0.6974917604310585,0.563301282051282,0.546875,1.1763535623352737,0.3420985441110093,0.13391666666666663,0.24595,macd_bearish_cross|downtrend,0,2,baissier,316,0,0,30,,,15.7,37.0,55.0,57.5,8.7,34.37,False,False,,0,,,,43,21790949,112906473,193000000.0,1000000000.0,,19.3,,,
PIXELUSDT,PIXEL,Speculative,,0.0068,483347.307847,-1.306,36.14718225015201,-0.00020104531034770536,0.0076808,0.008650999999999997,0.6285088518708135,0.5665976535541752,0.5307108350586611,0.1242337830685364,0.21232720508653946,0.005103055555555556,0.010520277777777778,uptrend,1,0,haussier,365,0,0,30,,,17.0,28.0,49.0,47.0,52.9,34.33,False,False,,0,,,,44,,,,,,,,,
THEUSDT,THE,Speculative,,0.0928,185599.87941,1.421,38.11889560535798,-0.0010952778960514257,0.10190400000000002,0.18109700000000004,0.7133760161683123,0.6774991169198163,0.6729070999646768,0.096311933813967,0.3180767676053596,0.09647222222222222,0.27713888888888893,macd_bearish_cross|doji_4h,0,1,baissier,365,0,0,30,,,17.0,28.0,55.0,47.0,28.8,34.1,False,False,,0,,,,39,,,,,,,1794147,$2M,-15.39
PHBUSDT,PHB,Speculative,,0.071,2473926.8143,31.481,39.10052969072573,-0.004661208209817104,0.10218000000000002,0.202125,2.1696924778732156,0.6305732484076434,0.535031847133758,4.199935643790623,0.1229483404982416,0.08441666666666665,0.1576111111111112,,0,0,neutre,365,0,0,30,,,17.0,55.0,28.0,68.0,50,33.96,False,False,,2,⚡ Volume ×4.2 vs médiane,,4.2,55,,,,,,,,,
PORTALUSDT,PORTAL,Speculative,,0.00852,266749.340067,-0.93,33.95959736561369,-0.0002700407058560244,0.0102292,0.015768949999999993,1.0405437663407506,0.4261119081779053,0.4079221681723419,0.41075259178656415,0.2291930974202486,0.008590555555555558,0.013838333333333333,,0,0,neutre,365,0,0,30,,,17.0,19.0,52.0,47.0,50,33.85,False,False,,0,,,,41,,,,,,,,,
COSUSDT,COS,Speculative,,0.001118,489154.0526836,-0.445,42.28600859261745,-1.3596630865269726e-05,0.0012130600000000004,0.001313465,0.971446901415083,0.5177182368193605,0.517286084701815,0.26494804659627447,-0.0023421495793637228,0.0009898055555555556,0.0017052222222222223,macd_bearish_cross|support_bounce|doji_4h,1,1,mixte,365,0,0,30,,,17.0,28.0,49.0,47.0,33.5,32.74,False,False,,0,,,,39,,,,,,,,,
ENSOUSDT,ENSO,Speculative,974,0.807,492888.47422,-0.37,37.03261926788869,-0.012925277667520284,0.8996999999999999,0.9964149999999999,0.8983739927203765,0.7071161048689139,0.697378277153558,0.15723147022034087,0.08920667505790027,0.8270555555555554,1.6545555555555558,,0,0,neutre,219,0,0,30,,,13.0,28.0,49.0,47.0,50,32.58,False,False,,0,,,,43,16627267,80754089,20590000.0,100000000.0,127339703.0,20.6,,,
MANTRAUSDT,MANTRA,Speculative,527,0.00903,783785.62625,-0.441,32.16792854116558,-0.00015576455094774426,0.010451400000000001,,0.5617375427654486,0.6293677204658902,0.6239600665557404,0.1169735811530218,,0.009837741935483871,0.0173941935483871,macd_bearish_cross,0,1,baissier,78,0,0,30,,,9.1,27.0,55.5,57.5,28.8,32.45,False,False,,0,,,,39,45462378,64600287,5055470555.43034,7183628892.027745,10000000000.0,70.4,,,
NOMUSDT,NOM,Speculative,,0.00218,543118.5535,-0.909,37.34352147344932,8.072575138465092e-06,0.0034402000000000018,0.0066588,0.9490961217251744,0.7367149758454107,0.7367149758454107,0.21836448777766043,0.1973514003116853,0.002283611111111111,0.005963888888888888,downtrend,0,1,baissier,232,0,0,30,,,13.4,28.0,49.0,57.5,29.8,32.37,False,False,,0,,,,38,,,,,,,,,
EDUUSDT,EDU,Speculative,637,0.0455,1069873.6018,-0.655,44.247472228408256,-0.00035163871271452177,0.04846800000000001,0.11419300000000004,1.356800907224081,0.6642685851318944,0.636290967226219,0.3410901750102731,0.24920793189026066,0.04443333333333335,0.11018055555555557,macd_bearish_cross|uptrend,1,1,mixte,365,0,0,30,,,17.0,28.0,38.5,68.0,31.8,32.17,False,False,,0,,,,37,34080116,44996646,757392361.0,1000000000.0,1000000000.0,75.7,,,
SYSUSDT,SYS,Speculative,,0.00429,783400.19527,12.895,24.622061519846937,-0.0004466340203219503,0.0093232,0.015516050000000012,1.8046823650026558,0.6589825119236883,0.6534181240063592,5.233740823211084,0.3407040561880719,0.007604444444444445,0.012128333333333331,,0,0,neutre,365,0,0,30,,,17.0,37.0,34.0,57.5,50,32.16,False,False,,3,⚡ Volume ×5.2 vs médiane,,5.23,58,,,,,,,,,
ATAUSDT,ATA,Speculative,,0.0046,1068878.0468,12.195,24.25182727413801,-0.000582426376756925,0.009174,0.014698500000000003,1.664457504887115,0.6532258064516129,0.6129032258064516,10.484500682051191,0.3106218103765599,0.007369444444444444,0.011919444444444446,double_top_90d,0,1,baissier,365,0,0,30,,,17.0,37.0,34.0,68.0,31.4,31.96,False,False,,3,⚡ Volume ×10.5 vs médiane,,10.48,54,,,,,,,,,
ROBOUSDT,ROBO,Speculative,512,0.02164,1571033.26888,2.754,52.049224102706134,7.069071389128633e-05,0.020057199999999997,,1.3636932350645472,0.631578947368421,0.5099818511796733,0.078897879693353,,0.017919354838709677,0.0398758064516129,,0,0,neutre,78,0,0,30,,,9.1,45.0,34.5,68.0,50,31.63,False,False,,0,,,,49,47678842,213710632,2231000000.0,10000000000.0,10000000000.0,22.3,,,
SIGNUSDT,SIGN,Speculative,703,0.01303,234667.76797,1.797,23.65807354794272,0.00014650915082465871,0.0211586,0.033090500000000016,0.5478256719252546,0.7737148913619502,0.7698286521815934,0.08236329337639431,0.023505716825920283,0.015016944444444442,0.04933138888888889,downtrend,0,1,baissier,365,0,0,30,,,17.0,10.0,53.5,47.0,29.8,31.52,False,False,,0,,,,40,29817640,129454298,2303333333.0,10000000000.0,10000000000.0,23.0,,,
ESPUSDT,ESP,Speculative,640,0.06503,323913.12475,-0.581,39.72106822602519,-0.000647259102647614,0.0727352,,0.7309795315121999,0.6424010217113666,0.6395135765450608,0.1411420545227895,0.03464015729655016,0.0673563888888889,0.12661166666666668,macd_bearish_cross|doji_4h,0,1,baissier,98,0,0,30,,,9.7,36.0,49.0,47.0,28.8,30.58,False,False,,0,,,,41,33921719,233942887,520550000.0,3590000000.0,,14.5,,,
RESOLVUSDT,RESOLV,Speculative,,0.0291,119395.51671,-0.683,39.85588839571221,-0.00015690299262449692,0.03349799999999999,0.069267,0.8047274763953101,0.7685881370091896,0.7560568086883876,0.04540424402483231,0.047208942144186104,0.02948055555555556,0.08195555555555555,macd_bearish_cross,0,1,baissier,344,0,0,30,,,16.4,28.0,43.0,47.0,28.8,30.4,False,False,,0,,,,37,,,,,,,34312866,$34M,0.46
STOUSDT,STO,Speculative,,0.0691,733798.68612,-1.003,33.644448116323574,-0.0005758520314214982,0.110098,0.10078399999999997,0.648430927781314,0.8460165141709439,0.845793349698728,0.1086021736932687,0.04504750842551383,0.05964444444444444,0.20718333333333336,macd_bearish_cross|evening_star_4h,0,2,baissier,365,0,0,30,,,17.0,27.0,43.0,57.5,11.3,30.38,False,False,,0,,,,33,,,,,,,,,
OPNUSDT,OPN,Speculative,778,0.1771,595228.82014,3.205,47.29983045394194,-0.0013576908503318743,0.17970400000000009,,1.37388712169103,0.5834013605442177,0.52,0.02407275138450576,,0.15982666666666667,0.32394666666666666,,0,0,neutre,77,0,0,30,,,9.1,45.0,34.5,57.5,50,30.31,False,False,,0,,,,49,25060730,176441669,142034080.26,1000000000.0,1000000000.0,14.2,7670651,$8M,-6.24
PROMUSDT,PROM,Speculative,902,1.076,2297690.67972,-6.92,25.084108585163705,-0.12252869981083413,1.7033,4.226515,1.795844393635374,0.5548654244306418,0.5548654244306418,1.3869414194731884,0.15519859139321313,1.0034444444444446,2.2298055555555556,downtrend,0,1,baissier,365,0,0,30,,,17.0,37.0,28.0,68.0,29.8,30.08,False,False,,0,,,,44,19619749,20694804,18250000.0,19250000.0,19250000.0,94.8,,,
MITOUSDT,MITO,Speculative,,0.0373,871418.02087,-5.641,38.70203895246617,-0.0038213874926210137,0.044935600000000006,0.05798844999999998,1.7517749772879678,0.5438982636341404,0.5438982636341404,0.8119891762287942,0.24932742277607287,0.03578805555555556,0.05766944444444444,uptrend,1,0,haussier,265,0,0,30,,,14.3,37.0,28.0,57.5,52.9,29.62,False,False,,0,,,,43,,,,,,,,,
GUNUSDT,GUN,Speculative,763,0.01298,442987.67318,-0.46,38.86845803896113,-0.00014920408956168923,0.015548600000000003,0.0185652,1.2286755028396743,0.5895641107222398,0.5873369392300349,0.14826817253955962,0.12394645721118419,0.013964722222222222,0.027004166666666662,downtrend,0,1,baissier,365,0,0,30,,,17.0,28.0,38.5,47.0,29.8,29.4,False,False,,0,,,,37,25881073,129603365,1996944559.0,10000000000.0,10000000000.0,20.0,,,
KATUSDT,KAT,Speculative,894,0.00847,1186307.54228,2.542,42.991778818056424,-0.0001254936614836046,0.009875400000000001,,3.1713628985964313,0.667878787878788,0.6565656565656566,0.0793552042424011,,0.0081092,0.0145676,,0,0,neutre,64,0,0,30,,,8.8,36.0,24.0,68.0,50,27.32,False,False,,0,,,,42,19881512,84891169,2342000000.0,10000000000.0,10000000000.0,23.4,,,
USD1USDT,USD1,Etabli,23,1.00085,218183481.99693,0.085,66.34541391949628,0.00011166038185761809,0.9997730000000001,0.99983025,0.0038383571891139677,0.0015993602558975759,0.0,0.8158363017627127,-0.031571782362658354,0.998447222222222,1.0002999999999995,support_bounce|resistance_test,1,1,mixte,364,0,0,30,,,45.0,57.0,94.0,78.5,49.3,65.23,False,True,,0,,,,59,4626925868,4626925868,4628870131.820933,4628870131.820933,,100.0,,,
USDCUSDT,USDC,Etabli,6,1.00073,2607989892.84068,0.019,70.43164312560913,6.548940425131762e-05,0.9999144,1.0002161000000003,0.002266423966161228,0.0011992804317409343,0.0,0.7653722755946468,-0.16020542501489438,0.9995199999999996,1.0004552777777775,support_bounce|resistance_test|downtrend,1,2,baissier,365,0,0,30,,,45.0,57.0,94.0,78.5,29.1,63.59,False,True,,0,,,,54,76719808474,76719808474,76745141732.22627,76745141732.22627,,100.0,,,
USDEUSDT,USDE,Etabli,24,1.0006,1640193.982,0.03,64.79143149816068,8.679601820507564e-05,0.9996720000000002,0.9995869999999997,0.004127665468543145,0.0010997800439911916,0.0,0.2644659377628259,0.09561815995833634,0.999130555555555,1.0002777777777774,rsi_bearish_divergence|support_bounce|resistance_test,1,2,baissier,254,0,0,30,,,42.0,73.0,94.0,68.0,25.8,62.84,False,True,,0,,,,61,4441998241,4441998241,4443991204.984402,4443991204.984402,,100.0,33035281,$33M,-3.44
FDUSDUSDT,FDUSD,Mid,127,0.9989,49111472.7835,0.03,50.557862222228536,-2.5899752462296618e-05,0.9989859999999996,0.9989615000000005,0.005385704937808796,0.0025981812731087598,0.0018986709303486578,1.0248025625447044,0.39993508509714676,0.9984305555555556,1.005958333333333,support_bounce|resistance_test,1,1,mixte,365,0,0,30,,,31.0,63.0,100.0,78.5,49.3,62.42,False,True,,0,,,,65,373603313,373603313,374523474.640216,374523474.640216,,100.0,,,
BFUSDUSDT,BFUSD,Etabli,61,0.9995,1784904.7256,0.0,51.59221558995078,-8.680770756069708e-06,0.9994520000000002,0.9995130000000019,0.002509810635455183,0.0008001600320064242,0.0003000600120023674,0.3292476483778793,-0.19960711552586657,0.9990472222222218,0.9996000000000002,macd_bearish_cross|support_bounce|resistance_test|uptrend,2,2,mixte,281,0,0,30,,,42.7,57.0,94.0,68.0,31.0,61.57,False,True,,0,,,,58,1318152594,1318152594,1320000000.0,1320000000.0,,100.0,,,
UUSDT,U,Etabli,68,1.0007,16519795.367,0.03,68.8404762504446,7.33572900277999e-05,0.99994,,0.0031965335694874564,0.001199160587588556,0.0,0.3071466752546818,-0.125649491332199,0.9995361111111111,1.0005083333333327,support_bounce|resistance_test,1,1,mixte,128,0,0,30,,,38.5,36.0,94.0,78.5,49.3,60.17,False,True,,0,,,,53,1027453353,1027453353,1027858682.01,1027858682.01,,100.0,,,
RLUSDUSDT,RLUSD,Etabli,52,1.001,62698662.4645,0.03,66.7067485527673,6.571299217780078e-05,1.0000700000000002,,0.003307583991752543,0.0009994003597840195,0.0,0.3085234411875806,-0.10056616620121277,0.9995916666666671,1.0006166666666663,support_bounce|resistance_test,1,1,mixte,119,0,0,30,,,38.3,36.0,94.0,78.5,49.3,60.08,False,True,,0,,,,53,1641333883,1651611541,1641473147.031937,1651751677.03196,,99.4,,,
XUSDUSDT,XUSD,Mid,468,1.0008,7184069.6922,0.02,60.29861577571781,6.074682680854722e-05,0.9999660000000006,1.0003070000000005,0.005059440190293875,0.00149880095923256,0.0,0.9670730613920823,0.0008757439578402445,0.999577777777778,1.0027805555555556,rsi_bearish_divergence|support_bounce|evening_star_4h,1,2,baissier,365,0,0,30,,,31.0,66.0,94.0,78.5,13.7,58.14,False,True,,0,,,,56,53902745,53902745,53913176.001,53913176.001,,100.0,,,
TUSDUSDT,TUSD,Mid,105,0.9998,68138.0687,0.0,53.87633010473202,5.62021284763057e-06,0.9993539999999996,0.9985969999999998,0.01254319083908493,0.003394907638542256,0.001697453819271128,0.0960744736940209,0.13746199860000685,0.9982694444444447,1.0010249999999998,resistance_test|doji_4h,0,1,baissier,365,0,0,30,,,31.0,73.0,94.0,47.0,44.6,57.61,False,True,,0,,,,66,493855348,493855348,494515083.0,494515083.0,,100.0,,,
EURUSDT,EUR,Speculative,,1.1604,39938747.22454,-0.258,38.115620674552204,-0.0015914612018832995,1.169284,1.1682719999999995,0.0477750798237188,0.036339051804276115,0.01926814839854638,0.723772951069073,0.385702905073721,1.1489222222222222,1.179311111111111,rsi_bullish_divergence|golden_cross|doji_4h,2,0,haussier,365,0,0,30,,,17.0,45.0,100.0,78.5,57.5,55.55,False,True,,0,,,,58,,,,,,,,,
EURIUSDT,EURI,Mid,441,1.1601,895216.26268,-0.284,37.783115165202844,-0.001590400128243013,1.1691999999999998,1.1680574999999997,0.04730550200409311,0.0360885733603786,0.019523326572008216,0.18512260527408522,0.39955115800083435,1.1486361111111114,1.1793000000000002,rsi_bullish_divergence|downtrend|doji_4h,1,1,mixte,365,0,0,30,,,31.0,36.0,100.0,57.5,29.8,54.86,False,True,,0,,,,49,58187401,58187401,50218627.99990108,50218627.99990108,,100.0,,,
USDSUSDT,USDS,Etabli,13,1.0005,429129.4033,0.03,72.69970148679546,2.8481009568680226e-05,,,0.0022148467106728157,0.00029999999999996696,0.0,0.13544071980253206,,0.9964187499999998,1.0008499999999998,doji_4h,0,0,neutre,42,0,0,30,,,36.2,36.0,90.0,47.0,50,54.25,False,True,,0,,,,52,10349291903,10349291903,10353466291.62238,10353466291.62238,,100.0,,,
USDPUSDT,USDP,Speculative,561,1.0005,59249.7435,0.03,60.34177023029772,5.498843940225377e-05,0.999926,1.0000754999999995,0.003580843329835331,0.0014991005396761403,9.994003597840195e-05,0.2939994004690448,0.11155741943894705,0.9994333333333336,1.0004888888888883,support_bounce|resistance_test|uptrend,2,1,haussier,365,0,0,30,,,17.0,57.0,94.0,47.0,52.2,50.93,False,True,,0,,,,63,40534617,40534617,40569459.92052442,40569459.92052442,,100.0,,,
AEURUSDT,AEUR,Speculative,,1.1462,12452.45035,-0.33,36.76887896230084,-0.002084305084250093,1.1591039999999997,1.1608725000000002,0.062422285215652164,0.033481001874254464,0.02384602282405025,0.8254074972942835,0.4247462373815668,1.1404138888888888,1.1732833333333332,,0,0,neutre,365,0,0,30,,,17.0,37.0,100.0,47.0,50,50.01,False,True,,0,,,,54,,,,,,,,,
KGSTUSDT,KGST,Speculative,,0.01144,43469.35474,0.351,56.73959087529799,4.726446461106969e-06,0.011411200000000002,,0.036033545427638584,0.009606986899563382,0.0008733624454148116,0.21879356221298255,0.18353002486455644,0.011352777777777774,0.011457777777777782,macd_bullish_cross|support_bounce|resistance_test,2,1,haussier,148,0,0,30,,,11.1,45.0,94.0,47.0,51.3,47.12,False,True,,0,,,,59,,,,,,,,,
FRAXUSDT,FRAX,Mid,163,0.4175,48913.58104,0.554,36.065323282835536,-0.008193410626661343,0.44961599999999996,,0.5882068128388698,0.42043105993504576,0.3848538529672276,0.06356717217036087,0.26338659302526424,0.4094361111111111,0.6429916666666666,,0,0,neutre,126,0,0,30,,,24.5,36.0,73.0,47.0,50,44.88,False,True,,0,,,,49,273708037,273708037,275847684.0102677,275847684.0102677,,100.0,64815605,$65M,-11.93
