symbol,base,tier,rank_mcap,price,vol_24h_usd,change_24h_pct,rsi_14,macd_hist,ma_50,ma_200,vol_30d_ann,drawdown_90d,dist_to_high_90d,vol_ratio_vs_med90,corr_btc_90d,support_90d,resistance_90d,patterns,bull_signals,bear_signals,bias,age_days,n_red_flags,audit_score,team_score,github_commits_30d,github_contrib_90d,score_solidity,score_momentum,score_risk,score_antiscam,score_signal,score,score_quality,alpha_vs_btc,vs_btc_label,suspect,stablecoin,categories,catalyst_score,catalyst_flags,trending_rank,vol_spike_ratio,bull_prob_7d,exit_risk,exit_label,exit_reasons,market_cap,fdv,circulating_supply,total_supply,max_supply,circ_ratio_pct,tvl,tvl_fmt,tvl_change_7d,outperf_prob_7d,bull_prob_7d_legacy,score_model,market_regime,alt_index_30d,alt_index_90d,derivative,rank_source,ret_30d_pct,leader,leader_rank,leader_label,runup_180d_pct,already_exploded,etf_stage,etf_last_form,etf_last_date,etf_days_since,etf_issuers
KAIAUSDT,KAIA,Mid,167,0.0376,899701.89745,-5.764,61.84658825899614,0.0003532003077400369,0.03181600000000001,0.038064500000000015,0.7290501131421463,0.3649425287356321,0.06930693069306923,1.0,0.6889058103284122,0.025399999999999995,0.0362,downtrend|doji_4h,0,1,baissier,365,0,0,30,,,31.0,66.0,77.5,57.5,35.7,57.2,55.44,4.8,≈ Neutre vs BTC,False,False,,0,,,,57.2,0,,,242163786,242181829,6437762300.873413,6438264688.23,,100.0,,,,57.2,59,ml_gb+alt_blend,Neutre,64.0,63.3,False,coingecko,19.7,False,,,78,False,,,,,
IOTAUSDT,IOTA,Mid,164,0.053,1557134.9722,-10.473,54.700731558759834,4.037830470045864e-05,0.045375999999999986,0.04721800000000002,0.9916843789242367,0.19493670886075945,0.10829103214890022,1.3829860666784168,0.6951089002058621,0.03277500000000001,0.052755555555555556,,0,0,neutre,365,0,0,30,,,31.0,75.0,85.0,68.0,50,57.0,63.83,4.6,≈ Neutre vs BTC,False,False,,0,,,,57.0,0,,,245992674,262908787,4677126050.0,4998756737.0,,93.6,,,,57.0,66,ml_gb+alt_blend,Neutre,64.0,63.3,False,coingecko,24.4,False,,,89,False,,,,,
JASMYUSDT,JASMY,Mid,166,0.00492,1091632.321524,-6.641,51.48715285023864,-2.3132466613302394e-06,0.0045359999999999975,0.004914150000000001,0.9706318424640092,0.27217741935483875,0.14335664335664342,0.9519761618029257,0.588711147431543,0.0038283333333333333,0.005161388888888888,macd_bearish_cross,0,1,baissier,365,0,0,30,,,31.0,66.0,73.0,68.0,39.5,56.7,56.24,4.3,≈ Neutre vs BTC,False,False,,0,,,,56.7,3,,MACD cross baissier,243531667,246265212,49444999677.59027,50000000000.0,50000000000.0,98.9,,,,56.7,59,ml_gb+alt_blend,Neutre,64.0,63.3,False,coingecko,11.1,False,,,64,False,,,,,
SUIUSDT,SUI,Etabli,28,1.1216,89422297.32037,-6.174,57.23876257464707,-0.007825454959603018,0.8936640000000001,0.8551604999999995,1.1221533660254843,0.19226246472248362,0.11265822784810132,0.9956108483601649,0.6822955306637517,0.6763583333333333,1.1230833333333332,macd_bearish_cross|golden_cross|doji_4h,1,1,mixte,365,0,0,30,,,45.0,82.0,74.5,78.5,54.7,56.6,68.72,4.2,≈ Neutre vs BTC,False,False,,1,🔥 Trending #7 sur CoinGecko,7,,56.6,3,,MACD cross baissier,4597398368,11163420242,4118270447.6403894,10000000000.0,10000000000.0,41.2,,,,56.6,69,ml_gb+alt_blend,Neutre,64.0,63.3,False,coingecko,34.4,False,,,95,False,,,,,
ALGOUSDT,ALGO,Etabli,77,0.1164,3671159.0453,-6.805,51.41671259438627,-0.0009176955510324242,0.10253000000000002,0.09919849999999993,0.9593637113941517,0.14485294117647066,0.14485294117647066,0.9868472446823873,0.49633452896879565,0.07963333333333335,0.12092777777777777,macd_bearish_cross|golden_cross|uptrend|doji_4h,2,1,haussier,365,0,0,30,,,45.0,82.0,85.0,68.0,70.0,56.1,72.79,3.7,≈ Neutre vs BTC,False,False,,0,,,,56.1,3,,MACD cross baissier,1053391530,1053502703,9062766520.885311,9063734551.92571,10000000000.0,100.0,,,,56.1,73,ml_gb+alt_blend,Neutre,64.0,63.3,False,coingecko,20.1,False,,,69,False,,,,,
HOTUSDT,HOT,Mid,347,0.000428,174370.704916,-5.727,50.515995946728616,-2.6967789946471247e-06,0.00040071999999999997,0.00037747,0.594214287722776,0.15343915343915343,0.08154506437768241,0.6341015084454781,0.6625876587167165,0.00032888888888888876,0.00044516666666666663,macd_bearish_cross|downtrend|doji_4h,0,2,baissier,365,0,0,30,,,31.0,82.0,100.0,47.0,25.2,56.1,62.52,3.7,≈ Neutre vs BTC,False,False,,0,,,,56.1,3,,MACD cross baissier,75988182,75988182,177619433541.14133,177619433541.1413,,100.0,,,,56.1,65,ml_gb+alt_blend,Neutre,64.0,63.3,False,coingecko,10.6,False,,,60,False,,,,,
YFIUSDT,YFI,Mid,317,2392.0,393691.44217,-6.306,49.0099867430603,-1.194064329727695,2306.42,2276.225,0.5792011240708944,0.12755972696245735,0.09632157755024649,0.9310473231350627,0.6811352014148109,1982.8333333333333,2479.472222222222,macd_bearish_cross|golden_cross|downtrend,1,2,baissier,365,0,0,30,,,31.0,82.0,100.0,47.0,40.4,56.0,65.53,3.6,≈ Neutre vs BTC,False,False,,0,,,,56.0,3,,MACD cross baissier,85952276,87358099,36075.94701468851,36666.0,36666.0,98.4,200830575,$201M,-2.41,56.0,68,ml_gb+alt_blend,Neutre,64.0,63.3,False,coingecko,2.6,False,,,62,False,,,,,
VIRTUALUSDT,VIRTUAL,Mid,114,0.7641,10689939.40651,-9.542,51.12720841830816,-0.0015620146259530815,0.7137720000000002,0.6648944999999999,0.917031858581304,0.2624747983870967,0.11122770199370413,1.52224300095724,0.6521556545780399,0.5542527777777777,0.7977166666666666,macd_bearish_cross|uptrend,1,1,mixte,365,0,0,30,,,31.0,100.0,73.0,78.5,54.8,55.7,72.89,3.3,≈ Neutre vs BTC,False,False,,0,,,,55.7,3,,MACD cross baissier,501360356,761499298,658385841.8252224,1000000000.0,1000000000.0,65.8,,,,55.7,73,ml_gb+alt_blend,Neutre,64.0,63.3,False,coingecko,4.9,False,,,64,False,,,,,
COMPUSDT,COMP,Mid,171,23.22,1355721.50449,-4.641,51.60284214021628,-0.15850622837314,21.21759999999999,19.445350000000012,0.7115442475425733,0.12976362759286064,0.08507286333202048,1.9754280749424808,0.5664455468491854,16.33416666666667,23.97277777777778,macd_bearish_cross|uptrend,1,1,mixte,365,0,0,30,,,31.0,100.0,89.5,68.0,54.8,55.6,74.98,3.2,≈ Neutre vs BTC,False,False,,0,,,,55.6,3,,MACD cross baissier,232375173,232375173,10000000.0,10000000.0,10000000.0,100.0,1472509942,$1.5B,-2.11,55.6,75,ml_gb+alt_blend,Neutre,64.0,63.3,False,coingecko,9.4,False,,,65,False,,,,,
WIFUSDT,WIF,Mid,172,0.2291,3671117.724251,-8.579,49.16714005491962,-0.00230506089638032,0.21384799999999998,0.18329099999999998,1.0902203353831479,0.1803957662218131,0.10415035238841037,1.2490216513767545,0.7566996020477027,0.13850833333333334,0.2456861111111111,macd_bearish_cross|downtrend|doji_4h,0,2,baissier,365,0,0,30,,,31.0,91.0,66.5,68.0,25.2,55.6,61.63,3.2,≈ Neutre vs BTC,False,False,,0,,,,55.6,3,,MACD cross baissier,227858816,227858816,998926392.0,998926392.0,998926392.0,100.0,,,,55.6,62,ml_gb+alt_blend,Neutre,64.0,63.3,False,coingecko,3.0,False,,,89,False,,,,,
ZKUSDT,ZK,Mid,244,0.01191,2382170.881558,-7.674,51.578930736735124,-9.842884306233719e-05,0.0104836,0.012293799999999999,1.083825528008538,0.32112676056338024,0.10045317220543803,0.9494507223568245,0.598804915536781,0.007682777777777778,0.012497222222222219,uptrend,1,0,haussier,365,0,0,30,,,31.0,66.0,62.5,68.0,65.3,55.3,59.51,2.9,≈ Neutre vs BTC,False,False,,0,,,,55.3,1,,,128332138,249153159,10816539153.0,21000000000.0,21000000000.0,51.5,,,,55.3,63,ml_gb+alt_blend,Neutre,64.0,63.3,False,coingecko,9.0,False,,,87,False,,,,,
PEPEUSDT,PEPE,Etabli,61,4.05e-06,29774848.35387327,-6.682,48.15226035065152,-5.274726607042515e-08,3.8839999999999996e-06,3.377350000000001e-06,1.0373304656084221,0.21359223300970884,0.18837675350701394,0.8388250375824972,0.7813988110021566,2.6716666666666668e-06,4.448333333333333e-06,,0,0,neutre,365,0,0,30,,,45.0,82.0,66.5,78.5,50,55.2,66.38,2.8,≈ Neutre vs BTC,False,False,,0,,,,55.2,1,,,1697443974,1697443974,420690000000000.0,420690000000000.0,420690000000000.0,100.0,,,,55.2,65,ml_gb+alt_blend,Neutre,64.0,63.3,False,coingecko,10.4,False,,,113,True,📝 Dossier ETF actif,S-1/A,2026-10-02,5,Canary
THETAUSDT,THETA,Mid,182,0.2134,1148688.72945,-10.261,49.272947188404274,-0.002160608990669388,0.19753,0.17415349999999993,0.9745721863009912,0.18963254593175857,0.09919797382861964,1.287141983188512,0.6035938824624029,0.13003333333333333,0.22773888888888885,uptrend,1,0,haussier,365,0,0,30,,,31.0,91.0,89.5,68.0,65.3,55.1,73.69,2.7,≈ Neutre vs BTC,False,False,,0,,,,55.1,1,,,213485777,213485777,1000000000.0,1000000000.0,1000000000.0,100.0,,,,55.1,75,ml_gb+alt_blend,Neutre,64.0,63.3,False,coingecko,14.5,False,,,93,False,,,,,
FLOKIUSDT,FLOKI,Mid,163,2.668e-05,2659196.84248363,-8.222,47.797047864364465,-1.4119275257255635e-07,2.62708e-05,2.6363299999999992e-05,0.8496614518133094,0.2005494505494505,0.12104221635883906,1.036823803018789,0.7722245235136828,2.0374722222222224e-05,2.8675833333333338e-05,double_top_90d|uptrend,1,1,mixte,365,0,0,30,,,31.0,75.0,77.0,68.0,49.9,55.1,62.4,2.7,≈ Neutre vs BTC,False,False,,0,,,,55.1,3,,Double sommet,256395759,256395759,9642617399830.322,9642617399830.322,20000000000000.0,100.0,13247365,$13M,-2.51,55.1,65,ml_gb+alt_blend,Neutre,64.0,63.3,False,coingecko,0.2,False,,,47,False,,,,,
TAOUSDT,TAO,Etabli,35,292.3,45402771.66215,-3.276,52.80451014633319,-2.9554078044897167,259.56399999999996,247.3655000000001,1.0330368093499416,0.1799021452766277,0.09122042341220428,1.53127402356599,0.6927774591595638,191.325,304.1388888888889,uptrend|doji_4h,1,0,haussier,365,0,0,30,,,45.0,100.0,79.0,78.5,65.3,54.9,78.4,2.5,≈ Neutre vs BTC,False,False,,0,,,,54.9,1,,,3287765492,6088644724,11339645.9251,21000000.0,21000000.0,54.0,,,,54.9,76,ml_gb+alt_blend,Neutre,64.0,63.3,False,coingecko,10.2,False,,,79,False,,,,,
CHZUSDT,CHZ,Mid,208,0.01562,1695540.59229,-7.134,47.77575875701129,-0.00010574893828642622,0.014884999999999997,0.025569849999999995,0.7142951019539547,0.3069306930693069,0.09143855562026802,0.8998658770885826,0.6125774578025671,0.012579444444444443,0.01692861111111111,macd_bearish_cross|uptrend,1,1,mixte,365,0,0,30,,,31.0,66.0,77.5,68.0,54.8,54.9,60.09,2.5,≈ Neutre vs BTC,False,False,,0,,,,54.9,3,,MACD cross baissier,164484635,164484635,10550076275.0,10550076275.0,,100.0,,,,54.9,63,ml_gb+alt_blend,Neutre,64.0,63.3,False,coingecko,9.2,False,,,45,False,,,,,
LINKUSDT,LINK,Etabli,15,13.444,23937861.48422,-3.889,51.591993465016614,-0.13070384381119926,12.405899999999997,9.633825,0.7685714671649575,0.1772840625708456,0.13118042971783583,0.7172242980916225,0.6689145893810055,8.123166666666666,13.87486111111111,macd_bearish_cross|uptrend,1,1,mixte,365,0,0,30,,,45.0,82.0,85.0,78.5,54.8,54.8,70.62,2.4,≈ Neutre vs BTC,False,False,,0,,,,54.8,3,,MACD cross baissier,10022611258,13397422342,748099970.424884,1000000000.0,1000000000.0,74.8,,,,54.8,69,ml_gb+alt_blend,Neutre,64.0,63.3,False,coingecko,1.2,False,,,103,True,,,,,
BONKUSDT,BONK,Mid,151,3.42e-06,4436841.42649773,-9.284,48.710772903759306,-2.8304011750665982e-08,3.198200000000001e-06,4.436050000000001e-06,0.9874130605693481,0.4652278177458034,0.18225419664268583,0.8759490189496759,0.5978074440773566,2.4427777777777777e-06,3.8549999999999995e-06,macd_bearish_cross|uptrend,1,1,mixte,365,0,0,30,,,31.0,66.0,73.0,68.0,54.8,54.8,59.29,2.4,≈ Neutre vs BTC,False,False,,0,,,,54.8,3,,MACD cross baissier,300000741,300000742,87994368718546.39,87994368918697.61,87995282867000.55,100.0,11246868,$11M,-2.29,54.8,63,ml_gb+alt_blend,Neutre,64.0,63.3,False,coingecko,6.9,False,,,71,False,,,,,
APTUSDT,APT,Etabli,100,0.7536,14234563.523924,-8.176,49.99691429154764,-0.009028486053841267,0.6731639999999999,0.7535110000000003,1.1433131702940698,0.2006172839506173,0.1364053186611646,1.4282724636382114,0.6022844518106317,0.5406111111111112,0.808463888888889,uptrend,1,0,haussier,365,0,0,30,,,45.0,75.0,74.5,78.5,65.3,54.6,68.22,2.2,≈ Neutre vs BTC,False,False,,0,,,,54.6,1,,,654874827,909240236,871330047.7747593,1209770247.810359,2100000000.0,72.0,,,,54.6,68,ml_gb+alt_blend,Neutre,64.0,63.3,False,coingecko,17.6,False,,,63,False,,,,,
ICPUSDT,ICP,Etabli,58,3.161,11002845.51528,-8.509,52.334781769143234,-0.010357589268724765,2.8074,2.4995249999999998,0.8235992574155669,0.16962194713951145,0.12033426183844009,1.4446670733163014,0.4522953591304943,2.0966944444444438,3.229888888888889,macd_bearish_cross|resistance_test,0,2,baissier,365,0,0,30,,,45.0,91.0,85.0,78.5,28.3,54.6,68.73,2.2,≈ Neutre vs BTC,False,False,,0,,,,54.6,3,,MACD cross baissier,1756921014,1756921014,557271645.6077106,557271723.6814017,,100.0,,,,54.6,66,ml_gb+alt_blend,Neutre,64.0,63.3,False,coingecko,6.4,False,,,69,False,,,,,
PIXELUSDT,PIXEL,Speculative,,0.00577,776125.467067,-7.827,51.8629020191562,-1.3844515786808065e-06,0.005312399999999999,0.005979200000000005,0.8694960338966009,0.1791666666666666,0.08557844690966715,1.2109571735194724,0.5003006993029216,0.004224166666666665,0.005980555555555555,macd_bearish_cross,0,1,baissier,365,0,0,30,,,17.0,75.0,89.5,57.5,39.5,54.6,59.34,2.2,≈ Neutre vs BTC,False,False,,0,,,,54.6,3,,MACD cross baissier,,,,,,,,,,54.6,64,ml_gb+alt_blend,Neutre,64.0,63.3,False,,10.7,False,,,68,False,,,,,
IOUSDT,IO,Mid,401,0.1552,2665055.200407,-9.346,50.41345566041294,-0.00037080519976230054,0.143258,0.1416984999999999,0.9739640791904943,0.35527082119976694,0.10586881472957421,1.855507115737177,0.6460303353177338,0.11792777777777778,0.16682222222222223,golden_cross|uptrend,2,0,haussier,365,0,0,30,,,31.0,100.0,73.0,68.0,80.5,54.5,77.15,2.1,≈ Neutre vs BTC,False,False,,0,,,,54.5,1,,,63473225,123404178,410251628.9169716,797608203.6357092,800000000.0,51.4,,,,54.5,79,ml_gb+alt_blend,Neutre,64.0,63.3,False,coingecko,8.5,False,,,72,False,,,,,
ARKMUSDT,ARKM,Mid,310,0.125,1157857.30186,-8.892,49.996021273565326,-0.0010575636846923368,0.11547800000000003,0.1150275,0.9379048194535116,0.24934612031386227,0.1393103448275862,1.265623335979687,0.6542517307644651,0.092525,0.13215833333333335,macd_bearish_cross|golden_cross|uptrend,2,1,haussier,365,0,0,30,,,31.0,91.0,85.0,68.0,70.0,54.5,73.81,2.1,≈ Neutre vs BTC,False,False,,0,,,,54.5,3,,MACD cross baissier,88985045,124779097,713140638.0,1000000000.0,1000000000.0,71.3,,,,54.5,76,ml_gb+alt_blend,Neutre,64.0,63.3,False,coingecko,9.6,False,,,64,False,,,,,
AXLUSDT,AXL,Mid,407,0.0496,417650.299193,-8.824,48.04215557598572,-0.0004407110869491357,0.04629800000000001,0.04810199999999999,0.7994531054719508,0.1725768321513001,0.11806797853309485,1.0693809306505069,0.6582912160671764,0.03614444444444445,0.05293055555555556,uptrend,1,0,haussier,365,0,0,30,,,31.0,75.0,85.0,47.0,65.3,54.5,65.2,2.1,≈ Neutre vs BTC,False,False,,0,,,,54.5,1,,,61656432,62122038,1247201150.9202971,1256627764.560818,,99.2,155895656,$156M,2.11,54.5,70,ml_gb+alt_blend,Neutre,64.0,63.3,False,coingecko,8.3,False,,,62,False,,,,,
ETCUSDT,ETC,Etabli,67,8.35,5610805.5205,-6.495,45.49917335503879,-0.11785906475022284,8.1442,7.836449999999998,0.8139776051653057,0.1658932714617168,0.12930135557872788,1.6050669881808808,0.7028130108217644,6.358333333333333,9.098888888888887,doji_4h,0,0,neutre,365,0,0,30,,,45.0,100.0,77.0,78.5,50,54.4,75.0,2.0,≈ Neutre vs BTC,False,False,,0,,,,54.4,1,,,1323023471,1323027028,158671727.52315405,158672627.363154,210700000.0,100.0,,,,54.4,72,ml_gb+alt_blend,Neutre,64.0,63.3,False,coingecko,4.6,False,,,59,False,,,,,
DOGEUSDT,DOGE,Etabli,12,0.08854,138381875.75769,-7.723,44.84594959419467,-0.0008369307261852413,0.0888916,0.08781820000000001,0.7495639052145143,0.1427959751659174,0.1185782556750299,1.8135415066800287,0.8154970767187308,0.06942416666666668,0.09616138888888891,golden_cross,1,0,haussier,365,0,0,30,,,45.0,63.0,77.0,78.5,65.2,54.4,64.12,2.0,≈ Neutre vs BTC,False,False,,0,,,,54.4,1,,,13796645518,13796936072,156221976383.7052,171938143126.579,,90.9,,,,54.4,62,ml_gb+alt_blend,Neutre,64.0,63.3,False,coingecko,-2.9,False,,,43,False,,,,,
CELOUSDT,CELO,Mid,428,0.09445,683318.243492,-9.025,51.344789506656,-0.000631399410617059,0.08427680000000003,0.0765625,0.7261564932535218,0.2017796030116359,0.10961629559450507,1.005669119175451,0.5176027398543297,0.06083083333333334,0.09804138888888887,macd_bearish_cross|uptrend,1,1,mixte,365,0,0,30,,,31.0,91.0,85.0,57.5,54.8,54.3,69.96,1.9,≈ Neutre vs BTC,False,False,,0,,,,54.3,3,,MACD cross baissier,57228119,94059835,608422490.0,1000000000.0,1000000000.0,60.8,,,,54.3,72,ml_gb+alt_blend,Neutre,64.0,63.3,False,coingecko,18.8,False,,,80,False,,,,,
ENSUSDT,ENS,Mid,157,6.38,1464615.3638,-6.725,46.695102444015085,-0.09076170913435055,6.1255999999999995,5.460200000000003,0.7311934662613686,0.1684665226781857,0.11265646731571634,1.1558911397058735,0.7121894793449967,4.077222222222222,6.876111111111112,,0,0,neutre,365,0,0,30,,,31.0,91.0,77.0,68.0,50,54.3,68.42,1.9,≈ Neutre vs BTC,False,False,,0,,,,54.3,1,,,269351832,637262501,42267014.20143092,100000000.0,100000000.0,42.3,,,,54.3,70,ml_gb+alt_blend,Neutre,64.0,63.3,False,coingecko,3.4,False,,,90,False,,,,,
WINUSDT,WIN,Mid,465,5.249e-05,312919.30187599,2.081,73.74605236326222,5.006730812595239e-07,3.911060000000001e-05,2.59493e-05,0.623725681813115,0.12407301768397026,0.002482811306340727,0.7631359848379163,0.369078564400673,2.2425555555555555e-05,4.585416666666665e-05,double_bottom_90d|uptrend,2,0,haussier,365,0,0,30,,,31.0,73.0,89.5,47.0,76.9,54.3,67.55,1.9,≈ Neutre vs BTC,False,False,,0,,,,54.3,4,⚠️ Surveiller,RSI 74 (surachat)|Près du plus haut 90j (résistance),51831088,51831088,993701854154.286,993701859243.3864,,100.0,,,,54.3,70,ml_gb+alt_blend,Neutre,64.0,63.3,False,coingecko,44.0,False,,,207,True,,,,,
XLMUSDT,XLM,Etabli,20,0.2019,16811197.446,-6.093,46.83939695407279,-0.0024804068879167515,0.195596,0.18135800000000002,0.8366313119026981,0.19406867845993755,0.13204301075268818,0.9425454409659535,0.7306913140476954,0.16202499999999997,0.21715555555555557,macd_bearish_cross|uptrend,1,1,mixte,365,0,0,30,,,45.0,82.0,77.0,78.5,54.8,54.3,69.2,1.9,≈ Neutre vs BTC,False,False,,0,,,,54.3,3,,MACD cross baissier,7056765369,10070074724,35039549100.69512,50001786839.69947,,70.1,,,,54.3,68,ml_gb+alt_blend,Neutre,64.0,63.3,False,coingecko,3.7,False,,,76,False,,,,,
XRPUSDT,XRP,Etabli,5,1.4354,220941882.88318,-5.235,47.079511494403896,-0.011042225635844234,1.42593,1.280776,0.6863392973792147,0.1559458037358589,0.08730209194379092,1.4295858015586,0.8749269724634446,1.0247638888888888,1.5303194444444446,,0,0,neutre,365,0,0,30,,,45.0,91.0,81.5,78.5,50,54.1,72.42,1.7,≈ Neutre vs BTC,False,False,,0,🔥 Trending #11 sur CoinGecko,11,,54.1,1,,,90398036285,143256882362,63092975951.0,99985612577.0,100000000000.0,63.1,,,,54.1,70,ml_gb+alt_blend,Neutre,64.0,63.3,False,coingecko,1.9,False,,,62,False,,,,,
SHIBUSDT,SHIB,Etabli,38,5.4e-06,6211734.29408522,-8.163,43.66366696402353,-4.670869765694389e-08,5.455599999999998e-06,5.296700000000001e-06,0.7010861656326426,0.17137476459510353,0.11783960720130932,1.0749913840994658,0.7001232873649057,4.237499999999998e-06,5.872777777777778e-06,double_top_90d|uptrend,1,1,mixte,365,0,0,30,,,45.0,54.0,77.0,78.5,49.9,54.1,57.72,1.7,≈ Neutre vs BTC,False,False,,0,,,,54.1,3,,Double sommet,3170349951,3171733822,589238555557476.1,589495760753000.6,,100.0,,,,54.1,56,ml_gb+alt_blend,Neutre,64.0,63.3,False,coingecko,-2.4,False,,,46,False,,,,,
RSRUSDT,RSR,Mid,284,0.001624,642374.3197294,-8.041,49.55459874412946,-1.3957610322855706e-05,0.0015235399999999999,0.0014848699999999992,0.7852821044787996,0.1432325886990801,0.09988901220865706,0.9631227833723007,0.5919624830362972,0.0011814722222222222,0.0017096388888888897,golden_cross|uptrend|doji_4h,2,0,haussier,365,0,0,30,,,31.0,82.0,89.5,57.5,80.5,54.0,72.48,1.6,≈ Neutre vs BTC,False,False,,0,,,,54.0,1,,,101350959,162023687,62553174091.0,100000000000.0,100000000000.0,62.6,39035893,$39M,1.58,54.0,76,ml_gb+alt_blend,Neutre,64.0,63.3,False,coingecko,11.3,False,,,69,False,,,,,
BERAUSDT,BERA,Mid,344,0.2204,979044.5236259,-6.531,50.232524366016605,-0.0024626054510104092,0.20003199999999996,0.27219650000000006,0.9997708757102065,0.2950248756218906,0.13464566929133862,0.655843917174126,0.5652925541484273,0.14998333333333339,0.23246111111111112,macd_bearish_cross|uptrend,1,1,mixte,365,0,0,30,,,31.0,66.0,73.0,57.5,54.8,54.0,58.45,1.6,≈ Neutre vs BTC,False,False,,0,,,,54.0,3,,MACD cross baissier,76679635,123317597,349392633.58325136,561903744.6943624,,62.2,,,,54.0,63,ml_gb+alt_blend,Neutre,64.0,63.3,False,coingecko,16.6,False,,,80,False,,,,,
SEIUSDT,SEI,Mid,121,0.06802,7209087.367402,-7.393,55.914581002380025,-0.0006704087305388282,0.05451319999999999,0.05379350000000002,1.0880182043872335,0.22758206565252198,0.14057952676198923,1.3623009942012259,0.5612100717478219,0.040535,0.06904250000000002,macd_bearish_cross|golden_cross|uptrend,2,1,haussier,365,0,0,30,,,31.0,91.0,74.5,78.5,70.0,53.9,72.79,1.5,≈ Neutre vs BTC,False,False,,0,,,,53.9,3,,MACD cross baissier,457427140,679347237,6733333333.0,10000000000.0,,67.3,,,,53.9,74,ml_gb+alt_blend,Neutre,64.0,63.3,False,coingecko,35.5,False,,,98,False,📝 Dossier ETF actif,S-1/A,2026-09-15,22,Canary
HBARUSDT,HBAR,Etabli,31,0.09344,17294007.08275,-6.96,49.76610613898069,-0.0011296352513367521,0.08485360000000002,0.08195670000000002,1.2767453252089864,0.23473986071282268,0.23473986071282268,1.5016544106801235,0.4138345635383251,0.06629444444444445,0.09903138888888888,macd_bearish_cross|golden_cross,1,1,mixte,365,0,0,30,,,45.0,100.0,74.5,78.5,54.7,53.9,75.48,1.5,≈ Neutre vs BTC,False,False,,0,,,,53.9,3,,MACD cross baissier,4098806840,4657972818,43997753963.610466,50000000000.0,50000000000.0,88.0,,,,53.9,73,ml_gb+alt_blend,Neutre,64.0,63.3,False,coingecko,12.8,False,,,80,False,,,,,
EIGENUSDT,EIGEN,Mid,173,0.233,3215393.112666,-7.723,46.84964136197135,-0.002697441478576255,0.22240000000000004,0.20406300000000008,0.9612929243666253,0.32346980137819215,0.1568840579710146,0.969244128992394,0.5022559485469975,0.17480833333333334,0.25657222222222226,uptrend|doji_4h,1,0,haussier,365,0,0,30,,,31.0,82.0,73.0,68.0,65.3,53.8,67.38,1.4,≈ Neutre vs BTC,False,False,,0,,,,53.8,1,,,224965713,429388913,969024551.0099299,1849563621.103198,,52.4,6709411053,$6.7B,-4.83,53.8,70,ml_gb+alt_blend,Neutre,64.0,63.3,False,coingecko,6.0,False,,,75,False,,,,,
ATOMUSDT,ATOM,Etabli,82,1.694,2813565.33293,-5.363,48.65681491290345,-0.010809454815173002,1.64608,1.7033000000000016,0.9011616642213164,0.22921914357682624,0.101272534464475,1.0604453412560402,0.45726705739323265,1.3340000000000003,1.8043888888888893,downtrend,0,1,baissier,365,0,0,30,,,45.0,75.0,85.0,68.0,35.7,53.8,63.35,1.4,≈ Neutre vs BTC,False,False,,0,,,,53.8,1,,,904308887,904316769,534728248.858917,534742782.380773,,100.0,,,,53.8,63,ml_gb+alt_blend,Neutre,64.0,63.3,False,coingecko,0.9,False,,,54,False,,,,,
SOLUSDT,SOL,Etabli,7,116.25,243641494.27654,-3.775,54.081729981402965,-0.8309059718256986,107.3246,86.45054999999995,0.6081779401427189,0.11233278358072206,0.04813753581661899,0.7997099900304214,0.8340591931122495,73.68833333333333,118.83305555555555,,0,0,neutre,365,0,0,30,,,45.0,82.0,81.5,78.5,50,53.7,69.04,1.3,≈ Neutre vs BTC,False,False,,0,,,,53.7,3,,Près du plus haut 90j (résistance),68238447603,73600268218,589094414.2799388,635382307.1676807,,92.7,,,,53.7,68,ml_gb+alt_blend,Neutre,64.0,63.3,False,coingecko,10.0,False,,,95,False,📁 Dossier ETF ancien,S-1/A,2026-07-14,85,
GRAMUSDT,GRAM,Etabli,32,1.424,12260946.51683,-8.542,45.60749238014487,-0.0077949770758150225,1.42632,,0.6603918154204989,0.19939209726443774,0.13434650455927058,1.3152508908252227,0.5701004538564196,1.324555555555556,1.5886666666666667,macd_bearish_cross,0,1,baissier,98,0,0,30,,,37.7,63.0,85.0,78.5,39.5,53.7,59.21,1.3,≈ Neutre vs BTC,False,False,,0,,,,53.7,3,,MACD cross baissier,4009967271,7478158736,2821667354.307506,5262140821.089029,,53.6,,,,53.7,60,ml_gb+alt_blend,Neutre,64.0,63.3,False,coingecko,0.6,False,,,23,False,,,,,
RUNEUSDT,RUNE,Mid,168,0.719,3432846.4026,-6.623,56.87831362197577,-0.005327375874135384,0.5708800000000002,0.4670900000000001,1.0013545022427661,0.10816777041942602,0.10125000000000009,1.0994551189227815,0.6116878233018019,0.4146666666666667,0.7198055555555555,macd_bearish_cross|uptrend,1,1,mixte,365,0,0,30,,,31.0,91.0,74.5,68.0,54.8,53.6,68.94,1.2,≈ Neutre vs BTC,False,False,,0,,,,53.6,3,,MACD cross baissier,235190535,253315174,328585110.0,353907038.0,353907038.0,92.8,69890761,$70M,-3.73,53.6,70,ml_gb+alt_blend,Neutre,64.0,63.3,False,coingecko,47.9,False,,,146,True,,,,,
ONDOUSDT,ONDO,Etabli,49,0.4676,27330177.80122,-5.934,51.12115023928885,-0.007300893431368451,0.410916,0.35157249999999984,1.2428165979160806,0.22235576923076916,0.20520673813169982,1.188846941115283,0.5012214802203726,0.3286694444444445,0.4952861111111109,macd_bearish_cross,0,1,baissier,365,0,0,30,,,45.0,91.0,74.5,78.5,39.5,53.6,69.09,1.2,≈ Neutre vs BTC,False,False,,0,,,,53.6,3,,MACD cross baissier,2270139486,4662118165,4869330647.0,10000000000.0,10000000000.0,48.7,,,,53.6,67,ml_gb+alt_blend,Neutre,64.0,63.3,False,coingecko,19.4,False,,,114,True,,,,,
SNXUSDT,SNX,Mid,236,0.2363,719915.1443,-7.37,46.82799815165464,-0.002010739120648891,0.228458,0.2550344999999999,0.7821541551029759,0.2235772357723577,0.12588191607872257,0.7870466503786221,0.6476917863554497,0.20081111111111116,0.25370833333333326,macd_bearish_cross,0,1,baissier,365,0,0,30,,,31.0,66.0,85.0,57.5,39.5,53.6,57.53,1.2,≈ Neutre vs BTC,False,False,,0,,,,53.6,3,,MACD cross baissier,136902086,137001911,580980590.4572881,581404223.5556631,,99.9,,,,53.6,61,ml_gb+alt_blend,Neutre,64.0,63.3,False,coingecko,4.3,False,,,41,False,,,,,
BLURUSDT,BLUR,Mid,442,0.01923,256272.494387,-7.946,47.639399927628695,-0.0002065800950202851,0.018004600000000006,0.019151899999999996,0.8835409766972565,0.3159006867406233,0.12144821264894591,0.5490817848221681,0.5745147136825214,0.013443333333333333,0.02074,uptrend,1,0,haussier,365,0,0,30,,,31.0,66.0,73.0,47.0,65.3,53.5,59.69,1.1,≈ Neutre vs BTC,False,False,,0,,,,53.5,3,,Volume ×0.5 (épuisement),55648014,57476244,2904574702.482877,3000000000.0,3000000000.0,96.8,17319781,$17M,-3.44,53.5,65,ml_gb+alt_blend,Neutre,64.0,63.3,False,coingecko,8.9,False,,,71,False,,,,,
ZRXUSDT,ZRX,Mid,289,0.1174,391996.809,-7.849,48.932809252269344,-0.0010014258787781737,0.10893199999999999,0.09877000000000004,0.686395726664899,0.16442953020134218,0.0866510538641685,1.571655855581338,0.625086374689385,0.0778611111111111,0.12319166666666666,uptrend,1,0,haussier,365,0,0,30,,,31.0,100.0,89.5,47.0,65.3,53.4,75.38,1.0,≈ Neutre vs BTC,False,False,,0,,,,53.4,1,,,99347629,117100462,848396562.906836,1000000000.0,1000000000.0,84.8,,,,53.4,78,ml_gb+alt_blend,Neutre,64.0,63.3,False,coingecko,12.3,False,,,74,False,,,,,
LPTUSDT,LPT,Mid,327,1.645,3153872.76232,-9.166,50.2223717459212,-0.011090161553824668,1.5158599999999998,1.7434800000000004,0.9391576926717985,0.2690638561686298,0.09156094870380581,3.6675074206927616,0.6686377514883355,1.230138888888889,1.737166666666666,macd_bearish_cross|uptrend,1,1,mixte,365,0,0,30,,,31.0,84.0,77.5,68.0,54.8,53.4,66.84,1.0,≈ Neutre vs BTC,False,False,,0,,,,53.4,3,,MACD cross baissier,81842713,81842713,49688954.55,49688954.55,,100.0,,,,53.4,73,ml_gb+alt_blend,Neutre,64.0,63.3,False,coingecko,12.5,False,,,54,False,,,,,
BIOUSDT,BIO,Mid,411,0.02863,3330616.425269,-9.169,46.103490841177354,-0.00016991288481288435,0.028535400000000006,0.029227199999999988,0.8839547401130569,0.23234836702954892,0.1376285541439806,2.273734717111636,0.6330704775970266,0.023516388888888892,0.031483055555555556,macd_bearish_cross|double_top_90d|doji_4h,0,2,baissier,365,0,0,30,,,31.0,64.0,85.0,68.0,24.1,53.4,54.55,1.0,≈ Neutre vs BTC,False,False,,0,,,,53.4,5,⚠️ Surveiller,Double sommet|MACD cross baissier,61055724,94499887,2145029070.25,3320000000.0,3320000000.0,64.6,3750249,$4M,-8.86,53.4,61,ml_gb+alt_blend,Neutre,64.0,63.3,False,coingecko,3.8,False,,,123,True,,,,,
NEOUSDT,NEO,Mid,207,2.36,748789.96038,-7.269,44.8214976779083,-0.031665861259834255,2.2872600000000007,2.3686000000000003,0.7309520699916136,0.19475473530840223,0.12958163643095152,1.0,0.6897513109557324,1.760138888888889,2.56125,uptrend,1,0,haussier,365,0,0,30,,,31.0,57.0,85.0,57.5,65.3,53.4,59.29,1.0,≈ Neutre vs BTC,False,False,,0,,,,53.4,1,,,166012517,235378586,70530000.0,100000000.0,,70.5,,,,53.4,61,ml_gb+alt_blend,Neutre,64.0,63.3,False,coingecko,7.6,False,,,62,False,,,,,
1INCHUSDT,1INCH,Mid,234,0.0982,826170.58777,-5.395,47.60399338991757,-0.0005023017318036833,0.09508799999999998,0.08705799999999997,0.5727532053313319,0.10450819672131148,0.0840336134453781,1.1227548741744324,0.7147962222545301,0.07608055555555558,0.10247222222222221,uptrend,1,0,haussier,365,0,0,30,,,31.0,91.0,92.0,57.5,65.3,53.3,73.29,0.9,≈ Neutre vs BTC,False,False,,0,,,,53.3,1,,,137845836,147106278,1405573965.7275033,1499999999.997,1500000000.0,93.7,3345006,$3M,-3.55,53.3,76,ml_gb+alt_blend,Neutre,64.0,63.3,False,coingecko,2.4,False,,,59,False,,,,,
PYTHUSDT,PYTH,Mid,107,0.07158,5926703.299686,-9.86,52.84023695420306,-0.000950807605888602,0.06017779999999998,0.04684085,0.8917447231417872,0.24514466904478793,0.14436324427938188,1.150655007449124,0.34819936644468985,0.03941388888888889,0.07438944444444444,macd_bearish_cross|uptrend|doji_4h,1,1,mixte,365,0,0,30,,,31.0,91.0,85.0,78.5,54.8,53.3,71.64,0.9,≈ Neutre vs BTC,False,False,,0,,,,53.3,3,,MACD cross baissier,562211521,713923089,7874959211.08148,10000000000.0,10000000000.0,78.7,,,,53.3,72,ml_gb+alt_blend,Neutre,64.0,63.3,False,coingecko,26.4,False,,,182,True,,,,,
BCHUSDT,BCH,Etabli,22,301.6,17423181.5226,-4.497,53.333975040262196,-3.2906078597625736,271.81999999999994,305.42500000000007,1.1436680076353676,0.24852686308492197,0.12605042016806722,1.1595813059214242,0.5814793819183377,207.72777777777782,317.72499999999997,uptrend,1,0,haussier,365,0,0,30,,,45.0,75.0,74.5,78.5,65.3,53.3,68.22,0.9,≈ Neutre vs BTC,False,False,,0,,,,53.3,1,,,6045480925,6045561758,20099603.02165076,20099887.39665076,21000000.0,100.0,,,,53.3,68,ml_gb+alt_blend,Neutre,64.0,63.3,False,coingecko,15.3,False,,,80,False,📝 Dossier ETF actif,S-3/A,2026-09-11,26,Grayscale
CFXUSDT,CFX,Mid,160,0.05101,1190953.10204,-7.607,45.90806008494721,-0.0004760315870117864,0.0498768,0.050740549999999995,0.6357368083949219,0.19004043413492233,0.09932719546742216,0.8850419537412081,0.5709975838993361,0.04099611111111111,0.05422166666666666,uptrend,1,0,haussier,365,0,0,30,,,31.0,66.0,89.5,68.0,65.3,53.3,64.3,0.9,≈ Neutre vs BTC,False,False,,0,,,,53.3,1,,,266725352,266773251,5244519736.32,5245473687.07,,100.0,,,,53.3,68,ml_gb+alt_blend,Neutre,64.0,63.3,False,coingecko,1.5,False,,,47,False,,,,,
AUDIOUSDT,AUDIO,Speculative,815,0.01544,863755.357515,-8.095,53.446169058846564,-9.12808851720264e-06,0.013847599999999998,0.015680450000000005,0.7666880568709018,0.14264813460131678,0.08946439081812843,1.7773338545578936,0.5058737937655085,0.01205333333333333,0.016149722222222225,macd_bearish_cross|doji_4h,0,1,baissier,365,0,0,30,,,17.0,84.0,89.5,57.5,39.5,53.3,62.72,0.9,≈ Neutre vs BTC,False,False,,0,,,,53.3,3,,MACD cross baissier,22581663,22581663,1461177477.0,1461177477.157601,,100.0,,,,53.3,67,ml_gb+alt_blend,Neutre,64.0,63.3,False,coingecko,15.7,False,,,63,False,,,,,
BABYUSDT,BABY,Mid,405,0.01293,1169912.46467,-6.1,49.46094091145134,-6.19240629229753e-05,0.0122618,0.013751949999999995,0.8146357510747069,0.2807148175725986,0.08987968860580328,1.0310204101431744,0.4378102084554513,0.010416666666666666,0.013663888888888889,macd_bearish_cross,0,1,baissier,365,0,0,30,,,31.0,75.0,77.5,68.0,39.5,53.3,60.41,0.9,≈ Neutre vs BTC,False,False,,0,,,,53.3,3,,MACD cross baissier,62727663,141280794,4888061608.98,11009394493.0,,44.4,3383174754,$3.4B,-0.19,53.3,62,ml_gb+alt_blend,Neutre,64.0,63.3,False,coingecko,14.6,False,,,50,False,,,,,
KSMUSDT,KSM,Mid,309,4.79,600821.03883,-4.771,53.9186150147581,-0.03206762535831564,4.1374,4.0064,0.8033972770763906,0.16081871345029236,0.08969465648854974,0.7268371593082629,0.5225098514744435,2.9475,4.889444444444445,macd_bearish_cross|golden_cross|uptrend,2,1,haussier,365,0,0,30,,,31.0,82.0,89.5,57.5,70.0,53.2,70.39,0.8,≈ Neutre vs BTC,False,False,,0,,,,53.2,3,,MACD cross baissier,90379172,90379212,18948055.336755432,18948661.41676534,,100.0,,,,53.2,74,ml_gb+alt_blend,Neutre,64.0,63.3,False,coingecko,19.5,False,,,87,False,,,,,
AXSUSDT,AXS,Mid,187,1.176,5019078.58506,-7.62,54.0734160678608,0.0032110906558481256,1.02426,1.0610050000000002,0.9429559375078648,0.18308457711442783,0.1360294117647059,3.0926587374302112,0.6001773806046536,0.8451666666666667,1.1730833333333335,doji_4h,0,0,neutre,365,0,0,30,,,31.0,84.0,85.0,78.5,50,53.2,68.05,0.8,≈ Neutre vs BTC,False,False,,0,,,,53.2,0,,,205502582,317411308,174806933.00134403,270000000.0,270000000.0,64.7,,,,53.2,73,ml_gb+alt_blend,Neutre,64.0,63.3,False,coingecko,20.0,False,,,68,False,,,,,
PENGUUSDT,PENGU,Mid,110,0.008599,23603465.127844,-10.845,46.14910416869692,-0.00012742220421569365,0.008673199999999999,0.007579124999999999,1.0061124329831932,0.30756794988380315,0.16566206494264055,1.7334753396203957,0.6792260009779281,0.00592838888888889,0.009863583333333335,,0,0,neutre,365,0,0,30,,,31.0,72.0,62.5,78.5,50,53.2,59.55,0.8,≈ Neutre vs BTC,False,False,,2,🔥 Trending #6 sur CoinGecko,6,,53.2,1,,,537169246,655629418,62860396090.0,76722793072.81053,88888888888.0,81.9,,,,53.2,65,ml_gb+alt_blend,Neutre,64.0,63.3,False,coingecko,-3.2,False,,,89,False,,,,,
WOOUSDT,WOO,Speculative,790,0.01254,349089.641831,-7.794,47.081273770722426,-7.857942838742325e-05,0.012062000000000003,0.014202300000000003,0.8339047597240675,0.20092024539877293,0.12648497554157925,1.0377968679114895,0.6921180526422118,0.010625277777777779,0.013553888888888891,macd_bearish_cross,0,1,baissier,365,0,0,30,,,17.0,75.0,85.0,47.0,39.5,53.2,57.71,0.8,≈ Neutre vs BTC,False,False,,0,,,,53.2,3,,MACD cross baissier,23589302,23589302,1888782088.2947378,1888782088.294737,3000000000.0,100.0,4045282,$4M,-0.99,53.2,64,ml_gb+alt_blend,Neutre,64.0,63.3,False,coingecko,4.9,False,,,35,False,,,,,
MOVEUSDT,MOVE,Speculative,561,0.009043,488543.4103022,-6.725,46.90031790095041,-4.3451184009557714e-05,0.008785280000000001,0.01256132000000001,0.854991003379077,0.48214285714285715,0.19508928571428566,0.9527773350248602,0.6139887453076281,0.006705555555555558,0.01074475,macd_bearish_cross|uptrend,1,1,mixte,365,0,0,30,,,17.0,66.0,73.0,47.0,54.8,53.2,55.25,0.8,≈ Neutre vs BTC,False,False,,0,,,,53.2,3,,MACD cross baissier,40519089,90125870,4495833333.0,10000000000.0,10000000000.0,45.0,,,,53.2,63,ml_gb+alt_blend,Neutre,64.0,63.3,False,coingecko,-1.7,False,,,75,False,,,,,
KITEUSDT,KITE,Mid,144,0.1334,1311668.52871,-6.517,49.85449782417684,-0.0009629191952914232,0.12452199999999998,0.14428450000000004,1.0526489372057317,0.2942989214175655,0.13216145833333326,0.36100622125616433,0.2839742066692326,0.09523888888888886,0.14294166666666663,macd_bearish_cross|uptrend,1,1,mixte,339,0,0,30,,,30.3,57.0,56.5,68.0,54.8,53.2,52.86,0.8,≈ Neutre vs BTC,False,False,,0,,,,53.2,5,⚠️ Surveiller,Volume ×0.4 (épuisement)|MACD cross baissier,318517329,1332041905,2391196012.0,10000000000.0,10000000000.0,23.9,1096521,$1M,-4.7,53.2,57,ml_gb+alt_blend,Neutre,64.0,63.3,False,coingecko,8.7,False,,,68,False,,,,,
VETUSDT,VET,Etabli,96,0.008139,1262318.3210024,-6.081,46.84622182158727,-0.00016541022509033608,0.00759022,0.006272620000000003,0.9481553352499694,0.14500209995800087,0.14500209995800087,0.7331043872275481,0.5610839843736399,0.004532166666666667,0.008946611111111108,uptrend|doji_4h,1,0,haussier,365,0,0,30,,,45.0,82.0,85.0,68.0,65.3,53.1,71.87,0.7,≈ Neutre vs BTC,False,False,,0,,,,53.1,1,,,698265526,698265526,85985041177.0,85985041177.0,86712634466.0,100.0,,,,53.1,72,ml_gb+alt_blend,Neutre,64.0,63.3,False,coingecko,14.0,False,,,118,True,,,,,
CRVUSDT,CRV,Mid,108,0.3503,3623506.21196,-3.922,47.887333111219625,-0.0026102751468002824,0.3459700000000002,0.25273799999999996,0.7644419830732084,0.16269945069317285,0.11125190065889506,0.6265545242918893,0.4730872470733125,0.20573888888888894,0.3771055555555555,macd_bearish_cross|uptrend,1,1,mixte,365,0,0,30,,,31.0,82.0,85.0,68.0,54.8,53.1,67.42,0.7,≈ Neutre vs BTC,False,False,,0,,,,53.1,3,,MACD cross baissier,550436117,848654172,1572281746.0,2424121416.590206,3030303031.0,64.9,1263428388,$1.3B,-2.94,53.1,69,ml_gb+alt_blend,Neutre,64.0,63.3,False,coingecko,-8.4,False,,,105,True,,,,,
CKBUSDT,CKB,Mid,409,0.00124,349753.727092,-7.046,47.47810840349033,-1.9166771156044944e-05,0.0011534599999999998,0.0011860349999999991,0.8302420059303706,0.1470994475138122,0.1470994475138122,0.8693363520541681,0.6118526789709702,0.0008225,0.0013328055555555556,uptrend,1,0,haussier,365,0,0,30,,,31.0,66.0,85.0,47.0,65.3,53.1,61.82,0.7,≈ Neutre vs BTC,False,False,,0,,,,53.1,1,,,61352114,62404004,49662066995.95562,50513963295.7382,,98.3,,,,53.1,67,ml_gb+alt_blend,Neutre,64.0,63.3,False,coingecko,8.8,False,,,79,False,,,,,
REDUSDT,RED,Mid,330,0.1509,589307.50001,-8.822,46.69006176267968,-0.002969173715198078,0.13701999999999998,0.12015400000000004,1.0022610416879134,0.26782608695652177,0.17468214483139866,0.7943361102889857,0.5294507627686867,0.08721944444444445,0.16688333333333336,macd_bearish_cross|uptrend,1,1,mixte,365,0,0,30,,,31.0,82.0,62.5,57.5,54.8,53.1,62.59,0.7,≈ Neutre vs BTC,False,False,,0,,,,53.1,3,,MACD cross baissier,80048744,149311330,536119687.0,1000000000.0,1000000000.0,53.6,,,,53.1,66,ml_gb+alt_blend,Neutre,64.0,63.3,False,coingecko,14.7,False,,,115,True,,,,,
GALAUSDT,GALA,Mid,266,0.00226,2769537.223363,-7.717,53.149511789803285,3.4985667725833465e-06,0.0019578200000000003,0.002504670000000001,1.1408588870173493,0.3540315106580167,0.15075187969924808,1.0952870671290236,0.5093980594686597,0.0016246388888888888,0.0023237500000000003,,0,0,neutre,365,0,0,30,,,31.0,75.0,62.5,68.0,50,53.1,59.84,0.7,≈ Neutre vs BTC,False,False,,0,,,,53.1,0,,,113756727,113756732,50485809261.92356,50485809263.92356,50000000000.0,100.0,,,,53.1,62,ml_gb+alt_blend,Neutre,64.0,63.3,False,coingecko,15.7,False,,,95,False,,,,,
POLYXUSDT,POLYX,Mid,455,0.0398,451994.07789,-7.009,44.27598807743556,-0.0006141558810935849,0.038523999999999996,0.04167200000000002,0.6915695995550524,0.25729442970822275,0.13852813852813844,0.9793220121276066,0.6621614284044751,0.03057222222222223,0.04359166666666667,,0,0,neutre,365,0,0,30,,,31.0,57.0,73.0,47.0,50,53.1,53.27,0.7,≈ Neutre vs BTC,False,False,,0,,,,53.1,1,,,52806695,52806695,1326137644.435718,1326475773.291331,,100.0,,,,53.1,56,ml_gb+alt_blend,Neutre,64.0,63.3,False,coingecko,7.3,False,,,64,False,,,,,
ENJUSDT,ENJ,Mid,423,0.02924,2543707.139574,-11.635,48.610412217192454,6.401010110424366e-05,0.027751199999999997,0.033303550000000015,0.8356532887435305,0.18717504332755638,0.13004750593824232,4.285978258704481,0.492787845284101,0.024200277777777782,0.031156944444444445,uptrend,1,0,haussier,365,0,0,30,,,31.0,84.0,85.0,68.0,65.3,53.0,70.26,0.6,≈ Neutre vs BTC,False,False,,0,,,,53.0,0,,,58382486,59026660,2006404882.6320186,2028542906.471917,,98.9,,,,53.0,76,ml_gb+alt_blend,Neutre,64.0,63.3,False,coingecko,4.8,False,,,57,False,,,,,
GLMUSDT,GLM,Mid,247,0.1255,324139.28744,-6.413,52.76484122872624,-0.0003849611200550567,0.11588599999999999,0.11657399999999996,0.6489004696748766,0.15459882583170248,0.07037037037037043,1.9802262122252348,0.5866334483760277,0.08989444444444446,0.12834166666666671,,0,0,neutre,365,0,0,30,,,31.0,84.0,89.5,47.0,50,53.0,66.33,0.6,≈ Neutre vs BTC,False,False,,0,,,,53.0,1,,,125541196,125541196,1000000000.0,1000000000.0,,100.0,,,,53.0,70,ml_gb+alt_blend,Neutre,64.0,63.3,False,coingecko,11.2,False,,,56,False,,,,,
LDOUSDT,LDO,Mid,132,0.4308,5228576.933175,-7.613,49.611894445942305,-0.0031043964754080174,0.39994,0.34459299999999987,1.1339097918038705,0.2978936810431293,0.13089217074651027,0.9725042134249438,0.42619020710976335,0.29576666666666657,0.4549777777777776,uptrend,1,0,haussier,365,0,0,30,,,31.0,82.0,62.5,78.5,65.3,53.0,66.36,0.6,≈ Neutre vs BTC,False,False,,0,,,,53.0,1,,,356358509,429571307,829567764.2043006,1000000000.0,1000000000.0,83.0,24937779019,$24.9B,-7.36,53.0,68,ml_gb+alt_blend,Neutre,64.0,63.3,False,coingecko,4.2,False,,,103,True,,,,,
LINEAUSDT,LINEA,Mid,387,0.002712,980843.349263,-5.075,45.55109113211349,-2.6214827848988176e-05,0.0026681200000000004,0.0028179650000000013,0.668038986690193,0.17024661893396975,0.10615079365079368,1.0,0.6146512668798676,0.002182111111111111,0.0028812777777777773,uptrend,1,0,haussier,365,0,0,30,,,31.0,66.0,85.0,57.5,65.3,53.0,62.66,0.6,≈ Neutre vs BTC,False,False,,0,,,,53.0,1,,,66216797,193284690,24527101521.37352,71593816498.0,72009990000.0,34.3,,,,53.0,67,ml_gb+alt_blend,Neutre,64.0,63.3,False,coingecko,-1.2,False,,,41,False,,,,,
DOTUSDT,DOT,Etabli,54,1.104,14063018.83025,-8.534,47.06901522535361,-0.014807854277416772,1.0399999999999998,1.0546649999999997,1.0749575759389205,0.2415730337078652,0.1301261829652997,1.336471287121497,0.4749005456812189,0.7712777777777776,1.2079722222222222,double_top_90d|uptrend,1,1,mixte,365,0,0,30,,,45.0,75.0,74.5,78.5,49.9,53.0,65.16,0.6,≈ Neutre vs BTC,False,False,,0,,,,53.0,3,,Double sommet,1883038279,1883042504,1706246555.6468563,1706256509.210024,2100000000.0,100.0,2633448,$3M,-9.05,53.0,64,ml_gb+alt_blend,Neutre,64.0,63.3,False,coingecko,7.7,False,,,70,False,,,,,
HIVEUSDT,HIVE,Speculative,694,0.0535,221065.0275,-7.118,46.8601356133775,-0.0006164436682689783,0.04993400000000002,0.05290049999999998,0.6593446538299552,0.23232323232323238,0.11018363939899836,0.8484849771107069,0.5870236764946178,0.04035833333333336,0.05756388888888889,,0,0,neutre,365,0,0,30,,,17.0,66.0,85.0,47.0,50,53.0,56.42,0.6,≈ Neutre vs BTC,False,False,,0,,,,53.0,1,,,29340730,59650224,550140465.0,1118445313.0,,49.2,,,,53.0,63,ml_gb+alt_blend,Neutre,64.0,63.3,False,coingecko,16.1,False,,,57,False,,,,,
APEUSDT,APE,Mid,226,0.1468,2495797.863069,-8.65,47.60597782752064,-0.0003739918193264779,0.14374000000000003,0.13407350000000004,0.9610610732348024,0.23268870867124142,0.12155688622754497,2.5178342682156427,0.4718309119640466,0.12639166666666662,0.1608555555555555,macd_bearish_cross|uptrend,1,1,mixte,365,0,0,30,,,31.0,100.0,85.0,68.0,54.8,52.9,74.18,0.5,≈ Neutre vs BTC,False,False,,0,,,,52.9,3,,MACD cross baissier,146400665,146400665,1000000000.0,1000000000.0,1000000000.0,100.0,,,,52.9,79,ml_gb+alt_blend,Neutre,64.0,63.3,False,coingecko,1.0,False,,,68,False,,,,,
RONINUSDT,RONIN,Speculative,,0.0631,772209.084931,-7.749,51.52901948501187,-6.745797436358498e-05,0.057451999999999996,0.06996450000000003,1.158308642203581,0.20888157894736847,0.0923520923520924,1.484871309100603,0.6485185348601878,0.04817777777777778,0.06517777777777779,macd_bearish_cross|doji_4h,0,1,baissier,365,0,0,30,,,17.0,75.0,79.0,57.5,39.5,52.9,57.48,0.5,≈ Neutre vs BTC,False,False,,0,,,,52.9,3,,MACD cross baissier,,,,,,,,,,52.9,63,ml_gb+alt_blend,Neutre,64.0,63.3,False,,14.3,False,,,48,False,,,,,
PUNDIXUSDT,PUNDIX,Speculative,712,0.1111,300425.83936,-8.86,46.126252424263626,-0.001654443915049958,0.10483800000000003,0.11277650000000004,0.9257017700863962,0.16818181818181813,0.11844197138314783,0.8656706389050651,0.5757895188979942,0.07491666666666665,0.12269722222222224,,0,0,neutre,365,0,0,30,,,17.0,66.0,85.0,47.0,50,52.9,56.42,0.5,≈ Neutre vs BTC,False,False,,0,,,,52.9,1,,,28653201,28653201,258386541.09992442,258386541.0999244,,100.0,,,,52.9,63,ml_gb+alt_blend,Neutre,64.0,63.3,False,coingecko,11.8,False,,,73,False,,,,,
MEGAUSDT,MEGA,Mid,481,0.04354,1887926.543618,-7.676,49.481770355653126,-8.696253264983212e-05,0.04101079999999999,,1.1709124676423999,0.36504379710735385,0.13157894736842107,0.7404313191516324,0.6146429400119897,0.03373666666666667,0.04817444444444444,macd_bearish_cross|uptrend,1,1,mixte,161,0,0,30,,,25.4,54.0,62.5,68.0,54.8,52.9,51.98,0.5,≈ Neutre vs BTC,False,False,,0,,,,52.9,3,,MACD cross baissier,49164773,435166284,1129792788.0,10000000000.0,10000000000.0,11.3,,,,52.9,57,ml_gb+alt_blend,Neutre,64.0,63.3,False,coingecko,9.8,False,,,61,False,,,,,
GMTUSDT,GMT,Speculative,771,0.00802,584946.727862,-9.379,45.8756208723692,-6.929578200825316e-05,0.007739600000000002,0.00877675,0.780742849922622,0.2288686605981794,0.11894273127753298,1.1158952601555996,0.6655916887094567,0.006424722222222222,0.008670555555555556,uptrend,1,0,haussier,365,0,0,30,,,17.0,75.0,85.0,57.5,65.3,52.8,63.68,0.4,≈ Neutre vs BTC,False,False,,0,,,,52.8,1,,,24873601,40562100,3111400155.0,5073850155.102167,6000000000.0,61.3,,,,52.8,70,ml_gb+alt_blend,Neutre,64.0,63.3,False,coingecko,4.8,False,,,58,False,,,,,
PENDLEUSDT,PENDLE,Mid,126,2.23,5418940.2707,-9.607,44.616098191979795,-0.04541663782106101,2.14388,1.60767,0.9552861081662685,0.230251071647275,0.17840029487652045,1.3990953871757161,0.5138669517606244,1.3453055555555555,2.5180555555555557,,0,0,neutre,365,0,0,30,,,31.0,82.0,85.0,78.5,50,52.8,67.3,0.4,≈ Neutre vs BTC,False,False,,0,,,,52.8,1,,,386935220,626979396,173742368.59157443,281527448.4585314,,61.7,1257623601,$1.3B,0.71,52.8,65,ml_gb+alt_blend,Neutre,64.0,63.3,False,coingecko,4.9,False,,,133,True,,,,,
XTZUSDT,XTZ,Mid,137,0.3072,743239.24315,-8.408,50.054132249965285,-0.003960114851377965,0.273572,0.2849829999999999,1.189044101494474,0.1746502755404832,0.16453282484336695,0.94495454130296,0.5099101529995659,0.19886944444444443,0.33116111111111113,uptrend,1,0,haussier,365,0,0,30,,,31.0,66.0,74.5,57.5,65.3,52.8,60.8,0.4,≈ Neutre vs BTC,False,False,,0,,,,52.8,1,,,336966388,343093336,1098197694.972035,1118168348.201225,,98.2,,,,52.8,65,ml_gb+alt_blend,Neutre,64.0,63.3,False,coingecko,27.8,False,,,78,False,,,,,
AVNTUSDT,AVNT,Speculative,530,0.1211,1099417.3918,-9.492,51.6091175498763,-0.000485230582379698,0.10947199999999997,0.11679300000000004,0.8430363570006861,0.19858870967741932,0.10000000000000006,0.9538825448434807,0.4561172416274135,0.08457222222222222,0.12491388888888884,macd_bearish_cross,0,1,baissier,365,0,0,30,,,17.0,66.0,85.0,68.0,39.5,52.8,56.01,0.4,≈ Neutre vs BTC,False,False,,0,,,,52.8,3,,MACD cross baissier,42811804,120586590,355029563.3088312,1000000000.0,1000000000.0,35.5,11260934,$11M,2.0,52.8,61,ml_gb+alt_blend,Neutre,64.0,63.3,False,coingecko,10.5,False,,,70,False,,,,,
DUSKUSDT,DUSK,Mid,496,0.0777,581131.7298,-9.335,44.74523233770316,-0.0012289308612697353,0.07744200000000001,0.09607550000000002,0.9834386314975295,0.2981366459627329,0.173773987206823,1.103996967203997,0.6196471192104327,0.06076666666666665,0.08728333333333332,,0,0,neutre,365,0,0,30,,,31.0,66.0,73.0,57.5,50,52.8,57.49,0.4,≈ Neutre vs BTC,False,False,,0,,,,52.8,1,,,47168117,47168446,607865888.7874175,607877743.2204465,1000000000.0,100.0,,,,52.8,58,ml_gb+alt_blend,Neutre,64.0,63.3,False,coingecko,-1.9,False,,,62,False,,,,,
AEROUSDT,AERO,Etabli,88,0.7888,6015027.07671,-5.725,57.038231942923,-0.007394409976212379,0.6230519999999999,,1.0950218394784486,0.1498381877022654,0.1030986557302347,0.10759760614263321,,0.40778181818181825,0.7992727272727272,macd_bearish_cross|uptrend|bearish_engulfing_4h,1,2,baissier,83,0,0,30,,,37.3,45.0,64.5,78.5,42.1,52.8,49.27,0.4,≈ Neutre vs BTC,False,False,,0,🔥 Trending #12 sur CoinGecko,12,,52.8,7,🔴 Sortie,Volume ×0.1 (épuisement)|Engloutissement baissier 4h|MACD cross baissier,785960113,1566476275,999885340.5908898,1992844978.458703,,50.2,224437498,$224M,-3.4,52.8,52,ml_gb+alt_blend,Neutre,64.0,63.3,False,coingecko,45.2,False,,,129,True,,,,,
OPUSDT,OP,Mid,155,0.1202,8347798.696649,-9.351,47.2784157540698,-0.0020679096428283398,0.112244,0.11060699999999998,1.2266421015291467,0.22905525846702318,0.1974564926372155,1.6547362188061807,0.5923470500215055,0.08554166666666665,0.13374166666666662,golden_cross|uptrend,2,0,haussier,365,0,0,30,,,31.0,100.0,74.5,78.5,80.5,52.7,78.25,0.3,≈ Neutre vs BTC,False,False,,0,,,,52.7,1,,,275025382,513659851,2299624975.0,4294967296.0,4294967296.0,53.5,737561299,$738M,2.41,52.7,79,ml_gb+alt_blend,Neutre,64.0,63.3,False,coingecko,8.1,False,,,78,False,,,,,
ETHUSDT,ETH,Etabli,2,2568.22,1181463653.175978,-5.292,44.87760798852532,-19.73742600499324,2546.9246000000003,2127.52765,0.42990783889229583,0.07471390646893766,0.07471390646893766,1.254293201926497,0.8807454432698562,1839.4769444444444,2698.785277777778,,0,0,neutre,365,0,0,30,,,45.0,82.0,92.0,78.5,50,52.7,70.9,0.3,≈ Neutre vs BTC,False,False,,0,,,,52.7,1,,,312628613454,312628613454,122113300.64452891,122113300.6445289,,100.0,,,,52.7,66,ml_gb+alt_blend,Neutre,64.0,63.3,False,coingecko,2.4,False,,,78,False,📝 Dossier ETF actif,S-3/A,2026-08-19,49,Fidelity
ROSEUSDT,ROSE,Mid,406,0.00774,692329.946103,-8.511,47.412639792727035,-0.00013041358674561814,0.0071455999999999985,0.007831349999999997,0.8334033543465571,0.14317425083240845,0.14317425083240845,0.7911535361877382,0.4964381062346237,0.005267222222222222,0.008385555555555556,macd_bearish_cross|uptrend|doji_4h,1,1,mixte,365,0,0,30,,,31.0,66.0,85.0,57.5,54.8,52.7,60.58,0.3,≈ Neutre vs BTC,False,False,,0,,,,52.7,3,,MACD cross baissier,62057564,77165271,8042162442.0,10000000000.0,10000000000.0,80.4,,,,52.7,65,ml_gb+alt_blend,Neutre,64.0,63.3,False,coingecko,8.1,False,,,75,False,,,,,
PLUMEUSDT,PLUME,Mid,260,0.01768,2903844.00771,-6.996,53.982440165449134,-4.314279085916215e-05,0.015204399999999998,0.01240625,1.022498814367,0.1561439239646979,0.10406091370558375,0.7862981938955437,0.4253133406794543,0.010541111111111109,0.01786027777777778,macd_bearish_cross,0,1,baissier,365,0,0,30,,,31.0,82.0,74.5,68.0,39.5,52.7,62.51,0.3,≈ Neutre vs BTC,False,False,,0,,,,52.7,3,,MACD cross baissier,115995651,175587579,6606142167.0,10000000000.0,10000000000.0,66.1,,,,52.7,64,ml_gb+alt_blend,Neutre,64.0,63.3,False,coingecko,22.4,False,,,113,True,,,,,
ONTUSDT,ONT,Mid,430,0.05695,539216.62844,-5.899,49.603494059084646,-0.0001651511643933209,0.055146799999999996,0.05558980000000001,0.6225584476993553,0.2876371616678859,0.16795903438185805,1.0451256995295053,0.40229252540725696,0.037281666666666664,0.06036833333333333,macd_bearish_cross,0,1,baissier,365,0,0,30,,,31.0,75.0,73.0,57.5,39.5,52.7,58.78,0.3,≈ Neutre vs BTC,False,False,,0,,,,52.7,3,,MACD cross baissier,56834690,56834690,1000000000.0,1000000000.0,,100.0,,,,52.7,62,ml_gb+alt_blend,Neutre,64.0,63.3,False,coingecko,0.0,False,,,74,False,,,,,
ALTUSDT,ALT,Mid,451,0.00723,783512.90884,-9.057,46.115905281513,-7.038326102882641e-05,0.006908399999999999,0.0067049499999999995,0.764217888999742,0.13939393939393938,0.1176470588235295,1.2983189988589938,0.6092159868003136,0.005802777777777778,0.007770277777777775,uptrend,1,0,haussier,365,0,0,30,,,31.0,91.0,85.0,57.5,65.3,52.6,72.05,0.2,≈ Neutre vs BTC,False,False,,0,,,,52.6,1,,,53063072,72026227,7367187496.0,10000000000.0,10000000000.0,73.7,,,,52.6,75,ml_gb+alt_blend,Neutre,64.0,63.3,False,coingecko,9.7,False,,,51,False,,,,,
LTCUSDT,LTC,Etabli,23,66.77,21602099.71175,-4.314,56.764804620834155,-0.5840744787694252,57.69439999999998,51.5694,0.7166700521471832,0.09836373895053609,0.08086513293842133,0.63950907232722,0.6053545717034821,44.31500000000002,67.78583333333334,macd_bearish_cross|bull_flag|uptrend,2,1,haussier,365,0,0,30,,,45.0,82.0,89.5,78.5,66.7,52.6,73.78,0.2,≈ Neutre vs BTC,False,False,,0,,,,52.6,3,,MACD cross baissier,5168755761,5168922920,77689835.87009934,77692548.37705646,84000000.0,100.0,,,,52.6,73,ml_gb+alt_blend,Neutre,64.0,63.3,False,coingecko,13.8,False,,,80,False,📝 Dossier ETF actif,S-3/A,2026-09-11,26,Grayscale
SIGNUSDT,SIGN,Speculative,626,0.01196,641131.76699,-5.678,50.46871283405734,-0.00020016311534533848,0.010623999999999998,0.013861449999999992,0.8321479289064454,0.2702394526795895,0.1452991452991453,0.955261390886428,0.5473711604366137,0.00667611111111111,0.012675555555555556,uptrend|doji_4h,1,0,haussier,365,0,0,30,,,17.0,66.0,73.0,57.5,65.3,52.6,58.18,0.2,≈ Neutre vs BTC,False,False,,0,,,,52.6,1,,,34076418,119846723,2843333332.0,10000000000.0,10000000000.0,28.4,,,,52.6,65,ml_gb+alt_blend,Neutre,64.0,63.3,False,coingecko,12.8,False,,,121,True,,,,,
BIGTIMEUSDT,BIGTIME,Speculative,791,0.00817,338890.30706,-9.823,47.464378553046714,-0.00011175113608121931,0.0075126,0.009292450000000002,0.912909130221715,0.33795013850415506,0.16324435318275166,0.7463975928969135,0.4660147526848001,0.00525361111111111,0.008861111111111108,macd_bearish_cross|uptrend,1,1,mixte,365,0,0,30,,,17.0,66.0,73.0,47.0,54.8,52.6,55.25,0.2,≈ Neutre vs BTC,False,False,,0,,,,52.6,3,,MACD cross baissier,23541056,40697113,2892226760.975806,5000000000.0,5000000000.0,57.8,,,,52.6,63,ml_gb+alt_blend,Neutre,64.0,63.3,False,coingecko,11.8,False,,,100,True,,,,,
JOEUSDT,JOE,Speculative,944,0.0382,242852.764767,-8.393,53.22734379466813,-0.00011156326147057681,0.033471999999999995,0.03535999999999998,1.0655172722788324,0.19163763066202097,0.09090909090909087,0.9312801014132286,0.47009732164754037,0.02518333333333333,0.03890833333333334,macd_bearish_cross,0,1,baissier,365,0,0,30,,,17.0,66.0,79.0,47.0,39.5,52.6,53.26,0.2,≈ Neutre vs BTC,False,False,,0,,,,52.6,3,,MACD cross baissier,17374074,18990181,457181657.224341,499707918.0306486,500000000.0,91.5,11625574,$12M,-1.89,52.6,60,ml_gb+alt_blend,Neutre,64.0,63.3,False,coingecko,14.0,False,,,79,False,,,,,
0GUSDT,0G,Mid,403,0.2974,2854625.97005,-5.707,62.01230380872665,0.00019973844529168339,0.21936400000000003,0.32651600000000003,0.9243677960485752,0.299492385786802,0.09307293256026845,0.9399527794699408,0.28373165342363704,0.14618888888888887,0.2811888888888888,double_bottom_90d|uptrend|doji_4h,2,0,haussier,365,0,0,30,,,31.0,66.0,71.5,68.0,76.9,52.5,63.41,0.1,≈ Neutre vs BTC,False,False,,0,,,,52.5,0,,,63191168,296394233,213199722.0,1000000000.0,,21.3,,,,52.5,68,ml_gb+alt_blend,Neutre,64.0,63.3,False,coingecko,52.4,False,,,137,True,,,,,
IMXUSDT,IMX,Mid,219,0.1717,1445573.723971,-5.452,56.55345255826789,0.00044430178373011664,0.140894,0.1432375000000001,1.0215945531177337,0.2691466083150985,0.10000000000000003,1.2029779313370466,0.556798452467348,0.10762222222222224,0.16912777777777774,uptrend,1,0,haussier,365,0,0,30,,,31.0,75.0,62.5,68.0,65.3,52.5,62.89,0.1,≈ Neutre vs BTC,False,False,,0,,,,52.5,0,,,155068830,342893582,904472049.1198142,2000000000.0,2000000000.0,45.2,30978391,$31M,1.99,52.5,66,ml_gb+alt_blend,Neutre,64.0,63.3,False,coingecko,26.0,False,,,94,False,,,,,
NEXOUSDT,NEXO,Etabli,86,0.831,542222.01758,-2.807,45.85164468563386,-0.003232166948452685,0.8402999999999998,0.8229150000000005,0.3964311308292021,0.08820160366552114,0.0609480812641084,0.5910486673313419,0.7864741404457287,0.713,0.8720000000000001,doji_4h,0,0,neutre,365,0,0,30,,,45.0,54.0,92.0,57.5,50,52.5,58.71,0.1,≈ Neutre vs BTC,False,False,,0,,,,52.5,3,,Volume ×0.6 (épuisement),829971640,829971640,1000000000.0,1000000000.0,1000000000.0,100.0,316216189,$316M,-0.7,52.5,61,ml_gb+alt_blend,Neutre,64.0,63.3,False,coingecko,0.4,False,,,28,False,,,,,
JTOUSDT,JTO,Mid,158,0.5033,5338939.30883,-13.818,47.389445055596326,-0.0021908070134854657,0.5012240000000001,0.5047995000000001,1.2211443419486874,0.37866462010744434,0.22348426707597846,1.2085359642339493,0.40050189230543176,0.42915000000000003,0.6259166666666665,macd_bearish_cross|death_cross|uptrend,1,2,baissier,365,0,0,30,,,31.0,75.0,62.5,78.5,42.9,52.5,59.27,0.1,≈ Neutre vs BTC,False,False,,0,,,,52.5,3,,MACD cross baissier,267069846,504180718,529710551.5,1000000000.0,,53.0,1216204221,$1.2B,-2.03,52.5,61,ml_gb+alt_blend,Neutre,64.0,63.3,False,coingecko,12.0,False,,,159,True,,,,,
BTCUSDT,BTC,Etabli,1,83240.89,1777854015.7864451,-3.431,52.64463477568706,-283.71749394241533,80295.335,71764.84914999997,0.38313421649106216,0.0692243679953715,0.03894493188640041,1.0566080559372533,1.0,63189.817222222235,84607.03083333334,,0,0,neutre,365,0,0,30,,,45.0,91.0,86.0,78.5,50,52.4,73.21,0.0,≈ Neutre vs BTC,False,False,,5,🔥 Trending #3 sur CoinGecko,3,,52.4,3,,Près du plus haut 90j (résistance),1669264206421,1669264206421,20094784.0,20094821.0,21000000.0,100.0,,,,52.4,79,ml_gb+alt_blend,Neutre,64.0,63.3,False,coingecko,4.6,False,,,48,False,📁 Dossier ETF ancien,8-A12B,2026-06-11,118,
ADAUSDT,ADA,Etabli,17,0.2544,63607955.66088,-7.255,57.75617176843445,0.0002616613868686151,0.2245540000000001,0.21318450000000003,0.7342913602390397,0.1588825840244434,0.05954142011834301,1.3002781745490783,0.7738661923327461,0.16397777777777772,0.25188611111111103,macd_bullish_cross|uptrend,2,0,haussier,365,0,0,30,,,45.0,91.0,81.5,78.5,77.1,52.4,77.79,0.0,≈ Neutre vs BTC,False,False,,0,,,,52.4,0,,,9511482452,11399356282,37547445640.06296,45000000000.0,45000000000.0,83.4,,,,52.4,77,ml_gb+alt_blend,Neutre,64.0,63.3,False,coingecko,13.6,False,,,92,False,,,,,
AUSDT,A,Mid,211,0.0972,961823.84561,-7.34,55.705985650021,-0.0005032229008027043,0.084794,0.077052,0.9002752130052,0.23984771573604055,0.06171648987463841,1.109395016576343,0.5574307900140876,0.061955555555555555,0.09792222222222222,uptrend,1,0,haussier,365,0,0,30,,,31.0,91.0,89.5,57.5,65.3,52.4,72.85,0.0,≈ Neutre vs BTC,False,False,,0,,,,52.4,1,,,162576484,204224746,1671739696.4119,2100000000.0,2100000000.0,79.6,,,,52.4,75,ml_gb+alt_blend,Neutre,64.0,63.3,False,coingecko,18.2,False,,,78,False,,,,,
GRTUSDT,GRT,Mid,152,0.02693,1350599.01235,-7.616,53.603884288680625,-0.00040059138487269757,0.02135660000000001,0.021170949999999994,1.3766614675954334,0.2563523433088651,0.25354462051709764,0.9612327284463061,0.5245623413689998,0.013955277777777778,0.027936944444444445,macd_bearish_cross|golden_cross|uptrend|doji_4h,2,1,haussier,365,0,0,30,,,31.0,82.0,62.5,68.0,70.0,52.4,66.44,0.0,≈ Neutre vs BTC,False,False,,0,,,,52.4,3,,MACD cross baissier,294329556,312398107,10941320353.04,11612995353.0437,,94.2,,,,52.4,69,ml_gb+alt_blend,Neutre,64.0,63.3,False,coingecko,38.5,False,,,133,True,,,,,
TWTUSDT,TWT,Mid,174,0.5401,583877.64,-6.119,43.956635761218244,-0.0072940481232091,0.5370199999999999,0.43762850000000014,0.657181115589523,0.21111637454602872,0.14953418600979002,0.6115587853976882,0.4217716250150901,0.34547222222222224,0.5949111111111111,uptrend,1,0,haussier,365,0,0,30,,,31.0,73.0,85.0,57.5,65.3,52.4,65.29,0.0,≈ Neutre vs BTC,False,False,,0,,,,52.4,1,,,224637595,539151922,416649900.0,1000000000.0,,41.7,,,,52.4,66,ml_gb+alt_blend,Neutre,64.0,63.3,False,coingecko,-6.6,False,,,95,False,,,,,
NOMUSDT,NOM,Speculative,,0.002201,1738519.641238,-8.33,52.632657452111815,-5.643546902160034e-06,0.00184012,0.0022146300000000004,1.2907817271589699,0.21282694374776062,0.21282694374776062,1.209800081889321,0.268210695191553,0.0014633333333333334,0.002285111111111111,macd_bearish_cross|uptrend,1,1,mixte,365,0,0,30,,,17.0,75.0,68.5,68.0,54.8,52.4,59.51,0.0,≈ Neutre vs BTC,False,False,,0,,,,52.4,3,,MACD cross baissier,,,,,,,,,,52.4,65,ml_gb+alt_blend,Neutre,64.0,63.3,False,,22.3,False,,,99,False,,,,,
ILVUSDT,ILV,Speculative,657,3.81,472760.50491,-7.299,51.42794610153322,-0.014850142326162274,3.483600000000001,3.6398499999999996,1.038781404385395,0.1383647798742138,0.07971014492753614,1.474261385607323,0.5172438964597446,2.863055555555557,3.960555555555556,macd_bearish_cross,0,1,baissier,365,0,0,30,,,17.0,75.0,79.0,47.0,39.5,52.4,56.64,0.0,≈ Neutre vs BTC,False,False,,0,,,,52.4,3,,MACD cross baissier,31555231,36546571,8286115.521055588,9596795.753179563,,86.3,,,,52.4,63,ml_gb+alt_blend,Neutre,64.0,63.3,False,coingecko,12.7,False,,,53,False,,,,,
CVXUSDT,CVX,Mid,194,2.071,897601.735067,-6.796,46.50468417035317,-7.171922135754821e-05,2.1305199999999997,1.67221,0.7622150219605555,0.24939369442198875,0.1645109135004042,0.8298701907603747,0.44793242225518565,1.2457777777777777,2.325166666666666,macd_bearish_cross,0,1,baissier,365,0,0,30,,,31.0,54.0,85.0,57.5,39.5,52.4,53.02,0.0,≈ Neutre vs BTC,False,False,,0,,,,52.4,3,,MACD cross baissier,192491768,206535506,93194518.49512771,99993768.51698263,100000000.0,93.2,598443250,$598M,-4.72,52.4,57,ml_gb+alt_blend,Neutre,64.0,63.3,False,coingecko,-8.6,False,,,131,True,,,,,
WCTUSDT,WCT,Speculative,914,0.03982,428928.944808,-8.185,45.411325496019565,-0.0002781502605051886,0.03953100000000001,0.048065950000000024,0.7767396128914642,0.2540891776831728,0.11945921985815601,0.7083634331565035,0.6117036568429787,0.034862777777777784,0.044023055555555565,uptrend,1,0,haussier,365,0,0,30,,,17.0,66.0,73.0,47.0,65.3,52.3,57.34,-0.1,≈ Neutre vs BTC,False,False,,0,,,,52.3,1,,,18646203,39714391,469507457.0,1000000000.0,1000000000.0,47.0,,,,52.3,65,ml_gb+alt_blend,Neutre,64.0,63.3,False,coingecko,-0.2,False,,,36,False,,,,,
WAXPUSDT,WAXP,Speculative,740,0.00572,246355.18374,-7.143,50.15320214025511,-7.752439033444737e-05,0.005051999999999998,0.005241300000000002,0.8993607689136436,0.1562499999999999,0.1413533834586466,0.8116763322447926,0.45124379618475624,0.0036941666666666668,0.006105277777777777,macd_bearish_cross|uptrend,1,1,mixte,365,0,0,30,,,17.0,66.0,85.0,47.0,54.8,52.3,57.38,-0.1,≈ Neutre vs BTC,False,False,,0,,,,52.3,3,,MACD cross baissier,26801893,26801893,4694787057.9203005,4694787057.9203,,100.0,,,,52.3,65,ml_gb+alt_blend,Neutre,64.0,63.3,False,coingecko,25.7,False,,,97,False,,,,,
TURBOUSDT,TURBO,Mid,386,0.000967,657811.386128,-7.464,43.77939449055199,-7.552316460634571e-06,0.0009924000000000003,0.0009829350000000005,0.7611008204603505,0.2119565217391304,0.12839059674502712,1.0210566831192793,0.5711239320155401,0.0007813611111111113,0.0010730277777777778,golden_cross|double_top_90d|uptrend,2,1,haussier,365,0,0,30,,,31.0,54.0,85.0,57.5,65.1,52.3,58.11,-0.1,≈ Neutre vs BTC,False,False,,0,,,,52.3,3,,Double sommet,66481367,66481367,69000000000.0,69000000000.0,69000000000.0,100.0,,,,52.3,60,ml_gb+alt_blend,Neutre,64.0,63.3,False,coingecko,-5.4,False,,,43,False,,,,,
SPKUSDT,SPK,Mid,348,0.022234,1144403.424501,-9.702,48.742934715125195,-0.0001715375814331276,0.02075574,0.021988784999999997,1.0070691193921801,0.24670154686078244,0.14543283122086528,0.585924381467018,0.3858168938976077,0.014593222222222221,0.02402913888888889,macd_bearish_cross|double_top_90d|uptrend,1,2,baissier,365,0,0,30,,,31.0,66.0,74.5,68.0,39.4,52.3,56.49,-0.1,≈ Neutre vs BTC,False,False,,0,,,,52.3,7,🔴 Sortie,Volume ×0.6 (épuisement)|Double sommet|MACD cross baissier,75847552,221577851,3423065584.970003,10000000000.0,10000000000.0,34.2,5393902947,$5.4B,-4.31,52.3,59,ml_gb+alt_blend,Neutre,64.0,63.3,False,coingecko,2.8,False,,,106,True,,,,,
NEWTUSDT,NEWT,Speculative,,0.04578,359537.530351,-7.887,43.51017332532624,-0.0004579857371709848,0.045031599999999984,0.05598689999999999,0.7339802040395736,0.25619834710743805,0.10967993754879,0.6917054365920625,0.6121865073404061,0.03836527777777778,0.05041805555555555,uptrend,1,0,haussier,365,0,0,30,,,17.0,57.0,73.0,47.0,65.3,52.3,53.96,-0.1,≈ Neutre vs BTC,False,False,,0,,,,52.3,1,,,,,,,,,,,,52.3,59,ml_gb+alt_blend,Neutre,64.0,63.3,False,,1.9,False,,,44,False,,,,,
GASUSDT,GAS,Mid,314,1.328,279733.5964,-6.347,44.0623079751224,-0.017230825564906266,1.3106,1.320815,0.6126895945593456,0.15682656826568267,0.13311475409836057,0.893189734945156,0.5919149484990756,0.9321111111111112,1.4437499999999999,double_top_90d|uptrend,1,1,mixte,365,0,0,30,,,31.0,57.0,85.0,47.0,49.9,52.3,55.38,-0.1,≈ Neutre vs BTC,False,False,,0,,,,52.3,3,,Double sommet,86823202,86823202,65093580.54427269,65093580.54427269,,100.0,,,,52.3,58,ml_gb+alt_blend,Neutre,64.0,63.3,False,coingecko,6.8,False,,,69,False,,,,,
BNBUSDT,BNB,Etabli,4,767.58,105581081.70838,-2.072,52.94239461513305,-2.8743001583173964,735.589,640.5005500000002,0.3381274314143411,0.07541779186724583,0.039491625073491625,0.9694334533483181,0.7098267042609236,569.6391666666666,779.0613888888889,uptrend|doji_4h,1,0,haussier,365,0,0,30,,,45.0,82.0,92.0,78.5,65.3,52.2,73.95,-0.2,≈ Neutre vs BTC,False,False,,0,,,,52.2,3,,Près du plus haut 90j (résistance),102123219790,102123218533,133158905.57,133158898.87,200000000.0,100.0,174092324393,$174.1B,-2.53,52.2,73,ml_gb+alt_blend,Neutre,64.0,63.3,False,coingecko,2.7,False,,,45,False,📁 Dossier ETF ancien,S-1/A,2026-06-03,126,
ASTRUSDT,ASTR,Mid,416,0.006874,365105.2230918,-9.074,46.990372292682416,-8.463072797925834e-05,0.006371720000000002,0.00649944,0.7925587046488126,0.15044924488625508,0.11090932676092877,1.2497684926624029,0.47141249127306833,0.004671166666666667,0.007411138888888887,,0,0,neutre,365,0,0,30,,,31.0,75.0,85.0,47.0,50,52.2,62.15,-0.2,≈ Neutre vs BTC,False,False,,0,,,,52.2,1,,,60380487,60385755,8781351864.0,8782129780.0,10000000000.0,100.0,20471224,$20M,-6.09,52.2,66,ml_gb+alt_blend,Neutre,64.0,63.3,False,coingecko,2.4,False,,,75,False,,,,,
POLUSDT,POL,Etabli,75,0.10251,7712533.46186,-4.624,44.83045986447517,-0.0016335625452201272,0.1034316,0.08911650000000003,0.7845328687911204,0.26397388820889434,0.1637698898408813,1.0359977859115914,0.3986212339945605,0.07355027777777778,0.11458916666666669,uptrend|hammer_4h,2,0,haussier,365,0,0,30,,,45.0,54.0,73.0,78.5,79.4,52.2,62.86,-0.2,≈ Neutre vs BTC,False,False,,0,,,,52.2,1,,,1085791526,1085791526,10627481653.702337,10627481653.702333,,100.0,2826509944,$2.8B,-3.4,52.2,62,ml_gb+alt_blend,Neutre,64.0,63.3,False,coingecko,5.5,False,,,74,False,,,,,
PNUTUSDT,PNUT,Mid,484,0.0486,1009202.1937,-10.826,40.59773721631586,-0.0006110596480052839,0.051084000000000004,0.047913500000000005,0.8467806756103424,0.21568627450980393,0.1623488773747841,1.1029865101209455,0.6758497942811064,0.03952222222222222,0.055302777777777784,,0,0,neutre,365,0,0,30,,,31.0,54.0,85.0,68.0,50,52.2,55.95,-0.2,≈ Neutre vs BTC,False,False,,0,,,,52.2,1,,,48512637,48512637,999841086.114336,999841086.114336,1000000000.0,100.0,,,,52.2,57,ml_gb+alt_blend,Neutre,64.0,63.3,False,coingecko,-5.1,False,,,48,False,,,,,
MEMEUSDT,MEME,Speculative,592,0.000566,1509704.709572,-8.857,45.52670063388643,-4.632153687828108e-06,0.00056218,0.0005497150000000003,0.7976516435286747,0.1919014084507043,0.1292307692307692,2.563378968577849,0.6525250350545613,0.00048638888888888885,0.0006115555555555556,golden_cross|doji_4h,1,0,haussier,365,0,0,30,,,17.0,100.0,85.0,68.0,65.2,52.1,73.87,-0.3,≈ Neutre vs BTC,False,False,,0,,,,52.1,1,,,36622221,39016557,64765665500.0,69000000000.0,69000000000.0,93.9,,,,52.1,80,ml_gb+alt_blend,Neutre,64.0,63.3,False,coingecko,-0.7,False,,,42,False,,,,,
AEVOUSDT,AEVO,Speculative,810,0.02456,199844.080731,-6.438,47.52166745544604,-0.0001845973790298948,0.023795599999999997,0.02265345,0.6941719288811192,0.16109785202863955,0.0982701509017298,0.5185542569986223,0.543141267846538,0.01857472222222222,0.02610305555555556,macd_bearish_cross|doji_4h,0,1,baissier,365,0,0,30,,,17.0,82.0,89.5,47.0,39.5,52.1,61.13,-0.3,≈ Neutre vs BTC,False,False,,0,,,,52.1,5,⚠️ Surveiller,Volume ×0.5 (épuisement)|MACD cross baissier,22864620,24514394,932701806.0,1000000000.0,1000000000.0,93.3,15308302,$15M,-1.02,52.1,66,ml_gb+alt_blend,Neutre,64.0,63.3,False,coingecko,2.2,False,,,59,False,,,,,
XPLUSDT,XPL,Mid,125,0.08642,10600852.125166,-6.086,42.40525518312451,-0.0017524816579510953,0.09186919999999998,0.09285889999999997,1.1835953588484687,0.2484520798813987,0.2484520798813987,0.921471237335977,0.5773775163154066,0.07562444444444444,0.10291,uptrend,1,0,haussier,365,0,0,30,,,31.0,37.0,74.5,78.5,65.3,52.1,51.6,-0.3,≈ Neutre vs BTC,False,False,,0,,,,52.1,1,,,390514962,861430064,4533333333.3333,10000000000.0,,45.3,,,,52.1,54,ml_gb+alt_blend,Neutre,64.0,63.3,False,coingecko,-5.0,False,,,87,False,,,,,
CGPTUSDT,CGPT,Speculative,880,0.02138,531082.543253,-11.286,47.72824301196264,-2.692227110156955e-06,0.020956799999999994,0.021703049999999998,0.821295052236071,0.2101910828025479,0.13055895552835584,1.1615447342601384,0.4482513896982155,0.01829638888888889,0.022825555555555554,macd_bearish_cross,0,1,baissier,365,0,0,30,,,17.0,75.0,85.0,57.5,39.5,52.0,58.55,-0.4,≈ Neutre vs BTC,False,False,,0,,,,52.0,3,,MACD cross baissier,19859866,21243189,932793411.5609142,997766421.0,1000000000.0,93.5,,,,52.0,64,ml_gb+alt_blend,Neutre,64.0,63.3,False,coingecko,-1.3,False,,,69,False,,,,,
DYDXUSDT,DYDX,Mid,268,0.13362,1273988.1812022,-8.586,48.33065471149361,-0.0009253907114224452,0.12457920000000003,0.12882579999999996,0.9059255095849799,0.23804818727673474,0.13063387191731546,1.1208688422546,0.5306522837859313,0.10695750000000001,0.14197944444444446,macd_bearish_cross|resistance_test,0,2,baissier,365,0,0,30,,,31.0,75.0,85.0,68.0,28.3,52.0,59.53,-0.4,≈ Neutre vs BTC,False,False,,0,,,,52.0,3,,MACD cross baissier,112586213,127522655,846094216.4335754,958342751.0,1000000000.0,88.3,70707226,$71M,-0.34,52.0,61,ml_gb+alt_blend,Neutre,64.0,63.3,False,coingecko,8.0,False,,,75,False,,,,,
METISUSDT,METIS,Speculative,758,3.23,1033445.52456,-6.916,47.463405324034866,-0.037509115401961945,3.0672,3.0233999999999996,0.8236308663897041,0.23050847457627122,0.13746630727762799,2.625424937150064,0.6185351581406806,2.4144444444444444,3.464444444444444,golden_cross|double_top_90d,1,1,mixte,365,0,0,30,,,17.0,100.0,85.0,68.0,49.8,51.9,70.81,-0.5,≈ Neutre vs BTC,False,False,,0,,,,51.9,3,,Double sommet,25995394,32019219,8118684.478,10000000.0,10000000.0,81.2,27969397,$28M,-5.4,51.9,78,ml_gb+alt_blend,Neutre,64.0,63.3,False,coingecko,1.6,False,,,62,False,,,,,
MASKUSDT,MASK,Speculative,508,0.458,511570.841,-6.721,47.29954668060991,-0.0018536689035708372,0.45224000000000003,0.4292749999999997,0.7697389562805019,0.15671641791044774,0.07862903225806447,0.9610983196042422,0.6030664304792082,0.3508055555555556,0.4837777777777777,uptrend,1,0,haussier,365,0,0,30,,,17.0,82.0,89.5,57.5,65.3,51.9,67.11,-0.5,≈ Neutre vs BTC,False,False,,0,,,,51.9,1,,,45721486,45721486,100000000.0,100000000.0,100000000.0,100.0,,,,51.9,73,ml_gb+alt_blend,Neutre,64.0,63.3,False,coingecko,-3.6,False,,,44,False,,,,,
IDUSDT,ID,Mid,436,0.0364,660543.3991,-5.208,50.07989076737288,-0.00025845455661412,0.03426,0.032554499999999986,0.7391406420835244,0.305699481865285,0.09250000000000004,0.8774751567411331,0.503996969016507,0.027711111111111117,0.03811111111111111,uptrend,1,0,haussier,365,0,0,30,,,31.0,82.0,77.5,57.5,65.3,51.9,67.34,-0.5,≈ Neutre vs BTC,False,False,,0,,,,51.9,1,,,56192557,72447664,1547258439.849969,1994841761.516638,2000000000.0,77.6,,,,51.9,71,ml_gb+alt_blend,Neutre,64.0,63.3,False,coingecko,7.4,False,,,72,False,,,,,
FETUSDT,FET,Mid,112,0.2276,24420122.94126,-7.742,55.261219401361906,-0.0008254897064615963,0.18560799999999997,0.1921745000000001,1.2605926831411156,0.2518472906403941,0.10761979575805176,1.1600614321484801,0.6553044642645229,0.13286944444444443,0.22654444444444444,uptrend|doji_4h,1,0,haussier,365,0,0,30,,,31.0,75.0,62.5,78.5,65.3,51.9,63.73,-0.5,≈ Neutre vs BTC,False,False,,0,,,,51.9,1,,,523593398,614851254,2311508384.055814,2714384546.672,2714384546.672,85.2,,,,51.9,66,ml_gb+alt_blend,Neutre,64.0,63.3,False,coingecko,24.6,False,,,106,True,,,,,
SUSHIUSDT,SUSHI,Mid,385,0.2342,625830.37045,-8.907,44.40593788742813,-0.004384268309026386,0.22775199999999995,0.19686000000000015,0.8069147656613829,0.185243328100471,0.140125045972784,0.8308834898676724,0.43511993221503814,0.15564999999999996,0.2619527777777777,uptrend,1,0,haussier,365,0,0,30,,,31.0,73.0,85.0,57.5,65.3,51.9,65.29,-0.5,≈ Neutre vs BTC,False,False,,0,,,,51.9,1,,,66912004,68024832,286745819.1668234,291514753.9009228,,98.4,40130083,$40M,-2.55,51.9,66,ml_gb+alt_blend,Neutre,64.0,63.3,False,coingecko,-4.1,False,,,89,False,,,,,
MIRAUSDT,MIRA,Speculative,939,0.04951,3830969.782563,-10.616,46.32756875494069,-0.00047199288121980206,0.04817099999999999,0.05934525000000001,0.8785896259026419,0.21881390593047037,0.12232253496194016,1.245590139423129,0.46583651166231177,0.039590833333333325,0.0545097222222222,,0,0,neutre,365,0,0,30,,,17.0,75.0,85.0,68.0,50,51.9,61.47,-0.5,≈ Neutre vs BTC,False,False,,0,,,,51.9,1,,,17683737,49361840,358247125.0,1000000000.0,1000000000.0,35.8,,,,51.9,66,ml_gb+alt_blend,Neutre,64.0,63.3,False,coingecko,4.4,False,,,48,False,,,,,
XAIUSDT,XAI,Speculative,707,0.00899,1095594.450693,-9.557,52.007097345550775,-3.185767732233043e-05,0.0080536,0.008511449999999999,1.0310778405394039,0.1820580474934037,0.10479041916167654,1.83415039558869,0.36549848565292425,0.006300555555555555,0.009291666666666663,macd_bearish_cross,0,1,baissier,365,0,0,30,,,17.0,84.0,74.5,68.0,39.5,51.9,60.9,-0.5,≈ Neutre vs BTC,False,False,,0,,,,51.9,3,,MACD cross baissier,28710578,41782611,144299738.0,209999943.9971488,,68.7,,,,51.9,65,ml_gb+alt_blend,Neutre,64.0,63.3,False,coingecko,14.7,False,,,67,False,,,,,
CETUSUSDT,CETUS,Speculative,769,0.02598,300076.894827,-8.295,48.132174850806244,-0.0002919354838460601,0.024789999999999996,0.022444449999999998,0.8775205283342477,0.2636596993032636,0.15972674040338325,0.6700230899075043,0.5534297942583088,0.017660833333333334,0.02825083333333333,macd_bearish_cross,0,1,baissier,365,0,0,30,,,17.0,82.0,73.0,47.0,39.5,51.9,58.2,-0.5,≈ Neutre vs BTC,False,False,,0,,,,51.9,3,,MACD cross baissier,24958007,25857395,965217391.0,1000000000.0,1000000000.0,96.5,29468943,$29M,-0.98,51.9,64,ml_gb+alt_blend,Neutre,64.0,63.3,False,coingecko,9.3,False,,,82,False,,,,,
TFUELUSDT,TFUEL,Mid,367,0.00969,212827.81085,-5.093,41.58497613621235,-0.00014550790943983812,0.009745800000000002,0.009591999999999995,0.9062024453938269,0.15441176470588241,0.13219424460431647,1.292165900320284,0.5696395715627736,0.007224166666666667,0.010804722222222224,golden_cross,1,0,haussier,365,0,0,30,,,31.0,54.0,85.0,47.0,65.2,51.9,57.29,-0.5,≈ Neutre vs BTC,False,False,,0,,,,51.9,1,,,72420893,72428455,7489430395.0,7490272546.0,,100.0,,,,51.9,60,ml_gb+alt_blend,Neutre,64.0,63.3,False,coingecko,0.3,False,,,78,False,,,,,
SLPUSDT,SLP,Speculative,808,0.000634,335770.179145,-8.777,43.391918300079595,-4.852217428723999e-06,0.0006461600000000001,0.0006002200000000003,0.6520107645814872,0.1492753623188406,0.10875706214689254,1.0579056506509317,0.6595147118354165,0.000516972222222222,0.0006919166666666667,macd_bearish_cross|uptrend,1,1,mixte,365,0,0,30,,,17.0,54.0,85.0,47.0,54.8,51.9,52.87,-0.5,≈ Neutre vs BTC,False,False,,0,,,,51.9,3,,MACD cross baissier,22917321,22917305,36211529230.0,36211504127.0,,100.0,,,,51.9,58,ml_gb+alt_blend,Neutre,64.0,63.3,False,coingecko,-4.7,False,,,60,False,,,,,
BNTUSDT,BNT,Speculative,650,0.3258,186998.45088,-5.947,43.88147256596132,-0.0026318049084563377,0.32659999999999995,0.29975799999999986,0.45932910276732103,0.10299401197604802,0.09136630343671419,0.9114147970350845,0.8333468164860444,0.2635472222222223,0.3465194444444444,macd_bearish_cross,0,1,baissier,365,0,0,30,,,17.0,45.0,92.0,47.0,39.5,51.9,47.69,-0.5,≈ Neutre vs BTC,False,False,,0,,,,51.9,3,,MACD cross baissier,32209695,32209695,99075714.78737555,99075714.78737555,110542364.6372305,100.0,16612850,$17M,-6.17,51.9,53,ml_gb+alt_blend,Neutre,64.0,63.3,False,coingecko,-1.5,False,,,46,False,,,,,
SKYUSDT,SKY,Etabli,55,0.08027,4955805.53316,-9.91,52.340158195555354,0.0003338203596316841,0.071163,0.06710179999999999,1.0821408097866174,0.21829351535836175,0.1792327365728901,2.08277931232924,0.5261244681640024,0.05393444444444444,0.08122916666666669,,0,0,neutre,365,0,0,30,,,45.0,100.0,74.5,68.0,50,51.8,73.71,-0.6,≈ Neutre vs BTC,False,False,,0,🔥 Trending #10 sur CoinGecko,10,,51.8,0,,,1881729900,1884316256,23427603983.32337,23459804203.60596,23462665147.3,99.9,6002793586,$6.0B,4.79,51.8,76,ml_gb+alt_blend,Neutre,64.0,63.3,False,coingecko,16.2,False,,,89,False,,,,,
WALUSDT,WAL,Mid,305,0.03535,1333446.776858,-5.126,56.65368030564661,-0.00015291655815931164,0.029195799999999997,0.045002949999999965,1.0198115506348309,0.36137071651090336,0.07328605200945629,2.2446930034962493,0.47161759389077834,0.02249166666666667,0.03514416666666667,uptrend,1,0,haussier,363,0,0,30,,,30.9,84.0,67.0,68.0,65.3,51.8,67.06,-0.6,≈ Neutre vs BTC,False,False,,0,,,,51.8,1,,,92317223,176360212,2617291667.0,5000000000.0,5000000000.0,52.3,3661592,$4M,-0.11,51.8,74,ml_gb+alt_blend,Neutre,64.0,63.3,False,coingecko,25.4,False,,,82,False,,,,,
WLDUSDT,WLD,Etabli,51,0.5165,39867085.84067,-8.194,53.74819685194737,0.0012309358147441912,0.4363159999999999,0.3719060000000004,1.2655754889367667,0.28363201911589003,0.13678929765886286,1.1508468546990291,0.4821428085681034,0.31513611111111106,0.5176916666666666,uptrend,1,0,haussier,365,0,0,30,,,45.0,91.0,62.5,78.5,65.3,51.8,72.09,-0.6,≈ Neutre vs BTC,False,False,,0,,,,51.8,0,,,1953798699,5140099016,3801091561.234062,10000000000.0,10000000000.0,38.0,,,,51.8,71,ml_gb+alt_blend,Neutre,64.0,63.3,False,coingecko,14.2,False,,,183,True,,,,,
ETHFIUSDT,ETHFI,Etabli,97,0.7222,8312619.31228,-6.487,52.81792610112143,-0.0040388595341459554,0.6450639999999999,0.4676985000000001,1.1193137742904042,0.22933794893985285,0.08226155609321277,0.9784065896321504,0.4349129898931625,0.3857583333333332,0.7418472222222222,uptrend,1,0,haussier,365,0,0,30,,,45.0,82.0,79.0,78.5,65.3,51.8,71.64,-0.6,≈ Neutre vs BTC,False,False,,0,,,,51.8,1,,,693356057,693356057,965350000.0,965350000.0,1000000000.0,100.0,4941441919,$4.9B,-4.63,51.8,71,ml_gb+alt_blend,Neutre,64.0,63.3,False,coingecko,20.7,False,,,167,True,,,,,
MEUSDT,ME,Speculative,527,0.06996,370284.1221915,-7.802,44.22668707355715,-0.0008379887249722454,0.06878199999999998,0.07875950000000001,0.7428711747350166,0.16407454112372152,0.1269722013523666,0.7159558760754818,0.5355658429707851,0.05966916666666669,0.07665555555555555,macd_bearish_cross|uptrend,1,1,mixte,365,0,0,30,,,17.0,57.0,85.0,47.0,54.8,51.8,54.0,-0.6,≈ Neutre vs BTC,False,False,,0,,,,51.8,3,,MACD cross baissier,43235632,69725410,620078149.8205249,999990090.26287,1000000000.0,62.0,,,,51.8,59,ml_gb+alt_blend,Neutre,64.0,63.3,False,coingecko,5.3,False,,,39,False,,,,,
AIXBTUSDT,AIXBT,Speculative,861,0.02066,678091.182506,-9.9,42.5857763137666,-0.00028885464693548463,0.0213992,0.02316230000000001,0.9231522485199388,0.2006987577639752,0.2006987577639752,1.0142847203871717,0.6010097241077791,0.017260000000000005,0.02332194444444445,,0,0,neutre,365,0,0,30,,,17.0,46.0,85.0,57.5,50,51.8,49.75,-0.6,≈ Neutre vs BTC,False,False,,0,,,,51.8,1,,,20573362,20573362,1000000000.0,1000000000.0,1000000000.0,100.0,,,,51.8,54,ml_gb+alt_blend,Neutre,64.0,63.3,False,coingecko,-8.6,False,,,46,False,,,,,
RENDERUSDT,RENDER,Etabli,78,2.039,12064300.59879,-5.689,63.46917511592177,0.004891630447428352,1.6278200000000005,1.676745,0.8092407169772561,0.1991065730695597,0.049042503503035954,2.389115530594632,0.680458479443315,1.293166666666667,1.928833333333333,uptrend,1,0,haussier,365,0,0,30,,,45.0,84.0,89.5,78.5,65.3,51.7,74.26,-0.7,≈ Neutre vs BTC,False,False,,0,,,,51.7,2,,Près du plus haut 90j (résistance),1051727014,1081650653,518776241.28269154,533536414.5626915,644245094.0,97.2,,,,51.7,77,ml_gb+alt_blend,Neutre,64.0,63.3,False,coingecko,31.0,False,,,73,False,,,,,
YGGUSDT,YGG,Speculative,823,0.02503,1054276.406593,-11.147,45.68804883415934,-0.00022642317745000815,0.024423600000000004,0.02877435,0.8657829532718403,0.22126696832579193,0.1323835997220292,1.807871741498713,0.5359328015222621,0.018056111111111113,0.02730972222222222,uptrend,1,0,haussier,365,0,0,30,,,17.0,84.0,85.0,68.0,65.3,51.7,67.9,-0.7,≈ Neutre vs BTC,False,False,,0,,,,51.7,1,,,22434019,24938008,899591442.4945688,1000000000.0,1000000000.0,90.0,,,,51.7,72,ml_gb+alt_blend,Neutre,64.0,63.3,False,coingecko,1.3,False,,,66,False,,,,,
ANKRUSDT,ANKR,Speculative,504,0.00461,381910.069058,-7.615,44.97189265951996,-6.31941169189365e-05,0.0044778000000000005,0.004318999999999998,0.730677402628014,0.15206185567010314,0.11346153846153835,0.9490169775177973,0.5976901816021599,0.003381666666666667,0.005013333333333332,uptrend,1,0,haussier,365,0,0,30,,,17.0,73.0,85.0,47.0,65.3,51.7,62.09,-0.7,≈ Neutre vs BTC,False,False,,0,,,,51.7,1,,,46106109,46106109,10000000000.0,10000000000.0,10000000000.0,100.0,28587494,$29M,-5.09,51.7,66,ml_gb+alt_blend,Neutre,64.0,63.3,False,coingecko,5.5,False,,,56,False,,,,,
CUSDT,C,Speculative,,0.0924,589088.65663,-6.761,58.79854792720383,0.00012256065169554548,0.07225599999999999,0.07469049999999998,1.0561774442133227,0.25072046109510093,0.1179290508149569,1.0692998426440536,0.48725412380842903,0.05500277777777778,0.09118055555555554,,0,0,neutre,365,0,0,30,,,17.0,75.0,62.5,57.5,50,51.7,56.64,-0.7,≈ Neutre vs BTC,False,False,,0,,,,51.7,0,,,,,,,,,,,,51.7,62,ml_gb+alt_blend,Neutre,64.0,63.3,False,,51.0,False,,,98,False,,,,,
ANIMEUSDT,ANIME,Speculative,955,0.00308,143364.254259,-7.784,43.23790768529877,-4.120279859593923e-05,0.0030300000000000006,0.0034815999999999996,0.78904729098786,0.1535714285714285,0.13559322033898316,0.6120383763747488,0.6257754926617467,0.0024158333333333336,0.0033791666666666666,,0,0,neutre,365,0,0,30,,,17.0,57.0,85.0,47.0,50,51.7,53.04,-0.7,≈ Neutre vs BTC,False,False,,0,,,,51.7,1,,,16963262,30627321,5538604656.0,10000000000.0,10000000000.0,55.4,,,,51.7,58,ml_gb+alt_blend,Neutre,64.0,63.3,False,coingecko,5.1,False,,,48,False,,,,,
ARPAUSDT,ARPA,Speculative,906,0.01084,1509531.758403,-13.349,50.8495283866429,-3.317146343749663e-05,0.010121199999999999,0.009479099999999999,0.7033038232402102,0.097560975609756,0.09492089925062451,2.581122526844433,0.5492411813667117,0.008255,0.011307222222222224,uptrend,1,0,haussier,365,0,0,30,,,17.0,100.0,89.5,68.0,65.3,51.6,74.7,-0.8,≈ Neutre vs BTC,False,False,,0,,,,51.6,1,,,18964396,21762025,1742888888.9877386,1999999999.987738,2000000000.0,87.1,,,,51.6,80,ml_gb+alt_blend,Neutre,64.0,63.3,False,coingecko,8.5,False,,,54,False,,,,,
KNCUSDT,KNC,Speculative,720,0.1346,341954.0668,-8.56,46.38967553194744,-0.001247364230738581,0.129672,0.12723149999999994,0.6989683765462901,0.11071428571428578,0.10809018567639246,1.7227212122353022,0.5858786663566137,0.101725,0.14519722222222223,golden_cross|uptrend,2,0,haussier,365,0,0,30,,,17.0,100.0,85.0,47.0,80.5,51.6,75.24,-0.8,≈ Neutre vs BTC,False,False,,0,,,,51.6,1,,,28110038,32376337,209286409.96547103,241050096.3408707,252301550.0,86.8,1066778,$1M,0.22,51.6,80,ml_gb+alt_blend,Neutre,64.0,63.3,False,coingecko,8.0,False,,,51,False,,,,,
ZILUSDT,ZIL,Mid,397,0.003323,691613.4975126,-7.205,47.556392840362484,-5.655421478088844e-05,0.003072739999999999,0.003310549999999998,0.9849433277729454,0.2562913907284768,0.14814814814814817,0.9841411940239841,0.32247791068410875,0.002356222222222223,0.0036616666666666655,uptrend,1,0,haussier,365,0,0,30,,,31.0,66.0,73.0,57.5,65.3,51.6,60.53,-0.8,≈ Neutre vs BTC,False,False,,0,,,,51.6,1,,,64646656,68264258,19513551525.0,20605532600.84656,21000000000.0,94.7,,,,51.6,65,ml_gb+alt_blend,Neutre,64.0,63.3,False,coingecko,13.8,False,,,71,False,,,,,
COWUSDT,COW,Mid,326,0.144,495679.23123,-6.311,45.36027978288064,-0.0020084877479896422,0.137776,0.1550285,0.8026106577900389,0.3073770491803279,0.13313253012048198,0.8769015721134901,0.30534080364579724,0.10705,0.15908611111111115,macd_bearish_cross|uptrend,1,1,mixte,365,0,0,30,,,31.0,66.0,73.0,47.0,54.8,51.6,57.61,-0.8,≈ Neutre vs BTC,False,False,,0,,,,51.6,3,,MACD cross baissier,82606435,143791361,574488169.0034184,1000000000.0,1000000000.0,57.4,,,,51.6,63,ml_gb+alt_blend,Neutre,64.0,63.3,False,coingecko,6.9,False,,,65,False,,,,,
BROCCOLI714USDT,BROCCOLI714,Speculative,,0.02386,1267796.49532,-7.876,49.56706480025259,-0.00044611623136089733,0.02082,0.01570165,1.4553786229022851,0.22985074626865667,0.2156733618702667,0.6228268395210926,0.25541989382358476,0.012343611111111107,0.026354444444444448,macd_bearish_cross,0,1,baissier,365,0,0,30,,,17.0,82.0,68.5,68.0,39.5,51.6,59.08,-0.8,≈ Neutre vs BTC,False,False,,0,,,,51.6,3,,MACD cross baissier,,,,,,,,,,51.6,63,ml_gb+alt_blend,Neutre,64.0,63.3,False,,23.1,False,,,168,True,,,,,
AGLDUSDT,AGLD,Speculative,932,0.194,329286.16979,-8.318,45.22056773810747,-0.0029584922620749868,0.18559199999999998,0.19989400000000007,0.7567952895393563,0.1748571428571428,0.15290519877675843,0.8804066191576855,0.4434167148582547,0.14839166666666667,0.21326388888888892,,0,0,neutre,365,0,0,30,,,17.0,66.0,85.0,47.0,50,51.6,56.42,-0.8,≈ Neutre vs BTC,False,False,,0,,,,51.6,1,,,18006753,18006753,92840001.0,92840001.0,96000000.0,100.0,,,,51.6,63,ml_gb+alt_blend,Neutre,64.0,63.3,False,coingecko,10.8,False,,,54,False,,,,,
RPLUSDT,RPL,Speculative,557,1.785,99860.87332,-6.983,42.055605486193876,-0.028344139566009077,1.77498,1.6939450000000011,0.6815406467778155,0.2727272727272727,0.1571225745385708,0.4810975554662053,0.6280047412323527,1.4608055555555555,1.971083333333333,uptrend,1,0,haussier,365,0,0,30,,,17.0,64.0,73.0,47.0,65.3,51.6,56.59,-0.8,≈ Neutre vs BTC,False,False,,0,,,,51.6,3,,Volume ×0.5 (épuisement),40736811,40736811,22875010.836733133,22875010.83673313,,100.0,1342002949,$1.3B,-4.36,51.6,62,ml_gb+alt_blend,Neutre,64.0,63.3,False,coingecko,1.6,False,,,69,False,,,,,
SFPUSDT,SFP,Mid,232,0.2785,127025.7693,-6.544,42.47411644720709,-0.0032786890632889535,0.281722,0.26745799999999986,0.6551136437159727,0.10833333333333332,0.10833333333333332,0.9728017992580982,0.6125412455793965,0.21403055555555553,0.3027638888888888,uptrend,1,0,haussier,365,0,0,30,,,31.0,45.0,85.0,47.0,65.3,51.6,53.94,-0.8,≈ Neutre vs BTC,False,False,,0,,,,51.6,1,,,138956109,138956109,500000000.0,500000000.0,500000000.0,100.0,,,,51.6,58,ml_gb+alt_blend,Neutre,64.0,63.3,False,coingecko,-3.2,False,,,57,False,,,,,
FIDAUSDT,FIDA,Speculative,879,0.02019,743571.27218,-7.976,44.15302853198287,-0.00014940651217847513,0.020119200000000004,0.020100950000000003,0.6374283628225398,0.23638838475499088,0.11516483516483521,1.2381243303976024,0.53775434340878,0.017331666666666665,0.02211222222222222,golden_cross,1,0,haussier,365,0,0,30,,,17.0,82.0,85.0,57.5,65.2,51.5,66.27,-0.9,≈ Neutre vs BTC,False,False,,0,,,,51.5,1,,,19924693,19924693,990910512.63036,990910512.286146,1000000000.0,100.0,,,,51.5,69,ml_gb+alt_blend,Neutre,64.0,63.3,False,coingecko,-4.8,False,,,164,True,,,,,
SKLUSDT,SKL,Speculative,743,0.00437,791450.98773,-8.577,48.587929791318025,-2.8195297131234205e-05,0.0040776,0.004910649999999999,0.8746424255735358,0.3319672131147541,0.10655737704918025,1.0198617106877446,0.3706282074706821,0.0034747222222222215,0.004854722222222222,,0,0,neutre,365,0,0,30,,,17.0,75.0,73.0,57.5,50,51.5,58.5,-0.9,≈ Neutre vs BTC,False,False,,0,,,,51.5,1,,,26565252,27994041,6094019337.0,6421780744.574391,7000000000.0,94.9,,,,51.5,64,ml_gb+alt_blend,Neutre,64.0,63.3,False,coingecko,11.5,False,,,76,False,,,,,
MMTUSDT,MMT,Speculative,622,0.1691,678253.32538,-6.003,46.28461454336797,-0.000670904692490021,0.167576,0.15114299999999997,0.9714743820394277,0.4992150706436422,0.33869701726844587,0.49407477277695855,0.29600614382089396,0.15081666666666668,0.20917500000000008,macd_bearish_cross|downtrend,0,2,baissier,338,0,0,30,,,16.3,73.0,62.5,57.5,25.2,51.5,50.84,-0.9,≈ Neutre vs BTC,False,False,,0,,,,51.5,5,⚠️ Surveiller,Volume ×0.5 (épuisement)|MACD cross baissier,34365516,168379650,204095424.0,1000000000.0,1000000000.0,20.4,4044167,$4M,-3.57,51.5,56,ml_gb+alt_blend,Neutre,64.0,63.3,False,coingecko,-0.1,False,,,206,True,,,,,
DYMUSDT,DYM,Speculative,,0.01775,954785.761186,-9.715,46.56849893439396,-0.0002735157939765488,0.016751799999999997,0.018143950000000006,1.0466100660746478,0.18204804045512013,0.1725105189340813,2.164658752049282,0.47644924355816504,0.01361333333333333,0.019499166666666668,,0,0,neutre,365,0,0,30,,,17.0,84.0,74.5,57.5,50,51.4,62.15,-1.0,≈ Neutre vs BTC,False,False,,0,,,,51.4,1,,,,,,,,,,,,51.4,71,ml_gb+alt_blend,Neutre,64.0,63.3,False,,15.0,False,,,60,False,,,,,
TNSRUSDT,TNSR,Speculative,725,0.0374,613779.01164,-5.793,47.333646968471236,-0.0002590084003519222,0.036393999999999996,0.03596450000000003,0.6389772720086857,0.11607142857142849,0.10120481927710849,0.8843321058275704,0.4766327236756179,0.030675000000000015,0.039588888888888896,macd_bearish_cross|golden_cross|double_top_90d|uptrend|doji_4h,2,2,mixte,365,0,0,30,,,17.0,82.0,85.0,57.5,54.1,51.4,64.07,-1.0,≈ Neutre vs BTC,False,False,,0,,,,51.4,5,⚠️ Surveiller,Double sommet|MACD cross baissier,27714629,37296553,743088205.2624216,1000000000.0,1000000000.0,74.3,,,,51.4,69,ml_gb+alt_blend,Neutre,64.0,63.3,False,coingecko,2.2,False,,,73,False,,,,,
CTSIUSDT,CTSI,Speculative,731,0.02892,575342.28196,-6.68,51.77597819835139,-5.7128296797892076e-05,0.026927000000000003,0.027046000000000004,0.7528851262997468,0.23056825604180275,0.08320101619561758,1.292846980354189,0.2686186249010917,0.021793055555555555,0.030424722222222225,,0,0,neutre,365,0,0,30,,,17.0,75.0,83.5,57.5,50,51.4,60.37,-1.0,≈ Neutre vs BTC,False,False,,0,,,,51.4,1,,,27496155,28862880,952647655.3982263,1000000000.0,1000000000.0,95.3,,,,51.4,66,ml_gb+alt_blend,Neutre,64.0,63.3,False,coingecko,11.9,False,,,60,False,,,,,
XVSUSDT,XVS,Mid,458,3.11,321255.92158,-7.025,42.06584464720622,-0.03514721880437831,3.2038000000000006,2.801999999999999,0.62711506410921,0.159534127843987,0.159534127843987,1.8885455681578962,0.5457072088152691,2.68,3.414277777777778,macd_bearish_cross|uptrend,1,1,mixte,365,0,0,30,,,31.0,63.0,85.0,47.0,54.8,51.4,58.61,-1.0,≈ Neutre vs BTC,False,False,,0,,,,51.4,3,,MACD cross baissier,52318497,92272312,16865507.148427907,29745107.91112632,30000000.0,56.7,1295856145,$1.3B,-1.56,51.4,61,ml_gb+alt_blend,Neutre,64.0,63.3,False,coingecko,-6.0,False,,,58,False,,,,,
TIAUSDT,TIA,Mid,124,0.4492,8396395.044772,-5.232,51.48555897622692,-0.002979641297708696,0.40201599999999993,0.37031900000000006,1.2590192477438675,0.2826295585412668,0.1405799884770502,1.547634247242259,0.5601711955258066,0.3135027777777777,0.4707638888888889,uptrend|doji_4h,1,0,haussier,365,0,0,30,,,31.0,100.0,62.5,78.5,65.3,51.3,73.11,-1.1,≈ Neutre vs BTC,False,False,,0,,,,51.3,1,,,435372906,524789221,977970828.810258,1178825192.076293,,83.0,,,,51.3,74,ml_gb+alt_blend,Neutre,64.0,63.3,False,coingecko,3.1,False,,,69,False,,,,,
ZENUSDT,ZEN,Mid,256,6.64,4410563.14196,-6.938,45.37634878789436,-0.14246825059990745,6.529339999999999,5.447620000000001,1.0958957058685181,0.2034346103038309,0.2034346103038309,1.198608091234405,0.5260241229953202,3.9633055555555563,7.631083333333333,uptrend,1,0,haussier,365,0,0,30,,,31.0,91.0,74.5,68.0,65.3,51.3,71.02,-1.1,≈ Neutre vs BTC,False,False,,0,,,,51.3,1,,,121721953,138873070,18406455.728282973,21000000.0,21000000.0,87.6,,,,51.3,73,ml_gb+alt_blend,Neutre,64.0,63.3,False,coingecko,-8.3,False,,,112,True,,,,,
HUMAUSDT,HUMA,Mid,463,0.03004,1228002.72202,-3.903,55.29942590401357,-9.906596015555984e-06,0.024892199999999996,0.022187900000000003,0.9510302611564225,0.2851255151742225,0.15663667041619803,1.2435044861183484,0.3960974326538063,0.019622222222222225,0.029629166666666665,macd_bearish_cross|uptrend,1,1,mixte,365,0,0,30,,,31.0,91.0,73.0,68.0,54.8,51.3,68.67,-1.1,≈ Neutre vs BTC,False,False,,0,,,,51.3,3,,MACD cross baissier,52006591,300038023,1733333333.0,10000000000.0,10000000000.0,17.3,410600398,$411M,8.3,51.3,70,ml_gb+alt_blend,Neutre,64.0,63.3,False,coingecko,31.2,False,,,88,False,,,,,
XVGUSDT,XVG,Mid,486,0.002946,368108.288779,-5.425,46.96333163445041,-4.274407695651646e-05,0.0028262399999999994,0.0029691950000000013,0.9445540725104807,0.15650172612197924,0.15650172612197924,0.8269529827212022,0.36420406603960764,0.0019802222222222226,0.0032025833333333333,uptrend|doji_4h,1,0,haussier,365,0,0,30,,,31.0,66.0,85.0,47.0,65.3,51.3,61.82,-1.1,≈ Neutre vs BTC,False,False,,0,,,,51.3,1,,,48439370,48536263,16521951234.841335,16555000000.0,,99.8,,,,51.3,67,ml_gb+alt_blend,Neutre,64.0,63.3,False,coingecko,3.5,False,,,84,False,,,,,
CAKEUSDT,CAKE,Etabli,93,2.232,8207655.25872,-9.046,39.60084021478841,-0.0656777445192698,2.2113399999999994,1.62168,0.7493626534523395,0.21405863652419635,0.21405863652419635,2.104781313687873,0.46134613909248,1.3899444444444444,2.598666666666666,,0,0,neutre,365,0,0,30,,,45.0,91.0,85.0,78.5,50,51.2,73.04,-1.2,≈ Neutre vs BTC,False,False,,0,,,,51.2,1,,,707519383,733298575,318317195.9428964,329915408.342526,400000000.0,96.5,1835139988,$1.8B,-2.47,51.2,72,ml_gb+alt_blend,Neutre,64.0,63.3,False,coingecko,-4.2,False,,,128,True,,,,,
BREVUSDT,BREV,Speculative,848,0.0846,723277.54952,-8.143,50.07430311036297,-0.00042356002061712727,0.07962599999999997,0.09218599999999999,0.7826295887101666,0.17290322580645157,0.08648648648648641,1.725531795794632,0.5193305283688608,0.06797777777777776,0.08845000000000003,,0,0,neutre,275,0,0,30,,,14.5,84.0,89.5,57.5,50,51.2,64.4,-1.2,≈ Neutre vs BTC,False,False,,0,,,,51.2,1,,,21098051,84392203,250000000.0,1000000000.0,1000000000.0,25.0,,,,51.2,70,ml_gb+alt_blend,Neutre,64.0,63.3,False,coingecko,6.3,False,,,56,False,,,,,
DCRUSDT,DCR,Mid,145,17.95,233921.7405,-2.868,54.03202063793541,-0.14354389696922543,16.1688,15.767150000000006,0.8232931527877723,0.18486171761280937,0.043733333333333346,0.39197795113953804,0.4026035711867734,11.713333333333333,18.37972222222222,golden_cross|double_top_90d,1,1,mixte,365,0,0,30,,,31.0,73.0,89.5,47.0,49.8,51.2,62.15,-1.2,≈ Neutre vs BTC,False,False,,0,,,,51.2,7,🔴 Sortie,Volume ×0.4 (épuisement)|Près du plus haut 90j (résistance)|Double sommet,315816429,315835271,17635188.70151134,17636347.92628262,21000000.0,100.0,,,,51.2,66,ml_gb+alt_blend,Neutre,64.0,63.3,False,coingecko,11.9,False,,,75,False,,,,,
CFGUSDT,CFG,Mid,459,0.137,1898311.52393,-8.849,46.513417666339876,-0.0015963337756132595,0.130516,0.18865349999999995,1.0536633539276987,0.48173277661795405,0.2834029227557411,1.02602058644516,0.21086467942658169,0.10791111111111112,0.18335833333333332,macd_bearish_cross|uptrend,1,1,mixte,206,0,0,30,,,26.6,75.0,56.5,68.0,54.8,51.2,59.0,-1.2,≈ Neutre vs BTC,False,False,,0,,,,51.2,3,,MACD cross baissier,52176396,93274028,380384016.0,680000000.0,,55.9,,,,51.2,63,ml_gb+alt_blend,Neutre,64.0,63.3,False,coingecko,11.5,False,,,65,False,,,,,
DIAUSDT,DIA,Speculative,902,0.1597,1334480.00562,-8.007,53.98516045783834,0.0003251751412437741,0.143186,0.14735050000000002,0.8223514402571406,0.264748201438849,0.1109253065774805,1.0365615735381448,0.2623746759259572,0.10283333333333329,0.16345277777777778,,0,0,neutre,365,0,0,30,,,17.0,75.0,67.0,68.0,50,51.2,58.28,-1.2,≈ Neutre vs BTC,False,False,,0,,,,51.2,0,,,19051887,26874931,119676104.0,168817248.0,200000000.0,70.9,,,,51.2,63,ml_gb+alt_blend,Neutre,64.0,63.3,False,coingecko,11.7,False,,,80,False,,,,,
TRUMPUSDT,TRUMP,Mid,113,1.852,24012744.273283,-8.362,38.69070577228385,-0.017382393273736575,2.1476800000000003,2.1037299999999988,0.8661174056813845,0.3241959064327486,0.3241959064327486,1.4497709279739546,0.43696129569507225,1.4336944444444446,2.4644999999999992,golden_cross,1,0,haussier,365,0,0,30,,,31.0,54.0,68.5,78.5,65.2,51.2,56.88,-1.2,≈ Neutre vs BTC,False,False,,0,,,,51.2,1,,,520787833,1847630630,281867936.287634,1000000000.0,1000000000.0,28.2,,,,51.2,58,ml_gb+alt_blend,Neutre,64.0,63.3,False,coingecko,-19.4,False,,,111,True,,,,,
RAREUSDT,RARE,Speculative,,0.0156,593180.815027,-6.024,49.9170000742502,-0.00024050129611479713,0.013788199999999995,0.01417629999999999,1.5579903892679314,0.2817423540315106,0.2817423540315106,1.1236376369496826,0.2965972219430093,0.011636388888888889,0.01692722222222222,macd_bearish_cross|bearish_engulfing_4h,0,2,baissier,365,0,0,30,,,17.0,75.0,46.0,57.5,26.8,51.2,49.1,-1.2,≈ Neutre vs BTC,False,False,,0,,,,51.2,5,⚠️ Surveiller,Engloutissement baissier 4h|MACD cross baissier,,,,,,,,,,51.2,54,ml_gb+alt_blend,Neutre,64.0,63.3,False,,23.3,False,,,104,True,,,,,
AVAUSDT,AVA,Speculative,,0.2207,1139815.01625,-7.074,45.616298868042264,-0.004922809195040052,0.210192,0.20524649999999994,2.0540983828464934,0.295260663507109,0.1716754320060105,2.898999068659055,0.20713708258165467,0.15488888888888885,0.2581416666666667,macd_bearish_cross|golden_cross,1,1,mixte,365,0,0,30,,,17.0,100.0,46.0,68.0,54.7,51.1,64.86,-1.3,≈ Neutre vs BTC,False,False,,0,,,,51.1,3,,MACD cross baissier,,,,,,,,,,51.1,72,ml_gb+alt_blend,Neutre,64.0,63.3,False,,39.2,False,,,105,True,,,,,
SUSDT,S,Mid,221,0.04,2177544.035127,-8.383,54.783025945799196,-0.0001654721219299651,0.0327272,0.034099250000000005,1.3248074666208283,0.20393504059962528,0.08720531013962007,1.0741513389242692,0.45198396480787156,0.021884444444444442,0.040550277777777775,uptrend,1,0,haussier,365,0,0,30,,,31.0,75.0,79.0,68.0,65.3,51.1,65.82,-1.3,≈ Neutre vs BTC,False,False,,0,,,,51.1,1,,,154551818,154551818,3885497663.0,3885497663.0,,100.0,,,,51.1,69,ml_gb+alt_blend,Neutre,64.0,63.3,False,coingecko,32.1,False,,,125,True,,,,,
ARBUSDT,ARB,Etabli,71,0.1858,16815483.59202,-7.146,47.86845088960591,-0.005750545390132287,0.159604,0.112903,1.323033904516083,0.2974115161119915,0.2112197195070124,0.9207652905022132,0.4402372797270178,0.07673333333333332,0.2150277777777778,uptrend|doji_4h,1,0,haussier,365,0,0,30,,,45.0,82.0,62.5,78.5,65.3,51.1,68.71,-1.3,≈ Neutre vs BTC,False,False,,0,,,,51.1,1,,,1256400390,1851575531,6785574605.0,10000000000.0,10000000000.0,67.9,3641448721,$3.6B,-3.65,51.1,68,ml_gb+alt_blend,Neutre,64.0,63.3,False,coingecko,11.8,False,,,234,True,,,,,
EULUSDT,EUL,Speculative,639,1.388,1132513.46963,-5.385,48.930418833038125,-0.003278142980769755,1.3583800000000006,1.2105899999999998,0.6966965456320071,0.5154819014391627,0.39598778892280856,0.9308174520295154,0.24540590098183312,1.012194444444444,1.6286111111111115,uptrend,1,0,haussier,360,0,0,30,,,16.9,82.0,53.5,68.0,65.3,51.1,61.54,-1.3,≈ Neutre vs BTC,False,False,,0,,,,51.1,1,,,33287800,37647826,24034753.02484756,27182818.28459,27182818.0,88.4,333575045,$334M,-4.38,51.1,67,ml_gb+alt_blend,Neutre,64.0,63.3,False,coingecko,3.7,False,,,184,True,,,,,
WUSDT,W,Mid,307,0.01392,1487392.683826,-4.132,59.55259363740161,2.1850353351752713e-05,0.010976199999999998,0.011240950000000001,1.1526048986791795,0.19452887537993918,0.11415816326530612,1.0988754938713925,0.483817794053912,0.008216666666666666,0.013264166666666667,,0,0,neutre,365,0,0,30,,,31.0,75.0,74.5,68.0,50,51.1,61.97,-1.3,≈ Neutre vs BTC,False,False,,0,,,,51.1,0,,,91513542,138828301,6591850597.0,10000000000.0,10000000000.0,65.9,1875889079,$1.9B,2.84,51.1,64,ml_gb+alt_blend,Neutre,64.0,63.3,False,coingecko,34.2,False,,,83,False,,,,,
AMPUSDT,AMP,Mid,466,0.000579,847737.557124,-8.819,52.14599136965379,-5.433374257691875e-06,0.0004965599999999998,0.0006288250000000002,1.941959859010498,0.2959805115712546,0.2959805115712546,0.8736939906800921,0.2578909274785716,0.00038277777777777784,0.0006025555555555555,macd_bearish_cross,0,1,baissier,365,0,0,30,,,31.0,66.0,46.0,57.5,39.5,51.1,50.6,-1.3,≈ Neutre vs BTC,False,False,,0,,,,51.1,3,,MACD cross baissier,51754056,57483396,89781193103.18022,99720258778.82127,100000000000.0,90.0,,,,51.1,55,ml_gb+alt_blend,Neutre,64.0,63.3,False,coingecko,27.8,False,,,93,False,,,,,
STRAXUSDT,STRAX,Speculative,787,0.01069,133950.36652,-5.815,44.80797594685909,-0.00013878610395214394,0.010367199999999998,0.010981450000000002,0.9740398443009487,0.19120000000000012,0.1472000000000001,0.35283906044684743,0.5314115663735751,0.008440833333333333,0.011712499999999999,,0,0,neutre,365,0,0,30,,,17.0,48.0,85.0,47.0,50,51.1,49.66,-1.3,≈ Neutre vs BTC,False,False,,0,,,,51.1,3,,Volume ×0.4 (épuisement),23749267,23750463,2214365942.744969,2214492058.085142,,100.0,,,,51.1,55,ml_gb+alt_blend,Neutre,64.0,63.3,False,coingecko,10.2,False,,,50,False,,,,,
QTUMUSDT,QTUM,Mid,296,0.915,780752.5226,-6.823,43.217296102541326,-0.012758854003359084,0.91018,0.8239249999999997,0.710625750395748,0.13130352045670782,0.13130352045670782,3.691362728992208,0.6446904157184662,0.6505000000000004,0.9971388888888888,,0,0,neutre,365,0,0,30,,,31.0,91.0,85.0,57.5,50,51.0,69.0,-1.4,≈ Neutre vs BTC,False,False,,0,,,,51.0,1,,,96841371,98392381,106122746.0,107822406.0,,98.4,,,,51.0,72,ml_gb+alt_blend,Neutre,64.0,63.3,False,coingecko,3.4,False,,,65,False,,,,,
AIUSDT,AI,Mid,265,0.0198,754421.00823,-8.756,53.975944604009925,8.630328590425088e-05,0.018682000000000008,0.020580999999999995,0.6529751170178444,0.17961165048543698,0.048076923076922955,1.672732541897564,0.46052968321978427,0.01719722222222221,0.020986111111111108,,0,0,neutre,365,0,0,30,,,31.0,84.0,89.5,57.5,50,51.0,67.17,-1.4,≈ Neutre vs BTC,False,False,,0,,,,51.0,2,,Près du plus haut 90j (résistance),114266998,114266998,991142927.2263435,991142927.2263435,1000000000.0,100.0,,,,51.0,70,ml_gb+alt_blend,Neutre,64.0,63.3,False,coingecko,5.3,False,,,57,False,,,,,
MANTAUSDT,MANTA,Speculative,672,0.06429,387031.951597,-7.881,44.05234691456554,-0.0006048570688053784,0.06327580000000001,0.06704049999999998,0.6847230366513236,0.15361170374885705,0.1119413311194133,1.1968663064756573,0.5168617650890499,0.056436111111111104,0.06967805555555555,uptrend,1,0,haussier,365,0,0,30,,,17.0,66.0,85.0,47.0,65.3,51.0,59.47,-1.4,≈ Neutre vs BTC,False,False,,0,,,,51.0,1,,,31012430,64338887,482016891.0,1000000000.0,1000000000.0,48.2,26274738,$26M,-4.98,51.0,64,ml_gb+alt_blend,Neutre,64.0,63.3,False,coingecko,2.2,False,,,35,False,,,,,
ORDIUSDT,ORDI,Mid,311,4.214,4131968.28311,-8.768,42.574368260997986,-0.05852128455224405,4.31134,3.7938649999999994,0.8380424615320988,0.16229905307201067,0.14923263327948302,1.1711928160331322,0.5445330278040885,3.358222222222221,4.721,uptrend,1,0,haussier,365,0,0,30,,,31.0,54.0,85.0,68.0,65.3,51.0,59.0,-1.4,≈ Neutre vs BTC,False,False,,0,,,,51.0,1,,,88331763,88331763,21000000.0,21000000.0,,100.0,,,,51.0,60,ml_gb+alt_blend,Neutre,64.0,63.3,False,coingecko,-2.2,False,,,70,False,,,,,
TOWNSUSDT,TOWNS,Speculative,,0.001827,1489757.93391,-13.78,38.996269236749896,-1.1709924778535433e-05,0.0021765600000000006,0.002596590000000001,0.9812912198375577,0.33962264150943394,0.31094339622641515,1.7115628063456514,0.32931503321540123,0.001870944444444444,0.00254725,macd_bearish_cross|downtrend,0,2,baissier,365,0,0,30,,,17.0,55.0,68.5,68.0,25.2,51.0,46.11,-1.4,≈ Neutre vs BTC,False,False,,0,,,,51.0,3,,MACD cross baissier,,,,,,,,,,51.0,49,ml_gb+alt_blend,Neutre,64.0,63.3,False,,-12.6,False,,,42,False,,,,,
TLMUSDT,TLM,Speculative,,0.001434,465254.266195,-7.364,42.89774486035646,-1.1456095791118219e-05,0.0014659800000000004,0.001576495000000001,0.7211223466703771,0.40970350404312667,0.3571428571428572,0.46287695082386177,0.12410603856638418,0.0013654444444444445,0.0018982777777777776,macd_bearish_cross|uptrend|doji_4h,1,1,mixte,365,0,0,30,,,17.0,28.0,62.5,47.0,54.8,51.0,39.12,-1.4,≈ Neutre vs BTC,False,False,,0,,,,51.0,5,⚠️ Surveiller,Volume ×0.5 (épuisement)|MACD cross baissier,,,,,,,,,,51.0,47,ml_gb+alt_blend,Neutre,64.0,63.3,False,,-2.6,False,,,303,True,,,,,
REUSDT,RE,Mid,364,0.4572,918681.98959,-7.28,44.546665318390744,-0.0010135614019474454,0.4788559999999999,,0.7012448239180059,0.35442820292347377,0.21562231759656658,0.22030103878663956,0.26642025471086217,0.3983555555555556,0.5605638888888888,macd_bearish_cross,0,1,baissier,112,0,0,30,,,24.1,36.0,67.0,57.5,39.5,51.0,41.91,-1.4,≈ Neutre vs BTC,False,False,,0,,,,51.0,5,⚠️ Surveiller,Volume ×0.2 (épuisement)|MACD cross baissier,72859887,456515582,159600000.0,1000000000.0,1000000000.0,16.0,400470349,$400M,2.15,51.0,46,ml_gb+alt_blend,Neutre,64.0,63.3,False,coingecko,-1.1,False,,,69,False,,,,,
FILUSDT,FIL,Etabli,84,1.056,14208271.462891,-7.982,54.504270490507075,-0.0026914815569341194,0.8833160000000002,0.853258,1.2508982534811592,0.19898605830164767,0.10923518487253096,1.2107444903943978,0.4665890150882204,0.673688888888889,1.065908333333333,golden_cross|uptrend,2,0,haussier,365,0,0,30,,,45.0,91.0,74.5,78.5,80.5,50.9,77.24,-1.5,≈ Neutre vs BTC,False,False,,0,,,,50.9,1,,,879145072,2061854424,834439993.0,1957007732.0,,42.6,,,,50.9,77,ml_gb+alt_blend,Neutre,64.0,63.3,False,coingecko,22.4,False,,,84,False,,,,,
CHRUSDT,CHR,Speculative,849,0.02159,572071.98043,-4.002,55.6808097909545,-0.00017459681238486853,0.0177494,0.01759845,1.0868281105293993,0.19513797634691188,0.08559322033898309,1.3395121988158034,0.5121665024498848,0.01280888888888889,0.0218375,macd_bearish_cross|golden_cross|uptrend,2,1,haussier,365,0,0,30,,,17.0,91.0,79.0,57.5,70.0,50.9,69.55,-1.5,≈ Neutre vs BTC,False,False,,0,,,,50.9,3,,MACD cross baissier,21000056,21000056,974831915.3782,974831915.3782,978064789.0,100.0,,,,50.9,75,ml_gb+alt_blend,Neutre,64.0,63.3,False,coingecko,32.6,False,,,96,False,,,,,
CTKUSDT,CTK,Speculative,866,0.1239,109604.38632,-4.985,47.39701265884794,-0.0009301451158800532,0.12109800000000004,0.1358295,0.6599615681326079,0.15921787709497198,0.10442349528643942,0.8177237471171848,0.5106889653717844,0.09887777777777777,0.13039444444444445,uptrend|evening_star_4h,1,1,mixte,365,0,0,30,,,17.0,66.0,85.0,47.0,53.0,50.9,57.01,-1.5,≈ Neutre vs BTC,False,False,,0,,,,50.9,3,,Étoile du soir 4h,20295983,20313408,164619061.0,164762478.0,,99.9,,,,50.9,64,ml_gb+alt_blend,Neutre,64.0,63.3,False,coingecko,3.2,False,,,51,False,,,,,
NEIROUSDT,NEIRO,Speculative,609,8.424e-05,1860319.41349166,-7.398,43.05686898960452,-9.019583584008526e-07,8.857299999999997e-05,7.620175e-05,0.9035273153116773,0.24567972350230416,0.19335637480798776,1.1237263850332215,0.6047017553795707,5.968555555555555e-05,9.536194444444446e-05,,0,0,neutre,365,0,0,30,,,17.0,54.0,85.0,68.0,50,50.9,53.59,-1.5,≈ Neutre vs BTC,False,False,,0,,,,50.9,1,,,35309103,35309103,420690000000.0,420690000000.0,420690000000.0,100.0,,,,50.9,57,ml_gb+alt_blend,Neutre,64.0,63.3,False,coingecko,-7.5,False,,,82,False,,,,,
USUALUSDT,USUAL,Speculative,794,0.01211,539050.829241,-9.084,43.195680021623964,-0.00025500291442623075,0.012227200000000002,0.0115932,0.8640731443205372,0.20931758530183728,0.20931758530183728,0.8573978827925738,0.5371633721268497,0.00816861111111111,0.013794444444444446,,0,0,neutre,365,0,0,30,,,17.0,45.0,85.0,57.5,50,50.9,49.38,-1.5,≈ Neutre vs BTC,False,False,,0,,,,50.9,1,,,23492885,23854153,1948797552.8218625,1978765718.523074,3000000000.0,98.5,84433493,$84M,-3.83,50.9,54,ml_gb+alt_blend,Neutre,64.0,63.3,False,coingecko,1.0,False,,,95,False,,,,,
INJUSDT,INJ,Etabli,90,7.313,24218657.91741,-6.971,52.05339809408212,-0.09092175791259105,6.3092,4.907410000000001,1.1847463043393855,0.2367240089753179,0.10773176987907655,1.6441672884513139,0.5250730607859125,4.425777777777777,7.761694444444446,uptrend|doji_4h,1,0,haussier,365,0,0,30,,,45.0,100.0,74.5,78.5,65.3,50.8,77.6,-1.6,≈ Neutre vs BTC,False,False,,0,,,,50.8,1,,,727861616,727861616,100000000.0,100000000.0,,100.0,5013680,$5M,-1.34,50.8,76,ml_gb+alt_blend,Neutre,64.0,63.3,False,coingecko,27.3,False,,,155,True,📝 Dossier ETF actif,S-1/A,2026-09-24,13,21Shares|Canary
SENTUSDT,SENT,Mid,198,0.0247,2075108.40006,-3.023,68.48144227484998,0.000155100261042233,0.0168264,0.015696500000000002,1.033854069715355,0.2092706203135652,0.04344453064390998,0.9695276807189843,0.2995448815064085,0.012381944444444445,0.02208138888888889,macd_bullish_cross|double_bottom_90d|resistance_test|uptrend,3,1,haussier,259,0,0,30,,,28.1,73.0,73.0,68.0,77.5,50.8,65.92,-1.6,≈ Neutre vs BTC,False,False,,0,,,,50.8,2,,Près du plus haut 90j (résistance),178202027,845962255,7237882055.0,34359738368.0,34359738368.0,21.1,,,,50.8,67,ml_gb+alt_blend,Neutre,64.0,63.3,False,coingecko,73.9,True,3,🚀 Leader (altseason),116,True,,,,,
MORPHOUSDT,MORPHO,Etabli,59,2.515,3433283.67435,-8.512,47.95438736376713,-0.010271395723335006,2.49486,2.0537600000000005,0.8283910459731711,0.2826161790017211,0.1342512908777968,0.751017212048665,0.3352609244232379,1.9135277777777775,2.7368055555555557,double_top_90d,0,1,baissier,365,0,0,30,,,45.0,82.0,73.0,68.0,34.6,50.8,63.63,-1.6,≈ Neutre vs BTC,False,False,,0,,,,50.8,3,,Double sommet,1754864515,2506232886,700200099.0241565,1000000000.0,1000000000.0,70.0,11233969994,$11.2B,1.15,50.8,63,ml_gb+alt_blend,Neutre,64.0,63.3,False,coingecko,-1.9,False,,,71,False,,,,,
TUSDT,T,Mid,438,0.00504,417542.966164,-8.029,47.22242070127914,-8.164660957377676e-05,0.0046296,0.0047249000000000015,0.9288214309458862,0.4000000000000001,0.1489001692047378,0.586112439879932,0.13942321892452744,0.0033577777777777777,0.005644722222222223,double_top_90d|uptrend|doji_4h,1,1,mixte,365,0,0,30,,,31.0,66.0,67.0,47.0,49.9,50.8,55.57,-1.6,≈ Neutre vs BTC,False,False,,0,,,,50.8,5,⚠️ Surveiller,Volume ×0.6 (épuisement)|Double sommet,56126983,56126983,11155000000.0,11155000000.0,,100.0,357048131,$357M,-1.0,50.8,61,ml_gb+alt_blend,Neutre,64.0,63.3,False,coingecko,13.5,False,,,81,False,,,,,
TRBUSDT,TRB,Mid,435,19.86,12840731.5981,-9.066,51.47035854064519,-0.009766971412454084,18.3934,16.402849999999997,1.0304540318865882,0.16655907036797934,0.13161346742457375,4.029812387962671,0.5929747611810471,13.325,20.344444444444445,uptrend,1,0,haussier,365,0,0,30,,,31.0,100.0,74.5,78.5,65.3,50.7,75.24,-1.7,≈ Neutre vs BTC,False,False,,0,,,,50.7,1,,,56281221,57719638,2829753.8557953225,2902075.779749183,,97.5,,,,50.7,80,ml_gb+alt_blend,Neutre,64.0,63.3,False,coingecko,5.9,False,,,67,False,,,,,
GMXUSDT,GMX,Mid,318,8.05,1228947.71811,-8.314,50.13616538111176,0.015448407778450524,7.7744000000000035,6.704250000000001,0.7332539479504692,0.16251482799525507,0.08956916099773253,3.5454107792442895,0.47735144421460735,6.071111111111111,8.308055555555555,macd_bullish_cross|uptrend,2,0,haussier,365,0,0,30,,,31.0,100.0,89.5,68.0,77.1,50.7,79.39,-1.7,≈ Neutre vs BTC,False,False,,0,,,,50.7,0,,,83984396,83984396,10470741.582949108,10470741.58720745,13250000.0,100.0,211048906,$211M,0.91,50.7,80,ml_gb+alt_blend,Neutre,64.0,63.3,False,coingecko,-4.1,False,,,66,False,,,,,
AUCTIONUSDT,AUCTION,Speculative,735,3.663,687867.61586,-4.758,49.78223010645733,-0.017270075652366185,3.47998,3.8743050000000014,0.5804800135835776,0.18781575037147105,0.06931702344546377,1.0721015399709237,0.5020014806721096,2.8818055555555553,3.7975000000000003,uptrend,1,0,haussier,365,0,0,30,,,17.0,75.0,100.0,57.5,65.3,50.7,66.35,-1.7,≈ Neutre vs BTC,False,False,,0,,,,50.7,1,,,27166436,27898964,7440409.148028981,7641035.648362741,10000000.0,97.4,,,,50.7,72,ml_gb+alt_blend,Neutre,64.0,63.3,False,coingecko,3.1,False,,,43,False,,,,,
SPELLUSDT,SPELL,Speculative,,9.3e-05,417965.455177,-5.488,48.94524861049458,-6.504078724463316e-07,8.851599999999998e-05,0.00011895350000000005,0.6723858775876902,0.16519823788546253,0.14522058823529416,1.0222765376357628,0.5585203478115268,7.75e-05,9.830277777777775e-05,macd_bearish_cross|doji_4h,0,1,baissier,365,0,0,30,,,17.0,75.0,85.0,47.0,39.5,50.7,57.71,-1.7,≈ Neutre vs BTC,False,False,,0,,,,50.7,3,,MACD cross baissier,,,,,,,4938366,$5M,-1.89,50.7,64,ml_gb+alt_blend,Neutre,64.0,63.3,False,,7.8,False,,,46,False,,,,,
SXTUSDT,SXT,Speculative,548,0.00896,380693.701348,-4.274,47.434929184704174,-5.964867704574248e-05,0.0087014,0.01053765,0.7428356641590207,0.3326403326403326,0.09552845528455284,0.5304488144030034,0.3195798896225342,0.006830833333333332,0.009585555555555559,macd_bearish_cross|evening_star_4h,0,2,baissier,365,0,0,30,,,17.0,66.0,77.5,47.0,27.1,50.7,50.54,-1.7,≈ Neutre vs BTC,False,False,,0,,,,50.7,7,🔴 Sortie,Volume ×0.5 (épuisement)|Étoile du soir 4h|MACD cross baissier,41345073,44509092,4644564876.1165,5000000000.0,5000000000.0,92.9,,,,50.7,57,ml_gb+alt_blend,Neutre,64.0,63.3,False,coingecko,-1.0,False,,,64,False,,,,,
VANAUSDT,VANA,Speculative,667,1.016,290381.18049,-6.874,43.92107686056597,-0.012766901050899025,1.00414,1.1835749999999996,0.7108087459059644,0.3404932378679395,0.19331742243436748,0.35553387414923987,0.396298610885367,0.8559999999999998,1.2277499999999997,uptrend,1,0,haussier,365,0,0,30,,,17.0,48.0,73.0,47.0,65.3,50.7,50.58,-1.7,≈ Neutre vs BTC,False,False,,0,,,,50.7,3,,Volume ×0.4 (épuisement),31233575,121689251,30800000.0,120000000.0,120000000.0,25.7,,,,50.7,57,ml_gb+alt_blend,Neutre,64.0,63.3,False,coingecko,7.5,False,,,41,False,,,,,
EDENUSDT,EDEN,Speculative,745,0.05844,1375142.751048,-8.645,50.21795551999601,-0.00020358982368613287,0.05655980000000002,0.04702300000000001,0.840879075365775,0.3924174594292109,0.18620593172915503,0.5721722152440685,0.21903842783278993,0.039796944444444454,0.06521972222222222,,0,0,neutre,365,0,0,30,,,17.0,82.0,67.0,68.0,50,50.6,60.91,-1.8,≈ Neutre vs BTC,False,False,,0,,,,50.6,3,,Volume ×0.6 (épuisement),26547806,58257035,455701286.87713057,1000000000.0,1000000000.0,45.6,,,,50.6,65,ml_gb+alt_blend,Neutre,64.0,63.3,False,coingecko,4.8,False,,,327,True,,,,,
TKOUSDT,TKO,Speculative,,0.0561,218636.73158,-6.656,47.458323693548394,-0.0003582470454614635,0.05418599999999998,0.053047000000000004,0.5815214602496747,0.1171171171171171,0.10810810810810811,0.9283541302638283,0.5970730399959423,0.044697222222222235,0.05965277777777776,macd_bearish_cross|downtrend,0,2,baissier,365,0,0,30,,,17.0,82.0,95.5,47.0,25.2,50.6,59.36,-1.8,≈ Neutre vs BTC,False,False,,0,,,,50.6,3,,MACD cross baissier,,,,,,,,,,50.6,64,ml_gb+alt_blend,Neutre,64.0,63.3,False,,6.0,False,,,41,False,,,,,
LUNCUSDT,LUNC,Mid,154,5.028e-05,1917665.15660844,-4.61,40.12734278519704,-3.6220265427778027e-07,5.273059999999999e-05,5.884530000000003e-05,0.5385036099033307,0.22451317296678128,0.17771232204221896,1.0416442615368267,0.6711462418413782,4.8543611111111116e-05,5.884555555555557e-05,,0,0,neutre,365,0,0,30,,,31.0,46.0,95.5,68.0,50,50.5,54.81,-1.9,≈ Neutre vs BTC,False,False,,0,,,,50.5,1,,,277132566,323878858,5516423730156.63,6446924711015.003,,85.6,,,,50.5,56,ml_gb+alt_blend,Neutre,64.0,63.3,False,coingecko,-10.9,False,,,150,True,,,,,
PEOPLEUSDT,PEOPLE,Speculative,553,0.00815,1046524.432433,-8.837,41.07588547966775,-0.00012988444454669685,0.0086702,0.0070956499999999985,0.8872165747716318,0.352112676056338,0.284330985915493,0.8802631762985208,0.43725439963716234,0.005499722222222222,0.00978638888888889,,0,0,neutre,365,0,0,30,,,17.0,45.0,73.0,68.0,50,50.5,48.09,-1.9,≈ Neutre vs BTC,False,False,,0,,,,50.5,1,,,41167576,41167576,5066480892.014003,5066480892.014003,,100.0,,,,50.5,52,ml_gb+alt_blend,Neutre,64.0,63.3,False,coingecko,0.1,False,,,129,True,,,,,
AAVEUSDT,AAVE,Etabli,44,171.87,24403189.75915,-5.644,61.2662998236045,1.0936485150782342,138.97739999999996,102.01805000000007,0.8320499928936939,0.15504204649848066,0.06660147761842687,0.8613013600380083,0.6648882327345238,88.58277777777775,161.64055555555555,downtrend|doji_4h,0,1,baissier,365,0,0,30,,,45.0,82.0,89.5,78.5,35.7,50.4,67.62,-2.0,≈ Neutre vs BTC,False,False,,0,,,,50.4,0,,,2645553354,2742297391,15435544.59259534,16000000.0,16000000.0,96.5,17732212102,$17.7B,0.25,50.4,65,ml_gb+alt_blend,Neutre,64.0,63.3,False,coingecko,27.5,False,,,199,True,📁 Dossier ETF ancien,S-1/A,2026-05-12,148,
BOMEUSDT,BOME,Mid,395,0.0009443,1605859.3056038,-7.403,45.76034057990844,-9.320763454049619e-06,0.0009778740000000003,0.0006201934999999998,0.8070572628805419,0.32275218849709564,0.22964902233494228,0.586226302872029,0.4177399444543176,0.00042469722222222215,0.0011094583333333334,uptrend,1,0,haussier,365,0,0,30,,,31.0,54.0,73.0,68.0,65.3,50.4,56.87,-2.0,≈ Neutre vs BTC,False,False,,0,,,,50.4,3,,Volume ×0.6 (épuisement),64798079,64798079,68999659569.0,68999659569.0,68999659569.0,100.0,,,,50.4,62,ml_gb+alt_blend,Neutre,64.0,63.3,False,coingecko,1.9,False,,,261,True,,,,,
LUMIAUSDT,LUMIA,Speculative,863,0.0859,951813.78612,-7.335,51.6876085089428,0.0003710906531902275,0.08342599999999999,0.09500700000000002,0.7854307661620463,0.46709470304975925,0.30979133226324246,1.6305887199507647,0.23356006142563082,0.06982222222222222,0.09749444444444447,double_top_90d|uptrend,1,1,mixte,365,0,0,30,,,17.0,84.0,62.5,57.5,49.9,50.3,60.0,-2.1,≈ Neutre vs BTC,False,False,,0,,,,50.3,2,,Double sommet,20505764,20505764,238888888.0,238888888.0,238888888.0,100.0,,,,50.3,65,ml_gb+alt_blend,Neutre,64.0,63.3,False,coingecko,2.4,False,,,83,False,,,,,
NOTUSDT,NOT,Speculative,515,0.000455,338256.047594,-7.708,42.79708446271244,-5.634797255801381e-06,0.00045850000000000003,0.00042027000000000004,0.7788697218789262,0.1700507614213198,0.13714285714285707,0.6692712593512729,0.5578831908131048,0.00034563888888888876,0.0005014722222222222,uptrend,1,0,haussier,365,0,0,30,,,17.0,45.0,85.0,47.0,65.3,50.3,51.58,-2.1,≈ Neutre vs BTC,False,False,,0,,,,50.3,1,,,45049589,46419412,99429355866.90741,102452755868.5205,102456956842.91,97.0,,,,50.3,58,ml_gb+alt_blend,Neutre,64.0,63.3,False,coingecko,-3.6,False,,,90,False,,,,,
ENAUSDT,ENA,Etabli,40,0.2312,42127149.45262,-3.142,54.782299182073274,-0.004408306348696871,0.18445399999999995,0.1158135,1.267322406603022,0.22758229284903517,0.15229357798165138,0.7506233116024692,0.5304684136303994,0.08087500000000002,0.24155277777777773,macd_bearish_cross|uptrend,1,1,mixte,365,0,0,30,,,45.0,82.0,74.5,78.5,54.8,50.2,68.76,-2.2,≈ Neutre vs BTC,False,False,,0,🔥 Trending #13 sur CoinGecko,13,,50.2,3,,MACD cross baissier,3071292679,3436411389,13406250000.0,15000000000.0,15000000000.0,89.4,4944437536,$4.9B,0.84,50.2,68,ml_gb+alt_blend,Neutre,64.0,63.3,False,coingecko,34.8,False,,,292,True,,,,,
GUNUSDT,GUN,Speculative,,0.00288,693637.08332,-8.571,44.43433913787225,2.2415713971166146e-06,0.0029982,0.007873650000000001,0.7753013253508982,0.3914081145584725,0.3126491646778043,1.247940453319278,0.4482139405821024,0.002732777777777777,0.003866111111111111,double_top_90d,0,1,baissier,365,0,0,30,,,17.0,46.0,68.5,57.5,34.6,50.2,43.76,-2.2,≈ Neutre vs BTC,False,False,,0,,,,50.2,2,,Double sommet,,,,,,,,,,50.2,48,ml_gb+alt_blend,Neutre,64.0,63.3,False,,-7.1,False,,,33,False,,,,,
BATUSDT,BAT,Mid,225,0.0994,1738619.8837,-4.054,62.12076476793465,0.00046737099714284306,0.07944000000000001,0.08745599999999996,0.8806347786995634,0.34375000000000006,0.06603773584905653,3.119730018203879,0.5632910795834726,0.06237500000000001,0.09418055555555556,uptrend|doji_4h,1,0,haussier,365,0,0,30,,,31.0,84.0,77.5,68.0,65.3,50.1,68.93,-2.3,≈ Neutre vs BTC,False,False,,0,,,,50.1,0,,,148074008,148497259,1495724656.9526057,1500000000.0,1500000000.0,99.7,,,,50.1,75,ml_gb+alt_blend,Neutre,64.0,63.3,False,coingecko,33.2,False,,,92,False,,,,,
SCRUSDT,SCR,Speculative,,0.02486,1988538.522681,-10.253,51.04064572841655,5.208477525599957e-05,0.023199600000000008,0.032276149999999997,0.9411286199737662,0.3079211602826329,0.12124425592082004,2.1397273060647284,0.49770061114869363,0.01943416666666667,0.026929722222222216,uptrend,1,0,haussier,365,0,0,30,,,17.0,84.0,73.0,68.0,65.3,50.1,65.77,-2.3,≈ Neutre vs BTC,False,False,,0,,,,50.1,0,,,,,,,,,,,,50.1,75,ml_gb+alt_blend,Neutre,64.0,63.3,False,,17.3,False,,,55,False,,,,,
SCUSDT,SC,Mid,495,0.00095,537141.947166,-10.882,47.87736128443412,-1.8036485734577453e-05,0.0008518400000000002,0.0007923600000000003,1.5566571850858082,0.2804487179487179,0.18798283261802576,1.3190132286074416,0.186802192358739,0.00048219444444444443,0.001064888888888889,uptrend,1,0,haussier,365,0,0,30,,,31.0,91.0,46.0,57.5,65.3,50.1,65.12,-2.3,≈ Neutre vs BTC,False,False,,0,,,,50.1,1,,,47182287,47182287,49751295000.0225,49751295000.0225,,100.0,,,,50.1,68,ml_gb+alt_blend,Neutre,64.0,63.3,False,coingecko,27.9,False,,,159,True,,,,,
DASHUSDT,DASH,Etabli,98,53.44,10816455.81581,-6.393,43.31279717734362,-1.5889185504797418,53.755599999999994,40.602350000000015,1.1468524942106586,0.2928060580563736,0.25682071269487755,0.8036586779720313,0.39277086166104447,30.359444444444435,64.52111111111111,,0,0,neutre,365,0,0,30,,,45.0,45.0,62.5,78.5,50,50.1,51.78,-2.3,≈ Neutre vs BTC,False,False,,0,,,,50.1,1,,,685554958,685633717,12852072.40523208,12853594.97639732,18920000.0,100.0,,,,50.1,50,ml_gb+alt_blend,Neutre,64.0,63.3,False,coingecko,-21.6,False,,,131,True,,,,,
GIGGLEUSDT,GIGGLE,Speculative,608,35.79,2516909.15517,-6.505,43.67154350893212,-0.24243964361652137,37.32779999999999,31.9928,0.7480772713760966,0.36526075212964887,0.2570122584666529,0.6114010533155851,0.15081612365965205,26.095000000000006,41.57749999999999,downtrend,0,1,baissier,348,0,0,30,,,16.5,45.0,67.0,68.0,35.7,50.1,44.1,-2.3,≈ Neutre vs BTC,False,False,,0,,,,50.1,1,,,35656999,35656999,1000000.0,1000000.0,1000000.0,100.0,,,,50.1,48,ml_gb+alt_blend,Neutre,64.0,63.3,False,coingecko,-8.6,False,,,99,False,,,,,
JUVUSDT,JUV,Speculative,,0.331,1556924.10743,-0.301,63.14071297168004,0.0013091131385677048,0.3164,0.38159499999999974,0.3327894949751396,0.137313432835821,0.008955223880597022,3.6015847597773214,0.5741185994533632,0.2988611111111111,0.3398055555555555,rsi_bearish_divergence|double_bottom_90d|squeeze_breakout|doji_4h,2,1,haussier,365,0,0,30,,,17.0,84.0,100.0,68.0,70.9,50.0,71.66,-2.4,≈ Neutre vs BTC,False,False,,0,,,,50.0,4,⚠️ Surveiller,Près du plus haut 90j (résistance)|Divergence RSI baissière,,,,,,,,,,50.0,80,ml_gb+alt_blend,Neutre,64.0,63.3,False,,4.4,False,,,17,False,,,,,
NEARUSDT,NEAR,Etabli,21,5.088,135150071.666,-0.722,64.4763724193437,-0.0569133248560838,3.1679200000000005,2.0917049999999993,1.393684309238653,0.23173681664247706,0.054947094857991347,1.372235918373054,0.40324221164291923,1.6289166666666668,4.812305555555556,uptrend,1,0,haussier,365,0,0,30,,,45.0,91.0,79.0,78.5,65.3,50.0,75.02,-2.4,≈ Neutre vs BTC,False,False,,3,🔥 Trending #5 sur CoinGecko,5,,50.0,1,,,6584999574,6585000027,1308316928.0,1308316917.0,,100.0,220970128,$221M,-11.07,50.0,78,ml_gb+alt_blend,Neutre,64.0,63.3,False,coingecko,112.7,False,,,321,True,🟢 ETF en cours de lancement / lancé,8-A12B,2026-09-24,13,Bitwise
SOMIUSDT,SOMI,Speculative,662,0.1962,467835.73844,-9.627,53.13202150184465,-0.0035422643044298804,0.15686400000000003,0.13954649999999993,1.0027018393719587,0.20019157088122605,0.12461059190031151,0.5150684062513249,0.3427291495633715,0.08704999999999999,0.2067055555555556,,0,0,neutre,365,0,0,30,,,17.0,82.0,74.5,47.0,50,50.0,60.56,-2.4,≈ Neutre vs BTC,False,False,,0,,,,50.0,3,,Volume ×0.5 (épuisement),31460314,196381487,160200000.0,1000000000.0,1000000000.0,16.0,,,,50.0,67,ml_gb+alt_blend,Neutre,64.0,63.3,False,coingecko,43.8,False,,,171,True,,,,,
STEEMUSDT,STEEM,Speculative,645,0.05841,365592.660478,-6.604,48.02815086237168,-0.0011360099082006652,0.052693000000000004,0.04953979999999998,1.049371676383447,0.1661870503597122,0.1584943755408134,0.9717544142517209,0.3375845858807767,0.03586388888888889,0.06515777777777777,,0,0,neutre,365,0,0,30,,,17.0,82.0,74.5,47.0,50,50.0,60.56,-2.4,≈ Neutre vs BTC,False,False,,0,,,,50.0,1,,,32632704,32650044,559704852.928,560007254.467,,99.9,,,,50.0,67,ml_gb+alt_blend,Neutre,64.0,63.3,False,coingecko,27.4,False,,,111,True,,,,,
CELRUSDT,CELR,Speculative,814,0.002869,336642.2243162,-6.911,49.92160969349041,-4.4275943631319004e-05,0.0025580399999999997,0.002328235,1.5180035424441902,0.19423286180631127,0.14610098595757404,0.6275352656979639,0.3004127850328047,0.0016237777777777778,0.0031921388888888885,,0,0,neutre,365,0,0,30,,,17.0,82.0,64.0,47.0,50,50.0,58.69,-2.4,≈ Neutre vs BTC,False,False,,0,,,,50.0,1,,,22596726,28540502,7917424106.9911995,10000000000.0,10000000000.0,79.2,15193013,$15M,-1.43,50.0,65,ml_gb+alt_blend,Neutre,64.0,63.3,False,coingecko,25.8,False,,,172,True,,,,,
QKCUSDT,QKC,Speculative,898,0.002649,148929.592398,-10.02,47.23785614353158,-3.51613566180641e-05,0.0024892,0.0025375250000000014,1.2786795182849389,0.16031631919482395,0.12404389757233124,0.766217329600156,0.4103270689250775,0.001921805555555556,0.0029487222222222224,,0,0,neutre,365,0,0,30,,,17.0,66.0,74.5,47.0,50,50.0,54.55,-2.4,≈ Neutre vs BTC,False,False,,0,,,,50.0,1,,,19153427,26323078,7276286970.0,10000000000.0,,72.8,,,,50.0,62,ml_gb+alt_blend,Neutre,64.0,63.3,False,coingecko,17.6,False,,,71,False,,,,,
COOKIEUSDT,COOKIE,Speculative,,0.01191,296334.100948,-8.314,48.08975834336928,-1.3750173301976972e-05,0.011589399999999998,0.012463850000000005,0.9519532041996774,0.35947712418300654,0.22352941176470587,0.9095945312880956,0.3150445659674564,0.008133333333333333,0.013205277777777776,macd_bearish_cross|downtrend,0,2,baissier,365,0,0,30,,,17.0,66.0,73.0,47.0,25.2,50.0,49.36,-2.4,≈ Neutre vs BTC,False,False,,0,,,,50.0,3,,MACD cross baissier,,,,,,,,,,50.0,56,ml_gb+alt_blend,Neutre,64.0,63.3,False,,2.7,False,,,75,False,,,,,
XECUSDT,XEC,Mid,222,7.53e-06,396444.0898624,-5.757,41.190687604338265,-1.4685115215571008e-07,7.653599999999999e-06,6.8381e-06,0.73846634860668,0.31958762886597936,0.18506493506493504,0.6211588793108513,0.16114096290838256,6.009444444444443e-06,8.670277777777778e-06,uptrend,1,0,haussier,365,0,0,30,,,31.0,45.0,67.0,47.0,65.3,50.0,50.75,-2.4,≈ Neutre vs BTC,False,False,,0,,,,50.0,1,,,151384974,151386269,20093570297580.0,20093748422580.0,21000000000000.0,100.0,,,,50.0,55,ml_gb+alt_blend,Neutre,64.0,63.3,False,coingecko,1.3,False,,,87,False,,,,,
HOLOUSDT,HOLO,Mid,493,0.0611,399161.62846,-7.284,40.746748884579326,-0.00027053352649446716,0.06423999999999999,0.06547350000000002,0.6247950392459284,0.34107579462102683,0.25550122249388746,0.3905978114799149,0.4214689281492454,0.0587,0.07422222222222222,macd_bearish_cross|uptrend|doji_4h,1,1,mixte,365,0,0,30,,,31.0,28.0,73.0,47.0,54.8,50.0,43.35,-2.4,≈ Neutre vs BTC,False,False,,0,,,,50.0,5,⚠️ Surveiller,Volume ×0.4 (épuisement)|MACD cross baissier,47957690,124834773,786778768.999999,2048000000.0,2048000000.0,38.4,,,,50.0,48,ml_gb+alt_blend,Neutre,64.0,63.3,False,coingecko,-9.3,False,,,48,False,,,,,
SSVUSDT,SSV,Speculative,542,2.848,517395.260745,-8.129,40.54450012039015,-0.041974257777114346,2.9185799999999995,2.4815900000000006,0.7194533887827687,0.15485732606604682,0.13847080072245635,1.2229557449632569,0.6216627715901373,2.0291111111111118,3.190138888888889,,0,0,neutre,365,0,0,30,,,17.0,54.0,85.0,57.5,50,49.9,52.75,-2.5,≈ Neutre vs BTC,False,False,,0,,,,49.9,1,,,41992807,41992807,14699173.1,14699173.1,,100.0,13478716084,$13.5B,-4.31,49.9,57,ml_gb+alt_blend,Neutre,64.0,63.3,False,coingecko,-4.7,False,,,68,False,,,,,
EGLDUSDT,EGLD,Mid,253,4.02,688882.01955,-11.337,41.15272336800701,-0.05118409158947253,4.17454,3.604234999999999,1.0041831138906354,0.28894756695586565,0.24575631837042616,0.8190984919299933,0.33676101485041093,2.6783333333333332,4.776916666666666,,0,0,neutre,365,0,0,30,,,31.0,45.0,62.5,57.5,50,49.9,47.74,-2.5,≈ Neutre vs BTC,False,False,,0,,,,49.9,1,,,123431668,123431668,30905326.0,30905326.0,,100.0,,,,49.9,50,ml_gb+alt_blend,Neutre,64.0,63.3,False,coingecko,-14.4,False,,,110,True,,,,,
POWRUSDT,POWR,Speculative,612,0.0619,91784.3436,-6.495,45.58353796032848,-0.0012982540973733069,0.05643,0.05433749999999996,0.6903739898212886,0.19196428571428564,0.14206128133704735,0.5924742205873484,0.30828527701227587,0.03781388888888888,0.06880000000000001,golden_cross,1,0,haussier,365,0,0,30,,,17.0,82.0,85.0,47.0,65.2,49.8,65.43,-2.6,≈ Neutre vs BTC,False,False,,0,,,,49.8,3,,Volume ×0.6 (épuisement),35095342,61713477,568401106.1092739,999506122.99937,1000000000.0,56.9,,,,49.8,72,ml_gb+alt_blend,Neutre,64.0,63.3,False,coingecko,23.8,False,,,99,False,,,,,
ZECUSDT,ZEC,Etabli,10,1330.79,144380857.65762,-3.498,49.87873460617016,-40.77429409345483,1163.4636000000005,625.2692,1.306416661345927,0.21271293070073552,0.195642179636082,0.44169703072438093,0.537832442481327,479.5711111111111,1489.4897222222219,uptrend|bullish_engulfing_4h,2,0,haussier,365,0,0,30,,,45.0,73.0,74.5,78.5,78.3,49.8,70.05,-2.6,≈ Neutre vs BTC,False,False,,0,,,,49.8,3,,Volume ×0.4 (épuisement),22534464568,22543039478,16966725.1655448,16973303.2905448,21000000.0,100.0,,,,49.8,71,ml_gb+alt_blend,Neutre,64.0,63.3,False,coingecko,11.7,False,,,424,True,🟢 ETF en cours de lancement / lancé,8-A12B,2026-08-24,44,Grayscale|Zcash
KAVAUSDT,KAVA,Mid,369,0.06673,534571.402592,-2.57,52.034577173049726,-0.0009418044301508955,0.05956320000000001,0.052866249999999934,0.818032273846179,0.15743038323683475,0.08216156603253369,0.7339760609082594,0.18215465798382863,0.04066694444444444,0.07008666666666667,doji_4h,0,0,neutre,365,0,0,30,,,31.0,82.0,83.5,57.5,50,49.8,65.35,-2.6,≈ Neutre vs BTC,False,False,,0,,,,49.8,1,,,72066261,72066263,1082846887.0,1082846915.0,,100.0,,,,49.8,68,ml_gb+alt_blend,Neutre,64.0,63.3,False,coingecko,14.9,False,,,81,False,,,,,
币安人生USDT,币安人生,Mid,119,0.476,1328338.17008,-3.173,42.016488859597565,-0.0014182850591607633,0.49833800000000006,0.48688350000000014,0.4920745934680149,0.42743433271424786,0.36840010612894664,0.5429158170080165,0.2595272712639626,0.46781666666666655,0.6844333333333332,macd_bearish_cross|downtrend,0,2,baissier,274,0,0,30,,,28.5,45.0,73.0,68.0,25.2,49.8,45.1,-2.6,≈ Neutre vs BTC,False,False,,0,,,,49.8,5,⚠️ Surveiller,Volume ×0.5 (épuisement)|MACD cross baissier,475331013,475331013,1000000000.0,1000000000.0,1000000000.0,100.0,,,,49.8,46,ml_gb+alt_blend,Neutre,64.0,63.3,False,coingecko,-9.2,False,,,129,True,,,,,
XNOUSDT,XNO,Speculative,501,0.348,96542.29665,-4.918,43.807360938970604,-0.001056554634975949,0.3700799999999999,0.400445,0.8865076510450505,0.3526970954356846,0.2800829875518672,0.8173346795344828,0.28929125629505653,0.32430555555555557,0.4351666666666667,macd_bearish_cross,0,1,baissier,365,0,0,30,,,17.0,37.0,67.0,47.0,39.5,49.8,40.25,-2.6,≈ Neutre vs BTC,False,False,,0,,,,49.8,3,,MACD cross baissier,46649278,46649278,133248297.0,133248297.0,133248297.0,100.0,,,,49.8,46,ml_gb+alt_blend,Neutre,64.0,63.3,False,coingecko,-11.7,False,,,39,False,,,,,
AWEUSDT,AWE,Mid,255,0.06306,214048.59944,-4.397,44.002821413114624,-0.0006916663612223561,0.06416219999999999,0.05736330000000005,0.6526497852156481,0.16124733475479744,0.16124733475479744,0.6946447890874989,0.34342449578502027,0.05600472222222222,0.06890444444444445,macd_bearish_cross|uptrend,1,1,mixte,365,0,0,30,,,31.0,45.0,85.0,47.0,54.8,49.7,51.86,-2.7,≈ Neutre vs BTC,False,False,,0,,,,49.7,3,,MACD cross baissier,122232289,122232289,1942420282.5203903,1942420282.5203903,2000000000.0,100.0,,,,49.7,55,ml_gb+alt_blend,Neutre,64.0,63.3,False,coingecko,3.0,False,,,55,False,,,,,
IOTXUSDT,IOTX,Speculative,628,0.003603,963031.056824,-7.686,55.29233826040636,1.2767695129284004e-06,0.0031820999999999993,0.0035399249999999976,1.0680898348547594,0.19291338582677164,0.07457713992824193,1.7375431414673748,0.41951598597644296,0.002238888888888889,0.0036417777777777768,macd_bullish_cross|uptrend,2,0,haussier,365,0,0,30,,,17.0,84.0,79.0,57.5,77.1,49.6,68.32,-2.8,≈ Neutre vs BTC,False,False,,0,,,,49.6,0,,,34026455,34026455,9441368550.0,9441368555.0,10000000000.0,100.0,,,,49.6,74,ml_gb+alt_blend,Neutre,64.0,63.3,False,coingecko,11.8,False,,,84,False,,,,,
LQTYUSDT,LQTY,Speculative,805,0.2348,512733.49825,-3.731,51.362162591700546,-0.0002362850560751967,0.225046,0.23310500000000003,0.7271465056992733,0.14630467571644037,0.06544293695131684,1.5545670565088134,0.47897102436472017,0.16844999999999996,0.23990277777777777,uptrend,1,0,haussier,365,0,0,30,,,17.0,84.0,89.5,57.5,65.3,49.6,67.86,-2.8,≈ Neutre vs BTC,False,False,,0,,,,49.6,1,,,23099413,23370708,98839168.51358928,100000000.0,100000000.0,98.8,186062047,$186M,-4.5,49.6,73,ml_gb+alt_blend,Neutre,64.0,63.3,False,coingecko,0.6,False,,,63,False,,,,,
UNIUSDT,UNI,Etabli,26,7.936,88159193.84352,-10.52,45.84448809741932,-0.24638840463441447,6.97646,4.2490999999999985,1.1780464626873466,0.2779156327543424,0.22374339917856453,1.2440701853286085,0.48676816995797795,3.470027777777777,9.207833333333335,uptrend,1,0,haussier,365,0,0,30,,,45.0,91.0,62.5,78.5,65.3,49.6,72.09,-2.8,≈ Neutre vs BTC,False,False,,0,,,,49.6,1,,,4932338491,7001678879,625076422.4829454,887324418.7887805,1000000000.0,70.4,1643663346,$1.6B,-3.7,49.6,71,ml_gb+alt_blend,Neutre,64.0,63.3,False,coingecko,11.4,False,,,303,True,,,,,
SUPERUSDT,SUPER,Mid,228,0.2228,1649500.447,-7.972,64.43518074727069,0.0015063566239530077,0.14614800000000003,0.11353450000000001,1.0997356165310805,0.14603296282100428,0.14603296282100428,1.1320311897408597,0.5706501642291039,0.08288055555555553,0.2029222222222222,doji_4h,0,0,neutre,365,0,0,30,,,31.0,91.0,74.5,68.0,50,49.6,67.97,-2.8,≈ Neutre vs BTC,False,False,,0,,,,49.6,0,,,144892398,222854965,650164549.0,1000000000.0,1000000000.0,65.0,,,,49.6,69,ml_gb+alt_blend,Neutre,64.0,63.3,False,coingecko,84.1,False,,,216,True,,,,,
GNOUSDT,GNO,Mid,146,119.63,116926.23471,-2.263,54.00548648921807,0.23798122616187278,118.28519999999999,114.9627,0.3012310128393179,0.11943493150684935,0.04786937475109511,0.2994908081367636,0.6085987322204656,104.52694444444445,126.49527777777774,,0,0,neutre,365,0,0,30,,,31.0,73.0,100.0,47.0,50,49.6,64.07,-2.8,≈ Neutre vs BTC,False,False,,0,,,,49.6,4,⚠️ Surveiller,Volume ×0.3 (épuisement)|Près du plus haut 90j (résistance),315759473,358873454,2639589.0,3000000.0,3000000.0,88.0,,,,49.6,68,ml_gb+alt_blend,Neutre,64.0,63.3,False,coingecko,1.4,False,,,36,False,,,,,
KERNELUSDT,KERNEL,Speculative,,0.0505,381446.46835,-6.654,51.1275134294232,-0.0006825760412835467,0.04415800000000001,0.0535625,1.208579952943384,0.2402912621359223,0.17241379310344832,0.8038432339664625,0.4900638142145844,0.03239166666666668,0.05414166666666667,macd_bearish_cross,0,1,baissier,365,0,0,30,,,17.0,66.0,74.5,47.0,39.5,49.6,52.46,-2.8,≈ Neutre vs BTC,False,False,,0,,,,49.6,3,,MACD cross baissier,,,,,,,1068576382,$1.1B,-5.49,49.6,59,ml_gb+alt_blend,Neutre,64.0,63.3,False,,23.5,False,,,108,True,,,,,
USTCUSDT,USTC,Speculative,689,0.00537,294176.99198,-6.932,40.90121373193436,-5.662390745769929e-05,0.005509800000000001,0.005598100000000002,0.6533807243916369,0.15547703180212008,0.11570247933884299,0.95694763522716,0.5656302531955045,0.0049113888888888905,0.005947222222222223,,0,0,neutre,365,0,0,30,,,17.0,37.0,85.0,47.0,50,49.6,45.53,-2.8,≈ Neutre vs BTC,False,False,,0,,,,49.6,1,,,29815624,32481413,5576327615.178045,6074899169.6474,,91.8,,,,49.6,52,ml_gb+alt_blend,Neutre,64.0,63.3,False,coingecko,-5.3,False,,,40,False,,,,,
BANDUSDT,BAND,Speculative,565,0.2215,1213327.32946,-8.848,54.20045240440587,-0.00033291695784374783,0.19780199999999998,0.19002550000000007,0.8110212891795232,0.15131964809384174,0.08948453608247421,5.570044484885556,0.5190314162934643,0.15343055555555554,0.22424722222222224,resistance_test|uptrend,1,1,mixte,365,0,0,30,,,17.0,100.0,89.5,68.0,54.2,49.5,72.49,-2.9,≈ Neutre vs BTC,False,False,,0,,,,49.5,1,,,40429703,40474644,183268110.355874,183474749.61304,,99.9,,,,49.5,79,ml_gb+alt_blend,Neutre,64.0,63.3,False,coingecko,13.8,False,,,73,False,,,,,
MTLUSDT,MTL,Speculative,724,0.2994,292705.41949,-6.438,47.043818392454966,-0.0057095281193191155,0.276258,0.26277949999999983,1.3610365849756274,0.19736842105263164,0.15624115482592704,2.2683523211632037,0.4892016975098951,0.19697222222222227,0.33157777777777775,,0,0,neutre,365,0,0,30,,,17.0,100.0,74.5,47.0,50,49.4,67.31,-3.0,≈ Neutre vs BTC,False,False,,0,,,,49.4,1,,,27868827,27868827,93397746.0,93397746.0,,100.0,,,,49.4,76,ml_gb+alt_blend,Neutre,64.0,63.3,False,coingecko,21.2,False,,,96,False,,,,,
ALICEUSDT,ALICE,Speculative,956,0.1711,2347349.682314,-11.163,54.32879491436422,0.0010487993243911264,0.14711199999999997,0.1299455000000001,1.3480882033869757,0.25136612021857924,0.1915799432355724,1.4541052584397405,0.20070181033859494,0.11525,0.17044166666666663,,0,0,neutre,365,0,0,30,,,17.0,91.0,56.5,68.0,50,49.4,62.42,-3.0,≈ Neutre vs BTC,False,False,,0,,,,49.4,0,,,16959481,16959481,99603067.724854,99603067.724854,100000000.0,100.0,,,,49.4,66,ml_gb+alt_blend,Neutre,64.0,63.3,False,coingecko,22.0,False,,,92,False,,,,,
LISTAUSDT,LISTA,Speculative,635,0.0783,217350.44567,-6.675,44.30848725093138,-0.0011984000869831942,0.07717800000000001,0.06938400000000003,0.7606448083383336,0.15558912386706944,0.12499999999999999,0.43047554197021637,0.45827635622702906,0.04718333333333333,0.08579444444444445,uptrend,1,0,haussier,365,0,0,30,,,17.0,64.0,85.0,47.0,65.3,49.4,58.72,-3.0,≈ Neutre vs BTC,False,False,,0,,,,49.4,3,,Volume ×0.4 (épuisement),33470824,61921596,430043902.1524549,795588564.2489009,1000000000.0,54.1,1016950162,$1.0B,0.77,49.4,63,ml_gb+alt_blend,Neutre,64.0,63.3,False,coingecko,1.7,False,,,100,True,,,,,
PROVEUSDT,PROVE,Speculative,572,0.2016,928937.45406,-5.97,42.960477364394286,-0.005027928452123902,0.197772,0.21005899999999997,0.7382282993099311,0.28098765432098766,0.17119341563786009,1.0599416676899076,0.4155876092004965,0.1554861111111111,0.23005555555555557,,0,0,neutre,365,0,0,30,,,17.0,66.0,73.0,57.5,50,49.4,55.13,-3.0,≈ Neutre vs BTC,False,False,,0,,,,49.4,1,,,39269268,201380863,195000000.0,1000000000.0,1000000000.0,19.5,,,,49.4,58,ml_gb+alt_blend,Neutre,64.0,63.3,False,coingecko,8.7,False,,,94,False,,,,,
SOLVUSDT,SOLV,Speculative,835,0.00382,401099.51719,-9.479,42.47281116104299,-7.883071097646974e-05,0.0037975999999999995,0.0035274999999999972,1.1550095190506213,0.2931354359925788,0.2931354359925788,0.5285864257312158,0.12953412472959142,0.0023244444444444454,0.00461,,0,0,neutre,365,0,0,30,,,17.0,73.0,56.5,47.0,50,49.4,53.99,-3.0,≈ Neutre vs BTC,False,False,,0,,,,49.4,3,,Volume ×0.5 (épuisement),21800746,36849038,5715080000.0,9660000000.0,9660000000.0,59.2,533227256,$533M,-0.41,49.4,58,ml_gb+alt_blend,Neutre,64.0,63.3,False,coingecko,-16.6,False,,,123,True,,,,,
AVAXUSDT,AVAX,Etabli,24,11.307,75402105.52969,-1.067,64.37214201400295,-0.048407903676595865,8.80238,8.115610000000002,1.0585488009032271,0.10002475860361475,0.025413507925568565,2.1414556682229344,0.4841864375719115,6.3182777777777765,10.932694444444444,uptrend,1,0,haussier,365,0,0,30,,,45.0,100.0,79.0,78.5,65.3,49.3,78.4,-3.1,≈ Neutre vs BTC,False,False,,0,,,,49.3,3,,Près du plus haut 90j (résistance),4999181873,5299939631,443282607.49382997,469951407.0078775,720000000.0,94.3,139792175,$140M,1.04,49.3,80,ml_gb+alt_blend,Neutre,64.0,63.3,False,coingecko,40.0,True,6,🚀 Leader (altseason),90,False,📁 Dossier ETF ancien,S-1/A,2026-04-07,183,
FLUXUSDT,FLUX,Speculative,632,0.0799,2890792.841927,-10.325,66.98542834682499,0.0006664062868019906,0.058132,0.05549499999999998,0.8391629617981097,0.1662971175166297,0.05978898007034006,2.8047683335529547,0.4923090712716298,0.039094444444444446,0.07272222222222223,golden_cross,1,0,haussier,365,0,0,30,,,17.0,91.0,89.5,68.0,65.2,49.3,71.29,-3.1,≈ Neutre vs BTC,False,False,,0,,,,49.3,0,,,33725993,33749293,420839270.4991484,421134362.4991484,440000000.0,99.9,,,,49.3,76,ml_gb+alt_blend,Neutre,64.0,63.3,False,coingecko,53.9,False,,,132,True,,,,,
STXUSDT,STX,Etabli,94,0.3746,5131612.7305,-1.576,63.710152801619515,0.0009484424192833206,0.28546599999999994,0.21860899999999994,1.1258989538354889,0.3023255813953488,0.040297741273100596,1.8273450911914795,0.5264119926106098,0.12748888888888887,0.3510472222222222,uptrend,1,0,haussier,365,0,0,30,,,45.0,100.0,67.0,78.5,65.3,49.3,76.27,-3.1,≈ Neutre vs BTC,False,False,,0,,,,49.3,2,,Près du plus haut 90j (résistance),703263530,703263530,1872549156.940109,1872544935.814159,,100.0,,,,49.3,74,ml_gb+alt_blend,Neutre,64.0,63.3,False,coingecko,29.1,False,,,220,True,,,,,
JSTUSDT,JST,Etabli,72,0.13999,4462682.404025,1.398,69.80206616173726,0.0011524844489664877,0.11383780000000002,0.09335449999999998,0.4808193852549404,0.12502308402585408,0.008077658896053299,0.8574096155609329,0.004593557338457985,0.09813333333333331,0.12719333333333332,uptrend|hammer_4h,2,0,haussier,365,0,0,30,,,45.0,73.0,94.0,68.0,79.4,49.3,72.88,-3.1,≈ Neutre vs BTC,False,False,,0,,,,49.3,2,,Près du plus haut 90j (résistance),1153883118,1153883118,8188743036.341737,8188743036.341737,9900000000.0,100.0,3816417954,$3.8B,-1.82,49.3,71,ml_gb+alt_blend,Neutre,64.0,63.3,False,coingecko,29.6,False,,,98,False,,,,,
CYBERUSDT,CYBER,Speculative,910,0.308,1324224.99876,-8.605,44.61966872315149,-0.0027465098404685076,0.31840000000000007,0.3964899999999997,0.8882307265619108,0.2648648648648648,0.16756756756756758,3.1220134475965247,0.5986248584712474,0.28838888888888886,0.3551388888888889,double_top_90d|uptrend,1,1,mixte,365,0,0,30,,,17.0,55.0,73.0,68.0,49.9,49.3,51.83,-3.1,≈ Neutre vs BTC,False,False,,0,,,,49.3,3,,Double sommet,18731783,30670266,61074734.21333333,100000000.0,100000000.0,61.1,,,,49.3,59,ml_gb+alt_blend,Neutre,64.0,63.3,False,coingecko,-2.8,False,,,36,False,,,,,
REZUSDT,REZ,Speculative,624,0.003767,902530.2707521,-7.536,46.004231885487975,-8.223772798419458e-05,0.00356204,0.00356866,1.3516477527555455,0.2141063206362495,0.2141063206362495,0.9632942363331817,0.29878923286303116,0.002463861111111111,0.004275416666666665,macd_bearish_cross|doji_4h,0,1,baissier,365,0,0,30,,,17.0,66.0,68.5,57.5,39.5,49.3,52.24,-3.1,≈ Neutre vs BTC,False,False,,0,,,,49.3,3,,MACD cross baissier,34174535,36892818,9091481866.63723,9814629224.12962,10000000000.0,92.6,116507533,$117M,-6.53,49.3,58,ml_gb+alt_blend,Neutre,64.0,63.3,False,coingecko,15.5,False,,,100,True,,,,,
UMAUSDT,UMA,Speculative,585,0.407,3640954.499,-9.556,52.152616050119434,-0.0004612268564455173,0.38504,0.4021150000000004,0.704876229746506,0.17142857142857143,0.06004618937644347,9.897665780450653,0.5606009965293609,0.33033333333333337,0.41911111111111116,uptrend,1,0,haussier,365,0,0,30,,,17.0,84.0,89.5,68.0,65.3,49.2,68.7,-3.2,≈ Neutre vs BTC,False,False,,3,⚡ Volume ×9.9 vs médiane,,9.9,49.2,1,,,37731143,53481452,92762865.97349954,131485355.0986546,,70.5,,,,49.2,80,ml_gb+alt_blend,Neutre,64.0,63.3,False,coingecko,2.5,False,,,43,False,,,,,
C98USDT,C98,Speculative,,0.01655,4001249.032907,-16.33,53.31413069876728,3.296073717134958e-05,0.015381200000000001,0.017028549999999993,0.8310273866865991,0.19308700834326578,0.08536585365853656,4.282510005087643,0.46289831068918,0.012290833333333332,0.01692111111111111,double_top_90d,0,1,baissier,365,0,0,30,,,17.0,84.0,89.5,68.0,34.6,49.2,62.59,-3.2,≈ Neutre vs BTC,False,False,,0,,,,49.2,2,,Double sommet,,,,,,,,,,49.2,70,ml_gb+alt_blend,Neutre,64.0,63.3,False,,9.5,False,,,70,False,,,,,
KMNOUSDT,KMNO,Mid,181,0.03781,705028.41103,-4.206,53.013386759731304,-0.0009067738822570465,0.0306642,0.02204535000000001,1.1732634344111132,0.24620303756994413,0.24620303756994413,0.8683124838880157,0.4148719142936192,0.01784194444444445,0.040293611111111106,macd_bearish_cross|uptrend,1,1,mixte,365,0,0,30,,,31.0,82.0,74.5,57.5,54.8,49.2,64.72,-3.2,≈ Neutre vs BTC,False,False,,0,,,,49.2,3,,MACD cross baissier,215233837,377238924,5705479806.25,9999956752.748903,10000000000.0,57.1,1375071520,$1.4B,0.2,49.2,68,ml_gb+alt_blend,Neutre,64.0,63.3,False,coingecko,50.6,False,,,226,True,,,,,
CVCUSDT,CVC,Speculative,722,0.02812,434378.61988,-9.553,48.57632647766473,-0.00042643701999169384,0.0249502,0.025158800000000002,1.4153447226259992,0.19892996108949418,0.12950310559006212,1.7325765570283254,0.3449392794162038,0.017574444444444445,0.031518055555555556,,0,0,neutre,365,0,0,30,,,17.0,84.0,74.5,47.0,50,49.2,61.31,-3.2,≈ Neutre vs BTC,False,False,,0,,,,49.2,1,,,28033627,28033627,1000000000.0,1000000000.0,,100.0,,,,49.2,67,ml_gb+alt_blend,Neutre,64.0,63.3,False,coingecko,32.5,False,,,115,True,,,,,
DOLOUSDT,DOLO,Speculative,,0.02863,201945.96871,-7.496,48.25522164316798,-0.00022239314556976044,0.027060199999999996,0.02760354999999999,0.7707029356453905,0.14437134502923973,0.1221983420325453,0.8048063305555205,0.46484486278393705,0.02139055555555556,0.030691944444444445,macd_bearish_cross|uptrend,1,1,mixte,365,0,0,30,,,17.0,66.0,85.0,47.0,54.8,49.2,57.38,-3.2,≈ Neutre vs BTC,False,False,,0,,,,49.2,3,,MACD cross baissier,,,,,,,351137666,$351M,-3.97,49.2,65,ml_gb+alt_blend,Neutre,64.0,63.3,False,,4.3,False,,,58,False,,,,,
FORMUSDT,FORM,Mid,291,0.2594,1758494.58134,-6.858,43.37389132178884,-0.005364394096059274,0.270008,0.24191149999999997,1.7744386624285349,0.2799021107372286,0.2673267326732673,1.5015157660858753,0.4957825586710744,0.19294166666666668,0.3059694444444444,,0,0,neutre,365,0,0,30,,,31.0,63.0,52.0,68.0,50,49.2,53.47,-3.2,≈ Neutre vs BTC,False,False,,0,,,,49.2,1,,,98380469,147442156,381867255.14,572301922.1,580000000.0,66.7,,,,49.2,54,ml_gb+alt_blend,Neutre,64.0,63.3,False,coingecko,-3.3,False,,,79,False,,,,,
ARUSDT,AR,Mid,153,4.259,5379510.20733,-8.191,56.421897492866755,-0.07394838819157068,3.2329399999999997,2.2809249999999994,1.5698480531631613,0.17484359565360558,0.11594504579517076,1.4308587955847865,0.5611016879242691,1.760944444444444,4.528083333333334,,0,0,neutre,365,0,0,30,,,31.0,91.0,64.0,78.5,50,49.0,66.95,-3.4,≈ Neutre vs BTC,False,False,,0,,,,49.0,1,,,277957272,277957272,65652466.0,65652466.0,66000000.0,100.0,,,,49.0,68,ml_gb+alt_blend,Neutre,64.0,63.3,False,coingecko,43.4,False,,,182,True,,,,,
INITUSDT,INIT,Speculative,785,0.11518,748449.359267,-2.39,72.54952791159343,0.0009972606220644033,0.07633580000000001,0.07119795000000001,1.0470236608392538,0.15614035087719308,0.03167916420928468,1.0590168834193112,0.3263938834383781,0.050425,0.09967833333333329,golden_cross|doji_4h,1,0,haussier,365,0,0,30,,,17.0,82.0,79.0,57.5,65.2,49.0,65.21,-3.4,≈ Neutre vs BTC,False,False,,0,,,,49.0,4,⚠️ Surveiller,RSI 73 (surachat)|Près du plus haut 90j (résistance),23987040,114774561,208992654.743588,1000000000.0,1000000000.0,20.9,,,,49.0,68,ml_gb+alt_blend,Neutre,64.0,63.3,False,coingecko,70.0,True,4,🚀 Leader (altseason),145,True,,,,,
OPGUSDT,OPG,Speculative,669,0.1357,961207.60937,0.296,63.291105401149,-9.68063319987519e-05,0.11109200000000001,,0.806499333548818,0.2991107518189168,0.012390670553935711,0.9223903548749155,0.33973256484719844,0.0911611111111111,0.13105833333333336,uptrend,1,0,haussier,139,0,0,30,,,10.8,54.0,77.5,57.5,65.3,49.0,53.43,-3.4,≈ Neutre vs BTC,False,False,,0,,,,49.0,3,,Près du plus haut 90j (résistance),31100816,135239316,229968750.0,1000000000.0,1000000000.0,23.0,,,,49.0,62,ml_gb+alt_blend,Neutre,64.0,63.3,False,coingecko,30.0,False,,,66,False,,,,,
OSMOUSDT,OSMO,Speculative,741,0.0336,146017.105732,-5.618,42.18818582810469,-0.00035936282980562656,0.03540399999999999,0.03756099999999999,0.6198741302390344,0.2792792792792793,0.240990990990991,0.31342381836175626,0.3535759238344761,0.02818888888888888,0.03839722222222223,downtrend,0,1,baissier,365,0,0,30,,,17.0,28.0,73.0,47.0,35.7,49.0,37.19,-3.4,≈ Neutre vs BTC,False,False,,0,,,,49.0,3,,Volume ×0.3 (épuisement),26668710,32793685,791245653.739294,972970228.96758,1000000000.0,81.3,10711989,$11M,-3.53,49.0,44,ml_gb+alt_blend,Neutre,64.0,63.3,False,coingecko,-6.4,False,,,255,True,,,,,
FLOWUSDT,FLOW,Mid,449,0.03155,1764677.463385,-5.511,52.55607827398402,4.302427869167479e-06,0.029755799999999995,0.031058750000000003,0.7916726612337723,0.19701583434835565,0.062407571724341936,2.0774172193133524,0.37237094094337725,0.025506944444444447,0.03277361111111111,macd_bullish_cross,1,0,haussier,365,0,0,30,,,31.0,84.0,89.5,68.0,61.7,48.9,70.34,-3.5,≈ Neutre vs BTC,False,False,,0,,,,48.9,0,,,53637051,53637051,1693297500.5159526,1693297500.515952,,100.0,4038648,$4M,-7.73,48.9,76,ml_gb+alt_blend,Neutre,64.0,63.3,False,coingecko,7.5,False,,,42,False,,,,,
IQUSDT,IQ,Speculative,800,0.000829,73714.063244,-6.539,42.56335679304044,-1.6326672747488264e-05,0.0008126800000000001,0.0008823749999999996,1.1983602254161076,0.21989528795811528,0.19825918762088976,0.835400499504541,0.2971677303584437,0.000632361111111111,0.0009409166666666668,double_top_90d,0,1,baissier,365,0,0,30,,,17.0,57.0,68.5,47.0,34.6,48.9,47.05,-3.5,≈ Neutre vs BTC,False,False,,0,,,,48.9,3,,Double sommet,23149286,23149286,27799759435.928997,27799759435.92899,60000000000.0,100.0,,,,48.9,51,ml_gb+alt_blend,Neutre,64.0,63.3,False,coingecko,11.3,False,,,64,False,,,,,
MANTRAUSDT,MANTRA,Speculative,709,0.00437,472532.06953,-4.167,45.75719177799819,-4.833884370698475e-06,0.0043841999999999996,0.007374349999999998,0.716503856123468,0.43919885550786836,0.3748211731044349,0.5873452306943918,0.3278708974123779,0.004096666666666667,0.006564166666666667,macd_bearish_cross|uptrend,1,1,mixte,218,0,0,30,,,13.0,46.0,68.5,47.0,54.8,48.8,46.26,-3.6,≈ Neutre vs BTC,False,False,,0,,,,48.8,5,⚠️ Surveiller,Volume ×0.6 (épuisement)|MACD cross baissier,28695669,35940905,6573023910.286123,8232705483.365977,10000000000.0,79.8,,,,48.8,56,ml_gb+alt_blend,Neutre,64.0,63.3,False,coingecko,-4.4,False,,,24,False,,,,,
MANAUSDT,MANA,Mid,193,0.0993,2452254.8934,-2.647,62.81532518186782,0.0007582716995491214,0.08105599999999998,0.07894700000000002,0.7551703263855474,0.1463414634146342,0.05703422053231944,4.646372769258828,0.4986101002473446,0.06507500000000002,0.0934861111111111,golden_cross,1,0,haussier,365,0,0,30,,,31.0,100.0,89.5,68.0,65.2,48.7,77.03,-3.7,≈ Neutre vs BTC,False,False,,0,,,,48.7,0,,,194774750,218133633,1958322290.0682716,2193179327.320146,,89.3,,,,48.7,80,ml_gb+alt_blend,Neutre,64.0,63.3,False,coingecko,30.1,False,,,70,False,,,,,
STRKUSDT,STRK,Mid,130,0.04883,7439030.6732556,-5.933,59.3151750095404,0.0005055169578042111,0.034641399999999996,0.0341796,1.9739375967904031,0.28026905829596416,0.16794413217509796,1.893691160050525,0.46713410448200754,0.023727500000000006,0.045649166666666664,macd_bullish_cross|golden_cross|uptrend,3,0,haussier,365,0,0,30,,,31.0,100.0,52.0,78.5,92.2,48.7,76.59,-3.7,≈ Neutre vs BTC,False,False,,0,,,,48.7,0,,,361402501,486937429,7421949505.848546,10000000000.0,10000000000.0,74.2,264394486,$264M,10.32,48.7,78,ml_gb+alt_blend,Neutre,64.0,63.3,False,coingecko,56.6,False,,,144,True,,,,,
ZKCUSDT,ZKC,Speculative,,0.0396,1396950.3436,-9.382,40.59442701401859,-7.018973536717732e-05,0.04379399999999999,0.0540305,0.9290021687713825,0.36920529801324503,0.3443708609271523,1.9006372244718346,0.3146839985045104,0.037325000000000004,0.0501388888888889,macd_bearish_cross|downtrend,0,2,baissier,365,0,0,30,,,17.0,55.0,68.5,68.0,25.2,48.7,46.11,-3.7,≈ Neutre vs BTC,False,False,,0,,,,48.7,3,,MACD cross baissier,,,,,,,,,,48.7,49,ml_gb+alt_blend,Neutre,64.0,63.3,False,,-17.7,False,,,81,False,,,,,
ESPUSDT,ESP,Mid,338,0.11278,2985342.25378,-3.135,64.4471623274354,0.0011612541167669637,0.09226359999999997,0.07625960000000001,0.8119608006222823,0.44703100845685184,0.04011217812526559,1.5741357261434248,0.33174179655062214,0.06555000000000001,0.10506083333333334,,0,0,neutre,238,0,0,30,,,27.5,100.0,77.5,68.0,50,48.6,71.3,-3.8,≈ Neutre vs BTC,False,False,,0,,,,48.6,2,,Près du plus haut 90j (résistance),77910943,406858547,691908755.896112,3601379682.0,,19.2,,,,48.6,72,ml_gb+alt_blend,Neutre,64.0,63.3,False,coingecko,23.4,False,,,101,True,,,,,
ZAMAUSDT,ZAMA,Mid,191,0.0785,4734571.0329,-5.887,52.54383753987685,-0.0013446477023416285,0.06422140000000001,0.041253649999999996,1.6655935442583791,0.3329485488126649,0.22841691248770896,0.5552477955992475,0.39997009857974386,0.037480277777777786,0.08639388888888891,uptrend,1,0,haussier,248,0,0,30,,,27.8,82.0,52.0,68.0,65.3,48.6,63.11,-3.8,≈ Neutre vs BTC,False,False,,0,,,,48.6,3,,Volume ×0.6 (épuisement),199240262,884751733,2547697401.773001,11313374436.93133,,22.5,107140721,$107M,19.68,48.6,67,ml_gb+alt_blend,Neutre,64.0,63.3,False,coingecko,43.0,False,,,291,True,,,,,
ACHUSDT,ACH,Speculative,,0.00564,568780.60113,-6.0,45.85522670816987,-7.878866048562137e-05,0.0054306,0.0056001,0.7813894235722139,0.1767068273092369,0.1313755795981453,0.898846880404377,0.4313233178908654,0.004177222222222223,0.0061175,macd_bearish_cross|uptrend,1,1,mixte,365,0,0,30,,,17.0,66.0,85.0,57.5,54.8,48.6,58.22,-3.8,≈ Neutre vs BTC,False,False,,0,,,,48.6,3,,MACD cross baissier,,,,,,,,,,48.6,65,ml_gb+alt_blend,Neutre,64.0,63.3,False,,5.0,False,,,58,False,,,,,
MUBARAKUSDT,MUBARAK,Mid,357,0.0752,7254092.883487,-1.04,68.95915870080756,0.0011931822315965138,0.03846940000000001,0.019238049999999996,2.9429009247068794,0.43376557335367394,0.045130943300279655,0.6359845728994366,0.16160550126467516,0.01129166666666667,0.06027888888888888,uptrend,1,0,haussier,365,0,0,30,,,31.0,73.0,50.5,78.5,65.3,48.6,60.85,-3.8,≈ Neutre vs BTC,False,False,,0,,,,48.6,2,,Près du plus haut 90j (résistance),74104297,74104297,1000000000.0,1000000000.0,1000000000.0,100.0,,,,48.6,61,ml_gb+alt_blend,Neutre,64.0,63.3,False,coingecko,141.2,False,,,676,True,,,,,
TURTLEUSDT,TURTLE,Speculative,,0.0414,649143.62327,-3.944,44.95807488701267,-0.0001750803620622114,0.04227199999999999,0.041794000000000005,0.6043678925120842,0.19658119658119658,0.11538461538461542,3.144041390284734,0.45946844966121725,0.034977777777777795,0.0454888888888889,macd_bearish_cross|double_top_90d,0,2,baissier,351,0,0,30,,,16.6,63.0,85.0,57.5,24.1,48.6,50.92,-3.8,≈ Neutre vs BTC,False,False,,0,,,,48.6,5,⚠️ Surveiller,Double sommet|MACD cross baissier,,,,,,,,,,48.6,57,ml_gb+alt_blend,Neutre,64.0,63.3,False,,-2.4,False,,,45,False,,,,,
DODOUSDT,DODO,Speculative,930,0.01801,3112579.228798,-5.904,44.36887782104616,1.9198147312924156e-05,0.0186374,0.018209799999999995,0.34740289837149024,0.36515601783060914,0.33023774145616636,0.9313913481340785,-0.0013057955577374402,0.01708722222222222,0.023992222222222217,,0,0,neutre,365,0,0,30,,,17.0,45.0,73.0,68.0,50,48.6,48.09,-3.8,≈ Neutre vs BTC,False,False,,0,,,,48.6,0,,,18028738,18028738,1000000000.0,1000000000.0,1000000000.0,100.0,12600552,$13M,-5.44,48.6,52,ml_gb+alt_blend,Neutre,64.0,63.3,False,coingecko,0.8,False,,,104,True,,,,,
BTTCUSDT,BTTC,Speculative,,3.6e-07,451152.33033763,-5.263,57.19709045333068,-1.993896507970884e-09,3.316000000000001e-07,3.040000000000002e-07,0.6131249949524988,0.076923076923077,0.05128205128205133,1.3923094915697967,0.45184253635576116,2.5944444444444435e-07,3.716666666666665e-07,bull_flag|doji_4h,1,0,haussier,365,0,0,30,,,17.0,91.0,89.5,47.0,61.9,48.5,68.96,-3.9,≈ Neutre vs BTC,False,False,,0,,,,48.5,1,,,,,,,,,,,,48.5,74,ml_gb+alt_blend,Neutre,64.0,63.3,False,,16.1,False,,,56,False,,,,,
1000SATSUSDT,1000SATS,Speculative,,1.156e-05,306576.44034319,-8.761,45.625626361495385,-7.979768728784608e-08,1.1570000000000003e-05,1.1385499999999996e-05,0.8487888430244208,0.21722265321955006,0.1094834232845027,0.49362892364747996,0.4672497370558424,9.346666666666668e-06,1.2713055555555556e-05,macd_bearish_cross,0,1,baissier,365,0,0,30,,,17.0,45.0,85.0,47.0,39.5,48.5,46.45,-3.9,≈ Neutre vs BTC,False,False,,0,,,,48.5,5,⚠️ Surveiller,Volume ×0.5 (épuisement)|MACD cross baissier,,,,,,,,,,48.5,55,ml_gb+alt_blend,Neutre,64.0,63.3,False,,-0.7,False,,,48,False,,,,,
DOGSUSDT,DOGS,Speculative,819,4.38e-05,507583.1092439,-8.407,39.29906391252183,-7.163899679535316e-07,4.55596e-05,4.1186099999999975e-05,0.8640125627838873,0.17797888386123675,0.17797888386123675,0.8549099950490552,0.5805402572672325,3.450638888888889e-05,5.064861111111112e-05,,0,0,neutre,365,0,0,30,,,17.0,45.0,85.0,57.5,50,48.5,49.38,-3.9,≈ Neutre vs BTC,False,False,,0,,,,48.5,1,,,22517957,23966862,516750000000.0,550000000000.0,550000000000.0,94.0,,,,48.5,54,ml_gb+alt_blend,Neutre,64.0,63.3,False,coingecko,-4.7,False,,,181,True,,,,,
NXPCUSDT,NXPC,Mid,382,0.2177,294015.86659,-7.44,40.79742099643835,-0.0026655507386129807,0.22048,0.27574299999999996,0.6813857504512878,0.33691225472047387,0.19548315438726402,0.8516210533171219,0.3831233612595247,0.19841388888888883,0.26079166666666675,double_top_90d|uptrend,1,1,mixte,365,0,0,30,,,31.0,37.0,73.0,47.0,49.9,48.5,45.75,-3.9,≈ Neutre vs BTC,False,False,,0,,,,48.5,3,,Double sommet,67603451,216097382,311133739.5175758,994552574.1697733,1000000000.0,31.3,,,,48.5,50,ml_gb+alt_blend,Neutre,64.0,63.3,False,coingecko,3.9,False,,,46,False,,,,,
VELODROMEUSDT,VELODROME,Speculative,,0.03438,617691.147353,-5.289,56.922120695406335,-0.0002523305888489746,0.0270578,0.019528599999999997,1.0281115932715825,0.23611759216052272,0.11218115564809998,0.7046320627678768,0.5187383586116001,0.016908055555555555,0.03384138888888888,macd_bearish_cross|uptrend,1,1,mixte,365,0,0,30,,,17.0,82.0,74.5,57.5,54.8,48.4,62.36,-4.0,≈ Neutre vs BTC,False,False,,0,,,,48.4,3,,MACD cross baissier,,,,,,,,,,48.4,68,ml_gb+alt_blend,Neutre,64.0,63.3,False,,37.0,False,,,210,True,,,,,
FTTUSDT,FTT,Speculative,,0.2406,280793.851993,-8.413,47.396793018678004,-0.0017981897302267787,0.23342399999999996,0.2576260000000001,1.2760234335216865,0.17849829351535831,0.17849829351535831,1.1578829759825513,0.21255694429996339,0.19645555555555558,0.2607583333333333,uptrend,1,0,haussier,365,0,0,30,,,17.0,75.0,68.5,47.0,65.3,48.4,59.91,-4.0,≈ Neutre vs BTC,False,False,,0,,,,48.4,1,,,,,,,,,,,,48.4,67,ml_gb+alt_blend,Neutre,64.0,63.3,False,,5.2,False,,,38,False,,,,,
LAYERUSDT,LAYER,Speculative,,0.0736,402620.527098,-5.641,45.251248071820115,-0.0007660735263272812,0.072424,0.07469800000000001,0.5940818799607643,0.13541666666666663,0.1334120425029515,1.0592632975333733,0.6602017548951897,0.060066666666666636,0.07874444444444446,double_top_90d|doji_4h,0,1,baissier,365,0,0,30,,,17.0,75.0,95.5,47.0,34.6,48.4,58.6,-4.0,≈ Neutre vs BTC,False,False,,0,,,,48.4,3,,Double sommet,,,,,,,11962527,$12M,-3.64,48.4,64,ml_gb+alt_blend,Neutre,64.0,63.3,False,,-0.5,False,,,50,False,,,,,
SOPHUSDT,SOPH,Speculative,931,0.00362,388092.04212,-4.233,43.043519821590394,-3.861288273846155e-06,0.003991400000000001,0.0058928999999999995,1.507795053017079,0.4101694915254237,0.38813559322033897,0.8083584178923924,0.19838849312884532,0.003546666666666667,0.005071666666666666,downtrend,0,1,baissier,365,0,0,30,,,17.0,37.0,41.5,47.0,35.7,48.4,34.97,-4.0,≈ Neutre vs BTC,False,False,,0,,,,48.4,1,,,18018974,36115938,4989202842.0,10000000000.0,10000000000.0,49.9,,,,48.4,41,ml_gb+alt_blend,Neutre,64.0,63.3,False,coingecko,-31.4,False,,,173,True,,,,,
ACEUSDT,ACE,Speculative,899,0.1679,21488832.08567,-14.815,44.59647214548012,-0.0009111656793947022,0.184644,0.12495250000000001,0.9965642693509317,0.4710059171597633,0.3380670611439842,2.6058434022612555,-0.02719725328576413,0.06993611111111112,0.22886666666666666,macd_bearish_cross|uptrend,1,1,mixte,365,0,0,30,,,17.0,63.0,62.5,78.5,54.8,48.3,54.78,-4.1,≈ Neutre vs BTC,False,False,,0,,,,48.3,3,,MACD cross baissier,19123279,24653034,113490541.0,146307870.0,147000000.0,77.6,,,,48.3,61,ml_gb+alt_blend,Neutre,64.0,63.3,False,coingecko,-0.4,False,,,334,True,,,,,
LUNAUSDT,LUNA,Speculative,640,0.0468,923956.798558,-8.415,40.297892379840164,-0.0006161993069712726,0.04837400000000002,0.05269949999999996,0.8450662248360207,0.17586912065439667,0.17198581560283688,1.4758873311290954,0.437936585370928,0.041286111111111114,0.052913888888888885,uptrend,1,0,haussier,365,0,0,30,,,17.0,46.0,85.0,57.5,65.3,48.1,52.8,-4.3,≈ Neutre vs BTC,False,False,,0,,,,48.1,1,,,33181654,55461642,709984438.91686,1186707049.0,,59.8,,,,48.1,58,ml_gb+alt_blend,Neutre,64.0,63.3,False,coingecko,-8.8,False,,,38,False,,,,,
METUSDT,MET,Mid,197,0.3213,7397112.39303,3.512,57.926163423300096,-0.004911946276628314,0.250982,0.1745345,1.3638010125377849,0.2440816326530612,0.15673405093200324,1.905178760390487,0.4248277585986895,0.15155555555555555,0.3224611111111111,uptrend|doji_4h,1,0,haussier,329,0,0,30,,,30.0,100.0,74.5,78.5,65.3,48.0,75.08,-4.4,≈ Neutre vs BTC,False,False,,0,,,,48.0,1,,,178490991,319288883,557758924.010321,997732282.15363,1000000000.0,55.9,187368669,$187M,0.03,48.0,76,ml_gb+alt_blend,Neutre,64.0,63.3,False,coingecko,52.3,False,,,306,True,,,,,
CATIUSDT,CATI,Speculative,513,0.06783,337239.734891,-0.557,59.41922370364373,0.00016711026747159548,0.05964420000000001,0.0523316,0.7062246911748293,0.23526682134570767,0.01666666666666684,0.5449507616401784,0.12519382935946816,0.03715722222222222,0.06701222222222224,macd_bullish_cross|uptrend,2,0,haussier,365,0,0,30,,,17.0,82.0,83.5,47.0,77.1,48.0,67.53,-4.4,≈ Neutre vs BTC,False,False,,0,,,,48.0,4,⚠️ Surveiller,Volume ×0.5 (épuisement)|Près du plus haut 90j (résistance),45093788,67840878,664699360.1099999,1000000000.0,1000000000.0,66.5,,,,48.0,74,ml_gb+alt_blend,Neutre,64.0,63.3,False,coingecko,6.7,False,,,110,True,,,,,
RIFUSDT,RIF,Mid,328,0.0818,289673.8187,-2.036,46.86221083245458,-0.0008539758135100502,0.081018,0.07411600000000002,0.5682489111967496,0.5176470588235295,0.39852941176470597,0.3448540456401088,0.028236161359403128,0.0682611111111111,0.12096944444444449,uptrend,1,0,haussier,365,0,0,30,,,31.0,73.0,64.0,47.0,65.3,48.0,60.72,-4.4,≈ Neutre vs BTC,False,False,,0,,,,48.0,3,,Volume ×0.3 (épuisement),81805355,81805355,1000000000.0,1000000000.0,,100.0,,,,48.0,66,ml_gb+alt_blend,Neutre,64.0,63.3,False,coingecko,6.1,False,,,224,True,,,,,
PARTIUSDT,PARTI,Speculative,,0.0327,6918285.37592,-0.909,73.26077822800254,0.0006783636986834967,0.025206,0.04277950000000004,0.8107758947895597,0.44125326370757184,0.14882506527415154,4.640225738786713,0.18336336945362613,0.022458333333333327,0.031725,double_bottom_90d,1,0,haussier,365,0,0,30,,,17.0,75.0,67.0,78.5,61.6,47.9,61.42,-4.5,≈ Neutre vs BTC,False,False,,0,,,,47.9,2,,RSI 73 (surachat),,,,,,,,,,47.9,67,ml_gb+alt_blend,Neutre,64.0,63.3,False,,28.7,False,,,64,False,,,,,
NILUSDT,NIL,Speculative,502,0.09189,4139726.464474,-10.587,56.238016629846065,-0.0008446098815922207,0.06257180000000001,0.04712575000000001,2.364365635963324,0.37975586556753327,0.2712428662016487,0.6321398240422028,0.1276991404464836,0.03307222222222222,0.09309833333333332,uptrend|doji_4h,1,0,haussier,365,0,0,30,,,17.0,82.0,46.0,68.0,65.3,47.9,60.23,-4.5,≈ Neutre vs BTC,False,False,,0,,,,47.9,1,,,46543994,92660513,507746286.837272,1010829262.355972,,50.2,,,,47.9,66,ml_gb+alt_blend,Neutre,64.0,63.3,False,coingecko,74.0,False,,,379,True,,,,,
NIGHTUSDT,NIGHT,Etabli,89,0.04671,5182896.2803,-6.841,68.87598869737761,0.0017793526184978117,0.025860799999999996,0.03030304999999998,1.5102452157928747,0.45064516129032256,0.10289882894989436,0.9500868959093155,0.29969187757225946,0.017629444444444448,0.03687861111111111,uptrend,1,0,haussier,211,0,0,30,,,40.8,57.0,46.0,78.5,65.3,47.9,55.69,-4.5,≈ Neutre vs BTC,False,False,,0,,,,47.9,0,,,773719216,1118131787,16607399400.634954,24000000000.0,24000000000.0,69.2,,,,47.9,55,ml_gb+alt_blend,Neutre,64.0,63.3,False,coingecko,96.2,False,,,193,True,,,,,
QIUSDT,QI,Speculative,840,0.002923,1986165.980653,1.776,61.42148050811906,-1.78887213276766e-06,0.0017574199999999998,0.0015022750000000002,3.3034426345528707,0.2958596106388813,0.19495475733479578,2.600187173655364,0.09708370226920765,0.0011330555555555551,0.002704722222222222,macd_bearish_cross|uptrend,1,1,mixte,365,0,0,30,,,17.0,100.0,46.0,68.0,54.8,47.8,64.9,-4.6,≈ Neutre vs BTC,False,False,,0,,,,47.8,3,,MACD cross baissier,21490218,21490218,7200000000.0,7200000000.0,7200000000.0,100.0,260281957,$260M,0.3,47.8,73,ml_gb+alt_blend,Neutre,64.0,63.3,False,coingecko,133.1,False,,,338,True,,,,,
PUMPUSDT,PUMP,Etabli,41,0.006289,43046706.69719,1.354,65.6717459246101,0.00012178910492522679,0.004573079999999999,0.0025075500000000008,1.428971017532358,0.33575664817294815,0.03603741757399172,0.7964381720887012,0.2181119133982325,0.0017071388888888885,0.005489555555555556,,0,0,neutre,365,0,0,30,,,45.0,73.0,61.0,78.5,50,47.8,62.02,-4.6,≈ Neutre vs BTC,False,False,,0,,,,47.8,2,,Près du plus haut 90j (résistance),2897859959,5180918473,463925929664.2693,829418538626.8422,1000000000000.0,55.9,395136011,$395M,0.5,47.8,59,ml_gb+alt_blend,Neutre,64.0,63.3,False,coingecko,40.4,False,,,418,True,,,,,
SAHARAUSDT,SAHARA,Speculative,602,0.00848,1428837.06168,-7.826,39.46329908020153,-0.00010393067977131102,0.008953999999999998,0.01703039999999999,0.8492819089391839,0.2956521739130435,0.1861804222648753,1.2605241114093704,0.6229701404884775,0.007719166666666666,0.009882499999999997,,0,0,neutre,365,0,0,30,,,17.0,46.0,73.0,68.0,50,47.7,48.46,-4.7,≈ Neutre vs BTC,False,False,,0,,,,47.7,1,,,35882230,84671585,4237812500.0,10000000000.0,10000000000.0,42.4,,,,47.7,52,ml_gb+alt_blend,Neutre,64.0,63.3,False,coingecko,-8.0,False,,,104,True,,,,,
ASTERUSDT,ASTER,Etabli,52,0.7124,16195040.807572,-3.613,47.807396548797556,-0.0023162485964163078,0.716676,0.6653189999999999,0.5479867821075151,0.13595933926302411,0.09415501905972053,1.3992872472349038,0.46460938672068874,0.6009444444444445,0.7598277777777779,doji_4h,0,0,neutre,365,0,0,30,,,45.0,63.0,100.0,78.5,50,47.6,65.19,-4.8,≈ Neutre vs BTC,False,False,,0,,,,47.6,1,,,1927063622,5533947061,2713596421.7797318,7792632673.071734,8000000000.0,34.8,111331381,$111M,0.02,47.6,65,ml_gb+alt_blend,Neutre,64.0,63.3,False,coingecko,-10.6,False,,,33,False,,,,,
GENIUSUSDT,GENIUS,Mid,285,0.3001,1078616.54867,-7.233,40.29787076599247,-0.0032851238232862127,0.31554600000000005,,0.9318134768842369,0.2930990578049401,0.23605805958747136,1.3223405591269934,0.03879882116982063,0.28876111111111114,0.37913888888888875,uptrend,1,0,haussier,139,0,0,30,,,24.8,54.0,67.0,68.0,65.3,47.6,54.76,-4.8,≈ Neutre vs BTC,False,False,,0,,,,47.6,1,,,100511641,285903350,335377059.0,953973324.2185314,1000000000.0,35.2,,,,47.6,58,ml_gb+alt_blend,Neutre,64.0,63.3,False,coingecko,0.1,False,,,43,False,,,,,
API3USDT,API3,Speculative,516,0.3071,9808850.914511,-9.809,60.534950182592745,0.0032302356767494877,0.25013399999999997,0.2661840000000002,0.8178599608207249,0.18065934065934064,0.10622817229336447,8.121599549774661,0.49476354382352306,0.19001388888888887,0.2887861111111112,uptrend,1,0,haussier,365,0,0,30,,,17.0,84.0,85.0,78.5,65.3,47.5,68.74,-4.9,≈ Neutre vs BTC,False,False,,3,⚡ Volume ×8.1 vs médiane,,8.12,47.5,0,,,45037408,57212782,146622472.62228787,186260264.0798806,,78.7,19025041,$19M,-6.47,47.5,80,ml_gb+alt_blend,Neutre,64.0,63.3,False,coingecko,27.8,False,,,87,False,,,,,
RESOLVUSDT,RESOLV,Speculative,,0.01939,5199973.518425,-3.58,51.80626200070069,9.79583215218509e-05,0.018244,0.02392185,1.028573881148203,0.28611111111111115,0.1337807606263982,5.844492507073382,0.32357456648427785,0.01607527777777778,0.02101,double_bottom_90d,1,0,haussier,365,0,0,30,,,17.0,84.0,62.5,78.5,61.6,47.5,64.0,-4.9,≈ Neutre vs BTC,False,False,,3,⚡ Volume ×5.8 vs médiane,,5.84,47.5,0,,,,,,,,,6099761,$6M,-2.36,47.5,76,ml_gb+alt_blend,Neutre,64.0,63.3,False,,6.4,False,,,78,False,,,,,
ADXUSDT,ADX,Speculative,,0.0686,983070.9954,-6.793,63.12302180331051,0.0007837286664672081,0.062355999999999995,0.06419399999999999,0.5142818949649492,0.1627218934911242,0.0404463040446304,1.0,0.4701440336748592,0.055672222222222206,0.0669138888888889,,0,0,neutre,365,0,0,30,,,17.0,66.0,100.0,57.5,50,47.5,59.92,-4.9,≈ Neutre vs BTC,False,False,,0,,,,47.5,2,,Près du plus haut 90j (résistance),,,,,,,,,,47.5,66,ml_gb+alt_blend,Neutre,64.0,63.3,False,,10.5,False,,,40,False,,,,,
ZROUSDT,ZRO,Etabli,85,2.138,20066963.55454,-3.039,74.13460043431115,0.052136058111174,1.2914400000000001,1.2454149999999995,1.109613484307258,0.22678185745140395,0.05237461162893933,1.2548894753591002,0.2643225566348849,0.7682499999999998,1.7010833333333333,golden_cross|downtrend,1,1,mixte,365,0,0,30,,,45.0,82.0,73.0,78.5,50.9,47.5,67.7,-4.9,≈ Neutre vs BTC,False,False,,0,,,,47.5,2,,RSI 74 (surachat),850201716,2130060374,399144421.90812886,1000000000.0,1000000000.0,39.9,11642441000,$11.6B,47.5,47.5,63,ml_gb+alt_blend,Neutre,64.0,63.3,False,coingecko,83.0,False,,,208,True,,,,,
MAVUSDT,MAV,Speculative,,0.01119,704354.24487,-6.828,46.90608889278708,-7.723989798355156e-05,0.0110588,0.011716549999999992,0.7586101221564526,0.18491735537190082,0.13442113442113435,1.449878651862804,0.560274927119456,0.008355,0.01190972222222222,,0,0,neutre,365,0,0,30,,,17.0,75.0,85.0,57.5,50,47.4,60.63,-5.0,🔴 Sous-performe BTC,False,False,,0,,,,47.4,1,,,,,,,,,1261375,$1M,-2.08,47.4,66,ml_gb+alt_blend,Neutre,64.0,63.3,False,,-1.1,False,,,62,False,,,,,
TRXUSDT,TRX,Etabli,8,0.3346,28710599.99011,-0.268,46.331879297923656,-0.0003031436663728293,0.336988,0.33208750000000004,0.12410506784984394,0.06552623948970719,0.028993911278631514,0.8381899734158634,0.41371493001019866,0.3252444444444444,0.3423,,0,0,neutre,365,0,0,30,,,45.0,54.0,100.0,78.5,50,47.4,61.81,-5.0,🔴 Sous-performe BTC,False,False,,0,,,,47.4,3,,Près du plus haut 90j (résistance),31783308078,31783330710,94985867211.41139,94985862876.0418,,100.0,,,,47.4,62,ml_gb+alt_blend,Neutre,64.0,63.3,False,coingecko,-0.3,False,,,14,False,🟢 ETF en cours de lancement / lancé,8-A12B/A,2026-09-08,29,Canary
MAGICUSDT,MAGIC,Speculative,837,0.0643,6102280.81968,0.156,64.70109083693552,0.0014334997232999767,0.04855399999999999,0.05171950000000002,0.9566139408482799,0.11016949152542366,0.10818307905686549,10.477205784234965,0.48784775006828635,0.04048888888888888,0.05596666666666667,downtrend,0,1,baissier,365,0,0,30,,,17.0,84.0,85.0,78.5,35.7,47.3,62.85,-5.1,🔴 Sous-performe BTC,False,False,,3,⚡ Volume ×10.5 vs médiane,,10.48,47.3,0,,,21709037,22357776,337598461.29155606,347687042.9717532,347714007.0,97.1,,,,47.3,74,ml_gb+alt_blend,Neutre,64.0,63.3,False,coingecko,36.2,False,,,62,False,,,,,
BEAMXUSDT,BEAMX,Speculative,,0.002556,3574769.497234,3.189,76.55538112837486,4.214566644019757e-05,0.00178008,0.00168459,0.9373000030333628,0.23522388059701493,0.004305283757338614,4.809273298336252,0.4982927613139028,0.0013711666666666666,0.0021657222222222217,golden_cross|uptrend,2,0,haussier,365,0,0,30,,,17.0,82.0,89.5,68.0,80.5,47.3,70.96,-5.1,🔴 Sous-performe BTC,False,False,,0,,,,47.3,4,⚠️ Surveiller,RSI 77 (surachat)|Près du plus haut 90j (résistance),,,,,,,,,,47.3,69,ml_gb+alt_blend,Neutre,64.0,63.3,False,,62.2,True,5,🚀 Leader (altseason),114,True,,,,,
RADUSDT,RAD,Speculative,890,0.33,4059717.7936,-2.941,71.73115882490154,0.008121785070525581,0.24598000000000006,0.23631499999999994,1.0732042380127509,0.17518248175182485,0.04360465116279058,4.656636368613492,0.07478038447648666,0.2070555555555556,0.2747777777777778,resistance_test,0,1,baissier,365,0,0,30,,,17.0,91.0,73.0,68.0,38.9,47.3,63.13,-5.1,🔴 Sous-performe BTC,False,False,,0,,,,47.3,2,,Près du plus haut 90j (résistance),19387693,32817768,59075978.895525984,99998580.0,100000000.0,59.1,,,,47.3,67,ml_gb+alt_blend,Neutre,64.0,63.3,False,coingecko,38.7,False,,,77,False,,,,,
ZBTUSDT,ZBT,Speculative,756,0.0813,640229.62335,-8.343,42.604941129647635,-0.0003159511238611676,0.082922,0.11241949999999987,0.7558501097987655,0.6067056945183609,0.5699840340606707,0.606108306113447,0.0320487601438514,0.07725000000000001,0.12437222222222223,macd_bearish_cross,0,1,baissier,356,0,0,30,,,16.8,37.0,49.0,57.5,39.5,47.3,37.85,-5.1,🔴 Sous-performe BTC,False,False,,0,,,,47.3,3,,MACD cross baissier,26109448,80855068,322916660.0,1000000000.0,1000000000.0,32.3,60948061,$61M,-2.54,47.3,43,ml_gb+alt_blend,Neutre,64.0,63.3,False,coingecko,-5.9,False,,,81,False,,,,,
QUICKUSDT,QUICK,Speculative,,0.01045,650200.89873,-2.971,63.061332361956424,2.2298651565313445e-05,0.0095258,0.009001100000000003,0.6986960100169418,0.09803921568627452,0.01960784313725503,2.3506216971632243,0.35698026708505504,0.0076961111111111076,0.010868055555555558,uptrend,1,0,haussier,365,0,0,30,,,17.0,100.0,89.5,57.5,65.3,47.2,73.86,-5.2,🔴 Sous-performe BTC,False,False,,0,,,,47.2,2,,Près du plus haut 90j (résistance),,,,,,,80883343,$81M,-35.4,47.2,80,ml_gb+alt_blend,Neutre,64.0,63.3,False,,16.1,False,,,77,False,,,,,
VTHOUSDT,VTHO,Mid,365,0.000704,2216571.46384,-3.297,56.473100549326105,-1.272114437886315e-05,0.00056424,0.00048440499999999976,1.7062127667899305,0.18333333333333335,0.1152882205513784,4.760892964490357,0.11581122047043832,0.0003251111111111111,0.0007557777777777778,,0,0,neutre,365,0,0,30,,,31.0,100.0,58.0,68.0,50,47.2,68.42,-5.2,🔴 Sous-performe BTC,False,False,,0,,,,47.2,1,,,72792474,72856238,103484614516.0,103576676431.0,,99.9,,,,47.2,73,ml_gb+alt_blend,Neutre,64.0,63.3,False,coingecko,65.6,False,,,180,True,,,,,
ONEUSDT,ONE,Mid,366,0.002188,2393186.1297643,-4.496,51.05815100434566,-0.00010030163996018398,0.0015374000000000002,0.0016606500000000007,3.8087530829177485,0.536231884057971,0.48698099929627026,0.9794899919969774,0.14430999382054294,0.0006976388888888888,0.0028053888888888885,uptrend|bearish_engulfing_4h,1,1,mixte,365,0,0,30,,,31.0,66.0,32.5,68.0,52.6,47.2,51.66,-5.2,🔴 Sous-performe BTC,False,False,,0,,,,47.2,3,,Engloutissement baissier 4h,72705807,135298614,529432071.6861529,985222889.9974294,1000000000.0,53.7,,,,47.2,56,ml_gb+alt_blend,Neutre,64.0,63.3,False,coingecko,198.9,False,,,614,True,,,,,
HYPERUSDT,HYPER,Speculative,816,0.0669,386412.1387,-7.597,39.917784744665724,-0.0008064882273566979,0.06955000000000001,0.080918,0.7732852816713346,0.2120786516853933,0.15051020408163254,0.6561269503036848,0.5909134362270588,0.060647222222222234,0.0745277777777778,uptrend,1,0,haussier,365,0,0,30,,,17.0,37.0,85.0,47.0,65.3,47.2,48.58,-5.2,🔴 Sous-performe BTC,False,False,,0,,,,47.2,1,,,22544587,54088056,338174017.0,811333336.9999999,1000000000.0,41.7,79140553,$79M,-6.76,47.2,55,ml_gb+alt_blend,Neutre,64.0,63.3,False,coingecko,-5.0,False,,,39,False,,,,,
ENSOUSDT,ENSO,Speculative,917,0.897,1048579.59576,-8.934,40.09539497909435,-0.011735980228835225,0.9262199999999998,0.84041,0.6456596667237754,0.2841584158415842,0.14571428571428574,0.8420932089674769,0.13037880790918502,0.7295833333333333,1.02025,,0,0,neutre,359,0,0,30,,,16.8,45.0,67.0,68.0,50,47.2,46.99,-5.2,🔴 Sous-performe BTC,False,False,,0,,,,47.2,1,,,18480561,89755034,20590000.0,100000000.0,127339703.0,20.6,,,,47.2,51,ml_gb+alt_blend,Neutre,64.0,63.3,False,coingecko,-0.7,False,,,91,False,,,,,
RAYUSDT,RAY,Etabli,99,2.5263,24203872.26543,15.806,75.45125232709513,0.012150087458671938,1.409292,0.853864,1.4979617676634227,0.2619589977220956,0.0,5.876206192901928,0.32196754064951383,0.6119972222222222,2.021602777777778,breakout_30d|rsi_bearish_divergence|macd_bullish_cross|uptrend,3,1,haussier,365,0,0,30,,,45.0,82.0,67.0,78.5,75.1,47.1,71.46,-5.3,🔴 Sous-performe BTC,False,False,,7,🔥 Trending #4 sur CoinGecko|⚡ Volume ×5.9 vs médiane,4,5.88,47.1,6,⚠️ Surveiller,RSI 75 (surachat)|Près du plus haut 90j (résistance)|Divergence RSI baissière,678709419,1395830126,269863589.046313,555000000.0,555000000.0,48.6,1319650512,$1.3B,-1.93,47.1,74,ml_gb+alt_blend,Neutre,64.0,63.3,False,coingecko,111.2,False,,,343,True,,,,,
ONGUSDT,ONG,Speculative,558,0.08451,589485.3864,-5.024,45.21807746823307,-0.0008574717938448638,0.09372440000000001,0.0678416,0.8568236015567942,0.6872852233676975,0.646509093956919,0.6052332789767865,0.12880114873201684,0.04217638888888889,0.11787916666666666,macd_bearish_cross,0,1,baissier,365,0,0,30,,,17.0,54.0,49.0,57.5,39.5,47.1,44.27,-5.3,🔴 Sous-performe BTC,False,False,,0,,,,47.1,3,,MACD cross baissier,40699777,67496979,482389318.0,800000000.0,1000000000.0,60.3,,,,47.1,52,ml_gb+alt_blend,Neutre,64.0,63.3,False,coingecko,-9.5,False,,,219,True,,,,,
EDUUSDT,EDU,Mid,462,0.0616,5328020.1071,-0.645,68.56791502783298,0.0010753222348587703,0.049802,0.043171500000000015,0.8124460209529443,0.13669064748201432,0.03301886792452837,2.698322284468733,0.30699458080873654,0.030397222222222218,0.0547,macd_bullish_cross|resistance_test,1,1,mixte,365,0,0,30,,,31.0,91.0,89.5,78.5,50.6,47.0,71.59,-5.4,🔴 Sous-performe BTC,False,False,,0,,,,47.0,2,,Près du plus haut 90j (résistance),52022988,61673626,843520833.0,1000000000.0,1000000000.0,84.4,,,,47.0,73,ml_gb+alt_blend,Neutre,64.0,63.3,False,coingecko,15.8,False,,,137,True,,,,,
CHIPUSDT,CHIP,Mid,295,0.04894,4867063.46641,-3.737,54.715199311573855,0.00048192984923508446,0.04375860000000001,,1.4078495776175293,0.38205474822575203,0.17573504562352155,0.6483024792237274,0.5084231729007757,0.024264722222222226,0.05219555555555556,macd_bullish_cross|doji_4h,1,0,haussier,170,0,0,30,,,25.7,54.0,62.5,68.0,61.7,47.0,53.39,-5.4,🔴 Sous-performe BTC,False,False,,0,,,,47.0,0,,,96978452,484892262,2000000000.0,10000000000.0,10000000000.0,20.0,344047011,$344M,40.36,47.0,59,ml_gb+alt_blend,Neutre,64.0,63.3,False,coingecko,-10.2,False,,,166,True,,,,,
BMTUSDT,BMT,Speculative,,0.01846,447432.463197,-6.247,45.63720660613117,-0.00010917804997948158,0.019056599999999993,0.015548549999999996,0.6043491996897119,0.5484554815263477,0.44185342216838286,0.4122477574866809,0.12583313690821693,0.011629999999999996,0.02313583333333333,uptrend,1,0,haussier,365,0,0,30,,,17.0,45.0,53.5,47.0,65.3,46.9,45.99,-5.5,🔴 Sous-performe BTC,False,False,,0,,,,46.9,3,,Volume ×0.4 (épuisement),,,,,,,,,,46.9,56,ml_gb+alt_blend,Neutre,64.0,63.3,False,,4.1,False,,,206,True,,,,,
TSTUSDT,TST,Speculative,,0.01681,1106671.580996,-7.941,46.958082002712786,-0.00011463562546986934,0.0168338,0.014028849999999999,1.1401829248080084,0.36147877681424,0.2341396622546782,0.45140385791139465,0.17236217218568745,0.010738611111111114,0.01935166666666666,,0,0,neutre,365,0,0,30,,,17.0,45.0,56.5,68.0,50,46.9,45.16,-5.5,🔴 Sous-performe BTC,False,False,,0,,,,46.9,3,,Volume ×0.5 (épuisement),,,,,,,,,,46.9,53,ml_gb+alt_blend,Neutre,64.0,63.3,False,,-7.3,False,,,119,True,,,,,
OGNUSDT,OGN,Speculative,,0.02154,2175057.56102,-1.644,61.9494241460939,9.695761802198239e-05,0.0190202,0.019323000000000003,0.6233886047405028,0.14555873925501436,0.02446760308110552,2.4625713145557118,0.5586584241264094,0.015717222222222226,0.020897777777777776,,0,0,neutre,365,0,0,30,,,17.0,84.0,89.5,68.0,50,46.8,65.65,-5.6,🔴 Sous-performe BTC,False,False,,0,,,,46.8,2,,Près du plus haut 90j (résistance),,,,,,,62027032,$62M,-5.32,46.8,74,ml_gb+alt_blend,Neutre,64.0,63.3,False,,14.2,False,,,58,False,,,,,
GLMRUSDT,GLMR,Speculative,,0.011715,6191048.7450953,10.29,67.33702681673489,0.0003957705231905686,0.00741286,0.010168964999999999,1.8190763311024682,0.45754763067904247,0.06395858223815212,7.881860161729601,0.1732924389293868,0.0062887222222222225,0.010117194444444444,,0,0,neutre,365,0,0,30,,,17.0,75.0,50.5,78.5,50,46.8,56.19,-5.6,🔴 Sous-performe BTC,False,False,,3,⚡ Volume ×7.9 vs médiane,,7.88,46.8,0,,,,,,,,,,,,46.8,66,ml_gb+alt_blend,Neutre,64.0,63.3,False,,78.5,False,,,128,True,,,,,
1000CHEEMSUSDT,1000CHEEMS,Speculative,,0.000515,347458.020479,-5.678,42.74772934558539,-3.1550434326777944e-06,0.0005332400000000001,0.0005281499999999999,0.5159863964974881,0.12717770034843195,0.10918544194107455,0.6274707368806766,0.6262070537242168,0.0004644444444444444,0.0005652500000000001,,0,0,neutre,365,0,0,30,,,17.0,45.0,95.5,47.0,50,46.8,50.4,-5.6,🔴 Sous-performe BTC,False,False,,0,,,,46.8,1,,,,,,,,,,,,46.8,56,ml_gb+alt_blend,Neutre,64.0,63.3,False,,-5.5,False,,,33,False,,,,,
ACTUSDT,ACT,Speculative,,0.0101,370608.432836,-7.847,42.87537706387527,-5.523677732096317e-05,0.010645600000000002,0.011235600000000002,0.7501566120460655,0.24999999999999997,0.18262987012987003,0.8179910457947588,0.4284391801421163,0.00857833333333333,0.011602499999999998,uptrend,1,0,haussier,365,0,0,30,,,17.0,37.0,85.0,47.0,65.3,46.8,48.58,-5.6,🔴 Sous-performe BTC,False,False,,0,,,,46.8,1,,,,,,,,,,,,46.8,55,ml_gb+alt_blend,Neutre,64.0,63.3,False,,-9.6,False,,,60,False,,,,,
BELUSDT,BEL,Speculative,,0.1195,252992.53325,-6.053,43.26758018466933,-0.001152138508300764,0.12118200000000004,0.10947099999999993,0.6185219763945168,0.15827338129496396,0.10427606901725428,0.4180832755643349,0.5278410692404699,0.09824444444444444,0.12922499999999995,uptrend,1,0,haussier,365,0,0,30,,,17.0,36.0,85.0,47.0,65.3,46.8,48.21,-5.6,🔴 Sous-performe BTC,False,False,,0,,,,46.8,3,,Volume ×0.4 (épuisement),,,,,,,,,,46.8,55,ml_gb+alt_blend,Neutre,64.0,63.3,False,,-3.2,False,,,123,True,,,,,
PHAUSDT,PHA,Mid,447,0.063,3298745.9861,-16.223,54.3830793827214,-0.001200046528723929,0.040388,0.033633500000000004,2.53391067728125,0.3021914648212226,0.273356401384083,1.0095424949350622,0.34429321647229905,0.020872222222222223,0.06596388888888889,macd_bearish_cross,0,1,baissier,365,0,0,30,,,31.0,91.0,52.0,68.0,39.5,46.6,61.89,-5.8,🔴 Sous-performe BTC,False,False,,0,,,,46.6,3,,MACD cross baissier,53874658,62823696,857553149.2537254,1000000000.0,1000000000.0,85.8,,,,46.6,63,ml_gb+alt_blend,Neutre,64.0,63.3,False,coingecko,133.3,False,,,322,True,,,,,
TREEUSDT,TREE,Speculative,,0.0455,770286.01551,-0.655,51.5550708683458,-0.0003962692360973967,0.042624,0.05006599999999997,0.8828031415102747,0.2639821029082774,0.08817635270541084,1.1032535396494207,0.44471292622127195,0.03439444444444444,0.04768888888888888,doji_4h,0,0,neutre,365,0,0,30,,,17.0,75.0,77.5,57.5,50,46.5,59.3,-5.9,🔴 Sous-performe BTC,False,False,,0,,,,46.5,1,,,,,,,,,71166568,$71M,-6.18,46.5,65,ml_gb+alt_blend,Neutre,64.0,63.3,False,,4.4,False,,,50,False,,,,,
SYNUSDT,SYN,Speculative,567,0.18337,5266036.064475,4.443,54.86258240282986,-0.003214140513999722,0.1393392,0.12550104999999998,2.4049074406891218,0.7534936067777535,0.4282989964673148,0.8413334964617907,0.25046469924483183,0.08693666666666668,0.2522422222222222,,0,0,neutre,365,0,0,30,,,17.0,82.0,26.5,78.5,50,46.5,54.56,-5.9,🔴 Sous-performe BTC,False,False,,0,,,,46.5,1,,,40195747,45871621,219066529.0,250000000.0,250000000.0,87.6,9774517,$10M,-0.31,46.5,59,ml_gb+alt_blend,Neutre,64.0,63.3,False,coingecko,104.8,False,,,1916,True,,,,,
MBLUSDT,MBL,Speculative,,0.000748,498513.788686,-6.849,40.42495990273811,-1.2086915963669356e-05,0.0007388799999999998,0.0007891349999999998,0.7106042026059792,0.20422535211267612,0.12793427230046953,0.8342143411695779,0.5813839200168843,0.0006085555555555557,0.0008262777777777778,,0,0,neutre,365,0,0,30,,,17.0,57.0,85.0,47.0,50,46.5,53.04,-5.9,🔴 Sous-performe BTC,False,False,,0,,,,46.5,1,,,,,,,,,,,,46.5,58,ml_gb+alt_blend,Neutre,64.0,63.3,False,,8.1,False,,,52,False,,,,,
GPSUSDT,GPS,Mid,412,0.01024,442501.15657,-5.535,44.23356339238404,-0.00010984594369426802,0.010893000000000003,0.00917635,1.1098285969866506,0.492965367965368,0.44751082251082247,0.5491043815467846,-0.045683664688423026,0.009059722222222226,0.012727777777777775,rsi_bullish_divergence,1,0,haussier,365,0,0,30,,,31.0,45.0,52.0,47.0,61.8,46.5,47.38,-5.9,🔴 Sous-performe BTC,False,False,,0,,,,46.5,3,,Volume ×0.5 (épuisement),60618501,102101386,5937088889.057273,10000000000.0,10000000000.0,59.4,32667686,$33M,-1.3,46.5,52,ml_gb+alt_blend,Neutre,64.0,63.3,False,coingecko,-5.1,False,,,160,True,,,,,
LAUSDT,LA,Speculative,,0.0626,1068947.63879,-9.928,41.464356594089516,-0.001122331595742232,0.065284,0.09513049999999998,1.0042153689659004,0.4018445322793148,0.1776315789473684,0.6938306300369846,0.35838448217522384,0.048958333333333354,0.07443055555555556,uptrend,1,0,haussier,365,0,0,30,,,17.0,37.0,62.5,68.0,65.3,46.5,46.27,-5.9,🔴 Sous-performe BTC,False,False,,0,,,,46.5,1,,,,,,,,,,,,46.5,52,ml_gb+alt_blend,Neutre,64.0,63.3,False,,-5.9,False,,,69,False,,,,,
GTCUSDT,GTC,Speculative,,0.17904,14508355.118977,4.537,67.09371851590765,0.008475770423166456,0.09334839999999996,0.08646259999999999,2.5106356074211496,0.20759642020029834,0.047251225229064504,40.92616984455629,0.23896152265314122,0.06824361111111116,0.1184311111111111,double_bottom_90d,1,0,haussier,365,0,0,30,,,17.0,91.0,62.5,78.5,61.6,46.4,66.62,-6.0,🔴 Sous-performe BTC,False,False,,3,⚡ Volume ×40.9 vs médiane,,40.93,46.4,2,,Près du plus haut 90j (résistance),,,,,,,,,,46.4,76,ml_gb+alt_blend,Neutre,64.0,63.3,False,,119.2,True,2,🚀 Leader (altseason),228,True,,,,,
1MBABYDOGEUSDT,1MBABYDOGE,Speculative,,0.0003866,397344.9001757,-5.982,43.675502383222494,-3.726931654084879e-06,0.00039033999999999987,0.00036954299999999995,0.5715734377343873,0.12666505207071935,0.1038961038961039,0.7170426976693268,0.6217845923675132,0.0003002972222222223,0.00041709444444444437,,0,0,neutre,365,0,0,30,,,17.0,45.0,95.5,47.0,50,46.4,50.4,-6.0,🔴 Sous-performe BTC,False,False,,0,,,,46.4,1,,,,,,,,,,,,46.4,56,ml_gb+alt_blend,Neutre,64.0,63.3,False,,-5.9,False,,,51,False,,,,,
ZKPUSDT,ZKP,Speculative,,0.0462,644072.62897,-7.415,44.1721828818408,-0.00034576197421862026,0.046585999999999995,0.05776500000000001,0.7193561748331132,0.18497109826589603,0.11877394636015333,1.3119564598581723,0.3578284459534924,0.04100277777777777,0.05144166666666667,,0,0,neutre,274,0,0,30,,,14.5,46.0,85.0,57.5,50,46.4,49.33,-6.0,🔴 Sous-performe BTC,False,False,,0,,,,46.4,1,,,,,,,,,,,,46.4,54,ml_gb+alt_blend,Neutre,64.0,63.3,False,,-5.1,False,,,47,False,,,,,
BARDUSDT,BARD,Speculative,519,0.123,472611.69676,-7.029,39.678083815538066,-0.0021790467268856715,0.128568,0.19053650000000005,0.7316086085042587,0.22415094339622643,0.18471760797342188,0.6575004048621683,0.45765900221862044,0.10851111111111111,0.14101666666666668,double_top_90d,0,1,baissier,365,0,0,30,,,17.0,37.0,85.0,47.0,34.6,46.4,42.47,-6.0,🔴 Sous-performe BTC,False,False,,0,,,,46.4,3,,Double sommet,44660971,122779300,363750000.0,1000000000.0,1000000000.0,36.4,672670532,$673M,-4.15,46.4,48,ml_gb+alt_blend,Neutre,64.0,63.3,False,coingecko,-8.7,False,,,48,False,,,,,
MITOUSDT,MITO,Speculative,,0.01521,898902.351922,-8.097,41.75854560970615,0.00021229758076199824,0.0183906,0.02889595,1.010818692711381,0.5710801393728223,0.4710801393728223,1.0,0.33800807414283596,0.014464444444444443,0.02701055555555556,,0,0,neutre,365,0,0,30,,,17.0,37.0,49.0,57.5,50,46.4,39.98,-6.0,🔴 Sous-performe BTC,False,False,,0,,,,46.4,0,,,,,,,,,1379406,$1M,-2.26,46.4,46,ml_gb+alt_blend,Neutre,64.0,63.3,False,,-9.0,False,,,105,True,,,,,
OPNUSDT,OPN,Speculative,,0.0586,2249543.06404,1.736,58.0116100913799,0.0006082822932108767,0.053175999999999994,0.10640049999999995,1.0088613934691388,0.3806179775280899,0.17696629213483148,1.594423704202839,0.4260760042105138,0.046513888888888896,0.06475277777777778,,0,0,neutre,217,0,0,30,,,12.9,84.0,62.5,68.0,50,46.3,60.18,-6.1,🔴 Sous-performe BTC,False,False,,0,,,,46.3,0,,,,,,,,,3207814,$3M,-4.95,46.3,65,ml_gb+alt_blend,Neutre,64.0,63.3,False,,2.3,False,,,43,False,,,,,
OGUSDT,OG,Speculative,,2.862,917841.5542,-0.035,55.43375004602713,-0.0002621405354000482,2.81708,2.774609999999999,0.3772880405467418,0.12780194044831036,0.04081632653061221,1.4425578187567734,0.4004091423031154,2.498444444444445,2.941388888888888,uptrend|bullish_engulfing_4h,2,0,haussier,365,0,0,30,,,17.0,91.0,100.0,57.5,78.3,46.2,74.93,-6.2,🔴 Sous-performe BTC,False,False,,0,,,,46.2,3,,Près du plus haut 90j (résistance),,,,,,,,,,46.2,80,ml_gb+alt_blend,Neutre,64.0,63.3,False,,1.0,False,,,29,False,,,,,
EPICUSDT,EPIC,Speculative,,0.4928,441172.20021,-5.267,50.47723059947042,-0.0051270862253388755,0.420378,0.4202895000000003,1.3662224069826443,0.7213666582512833,0.5890768324497181,0.16003689303961127,0.14450659002633864,0.3353222222222223,0.8377805555555555,macd_bearish_cross|golden_cross,1,1,mixte,365,0,0,30,,,17.0,73.0,38.5,47.0,54.7,46.2,51.72,-6.2,🔴 Sous-performe BTC,False,False,,0,,,,46.2,5,⚠️ Surveiller,Volume ×0.2 (épuisement)|MACD cross baissier,,,,,,,,,,46.2,59,ml_gb+alt_blend,Neutre,64.0,63.3,False,,27.5,False,,,462,True,,,,,
FFUSDT,FF,Mid,128,0.11173,876043.741694,0.036,41.343596198101615,-0.0030728489574262936,0.1164776,0.08341835000000002,1.2071493129769284,0.34339779333254244,0.3370506584410963,0.2685093220953641,-0.12076551249993239,0.06069833333333333,0.14236000000000004,uptrend|morning_star_4h,2,0,haussier,365,0,0,30,,,31.0,36.0,52.0,57.5,74.0,46.2,47.28,-6.2,🔴 Sous-performe BTC,False,False,,0,,,,46.2,3,,Volume ×0.3 (épuisement),372851005,1115300055,3343055555.0,10000000000.0,10000000000.0,33.4,1654004912,$1.7B,36.87,46.2,52,ml_gb+alt_blend,Neutre,64.0,63.3,False,coingecko,-6.3,False,,,183,True,,,,,
DGBUSDT,DGB,Mid,358,0.00399,147377.6381,-6.993,39.001140305006395,-3.800001668863071e-05,0.004499800000000001,0.0037648000000000004,1.0365560686924795,0.3035019455252918,0.22568093385214003,0.4316953618126417,0.23986077975015047,0.0030749999999999996,0.004943888888888889,uptrend,1,0,haussier,365,0,0,30,,,31.0,36.0,56.5,47.0,65.3,46.2,45.51,-6.2,🔴 Sous-performe BTC,False,False,,0,,,,46.2,3,,Volume ×0.4 (épuisement),73807689,73828519,18499837886.02159,18505141293.00562,21000000000.0,100.0,,,,46.2,51,ml_gb+alt_blend,Neutre,64.0,63.3,False,coingecko,-14.2,False,,,121,True,,,,,
REQUSDT,REQ,Speculative,529,0.0539,80444.5429,-4.433,44.78805703145178,-0.0002455340595463618,0.05501599999999999,0.059849000000000034,0.4768549528981176,0.2016129032258064,0.132258064516129,0.3937530778182644,0.29220682538339166,0.050133333333333335,0.059888888888888894,,0,0,neutre,365,0,0,30,,,17.0,28.0,89.5,47.0,50,46.2,42.95,-6.2,🔴 Sous-performe BTC,False,False,,0,,,,46.2,3,,Volume ×0.4 (épuisement),42841634,53742845,796694831.4790833,999416740.9347086,1000000000.0,79.7,,,,46.2,50,ml_gb+alt_blend,Neutre,64.0,63.3,False,coingecko,1.9,False,,,24,False,,,,,
PORTALUSDT,PORTAL,Speculative,,0.01678,541020.806556,-6.362,45.257413636426634,-0.00019801817197745707,0.016728400000000004,0.012909349999999997,0.8101400650823514,0.3697885196374622,0.16000000000000006,0.35544784856618156,0.022426485703420825,0.010176666666666667,0.01918972222222222,double_top_90d|doji_4h,0,1,baissier,365,0,0,30,,,17.0,73.0,67.0,57.5,34.6,46.1,53.63,-6.3,🔴 Sous-performe BTC,False,False,,0,,,,46.1,5,⚠️ Surveiller,Volume ×0.4 (épuisement)|Double sommet,,,,,,,,,,46.1,59,ml_gb+alt_blend,Neutre,64.0,63.3,False,,-0.9,False,,,173,True,,,,,
ALPINEUSDT,ALPINE,Speculative,,0.364,982008.70597,-0.817,56.839118076777666,0.0008304088572973637,0.3481,0.3691450000000001,0.43659702037736825,0.1622340425531915,0.0319148936170213,2.8379564461608533,0.2233147918238893,0.30772222222222223,0.36861111111111117,,0,0,neutre,365,0,0,30,,,17.0,84.0,94.0,57.5,50,46.0,65.61,-6.4,🔴 Sous-performe BTC,False,False,,0,,,,46.0,2,,Près du plus haut 90j (résistance),,,,,,,,,,46.0,74,ml_gb+alt_blend,Neutre,64.0,63.3,False,,2.0,False,,,26,False,,,,,
SANDUSDT,SAND,Mid,184,0.07094,23038287.03021,7.697,71.92342965348686,0.0026769008194897897,0.04417959999999999,0.05690385000000003,1.727096254144727,0.32287449392712547,0.07022840640588073,14.813097206326859,0.3086496328857792,0.03669638888888888,0.05592638888888887,doji_4h,0,0,neutre,365,0,0,30,,,31.0,75.0,56.5,78.5,50,46.0,59.61,-6.4,🔴 Sous-performe BTC,False,False,,3,⚡ Volume ×14.8 vs médiane,,14.81,46.0,0,,,211214443,215698110,2937639702.3733225,3000000000.0,3000000000.0,97.9,,,,46.0,67,ml_gb+alt_blend,Neutre,64.0,63.3,False,coingecko,74.0,False,,,130,True,,,,,
ORCAUSDT,ORCA,Mid,204,2.807,46556539.5453,8.967,73.35850312002275,0.13154996256966828,1.5131400000000002,1.2654749999999997,1.5161255190132097,0.1539735099337748,0.12398246712586096,20.544670737780383,0.3469197308806452,1.0626388888888891,1.8298333333333332,uptrend,1,0,haussier,365,0,0,30,,,31.0,91.0,64.0,78.5,65.3,45.9,70.0,-6.5,🔴 Sous-performe BTC,False,False,,3,⚡ Volume ×20.5 vs médiane,,20.54,45.9,2,,RSI 73 (surachat),168775194,208196027,60798750.035209,74999518.370318,100000000.0,81.1,320983351,$321M,5.95,45.9,77,ml_gb+alt_blend,Neutre,64.0,63.3,False,coingecko,79.9,False,,,204,True,,,,,
NMRUSDT,NMR,Mid,276,14.82,30541166.5371,-14.533,66.74866103801443,0.40331898548192335,9.8686,8.966349999999991,1.7013324142456672,0.23517978620019428,0.08509316770186341,50.967157984450154,0.18493985070733215,8.30361111111111,11.669722222222223,,0,0,neutre,365,0,0,30,,,31.0,91.0,62.5,78.5,50,45.9,66.68,-6.5,🔴 Sous-performe BTC,False,False,,3,⚡ Volume ×51.0 vs médiane,,50.97,45.9,0,,,106675769,157639786,7172767.942017312,10599535.50448881,11000000.0,67.7,,,,45.9,73,ml_gb+alt_blend,Neutre,64.0,63.3,False,coingecko,57.0,False,,,113,True,,,,,
MOVRUSDT,MOVR,Speculative,789,1.879,13967237.636595,1.022,59.40149121304071,0.047180343789251455,1.02528,1.3961999999999997,3.0387291106221395,0.5021489971346705,0.3479008947006194,6.2362648261127065,0.2321788595182559,0.7324722222222221,1.6747499999999995,,0,0,neutre,365,0,0,30,,,17.0,84.0,32.5,78.5,50,45.9,56.37,-6.5,🔴 Sous-performe BTC,False,False,,3,⚡ Volume ×6.2 vs médiane,,6.24,45.9,0,,,23597703,23597703,12568389.0,12568389.0,,100.0,,,,45.9,69,ml_gb+alt_blend,Neutre,64.0,63.3,False,coingecko,126.9,False,,,274,True,,,,,
SUNUSDT,SUN,Mid,140,0.0169,706133.6202,-1.343,45.345567256738626,-1.432546158861526e-05,0.017005,0.0178971,0.20131268615569192,0.13987138263665602,0.09378349410503742,1.1899416093445974,0.41295209110462017,0.01662916666666667,0.018394444444444446,macd_bearish_cross,0,1,baissier,365,0,0,30,,,31.0,55.0,100.0,57.5,39.5,45.9,56.06,-6.5,🔴 Sous-performe BTC,False,False,,0,,,,45.9,3,,MACD cross baissier,324722249,336185029,19222181989.37517,19900730000.0,19900730000.0,96.6,263965133,$264M,0.08,45.9,60,ml_gb+alt_blend,Neutre,64.0,63.3,False,coingecko,-0.1,False,,,15,False,,,,,
RLCUSDT,RLC,Mid,402,0.7284,18489078.7567,-15.957,87.75143998583079,0.0436693593429741,0.343122,0.3612540000000003,2.4960054541463945,0.22016331658291463,0.01749899044285908,17.30184911897362,0.1935601980779197,0.26550000000000007,0.4182333333333334,doji_4h,0,0,neutre,365,0,0,30,,,31.0,57.0,62.5,78.5,50,45.9,53.92,-6.5,🔴 Sous-performe BTC,False,False,,3,⚡ Volume ×17.3 vs médiane,,17.3,45.9,6,⚠️ Surveiller,RSI 88 (surachat extrême)|Près du plus haut 90j (résistance),63242551,63242551,86999784.9868455,86999784.9868455,86999784.9868455,100.0,,,,45.9,55,ml_gb+alt_blend,Neutre,64.0,63.3,False,coingecko,129.8,True,1,🚀 Leader (altseason),249,True,,,,,
LAZIOUSDT,LAZIO,Speculative,,0.475,6562482.89388,21.483,76.9621497190596,0.004480068684311032,0.38848000000000005,0.4780349999999999,0.7834686934724489,0.18226600985221675,0.0,22.45810364597509,0.3428147397458392,0.34338888888888885,0.4170555555555555,macd_bullish_cross|squeeze_breakout|uptrend,3,0,haussier,365,0,0,30,,,17.0,66.0,89.5,78.5,96.2,45.8,68.92,-6.6,🔴 Sous-performe BTC,False,False,,3,⚡ Volume ×22.5 vs médiane,,22.46,45.8,4,⚠️ Surveiller,RSI 77 (surachat)|Près du plus haut 90j (résistance),,,,,,,,,,45.8,73,ml_gb+alt_blend,Neutre,64.0,63.3,False,,21.2,False,,,42,False,,,,,
SHELLUSDT,SHELL,Speculative,,0.02324,618316.254409,-5.452,44.856119659297846,-0.0003809549323152506,0.023237599999999997,0.0261994,0.7597133015414567,0.1945701357466064,0.18552354181307099,1.2879754507133683,0.486384303766789,0.01870555555555555,0.025799166666666668,,0,0,neutre,365,0,0,30,,,17.0,46.0,85.0,57.5,50,45.8,49.75,-6.6,🔴 Sous-performe BTC,False,False,,0,,,,45.8,1,,,,,,,,,,,,45.8,54,ml_gb+alt_blend,Neutre,64.0,63.3,False,,-1.1,False,,,57,False,,,,,
OPENUSDT,OPEN,Speculative,793,0.11,2158369.25516,-7.173,31.702189438822643,-0.0018082651968306628,0.13735599999999998,0.17628700000000008,0.8278188157001439,0.4796786389413989,0.4796786389413989,2.608196461012926,0.4030329039099754,0.12216666666666663,0.19429722222222223,breakdown_30d|doji_4h,0,1,baissier,365,0,0,30,,,17.0,46.0,68.5,68.0,36.9,45.7,45.05,-6.7,🔴 Sous-performe BTC,False,False,,0,,,,45.7,1,,,23518781,109135874,215500000.0,1000000000.0,1000000000.0,21.6,,,,45.7,53,ml_gb+alt_blend,Neutre,64.0,63.3,False,coingecko,-14.6,False,,,60,False,,,,,
COTIUSDT,COTI,Speculative,574,0.01305,2589804.45696,-5.435,41.360454690346856,-0.00026538866646481647,0.014898999999999996,0.012438000000000005,1.902494229450351,0.4863905325443787,0.4863905325443787,0.6253211861039019,-0.11935308430897655,0.007681111111111109,0.01868527777777778,,0,0,neutre,365,0,0,30,,,17.0,45.0,41.5,68.0,50,45.6,42.49,-6.8,🔴 Sous-performe BTC,False,False,,0,,,,45.6,1,,,38798587,38799056,2979560602.83,2979596663.294341,4910000000.0,100.0,,,,45.6,47,ml_gb+alt_blend,Neutre,64.0,63.3,False,coingecko,-22.8,False,,,197,True,,,,,
BBUSDT,BB,Speculative,,0.00897,1464962.027736,-8.0,44.24798774148891,-2.3323815335535042e-05,0.009288999999999999,0.01940164999999999,1.0470204909514707,0.6098445595854922,0.5341968911917099,1.3375206746529023,0.40479190715183444,0.00832361111111111,0.018296666666666666,macd_bearish_cross,0,1,baissier,365,0,0,30,,,17.0,46.0,44.5,68.0,39.5,45.5,41.31,-6.9,🔴 Sous-performe BTC,False,False,,0,,,,45.5,3,,MACD cross baissier,,,,,,,,,,45.5,45,ml_gb+alt_blend,Neutre,64.0,63.3,False,,-7.0,False,,,45,False,,,,,
BARUSDT,BAR,Speculative,,0.293,2127703.26157,3.534,66.15884944924262,0.0005801319850163517,0.27714,0.3452000000000004,0.2760486756148197,0.11945392491467569,0.0034129692832764536,7.549639440271981,0.4858891651430326,0.2623055555555555,0.2940277777777778,squeeze_breakout|uptrend,2,0,haussier,365,0,0,30,,,17.0,75.0,100.0,68.0,84.5,45.4,71.0,-7.0,🔴 Sous-performe BTC,False,False,,3,⚡ Volume ×7.5 vs médiane,,7.55,45.4,2,,Près du plus haut 90j (résistance),,,,,,,,,,45.4,80,ml_gb+alt_blend,Neutre,64.0,63.3,False,,6.2,False,,,27,False,,,,,
YBUSDT,YB,Speculative,862,0.0788,248570.74744,-8.585,38.63118215292274,-0.0007491322571391352,0.08981,0.09421000000000004,0.8388890762275364,0.3052516411378555,0.25730442978322343,0.6433819195479945,0.25198985371059873,0.06829166666666668,0.09823333333333335,,0,0,neutre,358,0,0,30,,,16.8,37.0,67.0,47.0,50,45.4,42.31,-7.0,🔴 Sous-performe BTC,False,False,,0,,,,45.4,1,,,20548185,59438573,260766578.0491032,754322437.8669165,1000000000.0,34.6,134360761,$134M,-3.15,45.4,49,ml_gb+alt_blend,Neutre,64.0,63.3,False,coingecko,-24.4,False,,,64,False,,,,,
ASRUSDT,ASR,Speculative,,0.899,858755.5748,1.582,60.73627129795454,0.0037753991845800956,0.8719800000000003,1.0076700000000005,0.32599881400652614,0.1158008658008659,0.025974025974025997,4.159892594288679,0.5419942530439751,0.8354166666666667,0.9100555555555556,squeeze_breakout|uptrend|doji_4h,2,0,haussier,365,0,0,30,,,17.0,84.0,100.0,57.5,84.5,45.3,73.53,-7.1,🔴 Sous-performe BTC,False,False,,0,,,,45.3,2,,Près du plus haut 90j (résistance),,,,,,,,,,45.3,80,ml_gb+alt_blend,Neutre,64.0,63.3,False,,0.8,False,,,23,False,,,,,
1000CATUSDT,1000CAT,Speculative,,0.002114,260768.8114449,-6.46,46.17915015795911,-2.389435063754355e-05,0.00208046,0.0017422650000000015,0.8032962978157963,0.24999999999999994,0.1706645694062131,0.5536317508910457,0.30129335905701743,0.0012927777777777772,0.002317333333333333,,0,0,neutre,365,0,0,30,,,17.0,82.0,85.0,47.0,50,45.3,62.42,-7.1,🔴 Sous-performe BTC,False,False,,0,,,,45.3,3,,Volume ×0.6 (épuisement),,,,,,,,,,45.3,68,ml_gb+alt_blend,Neutre,64.0,63.3,False,,0.8,False,,,86,False,,,,,
FUSDT,F,Speculative,,0.003219,328467.119229,-5.324,40.78106053210975,-6.524753201971499e-05,0.0034351399999999997,0.004113234999999997,2.0386860137251004,0.3888677087304613,0.3888677087304613,1.0278583707441962,0.4774316624654546,0.002780833333333333,0.0037983055555555556,downtrend,0,1,baissier,348,0,0,30,,,16.5,46.0,47.5,47.0,35.7,45.1,39.34,-7.3,🔴 Sous-performe BTC,False,False,,0,,,,45.1,1,,,,,,,,,3073523,$3M,-0.42,45.1,45,ml_gb+alt_blend,Neutre,64.0,63.3,False,,-7.8,False,,,62,False,,,,,
ACMUSDT,ACM,Speculative,,0.29,1365040.2329,0.694,56.589506175298915,0.0005049027402655331,0.28068000000000004,0.33141499999999996,0.3081433228559128,0.11186440677966093,0.027118644067796637,3.42380740807682,0.48326199772205547,0.2643055555555556,0.3009166666666666,rsi_bearish_divergence|squeeze_breakout|doji_4h,1,1,mixte,365,0,0,30,,,17.0,84.0,100.0,68.0,59.3,45.0,69.36,-7.4,🔴 Sous-performe BTC,False,False,,0,,,,45.0,4,⚠️ Surveiller,Près du plus haut 90j (résistance)|Divergence RSI baissière,,,,,,,,,,45.0,77,ml_gb+alt_blend,Neutre,64.0,63.3,False,,1.0,False,,,14,False,,,,,
ARKUSDT,ARK,Speculative,544,0.2097,3264713.7331,0.143,55.557791413417206,-0.005152645775806024,0.153716,0.14074449999999994,1.7370023260357208,0.2075645756457564,0.19701606732976287,10.546672081368767,0.3236211895025186,0.09119722222222224,0.22559722222222225,macd_bearish_cross|uptrend,1,1,mixte,365,0,0,30,,,17.0,100.0,64.0,68.0,54.8,44.8,68.09,-7.6,🔴 Sous-performe BTC,False,False,,3,⚡ Volume ×10.6 vs médiane,,10.55,44.8,3,,MACD cross baissier,41763005,41763118,199603434.00000003,199605014.0,,100.0,,,,44.8,80,ml_gb+alt_blend,Neutre,64.0,63.3,False,coingecko,78.8,False,,,230,True,,,,,
PROMUSDT,PROM,Mid,288,5.495,16248882.78734,-15.488,47.995311066852075,-0.12579396715301283,5.20452,2.4160100000000004,1.1594751570369912,0.3084057971014493,0.20231884057971025,1.117398441816755,0.08820985805412872,1.4634166666666664,6.299888888888888,macd_bearish_cross,0,1,baissier,365,0,0,30,,,31.0,91.0,56.5,78.5,39.5,44.7,63.53,-7.7,🔴 Sous-performe BTC,False,False,,0,,,,44.7,3,,MACD cross baissier,99744040,105209467,18250000.0,19250000.0,19250000.0,94.8,,,,44.7,64,ml_gb+alt_blend,Neutre,64.0,63.3,False,coingecko,-4.5,False,,,613,True,,,,,
STOUSDT,STO,Speculative,,0.0393,548456.39393,-5.301,41.41967966192169,-0.00043831040312657696,0.04137199999999999,0.06494099999999998,0.6230791842368276,0.1906873614190688,0.15301724137931025,0.860256904063886,0.533540758088436,0.03745833333333334,0.04485833333333333,,0,0,neutre,365,0,0,30,,,17.0,37.0,85.0,57.5,50,44.7,46.37,-7.7,🔴 Sous-performe BTC,False,False,,0,,,,44.7,1,,,,,,,,,20310833,$20M,-4.83,44.7,52,ml_gb+alt_blend,Neutre,64.0,63.3,False,,-7.1,False,,,26,False,,,,,
HMSTRUSDT,HMSTR,Speculative,,0.0001626,483994.5661609,-5.023,39.83983141610726,-7.552905295816397e-07,0.00017330600000000002,0.00017281850000000007,0.5953228380551258,0.278393351800554,0.25115420129270544,0.5694596061065327,0.41870405729852617,0.00016239999999999996,0.00020066944444444446,macd_bearish_cross|double_top_90d|uptrend,1,2,baissier,365,0,0,30,,,17.0,45.0,83.5,47.0,39.4,44.7,46.17,-7.7,🔴 Sous-performe BTC,False,False,,0,,,,44.7,7,🔴 Sortie,Volume ×0.6 (épuisement)|Double sommet|MACD cross baissier,,,,,,,,,,44.7,51,ml_gb+alt_blend,Neutre,64.0,63.3,False,,-8.9,False,,,136,True,,,,,
PORTOUSDT,PORTO,Speculative,,0.469,2424064.82935,1.515,58.319981663857085,-0.00011347429735172583,0.4553199999999999,0.6179099999999997,0.3313110989471986,0.3133116883116883,0.23863636363636367,7.199894742919526,0.3338484343873459,0.42333333333333334,0.5009444444444444,double_top_90d|squeeze_breakout,1,1,mixte,365,0,0,30,,,17.0,84.0,83.5,68.0,53.8,44.6,65.33,-7.8,🔴 Sous-performe BTC,False,False,,3,⚡ Volume ×7.2 vs médiane,,7.2,44.6,3,,Double sommet,,,,,,,,,,44.6,78,ml_gb+alt_blend,Neutre,64.0,63.3,False,,2.0,False,,,48,False,,,,,
AIGENSYNUSDT,AIGENSYN,Speculative,,0.02029,1244117.13016,-6.713,47.38409287920288,2.520738335923679e-05,0.020223400000000002,,0.6263149173507907,0.3212703101920236,0.2522156573116691,1.288878413545465,0.4914440927440948,0.019184166666666665,0.025058611111111104,macd_bullish_cross,1,0,haussier,147,0,0,30,,,11.0,63.0,73.0,68.0,61.7,44.6,56.16,-7.8,🔴 Sous-performe BTC,False,False,,0,,,,44.6,0,,,,,,,,,,,,44.6,63,ml_gb+alt_blend,Neutre,64.0,63.3,False,,-2.3,False,,,62,False,,,,,
KATUSDT,KAT,Speculative,,0.00447,545889.70522,-6.289,41.262649212858186,-5.465557617474314e-05,0.0047378,0.0066633,1.5021414877138137,0.3454833597464342,0.29318541996830416,0.6523946186110389,0.364967884425757,0.004297777777777779,0.005246666666666667,downtrend,0,1,baissier,204,0,0,30,,,12.6,37.0,52.0,57.5,35.7,44.5,36.93,-7.9,🔴 Sous-performe BTC,False,False,,0,,,,44.5,1,,,,,,,,,,,,44.5,43,ml_gb+alt_blend,Neutre,64.0,63.3,False,,-5.3,False,,,37,False,,,,,
SANTOSUSDT,SANTOS,Speculative,,0.532,1914836.77432,2.308,56.616803798468325,0.0007850001234919225,0.52048,0.7341350000000003,0.4121911517810511,0.19337979094076646,0.08117443868739194,9.123398324136824,0.4160982464002011,0.47161111111111115,0.5520277777777779,macd_bullish_cross|squeeze_breakout|uptrend|shooting_star_4h,3,1,haussier,365,0,0,30,,,17.0,84.0,100.0,68.0,79.4,44.3,73.36,-8.1,🔴 Sous-performe BTC,False,False,,3,⚡ Volume ×9.1 vs médiane,,9.12,44.3,2,,Étoile filante 4h,,,,,,,,,,44.3,80,ml_gb+alt_blend,Neutre,64.0,63.3,False,,0.0,False,,,18,False,,,,,
QNTUSDT,QNT,Etabli,33,240.7,48186721.63903,-5.936,64.16191099577233,3.633588966526567,109.86999999999998,79.17575000000002,3.0408568147484196,0.1940543561796967,0.16207557025944616,11.003708962820154,0.15097048607753846,58.35138888888888,191.585,,0,0,neutre,365,0,0,30,,,45.0,100.0,58.0,78.5,50,44.3,71.62,-8.1,🔴 Sous-performe BTC,False,False,,3,🔥 Trending #15 sur CoinGecko|⚡ Volume ×11.0 vs médiane,15,11.0,44.3,0,,,3504305984,3520282070,14546177.164081175,14612493.0,14612493.0,99.5,,,,44.3,78,ml_gb+alt_blend,Neutre,64.0,63.3,False,coingecko,262.6,False,,,436,True,,,,,
PSGUSDT,PSG,Speculative,,0.469,1397439.29228,1.296,53.21273522433058,0.0011124144685264077,0.4757399999999999,0.6456950000000002,0.1813862350666873,0.16051660516605168,0.13284132841328425,4.193068572723229,0.4119290446785709,0.45988888888888874,0.5332222222222223,double_top_90d|support_bounce|squeeze_breakout|shooting_star_4h,2,2,mixte,365,0,0,30,,,17.0,64.0,95.5,68.0,52.6,44.3,59.72,-8.1,🔴 Sous-performe BTC,False,False,,0,,,,44.3,4,⚠️ Surveiller,Double sommet|Étoile filante 4h,,,,,,,,,,44.3,69,ml_gb+alt_blend,Neutre,64.0,63.3,False,,-3.3,False,,,81,False,,,,,
IOSTUSDT,IOST,Speculative,695,0.000814,513519.562221,-5.128,46.228726083427645,-1.722710187758484e-05,0.00079458,0.0008617549999999993,3.740634224311159,0.616118769883351,0.5689289501590669,1.5122229733836665,0.16402530049619196,0.0005628055555555555,0.001011111111111111,,0,0,neutre,365,0,0,30,,,17.0,84.0,28.0,57.5,50,44.1,53.89,-8.3,🔴 Sous-performe BTC,False,False,,0,,,,44.1,1,,,29310659,29310659,36037355666.0,36037355666.0,90000000000.0,100.0,,,,44.1,60,ml_gb+alt_blend,Neutre,64.0,63.3,False,coingecko,-8.4,False,,,129,True,,,,,
XAUTUSDT,XAUT,Etabli,34,4101.77,49352530.451373,-1.268,33.29962725783973,-7.13610619626602,4359.3268,,0.19254615004758524,0.12061131232295681,0.12061131232295681,2.1989750028985617,0.5444049823226899,4028.4091666666664,4511.87638888889,breakdown_30d|rsi_bullish_divergence|downtrend,1,2,baissier,196,0,0,30,,,40.4,54.0,95.5,78.5,34.4,44.1,57.13,-8.3,🔴 Sous-performe BTC,False,False,,0,,,,44.1,1,,,3320437039,3396052388,808994.63,827417.63,,97.8,,,,44.1,59,ml_gb+alt_blend,Neutre,64.0,63.3,False,coingecko,-6.8,False,,,16,False,,,,,
SAPIENUSDT,SAPIEN,Speculative,961,0.0715,271421.00351,-5.921,38.79601613411802,-0.00031587707402485157,0.07736000000000001,0.08294850000000002,0.6079667342103672,0.16352941176470598,0.16117647058823534,0.7484105940092123,0.328576904185561,0.07314444444444444,0.08399444444444443,double_top_90d,0,1,baissier,336,0,0,30,,,16.2,37.0,85.0,47.0,34.6,43.8,42.34,-8.6,🔴 Sous-performe BTC,False,False,,0,,,,43.8,3,,Double sommet,16839829,71320948,236113360.47853625,1000000000.0,1000000000.0,23.6,,,,43.8,48,ml_gb+alt_blend,Neutre,64.0,63.3,False,coingecko,-12.7,False,,,60,False,,,,,
ALLOUSDT,ALLO,Mid,399,0.2504,500108.75147,-3.208,42.76047476259853,-0.0035570278073440596,0.255656,0.24057249999999986,0.9420533690247371,0.6102841677943166,0.5167214382369998,0.1858546729989433,-0.027225701982494813,0.2260305555555555,0.43025555555555556,macd_bearish_cross,0,1,baissier,331,0,0,30,,,30.1,36.0,49.0,57.5,39.5,43.8,39.72,-8.6,🔴 Sous-performe BTC,False,False,,0,,,,43.8,5,⚠️ Surveiller,Volume ×0.2 (épuisement)|MACD cross baissier,63705966,196971699,255002576.4716818,788439678.5876737,1000000000.0,32.3,,,,43.8,43,ml_gb+alt_blend,Neutre,64.0,63.3,False,coingecko,1.5,False,,,517,True,,,,,
BANANAS31USDT,BANANAS31,Mid,376,0.00702,474492.217091,-4.555,36.023997667308585,-5.5159785009557593e-05,0.008075200000000001,0.009371174999999997,0.590576465469367,0.3325417933130698,0.3325417933130698,1.0450963760947614,0.26324775485624324,0.006966861111111111,0.009151055555555556,downtrend|doji_4h,0,1,baissier,365,0,0,30,,,31.0,46.0,73.0,47.0,35.7,43.5,46.3,-8.9,🔴 Sous-performe BTC,False,False,,0,,,,43.5,1,,,70088108,70088108,10000000000.0,10000000000.0,10000000000.0,100.0,,,,43.5,49,ml_gb+alt_blend,Neutre,64.0,63.3,False,coingecko,-15.8,False,,,57,False,,,,,
ERAUSDT,ERA,Speculative,,0.0606,593616.64241,-7.622,40.551578209370696,-0.0007861268949531481,0.061841999999999994,0.09509650000000008,0.6829085061479203,0.4455544455544455,0.39660339660339655,0.8427841871541719,0.3315345927386961,0.05671944444444445,0.08584722222222223,doji_4h,0,0,neutre,365,0,0,30,,,17.0,37.0,68.5,57.5,50,43.5,43.44,-8.9,🔴 Sous-performe BTC,False,False,,0,,,,43.5,1,,,,,,,,,,,,43.5,49,ml_gb+alt_blend,Neutre,64.0,63.3,False,,-0.2,False,,,89,False,,,,,
HEIUSDT,HEI,Speculative,,0.1297,821728.61263,-4.422,43.62457526006592,-0.0016606941198167948,0.13715199999999994,0.10819050000000002,1.1030123224276895,0.5815946348733234,0.5152757078986588,0.33284914823441375,0.13612869966775573,0.09194166666666666,0.18180555555555555,,0,0,neutre,365,0,0,30,,,17.0,36.0,38.5,57.5,50,43.1,37.74,-9.3,🔴 Sous-performe BTC,False,False,,0,,,,43.1,3,,Volume ×0.3 (épuisement),,,,,,,,,,43.1,44,ml_gb+alt_blend,Neutre,64.0,63.3,False,,-4.1,False,,,690,True,,,,,
ATUSDT,AT,Speculative,687,0.1306,1289160.97476,-2.026,38.29660087203646,-0.002825874552075214,0.14536600000000002,0.14634549999999996,0.8065695825261329,0.23369565217391294,0.21256038647343,2.641409830968087,0.1778605181124658,0.13206944444444443,0.16065833333333335,death_cross,0,1,baissier,315,0,0,30,,,15.6,55.0,79.0,68.0,38.1,43.0,50.3,-9.4,🔴 Sous-performe BTC,False,False,,0,,,,43.0,1,,,30000249,130435866,230000000.0,1000000000.0,1000000000.0,23.0,,,,43.0,57,ml_gb+alt_blend,Neutre,64.0,63.3,False,coingecko,-14.8,False,,,42,False,,,,,
HAEDALUSDT,HAEDAL,Speculative,,0.01875,541025.332097,-4.629,43.95534975218831,-0.00021199514513989693,0.019283400000000003,0.02249369999999999,0.732545030453589,0.15088757396449695,0.14681818181818185,1.3845845671845773,0.47902619769091986,0.01512472222222222,0.020844444444444443,doji_4h,0,0,neutre,365,0,0,30,,,17.0,46.0,85.0,57.5,50,42.8,49.75,-9.6,🔴 Sous-performe BTC,False,False,,0,,,,42.8,1,,,,,,,,,42153520,$42M,-1.85,42.8,54,ml_gb+alt_blend,Neutre,64.0,63.3,False,,0.2,False,,,52,False,,,,,
ATMUSDT,ATM,Speculative,,1.101,2000047.25917,5.865,51.144948151436246,0.011089611789449394,1.1703999999999994,1.36928,0.543159036623709,0.639874739039666,0.6130828114126653,4.863981441163141,0.09849816938004692,1.0599999999999998,2.4879722222222225,squeeze_breakout|downtrend,1,1,mixte,365,0,0,30,,,17.0,64.0,59.5,68.0,54.9,42.3,53.79,-10.1,🔴 Sous-performe BTC,False,False,,0,,,,42.3,0,,,,,,,,,,,,42.3,64,ml_gb+alt_blend,Neutre,64.0,63.3,False,,-5.2,False,,,205,True,,,,,
THEUSDT,THE,Speculative,,0.0696,361543.15875,-7.815,40.60215734195691,-0.0012341420173798555,0.07285600000000002,0.07819350000000004,0.7341774946498398,0.1813898704358068,0.1813898704358068,0.5440615199889125,0.320925795117534,0.05202777777777776,0.07929444444444443,,0,0,neutre,365,0,0,30,,,17.0,37.0,85.0,47.0,50,42.2,45.53,-10.2,🔴 Sous-performe BTC,False,False,,0,,,,42.2,3,,Volume ×0.5 (épuisement),,,,,,,2572501,$3M,-5.05,42.2,52,ml_gb+alt_blend,Neutre,64.0,63.3,False,,-6.6,False,,,72,False,,,,,
ROBOUSDT,ROBO,Speculative,934,0.00807,1414215.43802,-8.191,36.306448244084834,1.5122073123003538e-05,0.010619199999999995,0.01600355,0.9934702036916065,0.5138888888888888,0.5138888888888888,1.1768825770642866,0.2855986635455194,0.008624166666666665,0.014786944444444441,,0,0,neutre,218,0,0,30,,,13.0,46.0,49.0,68.0,50,41.6,43.52,-10.8,🔴 Sous-performe BTC,False,False,,0,,,,41.6,0,,,17941514,80419157,2231000000.0,10000000000.0,10000000000.0,22.3,,,,41.6,49,ml_gb+alt_blend,Neutre,64.0,63.3,False,coingecko,-30.9,False,,,77,False,,,,,
CITYUSDT,CITY,Speculative,,0.357,851081.54746,-0.557,47.778980362561036,-0.0005365767303867547,0.36162,0.44381000000000015,0.29998573800595857,0.145,0.1100000000000001,2.5002908872925076,0.4596266794202456,0.3493888888888888,0.39375,support_bounce|uptrend,2,0,haussier,365,0,0,30,,,17.0,64.0,95.5,57.5,76.5,41.5,63.64,-10.9,🔴 Sous-performe BTC,False,False,,0,,,,41.5,1,,,,,,,,,,,,41.5,75,ml_gb+alt_blend,Neutre,64.0,63.3,False,,-4.0,False,,,34,False,,,,,
BANANAUSDT,BANANA,Speculative,,3.907,421026.544238,-2.471,43.2086852407267,-0.026798934816427755,3.975659999999999,3.6147800000000005,0.4823536190302855,0.13264588704007504,0.10099837473879741,1.142431549192006,0.4873843968305774,3.412416666666666,4.15925,uptrend,1,0,haussier,365,0,0,30,,,17.0,54.0,95.5,47.0,65.3,41.3,56.83,-11.1,🔴 Sous-performe BTC,False,False,,0,,,,41.3,1,,,,,,,,,,,,41.3,62,ml_gb+alt_blend,Neutre,64.0,63.3,False,,-3.8,False,,,66,False,,,,,
WLFIUSDT,WLFI,Etabli,60,0.0543,6190121.48915,-3.894,41.39894061484158,-0.00021081512393044663,0.057264,0.06411800000000006,0.42193293181003566,0.13119999999999998,0.13119999999999998,1.1257251501037902,0.2547955414286265,0.05335277777777778,0.06068888888888889,,0,0,neutre,365,0,0,30,,,45.0,46.0,89.5,78.5,50,41.2,56.95,-11.2,🔴 Sous-performe BTC,False,False,,0,,,,41.2,1,,,1722692249,5420963960,31778337976.0,100000000000.0,100000000000.0,31.8,,,,41.2,55,ml_gb+alt_blend,Neutre,64.0,63.3,False,coingecko,-4.7,False,,,39,False,,,,,
BICOUSDT,BICO,Speculative,876,0.02,1103799.7988068,-4.717,41.85122969615076,-0.00014537817451850077,0.0213462,0.022339399999999992,0.8315722729819551,0.7303619408882567,0.6835783151572626,0.6246800182634346,0.2216763850018745,0.012976111111111112,0.034193611111111105,macd_bearish_cross,0,1,baissier,365,0,0,30,,,17.0,37.0,49.0,68.0,39.5,41.0,38.73,-11.4,🔴 Sous-performe BTC,False,False,,0,,,,41.0,3,,MACD cross baissier,19989376,19989376,999999999.9,1000000000.0,1000000000.0,100.0,,,,41.0,43,ml_gb+alt_blend,Neutre,64.0,63.3,False,coingecko,-12.5,False,,,578,True,,,,,
KAITOUSDT,KAITO,Mid,346,0.3161,1404887.97165,-6.59,41.23552032677268,7.712110532335191e-05,0.32750999999999997,0.5031999999999999,0.9288158333581819,0.7776225946617008,0.7555090006207325,0.4676345038512803,0.27243056328928406,0.30132222222222227,1.0634388888888888,,0,0,neutre,365,0,0,30,,,31.0,28.0,43.0,68.0,50,40.9,38.74,-11.5,🔴 Sous-performe BTC,False,False,,0,,,,40.9,2,,Volume ×0.5 (épuisement),76057648,315083466,241388889.0,1000000000.0,1000000000.0,24.1,,,,40.9,42,ml_gb+alt_blend,Neutre,64.0,63.3,False,coingecko,-0.1,False,,,198,True,,,,,
RVNUSDT,RVN,Speculative,597,0.002201,1487753.1052,-7.869,39.05438574933035,1.705093674918474e-05,0.0026579599999999996,0.004215739999999999,1.1612898100490276,0.4668367346938776,0.4385204081632653,3.6907513600922046,0.4775661084238202,0.0022323333333333336,0.0038291666666666665,downtrend|doji_4h,0,1,baissier,365,0,0,30,,,17.0,55.0,58.0,68.0,35.7,40.8,46.34,-11.6,🔴 Sous-performe BTC,False,False,,0,,,,40.8,0,,,36208432,36208408,16495995825.512674,16497450825.51267,21000000000.0,100.0,,,,40.8,53,ml_gb+alt_blend,Neutre,64.0,63.3,False,coingecko,-29.9,False,,,39,False,,,,,
2ZUSDT,2Z,Mid,192,0.0384,3831875.99628,-8.658,32.43112710432648,-0.002448575306230835,0.052750799999999994,0.0697438,1.3256919485104741,0.47008547008547,0.47008547008547,6.692077415585364,0.4678767954240747,0.04594833333333333,0.06835111111111111,breakdown_30d,0,1,baissier,365,0,0,30,,,31.0,46.0,58.0,68.0,36.9,40.7,45.55,-11.7,🔴 Sous-performe BTC,False,False,,3,⚡ Volume ×6.7 vs médiane,,6.69,40.7,1,,,197073383,383055113,5143785706.0,9998069654.0,10000000000.0,51.4,81057032,$81M,-4.36,40.7,55,ml_gb+alt_blend,Neutre,64.0,63.3,False,coingecko,-26.1,False,,,57,False,,,,,
PAXGUSDT,PAXG,Etabli,57,4110.07,19396215.372362,-1.26,33.33887935341973,-6.362832379666152,4363.5196000000005,4382.7975000000015,0.18462874429768003,0.12059473604255326,0.12059473604255326,1.2675464347644074,0.543187173515012,4029.531666666667,4520.134722222222,rsi_bullish_divergence|downtrend,1,1,mixte,365,0,0,30,,,45.0,37.0,95.5,78.5,47.5,40.6,54.14,-11.8,🔴 Sous-performe BTC,False,False,,0,,,,40.6,1,,,1790700596,1790700596,435430.051072,435428.832087,,100.0,,,,40.6,53,ml_gb+alt_blend,Neutre,64.0,63.3,False,coingecko,-6.7,False,,,16,False,,,,,
MARSCOINUSDT,MARSCOIN,Mid,294,0.0973,16982703.19087,-12.105,38.54714720115424,-0.004452896968823723,,,2.4877760980299355,0.6407807308970099,0.5955149501661129,0.3715610075386015,,0.09262307692307693,0.18273076923076925,,0,0,neutre,34,0,0,30,,,21.9,36.0,24.0,78.5,50,40.4,37.68,-12.0,🔴 Sous-performe BTC,False,False,,0,,,,40.4,3,,Volume ×0.4 (épuisement),97198814,97198814,1000000000.0,1000000000.0,1000000000.0,100.0,,,,40.4,42,ml_gb+alt_blend,Neutre,64.0,63.3,False,coingecko,,False,,,0,False,,,,,
GNSUSDT,GNS,Speculative,,0.403,334902.67725,-1.707,33.97685745783032,-0.005965595290800846,0.4759199999999999,0.5586049999999999,0.6482902586579934,0.3663522012578616,0.3663522012578616,3.0492853298209934,0.4593881399863601,0.4255555555555555,0.5933611111111111,macd_bearish_cross|evening_star_4h,0,2,baissier,365,0,0,30,,,17.0,46.0,68.5,47.0,27.1,40.1,41.44,-12.3,🔴 Sous-performe BTC,False,False,,0,,,,40.1,5,⚠️ Surveiller,Étoile du soir 4h|MACD cross baissier,,,,,,,8498473,$8M,-9.24,40.1,50,ml_gb+alt_blend,Neutre,64.0,63.3,False,,-18.3,False,,,42,False,,,,,
SAGAUSDT,SAGA,Speculative,,0.02279,5208063.236294,-4.764,46.45216671178539,-0.0017000908894303504,0.022167600000000003,0.01912665000000001,3.862383116488672,0.695211038961039,0.6907467532467533,1.5896756829855292,0.077012070298712,0.012410277777777775,0.03326277777777778,,0,0,neutre,365,0,0,30,,,17.0,100.0,28.0,78.5,50,39.7,61.58,-12.7,🔴 Sous-performe BTC,False,False,,0,,,,39.7,1,,,,,,,,,,,,39.7,64,ml_gb+alt_blend,Neutre,64.0,63.3,False,,45.3,False,,,303,True,,,,,
GUSDT,G,Speculative,671,0.00431,1022350.21764,-6.71,42.62476772521072,-0.00018426401989176723,0.0046128,0.0037577999999999973,2.7805170908812116,0.5951035781544256,0.5951035781544256,2.010564397734488,0.2824197704914719,0.003300000000000001,0.006049166666666668,,0,0,neutre,365,0,0,30,,,17.0,63.0,28.0,68.0,50,39.3,46.85,-13.1,🔴 Sous-performe BTC,False,False,,0,,,,39.3,1,,,31030012,51482869,7232700000.0,12000000000.0,12000000000.0,60.3,15038225,$15M,-16.22,39.3,54,ml_gb+alt_blend,Neutre,64.0,63.3,False,coingecko,10.2,False,,,230,True,,,,,
DEXEUSDT,DEXE,Mid,393,1.849,1674502.4695,-1.597,40.12558329143361,0.032907718252300794,1.92552,11.149454999999998,0.5102830880308663,0.9651687270297361,0.9613890745071835,0.43420996561513037,-0.01380892587652028,1.799611111111111,25.663194444444443,uptrend,1,0,haussier,365,0,0,30,,,31.0,28.0,53.5,68.0,65.3,39.3,43.65,-13.1,🔴 Sous-performe BTC,False,False,,0,,,,39.3,2,,Volume ×0.4 (épuisement),65184517,178397572,35261722.78165521,96504599.33609451,,36.5,,,,39.3,48,ml_gb+alt_blend,Neutre,64.0,63.3,False,coingecko,-6.2,False,,,333,True,,,,,
TUTUSDT,TUT,Speculative,908,0.02273,2450978.58066,-8.568,43.58980599569973,0.0002826831598623566,0.028712399999999992,0.019293249999999994,1.1035341969012555,0.9059273232724385,0.8873610007942813,0.3335547569467589,0.09355398174220074,0.013295277777777774,0.07076083333333333,doji_4h,0,0,neutre,365,0,0,30,,,17.0,36.0,32.5,68.0,50,39.3,37.52,-13.1,🔴 Sous-performe BTC,False,False,,0,,,,39.3,2,,Volume ×0.3 (épuisement),18783105,18783105,830932240.1450133,830932240.1450133,1000000000.0,100.0,,,,39.3,43,ml_gb+alt_blend,Neutre,64.0,63.3,False,coingecko,-8.3,False,,,1939,True,,,,,
HOMEUSDT,HOME,Speculative,792,0.00544,1105180.01132,-8.263,39.343172931922815,-3.7451699511335416e-05,0.0059954,0.015164299999999995,0.8623161986111165,0.7192498621070049,0.700496414782129,0.3616391802019465,0.1914714378545493,0.0054669444444444435,0.01178638888888889,,0,0,neutre,365,0,0,30,,,17.0,28.0,49.0,68.0,50,39.0,37.45,-13.4,🔴 Sous-performe BTC,False,False,,0,,,,39.0,3,,Volume ×0.4 (épuisement),23529733,54218533,4339795197.56,10000000000.0,10000000000.0,43.4,,,,39.0,43,ml_gb+alt_blend,Neutre,64.0,63.3,False,coingecko,-9.8,False,,,156,True,,,,,
FOGOUSDT,FOGO,Speculative,761,0.00493,990589.87032,-8.364,32.01240231834605,-1.500538814148565e-05,0.006891400000000001,0.012118399999999996,1.02409497130544,0.5085085085085085,0.5085085085085085,4.542837806232929,0.5690624913908484,0.005665277777777778,0.009461388888888889,breakdown_30d|rsi_bullish_divergence|downtrend,1,2,baissier,266,0,0,30,,,14.3,46.0,44.5,57.5,34.4,38.1,39.0,-14.3,🔴 Sous-performe BTC,False,False,,0,,,,38.1,1,,,25728132,48376580,5231694245.967153,9837171820.400415,,53.2,,,,38.1,48,ml_gb+alt_blend,Neutre,64.0,63.3,False,coingecko,-32.7,False,,,25,False,,,,,
HEMIUSDT,HEMI,Speculative,779,0.00574,4504777.185704,-2.547,38.32790750537057,4.9262543152473956e-05,0.008306600000000003,0.006777950000000001,1.0867414685714565,0.6497864551555826,0.6497864551555826,1.7319133460920122,0.28667758830659484,0.0044841666666666676,0.01226,breakdown_30d|downtrend,0,2,baissier,365,0,0,30,,,17.0,63.0,38.5,68.0,22.6,37.7,43.27,-14.7,🔴 Sous-performe BTC,False,False,,0,,,,37.7,0,,,24345197,57397365,4241476557.216811,9999901783.24647,10000000000.0,42.4,45215843,$45M,-6.06,37.7,45,ml_gb+alt_blend,Neutre,64.0,63.3,False,coingecko,-34.6,False,,,280,True,,,,,
BANKUSDT,BANK,Speculative,844,0.0275,1422082.67749,-2.827,36.97839444669888,-0.00014378378236349233,0.03279,0.04993499999999998,1.3170731537349554,0.9288912299183565,0.9275744008427705,0.3493517587843423,0.015160379257023822,0.028672222222222224,0.19532222222222223,macd_bearish_cross,0,1,baissier,329,0,0,30,,,16.0,28.0,32.5,68.0,39.5,37.7,32.26,-14.7,🔴 Sous-performe BTC,False,False,,0,,,,37.7,5,⚠️ Surveiller,Volume ×0.3 (épuisement)|MACD cross baissier,21293973,57626988,775979167.000438,2100000000.0,2100000000.0,37.0,502364667,$502M,-2.07,37.7,38,ml_gb+alt_blend,Neutre,64.0,63.3,False,coingecko,-21.0,False,,,1023,True,,,,,
LSKUSDT,LSK,Mid,467,0.2395,2032584.60529,-5.746,44.08440633570299,-0.01837908390181559,0.23316599999999998,0.13668350000000004,5.314116345425031,0.6970733561383504,0.6970733561383504,3.073470308090782,0.015070108476364818,0.07428888888888889,0.4568055555555556,,0,0,neutre,365,0,0,30,,,31.0,91.0,28.0,68.0,50,37.3,59.72,-15.1,🔴 Sous-performe BTC,False,False,,0,,,,37.3,1,,,51672190,71629974,216412990.99494433,300000000.0,300000000.0,72.1,,,,37.3,63,ml_gb+alt_blend,Neutre,64.0,63.3,False,coingecko,130.1,False,,,1331,True,,,,,
MINAUSDT,MINA,Mid,251,0.0975,15791225.16544,-23.529,37.877877254264334,-0.006744778541164231,0.099362,0.06269199999999998,1.8877560263944821,0.403186274509804,0.403186274509804,8.575825727659323,0.4086712454039544,0.040077777777777775,0.1440916666666667,macd_bearish_cross,0,1,baissier,365,0,0,30,,,31.0,63.0,47.5,78.5,39.5,36.3,51.43,-16.1,🔴 Sous-performe BTC,False,False,,3,⚡ Volume ×8.6 vs médiane,,8.58,36.3,3,,MACD cross baissier,124300624,124300624,1293631019.840039,1293631019.840039,,100.0,,,,36.3,59,ml_gb+alt_blend,Neutre,64.0,63.3,False,coingecko,19.8,False,,,342,True,,,,,
AMZNBUSDT,AMZNB,Speculative,,254.84,594998.54921,0.628,54.42616141920371,1.032844533270803,255.59540000000004,,0.22116904464812073,0.11983721843429834,0.08988683825366797,2.0626558616525497,,246.45357142857145,274.3003571428571,squeeze_breakout,1,0,haussier,71,0,0,30,,,8.9,72.0,90.0,57.5,69.2,0,62.85,4,≈ Neutre vs BTC,False,False,,0,,,,75,0,,,,,,,,,,,,,75,exclu_derive,Neutre,64.0,63.3,True,,,False,,,,False,,,,,
TQQQBUSDT,TQQQB,Speculative,,82.13,1250264.9748,-3.354,63.409314198806875,0.29329974952939386,74.1812,,0.4530042725988794,0.15708757345563987,0.024309261235621927,3.0708712589230824,,64.95387096774193,80.3383870967742,uptrend,1,0,haussier,78,0,0,30,,,9.1,72.0,90.0,68.0,65.3,0,62.96,3,≈ Neutre vs BTC,False,False,,0,,,,74,2,,Près du plus haut 90j (résistance),,,,,,,,,,,74,exclu_derive,Neutre,64.0,63.3,True,,,False,,,,False,,,,,
QQQBUSDT,QQQB,Speculative,,753.45,14958844.39776,-1.113,64.16695518547004,0.9134788118754571,725.6455999999998,,0.14865745006399242,0.08222797071935714,0.008393301145856624,4.17298011088144,0.43798503460718163,689.5036111111111,744.9811111111111,resistance_test|uptrend,1,1,mixte,100,0,0,30,,,9.7,72.0,100.0,78.5,54.2,0,63.46,2,≈ Neutre vs BTC,False,False,,0,,,,73,2,,Près du plus haut 90j (résistance),,,,,,,,,,,73,exclu_derive,Neutre,64.0,63.3,True,,,False,,,,False,,,,,
WBETHUSDT,WBETH,Speculative,,2842.5,2321480.843452,-5.288,44.766351202346684,-22.127523525728748,2815.382,2340.261899999999,0.4304843354195015,0.07425949103045464,0.07425949103045464,2.6629578759400476,0.8797520212224679,2027.3894444444438,2986.3905555555557,,0,0,neutre,365,0,0,30,,,17.0,91.0,92.0,68.0,50,0,68.72,2,≈ Neutre vs BTC,False,False,,0,,,,73,1,,,,,,,,,,,,,73,exclu_derive,Neutre,64.0,63.3,True,,,False,,,,False,,,,,
BNSOLUSDT,BNSOL,Speculative,,131.7,1499574.1513,-3.798,54.16030482557788,-0.9456570589196662,121.29600000000003,96.75399999999995,0.6016218910227423,0.11056910569105687,0.04706734250543085,1.5477851419347743,0.8397630854331853,82.78055555555554,134.46666666666664,,0,0,neutre,365,0,0,30,,,17.0,100.0,81.5,68.0,50,0,70.24,2,≈ Neutre vs BTC,False,False,,0,,,,73,3,,Près du plus haut 90j (résistance),,,,,,,,,,,73,exclu_derive,Neutre,64.0,63.3,True,,,False,,,,False,,,,,
SPYBUSDT,SPYB,Speculative,,774.48,1907964.85124,-0.738,57.54437868394836,0.9709777001735003,767.1656000000002,,0.09667286401818484,0.03088956123082614,0.006948896125541774,1.7804618214982075,0.37767779967179,743.6530555555556,775.425,resistance_test|uptrend,1,1,mixte,93,0,0,30,,,9.5,72.0,100.0,68.0,54.2,0,62.59,-2,≈ Neutre vs BTC,False,False,,0,,,,69,2,,Près du plus haut 90j (résistance),,,,,,,,,,,69,exclu_derive,Neutre,64.0,63.3,True,,,False,,,,False,,,,,
INTWBUSDT,INTWB,Speculative,,27.94,909519.6422,-3.722,48.97577288811758,-0.7737498373538809,24.622600000000002,,1.3465898441992288,0.4088191330343797,0.20378210556025964,2.2887672702908826,,17.914193548387093,31.871290322580645,uptrend,1,0,haussier,78,0,0,30,,,9.1,72.0,52.5,57.5,65.3,0,55.46,-3,≈ Neutre vs BTC,False,False,,0,,,,68,1,,,,,,,,,,,,,68,exclu_derive,Neutre,64.0,63.3,True,,,False,,,,False,,,,,
METABUSDT,METAB,Speculative,,723.42,428011.49297,-2.3,55.589179807114895,-5.211087185022365,653.4168,,0.5329569429081819,0.20293754410726886,0.06776426904580786,0.5670936584235499,0.22335092760961467,555.8316666666667,735.575277777778,bull_flag|uptrend,2,0,haussier,100,0,0,30,,,9.7,54.0,94.0,47.0,77.2,0,57.69,-3,≈ Neutre vs BTC,False,False,,0,,,,68,3,,Volume ×0.6 (épuisement),,,,,,,,,,,68,exclu_derive,Neutre,64.0,63.3,True,,,False,,,,False,,,,,
MRVLBUSDT,MRVLB,Speculative,,279.5,3875986.75257,-6.177,64.51655199318593,1.0024521561936233,241.6972,,0.5413575175045788,0.23734177215189875,0.0287240685492263,1.1279715683501406,,188.4352941176471,266.52117647058816,uptrend,1,0,haussier,85,0,0,30,,,9.3,63.0,90.0,68.0,65.3,0,59.61,-4,≈ Neutre vs BTC,False,False,,0,,,,67,2,,Près du plus haut 90j (résistance),,,,,,,,,,,67,exclu_derive,Neutre,64.0,63.3,True,,,False,,,,False,,,,,
AAPLBUSDT,AAPLB,Speculative,,334.94,1319540.25695,0.604,54.58306716889652,-0.8983142621881983,326.9152,,0.1874788531246869,0.1142723059775913,0.01719441108409738,1.0561598026740173,,305.5403571428572,339.0017857142857,uptrend|doji_4h,1,0,haussier,71,0,0,30,,,8.9,63.0,90.0,68.0,65.3,0,59.55,-4,≈ Neutre vs BTC,False,False,,0,,,,67,3,,Près du plus haut 90j (résistance),,,,,,,,,,,67,exclu_derive,Neutre,64.0,63.3,True,,,False,,,,False,,,,,
WBTCUSDT,WBTC,Speculative,,83185.18,2254642.012703,-3.505,52.79097115093796,-281.8578120599061,80251.11179999998,71674.64379999998,0.3811828894032743,0.06885284093360361,0.038709496389369914,0.4799975733599252,0.9997049805576959,63217.53583333332,84559.7825,,0,0,neutre,365,0,0,30,,,17.0,73.0,86.0,68.0,50,0,60.9,-5,≈ Neutre vs BTC,False,False,,0,,,,66,5,⚠️ Surveiller,Volume ×0.5 (épuisement)|Près du plus haut 90j (résistance),,,,,,,9716179014,$9.7B,-2.07,,66,exclu_derive,Neutre,64.0,63.3,True,,,False,,,,False,,,,,
TSLABUSDT,TSLAB,Speculative,783,376.03,2052957.39719,-1.292,56.93877295745844,0.758611932995251,362.95419999999996,,0.29714858527250204,0.27078070196953713,0.07968899462853488,1.0435777133387205,0.4373681727650708,316.0955555555556,389.5369444444444,macd_bullish_cross,1,0,haussier,119,0,0,30,,,10.3,63.0,88.0,68.0,61.7,0,58.7,-5,≈ Neutre vs BTC,False,False,,0,,,,66,0,,,24047523,24049047,64185.84474555,64198.21774185,,100.0,,,,,66,exclu_derive,Neutre,64.0,63.3,True,coingecko,,False,,,,False,,,,,
GOOGLBUSDT,GOOGLB,Speculative,656,345.6,3044383.87228,-0.084,49.991404609999606,0.1209522246024381,343.353,,0.2675349364525133,0.14247347925339066,0.09229593718712133,0.8032823173133072,0.1540241905932057,330.8119444444445,361.7463888888889,macd_bullish_cross,1,0,haussier,93,0,0,30,,,9.5,54.0,94.0,68.0,61.7,0,56.26,-7,≈ Neutre vs BTC,False,False,,0,,,,64,0,,,31872537,31872537,92638.26796029,92640.96655231,,100.0,,,,,64,exclu_derive,Neutre,64.0,63.3,True,coingecko,,False,,,,False,,,,,
INTCBUSDT,INTCB,Speculative,857,113.65,2990011.20022,-1.992,50.61339999507092,-1.5835467240814527,104.29700000000001,,0.6791553390868257,0.27076426843472806,0.1023783272956371,1.1531941480657197,0.30719402321704165,88.1522222222222,119.72388888888888,uptrend,1,0,haussier,107,0,0,30,,,9.9,63.0,73.0,68.0,65.3,0,56.7,-7,≈ Neutre vs BTC,False,False,,0,,,,64,1,,,20658218,20692694,180957.81695051998,182242.59491863,,99.3,,,,,64,exclu_derive,Neutre,64.0,63.3,True,coingecko,,False,,,,False,,,,,
BEBUSDT,BEB,Speculative,,290.32,407073.82792,-1.593,57.821074710562996,-0.36349940911742706,255.11160000000007,,0.7807707775637112,0.17404031111482804,0.017767869206864097,0.5398290992575047,,198.6057142857142,288.65214285714285,uptrend,1,0,haussier,71,0,0,30,,,8.9,54.0,79.5,47.0,65.3,0,52.63,-8,🔴 Sous-performe BTC,False,False,,0,,,,63,5,⚠️ Surveiller,Volume ×0.5 (épuisement)|Près du plus haut 90j (résistance),,,,,,,,,,,63,exclu_derive,Neutre,64.0,63.3,True,,,False,,,,False,,,,,
MSTRBUSDT,MSTRB,Mid,431,156.47,10732163.37432,-6.574,53.33615375320678,-1.1520457184594282,141.93320000000003,,0.77539442234792,0.13126833594869342,0.07735426008968602,1.4266019182004888,0.8521867837394782,92.93305555555557,161.4236111111111,,0,0,neutre,107,0,0,30,,,23.9,63.0,81.5,78.5,50,0,58.36,-9,🔴 Sous-performe BTC,False,False,,0,,,,62,1,,,56798678,56798678,365333.003289,365333.003289,,100.0,,,,,62,exclu_derive,Neutre,64.0,63.3,True,coingecko,,False,,,,False,,,,,
AMATBUSDT,AMATB,Speculative,,520.59,224763.6043,-2.608,63.07244050228071,3.814030509276252,475.1858,,0.4524755379384763,0.24503910776361534,0.05456981460023193,0.9998534937942226,,436.40678571428555,542.3432142857142,,0,0,neutre,71,0,0,30,,,8.9,54.0,90.0,47.0,50,0,51.44,-10,🔴 Sous-performe BTC,False,False,,0,,,,61,0,,,,,,,,,,,,,61,exclu_derive,Neutre,64.0,63.3,True,,,False,,,,False,,,,,
SMHBUSDT,SMHB,Speculative,,621.62,68125.16463,-2.662,64.23044838360617,1.2940399049802522,579.2835999999999,,0.2738882648319565,0.0875344491496942,0.018055599282183716,0.5988859576408558,,541.2042857142857,618.3275000000001,,0,0,neutre,71,0,0,30,,,8.9,54.0,90.0,47.0,50,0,51.44,-10,🔴 Sous-performe BTC,False,False,,0,,,,61,4,⚠️ Surveiller,Volume ×0.6 (épuisement)|Près du plus haut 90j (résistance),,,,,,,,,,,61,exclu_derive,Neutre,64.0,63.3,True,,,False,,,,False,,,,,
SNDKBUSDT,SNDKB,Speculative,578,1667.37,20109166.746412,-1.263,46.38252610904796,-16.63817098255729,1659.7355999999997,,0.6285558707551807,0.48035647173298596,0.13912385384864873,0.6887111886120758,0.27360131916983205,1238.0316666666668,1825.3747222222223,bullish_engulfing_4h,1,0,haussier,119,0,0,30,,,10.3,54.0,67.0,78.5,63.0,0,52.68,-11,🔴 Sous-performe BTC,False,False,,0,,,,60,1,,,38225637,38395390,22831.709515839997,23138.41512249,,98.7,,,,,60,exclu_derive,Neutre,64.0,63.3,True,coingecko,,False,,,,False,,,,,
NVDABUSDT,NVDAB,Speculative,521,238.68,9541553.18168,-1.319,69.52029158504746,1.1955763509909216,223.84079999999997,,0.24042409843831541,0.09774613353451536,0.005247157789530633,3.534567332497256,0.31382381266653997,201.36666666666665,232.69138888888892,resistance_test|downtrend,0,2,baissier,119,0,0,30,,,10.3,63.0,100.0,78.5,24.6,0,54.28,-11,🔴 Sous-performe BTC,False,False,,0,,,,60,2,,Près du plus haut 90j (résistance),44444378,44598365,186370.76163144,187160.97748288,,99.6,,,,,60,exclu_derive,Neutre,64.0,63.3,True,coingecko,,False,,,,False,,,,,
EWYBUSDT,EWYB,Speculative,,181.62,491964.82183,-4.421,45.01827720458034,-0.32899114901822624,183.87580000000003,,0.39364348373195496,0.20721750489875895,0.05523572428815936,0.8243414372503481,0.38169739506649836,159.71833333333336,189.88222222222223,macd_bearish_cross,0,1,baissier,107,0,0,30,,,9.9,54.0,100.0,47.0,39.5,0,51.3,-11,🔴 Sous-performe BTC,False,False,,0,,,,60,3,,MACD cross baissier,,,,,,,,,,,60,exclu_derive,Neutre,64.0,63.3,True,,,False,,,,False,,,,,
CRWVBUSDT,CRWVB,Speculative,,89.37,445431.9794,-2.392,52.37666122008939,0.3797973310571189,87.09839999999998,,0.6967408364365991,0.26866902237926976,0.16640119928792282,0.8370275911170676,,74.06967741935485,99.90838709677416,uptrend,1,0,haussier,78,0,0,30,,,9.1,54.0,63.0,47.0,65.3,0,49.73,-11,🔴 Sous-performe BTC,False,False,,0,,,,60,0,,,,,,,,,,,,,60,exclu_derive,Neutre,64.0,63.3,True,,,False,,,,False,,,,,
RKLBBUSDT,RKLBB,Speculative,,71.69,408124.6899,-7.089,51.66737001258465,0.02655830434835038,68.37740000000002,,0.6362185602333873,0.2752056404230317,0.15687426556991768,0.597396175278123,,62.49529411764706,80.2114705882353,uptrend,1,0,haussier,85,0,0,30,,,9.3,54.0,63.0,47.0,65.3,0,49.76,-11,🔴 Sous-performe BTC,False,False,,0,,,,60,2,,Volume ×0.6 (épuisement),,,,,,,,,,,60,exclu_derive,Neutre,64.0,63.3,True,,,False,,,,False,,,,,
COHRBUSDT,COHRB,Speculative,,320.67,335800.84738,-4.67,53.89371126936145,3.160956912904245,296.44800000000004,,0.7991758581273671,0.31761338730887245,0.17368434623417467,0.5089745348344219,,271.9328,355.4036,uptrend,1,0,haussier,64,0,0,30,,,8.8,54.0,63.0,47.0,65.3,0,49.67,-11,🔴 Sous-performe BTC,False,False,,0,,,,60,2,,Volume ×0.5 (épuisement),,,,,,,,,,,60,exclu_derive,Neutre,64.0,63.3,True,,,False,,,,False,,,,,
MSFTBUSDT,MSFTB,Speculative,,527.22,308796.56642,-1.16,67.28423022987442,1.4006285288197677,502.42259999999993,,0.21550570106309797,0.05144910368790966,0.005137115660648234,1.4822756214226878,0.017890790689838374,389.14611111111105,517.0908333333332,resistance_test|squeeze_breakout,1,1,mixte,100,0,0,30,,,9.7,54.0,94.0,47.0,58.0,0,53.88,-11,🔴 Sous-performe BTC,False,False,,0,,,,60,2,,Près du plus haut 90j (résistance),,,,,,,,,,,60,exclu_derive,Neutre,64.0,63.3,True,,,False,,,,False,,,,,
PLTRBUSDT,PLTRB,Speculative,,191.29,146504.047,-0.68,63.010227201821756,-0.13459082808586542,180.52839999999998,,0.3125674528764946,0.11832859518317868,0.004533138807836475,0.8173402205408653,0.25236031178736695,125.04305555555555,189.52805555555557,macd_bearish_cross|resistance_test|uptrend,1,2,baissier,100,0,0,30,,,9.7,54.0,94.0,47.0,43.7,0,51.03,-11,🔴 Sous-performe BTC,False,False,,0,,,,60,5,⚠️ Surveiller,Près du plus haut 90j (résistance)|MACD cross baissier,,,,,,,,,,,60,exclu_derive,Neutre,64.0,63.3,True,,,False,,,,False,,,,,
CRWDBUSDT,CRWDB,Speculative,,270.49,114842.3591,-3.918,70.3913228884895,-0.9988476410664369,,,0.5365152957601476,0.03814942635948129,0.026619789050728333,1.9293863592570077,,206.93642857142854,273.0342857142857,,0,0,neutre,36,0,0,30,,,8.0,63.0,90.0,47.0,50,0,54.66,-11,🔴 Sous-performe BTC,False,False,,0,,,,60,3,,Près du plus haut 90j (résistance),,,,,,,,,,,60,exclu_derive,Neutre,64.0,63.3,True,,,False,,,,False,,,,,
ALABBUSDT,ALABB,Speculative,,371.55,108034.21722,-6.481,60.461550272331124,1.1207690186743449,312.92240000000004,,0.845105037343562,0.2470490784841581,0.05575580949459315,0.3367228003680198,,273.8347999999999,365.79200000000014,uptrend,1,0,haussier,64,0,0,30,,,8.8,45.0,79.5,47.0,65.3,0,49.22,-11,🔴 Sous-performe BTC,False,False,,0,,,,60,2,,Volume ×0.3 (épuisement),,,,,,,,,,,60,exclu_derive,Neutre,64.0,63.3,True,,,False,,,,False,,,,,
SMCIBUSDT,SMCIB,Speculative,,44.02,83630.7583,-0.317,62.04826457498216,0.03543255087339814,39.6134,,0.6282724720402748,0.13571428571428565,0.0029525323642971284,0.22129833366154428,,33.1592,43.2416,uptrend,1,0,haussier,64,0,0,30,,,8.8,45.0,79.5,47.0,65.3,0,49.22,-11,🔴 Sous-performe BTC,False,False,,0,,,,60,4,⚠️ Surveiller,Volume ×0.2 (épuisement)|Près du plus haut 90j (résistance),,,,,,,,,,,60,exclu_derive,Neutre,64.0,63.3,True,,,False,,,,False,,,,,
GSBUSDT,GSB,Speculative,,870.66,51960.146139,-3.758,25.092962911478082,-0.9395031543835266,982.9764000000001,,0.24152401431802192,0.1820741655440802,0.1820741655440802,2.1988876826636976,,911.0503571428573,1052.9410714285714,breakdown_30d|downtrend,0,2,baissier,71,0,0,30,,,8.9,54.0,85.5,47.0,22.6,0,45.19,-11,🔴 Sous-performe BTC,False,False,,0,,,,60,1,,,,,,,,,,,,,60,exclu_derive,Neutre,64.0,63.3,True,,,False,,,,False,,,,,
MUBUSDT,MUB,Speculative,509,1037.14,5486675.84774,-3.297,49.80301155608163,-6.842086941201405,1001.8698,,0.45753432325382803,0.2574808558786091,0.05272221969110221,0.48274738785853477,0.3044908958910567,841.2191666666668,1068.854722222222,macd_bearish_cross|uptrend,1,1,mixte,119,0,0,30,,,10.3,45.0,88.0,78.5,54.8,0,51.41,-12,🔴 Sous-performe BTC,False,False,,0,,,,59,5,⚠️ Surveiller,Volume ×0.5 (épuisement)|MACD cross baissier,45711207,45721830,43783.05947409,43817.12959591,,99.9,,,,,59,exclu_derive,Neutre,64.0,63.3,True,coingecko,,False,,,,False,,,,,
MRNABUSDT,MRNAB,Speculative,,188.17,1630127.20156,-3.493,55.12347689627798,-3.742696164036918,,,0.7782802247896758,0.10426603073661903,0.07996657819718868,0.9197210525054431,,140.16500000000002,201.5257142857143,,0,0,neutre,36,0,0,30,,,8.0,54.0,79.5,68.0,50,0,51.1,-12,🔴 Sous-performe BTC,False,False,,0,,,,59,1,,,,,,,,,,,,,59,exclu_derive,Neutre,64.0,63.3,True,,,False,,,,False,,,,,
AVGOBUSDT,AVGOB,Speculative,,371.42,1458103.70661,-0.804,58.7896404777495,2.838250216862934,359.9656000000001,,0.3163829733342239,0.2070421877916745,0.13300354676124695,1.4196564228968669,,349.7379411764706,412.37470588235294,downtrend|doji_4h,0,1,baissier,85,0,0,30,,,9.3,63.0,85.5,68.0,35.7,0,52.93,-12,🔴 Sous-performe BTC,False,False,,0,,,,59,0,,,,,,,,,,,,,59,exclu_derive,Neutre,64.0,63.3,True,,,False,,,,False,,,,,
MVLLBUSDT,MVLLB,Speculative,,39.76,624003.6954,-11.743,64.72165147701196,0.3503661572764383,30.901,,1.0517199187402178,0.4361549497847919,0.0468085106382978,0.6712721015585159,,21.28064516129032,37.060645161290324,uptrend,1,0,haussier,78,0,0,30,,,9.1,54.0,57.0,57.5,65.3,0,49.51,-12,🔴 Sous-performe BTC,False,False,,0,,,,59,2,,Près du plus haut 90j (résistance),,,,,,,,,,,59,exclu_derive,Neutre,64.0,63.3,True,,,False,,,,False,,,,,
TSMBUSDT,TSMB,Speculative,,473.44,530441.78966,-2.371,66.83373419437132,2.029618175839614,436.4064,,0.24020957282510155,0.1174337845791642,0.02529746614331806,0.9303139981493636,,400.71147058823533,459.8076470588236,uptrend,1,0,haussier,85,0,0,30,,,9.3,45.0,90.0,57.5,65.3,0,52.02,-12,🔴 Sous-performe BTC,False,False,,0,,,,59,2,,Près du plus haut 90j (résistance),,,,,,,,,,,59,exclu_derive,Neutre,64.0,63.3,True,,,False,,,,False,,,,,
AMDBUSDT,AMDB,Speculative,,637.09,498132.90189,-1.17,67.07712505500109,-1.5283708883391967,536.9673999999999,,0.5195258365801833,0.23801564722617347,0.020203724726168132,0.5601537852688203,0.2892214939016612,460.3963888888888,621.1158333333333,bull_flag|resistance_test|uptrend,2,1,haussier,107,0,0,30,,,9.9,45.0,94.0,47.0,66.1,0,52.13,-12,🔴 Sous-performe BTC,False,False,,0,,,,59,5,⚠️ Surveiller,Volume ×0.6 (épuisement)|Près du plus haut 90j (résistance),,,,,,,,,,,59,exclu_derive,Neutre,64.0,63.3,True,,,False,,,,False,,,,,
QCOMBUSDT,QCOMB,Speculative,,178.96,176302.28612,-1.111,43.986252458159605,-2.196679877854602,177.61559999999994,,0.5938221746685574,0.2195315811784655,0.11952779144121992,0.514123761484205,0.17114691161063386,156.34138888888893,193.04833333333337,uptrend|doji_4h,1,0,haussier,93,0,0,30,,,9.5,45.0,89.5,47.0,65.3,0,51.13,-12,🔴 Sous-performe BTC,False,False,,0,,,,59,3,,Volume ×0.5 (épuisement),,,,,,,,,,,59,exclu_derive,Neutre,64.0,63.3,True,,,False,,,,False,,,,,
DELLBUSDT,DELLB,Speculative,,577.97,174077.14649,-0.949,61.47931184206732,-0.33871363778718333,522.0214,,0.6442087337691916,0.13226130653266335,0.017531081676208583,0.7316503820607054,,418.69500000000005,573.2628571428571,,0,0,neutre,71,0,0,30,,,8.9,54.0,79.5,47.0,50,0,49.58,-12,🔴 Sous-performe BTC,False,False,,0,,,,59,3,,Près du plus haut 90j (résistance),,,,,,,,,,,59,exclu_derive,Neutre,64.0,63.3,True,,,False,,,,False,,,,,
CBRSBUSDT,CBRSB,Speculative,,173.64,1378180.59574,-4.599,36.929953221317426,-2.155930045801446,192.61060000000006,,0.5853958963913797,0.3201473033974816,0.31191098439851106,1.5454724242533209,0.20546302138765396,174.15694444444452,227.6861111111112,,0,0,neutre,93,0,0,30,,,9.5,63.0,73.0,68.0,50,0,53.59,-13,🔴 Sous-performe BTC,False,False,,0,,,,58,1,,,,,,,,,,,,,58,exclu_derive,Neutre,64.0,63.3,True,,,False,,,,False,,,,,
STXBUSDT,STXB,Speculative,,793.6,484338.51163,-5.02,39.66939253191427,-17.99594816211867,,,0.7240319973729663,0.1589648015587276,0.1589648015587276,1.9403105069391,,787.8021428571429,929.7157142857142,doji_4h,0,0,neutre,36,0,0,30,,,8.0,63.0,75.0,47.0,50,0,52.0,-13,🔴 Sous-performe BTC,False,False,,0,,,,58,1,,,,,,,,,,,,,58,exclu_derive,Neutre,64.0,63.3,True,,,False,,,,False,,,,,
DRAMBUSDT,DRAMB,Speculative,826,58.68,476114.6901,-3.756,45.76093864989974,-0.35929221261736954,58.876400000000004,,0.4474545886794068,0.2887022658849627,0.0755485893416928,0.3711457650701758,0.36394780403543814,50.29166666666666,62.37027777777779,double_top_90d|uptrend,1,1,mixte,93,0,0,30,,,9.5,45.0,88.0,47.0,49.9,0,47.8,-13,🔴 Sous-performe BTC,False,False,,0,,,,58,5,⚠️ Surveiller,Volume ×0.4 (épuisement)|Double sommet,22308760,22308760,377999.77675262,377999.77675262,,100.0,,,,,58,exclu_derive,Neutre,64.0,63.3,True,coingecko,,False,,,,False,,,,,
ASTSBUSDT,ASTSB,Speculative,,59.42,155383.2207,-7.098,47.21592897781411,0.1521047576694159,61.23580000000002,,0.6845457667249709,0.24245283018867927,0.20080862533692728,0.3981818716103831,,57.66440000000001,72.1224,macd_bullish_cross,1,0,haussier,64,0,0,30,,,8.8,45.0,75.0,47.0,61.7,0,47.7,-13,🔴 Sous-performe BTC,False,False,,0,,,,58,2,,Volume ×0.4 (épuisement),,,,,,,,,,,58,exclu_derive,Neutre,64.0,63.3,True,,,False,,,,False,,,,,
GMEBUSDT,GMEB,Speculative,,24.68,64085.3125,-0.524,63.57911818965006,-0.09434542093205578,21.2478,,0.4780458521078213,0.05986339895540386,0.024911032028469712,0.04373716697152514,,18.012272727272727,24.77954545454546,,0,0,neutre,57,0,0,30,,,8.6,45.0,90.0,47.0,50,0,48.0,-13,🔴 Sous-performe BTC,False,False,,0,,,,58,5,⚠️ Surveiller,Volume ×0.0 (épuisement)|Près du plus haut 90j (résistance),,,,,,,,,,,58,exclu_derive,Neutre,64.0,63.3,True,,,False,,,,False,,,,,
SPCXBUSDT,SPCXB,Mid,333,167.82,24219398.93012,-4.13,67.15940148650338,1.8698356867862533,148.35000000000002,,0.5222739142303474,0.2609856262833675,0.02467343976777939,0.7619483859143287,0.14151526190991615,113.6625,156.7533333333333,uptrend|doji_4h,1,0,haussier,118,0,0,30,,,24.2,45.0,82.0,78.5,65.3,0,54.79,-14,🔴 Sous-performe BTC,False,False,,0,,,,57,2,,Près du plus haut 90j (résistance),79504046,79887575,472730.02040432,475869.80241661,,99.3,,,,,57,exclu_derive,Neutre,64.0,63.3,True,coingecko,,False,,,,False,,,,,
ORCLBUSDT,ORCLB,Speculative,,143.26,303235.26964,-1.418,49.33145072696054,0.730612914960139,147.08700000000002,,0.47237084018771575,0.18961721902898368,0.12486241898006596,0.4837881953131528,,125.20290322580645,157.28,macd_bullish_cross|downtrend,1,1,mixte,78,0,0,30,,,9.1,45.0,85.5,47.0,47.4,0,46.79,-14,🔴 Sous-performe BTC,False,False,,0,,,,57,2,,Volume ×0.5 (épuisement),,,,,,,,,,,57,exclu_derive,Neutre,64.0,63.3,True,,,False,,,,False,,,,,
GLWBUSDT,GLWB,Speculative,,163.61,271121.56711,-1.076,55.24490509986639,0.9193225786552515,154.44459999999998,,0.643190929315092,0.3528519893344487,0.14090029800805154,0.7831972253435141,0.2202798258410883,140.6947222222222,175.3397222222222,doji_4h,0,0,neutre,93,0,0,30,,,9.5,54.0,67.0,47.0,50,0,47.46,-14,🔴 Sous-performe BTC,False,False,,0,,,,57,0,,,,,,,,,,,,,57,exclu_derive,Neutre,64.0,63.3,True,,,False,,,,False,,,,,
CRDOBUSDT,CRDOB,Speculative,,211.67,111420.30968,-5.937,57.44469023896209,2.6014962359632214,196.79360000000008,,0.7711535165656389,0.46931790112565724,0.25032640530717387,0.1471345510332492,,162.0428,259.8348,uptrend,1,0,haussier,64,0,0,30,,,8.8,45.0,63.0,47.0,65.3,0,46.29,-14,🔴 Sous-performe BTC,False,False,,0,,,,57,2,,Volume ×0.1 (épuisement),,,,,,,,,,,57,exclu_derive,Neutre,64.0,63.3,True,,,False,,,,False,,,,,
PYPLBUSDT,PYPLB,Speculative,,54.66,40946.1987,0.11,55.38306895348344,0.23813119111563946,55.192200000000014,,0.28438918186412565,0.18367027111737969,0.14104372355430184,0.403448551552625,,52.286071428571425,61.97178571428571,,0,0,neutre,71,0,0,30,,,8.9,45.0,85.5,47.0,50,0,47.27,-14,🔴 Sous-performe BTC,False,False,,0,,,,57,2,,Volume ×0.4 (épuisement),,,,,,,,,,,57,exclu_derive,Neutre,64.0,63.3,True,,,False,,,,False,,,,,
SOXLBUSDT,SOXLB,Speculative,,154.09,2163804.45019,-9.07,57.067838211120026,0.5519941940605015,129.071,,1.029378922652646,0.5300971861802269,0.21492901847046256,0.3319050563417217,0.3643337311588636,107.2327777777778,168.75777777777776,uptrend,1,0,haussier,93,0,0,30,,,9.5,45.0,53.5,68.0,65.3,0,46.42,-15,🔴 Sous-performe BTC,False,False,,0,,,,56,2,,Volume ×0.3 (épuisement),,,,,,,,,,,56,exclu_derive,Neutre,64.0,63.3,True,,,False,,,,False,,,,,
BABABUSDT,BABAB,Speculative,,106.71,677056.07845,-1.993,40.1506839873265,0.027311986973768576,113.0072,,0.3460722087880392,0.199198972266304,0.19489155898133456,1.3758694374718354,,107.97529411764707,127.74117647058823,macd_bullish_cross|downtrend,1,1,mixte,85,0,0,30,,,9.3,54.0,85.5,57.5,47.4,0,51.04,-15,🔴 Sous-performe BTC,False,False,,0,,,,56,0,,,,,,,,,,,,,56,exclu_derive,Neutre,64.0,63.3,True,,,False,,,,False,,,,,
AXTIBUSDT,AXTIB,Speculative,,80.5,437817.899,-6.493,54.95552221509655,0.1036638219364745,69.89,,1.0594344957821684,0.41361201554458565,0.15534082554353526,0.25272365269381514,,51.3341935483871,86.29677419354839,uptrend|doji_4h,1,0,haussier,78,0,0,30,,,9.1,45.0,52.5,47.0,65.3,0,44.49,-15,🔴 Sous-performe BTC,False,False,,0,,,,56,2,,Volume ×0.3 (épuisement),,,,,,,,,,,56,exclu_derive,Neutre,64.0,63.3,True,,,False,,,,False,,,,,
NFLXBUSDT,NFLXB,Speculative,,68.78,217787.1498,1.55,37.5315709586242,0.04895412261071819,75.65559999999999,,0.31852487403303936,0.1868717451859028,0.16737313794356296,1.1862489373114407,,69.0872,81.44040000000001,macd_bullish_cross|downtrend,1,1,mixte,64,0,0,30,,,8.8,54.0,85.5,47.0,47.4,0,50.1,-15,🔴 Sous-performe BTC,False,False,,0,,,,56,0,,,,,,,,,,,,,56,exclu_derive,Neutre,64.0,63.3,True,,,False,,,,False,,,,,
NOKBUSDT,NOKB,Speculative,,10.6,169752.1014,1.435,53.35804071383811,0.027495066921168557,10.380399999999998,,0.583698186444953,0.2528940338379341,0.04897595725734646,0.261094962153721,,9.145882352941177,10.985588235294117,,0,0,neutre,85,0,0,30,,,9.3,45.0,78.0,47.0,50,0,46.0,-15,🔴 Sous-performe BTC,False,False,,0,,,,56,4,⚠️ Surveiller,Volume ×0.3 (épuisement)|Près du plus haut 90j (résistance),,,,,,,,,,,56,exclu_derive,Neutre,64.0,63.3,True,,,False,,,,False,,,,,
SOXSBUSDT,SOXSB,Speculative,,31.5,2343736.1797,9.641,37.693552222958196,0.1103418225659718,41.870599999999996,,1.0700288819849004,0.5989260636100785,0.5662949194547707,2.26839411152268,,31.409285714285716,54.67607142857145,macd_bullish_cross|downtrend,1,1,mixte,71,0,0,30,,,8.9,63.0,34.5,68.0,47.4,0,46.14,-16,🔴 Sous-performe BTC,False,False,,0,,,,55,0,,,,,,,,,,,,,55,exclu_derive,Neutre,64.0,63.3,True,,,False,,,,False,,,,,
MUUBUSDT,MUUB,Speculative,,34.52,211737.6997,-6.475,50.391886234186025,-0.3949127895104769,33.142599999999995,,0.8952957129675803,0.462748344370861,0.09128205128205134,0.1420656493378871,,24.997419354838716,37.55935483870968,macd_bearish_cross|uptrend,1,1,mixte,78,0,0,30,,,9.1,45.0,67.5,47.0,54.8,0,45.06,-16,🔴 Sous-performe BTC,False,False,,0,,,,55,5,⚠️ Surveiller,Volume ×0.1 (épuisement)|MACD cross baissier,,,,,,,,,,,55,exclu_derive,Neutre,64.0,63.3,True,,,False,,,,False,,,,,
NBISBUSDT,NBISB,Speculative,,239.73,1634973.36676,-3.49,52.58308669900665,0.16872086038390144,225.4908,,0.6924031878910868,0.3337899946968358,0.14499659632403003,0.462798943135517,0.13139520566408056,181.39166666666674,254.28555555555553,,0,0,neutre,93,0,0,30,,,9.5,45.0,67.0,68.0,50,0,45.76,-17,🔴 Sous-performe BTC,False,False,,0,,,,54,2,,Volume ×0.5 (épuisement),,,,,,,,,,,54,exclu_derive,Neutre,64.0,63.3,True,,,False,,,,False,,,,,
USARBUSDT,USARB,Speculative,,13.18,274715.7913,-5.587,28.95388068529728,-0.05762338121203403,16.434399999999997,,0.5405371172361991,0.3498023715415019,0.3498023715415019,1.2591827497722738,,14.181600000000001,19.7744,downtrend,0,1,baissier,64,0,0,30,,,8.8,45.0,69.0,47.0,35.7,0,41.47,-17,🔴 Sous-performe BTC,False,False,,0,,,,54,1,,,,,,,,,,,,,54,exclu_derive,Neutre,64.0,63.3,True,,,False,,,,False,,,,,
ARMBUSDT,ARMB,Speculative,,297.69,173663.99208,-3.045,52.853470236027924,-2.02949783343632,270.533,,0.8435378672788385,0.27472678063654116,0.10547239707255364,0.40095240425701756,,235.58676470588233,309.5632352941177,,0,0,neutre,85,0,0,30,,,9.3,45.0,63.0,47.0,50,0,43.34,-17,🔴 Sous-performe BTC,False,False,,0,,,,54,3,,Volume ×0.4 (épuisement),,,,,,,,,,,54,exclu_derive,Neutre,64.0,63.3,True,,,False,,,,False,,,,,
SQQQBUSDT,SQQQB,Speculative,,32.67,167134.3236,3.419,31.972679754710597,0.07342017115670485,,,0.47165085581860705,0.21511484317115337,0.1970857001728823,1.0479323958589875,,32.708571428571425,40.13714285714286,doji_4h,0,0,neutre,36,0,0,30,,,8.0,45.0,85.5,47.0,50,0,47.11,-17,🔴 Sous-performe BTC,False,False,,0,,,,54,0,,,,,,,,,,,,,54,exclu_derive,Neutre,64.0,63.3,True,,,False,,,,False,,,,,
ASMLBUSDT,ASMLB,Speculative,,1803.77,118963.858182,-2.646,56.23694814638042,6.276212790836556,1733.7956,,0.3406937999686561,0.1553622696179625,0.04092083826424742,0.35269059655071583,,1649.9840000000002,1855.358799999999,downtrend,0,1,baissier,64,0,0,30,,,8.8,45.0,90.0,47.0,35.7,0,45.19,-17,🔴 Sous-performe BTC,False,False,,0,,,,54,4,⚠️ Surveiller,Volume ×0.4 (épuisement)|Près du plus haut 90j (résistance),,,,,,,,,,,54,exclu_derive,Neutre,64.0,63.3,True,,,False,,,,False,,,,,
AAOIBUSDT,AAOIB,Speculative,,121.59,1066224.03739,-5.517,60.58695930364695,2.7926624314035524,107.71340000000005,,0.7664860668798253,0.38566289825282635,0.22083761562178833,0.6634108080347136,,94.23558823529413,139.21382352941177,downtrend,0,1,baissier,85,0,0,30,,,9.3,54.0,63.0,68.0,35.7,0,45.56,-18,🔴 Sous-performe BTC,False,False,,0,,,,53,0,,,,,,,,,,,,,53,exclu_derive,Neutre,64.0,63.3,True,,,False,,,,False,,,,,
WDCBUSDT,WDCB,Speculative,,403.01,1006189.9673,-3.48,37.82599332748299,-3.9855952038263736,449.55580000000003,,0.6262044059823368,0.3072297413054652,0.3072297413054652,1.3446812094668577,0.162024959814144,422.62000000000006,553.7266666666667,rsi_bullish_divergence|downtrend|doji_4h,1,1,mixte,93,0,0,30,,,9.5,54.0,62.5,68.0,47.5,0,47.85,-18,🔴 Sous-performe BTC,False,False,,0,,,,53,1,,,,,,,,,,,,,53,exclu_derive,Neutre,64.0,63.3,True,,,False,,,,False,,,,,
COINBUSDT,COINB,Speculative,,178.84,872750.24722,-6.037,42.79759974066506,-1.8441599555911,184.78179999999998,,0.7236101013028915,0.18005759132742372,0.11447511625606009,1.0593486741932312,0.7691070790826833,149.0383333333333,195.65666666666667,downtrend,0,1,baissier,93,0,0,30,,,9.5,54.0,77.0,57.5,35.7,0,47.24,-19,🔴 Sous-performe BTC,False,False,,0,,,,52,1,,,,,,,,,,,,,52,exclu_derive,Neutre,64.0,63.3,True,,,False,,,,False,,,,,
IRENBUSDT,IRENB,Speculative,,39.97,352467.3432,-2.797,40.515527822207574,-0.441407780401067,42.3154,,0.6196575858491066,0.22224669603524222,0.1749277158199091,0.9878660326043168,,37.49600000000001,46.887199999999986,,0,0,neutre,64,0,0,30,,,8.8,45.0,75.0,47.0,50,0,45.37,-19,🔴 Sous-performe BTC,False,False,,0,,,,52,1,,,,,,,,,,,,,52,exclu_derive,Neutre,64.0,63.3,True,,,False,,,,False,,,,,
CRCLBUSDT,CRCLB,Mid,239,80.27,14495947.33,-6.172,39.13685682216937,-0.6513330926990095,89.66539999999999,,0.7119774659055391,0.2375758725341426,0.2375758725341426,0.8533333534820129,0.6820590720311939,61.342222222222226,96.78555555555555,downtrend,0,1,baissier,119,0,0,30,,,24.3,45.0,85.0,78.5,35.7,0,49.44,-20,🔴 Sous-performe BTC,False,False,,0,,,,51,1,,,135824476,135958452,1696664.18049775,1698337.76369062,,99.9,,,,,51,exclu_derive,Neutre,64.0,63.3,True,coingecko,,False,,,,False,,,,,
IBMBUSDT,IBMB,Speculative,,220.05,73592.67098,-1.807,36.954947619887726,-0.3624565389223253,232.18580000000003,,0.33378009740336023,0.1139301679352422,0.1139301679352422,0.2002978814691867,,213.42764705882348,241.1576470588235,rsi_bullish_divergence|downtrend,1,1,mixte,85,0,0,30,,,9.3,36.0,85.5,47.0,47.5,0,43.46,-20,🔴 Sous-performe BTC,False,False,,0,,,,51,3,,Volume ×0.2 (épuisement),,,,,,,,,,,51,exclu_derive,Neutre,64.0,63.3,True,,,False,,,,False,,,,,
SKHYBUSDT,SKHYB,Speculative,,178.95,2427519.39965,-6.299,44.07915023086613,-1.5242952185528873,178.53239999999997,,0.5453759117129666,0.3235546958951214,0.08704948075748317,0.15876538961611944,,140.7779411764706,192.68411764705883,,0,0,neutre,87,0,0,30,,,9.4,36.0,78.0,68.0,50,0,44.31,-21,🔴 Sous-performe BTC,False,False,,0,,,,50,3,,Volume ×0.2 (épuisement),,,,,,,,,,,50,exclu_derive,Neutre,64.0,63.3,True,,,False,,,,False,,,,,
HOODBUSDT,HOODB,Speculative,,108.42,530071.50638,-4.786,39.33759951470256,-1.1648544195240578,113.22059999999999,,0.5530669822670089,0.25637479471000085,0.14381826816526833,0.42884882151646636,,91.1129411764706,121.89676470588238,,0,0,neutre,85,0,0,30,,,9.3,36.0,73.5,57.5,50,0,42.66,-21,🔴 Sous-performe BTC,False,False,,0,,,,50,3,,Volume ×0.4 (épuisement),,,,,,,,,,,50,exclu_derive,Neutre,64.0,63.3,True,,,False,,,,False,,,,,
QNTBUSDT,QNTB,Speculative,,44.6,65211.4098,-3.128,31.09183893840826,-0.3830279091740332,50.4768,,0.48640758703956166,0.3746672271262435,0.3746672271262435,0.33684136459500125,,47.006451612903234,62.05967741935484,uptrend,1,0,haussier,78,0,0,30,,,9.1,27.0,69.0,47.0,65.3,0,40.66,-21,🔴 Sous-performe BTC,False,False,,0,,,,50,3,,Volume ×0.3 (épuisement),,,,,,,,,,,50,exclu_derive,Neutre,64.0,63.3,True,,,False,,,,False,,,,,
LITEBUSDT,LITEB,Speculative,,1092.89,900677.3722,-1.099,65.81304170060508,14.071455043602413,933.3611999999999,,0.7364197519734133,0.2913959113978086,0.032620972011435455,0.44872882477409143,0.24200464643329966,722.656388888889,1017.9777777777779,,0,0,neutre,100,0,0,30,,,9.7,36.0,71.5,57.5,50,0,42.38,-22,🔴 Sous-performe BTC,False,False,,0,,,,49,4,⚠️ Surveiller,Volume ×0.4 (épuisement)|Près du plus haut 90j (résistance),,,,,,,,,,,49,exclu_derive,Neutre,64.0,63.3,True,,,False,,,,False,,,,,
BMNRBUSDT,BMNRB,Speculative,,24.71,767846.7214,-7.936,41.51191466987648,-0.3670219179948804,25.2948,,0.701108978653503,0.14795564795564795,0.14795564795564795,0.7128200985882618,,18.235200000000006,27.602400000000003,downtrend,0,1,baissier,64,0,0,30,,,8.8,45.0,75.0,57.5,35.7,0,43.37,-22,🔴 Sous-performe BTC,False,False,,0,,,,49,1,,,,,,,,,,,,,49,exclu_derive,Neutre,64.0,63.3,True,,,False,,,,False,,,,,
SNXXBUSDT,SNXXB,Speculative,,15.36,4198112.0846,-2.103,44.690005755043124,-0.30378208200845275,15.6984,,1.2245168179628054,0.6356756756756756,0.23153692614770455,0.47439672044080133,,9.437419354838712,18.41,bullish_engulfing_4h,1,0,haussier,78,0,0,30,,,9.1,36.0,43.5,68.0,63.0,0,40.72,-23,🔴 Sous-performe BTC,False,False,,0,,,,48,3,,Volume ×0.5 (épuisement),,,,,,,,,,,48,exclu_derive,Neutre,64.0,63.3,True,,,False,,,,False,,,,,
KORUBUSDT,KORUB,Speculative,,19.41,3437796.4597,-12.842,42.27697211381426,-0.10406685451595721,21.270599999999995,,1.1770084544932418,0.4341620626151013,0.19834710743801656,0.6701875216955517,,15.998387096774193,23.50967741935484,macd_bearish_cross,0,1,baissier,78,0,0,30,,,9.1,45.0,52.5,68.0,39.5,0,41.03,-25,🔴 Sous-performe BTC,False,False,,0,,,,46,3,,MACD cross baissier,,,,,,,,,,,46,exclu_derive,Neutre,64.0,63.3,True,,,False,,,,False,,,,,
DJTBUSDT,DJTB,Speculative,,8.41,40431.432,-3.995,33.298376507274554,-0.043096766207176215,,,0.38293333885743985,0.13743589743589743,0.13743589743589743,0.11824624907585124,,8.594117647058823,9.637058823529411,macd_bearish_cross,0,1,baissier,43,0,0,30,,,8.2,27.0,85.5,47.0,39.5,0,38.29,-25,🔴 Sous-performe BTC,False,False,,0,,,,46,5,⚠️ Surveiller,Volume ×0.1 (épuisement)|MACD cross baissier,,,,,,,,,,,46,exclu_derive,Neutre,64.0,63.3,True,,,False,,,,False,,,,,
FLNCBUSDT,FLNCB,Speculative,,7.5,258654.3946,-7.522,37.468735411563145,0.13979819061600707,9.3132,,0.9255658771161245,0.5437382001258654,0.5298930144745123,0.8048890345950643,,7.390714285714287,13.987857142857141,downtrend,0,1,baissier,71,0,0,30,,,8.9,45.0,45.0,47.0,35.7,0,37.24,-27,🔴 Sous-performe BTC,False,False,,0,,,,44,0,,,,,,,,,,,,,44,exclu_derive,Neutre,64.0,63.3,True,,,False,,,,False,,,,,
FRAXUSDT,FRAX,Mid,179,0.2981,1065281.693,-2.772,50.671508961011,0.00019789099330356705,0.293478,0.3378064999999999,0.6010406195314792,0.1906259830135264,0.06542938030827317,1.9191643189204872,0.47389412551009324,0.2554222222222222,0.31477499999999997,double_top_90d|uptrend,1,1,mixte,266,0,0,30,,,28.3,84.0,89.5,68.0,49.9,0,67.54,-1,≈ Neutre vs BTC,False,True,,0,,,,70,2,,Double sommet,217466455,217466455,219310245.87260038,219310245.8726003,,100.0,43027478,$43M,17.99,,70,exclu,Neutre,64.0,63.3,False,coingecko,,False,,,,False,,,,,
TUSDUSDT,TUSD,Mid,115,0.9995,18382.9248,-0.04,45.413343928500254,-9.410438948604456e-05,0.9993480000000001,0.9989589999999994,0.0027909223819088296,0.0030030030030030056,0.0007997600719783184,0.19968535135765061,0.004966285632500225,0.9961527777777781,1.0012527777777778,,0,0,neutre,365,0,0,30,,,31.0,73.0,94.0,47.0,50,0,63.0,-4,≈ Neutre vs BTC,False,True,,0,,,,67,5,⚠️ Surveiller,Volume ×0.2 (épuisement)|Près du plus haut 90j (résistance),494037747,494037747,494515083.0,494515083.0,,100.0,,,,,67,exclu,Neutre,64.0,63.3,False,coingecko,,False,,,,False,,,,,
USDCUSDT,USDC,Etabli,6,1.00024,3413833373.00038,0.016,50.803352412524866,-1.648907505885083e-05,1.0001635999999998,1.0003750500000006,0.003833771929635206,0.0014085069825984678,0.0008191317203764438,1.0090751066311283,-0.5468326740719391,0.9999072222222222,1.0010294444444443,macd_bearish_cross|support_bounce|resistance_test,1,2,baissier,365,0,0,30,,,45.0,75.0,94.0,78.5,39.5,0,66.55,-6,≈ Neutre vs BTC,False,True,,0,,,,65,5,⚠️ Surveiller,Près du plus haut 90j (résistance)|MACD cross baissier,74083650548,74095266523,74096696574.7219,74056347307.73683,,100.1,,,,,65,exclu,Neutre,64.0,63.3,False,coingecko,,False,,,,False,,,,,
KGSTUSDT,KGST,Speculative,,0.011276,669979.525447,-0.353,38.480911946113224,-4.4511203393491e-06,0.011379379999999996,0.011413594999999993,0.0499223433112387,0.015463917525773203,0.015463917525773203,2.5082845467264314,-0.025329803287943667,0.011327972222222222,0.011450055555555555,rsi_bullish_divergence|resistance_test,1,1,mixte,288,0,0,30,,,14.9,55.0,94.0,57.5,50.6,0,54.5,-8,🔴 Sous-performe BTC,False,True,,0,,,,63,3,,Près du plus haut 90j (résistance),,,,,,,,,,,63,exclu,Neutre,64.0,63.3,False,,,False,,,,False,,,,,
RLUSDUSDT,RLUSD,Etabli,45,1.0004,62233005.0648,0.02,51.653842824810354,-9.850394571898238e-06,1.0003380000000002,1.0005505000000012,0.0042400202657147225,0.0016976233273417562,0.000998601957259948,0.7904757699785014,-0.4777467932009099,1.0000111111111112,1.0013250000000005,macd_bearish_cross|support_bounce|resistance_test,1,2,baissier,259,0,0,30,,,42.1,66.0,94.0,78.5,39.5,0,62.68,-9,🔴 Sous-performe BTC,False,True,,0,,,,62,5,⚠️ Surveiller,Près du plus haut 90j (résistance)|MACD cross baissier,2533097353,2523297534,2533402738.0172067,2514582455.017206,,100.7,,,,,62,exclu,Neutre,64.0,63.3,False,coingecko,,False,,,,False,,,,,
BFUSDUSDT,BFUSD,Etabli,68,0.9994,4776524.9558,0.02,39.619619668534526,-1.536762324073118e-05,0.9998699999999993,0.9995144999999995,0.003622177268741283,0.0008998200359928134,0.0007998400319936242,2.8607923785095957,0.03629953809947466,0.9987999999999997,1.0001194444444446,resistance_test,0,1,baissier,365,0,0,30,,,45.0,63.0,94.0,68.0,38.9,0,61.07,-9,🔴 Sous-performe BTC,False,True,,0,,,,62,3,,Près du plus haut 90j (résistance),1318624503,1318624503,1320000000.0,1320000000.0,,100.0,,,,,62,exclu,Neutre,64.0,63.3,False,coingecko,,False,,,,False,,,,,
FDUSDUSDT,FDUSD,Mid,141,0.9986,31393086.692,-0.04,45.63869202415759,-5.1909455184535836e-05,0.9988779999999999,0.9986889999999995,0.007379213753748712,0.0013011710539485215,0.0012002400480095807,1.2393446193689461,0.5120748559477665,0.997805555555556,0.9996583333333334,resistance_test,0,1,baissier,365,0,0,30,,,31.0,63.0,100.0,78.5,38.9,0,60.62,-9,🔴 Sous-performe BTC,False,True,,0,,,,62,3,,Près du plus haut 90j (résistance),324390890,324390890,324950596.91035,324950596.91035,,100.0,,,,,62,exclu,Neutre,64.0,63.3,False,coingecko,,False,,,,False,,,,,
USDEUSDT,USDE,Etabli,25,0.9998,1456678.0166,-0.01,43.394999953987266,-2.3656938453577162e-05,1.0000259999999996,1.000014,0.0038184879112487767,0.0012987012987011558,0.001198801198801067,1.0,-0.35157852947976,0.9949777777777778,1.003688888888889,rsi_bullish_divergence|doji_4h,1,0,haussier,365,0,0,30,,,45.0,45.0,94.0,68.0,61.8,0,58.87,-13,🔴 Sous-performe BTC,False,True,,0,,,,58,3,,Près du plus haut 90j (résistance),4955465608,4951271104,4957830600.89848,4936879559.87274,,100.4,1750434,$2M,-12.01,,58,exclu,Neutre,64.0,63.3,False,coingecko,,False,,,,False,,,,,
EURUSDT,EUR,Speculative,,1.1183,17248908.26746,-0.657,24.804582972624786,-0.0011030624129727733,1.15157,1.1558205000000001,0.07349456065739204,0.05597771023302922,0.05597771023302922,0.9707514322922132,0.09635533662952925,1.1321944444444445,1.1679166666666667,rsi_bullish_divergence,1,0,haussier,365,0,0,30,,,17.0,19.0,94.0,78.5,61.8,0,45.24,-14,🔴 Sous-performe BTC,False,True,,0,,,,57,1,,,,,,,,,,,,,57,exclu,Neutre,64.0,63.3,False,,,False,,,,False,,,,,
USDSUSDT,USDS,Etabli,14,0.9997,274153.6961,-0.01,37.51215601424179,-1.7598413888198436e-05,1.00002,,0.002913865604131483,0.0015980823012385595,0.0015980823012385595,1.3362693127253513,-0.32806698298076487,0.9982277777777777,1.001141666666667,macd_bearish_cross|resistance_test|bullish_engulfing_4h,1,2,baissier,182,0,0,30,,,40.0,54.0,94.0,47.0,41.3,0,55.66,-15,🔴 Sous-performe BTC,False,True,,0,,,,56,5,⚠️ Surveiller,Près du plus haut 90j (résistance)|MACD cross baissier,10217583447,10214036384,10224580172.147463,10222678987.65449,,100.0,,,,,56,exclu,Neutre,64.0,63.3,False,coingecko,,False,,,,False,,,,,
EURIUSDT,EURI,Speculative,587,1.1184,452414.3753,-0.648,24.881394530732805,-0.0010906125626294113,1.1512860000000003,1.1552175,0.07326014562540664,0.0554100853112593,0.0554100853112593,0.37532983600340253,0.0819846332488512,1.1316694444444446,1.1667194444444449,rsi_bullish_divergence|doji_4h,1,0,haussier,365,0,0,30,,,17.0,10.0,94.0,47.0,61.8,0,39.34,-17,🔴 Sous-performe BTC,False,True,,0,,,,54,3,,Volume ×0.4 (épuisement),37045673,37045673,33139851.48990108,33139851.48990108,,100.0,,,,,54,exclu,Neutre,64.0,63.3,False,coingecko,,False,,,,False,,,,,
UUSDT,U,Etabli,64,0.9996,19837793.2382,0.02,44.29104781131141,-5.521300789711501e-05,0.9997240000000001,1.0002385000000003,0.004045488206824059,0.00149880095923256,0.001298960831334789,0.7733572045172863,-0.3675685697027766,0.9993722222222226,1.0007638888888881,support_bounce|resistance_test|doji_4h,1,1,mixte,268,0,0,30,,,42.3,37.0,94.0,78.5,50.0,0,53.93,-18,🔴 Sous-performe BTC,False,True,,0,,,,53,3,,Près du plus haut 90j (résistance),1537195865,1537195865,1538644534.63,1538644534.63,,100.0,,,,,53,exclu,Neutre,64.0,63.3,False,coingecko,,False,,,,False,,,,,
XUSDUSDT,XUSD,Speculative,551,1.0005,4585403.7514,0.01,50.18003184161806,-1.1800212143476399e-05,1.0005120000000003,1.0005500000000005,0.006755525620807465,0.001697453819271128,0.0009985022466301667,0.9994856642681771,-0.1669708428290556,1.0000333333333333,1.0021,death_cross|support_bounce|resistance_test|downtrend,1,3,baissier,365,0,0,30,,,17.0,46.0,94.0,68.0,23.8,0,46.99,-18,🔴 Sous-performe BTC,False,True,,0,,,,53,3,,Près du plus haut 90j (résistance),41188760,41188760,41182309.341,41182309.341,,100.0,,,,,53,exclu,Neutre,64.0,63.3,False,coingecko,,False,,,,False,,,,,
USD1USDT,USD1,Etabli,30,0.99959,148250036.31931,-0.019,44.36280846984505,-1.2223492096652633e-07,0.9998002000000001,0.9999205000000001,0.0027038453079326914,0.0012692765123879324,0.0009694474149733805,0.8443294835603875,-0.18353922190274008,0.9994722222222221,1.0002886111111111,resistance_test|downtrend|hammer_4h,1,2,baissier,365,0,0,30,,,45.0,37.0,94.0,78.5,38.6,0,52.1,-21,🔴 Sous-performe BTC,False,True,,0,,,,50,3,,Près du plus haut 90j (résistance),4419218986,4419218986,4422501459.592653,4422463720.728353,,100.0,,,,,50,exclu,Neutre,64.0,63.3,False,coingecko,,False,,,,False,,,,,
