symbol,base,tier,rank_mcap,price,vol_24h_usd,change_24h_pct,rsi_14,macd_hist,ma_50,ma_200,vol_30d_ann,drawdown_90d,dist_to_high_90d,vol_ratio_vs_med90,corr_btc_90d,support_90d,resistance_90d,patterns,bull_signals,bear_signals,bias,age_days,n_red_flags,audit_score,team_score,github_commits_30d,github_contrib_90d,score_solidity,score_momentum,score_risk,score_antiscam,score_signal,score,suspect,stablecoin,categories,catalyst_score,catalyst_flags,trending_rank,vol_spike_ratio,bull_prob_7d,market_cap,fdv,circulating_supply,total_supply,max_supply,circ_ratio_pct,tvl,tvl_fmt,tvl_change_7d
NEARUSDT,NEAR,Etabli,31,2.479,70386368.9342,18.442,59.698993214998524,-0.0153790037456258,1.89224,1.5216850000000002,1.6649644501357617,0.3400780972665957,0.11998580049698263,1.4999013708205056,0.2940241991445727,1.225083333333333,2.4418333333333337,uptrend,1,0,haussier,365,0,0,30,,,45.0,91.0,46.0,78.5,50,67.21,False,False,,5,🔥 Trending #3 sur CoinGecko,3,,72,3227571752,3227571851,1298282396.0,1298282436.0,,100.0,,,
RIFUSDT,RIF,Mid,280,0.0972,9976784.9926,-1.119,59.2798043857978,0.004095066869685852,0.06772600000000001,0.0442065,2.8481988468364947,0.4174757281553398,0.20471161657189277,3.9808783917178934,0.13075351267092064,0.034875,0.08374444444444444,macd_bullish_cross|uptrend,2,0,haussier,365,0,0,30,,,31.0,100.0,46.0,78.5,50,66.49,False,False,,2,⚡ Volume ×4.0 vs médiane,,3.98,74,98586487,98586487,1000000000.0,1000000000.0,,100.0,,,
TAOUSDT,TAO,Etabli,38,279.5,79695411.41713,5.115,62.194306479912704,8.430198039475513,263.198,248.52500000000003,1.148118662897643,0.4417867435158502,0.19596541786743515,1.7451760464436104,0.5150080264986979,222.17222222222225,325.5722222222223,macd_bullish_cross|downtrend|doji_4h,1,1,mixte,365,0,0,30,,,45.0,100.0,62.5,78.5,17.5,66.23,False,False,,1,🔥 Trending #7 sur CoinGecko,7,,64,2681386919,5867067268,9597491.0,21000000.0,21000000.0,45.7,,,
XLMUSDT,XLM,Etabli,16,0.2046,22424052.5495,11.987,55.03382680620878,-0.0030567670132426866,0.17673600000000003,0.18666149999999998,1.5086351707140713,0.2962677953058869,0.21431319738360916,1.5117412602657165,0.34254818271398746,0.14957777777777778,0.21247499999999997,uptrend,1,0,haussier,365,0,0,30,,,45.0,84.0,52.0,78.5,50,65.56,False,False,,0,,,,64,6991761968,10352926507,33768286806.40389,50001786839.91258,,67.5,,,
ALLOUSDT,ALLO,Mid,293,0.3874,16119534.02997,1.76,63.42545769554519,0.004408046510754035,0.17589800000000003,0.12618450000000003,4.143136961458912,0.3757798165137615,0.1194882339501941,2.9115881583613135,-0.00027151189492733547,0.08829166666666666,0.32085833333333336,uptrend,1,0,haussier,217,0,0,30,,,26.9,100.0,46.0,78.5,50,65.49,False,False,,0,,,,71,89262134,298973003,235035092.714663,787222361.4101102,1000000000.0,29.9,,,
DEXEUSDT,DEXE,Etabli,76,18.778,5370463.25084,4.753,53.82178912843323,-0.3694827967914862,15.21368,7.507439999999998,1.3085252681724158,0.3166955825437075,0.13149733857903267,1.0,0.07375038263723153,7.143416666666665,19.390138888888885,uptrend,1,0,haussier,365,0,0,30,,,45.0,82.0,56.5,78.5,50,65.3,False,False,,0,,,,64,878953813,1814376106,46750552.58384035,96504599.33609451,,48.4,,,
IOUSDT,IO,Mid,377,0.1898,3387018.109148,9.838,61.48003400431847,0.002019106154612425,0.151832,0.13860450000000005,1.3347223103213843,0.29012023000522735,0.006795608991113412,1.1816388663830604,0.3667465442017903,0.10127222222222222,0.1795111111111111,macd_bullish_cross|uptrend,2,0,haussier,365,0,0,30,,,31.0,91.0,67.0,68.0,50,63.04,False,False,,0,,,,68,66387664,151943552,349537102.231732,799996650.0516075,800000000.0,43.7,,,
HOMEUSDT,HOME,Mid,258,0.02692,4794779.91063,-10.713,45.38292529847445,-0.002233273544722417,0.024727000000000002,0.024053650000000006,2.865274250521796,0.5275945852134675,0.5275945852134675,1.7231896945098921,-0.05163483092036146,0.014857777777777775,0.038212499999999996,golden_cross|doji_4h,1,0,haussier,365,0,0,30,,,31.0,100.0,28.0,68.0,50,62.74,False,False,,0,,,,64,109547879,269385842,4066578947.38,10000000000.0,10000000000.0,40.7,,,
ZECUSDT,ZEC,Etabli,14,532.23,233598719.40722,27.575,54.56207984966575,1.4270246624616512,509.6096,375.1291999999999,1.944963817822868,0.46200671081153305,0.2112272470825786,1.2388937435381202,0.4669373631415745,231.12777777777774,611.8483333333332,macd_bullish_cross|downtrend,1,1,mixte,365,0,0,30,,,45.0,91.0,52.0,78.5,17.5,62.71,False,False,,6,🔥 Trending #2 sur CoinGecko,2,,67,8916933769,8917129027,16768512.6655448,16768879.8530448,21000000.0,100.0,,,
FETUSDT,FET,Mid,107,0.2193,20412167.87671,7.132,51.41888692419035,-0.0012548612585329862,0.215916,0.21502949999999998,1.2870018478935854,0.3420487106017192,0.21454154727793698,0.9171758163487372,0.556960937212239,0.19349166666666665,0.2556138888888888,golden_cross,1,0,haussier,365,0,0,30,,,31.0,82.0,62.5,78.5,50,62.34,False,False,,0,,,,65,501083062,602126479,2258881093.9307284,2714384546.672,2714384546.672,83.2,,,
INJUSDT,INJ,Mid,101,5.449,9676334.8484,6.969,51.195066689671684,-0.10890458369575168,4.970879999999999,4.194029999999998,1.3485141730999644,0.2931330472103005,0.22031473533619456,0.9815140765182198,0.4087415654281432,2.875944444444444,5.9832777777777775,uptrend,1,0,haussier,365,0,0,30,,,31.0,82.0,62.5,78.5,50,62.34,False,False,,0,,,,65,545550548,545550548,100000000.0,100000000.0,,100.0,12181570,$12M,-7.67
BABYUSDT,BABY,Mid,364,0.01833,25706861.60967,20.355,60.94867221314347,0.0003467841632077813,0.016324400000000003,0.015776300000000007,1.7447468751288702,0.35101010101010105,0.07272727272727274,12.085553681527644,0.15469919917561248,0.012993888888888886,0.018953333333333336,shooting_star_4h,0,1,baissier,365,0,0,30,,,31.0,100.0,50.5,78.5,19.0,62.11,False,False,,3,⚡ Volume ×12.1 vs médiane,,12.09,69,69334995,202423703,3709256793.98,10829185066.0,,34.3,3404079763,$3.4B,5.2
KAITOUSDT,KAITO,Mid,248,0.4785,1418310.60544,3.081,55.08930534272492,0.0033526590900918914,0.468808,0.45229400000000003,0.9863432218244028,0.21361058601134222,0.09546313799621936,0.5052842244302591,0.30787744850866855,0.3826388888888889,0.507502777777778,macd_bullish_cross|double_bottom_90d,2,0,haussier,365,0,0,30,,,31.0,82.0,89.5,68.0,50,62.06,False,False,,0,,,,69,115401848,478074398,241388889.0,1000000000.0,1000000000.0,24.1,,,
ONDOUSDT,ONDO,Etabli,47,0.3818,18796905.70074,9.242,53.62925817535404,0.0003846226962212671,0.36177399999999993,0.3334175,1.185512531372002,0.28116006198804516,0.15342041177772853,0.9645524697253242,0.3693264365000752,0.25181388888888884,0.41741111111111107,macd_bullish_cross|downtrend,1,1,mixte,365,0,0,30,,,45.0,82.0,62.5,78.5,17.5,60.81,False,False,,0,,,,57,1867623092,3835482179,4869330647.0,10000000000.0,10000000000.0,48.7,2630377482,$2.6B,-0.4
NIGHTUSDT,NIGHT,Etabli,95,0.03492,40216630.59333,10.963,53.442160553796825,-1.1228110368644408e-05,0.03318360000000001,,1.0964982846014255,0.4174643485055675,0.3184215667122485,5.016460107909887,0.3209654762382333,0.030818611111111102,0.04649583333333333,,0,0,neutre,97,0,0,30,,,37.7,72.0,58.0,78.5,50,60.61,False,False,,3,⚡ Volume ×5.0 vs médiane,,5.02,69,578467959,835966588,16607399400.63495,24000000000.0,24000000000.0,69.2,,,
HBARUSDT,HBAR,Etabli,28,0.08285,12201168.05798,5.407,46.97329782944044,-8.493101565823025e-05,0.08818959999999997,0.10025679999999997,0.589130129742985,0.2169136175788732,0.1639955649632094,1.0468547791243734,0.6873427121154856,0.08163444444444444,0.09565666666666668,support_bounce,1,0,haussier,365,0,0,30,,,45.0,55.0,95.5,78.5,50,60.18,False,False,,0,,,,62,3615350417,4167720831,43373231601.72054,50000000000.0,50000000000.0,86.7,,,
ATOMUSDT,ATOM,Etabli,66,2.015,3462466.38944,4.35,56.21098739667848,0.026947975379564233,1.9546199999999998,2.0176149999999997,0.7796268924891955,0.2660054102795312,0.09062218214607758,0.6223934132443323,0.5457671292543422,1.685361111111111,2.094916666666667,macd_bullish_cross,1,0,haussier,365,0,0,30,,,45.0,66.0,77.5,68.0,50,59.75,False,False,,0,,,,62,1036655771,1036655771,514186309.629584,514186309.629584,,100.0,,,
GPSUSDT,GPS,Speculative,538,0.00889,6988460.04808,19.973,64.44146628947524,0.00016252716905104127,0.007466400000000001,0.007697350000000003,1.1970956674437123,0.3026455026455026,0.056084656084656,7.138121243363571,0.24029270284496815,0.006852777777777777,0.008996111111111113,,0,0,neutre,365,0,0,30,,,17.0,84.0,61.0,78.5,50,59.39,False,False,,3,⚡ Volume ×7.1 vs médiane,,7.14,73,39361055,89272312,4409100001.78,10000000000.0,10000000000.0,44.1,28323428,$28M,-8.12
JTOUSDT,JTO,Mid,135,0.6551,8176583.16663,23.325,63.10667672631093,0.000599036613444022,0.49587999999999993,0.37788400000000005,1.7113309974752042,0.3094314155559305,0.0,1.7183667329793006,0.27842207930311275,0.28038888888888885,0.5922166666666666,rsi_bearish_divergence|double_top_90d,0,2,baissier,365,0,0,30,,,31.0,100.0,50.5,78.5,0,59.22,False,False,,0,🔥 Trending #15 sur CoinGecko,15,,56,318759674,659520032,483320685.5,1000000000.0,,48.3,710475814,$710M,9.54
MEMEUSDT,MEME,Speculative,528,0.000631,4977858.518509,0.96,57.47776966026309,8.334063885202414e-06,0.0005612200000000002,0.0007539849999999996,1.4590773847503387,0.24882629107981222,0.0062597809076682135,1.7980586421953422,0.47226589813738756,0.0004956944444444445,0.000630611111111111,uptrend,1,0,haussier,365,0,0,30,,,17.0,84.0,79.0,68.0,50,58.42,False,False,,0,,,,68,40457690,43950556,63516387916.66666,69000000000.0,69000000000.0,92.1,,,
PHAUSDT,PHA,Speculative,637,0.0365,3076381.3897,3.989,52.34423048488677,0.00013520695655591978,0.035426,0.03541300000000003,1.5929865780777654,0.42372881355932207,0.31261770244821097,1.398645214289261,0.3864476064729396,0.031016666666666668,0.042986111111111114,macd_bullish_cross|golden_cross|double_bottom_90d|uptrend,4,0,haussier,365,0,0,30,,,17.0,91.0,47.5,68.0,50,58.1,False,False,,0,,,,65,30709260,36556564,840047771.8904452,1000000000.0,1000000000.0,84.0,,,
WLDUSDT,WLD,Etabli,43,0.6152,216552060.29162,23.982,67.12227735536754,0.006701043558091729,0.3372139999999999,0.40504149999999994,2.3418189818804955,0.36541068040119273,0.0,5.39002644577495,0.2618273600809204,0.24217500000000008,0.4724694444444444,rsi_bearish_divergence|double_bottom_90d,1,1,mixte,365,0,0,30,,,45.0,75.0,50.5,78.5,17.2,57.74,False,False,,3,⚡ Volume ×5.4 vs médiane,,5.39,58,2064748601,6068900573,3402178987.777715,10000000000.0,10000000000.0,34.0,,,
ICPUSDT,ICP,Etabli,56,2.555,10853719.07723,5.666,50.62769707229863,0.004607685521688928,2.6613199999999995,2.7903249999999993,1.0229365953068943,0.38856669428334717,0.29246064623032314,1.2138530961976206,0.3645220834800883,2.258749999999999,3.0844166666666664,macd_bullish_cross,1,0,haussier,365,0,0,30,,,45.0,55.0,62.5,78.5,50,57.64,False,False,,0,,,,56,1422156363,1422156363,554135547.1161026,554135547.1161026,,100.0,,,
AAVEUSDT,AAVE,Etabli,65,74.08,12909176.18816,12.022,50.13707002058432,1.1520938459503185,83.9232,122.12734999999996,0.7545290526764391,0.47202494370344705,0.3576130261562445,1.153739356593321,0.7232391233043538,69.67611111111113,108.52722222222224,macd_bullish_cross|doji_4h,1,0,haussier,365,0,0,30,,,45.0,55.0,60.5,78.5,50,57.48,False,False,,0,🔥 Trending #12 sur CoinGecko,12,,56,1128412742,1189374749,15179911.874935383,16000000.0,16000000.0,94.9,12233838102,$12.2B,3.13
BNBUSDT,BNB,Etabli,4,627.37,96108164.43269,2.565,50.62235177121991,1.1045013535454604,637.9548,714.5146000000001,0.6041606285638899,0.20385674931129474,0.127681776442107,0.6854945656538881,0.7578910105997698,592.2352777777779,672.7047222222222,macd_bullish_cross,1,0,haussier,365,0,0,30,,,45.0,46.0,77.0,78.5,50,56.04,False,False,,0,,,,56,84770799875,84770799875,134783680.28,134783680.28,200000000.0,100.0,143269580109,$143.3B,2.38
ASTERUSDT,ASTER,Etabli,49,0.644,9461951.41981,2.711,47.35684985848898,-0.0007859435016060422,0.6674000000000002,0.7042150000000003,0.6188412807146799,0.17181208053691274,0.13422818791946306,0.6120640250520667,0.5096892166010187,0.6317499999999998,0.7105833333333333,,0,0,neutre,253,0,0,30,,,41.9,46.0,85.0,78.5,50,55.91,False,False,,0,,,,57,1732509231,5061915876,2677260279.249776,7822218820.515041,8000000000.0,34.2,123008021,$123M,-0.28
MORPHOUSDT,MORPHO,Etabli,60,1.989,1600501.40177,2.262,53.028327172856855,0.014031750383020097,1.98176,1.5971000000000009,0.8261989118439869,0.2645879732739421,0.11536748329621385,0.5944468719502232,0.6265299820757396,1.5616944444444445,2.1697222222222226,macd_bullish_cross|downtrend|bearish_engulfing_4h,1,2,baissier,256,0,0,30,,,42.0,82.0,73.0,68.0,0,55.87,False,False,,0,,,,54,1287483820,1991493894,646491472.5393038,1000000000.0,1000000000.0,64.6,6953349675,$7.0B,6.26
EIGENUSDT,EIGEN,Mid,204,0.2149,4307989.913363,10.773,58.39730394133104,0.0024665972989853296,0.19898000000000007,0.2647165000000001,1.3379114019234493,0.35440000000000005,0.11560000000000004,0.8498836021734857,0.5907791516230655,0.15931111111111107,0.22645833333333337,macd_bullish_cross,1,0,haussier,365,0,0,30,,,31.0,66.0,62.5,68.0,50,55.16,False,False,,0,,,,60,160901575,397249774,741228566.6979554,1830018638.917401,,40.5,4897813615,$4.9B,4.48
SOLUSDT,SOL,Etabli,7,73.06,175186526.60106,7.742,48.060377779344606,0.8114662682352085,81.24000000000002,99.37540000000003,0.6371301701594151,0.361199548115436,0.249768922666119,0.536827022125657,0.8763342171724944,70.25972222222224,91.78666666666666,macd_bullish_cross,1,0,haussier,365,0,0,30,,,45.0,46.0,65.0,78.5,50,55.12,False,False,,0,🔥 Trending #9 sur CoinGecko,9,,54,42644008618,46209711544,579941154.011503,628433261.9637876,,92.3,,,
NXPCUSDT,NXPC,Mid,272,0.3553,523482.23746,0.823,48.01327739418599,-0.005219367074479036,0.34765,0.33993400000000007,1.0543015626189343,0.2813872832369942,0.17780346820809242,0.4145078724074744,0.3202315875347043,0.2793833333333333,0.3922444444444444,golden_cross,1,0,haussier,365,0,0,30,,,31.0,73.0,62.5,57.5,50,54.91,False,False,,0,,,,62,101276876,353437753,284987037.3429133,994552574.1697733,1000000000.0,28.7,,,
ADAUSDT,ADA,Etabli,17,0.1862,42599983.6058,10.636,41.712778624264715,0.0020446415540420794,0.230598,0.29455199999999987,0.8249932360322378,0.445113314447592,0.3406515580736543,1.1499936808235471,0.7820881831443157,0.18860000000000002,0.27094166666666664,macd_bullish_cross,1,0,haussier,365,0,0,30,,,45.0,46.0,60.5,78.5,50,54.77,False,False,,0,,,,50,7017590297,8487647624,37206017184.44904,45000000000.0,45000000000.0,82.7,,,
NOTUSDT,NOT,Mid,489,0.000473,1218443.7385,-1.253,55.69171898515957,1.0455539043193854e-05,0.0004716000000000001,0.0004654700000000001,1.021079789678183,0.46320346320346323,0.3174603174603175,0.5867544196752924,0.3836387316927483,0.0003526944444444444,0.0005645277777777779,macd_bullish_cross|golden_cross|downtrend,2,1,haussier,365,0,0,30,,,31.0,82.0,58.0,68.0,17.5,54.68,False,False,,0,,,,56,47101921,48534129,99429447866.9074,102452755868.5205,102456956842.91,97.0,,,
ENAUSDT,ENA,Etabli,82,0.0875,19752345.247259,7.362,46.92655068706536,0.00028379535553308896,0.10117599999999999,0.142671,1.1997603698656965,0.4553706505295008,0.33736762481089266,0.9962723872189673,0.3882825675878935,0.08194166666666666,0.12137500000000001,macd_bullish_cross,1,0,haussier,365,0,0,30,,,45.0,46.0,58.0,78.5,50,54.58,False,False,,0,,,,53,821773707,1326332815,9293750000.0,15000000000.0,15000000000.0,62.0,4490394431,$4.5B,-0.16
WLFIUSDT,WLFI,Etabli,45,0.0612,6008947.16283,3.03,52.41877132093249,0.0006972513691360397,0.062063999999999994,0.10833799999999993,0.627089575513063,0.47596153846153844,0.4115384615384615,0.5548970552723076,0.22760861264322257,0.05682222222222223,0.09966111111111112,double_bottom_90d,1,0,haussier,288,0,0,30,,,42.9,46.0,62.5,78.5,50,54.41,False,False,,0,,,,54,1949602819,6135842411,31774004102.0,100000000000.0,100000000000.0,31.8,,,
OPENUSDT,OPEN,Mid,457,0.2412,3314438.44759,-2.309,61.042949717910595,0.006111442471195906,0.20708400000000002,0.18267749999999988,1.3411966997456153,0.42691751085383495,0.12879884225759766,0.7027842450812409,0.23287178161840738,0.15964166666666663,0.24576944444444448,downtrend,0,1,baissier,281,0,0,30,,,28.7,82.0,56.5,68.0,17.5,54.0,False,False,,0,,,,56,51873665,240713062,215500000.0,1000000000.0,1000000000.0,21.6,,,
BCHUSDT,BCH,Etabli,23,227.0,13802530.0601,11.713,34.57360307703851,4.230075980457983,349.9759999999999,481.5934999999998,1.0072573436500551,0.5958021612635079,0.5276392352452203,1.8733854265219672,0.6458214447758048,238.14722222222235,469.0472222222222,macd_bullish_cross,1,0,haussier,365,0,0,30,,,45.0,46.0,44.5,78.5,50,53.54,False,False,,0,,,,48,4556855753,4556860725,20048131.14665078,20048153.02165078,21000000.0,100.0,,,
JSTUSDT,JST,Etabli,88,0.07795,3611614.06685,2.687,42.9886185850026,-0.0008123647587454166,0.08657779999999998,0.058695649999999995,0.9887843816968808,0.2377463626044783,0.19523269012485805,0.5918772661568402,-0.0547074400119475,0.0598225,0.0934077777777778,bullish_engulfing_4h,1,0,haussier,365,0,0,30,,,45.0,45.0,79.0,68.0,50,53.54,False,False,,0,,,,53,665901605,665901605,8543764567.312736,8543764567.312736,9900000000.0,100.0,3082808807,$3.1B,1.1
ZKCUSDT,ZKC,Speculative,950,0.0549,7001118.4562,-21.234,45.55457896180272,0.0008613896696678443,0.06616799999999999,0.0902055,0.9078419370489663,0.42996345919610235,0.3300852618757613,5.300472208931165,0.6838363669207558,0.05455,0.07998888888888889,macd_bullish_cross|morning_star_4h,2,0,haussier,274,0,0,30,,,14.5,64.0,68.5,78.5,50,53.34,False,False,,3,⚡ Volume ×5.3 vs médiane,,5.3,69,15926875,57683770,290641046.0,1052640334.974832,,27.6,,,
LTCUSDT,LTC,Etabli,29,45.91,14622192.1854,4.341,43.86832107736669,0.37347690185447613,51.9362,61.39739999999996,0.47992081801194947,0.31507529372828064,0.23945060400463344,0.7196642497139725,0.7622845925325726,45.65138888888889,57.52000000000001,macd_bullish_cross,1,0,haussier,365,0,0,30,,,45.0,37.0,75.5,78.5,50,53.22,False,False,,0,,,,50,3556972036,3557571622,77269264.48347135,77282289.48347135,84000000.0,100.0,,,
AWEUSDT,AWE,Mid,265,0.05426,298095.29582,1.383,53.45219396052441,0.00013763671161495526,0.054333800000000015,0.056229850000000005,0.5566858519374401,0.2022819885900571,0.11230643846780766,0.9873463341706404,0.3277159472564204,0.04868083333333333,0.05794916666666667,double_bottom_90d|uptrend|doji_4h,2,0,haussier,365,0,0,30,,,31.0,66.0,95.5,47.0,50,52.99,False,False,,0,,,,65,105254400,105254400,1942420283.0270672,1942420283.0270672,2000000000.0,100.0,,,
BTCUSDT,BTC,Etabli,1,66586.17,1141283421.2057548,3.461,44.70517517076813,529.7444431478716,73729.6448,77558.8518,0.4252764838953456,0.25940191998376844,0.19020431438630334,0.5357631427050492,0.9999999999999998,63979.25138888889,80054.21583333332,macd_bullish_cross,1,0,haussier,365,0,0,30,,,45.0,37.0,69.5,78.5,50,52.76,False,False,,2,🔥 Trending #6 sur CoinGecko,6,,52,1337093753659,1337096622250,20042953.0,20042996.0,21000000.0,100.0,,,
XPLUSDT,XPL,Mid,163,0.0925,17359313.54189,5.233,56.756105054953274,0.0024150917463346107,0.088192,0.11626750000000005,1.5587111261914854,0.5656493967352733,0.34421575585521647,1.4412541249471984,0.5015845044482253,0.07644999999999996,0.1282111111111111,macd_bullish_cross|downtrend|doji_4h,1,1,mixte,264,0,0,30,,,28.2,75.0,38.5,78.5,17.5,52.75,False,False,,0,,,,51,233693055,930636061,2511111111.1111,10000000000.0,,25.1,,,
EDENUSDT,EDEN,Speculative,,0.0464,9463050.98491,12.077,48.15334417501689,-0.00026252093543866015,0.05159400000000001,0.04893799999999999,3.0943093550509086,0.6852003270645953,0.6116107931316435,5.0606822042906074,0.2367574541809301,0.030088888888888887,0.07606944444444444,,0,0,neutre,259,0,0,30,,,14.1,72.0,28.0,78.5,50,52.53,False,False,,3,⚡ Volume ×5.1 vs médiane,,5.06,65,,,,,,,,,
RENDERUSDT,RENDER,Etabli,72,1.843,6727167.9825,5.134,51.1146918664787,0.00143693434283549,1.8750200000000006,1.7281799999999998,1.057259296026723,0.33828022697512,0.1942383238760366,0.5667041986136059,0.5602471814837164,1.6405833333333335,2.1013333333333333,macd_bullish_cross|downtrend,1,1,mixte,365,0,0,30,,,45.0,54.0,62.5,78.5,17.5,52.38,False,False,,0,,,,48,958459011,985730732,518743261.0140742,533503434.2940742,644245094.0,97.2,,,
HUMAUSDT,HUMA,Speculative,518,0.02388,942383.59556,-1.728,51.153998692605555,-0.0001197726152674126,0.023308799999999998,0.021614400000000002,0.914167916360325,0.3833253473885961,0.16122233930453111,0.29823715881838303,0.39326380068578876,0.014585277777777779,0.026024444444444447,uptrend|doji_4h,1,0,haussier,365,0,0,30,,,17.0,73.0,73.0,57.5,50,52.29,False,False,,0,,,,64,41401782,238856437,1733333333.0,10000000000.0,10000000000.0,17.3,,,
XAUTUSDT,XAUT,Etabli,40,4328.75,47876242.254641,2.634,46.81757293124101,3.4741797728562744,4499.658599999999,,0.28049184961844037,0.16002816292960934,0.1011705477232888,0.5007063635966514,,4298.3784375000005,4769.288749999999,macd_bullish_cross|downtrend,1,1,mixte,82,0,0,30,,,37.2,54.0,85.5,78.5,17.5,52.25,False,False,,0,,,,52,2653676112,3064717744,612823.659532,707747.089,,86.6,3075281619,$3.1B,0.02
ADXUSDT,ADX,Speculative,,0.0766,5829519.4639,35.575,68.94027981707953,0.0017968796862025196,0.06725999999999999,0.08125399999999994,1.27815493512299,0.35217903415783275,0.09540636042402838,8.018792924258278,0.3662882391781691,0.0578,0.07994166666666667,macd_bullish_cross|downtrend,1,1,mixte,365,0,0,30,,,17.0,75.0,67.0,78.5,17.5,52.19,False,False,,3,⚡ Volume ×8.0 vs médiane,,8.02,61,,,,,,,,,
KITEUSDT,KITE,Mid,112,0.1971,1717573.74766,2.336,52.86124976229717,-2.66788506563259e-05,0.18819400000000003,0.160558,0.9655699544856088,0.49323786793953855,0.21519490851233097,0.20055053958509278,0.3039310189095715,0.13512500000000002,0.22451944444444447,downtrend,0,1,baissier,225,0,0,30,,,27.2,73.0,73.0,68.0,17.5,52.18,False,False,,0,,,,56,461496028,1978779267,2332225913.0,10000000000.0,10000000000.0,23.3,1071484,$1M,7.46
ETHUSDT,ETH,Etabli,2,1785.98,580172587.566705,7.088,44.18771606385133,16.569646573178403,2058.3635999999997,2402.81775,0.6268475495487107,0.351099627945432,0.2619636213311286,0.7231967846094216,0.910069360448683,1760.0777777777776,2364.3786111111112,macd_bullish_cross,1,0,haussier,365,0,0,30,,,45.0,37.0,59.0,78.5,50,51.95,False,False,,0,,,,48,217833443852,217833443852,120684182.8820379,120684182.8820379,,100.0,,,
PORTALUSDT,PORTAL,Speculative,,0.01233,1193639.184453,-2.684,46.44187909707228,-0.0008092189621021631,0.012384799999999998,0.014898399999999992,4.389514747085891,0.6166409861325116,0.6166409861325116,1.3490831629727829,0.1201843792227621,0.008226388888888887,0.018378055555555554,uptrend,1,0,haussier,365,0,0,30,,,17.0,75.0,28.0,68.0,50,51.78,False,False,,0,,,,57,,,,,,,,,
PYTHUSDT,PYTH,Mid,134,0.0405,3354777.23915,2.015,54.16225109230094,0.0010562805964176815,0.043508000000000005,0.051409,1.1784878815340736,0.479933110367893,0.32441471571906355,1.1486793107054827,0.5765891169850924,0.035275,0.05306666666666666,macd_bullish_cross,1,0,haussier,365,0,0,30,,,31.0,55.0,58.0,68.0,50,51.5,False,False,,0,,,,56,320113879,406494748,7874981922.18671,10000000000.0,10000000000.0,78.7,,,
CRVUSDT,CRV,Mid,125,0.2419,3250590.93813,4.267,59.007035211325054,0.0059055297080677,0.23071400000000003,0.283196,0.9584182706570264,0.3525230987917555,0.1378820184790333,0.5852436805638437,0.6222901913926879,0.2016361111111111,0.25545555555555555,downtrend,0,1,baissier,365,0,0,30,,,31.0,66.0,73.0,68.0,17.5,51.02,False,False,,0,,,,54,369923260,579941452,1524708231.0,2390337672.396163,3030303031.0,63.8,1460590394,$1.5B,0.88
XRPUSDT,XRP,Etabli,5,1.2346,143563797.80486,8.441,50.51210267628497,0.01026778901934488,1.3201640000000001,1.5734890000000001,0.5242359311135871,0.26380285483436583,0.16893347697279834,0.9016590466372538,0.8594068278102487,1.184686111111111,1.4588861111111109,macd_bullish_cross|downtrend|doji_4h,1,1,mixte,365,0,0,30,,,45.0,46.0,75.5,78.5,17.5,50.97,False,False,,0,🔥 Trending #14 sur CoinGecko,14,,48,76864516189,123849568432,62053900985.0,99985653167.0,100000000000.0,62.1,,,
LINKUSDT,LINK,Etabli,21,8.372,18111069.68756,6.109,48.1884618120631,0.06811681429207511,9.138560000000002,10.292039999999993,0.595576069656742,0.3128731343283583,0.21772388059701506,0.5460157446201839,0.8425533048030617,8.022166666666665,10.087138888888887,macd_bullish_cross|downtrend,1,1,mixte,365,0,0,30,,,45.0,46.0,75.5,78.5,17.5,50.97,False,False,,0,,,,48,6140558276,8445273726,727099970.4255477,1000000000.0,1000000000.0,72.7,,,
SHIBUSDT,SHIB,Etabli,33,5.09e-06,6036462.95447103,3.245,46.37810674172347,5.822150802854355e-08,5.663600000000001e-06,6.58125e-06,0.5095225377928446,0.3101361573373676,0.22995461422087743,0.914542953258498,0.7619705241850361,4.976666666666666e-06,6.388055555555555e-06,macd_bullish_cross|downtrend,1,1,mixte,365,0,0,30,,,45.0,46.0,75.5,78.5,17.5,50.97,False,False,,0,,,,48,3010148449,3011459551,589243194906196.8,589499846110164.0,,100.0,,,
TRUMPUSDT,TRUMP,Mid,110,2.027,21619496.079684,0.099,52.40052282103338,0.05967522141734838,2.1182,3.613305000000002,1.0842738442253708,0.5473321858864028,0.4188181296615032,1.6971810824493019,0.46564464186837384,1.8265833333333334,3.189305555555556,macd_bullish_cross|downtrend,1,1,mixte,365,0,0,30,,,31.0,64.0,49.0,78.5,17.5,50.92,False,False,,0,,,,49,481773535,2029254606,237414040.342428,1000000000.0,1000000000.0,23.7,,,
ZROUSDT,ZRO,Mid,138,1.185,9148133.79272,28.108,56.24472473611765,0.02638823276692283,1.2483600000000004,1.5933550000000005,1.2645477210831035,0.6418502202643173,0.4784140969162996,3.144449742266624,0.48434116052118187,1.0010277777777778,2.077527777777778,macd_bullish_cross|downtrend,1,1,mixte,365,0,0,30,,,31.0,64.0,49.0,78.5,17.5,50.92,False,False,,0,,,,53,300653962,1191503163,252331652.6536562,1000000000.0,1000000000.0,25.2,7557101768,$7.6B,0.49
SENTUSDT,SENT,Mid,256,0.01533,1188485.57458,-1.919,51.23833987632262,0.0002658662743789066,0.015872200000000003,,0.9736926763015388,0.3924418604651162,0.25532945736434104,0.6794429554260867,0.3922636505806059,0.014315555555555557,0.01964611111111111,,0,0,neutre,145,0,0,30,,,25.0,54.0,73.0,68.0,50,50.88,False,False,,0,,,,58,111479199,529215050,7237882055.0,34359738368.0,34359738368.0,21.1,,,
WBETHUSDT,WBETH,Speculative,,1961.49,2643480.475093,7.116,45.18727683505701,18.72058518447568,2257.0764,2620.8757,0.6292583217370615,0.34930710266963716,0.25574519503077453,2.369518795262711,0.9084749313270006,1931.8094444444444,2589.3769444444447,macd_bullish_cross,1,0,haussier,365,0,0,30,,,17.0,64.0,59.0,68.0,50,50.86,False,False,,0,,,,63,,,,,,,,,
MANTAUSDT,MANTA,Speculative,540,0.08253,653613.584502,1.977,54.28738360017374,0.00011112776280072876,0.07615540000000003,0.07437340000000002,0.9819424256084012,0.16025932666060044,0.06301182893539585,0.5100779508143914,0.2872950415520042,0.06205361111111112,0.08300027777777777,macd_bullish_cross|golden_cross|double_top_90d,2,1,haussier,365,0,0,30,,,17.0,82.0,83.5,57.5,17.5,50.86,False,False,,0,,,,60,38983923,82276643,473815194.1114375,1000000000.0,1000000000.0,47.4,22024703,$22M,6.24
DOGEUSDT,DOGE,Etabli,11,0.09006,60387508.0268,3.995,44.61885016551409,0.0005714134905907249,0.10073580000000001,0.10926824999999989,0.5475806247413394,0.2943010566429932,0.21981638662740344,0.4948973496686344,0.7742288346483488,0.08694416666666668,0.11079638888888892,macd_bullish_cross,1,0,haussier,365,0,0,30,,,45.0,28.0,75.5,78.5,50,50.51,False,False,,0,,,,47,13991709881,15412939005,154670366383.7052,170381243126.579,,90.8,,,
ARBUSDT,ARB,Etabli,99,0.0886,4390710.64444,6.747,41.225954529826595,0.0011250271859372957,0.10981800000000003,0.13728849999999995,0.6855806006796783,0.4614850798056905,0.3844552394170715,0.5904670615661459,0.6829604190326647,0.08513055555555557,0.133975,macd_bullish_cross|support_bounce,2,0,haussier,365,0,0,30,,,45.0,37.0,68.5,68.0,50,50.32,False,False,,0,,,,49,556018984,888802509,6255821492.0,10000000000.0,10000000000.0,62.6,2839968725,$2.8B,2.33
PARTIUSDT,PARTI,Speculative,,0.0577,1588603.07444,-4.628,53.578684613646296,0.0007614598037697217,0.052378,0.08040749999999999,1.3674100661585213,0.6183953033268103,0.43933463796477495,0.5069198022517891,-0.003620452148193103,0.04113333333333331,0.08950833333333333,doji_4h,0,0,neutre,365,0,0,30,,,17.0,66.0,43.0,68.0,50,50.23,False,False,,0,,,,57,,,,,,,,,
ROBOUSDT,ROBO,Mid,498,0.02003,3669780.42754,-1.476,49.24780455852589,4.573599234349609e-05,0.020302200000000003,,0.9894165062892014,0.39221556886227543,0.250748502994012,0.515875945390067,0.26248514928298333,0.017776111111111114,0.02487444444444445,,0,0,neutre,104,0,0,30,,,23.8,54.0,67.0,68.0,50,50.14,False,False,,0,,,,57,44806411,200835549,2231000000.0,10000000000.0,10000000000.0,22.3,,,
TONUSDT,TON,Speculative,753,1.77,21505985.53462,2.431,49.65356013012133,0.003624149993566861,1.8570399999999996,1.551610000000001,1.0899200850519184,0.4406779661016949,0.34782608695652173,0.7214933441254564,0.3788337754104499,1.2359444444444447,2.230916666666667,macd_bullish_cross,1,0,haussier,365,0,0,30,,,17.0,54.0,58.0,78.5,50,50.13,False,False,,0,,,,55,23999190,40288704,62255289.72939838,104511233.0769786,,59.6,,,
ESPUSDT,ESP,Speculative,523,0.07816,1501909.13784,7.956,62.921559961553335,0.0014362496015383184,0.06835520000000002,,0.992579704382315,0.4194553311225002,0.21756607376143103,1.0291932583903276,0.48276298589276484,0.06339055555555555,0.0907136111111111,,0,0,neutre,124,0,0,30,,,10.4,63.0,73.0,68.0,50,50.02,False,False,,0,,,,61,40579585,279859204,520550000.0,3590000000.0,,14.5,,,
IOTAUSDT,IOTA,Mid,170,0.0496,1037250.0322,7.359,46.32376194718841,0.00012509807015944133,0.055112000000000015,0.071181,0.780869486617563,0.3211009174311926,0.24159021406727832,0.5734713996459795,0.5836425399916749,0.048625000000000015,0.06299444444444444,macd_bullish_cross,1,0,haussier,365,0,0,30,,,31.0,46.0,73.0,68.0,50,49.95,False,False,,0,,,,55,222676674,243532195,4490727886.0,4911321861.0,,91.4,,,
BANANAS31USDT,BANANAS31,Mid,267,0.010027,11258409.389673,3.403,49.82067700997569,-7.032286068512066e-05,0.010960499999999998,0.007412435,2.032544851945035,0.5451325111519287,0.3295722907373393,1.3400771101220257,0.17282710174130783,0.008977972222222222,0.013803583333333334,macd_bearish_cross,0,1,baissier,365,0,0,30,,,31.0,63.0,32.5,78.5,21.1,49.9,False,False,,0,,,,47,102628613,102628613,10000000000.0,10000000000.0,10000000000.0,100.0,,,
PAXGUSDT,PAXG,Etabli,44,4339.28,18543893.356318,2.706,46.984915250959226,3.235437968661543,4505.685,4670.762950000001,0.2843845795181198,0.1608891208190448,0.10115468084753897,0.4373601128357905,0.45133962079232137,4312.773055555555,4785.590833333334,macd_bullish_cross|support_bounce|downtrend,2,1,haussier,365,0,0,30,,,45.0,37.0,95.5,78.5,17.5,49.8,False,False,,0,,,,49,1982736167,1982736167,456894.511,456894.511,,100.0,1980583203,$2.0B,0.12
CUSDT,C,Speculative,973,0.0942,1181203.3729,4.667,52.34839476079263,-0.0004901215068856017,0.08618799999999997,0.07456549999999992,1.3121412508691657,0.2379310344827586,0.11786716557530402,0.24151694124981177,-0.11440008878043258,0.0617361111111111,0.09860833333333333,macd_bearish_cross|uptrend|doji_4h,1,1,mixte,333,0,0,30,,,16.1,73.0,68.5,68.0,21.1,49.68,False,False,,0,,,,56,15066388,94164927,160000000.0,1000000000.0,,16.0,,,
MEGAUSDT,MEGA,Mid,352,0.06507,15051325.932404,5.377,47.89675599922751,0.00463735406810192,,,1.4687489260418625,0.7445378151260504,0.6042617046818727,0.8133249080508089,,0.04685055555555555,0.14765055555555556,doji_4h,0,0,neutre,47,0,0,30,,,22.3,54.0,34.5,78.5,50,49.61,False,False,,0,,,,52,72894863,645205595,1129792788.0,10000000000.0,10000000000.0,11.3,,,
STRKUSDT,STRK,Mid,158,0.0377,2519876.532439,11.209,52.74826644485957,0.00046628886015961024,0.04000399999999999,0.05639100000000001,0.8746929740253195,0.43493761140819964,0.3262032085561497,0.8247214639278648,0.5075014836522141,0.03282500000000001,0.04678611111111111,macd_bullish_cross,1,0,haussier,365,0,0,30,,,31.0,46.0,68.5,68.0,50,49.6,False,False,,0,,,,55,240590900,378575643,6355160584.348971,10000000000.0,10000000000.0,63.6,193468949,$193M,7.3
PNUTUSDT,PNUT,Mid,494,0.0464,1800348.13799,6.178,46.73467173746567,0.0005033697622166332,0.053626000000000014,0.05914900000000003,0.8424405505907792,0.43758765778401126,0.3478260869565218,0.6994432044473572,0.4908002073654642,0.03979444444444443,0.06391944444444445,macd_bullish_cross,1,0,haussier,365,0,0,30,,,31.0,46.0,68.5,68.0,50,49.6,False,False,,0,,,,55,46479993,46479993,999841962.186592,999841962.186592,1000000000.0,100.0,,,
ZKUSDT,ZK,Mid,242,0.01232,1583134.104217,9.22,46.81531857499306,0.00022536351570663984,0.014788599999999999,0.021918449999999992,0.8981041783906186,0.4810510358767054,0.3749368367862556,0.6642263579201394,0.6590393380436704,0.011855833333333335,0.018868333333333334,macd_bullish_cross,1,0,haussier,365,0,0,30,,,31.0,46.0,68.5,68.0,50,49.6,False,False,,0,,,,55,119845478,259367679,9703425807.0,21000000000.0,21000000000.0,46.2,,,
PUMPUSDT,PUMP,Etabli,96,0.001625,7133248.994569,5.657,49.68037685776685,9.71131539719869e-06,0.00175782,0.0020706099999999988,1.0702926548053748,0.37437300501595994,0.25718194254445964,0.648722011714152,0.6434844786734888,0.0015484722222222224,0.0020132777777777783,macd_bullish_cross|support_bounce|downtrend,2,1,haussier,278,0,0,30,,,42.6,46.0,62.5,78.5,17.5,49.39,False,False,,0,,,,46,569619980,1405213785,347979174343.5222,858440978014.7448,1000000000000.0,40.5,215415496,$215M,9.35
PEPEUSDT,PEPE,Etabli,62,2.99e-06,19156311.43796116,6.406,41.41275916768449,3.0066978882248924e-08,3.5634000000000017e-06,4.054950000000003e-06,0.6078465960156485,0.3900226757369615,0.3242630385487529,0.3703567319157354,0.783359607619137,2.942222222222222e-06,4.128888888888888e-06,macd_bullish_cross|doji_4h,1,0,haussier,365,0,0,30,,,45.0,28.0,60.5,78.5,50,49.35,False,False,,0,,,,45,1262814923,1262814923,420690000000000.0,420690000000000.0,420690000000000.0,100.0,,,
FLOKIUSDT,FLOKI,Mid,149,2.744e-05,1657994.96483246,10.69,53.0509880697616,3.8122466195264444e-07,2.9838399999999992e-05,3.4991050000000015e-05,0.6663693143602727,0.3760042849491162,0.26379217996786286,0.5634419469992051,0.726009434084218,2.5231944444444444e-05,3.454888888888888e-05,macd_bullish_cross,1,0,haussier,365,0,0,30,,,31.0,46.0,65.0,68.0,50,49.33,False,False,,0,,,,54,265185661,274753796,9651756011851.0,10000000000000.0,10000000000000.0,96.5,10298329,$10M,3.32
BONKUSDT,BONK,Mid,117,5e-06,5593710.71079918,12.867,48.71448361883659,7.108386205032207e-08,5.810799999999999e-06,7.050000000000001e-06,0.7733893018153958,0.4533678756476684,0.34974093264248707,1.0891228030278475,0.7687965841498976,4.740555555555556e-06,6.860833333333335e-06,macd_bullish_cross|downtrend,1,1,mixte,365,0,0,30,,,31.0,55.0,60.5,78.5,17.5,49.1,False,False,,0,,,,48,443664153,443664153,87994720646613.9,87994720646613.9,87995282867000.55,100.0,,,
METUSDT,MET,Mid,401,0.1175,1634073.34263,13.746,48.152582341069476,0.001657892877125547,0.13962399999999991,0.19565349999999987,0.894215012197699,0.47348484848484845,0.3614718614718615,3.513968951398603,0.46186677644100943,0.11230277777777779,0.17438055555555557,macd_bullish_cross|downtrend,1,1,mixte,215,0,0,30,,,26.9,64.0,68.5,68.0,17.5,49.06,False,False,,2,⚡ Volume ×3.5 vs médiane,,3.51,59,62777830,118273131,529584234.071724,997734157.954385,1000000000.0,53.1,186665201,$187M,7.18
LINEAUSDT,LINEA,Mid,315,0.002653,1403751.081283,6.503,43.661288992890455,2.5780472419680673e-05,0.0032480600000000005,0.00448989,0.8033626973383858,0.4664662349676225,0.38367252543940794,1.0600799512226415,0.5994130134838528,0.0026350833333333335,0.0038338611111111112,macd_bullish_cross|morning_star_4h,2,0,haussier,279,0,0,30,,,28.6,46.0,68.5,68.0,50,49.02,False,False,,0,,,,52,81744135,192213526,30624246245.373516,72009990000.0,72009990000.0,42.5,,,
STGUSDT,STG,Speculative,629,0.2276,9880328.21194,-9.968,45.95851065262583,-0.0038383700825421405,0.24469000000000002,0.18307150000000003,4.115734819109691,0.6459300526152894,0.6459300526152894,5.108018808765031,0.1084531942671335,0.17227222222222222,0.33843055555555557,macd_bearish_cross|uptrend,1,1,mixte,365,0,0,30,,,17.0,72.0,28.0,78.5,21.1,48.83,False,False,,3,⚡ Volume ×5.1 vs médiane,,5.11,58,31849345,31849345,139410041.88733914,139410041.88733914,1000000000.0,100.0,74139729,$74M,-2.78
TRXUSDT,TRX,Etabli,8,0.3213,31736258.57885,1.197,37.29476631639113,-0.0011112964443723422,0.3421739999999999,0.3076525000000001,0.3026796398801225,0.16027689030883913,0.1445686900958467,0.46237093723239087,0.2995190622212468,0.3109916666666666,0.35937222222222226,bear_flag|support_bounce,1,1,mixte,365,0,0,30,,,45.0,36.0,89.5,78.5,15.0,48.66,False,False,,0,,,,44,30449710099,30449731664,94831010660.23236,94831077822.62317,,100.0,,,
ZAMAUSDT,ZAMA,Mid,369,0.03123,2524835.44499,0.0,49.57438149646355,-0.00018177825771693173,0.030222999999999996,,0.8301704122592475,0.23911747167561118,0.16844349680170576,0.3670668383336413,0.22624610553592614,0.022444166666666668,0.03441555555555556,uptrend|morning_star_4h,2,0,haussier,134,0,0,30,,,24.7,45.0,79.0,68.0,50,48.56,False,False,,0,,,,56,68625069,343125344,2200000000.0,11000000000.0,,20.0,18399620,$18M,-0.14
ALTUSDT,ALT,Speculative,506,0.00674,2142283.91201,5.643,51.24306822823057,8.963517845105235e-05,0.0071426000000000016,0.0089808,1.0105633348367986,0.3176895306859206,0.1901323706377858,1.0154783395042501,0.37689808743359554,0.0060952777777777785,0.008239722222222221,macd_bullish_cross|morning_star_4h,2,0,haussier,365,0,0,30,,,17.0,55.0,62.5,68.0,50,48.42,False,False,,0,,,,56,43181827,67429534,6403993052.0,10000000000.0,10000000000.0,64.0,,,
ALGOUSDT,ALGO,Etabli,78,0.0961,3397320.4823,5.373,44.352389724182224,-0.000410750365680025,0.110478,0.10922099999999997,0.7712937967720505,0.35254491017964074,0.2791916167664671,0.623324281068969,0.4805940290186529,0.08635000000000001,0.12518055555555557,double_top_90d,0,1,baissier,365,0,0,30,,,45.0,45.0,73.0,68.0,17.5,48.13,False,False,,0,,,,44,866448595,866484136,8925101138.033785,8925467237.634453,10000000000.0,100.0,,,
SKYUSDT,SKY,Etabli,58,0.05762,1846608.98099,1.676,37.59955799442808,0.00013594153093035057,0.06989139999999999,0.06779274999999996,0.5994223790039466,0.3873491282968261,0.35404559678140374,1.0995289108535935,0.5507207394095592,0.060458333333333315,0.08320611111111112,macd_bullish_cross|bear_flag|downtrend,1,2,baissier,272,0,0,30,,,42.5,54.0,79.0,68.0,0,48.01,False,False,,0,,,,44,1348394839,1358501062,23288120619.581093,23462665147.36596,23462665147.3,99.3,5869373098,$5.9B,1.25
POLUSDT,POL,Etabli,79,0.07832,2458898.04787,4.066,41.48596840459243,-0.00027049367614078064,0.09007420000000002,0.10398505000000009,0.6281843561254995,0.30861244019138756,0.2494736842105263,0.3830077585433656,0.6072156299282128,0.0795133333333333,0.09914722222222222,,0,0,neutre,365,0,0,30,,,45.0,28.0,73.0,68.0,50,47.96,False,False,,0,,,,47,837273303,837273303,10661337884.85146,10661337884.85146,,100.0,2255189713,$2.3B,0.71
ARKMUSDT,ARKM,Mid,296,0.138,1330762.49939,9.873,55.400570109137604,0.0006268928617269298,0.129338,0.14439950000000012,1.2999312931590457,0.2830188679245283,0.09824333116460639,0.47851834534268967,0.4885508713693341,0.09722222222222227,0.14589166666666667,macd_bullish_cross|downtrend,1,1,mixte,365,0,0,30,,,31.0,57.0,67.0,68.0,17.5,47.84,False,False,,0,,,,50,88766987,138517400,640836360.0,1000000000.0,1000000000.0,64.1,,,
WALUSDT,WAL,Mid,290,0.0378,2655367.3787,11.504,32.26208670650249,0.0005137924562093592,0.06109400000000001,0.09304449999999999,0.9967185213911283,0.6391752577319588,0.5670103092783505,6.644653456889679,0.6350321571692016,0.041758333333333335,0.08447222222222223,macd_bullish_cross|doji_4h,1,0,haussier,249,0,0,30,,,27.8,46.0,55.0,68.0,50,47.78,False,False,,3,⚡ Volume ×6.6 vs médiane,,6.64,58,91095293,189535070,2403125000.0,5000000000.0,5000000000.0,48.1,3406751,$3M,1.18
SUIUSDT,SUI,Etabli,30,0.8138,37106234.61985,7.503,44.92697488130236,0.009858222216139745,0.9509559999999995,1.147100500000001,0.7249068430206167,0.4721951219512195,0.3891181988742965,0.8358287223630729,0.6859322594795807,0.7801888888888889,1.1205027777777778,macd_bullish_cross|downtrend,1,1,mixte,365,0,0,30,,,45.0,37.0,68.5,78.5,17.5,47.73,False,False,,0,🔥 Trending #13 sur CoinGecko,13,,41,3320058383,8240000437,4029196852.454399,10000000000.0,10000000000.0,40.3,,,
FILUSDT,FIL,Etabli,89,0.814,9045586.27468,5.852,44.97893141005123,0.0025454035925967233,0.9421200000000001,1.0835500000000002,0.954901950733352,0.432012432012432,0.36752136752136755,0.7303815543050542,0.5568194603662379,0.7829999999999999,1.0739166666666666,macd_bullish_cross|downtrend,1,1,mixte,365,0,0,30,,,45.0,37.0,68.5,78.5,17.5,47.73,False,False,,0,,,,41,644872482,1597911934,790073706.0,1957702088.0,,40.4,,,
DOTUSDT,DOT,Etabli,48,1.029,8368884.07109,6.522,43.509244058823676,0.006249332443450634,1.1866199999999998,1.5295249999999996,0.6150697618563099,0.419150285351934,0.34622701331642364,0.8979911680749906,0.5970834768888822,1.0268055555555553,1.4153055555555558,macd_bullish_cross|downtrend,1,1,mixte,365,0,0,30,,,45.0,37.0,68.5,78.5,17.5,47.73,False,False,,0,,,,41,1743499146,1743499146,1688780303.938168,1688780303.938168,2100000000.0,100.0,2392278,$2M,4.03
ASRUSDT,ASR,Speculative,,1.158,1595098.7984,6.925,61.73501820761347,0.030081359697238845,1.12306,1.3340200000000004,0.9796708338477258,0.3970479704797048,0.1416974169741697,1.230695005966495,0.3946418065050294,0.9739722222222221,1.3311388888888893,double_top_90d|downtrend,0,2,baissier,365,0,0,30,,,17.0,75.0,73.0,68.0,0,47.63,False,False,,0,,,,52,,,,,,,,,
币安人生USDT,币安人生,Etabli,85,0.7002,8679194.70886,4.523,59.577644548645665,-0.009602958696675601,0.49893599999999977,,1.5583168551729847,0.31631589914565533,0.14362481680508052,0.1883397413293754,0.11025353486535533,0.049172222222222214,0.6721000000000001,macd_bearish_cross|uptrend,1,1,mixte,160,0,0,30,,,39.4,45.0,46.0,78.5,21.1,47.57,False,False,,0,,,,44,704608750,704608750,1000000000.0,1000000000.0,1000000000.0,100.0,,,
KAIAUSDT,KAIA,Mid,164,0.0395,1363434.20767,3.133,41.635784462830074,2.3338749933956866e-05,0.04558000000000001,0.05504750000000004,0.7378444916056268,0.3475836431226766,0.26579925650557623,0.925738702813886,0.610854992211697,0.03989999999999998,0.05201666666666666,macd_bullish_cross,1,0,haussier,365,0,0,30,,,31.0,37.0,73.0,68.0,50,47.24,False,False,,0,,,,50,231390918,231390926,5856641747.106198,5856641936.044253,,100.0,,,
UNIUSDT,UNI,Etabli,50,2.688,8217811.82708,6.751,43.09217078130511,0.024145563871523418,3.1693599999999993,4.072420000000001,0.6103648528170833,0.40010015022533807,0.3254882323485228,0.6624518159443663,0.7497246439448634,2.6634722222222225,3.7073333333333327,macd_bullish_cross|downtrend,1,1,mixte,365,0,0,30,,,45.0,37.0,60.5,78.5,17.5,47.11,False,False,,0,,,,40,1679976676,2414936900,622047561.5538775,894182420.0329479,1000000000.0,69.6,1483327993,$1.5B,2.92
QNTUSDT,QNT,Etabli,67,71.04,898905.99512,4.057,51.19240552429224,0.15998498005882067,71.99940000000001,73.43979999999998,0.6487270803188877,0.18838789376158122,0.12254478072884498,0.5236731705306561,0.30609807932554084,67.3477777777778,78.97472222222221,macd_bullish_cross|downtrend,1,1,mixte,365,0,0,30,,,45.0,46.0,85.0,57.5,17.5,46.99,False,False,,0,,,,50,1033828289,1038684382,14544176.164081175,14612493.0,14612493.0,99.5,,,
METISUSDT,METIS,Speculative,769,3.08,1156131.1823,10.394,55.0967243321455,0.05772018869598444,3.288400000000002,4.067350000000001,0.831973426717578,0.44393592677345534,0.2929061784897026,1.7903334353540163,0.5840416764372034,2.663333333333333,3.9099999999999997,macd_bullish_cross|downtrend|doji_4h,1,1,mixte,365,0,0,30,,,17.0,64.0,73.0,68.0,17.5,46.98,False,False,,0,,,,53,23118239,30855444,7492434.342,10000000.0,10000000.0,74.9,27978192,$28M,12.84
CHIPUSDT,CHIP,Mid,316,0.03999,20635166.55098,14.257,50.74317120118367,0.001490300277256748,0.04885719999999999,,1.288719716384081,0.7302375044310528,0.6453385324353066,0.27810563491616774,,0.03170818181818182,0.08078045454545456,,0,0,neutre,56,0,0,30,,,22.5,45.0,34.5,78.5,50,46.97,False,False,,0,,,,49,81032224,405161122,2000000000.0,10000000000.0,10000000000.0,20.0,197021449,$197M,-3.59
FIDAUSDT,FIDA,Speculative,762,0.02377,1795682.712019,2.325,50.17463176997798,-0.00012955544798059403,0.0228348,0.025154900000000008,2.807702499380624,0.5453205600589537,0.4161139769098502,0.44472465407204037,0.2365428095543727,0.014367777777777778,0.030747499999999997,,0,0,neutre,365,0,0,30,,,17.0,57.0,32.5,68.0,50,46.71,False,False,,0,,,,52,23579582,23579582,990910744.463212,990910744.463212,1000000000.0,100.0,,,
PENGUUSDT,PENGU,Mid,115,0.007158,8470708.162617,7.655,46.128697631861854,8.439271793055504e-05,0.008582579999999998,0.00855373,0.8700399468656373,0.4329952915610286,0.3512314378848243,0.432783600987287,0.6977798774257578,0.006350416666666668,0.01020036111111111,macd_bullish_cross|downtrend,1,1,mixte,365,0,0,30,,,31.0,45.0,68.5,78.5,17.5,46.7,False,False,,7,🔥 Trending #1 sur CoinGecko,1,,57,454447343,574596951,62860396090.0,79479817540.98878,88888888888.0,79.1,,,
BOMEUSDT,BOME,Speculative,618,0.00047,1255683.414121,10.588,49.46791714302644,5.482740555348367e-06,0.0005264800000000002,0.0005226499999999998,0.8544356570529016,0.3761609907120743,0.2708978328173374,1.0075846248588038,0.4866968209610096,0.00038141666666666673,0.0006284722222222223,macd_bullish_cross|downtrend,1,1,mixte,365,0,0,30,,,17.0,63.0,73.0,68.0,17.5,46.68,False,False,,0,,,,53,32520549,32520549,68999659569.0,68999659569.0,68999659569.0,100.0,,,
AVAUSDT,AVA,Speculative,990,0.1995,1176456.52473,5.166,45.71390941130384,0.0024301769268444493,0.23489799999999994,0.24973900000000002,0.7785741487630048,0.3937931034482758,0.3103448275862068,3.4146445583500364,0.5648761943941117,0.1866277777777778,0.2757027777777778,macd_bullish_cross|support_bounce|downtrend,2,1,haussier,365,0,0,30,,,17.0,64.0,68.5,68.0,17.5,46.64,False,False,,2,⚡ Volume ×3.4 vs médiane,,3.41,59,14635774,14635774,73278967.0,73278967.0,100000000.0,100.0,,,
ZENUSDT,ZEN,Mid,297,4.88,3751125.0137,11.85,46.10574289199115,0.03249687776572446,5.862819999999999,6.923025000000003,1.1665751612761757,0.45068565400843874,0.3552215189873418,1.0233684429008445,0.6650675976400832,4.667944444444445,6.90263888888889,macd_bullish_cross|downtrend,1,1,mixte,365,0,0,30,,,31.0,55.0,58.0,68.0,17.5,46.55,False,False,,0,,,,48,88491010,102661568,18101332.87278685,21000000.0,21000000.0,86.2,,,
DASHUSDT,DASH,Mid,106,39.49,11169417.70072,11.965,52.51848103192981,0.43730681662592774,41.208600000000004,41.41530000000001,1.2779729725823277,0.3955495875695377,0.24247074621139458,0.8872184935077458,0.554558881667455,31.28194444444445,48.073611111111106,macd_bullish_cross|double_bottom_90d|downtrend,2,1,haussier,365,0,0,30,,,31.0,46.0,62.5,78.5,17.5,46.54,False,False,,0,,,,46,503910620,503963492,12730554.6527824,12731890.39231744,18920000.0,100.0,,,
VIRTUALUSDT,VIRTUAL,Mid,118,0.6607,5658016.80078,7.204,50.256321748846005,0.007284880298215821,0.7223720000000001,0.7373994999999993,1.0143853862724768,0.41858720120055737,0.2900632436488369,0.6615937114042948,0.6262328955236671,0.6037888888888889,0.8297361111111111,macd_bullish_cross|support_bounce|downtrend,2,1,haussier,365,0,0,30,,,31.0,46.0,62.5,78.5,17.5,46.54,False,False,,0,,,,46,436856050,664867234,657057570.8827373,1000000000.0,1000000000.0,65.7,,,
OPNUSDT,OPN,Speculative,978,0.0811,3961398.13074,1.502,36.946035221057016,-0.0067506061573044535,0.16062,,3.2591499748599606,0.7241617697891463,0.717594192879364,1.8475615521438717,0.02105546575786641,0.11643333333333336,0.24299722222222225,uptrend,1,0,haussier,103,0,0,30,,,9.8,63.0,28.0,68.0,50,46.41,False,False,,0,,,,50,14847870,81700987,181734276.26,1000000000.0,1000000000.0,18.2,5459862,$5M,-15.8
ORCAUSDT,ORCA,Mid,367,1.136,1081212.73094,2.712,45.80189048547371,0.01757644489162538,1.4160399999999995,1.1173499999999998,0.983138169313081,0.5502325581395349,0.46976744186046515,0.7688908535816844,0.3301796963582676,0.8595277777777778,1.7775833333333333,macd_bullish_cross|downtrend,1,1,mixte,365,0,0,30,,,31.0,54.0,59.5,68.0,17.5,46.36,False,False,,0,,,,48,69518867,85756384,60798785.289976,74999553.627115,100000000.0,81.1,254245093,$254M,9.82
SUNUSDT,SUN,Mid,132,0.01713,646060.36518,1.843,34.95828802591298,-2.6703283457007315e-05,0.018875999999999997,0.018611099999999988,0.3257121519755977,0.1861366941347552,0.16917111003393118,0.6064183001327035,0.33680004233771094,0.01706055555555556,0.020182500000000003,,0,0,neutre,365,0,0,30,,,31.0,36.0,95.5,57.5,50,46.31,False,False,,0,,,,53,329300917,340765332,19231207016.78254,19900730000.0,19900730000.0,96.6,209954720,$210M,102.07
HOLOUSDT,HOLO,Mid,472,0.069,2751045.6286,4.704,52.50914312517389,0.0008148608468672835,0.069864,0.066639,1.0562931664027726,0.3699421965317919,0.20231213872832357,1.0,0.45927003111805853,0.05358333333333334,0.0776861111111111,macd_bullish_cross|downtrend,1,1,mixte,278,0,0,30,,,28.6,54.0,62.5,68.0,17.5,46.01,False,False,,0,,,,48,50081661,141219131,726298493.999999,2048000000.0,2048000000.0,35.5,,,
ETCUSDT,ETC,Etabli,64,7.44,1956943.1319,5.085,43.42748165095545,0.048582525084311046,8.395999999999999,9.764750000000003,0.5001608115258347,0.31963927855711427,0.25350701402805614,0.5427063327021837,0.7554419766624832,7.339444444444443,9.321944444444446,macd_bullish_cross|downtrend,1,1,mixte,365,0,0,30,,,45.0,37.0,75.5,68.0,17.5,45.91,False,False,,0,,,,42,1166483970,1166483970,156559601.6228963,156559601.6228963,210700000.0,100.0,,,
ONTUSDT,ONT,Mid,471,0.05041,1757017.83717,4.802,45.708524414739664,0.0007864764964757125,0.058063599999999986,0.05972699999999997,0.6262796232938979,0.5938981837702424,0.5491634606781785,2.2465927620815322,0.22811595118645653,0.04541861111111112,0.09134250000000002,death_cross|downtrend,0,2,baissier,365,0,0,30,,,31.0,64.0,49.0,68.0,0,45.9,False,False,,0,,,,49,50273863,50273863,1000000000.0,1000000000.0,,100.0,,,
ATMUSDT,ATM,Speculative,,1.153,652926.03169,8.876,65.88312501697295,0.02463075966999762,1.0317,1.0484649999999998,0.8172953379090114,0.28393005828476275,0.036636136552872636,1.0664026402144084,0.4789674333070219,0.9553888888888891,1.1780000000000002,double_top_90d,0,1,baissier,365,0,0,30,,,17.0,66.0,77.5,57.5,17.5,45.58,False,False,,0,,,,51,,,,,,,,,
WUSDT,W,Mid,399,0.01036,1283031.833686,7.58,45.97240631917899,7.651402147859046e-05,0.012263400000000002,0.02188534999999999,1.0391516553868072,0.5005813953488372,0.39534883720930236,0.4794197691894895,0.45909456024459283,0.010278888888888886,0.016188888888888888,macd_bullish_cross,1,0,haussier,365,0,0,30,,,31.0,37.0,49.0,68.0,50,45.39,False,False,,0,,,,49,62716278,104122670,6023306716.0,10000000000.0,10000000000.0,60.2,2209181668,$2.2B,17.06
BATUSDT,BAT,Mid,215,0.0941,314505.154,5.968,47.852001891618414,-0.0002965281883042805,0.10087,0.14151600000000006,0.9246612354315469,0.3046744574290484,0.20784641068447415,0.5039423857992553,0.5512621890550757,0.09068611111111112,0.11237777777777776,support_bounce,1,0,haussier,365,0,0,30,,,31.0,46.0,73.0,47.0,50,45.23,False,False,,0,,,,55,141401395,141805573,1495724656.9526057,1500000000.0,1500000000.0,99.7,,,
SPELLUSDT,SPELL,Speculative,780,0.0001301,3991710.7328427,4.835,40.50578187634294,8.063644136461794e-07,0.00015416999999999997,0.0001960304999999999,0.540221641236803,0.34527687296416937,0.2926167209554832,5.244839526482597,0.6094671017109028,0.00013338333333333331,0.00017861111111111105,macd_bullish_cross|downtrend,1,1,mixte,365,0,0,30,,,17.0,55.0,83.5,68.0,17.5,45.08,False,False,,3,⚡ Volume ×5.2 vs médiane,,5.24,58,22350336,25542811,171510541047.0,196008739620.0,210000000000.0,87.5,6241558,$6M,3.66
EULUSDT,EUL,Speculative,719,1.076,2586440.34649,9.796,49.599086575257644,0.013223184563935314,1.2322199999999996,1.698554999999997,1.1397018340419165,0.4894387447193724,0.35546167773083887,2.0414365312896052,0.5694391244222793,0.8263611111111111,1.5021666666666667,macd_bullish_cross|downtrend,1,1,mixte,246,0,0,30,,,13.7,64.0,58.0,68.0,17.5,45.03,False,False,,0,,,,55,25789512,29032652,24146317.188470602,27182818.28459,27182818.0,88.8,271787996,$272M,-3.8
YBUSDT,YB,Speculative,825,0.0956,1319283.89443,6.222,47.65667318082984,0.0010205943784649995,0.10876000000000002,0.21526599999999999,1.4082505347501855,0.4248366013071895,0.3071895424836601,1.6023528910945242,0.34704785526714454,0.09222499999999999,0.13385833333333333,macd_bullish_cross|downtrend,1,1,mixte,244,0,0,30,,,13.7,64.0,58.0,68.0,17.5,45.02,False,False,,0,,,,51,20619336,70815564,214940747.1690261,738197884.9085277,1000000000.0,29.1,127378193,$127M,10.33
JASMYUSDT,JASMY,Mid,151,0.00533,2346548.237451,1.139,53.52262356709446,8.258793364198478e-05,0.005601,0.0060708,0.6957254076007425,0.3908355795148249,0.2816711590296497,0.6571393459981516,0.5804142087948941,0.00489611111111111,0.0063172222222222215,macd_bullish_cross|downtrend,1,1,mixte,365,0,0,30,,,31.0,46.0,73.0,68.0,17.5,44.99,False,False,,0,,,,48,263301678,266257134,49444999677.59027,50000000000.0,50000000000.0,98.9,,,
BREVUSDT,BREV,Speculative,790,0.088,3296726.29567,5.012,42.51381518544197,0.0008850868620394487,0.10758200000000002,,0.8193641373246885,0.43362831858407086,0.3517699115044247,2.503094946828792,0.5617704993188011,0.08900277777777776,0.13323055555555557,macd_bullish_cross|downtrend|morning_star_4h,2,1,haussier,161,0,0,30,,,11.4,63.0,68.5,68.0,17.5,44.97,False,False,,0,,,,53,22017625,88070500,250000000.0,1000000000.0,1000000000.0,25.0,,,
ZKPUSDT,ZKP,Speculative,,0.0582,1106358.3295,-1.855,42.877485313664245,0.0007439997267217344,0.072212,,0.7936392872445556,0.4854854854854855,0.41641641641641647,1.812094283332766,0.47032824468345086,0.05875833333333333,0.08718333333333331,macd_bullish_cross|downtrend,1,1,mixte,160,0,0,30,,,11.4,63.0,68.5,68.0,17.5,44.96,False,False,,0,,,,49,,,,,,,,,
CKBUSDT,CKB,Mid,423,0.001183,230429.156081,4.876,46.50351589415447,1.858751141368316e-05,0.00137622,0.001824420000000001,0.6635446990349134,0.4053899082568808,0.31594036697247707,0.50704215392211,0.6559475679220612,0.001149527777777778,0.0016193888888888892,macd_bullish_cross,1,0,haussier,365,0,0,30,,,31.0,46.0,68.5,47.0,50,44.89,False,False,,0,,,,55,58033355,58998788,48956850697.35021,49771288631.96577,,98.4,,,
LPTUSDT,LPT,Mid,289,1.866,521951.18705,4.949,45.17069155774427,0.006000588137277343,2.07012,2.541774999999999,0.654689012228087,0.28685092127303174,0.21482412060301503,0.46009818960473986,0.6414156416424852,1.8555000000000001,2.3319444444444444,macd_bullish_cross,1,0,haussier,365,0,0,30,,,31.0,37.0,73.0,57.5,50,44.88,False,False,,0,,,,53,92772765,92772765,49688954.55,49688954.55,,100.0,,,
NEXOUSDT,NEXO,Etabli,81,0.829,438722.21508,4.277,53.46104632422586,0.007873308451618863,0.8565799999999999,0.8915549999999999,0.417707623920117,0.2047413793103449,0.1023706896551725,0.6084644046598837,0.8206507420253053,0.7954166666666667,0.9195555555555553,macd_bullish_cross|downtrend,1,1,mixte,365,0,0,30,,,45.0,46.0,87.5,47.0,17.5,44.83,False,False,,0,,,,50,828812347,828812347,1000000000.0,1000000000.0,1000000000.0,100.0,314175261,$314M,1.74
VELODROMEUSDT,VELODROME,Speculative,,0.01584,226455.926666,15.62,59.56849743968052,0.0002360594603685425,0.015957800000000005,0.017983600000000006,1.0049405404738778,0.35437144335230214,0.1567511639937921,1.28320204528439,0.6553274096666305,0.013473333333333334,0.017825833333333332,macd_bullish_cross|downtrend,1,1,mixte,365,0,0,30,,,17.0,75.0,62.5,47.0,17.5,44.77,False,False,,0,,,,55,,,,,,,,,
ORDIUSDT,ORDI,Mid,342,3.568,3085022.48748,8.45,50.386858749320204,0.07291816967016329,4.113040000000001,3.636189999999999,1.2293219715584454,0.6552007513500823,0.5805353369335524,0.6329476138615793,0.27053186886479025,2.3026388888888887,5.558861111111111,macd_bullish_cross|downtrend,1,1,mixte,365,0,0,30,,,31.0,54.0,38.5,68.0,17.5,44.75,False,False,,0,,,,45,75196033,75196033,21000000.0,21000000.0,,100.0,,,
SYNUSDT,SYN,Speculative,,0.0425,1728074.74451,7.868,52.36532899189761,0.0004453848992429085,0.047494000000000015,0.05261749999999998,1.5004830375055134,0.5267558528428093,0.28428093645484953,3.480587741654997,0.3384007722448258,0.03891111111111112,0.05726666666666666,macd_bullish_cross|support_bounce|downtrend,2,1,haussier,365,0,0,30,,,17.0,64.0,43.0,68.0,17.5,44.67,False,False,,2,⚡ Volume ×3.5 vs médiane,,3.48,55,,,,,,,11615055,$12M,-5.35
OPUSDT,OP,Mid,159,0.1115,3215609.02352,5.189,49.63067057272708,0.0014167647412463048,0.124404,0.18688649999999987,0.9144636753589906,0.470314318975553,0.3509895227008149,0.6426773591237213,0.5426874302559118,0.10093611111111113,0.14446388888888886,macd_bullish_cross|downtrend,1,1,mixte,365,0,0,30,,,31.0,46.0,68.5,68.0,17.5,44.65,False,False,,0,,,,47,240210782,479297569,2152519691.0,4294967296.0,4294967296.0,50.1,638543384,$639M,11.17
GALAUSDT,GALA,Mid,222,0.00278,2147491.38709,6.513,45.32521757086474,2.575514409099139e-05,0.0031975999999999992,0.004467449999999999,0.6939448931876961,0.40144230769230765,0.329326923076923,0.7731062169822758,0.6142013106656513,0.002684444444444445,0.0037186111111111118,macd_bullish_cross|downtrend,1,1,mixte,365,0,0,30,,,31.0,46.0,68.5,68.0,17.5,44.65,False,False,,0,,,,47,135533964,135533967,48609911423.0338,48609912492.01996,50000000000.0,100.0,,,
CVXUSDT,CVX,Mid,234,1.387,490252.726782,6.121,46.963914682927005,0.019665956356915898,1.6043200000000002,1.8131599999999992,0.8726509030465811,0.3895705521472393,0.2832310838445808,0.7491509858950749,0.7667095164674657,1.3638333333333335,1.8857222222222225,macd_bullish_cross,1,0,haussier,365,0,0,30,,,31.0,46.0,65.0,47.0,50,44.62,False,False,,0,,,,54,126642504,140115129,90360893.86537892,99973768.52113903,100000000.0,90.4,531453876,$531M,2.8
IDUSDT,ID,Speculative,,0.028,1262830.5643,-1.408,47.07552953739242,4.9981800112767e-05,0.030932000000000005,0.047722000000000014,1.9150559027311547,0.4213075060532688,0.3171912832929783,0.955272693009431,0.5138006921245343,0.027536111111111105,0.039436111111111116,macd_bullish_cross|morning_star_4h,2,0,haussier,365,0,0,30,,,17.0,46.0,47.5,68.0,50,44.55,False,False,,0,,,,51,,,,,,,,,
APEUSDT,APE,Mid,223,0.1342,1464814.639532,7.103,50.94044016015323,0.0005604377065916472,0.14417200000000005,0.15003800000000006,0.8452100759531337,0.3541436464088397,0.25690607734806625,0.5148950036160351,0.21720234529399007,0.08608888888888885,0.16868055555555556,macd_bullish_cross|downtrend,1,1,mixte,365,0,0,30,,,31.0,46.0,67.0,68.0,17.5,44.53,False,False,,0,,,,47,134391209,134391209,1000000000.0,1000000000.0,1000000000.0,100.0,,,
MOVEUSDT,MOVE,Mid,483,0.0121,571965.8565,1.681,36.12790909073421,2.659919419762953e-05,0.015839999999999996,0.025032499999999996,0.9677601976352519,0.4571428571428572,0.4285714285714286,0.7387285985791705,0.5178957324462284,0.013202777777777779,0.02064166666666667,doji_4h,0,0,neutre,365,0,0,30,,,31.0,37.0,68.5,57.5,50,44.53,False,False,,0,,,,49,48208869,120459434,4002083333.0,10000000000.0,10000000000.0,40.0,,,
AXLUSDT,AXL,Mid,430,0.0472,539220.624913,2.609,45.55367705728312,0.0007244869295609229,0.058524000000000014,0.06658650000000003,0.958948118351497,0.4981773997569866,0.4228432563791008,0.40870425489522894,0.32888725936003155,0.04344999999999999,0.07274444444444444,macd_bullish_cross,1,0,haussier,365,0,0,30,,,31.0,37.0,68.5,57.5,50,44.53,False,False,,0,,,,52,56228550,58938621,1186950170.602329,1244158104.106592,,95.4,145221322,$145M,0.69
AVAXUSDT,AVAX,Etabli,35,6.935,18347401.34342,4.869,34.51233954141516,-0.005155442156358436,8.68074,10.334835,0.6652829745634502,0.3760508308895406,0.32130987292277624,0.6502302420325748,0.8165297639359983,7.343777777777778,9.8395,downtrend,0,1,baissier,365,0,0,30,,,45.0,28.0,60.5,78.5,17.5,44.4,False,False,,0,,,,37,3007501461,3228092127,431771961.1772119,463441061.1772119,720000000.0,93.2,116197881,$116M,-1.12
PENDLEUSDT,PENDLE,Mid,157,1.403,2393518.813,7.263,49.05607065621788,0.0224841495928286,1.6166799999999992,1.6104349999999996,0.9747456073513978,0.4529356943150047,0.34436160298229257,0.2754244867840163,0.6107332078325886,1.0758055555555557,1.9700555555555554,macd_bullish_cross|golden_cross|downtrend,2,1,haussier,365,0,0,30,,,31.0,45.0,68.5,68.0,17.5,44.35,False,False,,0,,,,47,240787255,396489240,170971150.4157833,281527448.4585314,,60.7,1179373677,$1.2B,2.05
XVGUSDT,XVG,Mid,485,0.002898,567621.071896,16.013,51.429586263659544,3.2374186134211504e-05,0.0031810799999999985,0.004950145,0.8761155245280822,0.5304518664047151,0.4255402750491159,1.2694587360380203,0.4596287214972621,0.002712888888888888,0.004883527777777779,macd_bullish_cross|downtrend,1,1,mixte,365,0,0,30,,,31.0,55.0,59.5,57.5,17.5,44.31,False,False,,0,,,,48,47732014,47827492,16521951234.84134,16555000000.0,,99.8,,,
MMTUSDT,MMT,Speculative,705,0.1303,710471.88829,0.696,58.923093596664074,0.002631134780400954,0.126908,0.15773050000000002,0.8405479401232147,0.32516556291390725,0.13576158940397345,0.5814380744618183,0.5166809187630031,0.10713333333333332,0.14446666666666666,macd_bullish_cross|downtrend,1,1,mixte,224,0,0,30,,,13.1,66.0,73.0,57.5,17.5,44.28,False,False,,0,,,,54,26713117,130885430,204095424.0,1000000000.0,1000000000.0,20.4,5842553,$6M,3.03
API3USDT,API3,Speculative,536,0.2751,1062704.651331,6.298,45.354435389151156,0.0025622185364931084,0.32454600000000006,0.3548435,0.6588187847593794,0.37764584408879714,0.2870418172431596,1.1806234796176378,0.4238366012870824,0.25867500000000004,0.3888722222222223,macd_bullish_cross|support_bounce|downtrend,2,1,haussier,365,0,0,30,,,17.0,55.0,73.0,68.0,17.5,44.27,False,False,,0,,,,50,39373197,47392255,142794939.4039844,171877693.7539821,,83.1,16082195,$16M,0.07
TIAUSDT,TIA,Mid,129,0.3759,3943167.294367,12.276,53.73111025326894,0.003699111549451406,0.3859499999999999,0.4071315,1.0687225343710587,0.36317567567567577,0.20481418918918926,0.8432474881445287,0.5764800900441456,0.29459444444444444,0.44571666666666665,macd_bullish_cross|double_bottom_90d|downtrend,2,1,haussier,365,0,0,30,,,31.0,46.0,62.5,68.0,17.5,44.19,False,False,,0,,,,46,347443472,437119975,930390767.901248,1170528220.24532,,79.5,,,
DGBUSDT,DGB,Mid,454,0.00283,93597.797125,13.2,45.233998560465324,2.1027630845861837e-05,0.0033832000000000003,0.0046126499999999985,0.8214205839033999,0.5081967213114754,0.41803278688524587,0.6135664272169502,0.5860939734662697,0.0027608333333333335,0.0046341666666666675,macd_bullish_cross,1,0,haussier,365,0,0,30,,,31.0,46.0,59.5,47.0,50,44.19,False,False,,0,,,,53,52120675,52128423,18331894307.52252,18334619246.37399,21000000000.0,100.0,,,
AXSUSDT,AXS,Mid,190,1.012,1145475.57831,6.303,44.19735972118715,0.006563552379756643,1.1935800000000003,1.237715,0.6995754182426992,0.43029150823827633,0.3574144486692015,0.38131315443304803,0.3491878085784708,0.990416666666667,1.4153055555555552,macd_bullish_cross,1,0,haussier,365,0,0,30,,,31.0,28.0,68.5,68.0,50,44.18,False,False,,0,,,,46,175646204,273521487,173384825.001344,270000000.0,270000000.0,64.2,,,
FORMUSDT,FORM,Mid,294,0.2357,703758.58024,3.423,46.47252611103422,-0.0022782152595437278,0.254394,0.2780499999999999,1.178769118768241,0.28576051779935274,0.23656957928802588,0.411162318512887,0.4402300363362044,0.21365277777777777,0.28933055555555554,,0,0,neutre,365,0,0,30,,,31.0,37.0,62.5,57.5,50,44.07,False,False,,0,,,,51,90005762,134891038,381867255.14,572301922.1,580000000.0,66.7,,,
ETHFIUSDT,ETHFI,Mid,137,0.347,2999411.1701,11.935,50.6648179954231,0.0052137390329541795,0.38154000000000005,0.5395849999999998,0.939258949686171,0.5085616438356164,0.4058219178082192,0.8846163088377383,0.6245741465185077,0.32386111111111116,0.5218055555555554,macd_bullish_cross|downtrend,1,1,mixte,365,0,0,30,,,31.0,46.0,59.5,68.0,17.5,43.95,False,False,,0,,,,46,307205742,348322841,880665741.0,998535999.0,1000000000.0,88.2,2943105170,$2.9B,4.8
IOTXUSDT,IOTX,Speculative,611,0.00351,1780731.12154,6.687,38.92804171936671,7.639710253458084e-06,0.004271800000000001,0.005804649999999998,0.6574240766991046,0.40036231884057966,0.36413043478260865,7.209769758127801,0.5523700956644206,0.0036355555555555546,0.005191944444444444,macd_bullish_cross|downtrend,1,1,mixte,365,0,0,30,,,17.0,55.0,68.5,68.0,17.5,43.93,False,False,,3,⚡ Volume ×7.2 vs médiane,,7.21,55,33100519,33100519,9441368550.0,9441368555.0,10000000000.0,100.0,,,
PLUMEUSDT,PLUME,Mid,370,0.01187,2198986.05415,14.797,50.4363543065793,-4.404030713029436e-05,0.012490800000000002,0.01351785,1.0925142174515619,0.3549007046764894,0.23894939141575916,0.9413587856844281,0.49503405669634365,0.009749166666666666,0.014464999999999999,downtrend,0,1,baissier,302,0,0,30,,,29.3,46.0,62.5,68.0,17.5,43.76,False,False,,0,,,,46,68293528,118612975,5757677709.0,10000000000.0,10000000000.0,57.6,,,
CATIUSDT,CATI,Speculative,694,0.0605,285009.06085,0.666,60.994952312971186,0.0015663483458100637,0.055040000000000006,0.052349499999999986,1.1878931377829047,0.4117647058823529,0.15546218487394964,0.3598182611278582,0.23211379676805172,0.04381388888888889,0.06376944444444443,macd_bullish_cross|downtrend,1,1,mixte,365,0,0,30,,,17.0,73.0,56.5,47.0,17.5,43.71,False,False,,0,,,,53,27363585,60305654,453748245.57,1000000000.0,1000000000.0,45.4,,,
LUNCUSDT,LUNC,Mid,121,7.35e-05,2838817.13430443,3.434,49.3926367169446,4.106135636534314e-07,8.009819999999999e-05,5.020130000000003e-05,1.1187758747720573,0.4822096563723358,0.3606785558938669,0.2834064784384618,0.3913884524585902,3.68861111111111e-05,9.281972222222223e-05,macd_bullish_cross|downtrend,1,1,mixte,365,0,0,30,,,31.0,45.0,58.0,68.0,17.5,43.54,False,False,,0,,,,45,405434139,474384325,5517528060391.083,6455866860968.356,,85.5,,,
BNSOLUSDT,BNSOL,Speculative,,81.6,589002.265,7.937,49.32084893078685,0.9528025219314955,90.36400000000002,109.2070000000001,0.6497726246119627,0.36162361623616235,0.2426199261992621,0.9646609273980881,0.8744948435521521,78.15833333333333,101.69444444444444,macd_bullish_cross,1,0,haussier,365,0,0,30,,,17.0,46.0,65.0,57.5,50,43.54,False,False,,0,,,,54,,,,,,,,,
MITOUSDT,MITO,Speculative,,0.02043,3738759.24673,-4.264,33.18254141431137,0.00024428627652809884,0.04027079999999999,0.05037585000000003,1.232949221116745,0.7753729518219614,0.74822695035461,3.571711669772945,0.32365491991782597,0.02513944444444444,0.057903333333333334,macd_bullish_cross|morning_star_4h,2,0,haussier,291,0,0,30,,,15.0,46.0,38.5,68.0,50,43.36,False,False,,2,⚡ Volume ×3.6 vs médiane,,3.57,54,,,,,,,,,
QUICKUSDT,QUICK,Speculative,,0.00718,443726.08149,-9.572,40.37908129614481,4.2510115374818746e-05,0.0091388,0.010366550000000006,1.2184786648792023,0.41141396933560476,0.3833049403747871,4.146158980217582,0.48184503064704093,0.007864166666666663,0.011513333333333337,macd_bullish_cross,1,0,haussier,365,0,0,30,,,17.0,55.0,58.0,47.0,50,43.36,False,False,,2,⚡ Volume ×4.2 vs médiane,,4.15,60,,,,,,,327121868,$327M,-10.67
EPICUSDT,EPIC,Speculative,922,0.499,1029998.3083,-3.482,54.083974268863315,-0.003552825689504324,0.36742,0.41138500000000044,2.685215049929266,0.47282608695652173,0.29178470254957506,0.42921890571761867,0.10871899193581237,0.23488888888888898,0.5138888888888888,macd_bearish_cross|uptrend,1,1,mixte,365,0,0,30,,,17.0,57.0,46.0,68.0,21.1,43.35,False,False,,0,,,,48,16786937,16786937,33600000.0,33600000.0,33600000.0,100.0,,,
ATUSDT,AT,Speculative,620,0.1406,1014791.94271,-0.986,53.84894053740836,0.0034227517419169575,0.14235399999999998,0.14870149999999996,1.8963718619023737,0.43656908063687727,0.28094504365690803,0.5359119590432903,0.08537374375174743,0.1186388888888889,0.17198055555555555,uptrend,1,0,haussier,201,0,0,30,,,12.5,46.0,46.0,68.0,50,43.34,False,False,,0,,,,51,32235149,140152822,230000000.0,1000000000.0,1000000000.0,23.0,,,
SPKUSDT,SPK,Mid,427,0.020476,1998224.530791,3.466,38.09388935873641,0.00036747545560030827,0.02835866,0.02427336999999999,0.7318559731739097,0.6412507701786814,0.6047443006777573,0.7586957659881504,0.3266835805570801,0.01967075,0.03926633333333334,downtrend|bullish_engulfing_4h,1,1,mixte,364,0,0,30,,,31.0,45.0,55.0,68.0,17.5,43.3,False,False,,0,,,,41,57443999,205195483,2799476773.163692,10000000000.0,10000000000.0,28.0,3464311314,$3.5B,1.53
KERNELUSDT,KERNEL,Speculative,967,0.0528,803273.61695,11.158,45.95962815634855,0.00014006948410894525,0.059789999999999975,0.07278250000000001,0.893050975385189,0.6150627615062761,0.5564853556485356,2.3580697404790114,0.42796382375642716,0.052666666666666674,0.10170555555555555,macd_bullish_cross|downtrend,1,1,mixte,365,0,0,30,,,17.0,64.0,55.0,57.5,17.5,43.24,False,False,,0,,,,54,15231393,52922058,287808020.0,1000000000.0,1000000000.0,28.8,,,
AVNTUSDT,AVNT,Speculative,564,0.1147,1518548.29366,5.326,43.51988126976571,0.0007302562399503065,0.13778,0.20635949999999997,0.9917455485291673,0.43777777777777777,0.3605555555555556,0.6798181072429581,0.575815126646975,0.11418333333333333,0.16079166666666667,macd_bullish_cross,1,0,haussier,274,0,0,30,,,14.5,37.0,68.5,68.0,50,42.85,False,False,,0,,,,49,37393878,115382590,324085967.02734166,1000000000.0,1000000000.0,32.4,34687630,$35M,-7.0
BERAUSDT,BERA,Mid,347,0.267,1916683.365561,6.375,39.22773552327877,0.002321229457933116,0.34424000000000005,0.5351399999999998,1.0641586399456793,0.5828877005347595,0.5240641711229946,1.0227768281237493,0.6446334769211267,0.2808611111111111,0.49230555555555555,macd_bullish_cross|downtrend,1,1,mixte,365,0,0,30,,,31.0,46.0,44.5,68.0,17.5,42.8,False,False,,0,,,,40,74575058,146137349,276820459.5500286,542457612.4595923,,51.0,,,
NOMUSDT,NOM,Speculative,,0.00175,1672936.1881,8.696,42.155062008663215,3.4650631906331408e-06,0.0022346,0.0051757500000000015,1.3277113298758512,0.8067632850241546,0.78743961352657,1.010899233343957,0.23132105415350054,0.0018119444444444444,0.005461111111111111,macd_bullish_cross|doji_4h,1,0,haussier,258,0,0,30,,,14.1,46.0,32.5,68.0,50,42.68,False,False,,0,,,,46,,,,,,,,,
APTUSDT,APT,Etabli,94,0.698,4734168.54958,6.079,36.77409691587508,0.0006743265190306547,0.9082600000000001,1.194655,0.8126036736539889,0.4614050303555941,0.39202081526452737,0.48265040764836326,0.6549935426671775,0.7218055555555555,1.0656666666666665,macd_bullish_cross|downtrend,1,1,mixte,365,0,0,30,,,45.0,28.0,68.5,68.0,17.5,42.66,False,False,,0,,,,39,585385743,847422382,831858536.6986423,1204223967.689712,2100000000.0,69.1,,,
TKOUSDT,TKO,Speculative,,0.0539,273397.70921,5.068,56.58759127293806,0.0008147782194649893,0.05563799999999999,0.06691499999999995,0.5428773333682559,0.30678466076696165,0.20058997050147495,0.6628231637520074,0.6293784987453317,0.049272222222222224,0.06514444444444445,,0,0,neutre,365,0,0,30,,,17.0,46.0,83.5,47.0,50,42.61,False,False,,0,,,,57,,,,,,,,,
SUPERUSDT,SUPER,Mid,386,0.1013,386419.275,4.111,47.30772827681483,0.0008955428439997529,0.11404199999999996,0.15124600000000002,0.8016465503121032,0.34183673469387743,0.25728862973760924,0.4127988271566683,0.5100065903642464,0.09655277777777777,0.1337361111111111,macd_bullish_cross,1,0,haussier,365,0,0,30,,,31.0,37.0,73.0,47.0,50,42.52,False,False,,0,,,,53,64948872,101456528,640164549.0,1000000000.0,1000000000.0,64.0,,,
NMRUSDT,NMR,Mid,408,8.66,236183.4021,3.589,53.747350700462654,0.06166926529310911,8.767799999999998,8.87165,0.6512469962058046,0.26269531250000006,0.15136718750000006,0.3101817493146754,0.447806026441783,7.022499999999998,9.423888888888888,,0,0,neutre,365,0,0,30,,,31.0,37.0,73.0,47.0,50,42.52,False,False,,0,,,,53,60915183,92044338,7037921.189934428,10634471.78140593,11000000.0,66.2,,,
BARDUSDT,BARD,Mid,436,0.1721,685570.74174,10.179,41.69774314840026,0.004254336877164092,0.224376,0.5944045,0.7808351855711035,0.7862137862137861,0.7529613243898957,0.5716872764649281,0.5837929253358775,0.1688666666666666,0.4616,macd_bullish_cross,1,0,haussier,271,0,0,30,,,28.4,37.0,49.0,57.5,50,42.4,False,False,,0,,,,46,55640555,172528853,322500000.0,1000000000.0,1000000000.0,32.2,586397317,$586M,4.93
BIOUSDT,BIO,Mid,360,0.03298,2971732.372407,4.698,51.11780054972138,0.0006875001051046088,0.0378194,0.03440585,1.2928679704411257,0.5712396694214875,0.45371900826446276,0.3822704464391969,0.17909387482785313,0.01721111111111111,0.049316666666666675,downtrend,0,1,baissier,365,0,0,30,,,31.0,45.0,43.0,68.0,17.5,42.38,False,False,,0,,,,43,71029477,109936908,2145029070.25,3320000000.0,3320000000.0,64.6,4471726,$4M,10.69
XECUSDT,XEC,Mid,253,5.72e-06,144368.75472577,5.341,39.338472624794434,2.09101180536004e-08,6.847800000000001e-06,8.453699999999998e-06,0.5583056727254331,0.39049826187717274,0.33256083429895716,0.6460017423231788,0.7022501567690096,5.841111111111111e-06,7.754444444444444e-06,macd_bullish_cross,1,0,haussier,365,0,0,30,,,31.0,37.0,71.0,47.0,50,42.37,False,False,,0,,,,49,114089496,114090706,20042126547580.0,20042339047580.0,21000000000000.0,100.0,,,
GRTUSDT,GRT,Mid,167,0.02108,1280805.0148,6.411,42.437212830604935,-6.721613610673237e-06,0.024535400000000002,0.030182099999999986,0.7024569490199287,0.3522295195298998,0.26961631524369173,1.03184074248378,0.6845354994239701,0.02110527777777778,0.02771277777777777,double_top_90d|downtrend,0,2,baissier,365,0,0,30,,,31.0,46.0,73.0,68.0,0,42.33,False,False,,0,,,,40,228243293,228251644,10799867657.47347,10800262816.04821,10800262823.318213,100.0,,,
SEIUSDT,SEI,Mid,124,0.05581,3374912.381523,5.104,48.98826128146213,0.0003596315506625256,0.06043500000000001,0.0812342999999999,0.9900438300638766,0.3882894736842106,0.26473684210526316,0.4498616199495467,0.6349872985222774,0.0504911111111111,0.06840222222222223,macd_bullish_cross|downtrend,1,1,mixte,365,0,0,30,,,31.0,37.0,73.0,68.0,17.5,42.28,False,False,,0,,,,45,377188073,560180306,6733333333.0,10000000000.0,,67.3,,,
WIFUSDT,WIF,Mid,194,0.1705,1289848.128671,8.254,48.58061816924127,0.0011744497402265096,0.1883880000000001,0.24685200000000002,0.8650625226668783,0.36379310344827587,0.26206896551724146,0.2559597042113287,0.6311979499911478,0.16199722222222224,0.21738888888888894,macd_bullish_cross|support_bounce|downtrend,2,1,haussier,365,0,0,30,,,31.0,37.0,73.0,68.0,17.5,42.28,False,False,,0,,,,45,171770462,171770462,998926392.0,998926392.0,998926392.0,100.0,,,
ACXUSDT,ACX,Speculative,650,0.04285,96935.12146,0.658,54.896602557485664,0.0002674418812165949,0.042666600000000006,0.04469914999999999,0.42123206311442485,0.15783898305084743,0.08919491525423726,0.33769790830168694,0.36823154394140606,0.04085277777777781,0.04523611111111111,downtrend,0,1,baissier,365,0,0,30,,,17.0,57.0,100.0,47.0,17.5,42.24,False,False,,0,,,,55,30213222,42876457,704657633.0,1000000000.0,1000000000.0,70.5,21917280,$22M,-0.18
FFUSDT,FF,Mid,176,0.07245,3622866.372219,0.235,35.42691582266845,-0.00294027939178531,0.08142,0.08411244999999998,1.0022100739100432,0.4353809697411593,0.34279753265602325,0.40827026532036415,0.13319165939371005,0.06499944444444444,0.10109861111111113,uptrend|doji_4h,1,0,haussier,260,0,0,30,,,28.1,28.0,52.0,68.0,50,42.21,False,False,,0,,,,44,208285862,724472564,2875000000.0,10000000000.0,10000000000.0,28.7,1296415885,$1.3B,-0.05
ASTRUSDT,ASTR,Mid,451,0.006048,444746.6206113,2.561,39.76934022073986,4.9284805679834505e-05,0.007597640000000001,0.008781705000000002,0.8395230972496195,0.4372122226873169,0.3651109250732524,0.7894534973144026,0.6887090239591817,0.006250333333333334,0.00887063888888889,macd_bullish_cross,1,0,haussier,365,0,0,30,,,31.0,37.0,68.5,47.0,50,42.18,False,False,,0,,,,49,52631625,52636281,8710483439.0,8711253959.0,10000000000.0,100.0,18035476,$18M,6.71
SFPUSDT,SFP,Mid,231,0.2521,126326.3721,4.303,47.568625125807294,0.002345877408749952,0.28584600000000004,0.3020144999999999,0.7797320550049802,0.41596417281348785,0.32929399367755535,0.44267470493334465,0.536494559438895,0.24838888888888888,0.3309527777777778,macd_bullish_cross,1,0,haussier,365,0,0,30,,,31.0,37.0,68.5,47.0,50,42.18,False,False,,0,,,,52,126630666,126630666,500000000.0,500000000.0,500000000.0,100.0,,,
CFGUSDT,CFG,Mid,304,0.2216,1658757.63365,5.675,46.00968268528125,0.00012899432465604543,0.25043800000000005,,1.3152513657118963,0.3882807469414037,0.28493238892466194,0.3460190694146469,0.41281719720483095,0.14929444444444445,0.299125,macd_bullish_cross|downtrend,1,1,mixte,92,0,0,30,,,23.5,45.0,62.5,68.0,17.5,42.05,False,False,,0,,,,46,84548085,151143832,380384016.0,680000000.0,,55.9,1634365876,$1.6B,18.12
STXUSDT,STX,Mid,126,0.1992,883705.49772,7.097,45.46771380450019,0.0010794219466560475,0.227788,0.2596725000000001,0.7525891014454685,0.3529845246868091,0.2660280029476787,0.6224422416946374,0.7247574927859363,0.19374166666666665,0.2628166666666667,macd_bullish_cross|downtrend,1,1,mixte,365,0,0,30,,,31.0,46.0,65.0,57.5,17.5,42.02,False,False,,0,,,,46,368455355,368455355,1848955911.63568,1848955911.63568,,100.0,,,
ENSOUSDT,ENSO,Speculative,,0.633,1169096.10731,-0.472,41.0599660325449,0.011632515019693819,0.7920800000000001,0.9595050000000002,0.7485665304606269,0.5257383966244725,0.4641350210970464,0.5596775951869916,0.5048775185088504,0.6386666666666667,1.1038055555555557,macd_bullish_cross|bullish_engulfing_4h|morning_star_4h,3,0,haussier,245,0,0,30,,,13.7,37.0,59.5,68.0,50,41.96,False,False,,0,,,,48,,,,,,,,,
LDOUSDT,LDO,Mid,162,0.2778,2972246.047649,6.764,41.529572172186846,0.0019616462588150432,0.3384899999999999,0.41408049999999996,0.6508617847737157,0.42892266428252124,0.3775145283862315,0.9795090791502915,0.6468259131961218,0.27218333333333333,0.405813888888889,macd_bullish_cross|downtrend|doji_4h,1,1,mixte,365,0,0,30,,,31.0,37.0,68.5,68.0,17.5,41.94,False,False,,0,,,,41,235281826,279155381,842834643.4560835,1000000000.0,1000000000.0,84.3,15829723593,$15.8B,6.5
SUSDT,S,Mid,230,0.03366,2109269.448684,11.827,42.7076073110098,0.0003326460370888535,0.0419604,0.05589044999999997,0.8942780024032977,0.46518814760952554,0.38811125249954553,0.995524662084542,0.5958805954195383,0.033551111111111115,0.04963805555555555,macd_bullish_cross|downtrend,1,1,mixte,365,0,0,30,,,31.0,37.0,68.5,68.0,17.5,41.94,False,False,,0,,,,41,127525990,130919757,3784775845.0,3885497663.0,,97.4,,,
ACHUSDT,ACH,Speculative,,0.00564,842661.85731,5.224,42.81318455133272,5.957248296128032e-05,0.006788800000000001,0.007659849999999998,0.5510668637299637,0.42954545454545456,0.3579545454545455,0.7800033760214857,0.3558395515806496,0.0055138888888888885,0.008056388888888887,macd_bullish_cross|support_bounce|doji_4h,2,0,haussier,365,0,0,30,,,17.0,37.0,79.0,57.5,50,41.91,False,False,,0,,,,51,,,,,,,,,
HMSTRUSDT,HMSTR,Speculative,,0.0001597,4769599.9697903,-7.097,46.03562419420423,-1.965246154072249e-06,0.00016909200000000003,0.00018344949999999987,2.140618410868209,0.40097341819543236,0.40097341819543236,5.234355354305898,0.18658149264328422,0.00013596666666666665,0.0002001861111111111,macd_bearish_cross|downtrend,0,2,baissier,365,0,0,30,,,17.0,64.0,41.5,68.0,0,41.9,False,False,,3,⚡ Volume ×5.2 vs médiane,,5.23,52,,,,,,,,,
KMNOUSDT,KMNO,Mid,298,0.01818,562949.64532,3.649,53.18264621449991,0.0004437859114315517,0.019604999999999997,0.03250280000000002,1.014499685918094,0.46168656141701964,0.29842125529457064,0.6652192930828099,0.6146482876977072,0.015970833333333337,0.02313194444444444,macd_bullish_cross|downtrend,1,1,mixte,365,0,0,30,,,31.0,46.0,62.5,57.5,17.5,41.83,False,False,,0,,,,46,88337779,182267676,4846575619.75,9999957955.686094,10000000000.0,48.5,1105320327,$1.1B,-17.19
CFXUSDT,CFX,Mid,156,0.04741,940100.38369,6.444,43.792518480150534,0.0004178065663483052,0.056245200000000016,0.060967150000000005,0.6551232924582887,0.4350886339937435,0.38047445255474444,0.4662045464749706,0.5320277277930796,0.04683472222222222,0.0667088888888889,macd_bullish_cross,1,0,haussier,365,0,0,30,,,31.0,28.0,68.5,57.5,50,41.82,False,False,,0,,,,46,247691470,247821135,5213885114.89,5216614566.63,,99.9,,,
LAUSDT,LA,Speculative,969,0.0784,852860.10054,1.161,37.774714272145175,0.001531604272183889,0.114506,0.22029899999999994,1.079441296709635,0.7271634615384616,0.6834935897435896,1.1175984506596595,0.5088423770288507,0.08459999999999998,0.2015916666666667,macd_bullish_cross,1,0,haussier,342,0,0,30,,,16.4,46.0,44.5,57.5,50,41.81,False,False,,0,,,,48,15224202,78881877,193000000.0,1000000000.0,,19.3,,,
DOGSUSDT,DOGS,Speculative,756,4.6e-05,1455690.4733419,6.481,50.27420656221503,4.126068242440059e-07,5.0023999999999994e-05,3.904550000000001e-05,1.0572744699222028,0.547646383467279,0.4707233065442021,0.895260868987967,0.23315367987217622,2.692222222222222e-05,6.450833333333333e-05,macd_bullish_cross|downtrend,1,1,mixte,365,0,0,30,,,17.0,54.0,43.0,68.0,17.5,41.66,False,False,,0,,,,45,23871753,25407768,516750000000.0,550000000000.0,550000000000.0,94.0,,,
MOVRUSDT,MOVR,Speculative,888,1.484,1221360.325183,13.196,44.86623211373176,0.032145538733418744,1.9893600000000005,1.948890000000001,1.027303055772144,0.5925291295407814,0.4952021932830706,1.0875639328199982,0.29908561725905064,1.117083333333333,2.680305555555555,macd_bullish_cross|downtrend,1,1,mixte,365,0,0,30,,,17.0,54.0,43.0,68.0,17.5,41.66,False,False,,0,,,,42,17960927,18485491,12187919.0,12543877.0,,97.2,,,
ARUSDT,AR,Mid,217,2.117,2076026.13178,6.543,51.27676094947882,0.0019117049557787896,2.15896,2.53509,1.2456438219476111,0.34891304347826085,0.23297101449275356,0.43618038760158306,0.44333992658700894,1.6808333333333334,2.4195833333333336,macd_bullish_cross|downtrend,1,1,mixte,365,0,0,30,,,31.0,37.0,62.5,68.0,17.5,41.48,False,False,,0,,,,43,139365518,139365518,65652466.0,65652466.0,66000000.0,100.0,,,
PUNDIXUSDT,PUNDIX,Speculative,696,0.1053,263342.11958,5.3,38.00508060935014,-2.3273877402776172e-05,0.13524,0.17562600000000006,0.9030866156367163,0.43830570902394106,0.3492940454266421,1.2271093956992174,0.5354512146359842,0.11332222222222223,0.15817222222222221,,0,0,neutre,365,0,0,30,,,17.0,46.0,68.5,47.0,50,41.46,False,False,,0,,,,52,27271971,27271971,258386541.0999244,258386541.0999244,,100.0,,,
ARDRUSDT,ARDR,Speculative,644,0.03049,91320.05421,3.251,37.55577052745622,5.679709354817347e-05,0.03793880000000001,0.047786350000000005,0.802734000268497,0.3841783216783217,0.3315122377622378,1.3973596104209074,0.42841312516922275,0.03231222222222222,0.046275833333333335,macd_bullish_cross,1,0,haussier,365,0,0,30,,,17.0,46.0,68.5,47.0,50,41.46,False,False,,0,,,,52,30479576,30479576,998466231.0,998466231.0,,100.0,,,
BANKUSDT,BANK,Speculative,909,0.0404,617910.34008,-0.737,53.66046007251028,0.0006245917986462796,0.036710000000000007,0.03998300000000001,2.09907855501043,0.5678571428571428,0.27857142857142864,0.517305600017404,0.17661152595747248,0.031030555555555544,0.044047222222222224,downtrend,0,1,baissier,215,0,0,30,,,12.9,66.0,37.0,57.5,17.5,41.45,False,False,,0,,,,48,17175664,17175664,425250000.0,425250000.0,2100000000.0,100.0,,,
LUNAUSDT,LUNA,Speculative,546,0.0542,517478.630242,4.836,45.376104381685906,0.00033585685303237677,0.06232399999999999,0.07403600000000003,0.6801991639496462,0.3382157123834887,0.27430093209054596,0.35808522054274966,0.5212285596391937,0.05237222222222224,0.07072222222222221,macd_bullish_cross,1,0,haussier,365,0,0,30,,,17.0,37.0,73.0,57.5,50,41.45,False,False,,0,,,,53,38618645,64549327,709984438.91686,1186707049.0,,59.8,,,
DUSKUSDT,DUSK,Mid,424,0.0981,365147.1776,9.0,42.04630897797359,0.0005803911724937515,0.12402799999999999,0.10101299999999991,0.9519053092329258,0.4787430683918669,0.3912507701786815,0.2910251948950774,0.263180686455555,0.09080277777777777,0.15428333333333336,macd_bullish_cross,1,0,haussier,365,0,0,30,,,31.0,36.0,62.5,47.0,50,41.41,False,False,,0,,,,48,57868885,57868885,588328631.4687976,588328631.4687976,1000000000.0,100.0,,,
WBTCUSDT,WBTC,Speculative,,66483.34,4825587.4765485,3.543,45.24481233253148,538.105928735652,73557.07900000001,77389.34805,0.42977420375589676,0.25876944840793126,0.18723862750486814,0.6237408650451619,0.9995909011992865,63956.16305555556,79842.35444444444,macd_bullish_cross|downtrend,1,1,mixte,365,0,0,30,,,17.0,46.0,69.5,68.0,17.5,41.29,False,False,,0,,,,47,,,,,,,7549492373,$7.5B,4.67
ALICEUSDT,ALICE,Speculative,,0.1115,2876719.48106,6.19,46.85014374402983,0.001176719733403598,0.12849599999999997,0.14412750000000005,0.8054868351441685,0.4,0.3170731707317073,0.8335082316319312,0.3782490787648701,0.10425,0.1592583333333334,macd_bullish_cross|downtrend,1,1,mixte,365,0,0,30,,,17.0,46.0,68.5,68.0,17.5,41.22,False,False,,0,,,,47,,,,,,,,,
OSMOUSDT,OSMO,Speculative,578,0.0474,474602.436158,3.043,49.38414317293172,0.00021880023785286837,0.049014000000000016,0.045673500000000006,1.6853948625646193,0.5825688073394495,0.4541284403669724,0.5562005197527374,0.24014257713909548,0.030394444444444432,0.06725833333333335,macd_bullish_cross,1,0,haussier,365,0,0,30,,,17.0,54.0,32.5,47.0,50,41.09,False,False,,0,,,,51,36772722,46238789,777366375.200556,977476716.301354,1000000000.0,79.5,16093105,$16M,5.47
NEWTUSDT,NEWT,Speculative,,0.0551,731177.64158,0.731,37.453278860195624,9.528682089995563e-05,0.06992599999999999,0.08133500000000002,0.7246676744611762,0.4079718640093786,0.35404454865181706,0.8385244169135065,0.5575854812901472,0.05735833333333335,0.082625,macd_bullish_cross,1,0,haussier,357,0,0,30,,,16.8,37.0,68.5,57.5,50,41.05,False,False,,0,,,,49,,,,,,,,,
MEUSDT,ME,Speculative,553,0.0669,873515.023003,6.869,38.30900472479597,0.0009021428142707705,0.09141800000000001,0.15148950000000005,0.9294271062306186,0.5299425758818703,0.4503691550451189,1.9372456164275547,0.6548314616843971,0.0694277777777778,0.11605555555555555,macd_bullish_cross|downtrend,1,1,mixte,365,0,0,30,,,17.0,55.0,59.5,57.5,17.5,40.88,False,False,,0,,,,45,37748780,66665105,566239810.908882,999990888.047527,1000000000.0,56.6,,,
DYDXUSDT,DYDX,Mid,263,0.12552,1216369.6951636,7.567,41.79382376521178,-0.003366213621205468,0.15229799999999996,0.14333069999999998,1.1878852929835544,0.4069522291355993,0.3494112202396257,0.3289845012093035,0.3467528200189118,0.08965138888888888,0.17431083333333333,downtrend,0,1,baissier,365,0,0,30,,,31.0,36.0,58.0,68.0,17.5,40.83,False,False,,0,,,,39,106380319,120780387,844084129.0970293,958342751.0,1000000000.0,88.1,95556631,$96M,-2.28
NILUSDT,NIL,Speculative,838,0.04287,4890432.254026,5.643,44.59809736690543,-0.0008075581287493444,0.052447999999999995,0.055202800000000024,2.0487209410497242,0.6246753246753246,0.5357142857142857,2.2485233784468774,0.20036639767976563,0.03337499999999999,0.06978666666666666,downtrend,0,1,baissier,365,0,0,30,,,17.0,55.0,28.0,68.0,17.5,40.81,False,False,,0,,,,44,20072089,42898865,467893249.996,1000000000.0,,46.8,,,
1000CHEEMSUSDT,1000CHEEMS,Speculative,,0.000599,677456.999235,2.744,52.74772915084072,7.933694071638782e-06,0.0006101999999999999,0.0006903249999999997,1.0869463729314726,0.34065934065934067,0.17445054945054952,0.43563841545963533,0.5631232448789858,0.00042805555555555565,0.0006715555555555556,macd_bullish_cross,1,0,haussier,365,0,0,30,,,17.0,37.0,62.5,57.5,50,40.64,False,False,,0,,,,51,,,,,,,,,
0GUSDT,0G,Mid,374,0.316,1694136.69119,7.85,33.48764804659109,0.0030124278405913862,0.45374000000000003,0.6622949999999997,0.8487999910682996,0.558252427184466,0.48705501618122976,1.4111577533715658,0.41840243629575097,0.3398055555555555,0.5978055555555556,macd_bullish_cross|downtrend,1,1,mixte,267,0,0,30,,,28.3,37.0,59.5,68.0,17.5,40.59,False,False,,0,,,,40,67547268,316826249,213199722.0,1000000000.0,,21.3,,,
MIRAUSDT,MIRA,Speculative,921,0.0568,4011062.78865,-8.535,34.51306647508956,-0.00030429476829700337,0.07526399999999998,0.09996099999999997,0.878462377429987,0.43564356435643564,0.37513751375137505,5.85818371458792,0.655902407544517,0.06246111111111111,0.08898333333333334,downtrend,0,1,baissier,263,0,0,30,,,14.2,46.0,68.5,68.0,17.5,40.53,False,False,,3,⚡ Volume ×5.9 vs médiane,,5.86,52,16837824,56825010,296310083.0,1000000000.0,1000000000.0,29.6,,,
TSTUSDT,TST,Speculative,,0.01294,2592579.255117,-16.3,39.49047417279186,-0.00014365262877557672,0.0171096,0.013658400000000006,1.517021674642844,0.5026861089792786,0.5026861089792786,1.3387288515678983,0.24686127359357232,0.008344722222222222,0.021259999999999994,rsi_bullish_divergence|downtrend,1,1,mixte,365,0,0,30,,,17.0,54.0,28.0,68.0,17.5,40.51,False,False,,0,,,,40,,,,,,,,,
1INCHUSDT,1INCH,Mid,259,0.0767,322520.73347,6.086,45.16937342293276,0.0007192259143951303,0.08793399999999998,0.11336599999999995,0.5652547756654244,0.3435700575815739,0.2600767754318618,0.6877418603894327,0.8611551102705848,0.0757361111111111,0.09916388888888888,macd_bullish_cross|downtrend,1,1,mixte,365,0,0,30,,,31.0,46.0,75.5,47.0,17.5,40.47,False,False,,0,,,,48,107989686,115244400,1405573965.7275033,1499999999.997,1500000000.0,93.7,2552793,$3M,4.28
ZBTUSDT,ZBT,Speculative,689,0.1131,1172977.92048,-3.99,42.05202960933738,0.0003109774993738292,0.14911800000000006,0.10922600000000006,1.2937306454525985,0.5263882514915099,0.48049564020192753,0.1758565748490204,0.15608339255356674,0.07715277777777776,0.18884166666666669,macd_bullish_cross,1,0,haussier,242,0,0,30,,,13.6,36.0,43.0,68.0,50,40.37,False,False,,0,,,,45,27831199,113600354,244992188.30119348,1000000000.0,1000000000.0,24.5,56472667,$56M,-1.6
GMXUSDT,GMX,Mid,404,5.97,237219.73237,6.228,49.063878862127964,0.03773839165389836,6.622000000000002,7.023699999999999,0.7566297424350614,0.28964613368283093,0.2096985583224115,0.5369492787726329,0.6070923131100174,5.676944444444444,7.349722222222222,macd_bullish_cross|support_bounce|downtrend,2,1,haussier,365,0,0,30,,,31.0,46.0,73.0,47.0,17.5,40.28,False,False,,0,,,,48,62412560,62412560,10415449.12853749,10415449.12853749,13250000.0,100.0,165274480,$165M,-0.62
TOWNSUSDT,TOWNS,Speculative,,0.00242,1629621.74823,5.677,41.65688187529237,1.1676193478460698e-05,0.0030752000000000006,0.00447025,1.04054269580177,0.4561403508771929,0.39348370927318294,1.1020289986312928,0.4970984013440798,0.0025083333333333338,0.0038605555555555546,macd_bullish_cross|downtrend|doji_4h,1,1,mixte,315,0,0,30,,,15.6,46.0,58.0,68.0,17.5,40.07,False,False,,0,,,,42,,,,,,,,,
HAEDALUSDT,HAEDAL,Speculative,,0.01996,892698.079974,2.517,36.45596505086461,-0.00016663888366336144,0.028326800000000006,0.03366934999999999,1.2236381581761473,0.5204373860973704,0.4837281957823483,1.9743543422430452,0.34411450988991515,0.02254222222222222,0.03547194444444444,downtrend|doji_4h,0,1,baissier,365,0,0,30,,,17.0,55.0,49.0,57.5,17.5,40.07,False,False,,0,,,,44,,,,,,,31018291,$31M,2.31
HOTUSDT,HOT,Mid,425,0.000323,118939.620121,3.859,40.87660670305201,2.444022446708855e-06,0.00038585999999999997,0.0004333299999999997,0.5153281883808696,0.3526881720430108,0.2967741935483872,0.22662831807980707,0.711073056377134,0.0003297777777777778,0.00045625000000000006,macd_bullish_cross,1,0,haussier,365,0,0,30,,,31.0,28.0,75.5,47.0,50,40.01,False,False,,0,,,,47,57677538,57677538,177619433541.1413,177619433541.1413,,100.0,,,
XVSUSDT,XVS,Speculative,505,2.6,171542.6815,4.0,53.980465795172904,0.019824704139320082,2.6195999999999997,3.42105,0.5375285938879043,0.268370607028754,0.16932907348242807,0.4494220800196896,0.5430152062326616,2.46,2.8938888888888887,macd_bullish_cross,1,0,haussier,365,0,0,30,,,17.0,37.0,83.5,47.0,50,39.9,False,False,,0,,,,54,43309282,76559193,16826709.044895362,29745107.921051685,30000000.0,56.6,1083672182,$1.1B,4.88
CGPTUSDT,CGPT,Speculative,806,0.02273,500877.148189,9.86,48.895960642094536,0.0002593656486300326,0.026449600000000007,0.02631135,1.0948275844475783,0.5469005847953217,0.46526315789473693,0.6858335780685714,0.3291773369665412,0.018967777777777785,0.03189000000000001,macd_bullish_cross|golden_cross|downtrend,2,1,haussier,365,0,0,30,,,17.0,54.0,49.0,57.5,17.5,39.77,False,False,,0,,,,46,21299375,22782743,932802538.0,997766421.0,1000000000.0,93.5,,,
REZUSDT,REZ,Speculative,657,0.003437,558723.3684629,3.774,39.38140143397108,3.8344947446571824e-05,0.00457492,0.004259879999999999,0.6505570150118082,0.5542691751085383,0.5015918958031839,0.3906253487834345,0.3209912796425779,0.0032401944444444435,0.005838611111111112,macd_bullish_cross,1,0,haussier,365,0,0,30,,,17.0,36.0,55.0,57.5,50,39.76,False,False,,0,,,,47,29683294,33793224,8620974689.040634,9814629224.12962,10000000000.0,87.8,102460197,$102M,-17.46
ZILUSDT,ZIL,Mid,385,0.00335,281199.460074,5.016,45.40223369357858,2.6055477259247727e-05,0.0038057999999999985,0.0043735000000000015,0.6107711362338838,0.3265765765765766,0.24324324324324328,0.8229741726376765,0.7621308561587685,0.00330611111111111,0.004285000000000001,macd_bullish_cross|downtrend,1,1,mixte,365,0,0,30,,,31.0,46.0,65.0,47.0,17.5,39.66,False,False,,0,,,,46,65420602,68676791,19513551525.0,20484802239.57149,21000000000.0,95.3,,,
MINAUSDT,MINA,Mid,421,0.045,619353.19811,7.143,39.00619525461118,0.00017517554013221984,0.05574000000000002,0.06744200000000002,0.662362441063419,0.4130434782608696,0.3434782608695653,1.0051422758659976,0.654792029993074,0.046363888888888885,0.06482222222222223,macd_bullish_cross|double_top_90d|downtrend,1,2,baissier,365,0,0,30,,,31.0,46.0,68.5,57.5,0,39.63,False,False,,0,,,,40,58283374,58283374,1290230277.840039,1290230277.840039,,100.0,,,
XTZUSDT,XTZ,Mid,147,0.244,665532.75668,5.491,32.27584955239438,0.00016181643488926215,0.3269060000000001,0.4119885000000001,0.7671766854487398,0.43512775986107666,0.39221036963532624,1.1196383177429756,0.6823427960089302,0.2653027777777778,0.39111666666666667,macd_bullish_cross|downtrend,1,1,mixte,365,0,0,30,,,31.0,37.0,68.5,57.5,17.5,39.58,False,False,,0,,,,41,266157217,271045530,1087894412.104855,1107874967.873836,,98.2,,,
TURBOUSDT,TURBO,Mid,388,0.00094,643801.6924,5.618,46.15081142668844,1.0276674496700471e-05,0.0011017000000000004,0.0013256749999999995,0.7600717165171006,0.3983859134262656,0.30667644900953783,0.4248467633498625,0.533746999779661,0.0009024722222222225,0.0013006666666666668,macd_bullish_cross|downtrend,1,1,mixte,365,0,0,30,,,31.0,37.0,68.5,57.5,17.5,39.58,False,False,,0,,,,44,64972680,64972680,69000000000.0,69000000000.0,69000000000.0,100.0,,,
STRAXUSDT,STRAX,Speculative,828,0.00941,781642.76086,1.183,43.5947578531425,-3.814968353105805e-05,0.012066199999999996,0.016036200000000007,2.455813946733524,0.48164281269446174,0.4150591163658992,3.0511428883398737,0.2288510982136776,0.01017111111111111,0.014511388888888886,downtrend|doji_4h,0,1,baissier,365,0,0,30,,,17.0,55.0,41.5,57.5,17.5,39.49,False,False,,0,,,,46,20444866,20444866,2175750962.739116,2175750962.739116,,100.0,,,
ACMUSDT,ACM,Speculative,,0.306,1648748.2059,0.99,31.308513147731105,0.0005373290258578189,0.38156,0.45367500000000005,0.5315518804167473,0.34978540772532196,0.3433476394849786,1.4838408638884715,0.6194745363485554,0.3288611111111111,0.44719444444444445,macd_bullish_cross|downtrend,1,1,mixte,365,0,0,30,,,17.0,37.0,79.0,68.0,17.5,39.32,False,False,,0,,,,43,,,,,,,,,
ENSUSDT,ENS,Mid,174,5.29,582237.99,8.18,49.5063187262789,0.06431662725297749,5.945199999999999,7.347850000000001,0.6840785203635941,0.38565629228687415,0.27604871447902574,0.47473578928951016,0.7903005946606415,5.021666666666666,6.754166666666665,macd_bullish_cross|downtrend,1,1,mixte,365,0,0,30,,,31.0,37.0,65.0,57.5,17.5,39.31,False,False,,0,,,,44,215906974,534308835,40408647.500078425,100000000.0,100000000.0,40.4,,,
QKCUSDT,QKC,Speculative,869,0.002579,99468.329491,3.491,44.43723921270031,1.7847159025869845e-05,0.00288964,0.0034281399999999966,0.48436171979221404,0.2836266030420519,0.22725917089173878,0.5146472925377134,0.7336759469191573,0.0025772499999999997,0.003256583333333333,macd_bullish_cross,1,0,haussier,365,0,0,30,,,17.0,37.0,75.5,47.0,50,39.29,False,False,,0,,,,50,18646165,25739492,7244185189.0,10000000000.0,,72.4,,,
HEIUSDT,HEI,Speculative,,0.0719,2592703.95042,-16.103,44.03547668471995,-0.0009509055704213887,0.082504,0.10039450000000003,2.7635043755338957,0.38552915766738666,0.3592233009708738,5.552816129089324,0.13077261201065862,0.0689361111111111,0.1031638888888889,macd_bearish_cross|downtrend,0,2,baissier,365,0,0,30,,,17.0,55.0,41.5,68.0,0,39.19,False,False,,3,⚡ Volume ×5.5 vs médiane,,5.55,47,,,,,,,,,
1000CATUSDT,1000CAT,Speculative,,0.0016,132771.149856,6.667,46.34738443297665,5.5347961439458995e-06,0.0018356,0.0021636999999999997,0.8678442658451258,0.35964912280701755,0.29385964912280693,0.27499343482619265,0.6027087594018601,0.0015230555555555561,0.0021105555555555556,macd_bullish_cross,1,0,haussier,365,0,0,30,,,17.0,37.0,73.0,47.0,50,39.09,False,False,,0,,,,53,,,,,,,,,
BMTUSDT,BMT,Speculative,,0.01361,125037.279833,4.773,45.22758145006096,5.821975354974613e-05,0.015306199999999999,0.018497299999999998,0.6023932490331191,0.3200654307524536,0.252998909487459,0.19265582216390975,0.5916798673866988,0.013258611111111108,0.017522777777777776,macd_bullish_cross|support_bounce,2,0,haussier,365,0,0,30,,,17.0,37.0,73.0,47.0,50,39.09,False,False,,0,,,,53,,,,,,,,,
BELUSDT,BEL,Speculative,,0.0891,62995.01125,5.195,45.97957754098956,0.00048367590090471393,0.10194200000000002,0.11250550000000004,0.7190709842600522,0.3629160063391443,0.2884310618066561,0.12145765084596753,0.5549195167187612,0.08693333333333336,0.1187194444444444,macd_bullish_cross,1,0,haussier,365,0,0,30,,,17.0,37.0,73.0,47.0,50,39.09,False,False,,0,,,,53,,,,,,,,,
MTLUSDT,MTL,Speculative,758,0.262,55461.4052,3.557,47.10580283487784,0.0018573214808029898,0.28918000000000016,0.31561499999999987,0.6322508035152917,0.2857142857142858,0.2142857142857143,0.4230938140540497,0.686525691803924,0.2548333333333333,0.31933333333333325,macd_bullish_cross,1,0,haussier,365,0,0,30,,,17.0,37.0,73.0,47.0,50,39.09,False,False,,0,,,,53,23773890,23773890,90635915.0,90635915.0,,100.0,,,
CAKEUSDT,CAKE,Mid,113,1.411,1518986.54598,4.519,55.06051650276868,0.01763787261392461,1.4266600000000003,1.6122750000000006,0.71260009495565,0.2860650705954573,0.13259668508287292,0.33411105530696844,0.7122834048761469,1.2994444444444442,1.5711666666666668,macd_bullish_cross|double_top_90d|downtrend,1,2,baissier,365,0,0,30,,,31.0,37.0,65.0,68.0,0,39.01,False,False,,0,,,,40,457753893,475237796,324090537.8551746,336469170.4500047,400000000.0,96.3,1806842281,$1.8B,0.65
RESOLVUSDT,RESOLV,Speculative,,0.0184,1436912.41584,6.358,36.914658618278025,0.0003171241709753144,0.02596,0.057147500000000004,1.0194753466857334,0.7269736842105263,0.6973684210526316,1.4311380873719515,0.22544711105424123,0.018972222222222224,0.04851111111111111,macd_bullish_cross|downtrend,1,1,mixte,365,0,0,30,,,17.0,46.0,38.5,68.0,17.5,38.91,False,False,,0,,,,39,,,,,,,14002943,$14M,-38.84
SKLUSDT,SKL,Speculative,690,0.00455,552701.80503,8.076,35.52187986326973,2.6467088697171965e-05,0.005971799999999999,0.007861900000000007,0.6821547432157633,0.46382428940568476,0.41214470284237725,1.084602432352815,0.6508378228983245,0.004789444444444443,0.007407222222222222,macd_bullish_cross|downtrend,1,1,mixte,365,0,0,30,,,17.0,46.0,68.5,57.5,17.5,38.86,False,False,,0,,,,44,27577772,28149878,6094019337.0,6220440895.395961,7000000000.0,98.0,,,
GUSDT,G,Speculative,812,0.00288,418160.8728,1.053,40.873349136788676,1.5714299776968174e-05,0.0034179999999999987,0.004002400000000001,0.6073720862733514,0.36602870813397126,0.3062200956937799,0.6155636029792354,0.6767419025780297,0.002951666666666667,0.0040952777777777775,macd_bullish_cross,1,0,haussier,365,0,0,30,,,17.0,37.0,68.5,47.0,50,38.75,False,False,,0,,,,49,20928205,34722643,7232700000.0,12000000000.0,12000000000.0,60.3,17523423,$18M,3.92
PEOPLEUSDT,PEOPLE,Speculative,660,0.00582,339547.913994,7.579,45.85232395227034,7.316947197466431e-05,0.006839799999999999,0.007843099999999999,0.6297378691404129,0.406392694063927,0.3333333333333334,0.4225561655732013,0.5743979416559568,0.005622222222222222,0.008266944444444443,macd_bullish_cross,1,0,haussier,365,0,0,30,,,17.0,37.0,68.5,47.0,50,38.75,False,False,,0,,,,52,29463160,29463160,5066374892.014003,5066374892.014003,,100.0,,,
ILVUSDT,ILV,Speculative,664,3.52,304778.22426,5.389,43.527151426496864,0.03496640371478876,4.2602,4.743999999999999,0.6823940378082883,0.38653846153846155,0.3153846153846154,0.5062645370401643,0.5615331090846533,3.376388888888889,5.049444444444446,macd_bullish_cross|support_bounce,2,0,haussier,365,0,0,30,,,17.0,37.0,68.5,47.0,50,38.75,False,False,,0,,,,49,29224065,33849509,8285643.477922993,9597055.234941648,,86.3,,,
SOPHUSDT,SOPH,Speculative,848,0.00562,249806.32863,0.178,35.2690564974328,4.9111764655077874e-05,0.007606199999999999,0.010170499999999994,0.7823738754544005,0.46951219512195125,0.4247967479674796,0.625175980571089,0.6500298471499315,0.006148333333333334,0.009416944444444443,macd_bullish_cross,1,0,haussier,365,0,0,30,,,17.0,37.0,68.5,47.0,50,38.75,False,False,,0,,,,49,19408249,56211302,3452730697.0,10000000000.0,10000000000.0,34.5,,,
VTHOUSDT,VTHO,Speculative,515,0.000415,163182.432474,4.798,41.113493425347706,2.5171077652640482e-06,0.0005113400000000001,0.0006528500000000003,0.8757876074711856,0.3891547049441786,0.3301435406698564,0.6014132003620477,0.6220167911357479,0.00042691666666666675,0.0006092222222222223,macd_bullish_cross,1,0,haussier,365,0,0,30,,,17.0,37.0,68.5,47.0,50,38.75,False,False,,0,,,,49,41975511,41981239,100752259272.0,100766006065.0,,100.0,,,
2ZUSDT,2Z,Mid,152,0.07359,352414.62047,4.561,42.38169145473423,1.5004260957964324e-06,0.0881182,0.09552065000000008,0.9756131074194726,0.4021257750221435,0.34233835252435785,0.283546088021548,0.6049182245528316,0.07086500000000001,0.10266111111111112,macd_bullish_cross,1,0,haussier,257,0,0,30,,,28.0,28.0,68.5,47.0,50,38.74,False,False,,0,,,,46,256928849,740353934,3469785167.4,9998367667.4,10000000000.0,34.7,378853860,$379M,8.69
PORTOUSDT,PORTO,Speculative,,0.573,448937.47708,4.372,35.416298974147566,0.0055777731447875095,0.7278199999999999,0.97111,0.6396608103463366,0.5189761694616063,0.49426301853486326,2.019402647595329,0.5985289869901962,0.594861111111111,1.0290833333333333,macd_bullish_cross|downtrend,1,1,mixte,365,0,0,30,,,17.0,55.0,59.5,47.0,17.5,38.52,False,False,,0,,,,49,,,,,,,,,
TRBUSDT,TRB,Speculative,534,14.18,1341931.07388,5.663,42.13845471824578,0.10613526294612408,17.133599999999998,17.67505000000001,0.6673402492376793,0.4539249146757679,0.39419795221843007,0.6529648678015783,0.42857920946067807,13.761666666666668,20.353611111111107,macd_bullish_cross|support_bounce|downtrend,2,1,haussier,365,0,0,30,,,17.0,37.0,68.5,68.0,17.5,38.51,False,False,,0,,,,41,39632978,40679626,2792950.437480037,2866708.101391851,,97.4,,,
SAHARAUSDT,SAHARA,Mid,462,0.01494,4570751.80261,0.742,27.223964649650057,-0.001951295993282085,0.029993399999999996,0.026164900000000005,2.383515257163421,0.6609130138541903,0.6609130138541903,0.9875971221699144,0.1984639689825868,0.019282777777777774,0.03800944444444445,downtrend|bullish_engulfing_4h,1,1,mixte,355,0,0,30,,,30.7,36.0,28.0,68.0,17.5,38.45,False,False,,0,,,,40,51218982,150335470,3406979167.0,10000000000.0,10000000000.0,34.1,,,
GNOUSDT,GNO,Mid,140,110.52,136316.8082,2.657,55.87371682585942,2.0817067139328334,116.85939999999997,124.61944999999993,0.5725943386670568,0.3634190918037396,0.21671587234640788,0.49347490347490347,0.6878531393538073,102.90638888888891,136.05555555555557,macd_bullish_cross|downtrend,1,1,mixte,365,0,0,30,,,31.0,37.0,83.5,47.0,17.5,38.38,False,False,,0,,,,47,291928619,331788721,2639589.0,3000000.0,3000000.0,88.0,,,
CYBERUSDT,CYBER,Speculative,744,0.368,874794.78944,6.052,38.31505448529551,0.0013593290278253178,0.4711399999999999,0.5966250000000002,0.7406886035590697,0.4278350515463917,0.36597938144329895,1.6657007878302341,0.7043185337705424,0.3861111111111111,0.5651388888888889,macd_bullish_cross|double_top_90d|downtrend,1,2,baissier,365,0,0,30,,,17.0,55.0,60.5,57.5,0,38.29,False,False,,0,,,,41,24648435,36852963,66883183.763333336,100000000.0,100000000.0,66.9,,,
LSKUSDT,LSK,Speculative,781,0.096,84446.9042,5.495,39.7821823359047,0.0002792985285191441,0.11608,0.14965500000000004,0.6135978868628644,0.3776223776223776,0.3286713286713286,0.7590339448265837,0.7173568416052857,0.09936111111111114,0.13491666666666668,macd_bullish_cross,1,0,haussier,365,0,0,30,,,17.0,37.0,60.5,47.0,50,38.13,False,False,,0,,,,48,22298927,38267510,233084697.0,400000000.0,400000000.0,58.3,,,
GUNUSDT,GUN,Speculative,977,0.00632,1342935.27576,8.034,32.785694198809495,0.00023700803849416004,0.011045200000000002,0.01784285000000001,1.2851813164148647,0.7737730061349694,0.7576687116564418,0.978772204486412,0.15535870440739083,0.006664722222222222,0.020424722222222212,,0,0,neutre,365,0,0,30,,,17.0,28.0,32.5,68.0,50,37.98,False,False,,0,,,,41,14923244,63205686,2361060407.0,10000000000.0,10000000000.0,23.6,,,
BBUSDT,BB,Speculative,,0.0235,421883.86233,9.302,46.62502841968136,0.0002259004881741476,0.028151999999999996,0.03949100000000001,1.1940696624564595,0.4587912087912088,0.3516483516483517,0.379095994464492,0.5179593968121798,0.02186666666666667,0.033430555555555554,macd_bullish_cross,1,0,haussier,365,0,0,30,,,17.0,37.0,58.0,47.0,50,37.94,False,False,,0,,,,50,,,,,,,,,
ENJUSDT,ENJ,Mid,394,0.03202,883109.104695,3.961,40.44174943550225,0.00044569622346885343,0.042240799999999995,0.03224895,0.7940377142021214,0.6859688195991092,0.6417594654788419,0.3226329299329356,0.04471554768209772,0.020768333333333326,0.0646361111111111,macd_bullish_cross|downtrend,1,1,mixte,365,0,0,30,,,31.0,36.0,49.0,57.5,17.5,37.78,False,False,,0,,,,38,63450829,64196020,1974591315.592877,1997781676.601705,,98.8,,,
MANAUSDT,MANA,Mid,220,0.0708,348800.1145,6.787,40.073647050444244,0.00030458629663854004,0.084124,0.10676600000000003,0.5696209633039528,0.36227544910179643,0.2924151696606786,0.5834776685679902,0.7073292115243262,0.0717861111111111,0.09619722222222223,macd_bullish_cross|double_top_90d,1,1,mixte,365,0,0,30,,,31.0,37.0,75.5,47.0,17.5,37.77,False,False,,0,,,,42,136812619,155058080,1935111080.6057715,2193179327.320146,,88.2,,,
AIXBTUSDT,AIXBT,Speculative,747,0.02459,820114.494442,5.401,46.871546363945,0.0003126650844479885,0.0289962,0.02875355,1.085316707762118,0.42674094707520893,0.31225626740947077,0.3219560511045153,0.4797414963581017,0.02211527777777778,0.034038888888888896,macd_bullish_cross|downtrend,1,1,mixte,365,0,0,30,,,17.0,45.0,58.0,57.5,17.5,37.75,False,False,,0,,,,45,24569976,24701923,994658423.1010208,1000000000.0,1000000000.0,99.5,,,
CETUSUSDT,CETUS,Speculative,864,0.01983,232876.8791,6.556,42.99317520523955,0.00023128076635740586,0.02533299999999999,0.022870649999999992,0.753669804535081,0.5315508021390375,0.46470588235294125,0.3780936960507628,0.4373632075620951,0.018320277777777783,0.031165277777777778,macd_bullish_cross,1,0,haussier,365,0,0,30,,,17.0,36.0,59.5,47.0,50,37.75,False,False,,0,,,,47,18889759,19929562,947826087.0,1000000000.0,1000000000.0,94.8,25596666,$26M,2.76
NEIROUSDT,NEIRO,Speculative,638,7.277e-05,1901988.04155327,6.048,46.38521568374925,7.955636386649718e-07,8.54884e-05,9.156975000000004e-05,1.0215058412665887,0.46221878756654644,0.3738622703074017,0.44204063034970886,0.48016800601200366,5.665972222222222e-05,0.00010238472222222221,macd_bullish_cross|downtrend,1,1,mixte,365,0,0,30,,,17.0,37.0,58.0,68.0,17.5,37.7,False,False,,0,,,,43,30670024,30670024,420690000000.0,420690000000.0,420690000000.0,100.0,,,
PONDUSDT,POND,Speculative,,0.0017,395901.83722,6.25,48.457111363725794,-5.389283063792443e-06,0.0018331999999999992,0.0027754,2.6068072017572996,0.45200000000000007,0.32000000000000006,1.3084888352460025,0.10529130769596688,0.0015105555555555558,0.0025175,macd_bearish_cross,0,1,baissier,365,0,0,30,,,17.0,55.0,41.5,47.0,21.1,37.68,False,False,,0,,,,46,,,,,,,,,
AUSDT,A,Mid,240,0.0743,420132.44473,4.354,52.47350031947139,0.0014523216933094857,0.08073399999999997,0.10614099999999993,0.8154083053950171,0.3765182186234818,0.24291497975708495,0.4880938514920267,0.6527684968679759,0.06884444444444447,0.09297500000000002,macd_bullish_cross|double_top_90d|support_bounce,2,1,haussier,365,0,0,30,,,31.0,37.0,73.0,47.0,17.5,37.58,False,False,,0,,,,45,122715517,156378844,1647937656.309,2100000000.0,2100000000.0,78.5,,,
IMXUSDT,IMX,Mid,229,0.1517,457953.421737,5.936,50.9393387282502,0.0017506087649723492,0.16385399999999997,0.19329949999999996,0.7883871777933065,0.37728395061728404,0.24543209876543218,0.37572386878360137,0.6933508857568248,0.13620555555555552,0.1847055555555555,macd_bullish_cross|downtrend,1,1,mixte,365,0,0,30,,,31.0,37.0,73.0,47.0,17.5,37.57,False,False,,0,,,,45,128342768,304691303,842444578.3296283,2000000000.0,2000000000.0,42.1,26664849,$27M,7.59
COMPUSDT,COMP,Mid,189,18.4,418769.29647,5.626,49.40024792759535,0.2668379425382563,20.523199999999996,22.062899999999985,0.8207179136176254,0.3888677087304613,0.2950819672131148,0.3852696932754263,0.42526354110053455,16.854166666666664,24.454444444444444,downtrend,0,1,baissier,365,0,0,30,,,31.0,37.0,73.0,47.0,17.5,37.57,False,False,,0,,,,45,177984122,184092508,9668189.278360886,10000000.0,10000000.0,96.7,1092653915,$1.1B,4.96
TWTUSDT,TWT,Mid,196,0.4087,335303.9842,2.482,47.81477745503463,0.0016530667378020052,0.44244999999999984,0.6113850000000005,0.8906111898913059,0.33950974715305926,0.20652383709708547,0.18879302749736018,0.3990558756016657,0.38100277777777775,0.5022138888888891,macd_bullish_cross|downtrend,1,1,mixte,365,0,0,30,,,31.0,37.0,73.0,47.0,17.5,37.57,False,False,,0,,,,45,170420734,409026221,416649900.0,1000000000.0,,41.7,,,
QTUMUSDT,QTUM,Mid,319,0.763,119188.0489,4.808,46.14696156134739,0.005829328022613489,0.8613400000000001,1.0529400000000002,0.641016231604316,0.3448275862068965,0.2624521072796935,0.29771022523248797,0.6494727841582473,0.7512500000000001,0.9813611111111111,macd_bullish_cross|downtrend,1,1,mixte,365,0,0,30,,,31.0,37.0,73.0,47.0,17.5,37.57,False,False,,0,,,,45,81080337,82438712,106045773.25,107822406.0,,98.4,,,
GNSUSDT,GNS,Speculative,991,0.607,105060.17521,4.117,65.49100698323265,0.017616819084098057,0.5293599999999999,0.8441250000000003,0.8636509125775523,0.4478155339805825,0.25728155339805825,0.31160491273357416,0.4412730136744406,0.4723611111111113,0.7657777777777777,rsi_bearish_divergence,0,1,baissier,365,0,0,30,,,17.0,48.0,73.0,47.0,17.2,37.41,False,False,,0,,,,45,14574663,14574663,23871687.0,23871687.0,,100.0,13350961,$13M,-8.35
THETAUSDT,THETA,Mid,197,0.1684,409358.3029,5.979,46.78419230755709,0.0017704940592750164,0.193596,0.226649,0.7246076888523608,0.3951417004048583,0.31457489878542505,0.22413227341295894,0.6057252279694113,0.15100555555555553,0.2277777777777778,macd_bullish_cross|double_bottom_90d|downtrend|doji_4h,2,1,haussier,365,0,0,30,,,31.0,37.0,68.5,47.0,17.5,37.22,False,False,,0,,,,44,169365269,169365269,1000000000.0,1000000000.0,1000000000.0,100.0,,,
RSRUSDT,RSR,Mid,292,0.001449,408059.9272231,4.848,45.37600985713199,1.2250413229653498e-05,0.0016888200000000004,0.00199208,0.6328621433955532,0.39402298850574713,0.32873563218390806,0.3615740079921853,0.5887445152244855,0.0013962500000000001,0.0019613333333333336,macd_bullish_cross|downtrend,1,1,mixte,365,0,0,30,,,31.0,37.0,68.5,47.0,17.5,37.22,False,False,,0,,,,44,90833526,145210099,62553174091.0,100000000000.0,100000000000.0,62.6,47100545,$47M,-9.65
FLOWUSDT,FLOW,Mid,478,0.02961,381956.6238186,4.518,45.337206532969596,0.0004593614323537805,0.03493820000000001,0.06850704999999997,0.6617537037462796,0.41085972850678737,0.32873303167420825,0.40124832539868205,0.51887274254882,0.028088055555555554,0.04164583333333334,macd_bullish_cross|downtrend,1,1,mixte,365,0,0,30,,,31.0,37.0,68.5,47.0,17.5,37.22,False,False,,0,,,,44,49445394,49445394,1668166978.022744,1668166978.022744,,100.0,,,
COWUSDT,COW,Mid,288,0.1604,243898.8845,6.155,57.03800013077211,0.0032194671304804964,0.166412,0.1981584999999998,0.6426346557377913,0.44430432955023114,0.31904161412358134,0.44336746155639667,0.5796544812835698,0.1460916666666667,0.22138055555555558,macd_bullish_cross|downtrend,1,1,mixte,365,0,0,30,,,31.0,37.0,68.5,47.0,17.5,37.22,False,False,,0,,,,44,93303796,161182505,578870492.4981647,1000000000.0,1000000000.0,57.9,,,
GASUSDT,GAS,Mid,335,1.171,238630.752,4.089,35.47094354941136,0.00634953054896438,1.4732999999999998,1.7222099999999991,0.634161949768486,0.4100877192982456,0.3552631578947369,0.7248563123159519,0.562145934897893,1.2274166666666668,1.7639166666666664,macd_bullish_cross|downtrend,1,1,mixte,365,0,0,30,,,31.0,37.0,68.5,47.0,17.5,37.22,False,False,,0,,,,41,76714068,76714068,65093580.54427269,65093580.54427269,,100.0,,,
SAPIENUSDT,SAPIEN,Speculative,795,0.0861,755404.57494,2.745,47.388321264809434,0.0008058200478024153,0.09930199999999992,0.10314900000000003,1.0978407615268835,0.459795321637427,0.3618421052631579,0.7466277049088106,0.44898813042921976,0.06818333333333332,0.11953333333333334,macd_bullish_cross|support_bounce|downtrend,2,1,haussier,222,0,0,30,,,13.1,46.0,58.0,57.5,17.5,37.09,False,False,,0,,,,45,21887943,87551770,250000000.0,1000000000.0,1000000000.0,25.0,,,
MBLUSDT,MBL,Speculative,988,0.000755,742510.85174,4.282,41.92953717913064,5.073425411564696e-06,0.00087648,0.001026275,0.5973575147435664,0.4001759014951627,0.33421284080914687,0.6826136690454764,0.5147748629491635,0.0007649444444444444,0.001002361111111111,macd_bullish_cross|downtrend,1,1,mixte,365,0,0,30,,,17.0,37.0,79.0,57.5,17.5,36.96,False,False,,0,,,,43,14709448,22683561,19453887214.0,30000000000.0,30000000000.0,64.8,,,
AUDIOUSDT,AUDIO,Speculative,775,0.01592,631291.521624,4.599,41.110200066297296,6.948450063612747e-05,0.018648599999999998,0.02303329999999999,0.4999170686434271,0.42018131651556956,0.36933385888845094,0.5592637064151648,0.3392572418473205,0.01574972222222222,0.022360277777777784,macd_bullish_cross|downtrend,1,1,mixte,365,0,0,30,,,17.0,37.0,79.0,57.5,17.5,36.96,False,False,,0,,,,43,22772477,22772477,1429072077.0,1429072077.931691,,100.0,,,
RUNEUSDT,RUNE,Mid,218,0.407,909530.5414,8.824,49.946853449460825,0.00775936100807708,0.46112000000000003,0.48861500000000013,0.8912945495004237,0.48966613672496023,0.35294117647058826,0.49790769588727823,0.5850231754492551,0.37152777777777773,0.5556666666666668,downtrend|shooting_star_4h,0,2,baissier,365,0,0,30,,,31.0,37.0,68.5,57.5,0,36.92,False,False,,0,,,,40,138099979,144563047,338372683.0,354208499.0,354208499.0,95.5,52314799,$52M,-7.29
VETUSDT,VET,Mid,114,0.005276,758155.3187824,5.394,42.42836111819771,6.380785846434175e-05,0.0064074,0.008423329999999998,0.701145231351851,0.41009542943244603,0.33513309894525367,0.3914418120638257,0.6957708679612683,0.005249972222222224,0.007600777777777779,macd_bullish_cross|downtrend,1,1,mixte,365,0,0,30,,,31.0,28.0,68.5,57.5,17.5,36.87,False,False,,0,,,,39,456700019,456700019,85985041177.0,85985041177.0,86712634466.0,100.0,,,
WAXPUSDT,WAXP,Speculative,792,0.00475,161687.09354,4.396,32.217347887991565,2.521773942381982e-06,0.006048399999999999,0.0070624,0.5834819641990209,0.46489104116222757,0.4225181598062954,0.5686752799795298,0.5394903807836103,0.005105277777777777,0.0071672222222222215,macd_bullish_cross,1,0,haussier,365,0,0,30,,,17.0,28.0,79.0,47.0,50,36.85,False,False,,0,,,,48,21961843,21961843,4623656291.76744,4623656291.76744,,100.0,,,
GIGGLEUSDT,GIGGLE,Speculative,663,29.29,2810231.7878,4.383,48.80033933800339,0.17857960307571807,32.06059999999999,43.12525000000005,1.0210866824506295,0.48581203461461053,0.40893539947675583,0.3238494750622732,0.42131014630980174,23.795833333333334,39.127777777777766,macd_bullish_cross|support_bounce|downtrend,2,1,haussier,234,0,0,30,,,13.4,37.0,58.0,68.0,17.5,36.82,False,False,,0,,,,43,29475705,29475705,1000000.0,1000000.0,1000000.0,100.0,,,
SUSHIUSDT,SUSHI,Mid,470,0.1846,281636.07123,5.909,47.86150839731894,0.0007464431658603648,0.20668400000000006,0.24198300000000006,1.04719728209007,0.3423244744149147,0.2625942086473621,0.4573464330344534,0.4978950321570831,0.17884999999999995,0.2350333333333333,macd_bullish_cross|support_bounce|downtrend,2,1,haussier,365,0,0,30,,,31.0,37.0,62.5,47.0,17.5,36.76,False,False,,0,,,,43,50529132,53953574,273012266.12632084,291514753.9009228,,93.7,37247397,$37M,15.01
RAYUSDT,RAY,Mid,193,0.636,932369.0236,5.124,47.054388515760785,0.0056537063462517925,0.7251599999999998,0.7864749999999993,0.7429543680015598,0.3644646924829157,0.2733485193621868,0.37937036405902774,0.7037869886129228,0.5775833333333332,0.8228333333333331,macd_bullish_cross|double_top_90d|support_bounce|downtrend,2,2,mixte,365,0,0,30,,,31.0,37.0,65.0,57.5,0,36.65,False,False,,0,,,,40,171569943,353845931,269103895.762089,555000000.0,555000000.0,48.5,844498701,$844M,4.79
USTCUSDT,USTC,Speculative,595,0.00622,322172.97685,4.714,51.67995413159475,1.925017031159788e-05,0.006492399999999998,0.0060033499999999984,0.7375148983745683,0.3034825870646766,0.2213930348258707,0.17971247027084591,0.4238231494213942,0.004535833333333333,0.007286388888888888,macd_bullish_cross|downtrend,1,1,mixte,365,0,0,30,,,17.0,45.0,73.0,47.0,17.5,36.55,False,False,,0,,,,47,34730650,37873659,5576394005.610646,6081039276.07577,,91.7,,,
LAZIOUSDT,LAZIO,Speculative,,0.482,436636.51889,2.553,42.47623640212069,0.005246181554903882,0.5555,0.7960649999999996,0.6422456002634425,0.3748251748251748,0.3230769230769231,1.0453246750953913,0.5240537551027713,0.47941666666666666,0.7046111111111111,downtrend,0,1,baissier,365,0,0,30,,,17.0,46.0,68.5,47.0,17.5,36.5,False,False,,0,,,,44,,,,,,,,,
NFPUSDT,NFP,Speculative,,0.0077,276990.80292,2.394,39.49890570727458,2.2309677476212153e-05,0.011267999999999995,0.017661699999999995,1.4656895971648216,0.5816618911174785,0.5553008595988539,0.5971580807610474,0.2844774026110215,0.008649722222222224,0.01638305555555556,macd_bullish_cross,1,0,haussier,365,0,0,30,,,17.0,37.0,38.5,47.0,50,36.44,False,False,,0,,,,44,,,,,,,,,
BTTCUSDT,BTTC,Speculative,,2.7e-07,153455.90188602,0.0,40.890933955321096,-4.2204712484659203e-10,3.090000000000002e-07,3.498999999999994e-07,0.6020998430363801,0.2571428571428571,0.2285714285714285,0.37380358903289784,0.528768843345662,2.7972222222222225e-07,3.366666666666668e-07,doji_4h,0,0,neutre,365,0,0,30,,,17.0,28.0,73.0,47.0,50,36.38,False,False,,0,,,,47,,,,,,,,,
SANDUSDT,SAND,Mid,211,0.05505,670811.66559,5.988,38.816294468051744,0.0002809588961277844,0.06821699999999999,0.09378025000000002,0.6935445361422778,0.4084423305588584,0.3431629013079667,0.31786524668360416,0.752687481625309,0.05714194444444444,0.08268333333333334,macd_bullish_cross|downtrend,1,1,mixte,365,0,0,30,,,31.0,28.0,60.5,57.5,17.5,36.25,False,False,,0,,,,37,147023605,165362951,2667289212.2233224,3000000000.0,3000000000.0,88.9,,,
PSGUSDT,PSG,Speculative,,0.559,884304.86752,1.085,29.2708608348086,-0.006075109738029744,0.8421000000000001,0.8133449999999998,1.0309590501774117,0.5414175918018788,0.5217762596071733,0.49867889345323513,0.32346397706835517,0.6304444444444444,1.089972222222222,,0,0,neutre,365,0,0,30,,,17.0,27.0,44.5,57.5,50,36.24,False,False,,0,,,,48,,,,,,,,,
ROSEUSDT,ROSE,Mid,441,0.00692,999259.374858,10.191,38.30145700817065,3.491242779370574e-05,0.009189799999999998,0.011759949999999993,0.8149604625007596,0.5088852988691438,0.43861066235864304,0.7188315482319918,0.6079467945433779,0.007309166666666668,0.011736111111111109,macd_bullish_cross|double_top_90d|downtrend,1,2,baissier,365,0,0,30,,,31.0,37.0,59.5,57.5,0,36.23,False,False,,0,,,,36,54020013,69366886,7787579424.0,10000000000.0,10000000000.0,77.9,,,
DCRUSDT,DCR,Mid,171,12.69,430941.64683,4.876,34.94217036041749,0.11309521701164482,16.435000000000006,20.475950000000022,0.6711785414862598,0.5603256846780162,0.5288675055514434,1.2877102748854177,0.579646099578525,13.468888888888888,23.288888888888888,macd_bullish_cross|downtrend,1,1,mixte,365,0,0,30,,,31.0,37.0,55.0,47.0,17.5,36.18,False,False,,0,,,,39,222249082,222257255,17466877.84259797,17467520.14954139,21000000.0,100.0,,,
ERAUSDT,ERA,Speculative,871,0.1059,260799.8337,3.722,44.24088614215074,0.0007571008188725359,0.12587200000000004,0.16071150000000015,0.9795431046780855,0.37869822485207105,0.2991452991452992,0.47889414941478675,0.5702773474673491,0.10662499999999996,0.14809444444444445,macd_bullish_cross,1,0,haussier,334,0,0,30,,,16.2,28.0,73.0,47.0,50,36.18,False,False,,0,,,,47,18541019,106100250,174750000.0,1000000000.0,1000000000.0,17.5,,,
CHRUSDT,CHR,Speculative,919,0.01729,677517.37331,12.273,43.96287489831831,0.00010582843968227006,0.021629,0.0283577,0.9408077723317877,0.47150799166087565,0.40062543432939535,0.565222039620446,0.4880080080391601,0.01480277777777778,0.026222777777777786,macd_bullish_cross|downtrend,1,1,mixte,365,0,0,30,,,17.0,37.0,68.5,57.5,17.5,36.15,False,False,,0,,,,41,16812556,16812556,974831915.3782,974831915.3782,978064789.0,100.0,,,
MUBARAKUSDT,MUBARAK,Speculative,,0.01125,578543.825885,5.14,46.29156162107262,0.00015349592398433004,0.013337600000000005,0.01511555,0.947164267737567,0.42019733023795697,0.34068485200232146,0.3604769572121956,0.50989833989973,0.010692222222222223,0.015925833333333334,macd_bullish_cross|downtrend,1,1,mixte,365,0,0,30,,,17.0,37.0,68.5,57.5,17.5,36.15,False,False,,0,,,,44,,,,,,,,,
BROCCOLI714USDT,BROCCOLI714,Speculative,,0.01372,558112.4388,3.469,51.60453689293767,0.0002577948074657321,0.015136600000000002,0.015363299999999998,0.9603298350831513,0.4892723880597015,0.3586753731343284,0.3036580188926027,0.4622466522227157,0.011829444444444445,0.01846111111111111,support_bounce|downtrend,1,1,mixte,365,0,0,30,,,17.0,37.0,68.5,57.5,17.5,36.15,False,False,,0,,,,44,,,,,,,,,
BLURUSDT,BLUR,Mid,444,0.019,175343.52062,5.968,45.27800454352681,0.00028663946746698026,0.022755800000000003,0.0250663,0.7789992904352274,0.513142523364486,0.4407126168224299,0.26958467533605507,0.28349416113090053,0.017507222222222216,0.030059166666666668,macd_bullish_cross|downtrend,1,1,mixte,365,0,0,30,,,31.0,37.0,53.5,47.0,17.5,36.07,False,False,,0,,,,42,53757311,57155760,2821621670.6621,3000000000.0,3000000000.0,94.1,14027548,$14M,5.55
XAIUSDT,XAI,Speculative,899,0.00843,422878.282286,5.772,43.701943904344894,5.475503680563631e-05,0.010086,0.012141100000000002,0.7458311198434955,0.4210931485758276,0.34795996920708233,0.40684145217505885,0.550066857912201,0.008296666666666666,0.01171138888888889,macd_bullish_cross,1,0,haussier,365,0,0,30,,,17.0,28.0,68.5,47.0,50,36.04,False,False,,0,,,,46,17503735,18633402,2072826793.0778608,2206604171.378483,2500000000.0,93.9,,,
RADUSDT,RAD,Speculative,,0.228,362174.7326,2.703,43.29135432221023,0.0010370949763302169,0.25867999999999997,0.258755,0.7345965570192674,0.3791044776119404,0.3194029850746269,0.21565944632416342,0.32499786976032646,0.21361111111111108,0.3066388888888889,macd_bullish_cross,1,0,haussier,365,0,0,30,,,17.0,28.0,68.5,47.0,50,36.04,False,False,,0,,,,46,,,,,,,,,
TNSRUSDT,TNSR,Speculative,,0.0307,309443.24185,6.228,41.32211799361256,9.74082422632314e-05,0.037182,0.055390999999999975,0.7782165722636967,0.46317829457364346,0.40310077519379844,0.32624195600964356,0.3814539738310659,0.03156666666666666,0.04436666666666666,macd_bullish_cross,1,0,haussier,365,0,0,30,,,17.0,28.0,68.5,47.0,50,36.04,False,False,,0,,,,46,,,,,,,,,
AEVOUSDT,AEVO,Speculative,860,0.0206,275308.9310856,4.41,42.57917523074128,0.00015615299271150014,0.025067199999999987,0.029957800000000017,0.7289590654287891,0.4175159235668789,0.3410828025477706,0.4542149300567934,0.4974439231726934,0.02040861111111111,0.02960555555555556,macd_bullish_cross|support_bounce,2,0,haussier,365,0,0,30,,,17.0,28.0,68.5,47.0,50,36.04,False,False,,0,,,,46,18960381,20673239,917146109.3203855,1000000000.0,1000000000.0,91.7,15744728,$16M,-0.3
STORJUSDT,STORJ,Speculative,,0.0798,229705.4579,3.636,40.10109416758464,0.00033155690653070054,0.09866,0.10975050000000003,0.8152846530566529,0.4368858654572941,0.3915343915343915,0.4200221965209874,0.40264553325236324,0.08160555555555554,0.11714166666666664,macd_bullish_cross,1,0,haussier,365,0,0,30,,,17.0,28.0,68.5,47.0,50,36.04,False,False,,0,,,,46,,,,,,,,,
CELOUSDT,CELO,Speculative,541,0.06467,226052.90829,5.498,42.04073560248086,0.0006442466173074684,0.07928219999999998,0.09761175,0.6723301854063171,0.43221411192214104,0.3667153284671532,0.35452755055747176,0.6056499548110498,0.06494555555555555,0.09403749999999997,macd_bullish_cross,1,0,haussier,365,0,0,30,,,17.0,28.0,68.5,47.0,50,36.04,False,False,,0,,,,46,38922327,64632367,602211072.0,1000000000.0,1000000000.0,60.2,,,
CTKUSDT,CTK,Speculative,807,0.1322,173440.00333,4.506,39.90845496016764,0.0012759072442175313,0.16306199999999993,0.2044900000000001,0.7292337751997654,0.4003006012024048,0.3346693386773547,0.27018914063524996,0.5736873258651419,0.13421388888888885,0.19056388888888892,macd_bullish_cross,1,0,haussier,365,0,0,30,,,17.0,28.0,68.5,47.0,50,36.04,False,False,,0,,,,46,21225342,21244267,160206203.0,160349046.0,,99.9,,,
LISTAUSDT,LISTA,Speculative,818,0.0541,171999.92779,3.64,37.162458473729814,0.0005030547715513586,0.073674,0.10854199999999999,0.9264047940768964,0.4773445732349842,0.42360379346680715,0.34252508317204333,0.4967758668556127,0.05717777777777777,0.09292222222222221,macd_bullish_cross,1,0,haussier,365,0,0,30,,,17.0,28.0,68.5,47.0,50,36.04,False,False,,0,,,,46,20820523,43001208,385211740.4814296,795588564.255041,1000000000.0,48.4,660035754,$660M,6.63
SLPUSDT,SLP,Speculative,853,0.000529,162244.095371,5.378,41.6943763357632,1.981304154907986e-06,0.00064212,0.0006996450000000003,0.6866354822480658,0.39776951672862454,0.33828996282527884,0.31227287442145796,0.5767972084753722,0.0005320555555555555,0.0007512777777777779,macd_bullish_cross,1,0,haussier,365,0,0,30,,,17.0,28.0,68.5,47.0,50,36.04,False,False,,0,,,,46,19233182,19233182,36307288889.0,36307288889.0,,100.0,5818377,$6M,2.72
VANRYUSDT,VANRY,Speculative,,0.003703,138137.916932,6.807,38.16452599207664,3.057835511263121e-05,0.00476188,0.006328879999999996,0.6281201149621659,0.4886795319860204,0.43245707339310135,0.21421987047376234,0.5962136720183792,0.003837833333333334,0.006011972222222222,macd_bullish_cross,1,0,haussier,365,0,0,30,,,17.0,28.0,68.5,47.0,50,36.04,False,False,,0,,,,46,,,,,,,,,
BANDUSDT,BAND,Speculative,635,0.173,103924.9199,4.848,41.875255298333286,8.741116747907653e-05,0.20515999999999998,0.25671999999999995,0.7037831085637389,0.35317460317460314,0.3055555555555556,0.4018358145770906,0.6025266089192315,0.17863888888888885,0.23761111111111122,macd_bullish_cross,1,0,haussier,365,0,0,30,,,17.0,28.0,68.5,47.0,50,36.04,False,False,,0,,,,46,31000124,31016975,177630896.827592,177727452.557285,,99.9,,,
WOOUSDT,WOO,Speculative,702,0.01416,142524.170683,7.845,45.18165482443197,9.452573701887327e-05,0.016929799999999995,0.020431950000000008,0.7736471061983863,0.39082125603864737,0.3077294685990338,0.56055681256741,0.7287330124692029,0.014185833333333333,0.019913888888888894,macd_bullish_cross|downtrend,1,1,mixte,365,0,0,30,,,17.0,46.0,60.5,47.0,17.5,35.89,False,False,,0,,,,46,26841275,26841275,1888782088.294737,1888782088.294737,3000000000.0,100.0,5342643,$5M,1.33
RONINUSDT,RONIN,Speculative,,0.0632,2304598.97563,10.105,38.426184982664964,9.73182682723929e-05,0.08767000000000001,0.11122600000000007,1.7351803024894275,0.5518575851393188,0.5100619195046441,0.8454063364985965,0.3477945962501712,0.06814999999999999,0.10858888888888889,macd_bullish_cross|downtrend,1,1,mixte,365,0,0,30,,,17.0,37.0,34.0,68.0,17.5,35.85,False,False,,0,,,,36,,,,,,,,,
XNOUSDT,XNO,Mid,476,0.377,48851.74709,5.014,42.01244017819312,-0.0013694619244982408,0.43047999999999986,0.5635699999999999,0.5785644370385032,0.3308411214953272,0.28785046728971964,0.3038938543734499,0.5075315864015508,0.3888888888888888,0.5052777777777778,downtrend,0,1,baissier,365,0,0,30,,,31.0,28.0,83.5,47.0,17.5,35.67,False,False,,0,,,,41,49754137,49754137,133248297.0,133248297.0,133248297.0,100.0,,,
CTSIUSDT,CTSI,Speculative,773,0.02469,107044.86709,5.513,44.34901752892888,0.00022912650783064458,0.029244000000000017,0.030552649999999994,0.7335409131000739,0.4751120547298891,0.4137768341589997,0.15980348864253813,0.16020526191887463,0.02268,0.03807833333333334,macd_bullish_cross,1,0,haussier,365,0,0,30,,,17.0,28.0,62.5,47.0,50,35.57,False,False,,0,,,,45,22877134,24693658,926437631.7900137,1000000000.0,1000000000.0,92.6,,,
BIGTIMEUSDT,BIGTIME,Speculative,891,0.00935,654476.67099,0.322,40.21879358067359,8.820800842594375e-05,0.0119092,0.015881699999999995,0.7891357656971355,0.4622823984526112,0.39329464861379754,0.770839802879534,0.7285998878202624,0.009623055555555557,0.014364444444444442,macd_bullish_cross|downtrend,1,1,mixte,365,0,0,30,,,17.0,37.0,60.5,57.5,17.5,35.53,False,False,,0,,,,40,17929625,46979355,1908245059.7925065,5000000000.0,5000000000.0,38.2,,,
AMPUSDT,AMP,Mid,491,0.000541,1240577.986479,2.657,24.448064486719915,2.721064245426785e-06,0.0007661000000000002,0.0013834249999999993,0.6783467482990562,0.618045112781955,0.5939849624060151,0.5569189358671465,0.5509838474313643,0.0006043611111111111,0.0011625,macd_bullish_cross|downtrend,1,1,mixte,365,0,0,30,,,31.0,19.0,55.0,68.0,17.5,35.48,False,False,,0,,,,40,46832813,53815569,86781193103.18022,99720238122.2857,100000000000.0,87.0,,,
FOGOUSDT,FOGO,Mid,465,0.01327,232097.38374,5.317,47.49862120386392,0.00031797308914072045,0.0161858,,1.7694147092828811,0.5053956834532374,0.3992805755395683,0.222047299416539,0.26128255795934724,0.012552777777777777,0.02103111111111112,macd_bullish_cross|downtrend,1,1,mixte,152,0,0,30,,,25.2,45.0,32.5,47.0,17.5,35.43,False,False,,0,,,,41,51028552,133078342,3839730856.653546,10013708011.9506,,38.3,,,
RPLUSDT,RPL,Speculative,614,1.45,44345.9183,5.839,44.78475853326281,0.01823070902350174,1.7016000000000002,1.8975999999999997,0.6400310237975767,0.38571428571428573,0.3047619047619048,0.17395775840391878,0.7238196042648744,1.4272222222222224,1.9961111111111107,macd_bullish_cross,1,0,haussier,365,0,0,30,,,17.0,28.0,60.5,47.0,50,35.42,False,False,,0,,,,45,32693885,32693885,22535094.65392216,22535094.65392216,,100.0,945539986,$946M,4.95
DODOUSDT,DODO,Speculative,946,0.01588,240926.866748,4.611,46.84026084089746,8.742177645983595e-06,0.0180456,0.01738685,1.491498134506189,0.3785166240409208,0.3154305200341006,0.2695100080359706,0.3657032367471589,0.014438611111111114,0.020803055555555554,macd_bullish_cross|downtrend,1,1,mixte,365,0,0,30,,,17.0,45.0,58.0,47.0,17.5,35.39,False,False,,0,,,,45,15934633,15934633,1000000000.0,1000000000.0,1000000000.0,100.0,11836242,$12M,6.65
GLMRUSDT,GLMR,Speculative,,0.0098,267476.2876,5.376,37.164348155317796,0.00016438437747104667,0.013554000000000002,0.01689250000000002,0.6210984553905414,0.5445026178010471,0.481675392670157,0.35740097344966193,0.45591172009323283,0.009644444444444442,0.017849999999999998,macd_bullish_cross|support_bounce,2,0,haussier,365,0,0,30,,,17.0,28.0,59.5,47.0,50,35.34,False,False,,0,,,,45,,,,,,,,,
BNTUSDT,BNT,Speculative,653,0.286,59002.06356,5.496,46.648927373124316,0.0006528936118436503,0.31405400000000006,0.341269,0.5486612426622376,0.24942528735632183,0.16867816091954016,0.31001948453827466,0.8706444909203112,0.27291944444444444,0.3447722222222222,macd_bullish_cross|downtrend,1,1,mixte,365,0,0,30,,,17.0,37.0,87.5,47.0,17.5,35.26,False,False,,0,,,,47,30077805,30077805,107863832.89842,107863832.89842,110542364.6372305,100.0,17104541,$17M,3.06
BICOUSDT,BICO,Speculative,999,0.0199,102914.018261,6.417,44.95739369052488,7.759944955579236e-05,0.02374199999999999,0.030575499999999995,1.06945820893709,0.40728476821192056,0.33112582781456956,0.2934129153275056,0.527880507081846,0.01935,0.027666666666666662,macd_bullish_cross|support_bounce,2,0,haussier,365,0,0,30,,,17.0,28.0,58.0,47.0,50,35.23,False,False,,0,,,,45,14346091,19979247,718049656.9789356,1000000000.0,1000000000.0,71.8,,,
TLMUSDT,TLM,Speculative,,0.001046,2000455.533763,-1.784,31.17811864923101,6.9629856860476e-06,0.0015733399999999995,0.001870304999999999,0.9255167513581651,0.5413461538461538,0.4942307692307692,0.7998805814734209,0.5876393722748356,0.0011752777777777777,0.001980833333333333,macd_bullish_cross|downtrend,1,1,mixte,365,0,0,30,,,17.0,28.0,59.5,68.0,17.5,35.11,False,False,,0,,,,37,,,,,,,,,
CHZUSDT,CHZ,Mid,145,0.02553,4943767.16859,0.275,34.66698936028082,0.00010499754092290012,0.0376628,0.039586350000000006,1.1927407870269253,0.5083499005964215,0.49065606361829023,0.6477510830886126,0.3325336185683347,0.028724722222222228,0.04769333333333334,macd_bullish_cross|death_cross|downtrend|morning_star_4h,2,2,mixte,365,0,0,30,,,31.0,28.0,49.0,68.0,0,35.06,False,False,,0,,,,31,267513775,267513775,10415188659.0,10415188659.0,,100.0,,,
NEOUSDT,NEO,Mid,201,2.304,389970.56851,5.688,41.23931247777089,0.012458102161975598,2.7081200000000005,3.0909750000000003,0.5454256381635233,0.35675182481751816,0.29349148418491483,0.40043587946394743,0.7255556046482249,2.313444444444445,3.0492777777777773,macd_bullish_cross|downtrend,1,1,mixte,365,0,0,30,,,31.0,28.0,75.5,47.0,17.5,35.05,False,False,,0,,,,40,162971481,231066895,70530000.0,100000000.0,,70.5,,,
ONGUSDT,ONG,Speculative,757,0.05036,428103.56991,4.873,37.6182094756713,0.00031337749059124655,0.06351899999999999,0.07352370000000004,0.6836932952644464,0.5532659409020217,0.5085536547433903,1.2929545480112101,0.2893739319749212,0.0517375,0.08898999999999999,macd_bullish_cross|downtrend,1,1,mixte,365,0,0,30,,,17.0,46.0,49.0,47.0,17.5,35.0,False,False,,0,,,,41,23783240,40266973,472511097.0,800000000.0,1000000000.0,59.1,,,
WINUSDT,WIN,Speculative,886,1.828e-05,89699.26597531,4.1,47.500090100067844,7.86544199958646e-08,1.951759999999999e-05,2.3699949999999997e-05,0.5330707025573882,0.2589167767503303,0.19506825187142227,0.2576015145797952,0.61273548640506,1.7929444444444447e-05,2.163805555555556e-05,macd_bullish_cross|downtrend,1,1,mixte,365,0,0,30,,,17.0,37.0,83.5,47.0,17.5,34.95,False,False,,0,,,,47,18083579,18083579,993701854154.286,993701859243.3864,,100.0,,,
QIUSDT,QI,Speculative,,0.00141,85707.56297,3.676,45.30313022563521,9.502960647963783e-06,0.0015960000000000002,0.0022447999999999995,0.5791118940004352,0.32307692307692304,0.2717948717948717,0.31080969275320147,0.5813669783326215,0.0013669444444444443,0.0019399999999999997,macd_bullish_cross|downtrend,1,1,mixte,365,0,0,30,,,17.0,37.0,83.5,47.0,17.5,34.95,False,False,,0,,,,47,,,,,,,182849216,$183M,1.25
SOMIUSDT,SOMI,Speculative,870,0.1152,735637.84941,3.597,36.072817832818515,0.0007292084844956019,0.15730600000000003,0.1982120000000001,0.8905763394762888,0.5,0.4245283018867924,0.764600048118181,0.645852379769204,0.12387222222222219,0.19166388888888886,macd_bullish_cross|downtrend,1,1,mixte,287,0,0,30,,,14.9,37.0,59.5,57.5,17.5,34.93,False,False,,0,,,,40,18563699,115878269,160200000.0,1000000000.0,1000000000.0,16.0,,,
POLYXUSDT,POLYX,Mid,442,0.0419,158007.18165,6.345,44.42686472955338,0.00020767170009205723,0.04857600000000001,0.05054549999999999,0.7040446557858675,0.3532513181019332,0.2565905096660809,0.2383923151957152,0.5522517458725127,0.040705555555555564,0.055880555555555565,macd_bullish_cross|downtrend,1,1,mixte,365,0,0,30,,,31.0,28.0,73.0,47.0,17.5,34.86,False,False,,0,,,,39,53949454,53949454,1286822531.63985,1286822531.63985,,100.0,,,
ZRXUSDT,ZRX,Mid,332,0.0906,150402.5604,5.594,43.811448516844706,0.000559189213041128,0.10424400000000002,0.11582349999999998,0.6000679336660037,0.3528481012658229,0.2768987341772153,0.43314442094319977,0.6940003339633413,0.09061944444444446,0.11785833333333333,macd_bullish_cross|downtrend,1,1,mixte,365,0,0,30,,,31.0,28.0,73.0,47.0,17.5,34.86,False,False,,0,,,,39,77039840,90806403,848396562.906836,1000000000.0,1000000000.0,84.8,,,
GLMUSDT,GLM,Mid,247,0.1156,66717.48798,4.521,43.81701423325957,4.102899141506487e-05,0.132086,0.17133049999999994,0.6523855494741561,0.32054616384915474,0.24252275682704805,0.1825850954766154,0.6056437887415586,0.11581388888888886,0.14490555555555554,macd_bullish_cross|downtrend,1,1,mixte,365,0,0,30,,,31.0,28.0,73.0,47.0,17.5,34.86,False,False,,0,,,,39,115720657,115720657,1000000000.0,1000000000.0,,100.0,,,
REDUSDT,RED,Speculative,521,0.0977,990712.2311,1.877,38.13672915857549,0.0002987795946570379,0.12434999999999997,0.1732179999999999,0.7466493509108914,0.543597409068261,0.5112107623318385,0.8777512391618505,0.2753223806599326,0.09838888888888889,0.16367777777777778,macd_bullish_cross|downtrend,1,1,mixte,365,0,0,30,,,17.0,37.0,49.0,57.5,17.5,34.65,False,False,,0,,,,38,41044127,98236986,417807274.0,1000000000.0,1000000000.0,41.8,,,
INITUSDT,INIT,Speculative,,0.061,709333.24811,4.274,42.67084191319753,0.001126130824279781,0.07935600000000001,0.08527800000000002,1.046798380251354,0.5140781108083561,0.44414168937329707,0.6808911950499448,0.41605751088151344,0.06066111111111113,0.09980833333333333,macd_bullish_cross|downtrend,1,1,mixte,365,0,0,30,,,17.0,37.0,49.0,57.5,17.5,34.65,False,False,,0,,,,38,,,,,,,,,
DYMUSDT,DYM,Speculative,,0.0177,523533.49321,5.357,45.641794437319554,0.00017617899414753852,0.020843999999999994,0.04216649999999999,1.281709671094263,0.5677233429394813,0.4899135446685879,0.27802723762159115,0.3605722911680098,0.01659166666666667,0.030194444444444444,macd_bullish_cross|downtrend|doji_4h,1,1,mixte,365,0,0,30,,,17.0,37.0,49.0,57.5,17.5,34.65,False,False,,0,,,,41,,,,,,,,,
CITYUSDT,CITY,Speculative,,0.407,479143.53428,1.496,37.93591304496469,0.006202563803477529,0.5044799999999998,0.5868299999999995,0.585124303518644,0.4973474801061008,0.45888594164456237,0.7285244933557613,0.3168207801915607,0.41258333333333336,0.6931111111111111,downtrend,0,1,baissier,365,0,0,30,,,17.0,37.0,79.0,47.0,17.5,34.6,False,False,,0,,,,43,,,,,,,,,
AUCTIONUSDT,AUCTION,Speculative,670,3.9,420414.7378,3.175,38.91812919622811,0.007967625186274113,4.515800000000001,4.935999999999996,0.49993313871838135,0.30871212121212127,0.25946969696969696,0.8919205830595934,0.6767400398172765,3.9850000000000003,5.013055555555555,macd_bullish_cross|bear_flag,1,1,mixte,365,0,0,30,,,17.0,37.0,83.5,47.0,15.0,34.57,False,False,,0,,,,43,28933801,29794072,7420409.148028981,7641035.648362741,10000000.0,97.1,,,
KAVAUSDT,KAVA,Mid,464,0.04716,396099.321712,4.014,41.93971507420668,0.00034780419712388986,0.05624279999999998,0.06670660000000005,0.6818086880223628,0.3790523690773067,0.3061463987091095,0.22656078166614926,0.5609919549155232,0.046671944444444446,0.06453666666666669,macd_bullish_cross|downtrend,1,1,mixte,365,0,0,30,,,31.0,28.0,68.5,47.0,17.5,34.51,False,False,,0,,,,39,51091466,51091466,1082847016.0,1082847016.0,,100.0,,,
KSMUSDT,KSM,Mid,359,3.85,300471.44784,5.479,41.096933941990955,0.026136757651611775,4.658600000000002,5.5265999999999975,0.6361610664351736,0.4223706176961603,0.3539232053422371,0.4457874300322033,0.6009044366342551,3.7988888888888885,5.471111111111111,macd_bullish_cross|downtrend,1,1,mixte,365,0,0,30,,,31.0,28.0,68.5,47.0,17.5,34.51,False,False,,0,,,,39,70876119,70876119,18364070.10750608,18364070.10750608,,100.0,,,
SNXUSDT,SNX,Mid,299,0.254,275380.2014,6.723,42.14448840674729,0.0010416419289212865,0.29932000000000003,0.35499,0.6446107780592644,0.360655737704918,0.3032786885245901,0.29708365385001867,0.645923634737398,0.25327777777777777,0.33827777777777784,macd_bullish_cross|downtrend,1,1,mixte,365,0,0,30,,,31.0,28.0,68.5,47.0,17.5,34.51,False,False,,0,,,,39,87645157,87752930,344516234.4572882,344939867.5556631,344939867.0,99.9,33006875,$33M,0.23
JUVUSDT,JUV,Speculative,,0.361,762252.8225,1.977,40.129917484272816,0.004150074141488665,0.43052000000000007,0.5786949999999998,0.5813413968710078,0.42132867132867124,0.36888111888111885,0.6962995164453375,0.5921235246067996,0.36700000000000005,0.54175,macd_bullish_cross|double_top_90d|downtrend|doji_4h,1,2,baissier,365,0,0,30,,,17.0,37.0,79.0,57.5,0,34.3,False,False,,0,,,,39,,,,,,,,,
PROVEUSDT,PROVE,Speculative,527,0.2062,915273.18982,2.946,48.12102050839141,0.0029968505198418698,0.23505800000000002,0.3075270000000001,1.6689945438109095,0.4730053989202159,0.379124175164967,0.852987614663205,0.4411224916225817,0.19695833333333335,0.28396388888888885,macd_bullish_cross|double_top_90d|downtrend|morning_star_4h,2,2,mixte,315,0,0,30,,,15.6,46.0,47.5,57.5,0,34.25,False,False,,0,,,,39,40371743,207034580,195000000.0,1000000000.0,1000000000.0,19.5,,,
YFIUSDT,YFI,Mid,356,1997.0,230835.39306,5.216,42.126297896655174,17.82583758143923,2393.18,2875.24,0.6995667159459268,0.37389770723104054,0.29241622574955906,0.467623080186848,0.7155134065292993,2008.1944444444443,2784.1944444444443,macd_bullish_cross|downtrend,1,1,mixte,365,0,0,30,,,31.0,28.0,65.0,47.0,17.5,34.24,False,False,,0,,,,38,71561453,73259888,35815.94701468851,36666.0,36666.0,97.7,151410336,$151M,-1.27
BARUSDT,BAR,Speculative,,0.289,498781.99456,0.347,23.05890252987389,0.001699935678209908,0.37964000000000003,0.49772500000000003,0.4565958107940647,0.4911032028469752,0.4875444839857652,0.9977733872203778,0.47945594370665223,0.3134722222222222,0.5546111111111112,macd_bullish_cross,1,0,haussier,365,0,0,30,,,17.0,19.0,79.0,47.0,50,34.14,False,False,,0,,,,51,,,,,,,,,
BEAMXUSDT,BEAMX,Speculative,,0.001509,476880.845555,5.672,43.18455415881577,8.187561235657755e-06,0.0017658000000000005,0.00229089,0.7087287148228582,0.3554413825315274,0.2914525922466138,0.8348066864538648,0.6767098036474299,0.0015038888888888888,0.002051416666666667,macd_bullish_cross|downtrend,1,1,mixte,365,0,0,30,,,17.0,37.0,73.0,47.0,17.5,34.14,False,False,,0,,,,42,,,,,,,,,
OGUSDT,OG,Speculative,,2.782,390974.4796,3.305,49.0229668269464,0.023373615427536465,2.99036,4.841709999999997,0.8066835207983359,0.4030379746835443,0.2941772151898735,0.27283198448061596,0.4223237043356358,2.5407500000000005,3.3768611111111118,downtrend,0,1,baissier,365,0,0,30,,,17.0,37.0,73.0,47.0,17.5,34.14,False,False,,0,,,,45,,,,,,,,,
ANKRUSDT,ANKR,Speculative,520,0.00411,273695.582176,5.385,46.875754666411666,2.9306824474306474e-05,0.004582800000000001,0.005423700000000003,0.6092340956193492,0.3260869565217391,0.25000000000000006,0.339432218571866,0.36480345861844693,0.004073888888888889,0.005453333333333334,macd_bullish_cross|downtrend,1,1,mixte,365,0,0,30,,,17.0,37.0,73.0,47.0,17.5,34.14,False,False,,0,,,,45,41064171,41064171,10000000000.0,10000000000.0,10000000000.0,100.0,18488131,$18M,5.55
ALPINEUSDT,ALPINE,Speculative,,0.364,266800.01747,3.409,45.60975501783787,0.0021751329909970134,0.4163400000000001,0.47162000000000004,0.6302293318145842,0.3597678916827853,0.2901353965183753,0.3933399839450564,0.6164956420598615,0.36247222222222214,0.4780833333333333,macd_bullish_cross|downtrend,1,1,mixte,365,0,0,30,,,17.0,37.0,73.0,47.0,17.5,34.14,False,False,,0,,,,45,,,,,,,,,
SSVUSDT,SSV,Speculative,584,2.435,266144.444813,6.054,54.4416861681293,0.046792176153756776,2.5667600000000004,3.0838499999999995,0.9535806754561901,0.38463930348258707,0.2347636815920399,0.35574671164797594,0.5512493530675902,2.119194444444444,2.96,macd_bullish_cross|downtrend,1,1,mixte,365,0,0,30,,,17.0,37.0,73.0,47.0,17.5,34.14,False,False,,0,,,,45,35867306,35867306,14699173.1,14699173.1,,100.0,12949593096,$12.9B,4.81
HIVEUSDT,HIVE,Speculative,679,0.0517,260534.4266,4.656,43.93171520367368,-3.9436757279158983e-05,0.059183999999999994,0.07449,0.948513544065042,0.35743519781718963,0.29058663028649395,0.7358027374305333,0.47900988989327103,0.05283055555555555,0.06847222222222221,downtrend,0,1,baissier,365,0,0,30,,,17.0,37.0,73.0,47.0,17.5,34.14,False,False,,0,,,,42,28451648,57842704,550140465.0,1118445313.0,,49.2,,,
CELRUSDT,CELR,Speculative,,0.002278,249295.1428393,5.317,46.04068079559754,8.506622290703345e-06,0.0025879199999999996,0.0030185550000000026,0.8077416625042866,0.3332269390360676,0.2677944462176827,0.35351156137103146,0.5876138341262022,0.002230305555555556,0.002943333333333334,macd_bullish_cross|support_bounce|downtrend,2,1,haussier,365,0,0,30,,,17.0,37.0,73.0,47.0,17.5,34.14,False,False,,0,,,,45,,,,,,,15168543,$15M,-6.39
CVCUSDT,CVC,Speculative,855,0.02391,190787.21386,4.685,40.516841675528084,0.0001092982182785405,0.028629400000000006,0.03498705000000001,0.6206851766565274,0.3534432018834609,0.29164214243672754,0.5632071339962829,0.6651924389102359,0.02454277777777778,0.0331063888888889,macd_bullish_cross|downtrend,1,1,mixte,365,0,0,30,,,17.0,37.0,73.0,47.0,17.5,34.14,False,False,,0,,,,42,19186922,23923842,802000010.0,1000000000.0,,80.2,,,
SCUSDT,SC,Speculative,573,0.000738,76490.140595,3.361,37.89319490998446,2.813684098797807e-06,0.0008796999999999998,0.0011787149999999999,0.6363750519122868,0.3498098859315589,0.2937262357414449,0.5951902593044083,0.6965102407398517,0.0007679722222222222,0.001022111111111111,macd_bullish_cross|downtrend,1,1,mixte,365,0,0,30,,,17.0,37.0,73.0,47.0,17.5,34.14,False,False,,0,,,,42,36767604,36767604,49751295000.0225,49751295000.0225,,100.0,,,
EGLDUSDT,EGLD,Mid,286,3.1,174496.9235,7.639,42.72115213720274,0.027012188996895004,3.7823999999999978,4.85915,0.6608064872278765,0.41493775933609967,0.3485477178423237,0.3472888935081513,0.7001075138545381,3.123333333333334,4.461666666666667,macd_bullish_cross|downtrend,1,1,mixte,365,0,0,30,,,31.0,28.0,60.5,47.0,17.5,33.9,False,False,,0,,,,37,93718933,93718933,30146860.0,30146860.0,,100.0,,,
LUMIAUSDT,LUMIA,Speculative,,0.0953,362310.793585,6.243,49.67095981524391,0.0015019823396903303,0.11197199999999999,0.09754500000000002,1.5291970881026649,0.5886712546320805,0.4917946003176284,0.20339049736825865,0.30263605190588555,0.07003333333333332,0.1472361111111111,macd_bullish_cross|downtrend,1,1,mixte,365,0,0,30,,,17.0,45.0,38.5,47.0,17.5,33.89,False,False,,0,,,,42,,,,,,,,,
HFTUSDT,HFT,Speculative,,0.0107,482716.32855,5.941,45.05253387163126,0.0001263482855528681,0.012878,0.019292500000000004,0.9476899518750984,0.4540229885057471,0.3850574712643678,0.7067436368505686,0.3442780085677699,0.010458333333333332,0.015905555555555558,macd_bullish_cross|double_top_90d|downtrend,1,2,baissier,365,0,0,30,,,17.0,46.0,68.5,47.0,0,33.84,False,False,,0,,,,43,,,,,,,,,
IOSTUSDT,IOST,Speculative,677,0.000842,113130.338955,4.726,40.11858607881419,1.84655392594306e-06,0.0010172399999999996,0.0013035500000000003,0.6667260681704666,0.3793103448275863,0.31836407377706505,0.6942811861530181,0.6850061329897477,0.0008803611111111108,0.0011640555555555553,macd_bullish_cross|double_top_90d,1,1,mixte,365,0,0,30,,,17.0,37.0,68.5,47.0,17.5,33.8,False,False,,0,,,,41,28586944,28586944,33999051873.0,33999051873.0,90000000000.0,100.0,,,
SCRUSDT,SCR,Speculative,,0.0347,396451.583161,5.6,39.87068507014933,9.317493420331726e-05,0.043073200000000006,0.05601450000000004,0.7471418404003173,0.4020295202952029,0.3568265682656826,0.5187035323209725,0.5523536700314906,0.035809999999999995,0.05083111111111112,macd_bullish_cross|downtrend,1,1,mixte,365,0,0,30,,,17.0,37.0,68.5,47.0,17.5,33.79,False,False,,0,,,,41,,,,,,,,,
RAREUSDT,RARE,Speculative,,0.0138,235048.89465,6.154,45.791052336250914,7.643550329874537e-05,0.015766000000000006,0.01876699999999999,0.7120130484043149,0.49372384937238495,0.4225941422594143,0.372016027093777,0.4554763443634298,0.013341666666666667,0.018511111111111117,macd_bullish_cross|downtrend,1,1,mixte,365,0,0,30,,,17.0,37.0,68.5,47.0,17.5,33.79,False,False,,0,,,,44,,,,,,,,,
PIVXUSDT,PIVX,Speculative,,0.053,226480.7987,5.159,42.25587630223375,0.0004066058253875725,0.063976,0.10108750000000004,0.7678825226957897,0.47608926673751334,0.4314558979808714,0.7764500553407764,0.5361215201019484,0.05428333333333334,0.08970555555555554,macd_bullish_cross|downtrend,1,1,mixte,365,0,0,30,,,17.0,37.0,68.5,47.0,17.5,33.79,False,False,,0,,,,41,,,,,,,,,
ACTUSDT,ACT,Speculative,,0.01089,195467.067831,7.185,47.02672425317716,0.0001764150662109231,0.012947200000000006,0.01767879999999999,0.7675672861305932,0.43905325443786974,0.34792899408284017,0.2129740689392285,0.5591874516520994,0.01047111111111111,0.015888888888888886,macd_bullish_cross|downtrend,1,1,mixte,365,0,0,30,,,17.0,37.0,68.5,47.0,17.5,33.79,False,False,,0,,,,44,,,,,,,,,
ARKUSDT,ARK,Speculative,741,0.1262,106931.2596,4.211,39.189699880012974,0.0007011189749446325,0.15652200000000002,0.20309499999999986,0.7153229451997989,0.39059196617336156,0.3276955602536998,0.9291074037691616,0.6618502700046961,0.13135277777777776,0.18141666666666667,macd_bullish_cross|downtrend,1,1,mixte,365,0,0,30,,,17.0,37.0,68.5,47.0,17.5,33.79,False,False,,0,,,,41,24877065,24877065,197197774.0,197197774.0,,100.0,,,
TUTUSDT,TUT,Speculative,,0.01104,308001.06142,3.371,55.82190712421716,0.0001707936445421974,0.011228400000000001,0.012041850000000005,0.7586990288957176,0.32461103253182466,0.2164073550212164,0.25602317141588565,0.29200651914720055,0.008785000000000001,0.013002222222222222,downtrend,0,1,baissier,365,0,0,30,,,17.0,37.0,67.0,47.0,17.5,33.68,False,False,,0,,,,44,,,,,,,,,
1MBABYDOGEUSDT,1MBABYDOGE,Speculative,,0.0003534,414514.4777531,5.935,46.81484305566261,2.003983754020747e-06,0.00039752400000000007,0.0004820234999999999,0.7389542306041061,0.32435254803675856,0.2556390977443609,0.45674004538545754,0.7560447855171258,0.0003474,0.0004491805555555555,macd_bullish_cross|downtrend,1,1,mixte,365,0,0,30,,,17.0,37.0,65.0,47.0,17.5,33.52,False,False,,0,,,,44,,,,,,,,,
SAGAUSDT,SAGA,Speculative,,0.01351,1255442.494436,4.891,40.062896492448,4.3322289643856794e-05,0.018734599999999997,0.037107250000000015,1.2797031301754616,0.7284034373586613,0.6935775667118951,0.46924422122348375,0.23432186142830438,0.014550277777777775,0.03195805555555556,macd_bullish_cross|downtrend,1,1,mixte,365,0,0,30,,,17.0,28.0,38.5,68.0,17.5,33.49,False,False,,0,,,,34,,,,,,,,,
EDUUSDT,EDU,Speculative,752,0.0312,1044402.8332,6.849,36.1600327890234,-4.126288136220742e-05,0.043075999999999996,0.09802350000000004,1.0395714947371846,0.6816524908869988,0.6221142162818954,0.48855285174070384,0.29640164792368545,0.03421111111111111,0.06954722222222223,downtrend,0,1,baissier,365,0,0,30,,,17.0,28.0,38.5,68.0,17.5,33.49,False,False,,0,,,,34,24162564,31192874,774618056.0,1000000000.0,1000000000.0,77.5,,,
MANTRAUSDT,MANTRA,Speculative,509,0.00808,858570.04764,4.799,47.72911564033364,0.00016066378256425896,0.0091766,,0.8421975502243412,0.5110477548111191,0.4226657163221669,0.4955502952786298,0.5718418048456672,0.007725555555555553,0.012501388888888888,macd_bullish_cross|double_top_90d|downtrend,1,2,baissier,104,0,0,30,,,9.8,45.0,59.5,57.5,0,33.45,False,False,,0,,,,41,42751447,58567343,5284197036.867333,7239085474.591528,10000000000.0,73.0,,,
WCTUSDT,WCT,Speculative,,0.04891,745460.06831,2.045,43.25712881478766,0.0005383003532395563,0.058402600000000006,0.06618764999999999,0.7219648899877922,0.3912863070539419,0.3224066390041494,0.48046562055097225,0.5160457016410277,0.04837944444444445,0.06832527777777779,macd_bullish_cross|downtrend,1,1,mixte,365,0,0,30,,,17.0,28.0,68.5,57.5,17.5,33.44,False,False,,0,,,,39,,,,,,,,,
USUALUSDT,USUAL,Speculative,858,0.01057,533694.117553,3.729,41.13024360107412,0.00010578094623547103,0.01326,0.01783069999999999,0.8959528843358181,0.4699421965317919,0.38670520231213873,0.4707379167912107,0.6518904212473088,0.010655277777777776,0.015829444444444445,macd_bullish_cross|downtrend,1,1,mixte,365,0,0,30,,,17.0,28.0,68.5,57.5,17.5,33.44,False,False,,0,,,,39,18975454,19507110,1790016387.4638243,1840169298.633916,3000000000.0,97.3,95080728,$95M,-0.07
FTTUSDT,FTT,Speculative,,0.2762,243484.183556,4.423,47.682635032671854,0.0020976557713996234,0.304704,0.37529550000000006,1.2371083509285088,0.3855356171832518,0.2455138662316476,0.6505119981948606,0.4073591844275911,0.2645388888888889,0.35329722222222215,double_top_90d|support_bounce|downtrend,1,2,baissier,365,0,0,30,,,17.0,46.0,62.5,47.0,0,33.38,False,False,,0,,,,42,,,,,,,,,
SOLVUSDT,SOLV,Speculative,,0.00351,165332.46457,4.776,45.36236573512151,2.0551589100226798e-05,0.004067599999999999,0.007476450000000008,0.6236010975470462,0.42397137745974955,0.3667262969588551,0.12808199852969154,0.06713999712991862,0.0032383333333333344,0.005059444444444445,macd_bullish_cross|downtrend,1,1,mixte,365,0,0,30,,,17.0,37.0,62.5,47.0,17.5,33.33,False,False,,0,,,,43,,,,,,,425626228,$426M,4.89
KATUSDT,KAT,Speculative,,0.00601,2030994.5748,4.704,40.725965444403386,0.0001078602637204412,0.0081616,,1.0670812401685164,0.7947474747474748,0.7571717171717172,0.45124319317467865,,0.006235833333333334,0.013472222222222222,downtrend,0,1,baissier,90,0,0,30,,,9.5,36.0,28.5,68.0,17.5,33.28,False,False,,0,,,,35,,,,,,,,,
PYRUSDT,PYR,Speculative,,0.187,1671617.31377,2.747,32.11483317503358,1.78037083470306e-06,0.24582000000000004,0.3484250000000002,0.6551622054150386,0.4253246753246753,0.3896103896103896,0.6232388571266689,0.6110971566554602,0.20444444444444448,0.2987777777777778,macd_bullish_cross|double_top_90d|downtrend,1,2,baissier,365,0,0,30,,,17.0,28.0,68.5,68.0,0,33.14,False,False,,0,,,,34,,,,,,,,,
1000SATSUSDT,1000SATS,Speculative,,1.022e-05,363540.59507992,7.92,44.103260441002526,1.3347238598643568e-07,1.2647999999999998e-05,1.3552199999999989e-05,0.8559563875690864,0.5037837837837837,0.44216216216216214,0.5071641652939779,0.46814350449786096,9.81166666666667e-06,1.6011111111111112e-05,macd_bullish_cross|downtrend,1,1,mixte,365,0,0,30,,,17.0,37.0,59.5,47.0,17.5,33.1,False,False,,0,,,,40,,,,,,,,,
JOEUSDT,JOE,Speculative,974,0.0329,147885.56923,6.129,42.82925252515209,0.0003175604069642619,0.04103399999999999,0.048402,0.8320513157130174,0.5103448275862069,0.42758620689655175,0.6534362283620913,0.5522490649104652,0.032675,0.05123611111111111,macd_bullish_cross|downtrend,1,1,mixte,365,0,0,30,,,17.0,37.0,59.5,47.0,17.5,33.1,False,False,,0,,,,40,15098131,16502533,457181657.224341,499707918.0306486,500000000.0,91.5,11088195,$11M,1.64
GMTUSDT,GMT,Speculative,704,0.00859,365984.413306,5.141,42.37606670864623,5.084390558709952e-05,0.0104188,0.012775249999999998,1.1822119975336183,0.4219219219219219,0.35360360360360366,0.5099980331754592,0.4914717062764994,0.008674999999999999,0.01234888888888889,macd_bullish_cross|downtrend,1,1,mixte,365,0,0,30,,,17.0,37.0,58.0,47.0,17.5,32.99,False,False,,0,,,,40,26720240,43573468,3111400155.0,5073850155.102167,6000000000.0,61.3,,,
SANTOSUSDT,SANTOS,Speculative,,0.671,355951.02307,4.844,36.56779647739579,0.01302046966369394,0.9415600000000004,1.4553599999999998,0.8874176712414672,0.5677276091783864,0.5011102886750555,0.5429372848634643,0.3411320225449249,0.6914722222222224,1.2737222222222224,macd_bullish_cross|downtrend,1,1,mixte,365,0,0,30,,,17.0,37.0,55.0,47.0,17.5,32.75,False,False,,0,,,,39,,,,,,,,,
TFUELUSDT,TFUEL,Mid,395,0.00856,120876.08953,3.507,36.35887514444928,2.4289837090564004e-05,0.010427800000000001,0.014369200000000004,0.5129205520876211,0.3735498839907193,0.33488012374323284,0.4410536923433856,0.6803730524541923,0.008981944444444442,0.012333611111111113,macd_bullish_cross|bear_flag|downtrend,1,2,baissier,365,0,0,30,,,31.0,28.0,79.0,47.0,0,32.66,False,False,,0,,,,36,63310604,63312081,7366067635.0,7366239431.0,,100.0,,,
REQUSDT,REQ,Speculative,502,0.0589,206518.9789,6.126,47.078656635049036,0.0003931153088461508,0.06603400000000001,0.08095000000000004,1.2693579845255887,0.46740220661985954,0.40320962888666,0.48985095304675896,0.2957518113314373,0.05883888888888887,0.08285833333333331,macd_bullish_cross|downtrend,1,1,mixte,365,0,0,30,,,17.0,37.0,52.0,47.0,17.5,32.52,False,False,,0,,,,42,43895586,58941962,744291192.2591633,999416740.9347086,1000000000.0,74.5,,,
RVNUSDT,RVN,Mid,351,0.00453,173623.730244,4.619,42.97226736788865,4.101684106408687e-05,0.005336799999999999,0.006197950000000001,0.5834919137581361,0.36406250000000007,0.2859375,0.3971265368691394,0.7004395919062082,0.004550833333333334,0.006141666666666667,macd_bullish_cross|double_top_90d|downtrend,1,2,baissier,365,0,0,30,,,31.0,28.0,75.5,47.0,0,32.39,False,False,,0,,,,35,73813946,73826154,16295908160.55053,16298603160.55053,21000000000.0,100.0,,,
FUSDT,F,Speculative,898,0.0041,178024.08584,4.592,40.50780798300953,2.723470971414401e-05,0.005054800000000001,0.005962549999999998,0.7387387091343265,0.3990147783251231,0.3201970443349754,0.5982143228803103,0.7319903799773071,0.004204722222222223,0.005916944444444444,macd_bullish_cross|downtrend,1,1,mixte,234,0,0,30,,,13.4,37.0,60.5,47.0,17.5,32.3,False,False,,0,,,,40,17670644,41215181,4287411353.0,10000000000.0,10000000000.0,42.9,4739389,$5M,0.12
GTCUSDT,GTC,Speculative,,0.082,180311.3636,1.235,46.60324966544821,0.0006846724145843129,0.09534,0.1064100000000001,0.7846425473863224,0.5898876404494382,0.5337078651685393,0.18997034922945868,0.2006926303775945,0.07499999999999997,0.12036111111111111,macd_bullish_cross|downtrend,1,1,mixte,365,0,0,30,,,17.0,37.0,49.0,47.0,17.5,32.29,False,False,,0,,,,41,,,,,,,,,
UMAUSDT,UMA,Speculative,554,0.417,141681.2479,4.25,50.82614835415562,0.0042719390681021825,0.44708000000000025,0.5453,0.5908702017733867,0.3260473588342441,0.2349726775956285,0.24923972896489355,0.6910471979366671,0.38825,0.5033055555555556,macd_bullish_cross|double_top_90d|downtrend,1,2,baissier,365,0,0,30,,,17.0,37.0,83.5,47.0,0,32.29,False,False,,0,,,,42,37700703,53612861,90647475.74306688,128906626.8203435,,70.3,,,
ARPAUSDT,ARPA,Speculative,,0.00877,115765.734666,3.664,41.43000349759286,2.1775650948466924e-05,0.010125599999999995,0.011029949999999997,0.5433844068667567,0.3385118560915781,0.2788225674570728,0.16079800003603476,0.5681564732273383,0.008579166666666665,0.011429166666666666,macd_bullish_cross|double_top_90d,1,1,mixte,365,0,0,30,,,17.0,28.0,83.5,47.0,17.5,32.25,False,False,,0,,,,41,,,,,,,,,
KNCUSDT,KNC,Speculative,803,0.1257,110529.63191,4.837,44.579894577940415,0.00048685473275601136,0.14012,0.17216300000000004,0.5263605028252243,0.29940476190476195,0.2476190476190476,0.2982493677546801,0.33952747082853146,0.1235138888888889,0.15821111111111114,macd_bullish_cross|double_top_90d,1,1,mixte,365,0,0,30,,,17.0,28.0,83.5,47.0,17.5,32.25,False,False,,0,,,,41,21393935,30297109,170152851.23024455,240962655.9416953,252301550.0,70.6,1002791,$1M,2.25
HYPERUSDT,HYPER,Speculative,726,0.0756,562244.29349,5.587,41.3828359999394,0.001070363815586079,0.098358,0.10719699999999993,1.0405601126802377,0.5997490589711417,0.5257214554579673,0.4960809061288387,0.3144627966263312,0.07457499999999999,0.12366388888888886,macd_bullish_cross|downtrend,1,1,mixte,365,0,0,30,,,17.0,28.0,44.5,57.5,17.5,31.59,False,False,,0,,,,35,25541374,60975715,338174017.0,807333335.0000001,1000000000.0,41.9,101971336,$102M,-46.09
STEEMUSDT,STEEM,Speculative,734,0.04581,223937.230746,3.878,41.58510627839236,0.00017932826976542688,0.053038000000000016,0.060250299999999965,0.6046317607503191,0.34472804618656944,0.29975691279246436,0.6650426049235333,0.6186592892299728,0.04669527777777777,0.062319166666666675,macd_bullish_cross|bear_flag|downtrend,1,2,baissier,365,0,0,30,,,17.0,37.0,73.0,47.0,0,31.48,False,False,,0,,,,38,25227981,25227981,550092857.494,550092857.494,,100.0,,,
ICXUSDT,ICX,Speculative,624,0.0293,166550.62059,2.448,34.87910419572552,-0.00017610228011040452,0.035558,0.04385900000000001,0.7025577686485353,0.321256038647343,0.2898550724637681,0.9893852950227049,0.6472720451773195,0.031002777777777775,0.039844444444444446,double_top_90d,0,1,baissier,365,0,0,30,,,17.0,28.0,73.0,47.0,17.5,31.44,False,False,,0,,,,39,32190682,32533275,1097115980.32161,1108792174.218095,,98.9,,,
AIUSDT,AI,Speculative,582,0.0226,317509.57773,3.67,43.9068949233556,-0.00014450282823746388,0.024699999999999996,0.028163999999999977,0.7502507389624218,0.3096774193548387,0.2709677419354839,0.17287299393526895,0.30068666926803966,0.018349999999999998,0.029488888888888884,downtrend,0,1,baissier,365,0,0,30,,,17.0,28.0,73.0,47.0,17.5,31.43,False,False,,0,,,,39,36163702,277185453,1304675313.0,10000000000.0,10000000000.0,13.0,,,
RLCUSDT,RLC,Speculative,709,0.3599,127476.79678,3.212,40.94898686564791,0.000658897960263409,0.4251659999999999,0.5025615,0.6733576864464926,0.3562256809338521,0.2957198443579767,0.4161894405597668,0.6073146886958191,0.36228055555555555,0.48233611111111113,macd_bullish_cross|downtrend,1,1,mixte,365,0,0,30,,,17.0,28.0,73.0,47.0,17.5,31.43,False,False,,0,,,,39,26110275,31383094,72382548.06525737,86999784.9868455,86999784.9868455,83.2,,,
OGNUSDT,OGN,Speculative,,0.01852,63255.83355,5.347,44.23736968601429,0.00010470872433914922,0.0214846,0.025201400000000006,0.6726786410096313,0.33067411248504186,0.2560829676904667,0.15678854679374615,0.672963218056828,0.018493333333333334,0.024668055555555554,macd_bullish_cross|downtrend,1,1,mixte,365,0,0,30,,,17.0,28.0,73.0,47.0,17.5,31.43,False,False,,0,,,,39,,,,,,,,,
HEMIUSDT,HEMI,Speculative,,0.00616,847324.288958,0.326,46.93443336152591,9.298994731095589e-05,0.007163400000000002,0.010463450000000001,1.163605466451612,0.501010101010101,0.37575757575757585,0.35623543131638113,0.3446291621921421,0.005770833333333333,0.008873888888888886,macd_bullish_cross|double_top_90d|downtrend,1,2,baissier,266,0,0,30,,,14.3,37.0,49.0,57.5,0,31.32,False,False,,0,,,,37,,,,,,,31090034,$31M,4.33
SHELLUSDT,SHELL,Speculative,,0.0273,434023.9866,5.814,43.54847307317195,0.00016710937994215622,0.03285000000000002,0.03751149999999998,0.7277040303751934,0.3960880195599022,0.32762836185819066,0.8994485205716118,0.4619664086543031,0.026583333333333337,0.03898055555555555,macd_bullish_cross|double_top_90d|downtrend|doji_4h,1,2,baissier,365,0,0,30,,,17.0,37.0,68.5,47.0,0,31.13,False,False,,0,,,,37,,,,,,,,,
BANANAUSDT,BANANA,Speculative,,3.108,348680.813485,5.535,42.17196815107434,0.013065770011581407,3.677719999999999,4.971829999999998,0.6075667743745059,0.398093220338983,0.3370762711864406,0.6653404093949067,0.6402328804263409,3.069611111111111,4.243444444444445,macd_bullish_cross|double_top_90d|downtrend,1,2,baissier,365,0,0,30,,,17.0,37.0,68.5,47.0,0,31.13,False,False,,0,,,,37,,,,,,,,,
VANAUSDT,VANA,Speculative,577,1.189,423275.25987,7.505,43.485213316797854,0.006574003313412763,1.4103,1.782680000000001,0.6531704880232791,0.3884726224783862,0.31181556195965426,0.47211580120382274,0.620709928713548,1.149611111111111,1.6141388888888892,macd_bullish_cross|downtrend,1,1,mixte,365,0,0,30,,,17.0,28.0,68.5,47.0,17.5,31.08,False,False,,0,,,,39,36672658,142880487,30800000.0,120000000.0,120000000.0,25.7,,,
MAGICUSDT,MAGIC,Speculative,924,0.0495,363823.19635,6.911,42.06084473670094,0.00032480303530554346,0.059652000000000004,0.073994,0.646169899499786,0.388283378746594,0.3215258855585832,0.47025215824446237,0.6899821188841552,0.04975277777777777,0.0696861111111111,macd_bullish_cross|downtrend,1,1,mixte,365,0,0,30,,,17.0,28.0,68.5,47.0,17.5,31.08,False,False,,0,,,,39,16720510,17301121,336018972.3417761,347687042.9717532,347714007.0,96.6,,,
MASKUSDT,MASK,Speculative,548,0.384,325005.0415,3.504,43.7398567638052,0.003486512386970557,0.45254000000000005,0.5111050000000001,0.6379522794047987,0.39361702127659565,0.3173758865248226,0.2419904503815991,0.6301915348560031,0.3769722222222222,0.5323333333333333,macd_bullish_cross|downtrend,1,1,mixte,365,0,0,30,,,17.0,28.0,68.5,47.0,17.5,31.08,False,False,,0,,,,39,38338950,38338950,100000000.0,100000000.0,100000000.0,100.0,,,
ACEUSDT,ACE,Speculative,,0.0887,257597.76441,5.219,37.888481652288995,-0.00015806986122499783,0.113282,0.17304550000000007,0.8429128557728011,0.44275862068965516,0.3848275862068965,0.30542735750259853,0.5452642365454026,0.09485833333333335,0.1399722222222222,downtrend,0,1,baissier,365,0,0,30,,,17.0,28.0,68.5,47.0,17.5,31.08,False,False,,0,,,,39,,,,,,,,,
FLUXUSDT,FLUX,Speculative,772,0.0556,223513.153747,7.961,43.669541439135266,0.00016497184910341332,0.067096,0.07773250000000002,0.9503461247567461,0.4186046511627906,0.34883720930232553,0.4205036127717331,0.46388287124594385,0.04947777777777778,0.07857222222222222,macd_bullish_cross|downtrend,1,1,mixte,365,0,0,30,,,17.0,28.0,68.5,47.0,17.5,31.08,False,False,,0,,,,39,22913948,22927950,411698754.4991484,411950334.4991484,440000000.0,99.9,,,
ONEUSDT,ONE,Speculative,759,0.00158,134747.311514,6.04,41.01875675809768,1.406413224429591e-05,0.0019944,0.0027434999999999985,0.7556791151282941,0.44230769230769235,0.3846153846153846,0.2906908880844228,0.5560351242736854,0.0016186111111111108,0.002444722222222222,macd_bullish_cross|downtrend,1,1,mixte,365,0,0,30,,,17.0,28.0,68.5,47.0,17.5,31.08,False,False,,0,,,,39,23655933,23655936,14870211425.762915,14870212769.762915,,100.0,,,
MAVUSDT,MAV,Speculative,,0.0112,132288.39701,6.161,42.89787177099125,8.527408449455175e-05,0.013612800000000001,0.018725349999999998,0.715273486973539,0.4076470588235294,0.3347058823529412,0.2632587349160725,0.5311233741715501,0.01127638888888889,0.016402222222222228,macd_bullish_cross|downtrend,1,1,mixte,365,0,0,30,,,17.0,28.0,68.5,47.0,17.5,31.08,False,False,,0,,,,39,,,,,,,1097661,$1M,2.35
SCRTUSDT,SCRT,Speculative,800,0.0627,111292.64147,6.452,38.10290385473829,0.000525128407613611,0.084924,0.09909700000000005,0.8140155227618356,0.4978165938864629,0.44628820960698695,0.27080893151897417,0.5790441571575015,0.06501388888888887,0.11159166666666669,macd_bullish_cross|downtrend,1,1,mixte,365,0,0,30,,,17.0,28.0,68.5,47.0,17.5,31.08,False,False,,0,,,,39,21570493,22520685,342984954.283644,358093625.068798,,95.8,,,
LQTYUSDT,LQTY,Speculative,819,0.21,85302.5977,5.528,39.644056976496174,0.0005072842558765389,0.26826,0.32058000000000014,0.8991225963994943,0.44314868804664725,0.38192419825072893,0.3293490742800829,0.616966984385432,0.21891666666666668,0.32366666666666666,macd_bullish_cross|downtrend,1,1,mixte,365,0,0,30,,,17.0,28.0,68.5,47.0,17.5,31.08,False,False,,0,,,,39,20815449,21084197,98725359.21232794,100000000.0,100000000.0,98.7,131386210,$131M,4.82
TREEUSDT,TREE,Speculative,902,0.0479,363561.9801,1.055,38.62296973373149,0.00035259234637259,0.06113000000000001,0.07933600000000002,0.7782122024357885,0.44458930899608873,0.3715775749674055,0.24000438048157732,0.5375692727755074,0.04931111111111111,0.07392777777777779,macd_bullish_cross|double_top_90d,1,1,mixte,322,0,0,30,,,15.8,28.0,68.5,47.0,17.5,30.8,False,False,,0,,,,39,17473294,19594214,101361867.09737062,113665234.778974,200000000.0,89.2,67847732,$68M,0.23
PIXELUSDT,PIXEL,Speculative,,0.0058,675040.64491,6.227,43.43885759174016,4.471691992748129e-05,0.007033599999999998,0.007708000000000001,0.8899545924067043,0.46638655462184875,0.38970588235294124,0.29802278892174894,0.41735549174690184,0.005773055555555556,0.009083333333333334,macd_bullish_cross|double_top_90d|downtrend,1,2,baissier,365,0,0,30,,,17.0,28.0,68.5,57.5,0,30.78,False,False,,0,,,,34,,,,,,,,,
ALCXUSDT,ALCX,Speculative,,3.6,58266.799931,2.273,39.41029696837358,0.04331501336628313,4.5706,5.961299999999999,0.8973469734806437,0.42003514938488584,0.3637961335676626,0.3063642134281142,0.6203258269002656,3.6877777777777774,5.573611111111112,macd_bullish_cross|bear_flag,1,1,mixte,365,0,0,30,,,17.0,28.0,68.5,47.0,15.0,30.71,False,False,,0,,,,38,,,,,,,31113676,$31M,4.69
VICUSDT,VIC,Speculative,,0.0344,422641.104833,2.994,37.403038293995884,-0.0008433816511765804,0.04900200000000002,0.06353049999999998,2.0731977091719447,0.5152394775036285,0.5007256894049347,0.6117245965305349,0.14463942374961877,0.038644444444444453,0.06325277777777777,double_top_90d,0,1,baissier,365,0,0,30,,,17.0,37.0,28.0,47.0,17.5,30.68,False,False,,0,,,,35,,,,,,,,,
PROMUSDT,PROM,Speculative,830,1.115,201755.32561,4.793,46.339669733958374,0.037052386492945566,1.4493200000000002,3.1340250000000007,1.5831887411521375,0.5875776397515527,0.5358178053830228,0.2920120068575288,0.14875190912241676,0.9885833333333337,2.2298055555555556,downtrend,0,1,baissier,365,0,0,30,,,17.0,37.0,28.0,47.0,17.5,30.68,False,False,,0,,,,38,20400509,21518345,18250000.0,19250000.0,19250000.0,94.8,,,
STOUSDT,STO,Speculative,,0.0519,816508.75451,3.386,39.10439598096403,0.0006171427629316235,0.070624,0.08854499999999998,1.3871046536841336,0.8879714349475563,0.8837313099754519,0.21780194240588827,0.06290942136479216,0.055111111111111125,0.20718333333333336,macd_bullish_cross|downtrend,1,1,mixte,365,0,0,30,,,17.0,28.0,32.5,57.5,17.5,30.67,False,False,,0,,,,33,,,,,,,,,
DOLOUSDT,DOLO,Speculative,,0.02535,249071.433304,3.723,44.09815799620377,0.0003064818286885756,0.030295999999999993,0.03716349999999999,0.9258933412845315,0.42485022141182605,0.33628549101328475,0.4617856518790374,0.5027431108225401,0.025454444444444443,0.036577777777777765,macd_bullish_cross|downtrend,1,1,mixte,293,0,0,30,,,15.0,28.0,68.5,47.0,17.5,30.6,False,False,,0,,,,39,,,,,,,119040121,$119M,-6.04
TUSDT,T,Speculative,503,0.00392,153243.023875,3.979,34.07436889278135,3.5667040672530904e-05,0.0051620000000000025,0.007231249999999998,0.6525771397137216,0.4676470588235294,0.41911764705882343,0.5051138769776332,0.7492687375743037,0.0041441666666666675,0.0065547222222222205,macd_bullish_cross|downtrend,1,1,mixte,365,0,0,30,,,17.0,28.0,60.5,47.0,17.5,30.47,False,False,,0,,,,37,43790703,43790703,11155000000.0,11155000000.0,,100.0,340304781,$340M,6.58
YGGUSDT,YGG,Speculative,822,0.02689,305907.852574,7.302,38.974210510772984,0.00013523496465630636,0.03644019999999999,0.04817034999999999,0.9188370606085536,0.5003097253768326,0.43857113359487926,0.4350489125628979,0.6340509757530779,0.02829666666666666,0.044630833333333335,macd_bullish_cross|downtrend,1,1,mixte,365,0,0,30,,,17.0,28.0,59.5,47.0,17.5,30.39,False,False,,0,,,,37,20812134,27012428,770465104.6136553,1000000000.0,1000000000.0,77.0,,,
LAYERUSDT,LAYER,Speculative,996,0.0686,419302.29714,2.388,42.011810546370995,0.00010620011270174017,0.084726,0.113366,1.1280823162803626,0.49193548387096775,0.4459677419354839,0.4575585728632216,0.5599881211619812,0.06990555555555554,0.10105277777777777,macd_bullish_cross|downtrend,1,1,mixte,365,0,0,30,,,17.0,28.0,58.0,47.0,17.5,30.28,False,False,,0,,,,37,14404400,68592381,210000000.0,1000000000.0,1000000000.0,21.0,10599954,$11M,7.47
TURTLEUSDT,TURTLE,Speculative,,0.0378,270878.17128,3.562,42.9871654033562,0.0002456850829595063,0.045564,0.04977800000000001,0.6943706342782362,0.4103448275862069,0.3448275862068966,0.2982537572155773,0.3964945289778695,0.03755277777777779,0.053699999999999984,macd_bullish_cross|downtrend,1,1,mixte,237,0,0,30,,,13.5,28.0,68.5,47.0,17.5,30.22,False,False,,0,,,,39,,,,,,,,,
SXTUSDT,SXT,Speculative,796,0.0083,492519.270942,-0.836,31.975533642269866,4.7603060184600154e-05,0.012138200000000002,0.02013075000000001,0.839571705607437,0.5656509695290859,0.5368421052631579,0.6455141297246266,0.4600083949913605,0.009431944444444444,0.017574999999999993,macd_bullish_cross|downtrend,1,1,mixte,365,0,0,30,,,17.0,28.0,55.0,47.0,17.5,30.04,False,False,,0,,,,36,21675457,41702599,2598813644.2665,5000000000.0,5000000000.0,52.0,,,
THEUSDT,THE,Speculative,,0.0714,296492.52826,5.778,40.625383323832935,0.0005809163769278656,0.08972200000000001,0.1696145000000001,0.832529549299265,0.5913430935709739,0.5416931890515595,0.32225028088092106,0.47046066589531216,0.07378055555555556,0.12908055555555553,macd_bullish_cross|downtrend,1,1,mixte,365,0,0,30,,,17.0,28.0,55.0,47.0,17.5,30.04,False,False,,0,,,,36,,,,,,,1447833,$1M,1.73
MBOXUSDT,MBOX,Speculative,,0.0042,306324.19136,-4.545,21.111113698009603,-0.00047178527802504045,0.010532000000000003,0.0202075,1.6637286463264478,0.7765957446808511,0.7765957446808511,0.625302049917646,0.2899304399195611,0.007944444444444443,0.016313888888888888,uptrend|doji_4h,1,0,haussier,365,0,0,30,,,17.0,19.0,22.0,47.0,50,29.75,False,False,,0,,,,42,,,,,,,,,
C98USDT,C98,Speculative,983,0.0148,643002.84007,2.069,34.51473160343306,6.232740523896656e-07,0.019076,0.023538500000000004,0.82596590441932,0.5407166123778503,0.5179153094462541,0.6812730456287228,0.4981543755671503,0.015950000000000006,0.027136111111111107,macd_bullish_cross|double_top_90d|downtrend|doji_4h,1,2,baissier,365,0,0,30,,,17.0,28.0,55.0,57.5,0,29.74,False,False,,0,,,,32,14847993,14848010,999998884.0,1000000000.0,1000000000.0,100.0,,,
COOKIEUSDT,COOKIE,Speculative,,0.0098,195614.88823,5.376,36.10002047821957,0.00014767733471417709,0.014478000000000008,0.02504399999999999,1.2500048661399303,0.5572139303482587,0.5024875621890547,0.2338021499057648,0.48784959188849275,0.010441666666666665,0.01890833333333333,macd_bullish_cross|downtrend,1,1,mixte,365,0,0,30,,,17.0,28.0,44.5,47.0,17.5,29.24,False,False,,0,,,,35,,,,,,,,,
POWRUSDT,POWR,Speculative,701,0.0509,60194.902,3.455,39.183826896000106,0.00010836824387929541,0.06032800000000003,0.07095850000000001,0.5816620635643017,0.31805157593123207,0.26647564469914037,0.48786481363873857,0.7152830373405897,0.05257777777777778,0.06791944444444444,macd_bullish_cross|double_top_90d|bear_flag,1,2,baissier,365,0,0,30,,,17.0,28.0,75.5,47.0,0,28.96,False,False,,0,,,,35,27107222,51143419,529761884.726046,999506122.99937,1000000000.0,53.0,,,
COTIUSDT,COTI,Speculative,641,0.01059,110511.07374,7.186,44.37309844357569,7.372690158815502e-05,0.012571400000000002,0.015814750000000006,0.808618184196518,0.3776908023483366,0.304631441617743,0.25681729310880413,0.5832619098614618,0.010603055555555553,0.014929166666666664,macd_bullish_cross|double_top_90d|downtrend,1,2,baissier,365,0,0,30,,,17.0,28.0,68.5,47.0,0,28.42,False,False,,0,,,,34,30572507,30572842,2880093056.073414,2880124656.385822,4910000000.0,100.0,,,
AGLDUSDT,AGLD,Speculative,957,0.1789,152853.37617,1.36,34.16042958343206,-0.001004219095003006,0.23028600000000005,0.2540215000000002,0.6989166586297687,0.39640287769784177,0.3514388489208634,0.3625521063065261,0.5508187685875539,0.19590555555555553,0.2727777777777778,downtrend,0,1,baissier,365,0,0,30,,,17.0,19.0,68.5,47.0,17.5,28.37,False,False,,0,,,,36,15710145,16680461,87430001.0,92830001.0,96000000.0,94.2,,,
ANIMEUSDT,ANIME,Speculative,908,0.00312,146330.71944,6.122,34.59098129758756,2.143781203449278e-05,0.004136599999999999,0.005409299999999998,0.6300338763968678,0.45873320537428025,0.3953934740882918,0.437347241015682,0.6488901548058301,0.0033049999999999993,0.005086944444444446,macd_bullish_cross|downtrend,1,1,mixte,365,0,0,30,,,17.0,19.0,68.5,47.0,17.5,28.37,False,False,,0,,,,36,17292236,31221286,5538604656.0,10000000000.0,10000000000.0,55.4,,,
DUSDT,D,Speculative,,0.0053,377338.1823,-2.033,30.91222910894537,-0.00014352488479481458,0.011119199999999997,0.011005350000000004,2.2074277447858894,0.7702573879885606,0.7459485224022878,0.18903084332024353,0.17716172008381736,0.0055469444444444455,0.01563166666666667,downtrend,0,1,baissier,365,0,0,30,,,17.0,27.0,22.0,47.0,17.5,27.2,False,False,,0,,,,31,,,,,,,,,
IQUSDT,IQ,Speculative,793,0.000834,60592.721364,3.99,34.543947021327,-1.6516379143856233e-06,0.00101846,0.0012772550000000006,0.5106463612435099,0.35037720033528924,0.29756915339480305,0.38150950683373575,0.6546396940047703,0.0008853333333333337,0.0011679444444444445,double_top_90d|downtrend,0,2,baissier,365,0,0,30,,,17.0,19.0,83.5,47.0,0,26.87,False,False,,0,,,,34,21896290,21896290,26331959476.929,26331959476.929,60000000000.0,100.0,,,
SIGNUSDT,SIGN,Speculative,823,0.00897,382870.25207,3.222,29.875107780727262,0.0002020727670131229,0.012852599999999997,0.029429850000000007,0.6811006286821647,0.8533827945592651,0.8401342518989577,0.4366915423435338,0.20700398465155706,0.009656388888888888,0.04054694444444445,macd_bullish_cross|downtrend,1,1,mixte,365,0,0,30,,,17.0,19.0,43.0,47.0,17.5,26.41,False,False,,0,,,,38,20697208,89857631,2303333333.0,10000000000.0,10000000000.0,23.0,,,
DIAUSDT,DIA,Speculative,960,0.1294,143699.50975,4.355,33.72681139282086,0.0005653372606383017,0.17083799999999996,0.21803900000000007,0.6751048844250062,0.4375578168362627,0.39639222941720625,0.48628328496584355,0.596776754499836,0.13782500000000003,0.20591944444444443,macd_bullish_cross|bear_flag|downtrend,1,2,baissier,365,0,0,30,,,17.0,19.0,68.5,47.0,0,25.71,False,False,,0,,,,32,15517300,21888980,119676104.0,168817248.0,200000000.0,70.9,,,
COSUSDT,COS,Speculative,,0.000484,147393.7658964,-1.224,18.055827362594144,-3.3399525196838476e-05,0.0010482999999999998,0.0012128049999999995,1.4412486752048381,0.7148859543817527,0.7100840336134454,0.2377202582290027,0.14837519551296482,0.0008071944444444444,0.0016059444444444446,downtrend,0,1,baissier,365,0,0,30,,,17.0,10.0,38.5,47.0,17.5,23.35,False,False,,0,,,,34,,,,,,,,,
HIGHUSDT,HIGH,Speculative,,0.046,261553.000253,-6.122,17.702436811056543,-0.0017132918816822398,0.15578000000000006,0.17543999999999993,1.530657435163253,0.8535031847133758,0.8535031847133758,0.44200933413464355,0.1631173617314061,0.08358333333333332,0.2605555555555556,downtrend,0,1,baissier,365,0,0,30,,,17.0,10.0,22.0,47.0,17.5,22.08,False,False,,0,,,,32,,,,,,,,,
XUSDUSDT,XUSD,Mid,499,1.0007,3558165.7994,0.02,50.83990210169958,-2.8787935315132975e-05,1.0005339999999998,1.0003710000000006,0.005073231964548132,0.00149880095923256,0.0006990213700820301,0.5359552836922842,-0.01073542022289935,0.9995833333333333,1.0032333333333332,support_bounce|doji_4h,1,0,haussier,365,0,0,30,,,31.0,82.0,94.0,68.0,50,62.4,False,True,,0,,,,70,44629124,44629124,44615140.561,44615140.561,,100.0,,,
USD1USDT,USD1,Etabli,25,1.00078,204741921.63521,-0.002,62.843438764602105,0.00013272908116586293,0.9999652,0.9999007999999994,0.005600658827627436,0.0015993602558975759,6.994124935056003e-05,0.9615033557255552,-0.034858410701390424,0.9990488888888884,1.0005074999999994,support_bounce|resistance_test|downtrend,1,2,baissier,365,0,0,30,,,45.0,82.0,94.0,78.5,0,60.58,False,True,,0,,,,58,4425950994,4425950994,4425302297.554289,4425302297.554289,,100.0,,,
USDCUSDT,USDC,Etabli,6,1.00036,1332435751.65701,0.005,47.32132280817097,-4.75815062593055e-05,1.0004102000000001,1.0002657000000006,0.004448091822882299,0.0011992804317409343,0.0007591421693487298,0.6295490230350044,-0.07700671277660477,0.9995483333333333,1.0021163888888889,support_bounce|uptrend,2,0,haussier,365,0,0,30,,,45.0,54.0,94.0,78.5,50,59.76,False,True,,0,,,,61,74815472484,74842369293,74819581157.51529,74846479443.04288,,100.0,,,
USDEUSDT,USDE,Etabli,24,0.9999,3389312.1219,-0.03,50.16182030783532,4.065564821791674e-06,0.9999219999999995,0.9996815000000009,0.005158839437030831,0.0010993403957624214,0.0005996402158704117,0.2660378692587658,0.09911048257059753,0.9992027777777783,1.0004638888888884,macd_bullish_cross|resistance_test,1,1,mixte,280,0,0,30,,,42.7,73.0,94.0,68.0,30.2,59.55,False,True,,0,,,,62,4490478092,4490478092,4492651483.319915,4492651483.319915,,100.0,25097064,$25M,-6.56
RLUSDUSDT,RLUSD,Etabli,51,1.0006,21188203.0754,0.02,48.142931513172435,-5.689672175074485e-05,1.0006039999999996,,0.004748995302327806,0.00129805292061915,0.0008986520219671721,0.5061651003903521,0.04239490763183975,0.9996694444444445,1.001269444444445,support_bounce|resistance_test|uptrend|doji_4h,2,1,haussier,145,0,0,30,,,39.0,54.0,94.0,78.5,30.2,55.28,False,True,,0,,,,56,1643258759,1643258759,1642895321.436209,1642895321.436209,,100.0,,,
UUSDT,U,Etabli,68,1.0005,11363612.1704,-0.02,47.50253608075939,-3.567232417359314e-05,1.00046,,0.004615001612677923,0.001199160587588556,0.0006991610067919945,0.3575295007786705,0.0062682043010230505,0.9996083333333335,1.0010611111111116,resistance_test,0,1,baissier,154,0,0,30,,,39.2,45.0,94.0,78.5,30.2,52.63,False,True,,0,,,,54,1009758488,1009758488,1009958683.01,1009958683.01,,100.0,,,
BFUSDUSDT,BFUSD,Etabli,59,0.9995,390517.9804,0.01,50.29288137222866,-2.4030424825995226e-06,0.99948,0.9994545000000022,0.00462820007161877,0.000900090009000912,0.000400040004000356,0.16211529555034687,0.2017895814113128,0.9991722222222221,0.9997388888888893,macd_bearish_cross|support_bounce|resistance_test|doji_4h,1,2,baissier,307,0,0,30,,,43.4,73.0,94.0,47.0,1.3,50.61,False,True,,0,,,,55,1318984372,1318984372,1320000000.0,1320000000.0,,100.0,,,
FDUSDUSDT,FDUSD,Mid,128,0.9985,25330092.1629,0.02,50.718998132844945,1.7180842875461072e-05,0.9986559999999999,0.9991180000000004,0.006833413619615952,0.0023004600920183724,0.0013002600520103699,0.42057158042368403,0.47379621274668354,0.9979944444444444,0.9998305555555559,macd_bullish_cross|support_bounce|resistance_test,2,1,haussier,365,0,0,30,,,31.0,37.0,100.0,78.5,30.2,48.67,False,True,,0,,,,52,351911231,351911231,352517619.684276,352517619.684276,,100.0,,,
USDPUSDT,USDP,Speculative,628,1.0003,28873.4805,0.01,49.85587238280519,-3.052397752096694e-05,1.000262,1.0001365,0.004822396526852803,0.0011986814504046446,0.0007991209669365037,0.3968997910199444,-0.014802596340299934,0.9994583333333333,1.0008444444444444,support_bounce|resistance_test,1,1,mixte,365,0,0,30,,,17.0,73.0,94.0,47.0,30.2,48.54,False,True,,0,,,,62,31934183,31934183,31954027.03052443,31954027.03052443,,100.0,,,
USDSUSDT,USDS,Etabli,12,1.0005,390176.3387,0.01,51.20612812115456,-3.9238696231895805e-05,1.00032,,0.004305726166710522,0.001198561725928975,0.0006991610067919945,0.28019248457628704,,0.9976851851851855,1.0017333333333336,,0,0,neutre,68,0,0,30,,,36.9,45.0,90.0,47.0,50,47.68,False,True,,0,,,,58,10564538075,10564538075,10567259824.99093,10567259824.99093,,100.0,,,
EURIUSDT,EURI,Mid,426,1.1617,1336938.47048,0.537,53.126581833094896,0.0007861166894912001,1.1651520000000004,1.1686640000000001,0.047136325562108804,0.025749618837879216,0.015839403693037574,0.7459786235784287,0.47088866764498644,1.1506527777777782,1.1766972222222225,macd_bullish_cross|support_bounce|resistance_test|downtrend,2,2,mixte,365,0,0,30,,,31.0,46.0,100.0,68.0,0,44.41,False,True,,0,,,,48,57518618,57518618,49618527.99990108,49618527.99990108,,100.0,,,
EURUSDT,EUR,Speculative,,1.1619,19808184.21465,0.51,52.80852936151186,0.0007660062429577759,1.1653020000000003,1.1688174999999994,0.04795161055150843,0.025249957634299127,0.015505846466700546,0.6343241764119766,0.4572993887095098,1.1510777777777779,1.176711111111111,macd_bullish_cross|support_bounce|resistance_test|downtrend,2,2,mixte,365,0,0,30,,,17.0,46.0,100.0,78.5,0,43.34,False,True,,0,,,,48,,,,,,,,,
FRAXUSDT,FRAX,Mid,160,0.2955,548449.38805,5.611,31.621336657025182,0.00045117353700252494,0.40367800000000004,,0.641388260149853,0.5520221787345074,0.5163078930202218,2.4164660545252166,0.392935231109544,0.32125,0.5030972222222221,macd_bullish_cross|downtrend,1,1,mixte,152,0,0,30,,,25.2,54.0,55.0,57.5,17.5,42.23,False,True,,0,,,,48,240198887,240198887,241847684.0102676,241847684.0102676,,100.0,57441561,$57M,-8.18
KGSTUSDT,KGST,Speculative,,0.01144,48157.68181,0.087,58.196543946487175,6.643338093841645e-06,0.011414200000000001,,0.0281120506034791,0.009606986899563382,0.0008733624454148116,0.38284913442434415,0.14688605324279616,0.011361666666666662,0.011457777777777784,macd_bullish_cross|resistance_test,1,1,mixte,174,0,0,30,,,11.8,45.0,94.0,47.0,30.2,38.83,False,True,,0,,,,54,,,,,,,,,
AEURUSDT,AEUR,Speculative,,1.1467,2843.66041,0.438,50.99540494576227,0.0003775567829486211,1.1535880000000003,1.1585265000000002,0.0520931880284563,0.026911940044285345,0.020780105603815345,0.3245415483771964,0.360078636189785,1.1416638888888888,1.1712638888888884,support_bounce|downtrend,1,1,mixte,365,0,0,30,,,17.0,37.0,100.0,47.0,17.5,36.22,False,True,,0,,,,49,,,,,,,,,
TUSDUSDT,TUSD,Mid,108,0.9992,58047.2432,-0.01,33.5596839443061,-9.871160932369057e-05,0.9996940000000001,0.9990224999999993,0.002321549403138923,0.003394907638542256,0.002296555167249206,0.36881700750387714,-0.09206657583450394,0.9984027777777776,1.0003944444444444,macd_bearish_cross|resistance_test,0,2,baissier,365,0,0,30,,,31.0,27.0,94.0,47.0,1.3,33.72,False,True,,0,,,,38,493415429,493415429,494515083.0,494515083.0,,100.0,,,
