symbol,base,tier,rank_mcap,price,vol_24h_usd,change_24h_pct,rsi_14,macd_hist,ma_50,ma_200,vol_30d_ann,drawdown_90d,dist_to_high_90d,vol_ratio_vs_med90,corr_btc_90d,support_90d,resistance_90d,patterns,bull_signals,bear_signals,bias,age_days,n_red_flags,audit_score,team_score,github_commits_30d,github_contrib_90d,score_solidity,score_momentum,score_risk,score_antiscam,score_signal,score,suspect,stablecoin,categories,catalyst_score,catalyst_flags,trending_rank,vol_spike_ratio,bull_prob_7d,market_cap,fdv,circulating_supply,total_supply,max_supply,circ_ratio_pct,tvl,tvl_fmt,tvl_change_7d
SKYUSDT,SKY,Etabli,48,0.08178,4330887.23904,1.288,53.94316490848889,-0.00043242198491617433,0.07771579999999999,0.06536785,0.4813401090402994,0.14271665642286427,0.08594099240053646,0.778804968895723,0.6129261019336487,0.06557666666666667,0.08355305555555556,uptrend,1,0,haussier,235,0,0,30,,,41.4,82.0,100.0,68.0,59.1,75.46,False,False,,0,,,,73,1898956164,1919441761,23212255520.038612,23462665147.36596,23462665147.3,98.9,,,
VETUSDT,VET,Etabli,91,0.007677,5629510.7708749,1.106,58.56563664713707,6.722438556686215e-05,0.00713408,0.010173424999999993,0.4875794351583731,0.25995475113122174,0.13178733031674209,1.6588081603143696,0.6969924961649923,0.006804222222222222,0.008002388888888889,macd_bullish_cross,1,0,haussier,365,0,0,30,,,45.0,84.0,83.5,78.5,59.5,73.34,False,False,,0,,,,71,660527120,660527120,85985041177.0,85985041177.0,86712634466.0,100.0,,,
RENDERUSDT,RENDER,Etabli,69,2.011,7932085.05545,1.668,63.45772587769281,0.029575910959326317,1.8271399999999998,1.7783250000000004,0.5493727638267216,0.18283764017552423,0.01998050682261205,0.3625043618982965,0.6464952791373691,1.3469722222222227,1.9783611111111112,,0,0,neutre,365,0,0,30,,,45.0,73.0,100.0,78.5,50,73.21,False,False,,0,,,,68,1043437724,1073127404,518743261.0140742,533503434.2940742,644245094.0,97.2,,,
PAXGUSDT,PAXG,Etabli,44,4705.46,16874624.373588,-0.138,53.281797612135065,12.692314654950291,4650.8200000000015,4596.138699999999,0.21057840857934187,0.18851456373184697,0.1344609073936116,0.03823429287576522,0.2679027606702567,4505.915277777777,5221.053055555554,macd_bullish_cross|support_bounce|uptrend,3,0,haussier,365,0,0,30,,,45.0,73.0,89.5,78.5,69.9,71.61,False,False,,0,,,,71,2220436494,2220436494,471942.854,471942.854,,100.0,,,
ASTERUSDT,ASTER,Etabli,50,0.717,21731883.52098,8.145,64.3359795851731,0.005070408397584077,0.6685399999999998,0.7861799999999992,0.37636264901327293,0.14417989417989416,0.05026455026455031,0.9409779427436421,0.3254132926498045,0.6465555555555556,0.731611111111111,doji_4h,0,0,neutre,216,0,0,30,,,40.9,66.0,100.0,78.5,50,69.76,False,False,,0,,,,66,1849515127,5607654291,2579922243.4698935,7822218820.515041,8000000000.0,33.0,,,
SUIUSDT,SUI,Etabli,27,1.0775,78249435.8508,11.186,70.81412474188448,0.013575197894482673,0.9305619999999999,1.3408059999999997,0.5272987767102755,0.21110490031675044,0.0,1.3014835442817703,0.8321421016526563,0.8682361111111109,1.0164166666666667,breakout_30d|macd_bullish_cross|double_bottom_90d|resistance_test,3,1,haussier,365,0,0,30,,,45.0,66.0,92.0,78.5,65.5,69.45,False,False,,5,🔥 Trending #3 sur CoinGecko,3,,73,4312750729,10767291533,4005418369.566699,10000000000.0,10000000000.0,40.1,,,
JSTUSDT,JST,Etabli,87,0.08222,1262824.899869,-2.514,54.80262079841915,-0.0009174746969071775,0.07228580000000001,0.049197600000000036,0.9480466423046932,0.17961042246395148,0.07633587786259542,0.12366332186039988,-0.20322242877270386,0.04268638888888889,0.08367027777777776,uptrend,1,0,haussier,365,0,0,30,,,45.0,73.0,83.5,68.0,59.1,68.45,False,False,,0,,,,67,702171693,702171693,8543764567.312736,8543764567.312736,9900000000.0,100.0,,,
XLMUSDT,XLM,Etabli,22,0.1656,12414053.3538,4.216,52.961267636345404,-2.80079519955523e-05,0.16424599999999998,0.20462999999999995,0.46011733213314104,0.15332581736189405,0.0759352317141262,0.7124322340773434,0.7560107299090066,0.15193055555555554,0.17548888888888892,double_top_90d|uptrend,1,1,mixte,365,0,0,30,,,45.0,66.0,92.0,78.5,41.1,67.91,False,False,,0,,,,62,5541530668,8280971924,33460617654.4405,50001786863.25703,,66.9,,,
XRPUSDT,XRP,Etabli,4,1.4244,113679604.84522,2.8,55.1418211140983,0.0013331601271017596,1.3832300000000002,1.7638619999999992,0.34199606174339475,0.14756966947504863,0.07686325340246263,0.30333807199812285,0.8482495071294897,1.3219638888888887,1.481383333333333,macd_bullish_cross|double_bottom_90d|uptrend,3,0,haussier,365,0,0,30,,,45.0,57.0,92.0,78.5,76.8,66.87,False,False,,0,,,,68,88009462392,142398423755,61796225236.0,99985670046.0,100000000000.0,61.8,,,
MORPHOUSDT,MORPHO,Etabli,60,2.129,2534798.91961,2.602,61.575800354788,0.008698657847311664,1.8038999999999998,1.575345,0.7358462196851872,0.2590725806451613,0.05167037861915372,0.34816191762602733,0.43397350840286975,1.348972222222222,2.0541666666666663,macd_bullish_cross|resistance_test|uptrend,2,1,haussier,219,0,0,30,,,41.0,73.0,77.5,68.0,65.2,66.33,False,False,,0,,,,68,1345763204,2130974258,631524852.5728158,1000000000.0,1000000000.0,63.2,,,
LINKUSDT,LINK,Etabli,19,10.49,56443081.7222,5.96,71.06356880706561,0.11977717486435963,9.163400000000001,11.453700000000003,0.4798375721897831,0.15120967741935484,0.0,0.5164359451496998,0.8703679273429041,8.436111111111114,9.72,macd_bullish_cross|double_bottom_90d,2,0,haussier,365,0,0,30,,,45.0,57.0,92.0,78.5,67.7,66.3,False,False,,0,,,,63,7628958047,10492309664,727099970.4283477,1000000000.0,1000000000.0,72.7,,,
IOTAUSDT,IOTA,Mid,163,0.0629,3297205.4491,8.262,64.61965718473105,0.0008355201336857447,0.05749000000000002,0.08573349999999996,0.5308266984659988,0.25936199722607484,0.12898751733703195,1.0153590851425591,0.6122119028101898,0.054994444444444464,0.06937222222222221,macd_bullish_cross,1,0,haussier,365,0,0,30,,,31.0,75.0,83.5,68.0,59.5,66.14,False,False,,0,,,,68,278113864,306879357,4425238304.0,4882943512.0,,90.6,,,
JASMYUSDT,JASMY,Mid,155,0.00645,2815754.876732,8.403,69.46576761616092,7.092666830507979e-05,0.005560000000000001,0.006734200000000001,0.5510353425423378,0.16532905296950248,0.012251148545176142,1.1644621007173146,0.5197182122741496,0.005251388888888889,0.006111944444444444,macd_bullish_cross|resistance_test|downtrend,1,2,baissier,365,0,0,30,,,31.0,66.0,100.0,68.0,39.1,66.06,False,False,,0,,,,60,319040493,322621595,49444999677.59027,50000000000.0,50000000000.0,98.9,,,
ZILUSDT,ZIL,Mid,347,0.00437,598907.609437,2.582,62.03339275320232,3.262828226019266e-05,0.004000199999999999,0.0050062,0.46550617772706754,0.20779220779220778,0.05411255411255416,0.5171545830926677,0.695348726883934,0.003824444444444445,0.004467222222222223,,0,0,neutre,365,0,0,30,,,31.0,66.0,100.0,57.5,50,65.91,False,False,,0,,,,66,85163417,89228508,19513551525.0,20444988425.99331,21000000000.0,95.4,,,
WALUSDT,WAL,Mid,198,0.0823,1328227.77815,6.057,66.10750530998504,0.0011911644029831397,0.07325,0.12043549999999996,0.7618795895678201,0.24464487034949264,0.07440811724915439,1.7955087631508224,0.6232395767261537,0.06935000000000002,0.08580277777777778,macd_bullish_cross|downtrend,1,1,mixte,212,0,0,30,,,26.8,75.0,89.5,68.0,42.5,65.79,False,False,,0,,,,62,193227120,411194438,2349583333.0,5000000000.0,5000000000.0,47.0,,,
AVAXUSDT,AVAX,Etabli,28,9.99,29161795.5591,4.717,64.38368726477566,0.08085029771503105,9.255999999999998,11.866399999999993,0.45540517638713934,0.18017159199237373,0.04861773117254526,0.35374937218548924,0.8274024910800353,8.673333333333334,9.875277777777777,macd_bullish_cross,1,0,haussier,365,0,0,30,,,45.0,57.0,92.0,78.5,59.5,65.78,False,False,,0,,,,64,4311136006,4627344119,431771961.1772119,463441061.1772119,720000000.0,93.2,,,
QNTUSDT,QNT,Etabli,67,75.35,1328005.92781,3.802,62.445898248884546,0.6384208159376518,72.71340000000001,75.00529999999998,0.417154115410285,0.173976803092921,0.054677702533233,0.49668393114795073,0.3968090192728267,63.298333333333325,76.86138888888887,macd_bullish_cross|double_top_90d|uptrend|shooting_star_4h,2,2,mixte,365,0,0,30,,,45.0,57.0,100.0,68.0,38.1,65.77,False,False,,0,,,,60,1097325566,1102479919,14544176.164081175,14612493.0,14612493.0,99.5,,,
SHIBUSDT,SHIB,Etabli,31,6.44e-06,7515915.37549937,2.548,59.985281448045626,1.8565990642552986e-08,6.065000000000001e-06,7.301350000000002e-06,0.39193082164951804,0.24751066856330006,0.08534850640113789,0.32430673987376196,0.7004381023074128,5.58e-06,6.474444444444446e-06,uptrend|doji_4h,1,0,haussier,365,0,0,30,,,45.0,57.0,92.0,78.5,59.1,65.76,False,False,,0,,,,64,3794093346,3795745528,589243345667907.8,589499938576981.6,,100.0,,,
BNBUSDT,BNB,Etabli,5,650.42,76566858.03617,2.145,61.38216113931028,2.835735348335125,621.2256000000001,777.4291499999998,0.28326029820829246,0.14151623486486892,0.043165467625899324,0.4514483985532479,0.8638299929535865,595.6975,657.3163888888889,rsi_bearish_divergence|macd_bullish_cross|double_bottom_90d|uptrend,3,1,haussier,365,0,0,30,,,45.0,57.0,92.0,78.5,56.0,65.56,False,False,,0,,,,63,87669110285,87669110285,134785713.12,134785713.12,200000000.0,100.0,,,
ICPUSDT,ICP,Etabli,46,3.712,57533026.91377,15.495,81.7339562198289,0.14158469364907877,2.4843999999999995,3.1756800000000003,1.063213772954327,0.20699603317706464,0.0,2.8808736720237516,0.4691527160066744,2.214833333333333,2.8127222222222223,macd_bullish_cross,1,0,haussier,365,0,0,30,,,45.0,66.0,79.0,78.5,59.5,65.53,False,False,,0,🔥 Trending #8 sur CoinGecko,8,,58,2049307725,2049307744,552054928.5805037,552054933.5945692,,100.0,,,
POLYXUSDT,POLYX,Mid,410,0.0543,732638.22966,6.055,64.1594447079909,0.0005399090161043799,0.048861999999999996,0.055583,0.5308585111948129,0.18215613382899634,0.012727272727272714,0.6601522539534567,0.3938148136619254,0.04069166666666667,0.05311666666666666,macd_bullish_cross|downtrend,1,1,mixte,365,0,0,30,,,31.0,66.0,100.0,57.5,42.5,65.43,False,False,,0,,,,64,69294272,69294272,1274053989.857054,1274053989.857054,,100.0,,,
DOGEUSDT,DOGE,Etabli,10,0.11048,91808243.87042,3.63,64.02995265482542,0.0004043026742488478,0.0973414,0.12272699999999999,0.433876679606627,0.19713616714697413,0.03814002089864155,0.3534646561249131,0.7259092969403683,0.08982861111111112,0.10772500000000002,,0,0,neutre,365,0,0,30,,,45.0,57.0,92.0,78.5,50,65.18,False,False,,0,,,,62,17021492778,18756299975,154163836383.7052,169876003126.5791,,90.8,,,
FILUSDT,FIL,Etabli,74,1.264,61675406.57148,15.751,78.87492354714419,0.036602643619883614,0.9215799999999998,1.255795,0.9000870237280085,0.24576271186440676,0.017871017871017802,1.3358083340732643,0.6171457425818296,0.8405000000000001,1.0466944444444444,macd_bullish_cross,1,0,haussier,365,0,0,30,,,45.0,57.0,89.5,78.5,59.5,65.1,False,False,,0,,,,53,986453148,2477296072,779604012.0,1957832422.0,,39.8,,,
TRXUSDT,TRX,Etabli,8,0.3507,43154811.797,-0.114,80.50365849480384,0.0019405907057928086,0.3241819999999999,0.2978250000000002,0.15226787039871972,0.034755677907777005,0.0,0.344451487444782,0.1655737751821656,0.2804416666666667,0.33508611111111114,,0,0,neutre,365,0,0,30,,,45.0,55.0,94.0,78.5,50,64.99,False,False,,0,,,,51,33244122826,33244498206,94793894133.25879,94794964510.9558,,100.0,,,
ONDOUSDT,ONDO,Etabli,45,0.4339,91834723.57571,16.327,84.09150163734787,0.01801160226928966,0.27404000000000006,0.3781185000000002,1.0495230470481194,0.17629076086956522,0.038963914102280284,4.3948068748919615,0.561506624239218,0.24643055555555554,0.3094222222222222,,0,0,neutre,365,0,0,30,,,45.0,66.0,79.0,78.5,50,64.93,False,False,,9,🔥 Trending #1 sur CoinGecko|⚡ Volume ×4.4 vs médiane,1,4.39,65,2106536141,4326130826,4869330647.0,10000000000.0,10000000000.0,48.7,,,
SANDUSDT,SAND,Mid,184,0.0821,4820688.7564,5.935,59.211863747493034,0.0008467645440502071,0.07734200000000001,0.11647699999999997,0.6350552609547819,0.22065217391304345,0.10978260869565215,1.4084738181364764,0.7633261139856786,0.07363888888888889,0.08796944444444445,macd_bullish_cross|double_bottom_90d,2,0,haussier,365,0,0,30,,,31.0,75.0,77.0,68.0,67.7,64.89,False,False,,0,,,,69,218906953,246212842,2667289212.2233224,3000000000.0,3000000000.0,88.9,,,
LAYERUSDT,LAYER,Speculative,,0.092,4742450.717124,3.837,63.082127806797914,0.0006266535324193096,0.08324799999999997,0.1424109999999999,0.5625334265946924,0.236734693877551,0.06632653061224496,0.9698050966193035,0.6166970692387135,0.07830277777777778,0.0938416666666667,macd_bullish_cross|uptrend,2,0,haussier,365,0,0,30,,,17.0,66.0,100.0,68.0,68.7,64.85,False,False,,0,,,,70,,,,,,,,,
BTTCUSDT,BTTC,Speculative,,3.4e-07,926742.50295772,3.03,54.488501249372916,5.549653533315202e-10,3.2200000000000016e-07,3.7779999999999996e-07,0.4241552008326912,0.1388888888888889,0.08333333333333327,1.1532400635612847,0.3518789674033616,3.1472222222222244e-07,3.544444444444444e-07,rsi_bearish_divergence|doji_4h,0,1,baissier,365,0,0,30,,,17.0,75.0,100.0,57.5,29.2,64.82,False,False,,0,,,,63,,,,,,,,,
PENGUUSDT,PENGU,Etabli,89,0.010685,24966424.366738,3.748,67.17948140411706,2.759869885327103e-05,0.007872960000000002,0.009916469999999998,0.9910042362327217,0.22163852407754847,0.03259688518652655,0.720708495897796,0.6568263129723961,0.006275055555555557,0.00978961111111111,double_bottom_90d|resistance_test,1,1,mixte,365,0,0,30,,,45.0,57.0,89.5,78.5,54.7,64.8,False,False,,6,🔥 Trending #2 sur CoinGecko,2,,69,671499393,850537392,62860396090.0,79620499822.7218,88888888888.0,79.0,,,
STORJUSDT,STORJ,Speculative,,0.1186,3010403.0982,3.041,71.5945799827216,0.002435788420015173,0.09911800000000003,0.12258799999999996,0.6123058801264275,0.21181818181818182,0.022222222222222174,1.8052520671177155,0.5437705973880566,0.0902972222222222,0.10892222222222221,macd_bullish_cross,1,0,haussier,365,0,0,30,,,17.0,75.0,89.5,68.0,59.5,64.71,False,False,,0,,,,66,,,,,,,,,
1INCHUSDT,1INCH,Mid,241,0.1006,1242228.91787,4.249,62.88498316670915,0.0005284440927502657,0.09357399999999999,0.1318175,0.36509855124736007,0.17495219885277244,0.03728489483747611,0.8657328173838174,0.8952279155799278,0.08844166666666663,0.09981388888888888,macd_bullish_cross|double_bottom_90d|downtrend,2,1,haussier,365,0,0,30,,,31.0,66.0,92.0,68.0,50.7,64.61,False,False,,0,,,,65,141545370,151054345,1405573965.7275033,1499999999.997,1500000000.0,93.7,,,
HBARUSDT,HBAR,Etabli,29,0.09337,9632605.10495,3.434,60.286693306817156,0.0004906716402010398,0.08949239999999997,0.11491605000000005,0.3674535737574345,0.18134565405717581,0.1015497160458176,0.4295387055870432,0.760319107368134,0.08684249999999999,0.10111694444444445,macd_bullish_cross,1,0,haussier,365,0,0,30,,,45.0,57.0,87.5,78.5,59.5,64.56,False,False,,0,,,,63,4049341186,4668028452,43373141655.27791,50000000000.0,50000000000.0,86.7,,,
ASTRUSDT,ASTR,Mid,360,0.00952,1382944.0199134,7.68,73.16850248739588,0.0001221959745670935,0.007970640000000001,0.010220374999999997,0.5678305472201604,0.1677844452288504,0.004918375889493529,0.6566920412544169,0.5646837675986283,0.007162833333333334,0.008620611111111112,double_bottom_90d|uptrend,2,0,haussier,365,0,0,30,,,31.0,57.0,100.0,68.0,67.3,64.55,False,False,,0,,,,64,82802743,82810099,8687119801.0,8687891559.0,,100.0,,,
CVCUSDT,CVC,Speculative,,0.03248,182052.96815,3.242,60.98533523187293,0.00014281987244766013,0.0306924,0.03991985000000001,0.4324870987249412,0.18702611625947774,0.08789665824206686,0.5237305413113723,0.6647888299691297,0.029318611111111108,0.03436722222222222,macd_bullish_cross|double_bottom_90d|uptrend|morning_star_4h,4,0,haussier,365,0,0,30,,,17.0,66.0,100.0,47.0,89.3,64.48,False,False,,0,,,,75,,,,,,,,,
TONUSDT,TON,Etabli,20,2.542,129263871.69978,-7.496,81.54023186974824,0.1413285612949113,1.4280599999999999,1.5632000000000013,1.3462813545246752,0.1987991994663109,0.06300663227708173,2.526050548902114,0.26024345576174185,1.2278888888888888,1.7093333333333334,double_bottom_90d|uptrend,2,0,haussier,365,0,0,30,,,45.0,66.0,73.0,78.5,67.3,64.39,False,False,,0,,,,59,6795335375,13116001985,2681935604.676159,5176532249.012464,,51.8,,,
BTCUSDT,BTC,Etabli,1,80389.37,1039236724.8994975,0.815,63.14292574107053,32.42494238419886,73650.25679999997,82879.90275,0.33277961685053553,0.11849875281549622,0.012985620957724531,0.14322349722002828,0.9999999999999999,65843.81472222222,78759.52222222224,resistance_test|uptrend|bullish_engulfing_4h,2,1,haussier,365,0,0,30,,,45.0,57.0,86.0,78.5,63.2,64.38,False,False,,0,🔥 Trending #10 sur CoinGecko,10,,64,1609880771993,1609880771993,20026753.0,20026753.0,21000000.0,100.0,,,
FETUSDT,FET,Mid,105,0.2376,17410720.70334,6.309,62.59296192448511,0.004213200272649798,0.2241660000000001,0.226047,0.6569181591136969,0.24711316397228633,0.0858352578906851,0.5788248843257282,0.6468025807220524,0.15113333333333331,0.24593611111111105,macd_bullish_cross|downtrend|doji_4h,1,1,mixte,365,0,0,30,,,31.0,66.0,89.5,78.5,42.5,64.26,False,False,,0,,,,62,536709639,644946935,2258846843.168063,2714384546.672,2714384546.672,83.2,,,
EURIUSDT,EURI,Mid,454,1.1777,1429238.41991,0.29,59.109937292069965,0.0002189233523381272,1.1664059999999998,1.1676784999999996,0.05479100645499297,0.04216007390610567,0.010917947425884035,0.0945985559194086,0.3847351052362893,1.1486361111111114,1.1839777777777778,macd_bullish_cross|support_bounce|resistance_test|doji_4h,2,1,haussier,365,0,0,30,,,31.0,57.0,100.0,68.0,57.3,63.91,False,False,,0,,,,65,60017546,60017546,50968733.99990108,50968733.99990108,,100.0,,,
VANAUSDT,VANA,Speculative,505,1.649,4924322.50771,-1.904,69.67546918189291,0.015500095749936035,1.37852,2.0490199999999987,0.5936075760190596,0.3070636310566258,0.03561004086398142,1.820047174251014,0.5037368613651988,1.2552222222222218,1.6915555555555553,,0,0,neutre,365,0,0,30,,,17.0,75.0,88.0,68.0,50,63.7,False,False,,0,,,,64,50937679,198458490,30800000.0,120000000.0,120000000.0,25.7,,,
LUNCUSDT,LUNC,Mid,107,9.198e-05,15984101.61794877,-1.951,63.039057516492925,1.378658099639602e-06,5.2466399999999976e-05,4.245625000000002e-05,1.7652511313070283,0.22218355806872556,0.19930404523705955,0.978864340284602,0.3042708127576644,3.460833333333334e-05,7.551222222222221e-05,,0,0,neutre,365,0,0,30,,,31.0,82.0,64.0,78.5,50,63.63,False,False,,0,,,,65,508982294,593684963,5538326071466.724,6459990742775.109,,85.7,,,
SOLUSDT,SOL,Etabli,7,93.8,281023577.02563,6.53,68.81658733831229,0.952257760770297,85.1902,114.37415000000003,0.4485261273713224,0.17941787941787946,0.02484407484407485,0.38084212226230874,0.8775432087983711,79.88944444444445,91.58083333333335,macd_bullish_cross|double_bottom_90d|uptrend,3,0,haussier,365,0,0,30,,,45.0,48.0,92.0,78.5,76.8,63.58,False,False,,1,🔥 Trending #7 sur CoinGecko,7,,64,54210300623,58764572154,577450891.5000467,625963224.4957541,,92.2,,,
ETHUSDT,ETH,Etabli,2,2318.51,877580428.121594,1.624,52.696617192947194,-6.441471479941633,2229.0526,2670.8561000000004,0.4569678999227742,0.15653833240542792,0.04153782554774701,0.2686815426874567,0.9243164283804522,1928.5700000000002,2362.759722222222,,0,0,neutre,365,0,0,30,,,45.0,57.0,86.0,78.5,50,63.55,False,False,,0,🔥 Trending #11 sur CoinGecko,11,,61,279792016883,279792016883,120686647.9675223,120686647.9675223,,100.0,,,
AVNTUSDT,AVNT,Mid,487,0.1671,2873390.68941,6.365,61.92739364226511,0.0014890110598964768,0.14192200000000008,0.2821000000000001,1.2285020063130798,0.4129919393077288,0.2081555239449976,1.5406517240723627,0.5105274363267284,0.13068333333333332,0.1942305555555555,macd_bullish_cross|uptrend,2,0,haussier,237,0,0,30,,,27.5,84.0,62.5,68.0,68.7,63.52,False,False,,0,,,,70,53520168,167118669,320252476.8356658,1000000000.0,1000000000.0,32.0,,,
NEXOUSDT,NEXO,Etabli,80,0.904,787010.61385,2.032,51.32697916313454,-0.0007987163664928752,0.8919800000000006,0.9312199999999998,0.3134457379414483,0.08695652173913052,0.026939655172413816,0.2249783846742442,0.78409737420675,0.829277777777778,0.9229444444444445,,0,0,neutre,365,0,0,30,,,45.0,57.0,92.0,57.5,50,63.5,False,False,,0,,,,62,904323426,904323426,1000000000.0,1000000000.0,1000000000.0,100.0,,,
ACMUSDT,ACM,Speculative,,0.455,654024.1838,1.79,64.12285210450091,0.002126134264354114,0.42064000000000007,0.49530000000000024,0.40362571557420024,0.16101694915254228,0.0381355932203389,0.5658012023103364,0.5045839648535031,0.4044166666666667,0.46727777777777785,macd_bullish_cross,1,0,haussier,365,0,0,30,,,17.0,66.0,100.0,57.5,59.5,63.44,False,False,,0,,,,68,,,,,,,,,
BONKUSDT,BONK,Etabli,93,7.25e-06,13199038.32614534,5.839,73.73636303078406,9.906019004598189e-08,6.1010000000000005e-06,8.261000000000001e-06,0.6224793390748906,0.22670375521557715,0.0,0.6159202254599316,0.7369706103583966,5.6641666666666665e-06,6.7269444444444464e-06,macd_bullish_cross,1,0,haussier,365,0,0,30,,,45.0,57.0,81.5,78.5,59.5,62.92,False,False,,0,,,,59,637087530,637087530,87994735496868.69,87994735496868.83,87995282867000.55,100.0,,,
ALGOUSDT,ALGO,Etabli,65,0.131,6285105.2871,2.584,68.01179786311181,0.0019132003592871594,0.10695200000000002,0.11998250000000006,0.7179144388115187,0.18555667001003012,0.019461077844311312,0.45600120437450703,0.49727217433223986,0.08356944444444443,0.12029444444444445,macd_bullish_cross|double_bottom_90d|uptrend,3,0,haussier,365,0,0,30,,,45.0,48.0,89.5,78.5,76.8,62.9,False,False,,0,,,,62,1164883752,1164933581,8908508269.704718,8908889333.21653,10000000000.0,100.0,,,
LTCUSDT,LTC,Etabli,23,58.68,22286606.5335,3.895,67.29628579308148,0.2830788496126786,55.09540000000001,69.4801,0.2692816121605976,0.10919931856899495,0.0005110732538330687,0.34706167854239467,0.8148548573312713,52.40861111111112,57.230833333333344,macd_bullish_cross|resistance_test|uptrend,2,1,haussier,365,0,0,30,,,45.0,48.0,92.0,78.5,65.2,62.85,False,False,,0,,,,60,4525279379,4525659577,77142551.98347135,77149033.23347135,84000000.0,100.0,,,
NOTUSDT,NOT,Mid,421,0.000668,27270609.491078,-6.704,78.70590019740695,3.068057887211833e-05,0.00040546000000000007,0.0005109600000000003,1.3233359193486192,0.21527777777777773,0.03896103896103897,14.295324184817858,0.43967841542634356,0.00034836111111111114,0.000488888888888889,double_bottom_90d|resistance_test|uptrend,2,1,haussier,365,0,0,30,,,31.0,66.0,79.0,78.5,63.9,62.74,False,False,,3,⚡ Volume ×14.3 vs médiane,,14.3,63,65876685,67879768,99429447866.9074,102452755868.5205,102456956842.91,97.0,,,
TAOUSDT,TAO,Etabli,35,313.4,38018101.1059,3.228,65.54225750527314,6.7783593753583435,283.04799999999994,269.50849999999997,0.9371585981923037,0.3103746397694524,0.09711815561959651,0.2150704448168789,0.46566955742364763,169.72222222222223,322.89722222222224,downtrend,0,1,baissier,365,0,0,30,,,45.0,64.0,77.5,78.5,33.0,62.72,False,False,,0,,,,55,3002908480,6570579548,9597491.0,21000000.0,21000000.0,45.7,,,
PYTHUSDT,PYTH,Mid,138,0.0622,6636895.64343,16.262,76.08431878413464,0.0011757924801077172,0.045144000000000004,0.061692,0.8620021630231022,0.3619210977701544,0.0,1.9746451049766196,0.5466813617216898,0.039675,0.05463055555555554,breakout_30d|macd_bullish_cross|uptrend|doji_4h,3,0,haussier,365,0,0,30,,,31.0,66.0,77.5,78.5,69.9,62.71,False,False,,0,,,,56,350997248,610431897,5749982095.89809,10000000000.0,10000000000.0,57.5,,,
ATOMUSDT,ATOM,Etabli,71,1.976,3021274.56339,5.443,62.19555419476007,-0.0006461036243726667,1.8122000000000003,2.1797550000000006,0.373168936443502,0.30195080576759975,0.16157760814249364,0.3496198033686647,0.5570882735026085,1.70175,2.1619166666666665,uptrend,1,0,haussier,365,0,0,30,,,45.0,57.0,83.5,68.0,59.1,62.6,False,False,,0,,,,63,1003391756,1003391756,507631630.791744,507631630.791744,,100.0,,,
YFIUSDT,YFI,Mid,315,2763.0,517465.02821,1.993,56.228390351765846,1.6570285242412233,2618.7,3298.15,0.43482177357634166,0.22697795071335927,0.10408560311284047,0.26408637930022716,0.6824929102705579,2459.1944444444443,2911.6111111111113,macd_bullish_cross|uptrend,2,0,haussier,365,0,0,30,,,31.0,57.0,95.5,57.5,68.7,62.56,False,False,,0,,,,67,98619055,101242343,35715.948082478506,36666.0,36666.0,97.4,,,
CKBUSDT,CKB,Mid,361,0.001693,507674.931423,6.612,66.82767926808751,1.7671062136722397e-05,0.00148808,0.0021445649999999998,0.5981613064308596,0.2401821286283438,0.03585657370517935,0.5557634994976457,0.6404969319062548,0.0014065,0.0016701666666666668,macd_bullish_cross|double_top_90d|bullish_engulfing_4h,2,1,haussier,365,0,0,30,,,31.0,57.0,100.0,57.5,49.0,62.55,False,False,,0,,,,60,82514397,83865400,48731301065.03688,49529175683.61825,,98.4,,,
CVXUSDT,CVX,Mid,221,1.769,824632.070669,2.491,49.94192620009268,0.004705007454633385,1.7612199999999998,1.8971999999999987,0.5480559379826178,0.2914681680381118,0.23300129926375063,0.6444399101285966,0.6233635994817835,1.680305555555556,2.112972222222222,macd_bullish_cross|double_bottom_90d,2,0,haussier,365,0,0,30,,,31.0,66.0,83.5,57.5,67.7,62.53,False,False,,0,,,,67,159831211,176822364,90360893.86537892,99966876.02138366,100000000.0,90.4,,,
ADAUSDT,ADA,Etabli,14,0.2759,28939865.08712,5.065,67.24214757201274,0.0031621623366010878,0.2516280000000001,0.3535719999999996,0.4824922509310413,0.20531807472231564,0.07169303264893971,0.24483631264627936,0.7781997862337353,0.2424333333333334,0.2853055555555556,uptrend,1,0,haussier,365,0,0,30,,,45.0,48.0,92.0,78.5,59.1,62.47,False,False,,0,,,,58,10199490070,12411037882,36981359457.95703,45000000000.0,45000000000.0,82.2,,,
PLUMEUSDT,PLUME,Mid,349,0.01534,8972007.19047,20.125,70.80974311344788,0.00026119239518811963,0.011334200000000003,0.019930449999999995,1.0069105139879713,0.3177083333333334,0.0,2.4157412263098976,0.3692665659136326,0.009330277777777778,0.013436388888888888,macd_bullish_cross|uptrend,2,0,haussier,265,0,0,30,,,28.3,75.0,67.0,78.5,68.7,62.47,False,False,,0,,,,69,84738975,152805039,5545561594.0,10000000000.0,10000000000.0,55.5,,,
MANAUSDT,MANA,Mid,200,0.0986,1050957.3215,6.826,62.4749618323996,0.0006078963469485594,0.089282,0.13067700000000004,0.5441018171856102,0.25994449583718776,0.08880666049953743,0.5739544349347709,0.7231753236449976,0.08456944444444445,0.10099999999999999,macd_bullish_cross|uptrend,2,0,haussier,365,0,0,30,,,31.0,66.0,80.0,68.0,68.7,62.47,False,False,,0,,,,67,190575967,215987389,1935146648.0307715,2193179327.320146,,88.2,,,
CAKEUSDT,CAKE,Mid,108,1.558,3548346.29009,1.764,57.300539519505726,0.004857611086965448,1.4750599999999994,1.8059749999999992,0.4646977626760676,0.1224489795918367,0.04419889502762435,0.46801461311376585,0.7658296418518955,1.2754166666666669,1.5594166666666667,macd_bullish_cross|uptrend,2,0,haussier,365,0,0,30,,,31.0,57.0,92.0,68.0,68.7,62.45,False,False,,0,,,,66,508777855,528168946,326793661.0310116,339248773.4500047,400000000.0,96.3,,,
JTOUSDT,JTO,Mid,168,0.5501,14731261.28827,-1.803,75.90832291009212,0.021444151953619733,0.334712,0.42247849999999987,1.4208967969739548,0.23935212957408514,0.0732242281086553,2.534750206948869,0.31218329378246235,0.25695277777777775,0.4044305555555555,uptrend,1,0,haussier,365,0,0,30,,,31.0,66.0,79.0,78.5,59.1,62.44,False,False,,0,,,,58,258247441,551569058,468205090.8,1000000000.0,,46.8,,,
ANKRUSDT,ANKR,Mid,498,0.00519,1005156.206177,2.367,57.09042061569903,3.11814234211124e-05,0.005093800000000002,0.006305599999999998,0.46360107312065724,0.1485507246376811,0.0597826086956521,0.4982457314766943,0.25932077865875997,0.004251666666666665,0.005434166666666667,macd_bullish_cross,1,0,haussier,365,0,0,30,,,31.0,57.0,94.0,68.0,59.5,62.42,False,False,,0,,,,64,51887274,51887274,10000000000.0,10000000000.0,10000000000.0,100.0,,,
ENAUSDT,ENA,Etabli,64,0.1328,30540060.010114,9.211,72.21812688329618,0.0026498714520586534,0.10108,0.187262,0.997628202511412,0.37976653696498064,0.0,0.526653180931965,0.6597741687034285,0.0882111111111111,0.12236388888888888,macd_bullish_cross|uptrend,2,0,haussier,365,0,0,30,,,45.0,57.0,77.5,78.5,68.7,62.41,False,False,,0,,,,61,1194567021,1985086273,9026562500.0,15000000000.0,15000000000.0,60.2,,,
ARBUSDT,ARB,Etabli,77,0.1491,22996524.20138,15.402,74.13347527144994,0.0014115414101682142,0.112766,0.1675020000000001,0.8097224773317144,0.2663900414937759,0.0,0.9970846370582191,0.6020438885249659,0.09211111111111109,0.12985277777777773,macd_bullish_cross|uptrend,2,0,haussier,365,0,0,30,,,45.0,57.0,77.5,78.5,68.7,62.41,False,False,,0,,,,61,915941899,1489162459,6150718438.0,10000000000.0,10000000000.0,61.5,,,
SUSDT,S,Mid,193,0.05291,5262777.512181,7.431,68.69091459240695,0.000880556515240214,0.043744,0.07378365000000003,0.7871132845448527,0.23527077960722081,0.020740740740740667,0.5442392932116406,0.5653972133121676,0.039428333333333315,0.04912222222222223,macd_bullish_cross|resistance_test|uptrend,2,1,haussier,365,0,0,30,,,31.0,57.0,89.5,78.5,65.2,62.39,False,False,,0,,,,62,200086882,205411666,3784775845.0,3885497663.0,,97.4,,,
VTHOUSDT,VTHO,Mid,451,0.000606,307227.836269,2.886,63.0439617915324,3.4353720284166398e-06,0.0005691400000000001,0.00076633,0.34655747389932573,0.17398119122257052,0.05172413793103455,0.3614532018241356,0.6149691215470053,0.0005441666666666666,0.000634638888888889,macd_bullish_cross,1,0,haussier,365,0,0,30,,,31.0,57.0,100.0,47.0,59.5,62.37,False,False,,0,,,,65,60487385,60493715,99875977221.0,99886428948.0,,100.0,,,
DASHUSDT,DASH,Etabli,92,50.18,28147048.81054,0.743,71.4400292357468,1.470531102106099,36.8492,46.8921,1.3220989410804387,0.27508650519031136,0.03874928064454255,1.0155443659954513,0.6041080775874448,31.0175,43.585555555555544,uptrend|doji_4h,1,0,haussier,365,0,0,30,,,45.0,66.0,67.0,78.5,59.1,62.24,False,False,,0,,,,60,635074310,635131233,12690491.57905648,12691629.05929492,18920000.0,100.0,,,
ASRUSDT,ASR,Speculative,,1.321,687238.9515,0.38,59.17307957057714,0.006060687625609155,1.2658199999999997,1.4040200000000007,0.4140890261104676,0.19387075283144567,0.12058627581612248,0.7800492748307674,0.3421531320332504,1.2233611111111111,1.432611111111111,macd_bullish_cross,1,0,haussier,365,0,0,30,,,17.0,66.0,95.5,57.5,59.5,62.21,False,False,,0,,,,67,,,,,,,,,
GALAUSDT,GALA,Mid,191,0.00424,72999645.34174,11.579,76.07486790516788,0.00010172883690534688,0.0031880000000000003,0.00563355,0.865576974251306,0.359447004608295,0.02304147465437794,10.13646711148201,0.5773448216760771,0.0029211111111111113,0.004028611111111111,macd_bullish_cross,1,0,haussier,365,0,0,30,,,31.0,66.0,77.5,78.5,59.5,62.06,False,False,,3,⚡ Volume ×10.1 vs médiane,,10.14,62,201435390,201435394,47638129717.02107,47638130528.72451,50000000000.0,100.0,,,
WCTUSDT,WCT,Speculative,,0.0709,1436634.72313,2.903,64.03018683767505,0.0008148893989200663,0.060413999999999995,0.08091600000000007,0.9212394311422324,0.22172619047619044,0.013908205841446464,0.5260703937309603,0.43794015578892825,0.055236111111111125,0.06696666666666667,macd_bullish_cross|double_bottom_90d,2,0,haussier,365,0,0,30,,,17.0,66.0,89.5,68.0,67.7,61.94,False,False,,0,,,,68,,,,,,,,,
HOTUSDT,HOT,Mid,367,0.000451,680812.079134,4.157,60.7128794694893,1.1334495591149152e-06,0.0004219599999999998,0.00047810000000000024,0.4928012003751946,0.21383647798742136,0.052410901467505266,0.28767652363382296,0.4429048859557234,0.00037727777777777776,0.0004592500000000001,rsi_bearish_divergence|macd_bullish_cross,1,1,mixte,365,0,0,30,,,31.0,57.0,100.0,57.5,38.7,61.9,False,False,,0,,,,60,80096236,80096236,177619433541.1413,177619433541.1413,,100.0,,,
CRVUSDT,CRV,Mid,130,0.2518,4602366.15981,3.707,60.85562294390313,0.0021812571364065924,0.22520199999999999,0.32665750000000005,0.5580693812097728,0.220007521624671,0.053027453930048894,0.2954682522977643,0.7144660623296379,0.21244166666666667,0.2561722222222222,uptrend,1,0,haussier,365,0,0,30,,,31.0,57.0,92.0,68.0,59.1,61.85,False,False,,0,,,,64,380581067,599106324,1511267644.0,2379020085.91341,3030303031.0,63.5,,,
ENSUSDT,ENS,Mid,162,7.01,2833850.8638,8.514,70.42522975365456,0.0881382876312013,5.986000000000001,8.773499999999995,0.5939761688010144,0.19883889695210452,0.0,0.9091537420405235,0.781885072035554,5.604722222222221,6.723888888888889,uptrend,1,0,haussier,365,0,0,30,,,31.0,57.0,92.0,68.0,59.1,61.85,False,False,,0,,,,61,280397408,701543400,39968647.500078425,100000000.0,100000000.0,40.0,,,
LPTUSDT,LPT,Mid,274,2.355,1717631.10394,3.699,67.28982178755896,0.025198611496920185,2.130499999999999,3.051614999999997,0.5678381373158424,0.20382165605095542,0.06369426751592362,0.8873377075840898,0.7099729846527915,2.041166666666667,2.4593333333333334,uptrend,1,0,haussier,365,0,0,30,,,31.0,57.0,92.0,68.0,59.1,61.85,False,False,,0,,,,61,116912079,116912079,49688954.55,49688954.55,,100.0,,,
MINAUSDT,MINA,Mid,342,0.067,1064056.54783,3.876,67.87057613549561,0.0005591570531785616,0.058684000000000014,0.08067199999999998,0.4439908321975215,0.2384393063583815,0.03323699421965313,0.4984680762644045,0.6082936661490544,0.054213888888888895,0.06602222222222225,macd_bullish_cross|double_bottom_90d|uptrend,3,0,haussier,365,0,0,30,,,31.0,48.0,100.0,68.0,76.8,61.85,False,False,,0,,,,64,86115811,86115811,1285540635.840039,1285540635.840039,,100.0,,,
SOPHUSDT,SOPH,Speculative,736,0.00916,408329.80884,2.806,59.65879379833647,3.0293042835199122e-05,0.0086964,0.012930749999999998,0.48817156171110065,0.2158760890609875,0.11035818005808329,0.568860136273739,0.5329078986507748,0.00825,0.009913611111111111,macd_bullish_cross|uptrend,2,0,haussier,347,0,0,30,,,16.5,66.0,95.5,47.0,68.7,61.84,False,False,,0,,,,70,29671433,91938676,3227306968.0,10000000000.0,10000000000.0,32.3,,,
CHZUSDT,CHZ,Mid,112,0.04705,7470424.4203,1.488,59.72061481060924,-2.3190238459566952e-05,0.04125740000000001,0.03871775000000001,1.0170260106687237,0.25378346915017463,0.06858846918489056,0.4566945493231065,0.43726689862838775,0.03432916666666666,0.04630861111111111,uptrend,1,0,haussier,365,0,0,30,,,31.0,73.0,67.0,78.5,59.1,61.73,False,False,,0,,,,65,485656536,485656536,10349298032.0,10349298032.0,,100.0,,,
STXUSDT,STX,Mid,110,0.269,2488580.49029,3.901,72.96801986450528,0.004967394407883996,0.22893399999999992,0.2889795000000001,0.684693698947125,0.23493323709852046,0.029592204980151714,1.0291090293953329,0.721349459949743,0.21691666666666662,0.27219166666666667,,0,0,neutre,365,0,0,30,,,31.0,66.0,81.5,68.0,50,61.71,False,False,,0,,,,60,496073770,496073770,1844232448.08319,1844232448.08319,,100.0,,,
AUSDT,A,Mid,223,0.0961,1470097.66778,3.892,64.21254168083516,0.0003807976639211802,0.08302,0.1393594999999999,0.6067660436062198,0.19286510590858413,0.005175983436853006,0.29707025503489987,0.5761195982952265,0.07519444444444445,0.09094722222222223,macd_bullish_cross|uptrend,2,0,haussier,347,0,0,30,,,30.5,57.0,89.5,68.0,68.7,61.66,False,False,,0,,,,66,157712547,201927382,1640175516.4246,2100000000.0,2100000000.0,78.1,,,
XTZUSDT,XTZ,Mid,117,0.3954,581939.45569,4.853,62.82276263102217,0.002517728615063583,0.36535999999999996,0.4593174999999999,0.467773236724589,0.1954158790170132,0.06568998109640843,0.23833147283754652,0.7270270874384775,0.3482361111111112,0.4046166666666667,macd_bullish_cross|uptrend,2,0,haussier,365,0,0,30,,,31.0,57.0,92.0,57.5,68.7,61.61,False,False,,0,,,,66,428661236,436562218,1084187339.253408,1104170822.420696,,98.2,,,
BABYUSDT,BABY,Mid,416,0.01731,1819704.68888,2.608,56.441306547571024,-3.0496134244207846e-05,0.015035400000000006,0.017695350000000002,0.980694088190171,0.2266009852216749,0.12373737373737377,0.6190751190260165,0.3148241785815321,0.011939722222222221,0.01750166666666667,macd_bearish_cross|uptrend,1,1,mixte,365,0,0,30,,,31.0,66.0,85.0,68.0,30.8,61.45,False,False,,0,,,,59,67254577,186826953,3877198309.98,10770495964.0,,36.0,,,
MASKUSDT,MASK,Mid,486,0.536,675245.8706,2.879,60.66674150356067,0.00022596124809973542,0.4688600000000001,0.5753199999999999,0.6672186493920811,0.1938775510204081,0.05141843971631191,0.3264583054589243,0.680612343679977,0.41436111111111107,0.5248611111111112,macd_bullish_cross|double_bottom_90d|uptrend,3,0,haussier,365,0,0,30,,,31.0,57.0,89.5,57.5,76.8,61.45,False,False,,0,,,,68,53510929,53510929,100000000.0,100000000.0,100000000.0,100.0,,,
CELOUSDT,CELO,Mid,456,0.09946,655988.65342,6.763,66.77975264047242,0.0008417771987642019,0.08503139999999998,0.12387335000000013,0.6346612085555856,0.19397993311036787,0.0,0.5404461868396927,0.5611431920146719,0.07413333333333331,0.0915811111111111,macd_bullish_cross|double_bottom_90d|uptrend,3,0,haussier,365,0,0,30,,,31.0,57.0,89.5,57.5,76.8,61.45,False,False,,0,,,,65,59804341,99564675,600658220.0,1000000000.0,1000000000.0,60.1,,,
AEVOUSDT,AEVO,Speculative,740,0.0317,1633472.265797,7.458,73.05878530143205,0.00037355781145876417,0.02520000000000001,0.035982999999999994,0.7575035749232147,0.25177304964539005,0.0,2.116316838481531,0.41987496666062857,0.02247500000000001,0.028833333333333336,uptrend|doji_4h,1,0,haussier,365,0,0,30,,,17.0,75.0,77.5,68.0,59.1,61.42,False,False,,0,,,,68,29323638,31975531,917064907.3669102,1000000000.0,1000000000.0,91.7,,,
SEIUSDT,SEI,Mid,116,0.06733,12626202.433674,9.072,68.08652198628207,0.000770429221424538,0.057538799999999994,0.10132019999999999,0.6076988906604008,0.36061381074168797,0.1397698209718671,1.049766343854831,0.6512959419849793,0.053682499999999994,0.07307222222222225,macd_bullish_cross|uptrend,2,0,haussier,365,0,0,30,,,31.0,66.0,73.0,78.5,68.7,61.41,False,False,,0,,,,63,453350984,673293541,6733333333.0,10000000000.0,,67.3,,,
IOTXUSDT,IOTX,Speculative,520,0.00509,452107.97244,4.517,64.70445280688841,5.138076739165696e-05,0.0047326,0.006983850000000001,0.5309632321221286,0.24185248713550597,0.12692967409948544,0.6441589093865214,0.3538925782039534,0.0044475,0.005630833333333335,macd_bullish_cross,1,0,haussier,365,0,0,30,,,17.0,66.0,95.5,47.0,59.5,61.37,False,False,,0,,,,67,47956181,47956181,9441368550.0,9441368555.0,10000000000.0,100.0,,,
GRTUSDT,GRT,Mid,158,0.02746,2045481.213,3.701,66.28206513099349,0.00033148782820681844,0.024698599999999994,0.0366453,0.48110490720689575,0.19359283499827765,0.05408198415432318,0.5829797719426753,0.7026800536047165,0.023804444444444448,0.027918055555555557,macd_bullish_cross|double_top_90d|uptrend,2,1,haussier,365,0,0,30,,,31.0,57.0,92.0,68.0,50.6,61.32,False,False,,0,,,,59,296735966,296746824,10799867657.47347,10800262816.04821,10800262823.318213,100.0,,,
NXPCUSDT,NXPC,Mid,319,0.3453,1207184.89215,4.1,75.67870305819125,0.004970171754337128,0.29331799999999997,0.3443614999999998,0.4371765272185039,0.1233810497614179,0.0,0.8347645867509816,0.454343787741839,0.2653916666666667,0.31232222222222217,macd_bullish_cross|uptrend,2,0,haussier,360,0,0,30,,,30.9,48.0,100.0,68.0,68.7,61.31,False,False,,0,,,,54,93552591,343354829,270981977.1697733,994552574.1697733,1000000000.0,27.2,,,
GASUSDT,GAS,Mid,281,1.74,467269.4356,4.317,60.802992483263075,0.010170259751619327,1.6597599999999997,1.9044199999999996,0.4124779419530482,0.13930635838150282,0.046600877192982434,0.49475759776781886,0.5197724768903687,1.5218611111111107,1.7686111111111111,macd_bullish_cross|downtrend,1,1,mixte,365,0,0,30,,,31.0,57.0,100.0,47.0,42.5,61.3,False,False,,0,,,,61,113328779,113328779,65093580.54427269,65093580.54427269,,100.0,,,
QTUMUSDT,QTUM,Mid,301,0.98,366991.7425,6.522,66.3445564626458,0.010528237739805685,0.9001400000000003,1.2286799999999998,0.42935678270663996,0.2195121951219511,0.041951219512195055,0.6402035902869301,0.6646757361925144,0.8481666666666666,0.9799166666666667,macd_bullish_cross|downtrend,1,1,mixte,365,0,0,30,,,31.0,57.0,100.0,47.0,42.5,61.3,False,False,,0,,,,58,103881568,105646950,106020671.5,107822406.0,,98.3,,,
ZRXUSDT,ZRX,Mid,305,0.1208,472451.6117,1.342,64.97635405833995,0.0007643728449668113,0.10762800000000002,0.13149750000000007,0.5728111854087128,0.16206896551724145,0.0,0.31176890453731465,0.7017551931845791,0.10006666666666669,0.11579444444444446,macd_bullish_cross|double_bottom_90d|uptrend,3,0,haussier,365,0,0,30,,,31.0,57.0,92.0,47.0,76.8,61.29,False,False,,0,,,,68,102702048,121054296,848396562.906836,1000000000.0,1000000000.0,84.8,,,
TNSRUSDT,TNSR,Speculative,,0.045,4171315.93515,7.399,63.561872856211544,0.0005543843102391121,0.03982200000000001,0.06246949999999999,0.9791582560782197,0.3634751773049645,0.2039007092198581,2.941209527350604,0.18538345154839525,0.03744999999999999,0.053158333333333335,,0,0,neutre,365,0,0,30,,,17.0,84.0,67.0,68.0,50,61.28,False,False,,0,,,,70,,,,,,,,,
KSMUSDT,KSM,Mid,285,6.14,2300878.74944,4.957,80.7279363995594,0.12832466786303692,4.576,6.558399999999995,0.6880518848329222,0.23925233644859803,0.0,1.0074834313363026,0.5724681567265085,4.156944444444445,5.265,macd_bullish_cross,1,0,haussier,365,0,0,30,,,31.0,57.0,89.5,68.0,59.5,61.19,False,False,,0,,,,53,111090474,111098837,18179296.19120194,18180664.84092436,,100.0,,,
ETCUSDT,ETC,Etabli,56,9.74,8684046.161,4.06,70.79765198788567,0.14196081061283383,8.500799999999996,11.048949999999998,0.46981593108161945,0.1387978142076503,0.004094165813715368,0.3562496018891907,0.7614350739305317,8.051388888888887,9.124166666666664,double_bottom_90d|resistance_test|downtrend,1,2,baissier,365,0,0,30,,,45.0,48.0,92.0,78.5,37.8,61.12,False,False,,0,,,,53,1525252554,1525252554,156559601.6228963,156559601.6228963,210700000.0,100.0,,,
HAEDALUSDT,HAEDAL,Speculative,,0.03486,613950.710657,3.289,60.73076017610351,0.00016599708941122796,0.030468799999999997,0.04235520000000001,0.8942586087624748,0.21682847896440133,0.054628632938643625,0.7814522127058147,0.3263001832752522,0.025549999999999996,0.03422833333333333,macd_bullish_cross|uptrend,2,0,haussier,354,0,0,30,,,16.7,66.0,89.5,57.5,68.7,61.09,False,False,,0,,,,69,,,,,,,,,
ADXUSDT,ADX,Speculative,,0.0791,1037279.7616,1.41,59.14605059927857,0.0004383321648840469,0.07414200000000001,0.09189600000000002,0.49334389486488694,0.21712158808933002,0.06831566548881035,0.15570355640711803,0.5188867512678846,0.06804166666666668,0.07989444444444443,macd_bullish_cross,1,0,haussier,365,0,0,30,,,17.0,57.0,100.0,68.0,59.5,60.99,False,False,,0,,,,65,,,,,,,,,
WUSDT,W,Mid,334,0.0151,5112864.15332,4.861,62.210513413737615,0.00032786171602454964,0.013753999999999999,0.03068000000000002,0.8228403914724673,0.44392523364485975,0.2943925233644859,0.8628866670296778,0.5229501744050724,0.012472222222222225,0.020005555555555558,uptrend|doji_4h,1,0,haussier,365,0,0,30,,,31.0,66.0,73.0,78.5,59.1,60.81,False,False,,0,,,,64,88140662,151484023,5818479053.0,10000000000.0,10000000000.0,58.2,,,
MEUSDT,ME,Mid,458,0.1147,596332.836624,3.52,61.90346529750917,0.0009663695182267045,0.105256,0.21159750000000002,0.570489126408948,0.4660408614025401,0.3672004417448924,0.5082409475268898,0.3523159995808756,0.10034722222222221,0.1411361111111111,macd_bullish_cross,1,0,haussier,365,0,0,30,,,31.0,66.0,79.0,57.5,59.5,60.79,False,False,,0,,,,65,58917713,114601187,514106234.982892,999991041.033757,1000000000.0,51.4,,,
ORCAUSDT,ORCA,Mid,316,1.605,3271722.96785,0.313,57.024036494707914,-0.029304367784883434,1.13036,1.1265750000000003,1.5979812421400172,0.3806306306306307,0.25162790697674414,1.1273914769289202,0.16895389518915555,0.8056944444444444,1.6738888888888885,macd_bearish_cross|golden_cross|uptrend,2,1,haussier,365,0,0,30,,,31.0,91.0,46.0,68.0,43.3,60.76,False,False,,0,,,,63,97860005,120717158,60798789.582325,74999557.919464,100000000.0,81.1,,,
NEARUSDT,NEAR,Etabli,47,1.573,39704585.7534,3.623,68.59978625068476,0.025878083111558193,1.3259600000000002,1.5521449999999997,0.7171065689626723,0.2201342281879195,0.015018773466833554,0.44402063179201595,0.6335610538670491,1.0222777777777778,1.447194444444444,macd_bullish_cross|downtrend|doji_4h,1,1,mixte,365,0,0,30,,,45.0,48.0,89.5,78.5,42.5,60.74,False,False,,0,,,,54,2043864760,2043864765,1294991458.0,1294991461.0,,100.0,,,
PEPEUSDT,PEPE,Etabli,52,4.32e-06,45163814.57589444,4.348,71.07559402959279,3.23886864839316e-08,3.6924000000000004e-06,4.484e-06,0.566951992797105,0.339544513457557,0.10559006211180127,0.2563162883933186,0.6012738661943765,3.291944444444444e-06,4.276944444444445e-06,double_bottom_90d|uptrend,2,0,haussier,365,0,0,30,,,45.0,48.0,83.5,78.5,67.3,60.67,False,False,,0,,,,59,1815078885,1815078885,420690000000000.0,420690000000000.0,420690000000000.0,100.0,,,
FTTUSDT,FTT,Speculative,,0.339,3777196.918149,5.575,59.81717921535652,0.0053738825191479165,0.2998660000000001,0.45765750000000016,1.0619311160150102,0.2896606156274664,0.1060247303341226,1.905426166448158,0.3673490294824528,0.27889722222222224,0.3600500000000001,macd_bullish_cross,1,0,haussier,365,0,0,30,,,17.0,84.0,62.5,68.0,59.5,60.65,False,False,,0,,,,67,,,,,,,,,
IDUSDT,ID,Speculative,,0.0348,1965615.4759,6.422,61.17319375067007,0.0005553475026369185,0.033089999999999994,0.05977500000000001,0.6513937763967073,0.45683453237410065,0.37410071942446044,1.5621497611696022,0.625429772944641,0.03075277777777779,0.04963055555555555,downtrend,0,1,baissier,365,0,0,30,,,17.0,84.0,68.5,68.0,33.0,60.61,False,False,,0,,,,62,,,,,,,,,
TUSDT,T,Mid,406,0.00626,233741.957305,2.961,55.88541967339229,3.72006535837211e-05,0.006171000000000001,0.008590799999999996,0.41627699281361674,0.24218750000000006,0.18359374999999997,0.31584106791668604,0.6503122148365945,0.005973611111111112,0.007186111111111111,macd_bullish_cross|double_bottom_90d|downtrend,2,1,haussier,365,0,0,30,,,31.0,57.0,95.5,47.0,50.7,60.59,False,False,,0,,,,63,69965679,69965679,11155000000.0,11155000000.0,,100.0,,,
ONEUSDT,ONE,Speculative,603,0.00264,760666.982118,10.46,69.57330626229891,3.570498597586601e-05,0.0022368000000000006,0.0033896,0.6374039984961665,0.24074074074074073,0.018518518518518566,1.175994041318899,0.593282900297692,0.0021119444444444445,0.002581111111111111,macd_bullish_cross,1,0,haussier,365,0,0,30,,,17.0,66.0,89.5,57.5,59.5,60.58,False,False,,0,,,,63,39102399,39102402,14870211425.762915,14870212769.762915,,100.0,,,
EURUSDT,EUR,Speculative,,1.1781,18419740.57542,0.255,59.97551084900105,0.0002586413824337394,1.16648,1.1679104999999994,0.05334124118819711,0.04224760624895012,0.010414916848647898,0.21710696880851513,0.37562199131310775,1.1489222222222222,1.18415,rsi_bearish_divergence|macd_bullish_cross|support_bounce|resistance_test,2,2,mixte,365,0,0,30,,,17.0,57.0,100.0,78.5,36.5,60.38,False,False,,0,,,,60,,,,,,,,,
ZENUSDT,ZEN,Mid,254,7.308,7951569.58493,3.807,65.88463502125046,0.1013505413613246,5.925239999999999,8.515600000000001,0.8557266782899657,0.2574823943661972,0.038370253164556896,1.055647687709166,0.7055124710085987,5.208250000000001,6.77463888888889,double_bottom_90d|uptrend,2,0,haussier,365,0,0,30,,,31.0,66.0,69.5,78.5,67.3,60.37,False,False,,0,,,,62,131484854,153185795,18025052.15891282,21000000.0,21000000.0,85.8,,,
RAYUSDT,RAY,Mid,177,0.869,3033011.529,7.417,73.21726317084223,0.005819348633164759,0.6804799999999999,0.9231849999999997,0.643243432654953,0.18102189781021896,0.0,0.7844635812299308,0.6547463761613721,0.5726388888888888,0.7843333333333332,rsi_bearish_divergence|double_bottom_90d|uptrend,2,1,haussier,365,0,0,30,,,31.0,57.0,89.5,68.0,46.5,60.37,False,False,,0,,,,58,233986409,482817553,268967970.467351,555000000.0,555000000.0,48.5,,,
GNOUSDT,GNO,Mid,141,132.98,676021.99612,0.529,56.941709073383144,0.661290160680017,124.0058,127.42799999999994,0.6737695363196257,0.19395987037164722,0.08453423429635241,0.42229491814467296,0.6983570410315239,117.64805555555556,138.44305555555556,uptrend,1,0,haussier,365,0,0,30,,,31.0,57.0,89.5,57.5,59.1,60.33,False,False,,0,,,,64,351260951,399222323,2639589.0,3000000.0,3000000.0,88.0,,,
HIVEUSDT,HIVE,Speculative,631,0.0668,1007650.505,0.906,57.77767762512826,0.0007468749782670931,0.060902000000000005,0.08573599999999999,0.896160490009233,0.26343381389252957,0.12450851900393195,1.462782244071955,0.49554951909482303,0.05810555555555555,0.07196666666666666,macd_bullish_cross,1,0,haussier,365,0,0,30,,,17.0,75.0,73.0,68.0,59.5,60.22,False,False,,0,,,,66,36242011,,542054236.325,,,,,,
BELUSDT,BEL,Speculative,,0.1191,477426.00091,3.296,63.39939668233757,0.0009485344347442413,0.10439200000000001,0.129731,0.7895660117558014,0.23278116826503925,0.05388272583201268,0.5732182719379668,0.4729781343977008,0.09254444444444447,0.1161611111111111,macd_bullish_cross|bullish_engulfing_4h,2,0,haussier,365,0,0,30,,,17.0,66.0,89.5,47.0,67.0,60.21,False,False,,0,,,,68,,,,,,,,,
POLUSDT,POL,Etabli,68,0.1024,6237137.9626,2.605,68.93541709036695,0.0008735711067635833,0.09239800000000002,0.11875350000000007,0.47348282902362077,0.2830850131463628,0.10254163014899202,0.3905040494191866,0.48881055963401027,0.08737222222222223,0.10852499999999998,uptrend,1,0,haussier,365,0,0,30,,,45.0,48.0,83.5,78.5,59.1,60.15,False,False,,0,,,,57,1089190296,1089190296,10639957892.05248,10639957892.05248,,100.0,,,
AUCTIONUSDT,AUCTION,Speculative,612,5.17,877112.2073,4.444,70.88957227669802,0.03586140261061774,4.744599999999998,5.310249999999996,0.3301413870863939,0.18968692449355423,0.047882136279926296,0.587549802266417,0.6229782666267252,4.565555555555555,5.170277777777776,macd_bullish_cross,1,0,haussier,365,0,0,30,,,17.0,57.0,100.0,57.5,59.5,60.15,False,False,,0,,,,62,38221930,39464729,7400402.318293814,7641028.818627574,10000000.0,96.9,,,
PUNDIXUSDT,PUNDIX,Speculative,570,0.1634,687299.09083,2.317,68.49190713705946,0.0017174567224353793,0.14851599999999998,0.2056090000000001,0.448886418848792,0.22549575070821531,0.07138810198300284,0.7580730264069784,0.6822443912896572,0.14269444444444446,0.16780555555555557,macd_bullish_cross,1,0,haussier,365,0,0,30,,,17.0,57.0,100.0,57.5,59.5,60.15,False,False,,0,,,,62,42285014,42285014,258386541.0999244,258386541.0999244,,100.0,,,
ANIMEUSDT,ANIME,Speculative,,0.00507,599276.568344,4.321,61.08802274005872,3.094612857229715e-05,0.004740199999999999,0.00611105,0.5143191116903664,0.2504258943781942,0.13628620102214656,0.8799406305969113,0.4429926465969249,0.00450388888888889,0.005519722222222223,macd_bullish_cross|double_bottom_90d|uptrend,3,0,haussier,365,0,0,30,,,17.0,66.0,83.5,57.5,76.8,60.04,False,False,,0,,,,70,,,,,,,,,
DOTUSDT,DOT,Etabli,42,1.368,11207882.35662,3.794,63.41739630949858,0.019609879271749876,1.2769200000000003,1.8341149999999993,0.6188060609015524,0.29825616355983164,0.17799158147925437,0.3323263188117657,0.5440801448996376,1.2107777777777775,1.5632777777777778,doji_4h,0,0,neutre,365,0,0,30,,,45.0,57.0,73.0,78.5,50,60.01,False,False,,0,,,,59,2302567907,2302567907,1682986273.380859,1682986273.380859,2100000000.0,100.0,,,
KMNOUSDT,KMNO,Mid,279,0.02536,2192422.8859,12.064,68.68559312712763,0.00044026160772994553,0.02005239999999999,0.03992615,0.9075549915135055,0.4871716554673183,0.22755039706780691,1.4645459642107401,0.6338759002376844,0.01793444444444444,0.02834,uptrend,1,0,haussier,365,0,0,30,,,31.0,66.0,73.0,68.0,59.1,59.97,False,False,,0,,,,61,115359224,252964488,4560274224.25,9999958324.86542,10000000000.0,45.6,,,
COMPUSDT,COMP,Mid,182,23.11,3915311.61231,2.757,53.33991263059888,-0.2044837955155805,21.015600000000003,24.635700000000007,0.8083888339759928,0.20916905444126085,0.11818528402592457,0.48510545980256586,0.4508150310142653,16.673888888888893,24.340277777777775,double_bottom_90d,1,0,haussier,365,0,0,30,,,31.0,57.0,85.0,68.0,58.2,59.89,False,False,,0,,,,63,223325432,230989926,9668189.278360886,10000000.0,10000000.0,96.7,,,
DUSKUSDT,DUSK,Mid,345,0.1465,1842868.1346,3.754,58.25402387757195,0.0008088452699065328,0.12823600000000002,0.0892615,1.0950294177438322,0.28389444949954495,0.09919901417128776,0.3300499517224477,0.21418216611889612,0.0834972222222222,0.1497,macd_bullish_cross|uptrend,2,0,haussier,365,0,0,30,,,31.0,73.0,61.0,68.0,68.7,59.86,False,False,,0,,,,66,85199496,85199496,582772000.0190259,582772000.0190259,1000000000.0,100.0,,,
STRKUSDT,STRK,Mid,147,0.0574,60824599.967007,9.962,80.24289255547558,0.0017759435274495743,0.03740600000000001,0.07610800000000008,1.2300488329126251,0.3766990291262136,0.0,4.667717055355184,0.5036131917093614,0.033519444444444435,0.04847222222222222,macd_bullish_cross|uptrend,2,0,haussier,365,0,0,30,,,31.0,66.0,67.0,78.5,68.7,59.77,False,False,,2,🔥 Trending #15 sur CoinGecko|⚡ Volume ×4.7 vs médiane,15,4.67,61,339071969,575069364,5896192543.348971,10000000000.0,10000000000.0,59.0,,,
OPUSDT,OP,Mid,137,0.1656,27751480.471594,11.666,74.80325923339689,0.004809653096906938,0.12016600000000001,0.236336,0.9589450653924136,0.4827586206896552,0.1602434077079107,1.2571531041312862,0.4834483187006648,0.1084888888888889,0.16895833333333335,macd_bullish_cross|downtrend,1,1,mixte,365,0,0,30,,,31.0,66.0,73.0,78.5,42.5,59.76,False,False,,0,,,,57,355552338,709983139,2150875957.0,4294967296.0,4294967296.0,50.1,,,
DIAUSDT,DIA,Speculative,,0.223,344990.91052,9.798,70.205259505067,0.002819991979505574,0.18532199999999996,0.27060999999999974,0.7200009884866605,0.2169766332856461,0.0,1.0604900406815339,0.5379135667877929,0.17237222222222226,0.20620555555555556,macd_bullish_cross,1,0,haussier,365,0,0,30,,,17.0,66.0,89.5,47.0,59.5,59.74,False,False,,0,,,,63,,,,,,,,,
NEOUSDT,NEO,Mid,183,3.119,1237225.54309,4.981,67.03896618645497,0.031449503280015945,2.8038399999999997,3.5034000000000036,0.5033072710880228,0.18027787190782785,0.0,0.36796739775090287,0.6770033863682198,2.542388888888888,2.963388888888888,macd_bullish_cross|downtrend,1,1,mixte,365,0,0,30,,,31.0,48.0,100.0,68.0,42.5,59.69,False,False,,0,,,,56,220180228,312179537,70530000.0,100000000.0,,70.5,,,
RVNUSDT,RVN,Mid,304,0.00633,378668.345635,3.094,66.74991817181407,4.072787473729363e-05,0.005836200000000001,0.007000299999999999,0.39998040422714815,0.17160686427457103,0.012480499219968832,0.3695646739879886,0.6745634640086845,0.005438888888888888,0.006268888888888889,macd_bullish_cross|uptrend,2,0,haussier,365,0,0,30,,,31.0,48.0,100.0,47.0,68.7,59.66,False,False,,0,,,,62,102597555,102638457,16225888966.35048,16232357716.05053,21000000000.0,100.0,,,
SAHARAUSDT,SAHARA,Mid,283,0.03445,17864628.57605,20.539,80.61891282372673,0.001085235367574917,0.023791400000000004,0.034735600000000005,0.932160784831044,0.3002001334222816,0.0,3.1104437268085423,0.1703148625977278,0.015450277777777775,0.028311388888888886,breakout_30d,1,0,haussier,318,0,0,30,,,29.7,66.0,71.5,78.5,51.2,59.62,False,False,,2,⚡ Volume ×3.1 vs médiane,,3.11,58,114701302,350299834,3274375000.0,10000000000.0,10000000000.0,32.7,,,
VIRTUALUSDT,VIRTUAL,Etabli,97,0.9333,11870972.6732,1.094,78.8787842365739,0.0247689136636877,0.7040740000000001,0.8337339999999998,0.7623659089806976,0.21388438007241842,0.0,0.5391450150215532,0.709260310142304,0.601972222222222,0.7982833333333332,uptrend,1,0,haussier,365,0,0,30,,,45.0,48.0,81.5,78.5,59.1,59.61,False,False,,0,,,,49,612125196,931920817,656842496.6958218,1000000000.0,1000000000.0,65.7,,,
SNXUSDT,SNX,Mid,264,0.36,3195077.8278,5.572,68.61344795188631,0.0053123835498310856,0.30083999999999994,0.4599199999999999,0.5982492998412658,0.36279069767441857,0.16046511627906979,0.6845580457814936,0.5505654134641013,0.28016666666666673,0.36050000000000004,uptrend,1,0,haussier,365,0,0,30,,,31.0,57.0,83.5,68.0,59.1,59.54,False,False,,0,,,,60,124174985,124327676,344516234.4572882,344939867.5556631,344939867.0,99.9,,,
HMSTRUSDT,HMSTR,Speculative,,0.0001896,4442168.0058101,-1.762,62.41294075892499,4.045429354662678e-06,0.00015227199999999995,0.00021348100000000007,1.194424463151996,0.30016051364365964,0.11324286382779594,3.36932453864782,0.4166958716279316,0.0001376,0.0001861722222222222,double_top_90d|uptrend,1,1,mixte,365,0,0,30,,,17.0,84.0,62.5,68.0,41.1,59.49,False,False,,2,⚡ Volume ×3.4 vs médiane,,3.37,70,,,,,,,,,
LDOUSDT,LDO,Mid,145,0.4062,4442053.138617,3.914,58.476458361411716,0.0002296921980062868,0.35081799999999996,0.49985899999999994,1.1979172580399216,0.22459152589310427,0.09208761734465805,0.3390208859213255,0.6366742327225371,0.2894833333333333,0.39807222222222227,macd_bullish_cross|double_bottom_90d|uptrend,3,0,haussier,365,0,0,30,,,31.0,57.0,79.0,68.0,76.8,59.43,False,False,,0,,,,66,344966204,406295754,849051956.2816839,1000000000.0,1000000000.0,84.9,,,
REZUSDT,REZ,Mid,464,0.00678,3793787.240654,9.532,82.55468332676156,0.00019789124427457068,0.004031400000000001,0.004931749999999997,1.0322254569170115,0.2254196642685852,0.0,1.616745893313413,0.19524990211051874,0.0028952777777777774,0.004930277777777778,,0,0,neutre,365,0,0,30,,,31.0,66.0,73.0,68.0,50,59.39,False,False,,0,,,,50,57528541,66267707,8520308314.86107,9814629224.12962,10000000000.0,86.8,,,
XVSUSDT,XVS,Speculative,528,2.8,507652.1658,4.089,59.33543697723626,0.02812684906536932,2.6792000000000007,3.7615500000000024,0.7138588094591606,0.23312883435582818,0.1411042944785276,0.6120482557268409,0.4573069447741445,2.5780555555555558,3.1611111111111114,macd_bullish_cross,1,0,haussier,365,0,0,30,,,17.0,66.0,85.0,57.5,59.5,59.35,False,False,,0,,,,66,47200479,83456507,16822934.235340144,29745107.9212044,30000000.0,56.6,,,
XECUSDT,XEC,Mid,229,7.6e-06,257666.52790937,3.542,64.92479019976437,5.291208207619719e-08,7.027200000000001e-06,9.737949999999994e-06,0.3770509491258944,0.23754345307068372,0.11935110081112402,0.35740572019006256,0.7211495667317049,6.723611111111111e-06,8.06138888888889e-06,macd_bullish_cross|resistance_test|uptrend,2,1,haussier,365,0,0,30,,,31.0,57.0,87.5,47.0,65.2,59.33,False,False,,0,,,,65,152284245,152284245,20025789047580.0,20025789047580.0,21000000000000.0,100.0,,,
HEIUSDT,HEI,Speculative,,0.0946,388521.55664,2.603,68.85544966555896,0.0013233336357059552,0.083478,0.12705299999999997,0.4992491482424454,0.20847268673355637,0.0,0.5400901756590437,0.4850961289698731,0.07512499999999998,0.09128055555555559,macd_bullish_cross,1,0,haussier,365,0,0,30,,,17.0,57.0,100.0,47.0,59.5,59.31,False,False,,0,,,,62,,,,,,,,,
LSKUSDT,LSK,Speculative,686,0.138,67645.4728,4.545,61.20956183386555,0.0010482728077413773,0.12766,0.16834500000000002,0.4965657748876988,0.2185430463576159,0.09271523178807937,0.22303812571465143,0.6244403222013075,0.12205555555555561,0.1423333333333333,macd_bullish_cross|doji_4h,1,0,haussier,365,0,0,30,,,17.0,57.0,100.0,47.0,59.5,59.31,False,False,,0,,,,65,31931051,54797336,233084697.0,400000000.0,400000000.0,58.3,,,
FARMUSDT,FARM,Speculative,,12.84,348028.15027,6.116,66.80115207889123,0.12944458108993456,11.794599999999997,16.135050000000007,0.4736126984497677,0.196980589503954,0.07620416966211362,0.5248464261913763,0.5284491079006756,11.325833333333332,13.65527777777778,double_bottom_90d,1,0,haussier,365,0,0,30,,,17.0,57.0,100.0,47.0,58.2,59.22,False,False,,0,,,,62,,,,,,,,,
TIAUSDT,TIA,Mid,124,0.4382,16969898.446672,7.931,69.90073773316158,0.007535939738372778,0.33857,0.4954214999999999,1.1605253914652047,0.25722468107263735,0.020367054610564005,1.2392365990263237,0.6146699243606882,0.2945861111111111,0.38880000000000003,macd_bullish_cross,1,0,haussier,365,0,0,30,,,31.0,66.0,67.0,78.5,59.5,59.2,False,False,,0,,,,60,399893520,510426362,914913266.408716,1167800493.278115,,78.3,,,
OSMOUSDT,OSMO,Speculative,,0.0341,264644.716416,5.247,64.13492396678113,0.00024354355198970086,0.03157,0.0542325,0.4754183671011113,0.23896103896103896,0.11428571428571431,0.6869468996256618,0.7380099570272433,0.030394444444444432,0.037025,macd_bullish_cross|doji_4h,1,0,haussier,365,0,0,30,,,17.0,66.0,87.5,47.0,59.5,59.19,False,False,,0,,,,66,,,,,,,,,
ARUSDT,AR,Mid,209,2.57,11905537.2347,3.213,64.5646715668021,0.06741757945996406,1.9181999999999997,2.9525999999999994,1.1681636279701908,0.27142857142857146,0.06884057971014491,0.7161810674686295,0.4774405322694776,1.6094444444444438,2.2169444444444446,uptrend|doji_4h,1,0,haussier,365,0,0,30,,,31.0,66.0,67.0,78.5,59.1,59.17,False,False,,0,,,,63,169031021,169031021,65652466.0,65652466.0,66000000.0,100.0,,,
OPENUSDT,OPEN,Speculative,535,0.214,6633082.45362,-2.594,47.97093396163248,-0.00554033287498466,0.200812,0.20122550000000014,1.277298472144741,0.2836468885672937,0.2250361794500723,2.6399712584186212,0.2672923222439849,0.14639166666666664,0.24037222222222226,uptrend,1,0,haussier,244,0,0,30,,,13.7,84.0,56.5,78.5,59.1,59.11,False,False,,0,,,,70,46076682,213812909,215500000.0,1000000000.0,1000000000.0,21.6,,,
BNSOLUSDT,BNSOL,Speculative,,104.2,937865.2548,6.435,68.95997514425345,1.0494389267151603,94.31799999999997,124.95150000000005,0.45261580693526615,0.17813383600376995,0.017907634307257225,0.852490879434914,0.8776820411232154,88.05833333333335,101.02777777777779,macd_bullish_cross|double_bottom_90d|uptrend,3,0,haussier,365,0,0,30,,,17.0,57.0,92.0,57.5,76.8,59.06,False,False,,0,,,,65,,,,,,,,,
FLOKIUSDT,FLOKI,Mid,140,3.659e-05,5439860.61353826,2.925,69.9246025307423,3.6606581392101635e-07,3.03596e-05,4.0845200000000013e-05,0.7044347196827312,0.24495021337126602,0.009479956663055301,0.32464810548560835,0.674623393847892,2.721305555555555e-05,3.369999999999999e-05,macd_bullish_cross|double_bottom_90d|resistance_test,2,1,haussier,365,0,0,30,,,31.0,48.0,89.5,78.5,64.2,59.04,False,False,,0,,,,59,352821491,365528662,9652361866529.0,10000000000000.0,10000000000000.0,96.5,,,
PYRUSDT,PYR,Speculative,,0.29,855570.523298,3.943,61.11440101610379,0.0016866722745919006,0.27164,0.4255150000000005,0.4944138894554109,0.3471502590673575,0.24611398963730577,0.6198425805609756,0.5015602850730497,0.2587222222222223,0.34072222222222226,macd_bullish_cross,1,0,haussier,365,0,0,30,,,17.0,66.0,83.5,57.5,59.5,58.95,False,False,,0,,,,65,,,,,,,,,
XAUTUSDT,XAUT,Etabli,37,4699.98,7082919.416911,-0.223,56.196794818021615,4.714578331570104,,,0.2026391955105597,0.06174244627028099,0.023855413679374722,0.014174043714177905,,4495.0199999999995,4795.427222222222,macd_bullish_cross,1,0,haussier,45,0,0,30,,,36.2,45.0,90.0,78.5,59.5,58.93,False,False,,0,,,,60,2783808922,3325855608,592398.736688,707747.089,,83.7,,,
WINUSDT,WIN,Speculative,,2.285e-05,634965.98310617,5.057,73.60302496176466,3.2495082600848805e-07,2.00122e-05,2.67802e-05,0.4353707668524529,0.267238021036229,0.11063498246980911,1.0762436513171534,0.39309314382464283,1.912305555555555e-05,2.328194444444444e-05,uptrend,1,0,haussier,365,0,0,30,,,17.0,66.0,83.5,57.5,59.1,58.92,False,False,,0,,,,62,,,,,,,,,
FUSDT,F,Speculative,,0.00607,1800531.474,5.017,68.48420332572596,4.53166685982424e-05,0.0054226,,0.4033646048797925,0.25418569254185697,0.07610350076103507,4.059954716221656,0.5408400729275854,0.005091944444444444,0.006289166666666667,macd_bullish_cross,1,0,haussier,197,0,0,30,,,12.4,63.0,88.0,68.0,59.5,58.91,False,False,,2,⚡ Volume ×4.1 vs médiane,,4.06,69,,,,,,,,,
POWRUSDT,POWR,Speculative,632,0.0683,105373.5056,3.957,60.948673877889675,0.0005075953179694003,0.06434599999999997,0.07907450000000003,0.4797016973304642,0.16997167138810196,0.0325779036827195,0.2599733342606164,0.6855487552927735,0.06072222222222223,0.0687111111111111,macd_bullish_cross|double_bottom_90d|downtrend,2,1,haussier,365,0,0,30,,,17.0,57.0,100.0,47.0,50.7,58.75,False,False,,0,,,,63,36200546,68299869,529761884.726046,999506122.99937,1000000000.0,53.0,,,
GMTUSDT,GMT,Speculative,617,0.01217,1172048.087789,5.734,63.12272865236181,7.40770188856601e-05,0.010839999999999999,0.015155700000000005,0.6521028577461541,0.28072837632776937,0.07587253414264043,0.5840008250773323,0.6616546846588504,0.010071666666666666,0.012397222222222223,macd_bullish_cross|uptrend,2,0,haussier,365,0,0,30,,,17.0,66.0,77.5,68.0,68.7,58.73,False,False,,0,,,,67,37836745,61701473,3111400155.0,5073850155.102167,6000000000.0,61.3,,,
MOVEUSDT,MOVE,Mid,393,0.0189,561776.78731,3.279,56.622692755318745,0.00016101452044684172,0.018242,0.03339500000000001,0.596282120844701,0.37174721189591087,0.29739776951672864,0.4146494434058426,0.5411827287377984,0.017333333333333343,0.02463055555555556,macd_bullish_cross,1,0,haussier,365,0,0,30,,,31.0,57.0,83.5,57.5,59.5,58.72,False,False,,0,,,,63,72662749,189349182,3837500000.0,10000000000.0,10000000000.0,38.4,,,
ARKUSDT,ARK,Speculative,630,0.1846,121916.2247,3.941,61.732726848959395,0.000990250845150712,0.170882,0.23060699999999987,0.4440782210679309,0.22926829268292678,0.10048780487804869,0.371370048213308,0.6907945236702011,0.16403055555555557,0.19223055555555552,macd_bullish_cross|uptrend,2,0,haussier,365,0,0,30,,,17.0,57.0,95.5,47.0,68.7,58.66,False,False,,0,,,,67,36235702,36235702,196396268.0,196396268.0,,100.0,,,
PEOPLEUSDT,PEOPLE,Speculative,558,0.00855,1495519.806386,1.665,63.51261747757564,6.192193331509729e-05,0.007261599999999998,0.008716299999999998,0.8836508167224425,0.2072538860103628,0.02397260273972604,0.44541817081254886,0.6035332819559764,0.00627722222222222,0.00814944444444444,macd_bullish_cross|double_bottom_90d,2,0,haussier,365,0,0,30,,,17.0,57.0,89.5,68.0,67.7,58.64,False,False,,0,,,,66,43285908,43285908,5066374892.014003,5066374892.014003,,100.0,,,
LINEAUSDT,LINEA,Mid,298,0.004193,5766218.680635,6.557,67.3260554591844,6.768382429323898e-05,0.003377159999999999,0.006182739999999997,0.8284795771002607,0.2690355329949238,0.030064754856614227,0.6142569525823273,0.5074538262018878,0.0029902777777777775,0.0038188055555555553,macd_bullish_cross|uptrend,2,0,haussier,242,0,0,30,,,27.6,57.0,77.5,78.5,68.7,58.6,False,False,,0,,,,61,104535231,302151399,24913275023.373516,72009990000.0,72009990000.0,34.6,,,
KNCUSDT,KNC,Speculative,,0.1564,340902.84313,4.336,57.98544935448181,0.0006233235949181458,0.14208200000000004,0.20061649999999998,0.8383125392879477,0.20894607843137264,0.06845238095238101,0.5002159628905922,0.38704173291220223,0.1292944444444445,0.15814166666666668,double_top_90d|uptrend,1,1,mixte,365,0,0,30,,,17.0,66.0,89.5,47.0,41.1,58.58,False,False,,0,,,,62,,,,,,,,,
USUALUSDT,USUAL,Speculative,722,0.01691,2150920.067732,7.638,72.04034482862326,0.00025380639123577585,0.013623799999999998,0.021131450000000006,0.7076634535845695,0.25962732919254655,0.0,1.2996011599067139,0.4796733727515782,0.012270277777777778,0.01599111111111111,macd_bullish_cross|resistance_test|uptrend,2,1,haussier,365,0,0,30,,,17.0,66.0,77.5,68.0,65.2,58.51,False,False,,0,,,,63,30153714,30662277,1782271773.7252998,1812330984.390521,3000000000.0,98.3,,,
UNIUSDT,UNI,Etabli,41,3.676,25535899.24641,6.86,67.17964422714246,0.05560966554936499,3.3224800000000005,4.6983,0.543839743370291,0.27399566995429403,0.11594900168390672,0.7174426438128519,0.7341246380181042,3.1433611111111106,3.9883055555555567,double_top_90d|downtrend|doji_4h,0,2,baissier,365,0,0,30,,,45.0,57.0,75.5,78.5,15.0,58.48,False,False,,0,,,,48,2330692550,3295482697,633561603.6037512,895824420.0329479,1000000000.0,70.7,,,
INJUSDT,INJ,Mid,118,4.233,9525772.41078,4.57,72.86727904778701,0.0501813491616436,3.2480200000000012,4.511394999999999,0.7136401273749954,0.27361735908970625,0.0,0.6399295652498904,0.6540240480150785,2.8459722222222226,3.760277777777778,double_bottom_90d|resistance_test,1,1,mixte,365,0,0,30,,,31.0,57.0,77.5,78.5,54.7,58.47,False,False,,0,,,,58,423456040,423456040,100000000.0,100000000.0,,100.0,,,
CELRUSDT,CELR,Speculative,,0.003123,872885.9611889,7.95,70.50069146503483,2.639683202375806e-05,0.0026083599999999997,0.003526065000000001,0.6269818139143215,0.19065876612059957,0.0,0.5775424483965482,0.5511266344697376,0.0023702222222222228,0.002878027777777778,macd_bullish_cross|double_bottom_90d|uptrend,3,0,haussier,365,0,0,30,,,17.0,57.0,89.5,57.5,76.8,58.38,False,False,,0,,,,65,,,,,,,,,
ALICEUSDT,ALICE,Speculative,,0.1613,2012834.763557,12.014,61.51671995031386,-0.0006828767720848897,0.12875199999999998,0.1718760000000001,1.3353821970370046,0.31523178807947017,0.008536585365853734,1.6392537385103592,0.10611395438134308,0.10539166666666669,0.1605444444444445,rsi_bearish_divergence,0,1,baissier,365,0,0,30,,,17.0,84.0,61.0,68.0,29.2,58.33,False,False,,0,,,,60,,,,,,,,,
WLDUSDT,WLD,Etabli,78,0.2721,15293326.59433,5.343,54.38756072585892,0.004437569316449036,0.2714780000000001,0.4768529999999999,0.8853582093474436,0.4521413526796162,0.36367891411186526,0.36682415943369573,0.6204402424324411,0.24738611111111114,0.4043083333333333,macd_bullish_cross|downtrend|doji_4h,1,1,mixte,365,0,0,30,,,45.0,57.0,68.5,78.5,42.5,58.31,False,False,,0,,,,56,908708717,2720810579,3339845573.793946,10000000000.0,10000000000.0,33.4,,,
SFPUSDT,SFP,Mid,214,0.3284,230665.6734,4.653,55.471286951068464,-0.0014588267439307042,0.30657,0.31660400000000005,0.694779437297938,0.17228661749209698,0.13250790305584828,0.3444084677146126,0.4710757395663292,0.2580527777777777,0.3286833333333333,uptrend,1,0,haussier,365,0,0,30,,,31.0,57.0,85.0,47.0,59.1,58.27,False,False,,0,,,,63,164449431,164449431,500000000.0,500000000.0,500000000.0,100.0,,,
ICXUSDT,ICX,Speculative,548,0.0406,80620.97779,4.639,64.59776474856527,0.0003477799215361084,0.036874000000000004,0.05192849999999996,0.505031948806267,0.2251184834123223,0.03791469194312806,0.24700240895280004,0.6087522528522753,0.03432222222222222,0.041230555555555534,macd_bullish_cross|downtrend,1,1,mixte,365,0,0,30,,,17.0,57.0,100.0,47.0,42.5,58.24,False,False,,0,,,,61,44533738,45039996,1096329248.380016,1108792274.218095,,98.9,,,
KAIAUSDT,KAIA,Mid,160,0.0485,954775.42832,3.632,55.670966877626185,0.0003006505597011812,0.047786,0.06414100000000005,0.43618862729752855,0.25577557755775576,0.19801980198019808,0.46792277735734134,0.639368447596301,0.04595833333333332,0.05704166666666666,macd_bullish_cross|double_bottom_90d|downtrend,2,1,haussier,365,0,0,30,,,31.0,57.0,83.5,57.5,50.7,58.17,False,False,,0,,,,61,284513858,284513867,5856641747.106198,5856641936.044253,,100.0,,,
SPELLUSDT,SPELL,Speculative,713,0.0001786,289467.410576,4.201,63.55998814898127,1.0115450153330575e-06,0.00016583600000000004,0.00022461300000000003,0.529584451794179,0.20675743822491172,0.09732728189611704,0.29376896790827245,0.5627992448065455,0.0001599972222222222,0.0001918055555555556,double_top_90d|uptrend,1,1,mixte,365,0,0,30,,,17.0,57.0,100.0,47.0,41.1,58.15,False,False,,0,,,,61,30577266,34944857,171510541047.0,196008739620.0,210000000000.0,87.5,,,
SCUSDT,SC,Speculative,511,0.000999,275236.213873,4.28,61.03528814068357,8.666360474817118e-06,0.0009573600000000003,0.0013649450000000002,0.3745533269133588,0.2873194221508828,0.19582664526484742,1.0202386315423986,0.7229564510498271,0.0009204999999999999,0.001175527777777778,macd_bullish_cross|downtrend,1,1,mixte,365,0,0,30,,,17.0,75.0,75.5,47.0,42.5,58.15,False,False,,0,,,,63,49649897,49649897,49751295000.0225,49751295000.0225,,100.0,,,
STRAXUSDT,STRAX,Speculative,731,0.01372,206194.21001,3.469,62.46444098320104,7.939003070409442e-05,0.013216600000000002,0.019052049999999997,0.34118058371335197,0.24717093508040497,0.1756998213222156,0.6496271110938316,0.7812550158062669,0.01281361111111111,0.01594111111111111,macd_bullish_cross|downtrend,1,1,mixte,365,0,0,30,,,17.0,66.0,87.5,47.0,42.5,58.12,False,False,,0,,,,62,30031083,30031083,2162958476.24702,2162958476.24702,,100.0,,,
LUNAUSDT,LUNA,Speculative,507,0.071,1099238.959268,0.852,57.83162308287026,0.00019753939800056528,0.06069200000000001,0.07878150000000003,0.8883072200955399,0.21605839416058403,0.05459387483355534,0.21474140598543748,0.3911590242537638,0.05501944444444447,0.07060833333333333,uptrend,1,0,haussier,365,0,0,30,,,17.0,57.0,89.5,68.0,59.1,58.1,False,False,,0,,,,64,50340658,84142145,709984438.91686,1186707049.0,,59.8,,,
JOEUSDT,JOE,Speculative,,0.05,282208.775879,3.52,61.446894091757294,5.1398405840303446e-05,0.044461999999999995,0.0592575,0.584025487569334,0.24137931034482768,0.13965517241379316,0.4823507068949668,0.5282892978642584,0.03563611111111112,0.05055,macd_bullish_cross,1,0,haussier,365,0,0,30,,,17.0,57.0,95.5,47.0,59.5,58.08,False,False,,0,,,,65,,,,,,,,,
GMXUSDT,GMX,Mid,374,7.55,271666.69819,5.447,63.40584831357059,0.009622615583872729,6.584800000000001,7.570700000000005,0.6495047758725462,0.23733333333333337,0.0,0.32940305529068514,0.6587687360611704,5.974722222222223,7.294166666666666,rsi_bearish_divergence|double_top_90d|bull_flag|uptrend,2,2,mixte,365,0,0,30,,,31.0,57.0,89.5,47.0,35.8,58.02,False,False,,0,,,,58,78485182,78485182,10397946.26029266,10397946.26029266,13250000.0,100.0,,,
TKOUSDT,TKO,Speculative,,0.0654,469494.1695,3.318,59.45896346611827,0.00015714255056673595,0.058359999999999995,0.07850649999999995,0.6551841516482179,0.23172628304821147,0.03539823008849557,0.6232020018741365,0.5972778930857622,0.051436111111111106,0.064875,rsi_bearish_divergence|macd_bullish_cross|double_bottom_90d|downtrend,2,2,mixte,365,0,0,30,,,17.0,66.0,89.5,47.0,31.9,58.0,False,False,,0,,,,60,,,,,,,,,
RLCUSDT,RLC,Speculative,637,0.496,216966.5725,3.766,63.7785848176389,0.0037229853255632845,0.4349,0.5752449999999998,0.5714991053500567,0.2195652173913044,0.0,0.4973541259348481,0.6000659809801964,0.38122222222222224,0.47177777777777785,rsi_bearish_divergence|uptrend,1,1,mixte,365,0,0,30,,,17.0,57.0,100.0,47.0,38.3,57.97,False,False,,0,,,,60,35912285,43164564,72382548.06525737,86999784.9868455,86999784.9868455,83.2,,,
TFUELUSDT,TFUEL,Mid,336,0.01187,178799.85235,3.759,55.78624144952822,4.978305073347819e-05,0.0115768,0.01676634999999999,0.4066182134849104,0.33189389265885255,0.26588525601480556,0.2363051824491533,0.6401293597328157,0.011143055555555552,0.01476527777777778,macd_bullish_cross|support_bounce,2,0,haussier,365,0,0,30,,,31.0,57.0,83.5,47.0,60.8,57.96,False,False,,0,,,,63,87024694,87044818,7322217297.0,7323910484.0,,100.0,,,
MITOUSDT,MITO,Speculative,,0.06427,1321839.759778,15.781,88.20584112871403,0.001801509137372692,0.040857199999999996,0.060929349999999945,0.6887252185985836,0.2339337336001779,0.0,1.557443894320237,0.38366960357097757,0.03579527777777778,0.04928666666666666,double_bottom_90d|uptrend|doji_4h,2,0,haussier,254,0,0,30,,,14.0,57.0,89.5,68.0,67.3,57.96,False,False,,0,,,,55,,,,,,,,,
THETAUSDT,THETA,Mid,176,0.237,3457119.7484,10.233,68.11525370068522,0.0012975180745312242,0.18647999999999992,0.2752850000000001,0.8149265355278417,0.3529411764705883,0.0,0.6925604876048242,0.6294500409823214,0.15566666666666665,0.2212777777777778,macd_bullish_cross,1,0,haussier,365,0,0,30,,,31.0,57.0,77.5,68.0,59.5,57.93,False,False,,0,,,,59,236686753,236686753,1000000000.0,1000000000.0,1000000000.0,100.0,,,
RSRUSDT,RSR,Mid,250,0.002137,2093314.8020981,6.213,68.37932111482557,3.672318690608376e-05,0.0016732000000000003,0.0025127250000000012,0.8784591711581365,0.22240348015225658,0.01747126436781602,0.4132572068792966,0.5579037231552362,0.0014410833333333335,0.0018967777777777776,uptrend,1,0,haussier,365,0,0,30,,,31.0,48.0,89.5,68.0,59.1,57.88,False,False,,0,,,,58,133636425,213636521,62553174091.0,100000000000.0,100000000000.0,62.6,,,
JUVUSDT,JUV,Speculative,,0.51,622776.56226,2.204,52.83744419866004,0.0017560190060736253,0.5083400000000001,0.6441949999999999,0.4567769220499298,0.28376327769347504,0.2230652503793627,0.5969921529164937,0.45545321256268334,0.4879166666666666,0.6343888888888889,macd_bullish_cross|downtrend,1,1,mixte,365,0,0,30,,,17.0,66.0,83.5,57.5,42.5,57.88,False,False,,0,,,,61,,,,,,,,,
NMRUSDT,NMR,Mid,428,9.25,286887.4572,3.007,64.51613531821775,-0.016944827250482408,8.171600000000002,9.404099999999998,0.43782444254910813,0.2865232163080408,0.0,0.1583094673783526,0.46048553676476633,6.990555555555554,9.116111111111111,double_top_90d|bullish_engulfing_4h,1,1,mixte,365,0,0,30,,,31.0,57.0,88.0,47.0,39.5,57.84,False,False,,0,,,,59,64998060,98208954,7038919.562812458,10635470.15428396,11000000.0,66.2,,,
ILVUSDT,ILV,Speculative,550,5.34,793895.97226,8.097,71.62113773184677,0.02996302349410762,4.269400000000001,5.733400000000002,0.7962474163158,0.18795180722891572,0.0,0.8598189778162788,0.4674266585340296,3.497222222222222,4.917222222222225,macd_bullish_cross|double_bottom_90d,2,0,haussier,365,0,0,30,,,17.0,57.0,89.5,57.5,67.7,57.8,False,False,,0,,,,63,44337383,51355460,8285574.37706968,9597081.691314137,,86.3,,,
BANDUSDT,BAND,Speculative,566,0.244,338216.1959,4.721,65.76065428489267,0.0022828758604938873,0.21702000000000005,0.30516500000000024,0.6227453492572813,0.24031007751937983,0.054263565891472916,0.536718087419418,0.6306275997410101,0.2020277777777778,0.24833333333333332,macd_bullish_cross|double_bottom_90d|morning_star_4h,3,0,haussier,365,0,0,30,,,17.0,57.0,89.5,47.0,80.2,57.75,False,False,,0,,,,66,42872425,42980458,175540988.1000239,175983325.944484,,99.7,,,
APTUSDT,APT,Etabli,79,1.122,16447993.64696,7.885,70.42818957306021,0.01359016651452797,0.9472400000000001,1.5779100000000006,0.7245900033532382,0.27174887892376676,0.007964601769911414,0.4520361574436707,0.6256488027586056,0.8457499999999999,1.048055555555556,resistance_test,0,1,baissier,365,0,0,30,,,45.0,48.0,77.5,78.5,46.5,57.72,False,False,,0,,,,53,906284925,1349637449,807413817.7532139,1202398821.192641,2100000000.0,67.2,,,
SUPERUSDT,SUPER,Mid,354,0.1317,690130.4891,2.891,60.15015486208834,0.0004460799015773755,0.11782200000000005,0.18661150000000012,0.7973435256214614,0.284970238095238,0.04154518950437305,0.28585737281566703,0.4849754755813448,0.10529722222222222,0.13379444444444447,macd_bullish_cross|uptrend,2,0,haussier,365,0,0,30,,,31.0,57.0,77.5,57.5,68.7,57.66,False,False,,0,,,,64,84168758,131479879,640164549.0,1000000000.0,1000000000.0,64.0,,,
ARDRUSDT,ARDR,Speculative,554,0.04359,68712.32557,2.661,56.49177595166235,0.00021325165583265676,0.04315319999999999,0.052650749999999975,0.3170081238013125,0.146065100947672,0.09991759373712403,0.17385911006698848,0.7077356146114094,0.04167666666666667,0.04826916666666667,macd_bullish_cross|double_bottom_90d,2,0,haussier,365,0,0,30,,,17.0,57.0,92.0,47.0,67.7,57.65,False,False,,0,,,,66,43734978,43734978,998466231.0,998466231.0,,100.0,,,
MOVRUSDT,MOVR,Speculative,726,2.634,9373173.476226,4.857,60.48689910409452,-0.00463545468586396,1.6960800000000003,2.24813,3.4428677456996586,0.4318026045236464,0.09698423577793021,1.6231634490194238,0.24697972546657984,1.1154166666666663,2.533861111111111,,0,0,neutre,365,0,0,30,,,17.0,84.0,50.5,78.5,50,57.62,False,False,,0,,,,63,29875702,32637916,11425508.0,12481875.0,,91.5,,,
KAVAUSDT,KAVA,Mid,395,0.06665,657506.863684,0.316,63.80190281898635,0.0005628552518109919,0.056805199999999986,0.08116285000000004,0.600526736137923,0.26102189781021906,0.02817518248175184,0.23981195908764857,0.5455634342418384,0.050102500000000015,0.06506,uptrend|bullish_engulfing_4h,2,0,haussier,365,0,0,30,,,31.0,57.0,77.5,57.5,66.6,57.54,False,False,,0,,,,63,72123329,72123329,1082847035.0,1082847035.0,,100.0,,,
NEWTUSDT,NEWT,Speculative,,0.0821,632790.33852,3.141,62.19510873833382,0.000340185252862713,0.072984,0.09281149999999991,0.7714628597616847,0.17183462532299731,0.00962695547533087,0.43004299845123806,0.37097718801968194,0.06489166666666665,0.08082500000000001,macd_bullish_cross|double_bottom_90d,2,0,haussier,320,0,0,30,,,15.8,57.0,89.5,57.5,67.7,57.53,False,False,,0,,,,66,,,,,,,,,
DEXEUSDT,DEXE,Mid,102,11.932,1568136.4581,-2.02,54.126588618009805,-0.18383615863081393,10.23056,5.560994999999999,1.422588627378189,0.3166955825437075,0.20572534365407713,0.09988247063738619,0.01937590632664531,2.4578888888888883,13.09736111111111,,0,0,neutre,365,0,0,30,,,31.0,73.0,56.5,68.0,50,57.46,False,False,,0,,,,61,556877255,1149531148,46750552.58384035,96504599.33609451,,48.4,,,
CYBERUSDT,CYBER,Speculative,628,0.584,880238.95544,3.73,65.89823709745089,0.0047019023281752535,0.52426,0.6852249999999998,0.49249103016809026,0.23174603174603178,0.07460317460317467,0.22595146727092685,0.45701257819558827,0.49377777777777787,0.5971944444444444,macd_bullish_cross|uptrend,2,0,haussier,365,0,0,30,,,17.0,48.0,100.0,57.5,68.7,57.43,False,False,,0,,,,62,36531711,58307316,62653733.76,100000000.0,100000000.0,62.7,,,
TRBUSDT,TRB,Mid,463,20.75,2527055.29891,5.063,60.573591537534014,0.012581868684519826,17.2848,19.19585,1.5554905463038766,0.23506825938566558,0.11518771331058032,0.7628917454719324,0.4080120254126832,14.214444444444442,20.000833333333333,bullish_engulfing_4h,1,0,haussier,365,0,0,30,,,31.0,66.0,64.0,68.0,57.5,57.41,False,False,,0,,,,62,57791944,59236821,2786988.4421300376,2856666.936083518,,97.6,,,
GUSDT,G,Speculative,746,0.00399,461330.519,3.906,62.51370871010618,3.830403660112352e-05,0.0037389999999999997,0.004543200000000001,0.4666779903890361,0.40940766550522656,0.3048780487804879,0.5962470326764415,0.4270623269554158,0.0033502777777777784,0.004320555555555555,macd_bullish_cross|bullish_engulfing_4h,2,0,haussier,365,0,0,30,,,17.0,66.0,79.0,47.0,67.0,57.35,False,False,,0,,,,67,28885655,47925098,7232700000.0,12000000000.0,12000000000.0,60.3,,,
2ZUSDT,2Z,Mid,142,0.10084,1292905.17998,6.338,70.38955336506123,0.0014867201167150165,0.0825408,0.1111877,0.7081308094835844,0.20711592836946277,0.0,0.3658570285181975,0.5262762186504802,0.07100000000000001,0.09068916666666667,macd_bullish_cross|double_bottom_90d|resistance_test,2,1,haussier,220,0,0,30,,,27.0,48.0,89.5,68.0,64.2,57.33,False,False,,0,,,,59,349497061,1007073159,3469895583.8,9998478083.8,10000000000.0,34.7,,,
SKLUSDT,SKL,Speculative,540,0.00748,611001.47861,3.03,62.55212702739914,4.6279727027214644e-05,0.006679199999999999,0.009875150000000006,0.7722530483207175,0.20694444444444446,0.03488372093023259,0.25051406439519225,0.53680848250954,0.006113333333333335,0.007479444444444445,macd_bullish_cross,1,0,haussier,365,0,0,30,,,17.0,57.0,89.5,57.5,59.5,57.29,False,False,,0,,,,64,45514281,46335177,6094019337.0,6203931114.491759,7000000000.0,98.2,,,
GLMUSDT,GLM,Mid,238,0.1452,304019.10684,2.979,62.16001255211047,0.0006855672187472128,0.13243600000000003,0.1851675,0.48588041794758163,0.38800000000000007,0.2755,0.42628587873676466,0.5112247229439456,0.1251111111111111,0.17690833333333336,,0,0,neutre,365,0,0,30,,,31.0,57.0,83.5,47.0,50,57.28,False,False,,0,,,,60,144895767,144895767,1000000000.0,1000000000.0,,100.0,,,
RONINUSDT,RONIN,Speculative,,0.108,981178.364619,9.756,65.05620674798601,0.0007437358864879106,0.09267400000000003,0.1482680000000001,0.646855708350716,0.219626168224299,0.0,0.6903571596818295,0.5636413834820441,0.08576666666666664,0.10717499999999998,uptrend,1,0,haussier,365,0,0,30,,,17.0,57.0,89.5,57.5,59.1,57.26,False,False,,0,,,,61,,,,,,,,,
ROSEUSDT,ROSE,Mid,346,0.01123,2014471.622069,5.051,59.70967647690078,0.0001464507680410301,0.010580999999999998,0.01344729999999999,0.7721735702108217,0.3007407407407407,0.1688888888888888,0.4029198647435939,0.5064629717313996,0.009929166666666668,0.013172500000000004,macd_bullish_cross|double_bottom_90d,2,0,haussier,365,0,0,30,,,31.0,57.0,73.0,68.0,67.7,57.22,False,False,,0,,,,63,85140484,112181023,7589562121.0,10000000000.0,10000000000.0,75.9,,,
PUMPUSDT,PUMP,Etabli,84,0.002185,10192113.252054,9.032,69.6843188108482,4.173559824731379e-05,0.0018171,0.0024481749999999986,0.7829310285066171,0.3006423982869379,0.06552462526766592,0.3362162019075909,0.6979403940406417,0.001691944444444444,0.002153111111111111,,0,0,neutre,241,0,0,30,,,41.6,48.0,77.5,78.5,50,57.2,False,False,,0,,,,54,781147346,1894627353,358107807091.8361,868569610763.0587,1000000000000.0,41.2,,,
COTIUSDT,COTI,Speculative,562,0.01525,416954.22929,7.018,64.25365799294006,8.408993243641305e-05,0.013727999999999997,0.019776850000000002,0.6750240683837103,0.14082503556187762,0.0032615786040443378,0.2418543063621008,0.60728840951654,0.011598333333333335,0.014701388888888889,macd_bullish_cross|uptrend,2,0,haussier,365,0,0,30,,,17.0,57.0,89.5,47.0,68.7,57.02,False,False,,0,,,,66,42910062,42910494,2812684997.352413,2812713354.805226,4910000000.0,100.0,,,
SPKUSDT,SPK,Mid,303,0.038438,3850782.841137,2.398,60.968781438906724,-0.00042526176673700084,0.027608119999999996,0.026037774999999992,1.7843196479445156,0.31461799137399876,0.26008934072704876,0.9442330387652309,0.29050615653947637,0.019692361111111112,0.03893180555555557,rsi_bearish_divergence|uptrend,1,1,mixte,327,0,0,30,,,30.0,82.0,46.0,68.0,38.3,56.93,False,False,,0,,,,59,103041192,384494329,2679914482.640048,10000000000.0,10000000000.0,26.8,,,
WBTCUSDT,WBTC,Speculative,,80167.3,4776924.5069743,0.828,63.23865885583477,33.34518916309048,73479.9932,82724.64899999996,0.3319458078054385,0.11750558206030245,0.012962656265872872,0.3196531366040729,0.9996639018399414,65716.82638888889,78546.22861111112,resistance_test|uptrend,1,1,mixte,365,0,0,30,,,17.0,57.0,86.0,68.0,55.7,56.93,False,False,,0,,,,62,,,,,,,,,
BIGTIMEUSDT,BIGTIME,Speculative,747,0.01502,592045.04553,6.223,67.95941694681707,0.00014187246736212377,0.0130668,0.019078300000000003,0.563500752129924,0.28762949421084705,0.0810481413772091,0.5475819274611827,0.6591867750001734,0.012238888888888888,0.015369722222222224,macd_bullish_cross,1,0,haussier,365,0,0,30,,,17.0,57.0,88.0,57.5,59.5,56.88,False,False,,0,,,,60,28721907,75257385,1908245059.7925065,5000000000.0,5000000000.0,38.2,,,
CFXUSDT,CFX,Mid,144,0.06653,1796336.80611,1.511,63.267499237643996,0.0005576371581012094,0.05813420000000002,0.06862904999999997,0.8936262229822322,0.2570999248685199,0.018299881936245647,0.3134867999457906,0.5963622148578647,0.04774027777777778,0.06464722222222223,macd_bullish_cross|downtrend,1,1,mixte,365,0,0,30,,,31.0,57.0,77.5,68.0,42.5,56.86,False,False,,0,,,,58,345227206,346391436,5189835932.13,5207337923.37,,99.7,,,
RADUSDT,RAD,Speculative,,0.256,893085.7049,2.811,71.58099595817298,0.00022226184374432925,0.23189999999999997,0.2873450000000001,0.31322840180721695,0.15322580645161293,0.0,0.48296266356499884,0.5567480264675215,0.21736111111111117,0.25816666666666666,macd_bullish_cross,1,0,haussier,365,0,0,30,,,17.0,48.0,100.0,57.5,59.5,56.86,False,False,,0,,,,60,,,,,,,,,
BANANAS31USDT,BANANAS31,Mid,259,0.012734,3092630.882308,3.731,67.66557028567911,0.00033883508746205285,0.01107738,0.005940565,0.836002002347894,0.4064549986880084,0.16563893991078465,0.15460306334091384,0.016834003621115645,0.004539888888888889,0.013311527777777776,rsi_bearish_divergence|double_bottom_90d|uptrend,2,1,haussier,365,0,0,30,,,31.0,64.0,67.0,68.0,46.5,56.81,False,False,,0,,,,56,127198337,127198337,10000000000.0,10000000000.0,10000000000.0,100.0,,,
HOLOUSDT,HOLO,Speculative,512,0.0771,1322047.60642,2.39,72.8658405793303,0.001394442795824285,0.05957199999999999,0.07449250000000006,0.9375772803047712,0.21633888048411506,0.0,0.550007531759645,0.46470976624612537,0.05334722222222223,0.06828055555555557,,0,0,neutre,241,0,0,30,,,13.6,57.0,89.5,68.0,50,56.78,False,False,,0,,,,58,49494374,158209570,640697508.3643444,2048000000.0,2048000000.0,31.3,,,
BCHUSDT,BCH,Etabli,17,450.3,7183110.9185,-0.022,49.73928799671731,0.4861647916192764,451.35000000000014,518.8104999999997,0.3635465371589121,0.26178377431224814,0.21079376204660952,0.3034076909804668,0.6260778804871932,436.0888888888889,538.6083333333333,macd_bullish_cross|uptrend,2,0,haussier,365,0,0,30,,,45.0,37.0,83.5,78.5,68.7,56.73,False,False,,0,,,,59,9022202568,9022332055,20032006.14665078,20032293.64665078,21000000.0,100.0,,,
EGLDUSDT,EGLD,Mid,244,4.62,1127490.0567,6.697,67.17454609343625,0.04053290715049809,4.040200000000001,5.837999999999999,0.6668837827167783,0.2998102466793168,0.12333965844402268,0.5073165254147965,0.6999370843314972,3.780277777777777,4.7188888888888885,macd_bullish_cross,1,0,haussier,365,0,0,30,,,31.0,57.0,73.0,68.0,59.5,56.7,False,False,,0,,,,58,138113485,138113485,29892626.0,29892626.0,,100.0,,,
SCRUSDT,SCR,Speculative,,0.05499,759653.709087,6.323,71.09641023405945,0.0009463283219394221,0.04471640000000001,0.0745871,0.803141459678721,0.23007282031096238,0.0,0.7691782241867806,0.49989625612264477,0.040396388888888884,0.0504088888888889,,0,0,neutre,365,0,0,30,,,17.0,57.0,89.5,57.5,50,56.69,False,False,,0,,,,58,,,,,,,,,
RUNEUSDT,RUNE,Mid,187,0.593,8150611.4024,6.272,82.30674981753542,0.0074881772430918925,0.44695999999999997,0.5498000000000002,0.5484307907387453,0.1742919389978214,0.005033557046979871,0.45515467575953095,0.8000723600607973,0.38769444444444445,0.519138888888889,double_bottom_90d|uptrend,2,0,haussier,365,0,0,30,,,31.0,39.0,92.0,78.5,67.3,56.63,False,False,,0,,,,50,207826278,213514734,350536275.0,360130877.0,360130877.0,97.3,,,
MBLUSDT,MBL,Speculative,,0.000958,1225099.484147,2.68,54.82504242168836,2.269869378918683e-06,0.00094448,0.0011112750000000001,0.2620517258220309,0.14750957854406135,0.08620689655172416,0.49257356459151164,0.7025358001855577,0.0009000555555555557,0.0010046666666666667,macd_bullish_cross|double_top_90d|downtrend,1,2,baissier,365,0,0,30,,,17.0,57.0,92.0,68.0,24.5,56.6,False,False,,0,,,,56,,,,,,,,,
AAVEUSDT,AAVE,Etabli,58,96.94,19253282.37286,4.709,52.18672493866223,0.5315729618384284,97.52040000000005,144.284,0.9345229508237491,0.2996024011850004,0.24425040929289787,0.7178443619906856,0.6239069188003726,91.48638888888891,122.58,macd_bullish_cross,1,0,haussier,365,0,0,30,,,45.0,46.0,73.0,78.5,59.5,56.58,False,False,,0,🔥 Trending #14 sur CoinGecko,14,,58,1470764564,1550221979,15179911.874935383,16000000.0,16000000.0,94.9,,,
STGUSDT,STG,Speculative,729,0.2567,875051.51211,9.234,64.47564047796754,0.004883966181212869,0.22258399999999995,0.16185499999999997,0.9109820238073664,0.2895457033388068,0.0493918171765572,0.37879921754578727,0.20394655507775297,0.14330555555555557,0.25002222222222226,downtrend,0,1,baissier,365,0,0,30,,,17.0,73.0,71.5,57.5,33.0,56.57,False,False,,0,,,,59,30008097,30008097,116601346.62393346,116601346.62393346,1000000000.0,100.0,,,
TLMUSDT,TLM,Speculative,,0.002078,485330.92395,6.674,73.15525432771022,1.9740373625649426e-05,0.0017493600000000002,0.0021435500000000006,0.5237216128693724,0.13878222709818977,0.0,0.41216307938992225,0.4715593581048176,0.0015892777777777778,0.001960527777777778,macd_bullish_cross|double_bottom_90d,2,0,haussier,365,0,0,30,,,17.0,48.0,100.0,47.0,67.7,56.53,False,False,,0,,,,62,,,,,,,,,
IOUSDT,IO,Mid,482,0.1635,7288098.401556,3.285,76.47941779801599,0.0049074350580568145,0.11473599999999999,0.16254400000000022,1.0451823230354345,0.23199999999999998,0.022168963451168252,0.9481101057558783,0.49681020801565434,0.09952777777777778,0.13387500000000002,macd_bullish_cross|uptrend|doji_4h,2,0,haussier,365,0,0,30,,,31.0,48.0,79.0,78.5,68.7,56.46,False,False,,0,,,,51,54057018,130867439,330452296.5273317,799996882.7849586,800000000.0,41.3,,,
LISTAUSDT,LISTA,Speculative,662,0.0926,346211.66084,5.347,60.14257266654495,0.000704666731602505,0.08536199999999998,0.14056099999999996,0.8706034518321734,0.2481827622014537,0.03738317757009338,0.3945248658086439,0.41284630319342713,0.07925833333333336,0.09592777777777779,macd_bullish_cross,1,0,haussier,365,0,0,30,,,17.0,57.0,89.5,47.0,59.5,56.45,False,False,,0,,,,64,33702316,73667758,363974395.2441675,795588564.255041,1000000000.0,45.7,,,
NILUSDT,NIL,Speculative,714,0.06809,10670951.297404,-6.866,63.637875951528684,0.003755871580172122,0.040051199999999995,0.08232330000000002,2.9119126176704806,0.4774624373956594,0.2612554112554112,2.0824504227420984,0.12608132960635585,0.03346722222222222,0.06059472222222221,,0,0,neutre,365,0,0,30,,,17.0,84.0,46.0,78.5,50,56.4,False,False,,0,,,,67,30607700,68257167,448417374.996,1000000000.0,,44.8,,,
MEMEUSDT,MEME,Speculative,597,0.000628,1800693.535285,2.614,63.60346001441336,6.43827520851528e-06,0.0005534,0.0009274149999999996,0.8179947892307216,0.3701799485861183,0.19280205655527,0.5930109088638503,0.4780106186461835,0.0005113888888888889,0.0006977500000000001,,0,0,neutre,365,0,0,30,,,17.0,66.0,73.0,68.0,50,56.33,False,False,,0,,,,61,39703311,43286519,63288258966.66666,69000000000.0,69000000000.0,91.7,,,
REQUSDT,REQ,Mid,480,0.0727,959918.9054,5.977,51.7981664430863,-0.0002973322490505201,0.07024800000000003,0.09144950000000003,1.4839904090221057,0.31293881644934796,0.2688064192577732,0.5049772569503439,0.30462354132967573,0.06284444444444443,0.08295277777777776,uptrend,1,0,haussier,365,0,0,30,,,31.0,66.0,62.5,57.5,59.1,56.27,False,False,,0,,,,62,54274083,72877964,744291192.2591633,999416740.9347086,1000000000.0,74.5,,,
ATMUSDT,ATM,Speculative,,1.1,457089.51214,0.548,49.958542070201766,-0.0025212431102478276,1.0761399999999999,1.0518250000000002,0.5273516075254719,0.35413929040735875,0.2779237844940868,0.44100273778717924,0.030267214281606346,0.9972499999999997,1.4391944444444442,double_top_90d|downtrend,0,2,baissier,365,0,0,30,,,17.0,73.0,77.5,47.0,15.0,56.23,False,False,,0,,,,56,,,,,,,,,
WBETHUSDT,WBETH,Speculative,,2538.73,920970.004911,1.627,52.70226986810354,-7.429724286732721,2439.7032000000004,2905.0882,0.4518660541131462,0.15677387478164784,0.04140014348827562,0.21608681153853143,0.9256734580438112,2103.458611111111,2587.1633333333334,bullish_engulfing_4h,1,0,haussier,365,0,0,30,,,17.0,57.0,86.0,57.5,57.5,56.21,False,False,,0,,,,63,,,,,,,,,
AEURUSDT,AEUR,Speculative,,1.1689,4133.35393,0.473,58.42950827944039,-0.000132169358022124,1.1570459999999998,1.1629215000000002,0.06627401041949732,0.04887659289067741,0.019701542588866597,0.08604796318936123,0.3977304672356841,1.1405444444444441,1.1822666666666664,rsi_bearish_divergence|support_bounce|resistance_test|downtrend,1,3,baissier,365,0,0,30,,,17.0,57.0,100.0,47.0,10.0,56.19,False,False,,0,,,,53,,,,,,,,,
SUNUSDT,SUN,Mid,127,0.02028,489946.99671,0.198,72.13439249687669,0.0001530724385459645,0.018290200000000003,0.019226049999999984,0.3076380923468262,0.1516002245929253,0.0,0.2700481612613486,0.25598997212572505,0.015981944444444448,0.01917361111111111,rsi_bearish_divergence|uptrend,1,1,mixte,365,0,0,30,,,31.0,48.0,94.0,47.0,38.3,56.11,False,False,,0,,,,54,389848341,403631840,19221146111.66254,19900730000.0,19900730000.0,96.6,,,
YGGUSDT,YGG,Speculative,641,0.04819,1628620.572818,9.25,69.62297880098264,0.0005449138380743221,0.0394662,0.06247955000000002,0.7018909908925622,0.2968684759916492,0.005575056782985741,0.5333705595908361,0.46692810096663967,0.03564027777777778,0.044994166666666675,uptrend|bullish_engulfing_4h|morning_star_4h,3,0,haussier,365,0,0,30,,,17.0,57.0,77.5,68.0,79.1,56.1,False,False,,0,,,,63,35794324,48156691,743288689.0312867,1000000000.0,1000000000.0,74.3,,,
0GUSDT,0G,Mid,265,0.58,1294658.76011,4.129,58.82539645826387,0.002579830294240681,0.5441400000000003,0.8317250000000008,0.5990935991925511,0.3183139534883721,0.1569767441860465,0.29080022939277494,0.13066092695944378,0.5010833333333333,0.6701944444444445,macd_bullish_cross|downtrend,1,1,mixte,230,0,0,30,,,27.3,57.0,77.5,68.0,42.5,56.05,False,False,,0,,,,58,123586551,579675008,213199722.0,1000000000.0,,21.3,,,
SYNUSDT,SYN,Speculative,,0.0586,168210.50563,0.861,67.89299042400012,0.00044688760690504486,0.050872,0.057312500000000016,0.5051979012939861,0.21616871704745164,0.005093378607809875,0.1974026478747914,0.38976100389747836,0.04558055555555556,0.05631666666666667,macd_bullish_cross|doji_4h,1,0,haussier,365,0,0,30,,,17.0,48.0,100.0,47.0,59.5,56.02,False,False,,0,,,,60,,,,,,,,,
RIFUSDT,RIF,Mid,448,0.0614,1031181.5102,-0.968,72.79553934873753,0.0010871014774113887,0.042312,0.0385775,1.0411733469373239,0.34004474272930646,0.009661835748792324,0.32213621027470973,0.21876454330189438,0.03213333333333335,0.05120555555555555,macd_bullish_cross,1,0,haussier,365,0,0,30,,,31.0,64.0,61.0,68.0,59.5,55.99,False,False,,0,,,,58,61477680,61477680,1000000000.0,1000000000.0,,100.0,,,
ARPAUSDT,ARPA,Speculative,,0.0108,478481.10082,3.152,70.53729882146436,6.702963070693042e-05,0.009655399999999998,0.01231124999999999,0.38336721377337873,0.22674933569530556,0.04074402125775025,0.4053199099917906,0.4722884948538539,0.009119166666666668,0.010711944444444448,uptrend,1,0,haussier,365,0,0,30,,,17.0,48.0,100.0,47.0,59.1,55.99,False,False,,0,,,,60,,,,,,,,,
KGSTUSDT,KGST,Speculative,,0.0114,286548.79556,-0.175,48.12311413347091,-1.8865969383469582e-06,0.0114136,,0.04737468113564027,0.009615384615384678,0.0043668122270742096,1.2132040467505922,0.1465517405139827,0.011346666666666663,0.011457222222222225,macd_bearish_cross|support_bounce|resistance_test|doji_4h,1,2,baissier,137,0,0,30,,,10.8,63.0,94.0,47.0,19.4,55.97,False,False,,0,,,,57,,,,,,,,,
IOSTUSDT,IOST,Speculative,613,0.001157,278956.261727,3.953,64.53958104849315,9.593198674937734e-06,0.00108944,0.0015039900000000006,0.3417555015928933,0.22831050228310512,0.12024353120243543,0.447605479971053,0.7335525706035888,0.0010527222222222223,0.0012468333333333333,macd_bullish_cross,1,0,haussier,365,0,0,30,,,17.0,57.0,87.5,47.0,59.5,55.9,False,False,,0,,,,63,38073408,38073408,32913539824.0,32913539824.0,90000000000.0,100.0,,,
VELODROMEUSDT,VELODROME,Speculative,,0.01806,132738.961496,4.756,62.99396283445997,7.49053154012959e-06,0.015591599999999999,0.021507900000000007,0.7419123532553622,0.22280092592592599,0.0,0.47432892051293196,0.6387833830026908,0.0137225,0.017440277777777777,rsi_bearish_divergence|bull_flag|uptrend,2,1,haussier,365,0,0,30,,,17.0,57.0,89.5,47.0,50.8,55.9,False,False,,0,,,,62,,,,,,,,,
BATUSDT,BAT,Mid,211,0.1115,872652.2317,5.888,60.37261469418276,0.0010289980681467198,0.10047800000000003,0.158103,0.7033061322151571,0.3321114369501466,0.18401759530791786,0.4208317736201278,0.5338568157662759,0.09440833333333332,0.12568333333333334,uptrend,1,0,haussier,365,0,0,30,,,31.0,57.0,73.0,57.5,59.1,55.84,False,False,,0,,,,61,166597170,167073367,1495724656.9526057,1500000000.0,1500000000.0,99.7,,,
DYDXUSDT,DYDX,Mid,237,0.17476,5653522.1904285,2.517,63.97080325241543,0.0011415916214704662,0.12206320000000001,0.1704513,1.4738474294132198,0.294792586054722,0.10124955005913515,0.47398090715631236,0.39476940564347635,0.08504166666666667,0.15902166666666664,macd_bullish_cross|double_bottom_90d|uptrend,3,0,haussier,365,0,0,30,,,31.0,57.0,62.5,78.5,76.8,55.77,False,False,,0,,,,64,147067052,167861748,839623345.8570294,958342751.0,1000000000.0,87.6,,,
1MBABYDOGEUSDT,1MBABYDOGE,Speculative,,0.0004646,1752079.1075501,5.185,67.02622311765032,4.8070933471809514e-06,0.00041037,0.0005680290000000002,0.6280550200685805,0.1669984516699845,0.014222033538526852,0.9965296076921507,0.7508062721583341,0.0003722138888888889,0.0004438166666666666,macd_bullish_cross|resistance_test,1,1,mixte,365,0,0,30,,,17.0,57.0,81.5,68.0,56.0,55.73,False,False,,0,,,,59,,,,,,,,,
SUSHIUSDT,SUSHI,Mid,415,0.2475,3056607.42373,7.609,67.03688352722756,0.002741325202992695,0.20709399999999994,0.2926655000000001,0.6895058125739432,0.16763263486402138,0.010804321728691509,0.4925797067842105,0.7214104089324246,0.18993055555555552,0.22818333333333335,macd_bullish_cross,1,0,haussier,365,0,0,30,,,31.0,48.0,81.5,68.0,59.5,55.72,False,False,,0,,,,57,67569954,72149281,273012266.12632084,291514753.9009228,,93.7,,,
API3USDT,API3,Mid,477,0.3809,870829.358202,4.499,60.17768609445934,-0.0009026072606673693,0.313408,0.4123900000000001,1.1007079481555697,0.20382746051032805,0.01600413009808993,0.47729083512375003,0.36804885505247975,0.2701166666666667,0.380525,macd_bearish_cross|uptrend,1,1,mixte,365,0,0,30,,,31.0,57.0,79.0,57.5,30.8,55.69,False,False,,0,,,,55,54527105,64054083,143154426.2782652,168166373.6779725,,85.1,,,
XNOUSDT,XNO,Mid,437,0.474,107388.78334,3.268,50.51196089379098,0.000957582753719456,0.4670600000000001,0.6515249999999996,0.7086133733257168,0.27241379310344827,0.18448275862068964,0.2979068564985738,0.5094286496774485,0.4341111111111111,0.5609999999999999,macd_bullish_cross|uptrend,2,0,haussier,365,0,0,30,,,31.0,57.0,73.0,47.0,68.7,55.6,False,False,,0,,,,63,62844539,62844539,133248297.0,133248297.0,133248297.0,100.0,,,
MANTAUSDT,MANTA,Speculative,657,0.07357,1680809.333119,7.386,64.52099783066048,0.0005935545582261025,0.065163,0.08044594999999997,0.6339276917382053,0.27144592952612395,0.10741190765492103,0.7201719018270667,0.3801743530068336,0.06139138888888889,0.07573777777777779,shooting_star_4h,0,1,baissier,365,0,0,30,,,17.0,66.0,73.0,68.0,37.5,55.54,False,False,,0,,,,58,34374735,73672316,466589573.6684367,1000000000.0,1000000000.0,46.7,,,
EIGENUSDT,EIGEN,Mid,216,0.2198,6703484.14389,4.916,68.47867306390103,0.004303013358162019,0.177316,0.37553900000000057,0.9887647341964924,0.34061135371179047,0.04235807860262015,0.3340903470776829,0.5916581262477598,0.16059444444444437,0.21283333333333332,macd_bullish_cross|doji_4h,1,0,haussier,365,0,0,30,,,31.0,48.0,77.5,78.5,59.5,55.48,False,False,,0,,,,56,161761296,398066071,738871596.8337438,1818232913.956841,,40.6,,,
KAITOUSDT,KAITO,Mid,256,0.5302,861604.49279,4.288,72.68672193227155,0.00779754243280522,0.42976200000000003,0.5292635000000004,0.6896621256791443,0.17697664891437942,0.0,0.17618110683437962,0.29878274103401387,0.30985833333333335,0.4768111111111111,uptrend|doji_4h,1,0,haussier,365,0,0,30,,,31.0,48.0,83.5,57.5,59.1,55.41,False,False,,0,,,,57,127950001,530057543,241388889.0,1000000000.0,1000000000.0,24.1,,,
QUICKUSDT,QUICK,Speculative,,0.01141,147303.6428,3.258,60.37693858937451,8.747107845963332e-05,0.010311599999999999,0.011827750000000005,0.7696075106309394,0.23813559322033898,0.03389830508474571,0.22354835458859948,0.5754804628838612,0.009007499999999998,0.01153638888888889,macd_bullish_cross|double_top_90d,1,1,mixte,365,0,0,30,,,17.0,57.0,89.5,47.0,41.5,55.31,False,False,,0,,,,59,,,,,,,,,
DODOUSDT,DODO,Speculative,,0.02009,302380.303951,4.799,63.03953334632489,-5.9095936829119816e-05,0.0169144,0.019305349999999995,0.798997280326343,0.1909090909090909,0.03405275779376493,0.41514383217578854,0.3625974139985149,0.013968611111111112,0.019644166666666667,rsi_bearish_divergence|uptrend,1,1,mixte,365,0,0,30,,,17.0,57.0,89.5,47.0,38.3,55.11,False,False,,0,,,,59,,,,,,,,,
BLURUSDT,BLUR,Mid,386,0.02665,620236.144574,3.335,50.74451220839144,-0.0005093537581016765,0.023811600000000002,0.029394400000000015,1.3844247852114793,0.24678738317757007,0.22167056074766353,0.4690950946093333,0.22716401517952356,0.018231666666666663,0.02986750000000001,uptrend|bullish_engulfing_4h,2,0,haussier,365,0,0,30,,,31.0,57.0,68.5,57.5,66.6,55.08,False,False,,0,,,,62,74554395,80034946,2794569067.77968,3000000000.0,3000000000.0,93.2,,,
AXSUSDT,AXS,Mid,174,1.441,2890654.70192,4.496,61.01081664841363,0.002481666688852753,1.2074600000000002,1.278485,1.3532241480714058,0.3163913595933926,0.08618504435994938,0.442888017055024,0.3125463878203356,1.0881944444444445,1.4686388888888888,uptrend,1,0,haussier,365,0,0,30,,,31.0,57.0,67.0,68.0,59.1,55.04,False,False,,0,,,,60,249123225,388969827,172926705.8624142,270000000.0,270000000.0,64.0,,,
ERAUSDT,ERA,Speculative,,0.1458,229830.50066,2.532,60.41980201978011,0.0002768303231958154,0.13313799999999998,0.1885175000000001,0.5491175451833901,0.27256317689530685,0.12334536702767745,0.15904249343609508,0.5128255562603746,0.12429444444444446,0.15685000000000002,macd_bullish_cross|uptrend,2,0,haussier,297,0,0,30,,,15.1,57.0,83.5,47.0,68.7,54.98,False,False,,0,,,,65,,,,,,,,,
PSGUSDT,PSG,Speculative,,0.918,934736.43054,-2.236,68.16447382576976,0.017605875131129982,0.8267000000000002,0.8452749999999996,0.7742261000676535,0.20515574650913002,0.005370569280343721,0.7774578934681796,0.3043537778986197,0.6861388888888889,0.9143055555555555,rsi_bearish_divergence|macd_bullish_cross|downtrend,1,2,baissier,365,0,0,30,,,17.0,57.0,89.5,57.5,21.7,54.91,False,False,,0,,,,52,,,,,,,,,
PROVEUSDT,PROVE,Mid,478,0.2788,721592.01464,3.605,68.7952892979678,0.0033708041170288543,0.24309399999999998,0.378777,0.5154614683231815,0.3618792744573297,0.16919417187035388,0.19795083533152188,0.44991295695324257,0.22402500000000003,0.3196694444444444,uptrend,1,0,haussier,278,0,0,30,,,28.6,48.0,83.5,57.5,59.1,54.88,False,False,,0,,,,57,54313218,278529324,195000000.0,1000000000.0,1000000000.0,19.5,,,
ACHUSDT,ACH,Speculative,560,0.00871,5492162.09181,4.688,69.03804492909718,0.0001478337711176729,0.0066428,0.008568950000000002,0.9282025533614936,0.2770186335403727,0.009090909090909115,0.8843518031766371,0.37509701710737203,0.005993333333333334,0.008002777777777779,resistance_test,0,1,baissier,365,0,0,30,,,17.0,57.0,77.5,78.5,46.5,54.88,False,False,,0,,,,56,43043939,133617346,4943691067.145604,15346246087.99998,15346246087.99998,32.2,,,
ALPINEUSDT,ALPINE,Speculative,,0.492,229625.0464,3.145,66.1407490096193,0.0022600202237913723,0.4314800000000001,0.5269050000000001,0.5226277760288165,0.15250544662309368,0.0,0.13564915875931072,0.5423190917759396,0.3989722222222222,0.4745277777777778,macd_bullish_cross|double_top_90d,1,1,mixte,365,0,0,30,,,17.0,48.0,100.0,47.0,41.5,54.88,False,False,,0,,,,55,,,,,,,,,
ALTUSDT,ALT,Speculative,501,0.00838,1225860.85074,4.619,66.32244902049412,4.761105078741781e-05,0.007118599999999998,0.010743500000000003,0.6473474910486903,0.3322332233223323,0.07920792079207922,0.5675963453616925,0.5562578390241004,0.006430555555555554,0.00846277777777778,macd_bullish_cross,1,0,haussier,365,0,0,30,,,17.0,57.0,77.5,68.0,59.5,54.86,False,False,,0,,,,59,51595080,83714834,6163194441.0,10000000000.0,10000000000.0,61.6,,,
WOOUSDT,WOO,Speculative,606,0.0205,323112.90307,4.592,62.533198542032096,7.781493012676418e-05,0.018157999999999997,0.023678499999999988,0.6343296268443708,0.21890547263681598,0.0,0.11409605382077051,0.7661765336530125,0.01613333333333334,0.019747222222222225,macd_bullish_cross|uptrend,2,0,haussier,365,0,0,30,,,17.0,57.0,81.5,47.0,68.7,54.85,False,False,,0,,,,65,38665296,38665296,1888782088.294737,1888782088.294737,3000000000.0,100.0,,,
BBUSDT,BB,Speculative,,0.0337,1139375.74261,4.012,64.92286633600213,0.0003251770654159559,0.026578,0.05173200000000001,0.9591023398488842,0.3194029850746269,0.002949852507374716,0.424656547582171,0.5065130674337383,0.023427777777777787,0.03287777777777778,uptrend,1,0,haussier,365,0,0,30,,,17.0,57.0,77.5,68.0,59.1,54.84,False,False,,0,,,,62,,,,,,,,,
CETUSUSDT,CETUS,Speculative,728,0.03213,940185.228062,15.534,69.88687585199891,1.5380447790273345e-05,0.0239866,0.025768399999999997,1.20362291070978,0.323373676248109,0.0,1.0597478933911064,0.447907387623715,0.01574333333333333,0.029011666666666665,macd_bullish_cross|resistance_test|uptrend,2,1,haussier,365,0,0,30,,,17.0,66.0,67.0,57.5,65.2,54.81,False,False,,0,,,,61,30126514,32215877,935144927.0,1000000000.0,1000000000.0,93.5,,,
WAXPUSDT,WAXP,Speculative,669,0.00722,241054.46683,5.095,66.5610470370952,5.051231656721211e-05,0.006688800000000002,0.008096649999999997,0.3907742981520231,0.24697336561743344,0.12348668280871672,0.2363434110574105,0.4895742869594211,0.006207222222222223,0.007295277777777779,macd_bullish_cross,1,0,haussier,365,0,0,30,,,17.0,48.0,95.5,47.0,59.5,54.79,False,False,,0,,,,59,33253902,33253902,4600831755.81171,4600831755.81171,,100.0,,,
IQUSDT,IQ,Speculative,730,0.001152,108474.770239,3.318,65.31430639619794,8.090066535426427e-06,0.0010868399999999995,0.0014839399999999998,0.24939611989048224,0.2126836813611756,0.10982211910286171,0.26973935382057423,0.6602575957999655,0.0010492222222222218,0.0012367222222222222,macd_bullish_cross,1,0,haussier,365,0,0,30,,,17.0,48.0,95.5,47.0,59.5,54.79,False,False,,0,,,,59,29856473,29856473,25973959486.92899,25973959486.92899,60000000000.0,100.0,,,
XAIUSDT,XAI,Speculative,,0.0124,1217257.221669,9.735,71.75879240150701,0.00012308594283959122,0.0100854,0.014523299999999992,0.764646241254602,0.2631578947368421,0.0,1.0,0.49728331603947795,0.009074722222222222,0.011661666666666667,double_bottom_90d,1,0,haussier,365,0,0,30,,,17.0,57.0,77.5,68.0,58.2,54.78,False,False,,0,,,,58,,,,,,,,,
ACEUSDT,ACE,Speculative,,0.165,4994735.7796,27.907,79.23211227131573,0.004118261331476096,0.12235999999999998,0.20221499999999992,1.0882813070480715,0.3771428571428571,0.022857142857142722,5.765727370710546,0.34212732919752303,0.1147777777777778,0.17205555555555557,,0,0,neutre,365,0,0,30,,,17.0,66.0,67.0,68.0,50,54.69,False,False,,3,⚡ Volume ×5.8 vs médiane,,5.77,58,,,,,,,,,
USTCUSDT,USTC,Speculative,584,0.00735,1018519.44638,1.66,61.548943080204054,5.72770671108284e-05,0.0054266,0.0061329500000000025,1.218345139587068,0.18609022556390986,0.0845771144278607,0.24992960122257296,0.34923084212349476,0.004514444444444444,0.00663861111111111,,0,0,neutre,365,0,0,30,,,17.0,57.0,79.0,68.0,50,54.67,False,False,,0,,,,60,41054632,44756377,5577711736.966094,6080633425.777918,,91.7,,,
TURTLEUSDT,TURTLE,Speculative,,0.0559,713566.85234,3.519,62.825242150036296,0.00038954539731968696,0.04547200000000001,0.06261050000000001,0.982359313511046,0.1862068965517242,0.03793103448275863,0.32650393627248053,0.2046530720410534,0.03964444444444445,0.05170555555555556,uptrend,1,0,haussier,200,0,0,30,,,12.5,57.0,83.5,57.5,59.1,54.64,False,False,,0,,,,63,,,,,,,,,
TURBOUSDT,TURBO,Mid,321,0.001355,1103027.210754,3.12,70.48036802669081,1.607655681357285e-05,0.00111488,0.001493965,0.8430191805855447,0.27704918032786885,0.0,0.43568470101546636,0.47927169831831656,0.0009415277777777778,0.0012614444444444444,uptrend|doji_4h,1,0,haussier,365,0,0,30,,,31.0,48.0,77.5,68.0,59.1,54.61,False,False,,0,,,,56,93444460,93444460,69000000000.0,69000000000.0,69000000000.0,100.0,,,
REDUSDT,RED,Mid,459,0.1553,1363369.65038,5.862,63.441812001602834,0.0023389188340194097,0.134468,0.20746599999999993,0.812710116515659,0.4757281553398059,0.2267065271549576,0.34116256161003133,0.2386101430155308,0.11219166666666669,0.18706388888888884,,0,0,neutre,365,0,0,30,,,31.0,57.0,67.0,68.0,50,54.47,False,False,,0,,,,58,58945392,155361641,379407631.0,1000000000.0,1000000000.0,37.9,,,
IMXUSDT,IMX,Mid,219,0.1907,795612.966119,8.414,68.74130831214882,0.0014690967679021347,0.157752,0.24224199999999993,0.7592297445784466,0.27922077922077915,0.0,0.3875182111143905,0.642230459289554,0.1407861111111111,0.17942777777777774,macd_bullish_cross|uptrend,2,0,haussier,365,0,0,30,,,31.0,48.0,77.5,57.5,68.7,54.37,False,False,,0,,,,58,160626283,381333769,842444578.3296283,2000000000.0,2000000000.0,42.1,,,
BICOUSDT,BICO,Speculative,,0.0277,377616.419911,6.95,59.788631626464,4.0232818858561975e-05,0.023983999999999995,0.037556500000000013,1.1218339353665245,0.28735632183908055,0.07666666666666667,0.5179742494190819,0.5233655275785065,0.020122222222222222,0.026852777777777774,macd_bullish_cross|uptrend,2,0,haussier,365,0,0,30,,,17.0,66.0,67.0,47.0,68.7,54.19,False,False,,0,,,,65,,,,,,,,,
FLUXUSDT,FLUX,Speculative,658,0.0831,663777.442619,8.062,72.41235560365203,0.001175626205713833,0.060801999999999995,0.09014349999999993,0.9377566966536112,0.3845126835781041,0.0,0.7053280906503784,0.37679985945162847,0.05082500000000001,0.07366944444444445,macd_bullish_cross,1,0,haussier,365,0,0,30,,,17.0,57.0,77.5,57.5,59.5,54.02,False,False,,0,,,,59,34050139,34084689,408544946.4991484,408959486.4991484,440000000.0,99.9,,,
CGPTUSDT,CGPT,Speculative,,0.03064,625321.989124,3.794,68.6204963242366,0.00023319526538012375,0.02263500000000001,0.030200449999999993,0.8053085920219282,0.2768000000000001,0.005490956072351422,0.5169063183272324,0.40430879890671023,0.018870833333333337,0.027514722222222225,uptrend,1,0,haussier,365,0,0,30,,,17.0,57.0,77.5,57.5,59.1,54.0,False,False,,0,,,,59,,,,,,,,,
ZKCUSDT,ZKC,Speculative,,0.0809,929065.57713,6.029,61.58084112530001,0.0006234317460242837,0.07324799999999998,0.11423549999999995,0.6440996463278682,0.3503937007874015,0.20374015748031493,0.9320894495614456,0.5885029001655866,0.06950833333333334,0.0942027777777778,rsi_bearish_divergence|uptrend,1,1,mixte,237,0,0,30,,,13.5,66.0,73.0,57.5,38.3,53.98,False,False,,0,,,,59,,,,,,,,,
MIRAUSDT,MIRA,Speculative,,0.0881,394879.38293,3.892,59.35588726083899,0.0003697699861856745,0.08153999999999999,0.1280795,0.5937010856272689,0.31514581373471307,0.17215428033866426,0.2938012726606662,0.4284218772111538,0.07665000000000004,0.0969027777777778,macd_bullish_cross,1,0,haussier,226,0,0,30,,,13.2,57.0,83.5,47.0,59.5,53.98,False,False,,0,,,,63,,,,,,,,,
1000CATUSDT,1000CAT,Speculative,,0.00227,676171.390631,3.182,70.4468653342563,3.519360137240295e-05,0.0017994000000000005,0.0026419000000000004,0.9060028115093902,0.24019607843137264,0.004385964912280714,0.32605965681177534,0.6073441904027755,0.0015802777777777775,0.0020375000000000002,double_bottom_90d,1,0,haussier,365,0,0,30,,,17.0,48.0,89.5,57.5,58.2,53.91,False,False,,0,,,,58,,,,,,,,,
XPLUSDT,XPL,Mid,166,0.109,11786087.92356,1.679,56.055946870112436,0.0021528144623217567,0.10672000000000001,0.15207649999999998,1.0572187871160934,0.3711852377572747,0.227111426543648,0.4163496919562674,0.5147948598673152,0.08690555555555556,0.13016388888888886,macd_bullish_cross,1,0,haussier,227,0,0,30,,,27.2,57.0,62.5,78.5,59.5,53.85,False,False,,0,,,,59,272746000,1097579187,2505729166.6667,10083506944.4444,,24.8,,,
TWTUSDT,TWT,Mid,194,0.4734,632893.1287,4.388,67.5632396834265,0.005685348361449588,0.42826000000000003,0.7488840000000002,0.48738527624725075,0.3634446397188048,0.16783831282952547,0.2626225754083858,0.28330988572577154,0.39589166666666675,0.5308944444444443,uptrend,1,0,haussier,365,0,0,30,,,31.0,48.0,77.5,57.5,59.1,53.77,False,False,,0,,,,56,197077475,473004973,416649900.0,1000000000.0,,41.7,,,
QKCUSDT,QKC,Speculative,,0.003277,148036.451703,1.96,62.39378665215829,1.9855613978681467e-05,0.0030816999999999993,0.0038043700000000014,0.3230889077674634,0.25687372708757633,0.16700610997963336,0.27086544807150115,0.47723305110523645,0.0029735833333333337,0.003440027777777778,macd_bullish_cross|downtrend,1,1,mixte,365,0,0,30,,,17.0,57.0,83.5,47.0,42.5,53.74,False,False,,0,,,,59,,,,,,,,,
TSTUSDT,TST,Speculative,,0.0233,8589929.028934,3.006,65.21019764229256,0.0011166024138624946,0.011456599999999997,0.013656500000000009,3.184662151283165,0.3350210970464135,0.10744435917114353,2.2034962421905435,0.2795665911083387,0.008344722222222222,0.016155555555555555,uptrend,1,0,haussier,365,0,0,30,,,17.0,75.0,46.0,78.5,59.1,53.68,False,False,,0,,,,63,,,,,,,,,
SCRTUSDT,SCRT,Speculative,619,0.1112,258416.93905,2.112,58.345828963443516,-0.00011471586698855,0.094546,0.11716199999999995,0.9493517473118203,0.25183630640083937,0.028820960698690053,0.1424022598556955,0.6194610480648719,0.07460833333333333,0.11059444444444441,double_bottom_90d|uptrend,2,0,haussier,365,0,0,30,,,17.0,57.0,77.5,47.0,67.3,53.67,False,False,,0,,,,64,37751148,39426395,339603255.511729,354673511.581745,,95.8,,,
WIFUSDT,WIF,Mid,179,0.226,6102801.94602,4.147,70.6190036489256,0.004903259882796378,0.19036,0.296095,0.7644283151389243,0.3568627450980392,0.11372549019607842,0.4118062892030615,0.6420347085640142,0.17080555555555557,0.22833333333333336,doji_4h,0,0,neutre,365,0,0,30,,,31.0,48.0,73.0,78.5,50,53.65,False,False,,0,,,,53,226279978,226279978,998926392.0,998926392.0,998926392.0,100.0,,,
ZKUSDT,ZK,Mid,201,0.01942,5676950.588686,2.157,65.62271470588942,0.00042582426896688495,0.016644,0.027805999999999997,0.8052070551596665,0.3546712802768167,0.16133217993079588,0.4429167772593043,0.5214322523687225,0.01529722222222222,0.02138555555555556,,0,0,neutre,365,0,0,30,,,31.0,48.0,73.0,78.5,50,53.65,False,False,,0,,,,53,188216910,407336048,9703425807.0,21000000000.0,21000000000.0,46.2,,,
MAVUSDT,MAV,Speculative,,0.01653,357072.64777,6.234,61.47890122227122,3.453797663225658e-05,0.014726400000000002,0.022302699999999998,0.7231053476735374,0.28885037550548814,0.04332755632582327,0.32660108395783033,0.45130903958749474,0.013166666666666667,0.01674388888888889,macd_bullish_cross|bullish_engulfing_4h,2,0,haussier,365,0,0,30,,,17.0,57.0,77.5,47.0,67.0,53.65,False,False,,0,,,,64,,,,,,,,,
COOKIEUSDT,COOKIE,Speculative,,0.0197,1147623.4543,5.914,73.38576782460694,0.0003928375068749349,0.016689999999999997,0.035595999999999996,0.6473580971675035,0.33035714285714285,0.12053571428571433,0.802888339148645,0.5247940421229212,0.015752777777777786,0.020338888888888892,uptrend,1,0,haussier,365,0,0,30,,,17.0,57.0,73.0,68.0,59.1,53.61,False,False,,0,,,,58,,,,,,,,,
BNTUSDT,BNT,Speculative,629,0.3353,150470.6162,3.296,65.65294595396574,0.0013708814747418674,0.3034179999999999,0.37966799999999973,0.4264176364111368,0.16369778869778875,0.0,0.1948331083999198,0.8852836343302781,0.2757861111111111,0.32865,macd_bullish_cross|double_bottom_90d|shooting_star_4h,2,1,haussier,365,0,0,30,,,17.0,48.0,92.0,47.0,55.2,53.57,False,False,,0,,,,57,36218717,36218717,108040658.4082636,108040658.4082636,110542364.6372305,100.0,,,
BIOUSDT,BIO,Mid,291,0.0506,17984497.10879,9.524,60.64623479341796,0.0005103610460987194,0.028217999999999997,0.04177349999999998,2.8399897014384434,0.496875,0.16363636363636364,0.799146013017154,0.18796846655416896,0.01721111111111111,0.04393888888888889,uptrend,1,0,haussier,365,0,0,30,,,31.0,66.0,46.0,78.5,59.1,53.46,False,False,,0,,,,59,108423356,167813829,2145029070.25,3320000000.0,3320000000.0,64.6,,,
ZBTUSDT,ZBT,Speculative,544,0.1826,2562945.89415,-5.487,59.80650854062575,-0.0026472034179883565,0.12407000000000001,0.11565849999999993,1.7360282800979905,0.18081688848095465,0.16291877007801744,0.20256842593546737,0.16639791227621584,0.06885833333333335,0.18058333333333335,macd_bearish_cross|golden_cross|double_bottom_90d,2,1,haussier,205,0,0,30,,,12.6,73.0,58.0,68.0,42.4,53.36,False,False,,0,,,,59,44728661,182571786,244992188.30119348,1000000000.0,1000000000.0,24.5,,,
UMAUSDT,UMA,Speculative,534,0.512,467905.0998,3.434,69.01771186791407,0.003837198188643991,0.4384600000000001,0.647795,0.5779489401806531,0.28990825688073396,0.06238532110091748,0.33617151221249203,0.4222170208104491,0.40083333333333354,0.5167777777777778,macd_bullish_cross|uptrend,2,0,haussier,365,0,0,30,,,17.0,48.0,88.0,47.0,68.7,53.32,False,False,,0,,,,60,46171842,65691806,90402732.42381667,128622089.4685933,,70.3,,,
STEEMUSDT,STEEM,Speculative,676,0.05969,467906.29648,-0.033,54.66179442843822,0.0003546810934246952,0.058517200000000005,0.06581529999999997,0.44817410902151594,0.30176544766708696,0.2466582597730138,0.4096068781717493,0.2277550395187921,0.0516075,0.06610916666666666,macd_bullish_cross,1,0,haussier,365,0,0,30,,,17.0,57.0,77.5,47.0,59.5,53.18,False,False,,0,,,,62,32630032,32630039,546954585.898,546954696.373,,100.0,,,
ACXUSDT,ACX,Speculative,679,0.0461,317752.98768,1.991,59.26561778435119,0.00022233075694302233,0.043427999999999994,0.049285500000000024,0.4242141517314622,0.31239669421487604,0.2363636363636364,0.4166383598622871,0.16041472939917484,0.033641666666666646,0.04736111111111113,macd_bullish_cross,1,0,haussier,365,0,0,30,,,17.0,57.0,77.5,47.0,59.5,53.18,False,False,,0,,,,62,32520325,46150532,704657633.0,1000000000.0,1000000000.0,70.5,,,
EPICUSDT,EPIC,Speculative,,0.351,430660.7513,2.332,62.75109083392648,0.0026077384005057033,0.28629999999999994,0.4739650000000002,0.8733019467092646,0.27244582043343657,0.01960784313725492,0.19336122723722718,0.44702138987640216,0.24841666666666676,0.3315555555555556,uptrend,1,0,haussier,365,0,0,30,,,17.0,57.0,77.5,47.0,59.1,53.16,False,False,,0,,,,62,,,,,,,,,
BMTUSDT,BMT,Speculative,,0.01819,193736.128749,5.449,70.76420722461376,0.00023948820500644855,0.015488,0.022150250000000003,0.6274476751210004,0.22478873239436614,0.0,0.3084814218897763,0.5495199712267052,0.01427166666666667,0.017461388888888887,macd_bullish_cross,1,0,haussier,365,0,0,30,,,17.0,48.0,89.5,47.0,59.5,53.16,False,False,,0,,,,58,,,,,,,,,
EDENUSDT,EDEN,Speculative,,0.0434,822680.8639,10.714,70.71892281489168,0.0005900315482424729,0.033846,0.05973799999999998,0.7784004908327181,0.3725961538461538,0.0,0.6734214079041366,0.33042227912206745,0.029816666666666658,0.040119444444444444,uptrend,1,0,haussier,222,0,0,30,,,13.1,57.0,77.5,57.5,59.1,53.14,False,False,,0,,,,59,,,,,,,,,
INITUSDT,INIT,Speculative,,0.1054,1128553.61632,2.529,63.086774447922046,0.0014448313337654204,0.08625599999999999,0.09592450000000007,0.921443242935669,0.40848389630793397,0.17203456402199532,0.2887082049570758,0.0518919491255947,0.07376944444444444,0.10488888888888886,macd_bullish_cross|double_bottom_90d|uptrend,3,0,haussier,365,0,0,30,,,17.0,57.0,67.0,68.0,76.8,53.09,False,False,,0,,,,64,,,,,,,,,
C98USDT,C98,Speculative,,0.0232,425365.1802,5.455,59.70216444366426,0.00039214411301729494,0.022891999999999992,0.026230000000000007,0.7014957310420795,0.4104938271604938,0.2839506172839506,0.6146330965691678,0.23949155531181338,0.020408333333333334,0.030530555555555547,,0,0,neutre,365,0,0,30,,,17.0,66.0,67.0,47.0,50,53.01,False,False,,0,,,,61,,,,,,,,,
BEAMXUSDT,BEAMX,Speculative,,0.00212,527138.237814,5.159,66.4245399082465,1.3023124414884547e-05,0.0018770400000000002,0.002760690000000002,0.45976980352110436,0.36737136019146394,0.153968887116075,0.4654418445050243,0.6244623300312807,0.001728527777777778,0.0023142222222222227,macd_bullish_cross|uptrend,2,0,haussier,365,0,0,30,,,17.0,48.0,83.5,57.5,68.7,52.94,False,False,,0,,,,59,,,,,,,,,
AMPUSDT,AMP,Mid,368,0.000919,673525.467134,3.375,51.215709681394074,1.0133250573750496e-05,0.0009557199999999999,0.001699499999999999,0.4578312345260237,0.47315855181023714,0.42571785268414475,0.7656825530521848,0.5180034549285637,0.0008729722222222224,0.0015382222222222225,,0,0,neutre,365,0,0,30,,,31.0,46.0,79.0,57.5,50,52.87,False,False,,0,,,,56,79578387,91443621,86781022996.56946,99720178909.70996,100000000000.0,87.0,,,
PIVXUSDT,PIVX,Speculative,,0.0805,509963.076,-0.248,57.39449026332467,0.0017026482636110798,0.08044599999999999,0.1343145000000001,0.8415836350728978,0.3421052631578947,0.1852226720647773,0.4164387783265912,0.5418944675280475,0.07173333333333332,0.09498888888888886,macd_bullish_cross,1,0,haussier,365,0,0,30,,,17.0,57.0,73.0,57.5,59.5,52.8,False,False,,0,,,,61,,,,,,,,,
ACTUSDT,ACT,Speculative,,0.0165,875097.55186,4.43,64.58381744791912,0.00016679428192382896,0.013690000000000003,0.019204999999999993,1.2399941802897434,0.2839506172839506,0.0236686390532543,0.5083774319772768,0.5075974420918006,0.012025,0.01583888888888889,downtrend,0,1,baissier,365,0,0,30,,,17.0,66.0,67.0,57.5,33.0,52.78,False,False,,0,,,,56,,,,,,,,,
BOMEUSDT,BOME,Speculative,568,0.000618,1934200.090132,1.812,66.73539911251166,6.004773006963905e-06,0.00046889999999999996,0.0005912550000000002,1.3892582523073482,0.23590814196242169,0.01751592356687889,0.4414935345400948,0.4911528751989805,0.0003730555555555556,0.0005805833333333335,macd_bullish_cross|uptrend,2,0,haussier,365,0,0,30,,,17.0,48.0,79.0,68.0,68.7,52.55,False,False,,0,,,,59,42601810,42601810,68999659569.0,68999659569.0,68999659569.0,100.0,,,
TREEUSDT,TREE,Speculative,,0.0721,711649.74885,2.56,57.86301872940432,5.2009786901440706e-05,0.06524399999999998,0.09750749999999998,0.8222791848816181,0.2688311688311688,0.062337662337662324,0.24903078007007848,0.378710741167272,0.05913055555555555,0.07606944444444445,macd_bullish_cross|double_top_90d,1,1,mixte,285,0,0,30,,,14.8,57.0,77.5,57.5,41.5,52.41,False,False,,0,,,,57,,,,,,,,,
ARKMUSDT,ARKM,Mid,335,0.1408,2489514.89747,-0.283,65.04706216242471,0.0022590462043576096,0.11117600000000002,0.17733900000000014,1.0161421192322586,0.25396825396825395,0.02220680083275509,0.224743554146066,0.5457557851907804,0.09672222222222228,0.13036666666666671,macd_bullish_cross|uptrend,2,0,haussier,365,0,0,30,,,31.0,48.0,67.0,68.0,68.7,52.35,False,False,,0,,,,57,87737558,140884958,622760291.0,1000000000.0,1000000000.0,62.3,,,
BANANAUSDT,BANANA,Speculative,,4.28,671039.75484,1.422,68.02479798104548,0.040492907196635675,3.6567999999999987,6.182249999999998,0.547823984762202,0.3388090349075975,0.12114989733059545,0.34985919661625137,0.5915988619766425,3.340277777777778,4.712777777777778,uptrend,1,0,haussier,365,0,0,30,,,17.0,48.0,83.5,57.5,59.1,52.34,False,False,,0,,,,57,,,,,,,,,
AVAUSDT,AVA,Speculative,,0.2904,251571.86002,3.493,71.91159102538849,0.0012994615968220206,0.22810799999999998,0.2731085,0.6700273277909662,0.18966272448532634,0.0,0.26888660394330116,0.5326828789209797,0.19091111111111114,0.26721944444444445,rsi_bearish_divergence|double_bottom_90d|uptrend,2,1,haussier,365,0,0,30,,,17.0,48.0,89.5,47.0,46.5,52.34,False,False,,0,,,,55,,,,,,,,,
ENJUSDT,ENJ,Mid,309,0.05133,1470546.27834,2.701,50.23762166356604,-0.001982103813768104,0.04196839999999999,0.03257200000000002,2.2890085021366327,0.4540089086859689,0.42817371937639204,0.21792596866318747,0.023484468002091953,0.018533888888888888,0.0646361111111111,downtrend,0,1,baissier,365,0,0,30,,,31.0,73.0,41.5,68.0,33.0,52.31,False,False,,0,,,,54,100616393,101921017,1962452612.586293,1987898384.551889,,98.7,,,
SLPUSDT,SLP,Speculative,739,0.000807,576443.499356,3.462,73.59850140017926,8.8950788699656e-06,0.0006496199999999997,0.0007825449999999997,0.5486901858525288,0.2756132756132757,0.0,0.3057565626177525,0.596572006667751,0.0005477222222222222,0.000732638888888889,rsi_bearish_divergence|macd_bullish_cross,1,1,mixte,365,0,0,30,,,17.0,48.0,88.0,57.5,38.7,52.28,False,False,,0,,,,53,29325613,29325613,36342846143.0,36342846143.0,,100.0,,,
AXLUSDT,AXL,Mid,339,0.0744,1245792.710098,2.479,59.83121505894319,0.0005377340660505693,0.055437999999999994,0.085839,1.8710135220067525,0.32232704402515727,0.09599027946537064,0.42286122926558706,0.319366245638779,0.045675,0.07062222222222221,uptrend,1,0,haussier,365,0,0,30,,,31.0,57.0,56.5,68.0,59.1,52.18,False,False,,0,,,,58,86946238,92446816,1166263225.489963,1240045846.972871,,94.1,,,
1000CHEEMSUSDT,1000CHEEMS,Speculative,,0.000639,699074.886354,1.108,62.7537059620212,-4.0890813613530874e-07,0.0005186200000000001,0.0008113150000000001,0.8866467203082837,0.273224043715847,0.012345679012345644,0.25086198580891195,0.6267125088988182,0.0004210833333333334,0.00061975,macd_bearish_cross|double_bottom_90d,1,1,mixte,365,0,0,30,,,17.0,57.0,77.5,57.5,29.9,52.15,False,False,,0,,,,55,,,,,,,,,
VANRYUSDT,VANRY,Speculative,,0.005935,353110.725998,4.489,65.8140206705536,7.526737449636167e-05,0.00533912,0.0079236,0.5949286655417292,0.37719409016289945,0.2476322768026267,0.2524765174369676,0.41185954738661407,0.004910972222222221,0.006368444444444444,macd_bullish_cross|uptrend,2,0,haussier,365,0,0,30,,,17.0,48.0,83.5,47.0,68.7,52.1,False,False,,0,,,,59,,,,,,,,,
TRUMPUSDT,TRUMP,Etabli,100,2.487,14915911.518543,3.841,42.7882394733066,0.017350762783048035,2.7971000000000004,4.542089999999998,0.6203238394821027,0.4288537549407115,0.38661067193675885,0.5670289775202868,0.41045234091130806,2.4839444444444445,3.668444444444445,macd_bullish_cross,1,0,haussier,365,0,0,30,,,45.0,37.0,68.5,78.5,59.5,52.07,False,False,,0,,,,51,577236617,2482750871,232498807.465716,1000000000.0,1000000000.0,23.2,,,
DOLOUSDT,DOLO,Speculative,,0.03679,395384.743919,9.202,62.711948099788394,0.0004471685989145567,0.03303119999999998,0.04367924999999999,0.8785488025913216,0.27600387034349305,0.11151427189163045,0.2462395588275405,0.32709957866323713,0.031036944444444443,0.038781944444444445,macd_bullish_cross|double_bottom_90d,2,0,haussier,256,0,0,30,,,14.0,57.0,73.0,47.0,67.7,51.82,False,False,,0,,,,63,,,,,,,,,
METISUSDT,METIS,Speculative,742,3.96,950538.96752,4.485,63.3846354742927,0.03327947718017356,3.2771999999999992,5.135649999999999,1.4280357744708705,0.2691292875989446,0.09382151029748287,0.40643801258618284,0.5764436934940097,2.886666666666667,3.8674999999999997,macd_bullish_cross|uptrend,2,0,haussier,365,0,0,30,,,17.0,57.0,67.0,57.5,68.7,51.74,False,False,,0,,,,62,29126291,39582185,7358434.342,10000000.0,10000000.0,73.6,,,
DGBUSDT,DGB,Mid,407,0.00383,224673.803673,2.681,41.13100634189992,7.237278138973115e-07,0.0041844,0.0054251499999999975,0.47360252235079225,0.2479508196721311,0.21516393442622947,0.5235518844580075,0.614911867934203,0.0037836111111111117,0.0047,macd_bullish_cross|double_top_90d|support_bounce|downtrend|doji_4h,2,2,mixte,365,0,0,30,,,31.0,37.0,95.5,47.0,25.8,51.71,False,False,,0,,,,48,69798388,69808019,18275654003.18204,18278175789.22754,21000000000.0,100.0,,,
TOWNSUSDT,TOWNS,Speculative,,0.0038,644190.20319,4.11,62.973877932036046,5.845038375333302e-05,0.0034114000000000006,0.005745399999999996,0.7394578113244504,0.29262672811059914,0.12211981566820278,0.29400970460161885,0.33794266655504085,0.003149444444444444,0.0042177777777777795,,0,0,neutre,278,0,0,30,,,14.6,57.0,73.0,57.5,50,51.67,False,False,,0,,,,59,,,,,,,,,
CATIUSDT,CATI,Speculative,750,0.0685,1077657.6059,-0.725,79.52206165670836,0.002149715305129125,0.05089599999999999,0.0550965,0.6985926021630782,0.21441124780316348,0.01580459770114928,0.5827422714397668,0.1955819693686838,0.03876944444444446,0.058061111111111105,downtrend,0,1,baissier,365,0,0,30,,,17.0,48.0,83.5,68.0,33.0,51.53,False,False,,0,,,,43,28670334,68461463,418780624.57,1000000000.0,1000000000.0,41.9,,,
CTKUSDT,CTK,Speculative,725,0.1906,248501.13815,2.639,65.32419529293563,0.000761149047400789,0.17338200000000004,0.22837949999999996,0.3725409839696986,0.370668815471394,0.23207091055600326,0.2890814599382334,0.42802944328748604,0.160425,0.21913611111111111,macd_bullish_cross,1,0,haussier,365,0,0,30,,,17.0,48.0,83.5,47.0,59.5,51.52,False,False,,0,,,,57,30055415,30280487,157764712.0,158946145.0,,99.3,,,
AIUSDT,AI,Speculative,533,0.0237,984145.25698,3.043,57.540845562185616,0.00023471627930938697,0.020408,0.03491700000000002,1.806244170679811,0.289795918367347,0.059055118110236136,0.5803101463503813,0.33645568668973713,0.01826666666666667,0.024658333333333334,double_bottom_90d,1,0,haussier,365,0,0,30,,,17.0,66.0,56.5,57.5,58.2,51.51,False,False,,0,,,,61,46267862,354631237,1304675313.0,10000000000.0,10000000000.0,13.0,,,
TUTUSDT,TUT,Speculative,,0.01359,867005.50358,2.334,63.88284403419459,0.00022243919238912823,0.0104184,0.013471450000000005,1.3363467333769379,0.32324058919803605,0.019438444924406006,0.4989566861907383,0.42364610067118114,0.008808333333333333,0.012480000000000002,resistance_test|uptrend|bullish_engulfing_4h,2,1,haussier,365,0,0,30,,,17.0,57.0,67.0,57.5,63.2,51.39,False,False,,0,,,,61,,,,,,,,,
FORMUSDT,FORM,Mid,286,0.2913,1710688.59144,6.236,58.40597042985529,0.001334133433226456,0.25077800000000006,0.3227919999999999,1.041776888888736,0.38904193449647995,0.10866238138965405,0.2471570266240915,0.4098779957862291,0.19938333333333336,0.29954444444444434,downtrend|shooting_star_4h,0,2,baissier,365,0,0,30,,,31.0,57.0,62.5,68.0,20.5,51.38,False,False,,0,,,,50,111221206,166686484,381867255.14,572301922.1,580000000.0,66.7,,,
MLNUSDT,MLN,Speculative,,3.2,246547.29334,2.894,56.29964831834985,0.02559563212599781,3.1611999999999996,4.419999999999999,0.6957582691596204,0.2849740932642487,0.16839378238341968,0.22823213917143634,0.5386820622401621,3.007777777777777,3.7999999999999994,,0,0,neutre,365,0,0,30,,,17.0,57.0,73.0,47.0,50,51.36,False,False,,0,,,,59,,,,,,,,,
VICUSDT,VIC,Speculative,,0.0497,214366.278336,3.542,49.08444447859138,-0.0004544841265840721,0.04883199999999999,0.07803150000000005,0.9887895828911516,0.3316582914572865,0.16750418760469013,0.2617205114373449,0.32083862093077137,0.042866666666666664,0.0585861111111111,,0,0,neutre,365,0,0,30,,,17.0,57.0,73.0,47.0,50,51.36,False,False,,0,,,,59,,,,,,,,,
QIUSDT,QI,Speculative,,0.0019,160811.69274,3.261,63.64932260274367,1.6910597400176236e-05,0.0015855999999999997,0.00279375,0.8859414499226952,0.3982300884955751,0.15486725663716808,0.31622616255769526,0.5661911493115487,0.0014186111111111114,0.002150555555555556,,0,0,neutre,365,0,0,30,,,17.0,57.0,73.0,47.0,50,51.36,False,False,,0,,,,59,,,,,,,,,
PENDLEUSDT,PENDLE,Mid,139,2.079,12738915.4174,6.071,77.88676527028618,0.059791512025712756,1.31118,1.8210850000000005,1.2144615329077866,0.26415094339622636,0.0,0.5975141744001712,0.6489145838967026,1.0688611111111108,1.601722222222222,rsi_bearish_divergence|uptrend,1,1,mixte,365,0,0,30,,,31.0,48.0,67.0,78.5,38.3,51.28,False,False,,0,,,,41,353197973,585783697,169746827.6012924,281527448.4585314,,60.3,,,
ALCXUSDT,ALCX,Speculative,,5.62,155669.636402,2.93,61.12665288909676,0.028734373866582452,5.168799999999999,6.924349999999999,0.4469314539091103,0.3333333333333333,0.19943019943019938,0.3536434953003619,0.2091519342609095,4.550833333333332,5.836666666666666,rsi_bearish_divergence,0,1,baissier,365,0,0,30,,,17.0,57.0,77.5,47.0,29.2,51.27,False,False,,0,,,,54,,,,,,,,,
SHELLUSDT,SHELL,Speculative,,0.0408,554812.89351,2.771,69.2822736986995,0.00032029020911476845,0.03218,0.049154,0.8513109626432921,0.25626740947075205,0.0,0.33203682662720807,0.3813601580598351,0.02777222222222222,0.03770277777777778,double_bottom_90d|uptrend,2,0,haussier,365,0,0,30,,,17.0,48.0,77.5,57.5,67.3,51.22,False,False,,0,,,,58,,,,,,,,,
AGLDUSDT,AGLD,Speculative,,0.27,164758.8383,3.846,57.918873032598675,0.0005364105228456086,0.25296,0.2769550000000001,0.56450961074507,0.44587628865979384,0.30412371134020616,0.10861504112381443,0.21930538150326492,0.22102777777777777,0.29158333333333336,rsi_bearish_divergence|macd_bullish_cross|double_bottom_90d,2,1,haussier,365,0,0,30,,,17.0,57.0,73.0,47.0,46.9,51.16,False,False,,0,,,,58,,,,,,,,,
DYMUSDT,DYM,Speculative,,0.0263,10282373.7591,33.503,72.20834067741627,0.000957858178346875,0.021348,0.05602550000000002,1.1764540876038692,0.6852886405959032,0.5121042830540037,9.356740358717413,0.2736037655765608,0.017947222222222222,0.04449166666666666,breakout_30d,1,0,haussier,365,0,0,30,,,17.0,75.0,38.5,78.5,51.2,51.14,False,False,,3,⚡ Volume ×9.4 vs médiane,,9.36,64,,,,,,,,,
CITYUSDT,CITY,Speculative,,0.649,521060.87576,5.528,55.01880176593645,-0.004148386362189917,0.59526,0.6224449999999995,0.6979732588124269,0.30097087378640774,0.1379310344827586,0.41780137429787323,0.19250047764472594,0.5138333333333334,0.7073888888888891,uptrend,1,0,haussier,365,0,0,30,,,17.0,57.0,67.0,57.5,59.1,51.14,False,False,,0,,,,60,,,,,,,,,
DOGSUSDT,DOGS,Speculative,582,8.01e-05,13360043.4131409,-2.791,79.04572878806762,5.712777841827221e-06,3.436e-05,3.9052e-05,2.431351162333739,0.29378531073446323,0.08495981630309993,2.9633877254870424,0.260913050887789,2.6094444444444438e-05,4.544166666666667e-05,doji_4h,0,0,neutre,365,0,0,30,,,17.0,66.0,50.5,78.5,50,51.04,False,False,,0,,,,51,41304178,43961874,516750000000.0,550000000000.0,550000000000.0,94.0,,,
RAREUSDT,RARE,Speculative,,0.0187,730475.49842,5.056,60.25801142469759,5.628174491491289e-05,0.016047999999999996,0.0217015,2.028846286294659,0.32682926829268294,0.22175732217573232,0.5029441391289973,0.36217731773023765,0.014430555555555554,0.02008333333333334,macd_bullish_cross|uptrend,2,0,haussier,365,0,0,30,,,17.0,66.0,52.0,57.5,68.7,50.94,False,False,,0,,,,63,,,,,,,,,
MUBARAKUSDT,MUBARAK,Speculative,,0.01626,1318369.96779,3.238,61.48514297399651,0.00017768980027574625,0.013176200000000002,0.016353649999999987,1.1768434915279908,0.4693579766536965,0.21011673151750962,0.2733354097073887,0.4114449660476747,0.011478333333333333,0.017157500000000006,uptrend|doji_4h,1,0,haussier,365,0,0,30,,,17.0,57.0,62.5,68.0,59.1,50.75,False,False,,0,,,,59,,,,,,,,,
MAGICUSDT,MAGIC,Speculative,,0.0716,697379.26876,5.761,66.1938232483846,0.0004972625767677332,0.06273800000000002,0.08637450000000005,0.6757037488066424,0.27473958333333326,0.061197916666666616,0.26683131638629237,0.5390594015364769,0.057816666666666655,0.07191666666666667,macd_bullish_cross,1,0,haussier,365,0,0,30,,,17.0,48.0,77.5,57.5,59.5,50.73,False,False,,0,,,,56,,,,,,,,,
PONDUSDT,POND,Speculative,,0.00208,265188.37396,-0.478,36.69394458064769,-2.7625803392274372e-05,0.0022638,0.0034482999999999988,0.6964167513165691,0.2313432835820895,0.22388059701492546,1.2060993482384201,0.5703378261655673,0.00212,0.002598888888888889,doji_4h,0,0,neutre,365,0,0,30,,,17.0,46.0,85.0,47.0,50,50.6,False,False,,0,,,,54,,,,,,,,,
BARUSDT,BAR,Speculative,,0.471,530500.91723,1.728,52.36318727060913,0.005626138376908792,0.5000600000000001,0.5527800000000004,0.4725500714630566,0.259581881533101,0.17770034843205573,0.5497043260267214,0.37689172069505616,0.4458055555555556,0.5614722222222222,macd_bullish_cross|double_top_90d,1,1,mixte,365,0,0,30,,,17.0,46.0,83.5,57.5,41.5,50.5,False,False,,0,,,,55,,,,,,,,,
RPLUSDT,RPL,Speculative,536,2.04,134338.6955,5.155,65.42078073962642,0.014355409669873163,1.8133999999999995,2.164350000000001,0.521086646610585,0.42647058823529416,0.24632352941176483,0.22423661251540355,0.39207611896293293,1.6313888888888892,2.2324999999999995,macd_bullish_cross|downtrend,1,1,mixte,365,0,0,30,,,17.0,48.0,83.5,47.0,42.5,50.45,False,False,,0,,,,53,45970570,45970570,22450907.78720867,22450907.78720867,,100.0,,,
PNUTUSDT,PNUT,Mid,443,0.0621,2029283.21467,1.97,62.561325220750184,0.0002683403959351598,0.049435999999999994,0.07014750000000003,1.63844389562906,0.3132969034608379,0.13043478260869568,0.31714114551694667,0.4852279939814174,0.04026666666666669,0.06138055555555556,,0,0,neutre,365,0,0,30,,,31.0,57.0,52.0,68.0,50,50.38,False,False,,0,,,,55,62011549,62011549,999842199.240657,999842199.240657,1000000000.0,100.0,,,
HIGHUSDT,HIGH,Speculative,,0.221,1656899.701335,2.315,53.78803671858028,-0.0029950979463968103,0.17375999999999997,0.20105499999999982,3.3540928535596266,0.4140127388535032,0.2929936305732484,0.6834672245142975,0.14199170618908477,0.12255555555555556,0.2581388888888889,uptrend|morning_star_4h,2,0,haussier,365,0,0,30,,,17.0,66.0,46.0,68.0,71.6,50.34,False,False,,0,,,,62,,,,,,,,,
AIXBTUSDT,AIXBT,Speculative,627,0.0369,2194377.15213,5.731,69.89775779155045,0.0005038724814048355,0.026944,0.034917,1.296119940974158,0.272108843537415,0.0,0.5682016563669157,0.45471421838790244,0.01983055555555556,0.0321138888888889,downtrend,0,1,baissier,365,0,0,30,,,17.0,57.0,67.0,68.0,33.0,50.33,False,False,,0,,,,51,36608413,36805009,994658423.1010208,1000000000.0,1000000000.0,99.5,,,
ATAUSDT,ATA,Speculative,,0.0107,80264.9309,1.905,59.49063285090129,7.146054012362638e-05,0.009675999999999997,0.01586350000000001,0.7447179445737779,0.38805970149253727,0.19402985074626863,0.24701302502169947,0.4477312002189689,0.008819444444444442,0.01256388888888889,double_top_90d,0,1,baissier,365,0,0,30,,,17.0,57.0,73.0,47.0,32.0,50.22,False,False,,0,,,,54,,,,,,,,,
LQTYUSDT,LQTY,Speculative,666,0.34,130043.4744,3.659,68.01563736563614,0.002564617089621189,0.2918200000000001,0.36716,0.6417115821756154,0.26923076923076916,0.06318681318681309,0.24573901025525433,0.3997775694079833,0.266638888888889,0.32744444444444437,macd_bullish_cross|double_bottom_90d|resistance_test,2,1,haussier,365,0,0,30,,,17.0,48.0,77.5,47.0,64.2,50.19,False,False,,0,,,,57,33563117,34010905,98683399.34914899,100000000.0,100000000.0,98.7,,,
PORTOUSDT,PORTO,Speculative,,0.878,492042.71925,2.331,45.61746830451499,0.0033281776751658,0.9469000000000001,1.0309250000000003,0.6316634898021253,0.33002481389578164,0.2712985938792391,1.105569914870773,0.4874617909118246,0.8667777777777779,1.1281666666666668,macd_bullish_cross|downtrend,1,1,mixte,365,0,0,30,,,17.0,55.0,73.0,47.0,42.5,50.15,False,False,,0,,,,56,,,,,,,,,
GTCUSDT,GTC,Speculative,,0.098,249389.2884,5.376,54.306193520116004,-0.0006802511520905042,0.0877,0.1213900000000001,1.2137064589887965,0.3211009174311927,0.16379310344827588,0.7399787126347498,0.22516655227209537,0.07680555555555559,0.10911111111111114,,0,0,neutre,365,0,0,30,,,17.0,66.0,56.5,47.0,50,50.15,False,False,,0,,,,59,,,,,,,,,
AWEUSDT,AWE,Mid,295,0.05488,482732.09301,-1.046,50.21274366637867,-0.0003170917804857765,0.052381400000000015,0.057952,0.525799165623553,0.5285771785067418,0.4478768363855906,0.3001539053029032,0.13368791396304763,0.0487988888888889,0.07744111111111109,macd_bearish_cross,0,1,baissier,354,0,0,30,,,30.7,57.0,64.0,47.0,21.7,50.12,False,False,,0,,,,51,106395620,106395620,1942420283.0270672,1942420283.0270672,2000000000.0,100.0,,,
SOMIUSDT,SOMI,Speculative,680,0.2024,965869.89758,6.191,67.21526497295329,0.002083773863458222,0.17093399999999992,0.2386454999999999,0.6688179543128374,0.3148063781321184,0.07881548974943056,0.2855696655958196,0.4088017559259357,0.15773333333333336,0.21049722222222222,uptrend,1,0,haussier,250,0,0,30,,,13.8,48.0,77.5,57.5,59.1,50.02,False,False,,0,,,,56,32398883,202240216,160200000.0,1000000000.0,1000000000.0,16.0,,,
MTLUSDT,MTL,Speculative,717,0.333,125926.3609,2.462,75.6529357767944,0.0030804226988338937,0.29108,0.3463200000000001,0.3586117241838055,0.12751677852348986,0.0,0.3857125095468997,0.7006156223953626,0.2652777777777777,0.30847222222222215,,0,0,neutre,365,0,0,30,,,17.0,39.0,92.0,47.0,50,49.95,False,False,,0,,,,45,30273606,30273606,90635915.0,90635915.0,,100.0,,,
SAGAUSDT,SAGA,Speculative,,0.02008,5179383.208543,12.809,48.6389177459964,0.0006495990293793512,0.023867600000000006,0.05111990000000005,1.019548283571176,0.5245810055865922,0.4421787709497206,7.55513106967029,0.410604532969537,0.017754166666666665,0.03444722222222221,doji_4h,0,0,neutre,365,0,0,30,,,17.0,64.0,49.0,78.5,50,49.9,False,False,,3,⚡ Volume ×7.6 vs médiane,,7.56,66,,,,,,,,,
BROCCOLI714USDT,BROCCOLI714,Speculative,,0.01871,1597308.38692,4.176,58.87608715993956,-4.0440105831518556e-05,0.0148158,0.016172700000000005,1.9695739528635245,0.23778501628664497,0.13152985074626863,0.41054354192863446,0.40189958364531964,0.012054444444444444,0.018146666666666665,macd_bearish_cross|double_bottom_90d|uptrend,2,1,haussier,365,0,0,30,,,17.0,57.0,64.0,68.0,39.0,49.89,False,False,,0,,,,55,,,,,,,,,
OGNUSDT,OGN,Speculative,,0.02502,184683.18799,3.346,67.67063827124272,0.00010109724308344408,0.0225382,0.02910884999999998,0.3999094462725515,0.3211600429645542,0.1380378657487091,0.12138213593973668,0.2485790450996027,0.01970583333333334,0.025930833333333334,uptrend,1,0,haussier,365,0,0,30,,,17.0,48.0,77.5,47.0,59.1,49.87,False,False,,0,,,,56,,,,,,,,,
LAZIOUSDT,LAZIO,Speculative,,0.661,487784.77857,1.07,54.5010013517043,0.005818874124217936,0.6644999999999999,0.8685499999999999,0.42244185565221204,0.33881578947368424,0.2730263157894737,0.8272485363119572,0.5302205383471117,0.631027777777778,0.8516666666666667,macd_bullish_cross|support_bounce|downtrend,2,1,haussier,365,0,0,30,,,17.0,46.0,83.5,47.0,43.8,49.8,False,False,,0,,,,56,,,,,,,,,
CUSDT,C,Speculative,,0.0843,572440.40172,2.93,57.80096272611582,0.00018690217780633917,0.074798,0.07634900000000003,1.009647066084255,0.3746736292428199,0.055991041433370706,0.17265477247207398,-0.047842266775144096,0.04909166666666667,0.08683055555555552,macd_bullish_cross|uptrend,2,0,haussier,296,0,0,30,,,15.1,57.0,61.0,57.5,68.7,49.69,False,False,,0,,,,61,,,,,,,,,
ETHFIUSDT,ETHFI,Mid,131,0.452,5864682.4929,5.116,53.77279175226834,0.0045263934990246515,0.4568799999999999,0.6389149999999997,0.7054875666046483,0.29914529914529914,0.2273504273504273,0.39543000278470714,0.5762199317475967,0.42249999999999993,0.5665,macd_bullish_cross|double_bottom_90d|downtrend,2,1,haussier,365,0,0,30,,,31.0,37.0,73.0,78.5,50.7,49.67,False,False,,0,,,,53,377637706,451077212,835965183.0,998535999.0,1000000000.0,83.7,,,
SSVUSDT,SSV,Speculative,542,3.057,499872.85897,7.0,62.85576364461174,0.01049082394906746,2.52068,3.4464799999999975,1.052129063979061,0.3949483352468427,0.12198622273249134,0.4141156722376236,0.605694396401804,2.210027777777778,3.1609999999999996,macd_bullish_cross|uptrend,2,0,haussier,365,0,0,30,,,17.0,57.0,62.5,47.0,68.7,49.67,False,False,,0,,,,62,44948853,44948853,14699173.1,14699173.1,,100.0,,,
FLOWUSDT,FLOW,Mid,398,0.04295,1658214.5190106,4.782,61.3666012887508,-5.972815647965887e-05,0.035439,0.1104145499999999,0.8494062992651725,0.5625958883092973,0.3404418533292421,0.46867828304037995,0.27441529373020057,0.03025666666666667,0.0488036111111111,macd_bearish_cross|uptrend,1,1,mixte,365,0,0,30,,,31.0,57.0,53.5,68.0,30.8,49.58,False,False,,0,,,,51,71308188,71308188,1660378057.954041,1660378057.954041,,100.0,,,
WLFIUSDT,WLFI,Etabli,40,0.0752,16609926.68618,1.348,52.80112662932684,0.0021346509437636246,0.08325800000000004,0.12302049999999996,0.9576460658212941,0.5499587118084227,0.37819983484723363,0.6464499190550058,0.2893322952353351,0.06889444444444445,0.11373611111111111,macd_bullish_cross|downtrend|doji_4h,1,1,mixte,251,0,0,30,,,41.9,46.0,53.5,78.5,42.5,49.52,False,False,,0,,,,51,2390078724,7522909731,31770668662.0,100000000000.0,100000000000.0,31.8,,,
PROMUSDT,PROM,Speculative,611,2.104,1414737.33507,5.2,58.96484871995037,-0.04295423082130989,1.5678400000000001,4.6820699999999995,1.7878300493025865,0.34986413043478265,0.12795031055900627,0.8150458439842329,0.16370622260673595,1.003638888888889,2.210888888888889,bullish_engulfing_4h,1,0,haussier,365,0,0,30,,,17.0,66.0,46.0,68.0,57.5,49.45,False,False,,0,,,,59,38405435,40509842,18250000.0,19250000.0,19250000.0,94.8,,,
ORDIUSDT,ORDI,Mid,275,5.576,9917952.95553,7.169,59.480570850803424,0.011564796353821571,3.6958200000000003,3.7902899999999993,3.93892335530028,0.5063395163183846,0.345855834702982,0.8748427760286033,0.2626969366136833,2.2753055555555552,5.4535833333333334,doji_4h,0,0,neutre,365,0,0,30,,,31.0,66.0,32.5,78.5,50,49.2,False,False,,0,,,,55,117142686,117142686,21000000.0,21000000.0,,100.0,,,
PHAUSDT,PHA,Speculative,697,0.0375,1170646.9065,4.457,60.42246131400618,0.0007700612428248038,0.03551200000000001,0.038816500000000004,1.0432107455993174,0.3822314049586777,0.22520661157024793,0.3828149514146696,0.3868140730247239,0.024391666666666666,0.04173333333333333,rsi_bearish_divergence,0,1,baissier,365,0,0,30,,,17.0,57.0,62.5,68.0,29.2,48.86,False,False,,0,,,,52,31434300,37502966,838181714.6457217,1000000000.0,1000000000.0,83.8,,,
DCRUSDT,DCR,Mid,146,19.55,461660.65842,2.249,46.113160503355004,0.1627039164222066,20.54,22.399250000000002,0.5866956720708156,0.4693341121495327,0.42873831775700944,0.37806199858466033,0.42839924188664474,19.271944444444443,29.85750000000001,support_bounce,1,0,haussier,365,0,0,30,,,31.0,37.0,79.0,47.0,51.2,48.82,False,False,,0,,,,54,340421246,340425291,17408934.04178218,17409140.85465777,21000000.0,100.0,,,
APEUSDT,APE,Mid,213,0.1644,2794337.472573,0.183,62.42607545401032,-0.0009616345990552631,0.11377400000000001,0.1926464999999999,2.2703393975237707,0.38575667655786355,0.09005524861878443,0.3736116875029754,0.25937786978559985,0.08608888888888885,0.1633888888888889,macd_bearish_cross|uptrend,1,1,mixte,365,0,0,30,,,31.0,57.0,50.5,68.0,30.8,48.76,False,False,,0,,,,51,164489913,164489913,1000000000.0,1000000000.0,1000000000.0,100.0,,,
ZECUSDT,ZEC,Etabli,15,608.59,192023294.6913,7.103,86.39138324629941,24.9649340732839,332.8634,366.55779999999993,1.0305546397612462,0.39030044510385753,0.007144138707204481,0.4540919692312539,0.577837309805777,212.08055555555552,427.3941666666667,,0,0,neutre,365,0,0,30,,,45.0,30.0,67.0,78.5,50,48.5,False,False,,2,🔥 Trending #6 sur CoinGecko,6,,42,10149319240,10149319240,16688225.1655448,16688225.1655448,21000000.0,100.0,,,
FIDAUSDT,FIDA,Speculative,,0.01928,556889.291018,5.818,68.46498164742307,0.00023186929946578436,0.016351400000000002,0.03043219999999998,0.642922686314528,0.4285714285714286,0.11198156682027657,0.229319183021318,0.2504949060157796,0.014111944444444444,0.020446388888888885,macd_bullish_cross|bullish_engulfing_4h,2,0,haussier,365,0,0,30,,,17.0,48.0,67.0,57.5,67.0,48.34,False,False,,0,,,,56,,,,,,,,,
OGUSDT,OG,Speculative,,3.299,2351063.2305,-1.287,63.82579211689941,0.017103483481118495,2.85626,6.871110000000003,0.8579533571350196,0.5068870523415978,0.3514364423455333,0.2534542320523496,0.23344236287911713,2.5811111111111114,3.8416666666666677,macd_bullish_cross,1,0,haussier,365,0,0,30,,,17.0,57.0,53.5,68.0,59.5,48.33,False,False,,0,,,,58,,,,,,,,,
PIXELUSDT,PIXEL,Speculative,,0.00869,1473469.206843,6.105,60.38380736513323,6.529848621298887e-05,0.0078376,0.0091464,0.8881284050444619,0.5665976535541752,0.39751552795031053,0.23976630136014881,0.20245052021770663,0.005047222222222223,0.010478333333333333,macd_bullish_cross,1,0,haussier,365,0,0,30,,,17.0,57.0,53.5,68.0,59.5,48.33,False,False,,0,,,,58,,,,,,,,,
YBUSDT,YB,Speculative,,0.1272,438702.27079,3.583,56.59951399093208,0.0009805448338383615,0.11719399999999998,0.2879665000000001,0.9856859891907226,0.47553191489361707,0.3207446808510638,0.2580580922177966,0.17387230535789713,0.10935833333333334,0.17777222222222222,macd_bullish_cross,1,0,haussier,207,0,0,30,,,12.7,57.0,62.5,47.0,59.5,48.15,False,False,,0,,,,59,,,,,,,,,
ZROUSDT,ZRO,Mid,134,1.49,5923806.23648,1.499,43.24461390928916,0.019128688314169126,1.7748599999999999,1.6550000000000002,0.7670582285848384,0.4085603112840467,0.35624729788153914,0.37617166246381145,0.45095668901935965,1.443833333333333,2.159305555555555,macd_bullish_cross|double_bottom_90d|downtrend,2,1,haussier,365,0,0,30,,,31.0,36.0,68.5,78.5,50.7,48.08,False,False,,0,,,,49,375492444,1488090929,252331652.6536562,1000000000.0,1000000000.0,25.2,,,
BREVUSDT,BREV,Speculative,674,0.1311,587020.91977,2.582,58.22998070945002,0.0009730594422567716,0.12105199999999999,,0.8446265244562877,0.335811648079306,0.18711276332094162,0.23130872375462436,0.39952717863413856,0.11247777777777775,0.1500527777777777,macd_bullish_cross|uptrend|bullish_engulfing_4h,3,0,haussier,124,0,0,30,,,10.4,45.0,73.0,57.5,76.2,48.01,False,False,,0,,,,61,32806070,131224279,250000000.0,1000000000.0,1000000000.0,25.0,,,
NEIROUSDT,NEIRO,Speculative,571,9.995e-05,3991865.07148276,1.627,63.385462186989756,1.0360606409836692e-07,7.546019999999999e-05,0.00010558014999999997,1.9786263582396055,0.3509361497839654,0.14099261549029715,0.3382432123229154,0.4418223348695982,5.6711944444444444e-05,9.812222222222223e-05,uptrend,1,0,haussier,365,0,0,30,,,17.0,57.0,52.0,68.0,59.1,47.89,False,False,,0,,,,58,42123479,42123479,420690000000.0,420690000000.0,420690000000.0,100.0,,,
LUMIAUSDT,LUMIA,Speculative,,0.118,1162438.653669,3.965,46.786813069465175,-0.007213192070474569,0.103284,0.10559400000000004,1.6842596952117532,0.40391741662255165,0.37586024351508734,0.5225264997254679,0.23468646866643222,0.06025277777777779,0.14540555555555554,,0,0,neutre,365,0,0,30,,,17.0,66.0,41.5,68.0,50,47.75,False,False,,0,,,,56,,,,,,,,,
SENTUSDT,SENT,Mid,260,0.01748,576631.11739,1.157,50.82352479692789,1.928341146399467e-05,0.0173582,,0.908868330883904,0.44227994227994233,0.3686868686868687,0.08874780869031704,0.19606608763325617,0.016031944444444446,0.024873888888888886,macd_bullish_cross|uptrend,2,0,haussier,108,0,0,30,,,24.0,45.0,62.5,57.5,68.7,47.65,False,False,,0,,,,58,126450257,600285788,7237882055.0,34359738368.0,34359738368.0,21.1,,,
ATUSDT,AT,Speculative,609,0.1671,211689.89326,1.15,51.20108560961939,-0.0011577504508890756,0.15857000000000002,,0.9158379499652831,0.2304199772985244,0.13918849512069856,0.13873437635261748,0.21717527857580385,0.14017777777777776,0.17259166666666667,macd_bearish_cross|double_bottom_90d|uptrend|morning_star_4h,3,1,haussier,164,0,0,30,,,11.5,45.0,79.0,47.0,51.3,47.48,False,False,,0,,,,56,38408972,166995531,230000000.0,1000000000.0,1000000000.0,23.0,,,
METUSDT,MET,Mid,302,0.1894,949237.9964,10.502,68.71051247448311,0.0023629405537886443,0.14929000000000003,,1.047069239963067,0.44705882352941173,0.17342047930283225,0.525835515074285,0.4592729220971146,0.13316666666666666,0.21281944444444445,uptrend,1,0,haussier,178,0,0,30,,,25.9,45.0,62.5,57.5,59.1,47.47,False,False,,0,,,,53,103162866,188491554,546067546.952403,997734213.619658,1000000000.0,54.7,,,
SANTOSUSDT,SANTOS,Speculative,,1.211,525042.62573,-0.329,53.289288154697815,-0.0015429631655028203,1.13422,1.57636,0.8008979112291604,0.5070281124497992,0.3920682730923694,0.2510808308087636,0.2519788479164961,1.0286388888888889,1.843805555555556,uptrend,1,0,haussier,365,0,0,30,,,17.0,57.0,53.5,57.5,59.1,47.46,False,False,,0,,,,58,,,,,,,,,
MANTRAUSDT,MANTRA,Mid,474,0.0109,2775734.89666,5.314,51.64761690209688,0.00016141164109036838,0.0108924,,0.5305421077043481,0.591098169717138,0.5474209650582362,0.5867273278077239,,0.010117307692307695,0.017935,downtrend|doji_4h,0,1,baissier,67,0,0,30,,,22.8,54.0,55.5,68.0,33.0,47.38,False,False,,0,,,,51,54863070,78293696,5020784230.419439,7165033797.810329,10000000000.0,70.1,,,
GLMRUSDT,GLMR,Speculative,,0.017,760781.25362,1.19,59.01626941754796,-0.00018675385695685813,0.013474000000000002,0.020860000000000007,1.7923292335905687,0.3061224489795918,0.10471204188481667,0.2249376257154821,0.3908581770903145,0.010622222222222224,0.017733333333333334,bull_flag,1,0,haussier,365,0,0,30,,,17.0,57.0,52.0,57.5,62.5,47.27,False,False,,0,,,,58,,,,,,,,,
HFTUSDT,HFT,Speculative,,0.0168,427287.27426,9.091,67.2544109912344,0.00019532159843865376,0.014147999999999996,0.02504049999999999,0.6972855651712849,0.38947368421052636,0.11578947368421055,0.3520256564676181,0.2572201151936139,0.012916666666666667,0.01764166666666667,macd_bullish_cross,1,0,haussier,365,0,0,30,,,17.0,48.0,67.0,47.0,59.5,47.03,False,False,,0,,,,54,,,,,,,,,
MMTUSDT,MMT,Speculative,727,0.1473,570131.32136,4.32,66.73893619406289,0.0010879996018595597,0.12589799999999995,,0.5606147246755936,0.27228749136143743,0.0,0.30747696657317913,0.3724940188367958,0.11051388888888888,0.1445833333333333,macd_bullish_cross|double_top_90d,1,1,mixte,187,0,0,30,,,12.1,36.0,88.0,57.5,41.5,47.0,False,False,,0,,,,50,29966705,146826931,204095424.0,1000000000.0,1000000000.0,20.4,,,
HYPERUSDT,HYPER,Speculative,616,0.1121,999330.7776,2.562,51.474311124436674,-0.001955942683103881,0.09962199999999999,0.12076349999999998,2.0345750566864442,0.33877038895859474,0.2979924717691342,0.565580439218873,0.1807017566898684,0.08516944444444444,0.12077222222222223,macd_bearish_cross|uptrend,1,1,mixte,365,0,0,30,,,17.0,66.0,46.0,57.5,30.8,46.92,False,False,,0,,,,53,37893796,90465035,338174017.0,807333335.0000001,1000000000.0,41.9,,,
CTSIUSDT,CTSI,Speculative,692,0.03451,320790.77272,2.647,55.1024799874145,-6.456647059763134e-05,0.03135859999999999,0.03403855000000001,1.2831997753965947,0.30408115121490914,0.18400566171266797,0.1592172702349178,0.09776487120410522,0.022987222222222232,0.03798305555555556,,0,0,neutre,365,0,0,30,,,17.0,57.0,56.5,47.0,50,46.86,False,False,,0,,,,56,31508433,34520486,912745931.7900137,1000000000.0,1000000000.0,91.3,,,
HUMAUSDT,HUMA,Speculative,622,0.02138,1495862.10577,2.591,51.989732139016226,-0.0003974373166106711,0.0186428,0.0217822,1.1929236382305173,0.3833253473885961,0.2507903055848262,0.0870361859362414,0.1609542163425757,0.01246666666666667,0.023081388888888887,evening_star_4h,0,1,baissier,349,0,0,30,,,16.6,57.0,56.5,68.0,19.6,46.53,False,False,,0,,,,49,37013746,213540842,1733333333.0,10000000000.0,10000000000.0,17.3,,,
COWUSDT,COW,Mid,300,0.1873,461116.02222,4.345,47.40775669869778,0.0007127115818153576,0.198488,0.20648199999999986,0.6090421323278987,0.2927710843373494,0.2469879518072289,0.3186063955374025,0.5173916433865462,0.18161388888888882,0.2413472222222222,double_top_90d|bullish_engulfing_4h,1,1,mixte,365,0,0,30,,,31.0,37.0,73.0,47.0,39.5,46.45,False,False,,0,,,,50,104274913,187437251,556319049.9238522,1000000000.0,1000000000.0,55.6,,,
THEUSDT,THE,Speculative,,0.109,653637.08202,5.111,54.212668359431255,0.0021889482369276455,0.10652200000000002,0.18911549999999994,0.6196742924081211,0.6676086188625927,0.6139173436948074,0.4315401576403848,0.2916231753590299,0.09864166666666666,0.28360833333333335,uptrend,1,0,haussier,365,0,0,30,,,17.0,57.0,49.0,57.5,59.1,46.24,False,False,,0,,,,57,,,,,,,,,
KITEUSDT,KITE,Mid,128,0.171,5652223.49352,7.277,62.08383444728176,0.0035853216075060865,0.15710600000000002,,0.748948823964252,0.5760399334442595,0.4302828618968386,0.24545440128658214,0.15624545148991523,0.13512500000000002,0.2699972222222223,,0,0,neutre,188,0,0,30,,,26.2,45.0,53.5,78.5,50,46.18,False,False,,0,,,,52,390230847,1716616515,2273255814.0,10000000000.0,10000000000.0,22.7,,,
PORTALUSDT,PORTAL,Speculative,,0.01104,414677.933267,6.052,50.905793186217736,-0.00014974556969273302,0.0102906,0.016628999999999994,1.4032320617426395,0.4781474233529028,0.2772341813437704,0.4015466310102495,0.2154627123172754,0.0087575,0.014995833333333332,support_bounce|downtrend,1,1,mixte,365,0,0,30,,,17.0,57.0,56.5,47.0,34.3,45.87,False,False,,0,,,,52,,,,,,,,,
ONGUSDT,ONG,Speculative,653,0.07423,473858.06975,5.47,48.466057406070775,-0.00029997010552439965,0.07559220000000001,0.08196955000000003,0.6504464874800742,0.32299766718506995,0.27760497667185074,0.6672936893203884,0.23604220468863202,0.05923027777777777,0.08898999999999999,,0,0,neutre,365,0,0,30,,,17.0,46.0,67.0,47.0,50,45.7,False,False,,0,,,,55,34871452,59428358,469425076.0,800000000.0,1000000000.0,58.7,,,
1000SATSUSDT,1000SATS,Speculative,,1.585e-05,431825.23488559,1.798,61.198960756477774,5.745730612476108e-08,1.29172e-05,1.5251349999999984e-05,1.5884776111538794,0.2718918918918919,0.14162162162162156,0.1510040824757733,0.4237431160475341,1.0515555555555556e-05,1.5765833333333338e-05,macd_bullish_cross|double_bottom_90d|downtrend,2,1,haussier,365,0,0,30,,,17.0,57.0,52.0,47.0,50.7,45.68,False,False,,0,,,,56,,,,,,,,,
CHRUSDT,CHR,Speculative,,0.02738,581839.51279,1.747,66.51010394511111,0.0001698771907469132,0.019691999999999994,0.037312999999999985,1.2074785977020634,0.5160142348754448,0.025266903914590706,0.17561733917028235,0.37453681963761637,0.01493888888888889,0.026818888888888885,uptrend,1,0,haussier,365,0,0,30,,,17.0,48.0,58.0,57.5,59.1,45.4,False,False,,0,,,,53,,,,,,,,,
HEMIUSDT,HEMI,Speculative,,0.00853,1447244.199479,3.898,58.01249176822196,3.8618973362693914e-05,0.007445600000000004,0.01572445,1.192215808171845,0.5214776632302405,0.2646048109965635,0.22623299906304487,0.28945903828165426,0.006540555555555558,0.010412222222222225,macd_bullish_cross|double_top_90d|uptrend,2,1,haussier,229,0,0,30,,,13.3,57.0,47.5,68.0,50.6,45.32,False,False,,0,,,,55,,,,,,,,,
FOGOUSDT,FOGO,Mid,362,0.02156,1438213.16793,8.505,66.47935016998679,0.00036776113846322535,0.018572199999999997,,0.692070651494369,0.4517092598738799,0.2831065383338865,0.30340298356126477,0.19624165036655083,0.017190555555555556,0.026300000000000007,doji_4h,0,0,neutre,115,0,0,30,,,24.2,36.0,67.0,68.0,50,45.29,False,False,,0,,,,49,82527099,215932481,3819353482.509071,9993353486.813171,,38.2,,,
ZAMAUSDT,ZAMA,Mid,420,0.03,2304711.39892,6.27,58.34038364594498,6.263353384290899e-05,0.0261124,,1.3957979467860602,0.355136864557412,0.10316040548598691,0.1851136513052772,0.13554590337913835,0.019534166666666672,0.030038055555555554,macd_bullish_cross|downtrend,1,1,mixte,97,0,0,30,,,23.7,45.0,56.5,68.0,42.5,45.14,False,False,,0,,,,51,66148046,330740232,2200000000.0,11000000000.0,,20.0,,,
DUSDT,D,Speculative,,0.01505,5696839.75315,4.08,59.833552894462535,0.00020531019825078222,0.010504400000000002,0.01266995000000001,2.2009984293124294,0.602001906577693,0.2774070543374642,0.3333224475629746,0.07529487036360527,0.006078333333333333,0.014868888888888892,uptrend|bullish_engulfing_4h,2,0,haussier,365,0,0,30,,,17.0,57.0,37.0,78.5,66.6,45.12,False,False,,0,,,,57,,,,,,,,,
AUDIOUSDT,AUDIO,Speculative,738,0.02079,603936.409946,2.062,54.43269641948684,-6.950325404889005e-05,0.019090399999999997,0.026597900000000015,1.76017519683923,0.2512539899680803,0.18210484824595977,0.2713145680093409,0.27471866753114166,0.01696777777777778,0.023073055555555562,,0,0,neutre,365,0,0,30,,,17.0,57.0,46.0,57.5,50,44.84,False,False,,0,,,,54,29453829,29453829,1419526403.0,1419526403.812545,,100.0,,,
BERAUSDT,BERA,Mid,297,0.405,2752973.439585,4.651,54.09870653994696,0.006564233730960229,0.41551999999999994,0.7528999999999997,0.6028788129815862,0.6135629709364909,0.5629709364908504,0.6037522045076824,0.1481314456226092,0.37933333333333336,0.694138888888889,downtrend,0,1,baissier,365,0,0,30,,,31.0,46.0,49.0,68.0,33.0,44.47,False,False,,0,,,,48,105455445,218708030,259717876.8370908,538638710.1704242,,48.2,,,
GIGGLEUSDT,GIGGLE,Speculative,608,38.54,8868038.41757,3.269,57.21642607603626,0.2788521972689926,30.851800000000008,,2.20885089338184,0.4041054538136446,0.22519621654256386,0.5014965537199015,0.46942502909273737,23.672222222222224,38.58861111111111,rsi_bearish_divergence|macd_bullish_cross|downtrend,1,2,baissier,197,0,0,30,,,12.4,54.0,52.0,78.5,21.7,44.27,False,False,,0,,,,48,38495238,38495238,1000000.0,1000000.0,1000000.0,100.0,,,
EULUSDT,EUL,Speculative,642,1.482,982401.37834,3.927,58.23939709344035,-0.009877245192043221,1.1528200000000004,2.604319999999999,1.70547588437861,0.37670068027210885,0.1050090525045262,0.11319205548234214,0.5182932357842864,0.8181111111111112,1.4651944444444447,rsi_bearish_divergence,0,1,baissier,209,0,0,30,,,12.7,57.0,52.0,57.5,29.2,44.23,False,False,,0,,,,50,35699350,40188694,24146317.188470602,27182818.28459,27182818.0,88.8,,,
SOLVUSDT,SOLV,Speculative,,0.00453,659843.03334,1.342,53.9671255640364,1.1935802417210748e-05,0.004065399999999999,0.009953550000000004,1.5253981438968787,0.4182879377431906,0.1896243291592129,0.19929929118281517,0.07460639432247738,0.003373333333333334,0.005166666666666668,downtrend|doji_4h,0,1,baissier,365,0,0,30,,,17.0,57.0,46.0,57.5,33.0,43.77,False,False,,0,,,,50,,,,,,,,,
ONTUSDT,ONT,Mid,423,0.06561,773270.75749,3.16,40.66869145198351,-0.0010493616623954137,0.0743238,0.06493079999999998,0.7809329216793164,0.4322268945155229,0.41379618860159256,0.323765499281855,0.22671948820288812,0.040804444444444456,0.09134250000000002,downtrend,0,1,baissier,365,0,0,30,,,31.0,36.0,62.5,57.5,33.0,43.65,False,False,,0,,,,44,65658187,65658187,1000000000.0,1000000000.0,,100.0,,,
CFGUSDT,CFG,Mid,199,0.3308,11884903.715,18.95,77.6014668792154,0.009514682841243237,0.20133399999999996,,1.3575473206652215,0.2913978494623656,0.0,0.6071960656330275,,0.1383863636363636,0.2746090909090909,macd_bullish_cross,1,0,haussier,55,0,0,30,,,22.5,36.0,57.0,78.5,59.5,43.64,False,False,,0,,,,41,189413789,223165565,577156141.0,680000000.0,,84.9,,,
BANKUSDT,BANK,Speculative,,0.0375,295323.85062,-0.266,56.09571722962368,0.0005289003635870678,0.036352000000000016,,0.8511287460829156,0.49464285714285716,0.3303571428571429,0.2433690632493856,0.0706501191242251,0.03128611111111111,0.04354722222222224,macd_bullish_cross,1,0,haussier,178,0,0,30,,,11.9,45.0,62.5,47.0,59.5,43.59,False,False,,0,,,,56,,,,,,,,,
PHBUSDT,PHB,Speculative,,0.119,299503.9335,7.207,57.68320610925194,0.0007183681969961636,0.10546000000000003,0.22510500000000003,1.6504437555059335,0.49710982658959535,0.30635838150289013,0.3423314408959208,0.1387549675254309,0.09402777777777777,0.16600000000000004,macd_bullish_cross,1,0,haussier,365,0,0,30,,,17.0,57.0,41.5,47.0,59.5,43.38,False,False,,0,,,,56,,,,,,,,,
SYSUSDT,SYS,Speculative,,0.00962,244354.75369,5.367,48.49889020138442,6.346601533550265e-05,0.010204199999999998,0.016746849999999997,1.108464145720404,0.40456431535269716,0.3340248962655602,0.9291008902995201,0.41526508547594576,0.00930638888888889,0.013129166666666671,macd_bullish_cross|double_bottom_90d|support_bounce|downtrend,3,1,haussier,365,0,0,30,,,17.0,46.0,58.0,47.0,52.0,43.37,False,False,,0,,,,54,,,,,,,,,
GNSUSDT,GNS,Speculative,,0.576,223843.37439,2.491,39.65552402724518,0.0014923017961947158,0.6821200000000001,1.01621,0.8568648718218086,0.435665914221219,0.3498871331828443,0.7437139282562185,0.5094648682343785,0.5998888888888889,0.8575833333333334,macd_bullish_cross|downtrend,1,1,mixte,365,0,0,30,,,17.0,37.0,68.5,47.0,42.5,42.35,False,False,,0,,,,47,,,,,,,,,
ZKPUSDT,ZKP,Speculative,,0.0895,395674.30643,1.359,58.689658965447016,0.000418072731204503,0.07605400000000001,,1.2081450594066314,0.4640258690379952,0.2716248989490704,0.15306285252762947,0.196619382891498,0.06920555555555556,0.09840833333333332,bullish_engulfing_4h|morning_star_4h,2,0,haussier,123,0,0,30,,,10.4,45.0,56.5,47.0,70.0,42.28,False,False,,0,,,,57,,,,,,,,,
NIGHTUSDT,NIGHT,Mid,104,0.033,2794894.3994,1.82,42.20337574903814,0.0003299891136343434,0.0390198,,0.6848019088480872,0.4234546504910456,0.364529173887926,0.005628115136963975,,0.03229083333333333,0.050712083333333345,macd_bullish_cross|downtrend,1,1,mixte,60,0,0,30,,,22.6,36.0,58.5,68.0,42.5,42.17,False,False,,0,,,,45,547827841,791687360,16607399400.63495,24000000000.0,24000000000.0,69.2,,,
币安人生USDT,币安人生,Mid,126,0.3902,7660920.46353,3.804,59.5684601552896,-0.009838983468925346,0.23191000000000003,,2.8783759979884067,0.6386925795053005,0.1871223171494061,0.06996312878692254,0.07270356662226381,0.048666666666666664,0.4048416666666666,,0,0,neutre,123,0,0,30,,,24.4,45.0,37.0,78.5,50,41.3,False,False,,0,,,,49,389666813,389666813,1000000000.0,1000000000.0,1000000000.0,100.0,,,
SAPIENUSDT,SAPIEN,Speculative,,0.1076,576516.76173,3.263,67.63589635367734,0.0009754487084245303,0.081712,,1.2902912253845331,0.33052631578947367,0.0,0.28544212554861137,0.419397390684143,0.06828055555555554,0.10131388888888887,rsi_bearish_divergence|macd_bullish_cross,1,1,mixte,185,0,0,30,,,12.1,36.0,67.0,57.5,38.7,41.09,False,False,,0,,,,46,,,,,,,,,
ALLOUSDT,ALLO,Speculative,,0.1062,1431747.74836,-2.21,44.16814113692895,-0.0015304928555858657,0.11103,,0.9939472769998061,0.29582712369597625,0.21216617210682492,0.23697264842996957,0.24852767848784066,0.08975000000000002,0.12950555555555554,macd_bearish_cross,0,1,baissier,180,0,0,30,,,11.9,36.0,67.0,68.0,21.7,40.83,False,False,,0,,,,42,,,,,,,,,
SXTUSDT,SXT,Speculative,635,0.01387,1295045.247163,0.0,32.558611025203135,-0.00028874962238858385,0.016275400000000002,0.026615849999999993,0.638100480094363,0.42731092436974794,0.41848739495798326,0.9766686559427517,0.32096509848893356,0.015190833333333332,0.022522222222222225,double_top_90d|uptrend,1,1,mixte,365,0,0,30,,,17.0,28.0,68.5,68.0,41.1,40.65,False,False,,0,,,,44,35975412,69215067,2598813644.2665,5000000000.0,5000000000.0,52.0,,,
COSUSDT,COS,Speculative,,0.001203,177527.6679094,3.439,52.1835153296173,1.0418077163021921e-05,0.0012707200000000004,0.0013576450000000002,0.35205865951945997,0.5142610198789974,0.47968885047536736,0.11744594912051967,0.028202542541667992,0.0009843055555555555,0.0016786944444444445,downtrend,0,1,baissier,365,0,0,30,,,17.0,37.0,64.0,47.0,33.0,40.52,False,False,,0,,,,47,,,,,,,,,
NFPUSDT,NFP,Speculative,,0.01387,464001.92979,4.364,47.4482276936182,-0.00021627010674377418,0.014409200000000002,0.022551249999999995,1.7303979707083106,0.32540540540540536,0.24918918918918917,0.8324248296487284,0.3639834843519473,0.013154166666666668,0.017681944444444445,double_top_90d,0,1,baissier,365,0,0,30,,,17.0,46.0,52.0,47.0,32.0,40.48,False,False,,0,,,,48,,,,,,,,,
XVGUSDT,XVG,Mid,444,0.003754,581633.184362,3.73,50.10313169586033,9.754709754955483e-05,0.0040957000000000025,0.005665855000000004,1.0614487713097034,0.5314984709480123,0.42660550458715596,0.3334445127145675,0.38466187319443484,0.003409222222222222,0.006053055555555557,downtrend,0,1,baissier,365,0,0,30,,,31.0,37.0,49.0,57.5,33.0,40.34,False,False,,0,,,,45,62022188,62146250,16521951235.74134,16555000000.0,,99.8,,,
PARTIUSDT,PARTI,Speculative,,0.0514,1365320.69137,2.39,52.729011616683216,0.002522942386078356,0.06120000000000001,0.08433400000000002,1.0783155879809525,0.6457765667574932,0.5322434150772026,0.5152947568361642,0.15254267979980995,0.04119722222222221,0.1055611111111111,uptrend,1,0,haussier,365,0,0,30,,,17.0,46.0,38.5,68.0,59.1,40.19,False,False,,0,,,,52,,,,,,,,,
EDUUSDT,EDU,Speculative,607,0.0509,2615831.9335,0.0,51.22163087557453,0.001027858088300263,0.05256200000000002,0.12174300000000002,2.3994626598185045,0.7052631578947367,0.6428070175438596,1.200014878240511,0.23117817584532635,0.044997222222222216,0.12766666666666668,doji_4h,0,0,neutre,365,0,0,30,,,17.0,55.0,28.0,68.0,50,40.05,False,False,,0,,,,51,38608239,50975216,757392361.0,1000000000.0,,75.7,,,
ESPUSDT,ESP,Speculative,605,0.07441,1017976.72146,4.245,53.52385742843619,0.0012050614810300755,0.076491,,0.7711018271979582,0.6274085179632406,0.5866511188850019,0.06716775467501143,,0.06397411764705883,0.1278829411764706,uptrend,1,0,haussier,87,0,0,30,,,9.4,45.0,45.0,68.0,59.1,39.93,False,False,,0,,,,53,38772126,267393972,520550000.0,3590000000.0,,14.5,,,
HOMEUSDT,HOME,Mid,475,0.01476,744257.20873,2.786,39.907944695144465,0.0001594685848298851,0.0177572,0.022977350000000018,0.815589413103562,0.5545605306799336,0.5101160862354892,0.14163432759349245,0.43006072301543946,0.01494333333333333,0.029093888888888895,macd_bullish_cross|downtrend,1,1,mixte,332,0,0,30,,,30.1,28.0,55.0,57.5,42.5,39.09,False,False,,0,,,,42,54724727,147760458,3703611111.35,10000000000.0,10000000000.0,37.0,,,
KERNELUSDT,KERNEL,Speculative,,0.0659,159798.25213,2.488,42.72724093851067,0.0010805655785997986,0.08043600000000004,0.0834535,0.8293252623090308,0.4920502092050209,0.44853556485355645,0.090744638442636,0.21607161854662427,0.06228888888888889,0.10456944444444445,macd_bullish_cross|uptrend,2,0,haussier,365,0,0,30,,,17.0,28.0,62.5,47.0,68.7,39.07,False,False,,0,,,,50,,,,,,,,,
MBOXUSDT,MBOX,Speculative,,0.0129,496738.48867,7.5,53.78717578897062,0.00013933630607768517,0.013137999999999999,0.026330500000000003,1.0210111274470384,0.4838709677419355,0.40092165898617516,0.3082191601898332,0.14921360016712917,0.01183611111111111,0.020752777777777773,macd_bullish_cross,1,0,haussier,365,0,0,30,,,17.0,37.0,52.0,47.0,59.5,38.92,False,False,,0,,,,52,,,,,,,,,
LAUSDT,LA,Speculative,,0.1459,407892.71835,4.363,41.094908202287726,0.0004997080840393412,0.167966,0.27733449999999993,0.7013093775723512,0.4495192307692308,0.41306089743589747,0.18854244461488132,0.30944086802379484,0.14889166666666667,0.25001111111111113,macd_bullish_cross|double_top_90d,1,1,mixte,305,0,0,30,,,15.4,28.0,68.5,47.0,41.5,38.63,False,False,,0,,,,44,,,,,,,,,
ENSOUSDT,ENSO,Speculative,,0.945,1108121.87604,0.854,51.037922004600375,0.006608791870108495,0.9471799999999999,1.03918,0.9672479342925876,0.7071161048689139,0.6460674157303371,0.20623394860268207,0.0788876683481633,0.850611111111111,1.6759722222222224,,0,0,neutre,208,0,0,30,,,12.7,37.0,49.0,68.0,50,38.24,False,False,,0,,,,49,,,,,,,,,
BARDUSDT,BARD,Mid,330,0.2849,1113851.24369,3.902,38.43032475689325,0.0074045741768759,0.33125,0.6892860000000002,0.6491983904007731,0.8390628679067578,0.8322933835648694,0.24317586478088846,0.3875187313530138,0.28428888888888887,1.1432694444444447,,0,0,neutre,234,0,0,30,,,27.4,28.0,49.0,68.0,50,38.18,False,False,,0,,,,43,88863935,284649242,312187500.0,1000000000.0,1000000000.0,31.2,,,
STOUSDT,STO,Speculative,,0.0884,1332360.45204,0.0,44.032053380488435,0.001287056118500057,0.118212,0.10592999999999998,0.8223767619180979,0.8116491854496765,0.8031689355054675,0.20238980470315984,0.039647924494325824,0.05561666666666666,0.20718333333333336,,0,0,neutre,365,0,0,30,,,17.0,36.0,43.0,68.0,50,37.19,False,False,,0,,,,45,,,,,,,,,
GPSUSDT,GPS,Speculative,665,0.00763,1158433.891948,-1.038,44.953482886490484,-2.0031105030997488e-05,0.008071199999999999,0.0075952,1.147511056296125,0.5336963921034718,0.4805990469707284,0.28746572707144075,0.13012134125135014,0.007479999999999999,0.012326944444444444,,0,0,neutre,365,0,0,30,,,17.0,36.0,43.0,68.0,50,37.19,False,False,,0,,,,45,33605155,76217721,4409100001.78,10000000000.0,10000000000.0,44.1,,,
RESOLVUSDT,RESOLV,Speculative,,0.0341,612162.74044,6.231,53.55411898516922,0.0011984024513695163,0.036385999999999995,0.07060149999999998,0.8756574291650501,0.7685881370091896,0.7126148705096074,0.24850778831116563,0.013284074937598754,0.030133333333333328,0.08253888888888888,,0,0,neutre,333,0,0,30,,,16.1,37.0,43.0,57.5,50,36.52,False,False,,0,,,,48,,,,,,,,,
ROBOUSDT,ROBO,Speculative,510,0.0224,2015823.30332,-1.969,54.63144631753406,0.0004746814170736675,0.020570400000000003,,1.536405932965285,0.631578947368421,0.4916061705989111,0.040677911599900356,,0.017700384615384614,0.041559615384615375,uptrend,1,0,haussier,67,0,0,30,,,8.8,45.0,28.5,68.0,59.1,35.32,False,False,,0,,,,50,49970705,223983436,2231000000.0,10000000000.0,10000000000.0,22.3,,,
OPNUSDT,OPN,Speculative,744,0.2045,1931253.97012,4.711,57.10305542285133,0.005300184970791564,0.18676399999999999,,1.64660276199166,0.5834013605442177,0.44217687074829937,0.036698719473642394,,0.15944230769230766,0.3310115384615385,uptrend,1,0,haussier,66,0,0,30,,,8.8,45.0,28.5,68.0,59.1,35.31,False,False,,0,,,,50,29037106,204437600,142034080.26,1000000000.0,1000000000.0,14.2,,,
GUNUSDT,GUN,Speculative,735,0.01586,1627672.63833,5.874,50.71724499230702,0.00016459033945810707,0.016725799999999996,0.018775,1.9263849376821154,0.5548838689150493,0.4928412344893414,0.28501670168379317,0.05247877348338054,0.014633055555555555,0.029014444444444447,macd_bullish_cross,1,0,haussier,365,0,0,30,,,17.0,37.0,32.5,68.0,59.5,35.29,False,False,,0,,,,49,29746915,159136070,1869275422.0,10000000000.0,10000000000.0,18.7,,,
FFUSDT,FF,Mid,227,0.06563,1401214.460189,1.72,44.41786221932597,0.0002594861813639544,0.07131719999999998,0.09299530000000004,1.7987718821179166,0.4353809697411593,0.4019321910317171,0.44822161599517085,0.19510849085164528,0.06547138888888887,0.08533111111111111,macd_bullish_cross|bear_flag|downtrend,1,2,baissier,223,0,0,30,,,27.1,28.0,41.5,68.0,30.0,34.81,False,False,,0,,,,37,153463410,655826540,2340000000.0,10000000000.0,10000000000.0,23.4,,,
KATUSDT,KAT,Speculative,,0.01005,4049728.03131,3.077,48.51695674741758,-0.0002146499444586988,0.0104076,,3.2109075449131623,0.6202020202020202,0.5927272727272728,0.15510585073021838,,0.008170952380952381,0.015162380952380957,,0,0,neutre,53,0,0,30,,,8.5,45.0,24.0,68.0,50,33.43,False,False,,0,,,,47,,,,,,,,,
NOMUSDT,NOM,Speculative,,0.00265,1132009.9593,1.923,44.32961404001668,5.5668598193106685e-05,0.0035059999999999996,0.0076517500000000006,1.755184074664798,0.7082683307332293,0.6799516908212561,0.3113985317274208,0.17618095082582294,0.0024097222222222224,0.006523888888888889,,0,0,neutre,221,0,0,30,,,13.1,28.0,28.0,68.0,50,29.31,False,False,,0,,,,40,,,,,,,,,
SIGNUSDT,SIGN,Speculative,699,0.01621,439566.28284,3.248,29.927356861791523,0.0007055389204676651,0.026828399999999992,0.03444555000000001,1.4668395503333915,0.7260201377848436,0.7129482423600071,0.10901638704603134,1.3241166066318e-05,0.016308055555555555,0.04933138888888889,bear_flag|downtrend,0,2,baissier,365,0,0,30,,,17.0,19.0,38.5,47.0,20.5,26.21,False,False,,0,,,,38,31329438,162328693,1930000000.0,10000000000.0,10000000000.0,19.3,,,
BFUSDUSDT,BFUSD,Etabli,62,0.9995,5901818.1997,0.01,52.80578811822492,-1.2107093880757983e-06,0.9994000000000003,0.9995320000000018,0.0019442465481658553,0.001000100010001001,0.000400040004000356,1.6040547355094137,-0.24540429054301674,0.9990444444444441,0.9996888888888892,macd_bearish_cross|support_bounce|resistance_test|doji_4h,1,2,baissier,270,0,0,30,,,42.4,84.0,94.0,78.5,19.4,73.1,False,True,,0,,,,63,1319075592,1319075592,1320000000.0,1320000000.0,,100.0,,,
USDEUSDT,USDE,Etabli,30,0.9996,5086671.167,0.01,54.300486171593896,4.083224896681047e-05,0.9995620000000003,0.9995324999999999,0.004360774498819934,0.0010997800439911916,0.0005998800239951349,0.31950260513841094,0.10760271782336091,0.998958333333333,1.0000472222222223,support_bounce|resistance_test,1,1,mixte,243,0,0,30,,,41.7,73.0,94.0,78.5,47.8,70.71,False,True,,0,,,,66,3962794207,3962794207,3965649763.032255,3965649763.032255,,100.0,,,
FDUSDUSDT,FDUSD,Mid,125,0.9993,23283181.1219,0.01,55.5741825472528,8.266083807692735e-05,0.9991939999999999,0.9989305000000005,0.004029542193720617,0.0025981812731087598,0.001399020685520093,0.2951651949974214,0.4004643836532671,0.9986749999999999,1.0059777777777776,rsi_bearish_divergence|support_bounce,1,1,mixte,365,0,0,30,,,31.0,73.0,100.0,78.5,30.4,68.91,False,True,,0,,,,63,399336076,399336076,399732757.782176,399732757.782176,,100.0,,,
TUSDUSDT,TUSD,Mid,111,0.9999,168620.7318,0.04,55.74149681439835,2.427634453411291e-05,0.9991199999999995,0.99843,0.012913495862798574,0.003394907638542256,0.0015976035946081335,0.13766012524506538,0.1515311814877335,0.9981944444444449,1.0009805555555555,macd_bullish_cross|support_bounce|resistance_test|doji_4h,2,1,haussier,365,0,0,30,,,31.0,73.0,94.0,47.0,57.3,66.45,False,True,,0,,,,69,494328371,494328371,494515083.0,494515083.0,,100.0,,,
XUSDUSDT,XUSD,Mid,431,1.0001,7207360.166,0.0,52.677584793339975,5.346865059020901e-05,0.9999700000000002,1.000283500000001,0.004864864961520613,0.00149880095923256,0.0006994404476418095,0.6806090381471187,0.020672047389149628,0.999577777777778,1.0011444444444446,resistance_test,0,1,baissier,365,0,0,30,,,31.0,66.0,94.0,78.5,46.5,65.73,False,True,,0,,,,64,63906490,63906490,63913176.001,63913176.001,,100.0,,,
USDCUSDT,USDC,Etabli,6,0.99996,1987408345.93644,-0.007,53.366486017904016,1.4000821859938986e-05,0.9999398000000003,1.0001929500000002,0.0024075827289937613,0.0012990906365543799,0.0007394823623463206,0.22768242576298608,-0.15256239437480226,0.9995199999999996,1.000524999999999,resistance_test|downtrend,0,2,baissier,365,0,0,30,,,45.0,57.0,94.0,78.5,29.5,64.44,False,True,,0,,,,57,77899406529,77910882019,77913489670.73698,77924967235.37021,,100.0,,,
RLUSDUSDT,RLUSD,Etabli,55,1.0002,34901805.5206,0.01,54.50879534273918,1.3544026779807265e-05,1.0000600000000004,,0.0028353706337129517,0.0009994003597840195,0.0003997601439136078,0.24025729304248908,-0.0866887642167872,0.9995916666666671,1.0006249999999994,resistance_test|morning_star_4h,1,1,mixte,108,0,0,30,,,38.0,45.0,94.0,78.5,59.0,60.37,False,True,,0,,,,61,1554721742,1554721742,1554782637.407348,1554832637.407353,,100.0,,,
USDPUSDT,USDP,Speculative,589,1.0,44568.2793,0.01,54.00745010838702,2.640642110479653e-05,0.9999319999999996,1.0000564999999992,0.004029817505496934,0.0014991005396761403,0.0005996402158704117,0.5660277547565729,0.10597327197935932,0.9994333333333336,1.0005055555555549,support_bounce|resistance_test|doji_4h,1,1,mixte,365,0,0,30,,,17.0,66.0,94.0,47.0,47.8,60.23,False,True,,0,,,,64,40558959,40558959,40569459.93027243,40569459.93027243,,100.0,,,
UUSDT,U,Etabli,70,1.0,17699670.5323,0.0,52.71842092532917,4.4071305063474555e-06,0.9999799999999999,,0.002790617368221457,0.001199160587588556,0.0006995103427599909,0.2916106924446949,-0.14664917091189336,0.9995361111111111,1.0007944444444434,support_bounce|resistance_test|doji_4h,1,1,mixte,117,0,0,30,,,38.2,45.0,94.0,78.5,47.8,59.71,False,True,,0,,,,58,1027470391,1027470391,1027858682.01,1027858682.01,,100.0,,,
USD1USDT,USD1,Etabli,26,0.9996,89777541.2905,0.01,45.21139584229036,-5.6680630107241686e-05,0.999764,0.9998274999999995,0.00469481677534805,0.0016991504247875302,0.0008995502248874572,0.23003327627289993,-0.04306868326738419,0.9984527777777775,1.0002888888888886,macd_bearish_cross|resistance_test|uptrend,1,2,baissier,353,0,0,30,,,44.7,37.0,94.0,78.5,27.3,56.91,False,True,,0,,,,51,4406499114,4406499114,4408890906.249078,4408890906.249078,,100.0,,,
FRAXUSDT,FRAX,Mid,165,0.4873,146617.223,3.505,56.72784988415169,0.00219316833854972,0.44714199999999993,,0.6574487895710953,0.4621917808219178,0.3310958904109589,0.11695276524694519,0.26471218148197584,0.41281111111111113,0.6726527777777777,uptrend,1,0,haussier,115,0,0,30,,,24.2,45.0,62.5,47.0,59.1,46.25,False,True,,0,,,,56,274693288,274693288,275935184.0102677,275935184.0102677,,100.0,,,
