symbol,base,tier,rank_mcap,price,vol_24h_usd,change_24h_pct,rsi_14,macd_hist,ma_50,ma_200,vol_30d_ann,drawdown_90d,dist_to_high_90d,vol_ratio_vs_med90,corr_btc_90d,support_90d,resistance_90d,patterns,bull_signals,bear_signals,bias,age_days,n_red_flags,audit_score,team_score,github_commits_30d,github_contrib_90d,score_solidity,score_momentum,score_risk,score_antiscam,score_signal,score,suspect,stablecoin,categories,catalyst_score,catalyst_flags,trending_rank,vol_spike_ratio,bull_prob_7d,market_cap,fdv,circulating_supply,total_supply,max_supply,circ_ratio_pct,tvl,tvl_fmt,tvl_change_7d
DEXEUSDT,DEXE,Etabli,70,20.954,12690986.32492,5.567,62.78734220156854,-0.015974118607589682,14.976000000000006,7.315384999999999,1.1986202822844965,0.3166955825437075,0.02980791483452913,1.5486875795611283,0.0693753301129251,6.682527777777778,19.168027777777777,macd_bearish_cross|uptrend|bearish_engulfing_4h,1,2,baissier,365,0,0,30,,,45.0,100.0,61.0,78.5,0,65.8,False,False,,0,,,,58,978330188,2019513302,46750552.58384035,96504599.33609451,,48.4,,,
INJUSDT,INJ,Etabli,97,5.4,11008300.41314,3.112,49.99151249127402,-0.14567061875518406,4.87236,4.206574999999997,1.3380554285075763,0.2931330472103005,0.22761087267525038,0.7973793202906617,0.42797546709864237,2.875944444444444,5.976277777777778,uptrend|doji_4h,1,0,haussier,365,0,0,30,,,45.0,82.0,62.5,78.5,50,65.36,False,False,,0,,,,65,538193880,538193880,100000000.0,100000000.0,,100.0,12124560,$12M,-8.07
WLDUSDT,WLD,Etabli,50,0.4868,208340253.83433,-2.347,58.82462030688064,0.0019750643335879267,0.320588,0.40673750000000014,2.2844501845291507,0.4143107330497873,0.10206718346253224,2.8025134698700906,0.2594035240727764,0.24217500000000008,0.4487416666666666,double_bottom_90d,1,0,haussier,365,0,0,30,,,45.0,84.0,46.0,78.5,50,64.17,False,False,,0,,,,67,1649383362,4857313042,3395670297.467436,10000000000.0,10000000000.0,34.0,,,
NEARUSDT,NEAR,Etabli,36,2.102,56662883.8215,4.059,50.1881254068238,-0.06520883927103545,1.8416199999999996,1.5167849999999998,1.6241487335499407,0.3400780972665957,0.25417110401135967,0.7270738028623557,0.299201885827657,1.225083333333333,2.4149444444444446,uptrend,1,0,haussier,365,0,0,30,,,45.0,82.0,46.0,78.5,50,63.64,False,False,,0,,,,62,2732280492,2732280513,1298011404.0,1298011414.0,,100.0,,,
ALLOUSDT,ALLO,Mid,283,0.3759,14107877.58973,-3.368,63.27247260180227,0.015341808739778348,0.16013000000000002,0.1230415,4.148294972753271,0.3757798165137615,0.14005026273703441,1.606409970491406,-0.008430544611566329,0.08829166666666666,0.2808555555555555,uptrend,1,0,haussier,214,0,0,30,,,26.9,100.0,46.0,78.5,50,62.98,False,False,,0,,,,67,88375292,296033044,235000705.776451,787188051.3196263,1000000000.0,29.9,,,
ATOMUSDT,ATOM,Etabli,65,1.993,5840235.12818,5.394,55.25116995951141,0.012744293314159896,1.9558400000000002,2.02536,0.8182491629027742,0.2660054102795312,0.1014427412082957,0.8081450053948792,0.5560745643922612,1.685361111111111,2.093972222222222,macd_bullish_cross,1,0,haussier,365,0,0,30,,,45.0,66.0,73.0,78.5,50,62.21,False,False,,0,,,,61,1022416785,1022416785,513639157.668372,513639157.668372,,100.0,,,
ONDOUSDT,ONDO,Etabli,47,0.3668,10752750.5198,5.95,50.59448791805098,-0.0030220174887048163,0.3555480000000001,0.33563049999999994,1.2069445866811852,0.28116006198804516,0.18662829311489923,0.3675849942395844,0.38327323768721233,0.25181388888888884,0.41719722222222216,downtrend|bullish_engulfing_4h,1,1,mixte,365,0,0,30,,,45.0,73.0,62.5,78.5,17.0,60.22,False,False,,0,🔥 Trending #9 sur CoinGecko,9,,54,1786978825,3669865438,4869330647.0,10000000000.0,10000000000.0,48.7,2618510455,$2.6B,-0.74
XLMUSDT,XLM,Etabli,17,0.194,17817377.4302,2.483,51.00238729331088,-0.004124869402600586,0.17548200000000003,0.1876135,1.5068436052373746,0.2962677953058869,0.2527895344363217,0.9056629154922003,0.3468864281236268,0.14957777777777778,0.2109805555555555,,0,0,neutre,365,0,0,30,,,45.0,66.0,52.0,78.5,50,60.02,False,False,,0,,,,58,6534054960,9679367448,33753695691.3013,50001786839.91258,,67.5,,,
STGUSDT,STG,Mid,337,0.6387,30334872.57583,33.508,79.32467507888961,0.043319765985071854,0.24134600000000006,0.18094900000000005,3.1040539498747965,0.470495258166491,0.015475085112968134,6.97911451704666,0.23397793592795435,0.17177777777777775,0.32314166666666666,macd_bullish_cross|uptrend,2,0,haussier,365,0,0,30,,,31.0,82.0,50.5,78.5,50,59.92,False,False,,5,🔥 Trending #6 sur CoinGecko|⚡ Volume ×7.0 vs médiane,6,6.98,63,74150823,74150823,117496806.24598098,117496806.24598098,1000000000.0,100.0,74026091,$74M,1.05
IOUSDT,IO,Mid,403,0.1689,2948022.339209,-3.596,53.984175959996506,-0.000250767886746211,0.148248,0.13939000000000004,1.3837314810092047,0.29012023000522735,0.12075274438055415,0.5946998245344529,0.37774714902217477,0.10127222222222222,0.17583333333333334,uptrend,1,0,haussier,365,0,0,30,,,31.0,82.0,62.5,68.0,50,58.57,False,False,,0,,,,65,58785710,134544718,349537102.231732,799996650.0516077,800000000.0,43.7,,,
CRVUSDT,CRV,Mid,123,0.2435,13472326.93815,-2.287,59.903520327200006,0.005809132178234504,0.23014400000000002,0.28613649999999996,0.9994673252890873,0.3525230987917555,0.13539445628997868,1.4699527931272622,0.6452806312948742,0.2016361111111111,0.2567416666666667,macd_bullish_cross|downtrend,1,1,mixte,365,0,0,30,,,31.0,75.0,73.0,78.5,17.0,57.65,False,False,,0,,,,56,370739798,581338644,1523919932.0,2389583077.0848,3030303031.0,63.8,1446261107,$1.4B,-2.21
XAUTUSDT,XAUT,Etabli,39,4194.9,555904157.42271,2.696,35.75550615959729,-22.857236730970243,4524.124199999998,,0.2788266047170523,0.16002816292960934,0.12875609573734548,10.840396924589792,,4334.866774193549,4770.878709677419,downtrend,0,1,baissier,79,0,0,30,,,37.2,63.0,85.5,78.5,17.0,57.62,False,False,,3,⚡ Volume ×10.8 vs médiane,,10.84,60,2564975005,2962277263,612823.659532,707747.089,,86.6,2999407584,$3.0B,-5.36
WLFIUSDT,WLFI,Etabli,44,0.0616,8827526.51863,4.23,52.068730741229096,0.0005964473802700736,0.06303800000000001,0.10992249999999995,0.713719313025439,0.49065420560747663,0.4252336448598131,1.1956604455470647,0.22891999148720055,0.05693055555555556,0.10106111111111113,double_bottom_90d,1,0,haussier,285,0,0,30,,,42.8,55.0,62.5,78.5,50,57.54,False,False,,0,,,,56,1951984827,6143359416,31773899178.0,100000000000.0,100000000000.0,31.8,,,
TONUSDT,TON,Etabli,22,1.733,26800039.27704,3.339,47.70749650005199,-0.013130535677934263,1.832479999999999,1.5496350000000014,1.125781974333569,0.4406779661016949,0.3610906411201179,0.6901941635327704,0.37381763953428415,1.2359444444444447,2.230916666666667,,0,0,neutre,365,0,0,30,,,45.0,54.0,58.0,78.5,50,57.46,False,False,,0,🔥 Trending #14 sur CoinGecko,14,,55,4636391016,8996051993,2677857190.196306,5195882406.950478,,51.5,,,
JSTUSDT,JST,Etabli,89,0.07329,5363895.724217,-5.566,35.58938004870849,-0.0017014576735154083,0.08672699999999998,0.05811440000000002,0.9638320238117544,0.24269941182540503,0.24269941182540503,0.7203658598830526,-0.05419146428425212,0.05847416666666667,0.0934077777777778,rsi_bullish_divergence,1,0,haussier,365,0,0,30,,,45.0,45.0,79.0,78.5,50,57.27,False,False,,0,,,,53,626076378,626076378,8543764567.312736,8543764567.312736,9900000000.0,100.0,3007360527,$3.0B,-2.02
HOMEUSDT,HOME,Mid,250,0.02944,7569966.32193,-15.814,47.709973676052456,-0.0019601273534543594,0.023971600000000003,0.02400470000000001,2.8634650043793473,0.4946199236376258,0.4871572370704616,3.206961963491412,-0.030735346704853922,0.014857777777777775,0.03747833333333333,macd_bearish_cross,0,1,baissier,365,0,0,30,,,31.0,84.0,41.5,78.5,19.8,56.99,False,False,,2,⚡ Volume ×3.2 vs médiane,,3.21,62,112810762,294161047,3835000000.01,10000000000.0,10000000000.0,38.4,,,
HBARUSDT,HBAR,Etabli,28,0.0797,10530885.82041,1.155,38.74096384783313,-0.0008361560774491328,0.0888664,0.10125339999999994,0.5731236408933014,0.2253464951640244,0.2053046166118258,0.5733464797691843,0.6967081952200307,0.08282916666666668,0.09646166666666667,,0,0,neutre,365,0,0,30,,,45.0,37.0,95.5,78.5,50,56.87,False,False,,0,,,,53,3456978334,3985151909,43373231600.79497,50000000000.0,50000000000.0,86.7,,,
TRXUSDT,TRX,Etabli,8,0.3129,65532973.17128,-2.856,28.030312283788533,-0.003061788375866986,0.342332,0.30699500000000013,0.3039437118719829,0.16693290734824276,0.16693290734824276,0.5417853741276367,0.23595504093951605,0.30808888888888897,0.35937222222222226,,0,0,neutre,365,0,0,30,,,45.0,36.0,89.5,78.5,50,55.98,False,False,,0,,,,58,29635785950,29635786437,94826839131.88136,94826840690.07396,,100.0,,,
NXPCUSDT,NXPC,Mid,269,0.354,828326.16352,-6.744,47.505761533430714,-0.00592982427836709,0.3445419999999999,0.3412530000000001,1.088082441809587,0.2813872832369942,0.18104046242774563,0.5304718894263509,0.31957130424079283,0.27921666666666667,0.3919166666666666,golden_cross|doji_4h,1,0,haussier,365,0,0,30,,,31.0,82.0,62.5,57.5,50,55.97,False,False,,0,,,,65,100753572,351611517,284987037.3429133,994552574.1697733,1000000000.0,28.7,,,
PYTHUSDT,PYTH,Mid,135,0.0389,6173942.6892,12.754,50.905156001187905,0.00044994126997710115,0.04417199999999998,0.051997999999999996,1.1982778317896388,0.479933110367893,0.34782608695652173,2.9382318916872654,0.5712691437183393,0.03535555555555556,0.05317777777777777,macd_bullish_cross,1,0,haussier,365,0,0,30,,,31.0,64.0,58.0,78.5,50,55.92,False,False,,0,,,,62,305917965,388468149,7874981923.362026,10000000000.0,10000000000.0,78.7,,,
EPICUSDT,EPIC,Speculative,797,0.622,10797824.5633,1.303,63.84198171115891,0.019381177875798655,0.35664,0.4131800000000005,2.6096805612205953,0.47282608695652173,0.11756373937677049,4.136212282667513,0.13170277821780152,0.23488888888888898,0.4825833333333335,,0,0,neutre,365,0,0,30,,,17.0,84.0,46.0,78.5,50,55.79,False,False,,2,⚡ Volume ×4.1 vs médiane,,4.14,70,20911898,20911898,33600000.0,33600000.0,33600000.0,100.0,,,
XPLUSDT,XPL,Mid,162,0.09,37793363.51697,39.319,54.887834415667434,0.00037108133624129923,0.088978,0.11818300000000004,1.6611495352687682,0.5656493967352733,0.36053938963804116,4.835836281214533,0.49248335252299347,0.07662777777777775,0.1291111111111111,macd_bullish_cross|downtrend,1,1,mixte,261,0,0,30,,,28.2,84.0,38.5,78.5,17.0,55.59,False,False,,8,🔥 Trending #2 sur CoinGecko|⚡ Volume ×4.8 vs médiane,2,4.84,67,225662210,898654818,2511111111.1111,10000000000.0,,25.1,,,
CATIUSDT,CATI,Speculative,697,0.0571,2224302.38836,0.705,57.642061877922366,0.000801992766499659,0.05425,0.0523855,1.2345678440772998,0.4117647058823529,0.20028011204481802,1.538703439204405,0.23816816257167264,0.043505555555555554,0.06331666666666666,macd_bullish_cross|bearish_engulfing_4h,1,1,mixte,365,0,0,30,,,17.0,100.0,56.5,68.0,13.3,55.46,False,False,,0,,,,60,25928966,57143948,453748245.57,1000000000.0,1000000000.0,45.4,,,
OPENUSDT,OPEN,Mid,468,0.2301,3532017.96108,7.624,60.47285970600327,0.004456182307875522,0.20690799999999998,0.18285999999999997,1.3518481317522493,0.42691751085383495,0.17040520984081034,0.9107479271308566,0.22819634909954767,0.1575222222222222,0.24233888888888894,downtrend,0,1,baissier,278,0,0,30,,,28.6,82.0,56.5,68.0,17.0,54.47,False,False,,0,,,,56,49345075,228979468,215500000.0,1000000000.0,1000000000.0,21.6,,,
HOLOUSDT,HOLO,Mid,491,0.0621,8680084.13988,-0.161,42.644850330409795,-0.0005725111718799954,0.06959,0.06703299999999998,0.9327504270386063,0.3699421965317919,0.28208092485549124,4.080337034178059,0.44651692760004513,0.05358333333333334,0.077675,downtrend,0,1,baissier,275,0,0,30,,,28.5,63.0,73.0,78.5,17.0,53.73,False,False,,2,⚡ Volume ×4.1 vs médiane,,4.08,57,45176602,127387956,726298493.999999,2048000000.0,2048000000.0,35.5,,,
RENDERUSDT,RENDER,Etabli,76,1.663,5394544.93823,5.253,42.389209397058636,-0.041813155649175544,1.8750200000000004,1.7282799999999994,1.0275857847783532,0.33828022697512,0.2754255783500655,0.3021285031274758,0.5548683096394003,1.6421666666666668,2.101722222222222,support_bounce,1,0,haussier,365,0,0,30,,,45.0,36.0,62.5,78.5,50,53.16,False,False,,0,,,,48,863499606,888069378,518743261.0140742,533503434.2940742,644245094.0,97.2,,,
MORPHOUSDT,MORPHO,Etabli,61,1.934,3601192.52849,-3.252,50.188903261404285,0.003676163050579842,1.97656,1.5902900000000013,0.8663740399617259,0.2645879732739421,0.13763919821826287,0.45653102087430003,0.5960387433176995,1.5616944444444445,2.1697222222222226,macd_bullish_cross,1,0,haussier,253,0,0,30,,,41.9,45.0,73.0,68.0,50,53.12,False,False,,0,,,,55,1253507360,1939419853,646331096.3070124,1000000000.0,1000000000.0,64.6,6573633085,$6.6B,1.35
KITEUSDT,KITE,Mid,112,0.1904,4309974.12774,2.752,49.35682484577387,-0.0017942371988446918,0.18535599999999997,0.15923800000000002,0.9829896445460131,0.49323786793953855,0.2418456642800319,0.1348758777769958,0.2856998361954326,0.13512500000000002,0.2258388888888889,downtrend,0,1,baissier,222,0,0,30,,,27.1,73.0,67.0,68.0,17.0,52.72,False,False,,0,,,,55,443877083,1903233647,2332225913.0,10000000000.0,10000000000.0,23.3,1031510,$1M,5.98
JTOUSDT,JTO,Mid,143,0.5379,4451639.79248,-6.825,50.864461800523785,-0.005666055349570601,0.48136599999999996,0.3768365,1.6967524477573959,0.3094314155559305,0.16124999999999992,0.9343424844606287,0.27395907091269056,0.2786527777777778,0.5867833333333333,macd_bearish_cross|double_top_90d|uptrend,1,2,baissier,365,0,0,30,,,31.0,82.0,46.0,68.0,0,52.67,False,False,,0,,,,50,258686482,536465526,482205229.4,1000000000.0,,48.2,658479722,$658M,1.45
NIGHTUSDT,NIGHT,Etabli,93,0.03358,3302735.51418,1.297,50.00692396557107,-0.00027373007078289747,0.0333676,,1.0377435283933372,0.42576545349508954,0.3523974581166955,0.5609316223846658,0.33989498257202677,0.030888333333333334,0.047885277777777784,,0,0,neutre,94,0,0,30,,,37.6,54.0,58.0,68.0,50,52.64,False,False,,0,,,,55,557429530,805563135,16607399400.63495,24000000000.0,24000000000.0,69.2,,,
BNBUSDT,BNB,Etabli,4,605.98,63672109.51427,1.025,44.26827472334669,-4.037805109225321,638.9419999999998,718.5093500000002,0.6039174100580951,0.20385674931129474,0.1567187021732476,0.37481257063755,0.7573063310046351,592.6630555555556,676.1522222222221,support_bounce,1,0,haussier,365,0,0,30,,,45.0,28.0,77.0,78.5,50,52.55,False,False,,0,,,,48,81680796137,81680796137,134783831.68,134783831.68,200000000.0,100.0,140105891482,$140.1B,0.61
ASTERUSDT,ASTER,Etabli,48,0.627,7044469.59278,-0.634,41.59070856494357,-0.005388259844015078,0.6685800000000001,0.7114800000000003,0.6186343395072897,0.18386243386243387,0.17195767195767198,0.22579247881436612,0.5173761135908833,0.6343055555555557,0.7176944444444443,support_bounce,1,0,haussier,250,0,0,30,,,41.8,28.0,85.0,78.5,50,52.44,False,False,,0,,,,49,1675571059,4895558185,2677260279.249776,7822218820.515041,8000000000.0,34.2,121055918,$121M,-4.05
DOGEUSDT,DOGE,Etabli,10,0.08664,61834118.99337,1.834,36.73855556613965,-0.0004643627469748529,0.10132540000000001,0.11023934999999989,0.5524394942621418,0.2943010566429932,0.24943703447081236,0.4645289886239587,0.7777022698571625,0.08730916666666669,0.11079638888888892,,0,0,neutre,365,0,0,30,,,45.0,28.0,75.5,78.5,50,52.39,False,False,,0,,,,47,13389071640,13389084628,154628136383.7052,154628286383.7052,,100.0,,,
TRUMPUSDT,TRUMP,Mid,106,2.109,37530856.037947,22.831,57.04530159702397,0.028449206509746888,2.15258,3.6748800000000017,1.0173034035520896,0.6101778656126482,0.48295454545454547,4.197106640049511,0.4978405723731459,1.8296111111111115,3.3505000000000007,macd_bullish_cross|downtrend,1,1,mixte,365,0,0,30,,,31.0,64.0,49.0,78.5,17.0,52.23,False,False,,2,🔥 Trending #8 sur CoinGecko|⚡ Volume ×4.2 vs médiane,8,4.2,56,501953039,2114251702,237414040.342428,1000000000.0,1000000000.0,23.7,,,
ASTRUSDT,ASTR,Mid,450,0.005954,3325417.0277268,-5.236,36.419570063075696,-3.938137459570223e-05,0.007736360000000001,0.008896155,0.8268178400278338,0.4372122226873169,0.37693595646714106,6.095712703808748,0.6923927122391506,0.006477055555555557,0.008880083333333335,,0,0,neutre,365,0,0,30,,,31.0,55.0,68.5,68.0,50,52.03,False,False,,3,⚡ Volume ×6.1 vs médiane,,6.1,63,51689885,51694456,8709628038.0,8710398220.0,10000000000.0,100.0,18117409,$18M,1.34
FIDAUSDT,FIDA,Speculative,760,0.02293,9490484.474884,2.825,48.41917969972183,-0.0004301553178479567,0.022446,0.025518750000000014,2.826258648739152,0.5453205600589537,0.43699336772291825,1.113775998802531,0.23606110403286307,0.014366666666666666,0.0306725,,0,0,neutre,365,0,0,30,,,17.0,75.0,32.5,78.5,50,51.99,False,False,,0,,,,58,22623030,22623030,990910744.563213,990910744.563213,1000000000.0,100.0,,,
BABYUSDT,BABY,Mid,449,0.01407,14091540.65422,-4.545,43.05202095603119,-1.75250291439956e-05,0.016252799999999998,0.015827450000000007,1.5863368337795862,0.35101010101010105,0.29090909090909095,7.4813397352694375,0.13062646671542322,0.012897222222222223,0.01887222222222222,macd_bearish_cross,0,1,baissier,365,0,0,30,,,31.0,63.0,46.0,78.5,19.8,51.89,False,False,,3,⚡ Volume ×7.5 vs médiane,,7.48,55,51999398,151943240,3704405204.98,10824343271.0,,34.2,3273800434,$3.3B,1.21
RIFUSDT,RIF,Mid,363,0.0665,551324.829,13.095,49.997404265470145,-0.001636266960962156,0.063246,0.04300749999999999,2.1546310647279294,0.4174757281553398,0.22853828306264495,0.39552483745337785,0.1401137962529386,0.03486388888888889,0.07651666666666668,,0,0,neutre,365,0,0,30,,,31.0,73.0,46.0,57.5,50,51.86,False,False,,0,,,,59,66483583,66483583,1000000000.0,1000000000.0,,100.0,,,
MEMEUSDT,MEME,Speculative,551,0.00058,1510477.723068,1.576,52.54420444879931,3.908206760916775e-06,0.0005592400000000001,0.0007648949999999995,1.419705572546722,0.24882629107981222,0.09389671361502355,0.6402606564001828,0.47475928151407715,0.0004956944444444445,0.0006286944444444444,,0,0,neutre,365,0,0,30,,,17.0,66.0,79.0,68.0,50,51.85,False,False,,0,,,,62,36727104,39897895,63516387916.66666,69000000000.0,69000000000.0,92.1,,,
PAXGUSDT,PAXG,Etabli,45,4206.03,21400687.556083,2.729,36.23821853868786,-22.800047455237916,4529.7734,4668.762050000001,0.28227329106384946,0.18974853230528052,0.15803912786140475,0.36383562077771214,0.43057653505533805,4348.954999999998,4830.119722222223,downtrend|morning_star_4h,1,1,mixte,365,0,0,30,,,45.0,28.0,95.5,78.5,17.0,51.72,False,False,,0,,,,43,1918090151,1918090151,456894.511,456894.511,,100.0,1926205025,$1.9B,-6.26
SENTUSDT,SENT,Mid,238,0.01682,2682992.18049,12.886,58.4368996166802,0.00032810148092965734,0.016090800000000002,,1.005564535587115,0.45,0.26578947368421046,1.1455608093675687,0.4126697054627414,0.014338888888888889,0.02026111111111111,macd_bullish_cross,1,0,haussier,142,0,0,30,,,24.9,63.0,62.5,68.0,50,51.7,False,False,,0,,,,59,119643367,567972062,7237882055.0,34359738368.0,34359738368.0,21.1,,,
APTUSDT,APT,Etabli,98,0.658,7148672.25531,4.279,26.83110564598394,-0.01568251604196752,0.9261800000000002,1.2186100000000002,0.8031728996974702,0.4614050303555941,0.4319167389418907,0.8875660283509413,0.6598890485815149,0.751361111111111,1.0665833333333332,,0,0,neutre,365,0,0,30,,,45.0,28.0,68.5,78.5,50,51.66,False,False,,0,,,,52,538811693,790799822,820399661.6872225,1204079114.254161,2100000000.0,68.1,,,
LUMIAUSDT,LUMIA,Speculative,,0.0934,9709986.120453,18.078,47.810498818055436,0.0009736781252726373,0.11474000000000002,0.09814400000000001,1.5556185191171812,0.5886712546320805,0.5044997353096877,4.944683898154425,0.3066160707634399,0.06890555555555557,0.1472361111111111,macd_bullish_cross|support_bounce,2,0,haussier,365,0,0,30,,,17.0,72.0,34.0,78.5,50,51.35,False,False,,2,⚡ Volume ×4.9 vs médiane,,4.94,64,,,,,,,,,
ZECUSDT,ZEC,Etabli,15,436.88,133826885.52655,1.543,44.14581837817001,-13.38861735788451,503.06999999999994,375.7701999999999,1.8848650722405276,0.46200671081153305,0.3517237283606022,0.5491916121231876,0.47969619816217224,228.97,611.8483333333332,downtrend,0,1,baissier,365,0,0,30,,,45.0,45.0,47.5,78.5,17.0,51.23,False,False,,0,,,,40,7313847084,7314178413,16762665.7905448,16763425.1655448,21000000.0,100.0,,,
IDUSDT,ID,Speculative,,0.0305,9110961.3843,-6.154,50.638892014674845,8.611264787285297e-05,0.031164000000000004,0.04852,1.919431303331201,0.44547563805104406,0.2923433874709977,2.4428965225505195,0.5287059220245641,0.027780555555555555,0.040538888888888895,macd_bullish_cross,1,0,haussier,365,0,0,30,,,17.0,64.0,52.0,78.5,50,51.11,False,False,,0,,,,62,,,,,,,,,
CUSDT,C,Speculative,963,0.0925,1038684.2133,-0.108,51.31821440788703,0.0001677038546174141,0.08546399999999998,0.07441549999999995,1.3546710173950505,0.3107913669064749,0.1337698783910196,0.25623382508370973,-0.11246877193323672,0.06103333333333332,0.09836944444444443,uptrend,1,0,haussier,330,0,0,30,,,16.0,73.0,56.5,68.0,50,51.08,False,False,,0,,,,61,14807729,92548304,160000000.0,1000000000.0,,16.0,,,
KMNOUSDT,KMNO,Mid,284,0.01805,1967772.66931,25.96,52.624545287801205,0.00013309914188848384,0.019744599999999998,0.03314300000000001,1.116937855040251,0.46168656141701964,0.2991913746630727,3.366538106272677,0.6116098884638583,0.015991388888888892,0.023326111111111106,macd_bullish_cross|downtrend,1,1,mixte,365,0,0,30,,,31.0,64.0,62.5,68.0,17.0,51.04,False,False,,2,⚡ Volume ×3.4 vs médiane,,3.37,58,87933624,182569032,4816438630.75,9999957986.41635,10000000000.0,48.2,1062104136,$1.1B,-16.8
TAOUSDT,TAO,Etabli,43,213.1,14340390.19432,2.157,39.199787163501945,-0.9193631608167507,261.912,249.047,0.8741085474738085,0.4417867435158502,0.38587896253602305,0.17155231335483767,0.5317929681805227,223.01111111111115,325.5722222222223,downtrend,0,1,baissier,365,0,0,30,,,45.0,36.0,68.5,78.5,17.0,51.03,False,False,,0,,,,41,2044604442,4473741447,9597491.0,21000000.0,21000000.0,45.7,,,
ICPUSDT,ICP,Etabli,60,2.265,5412850.40304,-0.658,39.484861190987,-0.049630341389131985,2.65556,2.8153399999999995,1.0237912276100987,0.38856669428334717,0.3750345208505938,0.423141997320046,0.36051707609946215,2.258916666666666,3.0891388888888884,,0,0,neutre,365,0,0,30,,,45.0,28.0,58.0,78.5,50,50.57,False,False,,0,,,,45,1252539054,1252539054,553431450.2043543,553431450.2043543,,100.0,,,
MANTAUSDT,MANTA,Speculative,536,0.08065,669582.424263,-0.714,52.10665288741732,5.29041330320822e-05,0.07509280000000002,0.0749291,1.087823413637993,0.1887430658909485,0.08814831665150129,0.43278137577964265,0.2975893900369804,0.06205361111111112,0.0823186111111111,macd_bullish_cross|golden_cross,2,0,haussier,365,0,0,30,,,17.0,73.0,73.0,57.5,50,50.48,False,False,,0,,,,64,37972297,80149503,473768346.5185375,1000000000.0,1000000000.0,47.4,21196082,$21M,-0.9
ENAUSDT,ENA,Etabli,82,0.0796,25023566.949353,4.462,39.189880274965965,-0.0011950728328116358,0.10259600000000005,0.145648,1.1952113242309315,0.4553706505295008,0.3986384266263238,0.9025110283673109,0.39907444451077984,0.08279999999999998,0.12194166666666668,macd_bearish_cross,0,1,baissier,365,0,0,30,,,45.0,37.0,58.0,78.5,19.8,50.43,False,False,,0,,,,40,738820870,1192447941,9293750000.0,15000000000.0,15000000000.0,62.0,4480303144,$4.5B,-0.68
HEIUSDT,HEI,Speculative,,0.086,1467595.83566,2.871,51.15834157180729,0.00023995001619531837,0.08239999999999999,0.10228649999999999,2.59057736768736,0.38552915766738666,0.2462488967343336,2.0077858468928786,0.169342740219172,0.06909444444444443,0.10271388888888891,downtrend|doji_4h,0,1,baissier,365,0,0,30,,,17.0,84.0,46.0,68.0,17.0,50.43,False,False,,0,,,,59,,,,,,,,,
LTCUSDT,LTC,Etabli,29,43.0,11550077.77539,0.868,29.28265534949648,-0.32837101434154903,52.59799999999999,62.012299999999975,0.4561438506483165,0.31507529372828064,0.2885983782889293,0.4155828895817532,0.768689359806414,46.8952777777778,57.704166666666666,,0,0,neutre,365,0,0,30,,,45.0,19.0,75.5,78.5,50,50.01,False,False,,0,,,,51,3320063612,3320163511,77269264.48347135,77271589.48347135,84000000.0,100.0,,,
QNTUSDT,QNT,Etabli,72,66.82,1148623.42853,2.784,41.6414776340573,-0.4566280385315431,72.0998,73.68359999999996,0.6642228878638377,0.18838789376158122,0.17455219271155045,0.5613215650438153,0.2977226218413021,67.31694444444446,78.97472222222221,downtrend|doji_4h,0,1,baissier,365,0,0,30,,,45.0,37.0,79.0,68.0,17.0,49.79,False,False,,0,,,,43,969668786,974223509,14544176.164081175,14612493.0,14612493.0,99.5,,,
MOVEUSDT,MOVE,Mid,467,0.0124,1192702.08705,-1.587,37.917025099331966,2.6948802003106667e-05,0.016237999999999995,0.02563199999999999,0.98197770096447,0.4933333333333333,0.4488888888888889,1.3393409964792515,0.5291364582676152,0.013838888888888892,0.021130555555555555,macd_bullish_cross|doji_4h,1,0,haussier,365,0,0,30,,,31.0,46.0,68.5,68.0,50,49.65,False,False,,0,,,,52,49446743,123552508,4002083333.0,10000000000.0,10000000000.0,40.0,,,
XRPUSDT,XRP,Etabli,6,1.1435,93611356.95559,1.88,36.24906391126554,-0.005053604243902297,1.334722,1.588817,0.5139690464055126,0.2913804277381724,0.2588464031108231,0.2856728517481877,0.8614401426216084,1.2071749999999999,1.4705666666666666,downtrend,0,1,baissier,365,0,0,30,,,45.0,28.0,75.5,78.5,17.0,49.64,False,False,,0,,,,40,70882781103,114211371958,62053900985.0,99985653167.0,100000000000.0,62.1,,,
币安人生USDT,币安人生,Etabli,87,0.6628,12669493.69716,-9.143,57.36829864699905,-0.003634467157575025,0.47812599999999983,,1.5514970792249398,0.3476874003189793,0.18844650708353688,0.13734568334242903,0.11849363402795755,0.049074999999999994,0.6375555555555557,macd_bearish_cross|uptrend|doji_4h,1,1,mixte,157,0,0,30,,,39.3,45.0,46.0,78.5,19.8,49.6,False,False,,0,,,,44,662274793,662274793,1000000000.0,1000000000.0,1000000000.0,100.0,,,
POLUSDT,POL,Etabli,81,0.0741,4183819.474685,0.584,32.6285115322047,-0.0013333476149208425,0.0909634,0.10488885000000009,0.6174170513988051,0.30861244019138756,0.2909090909090909,0.5998553389008413,0.6106271307771224,0.08139388888888888,0.0996472222222222,,0,0,neutre,365,0,0,30,,,45.0,28.0,73.0,68.0,50,49.53,False,False,,0,,,,47,789403359,789403359,10659602692.30745,10659602692.30745,,100.0,2199386791,$2.2B,-3.91
SHIBUSDT,SHIB,Etabli,33,4.87e-06,3936179.40099681,2.96,37.46750556321192,-3.1856957520434084e-09,5.732800000000002e-06,6.636350000000001e-06,0.5199430314201043,0.3101361573373676,0.2632375189107413,0.5060593944992251,0.7693150750278839,5.065277777777779e-06,6.395000000000001e-06,downtrend,0,1,baissier,365,0,0,30,,,45.0,37.0,75.5,68.0,17.0,49.42,False,False,,0,,,,42,2866190642,2867439042,589243200895409.2,589499852099376.5,,100.0,,,
BTCUSDT,BTC,Etabli,1,63703.98,1163906456.7304761,0.929,33.36231062112469,-229.57123727640374,74470.9616,77921.52225000001,0.4218710223922797,0.25940191998376844,0.22510721618410018,0.4634512988557982,1.0,64378.971388888895,80054.21583333332,support_bounce,1,0,haussier,365,0,0,30,,,45.0,19.0,69.5,78.5,50,49.38,False,False,,4,🔥 Trending #4 sur CoinGecko,4,,50,1277831757609,1277831757609,20041700.0,20041700.0,21000000.0,100.0,,,
ARBUSDT,ARB,Etabli,99,0.084,7121228.44365,3.704,32.91563606330314,-0.0003331973032073589,0.11237399999999999,0.13926849999999993,0.6794346257440028,0.4614850798056905,0.4170714781401804,0.43047228497841294,0.6935387057822201,0.08628611111111112,0.133975,,0,0,neutre,365,0,0,30,,,45.0,19.0,68.5,78.5,50,49.28,False,False,,0,,,,44,525429320,839904592,6255821492.0,10000000000.0,10000000000.0,62.6,2726830329,$2.7B,-1.02
SUIUSDT,SUI,Etabli,31,0.7562,30309499.73477,0.679,35.349917539005816,-0.004375534545557752,0.9599479999999997,1.1584485000000007,0.7238908506978149,0.4721951219512195,0.4325703564727955,0.4418356896959786,0.6884514363376796,0.7946388888888889,1.1244083333333335,downtrend,0,1,baissier,365,0,0,30,,,45.0,28.0,68.5,78.5,17.0,48.91,False,False,,0,,,,38,3045895376,7559559604,4029196852.454399,10000000000.0,10000000000.0,40.3,,,
FILUSDT,FIL,Etabli,92,0.755,6725870.57339,0.133,36.86702844590155,-0.01195976544656955,0.9508199999999999,1.0964450000000006,0.9403145712091403,0.432012432012432,0.4141414141414141,0.4622716823094056,0.5660733315419089,0.7929444444444443,1.0749166666666667,downtrend,0,1,baissier,365,0,0,30,,,45.0,28.0,68.5,78.5,17.0,48.91,False,False,,0,,,,38,595073518,1476547301,788989528.0,1957708287.0,,40.3,,,
CVXUSDT,CVX,Mid,231,1.385,1245193.179026,2.365,44.36797158617638,0.006344543779111436,1.6301800000000006,1.8209349999999993,0.8638834203415543,0.43917332080789107,0.3494598403006106,1.3522406329318926,0.7733849939457818,1.4068333333333332,1.9291666666666667,macd_bullish_cross,1,0,haussier,365,0,0,30,,,31.0,46.0,60.5,68.0,50,48.81,False,False,,0,,,,50,125267880,138593407,90360893.86537892,99973147.2528263,100000000.0,90.4,527437375,$527M,3.28
SKYUSDT,SKY,Etabli,57,0.05742,1175634.13507,-0.191,35.03008826788515,-0.0003712219187251911,0.07164340000000001,0.06763524999999998,0.5914638088413093,0.3873491282968261,0.3571747876620474,0.27754333131837006,0.5589173219835021,0.06239222222222223,0.08326833333333333,downtrend,0,1,baissier,269,0,0,30,,,42.4,36.0,79.0,68.0,17.0,48.74,False,False,,0,,,,43,1334873617,1345816742,23271885173.300762,23462665147.36596,23462665147.3,99.2,5722946850,$5.7B,-2.71
HMSTRUSDT,HMSTR,Speculative,891,0.0002692,24919990.4478395,-3.582,77.7492399996452,1.2378372088217707e-05,0.00017018199999999998,0.0001852494999999999,1.7096068776361253,0.33879270004679457,0.0,21.551512823807652,0.24858859825322385,0.00013596666666666665,0.00020103888888888888,downtrend,0,1,baissier,365,0,0,30,,,17.0,66.0,50.5,78.5,17.0,48.73,False,False,,3,⚡ Volume ×21.6 vs médiane,,21.55,47,17254385,26802929,64375000000.0,100000000000.0,100000000000.0,64.4,,,
ZAMAUSDT,ZAMA,Mid,343,0.03291,4063319.91879,4.676,54.92842026758651,-0.00028147616011286466,0.030138200000000007,,0.8169874790346285,0.23911747167561118,0.12366737739872065,0.3935460434517077,0.227335284386399,0.022254166666666665,0.03432777777777778,uptrend,1,0,haussier,131,0,0,30,,,24.6,45.0,79.0,68.0,50,48.56,False,False,,0,,,,56,72158406,360792028,2200000000.0,11000000000.0,,20.0,18445707,$18M,-0.14
LINKUSDT,LINK,Etabli,21,7.898,12309398.49433,0.907,38.13408787880048,-0.0343520197827466,9.21212,10.368879999999992,0.6022441792235541,0.3128731343283583,0.2631529850746269,0.15587059393639655,0.8461492567999586,8.112805555555557,10.110166666666665,downtrend,0,1,baissier,365,0,0,30,,,45.0,28.0,65.0,78.5,17.0,48.54,False,False,,0,,,,38,5742892280,7898353065,727099970.4255477,1000000000.0,1000000000.0,72.7,,,
ENSOUSDT,ENSO,Speculative,,0.641,6124552.40875,11.867,42.34139477117959,0.002995993580207232,0.80714,0.9624400000000003,0.7577546553642409,0.5453074433656957,0.4781553398058252,5.653909027279352,0.489579901698798,0.6560833333333332,1.1388333333333336,macd_bullish_cross,1,0,haussier,242,0,0,30,,,13.6,55.0,59.5,78.5,50,48.5,False,False,,3,⚡ Volume ×5.7 vs médiane,,5.65,62,,,,,,,,,
SOLUSDT,SOL,Etabli,7,66.82,176095837.06671,1.984,34.40295638904634,-0.5217090409420999,82.16020000000002,100.42315000000002,0.6081513990920092,0.361199548115436,0.3138543699291363,0.37508686085581505,0.8783949310895224,72.06249999999999,92.63277777777776,,0,0,neutre,365,0,0,30,,,45.0,19.0,60.5,78.5,50,48.44,False,False,,0,🔥 Trending #15 sur CoinGecko,15,,42,38764094353,42005197347,579825021.1543237,628304745.5873128,,92.3,,,
ADAUSDT,ADA,Etabli,18,0.1716,28170355.79552,3.436,30.40193336859663,-0.0023024891701077417,0.23487200000000003,0.2983089999999999,0.7845694135202114,0.46039944903581265,0.40909090909090906,0.4958190070857866,0.7849119922655585,0.19846944444444448,0.2738277777777778,,0,0,neutre,365,0,0,30,,,45.0,19.0,60.5,78.5,50,48.44,False,False,,0,,,,42,6361165885,7701865381,37166640890.7697,45000000000.0,45000000000.0,82.6,,,
PEPEUSDT,PEPE,Etabli,63,2.82e-06,20126201.5468928,2.174,31.81881132991792,-1.3917415593058484e-08,3.6210000000000014e-06,4.081200000000004e-06,0.6124591986508667,0.3900226757369615,0.35827664399092973,0.357157540764594,0.7490290337837288,3.013055555555555e-06,4.138333333333333e-06,,0,0,neutre,365,0,0,30,,,45.0,19.0,60.5,78.5,50,48.44,False,False,,0,,,,42,1187524021,1187524021,420690000000000.0,420690000000000.0,420690000000000.0,100.0,,,
GNSUSDT,GNS,Speculative,969,0.615,435301.52607,16.698,67.18683247389643,0.01609976309302582,0.53536,0.8573600000000006,0.903262576706736,0.48587570621468923,0.3050847457627119,1.8358643760652225,0.4484161926942836,0.4723611111111113,0.7880833333333332,,0,0,neutre,365,0,0,30,,,17.0,75.0,68.5,47.0,50,47.94,False,False,,0,,,,60,14719081,14719081,23897334.0,23897334.0,,100.0,13668202,$14M,-10.1
HIVEUSDT,HIVE,Speculative,674,0.0505,1305405.2263,0.198,40.62735209306777,-0.0006237824053191496,0.05985199999999999,0.0753435,0.9644680071496098,0.35743519781718963,0.30968622100954984,4.266039465972872,0.4783520137416049,0.0540361111111111,0.06874722222222222,,0,0,neutre,365,0,0,30,,,17.0,55.0,68.5,68.0,50,47.84,False,False,,2,⚡ Volume ×4.3 vs médiane,,4.27,61,27696241,56306949,550140465.0,1118445313.0,,49.2,,,
ETHUSDT,ETH,Etabli,2,1675.13,446117126.312608,0.95,31.362329602573,-7.623790948171262,2094.7744000000002,2421.9065500000006,0.6024311915484711,0.351099627945432,0.30751136833402226,0.27887253557578484,0.9062790350364741,1810.8947222222223,2367.8763888888884,,0,0,neutre,365,0,0,30,,,45.0,19.0,54.5,78.5,50,47.82,False,False,,0,🔥 Trending #10 sur CoinGecko,10,,41,202061167062,202061167062,120684283.3954924,120684283.3954924,,100.0,,,
SAHARAUSDT,SAHARA,Mid,429,0.01606,7468687.83036,-5.529,28.280148515325138,-0.002239811373110887,0.030477199999999996,0.02716595000000001,2.436305585488142,0.6350215761980468,0.6350215761980468,1.4214066615668781,0.20037606809499445,0.02044027777777778,0.03800944444444445,,0,0,neutre,352,0,0,30,,,30.6,45.0,28.0,78.5,50,47.65,False,False,,0,,,,51,54504247,159978223,3406979167.0,10000000000.0,10000000000.0,34.1,,,
AAVEUSDT,AAVE,Etabli,69,64.73,6890320.05858,2.486,30.19215378722916,-0.49046382306028313,85.43780000000001,123.83494999999998,0.681363138517005,0.5016757949807896,0.47134799313332787,0.23333973207693234,0.7366679498004995,72.33166666666666,111.50500000000002,,0,0,neutre,365,0,0,30,,,45.0,19.0,51.5,78.5,50,47.5,False,False,,0,,,,41,981407792,1034427921,15179911.874935383,16000000.0,16000000.0,94.9,11785198900,$11.8B,0.74
AUSDT,A,Mid,245,0.0712,2829495.00327,8.207,46.58287709306079,0.0005352113897260473,0.08172600000000001,0.10811599999999993,0.8299826830186352,0.3765182186234818,0.28036437246963564,0.815474637913208,0.6554151692869025,0.06922777777777779,0.09297500000000002,macd_bullish_cross|double_top_90d,1,1,mixte,365,0,0,30,,,31.0,46.0,73.0,68.0,17.3,47.38,False,False,,0,,,,48,116818631,148922280,1647296323.2261,2100000000.0,2100000000.0,78.4,,,
STRKUSDT,STRK,Mid,166,0.0348,1937810.205059,1.163,43.685561630782416,1.0150621325738692e-05,0.04027800000000001,0.05803450000000002,0.8534341275311009,0.43493761140819964,0.37967914438502676,0.6015172871966242,0.504323775935687,0.03285833333333334,0.04680833333333334,macd_bullish_cross,1,0,haussier,365,0,0,30,,,31.0,37.0,68.5,68.0,50,47.26,False,False,,0,,,,49,221840707,349071756,6355160584.348971,10000000000.0,10000000000.0,63.6,181686348,$182M,1.06
XTZUSDT,XTZ,Mid,145,0.2343,1824235.21732,-0.255,25.22026768264321,-0.004262494145712472,0.3346920000000001,0.4160224999999999,0.7524894647269996,0.43512775986107666,0.4187546514512528,1.242017835725833,0.6879842861798089,0.2805805555555556,0.39322777777777784,,0,0,neutre,365,0,0,30,,,31.0,37.0,68.5,68.0,50,47.26,False,False,,0,,,,55,254580842,259258761,1087609128.097924,1107593928.945598,,98.2,,,
AWEUSDT,AWE,Mid,261,0.05433,254495.34006,0.481,52.17536563861513,0.00017414309543202673,0.054326,0.05621265,0.5558503045661061,0.2022819885900571,0.11801140994295034,0.6262912974041658,0.33295540761471515,0.04868083333333333,0.05798277777777778,double_bottom_90d|uptrend,2,0,haussier,365,0,0,30,,,31.0,46.0,95.5,47.0,50,47.26,False,False,,0,,,,59,104870344,104870344,1942420283.0270672,1942420283.0270672,2000000000.0,100.0,,,
ETCUSDT,ETC,Etabli,64,7.25,2164128.6418,1.541,36.538938250262476,-0.020314015220674553,8.471,9.866900000000001,0.49642653791885366,0.31963927855711427,0.27254509018036077,0.4680214518120653,0.7674410764202999,7.486944444444445,9.33527777777778,downtrend,0,1,baissier,365,0,0,30,,,45.0,28.0,75.5,68.0,17.0,47.04,False,False,,0,,,,40,1134541474,1134541474,156559601.6228963,156559601.6228963,210700000.0,100.0,,,
SUNUSDT,SUN,Mid,134,0.01654,1841901.11333,-3.388,24.926405796443376,-0.00013691955322692217,0.018956599999999994,0.01866929999999999,0.3215099752814106,0.19777023751817743,0.19777023751817743,1.1062532443528248,0.3312184981457651,0.017013611111111115,0.020182500000000003,bear_flag,0,1,baissier,365,0,0,30,,,31.0,36.0,95.5,68.0,13.1,46.73,False,False,,0,,,,50,317785038,328848534,19231207016.78254,19900730000.0,19900730000.0,96.6,100615017,$101M,-2.5
EIGENUSDT,EIGEN,Mid,220,0.1833,1886357.884104,2.862,45.741235798486215,-0.0027512843392251555,0.19762800000000005,0.2708970000000001,1.3356282815410712,0.35440000000000005,0.2692,0.2739035778046384,0.6001050486329842,0.15931111111111107,0.2283083333333333,,0,0,neutre,365,0,0,30,,,31.0,37.0,62.5,68.0,50,46.63,False,False,,0,,,,51,135576166,334723893,741228566.6979554,1830018638.917401,,40.5,4658574931,$4.7B,-1.35
DOTUSDT,DOT,Etabli,51,0.966,6113947.55477,1.791,32.66569477781343,-0.010846987257021642,1.2018199999999999,1.5494099999999995,0.6112328124936457,0.4414634146341463,0.41097560975609754,0.3743055938443507,0.5916800275474595,1.0608055555555553,1.4467777777777777,downtrend,0,1,baissier,365,0,0,30,,,45.0,19.0,68.5,78.5,17.0,46.52,False,False,,0,,,,36,1630672550,1630672550,1688247669.7953,1688247669.7953,2100000000.0,100.0,2289022,$2M,-3.38
PORTALUSDT,PORTAL,Speculative,,0.0144,1497132.035622,-7.336,49.55346419793584,-0.0005282156198537264,0.01233,0.014990949999999992,4.3773646552373675,0.5602465331278891,0.5602465331278891,1.1444191194692748,0.12913019442701662,0.008226388888888887,0.01828972222222222,macd_bearish_cross|uptrend,1,1,mixte,365,0,0,30,,,17.0,75.0,28.0,68.0,19.8,46.4,False,False,,0,,,,50,,,,,,,,,
FETUSDT,FET,Mid,114,0.1918,15118501.7508,1.589,41.82377590930618,-0.005986816272525135,0.21583399999999994,0.21591149999999995,1.2313739380664286,0.3420487106017192,0.31375358166189116,0.4497341485706136,0.5708579754426589,0.1932611111111111,0.25613888888888886,support_bounce,1,0,haussier,365,0,0,30,,,31.0,28.0,58.0,78.5,50,46.38,False,False,,0,,,,45,432739861,520001870,2258881093.9307284,2714384546.672,2714384546.672,83.2,,,
BIOUSDT,BIO,Mid,361,0.03131,4916455.417299,1.921,47.67413860522654,0.00040903417764168084,0.037707,0.03483575,1.2852413684137283,0.5712396694214875,0.48198347107438017,0.5625481575964566,0.18507455385944455,0.01721111111111111,0.049316666666666675,macd_bullish_cross|downtrend,1,1,mixte,365,0,0,30,,,31.0,54.0,43.0,68.0,17.0,46.35,False,False,,0,,,,45,67040182,103762418,2145029070.25,3320000000.0,3320000000.0,64.6,4299492,$4M,16.78
OPNUSDT,OPN,Speculative,921,0.0905,6841841.11693,-5.631,37.98416750838726,-0.008349342629273452,0.16802,,3.2591276204975177,0.7285027059530969,0.7285027059530969,2.4742405105498477,0.03020113240790461,0.12940000000000002,0.26191111111111115,rsi_bullish_divergence|uptrend|doji_4h,2,0,haussier,100,0,0,30,,,9.7,63.0,28.0,78.5,50,46.17,False,False,,0,,,,54,16296987,89674811,181734276.26,1000000000.0,1000000000.0,18.2,5685397,$6M,-12.32
KAITOUSDT,KAITO,Mid,270,0.4159,793777.41209,-2.462,39.209660610236014,-0.00547969765646084,0.464482,0.45625650000000006,0.8485775247885012,0.21361058601134222,0.21190926275992444,0.4019369979067395,0.31656099190103426,0.37685277777777776,0.5067611111111112,,0,0,neutre,365,0,0,30,,,31.0,36.0,85.0,57.5,50,46.11,False,False,,0,,,,51,100336791,415664496,241388889.0,1000000000.0,1000000000.0,24.1,,,
ALGOUSDT,ALGO,Etabli,80,0.0886,3033213.4941,-0.784,33.561231058019374,-0.0021859398681990235,0.11183000000000001,0.11001899999999998,0.7480549991524237,0.35254491017964074,0.3375748502994012,0.3645337361285329,0.4831771082287733,0.08653611111111112,0.12518055555555557,double_top_90d,0,1,baissier,365,0,0,30,,,45.0,27.0,68.5,68.0,17.3,46.07,False,False,,0,,,,38,789978053,789991872,8924670359.40261,8924826472.708675,10000000000.0,100.0,,,
PENGUUSDT,PENGU,Mid,116,0.00676,6590381.854268,0.386,39.57115338447099,-9.298964044431013e-06,0.008684319999999999,0.008620895,0.8670953804257047,0.4329952915610286,0.3879934806229627,0.25332681889102254,0.7047038956954649,0.0063551111111111135,0.01020036111111111,downtrend,0,1,baissier,365,0,0,30,,,31.0,36.0,60.5,78.5,17.0,46.01,False,False,,3,🔥 Trending #5 sur CoinGecko,5,,44,424974599,537207707,62860396090.0,79461429826.46254,88888888888.0,79.1,,,
ROBOUSDT,ROBO,Mid,481,0.02088,4965174.42943,3.315,53.816062541706245,0.00025084007990587424,0.0204796,,0.9796114626784601,0.5710512414157422,0.4381933438985736,0.7641553830057617,0.2620212772174756,0.017777222222222222,0.027155555555555558,evening_star_4h,0,1,baissier,101,0,0,30,,,23.8,54.0,53.5,68.0,25.4,45.98,False,False,,0,,,,49,47060615,210939557,2231000000.0,10000000000.0,10000000000.0,22.3,,,
BANKUSDT,BANK,Speculative,900,0.0401,3375751.27999,-13.578,53.40077032533348,0.001117855257143691,0.036414,0.04007750000000001,2.0442399079365567,0.5678571428571428,0.2857142857142857,1.367745365748873,0.17771003282357947,0.031030555555555544,0.04393888888888889,downtrend,0,1,baissier,212,0,0,30,,,12.8,75.0,37.0,68.0,17.0,45.85,False,False,,0,,,,51,16961740,16961740,425250000.0,425250000.0,2100000000.0,100.0,,,
AVAXUSDT,AVAX,Etabli,34,6.641,12219275.57473,1.004,25.376690347744244,-0.13058712790582416,8.837339999999998,10.453685000000005,0.6561408312289327,0.3915157292659676,0.36673021925643473,0.24969039783537547,0.8219058796025464,7.689638888888889,9.926944444444446,downtrend,0,1,baissier,365,0,0,30,,,45.0,19.0,60.5,78.5,17.0,45.69,False,False,,0,,,,40,2864599258,3074708502,431771961.1772119,463441061.1772119,720000000.0,93.2,114099880,$114M,-3.99
UNIUSDT,UNI,Etabli,52,2.534,12043314.60573,0.595,32.99802671657122,-0.01867066817614249,3.2090599999999996,4.126760000000001,0.601968531927444,0.4236228049073852,0.3906663459225403,0.36973588244548006,0.75055710291998,2.7449166666666667,3.786888888888889,downtrend,0,1,baissier,365,0,0,30,,,45.0,19.0,60.5,78.5,17.0,45.69,False,False,,0,,,,34,1573518775,2261792681,622149561.5538775,894284420.0329479,1000000000.0,69.6,1446630246,$1.4B,0.2
ORCAUSDT,ORCA,Mid,367,1.074,1226347.71962,6.972,39.46786822667383,-0.006831267343812411,1.4118199999999994,1.1173499999999998,0.6799572940933885,0.5502325581395349,0.4995348837209302,0.9704139183796834,0.3719392347326044,0.8595277777777778,1.7775833333333333,downtrend,0,1,baissier,365,0,0,30,,,31.0,45.0,59.5,68.0,17.0,45.69,False,False,,0,,,,42,65086914,80289260,60798785.341684,74999553.678823,100000000.0,81.1,242698584,$243M,4.77
LUNCUSDT,LUNC,Mid,121,7.185e-05,3230885.43060487,2.394,47.845885686605875,-3.5131935015955647e-07,7.893100000000001e-05,4.9508700000000016e-05,1.1729165087220252,0.4822096563723358,0.3748586341887777,0.23695195250456272,0.3987872715490265,3.68861111111111e-05,9.281972222222223e-05,downtrend,0,1,baissier,365,0,0,30,,,31.0,45.0,58.0,68.0,17.0,45.53,False,False,,0,,,,45,396743665,464320313,5516351511161.84,6455941914501.84,,85.4,,,
NEXOUSDT,NEXO,Etabli,79,0.802,418854.54317,-0.865,46.031564905160394,0.0033373892573094616,0.8623399999999998,0.894225,0.4249723731109174,0.2047413793103449,0.13254310344827586,0.35479912757250553,0.8214394447909396,0.8014722222222224,0.9213611111111111,macd_bullish_cross|downtrend|doji_4h,1,1,mixte,365,0,0,30,,,45.0,37.0,87.5,47.0,17.0,45.47,False,False,,0,,,,47,802129213,802129213,1000000000.0,1000000000.0,1000000000.0,100.0,311754375,$312M,1.97
SOPHUSDT,SOPH,Speculative,837,0.00569,2887016.98992,5.959,32.79403556686658,-5.5588121885185074e-05,0.007805799999999998,0.010340049999999998,0.7494955654490635,0.46951219512195125,0.4227642276422764,12.12396040563542,0.6802427646079945,0.006438333333333334,0.009438333333333333,,0,0,neutre,365,0,0,30,,,17.0,46.0,68.5,68.0,50,45.46,False,False,,3,⚡ Volume ×12.1 vs médiane,,12.12,60,19503356,56486757,3452730697.0,10000000000.0,10000000000.0,34.5,,,
BCHUSDT,BCH,Etabli,26,204.4,9335798.0025,1.844,22.263236337854295,-1.76944121849629,364.36799999999994,486.38949999999966,0.9241081060243631,0.5958021612635079,0.5752285951787198,0.578383070205157,0.649676145244641,258.70833333333337,471.31111111111113,double_top_90d,0,1,baissier,365,0,0,30,,,45.0,19.0,55.0,78.5,17.3,45.14,False,False,,0,,,,40,4099738147,4099813559,20046746.77165078,20047115.52165078,21000000.0,100.0,,,
LPTUSDT,LPT,Mid,282,1.796,950231.48462,3.815,37.972012692422744,-0.01835578400819364,2.0894,2.5761749999999983,0.6570798777508247,0.2997532894736842,0.26192434210526316,0.5183454113837158,0.6581877590254762,1.8866944444444442,2.3511388888888884,,0,0,neutre,365,0,0,30,,,31.0,37.0,73.0,57.5,50,45.13,False,False,,0,,,,50,89080719,89080719,49688954.55,49688954.55,,100.0,,,
STRAXUSDT,STRAX,Speculative,802,0.00958,2929663.02025,-10.884,43.9822799275459,-2.1691749734841274e-05,0.012294199999999995,0.016267450000000003,2.4669130026575057,0.48164281269446174,0.40696950840074675,10.7780505330371,0.23672465506644838,0.010646666666666669,0.014670555555555555,,0,0,neutre,365,0,0,30,,,17.0,55.0,41.5,68.0,50,45.03,False,False,,3,⚡ Volume ×10.8 vs médiane,,10.78,59,20703424,20703424,2174742113.819453,2174742113.819453,,100.0,,,
OPUSDT,OP,Mid,172,0.0994,2638770.168192,6.083,38.892855398591074,-0.0013447999184823325,0.125368,0.19016649999999985,0.8702908692611359,0.470314318975553,0.42374854481955765,0.42318977212068554,0.5542165527181249,0.10141944444444445,0.1450138888888889,,0,0,neutre,365,0,0,30,,,31.0,28.0,68.5,68.0,50,44.87,False,False,,0,,,,46,213493737,425988492,2152519691.0,4294967296.0,4294967296.0,50.1,585154527,$585M,-1.64
EDENUSDT,EDEN,Speculative,,0.043,3986885.99576,8.861,43.82493809898729,-0.0017079832305023617,0.05117600000000001,0.04947249999999999,3.0356978278186544,0.6852003270645953,0.6484055600981194,2.382868969133211,0.23229726152808644,0.030088888888888887,0.07594444444444443,doji_4h,0,0,neutre,256,0,0,30,,,14.0,63.0,28.0,68.0,50,44.85,False,False,,0,,,,54,,,,,,,,,
ALTUSDT,ALT,Speculative,517,0.00631,1573185.32715,0.638,44.591597403116374,1.8458296043066856e-06,0.007221600000000002,0.00909025,1.0190611836781174,0.3176895306859206,0.2418772563176895,1.0369443940498364,0.38296988865575415,0.006111388888888888,0.008275277777777779,macd_bullish_cross|support_bounce,2,0,haussier,365,0,0,30,,,17.0,46.0,62.5,68.0,50,44.83,False,False,,0,,,,51,40373464,63044203,6403993052.0,10000000000.0,10000000000.0,64.0,,,
BANANAS31USDT,BANANAS31,Mid,344,0.007197,7728940.363067,-28.785,32.95099926282761,-0.0002604326176724439,0.010965260000000001,0.007345925000000002,1.7476854471590377,0.5289294148517449,0.5289294148517449,1.3774888252093214,0.13941631193354065,0.009163861111111112,0.013803583333333334,breakdown_30d,0,1,baissier,365,0,0,30,,,31.0,45.0,28.0,78.5,13.1,44.67,False,False,,0,,,,36,71880384,71880384,10000000000.0,10000000000.0,10000000000.0,100.0,,,
ZROUSDT,ZRO,Mid,151,0.952,8025745.1608,6.013,38.189778865968286,-0.007363405086352928,1.2805000000000004,1.5981699999999999,1.0327083255231102,0.648508430609598,0.5888456549935149,0.9642299716296163,0.5054442378947452,1.0448333333333333,2.115194444444445,downtrend,0,1,baissier,365,0,0,30,,,31.0,37.0,44.5,78.5,17.0,44.6,False,False,,0,,,,37,240074873,951425912,252331652.6536562,1000000000.0,1000000000.0,25.2,7491956131,$7.5B,0.24
BARDUSDT,BARD,Mid,454,0.1591,1312121.09315,5.504,31.170398371185854,0.0014660092563299545,0.23272800000000005,0.603079,0.7238518408717839,0.8622655388010299,0.854174328797352,1.4589678110863062,0.5731326517305954,0.17606111111111114,0.5841861111111113,macd_bullish_cross,1,0,haussier,268,0,0,30,,,28.3,37.0,49.0,68.0,50,44.43,False,False,,0,,,,46,51148333,158599481,322500000.0,1000000000.0,1000000000.0,32.2,564054590,$564M,-3.53
APEUSDT,APE,Mid,226,0.1292,1776387.30349,3.443,46.41588589429956,-0.0008231694325622884,0.14593400000000004,0.15230550000000004,0.8711694742106166,0.3541436464088397,0.28729281767955794,0.23085794861922504,0.22649651020179873,0.08608888888888885,0.16868055555555556,downtrend,0,1,baissier,365,0,0,30,,,31.0,37.0,67.0,68.0,17.0,44.35,False,False,,0,,,,44,128840254,128840254,1000000000.0,1000000000.0,1000000000.0,100.0,,,
FLOKIUSDT,FLOKI,Mid,153,2.483e-05,1256935.17725956,0.323,36.981309824331056,4.240804597474696e-09,3.0239799999999995e-05,3.534445000000001e-05,0.6385248863736086,0.3760042849491162,0.335029459025174,0.20574136285476333,0.7385029826353888,2.5529722222222215e-05,3.456305555555555e-05,macd_bullish_cross,1,0,haussier,365,0,0,30,,,31.0,28.0,60.5,68.0,50,44.04,False,False,,0,,,,45,239405212,248040220,9651870651851.0,10000000000000.0,10000000000000.0,96.5,9982363,$10M,1.39
PARTIUSDT,PARTI,Speculative,990,0.0599,2868580.58901,3.098,57.772015671338,0.0012465508420577182,0.051330000000000015,0.08113899999999999,1.3703907606495023,0.6183953033268103,0.4158512720156555,0.6501108580997947,0.029206780869389305,0.04113333333333331,0.090375,bearish_engulfing_4h|evening_star_4h,0,2,baissier,365,0,0,30,,,17.0,66.0,43.0,68.0,0,43.92,False,False,,0,,,,45,13870999,59532185,233000000.0,1000000000.0,1000000000.0,23.3,,,
ARKMUSDT,ARKM,Mid,312,0.1228,1101478.15241,1.993,47.05611886006928,-0.002185742598232109,0.12865599999999996,0.14616950000000012,1.3167370530883995,0.2830188679245283,0.20299284320104102,0.2623193805498307,0.49145252243009413,0.09722222222222227,0.14577500000000002,downtrend,0,1,baissier,365,0,0,30,,,31.0,37.0,62.5,68.0,17.0,43.88,False,False,,0,,,,43,78736984,122865975,640836360.0,1000000000.0,1000000000.0,64.1,,,
ARUSDT,AR,Mid,229,1.922,2217804.49004,2.726,44.283807141032085,-0.036707141152663464,2.1527,2.566525,1.2471849756622486,0.34891304347826085,0.3050724637681159,0.32509013036889944,0.44255418839846555,1.6808333333333334,2.4195833333333336,,0,0,neutre,365,0,0,30,,,31.0,28.0,58.0,68.0,50,43.78,False,False,,0,,,,45,126208213,126208213,65652466.0,65652466.0,66000000.0,100.0,,,
USUALUSDT,USUAL,Speculative,859,0.01035,1620564.552325,3.5,37.72127326819969,-7.637822104439697e-05,0.013508,0.01816044999999999,0.9111486509342017,0.4699421965317919,0.40231213872832366,1.8636311844264273,0.6419883941155483,0.010976388888888888,0.015848888888888888,downtrend|evening_star_4h,0,2,baissier,365,0,0,30,,,17.0,55.0,68.5,68.0,0,43.66,False,False,,0,,,,42,18518967,19017112,1790016387.4638243,1838166416.912672,3000000000.0,97.4,95078731,$95M,-0.18
CHZUSDT,CHZ,Mid,139,0.02734,14010955.42504,1.409,37.23764355893118,-4.444878644357074e-06,0.0390992,0.03964770000000001,1.210610005543884,0.5083499005964215,0.4566600397614314,0.9205982464107727,0.34773298563519356,0.030309722222222238,0.04769333333333334,death_cross|downtrend,0,2,baissier,365,0,0,30,,,31.0,37.0,49.0,78.5,0,43.65,False,False,,0,,,,34,284427659,284427659,10409480525.0,10409480525.0,,100.0,,,
DASHUSDT,DASH,Mid,111,35.56,6160077.45218,2.125,43.54839923350813,-0.1962037638488785,41.14580000000001,41.800250000000005,1.2757341890709522,0.3955495875695377,0.31862651064646075,0.22072272891821018,0.5554259872392003,31.267500000000002,48.073611111111106,downtrend,0,1,baissier,365,0,0,30,,,31.0,28.0,58.0,78.5,17.0,43.62,False,False,,0,,,,37,452965623,452986041,12729094.75160953,12729668.52768921,18920000.0,100.0,,,
ORDIUSDT,ORDI,Mid,351,3.338,3826643.09198,5.433,44.66195997212146,0.023504421433683864,4.188339999999999,3.646094999999999,1.248044175796748,0.6552007513500823,0.6089457619159429,0.5593693872022606,0.2772043712255029,2.3026388888888887,5.558861111111111,macd_bullish_cross|downtrend|bullish_engulfing_4h,2,1,haussier,365,0,0,30,,,31.0,45.0,38.5,68.0,17.0,43.5,False,False,,0,,,,39,70147000,70147000,21000000.0,21000000.0,,100.0,,,
VIRTUALUSDT,VIRTUAL,Mid,118,0.6177,4811242.64094,7.858,43.83158732349043,-0.006587094789904886,0.7258979999999999,0.7422054999999996,1.0049021227466148,0.41858720120055737,0.33969342909207845,0.566718026055599,0.6379072446366966,0.6070083333333334,0.8333388888888889,downtrend,0,1,baissier,365,0,0,30,,,31.0,37.0,58.0,68.0,17.0,43.41,False,False,,0,🔥 Trending #11 sur CoinGecko,11,,39,405164158,616634182,657057570.8827373,1000000000.0,1000000000.0,65.7,,,
RUNEUSDT,RUNE,Mid,221,0.398,1311208.7088,-3.398,46.87042211051561,0.005410689051661349,0.46676,0.49239000000000016,1.1349195355768356,0.48966613672496023,0.368839427662957,0.2611456619153542,0.5891451918863925,0.373,0.5556666666666668,macd_bullish_cross|downtrend,1,1,mixte,365,0,0,30,,,31.0,37.0,58.0,68.0,17.0,43.41,False,False,,0,,,,42,134059619,140333578,338372734.0,354208499.0,354208499.0,95.5,50787641,$51M,-9.2
PHAUSDT,PHA,Speculative,678,0.0327,1405888.4331,-0.608,45.44582614949212,-0.0006770107331610686,0.035264,0.03558400000000002,1.5978654044695753,0.42372881355932207,0.384180790960452,0.529518073209549,0.3509712767806694,0.030894444444444447,0.042986111111111114,,0,0,neutre,365,0,0,30,,,17.0,46.0,47.5,68.0,50,43.27,False,False,,0,,,,51,27515022,32759813,839901685.6881948,1000000000.0,1000000000.0,84.0,,,
PLUMEUSDT,PLUME,Mid,391,0.01056,1029531.2285,3.226,38.766380658388584,-0.00025243431703518245,0.012637599999999997,0.013727200000000002,1.0747997530817501,0.3549007046764894,0.3228699551569507,0.17566985804305585,0.4991948080944914,0.009755555555555557,0.014485277777777777,morning_star_4h,1,0,haussier,299,0,0,30,,,29.2,28.0,58.0,68.0,50,43.24,False,False,,0,,,,45,60680693,105390917,5757677709.0,10000000000.0,10000000000.0,57.6,,,
DYDXUSDT,DYDX,Mid,262,0.12219,1064031.2138458,3.14,38.78927855529764,-0.005694963105197681,0.15461559999999996,0.14533894999999997,1.2158227063368974,0.4069522291355993,0.3729624106545997,0.21002992109135818,0.35339173192283035,0.08899305555555558,0.17431083333333333,downtrend|bullish_engulfing_4h,1,1,mixte,365,0,0,30,,,31.0,36.0,58.0,68.0,17.0,43.14,False,False,,0,,,,39,102865623,116789927,844084129.0970293,958342751.0,1000000000.0,88.1,96276575,$96M,-0.18
HUMAUSDT,HUMA,Speculative,530,0.02249,531800.84676,4.217,45.43477449393352,-0.0004434867488389042,0.023404400000000006,0.021627150000000005,0.9297355995051123,0.3833253473885961,0.21250439058658238,0.1390623141350559,0.36593829502918623,0.01452888888888889,0.026013333333333336,uptrend|bullish_engulfing_4h,2,0,haussier,365,0,0,30,,,17.0,45.0,73.0,57.5,50,43.06,False,False,,0,,,,55,38822847,223977963,1733333333.0,10000000000.0,10000000000.0,17.3,,,
PUMPUSDT,PUMP,Mid,102,0.00149,5340842.662981,4.123,42.25226609778559,-1.7515106048772964e-05,0.0017680999999999999,0.002089899999999999,1.0643525581663749,0.37437300501595994,0.3237574099407205,0.3411673044669265,0.6422687147884859,0.0015644166666666666,0.002037,downtrend,0,1,baissier,275,0,0,30,,,28.5,28.0,58.0,78.5,17.0,42.89,False,False,,0,,,,37,518757149,1278087588,348735802857.9326,859197606529.1552,1000000000000.0,40.6,201498679,$201M,4.85
SPKUSDT,SPK,Mid,424,0.01989,2826362.790448,-0.575,31.894210171917535,0.00019761914040038447,0.029603860000000006,0.024447114999999985,0.7506182063051542,0.6412507701786814,0.6176833025261861,0.7876276088900576,0.311995572740754,0.019767222222222224,0.03926633333333334,macd_bullish_cross|downtrend,1,1,mixte,361,0,0,30,,,30.9,36.0,55.0,68.0,17.0,42.8,False,False,,0,,,,39,55021927,198085684,2777683173.5367293,10000000000.0,10000000000.0,27.8,3389666188,$3.4B,6.23
FFUSDT,FF,Mid,164,0.07814,1760177.331425,1.52,39.75759232044666,-0.003144129812661766,0.0811636,0.08498209999999996,1.0980484469547858,0.4353809697411593,0.2896407837445573,0.2537305544404615,0.15523038546575593,0.06501333333333333,0.10109861111111113,uptrend,1,0,haussier,257,0,0,30,,,28.0,28.0,56.5,68.0,50,42.73,False,False,,0,,,,44,224869613,782155176,2875000000.0,10000000000.0,10000000000.0,28.7,1296726158,$1.3B,-2.76
CAKEUSDT,CAKE,Mid,109,1.332,1676973.54835,1.757,47.100171109041916,0.005599204975414045,1.4346200000000002,1.6285000000000005,0.6970465788575528,0.2860650705954573,0.18232044198895023,0.2436075768741269,0.7031708963303989,1.2981944444444442,1.5722777777777779,macd_bullish_cross|double_top_90d|support_bounce|downtrend,2,2,mixte,365,0,0,30,,,31.0,37.0,65.0,68.0,0,42.71,False,False,,0,,,,40,468101848,484575163,351859343.5517586,364241883.4500047,400000000.0,96.6,1796443714,$1.8B,0.54
NOTUSDT,NOT,Speculative,510,0.000416,1094963.814352,1.463,45.64267250846125,-8.718991917434224e-07,0.00046710000000000013,0.0004673150000000002,0.9444371714145836,0.46320346320346323,0.4025974025974027,0.5957576049628286,0.4158645853809754,0.0003526944444444444,0.0005622777777777779,downtrend|doji_4h,0,1,baissier,365,0,0,30,,,17.0,46.0,68.5,68.0,17.0,42.7,False,False,,0,,,,47,41176104,42428128,99429447866.9074,102452755868.5205,102456956842.91,97.0,,,
GLMUSDT,GLM,Mid,252,0.1113,204882.52215,4.116,36.78122159110811,-0.0016045218830070757,0.13340000000000002,0.173124,0.6567213955122999,0.32054616384915474,0.2750325097529258,0.6613496538433626,0.5922102803617739,0.11818055555555551,0.14511666666666667,,0,0,neutre,365,0,0,30,,,31.0,37.0,73.0,47.0,50,42.53,False,False,,0,,,,50,111034540,111034540,1000000000.0,1000000000.0,,100.0,,,
AXSUSDT,AXS,Mid,194,0.955,1043085.8685,3.692,34.716113971213886,-0.009457831028506142,1.2170200000000002,1.2402749999999998,0.6953097653363907,0.43029150823827633,0.3954372623574145,0.22702668389917818,0.35034378338925876,1.0096666666666667,1.4153055555555552,,0,0,neutre,365,0,0,30,,,31.0,19.0,68.5,68.0,50,42.49,False,False,,0,,,,44,165149774,257176134,173384825.001344,270000000.0,270000000.0,64.2,,,
AVAUSDT,AVA,Speculative,982,0.1928,995656.44402,4.783,39.93378906315172,-4.732358210090236e-05,0.23839799999999997,0.251514,0.7852437654510642,0.3937931034482758,0.3351724137931034,2.2102522387366244,0.5626529622775189,0.18759722222222228,0.2757027777777778,downtrend,0,1,baissier,365,0,0,30,,,17.0,55.0,68.5,57.5,17.0,42.49,False,False,,0,,,,51,14100087,14100087,73278967.0,73278967.0,100000000.0,100.0,,,
DODOUSDT,DODO,Speculative,941,0.01576,732549.884207,-0.253,44.306390262092854,-6.95671172414947e-05,0.0183408,0.01755465,1.5137357302782555,0.3785166240409208,0.32651321398124467,1.8139018325796654,0.37340872912378753,0.014439444444444442,0.020803055555555554,downtrend,0,1,baissier,365,0,0,30,,,17.0,63.0,47.5,57.5,17.0,42.42,False,False,,0,,,,46,15779698,15779698,1000000000.0,1000000000.0,1000000000.0,100.0,11042770,$11M,-3.06
WUSDT,W,Mid,417,0.00928,1359291.13707,2.997,35.738387180924946,-0.00018098338884087975,0.012479800000000003,0.022428449999999992,1.031398129678,0.5406417112299465,0.504812834224599,0.47919412283125096,0.4548873452494267,0.010599722222222222,0.016627777777777776,,0,0,neutre,365,0,0,30,,,31.0,28.0,44.5,68.0,50,42.37,False,False,,0,,,,43,55736402,92601744,6018936476.0,10000000000.0,10000000000.0,60.2,2121909010,$2.1B,15.58
IOTAUSDT,IOTA,Mid,173,0.0471,979375.5218,3.744,39.92462208968169,-0.0006128291510443876,0.055724,0.0722345,0.807871478835227,0.34513274336283184,0.30383480825958703,0.46401990886261696,0.5905878310452415,0.049791666666666685,0.06384166666666664,,0,0,neutre,365,0,0,30,,,31.0,28.0,68.5,57.5,50,42.27,False,False,,0,,,,46,211485828,231303387,4488426949.0,4909020924.0,,91.4,,,
CFXUSDT,CFX,Mid,157,0.04501,967917.23041,1.833,36.3674372849075,-0.00016467292850485572,0.0571494,0.06152585,0.8698445344799657,0.4350886339937435,0.4125391032325339,0.20401538115461282,0.5511756980199934,0.0477813888888889,0.06709416666666668,,0,0,neutre,365,0,0,30,,,31.0,28.0,68.5,57.5,50,42.27,False,False,,0,,,,46,234391512,234480214,5213885114.89,5215858245.08,,100.0,,,
KAIAUSDT,KAIA,Mid,167,0.0373,944164.02351,3.611,31.962201266759692,-0.0007144405854884071,0.04619600000000001,0.055698500000000054,0.714389906899137,0.3732142857142857,0.33392857142857146,0.6174425027698015,0.6085287303721074,0.041180555555555554,0.052858333333333334,uptrend,1,0,haussier,365,0,0,30,,,31.0,28.0,68.5,57.5,50,42.27,False,False,,0,,,,46,217689695,217689702,5856641747.106198,5856641936.044253,,100.0,,,
FTTUSDT,FTT,Speculative,,0.2746,633085.255047,-4.52,45.523232658276925,0.0018492460054283788,0.306362,0.38045550000000006,1.2463419731051983,0.3855356171832518,0.25829255029907566,0.6990837046737979,0.40680010841735764,0.2673277777777778,0.35329722222222215,macd_bullish_cross,1,0,haussier,365,0,0,30,,,17.0,46.0,62.5,57.5,50,42.23,False,False,,0,,,,54,,,,,,,,,
SEIUSDT,SEI,Mid,129,0.05181,3409119.058321,6.891,41.89251924580317,-0.0009937056634370433,0.06080640000000001,0.08249574999999992,0.9789589163507451,0.3882894736842106,0.3207894736842105,0.42151231552340634,0.6386107978548208,0.05057305555555555,0.0690225,downtrend,0,1,baissier,365,0,0,30,,,31.0,28.0,68.5,68.0,17.0,42.12,False,False,,0,,,,38,348765140,517968030,6733333333.0,10000000000.0,,67.3,,,
PENDLEUSDT,PENDLE,Mid,170,1.263,1998704.3875,2.6,38.958988557839284,-0.008010848596482434,1.6127799999999997,1.6297749999999995,0.9626260344766597,0.4529356943150047,0.412861136999068,0.21627071925161606,0.6117138361144288,1.0758055555555557,1.9700555555555554,downtrend,0,1,baissier,365,0,0,30,,,31.0,28.0,68.5,68.0,17.0,42.12,False,False,,0,,,,38,215163195,354928621,170666273.8978673,281527448.4585314,,60.6,1147022675,$1.1B,-6.44
GALAUSDT,GALA,Mid,225,0.00268,1898583.06999,-0.372,38.81807824859353,-6.972276105893601e-06,0.003242799999999999,0.004544599999999999,0.7058143313090375,0.40144230769230765,0.35817307692307687,0.4295664819901102,0.6246205409697005,0.0027169444444444437,0.0037391666666666667,downtrend,0,1,baissier,365,0,0,30,,,31.0,28.0,68.5,68.0,17.0,42.12,False,False,,0,,,,38,129683121,129683121,48528161384.29088,48528161386.29088,50000000000.0,100.0,,,
WIFUSDT,WIF,Mid,201,0.1587,1338811.318725,2.785,39.89938533402059,-0.0015840211582471703,0.18916,0.250055,0.8769274061726827,0.36379310344827587,0.315948275862069,0.1419010413280548,0.6368386743324762,0.16324166666666665,0.21738888888888894,downtrend,0,1,baissier,365,0,0,30,,,31.0,28.0,68.5,68.0,17.0,42.12,False,False,,0,,,,38,158428096,158428096,998926392.0,998926392.0,998926392.0,100.0,,,
BERAUSDT,BERA,Mid,348,0.257,1806170.860941,4.472,35.55342066866132,-0.0038468328818345512,0.35192000000000007,0.5466599999999999,1.094249191277373,0.6523031203566122,0.6181277860326895,0.7386137299130089,0.6445223911066069,0.2961944444444443,0.5313888888888889,downtrend,0,1,baissier,365,0,0,30,,,31.0,37.0,44.5,68.0,17.0,42.0,False,False,,0,,,,37,70955075,139073021,276701990.9322647,542340089.7112205,,51.0,,,
DOLOUSDT,DOLO,Speculative,,0.02371,852943.738189,5.144,35.802634183697904,-0.0002498728031194112,0.030747399999999998,0.03753824999999999,0.8958249308841749,0.42485022141182605,0.3834331857254493,2.7394167346499105,0.5221409065056657,0.02620694444444444,0.036912499999999994,downtrend,0,1,baissier,290,0,0,30,,,14.9,55.0,68.5,57.5,17.0,41.87,False,False,,0,,,,51,,,,,,,116351681,$116M,-18.97
MIRAUSDT,MIRA,Speculative,950,0.0545,1391491.5256,4.607,28.346984713999788,-0.0016342226121284342,0.07720199999999997,0.10184499999999995,0.8822461365630783,0.43564356435643564,0.4037403740374037,2.0160700864536603,0.653450850334012,0.06561944444444444,0.08920833333333332,downtrend,0,1,baissier,260,0,0,30,,,14.1,46.0,68.5,68.0,17.0,41.84,False,False,,0,,,,54,15299288,54149004,282540524.0,1000000000.0,1000000000.0,28.3,,,
TKOUSDT,TKO,Speculative,,0.0509,308398.58561,1.394,46.874142358996444,0.0004223228001675088,0.056305999999999995,0.06773949999999994,0.5491168150544815,0.30678466076696165,0.24631268436578171,0.582117010077728,0.618805277826522,0.04930277777777778,0.06514444444444445,macd_bullish_cross,1,0,haussier,365,0,0,30,,,17.0,46.0,83.5,47.0,50,41.82,False,False,,0,,,,57,,,,,,,,,
WBETHUSDT,WBETH,Speculative,,1839.99,1494169.94024,0.934,31.50683269474895,-8.573716725757095,2296.3588,2641.1053500000003,0.6000576119176737,0.34930710266963716,0.30536948230940614,1.0547750421134148,0.905512814501191,1986.3272222222217,2592.958611111111,bullish_engulfing_4h,1,0,haussier,365,0,0,30,,,17.0,37.0,54.5,68.0,50,41.61,False,False,,0,,,,47,,,,,,,,,
ACHUSDT,ACH,Speculative,,0.00545,921532.55337,4.607,37.07502283263714,-1.0615132871133806e-05,0.006838000000000003,0.007728499999999999,0.5619241900083706,0.42954545454545456,0.37954545454545463,0.513997785133103,0.3813843728375284,0.0055916666666666675,0.008081944444444444,morning_star_4h,1,0,haussier,365,0,0,30,,,17.0,37.0,79.0,57.5,50,41.56,False,False,,0,,,,51,,,,,,,,,
ZKUSDT,ZK,Mid,258,0.01108,2266350.442768,-1.86,34.82863442433825,-5.074789991557074e-05,0.0150432,0.0223453,0.9013056289892166,0.5207652823145124,0.48296780214652363,0.4822251437653969,0.6629770395968213,0.012277499999999997,0.0192375,,0,0,neutre,365,0,0,30,,,31.0,19.0,59.5,68.0,50,41.55,False,False,,0,,,,42,107688546,233057840,9703425807.0,21000000000.0,21000000000.0,46.2,,,
ZBTUSDT,ZBT,Speculative,662,0.1175,3631276.32416,13.967,43.32077987668952,-0.00042405872367337616,0.15270800000000007,0.10933800000000009,1.270231949245325,0.5263882514915099,0.46213859568609456,0.7123429448877568,0.18176057577031965,0.07387222222222221,0.18884166666666669,,0,0,neutre,239,0,0,30,,,13.5,45.0,43.0,68.0,50,41.5,False,False,,0,,,,47,28608157,116771712,244992188.30119348,1000000000.0,1000000000.0,24.5,56678434,$57M,-2.46
VICUSDT,VIC,Speculative,,0.0358,2192604.120379,2.874,38.02053509021879,-0.0012685548735681552,0.05044600000000002,0.06472599999999999,2.1051140106715507,0.5152394775036285,0.48476052249637164,3.482465159857534,0.15518575868048404,0.040197222222222204,0.06325277777777777,double_top_90d,0,1,baissier,365,0,0,30,,,17.0,55.0,32.5,68.0,17.3,41.36,False,False,,2,⚡ Volume ×3.5 vs médiane,,3.48,48,,,,,,,,,
SXTUSDT,SXT,Speculative,777,0.00847,3683868.354777,-19.716,30.123552257086473,-7.499734717054973e-05,0.012670999999999995,0.020566350000000014,0.8512370667733941,0.578494623655914,0.546236559139785,1.7799723557495017,0.47336962850471215,0.00996027777777778,0.017777222222222215,downtrend|doji_4h,0,1,baissier,365,0,0,30,,,17.0,46.0,55.0,68.0,17.0,41.29,False,False,,0,,,,42,21850253,42038899,2598813644.2665,5000000000.0,5000000000.0,52.0,,,
OSMOUSDT,OSMO,Speculative,568,0.0459,840161.621658,1.549,47.87803522852314,-0.00034563213506094855,0.04811599999999999,0.04619500000000001,1.940370942640968,0.5825688073394495,0.47362385321100914,0.8842381196984331,0.24638708997500552,0.030394444444444432,0.06725833333333335,golden_cross,1,0,haussier,365,0,0,30,,,17.0,54.0,32.5,57.5,50,41.22,False,False,,0,,,,51,35488503,44651011,777001078.396905,977609111.598512,1000000000.0,79.5,15620544,$16M,4.98
AVNTUSDT,AVNT,Speculative,553,0.1133,2844336.97265,5.69,40.51055703315997,-0.0013226485216176337,0.14067,0.21080400000000002,1.00115965021713,0.43777777777777777,0.37333333333333335,0.6615442453543627,0.5751047097662935,0.11736111111111112,0.1623444444444444,,0,0,neutre,271,0,0,30,,,14.4,37.0,58.0,68.0,50,41.2,False,False,,0,,,,47,36530220,112739976,324021892.5476045,1000000000.0,1000000000.0,32.4,35413926,$35M,-10.03
ETHFIUSDT,ETHFI,Mid,140,0.309,1182505.8997,1.645,38.31803220951486,-0.0014563766626303765,0.3882200000000001,0.5462699999999999,0.9464525365813578,0.5094017094017094,0.4717948717948718,0.1722568155715229,0.6282223351741585,0.33166666666666667,0.5379166666666666,downtrend,0,1,baissier,365,0,0,30,,,31.0,28.0,59.5,68.0,17.0,41.18,False,False,,0,,,,37,271145377,307436076,880665741.0,998535999.0,1000000000.0,88.2,2789472738,$2.8B,-2.39
SOMIUSDT,SOMI,Speculative,864,0.1141,1525550.66047,10.135,33.8422551588053,-0.0017786336190464842,0.161228,0.20076900000000006,0.9069484448353508,0.5,0.43346573982125125,2.6190426590655727,0.6418248314367735,0.13050555555555554,0.19287777777777776,downtrend,0,1,baissier,284,0,0,30,,,14.8,46.0,59.5,68.0,17.0,41.1,False,False,,0,,,,46,18271365,114053461,160200000.0,1000000000.0,1000000000.0,16.0,,,
TIAUSDT,TIA,Mid,137,0.3267,2761834.276352,1.334,40.268540970508205,-0.005280204897680236,0.38583200000000006,0.4113529999999999,1.0744133641829827,0.36317567567567577,0.31186655405405406,0.29617863662389243,0.5825497093769336,0.29459444444444444,0.44571666666666665,downtrend,0,1,baissier,365,0,0,30,,,31.0,28.0,58.0,68.0,17.0,41.02,False,False,,0,,,,37,302924887,381553609,929135835.3478,1170307053.193925,,79.4,,,
CHIPUSDT,CHIP,Mid,372,0.03177,4235382.42266,-0.843,37.29584184852614,0.0005240386536991522,0.05127639999999999,,1.1457030075350885,0.7302375044310528,0.7186281460475009,0.02774805000939848,,0.03222761904761905,0.08148904761904763,macd_bullish_cross,1,0,haussier,53,0,0,30,,,22.5,36.0,34.5,68.0,50,40.89,False,False,,0,,,,43,63757836,318789178,2000000000.0,10000000000.0,10000000000.0,20.0,,,
INITUSDT,INIT,Speculative,,0.0601,1081978.22186,5.07,39.98521749770132,0.00029891366795612405,0.081208,0.08607850000000003,1.0544009647835053,0.5140781108083561,0.45594913714804725,1.1124286166830097,0.39514949838681074,0.06303333333333334,0.10035277777777776,macd_bullish_cross|downtrend,1,1,mixte,365,0,0,30,,,17.0,46.0,49.0,68.0,17.0,40.67,False,False,,0,,,,41,,,,,,,,,
MBOXUSDT,MBOX,Speculative,,0.0051,1493607.50732,4.082,25.265042131143602,-0.0006434898283827033,0.011062000000000002,0.020734999999999996,1.691386679559869,0.7575757575757577,0.7424242424242424,1.6226599676309343,0.26457293002689347,0.009063888888888885,0.017080555555555554,uptrend,1,0,haussier,365,0,0,30,,,17.0,46.0,22.0,68.0,50,40.61,False,False,,0,,,,50,,,,,,,,,
ESPUSDT,ESP,Speculative,583,0.06596,657230.26074,1.119,49.05577160081876,0.00039389521173625267,0.06815440000000002,,0.9686179532290672,0.4608995893990295,0.3848450914520343,0.274589049231335,0.5063272625321477,0.06340861111111111,0.09482805555555554,support_bounce,1,0,haussier,121,0,0,30,,,10.3,45.0,68.5,57.5,50,40.59,False,False,,0,,,,54,34256951,236254836,520550000.0,3590000000.0,,14.5,,,
TUTUSDT,TUT,Speculative,,0.01039,692617.54675,2.465,48.967820909101626,8.188062060431527e-05,0.011238600000000005,0.01211255,0.7756318943019113,0.32461103253182466,0.26379066478076374,0.7442000478527618,0.3007479009030908,0.008785000000000001,0.013018611111111111,support_bounce|downtrend,1,1,mixte,365,0,0,30,,,17.0,46.0,73.0,57.5,17.0,40.57,False,False,,0,,,,48,,,,,,,,,
OGUSDT,OG,Speculative,,2.763,629330.4209,1.469,47.516578178344545,0.021285822004746477,3.01654,4.987829999999998,0.8092833706985637,0.4030379746835443,0.3002531645569621,0.1984489738329797,0.41611350356184607,2.5407500000000005,3.3768611111111118,macd_bullish_cross,1,0,haussier,365,0,0,30,,,17.0,37.0,68.5,57.5,50,40.47,False,False,,0,,,,52,,,,,,,,,
MOVRUSDT,MOVR,Speculative,903,1.393,1336166.085463,13.622,38.435731142739094,-3.782813882302616e-05,2.0437200000000004,1.9764450000000005,0.9851808179518826,0.5925291295407814,0.5243317340644278,0.9292786212780848,0.2996053618209966,1.117083333333333,2.680305555555555,downtrend,0,1,baissier,365,0,0,30,,,17.0,45.0,49.0,68.0,17.0,40.4,False,False,,0,,,,40,16925550,17418251,12184243.0,12538925.0,,97.2,,,
RLCUSDT,RLC,Speculative,689,0.3675,454489.99446,7.018,41.5131929945445,-0.003122422236719411,0.43151000000000006,0.5081775000000001,0.6904251027270917,0.3562256809338521,0.28287937743190666,1.6369947151118895,0.6082566034094449,0.37059999999999993,0.48315555555555556,downtrend,0,1,baissier,365,0,0,30,,,17.0,55.0,73.0,47.0,17.0,40.36,False,False,,0,,,,47,26553974,31916396,72382548.06525737,86999784.9868455,86999784.9868455,83.2,,,
DUSDT,D,Speculative,,0.00579,3454338.67027,18.163,33.24577000807456,-0.0003897863622713345,0.011578999999999999,0.011184550000000007,2.265422456493433,0.7702573879885606,0.7244995233555767,1.0982780222995454,0.17688447253688228,0.005681666666666668,0.01563166666666667,,0,0,neutre,365,0,0,30,,,17.0,45.0,22.0,68.0,50,40.34,False,False,,0,,,,44,,,,,,,,,
DUSKUSDT,DUSK,Mid,425,0.0934,788597.6228,1.854,34.493943378994416,-0.001398722813972221,0.12636,0.10044049999999989,1.0573671384836993,0.4787430683918669,0.42452248921749847,0.48589992916492103,0.25780257063278195,0.09125833333333336,0.15428333333333336,uptrend,1,0,haussier,365,0,0,30,,,31.0,27.0,52.0,57.5,50,40.29,False,False,,0,,,,43,54818843,54818843,587813172.1270928,587813172.1270928,1000000000.0,100.0,,,
PUNDIXUSDT,PUNDIX,Speculative,707,0.0997,427083.37183,1.839,30.176900150463126,-0.0027158384076861903,0.13805,0.1778335000000001,0.8859013824328272,0.43830570902394106,0.389195825659914,1.6113384270564057,0.5340370345165865,0.11901111111111111,0.15863333333333332,,0,0,neutre,365,0,0,30,,,17.0,46.0,68.5,47.0,50,40.25,False,False,,0,,,,52,25665769,25665769,258386541.0999244,258386541.0999244,,100.0,,,
BATUSDT,BAT,Mid,217,0.0923,348555.4501,-0.108,43.24018916691417,-0.0010513191938831207,0.10170400000000003,0.14363350000000003,0.908692783554123,0.3046744574290484,0.23205342237061774,0.3398907021718702,0.566414617080445,0.09154444444444446,0.11255555555555555,support_bounce,1,0,haussier,365,0,0,30,,,31.0,28.0,73.0,47.0,50,40.14,False,False,,0,,,,47,137504199,137897237,1495724656.9526057,1500000000.0,1500000000.0,99.7,,,
FORMUSDT,FORM,Mid,285,0.2297,1074926.91077,-0.13,44.308374315910505,-0.002260902976564608,0.255986,0.28048549999999983,1.1915676095838144,0.28576051779935274,0.2572815533980582,0.4735066720007957,0.44208325940866633,0.213775,0.29034166666666666,macd_bearish_cross|downtrend,0,2,baissier,365,0,0,30,,,31.0,28.0,62.5,68.0,0,40.07,False,False,,0,,,,33,87790693,131571329,381867255.14,572301922.1,580000000.0,66.7,,,
BOMEUSDT,BOME,Speculative,637,0.000436,1025489.226486,1.395,39.2288599967792,-2.1817788952324964e-06,0.0005311400000000001,0.0005272649999999999,0.8902146276532499,0.3761609907120743,0.326625386996904,0.4275306440741534,0.4908422235603029,0.00038141666666666673,0.0006284722222222223,downtrend,0,1,baissier,365,0,0,30,,,17.0,36.0,68.5,68.0,17.0,40.05,False,False,,0,,,,41,30028627,30028627,68999659569.0,68999659569.0,68999659569.0,100.0,,,
TWTUSDT,TWT,Mid,196,0.391,580616.1829,0.334,40.74974856498691,-0.003666832163903771,0.44486199999999987,0.6216205000000005,0.881183818348931,0.3710714942106231,0.28119830913435034,0.2211499890896595,0.4090525167580229,0.38199722222222227,0.5105750000000001,support_bounce|downtrend,1,1,mixte,365,0,0,30,,,31.0,28.0,73.0,57.5,17.0,39.99,False,False,,0,,,,39,162659837,390399319,416649900.0,1000000000.0,,41.7,,,
ENJUSDT,ENJ,Mid,400,0.02996,539380.617205,4.1,31.74624340029318,-0.0001818513001939073,0.044042000000000005,0.0322751,0.7428199641041139,0.6859688195991092,0.6652561247216036,0.2497390335856866,0.04792949926076695,0.020201944444444443,0.0646361111111111,,0,0,neutre,365,0,0,30,,,31.0,27.0,49.0,57.5,50,39.97,False,False,,0,,,,43,59116655,59810929,1973797925.530992,1996978500.629854,,98.8,,,
SAGAUSDT,SAGA,Speculative,,0.01269,2689085.402663,3.592,36.14004557569662,-0.00028630218725088407,0.018989199999999998,0.038207250000000005,1.3017370600247247,0.7284034373586613,0.7132519222071461,0.8691059931122618,0.23360132367470401,0.015252222222222219,0.03283166666666667,,0,0,neutre,365,0,0,30,,,17.0,37.0,38.5,68.0,50,39.94,False,False,,0,,,,44,,,,,,,,,
WALUSDT,WAL,Mid,315,0.0328,713792.69941,0.613,19.146707889149923,-0.0009535770611598989,0.06338,0.0949145,0.9066398880086544,0.6391752577319588,0.6231386025200458,1.1066920343150004,0.6490904229317455,0.046311111111111115,0.08523333333333333,,0,0,neutre,246,0,0,30,,,27.7,28.0,55.0,57.5,50,39.89,False,False,,0,,,,50,78580221,163495907,2403125000.0,5000000000.0,5000000000.0,48.1,3368740,$3M,0.33
CFGUSDT,CFG,Mid,300,0.2154,2484400.11746,9.063,42.57508242828426,-0.003981029152926176,0.25089,,1.3248680917270412,0.3882807469414037,0.30940115904700577,0.1462413123647848,,0.14615428571428568,0.3019314285714286,downtrend,0,1,baissier,89,0,0,30,,,23.4,36.0,48.0,68.0,17.0,39.84,False,False,,0,,,,38,81746025,146134682,380384016.0,680000000.0,,55.9,1633560212,$1.6B,18.12
1000CHEEMSUSDT,1000CHEEMS,Speculative,,0.000547,561278.039179,0.551,45.219176487468665,-2.934624059232702e-06,0.0006088799999999999,0.0006983699999999997,1.011349781685032,0.34065934065934067,0.24862637362637371,0.307837797225368,0.6025194484297549,0.00042805555555555565,0.0006714444444444445,,0,0,neutre,365,0,0,30,,,17.0,37.0,62.5,57.5,50,39.84,False,False,,0,,,,51,,,,,,,,,
DOGSUSDT,DOGS,Speculative,762,4.37e-05,1143101.9799806,0.0,45.495603283942366,-3.122405202224268e-07,4.9283999999999984e-05,3.9085e-05,1.0677535929177289,0.547646383467279,0.4982778415614237,0.42342099549789525,0.2300687011210252,2.692222222222222e-05,6.450833333333333e-05,downtrend|doji_4h,0,1,baissier,365,0,0,30,,,17.0,45.0,43.0,68.0,17.0,39.78,False,False,,0,,,,42,22546037,23996749,516750000000.0,550000000000.0,550000000000.0,94.0,,,
NMRUSDT,NMR,Mid,399,8.44,300125.55,1.321,48.79292026921861,0.043258494441682116,8.795199999999998,8.916899999999998,0.7288553635102817,0.26269531250000006,0.17675781250000006,0.21437472243041303,0.46033134266105974,7.01861111111111,9.423888888888888,macd_bullish_cross|downtrend,1,1,mixte,365,0,0,30,,,31.0,37.0,73.0,47.0,17.0,39.77,False,False,,0,,,,45,59197397,89448402,7037995.408477687,10634545.99994919,11000000.0,66.2,,,
LDOUSDT,LDO,Mid,165,0.2651,1728532.563032,0.645,33.42017402093724,-0.0017406026766313663,0.34639799999999993,0.420085,0.6528357619072513,0.42892266428252124,0.40701832811801525,0.191544396776748,0.6546014978625462,0.27742500000000003,0.405813888888889,downtrend,0,1,baissier,365,0,0,30,,,31.0,19.0,68.5,68.0,17.0,39.73,False,False,,0,,,,36,223322277,264965707,842834643.4560835,1000000000.0,1000000000.0,84.3,14912365516,$14.9B,-0.27
SUSDT,S,Mid,241,0.03127,1291421.168807,2.659,34.00876836442947,-0.00036538037675714957,0.04282480000000002,0.05709329999999999,0.8741596020363419,0.46518814760952554,0.4311943283039448,0.2866940705278731,0.6047935979928106,0.034958611111111114,0.05002694444444444,downtrend,0,1,baissier,365,0,0,30,,,31.0,19.0,68.5,68.0,17.0,39.73,False,False,,0,,,,36,118271205,121418681,3784775845.0,3885497663.0,,97.4,,,
AXLUSDT,AXL,Mid,458,0.0429,403808.285942,-0.233,35.892125678408604,-0.000318536488319858,0.05914800000000001,0.06786100000000003,0.8594136914180975,0.4981773997569866,0.4787363304981774,0.30712329256712145,0.33468540931186236,0.043525,0.07274444444444444,support_bounce,1,0,haussier,365,0,0,30,,,31.0,28.0,68.5,47.0,50,39.67,False,False,,0,,,,46,50733124,53239637,1185257667.146154,1243816304.338108,,95.3,143065272,$143M,-1.45
SUPERUSDT,SUPER,Mid,388,0.0952,295885.7376,2.036,38.81402151345274,-0.0006299133271710977,0.11576599999999995,0.1531035,0.8296121374769606,0.34183673469387743,0.30393586005830897,0.1715651553061251,0.5128356781105606,0.09773888888888889,0.1337361111111111,,0,0,neutre,365,0,0,30,,,31.0,28.0,68.5,47.0,50,39.67,False,False,,0,,,,46,60991089,95274081,640164549.0,1000000000.0,1000000000.0,64.0,,,
CKBUSDT,CKB,Mid,431,0.001116,250976.431884,-0.09,36.33500451402499,1.1196065853816425e-07,0.0013994800000000003,0.0018473150000000004,0.6595523045061179,0.4053899082568808,0.3606651376146789,0.4441725762520064,0.6567955167546068,0.0011793055555555556,0.0016293611111111112,macd_bullish_cross,1,0,haussier,365,0,0,30,,,31.0,28.0,68.5,47.0,50,39.67,False,False,,0,,,,46,54391418,55295337,48938326527.7123,49751622567.45437,,98.4,,,
XNOUSDT,XNO,Mid,488,0.327,207031.56577,-14.398,28.845376173786278,-0.0064225815673769684,0.4386,0.5710749999999999,0.6525071333675952,0.37570093457943926,0.37570093457943926,0.90203637178203,0.4622585880679903,0.3975277777777777,0.5080555555555556,,0,0,neutre,365,0,0,30,,,31.0,28.0,68.5,47.0,50,39.67,False,False,,0,,,,52,45267974,45267974,133248297.0,133248297.0,133248297.0,100.0,,,
SFPUSDT,SFP,Mid,235,0.247,124560.4843,0.652,42.678427943878134,0.00010277910700112053,0.290976,0.30338649999999995,0.7745022113579639,0.41596417281348785,0.34905163329820865,0.16892970355384934,0.5406313109174419,0.2531166666666666,0.3309527777777778,macd_bullish_cross|doji_4h,1,0,haussier,365,0,0,30,,,31.0,28.0,68.5,47.0,50,39.67,False,False,,0,,,,46,123352704,123352704,500000000.0,500000000.0,500000000.0,100.0,,,
MEGAUSDT,MEGA,Mid,435,0.04816,4481988.558734,5.916,25.063094634139404,0.0021169422961911724,,,0.9758608081340873,0.7445378151260504,0.7147058823529412,0.31944506201222317,,0.046834117647058825,0.14914764705882355,,0,0,neutre,44,0,0,30,,,22.2,27.0,45.0,68.0,50,39.52,False,False,,0,,,,48,53908471,477153614,1129792788.0,10000000000.0,10000000000.0,11.3,,,
COMPUSDT,COMP,Mid,191,17.66,546054.07153,-1.175,42.989778505758345,0.20037158704159874,20.785399999999996,22.24814999999999,0.8043465915204854,0.3888677087304613,0.32672512390392683,0.3036743407428456,0.4294011221338899,16.884999999999998,24.454444444444444,macd_bullish_cross|downtrend,1,1,mixte,365,0,0,30,,,31.0,28.0,68.5,57.5,17.0,39.52,False,False,,0,,,,38,170525544,176377954,9668189.278360886,10000000.0,10000000.0,96.7,1058534031,$1.1B,2.3
FLOWUSDT,FLOW,Mid,476,0.02865,539812.2634763,-1.105,39.94945746927353,0.00020727832447736422,0.03556840000000001,0.07159564999999996,0.6628213019333858,0.41085972850678737,0.3518099547511313,0.2911723095909322,0.4437745255618842,0.02830472222222222,0.04195666666666667,macd_bullish_cross|downtrend,1,1,mixte,365,0,0,30,,,31.0,28.0,68.5,57.5,17.0,39.52,False,False,,0,,,,38,47721011,47721011,1668166978.022744,1668166978.022744,,100.0,,,
XVSUSDT,XVS,Speculative,504,2.49,92513.9138,-0.797,45.676898737349546,0.003366464380581885,2.6266000000000007,3.454600000000001,0.5502327820150756,0.2975460122699386,0.2361963190184048,0.1136255860412869,0.5500870264769092,2.469722222222221,2.958333333333333,macd_bullish_cross,1,0,haussier,365,0,0,30,,,17.0,37.0,83.5,47.0,50,39.43,False,False,,0,,,,54,41812886,73915429,16826375.972881515,29745107.921051685,30000000.0,56.6,1063481471,$1.1B,3.86
MITOUSDT,MITO,Speculative,,0.01864,1242875.120962,-6.237,26.077344755135883,-0.0005041758019785946,0.0414214,0.05148595000000002,1.2593693822859608,0.7721936903888482,0.7721936903888482,1.2005731188733162,0.3123667657423007,0.02753972222222222,0.057903333333333334,rsi_bullish_divergence,1,0,haussier,288,0,0,30,,,14.9,37.0,38.5,68.0,50,39.31,False,False,,0,,,,50,,,,,,,,,
BICOUSDT,BICO,Speculative,,0.0192,353301.041698,5.495,37.48950567661092,-0.00028957998645282143,0.024251999999999992,0.031239499999999996,1.0732496486249266,0.40728476821192056,0.3741721854304636,1.1702741198799964,0.54354731716807,0.019738888888888896,0.02773055555555555,,0,0,neutre,365,0,0,30,,,17.0,46.0,58.0,47.0,50,39.16,False,False,,0,,,,50,,,,,,,,,
IMXUSDT,IMX,Mid,239,0.1432,867748.508815,1.994,43.20990675573648,-0.00016852583814608822,0.165582,0.19590700000000003,0.8999913856028132,0.37728395061728404,0.2928395061728396,0.3142946988417369,0.7069813193218237,0.1363583333333333,0.18576666666666664,downtrend,0,1,baissier,365,0,0,30,,,31.0,28.0,65.0,57.5,17.0,39.15,False,False,,0,,,,38,120487984,286043704,842444578.3296283,2000000000.0,2000000000.0,42.1,25279542,$25M,4.85
LINEAUSDT,LINEA,Mid,338,0.002409,855439.522691,1.261,32.300945018724846,-2.9300187819115465e-05,0.0033068399999999997,0.004610989999999999,0.7742676515761464,0.4664662349676225,0.44287696577243285,0.24666074684084438,0.6055526817961112,0.0027032777777777784,0.003837,,0,0,neutre,276,0,0,30,,,28.6,19.0,68.5,57.5,50,39.15,False,False,,0,,,,44,73788930,173507620,30624246245.373516,72009990000.0,72009990000.0,42.5,,,
ASRUSDT,ASR,Speculative,,1.021,585506.09,2.305,48.57052131030859,0.017158315816914897,1.13462,1.33854,0.9341671508328333,0.4032140248356465,0.25639152666179693,0.7934000499666372,0.37715188221964757,0.9762222222222222,1.3418888888888894,double_top_90d|downtrend,0,2,baissier,365,0,0,30,,,17.0,46.0,73.0,57.5,0,39.14,False,False,,0,,,,43,,,,,,,,,
NFPUSDT,NFP,Speculative,,0.00785,776281.21034,4.806,38.68163210738358,-3.68818043271098e-05,0.011767599999999996,0.018020949999999994,1.4688569753132912,0.5816618911174785,0.5495702005730658,1.6117391988995542,0.2894809947105227,0.009104166666666668,0.016608333333333336,bearish_engulfing_4h,0,1,baissier,365,0,0,30,,,17.0,55.0,38.5,57.5,13.3,39.05,False,False,,0,,,,41,,,,,,,,,
AIXBTUSDT,AIXBT,Speculative,764,0.02269,1178100.231184,2.392,39.31641555327863,-0.00026032797811743717,0.029183600000000004,0.029077899999999993,1.0687402642415267,0.42674094707520893,0.3690807799442897,0.3691016700084068,0.5066999795756051,0.022134166666666667,0.034038888888888896,downtrend,0,1,baissier,365,0,0,30,,,17.0,36.0,58.0,68.0,17.0,38.95,False,False,,0,,,,39,22492815,22613607,994658423.1010208,1000000000.0,1000000000.0,99.5,,,
TLMUSDT,TLM,Speculative,,0.000987,1021992.368362,1.127,23.830479183724094,-1.8961991669181217e-05,0.0016230199999999995,0.0018927149999999992,0.9111489002037882,0.5413461538461538,0.5264423076923077,3.1324452489930774,0.5951047480828263,0.0012381388888888887,0.0019836111111111113,downtrend,0,1,baissier,365,0,0,30,,,17.0,37.0,55.0,68.0,17.0,38.91,False,False,,2,⚡ Volume ×3.1 vs médiane,,3.13,52,,,,,,,,,
BONKUSDT,BONK,Mid,122,4.44e-06,2553147.03422749,1.602,32.44364351340843,-3.092387698406408e-08,5.904599999999999e-06,7.1277e-06,0.7200447803094954,0.4533678756476684,0.4235751295336788,0.3529069702738118,0.7693905793909416,4.905277777777779e-06,6.885000000000001e-06,downtrend,0,1,baissier,365,0,0,30,,,31.0,19.0,60.5,68.0,17.0,38.9,False,False,,0,🔥 Trending #12 sur CoinGecko,12,,34,391198073,391198073,87994722092630.06,87994722092630.19,87995282867000.55,100.0,,,
NILUSDT,NIL,Speculative,881,0.03787,1499464.108065,5.282,38.391308705721904,-0.0025818085816960417,0.0525656,0.05602525000000002,2.044560498007868,0.6246753246753246,0.5931818181818181,0.723029537304065,0.20765211540829678,0.03337499999999999,0.0699086111111111,doji_4h,0,0,neutre,365,0,0,30,,,17.0,37.0,28.0,68.0,50,38.84,False,False,,0,,,,43,17611649,37640313,467893249.996,1000000000.0,,46.8,,,
FOGOUSDT,FOGO,Mid,483,0.01219,1771723.53695,7.686,39.78382927794294,7.91089775975366e-05,0.016536199999999997,,1.7746895313486624,0.5374264087468461,0.48822539949537425,0.35512318689293687,0.2526950060147277,0.012836111111111107,0.021633611111111117,macd_bullish_cross|downtrend,1,1,mixte,149,0,0,30,,,25.1,36.0,32.5,68.0,17.0,38.71,False,False,,0,,,,35,46614956,121601049,3838040604.74944,10012017762.82777,,38.3,,,
VETUSDT,VET,Mid,115,0.005041,835603.5297948,5.152,35.06030675808441,-1.3554048695751573e-05,0.006538259999999998,0.008552584999999998,0.6889348131171857,0.41009542943244603,0.3658965344048218,0.31989967898866284,0.7106090122911061,0.005448166666666667,0.007632833333333333,downtrend|morning_star_4h,1,1,mixte,365,0,0,30,,,31.0,28.0,60.5,57.5,17.0,38.68,False,False,,0,,,,37,433449427,433449427,85985041177.0,85985041177.0,86712634466.0,100.0,,,
ZENUSDT,ZEN,Mid,313,4.36,1669403.28257,0.926,34.48685770233094,-0.07610698849418962,5.9517999999999995,7.037445,1.1346492996784987,0.45068565400843874,0.4261603375527426,0.24279240615814987,0.6759573826479579,4.791999999999999,6.944833333333334,downtrend,0,1,baissier,365,0,0,30,,,31.0,19.0,58.0,68.0,17.0,38.64,False,False,,0,,,,34,78705740,91309328,18101332.87278685,21000000.0,21000000.0,86.2,,,
ACXUSDT,ACX,Speculative,641,0.04257,236430.42876,1.044,53.394579045281596,0.00019435827182530142,0.042736800000000005,0.044967200000000006,0.4190048251601417,0.15783898305084743,0.09682203389830504,0.4562701212599784,0.304944195657593,0.04077638888888892,0.04535277777777777,downtrend,0,1,baissier,365,0,0,30,,,17.0,37.0,100.0,47.0,17.0,38.4,False,False,,0,,,,49,29903577,42437029,704657633.0,1000000000.0,1000000000.0,70.5,20676467,$21M,-5.97
HOTUSDT,HOT,Mid,420,0.000313,145159.507807,1.294,30.520382313528373,-1.5034692764721726e-06,0.0003936000000000001,0.0004370399999999997,0.5161303100196396,0.3526881720430108,0.32688172043010755,0.2585534534625112,0.6981243840292912,0.00034041666666666676,0.0004577222222222222,,0,0,neutre,365,0,0,30,,,31.0,19.0,79.0,47.0,50,38.38,False,False,,0,,,,45,55500885,55500885,177619433541.1413,177619433541.1413,,100.0,,,
BMTUSDT,BMT,Speculative,,0.01315,315413.419187,-0.454,37.122123726016945,-0.00010483366988589353,0.015496000000000001,0.01875025,0.6198997221421907,0.3200654307524536,0.2840785169029444,0.5012847274608623,0.5926500800995631,0.013448055555555553,0.017549999999999996,,0,0,neutre,365,0,0,30,,,17.0,37.0,73.0,47.0,50,38.34,False,False,,0,,,,50,,,,,,,,,
ATMUSDT,ATM,Speculative,,0.99,501730.56756,1.747,50.688045874832675,0.0073652538389287585,1.03352,1.045895,0.7587055492708744,0.28393005828476275,0.17485428809325568,0.39680660641675425,0.466844123023825,0.955638888888889,1.1870277777777778,macd_bullish_cross|death_cross|support_bounce|doji_4h,2,1,haussier,365,0,0,30,,,17.0,37.0,73.0,57.5,16.5,38.13,False,False,,0,,,,45,,,,,,,,,
TSTUSDT,TST,Speculative,937,0.01687,616509.994752,7.247,52.22332623583248,1.2925398089030926e-05,0.016868200000000003,0.013656200000000007,1.2574948781088413,0.4976976208749041,0.35379892555640824,0.29755472091083746,0.2891060030894099,0.008344722222222222,0.021232499999999998,macd_bullish_cross|downtrend,1,1,mixte,365,0,0,30,,,17.0,45.0,52.0,57.5,17.0,38.11,False,False,,0,,,,44,15826496,15826496,940135195.5453386,940135195.5453386,1000000000.0,100.0,,,
PNUTUSDT,PNUT,Speculative,502,0.0424,913463.87882,1.923,35.60388411168968,-0.00044230250283964004,0.054072000000000016,0.059817499999999996,0.9150852353861685,0.43758765778401126,0.4053295932678822,0.2976436338804051,0.4963797964084395,0.03979444444444443,0.06391944444444445,,0,0,neutre,365,0,0,30,,,17.0,28.0,68.5,57.5,50,38.08,False,False,,0,,,,46,42371820,42371820,999841968.156492,999841968.156492,1000000000.0,100.0,,,
SYNUSDT,SYN,Speculative,,0.0318,972833.69426,13.571,32.275982693192304,-0.0011666351941550207,0.048400000000000006,0.0529825,1.211385959174411,0.5267558528428093,0.46822742474916385,2.8501338055811405,0.3567600845121506,0.03977222222222224,0.05726666666666666,downtrend,0,1,baissier,365,0,0,30,,,17.0,46.0,49.0,57.5,17.0,38.07,False,False,,0,,,,45,,,,,,,11747658,$12M,-6.07
RSRUSDT,RSR,Mid,291,0.001359,351008.0211189,0.074,35.23748074440941,-8.17485189422749e-06,0.0017123400000000003,0.002022705,0.5994268999374833,0.39402298850574713,0.3751724137931034,0.20322933003397917,0.5862270728632631,0.001409666666666667,0.0019648333333333336,downtrend|bullish_engulfing_4h,1,1,mixte,365,0,0,30,,,31.0,28.0,79.0,47.0,17.0,38.01,False,False,,0,,,,40,84826907,135607678,62553174091.0,100000000000.0,100000000000.0,62.6,49260746,$49M,-6.03
NEWTUSDT,NEWT,Speculative,,0.0528,613303.88244,2.524,31.39900025092173,-0.0009333557035493606,0.071504,0.08234350000000003,0.7700343283415304,0.4079718640093786,0.3821805392731536,0.5986441745827136,0.5507612257419899,0.0592388888888889,0.082625,bullish_engulfing_4h,1,0,haussier,354,0,0,30,,,16.7,28.0,68.5,57.5,50,37.99,False,False,,0,,,,46,,,,,,,,,
REQUSDT,REQ,Mid,500,0.057,117172.5763,2.334,42.498714793973264,-0.00036304479467757535,0.06711400000000001,0.08176950000000001,1.25946795018637,0.46740220661985954,0.4262788365095286,0.4479072260883638,0.2907935579514889,0.05992222222222221,0.08293888888888888,,0,0,neutre,365,0,0,30,,,31.0,28.0,52.0,47.0,50,37.95,False,False,,0,,,,44,42438100,56984884,744291192.2591633,999416740.9347086,1000000000.0,74.5,,,
PONDUSDT,POND,Speculative,972,0.00178,221478.86338,1.136,50.15866409360241,1.52859974912069e-05,0.0018837999999999997,0.002824699999999999,2.609664357186499,0.45200000000000007,0.28400000000000003,0.5674312954154237,0.11364457355428,0.0015244444444444446,0.002523333333333333,,0,0,neutre,365,0,0,30,,,17.0,46.0,46.0,47.0,50,37.91,False,False,,0,,,,51,14654951,17866675,8202394162.0,10000000000.0,10000000000.0,82.0,,,
LAUSDT,LA,Speculative,984,0.0729,718094.64828,0.691,30.11999508880922,-0.00032777331169604046,0.11998799999999997,0.22539149999999997,1.0508443398856593,0.7271634615384616,0.7079326923076922,1.2159203811040447,0.4940074736620725,0.09039444444444443,0.21134722222222221,,0,0,neutre,339,0,0,30,,,16.3,37.0,44.5,57.5,50,37.75,False,False,,0,,,,45,14067774,72890021,193000000.0,1000000000.0,,19.3,,,
BROCCOLI714USDT,BROCCOLI714,Speculative,,0.01333,911253.04799,-1.405,48.45307308408708,0.00017245249921542575,0.015276800000000004,0.015387000000000005,0.9786497665636265,0.4892723880597015,0.3787313432835821,0.30885090923192876,0.46187116417076757,0.011829444444444445,0.01846111111111111,macd_bullish_cross|downtrend,1,1,mixte,365,0,0,30,,,17.0,37.0,68.5,57.5,17.0,37.71,False,False,,0,,,,44,,,,,,,,,
LAZIOUSDT,LAZIO,Speculative,,0.476,523032.09656,0.634,38.55798543414866,0.0029320288216777776,0.5667599999999999,0.8049399999999995,0.6437318709325939,0.40399999999999997,0.36533333333333334,0.6946765008670996,0.5105382694766786,0.48808333333333337,0.7157222222222223,macd_bullish_cross|downtrend,1,1,mixte,365,0,0,30,,,17.0,37.0,68.5,57.5,17.0,37.71,False,False,,0,,,,41,,,,,,,,,
USTCUSDT,USTC,Speculative,595,0.00592,484733.46999,-0.169,47.12293349095729,-2.6452713106245152e-05,0.006458799999999997,0.00600165,0.766582668615549,0.3034825870646766,0.2512437810945274,0.3056581269716292,0.4255465336755463,0.004535833333333333,0.007286388888888888,downtrend,0,1,baissier,365,0,0,30,,,17.0,45.0,73.0,47.0,17.0,37.7,False,False,,0,,,,47,33159847,36151350,5576450011.32694,6079527340.288895,,91.7,,,
ZRXUSDT,ZRX,Mid,329,0.0886,135397.1531,2.546,38.34581653216438,-0.00037634097793792266,0.10574000000000003,0.11689450000000001,0.599495539875162,0.3528481012658229,0.2982594936708861,0.2178177456616661,0.7057060444305213,0.092575,0.11793611111111109,downtrend,0,1,baissier,365,0,0,30,,,31.0,28.0,75.5,47.0,17.0,37.65,False,False,,0,,,,40,75197334,88634651,848396562.906836,1000000000.0,1000000000.0,84.8,,,
XECUSDT,XEC,Mid,255,5.44e-06,171889.34258584,1.682,27.77627757504368,-7.199250139879996e-08,6.939800000000001e-06,8.553649999999999e-06,0.5410814835358982,0.39049826187717274,0.3684820393974507,0.36386130953524687,0.7078992724427259,6.031944444444446e-06,7.773611111111112e-06,morning_star_4h,1,0,haussier,365,0,0,30,,,31.0,19.0,71.0,47.0,50,37.54,False,False,,0,,,,50,108896974,108897483,20040935922580.0,20041029672580.0,21000000000000.0,100.0,,,
IOSTUSDT,IOST,Speculative,677,0.000817,409794.215179,1.998,32.797602938123205,-9.647190969338837e-06,0.0010332599999999998,0.0013208199999999997,0.6646192004756342,0.3793103448275863,0.34723336006415395,2.2627277365277503,0.6928952499396381,0.000915583333333333,0.0011727777777777776,double_top_90d|doji_4h,0,1,baissier,365,0,0,30,,,17.0,46.0,68.5,47.0,17.3,37.52,False,False,,0,,,,48,27616441,27616441,33999051873.0,33999051873.0,90000000000.0,100.0,,,
GMXUSDT,GMX,Mid,408,5.59,174678.69757,2.757,38.33606697416409,-0.04360921158827952,6.698400000000001,7.0725500000000014,0.7380026956834527,0.28964613368283093,0.26605504587155965,0.38922208246075196,0.5965547454199283,5.732777777777779,7.349999999999999,downtrend,0,1,baissier,365,0,0,30,,,31.0,28.0,73.0,47.0,17.0,37.38,False,False,,0,,,,39,58120502,58120502,10414885.54570483,10414885.54570483,13250000.0,100.0,160752299,$161M,-5.82
POLYXUSDT,POLYX,Mid,460,0.0393,260158.84798,4.244,34.184375372117714,-0.0006595975921844578,0.04915800000000001,0.0509495,0.71370164009072,0.3532513181019332,0.3093145869947276,0.3150067552477459,0.432574305101251,0.040936111111111124,0.05626111111111112,,0,0,neutre,365,0,0,30,,,31.0,19.0,68.5,47.0,50,37.28,False,False,,0,,,,44,50358693,50358693,1285776848.473069,1285776848.473069,,100.0,,,
RAYUSDT,RAY,Mid,202,0.587,677882.0999,1.033,35.48643050576051,-0.005717458139086598,0.72968,0.7941799999999992,0.755493875831549,0.3644646924829157,0.33143507972665154,0.2027214479797,0.711245536047506,0.578111111111111,0.8228333333333331,double_top_90d|downtrend,0,2,baissier,365,0,0,30,,,31.0,28.0,60.5,57.5,0,37.26,False,False,,0,,,,33,157595492,325177202,268977952.317238,555000000.0,555000000.0,48.5,800075843,$800M,-2.5
GNOUSDT,GNO,Mid,144,96.9,205254.5341,0.749,32.95330825767543,-0.2386528114105353,117.5856,124.9588999999999,0.48704593499328586,0.37557746673102116,0.331724470799145,0.9236982250557682,0.719778405004926,103.99055555555557,137.70611111111114,downtrend,0,1,baissier,365,0,0,30,,,31.0,28.0,71.0,47.0,17.0,37.18,False,False,,0,,,,39,256065914,291029301,2639589.0,3000000.0,3000000.0,88.0,,,
GRTUSDT,GRT,Mid,171,0.01983,692765.46106,2.322,33.23210164583111,-0.00039342367517853564,0.024798200000000003,0.03065554999999998,0.7025422525204534,0.3522295195298998,0.31455236778430695,0.332150236524884,0.6972413807701101,0.021695833333333334,0.027844722222222215,double_top_90d,0,1,baissier,365,0,0,30,,,31.0,19.0,68.5,57.5,17.3,37.15,False,False,,0,,,,36,213988907,213996736,10799867657.47347,10800262816.04821,10800262823.318213,100.0,,,
KSMUSDT,KSM,Mid,358,3.68,562057.38274,1.657,32.62156375104023,-0.03412025705889771,4.721400000000001,5.602349999999999,0.6240573178022436,0.4223706176961603,0.38564273789649417,0.401773358521817,0.6141893104521441,3.8686111111111097,5.471111111111111,downtrend,0,1,baissier,365,0,0,30,,,31.0,19.0,68.5,57.5,17.0,37.13,False,False,,0,,,,36,67327609,67327609,18350735.57165509,18350735.57165509,,100.0,,,
BTTCUSDT,BTTC,Speculative,,2.7e-07,86456.9914597,3.846,35.33319898259525,-1.626528002665044e-09,3.1260000000000014e-07,3.521499999999995e-07,0.5458481784548141,0.2777777777777778,0.24999999999999997,0.13420337271342123,0.5526010645949956,2.8722222222222234e-07,3.411111111111112e-07,,0,0,neutre,365,0,0,30,,,17.0,28.0,83.5,47.0,50,37.04,False,False,,0,,,,49,,,,,,,,,
JASMYUSDT,JASMY,Mid,161,0.0047,482765.969547,0.858,38.1852187404451,-1.6211564461038536e-05,0.005635999999999998,0.0061068,0.6243095207620887,0.3908355795148249,0.3665768194070081,0.22877020299716622,0.5892692060084358,0.004921666666666666,0.0063475,downtrend|doji_4h,0,1,baissier,365,0,0,30,,,31.0,28.0,68.5,47.0,17.0,36.92,False,False,,0,,,,38,232352235,234960295,49444999677.59027,50000000000.0,50000000000.0,98.9,,,
THETAUSDT,THETA,Mid,205,0.1574,415593.54172,0.768,36.635217376877904,-0.0010109150384090288,0.19673200000000002,0.22971799999999998,0.7252939119437499,0.3951417004048583,0.3619433198380567,0.16242270235271367,0.6099258989438519,0.1510916666666667,0.2277777777777778,downtrend,0,1,baissier,365,0,0,30,,,31.0,28.0,68.5,47.0,17.0,36.92,False,False,,0,,,,38,157515212,157515212,1000000000.0,1000000000.0,1000000000.0,100.0,,,
TURBOUSDT,TURBO,Mid,396,0.000871,339684.642088,1.161,35.437323376449385,-7.163997200837881e-06,0.0011171600000000003,0.00133838,0.7918631524126197,0.3983859134262656,0.3617021276595745,0.14546491421131966,0.5306342112477029,0.0009162222222222224,0.0013006666666666668,downtrend,0,1,baissier,365,0,0,30,,,31.0,28.0,68.5,47.0,17.0,36.92,False,False,,0,,,,38,59991172,59991172,69000000000.0,69000000000.0,69000000000.0,100.0,,,
COWUSDT,COW,Mid,295,0.1432,142098.65685,2.652,40.11818066128051,0.0005021825492443552,0.16850000000000004,0.19860849999999977,0.600061004054461,0.4690763052208835,0.42489959839357433,0.12193246952252465,0.5873302265035556,0.14752500000000002,0.22635277777777776,macd_bullish_cross|downtrend|bullish_engulfing_4h,2,1,haussier,365,0,0,30,,,31.0,28.0,68.5,47.0,17.0,36.92,False,False,,0,,,,38,82908001,142854504,580366725.9122901,1000000000.0,1000000000.0,58.0,,,
NEIROUSDT,NEIRO,Speculative,661,6.812e-05,1613414.43901264,-0.249,40.163851080626095,-3.283345642909519e-07,8.6477e-05,9.249040000000003e-05,1.0556764336243334,0.46221878756654644,0.4147346728490469,0.24925531128347464,0.48668240938774254,5.665972222222222e-05,0.00010238472222222221,downtrend,0,1,baissier,365,0,0,30,,,17.0,28.0,58.0,68.0,17.0,36.83,False,False,,0,,,,37,28674152,28674152,420690000000.0,420690000000.0,420690000000.0,100.0,,,
GMTUSDT,GMT,Speculative,694,0.00842,647171.263657,6.045,39.140675059073395,-9.073576706864048e-05,0.010620200000000003,0.012935399999999996,1.2176102120015895,0.4219219219219219,0.3693693693693694,0.6996045710875766,0.5003082377381993,0.00892777777777778,0.012381944444444447,downtrend,0,1,baissier,365,0,0,30,,,17.0,37.0,58.0,57.5,17.0,36.62,False,False,,0,,,,39,26117245,42590147,3111400155.0,5073850155.102167,6000000000.0,61.3,,,
WAXPUSDT,WAXP,Speculative,788,0.00463,245328.36115,1.982,25.56873355312574,-7.012836979287105e-05,0.006179799999999998,0.0071373,0.5729035838930462,0.46489104116222757,0.43825665859564167,0.7044164530639637,0.5401637856607021,0.00534888888888889,0.007167777777777777,,0,0,neutre,365,0,0,30,,,17.0,28.0,79.0,47.0,50,36.58,False,False,,0,,,,54,21407094,21407094,4621800067.99559,4621800067.99559,,100.0,,,
MBLUSDT,MBL,Speculative,989,0.000714,874672.872681,1.565,32.076161524098595,-6.701869884055388e-06,0.00088868,0.001033845,0.586700921189025,0.4001759014951627,0.3711521547933157,0.5109387347096166,0.5219528755445791,0.0007910833333333333,0.0010075833333333334,downtrend,0,1,baissier,365,0,0,30,,,17.0,28.0,79.0,57.5,17.0,36.42,False,False,,0,,,,40,13891907,21422824,19453887214.0,30000000000.0,30000000000.0,64.8,,,
ACMUSDT,ACM,Speculative,,0.308,603421.6195,-0.645,30.277110006730013,-0.0012579712009555336,0.39008,0.4575050000000002,0.5325400850680573,0.3476394849785408,0.3412017167381975,0.7821989233029054,0.619076699708371,0.339888888888889,0.451,downtrend|doji_4h,0,1,baissier,365,0,0,30,,,17.0,28.0,79.0,57.5,17.0,36.42,False,False,,0,,,,40,,,,,,,,,
GPSUSDT,GPS,Speculative,620,0.00719,691589.524473,0.139,48.76185901939878,2.8147056428429935e-05,0.007460399999999999,0.007673300000000003,1.1856542417049734,0.3026455026455026,0.2380952380952381,0.29971378786485053,0.21531033268194694,0.006862222222222222,0.009008888888888887,death_cross|support_bounce,1,1,mixte,365,0,0,30,,,17.0,37.0,56.5,57.5,16.5,36.41,False,False,,0,,,,42,31644351,71770544,4409100001.78,10000000000.0,10000000000.0,44.1,29679326,$30M,0.5
PORTOUSDT,PORTO,Speculative,,0.569,511431.94859,1.971,32.2242945162284,0.0009723004869338636,0.7528400000000002,0.9791249999999999,0.6427601934334937,0.5492142266335814,0.5293631100082714,1.3703464352385395,0.6100484887795263,0.6196111111111111,1.0600555555555558,macd_bullish_cross|downtrend|bullish_engulfing_4h,2,1,haussier,365,0,0,30,,,17.0,37.0,55.0,57.5,17.0,36.31,False,False,,0,,,,39,,,,,,,,,
SANDUSDT,SAND,Mid,214,0.05297,798776.68388,2.516,31.730771098557724,-0.0006888867716000752,0.06985219999999996,0.09538954999999999,0.7021792016395071,0.4472222222222222,0.41277777777777774,0.21835003528892868,0.7572729965102472,0.05995527777777779,0.08376388888888889,downtrend,0,1,baissier,365,0,0,30,,,31.0,19.0,60.5,57.5,17.0,36.3,False,False,,0,,,,34,140697981,158248285,2667289212.2233224,3000000000.0,3000000000.0,88.9,,,
STXUSDT,STX,Mid,131,0.184,513289.11029,0.546,33.615144811885784,-0.002680105821541278,0.23004000000000005,0.2616260000000001,0.743726157932311,0.3529845246868091,0.32277081798084006,0.20266420136904795,0.7288837347581079,0.1979722222222222,0.2649972222222222,downtrend,0,1,baissier,365,0,0,30,,,31.0,19.0,60.5,57.5,17.0,36.3,False,False,,0,,,,34,339201338,339201338,1848640427.87464,1848640427.87464,,100.0,,,
SUSHIUSDT,SUSHI,Mid,471,0.1778,310675.56199,1.138,42.72537776368268,-0.0015770940710853939,0.20944000000000002,0.24537900000000007,1.0401820568051026,0.3423244744149147,0.29472431574771907,0.3074292388863217,0.5019848200730738,0.18110555555555552,0.23521666666666668,downtrend|bullish_engulfing_4h,1,1,mixte,365,0,0,30,,,31.0,28.0,62.5,47.0,17.0,36.29,False,False,,0,,,,37,48413963,51695057,273012266.12632084,291514753.9009228,,93.7,35776285,$36M,9.91
CITYUSDT,CITY,Speculative,,0.407,465964.51523,-0.245,36.4416050427875,0.005897664985830879,0.5207599999999998,0.5896299999999995,0.5756672466585161,0.4973474801061008,0.45888594164456237,0.5583524962645477,0.3244826986009207,0.4206388888888889,0.6931111111111111,downtrend,0,1,baissier,365,0,0,30,,,17.0,37.0,79.0,47.0,17.0,36.21,False,False,,0,,,,43,,,,,,,,,
KATUSDT,KAT,Speculative,955,0.0066,6271896.39621,2.964,44.12212710458871,0.0001483387057723539,0.0088642,,1.0273077412768268,0.7947474747474748,0.7345454545454546,0.45748182475482213,,0.006452647058823528,0.013637647058823532,macd_bullish_cross|downtrend,1,1,mixte,87,0,0,30,,,9.4,36.0,28.5,78.5,17.0,36.2,False,False,,0,,,,34,15189648,64857593,2342000000.0,10000000000.0,10000000000.0,23.4,,,
AMPUSDT,AMP,Mid,487,0.000529,536740.426722,1.341,19.549588084976065,-7.097337823482231e-06,0.0007878000000000003,0.0014095649999999996,0.665049555027311,0.6392045454545454,0.6235795454545454,0.3858613510779975,0.5583895447223511,0.000646888888888889,0.0012280555555555558,,0,0,neutre,365,0,0,30,,,31.0,10.0,55.0,57.5,50,36.09,False,False,,0,,,,45,45917698,52764011,86781193103.18022,99720238122.2857,100000000000.0,87.0,,,
ENSUSDT,ENS,Mid,177,4.86,475820.6026,3.185,36.27830077914457,-0.04243698375647531,6.009800000000002,7.44585,0.6895505409761646,0.38565629228687415,0.34235453315290926,0.31859644509919227,0.7911840643788437,5.1147222222222215,6.791666666666666,downtrend|bullish_engulfing_4h,1,1,mixte,365,0,0,30,,,31.0,28.0,60.5,47.0,17.0,36.08,False,False,,0,,,,37,195758651,484447422,40408647.500078425,100000000.0,100000000.0,40.4,,,
HEMIUSDT,HEMI,Speculative,,0.00569,3493084.653619,-0.175,41.842580591542735,-1.862798584985662e-05,0.007336800000000002,0.010720950000000002,1.1980301968120977,0.501010101010101,0.4262626262626263,0.9975339842833172,0.3456591808351232,0.005830277777777776,0.00887722222222222,double_top_90d|downtrend,0,2,baissier,263,0,0,30,,,14.2,37.0,49.0,68.0,0,36.02,False,False,,0,,,,34,,,,,,,29619743,$30M,0.07
MTLUSDT,MTL,Speculative,752,0.254,82088.2727,1.195,40.00742964949514,-0.0009186592493155548,0.2916600000000001,0.31804999999999983,0.6277430406337189,0.2857142857142858,0.2440476190476191,0.2246422133495064,0.6862995389031507,0.25702777777777774,0.3194722222222221,,0,0,neutre,365,0,0,30,,,17.0,28.0,73.0,47.0,50,35.95,False,False,,0,,,,47,22991995,22991995,90635915.0,90635915.0,,100.0,,,
DGBUSDT,DGB,Mid,497,0.00236,240940.814164,-3.673,23.981411563322794,-4.402154111162631e-05,0.0034664,0.0046754499999999985,0.6850714551620659,0.5143442622950819,0.5143442622950819,0.8792609024368747,0.593354696852939,0.0029011111111111104,0.0046500000000000005,rsi_bullish_divergence,1,0,haussier,365,0,0,30,,,31.0,19.0,55.0,47.0,50,35.88,False,False,,0,,,,48,43244247,43275677,18316666800.61387,18329979428.9263,21000000000.0,99.9,,,
ATUSDT,AT,Speculative,636,0.1321,198725.9228,7.837,52.34920678028486,0.0020407805222555633,0.14347399999999996,,1.6199514337444423,0.43656908063687727,0.3210066769388803,0.2962260640229276,0.10352728280409272,0.11865555555555558,0.1718361111111111,uptrend|bullish_engulfing_4h,2,0,haussier,198,0,0,30,,,12.4,45.0,41.5,47.0,50,35.8,False,False,,0,,,,50,30330716,131872676,230000000.0,1000000000.0,1000000000.0,23.0,,,
GIGGLEUSDT,GIGGLE,Speculative,683,27.36,2442291.55503,0.367,42.92673463539436,-0.09509066110961473,32.38039999999999,44.45145000000003,1.014121577282294,0.48581203461461053,0.4507949285570537,0.22430150629533951,0.41929250574343124,23.795833333333334,39.127777777777766,downtrend,0,1,baissier,231,0,0,30,,,13.3,28.0,58.0,68.0,17.0,35.73,False,False,,0,,,,37,27333725,27333725,1000000.0,1000000.0,1000000.0,100.0,,,
XAIUSDT,XAI,Speculative,926,0.00781,502788.447753,0.644,32.93718527772869,-9.962734376048809e-05,0.0102282,0.012325649999999999,0.7746580736079178,0.4210931485758276,0.39953810623556585,0.30503689834526604,0.5354029552052608,0.008475000000000002,0.011728055555555554,,0,0,neutre,365,0,0,30,,,17.0,19.0,68.5,57.5,50,35.69,False,False,,0,,,,44,16154604,17197296,2072634078.728927,2206411457.029549,2500000000.0,93.9,,,
METUSDT,MET,Mid,418,0.1057,294290.15627,2.323,35.05100267432762,-0.0007783445386836188,0.14263999999999993,0.19915399999999991,0.8581050992955355,0.47348484848484845,0.43019480519480513,0.2672361421393138,0.4582338057797262,0.11565555555555555,0.17513611111111113,downtrend,0,1,baissier,212,0,0,30,,,26.8,28.0,68.5,47.0,17.0,35.66,False,False,,0,,,,38,55624098,104860631,529255469.010528,997734160.016252,1000000000.0,53.0,181272005,$181M,2.91
WBTCUSDT,WBTC,Speculative,,63604.26,3744946.4450002,0.875,33.43225986676079,-226.2643197091702,74288.785,77751.00099999999,0.4241544266847521,0.25876944840793126,0.22379343353700476,0.42173846360042616,0.999635132903233,64357.36527777779,79842.35444444444,downtrend,0,1,baissier,365,0,0,30,,,17.0,19.0,69.5,68.0,17.0,35.64,False,False,,0,,,,36,,,,,,,7265559084,$7.3B,1.16
NEOUSDT,NEO,Mid,207,2.178,261079.40756,0.369,27.729308595413244,-0.025223308855641224,2.7462200000000005,3.12251,0.5263961187671954,0.35675182481751816,0.3375912408759124,0.13667301374975505,0.6783477744469807,2.377333333333333,3.06275,downtrend,0,1,baissier,365,0,0,30,,,31.0,19.0,79.0,47.0,17.0,35.62,False,False,,0,,,,43,153440938,217554144,70530000.0,100000000.0,,70.5,,,
TFUELUSDT,TFUEL,Mid,377,0.0085,98680.94682,1.07,31.331667594774345,-5.844931700264193e-05,0.010637399999999998,0.014556349999999997,0.4963278789149717,0.39687267311988084,0.3641102010424422,0.3583944808198436,0.6853773530926246,0.00932861111111111,0.012542500000000002,downtrend,0,1,baissier,365,0,0,30,,,31.0,19.0,79.0,47.0,17.0,35.62,False,False,,0,,,,37,62791079,62791593,7362682937.0,7362743123.0,,100.0,,,
YBUSDT,YB,Speculative,832,0.0926,825686.54461,0.216,44.943059871631206,-2.326316577149802e-05,0.11060800000000004,0.22077850000000004,1.4065250898600596,0.48837209302325574,0.40310077519379844,0.6277566858204889,0.33475466157962325,0.09400277777777775,0.13798888888888888,downtrend,0,1,baissier,241,0,0,30,,,13.6,37.0,58.0,57.5,17.0,35.6,False,False,,0,,,,39,19578766,67971610,212509362.4916481,737768829.6531416,1000000000.0,28.8,120716264,$121M,7.14
ZKPUSDT,ZKP,Speculative,,0.0552,497759.72884,1.284,35.4189530751088,-0.00027507438821950184,0.07365400000000001,,0.7432450938014252,0.4854854854854855,0.44644644644644643,0.5671705924072709,0.47351405473132074,0.060294444444444456,0.08808055555555555,downtrend,0,1,baissier,157,0,0,30,,,11.3,45.0,68.5,47.0,17.0,35.53,False,False,,0,,,,44,,,,,,,,,
RADUSDT,RAD,Speculative,,0.221,338450.1887,0.455,39.34909676204716,-0.0015875140286780599,0.26005999999999996,0.26046,0.837747457590695,0.3791044776119404,0.33731343283582094,0.24171948080862574,0.323805932065255,0.21372222222222217,0.3066388888888889,,0,0,neutre,365,0,0,30,,,17.0,28.0,68.5,47.0,50,35.48,False,False,,0,,,,46,,,,,,,,,
LUNAUSDT,LUNA,Speculative,550,0.0518,304522.775155,1.768,38.62763453645016,-0.0002530310011192626,0.06290599999999999,0.07435050000000003,0.6907910831976997,0.3382157123834887,0.3062583222370173,0.15879467117440788,0.5252118738520295,0.052755555555555556,0.07072222222222221,support_bounce,1,0,haussier,365,0,0,30,,,17.0,28.0,68.5,47.0,50,35.48,False,False,,0,,,,46,36762624,61447072,709984438.91686,1186707049.0,,59.8,,,
BELUSDT,BEL,Speculative,,0.0834,240528.30393,1.337,36.33558402100095,-0.0009108030499623979,0.103314,0.11356250000000007,0.7057105890837525,0.3629160063391443,0.34072900158478614,0.4185737474623146,0.5536300004759478,0.08830555555555555,0.1187194444444444,,0,0,neutre,365,0,0,30,,,17.0,28.0,68.5,47.0,50,35.48,False,False,,0,,,,46,,,,,,,,,
1000CATUSDT,1000CAT,Speculative,,0.00152,170731.191246,0.0,39.222228499953935,-1.2744627245802389e-05,0.0018557999999999997,0.0021934999999999997,0.8627669928754657,0.35964912280701755,0.32894736842105265,0.15314886842455183,0.6054268295258527,0.001534722222222222,0.0021105555555555556,,0,0,neutre,365,0,0,30,,,17.0,28.0,68.5,47.0,50,35.48,False,False,,0,,,,46,,,,,,,,,
ARDRUSDT,ARDR,Speculative,650,0.02972,94766.36219,2.66,33.187024026506165,-0.000383746808035359,0.038672800000000014,0.0482576,0.8034527236870345,0.40723601177955404,0.3740008413967185,0.8801056962110261,0.42845025967064515,0.03376222222222222,0.046715277777777786,bullish_engulfing_4h,1,0,haussier,365,0,0,30,,,17.0,28.0,68.5,47.0,50,35.48,False,False,,0,,,,46,29395113,29395113,998466231.0,998466231.0,,100.0,,,
DYMUSDT,DYM,Speculative,,0.0165,2256441.45127,3.774,40.92873356105938,-0.000215808377786198,0.020951999999999988,0.04348399999999998,1.2842128751791342,0.6021220159151194,0.5623342175066313,0.49724438089951445,0.36445303345715413,0.016716666666666668,0.03203333333333334,support_bounce|downtrend|doji_4h,1,1,mixte,365,0,0,30,,,17.0,28.0,44.5,68.0,17.0,35.42,False,False,,0,,,,35,,,,,,,,,
SAPIENUSDT,SAPIEN,Speculative,808,0.0824,778292.42486,2.233,41.70175355868247,-0.0007306242522399919,0.09986799999999996,0.10385100000000005,1.2290444904906097,0.459795321637427,0.39912280701754393,0.6022639627013099,0.45170696809784394,0.06818333333333332,0.11953333333333334,downtrend,0,1,baissier,219,0,0,30,,,13.0,37.0,58.0,57.5,17.0,35.42,False,False,,0,,,,39,20541619,82166476,250000000.0,1000000000.0,1000000000.0,25.0,,,
BLURUSDT,BLUR,Mid,448,0.01848,306494.845056,4.821,40.35733107338767,6.63155922937188e-05,0.023415399999999992,0.025383600000000013,0.7902620682576919,0.513142523364486,0.45969626168224303,0.1856447984521936,0.2922332853950588,0.017548055555555553,0.030059166666666668,macd_bullish_cross|downtrend,1,1,mixte,365,0,0,30,,,31.0,28.0,53.5,47.0,17.0,35.35,False,False,,0,,,,36,52003481,55335041,2819378845.605023,3000000000.0,3000000000.0,94.0,13343981,$13M,0.51
WCTUSDT,WCT,Speculative,,0.04738,955825.119961,-0.232,37.95105111026345,-8.204825108480869e-05,0.059455600000000025,0.06719589999999998,0.7261587608509849,0.3912863070539419,0.345643153526971,0.4223014884218097,0.5203286837122545,0.04948805555555556,0.06832527777777779,downtrend,0,1,baissier,365,0,0,30,,,17.0,28.0,68.5,57.5,17.0,35.33,False,False,,0,,,,38,,,,,,,,,
SCRUSDT,SCR,Speculative,,0.03302,595413.18656,-0.121,31.842900909930677,-0.00043147462475687367,0.04383279999999999,0.05703650000000005,0.7787822271979672,0.4020295202952029,0.39114391143911437,0.81435398730076,0.5615691241654243,0.03707194444444445,0.050888611111111114,downtrend,0,1,baissier,365,0,0,30,,,17.0,28.0,68.5,57.5,17.0,35.33,False,False,,0,,,,38,,,,,,,,,
MUBARAKUSDT,MUBARAK,Speculative,,0.01081,516499.309975,-0.369,40.52795349844746,8.06590670439963e-06,0.013491799999999998,0.015208800000000001,0.9520959392211938,0.42019733023795697,0.3737666860127684,0.2056352179700325,0.5079452680743213,0.010756111111111112,0.01607,macd_bullish_cross|downtrend,1,1,mixte,365,0,0,30,,,17.0,28.0,68.5,57.5,17.0,35.33,False,False,,0,,,,38,,,,,,,,,
PSGUSDT,PSG,Speculative,,0.555,644297.9527,0.181,27.89528605563666,-0.0221866548424854,0.8585799999999999,0.8190149999999997,1.082219024768887,0.5414175918018788,0.5260461144321092,0.2770602158245392,0.3378375253447902,0.6641944444444445,1.089972222222222,,0,0,neutre,365,0,0,30,,,17.0,27.0,44.5,57.5,50,35.31,False,False,,0,,,,48,,,,,,,,,
2ZUSDT,2Z,Mid,154,0.06884,388564.42119,-1.404,32.55928935576533,-0.0013976934899968506,0.08904240000000002,0.09630620000000004,1.0203477933839031,0.3969884853852967,0.3905225863596103,0.47528639382404453,0.5911420382727665,0.07154388888888889,0.10266111111111112,uptrend,1,0,haussier,254,0,0,30,,,28.0,19.0,58.0,47.0,50,35.28,False,False,,0,,,,42,238286510,686634393,3469790297.2,9998372797.2,10000000000.0,34.7,350319744,$350M,0.91
ZILUSDT,ZIL,Mid,386,0.00315,207400.033726,1.942,32.37095904014572,-2.715291069908083e-05,0.003858399999999998,0.004415050000000001,0.5850562176320582,0.3265765765765766,0.2950450450450451,0.3189930862539546,0.7715992975011385,0.0033955555555555553,0.004314166666666667,downtrend|doji_4h,0,1,baissier,365,0,0,30,,,31.0,19.0,75.5,47.0,17.0,35.26,False,False,,0,,,,37,61257734,64296136,19513551525.0,20481429686.52171,21000000000.0,95.3,,,
HYPERUSDT,HYPER,Speculative,732,0.0724,914912.04599,3.577,36.61415829275602,-0.000365565184508811,0.10156999999999998,0.1081684999999999,1.077994280472412,0.5997490589711417,0.5451693851944793,0.7573119886035335,0.30007392575103436,0.07651388888888888,0.12425277777777777,downtrend|bullish_engulfing_4h,1,1,mixte,365,0,0,30,,,17.0,37.0,44.5,57.5,17.0,35.21,False,False,,0,,,,37,24468601,58414651,338174017.0,807333335.0000001,1000000000.0,41.9,93240004,$93M,-41.47
ERAUSDT,ERA,Speculative,886,0.0999,202763.44033,2.778,36.743009744350196,-0.0010686987752297882,0.12832600000000002,0.1632565000000001,0.9746091338837206,0.37869822485207105,0.3431952662721894,0.2697932669290214,0.5653603354794337,0.1097805555555555,0.14845,,0,0,neutre,331,0,0,30,,,16.1,28.0,68.5,47.0,50,35.2,False,False,,0,,,,46,17425329,99715758,174750000.0,1000000000.0,1000000000.0,17.5,,,
GLMRUSDT,GLMR,Speculative,,0.0092,448333.21514,0.0,27.221610116286413,-2.5919502120957342e-05,0.014052000000000002,0.01717400000000002,0.5886768132534569,0.5445026178010471,0.5130890052356021,0.6185756315769548,0.4490415729977342,0.009822222222222224,0.017849999999999998,bullish_engulfing_4h,1,0,haussier,365,0,0,30,,,17.0,28.0,65.5,47.0,50,35.17,False,False,,0,,,,52,,,,,,,,,
ALICEUSDT,ALICE,Speculative,,0.106,493190.738345,5.263,39.94279366939888,-0.0005447205138352541,0.13127599999999995,0.14628000000000005,0.7875781878505125,0.4,0.3554878048780488,0.5619273809057025,0.3707249808564102,0.10456111111111112,0.1592583333333334,downtrend,0,1,baissier,365,0,0,30,,,17.0,37.0,68.5,47.0,17.0,35.11,False,False,,0,,,,41,,,,,,,,,
SSVUSDT,SSV,Speculative,609,2.218,221426.347674,-1.684,45.25670163549774,0.007793059454998086,2.6003200000000004,3.105694999999999,0.9541345347810208,0.38463930348258707,0.31094527363184077,0.21741473296061548,0.5570684452154122,2.120694444444444,2.9761666666666673,macd_bullish_cross|downtrend,1,1,mixte,365,0,0,30,,,17.0,37.0,68.5,47.0,17.0,35.11,False,False,,0,,,,44,32547597,32547597,14699173.1,14699173.1,,100.0,12371062566,$12.4B,-0.11
PIXELUSDT,PIXEL,Speculative,,0.00543,1132947.620172,3.232,35.2810054040646,-5.8353007617915984e-05,0.007178599999999997,0.0078157,0.9035289106120337,0.5624461670973299,0.533161068044789,0.3614629140532773,0.35881894572039663,0.005951944444444445,0.009525833333333336,double_top_90d|downtrend,0,2,baissier,365,0,0,30,,,17.0,28.0,55.0,68.0,0,35.09,False,False,,0,,,,32,,,,,,,,,
JUVUSDT,JUV,Speculative,,0.355,552015.63057,0.0,34.930010767093094,0.0011178795009076717,0.4416000000000001,0.5837149999999999,0.5784964878676874,0.4464882943143812,0.4096989966555184,0.6519650277650825,0.5887056003655757,0.3772777777777779,0.5534722222222221,macd_bullish_cross|double_top_90d|downtrend,1,2,baissier,365,0,0,30,,,17.0,28.0,79.0,57.5,0,35.0,False,False,,0,,,,36,,,,,,,,,
TREEUSDT,TREE,Speculative,899,0.0472,771151.4386,5.83,34.90639613770939,-0.0005750603243464729,0.062668,0.08084600000000003,0.8070571563697984,0.44458930899608873,0.3885267275097784,0.7985270473586699,0.5354922491809161,0.05111944444444446,0.07436944444444447,double_top_90d,0,1,baissier,319,0,0,30,,,15.7,28.0,68.5,57.5,17.3,34.97,False,False,,0,,,,39,16981955,19044232,101361867.09737062,113671187.33949398,200000000.0,89.2,66842352,$67M,62.28
CTSIUSDT,CTSI,Speculative,785,0.02322,211671.55025,1.044,35.48827140813354,-0.00013723543913874477,0.029825200000000007,0.030851649999999987,0.7220374136642971,0.4751120547298891,0.4534088228355744,0.1885020730941543,0.1603301302400218,0.022737777777777777,0.03807833333333334,,0,0,neutre,365,0,0,30,,,17.0,28.0,62.5,47.0,50,34.85,False,False,,0,,,,45,21433057,23142450,926136031.7900137,1000000000.0,1000000000.0,92.6,,,
MANAUSDT,MANA,Mid,223,0.0677,344270.4224,1.347,29.881255028702313,-0.0007435130873342478,0.08575399999999998,0.10828149999999997,0.550865609377699,0.36227544910179643,0.32534930139720564,0.24178349840552604,0.7186171375710741,0.07433055555555555,0.09659166666666669,double_top_90d,0,1,baissier,365,0,0,30,,,31.0,19.0,71.0,47.0,17.3,34.81,False,False,,0,,,,42,130584382,147999049,1935113566.7557714,2193179327.320146,,88.2,,,
COSUSDT,COS,Speculative,,0.00052,1426997.660067,9.244,19.9244673467352,-5.566876037606727e-05,0.0010901399999999999,0.0012292949999999992,1.494177835542714,0.7395498392282959,0.7229367631296891,1.0681018745126047,0.07640791126686794,0.0009124722222222221,0.0016739166666666669,downtrend|doji_4h,0,1,baissier,365,0,0,30,,,17.0,28.0,38.5,68.0,17.0,34.8,False,False,,0,,,,40,,,,,,,,,
1INCHUSDT,1INCH,Mid,267,0.0719,287767.15382,0.139,31.841327068852124,-0.0003880811810874239,0.089222,0.11515499999999994,0.5522928047794812,0.34608030592734224,0.3116634799235182,0.33652582718752416,0.865365995647105,0.07789722222222223,0.10007777777777777,downtrend,0,1,baissier,365,0,0,30,,,31.0,19.0,71.0,47.0,17.0,34.79,False,False,,0,,,,36,100983740,107767797,1405573965.7275033,1499999999.997,1500000000.0,93.7,2455086,$2M,0.64
AUCTIONUSDT,AUCTION,Speculative,673,3.74,225104.4662,1.081,28.437773669919025,-0.041060542386474636,4.577200000000002,4.964099999999997,0.48591968849145584,0.30871212121212127,0.2916666666666667,0.18870856236653505,0.6519046499782394,4.0986111111111105,5.026666666666666,,0,0,neutre,365,0,0,30,,,17.0,19.0,83.5,47.0,50,34.66,False,False,,0,,,,52,27716150,28540217,7420409.148028981,7641035.648362741,10000000.0,97.1,,,
BNSOLUSDT,BNSOL,Speculative,,74.5,475390.2934,1.915,34.9248058947835,-0.5721360741046704,91.33999999999997,110.30550000000011,0.6158238590582588,0.36162361623616235,0.3118081180811809,0.5791371707720374,0.8772348148314869,80.04722222222222,102.54166666666667,,0,0,neutre,365,0,0,30,,,17.0,28.0,60.5,47.0,50,34.65,False,False,,0,,,,45,,,,,,,,,
RPLUSDT,RPL,Speculative,624,1.38,50928.1339,4.545,35.68252538188344,-0.004180478597025611,1.7302000000000002,1.9157000000000002,0.6642168960873395,0.38571428571428573,0.3428571428571429,0.18529461551482693,0.7229088192797177,1.4638888888888895,2.02,,0,0,neutre,365,0,0,30,,,17.0,28.0,60.5,47.0,50,34.65,False,False,,0,,,,45,31026788,31026788,22535094.65392216,22535094.65392216,,100.0,900193557,$900M,-1.14
MMTUSDT,MMT,Speculative,771,0.1089,665891.69409,4.812,40.49496909651197,-0.000902169374769759,0.127174,0.1601735,0.7357581599403898,0.32516556291390725,0.2781456953642384,0.3687935320554067,0.5218581295480061,0.10708888888888886,0.14446666666666666,downtrend,0,1,baissier,221,0,0,30,,,13.1,28.0,73.0,57.5,17.0,34.61,False,False,,0,,,,39,22227059,108905229,204095424.0,1000000000.0,1000000000.0,20.4,5639812,$6M,2.18
KAVAUSDT,KAVA,Mid,472,0.04477,243429.776664,4.092,33.698938170526304,-0.0004918280962612643,0.05718039999999999,0.06787180000000005,0.6988024979846506,0.3790523690773067,0.3419392694733754,0.19346252675515677,0.5513089277246837,0.04763,0.06453666666666669,downtrend,0,1,baissier,365,0,0,30,,,31.0,19.0,68.5,47.0,17.0,34.53,False,False,,0,,,,36,48365392,48365392,1082847016.0,1082847016.0,,100.0,,,
SNXUSDT,SNX,Mid,292,0.246,177487.8548,0.82,34.20128948454341,-0.0018797839385808444,0.30316000000000004,0.35993,0.6235701129877449,0.360655737704918,0.32786885245901637,0.14142486735198972,0.655705966591143,0.25950000000000006,0.3393055555555556,downtrend,0,1,baissier,365,0,0,30,,,31.0,19.0,68.5,47.0,17.0,34.53,False,False,,0,,,,36,84703914,84808070,344516234.4572882,344939867.5556631,344939867.0,99.9,32375504,$32M,1.66
QTUMUSDT,QTUM,Mid,324,0.715,153781.1312,2.878,33.44499897368773,-0.00682741334072097,0.8702799999999999,1.0657200000000002,0.6038232969644753,0.3448275862068965,0.314176245210728,0.21272756171957832,0.6537488630354708,0.7669166666666665,0.9875000000000002,downtrend|morning_star_4h,1,1,mixte,365,0,0,30,,,31.0,19.0,68.5,47.0,17.0,34.53,False,False,,0,,,,36,75799610,77071028,106043692.25,107822406.0,,98.4,,,
BBUSDT,BB,Speculative,,0.0213,498179.77552,0.948,37.42388926732622,-0.0002718692898988832,0.028452000000000005,0.040354500000000015,1.2207311251698376,0.4587912087912088,0.4175824175824176,0.2528934100707816,0.5169045589621623,0.022074999999999994,0.0335,,0,0,neutre,365,0,0,30,,,17.0,28.0,58.0,47.0,50,34.38,False,False,,0,,,,45,,,,,,,,,
KNCUSDT,KNC,Speculative,795,0.1232,216409.35606,1.149,37.3774864667672,-0.0006270560507905028,0.14143399999999998,0.17447900000000005,0.5198081872990242,0.29940476190476195,0.2672619047619048,0.27104579359542197,0.34501001714713797,0.1251777777777778,0.15821111111111114,double_top_90d|morning_star_4h,1,1,mixte,365,0,0,30,,,17.0,28.0,83.5,47.0,17.3,34.31,False,False,,0,,,,41,20919954,29625878,170152851.23024455,240962655.9416953,252301550.0,70.6,,,
ROSEUSDT,ROSE,Mid,464,0.00648,811152.930728,3.021,28.404816464594973,-0.00011833667161134328,0.009413199999999997,0.011890299999999994,0.8311222825111777,0.5400907715582451,0.5098335854765508,0.2741415671216564,0.6129080093952852,0.007787500000000001,0.012020555555555555,double_top_90d|downtrend,0,2,baissier,365,0,0,30,,,31.0,19.0,55.0,57.5,0,34.3,False,False,,0,,,,36,49937693,64645740,7724823494.0,10000000000.0,10000000000.0,77.2,,,
ANKRUSDT,ANKR,Speculative,527,0.00389,261050.623586,1.039,36.678873774433164,-2.33303482889292e-05,0.004649200000000001,0.005486900000000002,0.5885010747738773,0.3260869565217391,0.2934782608695652,0.12249840196814535,0.36500840851203825,0.004154166666666665,0.005453333333333334,downtrend,0,1,baissier,365,0,0,30,,,17.0,28.0,83.5,47.0,17.0,34.29,False,False,,0,,,,41,38944960,38944960,10000000000.0,10000000000.0,10000000000.0,100.0,17774186,$18M,1.34
WINUSDT,WIN,Speculative,885,1.764e-05,84277.49010522,0.973,40.84407631814569,-7.327012348616233e-08,1.9663999999999993e-05,2.3923499999999995e-05,0.5428785388618083,0.2673051806704397,0.2294296909011754,0.12302998332974723,0.5998786052708718,1.8130277777777787e-05,2.1930555555555557e-05,downtrend|bullish_engulfing_4h,1,1,mixte,365,0,0,30,,,17.0,28.0,83.5,47.0,17.0,34.29,False,False,,0,,,,41,17463112,17463113,993701854154.286,993701859243.3864,,100.0,,,
QUICKUSDT,QUICK,Speculative,,0.0075,220499.50802,-3.969,42.303746927966685,-7.71654699747808e-06,0.0093552,0.010448350000000004,1.1425346282295434,0.4144067796610169,0.3550847457627119,0.9085950474114095,0.5223114698394892,0.008053055555555556,0.011589444444444447,macd_bearish_cross,0,1,baissier,365,0,0,30,,,17.0,37.0,58.0,47.0,19.8,34.25,False,False,,0,,,,40,,,,,,,313595093,$314M,-16.99
RVNUSDT,RVN,Mid,350,0.00432,227642.961138,4.096,33.327322299461414,-2.5004938233346558e-05,0.005428799999999998,0.006253850000000001,0.5784524476690253,0.36406250000000007,0.3234375000000001,0.3863224434180518,0.693479199222716,0.004695833333333333,0.006187500000000001,double_top_90d|downtrend,0,2,baissier,365,0,0,30,,,31.0,19.0,79.0,47.0,0,34.2,False,False,,0,,,,33,70295004,70301417,16291993160.55053,16293479410.55053,21000000000.0,100.0,,,
IQUSDT,IQ,Speculative,803,0.000785,156746.69726,0.0,20.90153400396929,-1.6268450930241674e-05,0.0010349599999999997,0.001293010000000001,0.4904494428512165,0.3683781581092095,0.3577832110839446,0.7509422190799345,0.6466787023344632,0.0009215,0.0011775833333333334,,0,0,neutre,365,0,0,30,,,17.0,19.0,79.0,47.0,50,34.19,False,False,,0,,,,51,20694801,20694801,26331959476.929,26331959476.929,60000000000.0,100.0,,,
STOUSDT,STO,Speculative,,0.0535,3569734.30631,3.482,39.36695360080288,0.0004315542709890617,0.072992,0.08953,1.391379054680012,0.8879714349475563,0.8810533363088596,0.4270533424595401,0.05869127899046461,0.05729722222222222,0.20718333333333336,downtrend|doji_4h,0,1,baissier,365,0,0,30,,,17.0,28.0,32.5,68.0,17.0,34.17,False,False,,0,,,,33,,,,,,,,,
UMAUSDT,UMA,Speculative,562,0.398,281603.4268,2.051,42.22389863631848,-0.0001851696494192534,0.4511600000000001,0.5518000000000001,0.6000649535633905,0.3260473588342441,0.273224043715847,0.6134278229751741,0.6914407551798903,0.38874999999999993,0.5033055555555556,double_top_90d|support_bounce|downtrend|morning_star_4h,2,2,mixte,365,0,0,30,,,17.0,37.0,73.0,47.0,0,34.16,False,False,,0,,,,38,36001119,51197983,90635294.13810436,128894445.215381,,70.3,,,
HIGHUSDT,HIGH,Speculative,,0.056,2087773.420984,16.667,22.193007289437915,-0.003874814179509335,0.16574000000000005,0.17849499999999988,1.5956192925703163,0.8375796178343949,0.821656050955414,2.5389080174464285,0.1762174931217596,0.09558333333333333,0.2605555555555556,death_cross|downtrend|doji_4h,0,2,baissier,365,0,0,30,,,17.0,37.0,22.0,68.0,0,34.04,False,False,,0,,,,40,,,,,,,,,
TURTLEUSDT,TURTLE,Speculative,,0.0372,426491.55513,2.479,39.36762960258489,-0.0001620635008181921,0.04622000000000001,0.05044250000000001,0.7395471415556593,0.4103448275862069,0.3586206896551725,0.5429223343218332,0.39032230476524693,0.03816111111111111,0.053699999999999984,downtrend,0,1,baissier,234,0,0,30,,,13.4,37.0,68.5,47.0,17.0,34.04,False,False,,0,,,,41,,,,,,,,,
CETUSUSDT,CETUS,Speculative,897,0.01803,132034.817608,1.692,30.53851353220891,-0.00018692169078423542,0.02590019999999999,0.02306049999999999,0.7534780310572882,0.5315508021390375,0.518716577540107,0.10195210380494366,0.4409894443186969,0.01821694444444445,0.031165277777777778,uptrend,1,0,haussier,365,0,0,30,,,17.0,27.0,55.0,47.0,50,33.81,False,False,,0,,,,44,17030518,17967978,947826087.0,1000000000.0,1000000000.0,94.8,25629289,$26M,3.11
REZUSDT,REZ,Speculative,682,0.003184,125080.2842779,0.696,28.638467175135048,-2.7839467172797072e-05,0.00461096,0.0043152899999999985,0.6603213279243293,0.5542691751085383,0.5383502170767004,0.06044374389763921,0.3012120573355672,0.0032548055555555546,0.005849722222222224,support_bounce,1,0,haussier,365,0,0,30,,,17.0,27.0,55.0,47.0,50,33.81,False,False,,0,,,,50,27353457,31142021,8620636305.205635,9814629224.12962,10000000000.0,87.8,124384477,$124M,-1.55
EGLDUSDT,EGLD,Mid,287,2.9,271779.2346,1.045,28.29514096999803,-0.023278660523703754,3.8639999999999977,4.93295,0.6302204929970883,0.41493775933609967,0.4004149377593361,0.299006353951721,0.708980243934967,3.2386111111111124,4.483888888888888,downtrend,0,1,baissier,365,0,0,30,,,31.0,19.0,60.5,47.0,17.0,33.69,False,False,,0,,,,40,86887138,86887138,30126190.0,30126190.0,,100.0,,,
YFIUSDT,YFI,Mid,357,1907.0,212976.13555,1.815,33.37106714626344,-9.081564492038922,2441.68,2908.17,0.681595249953456,0.37389770723104054,0.32768959435626105,0.4327212912174422,0.7166517364302019,2084.027777777778,2785.8611111111113,downtrend,0,1,baissier,365,0,0,30,,,31.0,19.0,60.5,47.0,17.0,33.69,False,False,,0,,,,34,68133602,69750680,35815.94701468851,36666.0,36666.0,97.7,152885593,$153M,-5.28
QKCUSDT,QKC,Speculative,876,0.002467,83906.198206,-0.081,34.219174929526986,-8.50309011827578e-06,0.0029252,0.0034565349999999967,0.4773911511427145,0.2836266030420519,0.2621532955562183,0.6205441229978357,0.7350988985692886,0.0026365277777777776,0.0032782222222222227,shooting_star_4h|morning_star_4h,1,1,mixte,365,0,0,30,,,17.0,28.0,75.5,47.0,18.7,33.6,False,False,,0,,,,40,17884629,24691215,7243316743.0,10000000000.0,,72.4,,,
ONTUSDT,ONT,Mid,474,0.04823,431363.9407,1.302,37.344108945791454,0.0003691483135672231,0.059616999999999996,0.06010409999999997,0.6356953824623406,0.5938981837702424,0.569830902746712,0.10027756787663455,0.2314785478792264,0.0446986111111111,0.09134250000000002,macd_bullish_cross|death_cross|downtrend,1,2,baissier,365,0,0,30,,,31.0,28.0,49.0,47.0,0,33.46,False,False,,0,,,,31,47911406,47911406,1000000000.0,1000000000.0,,100.0,,,
NOMUSDT,NOM,Speculative,,0.0017,940958.17146,1.19,38.641488123117824,-1.8188473642169928e-05,0.0022992,0.0053317500000000006,1.32310876664563,0.8067632850241546,0.7946859903381642,0.1549752609680609,0.22790317617794906,0.0018877777777777775,0.005463055555555555,,0,0,neutre,255,0,0,30,,,14.0,28.0,32.5,57.5,50,33.42,False,False,,0,,,,41,,,,,,,,,
VELODROMEUSDT,VELODROME,Speculative,,0.0139,82539.751866,1.386,43.733862926038974,-1.825635078128219e-05,0.0160548,0.018234399999999998,0.9314262613450524,0.35437144335230214,0.2788411795137093,0.16807029708689342,0.676237441935299,0.013499166666666668,0.017826944444444447,downtrend|morning_star_4h,1,1,mixte,365,0,0,30,,,17.0,28.0,73.0,47.0,17.0,33.19,False,False,,0,,,,39,,,,,,,,,
BARUSDT,BAR,Speculative,,0.293,577689.95914,0.342,24.262992196598475,8.271479999220552e-05,0.39042,0.5021650000000001,0.4569218879922256,0.5017421602787456,0.4895470383275261,0.7060054210635573,0.49697399110200924,0.3273055555555555,0.5595833333333334,macd_bullish_cross|double_top_90d,1,1,mixte,365,0,0,30,,,17.0,19.0,70.0,57.5,17.3,33.12,False,False,,0,,,,42,,,,,,,,,
MINAUSDT,MINA,Mid,426,0.0426,384454.60892,3.148,28.00108610784406,-0.0006343563080412774,0.05685600000000001,0.06844000000000001,0.672279022274582,0.4130434782608696,0.382608695652174,0.25738657727733216,0.6381033488901252,0.048169444444444445,0.06488611111111112,double_top_90d|downtrend,0,2,baissier,365,0,0,30,,,31.0,19.0,68.5,47.0,0,33.1,False,False,,0,,,,38,54723326,54723326,1289912075.840039,1289912075.840039,,100.0,,,
PEOPLEUSDT,PEOPLE,Speculative,685,0.00538,348500.800048,1.128,33.49537487967112,-1.1963200468596727e-05,0.006975599999999998,0.00791335,0.6336576029191414,0.406392694063927,0.3835616438356164,0.39860206901049333,0.5770625513690993,0.005743611111111111,0.008266944444444443,,0,0,neutre,365,0,0,30,,,17.0,19.0,68.5,47.0,50,33.09,False,False,,0,,,,44,27300773,27300773,5066374892.014003,5066374892.014003,,100.0,,,
AEVOUSDT,AEVO,Speculative,878,0.01949,259735.4501966,3.34,34.74675960085679,-0.00018373103029411977,0.025440799999999993,0.03038920000000001,0.7800718076522686,0.4175159235668789,0.3802547770700636,0.37962999885853094,0.49761692885040326,0.02083916666666666,0.02961944444444445,,0,0,neutre,365,0,0,30,,,17.0,19.0,68.5,47.0,50,33.09,False,False,,0,,,,44,17819386,19429180,917145525.5001235,1000000000.0,1000000000.0,91.7,15743035,$16M,-0.36
CELOUSDT,CELO,Speculative,548,0.06129,258905.426614,1.777,32.20215643536315,-0.00037195383053081725,0.08109899999999998,0.09925755000000003,0.6663112021019685,0.43221411192214104,0.4039902676399026,0.1935150272445865,0.6013763688015249,0.06708694444444444,0.09403749999999997,,0,0,neutre,365,0,0,30,,,17.0,19.0,68.5,47.0,50,33.09,False,False,,0,,,,44,36778973,61073227,602211072.0,1000000000.0,1000000000.0,60.2,,,
ILVUSDT,ILV,Speculative,684,3.31,204852.10477,1.846,31.65083542668735,-0.02421051591736778,4.3456,4.8103,0.6759436858454172,0.38653846153846155,0.3653846153846154,0.3110225088160271,0.5587610156299272,3.4094444444444445,5.049444444444446,,0,0,neutre,365,0,0,30,,,17.0,19.0,68.5,47.0,50,33.09,False,False,,0,,,,44,27305182,31626962,8285636.844647178,9597061.857425436,,86.3,,,
LISTAUSDT,LISTA,Speculative,819,0.0516,189922.21293,2.584,30.502109608215378,-0.0005167551490414656,0.07568800000000002,0.11070399999999996,0.9289154621846113,0.4773445732349842,0.4541622760800843,0.2363346753105122,0.4579396756793338,0.06039444444444443,0.09403055555555555,,0,0,neutre,365,0,0,30,,,17.0,19.0,68.5,47.0,50,33.09,False,False,,0,,,,44,19900267,41136521,384875148.05703455,795588564.255041,1000000000.0,48.4,632253140,$632M,2.71
CTKUSDT,CTK,Speculative,821,0.1242,183238.63691,1.471,28.309040994866834,-0.0009248749418595964,0.16616199999999992,0.20635550000000003,0.7249141137134935,0.4003006012024048,0.37625250501002006,0.4108330311185036,0.5654784705279143,0.13871111111111112,0.19056388888888892,,0,0,neutre,365,0,0,30,,,17.0,19.0,68.5,47.0,50,33.09,False,False,,0,,,,50,19883547,19887304,160206203.0,160236473.0,,100.0,,,
VTHOUSDT,VTHO,Speculative,523,0.000395,175870.818775,0.0,32.208638180114235,-4.02117545302454e-06,0.0005219000000000001,0.0006620150000000003,0.8696100515451909,0.3920634920634921,0.373015873015873,0.3890661263804263,0.6217248348892935,0.0004438055555555555,0.0006131944444444446,,0,0,neutre,365,0,0,30,,,17.0,19.0,68.5,47.0,50,33.09,False,False,,0,,,,44,39611986,39687337,100503365802.0,100694545545.0,,99.8,,,
SLPUSDT,SLP,Speculative,860,0.00051,112067.431693,1.796,32.89493988374758,-5.287319882540343e-06,0.00065362,0.0007059050000000003,0.6856457488717101,0.39776951672862454,0.36926889714993805,0.13242465450547786,0.5793638816801068,0.0005444166666666666,0.0007512777777777779,bullish_engulfing_4h,1,0,haussier,365,0,0,30,,,17.0,19.0,68.5,47.0,50,33.09,False,False,,0,,,,44,18489098,18489098,36309267099.0,36309267099.0,,100.0,5495021,$5M,3.02
LSKUSDT,LSK,Speculative,781,0.093,460321.8633,1.087,32.904306883016034,-0.0008081904611660015,0.11824000000000001,0.15094000000000002,0.5929218312861724,0.3776223776223776,0.3496503496503496,0.7243408238654501,0.7099722098002259,0.10300000000000004,0.13580555555555557,downtrend,0,1,baissier,365,0,0,30,,,17.0,28.0,71.0,47.0,17.0,32.99,False,False,,0,,,,39,21531873,36951157,233084697.0,400000000.0,400000000.0,58.3,,,
PYRUSDT,PYR,Speculative,,0.182,602466.869337,1.111,27.066204016272522,-0.002919325228792527,0.2518,0.3550350000000002,0.6490108712114258,0.44859813084112155,0.4299065420560748,0.3891356831656043,0.6060472007401555,0.2144166666666667,0.30408333333333337,double_top_90d,0,1,baissier,365,0,0,30,,,17.0,19.0,68.5,57.5,17.3,32.96,False,False,,0,,,,42,,,,,,,,,
SHELLUSDT,SHELL,Speculative,,0.026,300679.14115,1.961,35.028358680832056,-0.00020511926856439568,0.03330800000000001,0.038137999999999984,0.7191239197982079,0.3960880195599022,0.3643031784841076,0.46659442086729824,0.4505110819804721,0.026933333333333333,0.039233333333333335,double_top_90d,0,1,baissier,365,0,0,30,,,17.0,28.0,68.5,47.0,17.3,32.75,False,False,,0,,,,39,,,,,,,,,
ADXUSDT,ADX,Speculative,,0.057,463861.574,1.243,41.124556982529505,0.0002295853271359837,0.06798599999999999,0.08199449999999991,0.8366361035737176,0.35217903415783275,0.3297997644287397,0.24678202901860488,0.42873734803027225,0.05854166666666668,0.07983888888888889,macd_bullish_cross|downtrend,1,1,mixte,365,0,0,30,,,17.0,28.0,68.5,47.0,17.0,32.73,False,False,,0,,,,38,,,,,,,,,
TNSRUSDT,TNSR,Speculative,,0.0293,322697.46594,1.736,35.31723356373679,-0.00039771654175448784,0.037764000000000006,0.057097999999999996,0.792410350390654,0.46317829457364346,0.4302325581395349,0.265291334374212,0.38320682119846783,0.032688888888888885,0.04523888888888889,downtrend,0,1,baissier,365,0,0,30,,,17.0,28.0,68.5,47.0,17.0,32.73,False,False,,0,,,,38,,,,,,,,,
CELRUSDT,CELR,Speculative,,0.002164,277521.6415123,1.311,39.161191229885375,-1.9469675191758013e-05,0.00262168,0.0030560050000000023,0.8155342654691878,0.3332269390360676,0.3057772103415257,0.34518191765781314,0.5856402218015715,0.0022578055555555563,0.0029484444444444445,downtrend,0,1,baissier,365,0,0,30,,,17.0,28.0,68.5,47.0,17.0,32.73,False,False,,0,,,,38,,,,,,,15025005,$15M,-7.9
BEAMXUSDT,BEAMX,Speculative,,0.001455,227532.03079,3.265,36.235437086552345,-7.800650698690703e-06,0.0017983600000000001,0.0023212249999999997,0.7010563595599191,0.3554413825315274,0.32087809434843534,0.16989768928895055,0.6913212387454603,0.0015405555555555552,0.002063138888888889,downtrend,0,1,baissier,365,0,0,30,,,17.0,28.0,68.5,47.0,17.0,32.73,False,False,,0,,,,38,,,,,,,,,
ANIMEUSDT,ANIME,Speculative,909,0.00302,208867.142672,2.721,26.777098146307267,-3.810695027017932e-05,0.004248799999999999,0.005461700000000001,0.623528226616654,0.49911190053285964,0.4653641207815275,0.5258950465324079,0.5517663098134917,0.003489444444444444,0.005168055555555557,downtrend,0,1,baissier,365,0,0,30,,,17.0,28.0,68.5,47.0,17.0,32.73,False,False,,0,,,,44,16632263,30029698,5538604656.0,10000000000.0,10000000000.0,55.4,,,
LQTYUSDT,LQTY,Speculative,820,0.202,205649.7776,2.538,33.07865722645688,-0.0030853455315479165,0.2744800000000001,0.32422000000000006,0.9020262837635897,0.44314868804664725,0.4139941690962099,0.5476012806784425,0.6230590100487544,0.22780555555555557,0.3252222222222222,downtrend,0,1,baissier,365,0,0,30,,,17.0,28.0,68.5,47.0,17.0,32.73,False,False,,0,,,,38,19886565,20143379,98725069.4453107,100000000.0,100000000.0,98.7,124719942,$125M,-1.39
PIVXUSDT,PIVX,Speculative,,0.0514,184242.9982,1.381,35.2555726775925,-0.0001539055544371032,0.06545000000000001,0.10332750000000004,0.8574119929039722,0.47608926673751334,0.45270988310308186,0.39933667616442664,0.5186223995240367,0.056186111111111124,0.09070833333333331,downtrend|bullish_engulfing_4h,1,1,mixte,365,0,0,30,,,17.0,28.0,68.5,47.0,17.0,32.73,False,False,,0,,,,38,,,,,,,,,
CVCUSDT,CVC,Speculative,871,0.02262,177142.63287,0.982,30.071176450255848,-0.0002621048430713972,0.029132800000000004,0.035358150000000005,0.6476690320885674,0.3534432018834609,0.33431430253090055,0.5690243096406568,0.6605810046682353,0.0254575,0.033310277777777786,downtrend,0,1,baissier,365,0,0,30,,,17.0,28.0,68.5,47.0,17.0,32.73,False,False,,0,,,,38,18097991,22566074,802000010.0,1000000000.0,,80.2,,,
BANDUSDT,BAND,Speculative,639,0.168,168333.5398,1.818,35.4249598944627,-0.0018083766546615407,0.20844000000000001,0.2600849999999999,0.7199531980455092,0.35317460317460314,0.3333333333333333,0.3757316082513316,0.6024351751769896,0.18375,0.23944444444444446,downtrend,0,1,baissier,365,0,0,30,,,17.0,28.0,68.5,47.0,17.0,32.73,False,False,,0,,,,38,29986684,29993522,177542779.200405,177583268.11502,,100.0,,,
RAREUSDT,RARE,Speculative,,0.0128,167727.58317,2.4,37.09040872088516,-0.00014569442824114754,0.016012000000000005,0.018955499999999993,0.7070624218181003,0.49372384937238495,0.46025104602510464,0.16389788985555537,0.4511622403949679,0.013522222222222224,0.01856944444444445,downtrend,0,1,baissier,365,0,0,30,,,17.0,28.0,68.5,47.0,17.0,32.73,False,False,,0,,,,38,,,,,,,,,
ARKUSDT,ARK,Speculative,739,0.1217,131707.5143,0.495,31.181325979364317,-0.0012070625688217953,0.159528,0.20539049999999986,0.7046322225396722,0.39059196617336156,0.35676532769556024,0.6276586787297447,0.6651156230908062,0.13683055555555554,0.1828722222222222,downtrend|morning_star_4h,1,1,mixte,365,0,0,30,,,17.0,28.0,68.5,47.0,17.0,32.73,False,False,,0,,,,38,23916646,23916646,197133236.0,197133236.0,,100.0,,,
ALPINEUSDT,ALPINE,Speculative,,0.347,118675.0057,2.059,36.09770700106785,-0.0024772637727075303,0.4232400000000001,0.47528499999999996,0.6273384301181638,0.3597678916827853,0.33075435203094783,0.16855471893664872,0.6045096499999651,0.36958333333333326,0.47913888888888895,downtrend,0,1,baissier,365,0,0,30,,,17.0,28.0,68.5,47.0,17.0,32.73,False,False,,0,,,,38,,,,,,,,,
PROVEUSDT,PROVE,Speculative,549,0.1888,787943.2188,-0.106,39.89241301903188,-0.0010300886046779902,0.238144,0.31179350000000006,1.6575393952440476,0.4730053989202159,0.4337132573485303,0.4165504046365343,0.4370671471103899,0.20010277777777774,0.28593888888888885,double_top_90d,0,1,baissier,312,0,0,30,,,15.5,28.0,47.5,57.5,17.3,32.72,False,False,,0,,,,35,36769255,188560280,195000000.0,1000000000.0,1000000000.0,19.5,,,
0GUSDT,0G,Mid,380,0.291,586156.03557,-0.683,21.46562038211566,-0.004902612912872584,0.46913999999999995,0.6761299999999997,0.8185067701852397,0.558252427184466,0.529126213592233,0.30451883711190075,0.4168474572463844,0.36350000000000005,0.6006666666666667,downtrend,0,1,baissier,264,0,0,30,,,28.2,10.0,55.0,57.5,17.0,32.51,False,False,,0,,,,37,61970469,290668618,213199722.0,1000000000.0,,21.3,,,
TOWNSUSDT,TOWNS,Speculative,,0.00227,576167.70967,-0.873,33.76154695064936,-3.414141315078172e-05,0.0031398000000000008,0.0045598,0.9785335690457441,0.4845605700712589,0.4608076009501188,0.35699787020976415,0.479373514570179,0.0026369444444444444,0.003964166666666668,downtrend,0,1,baissier,312,0,0,30,,,15.5,19.0,68.5,57.5,17.0,32.5,False,False,,0,,,,36,,,,,,,,,
MANTRAUSDT,MANTRA,Speculative,520,0.00763,693732.41664,-0.651,40.97589772133566,6.502225460568905e-05,0.009308400000000001,,0.8267207611646881,0.5574193548387096,0.507741935483871,0.2887674229292205,0.5734325251986433,0.007869999999999999,0.013144999999999999,macd_bullish_cross|double_top_90d|downtrend,1,2,baissier,101,0,0,30,,,9.8,36.0,55.0,57.5,0,32.45,False,False,,0,,,,35,39862730,55001966,5238953109.101935,7228624884.071734,10000000000.0,72.5,,,
1MBABYDOGEUSDT,1MBABYDOGE,Speculative,,0.0003355,388247.8273616,0.842,37.959926116076495,-2.333475503788152e-06,0.000402058,0.0004881194999999999,0.7407865354412861,0.32435254803675856,0.2980367585630744,0.21845571719296672,0.7568777952718253,0.00035388611111111107,0.000451625,downtrend|bullish_engulfing_4h,1,1,mixte,365,0,0,30,,,17.0,28.0,65.0,47.0,17.0,32.36,False,False,,0,,,,38,,,,,,,,,
BNTUSDT,BNT,Speculative,644,0.2737,63905.61683,2.203,34.88466767895021,-0.0029791065404409303,0.31653400000000004,0.3439130000000001,0.5413764946627947,0.24942528735632183,0.21494252873563213,0.10382835495700389,0.875969500518663,0.27453888888888883,0.3447722222222222,support_bounce|downtrend,1,1,mixte,365,0,0,30,,,17.0,19.0,87.5,47.0,17.0,32.32,False,False,,0,,,,39,29628656,29628656,107864666.9244856,107864666.9244856,110542364.6372305,100.0,16567830,$17M,0.86
GASUSDT,GAS,Mid,342,1.114,426466.7501,1.457,24.821458096114767,-0.014055999529991772,1.5042599999999995,1.7383399999999996,0.621473505006509,0.4100877192982456,0.39035087719298245,0.2846563035374633,0.5690168118874518,1.2844166666666668,1.7721944444444442,downtrend,0,1,baissier,365,0,0,30,,,31.0,10.0,68.5,47.0,17.0,32.14,False,False,,0,,,,39,72168428,72168428,65093580.54427269,65093580.54427269,,100.0,,,
AIUSDT,AI,Speculative,578,0.022,329140.52557,0.457,40.34041281677738,-0.0004284365348454003,0.0245,0.02860149999999998,1.2167004830034087,0.3096774193548387,0.2903225806451613,0.18527856311181515,0.31006207720105766,0.018349999999999998,0.029488888888888884,downtrend,0,1,baissier,365,0,0,30,,,17.0,28.0,62.5,47.0,17.0,32.1,False,False,,0,,,,37,34564975,264931624,1304675313.0,10000000000.0,10000000000.0,13.0,,,
SOLVUSDT,SOLV,Speculative,,0.00335,300326.18104,0.299,37.58608354837117,-2.2729969604163864e-05,0.0041074,0.007689250000000005,0.6907996357843398,0.42397137745974955,0.4007155635062612,0.12306189216368209,0.06127722995974732,0.003249722222222223,0.005059444444444445,downtrend,0,1,baissier,365,0,0,30,,,17.0,28.0,62.5,47.0,17.0,32.1,False,False,,0,,,,37,,,,,,,408625891,$409M,2.99
STORJUSDT,STORJ,Speculative,,0.0773,154708.3895,1.577,34.429217558677124,-0.0009279145331468697,0.10002199999999999,0.110898,1.1407511866775337,0.4368858654572941,0.417989417989418,0.1850864716810769,0.40314617791753593,0.08387499999999998,0.11714166666666664,,0,0,neutre,365,0,0,30,,,17.0,19.0,58.0,47.0,50,32.0,False,False,,0,,,,42,,,,,,,,,
POWRUSDT,POWR,Speculative,693,0.0493,70341.116,1.44,30.940057849965697,-0.0005923802200936698,0.061252,0.07161050000000001,0.5651220370629235,0.31805157593123207,0.2936962750716333,0.17416566876158576,0.6984753520455965,0.05439166666666667,0.06818611111111111,double_top_90d,0,1,baissier,365,0,0,30,,,17.0,19.0,83.5,47.0,17.3,31.93,False,False,,0,,,,38,26118714,49278394,529761884.726046,999506122.99937,1000000000.0,53.0,,,
QIUSDT,QI,Speculative,,0.00137,109319.26841,0.735,39.23096240082237,-1.124981111945902e-06,0.0016150000000000001,0.0022845999999999995,0.6033626326173273,0.32307692307692304,0.29743589743589743,0.46945810238573576,0.5784543134761788,0.0013736111111111108,0.001945833333333333,support_bounce|downtrend|evening_star_4h,1,2,baissier,365,0,0,30,,,17.0,28.0,73.0,47.0,0,31.77,False,False,,0,,,,35,,,,,,,176493251,$176M,-8.24
VANRYUSDT,VANRY,Speculative,,0.003493,122251.328659,2.645,27.371036913647572,-3.78757801665616e-05,0.004870620000000001,0.006437704999999997,0.6144786377886825,0.5750726101780528,0.5594140674327567,0.17283107117597132,0.4791050330897141,0.0040251666666666665,0.006127416666666666,,0,0,neutre,365,0,0,30,,,17.0,19.0,55.0,47.0,50,31.69,False,False,,0,,,,48,,,,,,,,,
LAYERUSDT,LAYER,Speculative,1000,0.0653,470342.903503,0.927,38.24021012435424,-0.0009450765145658522,0.08589799999999999,0.11582650000000001,1.123922929358077,0.49193548387096775,0.4741935483870968,0.3619388255604121,0.5608830938666678,0.0717861111111111,0.1010861111111111,downtrend,0,1,baissier,365,0,0,30,,,17.0,28.0,58.0,47.0,17.0,31.63,False,False,,0,,,,37,13644847,64975461,210000000.0,1000000000.0,1000000000.0,21.0,9890470,$10M,1.25
GUNUSDT,GUN,Speculative,981,0.00608,653920.14283,0.829,28.378154722218596,0.00013785494282766227,0.011591600000000002,0.01795280000000001,1.2828378466377732,0.7737730061349694,0.7680214723926381,0.5118242792518193,0.1519449685112827,0.007269722222222223,0.020487222222222212,macd_bullish_cross|downtrend,1,1,mixte,365,0,0,30,,,17.0,28.0,32.5,57.5,17.0,31.57,False,False,,0,,,,39,14159676,60513047,2339937603.0,10000000000.0,10000000000.0,23.4,,,
SANTOSUSDT,SANTOS,Speculative,,0.647,638272.61919,3.025,29.634359023063,0.0032326733111160133,0.9793600000000001,1.4748849999999998,0.8627543190180623,0.5677276091783864,0.5233160621761658,0.3355680778990665,0.33994351758723734,0.7252500000000002,1.290166666666667,macd_bullish_cross|downtrend,1,1,mixte,365,0,0,30,,,17.0,19.0,55.0,57.5,17.0,31.53,False,False,,0,,,,40,,,,,,,,,
STEEMUSDT,STEEM,Speculative,735,0.04444,221911.864906,1.138,34.547376382346286,-0.0002472018369807571,0.05383900000000001,0.06072919999999998,0.5948889050548339,0.3849992870383573,0.36631969200057035,0.34616532902508484,0.5639558892698147,0.047983888888888875,0.06315472222222224,downtrend,0,1,baissier,365,0,0,30,,,17.0,19.0,79.0,47.0,17.0,31.43,False,False,,0,,,,37,24349309,24352346,549664924.858,549733485.763,,100.0,,,
AUDIOUSDT,AUDIO,Speculative,778,0.01533,184810.333711,2.132,29.767468210715407,-0.0001358723980126467,0.018968199999999998,0.02331614999999999,0.4717053202187683,0.42018131651556956,0.39613716988569175,0.1452167588879044,0.33137214777348495,0.015985000000000003,0.022427500000000003,downtrend,0,1,baissier,365,0,0,30,,,17.0,19.0,79.0,47.0,17.0,31.43,False,False,,0,,,,43,21826182,21826182,1429045781.0,1429045781.311625,,100.0,,,
SPELLUSDT,SPELL,Speculative,791,0.0001245,60143.0514402,1.716,29.48039490722104,-1.0390190045221395e-06,0.00015642,0.00019818349999999992,0.49155178037603475,0.34527687296416937,0.3241042345276874,0.09855605976217792,0.6104800460486018,0.0001373111111111111,0.00018021944444444443,downtrend,0,1,baissier,365,0,0,30,,,17.0,19.0,79.0,47.0,17.0,31.43,False,False,,0,,,,43,21296913,24338919,171510541047.0,196008739620.0,210000000000.0,87.5,6053982,$6M,1.1
HFTUSDT,HFT,Speculative,,0.0106,294746.55609,6.0,41.80604647850731,3.178416568221142e-05,0.013178,0.01971050000000001,0.9428110342346939,0.4540229885057471,0.39655172413793094,0.39432319423750684,0.3425867727686202,0.010677777777777779,0.016008333333333333,macd_bullish_cross|double_top_90d|downtrend,1,2,baissier,365,0,0,30,,,17.0,28.0,68.5,47.0,0,31.3,False,False,,0,,,,34,,,,,,,,,
COTIUSDT,COTI,Speculative,660,0.00998,229317.81896,3.313,36.111601509917406,-8.473544063695277e-05,0.012810000000000002,0.016104000000000007,0.8295502663279897,0.3776908023483366,0.3476842791911285,0.2692547700042571,0.5797225960529682,0.010933333333333331,0.014953888888888886,double_top_90d|downtrend,0,2,baissier,365,0,0,30,,,17.0,28.0,68.5,47.0,0,31.3,False,False,,0,,,,34,28678322,28678635,2874474699.072238,2874506047.990571,4910000000.0,100.0,,,
CGPTUSDT,CGPT,Speculative,836,0.02099,357948.766453,-1.594,41.481012284671735,-3.5674993196056944e-05,0.026641000000000005,0.0265791,1.5222377425919131,0.5469005847953217,0.5097076023391813,0.24167621071682938,0.326217077074621,0.018967777777777785,0.03189000000000001,golden_cross|downtrend,1,1,mixte,365,0,0,30,,,17.0,36.0,34.0,47.0,17.0,31.25,False,False,,0,,,,35,19521610,20881242,932799251.0,997766421.0,1000000000.0,93.5,,,
PROMUSDT,PROM,Speculative,825,1.086,722568.59811,-3.894,40.39920987373341,0.03549403957844882,1.515,3.2531950000000016,1.5760283981286198,0.5875776397515527,0.5523809523809524,0.37618909542879647,0.14490771892333013,0.9885833333333337,2.2298055555555556,downtrend,0,1,baissier,365,0,0,30,,,17.0,28.0,28.0,57.5,17.0,31.1,False,False,,0,,,,32,19707348,20787203,18250000.0,19250000.0,19250000.0,94.8,,,
ICXUSDT,ICX,Speculative,616,0.0291,84665.71669,1.042,32.46953144435527,-0.0005536203412011625,0.036095999999999996,0.044466,0.7146646748804251,0.321256038647343,0.29951690821256033,0.28530631084875896,0.6538067367187572,0.03183888888888889,0.03988888888888889,double_top_90d|doji_4h,0,1,baissier,365,0,0,30,,,17.0,19.0,73.0,47.0,17.3,30.83,False,False,,0,,,,37,31844264,32183203,1097114890.690966,1108792174.218095,,98.9,,,
BREVUSDT,BREV,Speculative,815,0.0807,411137.85414,1.637,31.178145937415948,-0.0008628776964894301,0.11057000000000002,,0.7975813085084851,0.4580098800282287,0.43189837685250526,0.45093237150953297,0.553206972046346,0.09225555555555554,0.13448333333333337,downtrend,0,1,baissier,158,0,0,30,,,11.3,27.0,68.5,47.0,17.0,30.76,False,False,,0,,,,38,20115294,80461177,250000000.0,1000000000.0,1000000000.0,25.0,,,
DCRUSDT,DCR,Mid,174,12.09,162821.7364,0.0,23.334825818779564,-0.10759659343519212,16.8764,20.647500000000022,0.6414798487682981,0.5648351648351648,0.5564102564102564,0.3002875326983733,0.5803247292510256,14.10833333333333,24.268055555555556,downtrend,0,1,baissier,365,0,0,30,,,31.0,10.0,55.0,47.0,17.0,30.73,False,False,,0,,,,37,211047896,211060789,17461625.42072095,17462692.17987419,21000000.0,100.0,,,
HAEDALUSDT,HAEDAL,Speculative,,0.01935,429063.020568,3.035,32.227926174302624,-0.0005568842886253672,0.0292798,0.03429505,1.1902843313088591,0.5204373860973704,0.49622494142150486,0.9749245651465431,0.354829290067592,0.02374527777777778,0.03547194444444444,downtrend,0,1,baissier,365,0,0,30,,,17.0,28.0,49.0,47.0,17.0,30.69,False,False,,0,,,,35,,,,,,,29119537,$29M,5.77
GTCUSDT,GTC,Speculative,,0.078,237120.0034,2.632,41.61035911209044,-0.0005964013586230183,0.09653999999999999,0.10758000000000012,0.8127864239977968,0.5898876404494382,0.5561797752808989,0.20884955142602468,0.19028619708235936,0.07511111111111107,0.12036111111111111,downtrend|doji_4h,0,1,baissier,365,0,0,30,,,17.0,28.0,49.0,47.0,17.0,30.69,False,False,,0,,,,35,,,,,,,,,
EULUSDT,EUL,Speculative,780,0.904,278969.14561,3.432,36.15650751971562,-0.018476356761688476,1.2584599999999997,1.7454599999999973,1.0939089211514479,0.4894387447193724,0.45503922751961373,0.16017217016432725,0.5546108429377764,0.8263611111111111,1.5021666666666667,downtrend|doji_4h,0,1,baissier,243,0,0,30,,,13.7,28.0,58.0,47.0,17.0,30.63,False,False,,0,,,,37,21770051,24507726,24146317.188470602,27182818.28459,27182818.0,88.8,270535840,$271M,4.83
ARPAUSDT,ARPA,Speculative,,0.00831,94293.6916,0.484,29.804124107912642,-0.00011903661586135528,0.010205799999999996,0.011125749999999997,0.6415004975269485,0.3385118560915781,0.32134096484055596,0.08886085009011609,0.5649462522899498,0.008682222222222223,0.011429166666666666,double_top_90d,0,1,baissier,365,0,0,30,,,17.0,19.0,68.5,47.0,17.3,30.36,False,False,,0,,,,42,,,,,,,,,
TRBUSDT,TRB,Speculative,541,13.46,477416.53878,0.598,32.909182661709465,-0.11880763148465401,17.422399999999996,17.788150000000016,0.66740242618586,0.4539249146757679,0.4257679180887372,0.13863307242003475,0.4309031192092437,13.985000000000001,20.353611111111107,downtrend,0,1,baissier,365,0,0,30,,,17.0,19.0,68.5,47.0,17.0,30.34,False,False,,0,,,,36,37505109,38495719,2792509.229721704,2866266.893633518,,97.4,,,
ACTUSDT,ACT,Speculative,,0.00992,477327.026786,1.121,33.857772347922506,-2.0976132510490452e-05,0.013183600000000004,0.01785239999999999,0.7922957955873595,0.43905325443786974,0.4112426035502958,0.4576321579654589,0.5579809521185134,0.01066611111111111,0.015899999999999997,downtrend|doji_4h,0,1,baissier,365,0,0,30,,,17.0,19.0,68.5,47.0,17.0,30.34,False,False,,0,,,,36,,,,,,,,,
API3USDT,API3,Speculative,560,0.2531,419311.156279,1.687,32.61892104459798,-0.0023231470933434972,0.32997,0.35906549999999987,0.631543199586906,0.37764584408879714,0.3458957150232318,0.20551325439221543,0.421207497942503,0.26021388888888897,0.3888722222222223,downtrend,0,1,baissier,365,0,0,30,,,17.0,19.0,68.5,47.0,17.0,30.34,False,False,,0,,,,36,36017756,43353418,142794939.4039844,171877693.7539821,,83.1,16124030,$16M,0.07
ACEUSDT,ACE,Speculative,,0.0854,384847.10583,2.275,31.967016947663126,-0.0017934495470440584,0.11550399999999998,0.17533100000000001,0.8788988057867232,0.4718954248366013,0.44248366013071894,0.22480164229315497,0.5489795503130497,0.09923611111111114,0.14316666666666666,downtrend,0,1,baissier,365,0,0,30,,,17.0,19.0,68.5,47.0,17.0,30.34,False,False,,0,,,,36,,,,,,,,,
SKLUSDT,SKL,Speculative,699,0.00425,332791.9569,1.19,26.053992731569238,-6.189983890319878e-05,0.006136999999999999,0.008004250000000006,0.6864881971078514,0.46382428940568476,0.4483204134366925,0.36436233331935247,0.6508887283861723,0.005031111111111112,0.007411388888888888,downtrend,0,1,baissier,365,0,0,30,,,17.0,19.0,68.5,47.0,17.0,30.34,False,False,,0,,,,42,25890519,26427623,6094019337.0,6220440895.395961,7000000000.0,98.0,,,
MASKUSDT,MASK,Speculative,559,0.361,319764.5318,2.266,33.631642057989694,-0.002922262002588834,0.46209999999999996,0.5164500000000001,0.6413461880001485,0.39361702127659565,0.35992907801418433,0.31217280080546833,0.6292698301379296,0.3848055555555556,0.5323333333333333,downtrend,0,1,baissier,365,0,0,30,,,17.0,19.0,68.5,47.0,17.0,30.34,False,False,,0,,,,36,36041383,36041383,100000000.0,100000000.0,100000000.0,100.0,,,
VANAUSDT,VANA,Speculative,586,1.107,299205.96791,1.746,31.545787334880103,-0.014877671972788664,1.4294799999999999,1.8070350000000002,0.620871120133105,0.3884726224783862,0.362536023054755,0.14083176720987048,0.6210941743045459,1.1678333333333333,1.6194444444444445,downtrend,0,1,baissier,365,0,0,30,,,17.0,19.0,68.5,47.0,17.0,30.34,False,False,,0,,,,36,34018826,132540879,30800000.0,120000000.0,120000000.0,25.7,,,
MAGICUSDT,MAGIC,Speculative,946,0.0464,272317.76452,2.203,29.451152449607363,-0.0004948860274237802,0.060872,0.07489900000000003,0.6532515975335691,0.388283378746594,0.36920980926430524,0.19259750670291736,0.6926228892529984,0.051324999999999996,0.06975555555555554,downtrend,0,1,baissier,365,0,0,30,,,17.0,19.0,68.5,47.0,17.0,30.34,False,False,,0,,,,42,15532753,16072119,336018972.3417761,347687042.9717532,347714007.0,96.6,,,
METISUSDT,METIS,Speculative,846,2.55,219584.60587,2.41,33.15190157238435,-0.025994661246087902,3.3270000000000017,4.137600000000001,0.7219774456816029,0.44393592677345534,0.4164759725400458,0.22506993169707562,0.5759370845639128,2.68,3.9099999999999997,downtrend,0,1,baissier,365,0,0,30,,,17.0,19.0,68.5,47.0,17.0,30.34,False,False,,0,,,,36,19110323,25506159,7492434.342,10000000.0,10000000.0,74.9,23778048,$24M,-3.84
FLUXUSDT,FLUX,Speculative,782,0.0523,216122.216501,1.949,34.91025232611064,-0.00090231430576452,0.06820199999999998,0.078724,0.9451485853436208,0.4186046511627906,0.3930232558139534,0.19444540098641158,0.46413598023639024,0.049605555555555556,0.07857222222222222,support_bounce|downtrend,1,1,mixte,365,0,0,30,,,17.0,19.0,68.5,47.0,17.0,30.34,False,False,,0,,,,36,21484809,21485002,411698754.4991484,411702450.4991484,440000000.0,100.0,,,
MAVUSDT,MAV,Speculative,,0.01063,184059.74409,2.31,33.76670636639359,-8.362071695539389e-05,0.013926600000000004,0.01902224999999999,0.707933577261563,0.4076470588235294,0.37647058823529417,0.12773200006188606,0.5330425408674485,0.01163416666666667,0.01645777777777778,downtrend,0,1,baissier,365,0,0,30,,,17.0,19.0,68.5,47.0,17.0,30.34,False,False,,0,,,,36,,,,,,,1072358,$1M,0.33
CHRUSDT,CHR,Speculative,951,0.0157,159550.52764,1.618,33.21656916053389,-0.000251246490399997,0.0219756,0.0289988,0.9135073720929785,0.47150799166087565,0.45587213342599026,0.08792811778002294,0.47466497341777736,0.01484166666666667,0.026222777777777786,downtrend,0,1,baissier,365,0,0,30,,,17.0,19.0,68.5,47.0,17.0,30.34,False,False,,0,,,,36,15266477,15266477,974831915.3782,974831915.3782,978064789.0,100.0,,,
ONEUSDT,ONE,Speculative,769,0.00151,149661.573949,1.342,31.715902251872194,-1.1500661508845106e-05,0.0020395999999999995,0.0027860999999999975,0.7359497665685133,0.44866920152091255,0.42965779467680604,0.21999891445551054,0.5627496434928657,0.0016816666666666668,0.0024822222222222216,downtrend,0,1,baissier,365,0,0,30,,,17.0,19.0,68.5,47.0,17.0,30.34,False,False,,0,,,,36,22304860,22304862,14870211425.762915,14870212769.762915,,100.0,,,
SCRTUSDT,SCRT,Speculative,807,0.0601,133331.7149,1.864,30.250456887801505,-0.0005183772468653324,0.08791600000000001,0.10041150000000004,0.8153077861227518,0.4978165938864629,0.4751091703056769,0.30068810548243036,0.58926722295574,0.0676472222222222,0.11159166666666669,downtrend,0,1,baissier,365,0,0,30,,,17.0,19.0,68.5,47.0,17.0,30.34,False,False,,0,,,,36,20627483,21536776,342667603.667507,357772947.416169,,95.8,,,
OGNUSDT,OGN,Speculative,,0.01744,118725.07878,1.573,32.15667404011455,-0.00018157545044761086,0.021811599999999997,0.025490400000000003,0.6569766734653234,0.33067411248504186,0.3063422417231751,0.13310475034505231,0.6361003185612804,0.01897888888888889,0.024851666666666668,downtrend,0,1,baissier,365,0,0,30,,,17.0,19.0,68.5,47.0,17.0,30.34,False,False,,0,,,,36,,,,,,,,,
ALCXUSDT,ALCX,Speculative,,3.45,113363.461633,2.679,33.51880867579932,-0.004048291111774738,4.672400000000001,6.0483,0.8854122099921847,0.42003514938488584,0.39015817223198596,0.3831628727362741,0.6210166850598288,3.8049999999999997,5.573611111111112,downtrend,0,1,baissier,365,0,0,30,,,17.0,19.0,68.5,47.0,17.0,30.34,False,False,,0,,,,36,,,,,,,29952508,$30M,-0.41
IOTXUSDT,IOTX,Speculative,618,0.00337,78152.10466,0.898,32.504589985670236,-3.42009527554021e-05,0.004354800000000001,0.005890499999999998,0.6834259972515156,0.40036231884057966,0.3858695652173913,0.17977970556756265,0.5494885810631132,0.003780555555555555,0.005230833333333332,downtrend,0,1,baissier,365,0,0,30,,,17.0,19.0,68.5,47.0,17.0,30.34,False,False,,0,,,,36,31777030,31777030,9441368550.0,9441368555.0,10000000000.0,100.0,,,
SCUSDT,SC,Speculative,566,0.000711,71945.151606,-0.281,31.642541778234445,-7.540387227845863e-06,0.0008929,0.00119275,0.6306376066560729,0.3809954751131222,0.35022624434389144,0.40361026096913627,0.6945849461595353,0.000796111111111111,0.00103625,downtrend,0,1,baissier,365,0,0,30,,,17.0,19.0,68.5,47.0,17.0,30.34,False,False,,0,,,,36,35571504,35571504,49751295000.0225,49751295000.0225,,100.0,,,
GUSDT,G,Speculative,826,0.00273,106463.49024,1.111,29.39557299499434,-3.0486770904280386e-05,0.0034732,0.0040407,0.5995030312241302,0.5383275261324042,0.5261324041811847,0.12953552421600895,0.4849839841006757,0.0030511111111111116,0.004242222222222222,downtrend|doji_4h,0,1,baissier,365,0,0,30,,,17.0,19.0,65.5,47.0,17.0,30.03,False,False,,0,,,,41,19680644,32652775,7232700000.0,12000000000.0,12000000000.0,60.3,16750076,$17M,-1.95
EDUUSDT,EDU,Speculative,768,0.0291,993568.5661,4.676,29.25023207037944,-0.0009848834046568208,0.04399600000000001,0.09992200000000002,1.023040615626452,0.7062780269058296,0.6748878923766817,0.3216862200207314,0.2959434762345123,0.036511111111111126,0.07449444444444446,downtrend,0,1,baissier,365,0,0,30,,,17.0,19.0,38.5,57.5,17.0,29.81,False,False,,0,,,,37,22412728,28933909,774618056.0,1000000000.0,1000000000.0,77.5,,,
CYBERUSDT,CYBER,Speculative,745,0.349,333267.72276,1.159,28.899066796589253,-0.004717105559009484,0.4826799999999998,0.6033300000000001,0.7198744255957243,0.4278350515463917,0.40034364261168387,0.2030077064344798,0.7008672400827669,0.4044444444444444,0.5691388888888889,double_top_90d,0,1,baissier,365,0,0,30,,,17.0,19.0,60.5,47.0,17.3,29.53,False,False,,0,,,,41,23274924,34799366,66883183.763333336,100000000.0,100000000.0,66.9,,,
TUSDT,T,Speculative,501,0.00381,168962.078164,2.145,27.164576559930225,-2.596743638990463e-05,0.005302400000000001,0.007347200000000001,0.6427658909603997,0.4828571428571429,0.45571428571428574,0.21897695949408422,0.745395759317386,0.004336666666666666,0.006612777777777779,downtrend,0,1,baissier,365,0,0,30,,,17.0,19.0,60.5,47.0,17.0,29.5,False,False,,0,,,,40,42386107,42386107,11155000000.0,11155000000.0,,100.0,328505512,$329M,4.73
BIGTIMEUSDT,BIGTIME,Speculative,907,0.00875,138446.59377,2.579,31.086180897511696,-9.180835352771109e-05,0.012198600000000004,0.016105449999999993,0.7800332005391811,0.4622823984526112,0.4339136041263701,0.17867539568434426,0.7247210498186848,0.010046944444444442,0.01443444444444444,downtrend,0,1,baissier,365,0,0,30,,,17.0,19.0,60.5,47.0,17.0,29.5,False,False,,0,,,,34,16721520,43813868,1908245059.7925065,5000000000.0,5000000000.0,38.2,,,
WOOUSDT,WOO,Speculative,722,0.01323,118599.601776,2.005,33.929528365047474,-0.00013870322738985174,0.017304199999999995,0.020650050000000007,0.7622783386964077,0.39082125603864737,0.36231884057971014,0.14346969410387048,0.7376666092717259,0.014642222222222223,0.019975000000000007,downtrend,0,1,baissier,365,0,0,30,,,17.0,19.0,60.5,47.0,17.0,29.5,False,False,,0,,,,34,24905148,24905148,1888782088.294737,1888782088.294737,3000000000.0,100.0,5377169,$5M,22.68
1000SATSUSDT,1000SATS,Speculative,,9.57e-06,328509.89842685,1.056,34.924581460342836,-2.6620442993690268e-08,1.29252e-05,1.3676149999999986e-05,0.8329928738319868,0.5037837837837837,0.4805405405405405,0.34112004695390047,0.46744561833237525,9.951944444444446e-06,1.6011111111111112e-05,downtrend|bullish_engulfing_4h,1,1,mixte,365,0,0,30,,,17.0,19.0,59.5,47.0,17.0,29.4,False,False,,0,,,,34,,,,,,,,,
YGGUSDT,YGG,Speculative,840,0.02516,294361.377166,0.6,29.717162758416592,-0.00045144453707056387,0.03745859999999999,0.049122999999999986,0.9049298097774555,0.5003097253768326,0.4802808176749948,0.2672240276392286,0.6309153941527139,0.029738055555555556,0.04470361111111112,downtrend,0,1,baissier,365,0,0,30,,,17.0,19.0,59.5,47.0,17.0,29.4,False,False,,0,,,,40,19327021,25085752,770438162.1251658,1000000000.0,1000000000.0,77.0,,,
JOEUSDT,JOE,Speculative,998,0.0299,72658.4169,1.356,30.690553885758277,-0.0003946847940070751,0.04193199999999999,0.04911949999999999,0.8260037158499719,0.5103448275862069,0.4827586206896552,0.16431513853971313,0.5511950837637787,0.033505555555555545,0.05123611111111111,downtrend,0,1,baissier,365,0,0,30,,,17.0,19.0,59.5,47.0,17.0,29.4,False,False,,0,,,,34,13722717,14999180,457181657.224341,499707918.0306486,500000000.0,91.5,10930908,$11M,-2.99
RONINUSDT,RONIN,Speculative,,0.0588,470767.256773,0.17,31.29673124474708,-0.0011904091396890588,0.090086,0.11310450000000007,1.7218124416445848,0.5472136222910218,0.5456656346749226,0.6277980318630523,0.34365133556346694,0.07199166666666668,0.108725,downtrend,0,1,baissier,365,0,0,30,,,17.0,28.0,34.0,47.0,17.0,29.13,False,False,,0,,,,33,,,,,,,,,
THEUSDT,THE,Speculative,,0.0689,379435.87189,2.53,34.67136879597318,-0.0005806776137625303,0.091662,0.1709415,0.8462593016559015,0.7015341701534171,0.6806136680613669,0.2864439191861045,0.3130202923881159,0.07714444444444445,0.15450555555555556,downtrend,0,1,baissier,365,0,0,30,,,17.0,19.0,55.0,47.0,17.0,28.93,False,False,,0,,,,34,,,,,,,1403497,$1M,-3.54
MEUSDT,ME,Speculative,587,0.0601,295270.605771,3.265,26.029904256000208,-0.0009000545389790549,0.09415,0.15605050000000006,0.8700481278643976,0.5426975259377494,0.5195530726256983,0.41823682973980525,0.6700888982079983,0.07378055555555556,0.11873055555555553,downtrend|bullish_engulfing_4h,1,1,mixte,365,0,0,30,,,17.0,19.0,55.0,47.0,17.0,28.93,False,False,,0,,,,40,33927491,59916631,566239825.234726,999990902.373371,1000000000.0,56.6,,,
XVGUSDT,XVG,Speculative,508,0.002513,127233.045894,0.964,32.40991536677487,-2.8946164719070324e-05,0.003225579999999999,0.005020625,0.8355332748032182,0.5744301994301995,0.5548433048433049,0.13426678401144376,0.46459056460256876,0.0028058055555555553,0.005032944444444445,downtrend,0,1,baissier,365,0,0,30,,,17.0,19.0,55.0,47.0,17.0,28.93,False,False,,0,,,,34,41330858,41413532,16521951235.44134,16555000000.0,,99.8,,,
KERNELUSDT,KERNEL,Speculative,987,0.0486,98163.54478,1.674,34.99401433360045,-0.0007254101098825381,0.06092799999999999,0.0734105,0.8471985050664598,0.6150627615062761,0.5933054393305439,0.07116646505841147,0.4282004516248866,0.054619444444444436,0.1028638888888889,downtrend,0,1,baissier,365,0,0,30,,,17.0,19.0,55.0,47.0,17.0,28.93,False,False,,0,,,,34,13949511,48468111,287808020.0,1000000000.0,1000000000.0,28.8,,,
AGLDUSDT,AGLD,Speculative,960,0.1714,278603.03274,0.883,26.096762870245428,-0.003781870214655968,0.23598200000000005,0.25586550000000013,0.7108094457083197,0.39640287769784177,0.38489208633093525,0.3403526695302624,0.5567637244898707,0.2040222222222222,0.2727777777777778,downtrend|shooting_star_4h,0,2,baissier,365,0,0,30,,,17.0,19.0,68.5,47.0,0,28.91,False,False,,0,,,,38,14939009,15861697,87430001.0,92830001.0,96000000.0,94.2,,,
BANANAUSDT,BANANA,Speculative,,2.948,188921.746519,1.167,32.47469844236109,-0.03390685373981983,3.7304399999999998,5.049309999999998,0.6119576977523361,0.398093220338983,0.3758474576271186,0.1857471723490265,0.6228491741755331,3.123611111111112,4.272166666666667,double_top_90d|downtrend,0,2,baissier,365,0,0,30,,,17.0,19.0,68.5,47.0,0,28.91,False,False,,0,,,,32,,,,,,,,,
ZKCUSDT,ZKC,Speculative,980,0.0489,337021.70549,1.875,28.357158280043294,-0.0005077223809492326,0.067528,0.09170850000000001,0.7043929613501886,0.43614457831325304,0.4108433734939759,0.43032004539660107,0.7027798278659275,0.05630277777777778,0.08090277777777777,downtrend|bullish_engulfing_4h,1,1,mixte,271,0,0,30,,,14.4,19.0,60.5,47.0,17.0,28.73,False,False,,0,,,,40,14187596,51365370,290641046.0,1052249087.799306,,27.6,,,
FUSDT,F,Speculative,906,0.00391,426785.68178,1.558,32.388635882352304,-4.8016886291101445e-05,0.005155800000000001,0.006042499999999995,0.7341296882895356,0.3990147783251231,0.35796387520525447,0.31867132500826756,0.7048959695899671,0.004364166666666666,0.0059677777777777784,downtrend,0,1,baissier,231,0,0,30,,,13.3,19.0,60.5,47.0,17.0,28.41,False,False,,0,,,,34,16737745,39039279,4287411353.0,10000000000.0,10000000000.0,42.9,4745361,$5M,-0.77
REDUSDT,RED,Speculative,519,0.0969,494355.44838,2.431,33.16077674417082,-0.0009732855245928439,0.12671,0.17583749999999984,0.7329360533606871,0.543597409068261,0.5181863477827603,0.37954237089727705,0.28068227739435475,0.10056666666666667,0.16367777777777778,downtrend,0,1,baissier,365,0,0,30,,,17.0,19.0,49.0,47.0,17.0,28.3,False,False,,0,,,,33,40015077,96493069,414693789.0,1000000000.0,1000000000.0,41.5,,,
ONGUSDT,ONG,Speculative,767,0.04769,162088.07417,2.229,28.87682665240294,-0.0005421208531062151,0.06517079999999999,0.07428280000000004,0.6824362539477407,0.5532659409020217,0.536450233281493,0.21673028770108219,0.28773319449321433,0.05350472222222222,0.08898999999999999,downtrend|bullish_engulfing_4h,1,1,mixte,365,0,0,30,,,17.0,19.0,49.0,47.0,17.0,28.3,False,False,,0,,,,39,22450470,38010485,472511097.0,800000000.0,1000000000.0,59.1,,,
SIGNUSDT,SIGN,Speculative,816,0.00871,274123.87372,3.567,24.113409810185985,5.934539084193947e-05,0.0133802,0.029896750000000014,0.7127681192346897,0.8533827945592651,0.8463169051404346,0.3073471461919876,0.16986817980571692,0.010260000000000002,0.04202500000000001,macd_bullish_cross|morning_star_4h,2,0,haussier,365,0,0,30,,,17.0,10.0,43.0,47.0,50,28.05,False,False,,0,,,,43,19986048,86770106,2303333333.0,10000000000.0,10000000000.0,23.0,,,
DIAUSDT,DIA,Speculative,961,0.1249,151947.39492,0.402,24.392846891421925,-0.0017603203858576645,0.175024,0.22172800000000004,0.668168635261841,0.4375578168362627,0.42321924144310824,0.3559316215620134,0.5954558027568969,0.14469444444444446,0.20625000000000002,downtrend,0,1,baissier,365,0,0,30,,,17.0,10.0,68.5,47.0,17.0,27.95,False,False,,0,,,,39,14899228,21017117,119676104.0,168817248.0,200000000.0,70.9,,,
COOKIEUSDT,COOKIE,Speculative,,0.0095,175555.52342,3.261,29.342139156797813,-4.9992099815874104e-05,0.014886000000000002,0.025728,1.2289468018592606,0.5572139303482587,0.5323383084577115,0.2052717564303332,0.48403532103770724,0.01106388888888889,0.019272222222222222,downtrend,0,1,baissier,365,0,0,30,,,17.0,19.0,44.5,47.0,17.0,27.84,False,False,,0,,,,38,,,,,,,,,
C98USDT,C98,Speculative,967,0.0147,248773.78542,0.685,32.38695505327847,-0.00018656854323678522,0.019478000000000002,0.023756000000000003,0.8484440094808644,0.5407166123778503,0.5179153094462541,0.41533844328488173,0.4987937552732702,0.016677777777777777,0.028025000000000005,double_top_90d|downtrend,0,2,baissier,365,0,0,30,,,17.0,19.0,55.0,47.0,0,27.51,False,False,,0,,,,30,14739091,14739108,999998884.0,1000000000.0,1000000000.0,100.0,,,
RESOLVUSDT,RESOLV,Speculative,,0.0171,368782.35357,0.0,28.596559360434114,-3.750167857573565e-05,0.026618000000000003,0.058510500000000014,1.0616829268103913,0.7526080476900149,0.7466467958271237,0.23562124064780712,0.2091834773240147,0.019983333333333336,0.05294722222222223,downtrend,0,1,baissier,365,0,0,30,,,17.0,19.0,32.5,47.0,17.0,26.58,False,False,,0,,,,36,,,,,,,22796216,$23M,-9.84
USDCUSDT,USDC,Etabli,5,1.00089,1844924806.60103,0.012,57.41515166847239,-1.8545879202417277e-05,1.0003790000000001,1.0002645500000005,0.004389528106138638,0.0011992804317409343,0.00023972910611011353,0.4973528732463263,-0.05282171950848379,0.9995399999999999,1.0021183333333332,support_bounce|uptrend,2,0,haussier,365,0,0,30,,,45.0,73.0,94.0,78.5,50,66.26,False,True,,0,,,,67,74844194612,74847949537,74873802661.40468,74877559071.32825,,100.0,,,
BFUSDUSDT,BFUSD,Etabli,59,0.9995,1371308.2832,-0.01,50.17091412649334,5.868051657613632e-07,0.9994740000000002,0.9994535000000022,0.004879466336955974,0.000900090009000912,0.000400040004000356,0.3208393241701842,0.19936958187169312,0.9991611111111109,0.9997277777777782,resistance_test,0,1,baissier,304,0,0,30,,,43.3,73.0,94.0,68.0,30.6,61.53,False,True,,0,,,,62,1317493397,1317493397,1320000000.0,1320000000.0,,100.0,,,
USDEUSDT,USDE,Etabli,23,1.0,2227390.6705,0.01,50.310764551678886,-1.3041599662488349e-05,0.9998739999999997,0.9996720000000007,0.005428532971413716,0.0010993403957624214,0.0005996402158704117,0.29692833272549995,0.08820774559470683,0.9992027777777783,1.0004638888888884,support_bounce|resistance_test|doji_4h,1,1,mixte,277,0,0,30,,,42.6,73.0,94.0,68.0,30.6,61.31,False,True,,0,,,,62,4478535346,4478535346,4484324775.441365,4484324775.441365,,100.0,25343903,$25M,-7.52
USDSUSDT,USDS,Etabli,12,1.0007,2434572.5413,0.01,54.8798407283399,-3.195399424360099e-05,1.000276,,0.004023968513702715,0.001198561725928975,0.0004994007191372023,2.809501375178036,,0.9976115384615387,1.0017769230769233,,0,0,neutre,65,0,0,30,,,36.8,72.0,90.0,68.0,50,60.51,False,True,,0,,,,70,10503174473,10503174473,10506736616.44334,10506736616.44334,,100.0,,,
UUSDT,U,Etabli,67,1.0008,31433700.4598,0.02,53.97753789299127,-3.970468295791327e-05,1.00041,,0.004721438138158931,0.001199160587588556,0.0003995205753098062,1.1402162588935045,0.01800236031034534,0.9995916666666669,1.0010611111111116,support_bounce|resistance_test|uptrend,2,1,haussier,151,0,0,30,,,39.1,63.0,94.0,78.5,30.6,60.22,False,True,,0,,,,59,999658256,999658256,999958683.01,999958683.01,,100.0,,,
RLUSDUSDT,RLUSD,Etabli,49,1.0011,60542328.8575,0.02,56.466643151809755,-2.665289851042071e-05,1.0005779999999997,,0.004878332348397248,0.00129805292061915,0.000399400898651978,1.370602515777882,0.0411324630444735,0.999652777777778,1.001269444444445,support_bounce|resistance_test|uptrend,2,1,haussier,142,0,0,30,,,38.9,63.0,94.0,78.5,30.6,60.15,False,True,,0,,,,59,1649750434,1649750434,1650205425.436208,1650205425.436208,,100.0,,,
USD1USDT,USD1,Etabli,24,0.99984,168300166.52807,0.019,50.4348679504033,1.1769438609682376e-05,0.9998836000000001,0.9998733999999995,0.004542353881177907,0.0015993602558975759,0.0010091523120578268,0.660046587890955,-0.04037593308783209,0.9990119444444441,1.0003961111111106,macd_bullish_cross|resistance_test|uptrend,2,1,haussier,365,0,0,30,,,45.0,54.0,94.0,78.5,30.6,59.59,False,True,,0,,,,57,4300504378,4300504378,4306881019.795329,4306881019.795329,,100.0,,,
XUSDUSDT,XUSD,Mid,492,1.0009,3411814.2728,0.02,60.70886806235767,-2.0893416939025573e-05,1.0004819999999996,1.0003685000000007,0.006007730120983029,0.00149880095923256,0.0,0.29238435814884406,-0.013292137469814494,0.999577777777778,1.0032055555555555,rsi_bearish_divergence|golden_cross|support_bounce|doji_4h,2,1,haussier,365,0,0,30,,,31.0,73.0,94.0,68.0,15.6,56.59,False,True,,0,,,,59,44613790,44613790,44615140.561,44615140.561,,100.0,,,
FDUSDUSDT,FDUSD,Mid,132,0.9984,17150218.4845,-0.01,48.685068325354386,-1.85662436637087e-05,0.9986559999999998,0.9991000000000004,0.006843508711744362,0.0030981411153306825,0.002198680791525065,0.24701147318378863,0.49327073431995155,0.9980333333333332,0.9999722222222223,support_bounce|resistance_test|doji_4h,1,1,mixte,365,0,0,30,,,31.0,37.0,100.0,78.5,30.6,51.52,False,True,,0,,,,52,336585665,336585665,337517619.684278,337517619.684278,,100.0,,,
EURIUSDT,EURI,Mid,410,1.1581,1954236.44892,0.381,45.70088482113776,-2.8475168159304218e-05,1.165858,1.1686489999999998,0.048219607031480524,0.025749618837879216,0.018888700660680997,0.25487923624432685,0.4733716829138975,1.1492166666666668,1.1766972222222225,support_bounce|downtrend|bullish_engulfing_4h,2,1,haussier,365,0,0,30,,,31.0,37.0,100.0,68.0,17.0,47.79,False,True,,0,,,,49,57424567,57424567,49618527.99990108,49618527.99990108,,100.0,,,
EURUSDT,EUR,Speculative,,1.1585,29283543.97794,0.381,45.81371739937199,-1.2325191355653208e-05,1.1660100000000002,1.168813499999999,0.04943779090473217,0.025249957634299127,0.01830198271479397,0.3430679245882739,0.46306148384588564,1.149622222222222,1.176711111111111,support_bounce|downtrend,1,1,mixte,365,0,0,30,,,17.0,37.0,100.0,78.5,17.0,46.2,False,True,,0,,,,49,,,,,,,,,
TUSDUSDT,TUSD,Mid,107,0.9996,53479.0303,-0.01,42.6661533078309,-3.605272058278825e-05,0.9997559999999998,0.9989859999999992,0.0020290187682284657,0.003394907638542256,0.001897154268597117,0.1278962001853568,-0.06148292261651424,0.9984027777777776,1.0004055555555553,resistance_test|doji_4h,0,1,baissier,365,0,0,30,,,31.0,36.0,94.0,47.0,30.6,42.83,False,True,,0,,,,48,493795504,493795504,494515083.0,494515083.0,,100.0,,,
KGSTUSDT,KGST,Speculative,,0.01143,104186.6658,0.439,57.407804201020454,2.2912241283207346e-06,0.011411800000000003,,0.02770353921140833,0.009606986899563382,0.0017467248908297746,0.8343793967991261,0.1906462075933301,0.011361111111111107,0.01145916666666667,macd_bullish_cross|support_bounce|resistance_test,2,1,haussier,171,0,0,30,,,11.7,54.0,94.0,47.0,30.6,41.82,False,True,,0,,,,57,,,,,,,,,
USDPUSDT,USDP,Speculative,614,1.0002,19484.9945,0.02,47.15971572265617,-5.758694084025092e-05,1.000226,1.0001245,0.004922234290788977,0.0011986814504046446,0.000899011087803539,0.05279177377892031,-0.016492314153116444,0.9994333333333336,1.0008361111111113,resistance_test,0,1,baissier,365,0,0,30,,,17.0,45.0,94.0,47.0,30.6,41.02,False,True,,0,,,,54,31918292,31918292,31954027.03052443,31954027.03052443,,100.0,,,
AEURUSDT,AEUR,Speculative,,1.1476,1173.26692,-0.052,46.32713101090221,0.00027774828250227285,1.1550740000000004,1.1586480000000001,0.062337359462403735,0.02469766649633786,0.022653721682847863,0.07875499023555639,0.3627672424853626,1.1408138888888888,1.1712638888888884,macd_bullish_cross|downtrend|morning_star_4h,2,1,haussier,365,0,0,30,,,17.0,37.0,100.0,47.0,17.0,38.4,False,True,,0,,,,49,,,,,,,,,
FRAXUSDT,FRAX,Mid,152,0.2827,150226.68128,0.677,22.710263636061242,-0.005218919068932695,0.415632,,0.6271694773323468,0.5807387057387058,0.5680708180708182,0.24663191693984385,0.3996750798947296,0.3402916666666667,0.5307111111111111,,0,0,neutre,149,0,0,30,,,25.1,18.0,55.0,47.0,50,33.84,False,True,,0,,,,47,239455644,239455644,241847684.0102676,241847684.0102676,,100.0,58963834,$59M,-5.13
