symbol,base,tier,rank_mcap,price,vol_24h_usd,change_24h_pct,rsi_14,macd_hist,ma_50,ma_200,vol_30d_ann,drawdown_90d,dist_to_high_90d,vol_ratio_vs_med90,corr_btc_90d,support_90d,resistance_90d,patterns,bull_signals,bear_signals,bias,age_days,n_red_flags,audit_score,team_score,github_commits_30d,github_contrib_90d,score_solidity,score_momentum,score_risk,score_antiscam,score_signal,score,score_quality,alpha_vs_btc,vs_btc_label,suspect,stablecoin,categories,catalyst_score,catalyst_flags,trending_rank,vol_spike_ratio,bull_prob_7d,exit_risk,exit_label,exit_reasons,market_cap,fdv,circulating_supply,total_supply,max_supply,circ_ratio_pct,tvl,tvl_fmt,tvl_change_7d
ACEUSDT,ACE,Speculative,878,0.1526,16067166.73568,5.314,56.11855715089687,0.005293469710046201,0.09050200000000003,0.11906499999999998,4.367413407281291,0.4759136212624584,0.4019723865877712,9.572243456808948,0.0797920616251903,0.06894166666666668,0.14348333333333335,uptrend,1,0,haussier,365,0,0,30,,,17.0,84.0,41.5,78.5,50,76,33.41,29,🟢 Surperforme BTC,False,False,,7,🔥 Trending #4 sur CoinGecko|⚡ Volume ×9.6 vs médiane,4,9.57,76,0,,,16319133,22186908,107613807.0,146307870.0,147000000.0,73.6,,,
PLUMEUSDT,PLUME,Mid,287,0.01261,81976644.75455,-2.02,57.91006888494174,8.211814331109796e-05,0.011098800000000004,0.011362100000000002,0.9533686501472354,0.3718459495351926,0.1626826029216468,16.309833809419736,0.37146229173372297,0.009821944444444444,0.013575555555555556,uptrend,1,0,haussier,365,0,0,30,,,31.0,84.0,73.0,78.5,50,75,44.82,28,🟢 Surperforme BTC,False,False,,3,⚡ Volume ×16.3 vs médiane,,16.31,75,0,,,77931241,126063372,6181909938.0,10000000000.0,10000000000.0,61.8,,,
TRXUSDT,TRX,Etabli,8,0.3328,15688774.78115,0.483,56.68506980244348,0.00019804736260100393,0.32784599999999997,0.3193165,0.12228330218993677,0.16054313099041526,0.11395101171459,0.1812895090971224,0.5435164255984042,0.31880833333333336,0.35291388888888897,,0,0,neutre,365,0,0,30,,,45.0,73.0,95.5,78.5,50,67,54.37,20,🟢 Surperforme BTC,False,False,,0,,,,67,2,,Volume ×0.2 (épuisement),31576953400,31577900456,94904800477.78549,94907652291.49608,,100.0,,,
HEMIUSDT,HEMI,Speculative,,0.00613,19942626.491939,-27.712,59.581685755787866,0.00014904392341316333,0.0048905999999999976,0.00705585,2.3193401510486162,0.4479166666666667,0.20312500000000008,2.585268438948795,0.2824795384136536,0.004377777777777777,0.007189722222222222,uptrend,1,0,haussier,329,0,0,30,,,16.0,84.0,46.0,78.5,50,67,33.01,20,🟢 Surperforme BTC,False,False,,0,,,,67,0,,,,,,,,,33487592,$33M,-1.21
MORPHOUSDT,MORPHO,Etabli,50,2.059,1260685.69957,4.677,60.00185694688676,0.01305167103289079,1.9864,1.8205049999999992,0.4903577313490273,0.2668151447661471,0.08396268325188808,0.3140964627914402,0.36732340361459953,1.7566388888888886,2.165694444444445,double_bottom_90d,1,0,haussier,319,0,0,30,,,43.7,73.0,88.0,68.0,50,66,52.22,19,🟢 Surperforme BTC,False,False,,0,,,,66,2,,Volume ×0.3 (épuisement),1359938734,2071537708,656487559.5857334,1000000000.0,1000000000.0,65.6,8039172680,$8.0B,1.16
AWEUSDT,AWE,Mid,222,0.05952,485964.68723,-7.448,52.02521198159138,0.0004130142214456056,0.05801320000000001,0.05688270000000001,0.4449404534264829,0.24041297935103248,0.1225663716814159,0.3062523197047256,0.1131891453148044,0.051380277777777775,0.06339555555555555,double_bottom_90d,1,0,haussier,365,0,0,30,,,31.0,73.0,89.5,47.0,50,66,41.97,19,🟢 Surperforme BTC,False,False,,0,,,,66,2,,Volume ×0.3 (épuisement),115467474,118890310,1942420283.0270672,1942420283.0270672,2000000000.0,100.0,,,
XAIUSDT,XAI,Speculative,935,0.00693,3941469.876069,-3.883,53.14055543879912,8.38034539835369e-05,0.006796599999999998,0.009113749999999999,0.8621349273740596,0.43428571428571433,0.34,1.9680989362870593,0.4438786674041318,0.006301388888888888,0.009795555555555554,uptrend,1,0,haussier,365,0,0,30,,,17.0,84.0,68.5,68.0,50,66,34.19,19,🟢 Surperforme BTC,False,False,,0,,,,66,0,,,14503090,15312582,2097617649.953205,2214696416.241441,2500000000.0,94.7,,,
DIAUSDT,DIA,Speculative,857,0.1418,1339839.69325,10.264,65.94078110395589,0.0013068804654171734,0.11242999999999997,0.16042550000000005,1.456643114304285,0.4654800431499461,0.23247033441208198,4.139453036304463,0.3619341844138483,0.10123055555555555,0.16950833333333334,,0,0,neutre,365,0,0,30,,,17.0,75.0,62.5,68.0,50,66,32.75,19,🟢 Surperforme BTC,False,False,,2,⚡ Volume ×4.1 vs médiane,,4.14,66,0,,,17066562,24074397,119676104.0,168817248.0,200000000.0,70.9,,,
GUSDT,G,Speculative,650,0.00375,463283.89028,0.267,62.22656717744882,1.2844170063621227e-05,0.0034558,0.0035511499999999977,0.4918018587803467,0.2841530054644809,0.025906735751295405,1.0636570888053245,0.22754275507903943,0.002715277777777777,0.003791944444444444,macd_bullish_cross,1,0,haussier,365,0,0,30,,,17.0,75.0,82.0,47.0,50,66,32.24,19,🟢 Surperforme BTC,False,False,,0,,,,66,2,,Près du plus haut 90j (résistance),27206304,45138835,7232700000.0,12000000000.0,12000000000.0,60.3,23523163,$24M,5.36
ZECUSDT,ZEC,Etabli,14,514.12,46344371.32062,5.402,56.52009348384262,0.4677193967440433,492.4534,394.5806,0.5354173534888524,0.46200671081153305,0.23685304510496774,0.4025517454170308,0.49167778922586525,402.77500000000003,599.2674999999998,macd_bullish_cross,1,0,haussier,365,0,0,30,,,45.0,73.0,83.5,78.5,50,65,53.65,18,🟢 Surperforme BTC,False,False,,0,🔥 Trending #11 sur CoinGecko,11,,65,2,,Volume ×0.4 (épuisement),8669012414,8670207322,16879123.6030448,16881451.7280448,21000000.0,100.0,,,
ETHUSDT,ETH,Etabli,2,1902.76,233987373.239812,1.149,54.86242864877695,-4.015484525782732,1844.4827999999993,2009.2859500000006,0.3033827592780947,0.26522195560887835,0.10825959808038402,0.2942498007373815,0.8837104163658789,1613.9461111111111,2034.615,double_bottom_90d,1,0,haussier,365,0,0,30,,,45.0,57.0,75.5,78.5,50,64,51.25,17,🟢 Surperforme BTC,False,False,,3,🔥 Trending #5 sur CoinGecko,5,,64,3,,Volume ×0.3 (épuisement),229264019645,229264019645,120681932.36478634,120681932.3647863,,100.0,,,
TKOUSDT,TKO,Speculative,,0.0512,149840.40411,-0.775,60.69067514503473,0.00010681949356750693,0.047223999999999995,0.05438350000000004,0.3853932206424443,0.2097649186256781,0.07233273056057872,0.20636960701456475,0.6224030440812774,0.04446944444444443,0.053630555555555556,bull_flag|doji_4h,1,0,haussier,365,0,0,30,,,17.0,57.0,100.0,47.0,52.0,64,31.28,17,🟢 Surperforme BTC,False,False,,0,,,,64,2,,Volume ×0.2 (épuisement),,,,,,,,,
CAKEUSDT,CAKE,Etabli,90,1.464,1345309.33187,2.235,60.01495290321522,0.001326003340657824,1.4101,1.4111099999999996,0.29407504162933173,0.22414943295530357,0.023348899266177545,0.16494289913892246,0.6249761880141218,1.285527777777778,1.4658055555555554,,0,0,neutre,365,0,0,30,,,45.0,57.0,100.0,68.0,50,63,51.88,16,🟢 Surperforme BTC,False,False,,0,,,,63,4,⚠️ Surveiller,Volume ×0.2 (épuisement)|Près du plus haut 90j (résistance),556982102,574934112,381420886.06598073,393714407.4732338,400000000.0,96.9,1721187521,$1.7B,-1.94
ONTUSDT,ONT,Mid,496,0.03903,3526303.01025,2.982,51.46279879366733,0.00037321612822433284,0.04123359999999999,0.05296474999999996,0.47089913431025077,0.42477154046997395,0.36210835509138384,4.374689441399453,0.5523388756085963,0.037412777777777774,0.054437777777777786,macd_bullish_cross|squeeze_breakout|downtrend,2,1,haussier,365,0,0,30,,,31.0,64.0,79.0,68.0,24.4,63,40.4,16,🟢 Surperforme BTC,False,False,,2,⚡ Volume ×4.4 vs médiane,,4.37,63,0,,,39070566,39070566,1000000000.0,1000000000.0,,100.0,,,
AVGOBUSDT,AVGOB,Speculative,,398.48,199677.72984,0.573,45.544854593518025,-6.276358688820279,,,0.43501153755425553,0.08057214859062915,0.07158857569535189,1.491928965299711,,370.6446153846154,427.09615384615387,,0,0,neutre,34,0,0,30,,,7.9,63.0,90.0,47.0,50,63,25.11,16,🟢 Surperforme BTC,False,False,,0,,,,63,1,,,,,,,,,,,
DODOUSDT,DODO,Speculative,717,0.02272,3883773.33917,14.574,54.79991987923102,8.648519640609318e-05,0.019831599999999998,0.017329450000000003,2.067311282749719,0.3785166240409208,0.15564635958395243,0.6855772303843863,0.09459198144584514,0.015395277777777779,0.024091666666666664,uptrend,1,0,haussier,365,0,0,30,,,17.0,82.0,46.0,68.0,50,62,32.6,15,🟢 Surperforme BTC,False,False,,0,,,,62,0,,,22671540,22671540,1000000000.0,1000000000.0,1000000000.0,100.0,11845656,$12M,-0.6
BMTUSDT,BMT,Speculative,,0.01498,2015073.908448,2.044,49.75086842057507,-0.00035868102165451696,0.0132976,0.014868850000000003,3.7760528677686147,0.5484554815263477,0.5466384009691097,3.2559357669403974,0.16677390253436508,0.011496944444444442,0.018293055555555562,macd_bearish_cross,0,1,baissier,365,0,0,30,,,17.0,84.0,28.0,68.0,28.7,62,30.48,15,🟢 Surperforme BTC,False,False,,2,⚡ Volume ×3.3 vs médiane,,3.26,62,3,,MACD cross baissier,,,,,,,,,
EULUSDT,EUL,Speculative,645,1.147,1535527.70363,0.968,45.58919133327337,-0.03016849144313855,1.1919199999999996,1.1242899999999996,2.6631142550427986,0.5154819014391627,0.49978194505015267,2.4093413104175654,0.32474015995278427,0.9206666666666666,1.5495277777777783,,0,0,neutre,309,0,0,30,,,15.5,72.0,38.5,68.0,50,62,29.91,15,🟢 Surperforme BTC,False,False,,0,,,,62,1,,,27710648,31365969,24014992.63484756,27182818.28459,27182818.0,88.3,344740366,$345M,-2.05
MAVUSDT,MAV,Speculative,,0.00952,491016.57243,3.03,59.49205937020234,0.00013665004605733732,0.0090086,0.012924050000000003,0.5647841918513855,0.44436619718309867,0.3309859154929578,0.5887602729377666,0.38367089711433866,0.008355,0.01303611111111111,,0,0,neutre,365,0,0,30,,,17.0,66.0,79.0,47.0,50,62,30.98,15,🟢 Surperforme BTC,False,False,,0,,,,62,2,,Volume ×0.6 (épuisement),,,,,,,1006332,$1M,32.65
BTTCUSDT,BTTC,Speculative,,2.7e-07,160722.32535147,3.846,51.21152241245169,-2.1430874073280678e-10,2.6900000000000025e-07,3.0620000000000013e-07,0.3200628554740603,0.21212121212121215,0.18181818181818182,0.2431278944604671,0.4633413228991466,2.583333333333332e-07,3.122222222222224e-07,doji_4h,0,0,neutre,365,0,0,30,,,17.0,57.0,95.5,47.0,50,62,30.89,15,🟢 Surperforme BTC,False,False,,0,,,,62,3,,Volume ×0.2 (épuisement),,,,,,,,,
BNBUSDT,BNB,Etabli,4,605.4,49374533.01203,-0.02,58.76378760616768,0.3306632168979089,581.2251999999999,618.81735,0.2240399289479924,0.2396137685393884,0.1577065420040627,0.2520941495882677,0.7234578866943934,558.7841666666666,655.4972222222221,uptrend|doji_4h,1,0,haussier,365,0,0,30,,,45.0,57.0,87.5,78.5,50,61,51.97,14,🟢 Surperforme BTC,False,False,,0,,,,61,2,,Volume ×0.3 (épuisement),80507687934,80507683720,133163741.87,133163734.51,200000000.0,100.0,139180503628,$139.2B,-0.36
JSTUSDT,JST,Etabli,71,0.1096,2274966.584256,1.303,66.35797203508639,0.0003025917740233637,0.10014439999999998,0.07630289999999999,0.3789067066390067,0.2377463626044783,0.0,0.22495485462139264,0.1545422997814599,0.07864166666666667,0.10535694444444443,macd_bullish_cross,1,0,haussier,365,0,0,30,,,45.0,64.0,94.0,68.0,50,61,52.36,14,🟢 Surperforme BTC,False,False,,0,,,,61,4,⚠️ Surveiller,Volume ×0.2 (épuisement)|Près du plus haut 90j (résistance),896753508,896753508,8188743036.341737,8188743036.341737,9900000000.0,100.0,3311303432,$3.3B,-1.42
COWUSDT,COW,Mid,346,0.112,4142162.01129,-13.313,46.83053985807325,0.0024961050913487673,0.12793000000000002,0.17320800000000008,1.3935935419916337,0.4084014002333722,0.3465577596266044,7.306505950521249,0.31390030392647406,0.10878055555555556,0.1645388888888889,macd_bullish_cross|downtrend,1,1,mixte,365,0,0,30,,,31.0,64.0,58.0,68.0,24.4,61,39.14,14,🟢 Surperforme BTC,False,False,,3,⚡ Volume ×7.3 vs médiane,,7.31,61,0,,,64059698,111388963,575099155.6977555,1000000000.0,1000000000.0,57.5,,,
XECUSDT,XEC,Mid,204,6.36e-06,355818.46530806,-1.395,46.7453937535462,-4.90396706016137e-08,6.3344000000000016e-06,6.8546500000000005e-06,0.813669888658895,0.3364737550471063,0.2714776632302405,0.9382155211925828,0.07004250635339328,5.1175e-06,7.651111111111113e-06,,0,0,neutre,365,0,0,30,,,31.0,66.0,67.0,47.0,50,61,39.78,14,🟢 Surperforme BTC,False,False,,0,,,,61,1,,,127523023,127523262,20070782797580.0,20070820297580.0,21000000000000.0,100.0,,,
PROMUSDT,PROM,Speculative,512,2.044,2094099.90435,0.591,51.154731660415266,-0.02108833898076412,1.6734600000000004,1.413745,2.425544958235212,0.23487677371172516,0.23487677371172516,1.160004387885879,0.04471347851349318,1.021,2.220999999999999,macd_bearish_cross|uptrend|doji_4h,1,1,mixte,365,0,0,30,,,17.0,91.0,58.0,68.0,28.7,61,33.12,14,🟢 Surperforme BTC,False,False,,0,,,,61,3,,MACD cross baissier,37331200,39376745,18250000.0,19250000.0,19250000.0,94.8,,,
NOMUSDT,NOM,Speculative,,0.00166,1004468.6864,0.0,56.90811650354727,1.028175770552265e-05,0.0015798000000000001,0.002961949999999999,0.7831143682160686,0.48846153846153845,0.35769230769230764,0.5451220250893741,0.3800327732700947,0.0014191666666666675,0.0022408333333333334,,0,0,neutre,321,0,0,30,,,15.8,66.0,68.5,68.0,50,61,31.21,14,🟢 Surperforme BTC,False,False,,0,,,,61,2,,Volume ×0.5 (épuisement),,,,,,,,,
SHELLUSDT,SHELL,Speculative,,0.0208,553769.18543,-0.478,56.966798727951655,0.00032649415833895976,0.020312000000000007,0.028273000000000006,0.6974112557457823,0.4914285714285715,0.4057142857142858,0.639112858947032,0.4921512911427962,0.01870833333333333,0.03135833333333333,,0,0,neutre,365,0,0,30,,,17.0,66.0,68.5,57.5,50,61,31.19,14,🟢 Surperforme BTC,False,False,,0,,,,61,0,,,,,,,,,,,
BABABUSDT,BABAB,Speculative,,125.47,116959.06358,0.336,52.98612131492189,-1.3961021281910195,,,0.3430208772923619,0.07390614373158025,0.05153782211138825,0.5148821418434841,,112.78,129.98846153846154,bull_flag,1,0,haussier,34,0,0,30,,,7.9,54.0,90.0,47.0,52.0,61,24.15,14,🟢 Surperforme BTC,False,False,,0,,,,61,3,,Volume ×0.5 (épuisement),,,,,,,,,
WINUSDT,WIN,Speculative,610,3.063e-05,74366.4783083,0.889,60.403190720231635,-3.0860237678601104e-07,2.51114e-05,2.1699099999999994e-05,0.7569720245392795,0.1614349775784753,0.06042944785276062,0.11412902108649212,0.3782044997082433,1.7927499999999997e-05,3.0320555555555557e-05,macd_bearish_cross,0,1,baissier,365,0,0,30,,,17.0,73.0,89.5,47.0,28.7,61,31.17,14,🟢 Surperforme BTC,False,False,,0,,,,61,5,⚠️ Surveiller,Volume ×0.1 (épuisement)|MACD cross baissier,30321263,30321263,993701854154.286,993701859243.3864,,100.0,,,
ATOMUSDT,ATOM,Etabli,76,1.457,1073178.24114,-2.346,54.64378740734048,0.02065323932472369,1.4556199999999995,1.7864999999999984,0.5609705675723767,0.44815148782687103,0.34129846708746614,0.24832330899204966,0.5360772746769326,1.3348333333333335,2.0500555555555553,,0,0,neutre,365,0,0,30,,,45.0,57.0,79.0,68.0,50,60,50.62,13,🟢 Surperforme BTC,False,False,,0,,,,60,2,,Volume ×0.2 (épuisement),767816085,767838222,525475197.909927,525490480.299943,,100.0,,,
CVXUSDT,CVX,Mid,184,1.625,785225.688111,2.201,60.55105260892225,0.001487548765585489,1.34218,1.6242449999999993,0.7395046924330175,0.3798947983635302,0.07199999999999994,0.2964742875948494,0.6218201962272997,1.1389444444444445,1.6656111111111112,uptrend,1,0,haussier,365,0,0,30,,,31.0,57.0,77.5,57.5,50,60,40.17,13,🟢 Surperforme BTC,False,False,,0,,,,60,2,,Volume ×0.3 (épuisement),151217401,162239387,93193001.44104266,99985684.92142834,100000000.0,93.2,487688161,$488M,0.78
SFPUSDT,SFP,Mid,218,0.2332,502733.8807,-0.597,54.77448336429263,0.0006544863728716989,0.22259999999999994,0.26575199999999977,0.44977330869318033,0.33245815556284875,0.23596980636691833,0.3310125288052412,0.47198996668900023,0.21068888888888881,0.2755694444444444,,0,0,neutre,365,0,0,30,,,31.0,57.0,83.5,57.5,50,60,40.53,13,🟢 Surperforme BTC,False,False,,0,,,,60,2,,Volume ×0.3 (épuisement),116349990,116349990,500000000.0,500000000.0,500000000.0,100.0,,,
TWTUSDT,TWT,Mid,175,0.3916,494453.5731,0.436,55.002269536328555,0.00011396686064096308,0.36243200000000014,0.43781999999999976,0.5008312292241681,0.29240641711229953,0.16342245989304816,0.21639018268697058,0.5034573771672533,0.3377666666666667,0.4492250000000001,uptrend,1,0,haussier,365,0,0,30,,,31.0,57.0,83.5,47.0,50,60,39.69,13,🟢 Surperforme BTC,False,False,,0,,,,60,2,,Volume ×0.2 (épuisement),162893693,390960596,416649900.0,1000000000.0,,41.7,,,
PNUTUSDT,PNUT,Mid,470,0.0418,415688.0848,1.456,54.68079668227574,0.00027468162119046244,0.04153799999999999,0.04722049999999999,0.5768172465537703,0.3606010016694491,0.29883138564273787,0.2651793149166058,0.5082181846418073,0.039166666666666676,0.05304722222222222,double_bottom_90d,1,0,haussier,365,0,0,30,,,31.0,57.0,83.5,47.0,50,60,39.69,13,🟢 Surperforme BTC,False,False,,0,,,,60,2,,Volume ×0.3 (épuisement),41944336,41944336,999841682.134486,999841682.134486,1000000000.0,100.0,,,
SUPERUSDT,SUPER,Mid,382,0.0866,191996.6221,-0.574,56.03759816193169,0.0003803477471511506,0.08540800000000001,0.1078205,0.3275913865005315,0.36632891660171474,0.323460639127046,0.21869919006327276,0.616350522682872,0.08257777777777779,0.11250277777777777,uptrend,1,0,haussier,365,0,0,30,,,31.0,57.0,79.0,47.0,50,60,39.42,13,🟢 Surperforme BTC,False,False,,0,,,,60,2,,Volume ×0.2 (épuisement),55519779,86727356,640164549.0,1000000000.0,1000000000.0,64.0,,,
SUSHIUSDT,SUSHI,Mid,440,0.1611,120452.82092,0.625,49.84689248302853,2.2022233338043888e-06,0.160992,0.19255749999999996,0.5103035128961485,0.3601216333622937,0.30060816681146824,0.09561285323284548,0.39658853061915866,0.15136111111111114,0.20445555555555556,doji_4h,0,0,neutre,365,0,0,30,,,31.0,57.0,79.0,47.0,50,60,39.42,13,🟢 Surperforme BTC,False,False,,0,,,,60,2,,Volume ×0.1 (épuisement),46207627,46975461,286749821.97119504,291514753.9009228,,98.4,32930855,$33M,-1.1
QTUMUSDT,QTUM,Mid,303,0.687,85751.1025,1.627,57.715816978739355,0.005732518377390635,0.67818,0.8323899999999996,0.3673235682501258,0.31827956989247314,0.25913978494623663,0.15699381579568522,0.6133845722019036,0.647638888888889,0.8638888888888892,,0,0,neutre,365,0,0,30,,,31.0,57.0,83.5,47.0,50,60,39.69,13,🟢 Surperforme BTC,False,False,,0,,,,60,2,,Volume ×0.2 (épuisement),72915912,74107897,106088141.75,107822406.0,,98.4,,,
TUTUSDT,TUT,Speculative,601,0.03728,20247622.9999,12.425,48.608196228547925,-0.00549246078931738,0.026434199999999995,0.014599850000000001,5.918036934873994,0.852263701350278,0.8168189038919779,7.560702537410659,0.11484513913364135,0.0097625,0.05528999999999999,macd_bearish_cross|uptrend|shooting_star_4h|doji_4h,1,2,baissier,365,0,0,30,,,17.0,100.0,22.0,78.5,0.4,60,31.18,13,🟢 Surperforme BTC,False,False,,3,⚡ Volume ×7.6 vs médiane,,7.56,60,5,⚠️ Surveiller,Étoile filante 4h|MACD cross baissier,30936436,30936436,832395735.8436309,832395735.8436309,1000000000.0,100.0,,,
DOLOUSDT,DOLO,Speculative,,0.02265,8324182.472854,-6.79,50.37497209788648,5.516833620704679e-05,0.02241419999999999,0.029798399999999982,0.7566273312281114,0.3939934582218258,0.32619684805233423,1.9581213668007786,0.43370317333755054,0.021311666666666663,0.03066972222222222,downtrend,0,1,baissier,356,0,0,30,,,16.8,84.0,68.5,78.5,24.4,60,33.32,13,🟢 Surperforme BTC,False,False,,0,,,,60,0,,,,,,,,,191092357,$191M,-17.15
BANANAUSDT,BANANA,Speculative,922,3.709,586111.170547,-6.315,53.93159283402595,0.005577552458403551,3.4545000000000012,3.7367350000000004,0.6033228066665866,0.35708945925741337,0.07525541988537256,0.30805844382261666,0.5602078169954753,2.7703611111111104,3.886805555555556,macd_bullish_cross|uptrend,2,0,haussier,365,0,0,30,,,17.0,57.0,77.5,57.5,50,60,30.65,13,🟢 Surperforme BTC,False,False,,0,,,,60,2,,Volume ×0.3 (épuisement),14905544,31184446,4016415.7328564273,8402893.465936832,10000000.0,47.8,,,
ARPAUSDT,ARPA,Speculative,916,0.00868,467028.75687,0.93,54.5111365417958,1.1619263306758184e-05,0.008539999999999999,0.00948885,0.2730564485316413,0.34018851756640955,0.25706940874035983,0.3201137625163696,0.43070130409078233,0.007972777777777777,0.010693888888888886,,0,0,neutre,365,0,0,30,,,17.0,57.0,83.5,47.0,50,60,30.17,13,🟢 Surperforme BTC,False,False,,0,,,,60,2,,Volume ×0.3 (épuisement),15107234,17335854,1742888888.987738,1999999999.987738,2000000000.0,87.1,,,
ATUSDT,AT,Speculative,530,0.1588,340765.61182,-1.059,57.52859796287585,0.0015231670677976136,0.14604200000000006,0.1488599999999999,0.7288684264299448,0.17008985879332475,0.04589371980676326,0.22756681938689702,0.031170327282118746,0.11998055555555559,0.1596027777777778,,0,0,neutre,264,0,0,30,,,14.2,57.0,83.5,47.0,50,60,28.29,13,🟢 Surperforme BTC,False,False,,0,,,,60,4,⚠️ Surveiller,Volume ×0.2 (épuisement)|Près du plus haut 90j (résistance),36344391,158019091,230000000.0,1000000000.0,1000000000.0,23.0,,,
NOTUSDT,NOT,Speculative,501,0.000388,304020.197276,-1.523,59.47897334279212,6.017839044816847e-06,0.00036956,0.00040459499999999984,0.5317318650912033,0.340725806451613,0.21975806451612911,0.18685387432960057,0.40026224450696013,0.0003448055555555555,0.0004718333333333333,,0,0,neutre,365,0,0,30,,,17.0,57.0,83.5,47.0,50,60,30.17,13,🟢 Surperforme BTC,False,False,,0,,,,60,2,,Volume ×0.2 (épuisement),38460988,39630452,99429405866.9074,102452755868.5205,102456956842.91,97.0,,,
OGNUSDT,OGN,Speculative,,0.01644,120792.33835,0.674,53.829756449189624,8.63511760533724e-05,0.0163758,0.02020130000000001,0.44082670624977727,0.3663323157435674,0.2830353249018753,0.1478771489644517,0.40416275369665255,0.01516388888888889,0.021476666666666665,,0,0,neutre,365,0,0,30,,,17.0,57.0,83.5,47.0,50,60,30.17,13,🟢 Surperforme BTC,False,False,,0,,,,60,2,,Volume ×0.1 (épuisement),,,,,,,48753457,$49M,-3.07
TURTLEUSDT,TURTLE,Speculative,,0.0429,69662.8773,-1.831,55.31803340297737,-0.0003957803140042142,0.038386,0.0421185,0.6556820207706009,0.3121019108280256,0.08917197452229304,0.054048713855661894,0.49490267705654795,0.033405555555555556,0.045269444444444445,,0,0,neutre,300,0,0,30,,,15.2,57.0,77.5,47.0,50,60,28.6,13,🟢 Surperforme BTC,False,False,,0,,,,60,3,,Volume ×0.1 (épuisement),,,,,,,,,
GTCUSDT,GTC,Speculative,,0.08585,48472.257139,-0.717,61.69215379480887,0.00010780556839445465,0.07452439999999999,0.08666610000000008,0.5861290972008302,0.39449541284403666,0.21165137614678892,0.07070533761528101,0.5096847392123054,0.06715888888888889,0.09782250000000005,,0,0,neutre,365,0,0,30,,,17.0,57.0,83.5,47.0,50,60,30.17,13,🟢 Surperforme BTC,False,False,,0,,,,60,2,,Volume ×0.1 (épuisement),,,,,,,,,
ADAUSDT,ADA,Etabli,17,0.1759,11751281.11245,-0.621,45.35731769120941,-0.002464235443282457,0.17380999999999994,0.226008,0.5620898151375515,0.426406063023534,0.297965696051057,0.15913844271696437,0.7107309660329479,0.15166388888888893,0.2316166666666667,,0,0,neutre,365,0,0,30,,,45.0,57.0,75.5,78.5,50,59,51.25,12,🟢 Surperforme BTC,False,False,,0,,,,59,3,,Volume ×0.2 (épuisement),6575927771,7920713564,37359859977.77315,45000000000.0,45000000000.0,83.0,,,
FFUSDT,FF,Mid,156,0.06453,525118.776955,-1.255,50.23763113941473,5.028347262317365e-05,0.06306379999999998,0.0737491,0.4600530847705476,0.4708817126269957,0.41482220609579107,0.08897852229638975,0.11189894323046501,0.05983305555555556,0.09711194444444446,,0,0,neutre,323,0,0,30,,,29.8,57.0,73.0,57.5,50,59,39.12,12,🟢 Surperforme BTC,False,False,,0,,,,59,2,,Volume ×0.1 (épuisement),197573707,644612420,3065000000.0,10000000000.0,10000000000.0,30.6,1173409617,$1.2B,-6.54
1INCHUSDT,1INCH,Mid,219,0.0827,180325.94703,0.0,54.405586515031345,-0.00043086037942457827,0.07818200000000003,0.087599,0.5128356203676395,0.2935483870967742,0.10967741935483871,0.34396843368293667,0.7486400844583893,0.06881388888888891,0.08838055555555557,,0,0,neutre,365,0,0,30,,,31.0,57.0,75.5,47.0,50,59,39.21,12,🟢 Surperforme BTC,False,False,,0,,,,59,3,,Volume ×0.3 (épuisement),116256769,124066863,1405573965.7275033,1499999999.997,1500000000.0,93.7,2587875,$3M,-1.56
COTIUSDT,COTI,Speculative,607,0.01024,3826780.94749,0.986,46.534805821516834,-0.0004272691888079227,0.009925200000000002,0.011857799999999995,2.796454177968827,0.44178874325366235,0.406015037593985,1.3256725677245804,0.03915221383532925,0.0076102777777777774,0.014119166666666667,,0,0,neutre,365,0,0,30,,,17.0,75.0,41.5,68.0,50,59,31.49,12,🟢 Surperforme BTC,False,False,,0,,,,59,1,,,30653958,30654329,2979560602.83,2979596663.294341,4910000000.0,100.0,,,
SOPHUSDT,SOPH,Speculative,952,0.00355,2317344.694,-3.533,36.00843540787658,1.4682963649391938e-05,0.004343200000000002,0.007268949999999994,0.6606043817076808,0.5698393077873918,0.561186650185414,4.061428252953612,0.5726467792857665,0.0038266666666666675,0.0073597222222222215,,0,0,neutre,365,0,0,30,,,17.0,55.0,55.0,68.0,50,59,29.9,12,🟢 Surperforme BTC,False,False,,2,⚡ Volume ×4.1 vs médiane,,4.06,59,0,,,13867146,35524192,3903578154.0,10000000000.0,10000000000.0,39.0,,,
RADUSDT,RAD,Speculative,,0.23,700823.8283,-1.709,54.01378385185229,0.000884546232422778,0.21660000000000004,0.23512000000000022,1.0596693130379489,0.3355263157894736,0.24013157894736836,0.6279102497288904,0.2310464034664369,0.20527777777777784,0.27788888888888885,,0,0,neutre,365,0,0,30,,,17.0,66.0,56.5,57.5,50,59,30.47,12,🟢 Surperforme BTC,False,False,,0,,,,59,0,,,,,,,,,,,
ADXUSDT,ADX,Speculative,,0.0611,450288.715,-1.61,54.7227236796233,0.00022993737542682845,0.057775999999999994,0.067731,0.5886688584896832,0.2317979197622585,0.09063893016344728,0.5997286253608706,0.43910587848620136,0.0538861111111111,0.06553333333333333,double_top_90d,0,1,baissier,365,0,0,30,,,17.0,66.0,100.0,47.0,20.9,59,30.49,12,🟢 Surperforme BTC,False,False,,0,,,,59,4,⚠️ Surveiller,Volume ×0.6 (épuisement)|Double sommet,,,,,,,,,
EDUUSDT,EDU,Speculative,595,0.0384,277774.1129,-7.692,58.856159959119324,0.0002642157200645396,0.032946,0.060442499999999975,0.718390233106659,0.45530145530145527,0.19958419958419954,0.12439373299036008,0.4149127602845196,0.028236111111111115,0.04491666666666667,,0,0,neutre,365,0,0,30,,,17.0,57.0,73.0,47.0,50,59,29.54,12,🟢 Surperforme BTC,False,False,,0,,,,59,2,,Volume ×0.1 (épuisement),31194365,38555857,809069444.0,1000000000.0,1000000000.0,80.9,,,
CGPTUSDT,CGPT,Speculative,809,0.01997,194845.006171,-1.867,51.69890832755713,2.893428335804882e-05,0.0191374,0.021930999999999982,0.9426391273051117,0.34015630815035364,0.25828061034611094,0.08223141644235046,0.3995432095217323,0.018091388888888893,0.0246411111111111,doji_4h,0,0,neutre,365,0,0,30,,,17.0,57.0,73.0,47.0,50,59,29.54,12,🟢 Surperforme BTC,False,False,,0,,,,59,2,,Volume ×0.1 (épuisement),18586067,19879256,932859569.0,997766421.0,1000000000.0,93.5,,,
WBETHUSDT,WBETH,Speculative,,2102.15,185056.70626,1.185,55.171909312121024,-4.420769995873631,2032.0002000000002,2201.397849999999,0.29825306001054586,0.2632652275962908,0.10297091504525434,0.08713164046570135,0.8785360729784145,1773.3702777777778,2235.728888888889,double_bottom_90d|doji_4h,1,0,haussier,365,0,0,30,,,17.0,57.0,75.5,47.0,50,59,29.69,12,🟢 Surperforme BTC,False,False,,0,,,,59,3,,Volume ×0.1 (épuisement),,,,,,,,,
AGLDUSDT,AGLD,Speculative,932,0.157,99105.64885,-0.127,50.84810826404589,0.0006887417308342008,0.15686599999999998,0.21517699999999995,0.4769384036482224,0.4967479674796748,0.36178861788617883,0.12830772013247912,0.23102448345391405,0.14477222222222225,0.22969722222222222,,0,0,neutre,365,0,0,30,,,17.0,57.0,73.0,47.0,50,59,29.54,12,🟢 Surperforme BTC,False,False,,0,,,,59,2,,Volume ×0.1 (épuisement),14533308,14533308,92830001.0,92830001.0,96000000.0,100.0,,,
ENAUSDT,ENA,Etabli,73,0.0839,3876349.816936,1.084,46.658915788703084,-0.0008715853845902427,0.08333399999999999,0.09843099999999998,0.7585409234385054,0.3625,0.24910714285714292,0.11937167525311111,0.22218953054521037,0.07599444444444443,0.09937777777777776,,0,0,neutre,365,0,0,30,,,45.0,57.0,67.0,68.0,50,58,49.9,11,🟢 Surperforme BTC,False,False,,0,,,,58,3,,Volume ×0.1 (épuisement),826718392,1261764160,9828125000.0,15000000000.0,15000000000.0,65.5,3956788706,$4.0B,0.72
GPSUSDT,GPS,Mid,270,0.01496,11434998.883247,34.17,82.28230977544672,0.0003967085438848372,0.009690599999999999,0.008830649999999999,1.211540615263339,0.20994475138121538,0.0,9.942005520335517,0.20569896005754224,0.0069055555555555545,0.01044583333333333,breakout_30d|downtrend,1,1,mixte,365,0,0,30,,,31.0,82.0,73.0,78.5,24.4,58,43.04,11,🟢 Surperforme BTC,False,False,,3,⚡ Volume ×9.9 vs médiane,,9.94,58,6,⚠️ Surveiller,RSI 82 (surachat extrême)|Près du plus haut 90j (résistance),86996036,149034434,5837311111.239091,10000000000.0,10000000000.0,58.4,27668737,$28M,-4.07
METUSDT,MET,Mid,262,0.1664,180239.16486,1.836,52.46293776865601,-0.000334248291915571,0.16273399999999996,0.16002849999999996,0.9300071251702872,0.34256756756756757,0.13308977035490605,0.11449462850128203,0.37261705867210854,0.10964166666666667,0.17802222222222222,golden_cross|downtrend,1,1,mixte,278,0,0,30,,,28.6,73.0,73.0,47.0,26.5,58,37.95,11,🟢 Surperforme BTC,False,False,,0,,,,58,3,,Volume ×0.1 (épuisement),90364712,165672296,544206448.040144,997733845.290103,1000000000.0,54.5,173140657,$173M,-1.34
PORTALUSDT,PORTAL,Speculative,930,0.01686,31508447.317744,46.609,77.8420906265386,0.0006256166451593675,0.011341799999999997,0.012111200000000003,1.6195664549499014,0.7081664098613252,0.4819722650231125,5.876541320613546,0.1386318783895278,0.008898333333333334,0.01931861111111111,,0,0,neutre,365,0,0,30,,,17.0,66.0,32.5,78.5,50,58,30.71,11,🟢 Surperforme BTC,False,False,,10,🔥 Trending #1 sur CoinGecko|⚡ Volume ×5.9 vs médiane,1,5.88,58,2,,RSI 78 (surachat),14614149,16401082,891047806.1636951,1000000000.0,1000000000.0,89.1,,,
QQQBUSDT,QQQB,Speculative,,736.23,1808784.00273,0.419,64.53178627891205,3.00440869039819,,,0.22560486970131305,0.09264045708066933,0.0,0.06787861357073985,,682.0015789473684,731.9884210526316,,0,0,neutre,49,0,0,30,,,8.3,45.0,90.0,68.0,50,58,24.91,11,🟢 Surperforme BTC,False,False,,0,,,,58,4,⚠️ Surveiller,Volume ×0.1 (épuisement)|Près du plus haut 90j (résistance),,,,,,,,,
AVNTUSDT,AVNT,Speculative,565,0.0988,768622.45778,0.305,58.026168755014105,0.0019172075261810256,0.091708,0.13616249999999996,0.8228134683983523,0.49427480916030536,0.36704834605597964,0.3563926295726682,0.44159457421412684,0.08471666666666666,0.14072222222222222,,0,0,neutre,337,0,0,30,,,16.2,57.0,68.5,57.5,50,58,29.59,11,🟢 Surperforme BTC,False,False,,0,,,,58,2,,Volume ×0.4 (épuisement),33485998,98729848,339167924.4764106,1000000000.0,1000000000.0,33.9,19757734,$20M,-6.5
GOOGLBUSDT,GOOGLB,Speculative,815,348.35,362067.82694,-0.04,47.12127337180825,-0.6287412799977562,,,0.4109441338765373,0.14247347925339066,0.08183590662380777,0.23646946569774024,,325.47625000000005,369.10125,,0,0,neutre,42,0,0,30,,,8.2,45.0,90.0,47.0,50,58,23.1,11,🟢 Surperforme BTC,False,False,,0,,,,58,3,,Volume ×0.2 (épuisement),18377284,18414059,52786.23947062001,52891.87245523,,99.8,,,
THEUSDT,THE,Speculative,,0.0624,242959.23307,1.299,59.60390902059426,0.0007718143603223091,0.055782,0.12290200000000008,0.8579782225265657,0.4984126984126984,0.3396825396825397,0.2150960568636839,0.35545220692541807,0.051097222222222204,0.08747222222222223,,0,0,neutre,365,0,0,30,,,17.0,57.0,68.5,47.0,50,58,29.27,11,🟢 Surperforme BTC,False,False,,0,,,,58,2,,Volume ×0.2 (épuisement),,,,,,,1269272,$1M,-3.24
CATIUSDT,CATI,Speculative,580,0.0477,151929.098716,-2.554,62.03343893777093,0.0009319469876706162,0.042646999999999984,0.04787654999999998,0.771973210624908,0.4806299212598425,0.2488188976377953,0.06353455903918884,0.25058690497718833,0.037018888888888886,0.06119527777777779,,0,0,neutre,365,0,0,30,,,17.0,57.0,67.0,47.0,50,58,29.18,11,🟢 Surperforme BTC,False,False,,0,,,,58,2,,Volume ×0.1 (épuisement),32191751,47711706,674713880.73,1000000000.0,1000000000.0,67.5,,,
RLCUSDT,RLC,Speculative,694,0.2841,126560.51033,0.745,54.188058248623264,0.0030109229909970284,0.28242399999999995,0.38244900000000037,0.7892021031473501,0.45939473111256257,0.37949052906597,0.24205511832936782,0.5521564046140173,0.26690277777777777,0.42480833333333334,doji_4h,0,0,neutre,365,0,0,30,,,17.0,57.0,68.5,47.0,50,58,29.27,11,🟢 Surperforme BTC,False,False,,0,,,,58,2,,Volume ×0.2 (épuisement),24743645,24743645,86999784.9868455,86999784.9868455,86999784.9868455,100.0,,,
JOEUSDT,JOE,Speculative,,0.0279,109858.059511,-1.761,54.57368690318367,0.0003270518422094129,0.027243999999999997,0.03684199999999999,0.76743910375871,0.4727272727272727,0.36590909090909085,0.27845290698428127,0.5695609533733309,0.02519722222222222,0.03957222222222221,doji_4h,0,0,neutre,365,0,0,30,,,17.0,57.0,68.5,47.0,50,58,29.27,11,🟢 Surperforme BTC,False,False,,0,,,,58,2,,Volume ×0.3 (épuisement),,,,,,,8345005,$8M,-4.83
CTKUSDT,CTK,Speculative,828,0.1097,108789.03357,0.0,55.023642085139684,0.0005898374365346216,0.10432599999999999,0.15535649999999987,0.6409224826508504,0.4765217391304347,0.36753623188405793,0.09440170398754429,0.5840278297618844,0.09869166666666668,0.15440277777777778,,0,0,neutre,365,0,0,30,,,17.0,57.0,68.5,47.0,50,58,29.27,11,🟢 Surperforme BTC,False,False,,0,,,,58,2,,Volume ×0.1 (épuisement),17748072,17753548,162713910.0,162764085.0,,100.0,,,
TSMBUSDT,TSMB,Speculative,,429.06,79648.74849,0.768,55.25698773501492,0.4322555541649411,,,0.506933105130898,0.1174337845791642,0.006913774365851987,0.23597427091744766,,391.56538461538463,428.7992307692308,bull_flag,1,0,haussier,34,0,0,30,,,7.9,45.0,90.0,47.0,52.0,58,23.07,11,🟢 Surperforme BTC,False,False,,0,,,,58,4,⚠️ Surveiller,Volume ×0.2 (épuisement)|Près du plus haut 90j (résistance),,,,,,,,,
IBMBUSDT,IBMB,Speculative,,233.82,76808.49017,-0.434,58.57756948018224,-1.8639634750308645,,,0.3064403929767315,0.04922735264180618,0.021308661615104463,0.12651738992356587,,207.5423076923077,238.54153846153847,,0,0,neutre,34,0,0,30,,,7.9,45.0,90.0,47.0,50,58,22.95,11,🟢 Surperforme BTC,False,False,,0,,,,58,5,⚠️ Surveiller,Volume ×0.1 (épuisement)|Près du plus haut 90j (résistance),,,,,,,,,
QCOMBUSDT,QCOMB,Speculative,,167.38,60451.94466,1.436,52.32846085424038,1.9861192739977032,,,0.5786532843757529,0.22917102784174176,0.12329914172074524,0.17362625549448982,,151.24312500000005,186.71812500000001,bull_flag,1,0,haussier,42,0,0,30,,,8.2,45.0,85.5,47.0,52.0,58,22.95,11,🟢 Surperforme BTC,False,False,,0,,,,58,2,,Volume ×0.2 (épuisement),,,,,,,,,
LQTYUSDT,LQTY,Speculative,794,0.1932,44391.62866,-1.979,53.23398802690953,0.00042818009652697067,0.181564,0.2513410000000001,0.7685901757279585,0.45486111111111105,0.3295138888888889,0.08881761795854325,0.4822321419696557,0.16776388888888885,0.2548416666666666,uptrend,1,0,haussier,365,0,0,30,,,17.0,57.0,68.5,47.0,50,58,29.27,11,🟢 Surperforme BTC,False,False,,0,,,,58,2,,Volume ×0.1 (épuisement),19088920,19328327,98761366.67614649,100000000.0,100000000.0,98.8,141170509,$141M,-0.87
PAXGUSDT,PAXG,Etabli,41,4407.01,5323654.533247,0.631,66.34584083807201,10.287198376186282,4142.8336,4553.526349999997,0.24608536850469975,0.12618977679765347,0.03432651289628175,0.24236757104704226,0.5712698001986127,4008.6836111111106,4500.653888888888,,0,0,neutre,365,0,0,30,,,45.0,48.0,100.0,78.5,50,57,51.64,10,🟢 Surperforme BTC,False,False,,0,,,,57,4,⚠️ Surveiller,Volume ×0.2 (épuisement)|Près du plus haut 90j (résistance),1922354348,1922354348,436947.248069,436947.248069,,100.0,1916448207,$1.9B,1.53
BOMEUSDT,BOME,Mid,378,0.0008145,1975794.477843,-4.052,68.16246866574059,9.110251477745758e-06,0.0005344680000000001,0.0004795159999999996,1.3404349273294789,0.36916932907348243,0.039703110273327055,0.30755258448276407,0.36807899842100106,0.0003998361111111111,0.0007102916666666668,double_bottom_90d|uptrend,2,0,haussier,365,0,0,30,,,31.0,64.0,67.0,68.0,50,57,41.22,10,🟢 Surperforme BTC,False,False,,0,,,,57,4,⚠️ Surveiller,Volume ×0.3 (épuisement)|Près du plus haut 90j (résistance),56470952,56470952,68999659569.0,68999659569.0,68999659569.0,100.0,,,
CFXUSDT,CFX,Mid,141,0.04288,890988.85989,1.347,52.35844095432499,0.0003289524645844283,0.0432132,0.051560599999999984,0.4904472671169702,0.34784098697738186,0.26559287183002056,0.7915317921989345,0.4872832862046467,0.04088972222222222,0.053788055555555554,,0,0,neutre,365,0,0,30,,,31.0,46.0,83.5,57.5,50,57,39.21,10,🟢 Surperforme BTC,False,False,,0,,,,57,0,,,224197210,224211248,5231945909.15,5232273507.9,,100.0,,,
XVSUSDT,XVS,Mid,441,2.73,32384.2121,1.487,50.42660564259427,-0.00638277218938812,2.7081999999999997,2.7708999999999993,0.4272808317856452,0.19081272084805653,0.0777027027027027,0.07975295539936467,0.4597361192383982,2.425555555555556,2.841111111111111,downtrend|doji_4h,0,1,baissier,365,0,0,30,,,31.0,57.0,100.0,47.0,24.4,57,39.14,10,🟢 Surperforme BTC,False,False,,0,,,,57,3,,Volume ×0.1 (épuisement),45931521,81028681,16861166.14475375,29745107.918202892,30000000.0,56.7,1070499250,$1.1B,-0.77
ALICEUSDT,ALICE,Speculative,,0.1346,7636646.277337,5.901,54.86714819521118,0.002223542440946912,0.122136,0.12306500000000004,1.7435950729365577,0.31920048455481526,0.18413082980012122,1.7011133812633068,0.2775788715006864,0.1051972222222222,0.14105555555555552,bearish_engulfing_4h,0,1,baissier,365,0,0,30,,,17.0,84.0,46.0,78.5,25.1,57,32.18,10,🟢 Surperforme BTC,False,False,,0,,,,57,2,,Engloutissement baissier 4h,,,,,,,,,
MRVLBUSDT,MRVLB,Speculative,,228.23,393510.56635,2.7,59.418846902587866,0.25978740940385237,,,1.0110886244188675,0.23734177215189875,0.0,0.5515129550050096,,177.87923076923076,225.42923076923077,,0,0,neutre,34,0,0,30,,,7.9,54.0,69.0,47.0,50,57,22.77,10,🟢 Surperforme BTC,False,False,,0,,,,57,4,⚠️ Surveiller,Volume ×0.6 (épuisement)|Près du plus haut 90j (résistance),,,,,,,,,
AMDBUSDT,AMDB,Speculative,,522.3,355678.53874,1.217,57.10240391860324,6.523767052436401,512.2542,,0.908272347742392,0.2601557239783851,0.09949415603473576,0.5227600688324762,,465.5627272727272,559.3795454545455,,0,0,neutre,56,0,0,30,,,8.5,54.0,67.5,47.0,50,57,23.09,10,🟢 Surperforme BTC,False,False,,0,,,,57,2,,Volume ×0.5 (épuisement),,,,,,,,,
QIUSDT,QI,Speculative,,0.001312,212428.583284,-0.152,54.44373485931876,1.300001282692659e-07,0.0012127799999999997,0.0015706950000000002,1.4177030066137308,0.34720496894409936,0.18633540372670815,0.3011634620521724,0.37066769980527975,0.0011118055555555553,0.0015842777777777778,,0,0,neutre,365,0,0,30,,,17.0,57.0,62.5,47.0,50,57,28.91,10,🟢 Surperforme BTC,False,False,,0,,,,57,2,,Volume ×0.3 (épuisement),,,,,,,144280131,$144M,-1.45
REZUSDT,REZ,Speculative,700,0.002745,109392.8284398,1.18,53.45810655771811,8.590619329259343e-06,0.002662159999999999,0.0034875600000000007,0.639049707979134,0.5267748478701826,0.44340770791075057,0.18364676141967776,0.5162829560388842,0.002463861111111111,0.004168472222222223,support_bounce,1,0,haussier,365,0,0,30,,,17.0,57.0,59.5,47.0,52.8,57,28.9,10,🟢 Surperforme BTC,False,False,,0,,,,57,2,,Volume ×0.2 (épuisement),23867468,26923074,8700728216.146433,9814629224.12962,10000000000.0,88.7,93226429,$93M,1.95
METABUSDT,METAB,Speculative,,591.47,44494.95571,-0.106,50.71194192799916,2.1688732224619818,,,0.4718355914011505,0.20293754410726886,0.13032227711126793,0.16233986671916042,,559.6352631578948,663.011052631579,,0,0,neutre,49,0,0,30,,,8.3,45.0,85.5,47.0,50,57,22.96,10,🟢 Surperforme BTC,False,False,,0,,,,57,2,,Volume ×0.2 (épuisement),,,,,,,,,
XAUTUSDT,XAUT,Etabli,33,4389.11,13615776.740144,0.622,66.19795875935247,10.109814653277311,4137.232399999999,,0.24081120689718827,0.12352110169547374,0.03580773937555055,0.5094760550290248,0.5771766921085141,4007.5638888888893,4490.024166666668,,0,0,neutre,145,0,0,30,,,39.0,45.0,100.0,78.5,50,56,47.18,9,🟢 Surperforme BTC,False,False,,0,,,,56,4,⚠️ Surveiller,Volume ×0.5 (épuisement)|Près du plus haut 90j (résistance),2684763888,3100620867,612823.6595320001,707747.089,,86.6,3119569922,$3.1B,1.4
JTOUSDT,JTO,Mid,117,0.6112,1530951.33643,4.176,61.34090174623507,0.013953412216405281,0.600214,0.44831150000000014,0.7123592961178162,0.4110705596107056,0.25669099756690994,0.23842266011492477,0.1346261883313968,0.4930916666666667,0.768313888888889,downtrend,0,1,baissier,365,0,0,30,,,31.0,73.0,67.0,68.0,24.4,56,40.76,9,🟢 Surperforme BTC,False,False,,0,,,,56,2,,Volume ×0.2 (épuisement),310948766,608577312,510943737.9,1000000000.0,,51.1,755049390,$755M,-1.8
GASUSDT,GAS,Mid,348,0.974,314582.4715,0.933,52.82022449636259,0.00911859464615036,1.0024799999999996,1.4045249999999998,0.35957197758051435,0.426239799121155,0.38857501569365976,0.9173279768615872,0.6662747450735785,0.9341944444444447,1.449361111111111,,0,0,neutre,365,0,0,30,,,31.0,46.0,79.0,47.0,50,56,38.1,9,🟢 Surperforme BTC,False,False,,0,,,,56,0,,,63426236,63426236,65093580.54427269,65093580.54427269,,100.0,,,
GNOUSDT,GNO,Mid,127,104.96,57351.05509,1.411,47.31393803628916,-0.01649075127268329,107.39259999999999,116.78215000000002,0.2953563846840536,0.24026845637583893,0.1208892617449664,0.22889469023622222,0.6913726834827616,98.98666666666666,119.15027777777775,doji_4h,0,0,neutre,365,0,0,30,,,31.0,37.0,95.5,47.0,50,56,38.01,9,🟢 Surperforme BTC,False,False,,0,,,,56,3,,Volume ×0.2 (épuisement),276862627,314665609,2639589.0,3000000.0,3000000.0,88.0,,,
GIGGLEUSDT,GIGGLE,Speculative,587,32.22,10129792.71105,4.78,49.427498524368644,-0.7635916104661888,29.7438,30.094650000000016,2.0923720517183297,0.36526075212964887,0.33097859962601284,0.509142891077704,0.16944502696554237,24.901388888888885,36.65972222222222,,0,0,neutre,297,0,0,30,,,15.1,66.0,41.5,78.5,50,56,29.98,9,🟢 Surperforme BTC,False,False,,0,,,,56,3,,Volume ×0.5 (épuisement),31909889,31909889,1000000.0,1000000.0,1000000.0,100.0,,,
MSTRBUSDT,MSTRB,Speculative,,94.48,1656634.02728,0.511,46.107473656618595,-0.4758758728364593,96.59599999999999,,0.517035429443107,0.21082267608322203,0.12443166001670221,1.1934813113188498,,87.88181818181818,104.36181818181818,shooting_star_4h,0,1,baissier,56,0,0,30,,,8.5,63.0,85.5,68.0,21.7,56,25.23,9,🟢 Surperforme BTC,False,False,,0,,,,56,3,,Étoile filante 4h,,,,,,,,,
C98USDT,C98,Speculative,937,0.01441,218829.344834,-0.689,57.1455631796955,7.274872532090477e-05,0.013137799999999995,0.020059399999999998,1.0464703648340998,0.45097087378640777,0.30048543689320395,0.18151135527751966,0.47223244280365906,0.012067222222222222,0.01912222222222222,,0,0,neutre,365,0,0,30,,,17.0,57.0,58.0,47.0,50,56,28.64,9,🟢 Surperforme BTC,False,False,,0,,,,56,2,,Volume ×0.2 (épuisement),14449492,14449508,999998884.0,1000000000.0,1000000000.0,100.0,,,
COINBUSDT,COINB,Speculative,,150.03,84375.03326,0.207,45.1093463017226,0.41570448288915784,,,0.6009891433378431,0.18005759132742372,0.15278640392976117,0.20141128345774048,,146.054375,168.63312499999995,,0,0,neutre,42,0,0,30,,,8.2,45.0,75.0,47.0,50,56,22.2,9,🟢 Surperforme BTC,False,False,,0,,,,56,2,,Volume ×0.2 (épuisement),,,,,,,,,
XPLUSDT,XPL,Mid,152,0.07716,144153030.733724,0.013,46.930278521490195,0.0005151373375434404,0.08502719999999998,0.09460469999999997,0.6844896961253819,0.35983263598326365,0.31508429458740017,0.9246073728132612,0.380920302506836,0.07185166666666666,0.103535,,0,0,neutre,327,0,0,30,,,30.0,46.0,68.5,78.5,50,55,39.28,8,🟢 Surperforme BTC,False,False,,0,,,,55,0,,,208372989,774940869,2688888888.8889,10000000000.0,,26.9,,,
PENGUUSDT,PENGU,Mid,109,0.005993,2482712.274783,-0.333,45.66723482970735,-2.2291744658533113e-05,0.0061848999999999975,0.007167720000000001,0.5493014148245922,0.39308308730493463,0.36661746098692527,0.1752851920704679,0.7142599617102141,0.005879833333333332,0.008180916666666668,macd_bearish_cross,0,1,baissier,365,0,0,30,,,31.0,37.0,71.0,68.0,28.7,55,36.94,8,🟢 Surperforme BTC,False,False,,5,🔥 Trending #3 sur CoinGecko,3,,55,5,⚠️ Surveiller,Volume ×0.2 (épuisement)|MACD cross baissier,377814870,1585920024,62860396090.0,263863518611.596,88888888888.0,23.8,,,
RUNEUSDT,RUNE,Mid,195,0.421,689291.2163,1.446,45.009176069029635,-0.002939541242289656,0.42264,0.42979000000000006,0.31489052754659963,0.28982300884955753,0.07064017660044156,0.29490838498637195,0.4453229620826951,0.36986111111111103,0.44836111111111104,,0,0,neutre,365,0,0,30,,,31.0,37.0,88.0,57.5,50,55,38.4,8,🟢 Surperforme BTC,False,False,,0,,,,55,3,,Volume ×0.3 (épuisement),142479735,149165884,338174757.0,354044275.0,354044275.0,95.5,53669903,$54M,-2.2
BELUSDT,BEL,Speculative,,0.1084,4591447.34521,2.168,54.92824774218072,0.0010404960797840567,0.10350999999999999,0.10432200000000001,0.5591267453668519,0.5190133607399794,0.44295991778006166,0.9089793889452749,0.23640321465978717,0.08681111111111112,0.13981111111111114,death_cross,0,1,baissier,365,0,0,30,,,17.0,66.0,64.0,68.0,29.6,55,30.53,8,🟢 Surperforme BTC,False,False,,0,,,,55,0,,,,,,,,,,,
PIXELUSDT,PIXEL,Speculative,,0.00471,2774653.130545,-11.299,54.67681689999067,6.556823831725007e-05,0.004578199999999999,0.006322950000000002,0.7481325588429538,0.45804676753782675,0.3562585969738652,0.8145122990779102,0.5040396942043512,0.004223055555555554,0.006721944444444445,bearish_engulfing_4h,0,1,baissier,365,0,0,30,,,17.0,66.0,68.5,68.0,25.1,55,30.53,8,🟢 Surperforme BTC,False,False,,0,,,,55,2,,Engloutissement baissier 4h,,,,,,,,,
DRAMBUSDT,DRAMB,Speculative,723,60.01,1763510.8507,3.555,60.16612348871752,1.2874439308300931,,,1.1212220264760535,0.3130833970925784,0.08140780413159898,0.626963708290875,,48.340625,62.336875,,0,0,neutre,42,0,0,30,,,8.2,54.0,57.0,68.0,50,55,23.88,8,🟢 Surperforme BTC,False,False,,0,,,,55,0,,,22548841,22551837,376308.77098177,376358.7709817699,,100.0,,,
CETUSUSDT,CETUS,Speculative,753,0.02187,635000.29554,1.438,74.72042887452474,0.00043269838446796194,0.0184982,0.020485150000000004,0.51887315137323,0.3940940576011666,0.20269777615749177,0.44671494886556934,0.6440328229176137,0.017128333333333336,0.024019999999999996,uptrend,1,0,haussier,365,0,0,30,,,17.0,48.0,83.5,57.5,50,55,29.93,8,🟢 Surperforme BTC,False,False,,0,,,,55,4,⚠️ Surveiller,RSI 75 (surachat)|Volume ×0.4 (épuisement),20944966,21797928,960869565.0,1000000000.0,1000000000.0,96.1,24733471,$25M,
TSLABUSDT,TSLAB,Speculative,,344.79,324939.28957,0.335,54.99760013295783,4.809257430960012,358.6737999999998,,0.5608203060100628,0.2988137072238862,0.1866937100540081,0.10679055924572782,,312.2307407407407,412.3314814814814,,0,0,neutre,68,0,0,30,,,8.9,45.0,73.5,47.0,50,55,22.6,8,🟢 Surperforme BTC,False,False,,0,,,,55,2,,Volume ×0.1 (épuisement),,,,,,,,,
LISTAUSDT,LISTA,Speculative,678,0.0608,290910.32471,7.801,59.04835455497292,-1.431001484315797e-05,0.051191999999999994,0.07317699999999999,1.0319469290956171,0.4445843828715365,0.23677581863979846,0.666608858645994,0.4182832898017057,0.046302777777777776,0.07143888888888889,macd_bearish_cross,0,1,baissier,365,0,0,30,,,17.0,66.0,62.5,47.0,28.7,55,28.71,8,🟢 Surperforme BTC,False,False,,0,,,,55,3,,MACD cross baissier,25850814,48183396,426840230.42881376,795588564.255041,1000000000.0,53.7,718381934,$718M,0.74
1000CHEEMSUSDT,1000CHEEMS,Speculative,,0.000485,255739.387047,0.207,48.10075103475837,-1.8298905229531515e-06,0.0004807000000000001,0.0005230850000000002,0.5565203296715525,0.3873626373626374,0.3351648351648352,0.2012309269116883,0.4373334382969593,0.0004598611111111112,0.0006456944444444444,macd_bearish_cross|uptrend|doji_4h,1,1,mixte,365,0,0,30,,,17.0,57.0,79.0,47.0,28.7,55,28.62,8,🟢 Surperforme BTC,False,False,,0,,,,55,5,⚠️ Surveiller,Volume ×0.2 (épuisement)|MACD cross baissier,,,,,,,,,
1MBABYDOGEUSDT,1MBABYDOGE,Speculative,,0.0003255,206964.9279176,0.587,51.25857399949938,-1.0152485583452805e-06,0.000311336,0.00037474149999999957,0.5203058984685776,0.32848086405259447,0.23667527588635834,0.261123929318811,0.6264668474288274,0.0002928944444444445,0.0003908638888888889,macd_bearish_cross,0,1,baissier,365,0,0,30,,,17.0,57.0,83.5,47.0,28.7,55,28.89,8,🟢 Surperforme BTC,False,False,,0,,,,55,5,⚠️ Surveiller,Volume ×0.3 (épuisement)|MACD cross baissier,,,,,,,,,
IOTXUSDT,IOTX,Speculative,695,0.00258,90891.99598,-2.642,53.343678248730086,3.492653698730889e-05,0.0024749999999999998,0.004110649999999997,1.0814934604998814,0.5413870246085011,0.42505592841163314,0.20088512567640887,0.40637330579303105,0.002238888888888889,0.004176944444444445,uptrend,1,0,haussier,365,0,0,30,,,17.0,57.0,49.0,47.0,50,55,28.1,8,🟢 Surperforme BTC,False,False,,0,,,,55,2,,Volume ×0.2 (épuisement),24329745,24329745,9441368550.0,9441368555.0,10000000000.0,100.0,,,
RKLBBUSDT,RKLBB,Speculative,,81.63,68184.5829,0.666,56.610466166803725,-0.48880791185763073,,,1.0982128261027775,0.2198675496688742,0.039482961222091655,0.11591664501807317,,62.42307692307691,83.38538461538461,,0,0,neutre,34,0,0,30,,,7.9,45.0,69.0,47.0,50,55,21.69,8,🟢 Surperforme BTC,False,False,,0,,,,55,5,⚠️ Surveiller,Volume ×0.1 (épuisement)|Près du plus haut 90j (résistance),,,,,,,,,
WLDUSDT,WLD,Etabli,54,0.3627,16193462.95072,4.404,57.90368572021932,0.00862903792117364,0.36117,0.35951099999999997,0.7138570003807289,0.5559176418308399,0.4628943860168864,0.2804634666261906,0.1568524584929438,0.2956277777777777,0.5784305555555554,downtrend,0,1,baissier,365,0,0,30,,,45.0,73.0,53.5,78.5,24.4,54,50.31,7,≈ Neutre vs BTC,False,False,,0,,,,54,2,,Volume ×0.3 (épuisement),1307733198,3631793687,3600791537.983452,10000000000.0,10000000000.0,36.0,,,
LINKUSDT,LINK,Etabli,16,9.419,13053052.76352,0.587,69.57551879860489,0.11994772362112222,8.28758,8.776340000000006,0.46909989182139666,0.2619657681664446,0.03464179563390378,0.27094405765189983,0.7849571530071456,7.448277777777777,9.314972222222222,double_bottom_90d|uptrend,2,0,haussier,365,0,0,30,,,45.0,48.0,80.0,78.5,50,54,50.44,7,≈ Neutre vs BTC,False,False,,0,,,,54,4,⚠️ Surveiller,Volume ×0.3 (épuisement)|Près du plus haut 90j (résistance),7036140444,9405347844,748099970.424884,1000000000.0,1000000000.0,74.8,,,
ETHFIUSDT,ETHFI,Etabli,94,0.5109,3947253.19632,6.615,72.09293307027804,0.014442173242771833,0.40915199999999996,0.43321799999999977,0.9234910219008897,0.2715736040609138,0.0,0.27668858037224175,0.36834194083593225,0.31208333333333327,0.45388333333333336,macd_bullish_cross,1,0,haussier,365,0,0,30,,,45.0,48.0,77.5,68.0,50,54,49.45,7,≈ Neutre vs BTC,False,False,,0,,,,54,6,⚠️ Surveiller,RSI 72 (surachat)|Volume ×0.3 (épuisement)|Près du plus haut 90j (résistance),519277764,509264932,1018168558.0,998535999.0,1000000000.0,102.0,3359947815,$3.4B,0.87
POLUSDT,POL,Etabli,75,0.07543,1312437.773185,0.547,49.76805307391068,0.0001713451565271563,0.07615780000000001,0.08882785,0.30430425229874997,0.2717321997874602,0.1986184909670563,0.22928061075272535,0.5211301926617303,0.07142166666666666,0.09038138888888887,,0,0,neutre,365,0,0,30,,,45.0,37.0,83.5,68.0,50,54,48.49,7,≈ Neutre vs BTC,False,False,,0,,,,54,2,,Volume ×0.2 (épuisement),807033172,807033172,10697840554.17552,10697840554.17552,,100.0,2537222521,$2.5B,-1.43
CRVUSDT,CRV,Mid,107,0.2477,3443461.33932,2.652,60.446740156038985,0.0016068257423420638,0.2169319999999999,0.2284275000000001,0.6318569091194182,0.27957828973057397,0.08111111111111122,0.3658574142616851,0.474436532840934,0.19258333333333336,0.24742499999999992,bearish_engulfing_4h,0,1,baissier,365,0,0,30,,,31.0,57.0,77.5,68.0,25.1,54,39.51,7,≈ Neutre vs BTC,False,False,,0,,,,54,4,⚠️ Surveiller,Volume ×0.4 (épuisement)|Engloutissement baissier 4h,383079738,596350724,1548401873.0,2410440049.644819,3030303031.0,64.2,1272639873,$1.3B,-1.93
FORMUSDT,FORM,Mid,284,0.2062,934840.21432,2.333,48.256966062697664,-0.0013640199386812843,0.20522399999999993,0.2349035000000001,0.7395608294315503,0.3789222373806275,0.29706684856753074,0.2120135229414738,0.34501859645542365,0.19293333333333332,0.25516666666666665,macd_bearish_cross,0,1,baissier,365,0,0,30,,,31.0,57.0,73.0,57.5,28.7,54,38.62,7,≈ Neutre vs BTC,False,False,,0,,,,54,5,⚠️ Surveiller,Volume ×0.2 (épuisement)|MACD cross baissier,78664437,117893871,381867255.14,572301922.1,580000000.0,66.7,,,
ARUSDT,AR,Mid,212,1.824,713826.37256,0.33,51.7843421408401,0.008942536634602538,1.8762,1.9504150000000007,0.352062749261642,0.3213438735177865,0.27905138339920943,0.11340693521592181,0.3488912180114699,1.7581666666666664,2.232583333333333,,0,0,neutre,365,0,0,30,,,31.0,37.0,83.5,57.5,50,54,38.13,7,≈ Neutre vs BTC,False,False,,0,,,,54,2,,Volume ×0.1 (épuisement),120114973,120114973,65652466.0,65652466.0,66000000.0,100.0,,,
WUSDT,W,Mid,396,0.00845,454952.739419,1.077,47.16781871719542,7.255584037992916e-05,0.009039600000000002,0.013412349999999988,0.49210855083301397,0.3977272727272727,0.3598484848484849,0.1249085948259107,0.4057375035400641,0.008261666666666665,0.01222388888888889,,0,0,neutre,365,0,0,30,,,31.0,37.0,79.0,47.0,50,54,37.02,7,≈ Neutre vs BTC,False,False,,0,,,,54,2,,Volume ×0.1 (épuisement),53384295,84518045,6316319136.0,10000000000.0,10000000000.0,63.2,1370718261,$1.4B,-3.66
ALTUSDT,ALT,Mid,475,0.006,393201.89258,-1.316,51.18015748000534,3.226889220896163e-05,0.006094799999999999,0.006997300000000004,0.41696681953243725,0.31386861313868614,0.2700729927007299,0.2280741393945759,0.20137538467186306,0.005646944444444444,0.007405833333333332,double_bottom_90d,1,0,haussier,365,0,0,30,,,31.0,37.0,77.5,47.0,50,54,36.93,7,≈ Neutre vs BTC,False,False,,0,,,,54,2,,Volume ×0.2 (épuisement),41257222,59918207,6885590274.0,10000000000.0,10000000000.0,68.9,,,
SUNUSDT,SUN,Mid,115,0.01797,237330.57321,0.503,47.1679045091274,-1.712549744856777e-05,0.017987000000000003,0.017840150000000003,0.14060783689161796,0.20226377952755917,0.11564960629921266,0.11695229237964758,0.4216378205591805,0.016788611111111112,0.019311944444444437,macd_bearish_cross|support_bounce|doji_4h,1,1,mixte,365,0,0,30,,,31.0,45.0,95.5,47.0,31.5,54,37.86,7,≈ Neutre vs BTC,False,False,,0,,,,54,5,⚠️ Surveiller,Volume ×0.1 (épuisement)|MACD cross baissier,344744329,356913893,19222181989.37517,19900730000.0,19900730000.0,96.6,226673947,$227M,5.4
THETAUSDT,THETA,Mid,196,0.1385,164058.33017,-0.574,54.818288194418244,0.000969041264922444,0.136484,0.17383150000000003,0.45311325919856044,0.40048543689320387,0.3271844660194174,0.12733102052848114,0.5422345722103088,0.12823333333333334,0.1879861111111111,double_bottom_90d|downtrend|doji_4h,1,1,mixte,365,0,0,30,,,31.0,57.0,79.0,47.0,24.4,54,37.88,7,≈ Neutre vs BTC,False,False,,0,,,,54,2,,Volume ×0.1 (épuisement),138383656,138383656,1000000000.0,1000000000.0,1000000000.0,100.0,,,
GMXUSDT,GMX,Mid,315,6.81,118037.28528,2.56,61.69977522965881,0.03355116915055675,6.260800000000001,6.394199999999997,0.5109052239004396,0.25070821529745035,0.03541076487252125,0.31004369801888876,0.534110625562026,5.44138888888889,6.8530555555555575,macd_bullish_cross|double_bottom_90d|uptrend|shooting_star_4h,3,1,haussier,365,0,0,30,,,31.0,57.0,88.0,47.0,21.7,54,38.26,7,≈ Neutre vs BTC,False,False,,0,,,,54,6,⚠️ Surveiller,Volume ×0.3 (épuisement)|Près du plus haut 90j (résistance)|Étoile filante 4h,71058478,71059043,10452437.68370179,10452520.74214119,13250000.0,100.0,183892051,$184M,4.97
RAREUSDT,RARE,Speculative,,0.01194,4239889.562144,4.371,46.44196055372167,-5.4644390174630114e-05,0.012386000000000001,0.015288500000000007,0.7323761337960745,0.3012121212121212,0.27696969696969703,2.820275008901493,0.49029990970841314,0.011782222222222225,0.015711666666666665,macd_bearish_cross|double_top_90d|support_bounce,1,2,baissier,365,0,0,30,,,17.0,64.0,73.0,68.0,5.2,54,29.37,7,≈ Neutre vs BTC,False,False,,0,,,,54,5,⚠️ Surveiller,Double sommet|MACD cross baissier,,,,,,,,,
MUBARAKUSDT,MUBARAK,Speculative,832,0.01745,2605005.252594,12.726,56.07671110989696,-2.3110081417566496e-05,0.013125199999999998,0.013396549999999997,2.2488894966605955,0.3786331500392773,0.3138256087981147,1.3518786268209946,0.1794635845169666,0.010050277777777778,0.01642,macd_bearish_cross|double_bottom_90d|uptrend,2,1,haussier,365,0,0,30,,,17.0,75.0,41.5,68.0,28.7,54,30.21,7,≈ Neutre vs BTC,False,False,,0,,,,54,3,,MACD cross baissier,17601443,17601443,1000000000.0,1000000000.0,1000000000.0,100.0,,,
TOWNSUSDT,TOWNS,Speculative,,0.00236,2019874.67548,3.965,55.398262326293356,-8.806158592478881e-07,0.0021230000000000003,0.003050250000000001,1.3190423537444875,0.4545454545454545,0.3108504398826979,0.7654358822982832,0.30756209764700715,0.0019102777777777777,0.003078333333333333,macd_bearish_cross|uptrend,1,1,mixte,365,0,0,30,,,17.0,66.0,58.0,68.0,28.7,54,30.12,7,≈ Neutre vs BTC,False,False,,0,,,,54,3,,MACD cross baissier,,,,,,,,,
EWYBUSDT,EWYB,Speculative,,184.34,591205.4637,1.61,62.743598807523995,2.8186835567171755,172.9202,,0.7084576622249464,0.31255014867607495,0.13003256714022754,0.27859094843988247,,156.52636363636364,197.66272727272727,,0,0,neutre,56,0,0,30,,,8.5,45.0,63.0,57.5,50,54,22.58,7,≈ Neutre vs BTC,False,False,,0,,,,54,2,,Volume ×0.3 (épuisement),,,,,,,,,
INTCBUSDT,INTCB,Speculative,,104.99,465213.58921,0.923,55.07189836293186,1.5588443779843464,104.1006,,0.9840488347885472,0.41680997420464316,0.24749211808541133,0.30800657694008804,,89.61181818181818,130.86954545454543,,0,0,neutre,56,0,0,30,,,8.5,45.0,63.0,47.0,50,54,21.74,7,≈ Neutre vs BTC,False,False,,0,,,,54,2,,Volume ×0.3 (épuisement),,,,,,,,,
STEEMUSDT,STEEM,Speculative,786,0.03525,338353.035056,0.456,37.69293301686813,2.0369781637541483e-05,0.03860100000000001,0.0507238,0.3742474852781022,0.3659111514052583,0.3610154125113327,2.410241060964305,0.6467885098911849,0.036119166666666674,0.052016666666666676,downtrend,0,1,baissier,365,0,0,30,,,17.0,55.0,79.0,47.0,24.4,54,28.12,7,≈ Neutre vs BTC,False,False,,0,,,,54,0,,,19569322,19573067,555474587.693,555581310.95,,100.0,,,
MAGICUSDT,MAGIC,Speculative,956,0.0409,194763.47852,-2.387,47.08788512232739,7.086188266790575e-05,0.04201000000000001,0.05623899999999998,0.4794421327516184,0.3862928348909657,0.36292834890965725,0.21397595824598079,0.51915793060677,0.04040277777777775,0.058291666666666665,macd_bullish_cross|uptrend,2,0,haussier,365,0,0,30,,,17.0,37.0,79.0,47.0,50,54,27.5,7,≈ Neutre vs BTC,False,False,,0,,,,54,2,,Volume ×0.2 (épuisement),13796014,14227225,337149026.56876665,347687042.9717532,347714007.0,97.0,,,
MEUSDT,ME,Speculative,505,0.06236,183258.5757019,-2.654,49.114641091127396,0.00030217609114575444,0.06275539999999999,0.09448519999999999,0.5943304971782565,0.4552123552123552,0.3981660231660231,0.24397429630968215,0.5252132321297354,0.05859527777777777,0.0882711111111111,,0,0,neutre,365,0,0,30,,,17.0,37.0,79.0,47.0,50,54,27.5,7,≈ Neutre vs BTC,False,False,,0,,,,54,2,,Volume ×0.2 (épuisement),38135226,62329893,611823156.8906629,999990721.951528,1000000000.0,61.2,,,
USUALUSDT,USUAL,Speculative,858,0.00894,179432.493234,0.224,54.540447569739435,5.726418946975121e-05,0.00872,0.012329399999999996,0.5802446145912648,0.4899328859060403,0.3993288590604027,0.11438368882841872,0.6144236620612207,0.008156666666666666,0.012936388888888886,downtrend,0,1,baissier,365,0,0,30,,,17.0,57.0,79.0,47.0,24.4,54,28.36,7,≈ Neutre vs BTC,False,False,,0,,,,54,2,,Volume ×0.1 (épuisement),16984698,17033222,1899334355.500036,1904760626.529746,3000000000.0,99.7,92705807,$93M,-0.17
SLPUSDT,SLP,Speculative,792,0.00053,177843.121475,-0.749,49.11411141193295,-1.5323832709777808e-06,0.0005292399999999998,0.0005936050000000002,0.5211182918775259,0.3056835637480799,0.18740399385560683,0.253876873912686,0.45621686484222534,0.00047455555555555554,0.0006245277777777777,uptrend,1,0,haussier,365,0,0,30,,,17.0,37.0,83.5,47.0,50,54,27.77,7,≈ Neutre vs BTC,False,False,,0,,,,54,3,,Volume ×0.3 (épuisement),19143672,19143669,36236441029.0,36236436177.0,,100.0,2807344,$3M,-2.51
LAYERUSDT,LAYER,Speculative,,0.0616,167201.306313,0.0,50.61640739737894,0.00033787670996332964,0.06340599999999998,0.07868950000000002,0.3629638336482226,0.39416058394160586,0.3576642335766423,0.13797689162571924,0.5030469820119826,0.06016666666666664,0.08726944444444444,macd_bullish_cross|support_bounce,2,0,haussier,365,0,0,30,,,17.0,37.0,79.0,47.0,52.8,54,27.67,7,≈ Neutre vs BTC,False,False,,0,,,,54,2,,Volume ×0.1 (épuisement),,,,,,,9013473,$9M,-5.98
NOKBUSDT,NOKB,Speculative,,10.99,118052.4141,2.614,59.573361035583076,0.24653651335262636,,,0.9059996239442426,0.2528940338379341,0.021371326803205717,0.44170033463674835,,8.801538461538463,11.037692307692307,,0,0,neutre,34,0,0,30,,,7.9,45.0,67.5,47.0,50,54,21.6,7,≈ Neutre vs BTC,False,False,,0,,,,54,4,⚠️ Surveiller,Volume ×0.4 (épuisement)|Près du plus haut 90j (résistance),,,,,,,,,
LSKUSDT,LSK,Speculative,824,0.0771,110192.77287,1.048,47.371537782351574,0.0006253987857690064,0.08173,0.11269699999999995,0.5424556408646416,0.4172131147540984,0.3672131147540983,0.47784217922050826,0.5329744164782835,0.07434444444444444,0.11370833333333336,,0,0,neutre,365,0,0,30,,,17.0,37.0,79.0,47.0,50,54,27.5,7,≈ Neutre vs BTC,False,False,,0,,,,54,2,,Volume ×0.5 (épuisement),17910749,30736893,233084697.0,400000000.0,400000000.0,58.3,,,
QKCUSDT,QKC,Speculative,939,0.001999,45442.470758,-0.448,52.05837420211375,6.92962183247133e-06,0.0019740799999999996,0.002746670000000001,0.29408962895521357,0.3864462809917355,0.33950413223140485,0.21760150249544616,0.5475602971163641,0.0019036388888888892,0.002829972222222222,downtrend|doji_4h,0,1,baissier,365,0,0,30,,,17.0,57.0,79.0,47.0,24.4,54,28.36,7,≈ Neutre vs BTC,False,False,,0,,,,54,2,,Volume ×0.2 (épuisement),14405162,19836831,7261826319.0,10000000000.0,,72.6,,,
GLWBUSDT,GLWB,Speculative,,170.61,43826.70515,2.088,56.40058028619778,2.9757428145999816,,,0.9361550348673823,0.3670161084121708,0.1275377141396062,0.04392033290580174,,135.65437500000002,189.61625,bull_flag,1,0,haussier,42,0,0,30,,,8.2,45.0,63.0,47.0,52.0,54,21.6,7,≈ Neutre vs BTC,False,False,,0,,,,54,2,,Volume ×0.0 (épuisement),,,,,,,,,
DOGEUSDT,DOGE,Etabli,10,0.0703,16036133.34935,0.673,47.62565506268309,0.00021931058215610795,0.07191059999999999,0.08997975000000005,0.35856636719505597,0.3462339137017411,0.3346896290688872,0.2413882966927412,0.7766941772708155,0.06943833333333332,0.09893583333333335,support_bounce,1,0,haussier,365,0,0,30,,,45.0,37.0,71.0,78.5,52.8,53,48.75,6,≈ Neutre vs BTC,False,False,,0,,,,53,2,,Volume ×0.2 (épuisement),10928769297,10928866972,155526026383.7053,171239433126.579,,90.8,,,
WLFIUSDT,WLFI,Etabli,40,0.0608,9707756.78797,3.578,71.6119456102362,0.0008495973975125865,0.056468,0.0774105,0.3429699082191595,0.18312101910828021,0.03184713375796171,0.5635888397461573,0.11980268437733667,0.05361388888888888,0.061994444444444435,downtrend,0,1,baissier,351,0,0,30,,,44.6,57.0,94.0,78.5,24.4,53,50.56,6,≈ Neutre vs BTC,False,False,,0,,,,53,4,⚠️ Surveiller,Volume ×0.6 (épuisement)|Près du plus haut 90j (résistance),1928123932,6067818804,31776227901.0,100000000000.0,100000000000.0,31.8,,,
ICPUSDT,ICP,Etabli,56,2.29,2423552.9606,1.059,59.819115035154695,0.018677873997884308,2.1771000000000003,2.4165599999999983,0.44099633859142195,0.3482603092783505,0.2619201030927836,0.25141852828081446,0.328723085913553,2.084777777777778,2.723111111111111,rsi_bearish_divergence,0,1,baissier,365,0,0,30,,,45.0,57.0,83.5,68.0,20.9,53,49.15,6,≈ Neutre vs BTC,False,False,,0,,,,53,4,⚠️ Surveiller,Volume ×0.3 (épuisement)|Divergence RSI baissière,1274312787,1274312846,555963769.5208783,555963795.0060359,,100.0,,,
DEXEUSDT,DEXE,Mid,329,1.899,3562217.2458,-1.504,29.015175706147843,0.8713069838926826,15.393880000000006,11.518849999999997,7.814194363466303,0.9651687270297361,0.9604076177748079,1.5743104355382078,-0.030128329765799402,2.1022222222222218,33.84152777777778,,0,0,neutre,365,0,0,30,,,31.0,54.0,22.0,68.0,50,53,37.32,6,≈ Neutre vs BTC,False,False,,0,,,,53,0,,,67241846,184028872,35261572.55404574,96504599.33609451,,36.5,,,
LDOUSDT,LDO,Mid,134,0.3042,2162686.727111,3.049,46.293022190763864,0.00030252173957770814,0.31997199999999987,0.3271949999999999,0.8278571627431125,0.3310094813162297,0.23721163490471406,0.21354991252744565,0.4044879542431966,0.25279166666666664,0.3764777777777778,macd_bullish_cross,1,0,haussier,365,0,0,30,,,31.0,37.0,73.0,68.0,50,53,38.34,6,≈ Neutre vs BTC,False,False,,0,,,,53,2,,Volume ×0.2 (épuisement),254800157,304675740,836299460.6643007,1000000000.0,1000000000.0,83.6,18076219226,$18.1B,-0.62
ONGUSDT,ONG,Speculative,639,0.059,7154484.27223,18.165,80.90386452500067,0.0018418482360466892,0.0456306,0.0605231,0.7312650709156032,0.4024731341086413,0.1320476961578096,19.055932341799828,0.3956605507440372,0.042081944444444436,0.06299444444444442,breakout_30d|double_bottom_90d|downtrend|doji_4h,2,1,haussier,365,0,0,30,,,17.0,66.0,73.0,78.5,24.4,53,31.6,6,≈ Neutre vs BTC,False,False,,3,⚡ Volume ×19.1 vs médiane,,19.06,53,4,⚠️ Surveiller,RSI 81 (surachat extrême),28355924,47399783,478583189.0,800000000.0,1000000000.0,59.8,,,
EDENUSDT,EDEN,Speculative,821,0.04571,2089802.574496,1.533,50.38730659640479,0.00043299938458991275,0.043318400000000014,0.04169815000000001,2.2849697317495488,0.7076042518397384,0.6283728536385936,0.537435964547238,0.1969869460813786,0.039026388888888895,0.07678194444444446,downtrend|doji_4h,0,1,baissier,322,0,0,30,,,15.8,82.0,28.0,68.0,24.4,53,29.18,6,≈ Neutre vs BTC,False,False,,0,,,,53,2,,Volume ×0.5 (épuisement),18207788,44873985,405753758.57068366,1000000000.0,1000000000.0,40.6,,,
SKHYBUSDT,SKHYB,Speculative,759,172.85,1030483.47794,2.606,61.52526394153445,4.766137187153253,,,1.2684063509700247,0.3235546958951214,0.0715130023640662,0.0520940204076019,,132.92857142857142,174.8607142857143,,0,0,neutre,36,0,0,30,,,8.0,45.0,57.0,68.0,50,53,22.69,6,≈ Neutre vs BTC,False,False,,0,,,,53,2,,Volume ×0.1 (épuisement),20791437,20826489,120419.16145609,120622.1719004,,99.8,,,
NEIROUSDT,NEIRO,Speculative,654,6.425e-05,522212.05526276,-1.698,49.72598077606909,-2.724226697630222e-07,6.30422e-05,7.23725e-05,0.8394762217645447,0.43982068024559007,0.37316051067147454,0.1046805337864555,0.4595733496670451,5.911388888888889e-05,8.493250000000001e-05,macd_bearish_cross|uptrend|doji_4h,1,1,mixte,365,0,0,30,,,17.0,57.0,68.5,57.5,28.7,53,28.83,6,≈ Neutre vs BTC,False,False,,0,,,,53,5,⚠️ Surveiller,Volume ×0.1 (épuisement)|MACD cross baissier,27032093,27032093,420690000000.0,420690000000.0,420690000000.0,100.0,,,
CELRUSDT,CELR,Speculative,882,0.002044,335672.838026,-2.154,61.518203450776326,3.2548536066201724e-05,0.0017839400000000004,0.0023513949999999987,0.6871068779601752,0.45370711914422723,0.24677240870527478,0.33500148383518513,0.43826951760377664,0.0016237777777777778,0.002519388888888889,downtrend,0,1,baissier,365,0,0,30,,,17.0,57.0,73.0,47.0,24.4,53,28.0,6,≈ Neutre vs BTC,False,False,,0,,,,53,2,,Volume ×0.3 (épuisement),16128068,20396109,7907424106.9911995,10000000000.0,10000000000.0,79.1,12987111,$13M,-1.26
HOODBUSDT,HOODB,Speculative,,96.49,195906.43983,0.354,44.97902195627837,1.0096647129088945,,,0.554897564852362,0.25637479471000085,0.1661336329847005,0.7749926931540505,,87.50384615384615,106.72461538461539,bullish_engulfing_4h,1,0,haussier,34,0,0,30,,,7.9,45.0,73.5,47.0,53.0,53,22.14,6,≈ Neutre vs BTC,False,False,,0,,,,53,0,,,,,,,,,,,
ARMBUSDT,ARMB,Speculative,,285.78,62044.53612,2.254,56.50744928570811,0.7714742299887565,,,1.1475968556522769,0.27472678063654116,0.021994587001952653,0.2596143410286809,,233.61999999999995,292.0023076923077,,0,0,neutre,34,0,0,30,,,7.9,45.0,57.0,47.0,50,53,20.97,6,≈ Neutre vs BTC,False,False,,0,,,,53,4,⚠️ Surveiller,Volume ×0.3 (épuisement)|Près du plus haut 90j (résistance),,,,,,,,,
QUICKUSDT,QUICK,Speculative,,0.00821,25108.5498,0.984,55.659201797712946,-1.7850965376203971e-06,0.007837599999999998,0.009089850000000005,0.3522866245576119,0.27492130115424973,0.14300626304801667,0.07897390733558224,0.20357259588786833,0.007106111111111111,0.009480833333333334,downtrend,0,1,baissier,365,0,0,30,,,17.0,57.0,77.5,47.0,24.4,53,28.27,6,≈ Neutre vs BTC,False,False,,0,,,,53,3,,Volume ×0.1 (épuisement),,,,,,,184600760,$185M,-4.74
PUMPUSDT,PUMP,Etabli,61,0.002965,9950202.114222,7.04,69.91367117610696,1.7599038609088995e-05,0.0019903399999999997,0.0018730099999999992,1.1920340966709093,0.34514721919302066,0.0,0.4397288354992864,0.395987537116333,0.0013758055555555557,0.0025297777777777775,rsi_bearish_divergence|golden_cross|uptrend,2,1,haussier,341,0,0,30,,,44.3,64.0,67.0,78.5,23.0,52,49.51,5,≈ Neutre vs BTC,False,False,,1,🔥 Trending #7 sur CoinGecko,7,,52,6,⚠️ Surveiller,Volume ×0.4 (épuisement)|Près du plus haut 90j (résistance)|Divergence RSI baissière,1158116824,2483570838,391664593794.02496,839921106169.8153,1000000000000.0,46.6,251516534,$252M,-0.7
QNTUSDT,QNT,Etabli,74,56.12,456597.109,-2.128,28.886155581320068,-0.06754428739550233,62.8126,68.50514999999997,0.24021246324448794,0.2980264801398951,0.2980264801398951,0.40147137937485156,0.345379927996387,58.89083333333334,74.81249999999996,,0,0,neutre,365,0,0,30,,,45.0,19.0,83.5,47.0,50,52,44.65,5,≈ Neutre vs BTC,False,False,,0,,,,52,3,,Volume ×0.4 (épuisement),812703684,816521112,14544176.164081175,14612493.0,14612493.0,99.5,,,
MUBUSDT,MUB,Mid,405,1006.11,3382599.79467,2.303,61.40189805724179,18.775200531888316,930.3915999999997,,1.1917703306366862,0.40245201258526353,0.1820147803676393,0.26820447727255753,,827.1796296296297,1150.6907407407407,,0,0,neutre,68,0,0,30,,,22.9,45.0,52.5,68.0,50,52,32.54,5,≈ Neutre vs BTC,False,False,,0,,,,52,2,,Volume ×0.3 (épuisement),51902238,52324955,51588.30315374,52008.46359347,,99.2,,,
DUSKUSDT,DUSK,Mid,479,0.0683,1791262.581,3.957,55.42368010116585,0.0013170116331646339,0.06855600000000002,0.10037600000000006,0.7637802432178272,0.6172086720867209,0.5379403794037941,1.644435730649054,0.46822692939221017,0.060874999999999985,0.12492222222222221,downtrend,0,1,baissier,365,0,0,30,,,31.0,64.0,55.0,68.0,24.4,52,38.96,5,≈ Neutre vs BTC,False,False,,0,,,,52,0,,,40935661,40936540,599073831.100964,599087274.0677321,1000000000.0,100.0,,,
ORCAUSDT,ORCA,Mid,347,1.05,192446.94135,1.059,41.555853750072934,-0.00028628119191271423,1.1479200000000003,1.1161199999999998,0.3387002247140621,0.3390293916609707,0.2836637047163363,0.24217542951759607,0.4635259833847825,1.0326944444444444,1.3477499999999998,support_bounce,1,0,haussier,365,0,0,30,,,31.0,36.0,83.5,47.0,52.8,52,37.34,5,≈ Neutre vs BTC,False,False,,0,,,,52,3,,Volume ×0.2 (épuisement),63654410,78522169,60798777.99247001,74999546.329609,100000000.0,81.1,239850393,$240M,-2.03
FLOWUSDT,FLOW,Mid,415,0.02986,157569.7286096,-0.367,54.26107245570972,3.3295637380922156e-05,0.02759139999999998,0.0342334,0.791441074999755,0.3372222222222222,0.1719444444444444,0.23398455421393197,0.35028130284859527,0.025481111111111114,0.03323361111111112,double_top_90d|uptrend,1,1,mixte,365,0,0,30,,,31.0,57.0,73.0,47.0,20.9,52,37.31,5,≈ Neutre vs BTC,False,False,,0,,,,52,4,⚠️ Surveiller,Volume ×0.2 (épuisement)|Double sommet,50086133,50086133,1682271129.1660774,1682271129.166077,,100.0,4128959,$4M,-0.54
OPGUSDT,OPG,Speculative,804,0.0987,879057.48818,-2.083,49.886999392751264,0.0017197628728081015,0.105998,,0.5788918207050572,0.7043363994743759,0.676084099868594,0.03915854942889391,,0.09314,0.20363142857142855,,0,0,neutre,88,0,0,30,,,9.4,45.0,55.5,57.5,50,52,22.73,5,≈ Neutre vs BTC,False,False,,0,,,,52,2,,Volume ×0.0 (épuisement),18716712,98509009,190000000.0,1000000000.0,1000000000.0,19.0,,,
NEWTUSDT,NEWT,Speculative,,0.0372,798005.13464,-0.268,28.5976340331065,0.0001225004845114338,0.04353000000000001,0.062699,0.3233669848899059,0.5273189326556544,0.5273189326556544,1.725534129824772,0.5924868620709693,0.03898888888888889,0.07037777777777778,rsi_bullish_divergence|downtrend,1,1,mixte,365,0,0,30,,,17.0,46.0,65.5,57.5,29.6,52,27.39,5,≈ Neutre vs BTC,False,False,,0,,,,52,0,,,,,,,,,,,
COOKIEUSDT,COOKIE,Speculative,,0.0116,391315.35627,0.0,55.48754889270353,4.93492986149255e-05,0.009486,0.014490499999999995,1.9753743656512432,0.5901639344262295,0.36612021857923505,0.31206303895553056,0.26467586646462316,0.007980555555555557,0.014013888888888888,,0,0,neutre,365,0,0,30,,,17.0,57.0,32.5,47.0,50,52,27.11,5,≈ Neutre vs BTC,False,False,,0,,,,52,2,,Volume ×0.3 (épuisement),,,,,,,,,
PEOPLEUSDT,PEOPLE,Speculative,522,0.00727,357674.781935,-2.285,51.73074833750325,-0.00011491876621523393,0.0062672,0.006661200000000002,1.0529276670841243,0.28633093525179854,0.20655737704918034,0.2552701707037537,0.397910796578672,0.005105833333333334,0.0076416666666666655,macd_bearish_cross,0,1,baissier,365,0,0,30,,,17.0,57.0,62.5,47.0,28.7,52,27.63,5,≈ Neutre vs BTC,False,False,,0,,,,52,5,⚠️ Surveiller,Volume ×0.3 (épuisement)|MACD cross baissier,36744179,36744179,5066471892.014003,5066471892.014003,,100.0,,,
1000CATUSDT,1000CAT,Speculative,,0.0017,266701.06596,1.19,57.26713991345007,-5.247947939079309e-07,0.0014240000000000004,0.0016759000000000017,1.4233645680921694,0.3556701030927835,0.2028301886792452,0.3689360054487927,0.4146630358250758,0.001271666666666667,0.0018655555555555552,macd_bearish_cross|uptrend,1,1,mixte,365,0,0,30,,,17.0,57.0,62.5,47.0,28.7,52,27.63,5,≈ Neutre vs BTC,False,False,,0,,,,52,5,⚠️ Surveiller,Volume ×0.4 (épuisement)|MACD cross baissier,,,,,,,,,
LUNAUSDT,LUNA,Speculative,611,0.0425,242854.684688,-0.468,47.51779707369579,0.00026207975506571625,0.04481600000000001,0.056662,0.8275363426919574,0.37712519319938165,0.3446676970633693,0.22849331504468748,0.484845642157353,0.04135277777777777,0.06025833333333333,uptrend|doji_4h,1,0,haussier,365,0,0,30,,,17.0,37.0,68.5,47.0,50,52,26.87,5,≈ Neutre vs BTC,False,False,,0,,,,52,2,,Volume ×0.2 (épuisement),30106464,50321599,709984438.91686,1186707049.0,,59.8,,,
ILVUSDT,ILV,Speculative,687,3.03,230078.18403,-2.572,52.60844727294678,0.0172959328734002,2.992799999999999,3.7436999999999987,0.6101012205497017,0.40043763676148797,0.3369803063457331,0.1381024802604115,0.6191063030004227,2.8388888888888895,4.084166666666668,double_bottom_90d|downtrend,1,1,mixte,365,0,0,30,,,17.0,57.0,68.5,47.0,24.4,52,27.73,5,≈ Neutre vs BTC,False,False,,0,,,,52,2,,Volume ×0.1 (épuisement),25062860,29029363,8285705.477418518,9597019.121510074,,86.3,,,
FOGOUSDT,FOGO,Speculative,568,0.00861,206379.67712,-1.261,45.60722482172395,5.323579520016787e-05,0.008926800000000002,0.0166814,0.4406569513098047,0.5123867069486404,0.48096676737160116,0.11453350770999779,0.20563646216832462,0.008402500000000002,0.014884722222222221,support_bounce|uptrend,2,0,haussier,215,0,0,30,,,12.9,37.0,64.0,47.0,52.8,52,23.97,5,≈ Neutre vs BTC,False,False,,0,,,,52,2,,Volume ×0.1 (épuisement),33280395,86317080,3874170368.253788,10048193295.79876,,38.6,,,
AIXBTUSDT,AIXBT,Speculative,831,0.01765,200230.334263,-1.176,46.759639722392784,2.2231708708892703e-05,0.018357199999999997,0.023612899999999982,0.7454201322514143,0.4786833855799373,0.44827586206896547,0.07098363014389299,0.48842723972542446,0.017308888888888888,0.028448333333333336,,0,0,neutre,365,0,0,30,,,17.0,37.0,68.5,47.0,50,52,26.87,5,≈ Neutre vs BTC,False,False,,0,,,,52,2,,Volume ×0.1 (épuisement),17605714,17605714,1000000000.0,1000000000.0,1000000000.0,100.0,,,
SSVUSDT,SSV,Speculative,592,2.137,123125.283976,-0.14,51.90655912824747,0.0006261392597380032,2.0920399999999995,2.5237999999999996,0.5486321734257965,0.2632363907531693,0.20357941834451895,0.1413011553120732,0.4071286744660729,1.9822777777777771,2.5036111111111112,macd_bullish_cross|bear_flag|uptrend,2,1,haussier,365,0,0,30,,,17.0,57.0,83.5,47.0,15.1,52,28.08,5,≈ Neutre vs BTC,False,False,,0,,,,52,2,,Volume ×0.1 (épuisement),31408354,31408354,14699173.1,14699173.1,,100.0,9586425081,$9.6B,2.16
WDCBUSDT,WDCB,Speculative,,530.17,87511.55574,4.108,56.8550822373743,7.626167478139369,,,1.2668222824228506,0.26150531797594606,0.10057505385828902,0.146779331822944,,435.180625,579.024375,macd_bullish_cross,1,0,haussier,42,0,0,30,,,8.2,45.0,52.5,47.0,50,52,20.85,5,≈ Neutre vs BTC,False,False,,0,,,,52,2,,Volume ×0.1 (épuisement),,,,,,,,,
FILUSDT,FIL,Etabli,92,0.6678,5211569.500228,-1.707,39.15821346906893,-0.0016563581227148315,0.7334680000000003,0.8738470000000004,0.5521551993780576,0.35305528612997084,0.3519883608147429,0.7461322914338814,0.5586533097437949,0.6857666666666664,0.950027777777778,,0,0,neutre,365,0,0,30,,,45.0,37.0,79.0,78.5,50,51,49.06,4,≈ Neutre vs BTC,False,False,,0,,,,51,1,,,548406338,1309776078,819459485.0,1957140804.0,,41.9,,,
ASTERUSDT,ASTER,Etabli,45,0.601,2011648.49573,0.0,42.27943797016553,0.000473998376600223,0.6179400000000002,0.6553500000000004,0.20305490703882798,0.19597315436241614,0.1946308724832215,0.2627664352609854,0.40225322323132784,0.5990555555555557,0.6971666666666665,,0,0,neutre,316,0,0,30,,,43.7,28.0,95.5,68.0,50,51,47.22,4,≈ Neutre vs BTC,False,False,,0,,,,51,2,,Volume ×0.3 (épuisement),1615171301,4685123310,2692846387.659731,7811132707.27937,8000000000.0,34.5,113288650,$113M,1.13
KAITOUSDT,KAITO,Mid,279,0.3362,6143862.05173,-4.543,25.11968187621801,-0.06181556174552311,0.7850140000000003,0.5061189999999997,1.8410710892808566,0.7389044072004965,0.7389044072004965,1.395483919579532,0.1305316291576146,0.42101111111111117,1.0634388888888888,,0,0,neutre,365,0,0,30,,,31.0,45.0,28.0,78.5,50,51,37.44,4,≈ Neutre vs BTC,False,False,,0,,,,51,1,,,81827944,338988031,241388889.0,1000000000.0,1000000000.0,24.1,,,
RVNUSDT,RVN,Mid,428,0.0029,1201808.985315,6.227,33.666765037589,-4.2134432122683e-05,0.0035877999999999986,0.005030650000000001,0.8771829966803002,0.5288808664259927,0.47472924187725635,3.9430004235289853,0.47837897977510196,0.0032780555555555558,0.005161944444444445,downtrend|doji_4h,0,1,baissier,365,0,0,30,,,31.0,46.0,59.5,68.0,24.4,51,37.07,4,≈ Neutre vs BTC,False,False,,2,⚡ Volume ×3.9 vs médiane,,3.94,51,1,,,47949396,47949845,16399635941.01267,16405968440.91267,21000000000.0,100.0,,,
EGLDUSDT,EGLD,Mid,282,2.64,449281.7474,0.763,41.32008271609004,-0.0016326142700236884,2.831000000000001,3.6840999999999986,0.3951583847635666,0.3802469135802469,0.3506172839506173,0.8826179826624597,0.5755360524712194,2.591111111111111,3.68861111111111,support_bounce|doji_4h,1,0,haussier,365,0,0,30,,,31.0,37.0,79.0,47.0,52.8,51,37.19,4,≈ Neutre vs BTC,False,False,,0,,,,51,1,,,80525730,80525730,30585245.0,30585245.0,,100.0,,,
GENIUSUSDT,GENIUS,Mid,207,0.3733,209739.81957,-1.06,54.94281869959514,0.003236979783932359,0.35572400000000004,,0.707888779406063,0.5616721854304636,0.4852373068432671,0.011931806248668039,,0.32934571428571424,0.5654600000000001,,0,0,neutre,88,0,0,30,,,23.4,45.0,49.5,47.0,50,51,31.05,4,≈ Neutre vs BTC,False,False,,0,,,,51,2,,Volume ×0.0 (épuisement),125047749,355695816,335377059.0,953973324.2879035,1000000000.0,35.2,,,
BICOUSDT,BICO,Speculative,716,0.02269,8202828.175974,-2.993,46.4809182935501,-0.002216007505470672,0.019863,0.023000250000000003,2.9669805731114565,0.817384370015949,0.641852378694484,1.303819428050394,0.299407636690577,0.012941944444444445,0.03921722222222222,macd_bearish_cross,0,1,baissier,365,0,0,30,,,17.0,75.0,22.0,78.5,28.7,51,29.88,4,≈ Neutre vs BTC,False,False,,0,,,,51,3,,MACD cross baissier,22743876,22743876,999999999.9,1000000000.0,1000000000.0,100.0,,,
HEIUSDT,HEI,Speculative,,0.1294,3011056.44576,0.31,49.29908451438097,-0.004427237516660052,0.12082599999999999,0.09505899999999999,3.635677884172836,0.5561083471531233,0.517511177347243,0.12006851795843537,-0.01160300392782017,0.07026666666666664,0.17969722222222229,macd_bearish_cross,0,1,baissier,365,0,0,30,,,17.0,73.0,28.0,68.0,28.7,51,29.16,4,≈ Neutre vs BTC,False,False,,0,,,,51,5,⚠️ Surveiller,Volume ×0.1 (épuisement)|MACD cross baissier,,,,,,,,,
API3USDT,API3,Speculative,644,0.1921,654411.066561,0.629,42.4296118963027,0.001715872024357792,0.20969600000000002,0.27982600000000013,0.45429226266803735,0.4589259796806966,0.44267053701015957,0.5892012710826439,0.6156079243086806,0.1905,0.31251944444444446,,0,0,neutre,365,0,0,30,,,17.0,37.0,79.0,57.5,50,51,28.34,4,≈ Neutre vs BTC,False,False,,0,,,,51,2,,Volume ×0.6 (épuisement),27760099,34460442,144642946.70468605,179554829.6505353,,80.6,19038852,$19M,2.96
ACTUSDT,ACT,Speculative,,0.01005,585799.865885,-0.692,53.76579530915494,-4.31777201929923e-06,0.009324800000000001,0.012183050000000003,1.05322526047766,0.4208955223880597,0.25000000000000006,0.10634217798809105,0.26093818566952703,0.00827361111111111,0.012658611111111112,macd_bearish_cross|uptrend,1,1,mixte,365,0,0,30,,,17.0,57.0,56.5,57.5,28.7,51,28.11,4,≈ Neutre vs BTC,False,False,,0,,,,51,5,⚠️ Surveiller,Volume ×0.1 (épuisement)|MACD cross baissier,,,,,,,,,
SAGAUSDT,SAGA,Speculative,,0.01338,582342.197917,0.753,49.69816470035024,-0.00010839705455643523,0.013189199999999996,0.021807550000000012,1.1904929758077323,0.48828291435875587,0.4286322965487857,0.17346030617061847,0.3198852057863849,0.012257499999999998,0.019033611111111112,macd_bearish_cross,0,1,baissier,365,0,0,30,,,17.0,57.0,58.0,57.5,28.7,51,28.2,4,≈ Neutre vs BTC,False,False,,0,,,,51,5,⚠️ Surveiller,Volume ×0.2 (épuisement)|MACD cross baissier,,,,,,,,,
STOUSDT,STO,Speculative,,0.0386,261680.99798,-0.515,45.38103310024894,0.0002337051438507517,0.04140999999999999,0.07084700000000002,0.7039615616520963,0.4979367262723522,0.4704264099037139,0.13756068409148345,0.23987672159938425,0.03784999999999999,0.0643611111111111,uptrend,1,0,haussier,365,0,0,30,,,17.0,37.0,62.5,47.0,50,51,26.51,4,≈ Neutre vs BTC,False,False,,0,,,,51,2,,Volume ×0.1 (épuisement),,,,,,,16441927,$16M,-1.78
HYPERUSDT,HYPER,Speculative,746,0.0628,175597.66753,-0.79,47.561482527978264,0.0005023379070678996,0.06682599999999998,0.08793600000000007,0.7809562395286422,0.5371287128712872,0.4818481848184819,0.048652335708648166,0.492079864121512,0.06083333333333333,0.09608888888888888,uptrend|morning_star_4h,2,0,haussier,365,0,0,30,,,17.0,37.0,59.5,47.0,50,51,26.33,4,≈ Neutre vs BTC,False,False,,0,,,,51,2,,Volume ×0.0 (épuisement),21301819,50854495,338174017.0,807333335.0000001,1000000000.0,41.9,76707224,$77M,-14.65
MBLUSDT,MBL,Speculative,,0.000588,118766.36632,1.205,27.165287564516632,-2.926342399335412e-06,0.0006678200000000001,0.0008466850000000003,0.24148912034831463,0.38338658146964855,0.3738019169329073,0.10781665624590948,0.6894498054962237,0.0006199999999999999,0.0008775277777777779,uptrend,1,0,haussier,365,0,0,30,,,17.0,19.0,79.0,47.0,50,51,25.34,4,≈ Neutre vs BTC,False,False,,0,,,,51,3,,Volume ×0.1 (épuisement),,,,,,,,,
GNSUSDT,GNS,Speculative,,0.509,117510.7421,-2.115,41.182227591479275,0.0027604683424248388,0.55656,0.6477499999999996,0.4101822349759767,0.2402496099843994,0.2059282371294852,0.35699250948722816,0.3802838209102621,0.4728333333333334,0.6215833333333332,,0,0,neutre,365,0,0,30,,,17.0,28.0,95.5,47.0,50,51,27.41,4,≈ Neutre vs BTC,False,False,,0,,,,51,2,,Volume ×0.4 (épuisement),,,,,,,10188326,$10M,-6.28
SOMIUSDT,SOMI,Speculative,928,0.0921,111475.16893,-0.325,50.79703665525634,0.0011705241102385228,0.09584999999999999,0.149876,0.6013088577478466,0.5150987224157956,0.46515679442508706,0.08331856622247694,0.550709676194466,0.08723611111111111,0.15277777777777776,,0,0,neutre,350,0,0,30,,,16.6,37.0,59.5,47.0,50,51,26.05,4,≈ Neutre vs BTC,False,False,,0,,,,51,2,,Volume ×0.1 (épuisement),14728309,91937008,160200000.0,1000000000.0,1000000000.0,16.0,,,
HIVEUSDT,HIVE,Speculative,741,0.0392,65149.407,-0.254,25.303818137474465,1.6256563988523718e-05,0.04553000000000001,0.05771250000000005,0.35287404048398,0.4312865497076024,0.4298245614035088,0.20852639763276304,0.4672111881237754,0.04096944444444445,0.06144444444444445,macd_bullish_cross,1,0,haussier,365,0,0,30,,,17.0,19.0,79.0,47.0,50,51,25.34,4,≈ Neutre vs BTC,False,False,,0,,,,51,2,,Volume ×0.2 (épuisement),21472557,43654088,550140465.0,1118445313.0,,49.2,,,
PLTRBUSDT,PLTRB,Speculative,,173.73,29765.18166,-1.121,70.93127828034488,0.79171473002447,,,0.8118705547680714,0.08817843866171003,0.024920020205421778,0.03809251600637708,,121.31526315789472,174.89947368421048,bull_flag|doji_4h,1,0,haussier,49,0,0,30,,,8.3,36.0,79.5,47.0,52.0,51,21.64,4,≈ Neutre vs BTC,False,False,,0,,,,51,4,⚠️ Surveiller,Volume ×0.0 (épuisement)|Près du plus haut 90j (résistance),,,,,,,,,
BTCUSDT,BTC,Etabli,1,63550.01,485238287.4989951,0.775,47.59409403902088,-120.68317203228082,63703.32679999999,69174.73440000002,0.21661614521040856,0.24467799739021273,0.18122032809932861,0.2789082065452054,1.0,60665.12472222223,73126.92416666666,double_top_90d,0,1,baissier,365,0,0,30,,,45.0,37.0,81.5,78.5,20.9,50,47.46,3,≈ Neutre vs BTC,False,False,,2,🔥 Trending #6 sur CoinGecko,6,,50,5,⚠️ Surveiller,Volume ×0.3 (épuisement)|Double sommet,1274563651937,1274564858467,20071368.0,20071387.0,21000000.0,100.0,,,
GRAMUSDT,GRAM,Etabli,25,1.331,3083612.36877,-0.597,36.80042618263439,0.007113174824776948,,,0.434213231785682,0.25955056179775277,0.2516853932584269,0.07860754251191385,,1.330277777777778,1.7101666666666666,,0,0,neutre,47,0,0,30,,,36.3,36.0,73.5,68.0,50,50,41.85,3,≈ Neutre vs BTC,False,False,,0,,,,50,2,,Volume ×0.1 (épuisement),3669875506,6958891759,2759567560.3887787,5232746808.962776,,52.7,,,
PENDLEUSDT,PENDLE,Mid,143,1.293,1605079.1792,0.077,37.76733767907864,-0.007788940876133334,1.4489200000000002,1.3902599999999998,0.4961945410874746,0.3891779396462019,0.3272632674297607,0.1587751269011973,0.5559275438878521,1.2444166666666667,1.7088055555555557,,0,0,neutre,365,0,0,30,,,31.0,36.0,79.0,68.0,50,50,38.58,3,≈ Neutre vs BTC,False,False,,0,,,,50,3,,Volume ×0.2 (épuisement),222648277,364093507,172157976.30602837,281527448.4585314,,61.2,1175551152,$1.2B,-0.12
ESPUSDT,ESP,Mid,424,0.07281,708522.67419,4.238,52.980026639149024,0.0006132169435247535,0.06985999999999999,,2.0036995062175755,0.44703100845685184,0.338546876420842,0.42949526112432546,0.29913731511151065,0.060531944444444444,0.0791397222222222,double_bottom_90d,1,0,haussier,187,0,0,30,,,26.1,45.0,41.5,57.5,50,50,33.25,3,≈ Neutre vs BTC,False,False,,0,,,,50,2,,Volume ×0.4 (épuisement),48546697,262836122,666311208.3495356,3601379682.0,,18.5,,,
DGBUSDT,DGB,Mid,288,0.00419,211985.14699,3.713,64.23483862360219,2.169219632506571e-06,0.0033267999999999995,0.003702749999999998,1.0301332586807321,0.36363636363636365,0.01635514018691583,0.22570364862881895,0.17600273060698948,0.002412777777777778,0.004060277777777776,rsi_bearish_divergence|macd_bullish_cross|uptrend,2,1,haussier,365,0,0,30,,,31.0,57.0,61.0,47.0,20.9,50,36.6,3,≈ Neutre vs BTC,False,False,,0,,,,50,6,⚠️ Surveiller,Volume ×0.2 (épuisement)|Près du plus haut 90j (résistance)|Divergence RSI baissière,77512182,77520168,18428641861.390926,18430548871.88876,21000000000.0,100.0,,,
NILUSDT,NIL,Speculative,693,0.04933,3307380.000352,8.896,65.95053733684335,0.0014819648612567349,0.03643640000000001,0.04419129999999998,1.5295115320510235,0.6720385836960358,0.4194800611692742,0.6863587925290733,0.41940624911752217,0.03252166666666666,0.06435333333333333,doji_4h,0,0,neutre,365,0,0,30,,,17.0,57.0,38.5,68.0,50,50,29.15,3,≈ Neutre vs BTC,False,False,,0,,,,50,0,,,24817517,50183009,499515326.035133,1010060031.586748,,49.5,,,
WBTCUSDT,WBTC,Speculative,,63568.17,2851824.3648714,0.766,47.718173226152956,-122.5112616433242,63689.24679999999,69051.78089999995,0.2149691444724376,0.24366818239292395,0.17898192636249077,0.5755086525489633,0.9995194654135539,60584.29444444444,73146.78583333334,shooting_star_4h,0,1,baissier,365,0,0,30,,,17.0,46.0,81.5,68.0,21.7,50,28.71,3,≈ Neutre vs BTC,False,False,,0,,,,50,5,⚠️ Surveiller,Volume ×0.6 (épuisement)|Étoile filante 4h,,,,,,,7249343555,$7.2B,-2.21
TSTUSDT,TST,Speculative,959,0.01465,1754519.012391,5.624,53.44284465257314,-0.00014198703721692366,0.012069599999999996,0.012345650000000001,1.9079268147612558,0.5052160953800298,0.3322683706070287,0.8708747889607819,0.168093408803791,0.010298333333333333,0.01847555555555555,macd_bearish_cross,0,1,baissier,365,0,0,30,,,17.0,66.0,32.5,68.0,28.7,50,28.59,3,≈ Neutre vs BTC,False,False,,0,,,,50,3,,MACD cross baissier,13716934,14627780,937731763.1405213,937731763.1405213,1000000000.0,100.0,,,
MMTUSDT,MMT,Speculative,526,0.1783,1427004.26238,1.02,48.98569816660441,-0.0019943917800865846,0.17541,0.1416235,1.6415656269675667,0.3975667189952905,0.3002354788069075,0.5160665974041627,0.24081137367902,0.11513055555555554,0.21061388888888893,macd_bearish_cross|downtrend,0,2,baissier,287,0,0,30,,,14.9,82.0,41.5,68.0,3.1,50,28.06,3,≈ Neutre vs BTC,False,False,,0,,,,50,5,⚠️ Surveiller,Volume ×0.5 (épuisement)|MACD cross baissier,36535864,179013634,204095424.0,1000000000.0,1000000000.0,20.4,4036767,$4M,-2.33
ENSOUSDT,ENSO,Speculative,875,0.795,705271.23805,-4.447,44.60347497436798,-0.0264392576328173,0.7882000000000001,0.9567200000000003,1.0650104374378886,0.32855436081242523,0.21089108910891086,0.3073550921603933,0.27821329253395843,0.5898888888888888,0.9270833333333331,uptrend,1,0,haussier,308,0,0,30,,,15.4,48.0,56.5,57.5,50,50,27.25,3,≈ Neutre vs BTC,False,False,,0,,,,50,3,,Volume ×0.3 (épuisement),16379399,79550263,20590000.0,100000000.0,127339703.0,20.6,,,
YBUSDT,YB,Speculative,772,0.0788,319442.47041,-1.377,58.03314778301187,0.0012136193851978196,0.07343,0.11274799999999999,0.958952023830063,0.5119139123750961,0.3958493466564181,0.11978749856969523,0.35021171486636354,0.06685833333333331,0.11032222222222224,double_top_90d,0,1,baissier,307,0,0,30,,,15.4,57.0,59.5,47.0,20.9,50,25.9,3,≈ Neutre vs BTC,False,False,,0,,,,50,4,⚠️ Surveiller,Volume ×0.1 (épuisement)|Double sommet,20285897,58668412,258268221.01796886,746932039.588307,1000000000.0,34.6,133365606,$133M,-0.37
HAEDALUSDT,HAEDAL,Speculative,,0.01693,267263.727607,-0.704,57.296918069680565,0.00017121048763310873,0.016042400000000002,0.02468264999999997,0.6838625174431301,0.5132293080054274,0.426729986431479,0.23535010836042264,0.4325077079101426,0.015087222222222224,0.027493888888888887,downtrend,0,1,baissier,365,0,0,30,,,17.0,57.0,59.5,47.0,24.4,50,27.19,3,≈ Neutre vs BTC,False,False,,0,,,,50,2,,Volume ×0.2 (épuisement),,,,,,,24409924,$24M,-1.71
CUSDT,C,Speculative,,0.0657,191675.07909,-2.954,56.70333780821765,0.0013253462226337541,0.06315799999999998,0.07032399999999996,0.7714644753929385,0.5135640785781104,0.3854069223573433,0.14464908485162226,0.08203682017730499,0.05683333333333332,0.09848333333333331,downtrend,0,1,baissier,365,0,0,30,,,17.0,57.0,53.5,47.0,24.4,50,26.83,3,≈ Neutre vs BTC,False,False,,0,,,,50,2,,Volume ×0.1 (épuisement),,,,,,,,,
ICXUSDT,ICX,Speculative,778,0.0182,123816.83059,-2.674,25.561227007015688,-0.00030737524125045487,0.02273,0.03277050000000001,0.5354964115723072,0.5235602094240838,0.5235602094240838,1.0138535031449587,0.5840103593137101,0.02074444444444444,0.036227777777777775,rsi_bullish_divergence|downtrend,1,1,mixte,365,0,0,30,,,17.0,37.0,65.5,47.0,29.6,50,25.47,3,≈ Neutre vs BTC,False,False,,0,,,,50,1,,,19957857,20167491,1097266677.2696571,1108792174.218095,,99.0,,,
IOSTUSDT,IOST,Speculative,793,0.000548,94742.925407,-1.616,28.01794542859726,-7.813233511152771e-07,0.0006449799999999999,0.0009710749999999997,0.32019472471012594,0.5,0.49635036496350365,0.25786149172803247,0.6120410157811547,0.0005848888888888888,0.001009972222222222,,0,0,neutre,365,0,0,30,,,17.0,19.0,70.0,47.0,50,50,24.8,3,≈ Neutre vs BTC,False,False,,0,,,,50,3,,Volume ×0.3 (épuisement),19141570,19141570,34761723387.0,34761723387.0,90000000000.0,100.0,,,
VELODROMEUSDT,VELODROME,Speculative,,0.01705,68093.811058,1.73,44.21619309208263,4.489799624428207e-05,0.019003599999999995,0.01660405000000001,0.43739149223208684,0.33938660209846655,0.31154156577885395,0.11290419693204404,0.4756385969543336,0.014137222222222221,0.022390555555555563,doji_4h,0,0,neutre,365,0,0,30,,,17.0,36.0,79.0,47.0,50,50,27.38,3,≈ Neutre vs BTC,False,False,,0,,,,50,2,,Volume ×0.1 (épuisement),,,,,,,,,
ANKRUSDT,ANKR,Speculative,561,0.00338,64469.899151,-1.17,45.073042600516594,-5.637366794858809e-06,0.0035091999999999996,0.004354099999999997,0.39270402514803077,0.30736842105263157,0.28631578947368425,0.11410832292484392,0.6143988690021583,0.0033697222222222236,0.004520833333333333,macd_bearish_cross|support_bounce|uptrend,2,1,haussier,365,0,0,30,,,17.0,37.0,83.5,47.0,31.5,50,26.66,3,≈ Neutre vs BTC,False,False,,0,,,,50,5,⚠️ Surveiller,Volume ×0.1 (épuisement)|MACD cross baissier,33867245,33867245,10000000000.0,10000000000.0,10000000000.0,100.0,20675331,$21M,-1.64
FLUXUSDT,FLUX,Speculative,869,0.0401,58519.598743,-1.232,47.515547312528966,0.0002248109349651706,0.041886,0.05740399999999999,0.605004505691388,0.5420219244823387,0.51278928136419,0.12163909015842575,0.6262003598191662,0.03931666666666666,0.06776944444444445,uptrend,1,0,haussier,365,0,0,30,,,17.0,37.0,55.0,47.0,50,50,26.06,3,≈ Neutre vs BTC,False,False,,0,,,,50,2,,Volume ×0.1 (épuisement),16669461,16673624,416902806.4991484,417007274.4991484,440000000.0,100.0,,,
UNIUSDT,UNI,Etabli,39,3.287,5904796.02675,0.766,36.577641912060315,-0.10475927754651981,3.61206,3.432825,0.7715511164232202,0.3372060857538037,0.25783893525829005,0.1718553424600383,0.47507500674434167,2.614416666666666,4.0233888888888885,uptrend,1,0,haussier,365,0,0,30,,,45.0,36.0,73.0,78.5,50,49,48.58,2,≈ Neutre vs BTC,False,False,,0,,,,49,3,,Volume ×0.2 (épuisement),2056062865,2936662479,623982423.7271129,891230420.0329479,1000000000.0,70.0,1394514006,$1.4B,-0.97
LTCUSDT,LTC,Etabli,27,44.16,5721846.78736,-0.271,42.27335843357354,-0.14721244198948769,45.082399999999986,51.00729999999999,0.2522179913429421,0.24473975636766332,0.18493909191583616,0.14337334913435315,0.7521924524333501,42.181666666666665,51.349999999999994,,0,0,neutre,365,0,0,30,,,45.0,28.0,87.5,78.5,50,49,48.49,2,≈ Neutre vs BTC,False,False,,0,,,,49,3,,Volume ×0.1 (épuisement),3418314456,3418436021,77503866.64028516,77506629.14737326,84000000.0,100.0,,,
XLMUSDT,XLM,Etabli,19,0.1588,4121546.2792,1.211,35.22404316951204,7.620163828651449e-05,0.1784319999999999,0.17316200000000007,0.3397528874501309,0.3986148518661024,0.38899576760292426,0.141084754363771,0.20678078561880703,0.15439722222222219,0.22663055555555556,macd_bullish_cross,1,0,haussier,365,0,0,30,,,45.0,36.0,73.0,68.0,50,49,47.74,2,≈ Neutre vs BTC,False,False,,0,,,,49,2,,Volume ×0.1 (épuisement),5470619899,7921622803,34530900656.04371,50001786839.91247,,69.1,,,
ARBUSDT,ARB,Etabli,96,0.0754,2095254.13801,2.725,41.662131066238324,-0.0003285734971873082,0.082012,0.10022649999999997,0.526320304668282,0.35575221238938054,0.33362831858407077,0.21700304632169276,0.5819120957814317,0.07471944444444446,0.10427499999999999,support_bounce,1,0,haussier,365,0,0,30,,,45.0,28.0,79.0,68.0,52.8,49,47.31,2,≈ Neutre vs BTC,False,False,,0,,,,49,3,,Volume ×0.2 (épuisement),498348157,753468262,6614056381.0,10000000000.0,10000000000.0,66.1,2726107535,$2.7B,-1.83
SKYUSDT,SKY,Etabli,58,0.05236,932981.12649,1.907,38.77892945629017,-0.00017903740080020027,0.056897800000000005,0.06659604999999998,0.3786430134449641,0.3023222883035967,0.2604078164825829,0.2039333273340337,0.4727980855318996,0.05208472222222222,0.0677688888888889,,0,0,neutre,335,0,0,30,,,44.2,28.0,83.5,57.5,50,49,46.01,2,≈ Neutre vs BTC,False,False,,0,,,,49,3,,Volume ×0.2 (épuisement),1221462462,1224352083,23407290397.784298,23462665147.36596,23462665147.3,99.8,5465085982,$5.5B,-3.22
REUSDT,RE,Mid,324,0.4306,3693842.18418,-7.358,48.301121006702665,0.009643241154567612,0.4973320000000001,,1.2821433361957892,0.6263933121019108,0.5711584394904458,0.03585488537094898,,0.3772041666666666,0.7904708333333333,morning_star_4h,1,0,haussier,61,0,0,30,,,22.7,45.0,34.5,68.0,50,49,31.33,2,≈ Neutre vs BTC,False,False,,0,,,,49,2,,Volume ×0.0 (épuisement),68503987,429222979,159600000.0,1000000000.0,1000000000.0,16.0,287093985,$287M,8.57
DASHUSDT,DASH,Mid,105,30.45,2364344.60361,2.284,43.56803530183267,0.038850566607950276,32.61879999999999,36.03865000000002,0.4157240306200847,0.41517241379310343,0.4,0.11953379367484637,0.5346346723415057,30.37111111111111,42.31083333333333,support_bounce,1,0,haussier,365,0,0,30,,,31.0,28.0,79.0,68.0,52.8,49,37.79,2,≈ Neutre vs BTC,False,False,,0,,,,49,2,,Volume ×0.1 (épuisement),390337961,390365920,12801630.17470279,12802548.32289172,18920000.0,100.0,,,
ORDIUSDT,ORDI,Mid,307,3.45,932084.7204,0.995,49.24440960777113,-0.002911613359069889,3.50116,3.376025000000001,0.7313644561415743,0.32029622772506366,0.2029622772506364,0.16760670724967822,0.2744293393405014,3.084694444444444,3.9581944444444437,macd_bearish_cross,0,1,baissier,365,0,0,30,,,31.0,45.0,67.0,57.5,28.7,49,36.82,2,≈ Neutre vs BTC,False,False,,0,,,,49,5,⚠️ Surveiller,Volume ×0.2 (épuisement)|MACD cross baissier,72232013,72232013,21000000.0,21000000.0,,100.0,,,
ZENUSDT,ZEN,Mid,301,4.028,625063.62199,1.054,46.62231849581246,-0.002657014838066289,4.107079999999999,5.311539999999997,0.4142587102607464,0.4419623302671923,0.41217696014016647,0.16284551804361805,0.6712284442350389,3.94461111111111,5.833194444444445,macd_bearish_cross,0,1,baissier,365,0,0,30,,,31.0,37.0,79.0,57.5,28.7,49,36.58,2,≈ Neutre vs BTC,False,False,,0,,,,49,5,⚠️ Surveiller,Volume ×0.2 (épuisement)|MACD cross baissier,73446883,84496191,18253894.30053491,21000000.0,21000000.0,86.9,,,
COMPUSDT,COMP,Mid,177,16.27,198068.82894,0.246,44.859939999893655,-0.009030496384839382,16.686999999999998,18.715150000000012,0.29470345403920084,0.3311316600616469,0.2835755173932189,0.19659240753413892,0.5271429846478948,15.865,19.39277777777778,support_bounce,1,0,haussier,365,0,0,30,,,31.0,28.0,83.5,47.0,52.8,49,36.38,2,≈ Neutre vs BTC,False,False,,0,,,,49,3,,Volume ×0.2 (épuisement),162699723,162699723,10000000.0,10000000.0,10000000.0,100.0,1136803819,$1.1B,-1.5
REQUSDT,REQ,Mid,483,0.0512,122863.2952,0.196,47.781900259314995,4.781384135862216e-05,0.052620000000000014,0.06424850000000001,1.1082585568144179,0.42061611374407587,0.3933649289099526,0.1575919234658374,0.2981949654787592,0.05037777777777778,0.06961666666666666,doji_4h,0,0,neutre,365,0,0,30,,,31.0,37.0,52.0,47.0,50,49,35.4,2,≈ Neutre vs BTC,False,False,,0,,,,49,2,,Volume ×0.2 (épuisement),40729858,51093719,796694831.4790833,999416740.9347086,1000000000.0,79.7,,,
KMNOUSDT,KMNO,Mid,256,0.01788,117588.0909,-0.611,45.214982617409426,-2.4599482552017333e-05,0.018545,0.0208996,0.4936864287386405,0.3524779990736453,0.17230199166280688,0.1544880456499443,0.355671830071226,0.016153611111111108,0.020715833333333336,macd_bearish_cross|uptrend,1,1,mixte,365,0,0,30,,,31.0,37.0,83.5,47.0,28.7,49,36.01,2,≈ Neutre vs BTC,False,False,,0,,,,49,5,⚠️ Surveiller,Volume ×0.2 (épuisement)|MACD cross baissier,94931752,178653978,5313698949.25,9999957158.75862,10000000000.0,53.1,1044413142,$1.0B,-1.39
MANAUSDT,MANA,Mid,208,0.0639,59167.8476,0.314,39.23357033217448,-0.00021308751270281883,0.06776000000000001,0.08342650000000001,0.33849989507416706,0.306577480490524,0.28874024526198444,0.04172019978018134,0.46001669139472456,0.06378888888888891,0.08415833333333331,doji_4h,0,0,neutre,365,0,0,30,,,31.0,28.0,83.5,47.0,50,49,36.21,2,≈ Neutre vs BTC,False,False,,0,,,,49,3,,Volume ×0.0 (épuisement),124975525,139959105,1958384476.2807715,2193179327.320146,,89.3,,,
ROBOUSDT,ROBO,Speculative,602,0.01389,3780326.11827,-0.072,51.55611305217211,0.00016135766907360695,0.013227800000000001,,1.5737184481081468,0.5243147656940761,0.38638373121131747,0.47895026191870405,0.14013324580543818,0.011616666666666668,0.021099999999999997,uptrend,1,0,haussier,167,0,0,30,,,11.6,45.0,32.5,68.0,50,49,23.66,2,≈ Neutre vs BTC,False,False,,0,,,,49,2,,Volume ×0.5 (épuisement),30909532,138545639,2231000000.0,10000000000.0,10000000000.0,22.3,,,
SOXLBUSDT,SOXLB,Speculative,,151.02,889519.76564,4.066,55.64791652735965,4.261862601017565,,,1.850214877111558,0.5300971861802269,0.23238182465781299,0.08267648665423673,,111.639375,184.889375,,0,0,neutre,42,0,0,30,,,8.2,45.0,33.0,57.5,50,49,20.52,2,≈ Neutre vs BTC,False,False,,0,,,,49,2,,Volume ×0.1 (épuisement),,,,,,,,,
MITOUSDT,MITO,Speculative,,0.02544,400206.469536,0.593,61.1916046731552,0.00028815244021053503,0.022971999999999992,0.03485375000000003,0.7073444817600392,0.5634505703422052,0.3951996197718631,0.2528339517077937,0.28469661527288154,0.020450277777777776,0.035318333333333334,rsi_bearish_divergence|uptrend|doji_4h,1,1,mixte,354,0,0,30,,,16.7,57.0,53.5,47.0,20.9,49,26.42,2,≈ Neutre vs BTC,False,False,,0,,,,49,4,⚠️ Surveiller,Volume ×0.3 (épuisement)|Divergence RSI baissière,,,,,,,1188880,$1M,-0.92
CBRSBUSDT,CBRSB,Speculative,,224.77,176163.16553,1.234,55.57046896068492,-0.47480998729519186,,,1.2142616524012202,0.2110409356725147,0.0470583234143854,0.4199662655423647,,172.41062500000004,233.61562499999997,macd_bearish_cross,0,1,baissier,42,0,0,30,,,8.2,45.0,69.0,47.0,28.7,49,20.57,2,≈ Neutre vs BTC,False,False,,0,,,,49,7,🔴 Sortie,Volume ×0.4 (épuisement)|Près du plus haut 90j (résistance)|MACD cross baissier,,,,,,,,,
WOOUSDT,WOO,Speculative,782,0.01048,141795.0282,-0.475,33.90079674791488,-6.457129807125315e-05,0.011674600000000002,0.015669550000000004,0.41445703415759544,0.3947976878612717,0.3947976878612717,0.9640164424440473,0.6991988775679888,0.01087111111111111,0.016320277777777777,rsi_bullish_divergence,1,0,haussier,365,0,0,30,,,17.0,28.0,79.0,47.0,55.3,49,26.74,2,≈ Neutre vs BTC,False,False,,0,,,,49,1,,,19757862,19757862,1888782088.2947378,1888782088.294737,3000000000.0,100.0,2765958,$3M,-20.81
ALPINEUSDT,ALPINE,Speculative,,0.318,129496.27865,0.0,49.39906010058003,-0.0005054333884231727,0.31638,0.3908449999999997,0.48321858773948867,0.3011764705882353,0.2517647058823529,0.24933764145871348,0.545484152911425,0.30511111111111094,0.4049999999999999,macd_bearish_cross|downtrend|doji_4h,0,2,baissier,365,0,0,30,,,17.0,57.0,83.5,47.0,3.1,49,27.35,2,≈ Neutre vs BTC,False,False,,0,,,,49,5,⚠️ Surveiller,Volume ×0.2 (épuisement)|MACD cross baissier,,,,,,,,,
PORTOUSDT,PORTO,Speculative,,0.427,104262.3127,-0.466,41.32604012622706,-0.00235025401846927,0.44974000000000003,0.7688350000000006,0.46571194790871895,0.496757457846952,0.4461738002594034,0.1541260485240175,0.47860251323719116,0.42169444444444437,0.6906111111111112,rsi_bullish_divergence,1,0,haussier,365,0,0,30,,,17.0,28.0,79.0,47.0,55.3,49,26.74,2,≈ Neutre vs BTC,False,False,,0,,,,49,3,,Volume ×0.2 (épuisement),,,,,,,,,
TAOUSDT,TAO,Etabli,42,197.6,3339543.94992,0.765,48.90656923031963,0.4608978149317551,200.218,231.78350000000023,0.431868020265138,0.32976062879599854,0.29367631296891744,0.10515517765766917,0.6447150689575895,191.0333333333333,267.21666666666664,double_bottom_90d|downtrend,1,1,mixte,365,0,0,30,,,45.0,37.0,83.5,68.0,24.4,48,46.95,1,≈ Neutre vs BTC,False,False,,0,🔥 Trending #8 sur CoinGecko,8,,48,2,,Volume ×0.1 (épuisement),1892866974,4141728963,9597491.0,21000000.0,21000000.0,45.7,,,
HBARUSDT,HBAR,Etabli,28,0.06557,2310716.1296,0.784,38.556331262115364,-0.00023016260830402272,0.0690498,0.08481369999999995,0.31288891201755276,0.34835198064711226,0.33948190706582,0.32637996302679845,0.5393921831441298,0.06638361111111112,0.08956416666666668,,0,0,neutre,365,0,0,30,,,45.0,28.0,79.0,68.0,50,48,47.14,1,≈ Neutre vs BTC,False,False,,0,,,,48,3,,Volume ×0.3 (épuisement),2872336098,3276562517,43831547281.907715,50000000000.0,50000000000.0,87.7,,,
ALGOUSDT,ALGO,Etabli,80,0.0788,679982.512,-0.505,39.82583321458044,-0.0005742428116119588,0.08393600000000001,0.09658349999999997,0.5297861049023038,0.39263322884012536,0.3824451410658307,0.13986787728024744,0.5072048842991894,0.07992500000000001,0.11373333333333337,,0,0,neutre,365,0,0,30,,,45.0,28.0,79.0,57.5,50,48,46.3,1,≈ Neutre vs BTC,False,False,,0,,,,48,3,,Volume ×0.1 (épuisement),711210321,711230799,9025767857.701187,9026029177.664467,10000000000.0,100.0,,,
TRUMPUSDT,TRUMP,Mid,114,1.409,3085361.855673,0.859,36.92298025606752,0.00026558961828328925,1.5488800000000003,2.4497000000000004,0.36691839598903725,0.36122542295381793,0.355281207133059,0.15776585298558524,0.3853142650349815,1.4419166666666665,2.0551111111111116,,0,0,neutre,365,0,0,30,,,31.0,28.0,79.0,68.0,50,48,37.62,1,≈ Neutre vs BTC,False,False,,0,,,,48,2,,Volume ×0.2 (épuisement),350065616,1410126865,248251149.93147004,1000000000.0,1000000000.0,24.8,,,
ENSUSDT,ENS,Mid,173,3.92,859942.5147,-2.73,31.59745129257034,-0.025072719427511617,4.2486000000000015,5.509800000000002,0.4000657584150857,0.38267716535433066,0.38267716535433066,0.7473515409358461,0.6601063237892493,4.0552777777777775,5.9397222222222235,,0,0,neutre,365,0,0,30,,,31.0,28.0,79.0,57.5,50,48,36.78,1,≈ Neutre vs BTC,False,False,,0,,,,48,1,,,165185346,392966462,42035481.731430925,100000000.0,100000000.0,42.0,,,
BANANAS31USDT,BANANAS31,Mid,274,0.008656,673005.079432,0.839,55.27752586311081,8.761154298022781e-05,0.00779258,0.008772189999999994,1.344951330953407,0.5066258919469928,0.37236056502111553,0.16672108848629927,0.1997014068530169,0.006959722222222224,0.011533972222222222,double_bottom_90d|bearish_engulfing_4h,1,1,mixte,365,0,0,30,,,31.0,57.0,43.0,57.5,25.1,48,36.6,1,≈ Neutre vs BTC,False,False,,0,,,,48,4,⚠️ Surveiller,Volume ×0.2 (épuisement)|Engloutissement baissier 4h,85894462,85894462,10000000000.0,10000000000.0,10000000000.0,100.0,,,
KAVAUSDT,KAVA,Mid,453,0.04076,401308.553346,-0.098,39.6858591077088,0.00011138848111831232,0.04329520000000001,0.05228515000000003,0.2492317049367792,0.33772869622548213,0.32816878193505855,0.43724571862245126,0.5224881634035892,0.04062944444444444,0.05600472222222224,macd_bullish_cross,1,0,haussier,365,0,0,30,,,31.0,28.0,79.0,47.0,50,48,35.94,1,≈ Neutre vs BTC,False,False,,0,,,,48,2,,Volume ×0.4 (épuisement),44112503,44112503,1082846942.0,1082846942.0,,100.0,,,
RSRUSDT,RSR,Mid,314,0.001141,228344.0689809,-1.298,39.184368664268554,-1.1231969683424971e-05,0.0012158800000000003,0.0015116100000000007,0.47128513726333127,0.3952434881087203,0.35503963759909396,0.19388114796974812,0.6268929301541433,0.0011527777777777777,0.0016271666666666665,,0,0,neutre,365,0,0,30,,,31.0,28.0,79.0,47.0,50,48,35.94,1,≈ Neutre vs BTC,False,False,,0,,,,48,3,,Volume ×0.2 (épuisement),71232668,113875385,62553174091.0,100000000000.0,100000000000.0,62.6,34556824,$35M,-4.96
ENJUSDT,ENJ,Mid,432,0.02383,180188.989558,-1.243,36.300200359755515,3.4068779384972304e-05,0.0268174,0.031593,0.4224630817813176,0.47098364328926734,0.46560609455523194,0.09280724415687644,0.45835659856208133,0.02463888888888889,0.03980361111111111,,0,0,neutre,365,0,0,30,,,31.0,28.0,79.0,47.0,50,48,35.94,1,≈ Neutre vs BTC,False,False,,0,,,,48,2,,Volume ×0.1 (épuisement),47534157,48059661,1992693372.0004928,2014723178.881189,,98.9,,,
SNXUSDT,SNX,Mid,221,0.199,137285.9491,0.505,37.987225601968944,-0.0006524947833177214,0.2178200000000001,0.2796149999999997,0.3974893963256682,0.3875,0.378125,0.09919382602276657,0.48980887171994986,0.2034722222222222,0.295861111111111,doji_4h,0,0,neutre,365,0,0,30,,,31.0,28.0,79.0,47.0,50,48,35.94,1,≈ Neutre vs BTC,False,False,,0,,,,48,3,,Volume ×0.1 (épuisement),115523193,115607429,580980590.4572881,581404223.5556631,,99.9,,,
MINAUSDT,MINA,Mid,407,0.0395,76966.63987,-0.253,43.08952375382352,-1.5986878681990401e-06,0.042849999999999985,0.05343300000000003,0.5140695364764883,0.35823429541595925,0.3293718166383701,0.08632290942435338,0.5892840940261156,0.03900000000000001,0.05511944444444445,doji_4h,0,0,neutre,365,0,0,30,,,31.0,28.0,79.0,47.0,50,48,35.94,1,≈ Neutre vs BTC,False,False,,0,,,,48,3,,Volume ×0.1 (épuisement),51091657,51091657,1293631019.840039,1293631019.840039,,100.0,,,
HOTUSDT,HOT,Mid,371,0.00033,67935.404302,0.61,47.41994662688278,-6.003944206859492e-07,0.0003365199999999999,0.00037866999999999984,0.3427291236855442,0.27791563275434233,0.1811414392059553,0.07319668114378403,0.5017514846982793,0.0002997222222222222,0.0003905,shooting_star_4h,0,1,baissier,365,0,0,30,,,31.0,37.0,83.5,47.0,21.7,48,35.59,1,≈ Neutre vs BTC,False,False,,0,,,,48,5,⚠️ Surveiller,Volume ×0.1 (épuisement)|Étoile filante 4h,58454347,58454347,177619433541.1413,177619433541.1413,,100.0,,,
BARUSDT,BAR,Speculative,,0.264,737787.07322,0.38,43.54929688368913,7.103218263537292e-05,0.27215999999999996,0.40343499999999977,0.21313325402468447,0.34183673469387754,0.32653061224489793,0.1257714592015147,0.448091483021576,0.26250000000000007,0.3630555555555557,,0,0,neutre,365,0,0,30,,,17.0,28.0,79.0,57.5,50,48,27.26,1,≈ Neutre vs BTC,False,False,,0,,,,48,2,,Volume ×0.1 (épuisement),,,,,,,,,
LITEBUSDT,LITEB,Speculative,,944.82,466887.32641,1.444,60.627607369393104,8.954122268198276,,,1.2137292114459555,0.30373891665792807,0.0,0.5918608275923232,,678.8226315789473,921.5284210526316,rsi_bearish_divergence,0,1,baissier,49,0,0,30,,,8.3,54.0,57.0,47.0,20.9,48,20.59,1,≈ Neutre vs BTC,False,False,,0,,,,48,6,⚠️ Surveiller,Volume ×0.6 (épuisement)|Près du plus haut 90j (résistance)|Divergence RSI baissière,,,,,,,,,
HUMAUSDT,HUMA,Speculative,541,0.02036,315541.88728,0.494,49.3586388151179,0.00014760749150582525,0.021305199999999993,0.01983040000000001,0.6028191452549171,0.3149171270718233,0.2500920810313076,0.18665855571679466,0.24666715540534268,0.01978777777777778,0.02569166666666667,downtrend,0,1,baissier,365,0,0,30,,,17.0,45.0,67.0,47.0,24.4,48,26.2,1,≈ Neutre vs BTC,False,False,,0,,,,48,2,,Volume ×0.2 (épuisement),35249571,203362909,1733333333.0,10000000000.0,10000000000.0,17.3,,,
INITUSDT,INIT,Speculative,,0.0513,295990.31608,-2.471,45.63119431046831,0.0001504100595675576,0.053338,0.07333100000000002,0.42711634319584724,0.4413472706155633,0.4053426248548199,0.11732061586025974,0.5523607696160582,0.050386111111111104,0.07395555555555557,downtrend,0,1,baissier,365,0,0,30,,,17.0,37.0,79.0,47.0,24.4,48,25.96,1,≈ Neutre vs BTC,False,False,,0,,,,48,2,,Volume ×0.1 (épuisement),,,,,,,,,
AEVOUSDT,AEVO,Speculative,807,0.02002,202986.2313481,-2.151,54.16426848768192,-8.732983288409825e-06,0.0191712,0.02325215,0.5690685154573857,0.3428571428571428,0.22741312741312739,0.16363791112108655,0.5135150492110614,0.01787861111111111,0.02427305555555555,macd_bearish_cross|double_top_90d|downtrend|doji_4h,0,3,baissier,365,0,0,30,,,17.0,57.0,83.5,47.0,0,48,27.17,1,≈ Neutre vs BTC,False,False,,0,,,,48,7,🔴 Sortie,Volume ×0.2 (épuisement)|Double sommet|MACD cross baissier,18632429,19977633,932664504.0698794,1000000000.0,1000000000.0,93.3,14675761,$15M,0.03
PUNDIXUSDT,PUNDIX,Speculative,795,0.0737,160208.21854,0.0,37.180811248476,4.799551601363189e-05,0.07938200000000001,0.12736750000000002,0.3751353000402335,0.4996582365003418,0.4962406015037594,0.3566888875821676,0.45666717791120404,0.07509444444444441,0.13750555555555555,doji_4h,0,0,neutre,365,0,0,30,,,17.0,28.0,79.0,47.0,50,48,26.42,1,≈ Neutre vs BTC,False,False,,0,,,,48,2,,Volume ×0.4 (épuisement),19016778,19016778,258386541.0999244,258386541.0999244,,100.0,,,
USTCUSDT,USTC,Speculative,649,0.0049,155621.72352,-0.204,42.81967605467657,9.417556868151141e-06,0.0052802,0.00547585,0.4308207096185376,0.31690140845070425,0.30985915492957755,0.20554147389771005,0.46049628579609686,0.004946666666666667,0.006496944444444443,,0,0,neutre,365,0,0,30,,,17.0,28.0,79.0,47.0,50,48,26.42,1,≈ Neutre vs BTC,False,False,,0,,,,48,2,,Volume ×0.2 (épuisement),27276328,29739929,5574327819.570705,6077801740.134188,,91.7,,,
FTTUSDT,FTT,Speculative,,0.2073,112846.857438,-0.671,52.90958204279053,0.00196121634391889,0.21042600000000009,0.2793715,0.36761535839241155,0.41262580054894793,0.36870997255260757,0.16986647292093845,0.38180186631434715,0.197625,0.3117527777777777,downtrend,0,1,baissier,365,0,0,30,,,17.0,37.0,79.0,47.0,24.4,48,25.96,1,≈ Neutre vs BTC,False,False,,0,,,,48,2,,Volume ×0.2 (épuisement),,,,,,,,,
LAZIOUSDT,LAZIO,Speculative,,0.346,95071.01827,-0.288,43.51226426497362,0.0003610495993985876,0.3641400000000001,0.5830899999999994,0.41465618031024226,0.41652021089630925,0.39191564147627417,0.1683106999992956,0.5009505929284422,0.34452777777777777,0.5288611111111112,,0,0,neutre,365,0,0,30,,,17.0,28.0,79.0,47.0,50,48,26.42,1,≈ Neutre vs BTC,False,False,,0,,,,48,2,,Volume ×0.2 (épuisement),,,,,,,,,
XVGUSDT,XVG,Speculative,562,0.002048,58162.705466,-0.775,47.10785405006358,5.875540093121663e-06,0.00210026,0.0036882499999999975,0.5993890497261414,0.4615165336374002,0.4161915621436716,0.07873386627305726,0.5187923529452664,0.001985416666666667,0.003201777777777778,downtrend|doji_4h,0,1,baissier,365,0,0,30,,,17.0,37.0,79.0,47.0,24.4,48,25.96,1,≈ Neutre vs BTC,False,False,,0,,,,48,2,,Volume ×0.1 (épuisement),33817579,33885224,16521951234.841335,16555000000.0,,99.8,,,
MSFTBUSDT,MSFTB,Speculative,,493.33,23299.90034,-0.73,69.31353147220575,-2.681142760527784,,,0.3956322964733169,0.04819307115638456,0.026474769012082382,0.07724443315035096,,380.0105263157895,501.1068421052632,macd_bearish_cross|bull_flag,1,1,mixte,49,0,0,30,,,8.3,36.0,90.0,47.0,30.7,48,21.0,1,≈ Neutre vs BTC,False,False,,0,,,,48,7,🔴 Sortie,Volume ×0.1 (épuisement)|Près du plus haut 90j (résistance)|MACD cross baissier,,,,,,,,,
POWRUSDT,POWR,Speculative,760,0.0367,10569.4617,0.0,36.267447201598515,-7.513896493524584e-05,0.041793999999999984,0.056831499999999986,0.5211611528833577,0.44478527607361956,0.43711656441717783,0.034728491834177914,0.41779328640743885,0.03806111111111113,0.06174166666666666,doji_4h,0,0,neutre,365,0,0,30,,,17.0,28.0,79.0,47.0,50,48,26.42,1,≈ Neutre vs BTC,False,False,,0,,,,48,3,,Volume ×0.0 (épuisement),20738191,36467116,568401106.1092739,999506122.99937,1000000000.0,56.9,,,
SOLUSDT,SOL,Etabli,7,75.82,69151708.35607,0.53,52.78607460699628,0.13871584386500627,76.21039999999999,81.61595000000001,0.3079308845395711,0.288003663003663,0.13198260073260074,0.20852382053358454,0.8382097506951203,67.05749999999999,83.49444444444447,downtrend,0,1,baissier,365,0,0,30,,,45.0,37.0,75.5,78.5,24.4,47,47.31,0,≈ Neutre vs BTC,False,False,,0,,,,47,2,,Volume ×0.2 (épuisement),44137797808,47885176502,582899445.2405294,632388660.2062266,,92.2,,,
XRPUSDT,XRP,Etabli,6,1.0038,39685751.14045,0.18,37.948971601967514,-0.0023047005372415982,1.0754820000000003,1.2847595,0.30843218000932726,0.2768032607904505,0.2693063541742484,0.2731779783931324,0.8466497960497977,1.0222027777777776,1.3093861111111111,,0,0,neutre,365,0,0,30,,,45.0,28.0,75.5,78.5,50,47,47.77,0,≈ Neutre vs BTC,False,False,,0,,,,47,3,,Volume ×0.3 (épuisement),62821434980,100216137712,62676938832.0,99985629672.0,100000000000.0,62.7,,,
AVAXUSDT,AVAX,Etabli,32,6.362,6289686.2027,0.41,45.85858172816905,-0.004192714757345055,6.551939999999998,8.263104999999998,0.5013266913313129,0.37628266158891355,0.3267745689199196,0.16735325695769507,0.6205267861793966,6.197861111111111,8.756749999999998,double_top_90d|uptrend|doji_4h,1,1,mixte,365,0,0,30,,,45.0,37.0,79.0,78.5,20.9,47,47.31,0,≈ Neutre vs BTC,False,False,,0,,,,47,5,⚠️ Surveiller,Volume ×0.2 (épuisement)|Double sommet,2746413740,2947854452,431771961.1772119,463441061.1772119,720000000.0,93.2,117563471,$118M,-0.64
SUIUSDT,SUI,Etabli,30,0.6782,5998396.28965,0.177,43.25639967880642,0.0010023110864906867,0.7140179999999998,0.8768520000000002,0.36987762289066156,0.40300631504046963,0.39669127457084413,0.13063209392404623,0.7482482213315356,0.6732333333333335,0.9452583333333335,,0,0,neutre,365,0,0,30,,,45.0,28.0,71.0,78.5,50,47,47.5,0,≈ Neutre vs BTC,False,False,,0,,,,47,2,,Volume ×0.1 (épuisement),2763100341,6781396672,4074529886.4415293,10000000000.0,10000000000.0,40.7,,,
SHIBUSDT,SHIB,Etabli,34,4.44e-06,1628350.05691107,-1.552,44.545610432704095,-3.804316162360528e-08,4.474199999999999e-06,5.457700000000001e-06,0.798618187430348,0.29623287671232884,0.2397260273972603,0.14712274422609475,0.5447397818521006,4.167777777777778e-06,5.496944444444443e-06,uptrend,1,0,haussier,365,0,0,30,,,45.0,28.0,73.0,68.0,50,47,46.78,0,≈ Neutre vs BTC,False,False,,0,,,,47,3,,Volume ×0.1 (épuisement),2622276541,4450194431,589239468746989.5,589496294189165.1,,100.0,,,
CHIPUSDT,CHIP,Mid,341,0.03186,17120746.71939,15.477,67.36528611336932,0.0009978448217699933,0.028404999999999996,,1.1191551503873889,0.5677021107128634,0.3602150537634409,1.6875234370807195,0.2847378923011447,0.024296666666666668,0.04330277777777777,breakout_30d|macd_bullish_cross|downtrend,2,1,haussier,119,0,0,30,,,24.3,63.0,43.0,78.5,24.4,47,34.38,0,≈ Neutre vs BTC,False,False,,0,🔥 Trending #12 sur CoinGecko,12,,47,0,,,65158185,325790927,2000000000.0,10000000000.0,10000000000.0,20.0,176077211,$176M,0.74
SPCXBUSDT,SPCXB,Mid,327,143.47,5172635.43933,2.303,61.66095295925197,2.8054505010133113,133.62420000000003,,0.8701505815889606,0.4752879428488118,0.3026194294600768,0.13786071480864057,,111.10884615384614,181.05615384615382,downtrend,0,1,baissier,67,0,0,30,,,22.8,45.0,58.5,78.5,24.4,47,32.18,0,≈ Neutre vs BTC,False,False,,0,,,,47,2,,Volume ×0.1 (épuisement),67931031,67934280,474692.03459005,474714.73871898,,100.0,,,
CRCLBUSDT,CRCLB,Mid,334,71.89,1338830.4079,0.489,58.982224035167924,0.8349484737762785,65.59540000000001,,0.7147299036699896,0.2800190976366675,0.14275483408928155,0.13323576100636378,,60.558518518518525,80.94925925925925,downtrend,0,1,baissier,68,0,0,30,,,22.9,45.0,63.0,68.0,24.4,47,31.63,0,≈ Neutre vs BTC,False,False,,0,,,,47,2,,Volume ×0.1 (épuisement),65878294,65878513,917083.51540454,917086.55496894,,100.0,,,
JASMYUSDT,JASMY,Mid,164,0.00376,700356.783336,-3.836,31.547755473453066,-2.5650165445912233e-05,0.0043208000000000005,0.005227600000000002,0.40662757230574353,0.34782608695652173,0.34782608695652173,0.39473103963084866,0.5820159026807908,0.00406861111111111,0.005445555555555555,rsi_bullish_divergence,1,0,haussier,365,0,0,30,,,31.0,19.0,79.0,57.5,55.3,47,36.02,0,≈ Neutre vs BTC,False,False,,0,,,,47,3,,Volume ×0.4 (épuisement),185416723,187497951,49444999677.59027,50000000000.0,50000000000.0,98.9,,,
NEOUSDT,NEO,Mid,213,1.687,323902.16756,0.777,32.755292091031194,-0.009416552737099293,1.8956599999999997,2.49046,0.3966627658458269,0.4302405498281788,0.4195876288659794,0.5818299860454236,0.7042233798997651,1.7773611111111114,2.6974166666666672,,0,0,neutre,365,0,0,30,,,31.0,28.0,71.0,47.0,50,47,35.46,0,≈ Neutre vs BTC,False,False,,0,,,,47,3,,Volume ×0.6 (épuisement),118935350,168630867,70530000.0,100000000.0,,70.5,,,
RAYUSDT,RAY,Mid,171,0.6222,215356.07176,0.145,46.38978250060912,0.0013142404765287604,0.6514540000000001,0.6583499999999998,0.44896758269411746,0.28735632183908044,0.20587484035759898,0.1000911603096242,0.7308157131609221,0.5823694444444444,0.7416611111111113,downtrend|doji_4h,0,1,baissier,365,0,0,30,,,31.0,37.0,75.5,47.0,24.4,47,35.27,0,≈ Neutre vs BTC,False,False,,0,,,,47,2,,Volume ×0.1 (épuisement),167495703,344917798,269513824.807139,555000000.0,555000000.0,48.6,845128032,$845M,-0.16
1000SATSUSDT,1000SATS,Speculative,,1.047e-05,261501.39162536,-0.286,55.36273683864489,9.561446153283389e-09,9.802399999999998e-06,1.14174e-05,0.81811132764072,0.3370288248337028,0.22616407982261638,0.31620789530840876,0.33215973205579213,9.06027777777778e-06,1.2129166666666667e-05,downtrend|shooting_star_4h,0,2,baissier,365,0,0,30,,,17.0,57.0,73.0,47.0,0,47,26.54,0,≈ Neutre vs BTC,False,False,,0,,,,47,4,⚠️ Surveiller,Volume ×0.3 (épuisement)|Étoile filante 4h,,,,,,,,,
FIDAUSDT,FIDA,Speculative,848,0.01736,244261.121755,-0.23,39.912095750698676,5.879015213950778e-05,0.019701999999999997,0.019528250000000004,0.7262792549656782,0.5865880619012528,0.5743060673053304,0.1909513485800417,0.4068072787417415,0.01743527777777778,0.030852499999999998,,0,0,neutre,365,0,0,30,,,17.0,36.0,55.0,47.0,50,47,25.94,0,≈ Neutre vs BTC,False,False,,0,,,,47,2,,Volume ×0.2 (épuisement),17179654,17179654,990910627.040165,990910627.040165,1000000000.0,100.0,,,
AIUSDT,AI,Speculative,655,0.0173,203346.72597,-3.352,39.79959881722915,7.07772480439536e-05,0.019189999999999995,0.021612499999999993,0.34424719405581405,0.40766550522648076,0.40069686411149824,0.20784979118141297,0.15562787066849404,0.017450000000000007,0.027152777777777783,,0,0,neutre,365,0,0,30,,,17.0,28.0,73.0,47.0,50,47,26.06,0,≈ Neutre vs BTC,False,False,,0,,,,47,2,,Volume ×0.2 (épuisement),27019749,207099415,1304675313.0,10000000000.0,10000000000.0,13.0,,,
BNSOLUSDT,BNSOL,Speculative,,85.3,201277.6845,0.471,53.03325591380784,0.14400370635421075,85.508,90.56750000000004,0.3140622233700746,0.28806584362139914,0.1224279835390947,0.1441124209803189,0.8386358527187454,74.83333333333331,93.08333333333337,downtrend,0,1,baissier,365,0,0,30,,,17.0,37.0,75.5,47.0,24.4,47,25.75,0,≈ Neutre vs BTC,False,False,,0,,,,47,2,,Volume ×0.1 (épuisement),,,,,,,,,
MANTAUSDT,MANTA,Speculative,651,0.05692,127817.383326,-0.402,41.03603224327668,0.00018561480829937835,0.060168000000000006,0.06883360000000001,0.3038969192352166,0.35454545454545455,0.3447640966628309,0.09271907024460598,0.044105001835158336,0.05696333333333333,0.08613333333333333,,0,0,neutre,365,0,0,30,,,17.0,28.0,73.0,47.0,50,47,26.06,0,≈ Neutre vs BTC,False,False,,0,,,,47,2,,Volume ×0.1 (épuisement),27202638,56891678,478147930.35033464,1000000000.0,1000000000.0,47.8,21014028,$21M,-4.77
TNSRUSDT,TNSR,Speculative,701,0.0321,113109.17414,-0.619,51.83547381666586,0.00017357825766786027,0.03221000000000001,0.038903,0.5153218609558583,0.3543478260869565,0.3043478260869565,0.0634720808154942,0.17567868161273043,0.02920000000000001,0.03952222222222223,downtrend|doji_4h,0,1,baissier,365,0,0,30,,,17.0,37.0,73.0,47.0,24.4,47,25.6,0,≈ Neutre vs BTC,False,False,,0,,,,47,2,,Volume ×0.1 (épuisement),23756333,31969734,743088205.2624216,1000000000.0,1000000000.0,74.3,,,
KERNELUSDT,KERNEL,Speculative,,0.0332,105784.04012,-1.19,43.15746000712876,0.0002129868330605849,0.035842,0.061521,0.5065285213110992,0.5279034690799397,0.49924585218702866,0.20036931894923785,0.48034440967813985,0.03251666666666667,0.06164444444444445,,0,0,neutre,365,0,0,30,,,17.0,28.0,70.0,47.0,50,47,25.88,0,≈ Neutre vs BTC,False,False,,0,,,,47,2,,Volume ×0.2 (épuisement),,,,,,,873591983,$874M,-1.31
SPELLUSDT,SPELL,Speculative,,7.83e-05,60845.4057469,0.385,41.82457604895516,6.339608126367951e-07,8.4216e-05,0.000143592,0.30050281118076166,0.5221459762944478,0.5115408608858389,0.05515518532529941,0.382665003637905,7.788333333333336e-05,0.0001520888888888889,support_bounce|doji_4h,1,0,haussier,365,0,0,30,,,17.0,28.0,65.5,47.0,52.8,47,25.78,0,≈ Neutre vs BTC,False,False,,0,,,,47,2,,Volume ×0.1 (épuisement),,,,,,,3947592,$4M,-4.34
ZAMAUSDT,ZAMA,Mid,258,0.04211,1998518.80948,1.838,40.82128105023676,-0.0013512485752119852,0.04285040000000001,,1.0841360674248854,0.3144788918205804,0.3055738786279683,0.23091243145230667,0.22294300472240006,0.030168333333333328,0.053644722222222226,uptrend|doji_4h,1,0,haussier,197,0,0,30,,,26.4,36.0,52.0,68.0,50,46,33.83,-1,≈ Neutre vs BTC,False,False,,0,,,,46,3,,Volume ×0.2 (épuisement),92497496,462487478,2200000000.0,11000000000.0,,20.0,56021776,$56M,-5.64
VIRTUALUSDT,VIRTUAL,Mid,111,0.5596,864934.42488,0.539,47.398097195886436,0.0003321656997869564,0.5747340000000001,0.6525345,0.6138314991280358,0.3414542257942987,0.29687303779982427,0.09341808038438872,0.5858217650648142,0.5321694444444445,0.7310055555555555,double_top_90d,0,1,baissier,365,0,0,30,,,31.0,37.0,73.0,57.5,20.9,46,35.75,-1,≈ Neutre vs BTC,False,False,,0,,,,46,4,⚠️ Surveiller,Volume ×0.1 (épuisement)|Double sommet,369351683,561400784,657910877.2762966,1000000000.0,1000000000.0,65.8,,,
ONEUSDT,ONE,Speculative,,0.00074,1192302.531887,2.778,27.005999520518415,-5.066367552779749e-05,0.001165,0.0019125499999999996,1.5708115978126544,0.6521739130434782,0.6376811594202898,1.5500988498824697,0.341825698773699,0.0010252777777777777,0.0018744444444444444,downtrend|doji_4h,0,1,baissier,365,0,0,30,,,17.0,46.0,34.0,68.0,24.4,46,26.02,-1,≈ Neutre vs BTC,False,False,,0,,,,46,1,,,,,,,,,,,
BIGTIMEUSDT,BIGTIME,Speculative,929,0.00519,1000015.37282,0.387,39.49808031639069,6.063448467143038e-05,0.006307,0.011143550000000002,0.6218629679418001,0.6215360253365003,0.5898653998416469,1.594369250662323,0.6302311774686389,0.005319722222222222,0.01137361111111111,macd_bullish_cross|downtrend,1,1,mixte,365,0,0,30,,,17.0,55.0,55.0,68.0,24.4,46,28.36,-1,≈ Neutre vs BTC,False,False,,0,,,,46,0,,,14711211,25919669,2837847020.457506,5000000000.0,5000000000.0,56.8,,,
BROCCOLI714USDT,BROCCOLI714,Speculative,,0.01573,899223.49429,3.351,54.27157390075675,-0.0001289005222900832,0.013573800000000002,0.01392505,1.2164071429808316,0.2866449511400652,0.21592039800995025,0.38250780225581815,0.3213765107251117,0.011541666666666667,0.01613833333333333,macd_bearish_cross|bearish_engulfing_4h,0,2,baissier,365,0,0,30,,,17.0,57.0,62.5,57.5,3.8,46,26.98,-1,≈ Neutre vs BTC,False,False,,0,,,,46,7,🔴 Sortie,Volume ×0.4 (épuisement)|Engloutissement baissier 4h|MACD cross baissier,,,,,,,,,
NVDABUSDT,NVDAB,Speculative,,226.41,552995.43933,0.448,65.15613255660962,0.6953176503687528,208.12679999999997,,0.40522842310469,0.09774613353451536,0.0,0.2578990613613377,,194.0522222222222,222.85296296296298,rsi_bearish_divergence|bull_flag|uptrend,2,1,haussier,68,0,0,30,,,8.9,36.0,90.0,57.5,22.9,46,21.72,-1,≈ Neutre vs BTC,False,False,,0,,,,46,6,⚠️ Surveiller,Volume ×0.3 (épuisement)|Près du plus haut 90j (résistance)|Divergence RSI baissière,,,,,,,,,
HMSTRUSDT,HMSTR,Speculative,,0.0001739,353240.6876355,-0.855,45.41015518723213,-1.1559212861325451e-06,0.000196916,0.00017179000000000003,0.9129904404744532,0.5827393075356415,0.5575356415478615,0.04774022516922512,0.19412385055061146,0.00015083888888888888,0.00024905277777777777,macd_bearish_cross,0,1,baissier,365,0,0,30,,,17.0,45.0,49.0,47.0,28.7,46,25.38,-1,≈ Neutre vs BTC,False,False,,0,,,,46,5,⚠️ Surveiller,Volume ×0.0 (épuisement)|MACD cross baissier,,,,,,,,,
SOLVUSDT,SOLV,Speculative,,0.00227,285104.21142,-2.155,40.77261041554582,2.747421320714854e-07,0.0025556,0.00381255,0.6247329117128407,0.4823529411764706,0.4658823529411765,0.30898695213551974,0.4844319206565598,0.0023308333333333345,0.003956111111111111,,0,0,neutre,365,0,0,30,,,17.0,28.0,68.5,47.0,50,46,25.79,-1,≈ Neutre vs BTC,False,False,,0,,,,46,2,,Volume ×0.3 (épuisement),,,,,,,413270139,$413M,-2.28
CHRUSDT,CHR,Speculative,,0.01345,95860.83671,-1.465,47.75589737980719,7.26703059279309e-05,0.014036000000000002,0.018624500000000016,0.6963289569870662,0.4634253175646079,0.41261498028909327,0.11197053548829584,0.55852418292238,0.012850833333333336,0.02063694444444444,downtrend,0,1,baissier,365,0,0,30,,,17.0,37.0,68.5,47.0,24.4,46,25.33,-1,≈ Neutre vs BTC,False,False,,0,,,,46,2,,Volume ×0.1 (épuisement),,,,,,,,,
AVAUSDT,AVA,Speculative,944,0.1754,79818.14817,-0.904,46.73694996547264,-0.002252083330166366,0.171026,0.20698999999999995,0.7913933550919962,0.3983186549239392,0.3026421136909528,0.21647901164809016,0.5242607275354992,0.15689722222222222,0.22576111111111116,macd_bearish_cross|double_top_90d,0,2,baissier,365,0,0,30,,,17.0,57.0,68.5,47.0,0,46,26.27,-1,≈ Neutre vs BTC,False,False,,0,,,,46,7,🔴 Sortie,Volume ×0.2 (épuisement)|Double sommet|MACD cross baissier,14258049,14258049,999192438.574623,999192438.574623,1000000000.0,100.0,,,
BEAMXUSDT,BEAMX,Speculative,,0.001321,77985.021741,-0.975,36.237067575981186,-5.183318339996549e-06,0.00147606,0.0017889350000000002,0.6112712223261897,0.31930562861651757,0.3051025775907417,0.09585358631511329,0.43813261089263117,0.00133575,0.0017556944444444443,,0,0,neutre,365,0,0,30,,,17.0,28.0,68.5,47.0,50,46,25.79,-1,≈ Neutre vs BTC,False,False,,0,,,,46,3,,Volume ×0.1 (épuisement),,,,,,,,,
MTLUSDT,MTL,Speculative,844,0.186,27350.1312,0.0,29.497905889576685,-0.0014260400746511585,0.2145200000000001,0.2647849999999999,0.4008005273294094,0.42138364779874216,0.41509433962264153,0.16286219548709885,0.6554059613725199,0.2000833333333333,0.2871111111111111,macd_bearish_cross|doji_4h,0,1,baissier,365,0,0,30,,,17.0,19.0,79.0,47.0,28.7,46,24.06,-1,≈ Neutre vs BTC,False,False,,0,,,,46,5,⚠️ Surveiller,Volume ×0.2 (épuisement)|MACD cross baissier,17304649,17304649,92858285.0,92858285.0,,100.0,,,
KITEUSDT,KITE,Mid,142,0.0937,1206878.35583,-0.847,38.306284866919285,0.0003479734438910087,0.10759799999999999,0.16759950000000004,0.6824208164447944,0.6001716001716002,0.5988845988845989,0.3357440438677679,0.30218571873897904,0.09643888888888888,0.20703055555555555,rsi_bullish_divergence,1,0,haussier,288,0,0,30,,,28.9,28.0,55.0,68.0,55.3,45,35.06,-2,≈ Neutre vs BTC,False,False,,0,,,,45,2,,Volume ×0.3 (épuisement),223432628,934396960,2391196012.0,10000000000.0,10000000000.0,23.9,,,
NXPCUSDT,NXPC,Mid,356,0.2067,941023.26997,10.123,38.8055966497555,-0.002056385911106625,0.246024,0.2939419999999998,0.7285398829530358,0.5858959537572254,0.5211560693641618,1.9740377304080023,0.2517803776671969,0.22159444444444443,0.39111388888888876,downtrend,0,1,baissier,365,0,0,30,,,31.0,55.0,49.0,57.5,24.4,45,36.68,-2,≈ Neutre vs BTC,False,False,,0,,,,45,1,,,61571608,205011821,298695950.5175758,994552574.1697733,1000000000.0,30.0,,,
SANDUSDT,SAND,Mid,216,0.03998,559845.07757,1.679,40.17398540523589,0.0001203871709633006,0.044966000000000006,0.06764300000000004,0.4971436124592195,0.4768936286573694,0.45406070549630845,0.5635983546820345,0.6210217443286874,0.040761111111111116,0.06790527777777777,macd_bullish_cross|downtrend|doji_4h,1,1,mixte,365,0,0,30,,,31.0,37.0,79.0,57.5,24.4,45,36.32,-2,≈ Neutre vs BTC,False,False,,0,,,,45,2,,Volume ×0.6 (épuisement),117463565,119957085,2937639702.3733225,3000000000.0,3000000000.0,97.9,,,
LPTUSDT,LPT,Mid,370,1.183,162091.79743,-0.838,31.09919955781298,0.002511253977514394,1.4093600000000002,1.9633150000000006,0.5946714636310636,0.4893893460372456,0.4876569943698571,0.22951856729472203,0.5205528035135286,1.2432777777777775,2.1039444444444446,,0,0,neutre,365,0,0,30,,,31.0,19.0,79.0,47.0,50,45,34.86,-2,≈ Neutre vs BTC,False,False,,0,,,,45,2,,Volume ×0.2 (épuisement),58767208,58767208,49688954.55,49688954.55,,100.0,,,
ZILUSDT,ZIL,Mid,452,0.00227,119010.2871504,-0.787,38.05207003963183,-6.875670566238649e-06,0.0026837799999999993,0.0036260949999999998,1.1303315839656467,0.4412935323383084,0.43557213930348254,0.16145903574953616,0.30341978315820983,0.002382333333333334,0.0037668611111111106,,0,0,neutre,365,0,0,30,,,31.0,28.0,58.0,47.0,50,45,34.68,-2,≈ Neutre vs BTC,False,False,,0,,,,45,3,,Volume ×0.2 (épuisement),44194344,46540649,19513551525.0,20549543668.23796,21000000000.0,95.0,,,
ASTRUSDT,ASTR,Mid,494,0.004501,46935.3971284,-0.332,31.50322250028924,-1.813050845032144e-05,0.004957520000000002,0.0068498850000000035,0.29513257967230233,0.44398907103825136,0.44076005961251863,0.11688870568140254,0.6341175098147044,0.004707555555555555,0.007412555555555555,,0,0,neutre,365,0,0,30,,,31.0,19.0,79.0,47.0,50,45,34.86,-2,≈ Neutre vs BTC,False,False,,0,,,,45,3,,Volume ×0.1 (épuisement),39430184,39433695,8741085472.0,8741863669.0,10000000000.0,100.0,13580260,$14M,
ZBTUSDT,ZBT,Speculative,712,0.0787,1361399.45422,-7.953,39.483642576530265,-0.0040305203890624985,0.11223799999999999,0.1100624999999999,2.5032548036619104,0.5822245875465674,0.5822245875465674,0.7334173050800997,-0.06406416004081789,0.0927861111111111,0.14792777777777777,,0,0,neutre,305,0,0,30,,,15.4,45.0,28.0,68.0,50,45,25.96,-2,≈ Neutre vs BTC,False,False,,0,,,,45,1,,,22971333,78200282,293749996.0,1000000000.0,1000000000.0,29.4,54375993,$54M,0.86
SPYBUSDT,SPYB,Speculative,847,778.57,1072794.71167,0.165,66.45374964206911,0.9932280050250633,,,0.13192437742444502,0.03088956123082614,0.0,0.11853174292269829,,739.0337499999998,776.8199999999999,rsi_bearish_divergence,0,1,baissier,42,0,0,30,,,8.2,36.0,90.0,68.0,20.9,45,21.96,-2,≈ Neutre vs BTC,False,False,,0,,,,45,6,⚠️ Surveiller,Volume ×0.1 (épuisement)|Près du plus haut 90j (résistance)|Divergence RSI baissière,17205385,17205385,22113.48836713,22113.48836713,,100.0,,,
NBISBUSDT,NBISB,Speculative,,281.87,712725.29288,1.688,69.36431138951812,9.609910419941462,,,1.7236378052836852,0.3337899946968358,0.0,0.19350303058873647,,171.09812499999998,258.448125,,0,0,neutre,42,0,0,30,,,8.2,36.0,46.5,57.5,50,45,20.25,-2,≈ Neutre vs BTC,False,False,,0,,,,45,4,⚠️ Surveiller,Volume ×0.2 (épuisement)|Près du plus haut 90j (résistance),,,,,,,,,
OSMOUSDT,OSMO,Speculative,703,0.0302,163885.96346,-1.307,49.693067929200645,0.0004277601329573911,0.031786,0.037786999999999994,0.5161616458782955,0.5772870662460567,0.5236593059936908,0.3999403518288497,0.44483927316509986,0.028244444444444437,0.055719444444444446,downtrend|doji_4h,0,1,baissier,365,0,0,30,,,17.0,37.0,65.5,47.0,24.4,45,25.15,-2,≈ Neutre vs BTC,False,False,,0,,,,45,2,,Volume ×0.4 (épuisement),23631308,29350353,785035608.077227,975023149.903183,1000000000.0,80.5,11925452,$12M,-3.22
SAPIENUSDT,SAPIEN,Speculative,909,0.0775,131655.74334,-0.386,47.180266758996865,-0.0004918638127895266,0.077912,0.084835,0.6491930094307694,0.42719227674979887,0.3748994368463394,0.12423894207699737,0.30100943296188876,0.07338888888888889,0.10351666666666667,double_top_90d,0,1,baissier,285,0,0,30,,,14.8,37.0,68.5,47.0,20.9,45,23.63,-2,≈ Neutre vs BTC,False,False,,0,,,,45,5,⚠️ Surveiller,Volume ×0.1 (épuisement)|Double sommet,15271095,77541435,196941099.43012023,1000000000.0,1000000000.0,19.7,,,
NEXOUSDT,NEXO,Etabli,82,0.701,477158.37831,-0.142,35.76877476490334,-0.001856605156215694,0.73996,0.828135,0.23429769621268678,0.2123595505617978,0.2123595505617978,0.41255432621686844,0.7646430581655526,0.7102777777777777,0.8492777777777776,macd_bearish_cross,0,1,baissier,365,0,0,30,,,45.0,28.0,87.5,47.0,28.7,44,44.69,-3,≈ Neutre vs BTC,False,False,,0,,,,44,5,⚠️ Surveiller,Volume ×0.4 (épuisement)|MACD cross baissier,699962688,699962688,1000000000.0,1000000000.0,1000000000.0,100.0,269288981,$269M,-3.41
MEMEUSDT,MEME,Mid,437,0.000465,513259.612197,-3.727,36.03138980136965,-2.5830953130097842e-06,0.00053472,0.0005765500000000001,0.4836823047484416,0.28438948995363217,0.28129829984544047,0.3549345632946264,0.3287708856126617,0.00048522222222222223,0.0006243055555555554,macd_bearish_cross|uptrend,1,1,mixte,365,0,0,30,,,31.0,28.0,83.5,57.5,28.7,44,35.77,-3,≈ Neutre vs BTC,False,False,,0,,,,44,5,⚠️ Surveiller,Volume ×0.4 (épuisement)|MACD cross baissier,46564470,46564470,100000000000.0,100000000000.0,100000000000.0,100.0,,,
PYTHUSDT,PYTH,Mid,118,0.03941,415635.979965,0.178,43.66335528986324,-6.009128115175321e-05,0.04257800000000001,0.044219000000000036,0.5567491168247768,0.2699530516431925,0.22156163297661505,0.06385121122193602,0.4989118225852541,0.033441666666666654,0.04764472222222221,macd_bearish_cross,0,1,baissier,365,0,0,30,,,31.0,28.0,83.5,47.0,28.7,44,34.93,-3,≈ Neutre vs BTC,False,False,,0,,,,44,5,⚠️ Surveiller,Volume ×0.1 (épuisement)|MACD cross baissier,310571262,394377792,7874968344.959185,10000000000.0,10000000000.0,78.7,,,
APEUSDT,APE,Mid,210,0.1247,279849.833901,1.218,37.4456545850283,-0.0005032039991765564,0.14090199999999997,0.1265080000000001,0.5383778203366602,0.2682926829268293,0.2587745389649018,0.13450944223693878,0.11720771080087486,0.12340000000000001,0.1547,downtrend|morning_star_4h,1,1,mixte,365,0,0,30,,,31.0,36.0,77.5,47.0,24.4,44,35.27,-3,≈ Neutre vs BTC,False,False,,0,,,,44,3,,Volume ×0.1 (épuisement),124633926,124633926,1000000000.0,1000000000.0,1000000000.0,100.0,,,
AUSDT,A,Mid,237,0.0616,87882.1221,0.163,38.61277695063235,-8.972698381395266e-05,0.06675400000000001,0.07658849999999998,0.34763667058873254,0.27040194884287455,0.25213154689403167,0.08499601168450412,0.5009611272205411,0.060716666666666655,0.07844166666666665,macd_bearish_cross|morning_star_4h,1,1,mixte,365,0,0,30,,,31.0,28.0,83.5,47.0,28.7,44,34.93,-3,≈ Neutre vs BTC,False,False,,0,,,,44,5,⚠️ Surveiller,Volume ×0.1 (épuisement)|MACD cross baissier,101981644,128932029,1661041509.9718,2100000000.0,2100000000.0,79.1,,,
NMRUSDT,NMR,Mid,380,8.09,50266.0088,-0.247,34.26775183798313,-0.01380142726416897,9.1014,8.54155,0.3196551622031096,0.2259615384615384,0.2211538461538462,0.054521280853988045,0.3335266149627586,8.0825,9.988611111111112,downtrend|doji_4h,0,1,baissier,365,0,0,30,,,31.0,27.0,95.5,47.0,24.4,44,35.27,-3,≈ Neutre vs BTC,False,False,,0,,,,44,3,,Volume ×0.1 (épuisement),56317805,85992052,6959041.002696706,10625808.56516821,11000000.0,65.5,,,
BANKUSDT,BANK,Speculative,908,0.036,2947920.26319,-2.439,38.64153698101769,-0.0013952166572678698,0.09309799999999997,0.05132000000000001,5.1960483824350305,0.9075585988938635,0.905451672372926,0.8795985069539498,0.0780919578244377,0.03328611111111113,0.19532222222222223,uptrend,1,0,haussier,278,0,0,30,,,14.6,45.0,22.0,68.0,50,44,25.1,-3,≈ Neutre vs BTC,False,False,,0,,,,44,1,,,15276234,15276234,425250000.0,425250000.0,2100000000.0,100.0,,,
OPNUSDT,OPN,Speculative,,0.052,750625.93025,-0.952,46.47555501547864,0.0008102569661700043,0.057673999999999996,,0.9594117204185834,0.8230769230769232,0.8003846153846154,0.09218708494914148,-0.01251904155987355,0.04950833333333333,0.17403888888888888,downtrend,0,1,baissier,166,0,0,30,,,11.5,45.0,43.0,57.5,24.4,44,21.89,-3,≈ Neutre vs BTC,False,False,,0,,,,44,2,,Volume ×0.1 (épuisement),,,,,,,3691083,$4M,0.35
0GUSDT,0G,Speculative,566,0.157,325844.30896,-3.681,45.7860510916468,0.003693166957525305,0.17376000000000003,0.4266800000000004,0.720144402627887,0.7223340040241448,0.6841046277665995,0.15893616689253182,0.4693546792601246,0.14941666666666661,0.42891666666666667,downtrend|doji_4h,0,1,baissier,330,0,0,30,,,16.0,37.0,55.0,47.0,24.4,44,23.87,-3,≈ Neutre vs BTC,False,False,,0,,,,44,2,,Volume ×0.2 (épuisement),33412014,156716966,213199722.0,1000000000.0,,21.3,,,
YGGUSDT,YGG,Speculative,802,0.02002,255006.979715,0.603,54.500387990350575,0.0002754540344014117,0.020058,0.033066600000000015,0.6623021472820769,0.5557563242127,0.48347960764068143,0.26180908147234794,0.6114047719892638,0.01805638888888889,0.035022500000000005,downtrend,0,1,baissier,365,0,0,30,,,17.0,37.0,59.5,47.0,24.4,44,24.79,-3,≈ Neutre vs BTC,False,False,,0,,,,44,2,,Volume ×0.3 (épuisement),18801042,19999429,940078936.9217188,1000000000.0,1000000000.0,94.0,,,
TRBUSDT,TRB,Speculative,523,13.1,205504.69292,-0.38,36.60594638003722,-0.014676758282517022,14.433000000000002,15.638549999999992,0.2870947343275361,0.30027100271002705,0.28997289972899726,0.08822435077891523,0.4891842547851812,13.00861111111111,17.16722222222223,macd_bearish_cross|doji_4h,0,1,baissier,365,0,0,30,,,17.0,28.0,83.5,47.0,28.7,44,25.41,-3,≈ Neutre vs BTC,False,False,,0,,,,44,5,⚠️ Surveiller,Volume ×0.1 (épuisement)|MACD cross baissier,36694933,37769780,2803203.5228540357,2885313.333982516,,97.2,,,
DYMUSDT,DYM,Speculative,,0.01466,204064.134011,-1.545,52.018655009352614,0.000127936425248744,0.014753800000000001,0.024182799999999997,0.6191611792188214,0.542756183745583,0.48268551236749113,0.15349239686046975,0.5036080741901394,0.013714999999999996,0.022597500000000006,downtrend,0,1,baissier,365,0,0,30,,,17.0,37.0,59.5,47.0,24.4,44,24.79,-3,≈ Neutre vs BTC,False,False,,0,,,,44,2,,Volume ×0.2 (épuisement),,,,,,,,,
PHAUSDT,PHA,Speculative,813,0.0219,146306.7402,0.0,46.82241694403093,0.00019319659896950168,0.023118000000000007,0.031063500000000004,0.6152616965349853,0.632768361581921,0.5875706214689266,0.07825707971595286,0.36312196776612654,0.020933333333333335,0.04107222222222221,downtrend,0,1,baissier,365,0,0,30,,,17.0,37.0,55.0,47.0,24.4,44,24.52,-3,≈ Neutre vs BTC,False,False,,0,,,,44,2,,Volume ×0.1 (épuisement),18405213,21898031,840496260.4928192,1000000000.0,1000000000.0,84.0,,,
OGUSDT,OG,Speculative,,2.493,116515.1811,-1.618,43.94305703493473,-0.006107363243556355,2.56204,2.897595000000001,0.3172355926855416,0.26473339569691295,0.22232616152167123,0.12088031319843831,0.48339025731897867,2.450305555555555,2.926861111111112,macd_bearish_cross|uptrend,1,1,mixte,365,0,0,30,,,17.0,28.0,83.5,47.0,28.7,44,25.41,-3,≈ Neutre vs BTC,False,False,,0,,,,44,5,⚠️ Surveiller,Volume ×0.1 (épuisement)|MACD cross baissier,,,,,,,,,
CTSIUSDT,CTSI,Speculative,711,0.02459,68382.13678,-0.967,51.559196802381834,-3.042312403118237e-05,0.0233394,0.026762450000000014,1.6000088850015486,0.3211488250652742,0.19875979112271547,0.13692046582095094,0.34443114405300806,0.021413611111111112,0.02940361111111111,macd_bearish_cross|bearish_engulfing_4h,0,2,baissier,365,0,0,30,,,17.0,57.0,52.0,47.0,3.8,44,25.51,-3,≈ Neutre vs BTC,False,False,,0,,,,44,7,🔴 Sortie,Volume ×0.1 (épuisement)|Engloutissement baissier 4h|MACD cross baissier,22997042,24642814,933214931.7900137,1000000000.0,1000000000.0,93.3,,,
RPLUSDT,RPL,Speculative,598,1.37,61366.6544,-0.725,31.472445381251944,-0.011198190536328687,1.64,1.7259499999999992,0.38129350693430064,0.3846153846153846,0.3800904977375565,0.10926423854093066,0.2608306643430718,1.3177777777777775,1.8899999999999997,doji_4h,0,0,neutre,365,0,0,30,,,17.0,19.0,73.0,47.0,50,44,24.98,-3,≈ Neutre vs BTC,False,False,,0,,,,44,3,,Volume ×0.1 (épuisement),31017739,31017739,22704416.62794435,22704416.62794435,,100.0,1000838678,$1.0B,-0.92
SCUSDT,SC,Speculative,705,0.000469,58676.202413,1.515,28.293928712603815,1.4554501134903496e-06,0.0005601199999999999,0.000868285,0.3729615609527176,0.5053648068669528,0.4935622317596567,0.24281718184555437,0.6248784362659592,0.0004900555555555554,0.0008785555555555555,downtrend,0,1,baissier,365,0,0,30,,,17.0,19.0,70.0,47.0,24.4,44,23.26,-3,≈ Neutre vs BTC,False,False,,0,,,,44,2,,Volume ×0.2 (épuisement),23261181,23261181,49751295000.0225,49751295000.0225,,100.0,,,
NEARUSDT,NEAR,Etabli,38,1.644,7102521.4134,1.985,43.43547049433364,0.009284923666706468,1.8027999999999995,1.5911400000000007,0.4820858484649662,0.43485977990770325,0.41569045083422085,0.16297509140652644,0.29701956614701897,1.6331944444444444,2.4715833333333337,downtrend,0,1,baissier,365,0,0,30,,,45.0,36.0,73.0,78.5,24.4,43,47.04,-4,≈ Neutre vs BTC,False,False,,0,,,,43,2,,Volume ×0.2 (épuisement),2144488099,2144488099,1303791284.0,1303818596.0,,100.0,,,
DOTUSDT,DOT,Etabli,55,0.761,1965260.3347,0.0,37.12053089703419,-0.002870265570525653,0.81934,1.1603049999999997,0.4490601721857462,0.4138996138996139,0.41235521235521233,0.18592580005007234,0.6407603199256274,0.7766944444444444,1.191361111111111,macd_bearish_cross,0,1,baissier,365,0,0,30,,,45.0,28.0,79.0,68.0,28.7,43,45.86,-4,≈ Neutre vs BTC,False,False,,0,,,,43,5,⚠️ Surveiller,Volume ×0.2 (épuisement)|MACD cross baissier,1292527104,1292536718,1698395255.797958,1698408016.790021,2100000000.0,100.0,1815719,$2M,
SNDKBUSDT,SNDKB,Mid,498,1740.22,12104933.371736,4.505,63.83850247228904,72.1515783431671,1538.4487999999997,,1.7811512430554346,0.5646750827011243,0.24942314078815148,0.4023847360085214,,1202.5777777777776,2187.5822222222228,downtrend,0,1,baissier,68,0,0,30,,,22.9,45.0,33.0,78.5,24.4,43,30.67,-4,≈ Neutre vs BTC,False,False,,0,,,,43,2,,Volume ×0.4 (épuisement),38689030,38972306,22228.51002168,22391.26428101,,99.3,,,
INJUSDT,INJ,Mid,103,4.184,3133322.44597,1.308,37.282952368508454,-0.04776948319981919,4.790100000000001,4.122815000000001,0.643637989793733,0.41602288984263236,0.40171673819742487,0.21151292125677718,0.38768088578611426,4.392722222222222,6.007916666666667,downtrend,0,1,baissier,365,0,0,30,,,31.0,36.0,68.5,68.0,24.4,43,36.41,-4,≈ Neutre vs BTC,False,False,,0,🔥 Trending #14 sur CoinGecko,14,,43,3,,Volume ×0.2 (épuisement),417231293,417231293,100000000.0,100000000.0,,100.0,6216693,$6M,-1.59
REDUSDT,RED,Mid,482,0.084,780349.59607,-4.87,37.966204178843064,0.0004033378051417594,0.09578399999999998,0.1269925,0.4065194129180309,0.38461538461538464,0.38461538461538464,0.4812019419204109,0.5358343040760138,0.08692777777777777,0.12535555555555558,rsi_bullish_divergence|downtrend,1,1,mixte,365,0,0,30,,,31.0,28.0,79.0,57.5,29.6,43,35.56,-4,≈ Neutre vs BTC,False,False,,0,,,,43,2,,Volume ×0.5 (épuisement),40764711,84365722,483190450.0,1000000000.0,1000000000.0,48.3,,,
WIFUSDT,WIF,Mid,198,0.1373,759802.078018,0.219,40.94129873410713,0.0002920424175250234,0.15079599999999999,0.18228500000000014,0.47998270398079523,0.32537313432835824,0.3169154228855722,0.21394285566733673,0.46003104588105853,0.1385777777777778,0.1896111111111111,support_bounce|downtrend,1,1,mixte,365,0,0,30,,,31.0,28.0,79.0,57.5,27.1,43,35.41,-4,≈ Neutre vs BTC,False,False,,0,,,,43,2,,Volume ×0.2 (épuisement),137160443,137160443,998926392.0,998926392.0,998926392.0,100.0,,,
EIGENUSDT,EIGEN,Mid,188,0.1722,711044.422416,1.713,40.2047903225461,0.0006293258131349275,0.20552399999999998,0.19970349999999992,0.6623060194330944,0.4143859649122807,0.39684210526315783,0.11598444541926817,0.31713923273694344,0.1716916666666667,0.25251388888888887,macd_bullish_cross|support_bounce|downtrend,2,1,haussier,365,0,0,30,,,31.0,36.0,68.5,57.5,27.1,43,35.74,-4,≈ Neutre vs BTC,False,False,,0,,,,43,2,,Volume ×0.1 (épuisement),150223444,315061148,874012087.1404489,1833051119.887023,,47.7,5063295862,$5.1B,-1.08
LUNCUSDT,LUNC,Mid,131,4.813e-05,625665.2057925,-0.021,37.26019937483479,2.199300335156764e-07,5.494059999999999e-05,5.522055000000001e-05,0.47517516105422375,0.4706078824315298,0.46403918949009126,0.10448736434836353,0.5177918216172852,4.911388888888889e-05,8.040888888888889e-05,death_cross,0,1,baissier,365,0,0,30,,,31.0,28.0,79.0,57.5,29.6,43,35.55,-4,≈ Neutre vs BTC,False,False,,0,,,,43,2,,Volume ×0.1 (épuisement),265482683,310288317,5520632308456.636,6452351972821.203,,85.6,,,
AXSUSDT,AXS,Mid,185,0.865,525659.29147,-0.115,44.73202256413905,0.0033157636904273154,0.9241400000000002,1.1418,0.435307113762273,0.31753948462177894,0.2809642560266002,0.11413576631347297,0.453382975782293,0.8493055555555556,1.1696388888888893,bearish_engulfing_4h,0,1,baissier,365,0,0,30,,,31.0,28.0,83.5,57.5,25.1,43,35.55,-4,≈ Neutre vs BTC,False,False,,0,,,,43,4,⚠️ Surveiller,Volume ×0.1 (épuisement)|Engloutissement baissier 4h,150789382,233411560,174426379.00134403,270000000.0,270000000.0,64.6,,,
GRTUSDT,GRT,Mid,246,0.01339,333790.44112,-0.888,27.076449516042942,1.457515797667272e-05,0.0160138,0.022674249999999996,0.39580125558935053,0.528281750266809,0.5240128068303095,0.3278135605578174,0.6358741906305229,0.014143611111111109,0.02535166666666666,downtrend,0,1,baissier,365,0,0,30,,,31.0,19.0,65.5,47.0,24.4,43,32.51,-4,≈ Neutre vs BTC,False,False,,0,,,,43,2,,Volume ×0.3 (épuisement),97342381,144621100,7269501431.541644,10800262816.048214,10800262823.318213,67.3,,,
BATUSDT,BAT,Mid,265,0.0597,292328.2875,0.336,29.486590263148727,-8.376932114535687e-05,0.07388800000000001,0.0963304999999999,0.4990161629916714,0.5267111853088481,0.5025041736227045,0.13235447930590757,0.5118955531661099,0.0636638888888889,0.10435,downtrend,0,1,baissier,365,0,0,30,,,31.0,19.0,65.5,47.0,24.4,43,32.51,-4,≈ Neutre vs BTC,False,False,,0,,,,43,3,,Volume ×0.1 (épuisement),89245213,89500310,1495724656.9526057,1500000000.0,1500000000.0,99.7,,,
STXUSDT,STX,Mid,140,0.1209,244106.39619,-1.064,29.210720344743493,0.00020527716909328649,0.15022000000000002,0.21302250000000003,0.7024146981516952,0.5179140127388535,0.5179140127388535,0.1543096804047293,0.6476847476558095,0.12921388888888885,0.23151666666666668,rsi_bullish_divergence|downtrend,1,1,mixte,365,0,0,30,,,31.0,19.0,55.0,47.0,29.6,43,32.2,-4,≈ Neutre vs BTC,False,False,,0,,,,43,2,,Volume ×0.2 (épuisement),225029463,225034058,1859117061.472249,1859148741.472249,,100.0,,,
ROSEUSDT,ROSE,Mid,466,0.00533,214641.518475,-1.296,44.59164093460454,-8.388989095896429e-06,0.0055606,0.00935190000000001,0.5459466814006378,0.4869739478957915,0.46593186372745493,0.1296522433297113,0.6095763041513143,0.005278055555555555,0.009061944444444442,macd_bearish_cross,0,1,baissier,365,0,0,30,,,31.0,28.0,79.0,47.0,28.7,43,34.66,-4,≈ Neutre vs BTC,False,False,,0,,,,43,5,⚠️ Surveiller,Volume ×0.1 (épuisement)|MACD cross baissier,42198124,53215582,7929655538.0,10000000000.0,10000000000.0,79.3,,,
YFIUSDT,YFI,Mid,318,1953.0,83395.49949,0.774,43.23970095490844,-12.52257266012169,2039.84,2393.01,0.39102043129047365,0.35481304693715193,0.27575982209043737,0.02958514678627567,0.38364674644628005,1729.9166666666667,2394.222222222222,downtrend,0,1,baissier,365,0,0,30,,,31.0,28.0,83.5,47.0,24.4,43,34.67,-4,≈ Neutre vs BTC,False,False,,0,,,,43,3,,Volume ×0.0 (épuisement),70338126,71567918,36035.94701468851,36666.0,36666.0,98.3,171769583,$172M,-3.14
XNOUSDT,XNO,Mid,431,0.358,49199.37977,1.13,41.683004670617436,-0.007116220030571836,0.36591999999999997,0.4450100000000001,1.7715009718941415,0.3274336283185841,0.2572614107883818,0.3669211152542446,0.18632315094352317,0.3164166666666666,0.45175000000000015,,0,0,neutre,365,0,0,30,,,31.0,28.0,46.0,47.0,50,43,33.96,-4,≈ Neutre vs BTC,False,False,,0,,,,43,3,,Volume ×0.4 (épuisement),47648406,47648406,133248297.0,133248297.0,133248297.0,100.0,,,
ZRXUSDT,ZRX,Mid,344,0.0762,22273.3617,-0.262,36.41742841810817,-0.00025206226754859195,0.082696,0.09855099999999997,0.3727420862500652,0.3066298342541436,0.30202578268876606,0.042956857179493546,0.537912845837323,0.07746388888888889,0.10215833333333336,macd_bearish_cross,0,1,baissier,365,0,0,30,,,31.0,28.0,79.0,47.0,28.7,43,34.66,-4,≈ Neutre vs BTC,False,False,,0,,,,43,5,⚠️ Surveiller,Volume ×0.0 (épuisement)|MACD cross baissier,64452744,75970067,848396562.906836,1000000000.0,1000000000.0,84.8,,,
HOMEUSDT,HOME,Speculative,615,0.007,5194467.55036,-9.677,37.90085947343182,0.0001515585913316646,0.010454999999999999,0.020467650000000007,1.4626457765071657,0.9116626171468241,0.8788615064213815,0.8305521450799235,-0.11952244497074617,0.00639138888888889,0.03885166666666667,doji_4h,0,0,neutre,365,0,0,30,,,17.0,37.0,32.5,78.5,50,43,27.23,-4,≈ Neutre vs BTC,False,False,,0,,,,43,0,,,29916184,69469410,4306382317.14,10000000000.0,10000000000.0,43.1,,,
KATUSDT,KAT,Speculative,,0.00443,471171.00756,2.309,45.07132701994206,1.3054149043241427e-05,0.004716399999999999,,0.5091318320400643,0.5029239766081871,0.4830409356725146,0.35852988155888543,0.3768541869421392,0.004409444444444445,0.007614444444444445,downtrend|bearish_engulfing_4h,0,2,baissier,153,0,0,30,,,11.2,45.0,70.0,47.0,0,43,20.97,-4,≈ Neutre vs BTC,False,False,,0,,,,43,4,⚠️ Surveiller,Volume ×0.4 (épuisement)|Engloutissement baissier 4h,,,,,,,,,
DOGSUSDT,DOGS,Speculative,826,3.454e-05,153074.41293938,0.203,44.53216794199414,2.5496127568443536e-08,3.69938e-05,3.702814999999999e-05,0.5334627915979083,0.43080808080808075,0.4188552188552188,0.07614388293343029,0.522337294506078,3.458166666666667e-05,5.079944444444445e-05,death_cross,0,1,baissier,365,0,0,30,,,17.0,28.0,79.0,47.0,29.6,43,25.19,-4,≈ Neutre vs BTC,False,False,,0,,,,43,2,,Volume ×0.1 (épuisement),17832728,18980166,516750000000.0,550000000000.0,550000000000.0,94.0,,,
RESOLVUSDT,RESOLV,Speculative,,0.01714,152972.429988,-3.109,47.36656803353103,0.00011699284238451057,0.0187982,0.03754955000000001,1.0477774754991538,0.49657534246575347,0.41404109589041094,0.05369300081447296,0.2296359175817867,0.015926388888888893,0.02539166666666666,downtrend,0,1,baissier,365,0,0,30,,,17.0,37.0,52.0,47.0,24.4,43,24.34,-4,≈ Neutre vs BTC,False,False,,0,,,,43,2,,Volume ×0.1 (épuisement),,,,,,,6104640,$6M,-3.86
AMPUSDT,AMP,Speculative,563,0.000375,128210.238663,-0.794,28.069788209099826,1.1153876368043984e-06,0.00041609999999999987,0.0008800950000000008,0.254973019814598,0.5563463819691578,0.5539739027283511,0.18878890162440856,0.6799830532922936,0.0003865555555555557,0.0007523888888888889,downtrend,0,1,baissier,365,0,0,30,,,17.0,19.0,65.5,47.0,24.4,43,22.99,-4,≈ Neutre vs BTC,False,False,,0,,,,43,2,,Volume ×0.2 (épuisement),33700685,37431457,89781193103.18022,99720253743.71327,100000000000.0,90.0,,,
ZKPUSDT,ZKP,Speculative,,0.0402,127154.93668,-1.471,35.29542466062651,-0.00038561357880229877,0.04559,0.06846400000000001,0.5599695237349606,0.48262548262548266,0.48262548262548266,0.14188871071771,0.4219477250130934,0.042636111111111125,0.0700472222222222,rsi_bullish_divergence|downtrend,1,1,mixte,223,0,0,30,,,13.1,28.0,79.0,47.0,29.6,43,22.55,-4,≈ Neutre vs BTC,False,False,,0,,,,43,3,,Volume ×0.1 (épuisement),,,,,,,,,
CELOUSDT,CELO,Speculative,527,0.0603,91464.652255,-0.298,39.46550197127027,4.591171179114039e-06,0.06525900000000001,0.07581560000000001,0.39421462545555286,0.30572414613828386,0.28263715339759604,0.15791369570845026,0.4035978460096891,0.05936944444444445,0.07779305555555556,macd_bullish_cross|downtrend,1,1,mixte,365,0,0,30,,,17.0,28.0,83.5,47.0,24.4,43,25.15,-4,≈ Neutre vs BTC,False,False,,0,,,,43,2,,Volume ×0.2 (épuisement),36519076,60330521,605316779.0,1000000000.0,1000000000.0,60.5,,,
ASRUSDT,ASR,Speculative,,0.849,65310.435,-0.702,44.21282532581825,-0.0006964727636891181,0.8598799999999998,1.1349600000000009,0.2482205193762207,0.2996575342465753,0.2756849315068493,0.07221539043567225,0.21512499268738622,0.8366666666666668,1.1098611111111114,macd_bearish_cross,0,1,baissier,365,0,0,30,,,17.0,28.0,77.5,47.0,28.7,43,25.05,-4,≈ Neutre vs BTC,False,False,,0,,,,43,5,⚠️ Surveiller,Volume ×0.1 (épuisement)|MACD cross baissier,,,,,,,,,
METISUSDT,METIS,Speculative,819,2.36,57816.60369,-0.84,37.126187108272546,-0.0009587855472785456,2.6301999999999994,3.1306000000000007,0.403972047509432,0.34463276836158196,0.33333333333333337,0.09288455861463904,0.6107869451112158,2.4188888888888886,3.2983333333333333,macd_bearish_cross,0,1,baissier,365,0,0,30,,,17.0,28.0,79.0,47.0,28.7,43,25.14,-4,≈ Neutre vs BTC,False,False,,0,,,,43,5,⚠️ Surveiller,Volume ×0.1 (épuisement)|MACD cross baissier,18258539,23620523,7729946.842,10000000.0,10000000.0,77.3,22863116,$23M,-4.65
MASKUSDT,MASK,Speculative,546,0.348,48178.3614,-0.855,40.163684145377665,9.068544702033922e-05,0.37790000000000007,0.43165999999999977,0.36808744901183726,0.2848101265822784,0.26371308016877637,0.1048688489435231,0.5349283472862933,0.34733333333333327,0.4438333333333333,downtrend,0,1,baissier,365,0,0,30,,,17.0,28.0,83.5,47.0,24.4,43,25.15,-4,≈ Neutre vs BTC,False,False,,0,,,,43,2,,Volume ×0.1 (épuisement),34930355,34930355,100000000.0,100000000.0,100000000.0,100.0,,,
BANDUSDT,BAND,Speculative,648,0.1519,47061.2431,-1.683,43.01302900288135,-0.000988239082580166,0.159964,0.198562,0.5169791538336912,0.3594470046082949,0.3,0.22546843828374086,0.4585276640989467,0.14783333333333332,0.19992222222222222,macd_bearish_cross|uptrend,1,1,mixte,365,0,0,30,,,17.0,28.0,79.0,47.0,28.7,43,25.14,-4,≈ Neutre vs BTC,False,False,,0,,,,43,5,⚠️ Surveiller,Volume ×0.2 (épuisement)|MACD cross baissier,27417693,27427425,180718960.364949,180783314.684223,,100.0,,,
ONDOUSDT,ONDO,Etabli,44,0.3379,4618780.3406,4.162,43.22329611264308,-0.0037139165498413715,0.3534080000000001,0.31442599999999993,0.676609130548838,0.29925017041581453,0.23244717109747787,0.20626011404182185,0.3497241040238082,0.31473333333333336,0.41356111111111116,double_top_90d|uptrend,1,1,mixte,365,0,0,30,,,45.0,36.0,73.0,68.0,20.9,42,45.99,-5,≈ Neutre vs BTC,False,False,,0,,,,42,5,⚠️ Surveiller,Volume ×0.2 (épuisement)|Double sommet,1645426953,3379164555,4869330647.0,10000000000.0,10000000000.0,48.7,2521348083,$2.5B,0.25
AAVEUSDT,AAVE,Etabli,52,86.38,3265108.69048,0.349,40.584233775752146,-0.6209631365497705,91.6938,96.55195000000005,0.5836743150060472,0.30852994555353896,0.14891100817975755,0.1190170568178103,0.559034409467095,67.49194444444446,97.60194444444443,double_top_90d,0,1,baissier,365,0,0,30,,,45.0,28.0,83.5,68.0,20.9,42,45.66,-5,≈ Neutre vs BTC,False,False,,0,,,,42,5,⚠️ Surveiller,Volume ×0.1 (épuisement)|Double sommet,1329674654,1379438386,15422794.291353565,16000000.0,16000000.0,96.4,14247348840,$14.2B,0.06
BCHUSDT,BCH,Etabli,21,205.6,2545474.5447,0.982,39.54383731323187,-0.5335211468954721,219.26599999999996,363.3695,0.3325496697686226,0.4994742376445846,0.45899053627760245,0.27142590471662303,0.7153017007922355,196.00277777777777,314.43055555555554,macd_bearish_cross,0,1,baissier,365,0,0,30,,,45.0,28.0,71.0,68.0,28.7,42,45.38,-5,≈ Neutre vs BTC,False,False,,0,,,,42,5,⚠️ Surveiller,Volume ×0.3 (épuisement)|MACD cross baissier,4124418096,4124426442,20076359.27165078,20076687.39665078,21000000.0,100.0,,,
OPUSDT,OP,Mid,160,0.085,1090912.517976,-0.118,41.79293704879527,6.953217300190813e-05,0.09400200000000002,0.1213595000000001,0.5676086161333044,0.3723564954682779,0.3580060422960724,0.20883018304130693,0.46232276753281903,0.08644166666666667,0.1228861111111111,downtrend,0,1,baissier,365,0,0,30,,,31.0,28.0,79.0,68.0,24.4,42,36.08,-5,≈ Neutre vs BTC,False,False,,0,,,,42,2,,Volume ×0.2 (épuisement),194231819,364607166,2287994831.0,4294967296.0,4294967296.0,53.3,534466271,$534M,1.16
SENTUSDT,SENT,Mid,259,0.01281,311670.43954,-1.081,42.446549156748404,-4.575300276786362e-05,0.013513799999999994,0.017804850000000004,0.5618759687723067,0.40906775343861446,0.34844625573102406,0.13172988936013816,0.2367747991127688,0.012573333333333332,0.016845000000000002,macd_bearish_cross,0,1,baissier,208,0,0,30,,,26.7,28.0,73.0,47.0,28.7,42,31.38,-5,≈ Neutre vs BTC,False,False,,0,,,,42,5,⚠️ Surveiller,Volume ×0.1 (épuisement)|MACD cross baissier,92488579,439062609,7237882055.0,34359738368.0,34359738368.0,21.1,,,
FLOKIUSDT,FLOKI,Mid,158,2.036e-05,262850.24071502,0.0,42.287031508714364,1.49497947777275e-08,2.1507000000000006e-05,2.7461800000000026e-05,0.42206791026747165,0.34879948085658663,0.34036340038935753,0.06577250288228614,0.6068791984453387,2.0449444444444447e-05,2.8546666666666666e-05,downtrend,0,1,baissier,365,0,0,30,,,31.0,28.0,79.0,47.0,24.4,42,34.4,-5,≈ Neutre vs BTC,False,False,,0,,,,42,2,,Volume ×0.1 (épuisement),196140891,406694234,9645619477271.893,9645619477271.893,20000000000000.0,100.0,10127263,$10M,-2.74
LINEAUSDT,LINEA,Mid,402,0.002141,222552.059986,-0.696,39.226663913208284,-9.118465039582434e-07,0.0023394400000000004,0.003022520000000001,0.3930634836399975,0.38882488479262667,0.38392857142857145,0.1550507309626449,0.5595291982398768,0.002189361111111112,0.0030714444444444444,downtrend,0,1,baissier,342,0,0,30,,,30.4,28.0,79.0,47.0,24.4,42,33.97,-5,≈ Neutre vs BTC,False,False,,0,,,,42,3,,Volume ×0.2 (épuisement),52444203,153082933,24527101521.37352,71593816498.0,72009990000.0,34.3,,,
XTZUSDT,XTZ,Mid,146,0.1976,164993.70914,0.0,41.086041810424845,0.0007648676668234123,0.21658599999999992,0.3172014999999998,0.40890396953352376,0.44371428571428567,0.4354285714285714,0.3278931657749664,0.6007715057832604,0.19883611111111113,0.3180916666666666,downtrend,0,1,baissier,365,0,0,30,,,31.0,28.0,79.0,47.0,24.4,42,34.4,-5,≈ Neutre vs BTC,False,False,,0,,,,42,2,,Volume ×0.3 (épuisement),216366994,220319981,1093665821.782139,1113646926.379151,,98.2,,,
IMXUSDT,IMX,Mid,251,0.1085,110897.349851,-0.184,38.23281462046405,0.0005075705254835557,0.12122399999999997,0.1496935000000001,0.4482699072896203,0.38876146788990823,0.37786697247706424,0.051178991422387556,0.6110397180736403,0.10940277777777781,0.16319722222222224,downtrend,0,1,baissier,365,0,0,30,,,31.0,28.0,79.0,47.0,24.4,42,34.4,-5,≈ Neutre vs BTC,False,False,,0,,,,42,2,,Volume ×0.1 (épuisement),95365875,216870736,879472049.1198139,2000000000.0,2000000000.0,44.0,22276005,$22M,-0.7
AXLUSDT,AXL,Mid,458,0.0357,71126.640605,-0.833,37.945801291263685,0.00011193833852877273,0.039428,0.050931999999999984,0.39383738214314523,0.4253246753246753,0.4204545454545454,0.10985896934221472,0.5478363520063759,0.03636111111111113,0.055125,downtrend,0,1,baissier,365,0,0,30,,,31.0,28.0,79.0,47.0,24.4,42,34.4,-5,≈ Neutre vs BTC,False,False,,0,,,,42,2,,Volume ×0.1 (épuisement),43638589,44672960,1222174112.39265,1251143693.734377,,97.7,130055832,$130M,-1.88
GLMUSDT,GLM,Mid,268,0.0882,34693.02986,-0.226,37.452046753548125,3.790768439470085e-05,0.0963,0.1281395,0.4000833395277868,0.3744650499286733,0.37018544935805986,0.10900861291183397,0.4593709773841611,0.09038333333333333,0.13346666666666668,macd_bullish_cross|downtrend,1,1,mixte,365,0,0,30,,,31.0,28.0,79.0,47.0,24.4,42,34.4,-5,≈ Neutre vs BTC,False,False,,0,,,,42,2,,Volume ×0.1 (épuisement),88064206,88064206,1000000000.0,1000000000.0,,100.0,,,
MOVRUSDT,MOVR,Speculative,,0.777,2957695.675881,-3.717,22.854041782976722,-0.03157935061822541,1.1940200000000003,1.4936850000000002,1.0124218034214758,0.6715328467153284,0.6668097896092744,1.1091477410512167,0.47009645401202893,1.0226944444444444,1.8335555555555558,downtrend,0,1,baissier,365,0,0,30,,,17.0,28.0,44.5,68.0,24.4,42,24.49,-5,≈ Neutre vs BTC,False,False,,0,,,,42,1,,,,,,,,,,,
RONINUSDT,RONIN,Speculative,,0.049,2775660.529791,-3.543,44.84120307438491,9.879147510419772e-05,0.053098,0.08066900000000002,0.598272966898754,0.5383858267716536,0.5177165354330708,0.5025966062108932,0.5051644251481214,0.048905555555555556,0.08502499999999999,downtrend,0,1,baissier,365,0,0,30,,,17.0,37.0,65.5,68.0,24.4,42,26.83,-5,≈ Neutre vs BTC,False,False,,0,,,,42,2,,Volume ×0.5 (épuisement),,,,,,,,,
EPICUSDT,EPIC,Speculative,,0.3448,2466716.95731,-0.834,37.27893820979506,-0.061538065733730066,0.5668119999999999,0.3888280000000002,3.1974346525601622,0.7198518892535555,0.7093326601026677,0.1762677159147782,0.05645458955883302,0.26955833333333334,0.8578222222222223,,0,0,neutre,365,0,0,30,,,17.0,36.0,28.0,68.0,50,42,26.0,-5,≈ Neutre vs BTC,False,False,,0,,,,42,3,,Volume ×0.2 (épuisement),,,,,,,,,
AIGENSYNUSDT,AIGENSYN,Speculative,,0.02071,497059.50588,-0.096,39.81159952186202,2.0469100489956156e-05,0.02451380000000001,,0.6501435876313496,0.4400446179587284,0.4221974344673732,0.13831947333980874,0.15510300901431734,0.021273888888888884,0.03272638888888889,macd_bullish_cross|downtrend,1,1,mixte,96,0,0,30,,,9.6,36.0,62.5,47.0,24.4,42,19.84,-5,≈ Neutre vs BTC,False,False,,0,,,,42,2,,Volume ×0.1 (épuisement),,,,,,,,,
STORJUSDT,STORJ,Speculative,830,0.0416,323914.8024,-2.804,29.860201017559802,0.0006789134858611731,0.06195199999999998,0.08779399999999996,1.0485475458579079,0.6411149825783972,0.6376306620209059,0.5840209866554996,0.42605412447008084,0.044855555555555565,0.09941111111111109,downtrend|morning_star_4h,1,1,mixte,365,0,0,30,,,17.0,28.0,44.5,47.0,24.4,42,22.81,-5,≈ Neutre vs BTC,False,False,,0,,,,42,2,,Volume ×0.6 (épuisement),17640188,17640188,424999998.0,424999998.0,,100.0,,,
CITYUSDT,CITY,Speculative,,0.353,251981.23613,-0.563,33.65241137591774,-0.0006607777720376087,0.3781199999999999,0.5043050000000003,0.25076715544952694,0.28163265306122454,0.28163265306122454,0.08332245184210654,0.32705487615224454,0.36025,0.4569166666666665,rsi_bullish_divergence|macd_bearish_cross,1,1,mixte,365,0,0,30,,,17.0,19.0,83.5,47.0,34.0,42,24.65,-5,≈ Neutre vs BTC,False,False,,0,,,,42,5,⚠️ Surveiller,Volume ×0.1 (épuisement)|MACD cross baissier,,,,,,,,,
JUVUSDT,JUV,Speculative,,0.302,243113.80396,-0.33,39.82932245785676,-0.000760464909219165,0.31705999999999995,0.45399499999999976,0.28849510264245026,0.3265765765765766,0.31981981981981983,0.09361634132989162,0.5498290087039003,0.30530555555555566,0.41127777777777774,downtrend|doji_4h,0,1,baissier,365,0,0,30,,,17.0,28.0,79.0,47.0,24.4,42,24.88,-5,≈ Neutre vs BTC,False,False,,0,,,,42,3,,Volume ×0.1 (épuisement),,,,,,,,,
SKLUSDT,SKL,Speculative,763,0.00338,129461.18671,-1.458,38.57653431858687,-7.236848909833037e-06,0.0037841999999999997,0.005604599999999996,0.5145585655934874,0.46592709984152136,0.4643423137876386,0.1310724338052246,0.3988365237907721,0.0034627777777777773,0.005825,downtrend,0,1,baissier,365,0,0,30,,,17.0,28.0,79.0,47.0,24.4,42,24.88,-5,≈ Neutre vs BTC,False,False,,0,,,,42,3,,Volume ×0.1 (épuisement),20616847,21498791,6094019337.0,6354708164.569789,7000000000.0,95.9,,,
ZKCUSDT,ZKC,Speculative,,0.0375,78338.12645,-0.794,40.819526229266124,0.00016713725237920557,0.041136000000000006,0.06549949999999999,0.48319049996573105,0.4860724233983287,0.47771587743732596,0.08441829889285013,0.5980147735261099,0.03770555555555555,0.06479722222222221,downtrend|doji_4h,0,1,baissier,337,0,0,30,,,16.2,28.0,79.0,47.0,24.4,42,24.36,-5,≈ Neutre vs BTC,False,False,,0,,,,42,2,,Volume ×0.1 (épuisement),,,,,,,,,
ANIMEUSDT,ANIME,Speculative,,0.00244,66640.096589,0.0,42.85809296204865,9.744416008137017e-06,0.0026044,0.004024749999999999,0.40884049365290603,0.4592760180995475,0.45022624434389147,0.14262910155405628,0.621784538713884,0.0024238888888888895,0.0039902777777777775,downtrend|doji_4h,0,1,baissier,365,0,0,30,,,17.0,28.0,79.0,47.0,24.4,42,24.88,-5,≈ Neutre vs BTC,False,False,,0,,,,42,2,,Volume ×0.1 (épuisement),,,,,,,,,
TUSDT,T,Speculative,519,0.00333,63875.275142,-0.299,41.92605595300667,-2.828264878612866e-06,0.0036458000000000007,0.005317949999999999,0.48688515035810187,0.40476190476190477,0.38827838827838823,0.06879820247410773,0.22111730775295263,0.0033261111111111113,0.005104166666666666,macd_bearish_cross|doji_4h,0,1,baissier,365,0,0,30,,,17.0,28.0,73.0,47.0,28.7,42,24.78,-5,≈ Neutre vs BTC,False,False,,0,,,,42,5,⚠️ Surveiller,Volume ×0.1 (épuisement)|MACD cross baissier,37110873,37110873,11155000000.0,11155000000.0,,100.0,293814953,$294M,-6.24
BLURUSDT,BLUR,Speculative,509,0.01312,55531.768651,-0.455,36.05630131261701,3.6821654901345426e-05,0.015138399999999996,0.019792749999999994,0.46701973208825864,0.4415696420871065,0.4359637774902975,0.07935564032517833,0.4082303642221387,0.013491388888888891,0.021664444444444445,downtrend,0,1,baissier,365,0,0,30,,,17.0,28.0,79.0,47.0,24.4,42,24.88,-5,≈ Neutre vs BTC,False,False,,0,,,,42,2,,Volume ×0.1 (épuisement),37528470,39265513,2867284791.3812785,3000000000.0,3000000000.0,95.6,13629344,$14M,-1.77
KNCUSDT,KNC,Speculative,748,0.1012,50124.06959,0.099,39.418407695799814,9.918331101861026e-05,0.10702400000000001,0.13086350000000002,0.26483210000935736,0.329979879275654,0.3212608987256875,0.16714691023006062,0.6602755376613773,0.10207222222222223,0.13969444444444443,downtrend,0,1,baissier,365,0,0,30,,,17.0,28.0,79.0,47.0,24.4,42,24.88,-5,≈ Neutre vs BTC,False,False,,0,,,,42,2,,Volume ×0.2 (épuisement),21130019,24340995,209208102.60686168,240999936.7691974,252301550.0,86.8,,,
PEPEUSDT,PEPE,Etabli,63,2.61e-06,5261774.05259486,0.385,37.83714286288246,-3.182994512131365e-08,2.7401999999999996e-06,3.360700000000003e-06,0.5341273446516345,0.38845144356955374,0.3175853018372703,0.18053232089391244,0.6728711912009826,2.4875e-06,3.4233333333333333e-06,double_top_90d,0,1,baissier,365,0,0,30,,,45.0,28.0,79.0,78.5,20.9,41,46.23,-6,≈ Neutre vs BTC,False,False,,0,,,,41,5,⚠️ Surveiller,Volume ×0.2 (épuisement)|Double sommet,1099070434,1099070434,420690000000000.0,420690000000000.0,420690000000000.0,100.0,,,
FETUSDT,FET,Mid,130,0.1206,10429685.11248,-3.055,25.301712918196785,-0.0007199362011014992,0.15209999999999996,0.188967,0.5587577304288734,0.5680515759312321,0.5680515759312321,0.7533886084200913,0.44866293466245644,0.13533333333333336,0.23646666666666669,macd_bearish_cross|downtrend,0,2,baissier,365,0,0,30,,,31.0,28.0,65.5,78.5,3.1,41,34.83,-6,≈ Neutre vs BTC,False,False,,0,,,,41,3,,MACD cross baissier,267614480,325575093,2231155347.593936,2714384546.672,2714384546.672,82.2,,,
HOLOUSDT,HOLO,Mid,465,0.0555,1410382.88915,-0.538,38.067695013045004,-0.0015950178787525727,0.06806400000000001,0.06471699999999997,1.2351029612880642,0.32151589242053785,0.32151589242053785,0.4898409355885332,0.2725096098673383,0.06086388888888888,0.07677222222222223,macd_bearish_cross|uptrend|doji_4h,1,1,mixte,341,0,0,30,,,30.3,36.0,52.0,68.0,28.7,41,35.24,-6,≈ Neutre vs BTC,False,False,,0,,,,41,5,⚠️ Surveiller,Volume ×0.5 (épuisement)|MACD cross baissier,42228883,113365266,762885817.999999,2048000000.0,2048000000.0,37.3,,,
CFGUSDT,CFG,Mid,367,0.1576,473763.991,0.961,41.983510197583705,-0.00013414157131731198,0.17656799999999997,,0.6802253696867151,0.521249195106246,0.4925949774629749,0.16347225995936498,0.4945230441639229,0.16140833333333335,0.2756944444444444,downtrend,0,1,baissier,155,0,0,30,,,25.2,36.0,59.5,47.0,24.4,41,30.28,-6,≈ Neutre vs BTC,False,False,,0,,,,41,3,,Volume ×0.2 (épuisement),59890382,107064066,380384016.0,680000000.0,,55.9,1635341227,$1.6B,-0.14
VETUSDT,VET,Mid,108,0.004434,307667.083859,-0.828,39.68353558541786,-1.9817529034158688e-05,0.004681499999999999,0.006303984999999999,0.4125765928770897,0.3540005904930617,0.34588131089459695,0.11108078103853557,0.7237313978946116,0.004471055555555556,0.0061191944444444445,downtrend,0,1,baissier,365,0,0,30,,,31.0,28.0,71.0,47.0,24.4,41,33.92,-6,≈ Neutre vs BTC,False,False,,0,,,,41,3,,Volume ×0.1 (épuisement),380838621,380838621,85985041177.0,85985041177.0,86712634466.0,100.0,,,
CKBUSDT,CKB,Mid,484,0.000826,65650.952557,-0.84,41.85324461396081,3.1920905615077415e-06,0.00087522,0.00130751,0.38573890561840174,0.45034013605442175,0.43809523809523804,0.1504403738089724,0.7090733690604513,0.0008263055555555556,0.001318388888888889,downtrend,0,1,baissier,365,0,0,30,,,31.0,28.0,71.0,47.0,24.4,41,33.92,-6,≈ Neutre vs BTC,False,False,,0,,,,41,2,,Volume ×0.2 (épuisement),40701153,41398403,49337450110.54004,50182657721.94659,,98.3,,,
ATMUSDT,ATM,Speculative,,1.474,478254.91874,-3.786,38.89697807386079,0.011677064242417129,2.0552200000000003,1.3721800000000002,1.2592433166931214,0.4867780097425191,0.4867780097425191,0.1926261733036284,0.08684872071050406,0.9631111111111113,2.658805555555555,rsi_bullish_divergence|downtrend,1,1,mixte,365,0,0,30,,,17.0,36.0,52.0,47.0,29.6,41,24.54,-6,≈ Neutre vs BTC,False,False,,0,,,,41,2,,Volume ×0.2 (épuisement),,,,,,,,,
ACHUSDT,ACH,Speculative,,0.00419,196855.08647,-0.475,45.23456238188417,-1.1193975000850929e-05,0.004350999999999999,0.0060905499999999975,0.7202164282446465,0.41176470588235287,0.39885222381635577,0.10262557071970643,0.4191365308486235,0.004170555555555556,0.006330000000000001,support_bounce|downtrend|shooting_star_4h,1,2,baissier,365,0,0,30,,,17.0,37.0,68.5,47.0,4.9,41,24.16,-6,≈ Neutre vs BTC,False,False,,0,,,,41,5,⚠️ Surveiller,Volume ×0.1 (épuisement)|Étoile filante 4h,,,,,,,,,
AUDIOUSDT,AUDIO,Speculative,840,0.01193,166082.646736,0.76,38.07947641730042,1.6808325884348795e-05,0.012883200000000001,0.017514150000000003,0.3102381449208191,0.393627954779034,0.381808838643371,0.35310828851692766,0.7457518842191649,0.012155833333333333,0.01859027777777778,downtrend,0,1,baissier,365,0,0,30,,,17.0,28.0,71.0,47.0,24.4,41,24.4,-6,≈ Neutre vs BTC,False,False,,0,,,,41,2,,Volume ×0.4 (épuisement),17357011,17357011,1447816543.0,1447816543.435366,,100.0,,,
MOVEUSDT,MOVE,Speculative,656,0.0063,162064.17563,-1.563,28.198565858329488,6.339462337040839e-05,0.009281999999999997,0.016163000000000004,0.7542577381857345,0.6407185628742514,0.6287425149700598,0.3895452870063742,0.4039940659068153,0.006997222222222222,0.015775,macd_bullish_cross|downtrend,1,1,mixte,365,0,0,30,,,17.0,19.0,55.0,47.0,24.4,41,22.36,-6,≈ Neutre vs BTC,False,False,,0,,,,41,2,,Volume ×0.4 (épuisement),26973178,62275734,4331250000.0,10000000000.0,10000000000.0,43.3,,,
IDUSDT,ID,Speculative,,0.0284,153223.1008,0.0,44.705115146575636,0.0003273175747356469,0.031728,0.03583850000000001,0.45220823827206486,0.4039900249376558,0.3189448441247002,0.09933850581449162,0.27607219392923305,0.026461111111111112,0.03991666666666667,downtrend,0,1,baissier,365,0,0,30,,,17.0,28.0,73.0,47.0,24.4,41,24.52,-6,≈ Neutre vs BTC,False,False,,0,,,,41,2,,Volume ×0.1 (épuisement),,,,,,,,,
ACMUSDT,ACM,Speculative,,0.265,122999.8968,0.0,41.06367536719735,0.00017117530754170562,0.27904,0.37207499999999993,0.25931390667157767,0.34750000000000003,0.3375,0.1252649680417457,0.6108279169922324,0.2668888888888889,0.3705555555555555,double_top_90d,0,1,baissier,365,0,0,30,,,17.0,28.0,79.0,47.0,20.9,41,24.67,-6,≈ Neutre vs BTC,False,False,,0,,,,41,4,⚠️ Surveiller,Volume ×0.1 (épuisement)|Double sommet,,,,,,,,,
STRAXUSDT,STRAX,Speculative,812,0.00842,85503.6326,1.937,39.43216342539711,2.256613647443501e-05,0.009159400000000002,0.012175450000000008,0.308352343107425,0.48537647790914756,0.47542003733665217,0.09349049164323171,0.16909157146213163,0.008406944444444444,0.012800555555555556,downtrend,0,1,baissier,365,0,0,30,,,17.0,28.0,73.0,47.0,24.4,41,24.52,-6,≈ Neutre vs BTC,False,False,,0,,,,41,2,,Volume ×0.1 (épuisement),18446000,18446123,2197162435.870614,2197177089.494251,,100.0,,,
WAXPUSDT,WAXP,Speculative,859,0.00365,49514.55796,0.0,41.92146508640124,-1.2125740456490552e-05,0.003938199999999999,0.005677850000000001,0.7109213726059047,0.4330708661417323,0.42677165354330704,0.19180714445442804,0.43091175953333244,0.0037161111111111097,0.005918888888888887,macd_bearish_cross,0,1,baissier,365,0,0,30,,,17.0,28.0,68.5,47.0,28.7,41,24.51,-6,≈ Neutre vs BTC,False,False,,0,,,,41,5,⚠️ Surveiller,Volume ×0.2 (épuisement)|MACD cross baissier,16966111,16966111,4662853955.62256,4662853955.62256,,100.0,,,
BNTUSDT,BNT,Speculative,661,0.2681,29001.15301,0.676,50.70690790417449,0.00040999734154475217,0.268858,0.29222,0.3598199074070784,0.2812865497076024,0.21754385964912284,0.08914234955469157,0.7265616129920791,0.2565472222222222,0.3231027777777778,macd_bullish_cross|double_top_90d|downtrend,1,2,baissier,365,0,0,30,,,17.0,37.0,75.5,47.0,0,41,24.29,-6,≈ Neutre vs BTC,False,False,,0,,,,41,4,⚠️ Surveiller,Volume ×0.1 (épuisement)|Double sommet,26900744,26900744,100507444.119852,100507444.119852,110542364.6372305,100.0,13567689,$14M,-5.87
ZROUSDT,ZRO,Mid,125,0.793,786363.51591,2.587,47.325745650657595,-0.0005567611872566783,0.83114,1.3856400000000002,0.6932776834368011,0.47699050401753107,0.42001460920379835,0.20485569533338874,0.28298679592228004,0.7635000000000001,1.226444444444445,macd_bearish_cross|downtrend,0,2,baissier,365,0,0,30,,,31.0,37.0,62.5,57.5,3.1,40,34.05,-7,≈ Neutre vs BTC,False,False,,0,,,,40,5,⚠️ Surveiller,Volume ×0.2 (épuisement)|MACD cross baissier,280719267,794533481,353313325.89,1000000000.0,1000000000.0,35.3,6693608879,$6.7B,0.55
SUSDT,S,Mid,275,0.02208,726135.689584,-0.898,43.11188189627867,8.3834793972044e-05,0.023752000000000006,0.037108300000000004,0.538702424712738,0.5854515395742922,0.5430874147551147,0.17097191220537783,0.4358884530038735,0.021489166666666667,0.041510277777777764,downtrend,0,1,baissier,365,0,0,30,,,31.0,28.0,65.5,57.5,24.4,40,34.43,-7,≈ Neutre vs BTC,False,False,,0,,,,40,2,,Volume ×0.2 (épuisement),85808414,85808414,3885497663.0,3885497663.0,,100.0,,,
2ZUSDT,2Z,Mid,170,0.05012,709516.73753,3.639,34.81936556533381,-4.3248783299027274e-05,0.061287,0.07717875000000002,0.5096413546408887,0.5713906111603189,0.5561558901682905,0.7717604156061209,0.4069951415557559,0.0536711111111111,0.09385166666666667,downtrend,0,1,baissier,320,0,0,30,,,29.8,28.0,65.5,57.5,24.4,40,33.59,-7,≈ Neutre vs BTC,False,False,,0,,,,40,1,,,173788731,500800173,3469585233.6,9998167733.6,10000000000.0,34.7,113974001,$114M,-1.39
STRKUSDT,STRK,Mid,176,0.02336,683527.8884421,1.389,38.083962664058895,5.979412474226985e-05,0.02763580000000001,0.03677345,0.68486883753914,0.48594104308390024,0.4707482993197279,0.21902728832781715,0.5151884075574641,0.024296666666666668,0.03919722222222222,macd_bullish_cross|downtrend|doji_4h,1,1,mixte,365,0,0,30,,,31.0,28.0,68.5,57.5,24.4,40,34.61,-7,≈ Neutre vs BTC,False,False,,0,,,,40,2,,Volume ×0.2 (épuisement),162761647,233333934,6975481203.348971,10000000000.0,10000000000.0,69.8,142287550,$142M,-1.98
NIGHTUSDT,NIGHT,Mid,124,0.01725,532274.2347,-1.203,30.741664731433318,0.0002850423087906208,0.023934599999999997,,1.761186388790119,0.5618780301097218,0.5603470273028834,0.1380083410993069,0.18978940146457443,0.01785944444444444,0.035980277777777785,,0,0,neutre,160,0,0,30,,,25.4,27.0,28.0,57.5,50,40,29.78,-7,≈ Neutre vs BTC,False,False,,0,,,,40,2,,Volume ×0.1 (épuisement),285949526,413236802,16607399400.634954,24000000000.0,24000000000.0,69.2,,,
BIOUSDT,BIO,Mid,398,0.02481,466769.519286,0.527,48.7628563970151,0.00019977267636204902,0.0262032,0.02817924999999999,0.6806433767613697,0.3927003293084522,0.32080131723380895,0.0984361903172599,0.17320608997047915,0.023615277777777777,0.03433083333333333,double_top_90d|support_bounce|downtrend,1,2,baissier,365,0,0,30,,,31.0,37.0,62.5,47.0,4.8,40,33.32,-7,≈ Neutre vs BTC,False,False,,0,,,,40,4,⚠️ Surveiller,Volume ×0.1 (épuisement)|Double sommet,53134294,82239378,2145029070.25,3320000000.0,3320000000.0,64.6,3437155,$3M,-6.22
IOUSDT,IO,Mid,462,0.1118,269539.752858,0.09,34.30031898491863,9.675978403058359e-05,0.14407200000000003,0.13376250000000006,0.6600024025750548,0.43143297380585516,0.42424242424242425,0.08031718176615935,0.3331812509808057,0.12100833333333331,0.18955,macd_bullish_cross|downtrend,1,1,mixte,365,0,0,30,,,31.0,27.0,68.5,47.0,24.4,40,33.65,-7,≈ Neutre vs BTC,False,False,,0,,,,40,2,,Volume ×0.1 (épuisement),42763242,89473686,381483051.2174219,798178360.5216542,800000000.0,47.8,,,
DCRUSDT,DCR,Mid,150,12.11,89575.89438,0.415,44.178688690066785,-0.12046955616371452,12.184800000000003,18.2258,0.6863148729993055,0.39014722536806345,0.31653454133635334,0.14043572687942726,0.5400514429099273,11.06861111111111,16.049166666666665,downtrend,0,1,baissier,365,0,0,30,,,31.0,28.0,68.5,47.0,24.4,40,33.77,-7,≈ Neutre vs BTC,False,False,,0,,,,40,3,,Volume ×0.1 (épuisement),211913895,211918473,17561569.12012799,17561948.5084219,21000000.0,100.0,,,
MEGAUSDT,MEGA,Speculative,539,0.03152,922039.360792,1.546,25.242271227297408,-8.762530223421858e-06,0.041586599999999994,,0.572772334171921,0.6419710544452102,0.6385251550654721,0.12439057558551037,0.4428307976344867,0.034743055555555555,0.0702036111111111,macd_bearish_cross|downtrend,0,2,baissier,110,0,0,30,,,10.0,27.0,65.5,57.5,3.1,40,18.76,-7,≈ Neutre vs BTC,False,False,,0,,,,40,5,⚠️ Surveiller,Volume ×0.1 (épuisement)|MACD cross baissier,35592630,315036793,1129792788.0,10000000000.0,10000000000.0,11.3,,,
OPENUSDT,OPEN,Speculative,535,0.1673,610413.12013,-3.74,41.66767939337909,-0.004593902299138325,0.17008000000000004,0.1808845000000001,0.8957378374175633,0.4193418940609952,0.3286516853932584,0.24317837079612015,0.2168886592827392,0.15059444444444445,0.22804444444444444,macd_bearish_cross|uptrend,1,1,mixte,344,0,0,30,,,16.4,28.0,62.5,57.5,28.7,40,24.6,-7,≈ Neutre vs BTC,False,False,,0,,,,40,5,⚠️ Surveiller,Volume ×0.2 (épuisement)|MACD cross baissier,36038708,167232985,215500000.0,1000000000.0,1000000000.0,21.6,,,
LAUSDT,LA,Speculative,,0.05,459060.95234,3.95,46.12828276842518,0.00025243071316401406,0.055843999999999984,0.1365835000000001,1.519193214829527,0.6175231676495366,0.577927548441449,0.48561709749430676,0.3788092855680223,0.04909166666666667,0.10777777777777779,downtrend,0,1,baissier,365,0,0,30,,,17.0,37.0,34.0,47.0,24.4,40,23.26,-7,≈ Neutre vs BTC,False,False,,0,,,,40,2,,Volume ×0.5 (épuisement),,,,,,,,,
GLMRUSDT,GLMR,Speculative,,0.007565,445853.4659196,1.982,44.47685614604002,-4.461869744861683e-05,0.008425140000000003,0.011687784999999989,1.2257320797626863,0.49586206896551727,0.48027586206896555,0.35168385640873967,0.34040224704574934,0.007622388888888887,0.01255,macd_bearish_cross,0,1,baissier,365,0,0,30,,,17.0,28.0,58.0,47.0,28.7,40,23.88,-7,≈ Neutre vs BTC,False,False,,0,,,,40,5,⚠️ Surveiller,Volume ×0.4 (épuisement)|MACD cross baissier,,,,,,,,,
FUSDT,F,Speculative,,0.00277,161074.5551,-0.717,40.359221320224435,1.397185847401241e-05,0.0031241999999999993,0.0047206,0.5750149173392033,0.5064220183486239,0.4935779816513762,0.3445210478478787,0.6127830265457972,0.002808888888888888,0.0049627777777777795,downtrend,0,1,baissier,297,0,0,30,,,15.1,28.0,70.0,47.0,24.4,40,23.07,-7,≈ Neutre vs BTC,False,False,,0,,,,40,2,,Volume ×0.3 (épuisement),,,,,,,3062051,$3M,-2.97
STGUSDT,STG,Speculative,770,0.1447,126383.79328,1.402,53.863854838609456,0.0028101480082691754,0.14241199999999996,0.1902779999999999,1.0687808624990707,0.8163107397090683,0.7762302692664811,0.08665828643150275,0.10506276682669258,0.12714166666666668,0.3242888888888889,downtrend|shooting_star_4h|morning_star_4h,1,2,baissier,365,0,0,30,,,17.0,57.0,32.5,47.0,0,40,24.11,-7,≈ Neutre vs BTC,False,False,,0,,,,40,4,⚠️ Surveiller,Volume ×0.1 (épuisement)|Étoile filante 4h,20349872,20349872,140909893.8604964,140909893.8604964,1000000000.0,100.0,65198692,$65M,-5.31
SANTOSUSDT,SANTOS,Speculative,,0.471,106465.07883,-0.423,42.093828536875684,0.0018699320590092015,0.5065000000000002,1.013835,0.38470708487540034,0.5543792107795956,0.546679499518768,0.076063259078568,0.5042739840296361,0.4741944444444443,0.8393333333333333,downtrend|doji_4h,0,1,baissier,365,0,0,30,,,17.0,28.0,65.5,47.0,24.4,40,24.07,-7,≈ Neutre vs BTC,False,False,,0,,,,40,2,,Volume ×0.1 (épuisement),,,,,,,,,
POLYXUSDT,POLYX,Speculative,513,0.0285,33245.009,-0.35,21.985833766548097,-0.00019617268229262007,0.034292,0.04306649999999999,0.39473702614865896,0.500878734622144,0.49912126537785584,0.10339442002602083,0.7160059349776965,0.03110555555555556,0.05045277777777778,downtrend,0,1,baissier,365,0,0,30,,,17.0,10.0,62.0,47.0,24.4,40,21.7,-7,≈ Neutre vs BTC,False,False,,0,,,,40,3,,Volume ×0.1 (épuisement),37306652,37306652,1308754438.349682,1308754438.349682,,100.0,,,
IQUSDT,IQ,Speculative,870,0.000614,18859.706052,-0.325,25.362847428598386,-2.0630182966169177e-07,0.0007033999999999998,0.0009833149999999998,0.24245073621909752,0.43634686346863466,0.43265682656826565,0.23793868023084555,0.5791854238711925,0.0006419444444444444,0.0010310833333333333,macd_bearish_cross|downtrend,0,2,baissier,365,0,0,30,,,17.0,19.0,79.0,47.0,3.1,40,22.52,-7,≈ Neutre vs BTC,False,False,,0,,,,40,5,⚠️ Surveiller,Volume ×0.2 (épuisement)|MACD cross baissier,16640287,16640287,27071826122.928997,27071826122.92899,60000000000.0,100.0,,,
RENDERUSDT,RENDER,Etabli,85,1.266,1007596.25956,0.476,32.56622316563404,0.002472296221416495,1.43948,1.6436299999999997,0.3378167306487527,0.45220427760803145,0.44740288083806196,0.1358209475023777,0.5203815689320223,1.309138888888889,2.029,macd_bullish_cross|downtrend,1,1,mixte,365,0,0,30,,,45.0,19.0,79.0,68.0,24.4,39,44.52,-8,🔴 Sous-performe BTC,False,False,,0,,,,39,2,,Volume ×0.1 (épuisement),656308783,674982168,518772101.28269154,533532274.5626915,644245094.0,97.2,,,
ETCUSDT,ETC,Etabli,65,6.2,635494.0233,0.486,34.29188010906054,-0.015025681237196747,6.762600000000001,7.980099999999998,0.36082105720149055,0.32111111111111107,0.3111111111111111,0.22445510223625248,0.6790679797822361,6.396111111111112,8.376666666666665,downtrend,0,1,baissier,365,0,0,30,,,45.0,19.0,79.0,57.5,24.4,39,43.68,-8,🔴 Sous-performe BTC,False,False,,0,,,,39,3,,Volume ×0.2 (épuisement),978221493,978226256,157868783.0332655,157869551.6988655,210700000.0,100.0,,,
SEIUSDT,SEI,Mid,129,0.03976,791240.606329,-0.6,34.46488501594881,0.00012935526933557364,0.044827999999999965,0.05825655000000001,0.3570450229919394,0.4512941831338714,0.4467019204007793,0.07126290757641761,0.5075615846051748,0.04085944444444443,0.06349333333333333,downtrend|doji_4h,0,1,baissier,365,0,0,30,,,31.0,19.0,79.0,57.5,24.4,39,34.16,-8,🔴 Sous-performe BTC,False,False,,0,,,,39,2,,Volume ×0.1 (épuisement),267678409,397542191,6733333333.0,10000000000.0,,67.3,,,
WALUSDT,WAL,Mid,386,0.0219,706263.54593,-5.195,38.59182370672435,2.1349864469342398e-05,0.02807400000000001,0.05836550000000001,1.1598007691922143,0.7000000000000001,0.6826086956521739,0.582424302780209,0.483827743899219,0.024091666666666664,0.057675,macd_bullish_cross|downtrend|doji_4h,1,1,mixte,312,0,0,30,,,29.5,37.0,44.5,57.5,24.4,39,33.26,-8,🔴 Sous-performe BTC,False,False,,0,,,,39,2,,Volume ×0.6 (épuisement),54660095,108875614,2510208333.0,5000000000.0,5000000000.0,50.2,3366687,$3M,-0.63
LUMIAUSDT,LUMIA,Speculative,775,0.0843,534329.614183,3.309,56.9752536260691,0.001884573959192646,0.08830999999999997,0.09062099999999998,0.5934220479159222,0.5181422351233672,0.3875181422351234,0.1290917205079414,0.2438733480964375,0.07035833333333334,0.12888333333333335,death_cross|double_top_90d|uptrend,1,2,baissier,365,0,0,30,,,17.0,37.0,64.0,57.5,0.4,39,24.47,-8,🔴 Sous-performe BTC,False,False,,0,,,,39,4,⚠️ Surveiller,Volume ×0.1 (épuisement)|Double sommet,20116761,20116761,238888888.0,238888888.0,238888888.0,100.0,,,
SXTUSDT,SXT,Speculative,570,0.00708,219312.522261,0.0,46.95659504651639,-1.9090610434405764e-05,0.0072616,0.013664599999999987,0.6632767017664146,0.48917401764234164,0.4330392943063352,0.09541361666718055,0.2954150855592789,0.0066747222222222225,0.011574166666666667,macd_bearish_cross|downtrend|shooting_star_4h,0,3,baissier,365,0,0,30,,,17.0,37.0,62.5,47.0,0,39,23.51,-8,🔴 Sous-performe BTC,False,False,,0,,,,39,7,🔴 Sortie,Volume ×0.1 (épuisement)|Étoile filante 4h|MACD cross baissier,32788486,35318021,4641891768.4065,5000000000.0,5000000000.0,92.8,,,
ARKUSDT,ARK,Speculative,834,0.0884,24420.9099,-0.897,30.725321552991858,4.5690590918320926e-05,0.10034399999999997,0.14940200000000003,0.3466317855484676,0.4618669920683343,0.4600366076876144,0.13694164473053103,0.5966562183310212,0.09218333333333334,0.15260555555555558,downtrend,0,1,baissier,365,0,0,30,,,17.0,19.0,79.0,47.0,24.4,39,23.8,-8,🔴 Sous-performe BTC,False,False,,0,,,,39,2,,Volume ×0.1 (épuisement),17540835,17540992,198547890.0,198549678.0,,100.0,,,
DYDXUSDT,DYDX,Mid,276,0.10008,1142995.7081996,-7.161,28.541961346543005,-0.00066669393903234,0.12215059999999997,0.12280014999999997,0.595665929269421,0.4755292391532174,0.4755292391532174,0.3204337494210341,0.08126923680046937,0.11054444444444443,0.17005361111111109,macd_bearish_cross|death_cross|downtrend|bearish_engulfing_4h,0,4,baissier,365,0,0,30,,,31.0,19.0,73.0,68.0,0,38,33.18,-9,🔴 Sous-performe BTC,False,False,,0,,,,38,7,🔴 Sortie,Volume ×0.3 (épuisement)|Engloutissement baissier 4h|MACD cross baissier,85031081,96026583,848607938.8070294,958342751.0,1000000000.0,88.5,75953895,$76M,0.16
BARDUSDT,BARD,Speculative,520,0.1065,1289960.13702,1.14,39.56732624114158,0.0001832646275298092,0.12089599999999999,0.3834820000000002,0.6900024508776118,0.5475367329299913,0.5388936905790838,0.32023773962251956,0.5012257946554107,0.11014166666666665,0.20102500000000004,downtrend,0,1,baissier,334,0,0,30,,,16.2,28.0,55.0,68.0,24.4,38,24.54,-9,🔴 Sous-performe BTC,False,False,,0,,,,38,2,,Volume ×0.3 (épuisement),36814375,107291438,343125000.0,1000000000.0,1000000000.0,34.3,567259888,$567M,-4.24
BBUSDT,BB,Speculative,,0.01125,1086610.464787,-2.85,31.11327390361474,-9.950465066104895e-05,0.0165002,0.024598050000000003,0.9360550068047144,0.6666666666666667,0.6593939393939394,0.7801209098517344,0.5275359140137759,0.013334722222222222,0.027977777777777782,downtrend|morning_star_4h,1,1,mixte,365,0,0,30,,,17.0,28.0,55.0,68.0,24.4,38,25.12,-9,🔴 Sous-performe BTC,False,False,,0,,,,38,1,,,,,,,,,,,
SCRUSDT,SCR,Speculative,,0.02027,432437.509006,-0.783,43.92239052317677,0.0002603574109262751,0.0230648,0.03844999999999999,0.7211342191888223,0.5958740499457111,0.5617806731813246,0.356582731801645,0.4757838273763511,0.019575833333333334,0.042195277777777776,downtrend,0,1,baissier,365,0,0,30,,,17.0,28.0,55.0,47.0,24.4,38,23.44,-9,🔴 Sous-performe BTC,False,False,,0,,,,38,2,,Volume ×0.4 (épuisement),,,,,,,,,
ERAUSDT,ERA,Speculative,,0.0605,409120.3981,-0.165,37.14140156852841,-0.0002805149859062524,0.07464000000000003,0.11761800000000001,1.6307711151092494,0.5978552278820376,0.5945040214477212,0.6104428165654441,0.40427674027686616,0.0641638888888889,0.1274527777777778,macd_bearish_cross,0,1,baissier,365,0,0,30,,,17.0,37.0,34.0,47.0,28.7,38,23.52,-9,🔴 Sous-performe BTC,False,False,,0,,,,38,3,,MACD cross baissier,,,,,,,,,
AAOIBUSDT,AAOIB,Speculative,,154.65,308475.46372,1.032,66.55435466933945,1.693413342766128,,,1.6547082983439658,0.38138819146351344,0.0,0.22951327466190996,,89.15461538461538,149.2323076923077,rsi_bearish_divergence|doji_4h,0,1,baissier,34,0,0,30,,,7.9,36.0,46.5,47.0,20.9,38,17.52,-9,🔴 Sous-performe BTC,False,False,,0,,,,38,6,⚠️ Surveiller,Volume ×0.2 (épuisement)|Près du plus haut 90j (résistance)|Divergence RSI baissière,,,,,,,,,
GALAUSDT,GALA,Mid,278,0.001651,720260.624591,-1.609,33.53389450950763,2.457209208568499e-06,0.0019681399999999993,0.002985579999999999,0.48227350634078825,0.5193548387096774,0.5152492668621701,0.15033122158424006,0.5674234723963931,0.0017365277777777778,0.003113333333333332,downtrend,0,1,baissier,365,0,0,30,,,31.0,19.0,65.5,57.5,24.4,37,33.35,-10,🔴 Sous-performe BTC,False,False,,0,,,,37,2,,Volume ×0.2 (épuisement),81884142,81884141,49462808515.98061,49462808515.98061,50000000000.0,100.0,,,
ZKUSDT,ZK,Mid,292,0.00751,584387.034621,-2.72,34.409769909190146,5.6040695397637516e-05,0.0090756,0.014908149999999988,0.5552573953692441,0.5368353619474696,0.5188981422165279,0.1506210093776349,0.6168666846921853,0.007726944444444447,0.014097222222222221,downtrend,0,1,baissier,365,0,0,30,,,31.0,19.0,65.5,57.5,24.4,37,33.35,-10,🔴 Sous-performe BTC,False,False,,0,,,,37,2,,Volume ×0.2 (épuisement),75876943,157763330,10100039093.0,21000000000.0,21000000000.0,48.1,,,
CHZUSDT,CHZ,Mid,202,0.01236,534426.14843,-0.882,32.19891565269752,0.0001419057096745806,0.014921800000000006,0.0316266,0.5045098286739462,0.7272117962466488,0.7245308310991957,0.07365383121193356,0.3199953730750479,0.0126975,0.035885833333333325,downtrend|doji_4h,0,1,baissier,365,0,0,30,,,31.0,19.0,65.5,57.5,24.4,37,33.35,-10,🔴 Sous-performe BTC,False,False,,0,,,,37,2,,Volume ×0.1 (épuisement),129288361,129289178,10490772380.0,10490838673.0,,100.0,,,
BERAUSDT,BERA,Mid,438,0.1466,424596.3844513,0.342,34.16715049299336,0.001103773982747176,0.17667600000000003,0.3690290000000001,0.5728583127807185,0.6430730478589421,0.6309823677581865,0.11046840581511726,0.627827953351696,0.15121666666666667,0.34838888888888897,downtrend,0,1,baissier,365,0,0,30,,,31.0,19.0,65.5,47.0,24.4,37,32.51,-10,🔴 Sous-performe BTC,False,False,,0,,,,37,2,,Volume ×0.1 (épuisement),46450681,81453662,317262989.4313275,556337989.4313276,,57.0,,,
KSMUSDT,KSM,Mid,389,2.92,66245.73472,0.344,41.32023866471302,-0.00717165650706815,3.1288,4.163549999999998,0.4579711091108743,0.4459459459459459,0.43629343629343625,0.07986311591640358,0.6095783262480079,2.947777777777777,4.551111111111112,support_bounce|downtrend|shooting_star_4h,1,2,baissier,365,0,0,30,,,31.0,28.0,79.0,47.0,4.9,37,33.23,-10,🔴 Sous-performe BTC,False,False,,0,,,,37,5,⚠️ Surveiller,Volume ×0.1 (épuisement)|Étoile filante 4h,54442461,54443543,18680379.34971175,18680971.68947491,,100.0,,,
GUNUSDT,GUN,Speculative,,0.00303,599129.71154,0.331,44.00580539972286,5.154569641865653e-05,0.0035472,0.013243400000000002,0.9468164288143361,0.7887963663890991,0.769114307342922,0.3990884231746255,0.38874552125373696,0.0029886111111111107,0.00938388888888889,downtrend,0,1,baissier,365,0,0,30,,,17.0,28.0,49.0,57.5,24.4,37,23.92,-10,🔴 Sous-performe BTC,False,False,,0,,,,37,2,,Volume ×0.4 (épuisement),,,,,,,,,
SIGNUSDT,SIGN,Speculative,841,0.00677,508789.28042,2.576,39.96180377796393,6.482140955959247e-05,0.007791999999999998,0.02000455,0.5060520226905089,0.5262768319763138,0.4988897113249445,0.665812506872357,0.5940270344738869,0.006721666666666667,0.011972499999999999,downtrend|shooting_star_4h,0,2,baissier,365,0,0,30,,,17.0,37.0,70.0,57.5,0,37,24.8,-10,🔴 Sous-performe BTC,False,False,,0,,,,37,2,,Étoile filante 4h,17354531,67968138,2553333332.0,10000000000.0,10000000000.0,25.5,,,
PROVEUSDT,PROVE,Speculative,633,0.1487,367185.34264,-2.171,33.30628166966238,0.0003398411706022047,0.180238,0.23618100000000006,0.48507508116794235,0.5632873425314936,0.553989202159568,0.28388057230776903,0.32781865954270006,0.15748611111111113,0.24211111111111108,macd_bullish_cross|downtrend,1,1,mixte,365,0,0,30,,,17.0,19.0,65.5,47.0,24.4,37,22.99,-10,🔴 Sous-performe BTC,False,False,,0,,,,37,2,,Volume ×0.3 (épuisement),28941796,148419466,195000000.0,1000000000.0,1000000000.0,19.5,,,
SCRTUSDT,SCRT,Speculative,,0.0278,337367.01876,-0.714,38.594593204252575,1.081343134652418e-05,0.038404,0.07309699999999997,1.5207397447747684,0.6863207547169812,0.6733490566037735,0.6404299702255897,0.3326237096334965,0.030747222222222228,0.07823055555555554,downtrend,0,1,baissier,365,0,0,30,,,17.0,37.0,34.0,47.0,24.4,37,23.26,-10,🔴 Sous-performe BTC,False,False,,0,,,,37,0,,,,,,,,,,,
BREVUSDT,BREV,Speculative,871,0.0666,188296.59695,-0.15,37.768178184920565,-0.0002001146381670853,0.072972,0.108164,0.47378271032948893,0.44341216216216217,0.43749999999999994,0.4592534141792144,0.4533239797615506,0.06866388888888889,0.10678055555555557,macd_bearish_cross|downtrend,0,2,baissier,224,0,0,30,,,13.1,28.0,79.0,47.0,3.1,37,20.98,-10,🔴 Sous-performe BTC,False,False,,0,,,,37,5,⚠️ Surveiller,Volume ×0.5 (épuisement)|MACD cross baissier,16621645,66486580,250000000.0,1000000000.0,1000000000.0,25.0,,,
CVCUSDT,CVC,Speculative,850,0.01718,36274.5526,-0.694,36.958632798200405,-1.302761878093305e-05,0.019228799999999994,0.027086450000000015,0.43233781372349994,0.4391447368421053,0.43552631578947365,0.19615467716222765,0.6351664120742903,0.017818611111111115,0.028229722222222222,macd_bearish_cross|downtrend,0,2,baissier,365,0,0,30,,,17.0,28.0,79.0,47.0,3.1,37,23.6,-10,🔴 Sous-performe BTC,False,False,,0,,,,37,5,⚠️ Surveiller,Volume ×0.2 (épuisement)|MACD cross baissier,17167474,17167474,1000000000.0,1000000000.0,,100.0,,,
RIFUSDT,RIF,Mid,313,0.072,546009.8841,2.71,43.22878450575059,0.0012436863190103745,0.09757999999999996,0.06266350000000002,2.8400189480661826,0.5297491039426523,0.48387096774193555,0.0885600357830387,0.01917724495518577,0.059616666666666665,0.13254444444444438,macd_bullish_cross|double_top_90d|doji_4h,1,1,mixte,365,0,0,30,,,31.0,36.0,32.5,57.5,20.9,36,33.2,-11,🔴 Sous-performe BTC,False,False,,0,,,,36,4,⚠️ Surveiller,Volume ×0.1 (épuisement)|Double sommet,71745645,71745645,1000000000.0,1000000000.0,,100.0,,,
TURBOUSDT,TURBO,Mid,393,0.000785,159310.611703,-1.134,44.35729953265182,-2.1992005649927793e-06,0.0008243399999999997,0.0010003,0.5444922675361699,0.3596268023748939,0.33333333333333326,0.1154458899562163,0.5351656673755694,0.0007802222222222225,0.0010707499999999999,macd_bearish_cross|double_top_90d,0,2,baissier,365,0,0,30,,,31.0,28.0,79.0,47.0,0,36,32.94,-11,🔴 Sous-performe BTC,False,False,,0,,,,36,7,🔴 Sortie,Volume ×0.1 (épuisement)|Double sommet|MACD cross baissier,54129600,54129600,69000000000.0,69000000000.0,69000000000.0,100.0,,,
SAHARAUSDT,SAHARA,Speculative,663,0.00751,505995.71408,-2.972,30.089930340324685,7.116419499584572e-05,0.008994,0.019895499999999993,0.5176113070530296,0.7996799146439051,0.7996799146439051,0.19974171373454777,0.23738676314668783,0.007873333333333335,0.0346425,rsi_bullish_divergence|downtrend,1,1,mixte,365,0,0,30,,,17.0,19.0,53.5,57.5,29.6,36,23.43,-11,🔴 Sous-performe BTC,False,False,,0,,,,36,2,,Volume ×0.2 (épuisement),26820716,75012053,3575520834.0,10000000000.0,10000000000.0,35.8,,,
TLMUSDT,TLM,Speculative,,0.001586,430652.02155,1.407,42.936674408659094,-8.565504249398425e-06,0.0017689399999999997,0.0016438600000000007,1.5975830707926941,0.5798370057349834,0.5599154844551766,0.3841190312430317,0.2882893327593012,0.0009452500000000001,0.002353777777777777,bearish_engulfing_4h,0,1,baissier,365,0,0,30,,,17.0,36.0,28.0,47.0,25.1,36,22.82,-11,🔴 Sous-performe BTC,False,False,,0,,,,36,5,⚠️ Surveiller,Volume ×0.4 (épuisement)|Engloutissement baissier 4h,,,,,,,,,
WCTUSDT,WCT,Speculative,933,0.03353,348446.420555,-2.416,30.79053948228473,3.397882084847214e-05,0.039698,0.05352669999999998,0.44015144001346157,0.48333847577908057,0.48333847577908057,0.28624484274882056,0.4705108942400652,0.035435,0.05757694444444445,rsi_bullish_divergence|downtrend|bearish_engulfing_4h,1,2,baissier,365,0,0,30,,,17.0,19.0,79.0,47.0,9.4,36,22.91,-11,🔴 Sous-performe BTC,False,False,,0,,,,36,4,⚠️ Surveiller,Volume ×0.3 (épuisement)|Engloutissement baissier 4h,14532402,33461056,434307918.0,1000000000.0,1000000000.0,43.4,,,
TREEUSDT,TREE,Speculative,,0.0342,286228.0154,-0.581,40.05056171320603,0.00011932604409968018,0.038498,0.05703250000000001,0.5711444110568897,0.49397590361445787,0.48493975903614456,0.27322837161724023,0.5016042975114515,0.03481388888888887,0.060449999999999976,double_top_90d|downtrend,0,2,baissier,365,0,0,30,,,17.0,28.0,79.0,47.0,0,36,23.42,-11,🔴 Sous-performe BTC,False,False,,0,,,,36,4,⚠️ Surveiller,Volume ×0.3 (épuisement)|Double sommet,,,,,,,54682069,$55M,-0.81
CYBERUSDT,CYBER,Speculative,827,0.291,258275.98981,-2.676,36.16378199481822,-0.00023575153181132347,0.3271,0.45776499999999953,0.4115701659351567,0.417004048582996,0.4109311740890689,0.3187229794648766,0.6194293919868131,0.30152777777777773,0.4510277777777778,macd_bearish_cross|double_top_90d|downtrend|doji_4h,0,3,baissier,365,0,0,30,,,17.0,28.0,79.0,47.0,0,36,23.42,-11,🔴 Sous-performe BTC,False,False,,0,,,,36,7,🔴 Sortie,Volume ×0.3 (épuisement)|Double sommet|MACD cross baissier,17802375,29148510,61074734.21333333,100000000.0,100000000.0,61.1,,,
UMAUSDT,UMA,Speculative,629,0.32,46710.9954,-1.235,36.484281408061406,-0.00024378934797657757,0.35710000000000003,0.42491999999999996,0.4387182162368592,0.3326359832635983,0.3284518828451882,0.1460834309507319,0.5439430691203759,0.3330277777777778,0.4471388888888888,macd_bearish_cross|double_top_90d|downtrend,0,3,baissier,365,0,0,30,,,17.0,28.0,79.0,47.0,0,36,23.42,-11,🔴 Sous-performe BTC,False,False,,0,,,,36,7,🔴 Sortie,Volume ×0.1 (épuisement)|Double sommet|MACD cross baissier,29020418,41449559,90632744.7257798,129449799.2613794,,70.0,,,
币安人生USDT,币安人生,Etabli,98,0.4704,5120241.3353,-1.652,31.566189592721614,-0.0018947326027606917,0.6249520000000001,0.38093450000000006,0.812163907413579,0.4252564728871519,0.4252564728871519,0.1159634088547809,0.00950009694670948,0.4540666666666666,0.7538222222222224,rsi_bullish_divergence|double_top_90d|downtrend,1,2,baissier,223,0,0,30,,,41.1,27.0,62.5,78.5,8.8,35,41.75,-12,🔴 Sous-performe BTC,False,False,,0,,,,35,5,⚠️ Surveiller,Volume ×0.1 (épuisement)|Double sommet,471630704,471630704,1000000000.0,1000000000.0,1000000000.0,100.0,,,
ALLOUSDT,ALLO,Mid,330,0.2752,84982989.84701,2.725,41.92858469940684,0.00048084565464556403,0.348456,0.20054400000000006,1.48559767763672,0.5149816354146529,0.46839358206069975,0.7654017697206406,-0.09185874038797437,0.14928333333333332,0.46900555555555556,double_top_90d|downtrend,0,2,baissier,280,0,0,30,,,28.7,45.0,43.0,78.5,0,35,33.76,-12,🔴 Sous-performe BTC,False,False,,0,,,,35,2,,Double sommet,67063710,215596181,245084519.82142845,787897076.5992581,1000000000.0,31.1,,,
KAIAUSDT,KAIA,Mid,187,0.0236,317954.88795,-3.673,22.535928107745008,-7.192417966152059e-05,0.030392000000000002,0.04407999999999999,0.5961668813899798,0.5631970260223048,0.5631970260223048,0.21354811608402824,0.6383401338568871,0.025986111111111113,0.04785555555555556,macd_bearish_cross|downtrend,0,2,baissier,365,0,0,30,,,31.0,10.0,65.5,47.0,3.1,35,30.15,-12,🔴 Sous-performe BTC,False,False,,0,,,,35,5,⚠️ Surveiller,Volume ×0.2 (épuisement)|MACD cross baissier,150512054,150523926,6395318416.373747,6395834075.525838,,100.0,,,
IOTAUSDT,IOTA,Mid,192,0.0323,281858.7254,0.938,38.9919286690673,-6.260716082366917e-07,0.035256,0.05293999999999996,0.4769511629940464,0.5137614678899082,0.5061162079510703,0.10679626916686599,0.6214598627595476,0.032897222222222224,0.05669166666666666,macd_bearish_cross|downtrend|doji_4h,0,2,baissier,365,0,0,30,,,31.0,28.0,65.5,47.0,3.1,35,32.31,-12,🔴 Sous-performe BTC,False,False,,0,,,,35,5,⚠️ Surveiller,Volume ×0.1 (épuisement)|MACD cross baissier,147969618,159939146,4587762421.0,4958874751.0,,92.5,,,
TFUELUSDT,TFUEL,Mid,392,0.00731,62569.58559,1.387,44.711520222345115,7.584184743471484e-06,0.007639400000000003,0.010725499999999994,0.35597350933419397,0.35267452402538535,0.33726201269265643,0.3554101422485824,0.7093543882036787,0.007279444444444445,0.010194722222222223,double_top_90d|downtrend,0,2,baissier,365,0,0,30,,,31.0,28.0,71.0,47.0,0,35,32.46,-12,🔴 Sous-performe BTC,False,False,,0,,,,35,4,⚠️ Surveiller,Volume ×0.4 (épuisement)|Double sommet,54288697,54295839,7434765925.0,7435744018.0,,100.0,,,
SYNUSDT,SYN,Speculative,707,0.10557,611164.025185,-0.047,40.94609875575687,0.005820104653166222,0.2185646,0.10395515000000005,2.336356547224493,0.8482966643009227,0.8127750177430801,0.033898130506539906,0.04958688984438423,0.039011111111111114,0.41908694444444444,downtrend,0,1,baissier,365,0,0,30,,,17.0,36.0,22.0,57.5,24.4,35,23.26,-12,🔴 Sous-performe BTC,False,False,,0,,,,35,2,,Volume ×0.0 (épuisement),23090452,26350959,219066529.0,250000000.0,250000000.0,87.6,11453204,$11M,-1.51
ARKMUSDT,ARKM,Mid,364,0.0893,234028.47651,-1.326,31.225460554945897,-1.559313675765419e-05,0.10391200000000003,0.115111,0.4806913884862904,0.42094990240728697,0.4183474300585557,0.22255398192102632,0.4551690998013288,0.09395555555555554,0.1419416666666667,macd_bearish_cross|downtrend,0,2,baissier,365,0,0,30,,,31.0,19.0,79.0,47.0,3.1,34,32.04,-13,🔴 Sous-performe BTC,False,False,,0,,,,34,5,⚠️ Surveiller,Volume ×0.2 (épuisement)|MACD cross baissier,60509235,89380004,676988499.0,1000000000.0,1000000000.0,67.7,,,
PARTIUSDT,PARTI,Speculative,,0.0229,820711.79909,0.0,34.451962057200774,0.0004439980922800995,0.031227999999999992,0.05975949999999999,0.6470734553229928,0.63915857605178,0.6294498381877023,0.17981211181591034,-0.12051407492248345,0.02371388888888888,0.05939444444444443,downtrend,0,1,baissier,365,0,0,30,,,17.0,19.0,49.0,57.5,24.4,34,22.84,-13,🔴 Sous-performe BTC,False,False,,0,,,,34,2,,Volume ×0.2 (épuisement),,,,,,,,,
VANAUSDT,VANA,Speculative,657,0.876,459648.32582,-1.794,37.489969357463096,0.010179950894663156,1.0606600000000002,1.318139999999999,0.7602854584099129,0.46098829648894674,0.43107932379713915,0.14006078626574148,0.3593107087384473,0.8666944444444443,1.423694444444445,macd_bullish_cross|bear_flag|downtrend,1,2,baissier,365,0,0,30,,,17.0,28.0,68.5,47.0,0,34,22.79,-13,🔴 Sous-performe BTC,False,False,,0,,,,34,2,,Volume ×0.1 (épuisement),26968714,105072913,30800000.0,120000000.0,120000000.0,25.7,,,
AUCTIONUSDT,AUCTION,Speculative,754,2.821,85552.60043,0.035,33.46196830724337,-0.0021978342401644396,3.1359000000000004,4.245675000000002,0.45082240423397535,0.40821052631578947,0.4061052631578947,0.06482392225596793,0.5616542604666258,2.920805555555556,4.467777777777779,macd_bearish_cross|downtrend,0,2,baissier,365,0,0,30,,,17.0,19.0,79.0,47.0,3.1,34,22.52,-13,🔴 Sous-performe BTC,False,False,,0,,,,34,5,⚠️ Surveiller,Volume ×0.1 (épuisement)|MACD cross baissier,20906546,21528147,7420409.148028981,7641035.648362741,10000000.0,97.1,,,
VTHOUSDT,VTHO,Speculative,578,0.000316,36704.786938,-0.315,34.731637884825105,-5.440395176060253e-07,0.0003508,0.00049561,0.34978176415092144,0.4450354609929078,0.43971631205673767,0.09973596194749652,0.5937587157513758,0.00032797222222222223,0.0004966111111111111,macd_bearish_cross|downtrend,0,2,baissier,365,0,0,30,,,17.0,19.0,79.0,47.0,3.1,34,22.52,-13,🔴 Sous-performe BTC,False,False,,0,,,,34,5,⚠️ Surveiller,Volume ×0.1 (épuisement)|MACD cross baissier,32284616,32294712,102268050176.0,102300029375.0,,100.0,,,
APTUSDT,APT,Mid,101,0.522,3053909.98845,-1.88,31.71431481184169,-0.005013676699033383,0.5936599999999999,0.8362199999999997,0.4434694472838453,0.46714579055441474,0.46406570841889117,0.3846478830040153,0.711021479734697,0.5590555555555554,0.9045277777777776,macd_bearish_cross|downtrend,0,2,baissier,365,0,0,30,,,31.0,19.0,71.0,68.0,3.1,33,33.24,-14,🔴 Sous-performe BTC,False,False,,0,,,,33,5,⚠️ Surveiller,Volume ×0.4 (épuisement)|MACD cross baissier,447833873,630481180,857553991.4685612,1207303992.864355,2100000000.0,71.0,,,
TIAUSDT,TIA,Mid,123,0.3023,1071148.913627,0.265,34.4691266918571,-0.0007941742689452982,0.3537299999999999,0.35446200000000005,0.45024556126601994,0.36465371621621623,0.3614864864864865,0.09555251895813038,0.4917274883253227,0.31037499999999996,0.426927777777778,death_cross|double_top_90d|downtrend|shooting_star_4h,0,4,baissier,365,0,0,30,,,31.0,19.0,79.0,68.0,0,33,33.54,-14,🔴 Sous-performe BTC,False,False,,0,,,,33,7,🔴 Sortie,Volume ×0.1 (épuisement)|Double sommet|Étoile filante 4h,289080715,355081029,956714104.728729,1175142481.529675,,81.4,,,
MANTRAUSDT,MANTRA,Speculative,652,0.00486,584919.47311,-1.42,32.47040249456636,-2.3923285697922535e-05,0.006028599999999998,,0.8114279058869937,0.5076452599388379,0.5056065239551477,0.13703305634078447,0.4391341954864804,0.005297500000000001,0.00885611111111111,macd_bearish_cross|downtrend,0,2,baissier,167,0,0,30,,,11.6,27.0,55.0,57.5,3.1,33,19.2,-14,🔴 Sous-performe BTC,False,False,,0,,,,33,5,⚠️ Surveiller,Volume ×0.1 (épuisement)|MACD cross baissier,27106223,36207863,5581998104.167889,7456354451.934453,10000000000.0,74.9,,,
MIRAUSDT,MIRA,Speculative,,0.0391,313097.37752,0.256,41.80977969597095,-0.0001634615236412668,0.042719999999999994,0.06980149999999999,0.9091436722270918,0.5354993983152827,0.5306859205776173,0.2146522893855621,0.5519735955527418,0.03995833333333332,0.0775222222222222,macd_bearish_cross|double_top_90d,0,2,baissier,326,0,0,30,,,15.9,28.0,55.0,47.0,0,32,21.25,-15,🔴 Sous-performe BTC,False,False,,0,,,,32,7,🔴 Sortie,Volume ×0.2 (épuisement)|Double sommet|MACD cross baissier,,,,,,,,,
GMTUSDT,GMT,Speculative,789,0.00622,214873.781331,0.323,30.981341358801473,-2.2252088960235367e-05,0.0070777999999999995,0.009849799999999997,0.4293757985988018,0.5168100078186083,0.5144644253322908,0.19123534182580915,0.4462490520536159,0.006535,0.010424999999999999,macd_bearish_cross|downtrend,0,2,baissier,365,0,0,30,,,17.0,19.0,65.5,47.0,3.1,32,21.71,-15,🔴 Sous-performe BTC,False,False,,0,,,,32,5,⚠️ Surveiller,Volume ×0.2 (épuisement)|MACD cross baissier,19339620,31537677,3111400155.0,5073850155.102167,6000000000.0,61.3,,,
PSGUSDT,PSG,Speculative,,0.479,176381.10622,-1.033,34.508220893307055,-0.0021297690791382377,0.5155,0.7077349999999997,0.2960527934406052,0.5785270629991127,0.5749778172138421,0.10705556010295754,0.3013486867050447,0.4942222222222222,0.9217777777777779,macd_bearish_cross|downtrend|morning_star_4h,1,2,baissier,365,0,0,30,,,17.0,19.0,65.5,47.0,3.1,32,21.71,-15,🔴 Sous-performe BTC,False,False,,0,,,,32,5,⚠️ Surveiller,Volume ×0.1 (épuisement)|MACD cross baissier,,,,,,,,,
SPKUSDT,SPK,Mid,450,0.01445,574216.748848,0.599,34.417952449644346,3.156373841230512e-05,0.01637673999999999,0.02219223499999999,0.4019669991205547,0.5239214884481701,0.5074286103727935,0.19985718923265303,0.434905411476265,0.014898722222222223,0.024850444444444442,macd_bullish_cross|downtrend|shooting_star_4h,1,2,baissier,365,0,0,30,,,31.0,19.0,65.5,57.5,0,31,31.89,-16,🔴 Sous-performe BTC,False,False,,0,,,,31,4,⚠️ Surveiller,Volume ×0.2 (épuisement)|Étoile filante 4h,44529926,144489996,3081869175.6779547,10000000000.0,10000000000.0,30.8,3835903268,$3.8B,2.49
BONKUSDT,BONK,Mid,154,2.35e-06,616975.17668088,0.858,33.22728961473902,2.0144628365242486e-08,3.246800000000001e-06,5.222099999999997e-06,0.8367552296174755,0.6432,0.624,0.1233376507957448,0.486707641068529,2.5447222222222224e-06,5.628888888888891e-06,macd_bullish_cross|double_top_90d|downtrend|doji_4h,1,2,baissier,365,0,0,30,,,31.0,19.0,55.0,57.5,0,30,31.26,-17,🔴 Sous-performe BTC,False,False,,0,,,,30,4,⚠️ Surveiller,Volume ×0.1 (épuisement)|Double sommet,206548766,206548766,87994588058777.42,87994588058777.42,87995282867000.55,100.0,10441792,$10M,-1.73
BABYUSDT,BABY,Mid,469,0.00978,600704.30629,1.981,34.36843371159294,-0.00017847943536714495,0.012275200000000003,0.014066050000000012,1.0223334429110482,0.5051229508196721,0.49897540983606553,0.26351269402120947,0.09353614304317602,0.010895833333333334,0.016656111111111108,macd_bearish_cross|downtrend|shooting_star_4h,0,3,baissier,365,0,0,30,,,31.0,19.0,43.0,57.5,0,28,30.54,-19,🔴 Sous-performe BTC,False,False,,0,,,,28,7,🔴 Sortie,Volume ×0.3 (épuisement)|Étoile filante 4h|MACD cross baissier,42019096,106583669,4308362377.98,10928410348.0,,39.4,2604995353,$2.6B,-2.13
EURIUSDT,EURI,Mid,500,1.1612,11650264.6161,0.346,67.36076290478252,0.00030643215513406633,1.1464580000000002,1.1603545,0.04403447536921188,0.06475374732334038,0.005224839400428261,5.545073832329809,0.1966554446287756,1.1337055555555557,1.1639111111111111,breakout_30d|resistance_test|squeeze_breakout,2,1,haussier,365,0,0,30,,,31.0,75.0,94.0,78.5,32.6,69,43.96,22,🟢 Surperforme BTC,False,True,,3,⚡ Volume ×5.5 vs médiane,,5.55,69,2,,Près du plus haut 90j (résistance),38466535,38466535,33139851.48990108,33139851.48990108,,100.0,,,
USDCUSDT,USDC,Etabli,5,1.0009,617531808.0638,-0.005,53.02453849205899,1.7273760732838338e-05,1.0007342,1.0004070000000003,0.0031085673310920535,0.0011187358285137893,0.00039948466478238666,0.22505378126917933,-0.2381737625032207,1.000301388888889,1.002506111111111,uptrend,1,0,haussier,365,0,0,30,,,45.0,73.0,94.0,78.5,50,67,54.28,20,🟢 Surperforme BTC,False,True,,0,,,,67,4,⚠️ Surveiller,Volume ×0.2 (épuisement)|Près du plus haut 90j (résistance),71773976413,71774011460,71802024522.37666,71801177539.1381,,100.0,,,
USDEUSDT,USDE,Etabli,23,1.0008,363184.9351,-0.01,53.987564650998586,-3.1411939317851434e-07,1.0004139999999995,0.9998789999999993,0.00274987101979393,0.0009996001599360265,0.00019980019980017782,0.19818681702923419,-0.12195443708627123,0.9982750000000004,1.0027416666666669,,0,0,neutre,343,0,0,30,,,44.4,73.0,94.0,47.0,50,67,51.35,20,🟢 Surperforme BTC,False,True,,0,,,,67,5,⚠️ Surveiller,Volume ×0.2 (épuisement)|Près du plus haut 90j (résistance),3956380677,3956562623,3957541011.184083,3957723010.632083,,100.0,9240079,$9M,-15.06
RLUSDUSDT,RLUSD,Etabli,43,1.001,16935591.2188,0.0,50.75354686454697,1.2843210710925415e-05,1.0009379999999999,1.0005445000000004,0.0032458518914193165,0.00129805292061915,0.0004992511233151941,0.2364727321901759,-0.25307510996948945,1.0004083333333325,1.0016361111111112,resistance_test,0,1,baissier,208,0,0,30,,,40.7,73.0,94.0,78.5,32.6,63,50.31,16,🟢 Surperforme BTC,False,True,,0,,,,63,4,⚠️ Surveiller,Volume ×0.2 (épuisement)|Près du plus haut 90j (résistance),1711660188,1711660188,1711264181.464783,1711264181.464783,,100.0,,,
KGSTUSDT,KGST,Speculative,,0.011441,74624.26498,-0.017,51.56484881430771,5.689214650368747e-07,0.011439440000000002,0.011415929999999994,0.03358815382922306,0.006113537117903984,0.000786026200873391,0.29773250956614244,0.10527152206325482,0.011386500000000004,0.011452166666666671,macd_bullish_cross|resistance_test,1,1,mixte,237,0,0,30,,,13.5,73.0,94.0,47.0,32.6,63,29.29,16,🟢 Surperforme BTC,False,True,,0,,,,63,4,⚠️ Surveiller,Volume ×0.3 (épuisement)|Près du plus haut 90j (résistance),,,,,,,,,
BFUSDUSDT,BFUSD,Etabli,53,0.9996,948838.5428,-0.04,54.365319407468704,2.945262076236362e-05,0.9992999999999996,0.999397,0.0039235531167374944,0.000900090009000912,0.000300030003000267,0.7704166685510897,0.06866099067410011,0.9988111111111105,0.9998777777777779,resistance_test|doji_4h,0,1,baissier,365,0,0,30,,,45.0,66.0,94.0,57.5,32.6,61,50.72,14,🟢 Surperforme BTC,False,True,,0,,,,61,2,,Près du plus haut 90j (résistance),1318465982,1318465982,1320000000.0,1320000000.0,,100.0,,,
USDPUSDT,USDP,Speculative,586,1.0001,23479.571,-0.07,46.72423332081303,-1.4726516503671566e-05,1.0004439999999999,1.0002555000000006,0.007508875394463512,0.001897533206831243,0.0011984420253671126,0.26463504546571637,-0.0199608959158206,0.9992972222222226,1.0020388888888891,,0,0,neutre,365,0,0,30,,,17.0,45.0,94.0,47.0,50,59,29.36,12,🟢 Surperforme BTC,False,True,,0,,,,59,5,⚠️ Surveiller,Volume ×0.3 (épuisement)|Près du plus haut 90j (résistance),31928308,31928308,31954025.96069443,31954025.96069443,,100.0,,,
USD1USDT,USD1,Etabli,22,1.00003,60656678.12552,-0.011,48.8835341950515,-2.9444999792794735e-05,0.9999437999999995,0.9999378999999996,0.002784612687157117,0.0016281927060961426,0.001068813616885162,0.18050384357253452,-0.15500576138351743,0.9993374999999999,1.000845277777778,macd_bearish_cross|support_bounce|resistance_test|uptrend,2,2,mixte,365,0,0,30,,,45.0,73.0,94.0,78.5,14.1,58,52.13,11,🟢 Surperforme BTC,False,True,,0,,,,58,7,🔴 Sortie,Volume ×0.2 (épuisement)|Près du plus haut 90j (résistance)|MACD cross baissier,4007500614,4007500614,4010431011.120952,4010431011.120952,,100.0,,,
TUSDUSDT,TUSD,Etabli,97,0.999,10241.7361,-0.01,64.2169120039475,0.0003833914029520134,0.9977240000000002,0.9989549999999996,0.009308988194077383,0.0040000000000000036,0.0010000000000000009,0.06493749707383305,-0.0516810999638285,0.9961527777777781,0.9999805555555557,resistance_test|uptrend,1,1,mixte,365,0,0,30,,,45.0,57.0,94.0,47.0,32.6,58,48.8,11,🟢 Surperforme BTC,False,True,,0,,,,58,4,⚠️ Surveiller,Volume ×0.1 (épuisement)|Près du plus haut 90j (résistance),493643460,493643460,494515083.0,494515083.0,,100.0,,,
XUSDUSDT,XUSD,Mid,447,1.0011,545858.0501,-0.01,52.73695165758619,4.189069606939945e-05,1.000916,1.0005239999999997,0.004677197964602497,0.001198322348711893,0.000399400898651978,0.17306876477809602,-0.09334478871455738,1.0004305555555548,1.0024749999999996,macd_bullish_cross|downtrend|evening_star_4h,1,2,baissier,365,0,0,30,,,31.0,73.0,94.0,57.5,1.7,55,40.18,8,🟢 Surperforme BTC,False,True,,0,,,,55,6,⚠️ Surveiller,Volume ×0.2 (épuisement)|Près du plus haut 90j (résistance)|Étoile du soir 4h,45197372,45197372,45182309.341,45182309.341,,100.0,,,
USDSUSDT,USDS,Etabli,11,1.0008,72254.5798,-0.01,51.13346657338626,1.725594233994382e-05,1.00074,,0.0028333022452693623,0.001198561725928975,0.0004993508439030929,0.13880679828272136,-0.20304053749147083,1.0002694444444442,1.001630555555556,macd_bullish_cross|resistance_test,1,1,mixte,131,0,0,30,,,38.6,45.0,94.0,47.0,32.6,54,43.0,7,≈ Neutre vs BTC,False,True,,0,,,,54,4,⚠️ Surveiller,Volume ×0.1 (épuisement)|Près du plus haut 90j (résistance),9797460354,9796297815,9796219808.574778,9795155353.824003,,100.0,,,
FDUSDUSDT,FDUSD,Mid,113,0.9978,4620926.4664,0.0,45.87667161100039,-1.7247349876789507e-05,0.998116,0.9988650000000001,0.005594074020848822,0.0020010005002501267,0.001600800400200146,0.11216791944800462,0.4728354043620893,0.997619444444445,0.9994555555555557,support_bounce|resistance_test|doji_4h,1,1,mixte,365,0,0,30,,,31.0,37.0,100.0,68.0,35.4,54,39.09,7,≈ Neutre vs BTC,False,True,,0,,,,54,5,⚠️ Surveiller,Volume ×0.1 (épuisement)|Près du plus haut 90j (résistance),350709742,350709742,351747721.359694,351747721.359694,,100.0,,,
FRAXUSDT,FRAX,Mid,145,0.2851,36180.74278,-0.419,50.82755795599102,-0.001958650862023164,0.26675,0.4307295000000002,0.7688008065768462,0.47718978102189785,0.34968065693430656,0.06412574106319736,0.48997030956464643,0.23927222222222222,0.39261111111111113,macd_bearish_cross|uptrend,1,1,mixte,215,0,0,30,,,26.9,57.0,68.5,47.0,28.7,53,34.72,6,≈ Neutre vs BTC,False,True,,0,,,,53,5,⚠️ Surveiller,Volume ×0.1 (épuisement)|MACD cross baissier,217472612,217472612,219320045.8726003,219320045.8726003,,100.0,44928516,$45M,-1.18
EURUSDT,EUR,Speculative,,1.1618,6791255.59827,0.38,68.6336864857623,0.0003383777074640027,1.1473079999999996,1.1609034999999996,0.04445794265515513,0.025869453486379992,0.004711324310433493,0.18354041651030023,0.4631368744865276,1.1391833333333332,1.164172222222222,resistance_test,0,1,baissier,365,0,0,30,,,17.0,48.0,100.0,78.5,32.6,53,31.56,6,≈ Neutre vs BTC,False,True,,0,,,,53,4,⚠️ Surveiller,Volume ×0.2 (épuisement)|Près du plus haut 90j (résistance),,,,,,,,,
UUSDT,U,Etabli,57,1.0003,19546919.4861,-0.01,46.55678600091823,2.165713899519018e-05,1.000532,1.0003469999999997,0.0031055695379996174,0.0012981825444378658,0.0010984621529859205,0.4346911294447606,-0.12384310985812538,1.000163888888889,1.0012972222222227,macd_bullish_cross|resistance_test|evening_star_4h,1,2,baissier,217,0,0,30,,,40.9,45.0,94.0,78.5,10.0,49,45.76,2,≈ Neutre vs BTC,False,True,,0,,,,49,6,⚠️ Surveiller,Volume ×0.4 (épuisement)|Près du plus haut 90j (résistance)|Étoile du soir 4h,1244193861,1245193294,1244899207.8,1245899207.8,,99.9,,,
